{
  "config": {
    "snr_bins": [
      0,
      2,
      4,
      6,
      8,
      10,
      12,
      14,
      16,
      18
    ],
    "samples_per_mod": 400,
    "mods": [
      "BPSK",
      "QPSK",
      "QAM16",
      "QAM64"
    ],
    "cw_steps": 50,
    "cw_c": 1.0,
    "energy_fracs": [
      0.9,
      0.95
    ]
  },
  "ks_stats": {
    "0.9": {
      "mean_k": 1.3721875,
      "min_k": 1,
      "max_k": 30
    },
    "0.95": {
      "mean_k": 4.0896875,
      "min_k": 1,
      "max_k": 49
    }
  },
  "overall": {
    "clean": 95.43750286102295,
    "adv": 4.749999940395355,
    "rec_90": 0.3125000046566129,
    "rec_95": 14.749999344348907
  },
  "per_mod": {
    "BPSK": {
      "clean": 98.00000190734863,
      "adv": 18.000000715255737,
      "rec_90": 0.24999999441206455,
      "rec_95": 0.7499999832361937
    },
    "QPSK": {
      "clean": 97.00000286102295,
      "adv": 0.4999999888241291,
      "rec_90": 0.0,
      "rec_95": 0.0
    },
    "QAM16": {
      "clean": 93.50000023841858,
      "adv": 0.0,
      "rec_90": 0.24999999441206455,
      "rec_95": 40.99999964237213
    },
    "QAM64": {
      "clean": 93.25000047683716,
      "adv": 0.4999999888241291,
      "rec_90": 0.7499999832361937,
      "rec_95": 17.249999940395355
    }
  },
  "figures": {
    "iq": "cw_analysis/energy_keep_iq.png",
    "freq": "cw_analysis/energy_keep_freq.png"
  }
}