attack,param_name,param_value,snr,defense,accuracy,n_samples
fgsm,eps,0.01,0,no_defense,0.6359090909090909,2200
fgsm,eps,0.01,0,adaptive_k_v2_snr,0.6972727272727273,2200
fgsm,eps,0.01,0,adaptive_k,0.66,2200
fgsm,eps,0.01,0,spectral_gated,0.6809090909090909,2200
fgsm,eps,0.01,0,kalman,0.6559090909090909,2200
fgsm,eps,0.01,0,wiener,0.5895454545454546,2200
fgsm,eps,0.01,0,savitzky_golay,0.6836363636363636,2200
fgsm,eps,0.01,0,gaussian,0.6763636363636364,2200
fgsm,eps,0.01,0,fir,0.4940909090909091,2200
fgsm,eps,0.01,0,rand_smooth,0.2359090909090909,2200
fgsm,eps,0.01,2,no_defense,0.72,2200
fgsm,eps,0.01,2,adaptive_k_v2_snr,0.7563636363636363,2200
fgsm,eps,0.01,2,adaptive_k,0.7527272727272727,2200
fgsm,eps,0.01,2,spectral_gated,0.7472727272727273,2200
fgsm,eps,0.01,2,kalman,0.6954545454545454,2200
fgsm,eps,0.01,2,wiener,0.6868181818181818,2200
fgsm,eps,0.01,2,savitzky_golay,0.6631818181818182,2200
fgsm,eps,0.01,2,gaussian,0.6818181818181818,2200
fgsm,eps,0.01,2,fir,0.6804545454545454,2200
fgsm,eps,0.01,2,rand_smooth,0.25045454545454543,2200
fgsm,eps,0.01,4,no_defense,0.7431818181818182,2200
fgsm,eps,0.01,4,adaptive_k_v2_snr,0.769090909090909,2200
fgsm,eps,0.01,4,adaptive_k,0.7627272727272727,2200
fgsm,eps,0.01,4,spectral_gated,0.7622727272727273,2200
fgsm,eps,0.01,4,kalman,0.7377272727272727,2200
fgsm,eps,0.01,4,wiener,0.7095454545454546,2200
fgsm,eps,0.01,4,savitzky_golay,0.7077272727272728,2200
fgsm,eps,0.01,4,gaussian,0.7104545454545454,2200
fgsm,eps,0.01,4,fir,0.7159090909090909,2200
fgsm,eps,0.01,4,rand_smooth,0.24863636363636363,2200
fgsm,eps,0.01,6,no_defense,0.7704545454545455,2200
fgsm,eps,0.01,6,adaptive_k_v2_snr,0.7881818181818182,2200
fgsm,eps,0.01,6,adaptive_k,0.7854545454545454,2200
fgsm,eps,0.01,6,spectral_gated,0.7777272727272727,2200
fgsm,eps,0.01,6,kalman,0.7509090909090909,2200
fgsm,eps,0.01,6,wiener,0.73,2200
fgsm,eps,0.01,6,savitzky_golay,0.735909090909091,2200
fgsm,eps,0.01,6,gaussian,0.7290909090909091,2200
fgsm,eps,0.01,6,fir,0.7209090909090909,2200
fgsm,eps,0.01,6,rand_smooth,0.25363636363636366,2200
fgsm,eps,0.01,8,no_defense,0.7686363636363637,2200
fgsm,eps,0.01,8,adaptive_k_v2_snr,0.7795454545454545,2200
fgsm,eps,0.01,8,adaptive_k,0.7804545454545454,2200
fgsm,eps,0.01,8,spectral_gated,0.7713636363636364,2200
fgsm,eps,0.01,8,kalman,0.7440909090909091,2200
fgsm,eps,0.01,8,wiener,0.7272727272727273,2200
fgsm,eps,0.01,8,savitzky_golay,0.7363636363636363,2200
fgsm,eps,0.01,8,gaussian,0.7304545454545455,2200
fgsm,eps,0.01,8,fir,0.7354545454545455,2200
fgsm,eps,0.01,8,rand_smooth,0.24454545454545454,2200
fgsm,eps,0.01,10,no_defense,0.7909090909090909,2200
fgsm,eps,0.01,10,adaptive_k_v2_snr,0.8054545454545454,2200
fgsm,eps,0.01,10,adaptive_k,0.8054545454545454,2200
fgsm,eps,0.01,10,spectral_gated,0.7945454545454546,2200
fgsm,eps,0.01,10,kalman,0.8018181818181818,2200
fgsm,eps,0.01,10,wiener,0.7513636363636363,2200
fgsm,eps,0.01,10,savitzky_golay,0.7554545454545455,2200
fgsm,eps,0.01,10,gaussian,0.805,2200
fgsm,eps,0.01,10,fir,0.7622727272727273,2200
fgsm,eps,0.01,10,rand_smooth,0.2545454545454545,2200
fgsm,eps,0.01,12,no_defense,0.7895454545454546,2200
fgsm,eps,0.01,12,adaptive_k_v2_snr,0.7995454545454546,2200
fgsm,eps,0.01,12,adaptive_k,0.7977272727272727,2200
fgsm,eps,0.01,12,spectral_gated,0.7931818181818182,2200
fgsm,eps,0.01,12,kalman,0.7804545454545454,2200
fgsm,eps,0.01,12,wiener,0.7531818181818182,2200
fgsm,eps,0.01,12,savitzky_golay,0.7486363636363637,2200
fgsm,eps,0.01,12,gaussian,0.8068181818181818,2200
fgsm,eps,0.01,12,fir,0.735,2200
fgsm,eps,0.01,12,rand_smooth,0.265,2200
fgsm,eps,0.01,14,no_defense,0.7868181818181819,2200
fgsm,eps,0.01,14,adaptive_k_v2_snr,0.7927272727272727,2200
fgsm,eps,0.01,14,adaptive_k,0.7931818181818182,2200
fgsm,eps,0.01,14,spectral_gated,0.7881818181818182,2200
fgsm,eps,0.01,14,kalman,0.7695454545454545,2200
fgsm,eps,0.01,14,wiener,0.7372727272727273,2200
fgsm,eps,0.01,14,savitzky_golay,0.7418181818181818,2200
fgsm,eps,0.01,14,gaussian,0.7963636363636364,2200
fgsm,eps,0.01,14,fir,0.7440909090909091,2200
fgsm,eps,0.01,14,rand_smooth,0.25,2200
fgsm,eps,0.01,16,no_defense,0.7922727272727272,2200
fgsm,eps,0.01,16,adaptive_k_v2_snr,0.7995454545454546,2200
fgsm,eps,0.01,16,adaptive_k,0.7986363636363636,2200
fgsm,eps,0.01,16,spectral_gated,0.7968181818181819,2200
fgsm,eps,0.01,16,kalman,0.8059090909090909,2200
fgsm,eps,0.01,16,wiener,0.7481818181818182,2200
fgsm,eps,0.01,16,savitzky_golay,0.7527272727272727,2200
fgsm,eps,0.01,16,gaussian,0.8095454545454546,2200
fgsm,eps,0.01,16,fir,0.76,2200
fgsm,eps,0.01,16,rand_smooth,0.25681818181818183,2200
fgsm,eps,0.01,18,no_defense,0.7927272727272727,2200
fgsm,eps,0.01,18,adaptive_k_v2_snr,0.8013636363636364,2200
fgsm,eps,0.01,18,adaptive_k,0.7981818181818182,2200
fgsm,eps,0.01,18,spectral_gated,0.8,2200
fgsm,eps,0.01,18,kalman,0.775,2200
fgsm,eps,0.01,18,wiener,0.7431818181818182,2200
fgsm,eps,0.01,18,savitzky_golay,0.7427272727272727,2200
fgsm,eps,0.01,18,gaussian,0.8063636363636364,2200
fgsm,eps,0.01,18,fir,0.7559090909090909,2200
fgsm,eps,0.01,18,rand_smooth,0.25727272727272726,2200
pgd,eps,0.01,0,no_defense,0.595,2200
pgd,eps,0.01,0,adaptive_k_v2_snr,0.6763636363636364,2200
pgd,eps,0.01,0,adaptive_k,0.6290909090909091,2200
pgd,eps,0.01,0,spectral_gated,0.6572727272727272,2200
pgd,eps,0.01,0,kalman,0.6509090909090909,2200
pgd,eps,0.01,0,wiener,0.5845454545454546,2200
pgd,eps,0.01,0,savitzky_golay,0.6663636363636364,2200
pgd,eps,0.01,0,gaussian,0.6536363636363637,2200
pgd,eps,0.01,0,fir,0.4959090909090909,2200
pgd,eps,0.01,0,rand_smooth,0.23727272727272727,2200
pgd,eps,0.01,2,no_defense,0.6859090909090909,2200
pgd,eps,0.01,2,adaptive_k_v2_snr,0.740909090909091,2200
pgd,eps,0.01,2,adaptive_k,0.7263636363636363,2200
pgd,eps,0.01,2,spectral_gated,0.7186363636363636,2200
pgd,eps,0.01,2,kalman,0.6940909090909091,2200
pgd,eps,0.01,2,wiener,0.6731818181818182,2200
pgd,eps,0.01,2,savitzky_golay,0.6640909090909091,2200
pgd,eps,0.01,2,gaussian,0.6736363636363636,2200
pgd,eps,0.01,2,fir,0.6681818181818182,2200
pgd,eps,0.01,2,rand_smooth,0.25636363636363635,2200
pgd,eps,0.01,4,no_defense,0.7159090909090909,2200
pgd,eps,0.01,4,adaptive_k_v2_snr,0.7518181818181818,2200
pgd,eps,0.01,4,adaptive_k,0.7472727272727273,2200
pgd,eps,0.01,4,spectral_gated,0.740909090909091,2200
pgd,eps,0.01,4,kalman,0.7227272727272728,2200
pgd,eps,0.01,4,wiener,0.7027272727272728,2200
pgd,eps,0.01,4,savitzky_golay,0.7045454545454546,2200
pgd,eps,0.01,4,gaussian,0.7013636363636364,2200
pgd,eps,0.01,4,fir,0.7068181818181818,2200
pgd,eps,0.01,4,rand_smooth,0.24545454545454545,2200
pgd,eps,0.01,6,no_defense,0.7472727272727273,2200
pgd,eps,0.01,6,adaptive_k_v2_snr,0.7695454545454545,2200
pgd,eps,0.01,6,adaptive_k,0.769090909090909,2200
pgd,eps,0.01,6,spectral_gated,0.7545454545454545,2200
pgd,eps,0.01,6,kalman,0.7490909090909091,2200
pgd,eps,0.01,6,wiener,0.7227272727272728,2200
pgd,eps,0.01,6,savitzky_golay,0.7313636363636363,2200
pgd,eps,0.01,6,gaussian,0.7213636363636363,2200
pgd,eps,0.01,6,fir,0.7172727272727273,2200
pgd,eps,0.01,6,rand_smooth,0.2609090909090909,2200
pgd,eps,0.01,8,no_defense,0.7463636363636363,2200
pgd,eps,0.01,8,adaptive_k_v2_snr,0.7618181818181818,2200
pgd,eps,0.01,8,adaptive_k,0.7604545454545455,2200
pgd,eps,0.01,8,spectral_gated,0.7518181818181818,2200
pgd,eps,0.01,8,kalman,0.7372727272727273,2200
pgd,eps,0.01,8,wiener,0.7190909090909091,2200
pgd,eps,0.01,8,savitzky_golay,0.7295454545454545,2200
pgd,eps,0.01,8,gaussian,0.7209090909090909,2200
pgd,eps,0.01,8,fir,0.7272727272727273,2200
pgd,eps,0.01,8,rand_smooth,0.24954545454545454,2200
pgd,eps,0.01,10,no_defense,0.7668181818181818,2200
pgd,eps,0.01,10,adaptive_k_v2_snr,0.7872727272727272,2200
pgd,eps,0.01,10,adaptive_k,0.7854545454545454,2200
pgd,eps,0.01,10,spectral_gated,0.774090909090909,2200
pgd,eps,0.01,10,kalman,0.7827272727272727,2200
pgd,eps,0.01,10,wiener,0.7368181818181818,2200
pgd,eps,0.01,10,savitzky_golay,0.7486363636363637,2200
pgd,eps,0.01,10,gaussian,0.7877272727272727,2200
pgd,eps,0.01,10,fir,0.759090909090909,2200
pgd,eps,0.01,10,rand_smooth,0.25772727272727275,2200
pgd,eps,0.01,12,no_defense,0.76,2200
pgd,eps,0.01,12,adaptive_k_v2_snr,0.7827272727272727,2200
pgd,eps,0.01,12,adaptive_k,0.7781818181818182,2200
pgd,eps,0.01,12,spectral_gated,0.77,2200
pgd,eps,0.01,12,kalman,0.7704545454545455,2200
pgd,eps,0.01,12,wiener,0.74,2200
pgd,eps,0.01,12,savitzky_golay,0.7436363636363637,2200
pgd,eps,0.01,12,gaussian,0.7890909090909091,2200
pgd,eps,0.01,12,fir,0.730909090909091,2200
pgd,eps,0.01,12,rand_smooth,0.26681818181818184,2200
pgd,eps,0.01,14,no_defense,0.7622727272727273,2200
pgd,eps,0.01,14,adaptive_k_v2_snr,0.7745454545454545,2200
pgd,eps,0.01,14,adaptive_k,0.7713636363636364,2200
pgd,eps,0.01,14,spectral_gated,0.7695454545454545,2200
pgd,eps,0.01,14,kalman,0.7627272727272727,2200
pgd,eps,0.01,14,wiener,0.7304545454545455,2200
pgd,eps,0.01,14,savitzky_golay,0.7386363636363636,2200
pgd,eps,0.01,14,gaussian,0.7768181818181819,2200
pgd,eps,0.01,14,fir,0.7354545454545455,2200
pgd,eps,0.01,14,rand_smooth,0.25045454545454543,2200
pgd,eps,0.01,16,no_defense,0.7709090909090909,2200
pgd,eps,0.01,16,adaptive_k_v2_snr,0.78,2200
pgd,eps,0.01,16,adaptive_k,0.7790909090909091,2200
pgd,eps,0.01,16,spectral_gated,0.7763636363636364,2200
pgd,eps,0.01,16,kalman,0.7909090909090909,2200
pgd,eps,0.01,16,wiener,0.740909090909091,2200
pgd,eps,0.01,16,savitzky_golay,0.7490909090909091,2200
pgd,eps,0.01,16,gaussian,0.795,2200
pgd,eps,0.01,16,fir,0.7586363636363637,2200
pgd,eps,0.01,16,rand_smooth,0.26136363636363635,2200
pgd,eps,0.01,18,no_defense,0.7718181818181818,2200
pgd,eps,0.01,18,adaptive_k_v2_snr,0.7822727272727272,2200
pgd,eps,0.01,18,adaptive_k,0.7809090909090909,2200
pgd,eps,0.01,18,spectral_gated,0.7754545454545455,2200
pgd,eps,0.01,18,kalman,0.7695454545454545,2200
pgd,eps,0.01,18,wiener,0.7327272727272728,2200
pgd,eps,0.01,18,savitzky_golay,0.7395454545454545,2200
pgd,eps,0.01,18,gaussian,0.7854545454545454,2200
pgd,eps,0.01,18,fir,0.7527272727272727,2200
pgd,eps,0.01,18,rand_smooth,0.2545454545454545,2200
fgsm,eps,0.03,0,no_defense,0.3654545454545455,2200
fgsm,eps,0.03,0,adaptive_k_v2_snr,0.41045454545454546,2200
fgsm,eps,0.03,0,adaptive_k,0.37681818181818183,2200
fgsm,eps,0.03,0,spectral_gated,0.3840909090909091,2200
fgsm,eps,0.03,0,kalman,0.3740909090909091,2200
fgsm,eps,0.03,0,wiener,0.3527272727272727,2200
fgsm,eps,0.03,0,savitzky_golay,0.40136363636363637,2200
fgsm,eps,0.03,0,gaussian,0.36,2200
fgsm,eps,0.03,0,fir,0.32,2200
fgsm,eps,0.03,0,rand_smooth,0.22636363636363635,2200
fgsm,eps,0.03,2,no_defense,0.48409090909090907,2200
fgsm,eps,0.03,2,adaptive_k_v2_snr,0.5290909090909091,2200
fgsm,eps,0.03,2,adaptive_k,0.5272727272727272,2200
fgsm,eps,0.03,2,spectral_gated,0.4968181818181818,2200
fgsm,eps,0.03,2,kalman,0.4863636363636364,2200
fgsm,eps,0.03,2,wiener,0.46954545454545454,2200
fgsm,eps,0.03,2,savitzky_golay,0.4490909090909091,2200
fgsm,eps,0.03,2,gaussian,0.45590909090909093,2200
fgsm,eps,0.03,2,fir,0.4531818181818182,2200
fgsm,eps,0.03,2,rand_smooth,0.2540909090909091,2200
fgsm,eps,0.03,4,no_defense,0.5413636363636364,2200
fgsm,eps,0.03,4,adaptive_k_v2_snr,0.5972727272727273,2200
fgsm,eps,0.03,4,adaptive_k,0.5972727272727273,2200
fgsm,eps,0.03,4,spectral_gated,0.5631818181818182,2200
fgsm,eps,0.03,4,kalman,0.5459090909090909,2200
fgsm,eps,0.03,4,wiener,0.5381818181818182,2200
fgsm,eps,0.03,4,savitzky_golay,0.5254545454545455,2200
fgsm,eps,0.03,4,gaussian,0.5281818181818182,2200
fgsm,eps,0.03,4,fir,0.5327272727272727,2200
fgsm,eps,0.03,4,rand_smooth,0.24636363636363637,2200
fgsm,eps,0.03,6,no_defense,0.5904545454545455,2200
fgsm,eps,0.03,6,adaptive_k_v2_snr,0.6231818181818182,2200
fgsm,eps,0.03,6,adaptive_k,0.6231818181818182,2200
fgsm,eps,0.03,6,spectral_gated,0.6022727272727273,2200
fgsm,eps,0.03,6,kalman,0.5922727272727273,2200
fgsm,eps,0.03,6,wiener,0.5781818181818181,2200
fgsm,eps,0.03,6,savitzky_golay,0.5759090909090909,2200
fgsm,eps,0.03,6,gaussian,0.575,2200
fgsm,eps,0.03,6,fir,0.5590909090909091,2200
fgsm,eps,0.03,6,rand_smooth,0.25772727272727275,2200
fgsm,eps,0.03,8,no_defense,0.6,2200
fgsm,eps,0.03,8,adaptive_k_v2_snr,0.6218181818181818,2200
fgsm,eps,0.03,8,adaptive_k,0.6227272727272727,2200
fgsm,eps,0.03,8,spectral_gated,0.6068181818181818,2200
fgsm,eps,0.03,8,kalman,0.5990909090909091,2200
fgsm,eps,0.03,8,wiener,0.5936363636363636,2200
fgsm,eps,0.03,8,savitzky_golay,0.5963636363636363,2200
fgsm,eps,0.03,8,gaussian,0.5886363636363636,2200
fgsm,eps,0.03,8,fir,0.5977272727272728,2200
fgsm,eps,0.03,8,rand_smooth,0.24454545454545454,2200
fgsm,eps,0.03,10,no_defense,0.6195454545454545,2200
fgsm,eps,0.03,10,adaptive_k_v2_snr,0.6395454545454545,2200
fgsm,eps,0.03,10,adaptive_k,0.6386363636363637,2200
fgsm,eps,0.03,10,spectral_gated,0.6209090909090909,2200
fgsm,eps,0.03,10,kalman,0.6222727272727273,2200
fgsm,eps,0.03,10,wiener,0.605,2200
fgsm,eps,0.03,10,savitzky_golay,0.5981818181818181,2200
fgsm,eps,0.03,10,gaussian,0.6259090909090909,2200
fgsm,eps,0.03,10,fir,0.634090909090909,2200
fgsm,eps,0.03,10,rand_smooth,0.25181818181818183,2200
fgsm,eps,0.03,12,no_defense,0.6086363636363636,2200
fgsm,eps,0.03,12,adaptive_k_v2_snr,0.63,2200
fgsm,eps,0.03,12,adaptive_k,0.6281818181818182,2200
fgsm,eps,0.03,12,spectral_gated,0.615909090909091,2200
fgsm,eps,0.03,12,kalman,0.6213636363636363,2200
fgsm,eps,0.03,12,wiener,0.600909090909091,2200
fgsm,eps,0.03,12,savitzky_golay,0.5963636363636363,2200
fgsm,eps,0.03,12,gaussian,0.6181818181818182,2200
fgsm,eps,0.03,12,fir,0.595,2200
fgsm,eps,0.03,12,rand_smooth,0.2636363636363636,2200
fgsm,eps,0.03,14,no_defense,0.6186363636363637,2200
fgsm,eps,0.03,14,adaptive_k_v2_snr,0.6427272727272727,2200
fgsm,eps,0.03,14,adaptive_k,0.6372727272727273,2200
fgsm,eps,0.03,14,spectral_gated,0.6318181818181818,2200
fgsm,eps,0.03,14,kalman,0.6263636363636363,2200
fgsm,eps,0.03,14,wiener,0.6077272727272728,2200
fgsm,eps,0.03,14,savitzky_golay,0.5945454545454546,2200
fgsm,eps,0.03,14,gaussian,0.6295454545454545,2200
fgsm,eps,0.03,14,fir,0.6172727272727273,2200
fgsm,eps,0.03,14,rand_smooth,0.25045454545454543,2200
fgsm,eps,0.03,16,no_defense,0.62,2200
fgsm,eps,0.03,16,adaptive_k_v2_snr,0.6386363636363637,2200
fgsm,eps,0.03,16,adaptive_k,0.6381818181818182,2200
fgsm,eps,0.03,16,spectral_gated,0.6263636363636363,2200
fgsm,eps,0.03,16,kalman,0.6295454545454545,2200
fgsm,eps,0.03,16,wiener,0.6127272727272727,2200
fgsm,eps,0.03,16,savitzky_golay,0.6077272727272728,2200
fgsm,eps,0.03,16,gaussian,0.635,2200
fgsm,eps,0.03,16,fir,0.6381818181818182,2200
fgsm,eps,0.03,16,rand_smooth,0.2590909090909091,2200
fgsm,eps,0.03,18,no_defense,0.6345454545454545,2200
fgsm,eps,0.03,18,adaptive_k_v2_snr,0.65,2200
fgsm,eps,0.03,18,adaptive_k,0.645,2200
fgsm,eps,0.03,18,spectral_gated,0.639090909090909,2200
fgsm,eps,0.03,18,kalman,0.6336363636363637,2200
fgsm,eps,0.03,18,wiener,0.6163636363636363,2200
fgsm,eps,0.03,18,savitzky_golay,0.6081818181818182,2200
fgsm,eps,0.03,18,gaussian,0.6463636363636364,2200
fgsm,eps,0.03,18,fir,0.6363636363636364,2200
fgsm,eps,0.03,18,rand_smooth,0.25045454545454543,2200
pgd,eps,0.03,0,no_defense,0.20863636363636365,2200
pgd,eps,0.03,0,adaptive_k_v2_snr,0.325,2200
pgd,eps,0.03,0,adaptive_k,0.2340909090909091,2200
pgd,eps,0.03,0,spectral_gated,0.29045454545454547,2200
pgd,eps,0.03,0,kalman,0.28954545454545455,2200
pgd,eps,0.03,0,wiener,0.31,2200
pgd,eps,0.03,0,savitzky_golay,0.31545454545454543,2200
pgd,eps,0.03,0,gaussian,0.2390909090909091,2200
pgd,eps,0.03,0,fir,0.29772727272727273,2200
pgd,eps,0.03,0,rand_smooth,0.23272727272727273,2200
pgd,eps,0.03,2,no_defense,0.33090909090909093,2200
pgd,eps,0.03,2,adaptive_k_v2_snr,0.4440909090909091,2200
pgd,eps,0.03,2,adaptive_k,0.3986363636363636,2200
pgd,eps,0.03,2,spectral_gated,0.385,2200
pgd,eps,0.03,2,kalman,0.4177272727272727,2200
pgd,eps,0.03,2,wiener,0.38136363636363635,2200
pgd,eps,0.03,2,savitzky_golay,0.3940909090909091,2200
pgd,eps,0.03,2,gaussian,0.3740909090909091,2200
pgd,eps,0.03,2,fir,0.3886363636363636,2200
pgd,eps,0.03,2,rand_smooth,0.25227272727272726,2200
pgd,eps,0.03,4,no_defense,0.39590909090909093,2200
pgd,eps,0.03,4,adaptive_k_v2_snr,0.5127272727272727,2200
pgd,eps,0.03,4,adaptive_k,0.49454545454545457,2200
pgd,eps,0.03,4,spectral_gated,0.44772727272727275,2200
pgd,eps,0.03,4,kalman,0.4577272727272727,2200
pgd,eps,0.03,4,wiener,0.44,2200
pgd,eps,0.03,4,savitzky_golay,0.4590909090909091,2200
pgd,eps,0.03,4,gaussian,0.43136363636363634,2200
pgd,eps,0.03,4,fir,0.45136363636363636,2200
pgd,eps,0.03,4,rand_smooth,0.24181818181818182,2200
pgd,eps,0.03,6,no_defense,0.4340909090909091,2200
pgd,eps,0.03,6,adaptive_k_v2_snr,0.5372727272727272,2200
pgd,eps,0.03,6,adaptive_k,0.525,2200
pgd,eps,0.03,6,spectral_gated,0.4731818181818182,2200
pgd,eps,0.03,6,kalman,0.505,2200
pgd,eps,0.03,6,wiener,0.4781818181818182,2200
pgd,eps,0.03,6,savitzky_golay,0.49727272727272726,2200
pgd,eps,0.03,6,gaussian,0.4759090909090909,2200
pgd,eps,0.03,6,fir,0.5113636363636364,2200
pgd,eps,0.03,6,rand_smooth,0.25545454545454543,2200
pgd,eps,0.03,8,no_defense,0.4640909090909091,2200
pgd,eps,0.03,8,adaptive_k_v2_snr,0.545,2200
pgd,eps,0.03,8,adaptive_k,0.5413636363636364,2200
pgd,eps,0.03,8,spectral_gated,0.48818181818181816,2200
pgd,eps,0.03,8,kalman,0.5227272727272727,2200
pgd,eps,0.03,8,wiener,0.495,2200
pgd,eps,0.03,8,savitzky_golay,0.515,2200
pgd,eps,0.03,8,gaussian,0.49,2200
pgd,eps,0.03,8,fir,0.5045454545454545,2200
pgd,eps,0.03,8,rand_smooth,0.23636363636363636,2200
pgd,eps,0.03,10,no_defense,0.48045454545454547,2200
pgd,eps,0.03,10,adaptive_k_v2_snr,0.5577272727272727,2200
pgd,eps,0.03,10,adaptive_k,0.5522727272727272,2200
pgd,eps,0.03,10,spectral_gated,0.509090909090909,2200
pgd,eps,0.03,10,kalman,0.5018181818181818,2200
pgd,eps,0.03,10,wiener,0.5222727272727272,2200
pgd,eps,0.03,10,savitzky_golay,0.5427272727272727,2200
pgd,eps,0.03,10,gaussian,0.5013636363636363,2200
pgd,eps,0.03,10,fir,0.5913636363636363,2200
pgd,eps,0.03,10,rand_smooth,0.2586363636363636,2200
pgd,eps,0.03,12,no_defense,0.48727272727272725,2200
pgd,eps,0.03,12,adaptive_k_v2_snr,0.5663636363636364,2200
pgd,eps,0.03,12,adaptive_k,0.5613636363636364,2200
pgd,eps,0.03,12,spectral_gated,0.505,2200
pgd,eps,0.03,12,kalman,0.5381818181818182,2200
pgd,eps,0.03,12,wiener,0.5131818181818182,2200
pgd,eps,0.03,12,savitzky_golay,0.525,2200
pgd,eps,0.03,12,gaussian,0.5027272727272727,2200
pgd,eps,0.03,12,fir,0.5436363636363636,2200
pgd,eps,0.03,12,rand_smooth,0.26681818181818184,2200
pgd,eps,0.03,14,no_defense,0.49772727272727274,2200
pgd,eps,0.03,14,adaptive_k_v2_snr,0.5654545454545454,2200
pgd,eps,0.03,14,adaptive_k,0.5622727272727273,2200
pgd,eps,0.03,14,spectral_gated,0.5204545454545455,2200
pgd,eps,0.03,14,kalman,0.5463636363636364,2200
pgd,eps,0.03,14,wiener,0.5213636363636364,2200
pgd,eps,0.03,14,savitzky_golay,0.5390909090909091,2200
pgd,eps,0.03,14,gaussian,0.5145454545454545,2200
pgd,eps,0.03,14,fir,0.5445454545454546,2200
pgd,eps,0.03,14,rand_smooth,0.2540909090909091,2200
pgd,eps,0.03,16,no_defense,0.5131818181818182,2200
pgd,eps,0.03,16,adaptive_k_v2_snr,0.5740909090909091,2200
pgd,eps,0.03,16,adaptive_k,0.5709090909090909,2200
pgd,eps,0.03,16,spectral_gated,0.5309090909090909,2200
pgd,eps,0.03,16,kalman,0.5327272727272727,2200
pgd,eps,0.03,16,wiener,0.5368181818181819,2200
pgd,eps,0.03,16,savitzky_golay,0.5540909090909091,2200
pgd,eps,0.03,16,gaussian,0.5286363636363637,2200
pgd,eps,0.03,16,fir,0.595,2200
pgd,eps,0.03,16,rand_smooth,0.26136363636363635,2200
pgd,eps,0.03,18,no_defense,0.5231818181818182,2200
pgd,eps,0.03,18,adaptive_k_v2_snr,0.5754545454545454,2200
pgd,eps,0.03,18,adaptive_k,0.5718181818181818,2200
pgd,eps,0.03,18,spectral_gated,0.5418181818181819,2200
pgd,eps,0.03,18,kalman,0.5722727272727273,2200
pgd,eps,0.03,18,wiener,0.5390909090909091,2200
pgd,eps,0.03,18,savitzky_golay,0.5522727272727272,2200
pgd,eps,0.03,18,gaussian,0.54,2200
pgd,eps,0.03,18,fir,0.5954545454545455,2200
pgd,eps,0.03,18,rand_smooth,0.25727272727272726,2200
fgsm,eps,0.05,0,no_defense,0.21045454545454545,2200
fgsm,eps,0.05,0,adaptive_k_v2_snr,0.2459090909090909,2200
fgsm,eps,0.05,0,adaptive_k,0.21954545454545454,2200
fgsm,eps,0.05,0,spectral_gated,0.23272727272727273,2200
fgsm,eps,0.05,0,kalman,0.23227272727272727,2200
fgsm,eps,0.05,0,wiener,0.24727272727272728,2200
fgsm,eps,0.05,0,savitzky_golay,0.255,2200
fgsm,eps,0.05,0,gaussian,0.21454545454545454,2200
fgsm,eps,0.05,0,fir,0.23454545454545456,2200
fgsm,eps,0.05,0,rand_smooth,0.21818181818181817,2200
fgsm,eps,0.05,2,no_defense,0.34545454545454546,2200
fgsm,eps,0.05,2,adaptive_k_v2_snr,0.37454545454545457,2200
fgsm,eps,0.05,2,adaptive_k,0.37863636363636366,2200
fgsm,eps,0.05,2,spectral_gated,0.35,2200
fgsm,eps,0.05,2,kalman,0.34545454545454546,2200
fgsm,eps,0.05,2,wiener,0.34954545454545455,2200
fgsm,eps,0.05,2,savitzky_golay,0.3286363636363636,2200
fgsm,eps,0.05,2,gaussian,0.33090909090909093,2200
fgsm,eps,0.05,2,fir,0.3290909090909091,2200
fgsm,eps,0.05,2,rand_smooth,0.24454545454545454,2200
fgsm,eps,0.05,4,no_defense,0.41954545454545455,2200
fgsm,eps,0.05,4,adaptive_k_v2_snr,0.4659090909090909,2200
fgsm,eps,0.05,4,adaptive_k,0.47363636363636363,2200
fgsm,eps,0.05,4,spectral_gated,0.43272727272727274,2200
fgsm,eps,0.05,4,kalman,0.425,2200
fgsm,eps,0.05,4,wiener,0.41954545454545455,2200
fgsm,eps,0.05,4,savitzky_golay,0.3990909090909091,2200
fgsm,eps,0.05,4,gaussian,0.40045454545454545,2200
fgsm,eps,0.05,4,fir,0.4068181818181818,2200
fgsm,eps,0.05,4,rand_smooth,0.24045454545454545,2200
fgsm,eps,0.05,6,no_defense,0.4577272727272727,2200
fgsm,eps,0.05,6,adaptive_k_v2_snr,0.49727272727272726,2200
fgsm,eps,0.05,6,adaptive_k,0.49636363636363634,2200
fgsm,eps,0.05,6,spectral_gated,0.4627272727272727,2200
fgsm,eps,0.05,6,kalman,0.46545454545454545,2200
fgsm,eps,0.05,6,wiener,0.46954545454545454,2200
fgsm,eps,0.05,6,savitzky_golay,0.4409090909090909,2200
fgsm,eps,0.05,6,gaussian,0.45136363636363636,2200
fgsm,eps,0.05,6,fir,0.4354545454545454,2200
fgsm,eps,0.05,6,rand_smooth,0.255,2200
fgsm,eps,0.05,8,no_defense,0.4918181818181818,2200
fgsm,eps,0.05,8,adaptive_k_v2_snr,0.5168181818181818,2200
fgsm,eps,0.05,8,adaptive_k,0.515,2200
fgsm,eps,0.05,8,spectral_gated,0.4954545454545455,2200
fgsm,eps,0.05,8,kalman,0.49318181818181817,2200
fgsm,eps,0.05,8,wiener,0.48954545454545456,2200
fgsm,eps,0.05,8,savitzky_golay,0.4813636363636364,2200
fgsm,eps,0.05,8,gaussian,0.47863636363636364,2200
fgsm,eps,0.05,8,fir,0.485,2200
fgsm,eps,0.05,8,rand_smooth,0.24181818181818182,2200
fgsm,eps,0.05,10,no_defense,0.5081818181818182,2200
fgsm,eps,0.05,10,adaptive_k_v2_snr,0.5277272727272727,2200
fgsm,eps,0.05,10,adaptive_k,0.5227272727272727,2200
fgsm,eps,0.05,10,spectral_gated,0.5104545454545455,2200
fgsm,eps,0.05,10,kalman,0.5018181818181818,2200
fgsm,eps,0.05,10,wiener,0.5113636363636364,2200
fgsm,eps,0.05,10,savitzky_golay,0.5009090909090909,2200
fgsm,eps,0.05,10,gaussian,0.5068181818181818,2200
fgsm,eps,0.05,10,fir,0.5272727272727272,2200
fgsm,eps,0.05,10,rand_smooth,0.2581818181818182,2200
fgsm,eps,0.05,12,no_defense,0.5068181818181818,2200
fgsm,eps,0.05,12,adaptive_k_v2_snr,0.5236363636363637,2200
fgsm,eps,0.05,12,adaptive_k,0.5204545454545455,2200
fgsm,eps,0.05,12,spectral_gated,0.509090909090909,2200
fgsm,eps,0.05,12,kalman,0.515,2200
fgsm,eps,0.05,12,wiener,0.5095454545454545,2200
fgsm,eps,0.05,12,savitzky_golay,0.5013636363636363,2200
fgsm,eps,0.05,12,gaussian,0.5068181818181818,2200
fgsm,eps,0.05,12,fir,0.4954545454545455,2200
fgsm,eps,0.05,12,rand_smooth,0.26681818181818184,2200
fgsm,eps,0.05,14,no_defense,0.515,2200
fgsm,eps,0.05,14,adaptive_k_v2_snr,0.5331818181818182,2200
fgsm,eps,0.05,14,adaptive_k,0.5263636363636364,2200
fgsm,eps,0.05,14,spectral_gated,0.5218181818181818,2200
fgsm,eps,0.05,14,kalman,0.5195454545454545,2200
fgsm,eps,0.05,14,wiener,0.5131818181818182,2200
fgsm,eps,0.05,14,savitzky_golay,0.5145454545454545,2200
fgsm,eps,0.05,14,gaussian,0.5209090909090909,2200
fgsm,eps,0.05,14,fir,0.5181818181818182,2200
fgsm,eps,0.05,14,rand_smooth,0.25136363636363634,2200
fgsm,eps,0.05,16,no_defense,0.5172727272727272,2200
fgsm,eps,0.05,16,adaptive_k_v2_snr,0.5331818181818182,2200
fgsm,eps,0.05,16,adaptive_k,0.5272727272727272,2200
fgsm,eps,0.05,16,spectral_gated,0.5186363636363637,2200
fgsm,eps,0.05,16,kalman,0.5131818181818182,2200
fgsm,eps,0.05,16,wiener,0.5145454545454545,2200
fgsm,eps,0.05,16,savitzky_golay,0.51,2200
fgsm,eps,0.05,16,gaussian,0.5154545454545455,2200
fgsm,eps,0.05,16,fir,0.5313636363636364,2200
fgsm,eps,0.05,16,rand_smooth,0.24863636363636363,2200
fgsm,eps,0.05,18,no_defense,0.5427272727272727,2200
fgsm,eps,0.05,18,adaptive_k_v2_snr,0.5509090909090909,2200
fgsm,eps,0.05,18,adaptive_k,0.5486363636363636,2200
fgsm,eps,0.05,18,spectral_gated,0.5454545454545454,2200
fgsm,eps,0.05,18,kalman,0.5413636363636364,2200
fgsm,eps,0.05,18,wiener,0.535,2200
fgsm,eps,0.05,18,savitzky_golay,0.5168181818181818,2200
fgsm,eps,0.05,18,gaussian,0.545,2200
fgsm,eps,0.05,18,fir,0.5395454545454546,2200
fgsm,eps,0.05,18,rand_smooth,0.24772727272727274,2200
pgd,eps,0.05,0,no_defense,0.04318181818181818,2200
pgd,eps,0.05,0,adaptive_k_v2_snr,0.1290909090909091,2200
pgd,eps,0.05,0,adaptive_k,0.056363636363636366,2200
pgd,eps,0.05,0,spectral_gated,0.09318181818181819,2200
pgd,eps,0.05,0,kalman,0.1009090909090909,2200
pgd,eps,0.05,0,wiener,0.13636363636363635,2200
pgd,eps,0.05,0,savitzky_golay,0.10045454545454545,2200
pgd,eps,0.05,0,gaussian,0.060909090909090906,2200
pgd,eps,0.05,0,fir,0.1831818181818182,2200
pgd,eps,0.05,0,rand_smooth,0.2318181818181818,2200
pgd,eps,0.05,2,no_defense,0.09818181818181818,2200
pgd,eps,0.05,2,adaptive_k_v2_snr,0.21272727272727274,2200
pgd,eps,0.05,2,adaptive_k,0.14772727272727273,2200
pgd,eps,0.05,2,spectral_gated,0.1481818181818182,2200
pgd,eps,0.05,2,kalman,0.1890909090909091,2200
pgd,eps,0.05,2,wiener,0.17227272727272727,2200
pgd,eps,0.05,2,savitzky_golay,0.19636363636363635,2200
pgd,eps,0.05,2,gaussian,0.17045454545454544,2200
pgd,eps,0.05,2,fir,0.19045454545454546,2200
pgd,eps,0.05,2,rand_smooth,0.25,2200
pgd,eps,0.05,4,no_defense,0.16,2200
pgd,eps,0.05,4,adaptive_k_v2_snr,0.2872727272727273,2200
pgd,eps,0.05,4,adaptive_k,0.25136363636363634,2200
pgd,eps,0.05,4,spectral_gated,0.20045454545454544,2200
pgd,eps,0.05,4,kalman,0.22454545454545455,2200
pgd,eps,0.05,4,wiener,0.22090909090909092,2200
pgd,eps,0.05,4,savitzky_golay,0.245,2200
pgd,eps,0.05,4,gaussian,0.21818181818181817,2200
pgd,eps,0.05,4,fir,0.23454545454545456,2200
pgd,eps,0.05,4,rand_smooth,0.2409090909090909,2200
pgd,eps,0.05,6,no_defense,0.19727272727272727,2200
pgd,eps,0.05,6,adaptive_k_v2_snr,0.3281818181818182,2200
pgd,eps,0.05,6,adaptive_k,0.30772727272727274,2200
pgd,eps,0.05,6,spectral_gated,0.23136363636363635,2200
pgd,eps,0.05,6,kalman,0.2636363636363636,2200
pgd,eps,0.05,6,wiener,0.25227272727272726,2200
pgd,eps,0.05,6,savitzky_golay,0.2877272727272727,2200
pgd,eps,0.05,6,gaussian,0.255,2200
pgd,eps,0.05,6,fir,0.3118181818181818,2200
pgd,eps,0.05,6,rand_smooth,0.25681818181818183,2200
pgd,eps,0.05,8,no_defense,0.2309090909090909,2200
pgd,eps,0.05,8,adaptive_k_v2_snr,0.34954545454545455,2200
pgd,eps,0.05,8,adaptive_k,0.3340909090909091,2200
pgd,eps,0.05,8,spectral_gated,0.24909090909090909,2200
pgd,eps,0.05,8,kalman,0.31636363636363635,2200
pgd,eps,0.05,8,wiener,0.2786363636363636,2200
pgd,eps,0.05,8,savitzky_golay,0.3109090909090909,2200
pgd,eps,0.05,8,gaussian,0.2759090909090909,2200
pgd,eps,0.05,8,fir,0.29363636363636364,2200
pgd,eps,0.05,8,rand_smooth,0.2390909090909091,2200
pgd,eps,0.05,10,no_defense,0.24818181818181817,2200
pgd,eps,0.05,10,adaptive_k_v2_snr,0.37863636363636366,2200
pgd,eps,0.05,10,adaptive_k,0.3613636363636364,2200
pgd,eps,0.05,10,spectral_gated,0.28,2200
pgd,eps,0.05,10,kalman,0.2681818181818182,2200
pgd,eps,0.05,10,wiener,0.3190909090909091,2200
pgd,eps,0.05,10,savitzky_golay,0.3422727272727273,2200
pgd,eps,0.05,10,gaussian,0.2631818181818182,2200
pgd,eps,0.05,10,fir,0.38,2200
pgd,eps,0.05,10,rand_smooth,0.26045454545454544,2200
pgd,eps,0.05,12,no_defense,0.24681818181818183,2200
pgd,eps,0.05,12,adaptive_k_v2_snr,0.3659090909090909,2200
pgd,eps,0.05,12,adaptive_k,0.3490909090909091,2200
pgd,eps,0.05,12,spectral_gated,0.26454545454545453,2200
pgd,eps,0.05,12,kalman,0.32227272727272727,2200
pgd,eps,0.05,12,wiener,0.3104545454545454,2200
pgd,eps,0.05,12,savitzky_golay,0.3381818181818182,2200
pgd,eps,0.05,12,gaussian,0.25772727272727275,2200
pgd,eps,0.05,12,fir,0.36045454545454547,2200
pgd,eps,0.05,12,rand_smooth,0.26636363636363636,2200
pgd,eps,0.05,14,no_defense,0.2786363636363636,2200
pgd,eps,0.05,14,adaptive_k_v2_snr,0.36318181818181816,2200
pgd,eps,0.05,14,adaptive_k,0.3490909090909091,2200
pgd,eps,0.05,14,spectral_gated,0.29772727272727273,2200
pgd,eps,0.05,14,kalman,0.3531818181818182,2200
pgd,eps,0.05,14,wiener,0.3422727272727273,2200
pgd,eps,0.05,14,savitzky_golay,0.37227272727272726,2200
pgd,eps,0.05,14,gaussian,0.28863636363636364,2200
pgd,eps,0.05,14,fir,0.3577272727272727,2200
pgd,eps,0.05,14,rand_smooth,0.25136363636363634,2200
pgd,eps,0.05,16,no_defense,0.31636363636363635,2200
pgd,eps,0.05,16,adaptive_k_v2_snr,0.3936363636363636,2200
pgd,eps,0.05,16,adaptive_k,0.3836363636363636,2200
pgd,eps,0.05,16,spectral_gated,0.33954545454545454,2200
pgd,eps,0.05,16,kalman,0.3336363636363636,2200
pgd,eps,0.05,16,wiener,0.3559090909090909,2200
pgd,eps,0.05,16,savitzky_golay,0.3840909090909091,2200
pgd,eps,0.05,16,gaussian,0.33136363636363636,2200
pgd,eps,0.05,16,fir,0.4290909090909091,2200
pgd,eps,0.05,16,rand_smooth,0.2581818181818182,2200
pgd,eps,0.05,18,no_defense,0.3104545454545454,2200
pgd,eps,0.05,18,adaptive_k_v2_snr,0.395,2200
pgd,eps,0.05,18,adaptive_k,0.375,2200
pgd,eps,0.05,18,spectral_gated,0.3327272727272727,2200
pgd,eps,0.05,18,kalman,0.39181818181818184,2200
pgd,eps,0.05,18,wiener,0.3654545454545455,2200
pgd,eps,0.05,18,savitzky_golay,0.4059090909090909,2200
pgd,eps,0.05,18,gaussian,0.325,2200
pgd,eps,0.05,18,fir,0.445,2200
pgd,eps,0.05,18,rand_smooth,0.25363636363636366,2200
fgsm,eps,0.1,0,no_defense,0.145,2200
fgsm,eps,0.1,0,adaptive_k_v2_snr,0.16772727272727272,2200
fgsm,eps,0.1,0,adaptive_k,0.15181818181818182,2200
fgsm,eps,0.1,0,spectral_gated,0.15954545454545455,2200
fgsm,eps,0.1,0,kalman,0.16590909090909092,2200
fgsm,eps,0.1,0,wiener,0.19636363636363635,2200
fgsm,eps,0.1,0,savitzky_golay,0.18863636363636363,2200
fgsm,eps,0.1,0,gaussian,0.15681818181818183,2200
fgsm,eps,0.1,0,fir,0.19318181818181818,2200
fgsm,eps,0.1,0,rand_smooth,0.19954545454545455,2200
fgsm,eps,0.1,2,no_defense,0.2390909090909091,2200
fgsm,eps,0.1,2,adaptive_k_v2_snr,0.23727272727272727,2200
fgsm,eps,0.1,2,adaptive_k,0.24,2200
fgsm,eps,0.1,2,spectral_gated,0.23227272727272727,2200
fgsm,eps,0.1,2,kalman,0.245,2200
fgsm,eps,0.1,2,wiener,0.25772727272727275,2200
fgsm,eps,0.1,2,savitzky_golay,0.24136363636363636,2200
fgsm,eps,0.1,2,gaussian,0.2459090909090909,2200
fgsm,eps,0.1,2,fir,0.245,2200
fgsm,eps,0.1,2,rand_smooth,0.2359090909090909,2200
fgsm,eps,0.1,4,no_defense,0.29,2200
fgsm,eps,0.1,4,adaptive_k_v2_snr,0.3104545454545454,2200
fgsm,eps,0.1,4,adaptive_k,0.3131818181818182,2200
fgsm,eps,0.1,4,spectral_gated,0.2922727272727273,2200
fgsm,eps,0.1,4,kalman,0.285,2200
fgsm,eps,0.1,4,wiener,0.305,2200
fgsm,eps,0.1,4,savitzky_golay,0.29409090909090907,2200
fgsm,eps,0.1,4,gaussian,0.2963636363636364,2200
fgsm,eps,0.1,4,fir,0.2859090909090909,2200
fgsm,eps,0.1,4,rand_smooth,0.225,2200
fgsm,eps,0.1,6,no_defense,0.3372727272727273,2200
fgsm,eps,0.1,6,adaptive_k_v2_snr,0.3459090909090909,2200
fgsm,eps,0.1,6,adaptive_k,0.3563636363636364,2200
fgsm,eps,0.1,6,spectral_gated,0.3281818181818182,2200
fgsm,eps,0.1,6,kalman,0.33454545454545453,2200
fgsm,eps,0.1,6,wiener,0.35,2200
fgsm,eps,0.1,6,savitzky_golay,0.3240909090909091,2200
fgsm,eps,0.1,6,gaussian,0.33454545454545453,2200
fgsm,eps,0.1,6,fir,0.325,2200
fgsm,eps,0.1,6,rand_smooth,0.24727272727272728,2200
fgsm,eps,0.1,8,no_defense,0.3531818181818182,2200
fgsm,eps,0.1,8,adaptive_k_v2_snr,0.3859090909090909,2200
fgsm,eps,0.1,8,adaptive_k,0.3840909090909091,2200
fgsm,eps,0.1,8,spectral_gated,0.35,2200
fgsm,eps,0.1,8,kalman,0.3377272727272727,2200
fgsm,eps,0.1,8,wiener,0.36045454545454547,2200
fgsm,eps,0.1,8,savitzky_golay,0.33181818181818185,2200
fgsm,eps,0.1,8,gaussian,0.345,2200
fgsm,eps,0.1,8,fir,0.3422727272727273,2200
fgsm,eps,0.1,8,rand_smooth,0.22545454545454546,2200
fgsm,eps,0.1,10,no_defense,0.385,2200
fgsm,eps,0.1,10,adaptive_k_v2_snr,0.4113636363636364,2200
fgsm,eps,0.1,10,adaptive_k,0.40863636363636363,2200
fgsm,eps,0.1,10,spectral_gated,0.39636363636363636,2200
fgsm,eps,0.1,10,kalman,0.39090909090909093,2200
fgsm,eps,0.1,10,wiener,0.405,2200
fgsm,eps,0.1,10,savitzky_golay,0.3831818181818182,2200
fgsm,eps,0.1,10,gaussian,0.39090909090909093,2200
fgsm,eps,0.1,10,fir,0.37318181818181817,2200
fgsm,eps,0.1,10,rand_smooth,0.24545454545454545,2200
fgsm,eps,0.1,12,no_defense,0.39136363636363636,2200
fgsm,eps,0.1,12,adaptive_k_v2_snr,0.39090909090909093,2200
fgsm,eps,0.1,12,adaptive_k,0.4031818181818182,2200
fgsm,eps,0.1,12,spectral_gated,0.3840909090909091,2200
fgsm,eps,0.1,12,kalman,0.37454545454545457,2200
fgsm,eps,0.1,12,wiener,0.38181818181818183,2200
fgsm,eps,0.1,12,savitzky_golay,0.36227272727272725,2200
fgsm,eps,0.1,12,gaussian,0.38181818181818183,2200
fgsm,eps,0.1,12,fir,0.36863636363636365,2200
fgsm,eps,0.1,12,rand_smooth,0.25727272727272726,2200
fgsm,eps,0.1,14,no_defense,0.4131818181818182,2200
fgsm,eps,0.1,14,adaptive_k_v2_snr,0.4027272727272727,2200
fgsm,eps,0.1,14,adaptive_k,0.4081818181818182,2200
fgsm,eps,0.1,14,spectral_gated,0.4113636363636364,2200
fgsm,eps,0.1,14,kalman,0.3936363636363636,2200
fgsm,eps,0.1,14,wiener,0.4040909090909091,2200
fgsm,eps,0.1,14,savitzky_golay,0.3981818181818182,2200
fgsm,eps,0.1,14,gaussian,0.40545454545454546,2200
fgsm,eps,0.1,14,fir,0.39590909090909093,2200
fgsm,eps,0.1,14,rand_smooth,0.24454545454545454,2200
fgsm,eps,0.1,16,no_defense,0.41954545454545455,2200
fgsm,eps,0.1,16,adaptive_k_v2_snr,0.40863636363636363,2200
fgsm,eps,0.1,16,adaptive_k,0.41545454545454547,2200
fgsm,eps,0.1,16,spectral_gated,0.41818181818181815,2200
fgsm,eps,0.1,16,kalman,0.4122727272727273,2200
fgsm,eps,0.1,16,wiener,0.41545454545454547,2200
fgsm,eps,0.1,16,savitzky_golay,0.405,2200
fgsm,eps,0.1,16,gaussian,0.4122727272727273,2200
fgsm,eps,0.1,16,fir,0.3972727272727273,2200
fgsm,eps,0.1,16,rand_smooth,0.2545454545454545,2200
fgsm,eps,0.1,18,no_defense,0.415,2200
fgsm,eps,0.1,18,adaptive_k_v2_snr,0.41,2200
fgsm,eps,0.1,18,adaptive_k,0.4118181818181818,2200
fgsm,eps,0.1,18,spectral_gated,0.41363636363636364,2200
fgsm,eps,0.1,18,kalman,0.40636363636363637,2200
fgsm,eps,0.1,18,wiener,0.40636363636363637,2200
fgsm,eps,0.1,18,savitzky_golay,0.39045454545454544,2200
fgsm,eps,0.1,18,gaussian,0.4127272727272727,2200
fgsm,eps,0.1,18,fir,0.39090909090909093,2200
fgsm,eps,0.1,18,rand_smooth,0.25045454545454543,2200
pgd,eps,0.1,0,no_defense,0.0013636363636363637,2200
pgd,eps,0.1,0,adaptive_k_v2_snr,0.015,2200
pgd,eps,0.1,0,adaptive_k,0.0027272727272727275,2200
pgd,eps,0.1,0,spectral_gated,0.007727272727272728,2200
pgd,eps,0.1,0,kalman,0.009545454545454546,2200
pgd,eps,0.1,0,wiener,0.01681818181818182,2200
pgd,eps,0.1,0,savitzky_golay,0.010454545454545454,2200
pgd,eps,0.1,0,gaussian,0.005,2200
pgd,eps,0.1,0,fir,0.04454545454545455,2200
pgd,eps,0.1,0,rand_smooth,0.21681818181818183,2200
pgd,eps,0.1,2,no_defense,0.014090909090909091,2200
pgd,eps,0.1,2,adaptive_k_v2_snr,0.041363636363636366,2200
pgd,eps,0.1,2,adaptive_k,0.02090909090909091,2200
pgd,eps,0.1,2,spectral_gated,0.03,2200
pgd,eps,0.1,2,kalman,0.04045454545454545,2200
pgd,eps,0.1,2,wiener,0.04045454545454545,2200
pgd,eps,0.1,2,savitzky_golay,0.04727272727272727,2200
pgd,eps,0.1,2,gaussian,0.03954545454545454,2200
pgd,eps,0.1,2,fir,0.045909090909090906,2200
pgd,eps,0.1,2,rand_smooth,0.25727272727272726,2200
pgd,eps,0.1,4,no_defense,0.028636363636363637,2200
pgd,eps,0.1,4,adaptive_k_v2_snr,0.07818181818181819,2200
pgd,eps,0.1,4,adaptive_k,0.056363636363636366,2200
pgd,eps,0.1,4,spectral_gated,0.046363636363636364,2200
pgd,eps,0.1,4,kalman,0.05409090909090909,2200
pgd,eps,0.1,4,wiener,0.05590909090909091,2200
pgd,eps,0.1,4,savitzky_golay,0.07090909090909091,2200
pgd,eps,0.1,4,gaussian,0.055,2200
pgd,eps,0.1,4,fir,0.06681818181818182,2200
pgd,eps,0.1,4,rand_smooth,0.23454545454545456,2200
pgd,eps,0.1,6,no_defense,0.045454545454545456,2200
pgd,eps,0.1,6,adaptive_k_v2_snr,0.10045454545454545,2200
pgd,eps,0.1,6,adaptive_k,0.08545454545454545,2200
pgd,eps,0.1,6,spectral_gated,0.057727272727272724,2200
pgd,eps,0.1,6,kalman,0.06545454545454546,2200
pgd,eps,0.1,6,wiener,0.07,2200
pgd,eps,0.1,6,savitzky_golay,0.08272727272727273,2200
pgd,eps,0.1,6,gaussian,0.06772727272727273,2200
pgd,eps,0.1,6,fir,0.11545454545454545,2200
pgd,eps,0.1,6,rand_smooth,0.2545454545454545,2200
pgd,eps,0.1,8,no_defense,0.046363636363636364,2200
pgd,eps,0.1,8,adaptive_k_v2_snr,0.11818181818181818,2200
pgd,eps,0.1,8,adaptive_k,0.10727272727272727,2200
pgd,eps,0.1,8,spectral_gated,0.05863636363636364,2200
pgd,eps,0.1,8,kalman,0.08181818181818182,2200
pgd,eps,0.1,8,wiener,0.06636363636363636,2200
pgd,eps,0.1,8,savitzky_golay,0.08454545454545455,2200
pgd,eps,0.1,8,gaussian,0.0659090909090909,2200
pgd,eps,0.1,8,fir,0.07181818181818182,2200
pgd,eps,0.1,8,rand_smooth,0.24136363636363636,2200
pgd,eps,0.1,10,no_defense,0.057272727272727274,2200
pgd,eps,0.1,10,adaptive_k_v2_snr,0.14681818181818182,2200
pgd,eps,0.1,10,adaptive_k,0.12954545454545455,2200
pgd,eps,0.1,10,spectral_gated,0.07,2200
pgd,eps,0.1,10,kalman,0.06272727272727273,2200
pgd,eps,0.1,10,wiener,0.08545454545454545,2200
pgd,eps,0.1,10,savitzky_golay,0.10363636363636364,2200
pgd,eps,0.1,10,gaussian,0.065,2200
pgd,eps,0.1,10,fir,0.12727272727272726,2200
pgd,eps,0.1,10,rand_smooth,0.2559090909090909,2200
pgd,eps,0.1,12,no_defense,0.06318181818181819,2200
pgd,eps,0.1,12,adaptive_k_v2_snr,0.15045454545454545,2200
pgd,eps,0.1,12,adaptive_k,0.1390909090909091,2200
pgd,eps,0.1,12,spectral_gated,0.07772727272727273,2200
pgd,eps,0.1,12,kalman,0.085,2200
pgd,eps,0.1,12,wiener,0.08681818181818182,2200
pgd,eps,0.1,12,savitzky_golay,0.10727272727272727,2200
pgd,eps,0.1,12,gaussian,0.07181818181818182,2200
pgd,eps,0.1,12,fir,0.13636363636363635,2200
pgd,eps,0.1,12,rand_smooth,0.2686363636363636,2200
pgd,eps,0.1,14,no_defense,0.065,2200
pgd,eps,0.1,14,adaptive_k_v2_snr,0.15227272727272728,2200
pgd,eps,0.1,14,adaptive_k,0.13818181818181818,2200
pgd,eps,0.1,14,spectral_gated,0.07772727272727273,2200
pgd,eps,0.1,14,kalman,0.08954545454545454,2200
pgd,eps,0.1,14,wiener,0.08954545454545454,2200
pgd,eps,0.1,14,savitzky_golay,0.11227272727272727,2200
pgd,eps,0.1,14,gaussian,0.06909090909090909,2200
pgd,eps,0.1,14,fir,0.09909090909090909,2200
pgd,eps,0.1,14,rand_smooth,0.25272727272727274,2200
pgd,eps,0.1,16,no_defense,0.07272727272727272,2200
pgd,eps,0.1,16,adaptive_k_v2_snr,0.15818181818181817,2200
pgd,eps,0.1,16,adaptive_k,0.14363636363636365,2200
pgd,eps,0.1,16,spectral_gated,0.08227272727272728,2200
pgd,eps,0.1,16,kalman,0.07863636363636364,2200
pgd,eps,0.1,16,wiener,0.10590909090909091,2200
pgd,eps,0.1,16,savitzky_golay,0.12954545454545455,2200
pgd,eps,0.1,16,gaussian,0.08136363636363636,2200
pgd,eps,0.1,16,fir,0.15136363636363637,2200
pgd,eps,0.1,16,rand_smooth,0.25363636363636366,2200
pgd,eps,0.1,18,no_defense,0.07636363636363637,2200
pgd,eps,0.1,18,adaptive_k_v2_snr,0.15772727272727272,2200
pgd,eps,0.1,18,adaptive_k,0.14136363636363636,2200
pgd,eps,0.1,18,spectral_gated,0.09227272727272727,2200
pgd,eps,0.1,18,kalman,0.10590909090909091,2200
pgd,eps,0.1,18,wiener,0.1190909090909091,2200
pgd,eps,0.1,18,savitzky_golay,0.1368181818181818,2200
pgd,eps,0.1,18,gaussian,0.085,2200
pgd,eps,0.1,18,fir,0.165,2200
pgd,eps,0.1,18,rand_smooth,0.24863636363636363,2200
fgsm,eps,0.15,0,no_defense,0.17727272727272728,2200
fgsm,eps,0.15,0,adaptive_k_v2_snr,0.18681818181818183,2200
fgsm,eps,0.15,0,adaptive_k,0.17772727272727273,2200
fgsm,eps,0.15,0,spectral_gated,0.18954545454545454,2200
fgsm,eps,0.15,0,kalman,0.20227272727272727,2200
fgsm,eps,0.15,0,wiener,0.2340909090909091,2200
fgsm,eps,0.15,0,savitzky_golay,0.22272727272727272,2200
fgsm,eps,0.15,0,gaussian,0.1990909090909091,2200
fgsm,eps,0.15,0,fir,0.22363636363636363,2200
fgsm,eps,0.15,0,rand_smooth,0.18363636363636363,2200
fgsm,eps,0.15,2,no_defense,0.2390909090909091,2200
fgsm,eps,0.15,2,adaptive_k_v2_snr,0.24863636363636363,2200
fgsm,eps,0.15,2,adaptive_k,0.24045454545454545,2200
fgsm,eps,0.15,2,spectral_gated,0.24545454545454545,2200
fgsm,eps,0.15,2,kalman,0.2531818181818182,2200
fgsm,eps,0.15,2,wiener,0.26590909090909093,2200
fgsm,eps,0.15,2,savitzky_golay,0.2590909090909091,2200
fgsm,eps,0.15,2,gaussian,0.25727272727272726,2200
fgsm,eps,0.15,2,fir,0.26272727272727275,2200
fgsm,eps,0.15,2,rand_smooth,0.2177272727272727,2200
fgsm,eps,0.15,4,no_defense,0.2640909090909091,2200
fgsm,eps,0.15,4,adaptive_k_v2_snr,0.2872727272727273,2200
fgsm,eps,0.15,4,adaptive_k,0.2768181818181818,2200
fgsm,eps,0.15,4,spectral_gated,0.26636363636363636,2200
fgsm,eps,0.15,4,kalman,0.2768181818181818,2200
fgsm,eps,0.15,4,wiener,0.29318181818181815,2200
fgsm,eps,0.15,4,savitzky_golay,0.28,2200
fgsm,eps,0.15,4,gaussian,0.28545454545454546,2200
fgsm,eps,0.15,4,fir,0.2727272727272727,2200
fgsm,eps,0.15,4,rand_smooth,0.21363636363636362,2200
fgsm,eps,0.15,6,no_defense,0.31681818181818183,2200
fgsm,eps,0.15,6,adaptive_k_v2_snr,0.3104545454545454,2200
fgsm,eps,0.15,6,adaptive_k,0.32045454545454544,2200
fgsm,eps,0.15,6,spectral_gated,0.30454545454545456,2200
fgsm,eps,0.15,6,kalman,0.31,2200
fgsm,eps,0.15,6,wiener,0.3195454545454545,2200
fgsm,eps,0.15,6,savitzky_golay,0.2918181818181818,2200
fgsm,eps,0.15,6,gaussian,0.30954545454545457,2200
fgsm,eps,0.15,6,fir,0.29545454545454547,2200
fgsm,eps,0.15,6,rand_smooth,0.2309090909090909,2200
fgsm,eps,0.15,8,no_defense,0.31681818181818183,2200
fgsm,eps,0.15,8,adaptive_k_v2_snr,0.3118181818181818,2200
fgsm,eps,0.15,8,adaptive_k,0.3377272727272727,2200
fgsm,eps,0.15,8,spectral_gated,0.3059090909090909,2200
fgsm,eps,0.15,8,kalman,0.30318181818181816,2200
fgsm,eps,0.15,8,wiener,0.3109090909090909,2200
fgsm,eps,0.15,8,savitzky_golay,0.2972727272727273,2200
fgsm,eps,0.15,8,gaussian,0.2972727272727273,2200
fgsm,eps,0.15,8,fir,0.28954545454545455,2200
fgsm,eps,0.15,8,rand_smooth,0.215,2200
fgsm,eps,0.15,10,no_defense,0.3390909090909091,2200
fgsm,eps,0.15,10,adaptive_k_v2_snr,0.3563636363636364,2200
fgsm,eps,0.15,10,adaptive_k,0.35909090909090907,2200
fgsm,eps,0.15,10,spectral_gated,0.3390909090909091,2200
fgsm,eps,0.15,10,kalman,0.34136363636363637,2200
fgsm,eps,0.15,10,wiener,0.3477272727272727,2200
fgsm,eps,0.15,10,savitzky_golay,0.3277272727272727,2200
fgsm,eps,0.15,10,gaussian,0.34363636363636363,2200
fgsm,eps,0.15,10,fir,0.3013636363636364,2200
fgsm,eps,0.15,10,rand_smooth,0.235,2200
fgsm,eps,0.15,12,no_defense,0.34136363636363637,2200
fgsm,eps,0.15,12,adaptive_k_v2_snr,0.34545454545454546,2200
fgsm,eps,0.15,12,adaptive_k,0.3613636363636364,2200
fgsm,eps,0.15,12,spectral_gated,0.33,2200
fgsm,eps,0.15,12,kalman,0.3245454545454545,2200
fgsm,eps,0.15,12,wiener,0.3331818181818182,2200
fgsm,eps,0.15,12,savitzky_golay,0.315,2200
fgsm,eps,0.15,12,gaussian,0.3327272727272727,2200
fgsm,eps,0.15,12,fir,0.3209090909090909,2200
fgsm,eps,0.15,12,rand_smooth,0.23863636363636365,2200
fgsm,eps,0.15,14,no_defense,0.36818181818181817,2200
fgsm,eps,0.15,14,adaptive_k_v2_snr,0.3577272727272727,2200
fgsm,eps,0.15,14,adaptive_k,0.3704545454545455,2200
fgsm,eps,0.15,14,spectral_gated,0.35954545454545456,2200
fgsm,eps,0.15,14,kalman,0.3577272727272727,2200
fgsm,eps,0.15,14,wiener,0.36363636363636365,2200
fgsm,eps,0.15,14,savitzky_golay,0.35,2200
fgsm,eps,0.15,14,gaussian,0.3654545454545455,2200
fgsm,eps,0.15,14,fir,0.345,2200
fgsm,eps,0.15,14,rand_smooth,0.2390909090909091,2200
fgsm,eps,0.15,16,no_defense,0.365,2200
fgsm,eps,0.15,16,adaptive_k_v2_snr,0.3577272727272727,2200
fgsm,eps,0.15,16,adaptive_k,0.3609090909090909,2200
fgsm,eps,0.15,16,spectral_gated,0.36954545454545457,2200
fgsm,eps,0.15,16,kalman,0.3618181818181818,2200
fgsm,eps,0.15,16,wiener,0.365,2200
fgsm,eps,0.15,16,savitzky_golay,0.3518181818181818,2200
fgsm,eps,0.15,16,gaussian,0.36272727272727273,2200
fgsm,eps,0.15,16,fir,0.3463636363636364,2200
fgsm,eps,0.15,16,rand_smooth,0.2340909090909091,2200
fgsm,eps,0.15,18,no_defense,0.3690909090909091,2200
fgsm,eps,0.15,18,adaptive_k_v2_snr,0.35954545454545456,2200
fgsm,eps,0.15,18,adaptive_k,0.3668181818181818,2200
fgsm,eps,0.15,18,spectral_gated,0.36772727272727274,2200
fgsm,eps,0.15,18,kalman,0.36363636363636365,2200
fgsm,eps,0.15,18,wiener,0.3663636363636364,2200
fgsm,eps,0.15,18,savitzky_golay,0.35409090909090907,2200
fgsm,eps,0.15,18,gaussian,0.3659090909090909,2200
fgsm,eps,0.15,18,fir,0.3481818181818182,2200
fgsm,eps,0.15,18,rand_smooth,0.23636363636363636,2200
pgd,eps,0.15,0,no_defense,0.0,2200
pgd,eps,0.15,0,adaptive_k_v2_snr,0.0027272727272727275,2200
pgd,eps,0.15,0,adaptive_k,0.00045454545454545455,2200
pgd,eps,0.15,0,spectral_gated,0.0013636363636363637,2200
pgd,eps,0.15,0,kalman,0.0022727272727272726,2200
pgd,eps,0.15,0,wiener,0.006363636363636364,2200
pgd,eps,0.15,0,savitzky_golay,0.003181818181818182,2200
pgd,eps,0.15,0,gaussian,0.00045454545454545455,2200
pgd,eps,0.15,0,fir,0.028181818181818183,2200
pgd,eps,0.15,0,rand_smooth,0.2009090909090909,2200
pgd,eps,0.15,2,no_defense,0.005454545454545455,2200
pgd,eps,0.15,2,adaptive_k_v2_snr,0.015909090909090907,2200
pgd,eps,0.15,2,adaptive_k,0.005909090909090909,2200
pgd,eps,0.15,2,spectral_gated,0.01090909090909091,2200
pgd,eps,0.15,2,kalman,0.020454545454545454,2200
pgd,eps,0.15,2,wiener,0.021363636363636362,2200
pgd,eps,0.15,2,savitzky_golay,0.028181818181818183,2200
pgd,eps,0.15,2,gaussian,0.02,2200
pgd,eps,0.15,2,fir,0.023636363636363636,2200
pgd,eps,0.15,2,rand_smooth,0.235,2200
pgd,eps,0.15,4,no_defense,0.007727272727272728,2200
pgd,eps,0.15,4,adaptive_k_v2_snr,0.028181818181818183,2200
pgd,eps,0.15,4,adaptive_k,0.014545454545454545,2200
pgd,eps,0.15,4,spectral_gated,0.014545454545454545,2200
pgd,eps,0.15,4,kalman,0.021363636363636362,2200
pgd,eps,0.15,4,wiener,0.025,2200
pgd,eps,0.15,4,savitzky_golay,0.03227272727272727,2200
pgd,eps,0.15,4,gaussian,0.024545454545454544,2200
pgd,eps,0.15,4,fir,0.030454545454545453,2200
pgd,eps,0.15,4,rand_smooth,0.22727272727272727,2200
pgd,eps,0.15,6,no_defense,0.021363636363636362,2200
pgd,eps,0.15,6,adaptive_k_v2_snr,0.04727272727272727,2200
pgd,eps,0.15,6,adaptive_k,0.03227272727272727,2200
pgd,eps,0.15,6,spectral_gated,0.028636363636363637,2200
pgd,eps,0.15,6,kalman,0.03590909090909091,2200
pgd,eps,0.15,6,wiener,0.04181818181818182,2200
pgd,eps,0.15,6,savitzky_golay,0.04727272727272727,2200
pgd,eps,0.15,6,gaussian,0.04090909090909091,2200
pgd,eps,0.15,6,fir,0.065,2200
pgd,eps,0.15,6,rand_smooth,0.24045454545454545,2200
pgd,eps,0.15,8,no_defense,0.020454545454545454,2200
pgd,eps,0.15,8,adaptive_k_v2_snr,0.06545454545454546,2200
pgd,eps,0.15,8,adaptive_k,0.05,2200
pgd,eps,0.15,8,spectral_gated,0.03363636363636364,2200
pgd,eps,0.15,8,kalman,0.04909090909090909,2200
pgd,eps,0.15,8,wiener,0.04727272727272727,2200
pgd,eps,0.15,8,savitzky_golay,0.05090909090909091,2200
pgd,eps,0.15,8,gaussian,0.046363636363636364,2200
pgd,eps,0.15,8,fir,0.05090909090909091,2200
pgd,eps,0.15,8,rand_smooth,0.22727272727272727,2200
pgd,eps,0.15,10,no_defense,0.02727272727272727,2200
pgd,eps,0.15,10,adaptive_k_v2_snr,0.09363636363636364,2200
pgd,eps,0.15,10,adaptive_k,0.075,2200
pgd,eps,0.15,10,spectral_gated,0.03954545454545454,2200
pgd,eps,0.15,10,kalman,0.031818181818181815,2200
pgd,eps,0.15,10,wiener,0.053636363636363635,2200
pgd,eps,0.15,10,savitzky_golay,0.06181818181818182,2200
pgd,eps,0.15,10,gaussian,0.03363636363636364,2200
pgd,eps,0.15,10,fir,0.08545454545454545,2200
pgd,eps,0.15,10,rand_smooth,0.245,2200
pgd,eps,0.15,12,no_defense,0.038636363636363635,2200
pgd,eps,0.15,12,adaptive_k_v2_snr,0.10636363636363637,2200
pgd,eps,0.15,12,adaptive_k,0.09227272727272727,2200
pgd,eps,0.15,12,spectral_gated,0.04772727272727273,2200
pgd,eps,0.15,12,kalman,0.05454545454545454,2200
pgd,eps,0.15,12,wiener,0.05909090909090909,2200
pgd,eps,0.15,12,savitzky_golay,0.06863636363636363,2200
pgd,eps,0.15,12,gaussian,0.042272727272727274,2200
pgd,eps,0.15,12,fir,0.0890909090909091,2200
pgd,eps,0.15,12,rand_smooth,0.24681818181818183,2200
pgd,eps,0.15,14,no_defense,0.03636363636363636,2200
pgd,eps,0.15,14,adaptive_k_v2_snr,0.11545454545454545,2200
pgd,eps,0.15,14,adaptive_k,0.09818181818181818,2200
pgd,eps,0.15,14,spectral_gated,0.045454545454545456,2200
pgd,eps,0.15,14,kalman,0.057727272727272724,2200
pgd,eps,0.15,14,wiener,0.060909090909090906,2200
pgd,eps,0.15,14,savitzky_golay,0.06636363636363636,2200
pgd,eps,0.15,14,gaussian,0.041363636363636366,2200
pgd,eps,0.15,14,fir,0.06409090909090909,2200
pgd,eps,0.15,14,rand_smooth,0.24227272727272728,2200
pgd,eps,0.15,16,no_defense,0.04318181818181818,2200
pgd,eps,0.15,16,adaptive_k_v2_snr,0.11954545454545455,2200
pgd,eps,0.15,16,adaptive_k,0.10227272727272728,2200
pgd,eps,0.15,16,spectral_gated,0.05090909090909091,2200
pgd,eps,0.15,16,kalman,0.046363636363636364,2200
pgd,eps,0.15,16,wiener,0.07181818181818182,2200
pgd,eps,0.15,16,savitzky_golay,0.07545454545454545,2200
pgd,eps,0.15,16,gaussian,0.04818181818181818,2200
pgd,eps,0.15,16,fir,0.09681818181818182,2200
pgd,eps,0.15,16,rand_smooth,0.2431818181818182,2200
pgd,eps,0.15,18,no_defense,0.04454545454545455,2200
pgd,eps,0.15,18,adaptive_k_v2_snr,0.12681818181818183,2200
pgd,eps,0.15,18,adaptive_k,0.10681818181818181,2200
pgd,eps,0.15,18,spectral_gated,0.057272727272727274,2200
pgd,eps,0.15,18,kalman,0.0659090909090909,2200
pgd,eps,0.15,18,wiener,0.07454545454545454,2200
pgd,eps,0.15,18,savitzky_golay,0.07818181818181819,2200
pgd,eps,0.15,18,gaussian,0.05090909090909091,2200
pgd,eps,0.15,18,fir,0.1,2200
pgd,eps,0.15,18,rand_smooth,0.24409090909090908,2200
fgsm,eps,0.2,0,no_defense,0.19363636363636363,2200
fgsm,eps,0.2,0,adaptive_k_v2_snr,0.19590909090909092,2200
fgsm,eps,0.2,0,adaptive_k,0.19772727272727272,2200
fgsm,eps,0.2,0,spectral_gated,0.19363636363636363,2200
fgsm,eps,0.2,0,kalman,0.2059090909090909,2200
fgsm,eps,0.2,0,wiener,0.22954545454545455,2200
fgsm,eps,0.2,0,savitzky_golay,0.22363636363636363,2200
fgsm,eps,0.2,0,gaussian,0.20045454545454544,2200
fgsm,eps,0.2,0,fir,0.20454545454545456,2200
fgsm,eps,0.2,0,rand_smooth,0.1668181818181818,2200
fgsm,eps,0.2,2,no_defense,0.22,2200
fgsm,eps,0.2,2,adaptive_k_v2_snr,0.2359090909090909,2200
fgsm,eps,0.2,2,adaptive_k,0.225,2200
fgsm,eps,0.2,2,spectral_gated,0.2268181818181818,2200
fgsm,eps,0.2,2,kalman,0.25136363636363634,2200
fgsm,eps,0.2,2,wiener,0.2545454545454545,2200
fgsm,eps,0.2,2,savitzky_golay,0.24863636363636363,2200
fgsm,eps,0.2,2,gaussian,0.24545454545454545,2200
fgsm,eps,0.2,2,fir,0.21363636363636362,2200
fgsm,eps,0.2,2,rand_smooth,0.2040909090909091,2200
fgsm,eps,0.2,4,no_defense,0.2340909090909091,2200
fgsm,eps,0.2,4,adaptive_k_v2_snr,0.2509090909090909,2200
fgsm,eps,0.2,4,adaptive_k,0.24227272727272728,2200
fgsm,eps,0.2,4,spectral_gated,0.23772727272727273,2200
fgsm,eps,0.2,4,kalman,0.25045454545454543,2200
fgsm,eps,0.2,4,wiener,0.2690909090909091,2200
fgsm,eps,0.2,4,savitzky_golay,0.25181818181818183,2200
fgsm,eps,0.2,4,gaussian,0.26227272727272727,2200
fgsm,eps,0.2,4,fir,0.24227272727272728,2200
fgsm,eps,0.2,4,rand_smooth,0.195,2200
fgsm,eps,0.2,6,no_defense,0.26636363636363636,2200
fgsm,eps,0.2,6,adaptive_k_v2_snr,0.2781818181818182,2200
fgsm,eps,0.2,6,adaptive_k,0.26681818181818184,2200
fgsm,eps,0.2,6,spectral_gated,0.26636363636363636,2200
fgsm,eps,0.2,6,kalman,0.27,2200
fgsm,eps,0.2,6,wiener,0.28545454545454546,2200
fgsm,eps,0.2,6,savitzky_golay,0.26636363636363636,2200
fgsm,eps,0.2,6,gaussian,0.27954545454545454,2200
fgsm,eps,0.2,6,fir,0.26045454545454544,2200
fgsm,eps,0.2,6,rand_smooth,0.215,2200
fgsm,eps,0.2,8,no_defense,0.2559090909090909,2200
fgsm,eps,0.2,8,adaptive_k_v2_snr,0.27636363636363637,2200
fgsm,eps,0.2,8,adaptive_k,0.26272727272727275,2200
fgsm,eps,0.2,8,spectral_gated,0.2672727272727273,2200
fgsm,eps,0.2,8,kalman,0.2736363636363636,2200
fgsm,eps,0.2,8,wiener,0.2809090909090909,2200
fgsm,eps,0.2,8,savitzky_golay,0.27045454545454545,2200
fgsm,eps,0.2,8,gaussian,0.2759090909090909,2200
fgsm,eps,0.2,8,fir,0.25681818181818183,2200
fgsm,eps,0.2,8,rand_smooth,0.21045454545454545,2200
fgsm,eps,0.2,10,no_defense,0.2636363636363636,2200
fgsm,eps,0.2,10,adaptive_k_v2_snr,0.3013636363636364,2200
fgsm,eps,0.2,10,adaptive_k,0.28954545454545455,2200
fgsm,eps,0.2,10,spectral_gated,0.2777272727272727,2200
fgsm,eps,0.2,10,kalman,0.26681818181818184,2200
fgsm,eps,0.2,10,wiener,0.2922727272727273,2200
fgsm,eps,0.2,10,savitzky_golay,0.27136363636363636,2200
fgsm,eps,0.2,10,gaussian,0.2672727272727273,2200
fgsm,eps,0.2,10,fir,0.25227272727272726,2200
fgsm,eps,0.2,10,rand_smooth,0.2190909090909091,2200
fgsm,eps,0.2,12,no_defense,0.2790909090909091,2200
fgsm,eps,0.2,12,adaptive_k_v2_snr,0.2913636363636364,2200
fgsm,eps,0.2,12,adaptive_k,0.3013636363636364,2200
fgsm,eps,0.2,12,spectral_gated,0.26681818181818184,2200
fgsm,eps,0.2,12,kalman,0.2718181818181818,2200
fgsm,eps,0.2,12,wiener,0.295,2200
fgsm,eps,0.2,12,savitzky_golay,0.2768181818181818,2200
fgsm,eps,0.2,12,gaussian,0.2722727272727273,2200
fgsm,eps,0.2,12,fir,0.27545454545454545,2200
fgsm,eps,0.2,12,rand_smooth,0.22727272727272727,2200
fgsm,eps,0.2,14,no_defense,0.30954545454545457,2200
fgsm,eps,0.2,14,adaptive_k_v2_snr,0.3104545454545454,2200
fgsm,eps,0.2,14,adaptive_k,0.31681818181818183,2200
fgsm,eps,0.2,14,spectral_gated,0.3104545454545454,2200
fgsm,eps,0.2,14,kalman,0.3090909090909091,2200
fgsm,eps,0.2,14,wiener,0.31363636363636366,2200
fgsm,eps,0.2,14,savitzky_golay,0.30318181818181816,2200
fgsm,eps,0.2,14,gaussian,0.3040909090909091,2200
fgsm,eps,0.2,14,fir,0.2922727272727273,2200
fgsm,eps,0.2,14,rand_smooth,0.22136363636363637,2200
fgsm,eps,0.2,16,no_defense,0.3195454545454545,2200
fgsm,eps,0.2,16,adaptive_k_v2_snr,0.31545454545454543,2200
fgsm,eps,0.2,16,adaptive_k,0.31727272727272726,2200
fgsm,eps,0.2,16,spectral_gated,0.3195454545454545,2200
fgsm,eps,0.2,16,kalman,0.3190909090909091,2200
fgsm,eps,0.2,16,wiener,0.3209090909090909,2200
fgsm,eps,0.2,16,savitzky_golay,0.3090909090909091,2200
fgsm,eps,0.2,16,gaussian,0.32227272727272727,2200
fgsm,eps,0.2,16,fir,0.29363636363636364,2200
fgsm,eps,0.2,16,rand_smooth,0.22,2200
fgsm,eps,0.2,18,no_defense,0.30863636363636365,2200
fgsm,eps,0.2,18,adaptive_k_v2_snr,0.3059090909090909,2200
fgsm,eps,0.2,18,adaptive_k,0.305,2200
fgsm,eps,0.2,18,spectral_gated,0.30772727272727274,2200
fgsm,eps,0.2,18,kalman,0.31272727272727274,2200
fgsm,eps,0.2,18,wiener,0.32,2200
fgsm,eps,0.2,18,savitzky_golay,0.30727272727272725,2200
fgsm,eps,0.2,18,gaussian,0.3054545454545455,2200
fgsm,eps,0.2,18,fir,0.2972727272727273,2200
fgsm,eps,0.2,18,rand_smooth,0.2190909090909091,2200
pgd,eps,0.2,0,no_defense,0.0,2200
pgd,eps,0.2,0,adaptive_k_v2_snr,0.0009090909090909091,2200
pgd,eps,0.2,0,adaptive_k,0.0,2200
pgd,eps,0.2,0,spectral_gated,0.0,2200
pgd,eps,0.2,0,kalman,0.00045454545454545455,2200
pgd,eps,0.2,0,wiener,0.004545454545454545,2200
pgd,eps,0.2,0,savitzky_golay,0.0013636363636363637,2200
pgd,eps,0.2,0,gaussian,0.0,2200
pgd,eps,0.2,0,fir,0.042727272727272725,2200
pgd,eps,0.2,0,rand_smooth,0.1781818181818182,2200
pgd,eps,0.2,2,no_defense,0.0,2200
pgd,eps,0.2,2,adaptive_k_v2_snr,0.0018181818181818182,2200
pgd,eps,0.2,2,adaptive_k,0.0,2200
pgd,eps,0.2,2,spectral_gated,0.0009090909090909091,2200
pgd,eps,0.2,2,kalman,0.004090909090909091,2200
pgd,eps,0.2,2,wiener,0.003181818181818182,2200
pgd,eps,0.2,2,savitzky_golay,0.006363636363636364,2200
pgd,eps,0.2,2,gaussian,0.0036363636363636364,2200
pgd,eps,0.2,2,fir,0.008636363636363636,2200
pgd,eps,0.2,2,rand_smooth,0.20727272727272728,2200
pgd,eps,0.2,4,no_defense,0.0009090909090909091,2200
pgd,eps,0.2,4,adaptive_k_v2_snr,0.006818181818181818,2200
pgd,eps,0.2,4,adaptive_k,0.0022727272727272726,2200
pgd,eps,0.2,4,spectral_gated,0.0027272727272727275,2200
pgd,eps,0.2,4,kalman,0.004090909090909091,2200
pgd,eps,0.2,4,wiener,0.008636363636363636,2200
pgd,eps,0.2,4,savitzky_golay,0.015454545454545455,2200
pgd,eps,0.2,4,gaussian,0.006818181818181818,2200
pgd,eps,0.2,4,fir,0.013181818181818182,2200
pgd,eps,0.2,4,rand_smooth,0.2081818181818182,2200
pgd,eps,0.2,6,no_defense,0.005454545454545455,2200
pgd,eps,0.2,6,adaptive_k_v2_snr,0.025,2200
pgd,eps,0.2,6,adaptive_k,0.012272727272727272,2200
pgd,eps,0.2,6,spectral_gated,0.01090909090909091,2200
pgd,eps,0.2,6,kalman,0.017727272727272727,2200
pgd,eps,0.2,6,wiener,0.028636363636363637,2200
pgd,eps,0.2,6,savitzky_golay,0.03272727272727273,2200
pgd,eps,0.2,6,gaussian,0.024545454545454544,2200
pgd,eps,0.2,6,fir,0.05454545454545454,2200
pgd,eps,0.2,6,rand_smooth,0.22818181818181818,2200
pgd,eps,0.2,8,no_defense,0.008636363636363636,2200
pgd,eps,0.2,8,adaptive_k_v2_snr,0.034545454545454546,2200
pgd,eps,0.2,8,adaptive_k,0.02590909090909091,2200
pgd,eps,0.2,8,spectral_gated,0.015,2200
pgd,eps,0.2,8,kalman,0.02181818181818182,2200
pgd,eps,0.2,8,wiener,0.02090909090909091,2200
pgd,eps,0.2,8,savitzky_golay,0.028181818181818183,2200
pgd,eps,0.2,8,gaussian,0.020454545454545454,2200
pgd,eps,0.2,8,fir,0.026363636363636363,2200
pgd,eps,0.2,8,rand_smooth,0.21636363636363637,2200
pgd,eps,0.2,10,no_defense,0.010454545454545454,2200
pgd,eps,0.2,10,adaptive_k_v2_snr,0.04818181818181818,2200
pgd,eps,0.2,10,adaptive_k,0.03772727272727273,2200
pgd,eps,0.2,10,spectral_gated,0.016363636363636365,2200
pgd,eps,0.2,10,kalman,0.013181818181818182,2200
pgd,eps,0.2,10,wiener,0.028181818181818183,2200
pgd,eps,0.2,10,savitzky_golay,0.035,2200
pgd,eps,0.2,10,gaussian,0.014545454545454545,2200
pgd,eps,0.2,10,fir,0.057272727272727274,2200
pgd,eps,0.2,10,rand_smooth,0.23954545454545453,2200
pgd,eps,0.2,12,no_defense,0.015909090909090907,2200
pgd,eps,0.2,12,adaptive_k_v2_snr,0.06818181818181818,2200
pgd,eps,0.2,12,adaptive_k,0.053181818181818184,2200
pgd,eps,0.2,12,spectral_gated,0.023181818181818182,2200
pgd,eps,0.2,12,kalman,0.02772727272727273,2200
pgd,eps,0.2,12,wiener,0.038181818181818185,2200
pgd,eps,0.2,12,savitzky_golay,0.046363636363636364,2200
pgd,eps,0.2,12,gaussian,0.017727272727272727,2200
pgd,eps,0.2,12,fir,0.06818181818181818,2200
pgd,eps,0.2,12,rand_smooth,0.2431818181818182,2200
pgd,eps,0.2,14,no_defense,0.023181818181818182,2200
pgd,eps,0.2,14,adaptive_k_v2_snr,0.07590909090909091,2200
pgd,eps,0.2,14,adaptive_k,0.06545454545454546,2200
pgd,eps,0.2,14,spectral_gated,0.03318181818181818,2200
pgd,eps,0.2,14,kalman,0.035454545454545454,2200
pgd,eps,0.2,14,wiener,0.04363636363636364,2200
pgd,eps,0.2,14,savitzky_golay,0.04681818181818182,2200
pgd,eps,0.2,14,gaussian,0.028636363636363637,2200
pgd,eps,0.2,14,fir,0.04727272727272727,2200
pgd,eps,0.2,14,rand_smooth,0.23,2200
pgd,eps,0.2,16,no_defense,0.02590909090909091,2200
pgd,eps,0.2,16,adaptive_k_v2_snr,0.08227272727272728,2200
pgd,eps,0.2,16,adaptive_k,0.06863636363636363,2200
pgd,eps,0.2,16,spectral_gated,0.03636363636363636,2200
pgd,eps,0.2,16,kalman,0.028636363636363637,2200
pgd,eps,0.2,16,wiener,0.046363636363636364,2200
pgd,eps,0.2,16,savitzky_golay,0.04818181818181818,2200
pgd,eps,0.2,16,gaussian,0.030454545454545453,2200
pgd,eps,0.2,16,fir,0.07772727272727273,2200
pgd,eps,0.2,16,rand_smooth,0.23954545454545453,2200
pgd,eps,0.2,18,no_defense,0.026363636363636363,2200
pgd,eps,0.2,18,adaptive_k_v2_snr,0.0890909090909091,2200
pgd,eps,0.2,18,adaptive_k,0.07590909090909091,2200
pgd,eps,0.2,18,spectral_gated,0.035,2200
pgd,eps,0.2,18,kalman,0.03727272727272727,2200
pgd,eps,0.2,18,wiener,0.045909090909090906,2200
pgd,eps,0.2,18,savitzky_golay,0.056818181818181816,2200
pgd,eps,0.2,18,gaussian,0.031363636363636364,2200
pgd,eps,0.2,18,fir,0.08590909090909091,2200
pgd,eps,0.2,18,rand_smooth,0.23545454545454544,2200
fgsm,eps,0.25,0,no_defense,0.20136363636363636,2200
fgsm,eps,0.25,0,adaptive_k_v2_snr,0.17954545454545454,2200
fgsm,eps,0.25,0,adaptive_k,0.20136363636363636,2200
fgsm,eps,0.25,0,spectral_gated,0.1890909090909091,2200
fgsm,eps,0.25,0,kalman,0.18681818181818183,2200
fgsm,eps,0.25,0,wiener,0.1940909090909091,2200
fgsm,eps,0.25,0,savitzky_golay,0.20545454545454545,2200
fgsm,eps,0.25,0,gaussian,0.18,2200
fgsm,eps,0.25,0,fir,0.1572727272727273,2200
fgsm,eps,0.25,0,rand_smooth,0.15318181818181817,2200
fgsm,eps,0.25,2,no_defense,0.19636363636363635,2200
fgsm,eps,0.25,2,adaptive_k_v2_snr,0.20863636363636365,2200
fgsm,eps,0.25,2,adaptive_k,0.19954545454545455,2200
fgsm,eps,0.25,2,spectral_gated,0.20045454545454544,2200
fgsm,eps,0.25,2,kalman,0.20681818181818182,2200
fgsm,eps,0.25,2,wiener,0.21454545454545454,2200
fgsm,eps,0.25,2,savitzky_golay,0.19636363636363635,2200
fgsm,eps,0.25,2,gaussian,0.19863636363636364,2200
fgsm,eps,0.25,2,fir,0.1809090909090909,2200
fgsm,eps,0.25,2,rand_smooth,0.18181818181818182,2200
fgsm,eps,0.25,4,no_defense,0.215,2200
fgsm,eps,0.25,4,adaptive_k_v2_snr,0.21681818181818183,2200
fgsm,eps,0.25,4,adaptive_k,0.21681818181818183,2200
fgsm,eps,0.25,4,spectral_gated,0.2131818181818182,2200
fgsm,eps,0.25,4,kalman,0.21363636363636362,2200
fgsm,eps,0.25,4,wiener,0.22954545454545455,2200
fgsm,eps,0.25,4,savitzky_golay,0.205,2200
fgsm,eps,0.25,4,gaussian,0.21227272727272728,2200
fgsm,eps,0.25,4,fir,0.18545454545454546,2200
fgsm,eps,0.25,4,rand_smooth,0.18363636363636363,2200
fgsm,eps,0.25,6,no_defense,0.22454545454545455,2200
fgsm,eps,0.25,6,adaptive_k_v2_snr,0.23045454545454547,2200
fgsm,eps,0.25,6,adaptive_k,0.225,2200
fgsm,eps,0.25,6,spectral_gated,0.22545454545454546,2200
fgsm,eps,0.25,6,kalman,0.22590909090909092,2200
fgsm,eps,0.25,6,wiener,0.24454545454545454,2200
fgsm,eps,0.25,6,savitzky_golay,0.22863636363636364,2200
fgsm,eps,0.25,6,gaussian,0.23772727272727273,2200
fgsm,eps,0.25,6,fir,0.22227272727272726,2200
fgsm,eps,0.25,6,rand_smooth,0.1990909090909091,2200
fgsm,eps,0.25,8,no_defense,0.235,2200
fgsm,eps,0.25,8,adaptive_k_v2_snr,0.2340909090909091,2200
fgsm,eps,0.25,8,adaptive_k,0.24045454545454545,2200
fgsm,eps,0.25,8,spectral_gated,0.23954545454545453,2200
fgsm,eps,0.25,8,kalman,0.2318181818181818,2200
fgsm,eps,0.25,8,wiener,0.245,2200
fgsm,eps,0.25,8,savitzky_golay,0.22454545454545455,2200
fgsm,eps,0.25,8,gaussian,0.23363636363636364,2200
fgsm,eps,0.25,8,fir,0.21636363636363637,2200
fgsm,eps,0.25,8,rand_smooth,0.2,2200
fgsm,eps,0.25,10,no_defense,0.2190909090909091,2200
fgsm,eps,0.25,10,adaptive_k_v2_snr,0.25545454545454543,2200
fgsm,eps,0.25,10,adaptive_k,0.23681818181818182,2200
fgsm,eps,0.25,10,spectral_gated,0.2290909090909091,2200
fgsm,eps,0.25,10,kalman,0.21636363636363637,2200
fgsm,eps,0.25,10,wiener,0.25545454545454543,2200
fgsm,eps,0.25,10,savitzky_golay,0.22954545454545455,2200
fgsm,eps,0.25,10,gaussian,0.22727272727272727,2200
fgsm,eps,0.25,10,fir,0.22090909090909092,2200
fgsm,eps,0.25,10,rand_smooth,0.2081818181818182,2200
fgsm,eps,0.25,12,no_defense,0.24681818181818183,2200
fgsm,eps,0.25,12,adaptive_k_v2_snr,0.255,2200
fgsm,eps,0.25,12,adaptive_k,0.2636363636363636,2200
fgsm,eps,0.25,12,spectral_gated,0.23454545454545456,2200
fgsm,eps,0.25,12,kalman,0.23681818181818182,2200
fgsm,eps,0.25,12,wiener,0.255,2200
fgsm,eps,0.25,12,savitzky_golay,0.23636363636363636,2200
fgsm,eps,0.25,12,gaussian,0.23545454545454544,2200
fgsm,eps,0.25,12,fir,0.23363636363636364,2200
fgsm,eps,0.25,12,rand_smooth,0.21954545454545454,2200
fgsm,eps,0.25,14,no_defense,0.2640909090909091,2200
fgsm,eps,0.25,14,adaptive_k_v2_snr,0.2718181818181818,2200
fgsm,eps,0.25,14,adaptive_k,0.2718181818181818,2200
fgsm,eps,0.25,14,spectral_gated,0.2690909090909091,2200
fgsm,eps,0.25,14,kalman,0.2595454545454545,2200
fgsm,eps,0.25,14,wiener,0.2731818181818182,2200
fgsm,eps,0.25,14,savitzky_golay,0.26272727272727275,2200
fgsm,eps,0.25,14,gaussian,0.26454545454545453,2200
fgsm,eps,0.25,14,fir,0.25,2200
fgsm,eps,0.25,14,rand_smooth,0.2059090909090909,2200
fgsm,eps,0.25,16,no_defense,0.28045454545454546,2200
fgsm,eps,0.25,16,adaptive_k_v2_snr,0.2786363636363636,2200
fgsm,eps,0.25,16,adaptive_k,0.2777272727272727,2200
fgsm,eps,0.25,16,spectral_gated,0.2786363636363636,2200
fgsm,eps,0.25,16,kalman,0.2759090909090909,2200
fgsm,eps,0.25,16,wiener,0.2913636363636364,2200
fgsm,eps,0.25,16,savitzky_golay,0.28545454545454546,2200
fgsm,eps,0.25,16,gaussian,0.2809090909090909,2200
fgsm,eps,0.25,16,fir,0.26681818181818184,2200
fgsm,eps,0.25,16,rand_smooth,0.20909090909090908,2200
fgsm,eps,0.25,18,no_defense,0.2831818181818182,2200
fgsm,eps,0.25,18,adaptive_k_v2_snr,0.28363636363636363,2200
fgsm,eps,0.25,18,adaptive_k,0.2786363636363636,2200
fgsm,eps,0.25,18,spectral_gated,0.2822727272727273,2200
fgsm,eps,0.25,18,kalman,0.2831818181818182,2200
fgsm,eps,0.25,18,wiener,0.2968181818181818,2200
fgsm,eps,0.25,18,savitzky_golay,0.2759090909090909,2200
fgsm,eps,0.25,18,gaussian,0.285,2200
fgsm,eps,0.25,18,fir,0.2672727272727273,2200
fgsm,eps,0.25,18,rand_smooth,0.205,2200
pgd,eps,0.25,0,no_defense,0.0,2200
pgd,eps,0.25,0,adaptive_k_v2_snr,0.0013636363636363637,2200
pgd,eps,0.25,0,adaptive_k,0.0,2200
pgd,eps,0.25,0,spectral_gated,0.0,2200
pgd,eps,0.25,0,kalman,0.0,2200
pgd,eps,0.25,0,wiener,0.0022727272727272726,2200
pgd,eps,0.25,0,savitzky_golay,0.00045454545454545455,2200
pgd,eps,0.25,0,gaussian,0.0,2200
pgd,eps,0.25,0,fir,0.056818181818181816,2200
pgd,eps,0.25,0,rand_smooth,0.13772727272727273,2200
pgd,eps,0.25,2,no_defense,0.0,2200
pgd,eps,0.25,2,adaptive_k_v2_snr,0.00045454545454545455,2200
pgd,eps,0.25,2,adaptive_k,0.0,2200
pgd,eps,0.25,2,spectral_gated,0.0,2200
pgd,eps,0.25,2,kalman,0.0009090909090909091,2200
pgd,eps,0.25,2,wiener,0.0009090909090909091,2200
pgd,eps,0.25,2,savitzky_golay,0.011818181818181818,2200
pgd,eps,0.25,2,gaussian,0.0018181818181818182,2200
pgd,eps,0.25,2,fir,0.012272727272727272,2200
pgd,eps,0.25,2,rand_smooth,0.18227272727272728,2200
pgd,eps,0.25,4,no_defense,0.0,2200
pgd,eps,0.25,4,adaptive_k_v2_snr,0.00045454545454545455,2200
pgd,eps,0.25,4,adaptive_k,0.00045454545454545455,2200
pgd,eps,0.25,4,spectral_gated,0.0,2200
pgd,eps,0.25,4,kalman,0.0,2200
pgd,eps,0.25,4,wiener,0.0018181818181818182,2200
pgd,eps,0.25,4,savitzky_golay,0.007727272727272728,2200
pgd,eps,0.25,4,gaussian,0.0022727272727272726,2200
pgd,eps,0.25,4,fir,0.010454545454545454,2200
pgd,eps,0.25,4,rand_smooth,0.18727272727272729,2200
pgd,eps,0.25,6,no_defense,0.00045454545454545455,2200
pgd,eps,0.25,6,adaptive_k_v2_snr,0.0027272727272727275,2200
pgd,eps,0.25,6,adaptive_k,0.0022727272727272726,2200
pgd,eps,0.25,6,spectral_gated,0.00045454545454545455,2200
pgd,eps,0.25,6,kalman,0.00045454545454545455,2200
pgd,eps,0.25,6,wiener,0.005,2200
pgd,eps,0.25,6,savitzky_golay,0.010454545454545454,2200
pgd,eps,0.25,6,gaussian,0.005,2200
pgd,eps,0.25,6,fir,0.04454545454545455,2200
pgd,eps,0.25,6,rand_smooth,0.21,2200
pgd,eps,0.25,8,no_defense,0.0027272727272727275,2200
pgd,eps,0.25,8,adaptive_k_v2_snr,0.01090909090909091,2200
pgd,eps,0.25,8,adaptive_k,0.010454545454545454,2200
pgd,eps,0.25,8,spectral_gated,0.003181818181818182,2200
pgd,eps,0.25,8,kalman,0.006363636363636364,2200
pgd,eps,0.25,8,wiener,0.006363636363636364,2200
pgd,eps,0.25,8,savitzky_golay,0.014545454545454545,2200
pgd,eps,0.25,8,gaussian,0.006363636363636364,2200
pgd,eps,0.25,8,fir,0.013636363636363636,2200
pgd,eps,0.25,8,rand_smooth,0.19863636363636364,2200
pgd,eps,0.25,10,no_defense,0.006363636363636364,2200
pgd,eps,0.25,10,adaptive_k_v2_snr,0.031363636363636364,2200
pgd,eps,0.25,10,adaptive_k,0.028181818181818183,2200
pgd,eps,0.25,10,spectral_gated,0.00909090909090909,2200
pgd,eps,0.25,10,kalman,0.007272727272727273,2200
pgd,eps,0.25,10,wiener,0.019090909090909092,2200
pgd,eps,0.25,10,savitzky_golay,0.026818181818181817,2200
pgd,eps,0.25,10,gaussian,0.007727272727272728,2200
pgd,eps,0.25,10,fir,0.065,2200
pgd,eps,0.25,10,rand_smooth,0.2190909090909091,2200
pgd,eps,0.25,12,no_defense,0.01090909090909091,2200
pgd,eps,0.25,12,adaptive_k_v2_snr,0.04045454545454545,2200
pgd,eps,0.25,12,adaptive_k,0.038181818181818185,2200
pgd,eps,0.25,12,spectral_gated,0.012727272727272728,2200
pgd,eps,0.25,12,kalman,0.014090909090909091,2200
pgd,eps,0.25,12,wiener,0.019090909090909092,2200
pgd,eps,0.25,12,savitzky_golay,0.024545454545454544,2200
pgd,eps,0.25,12,gaussian,0.011818181818181818,2200
pgd,eps,0.25,12,fir,0.05409090909090909,2200
pgd,eps,0.25,12,rand_smooth,0.22318181818181818,2200
pgd,eps,0.25,14,no_defense,0.011363636363636364,2200
pgd,eps,0.25,14,adaptive_k_v2_snr,0.045,2200
pgd,eps,0.25,14,adaptive_k,0.042272727272727274,2200
pgd,eps,0.25,14,spectral_gated,0.015,2200
pgd,eps,0.25,14,kalman,0.01681818181818182,2200
pgd,eps,0.25,14,wiener,0.021363636363636362,2200
pgd,eps,0.25,14,savitzky_golay,0.026818181818181817,2200
pgd,eps,0.25,14,gaussian,0.013636363636363636,2200
pgd,eps,0.25,14,fir,0.028636363636363637,2200
pgd,eps,0.25,14,rand_smooth,0.21636363636363637,2200
pgd,eps,0.25,16,no_defense,0.017272727272727273,2200
pgd,eps,0.25,16,adaptive_k_v2_snr,0.05409090909090909,2200
pgd,eps,0.25,16,adaptive_k,0.05,2200
pgd,eps,0.25,16,spectral_gated,0.020454545454545454,2200
pgd,eps,0.25,16,kalman,0.01818181818181818,2200
pgd,eps,0.25,16,wiener,0.02727272727272727,2200
pgd,eps,0.25,16,savitzky_golay,0.03227272727272727,2200
pgd,eps,0.25,16,gaussian,0.019090909090909092,2200
pgd,eps,0.25,16,fir,0.06818181818181818,2200
pgd,eps,0.25,16,rand_smooth,0.21545454545454545,2200
pgd,eps,0.25,18,no_defense,0.017727272727272727,2200
pgd,eps,0.25,18,adaptive_k_v2_snr,0.05545454545454546,2200
pgd,eps,0.25,18,adaptive_k,0.053636363636363635,2200
pgd,eps,0.25,18,spectral_gated,0.02090909090909091,2200
pgd,eps,0.25,18,kalman,0.023181818181818182,2200
pgd,eps,0.25,18,wiener,0.02909090909090909,2200
pgd,eps,0.25,18,savitzky_golay,0.03409090909090909,2200
pgd,eps,0.25,18,gaussian,0.019090909090909092,2200
pgd,eps,0.25,18,fir,0.07954545454545454,2200
pgd,eps,0.25,18,rand_smooth,0.21863636363636363,2200
fgsm,eps,0.3,0,no_defense,0.20636363636363636,2200
fgsm,eps,0.3,0,adaptive_k_v2_snr,0.17227272727272727,2200
fgsm,eps,0.3,0,adaptive_k,0.2059090909090909,2200
fgsm,eps,0.3,0,spectral_gated,0.17954545454545454,2200
fgsm,eps,0.3,0,kalman,0.15181818181818182,2200
fgsm,eps,0.3,0,wiener,0.155,2200
fgsm,eps,0.3,0,savitzky_golay,0.17636363636363636,2200
fgsm,eps,0.3,0,gaussian,0.16590909090909092,2200
fgsm,eps,0.3,0,fir,0.12363636363636364,2200
fgsm,eps,0.3,0,rand_smooth,0.12863636363636363,2200
fgsm,eps,0.3,2,no_defense,0.18545454545454546,2200
fgsm,eps,0.3,2,adaptive_k_v2_snr,0.17954545454545454,2200
fgsm,eps,0.3,2,adaptive_k,0.18363636363636363,2200
fgsm,eps,0.3,2,spectral_gated,0.1831818181818182,2200
fgsm,eps,0.3,2,kalman,0.1759090909090909,2200
fgsm,eps,0.3,2,wiener,0.18818181818181817,2200
fgsm,eps,0.3,2,savitzky_golay,0.1668181818181818,2200
fgsm,eps,0.3,2,gaussian,0.18181818181818182,2200
fgsm,eps,0.3,2,fir,0.15227272727272728,2200
fgsm,eps,0.3,2,rand_smooth,0.175,2200
fgsm,eps,0.3,4,no_defense,0.19863636363636364,2200
fgsm,eps,0.3,4,adaptive_k_v2_snr,0.195,2200
fgsm,eps,0.3,4,adaptive_k,0.1968181818181818,2200
fgsm,eps,0.3,4,spectral_gated,0.2018181818181818,2200
fgsm,eps,0.3,4,kalman,0.18772727272727271,2200
fgsm,eps,0.3,4,wiener,0.1990909090909091,2200
fgsm,eps,0.3,4,savitzky_golay,0.17727272727272728,2200
fgsm,eps,0.3,4,gaussian,0.18227272727272728,2200
fgsm,eps,0.3,4,fir,0.16136363636363638,2200
fgsm,eps,0.3,4,rand_smooth,0.17227272727272727,2200
fgsm,eps,0.3,6,no_defense,0.19590909090909092,2200
fgsm,eps,0.3,6,adaptive_k_v2_snr,0.19772727272727272,2200
fgsm,eps,0.3,6,adaptive_k,0.20045454545454544,2200
fgsm,eps,0.3,6,spectral_gated,0.19636363636363635,2200
fgsm,eps,0.3,6,kalman,0.2,2200
fgsm,eps,0.3,6,wiener,0.21272727272727274,2200
fgsm,eps,0.3,6,savitzky_golay,0.19818181818181818,2200
fgsm,eps,0.3,6,gaussian,0.2040909090909091,2200
fgsm,eps,0.3,6,fir,0.19363636363636363,2200
fgsm,eps,0.3,6,rand_smooth,0.19045454545454546,2200
fgsm,eps,0.3,8,no_defense,0.21227272727272728,2200
fgsm,eps,0.3,8,adaptive_k_v2_snr,0.21,2200
fgsm,eps,0.3,8,adaptive_k,0.21954545454545454,2200
fgsm,eps,0.3,8,spectral_gated,0.21227272727272728,2200
fgsm,eps,0.3,8,kalman,0.21227272727272728,2200
fgsm,eps,0.3,8,wiener,0.22590909090909092,2200
fgsm,eps,0.3,8,savitzky_golay,0.20272727272727273,2200
fgsm,eps,0.3,8,gaussian,0.215,2200
fgsm,eps,0.3,8,fir,0.18454545454545454,2200
fgsm,eps,0.3,8,rand_smooth,0.18772727272727271,2200
fgsm,eps,0.3,10,no_defense,0.2018181818181818,2200
fgsm,eps,0.3,10,adaptive_k_v2_snr,0.22181818181818183,2200
fgsm,eps,0.3,10,adaptive_k,0.21454545454545454,2200
fgsm,eps,0.3,10,spectral_gated,0.20363636363636364,2200
fgsm,eps,0.3,10,kalman,0.20363636363636364,2200
fgsm,eps,0.3,10,wiener,0.2290909090909091,2200
fgsm,eps,0.3,10,savitzky_golay,0.21045454545454545,2200
fgsm,eps,0.3,10,gaussian,0.21136363636363636,2200
fgsm,eps,0.3,10,fir,0.19272727272727272,2200
fgsm,eps,0.3,10,rand_smooth,0.20454545454545456,2200
fgsm,eps,0.3,12,no_defense,0.22136363636363637,2200
fgsm,eps,0.3,12,adaptive_k_v2_snr,0.22863636363636364,2200
fgsm,eps,0.3,12,adaptive_k,0.235,2200
fgsm,eps,0.3,12,spectral_gated,0.22227272727272726,2200
fgsm,eps,0.3,12,kalman,0.225,2200
fgsm,eps,0.3,12,wiener,0.24181818181818182,2200
fgsm,eps,0.3,12,savitzky_golay,0.2159090909090909,2200
fgsm,eps,0.3,12,gaussian,0.22772727272727272,2200
fgsm,eps,0.3,12,fir,0.21545454545454545,2200
fgsm,eps,0.3,12,rand_smooth,0.205,2200
fgsm,eps,0.3,14,no_defense,0.24863636363636363,2200
fgsm,eps,0.3,14,adaptive_k_v2_snr,0.24863636363636363,2200
fgsm,eps,0.3,14,adaptive_k,0.26045454545454544,2200
fgsm,eps,0.3,14,spectral_gated,0.24636363636363637,2200
fgsm,eps,0.3,14,kalman,0.23454545454545456,2200
fgsm,eps,0.3,14,wiener,0.25136363636363634,2200
fgsm,eps,0.3,14,savitzky_golay,0.235,2200
fgsm,eps,0.3,14,gaussian,0.24409090909090908,2200
fgsm,eps,0.3,14,fir,0.23318181818181818,2200
fgsm,eps,0.3,14,rand_smooth,0.20318181818181819,2200
fgsm,eps,0.3,16,no_defense,0.25727272727272726,2200
fgsm,eps,0.3,16,adaptive_k_v2_snr,0.26227272727272727,2200
fgsm,eps,0.3,16,adaptive_k,0.2581818181818182,2200
fgsm,eps,0.3,16,spectral_gated,0.26136363636363635,2200
fgsm,eps,0.3,16,kalman,0.2586363636363636,2200
fgsm,eps,0.3,16,wiener,0.26454545454545453,2200
fgsm,eps,0.3,16,savitzky_golay,0.24863636363636363,2200
fgsm,eps,0.3,16,gaussian,0.25681818181818183,2200
fgsm,eps,0.3,16,fir,0.24136363636363636,2200
fgsm,eps,0.3,16,rand_smooth,0.19136363636363637,2200
fgsm,eps,0.3,18,no_defense,0.2681818181818182,2200
fgsm,eps,0.3,18,adaptive_k_v2_snr,0.2595454545454545,2200
fgsm,eps,0.3,18,adaptive_k,0.2690909090909091,2200
fgsm,eps,0.3,18,spectral_gated,0.26227272727272727,2200
fgsm,eps,0.3,18,kalman,0.26045454545454544,2200
fgsm,eps,0.3,18,wiener,0.27090909090909093,2200
fgsm,eps,0.3,18,savitzky_golay,0.25681818181818183,2200
fgsm,eps,0.3,18,gaussian,0.2677272727272727,2200
fgsm,eps,0.3,18,fir,0.24681818181818183,2200
fgsm,eps,0.3,18,rand_smooth,0.19454545454545455,2200
pgd,eps,0.3,0,no_defense,0.0,2200
pgd,eps,0.3,0,adaptive_k_v2_snr,0.0009090909090909091,2200
pgd,eps,0.3,0,adaptive_k,0.0,2200
pgd,eps,0.3,0,spectral_gated,0.0,2200
pgd,eps,0.3,0,kalman,0.0,2200
pgd,eps,0.3,0,wiener,0.0022727272727272726,2200
pgd,eps,0.3,0,savitzky_golay,0.00045454545454545455,2200
pgd,eps,0.3,0,gaussian,0.0,2200
pgd,eps,0.3,0,fir,0.07954545454545454,2200
pgd,eps,0.3,0,rand_smooth,0.10454545454545454,2200
pgd,eps,0.3,2,no_defense,0.0,2200
pgd,eps,0.3,2,adaptive_k_v2_snr,0.0,2200
pgd,eps,0.3,2,adaptive_k,0.0,2200
pgd,eps,0.3,2,spectral_gated,0.0,2200
pgd,eps,0.3,2,kalman,0.0,2200
pgd,eps,0.3,2,wiener,0.0013636363636363637,2200
pgd,eps,0.3,2,savitzky_golay,0.015,2200
pgd,eps,0.3,2,gaussian,0.0027272727272727275,2200
pgd,eps,0.3,2,fir,0.02181818181818182,2200
pgd,eps,0.3,2,rand_smooth,0.1590909090909091,2200
pgd,eps,0.3,4,no_defense,0.0,2200
pgd,eps,0.3,4,adaptive_k_v2_snr,0.0,2200
pgd,eps,0.3,4,adaptive_k,0.0,2200
pgd,eps,0.3,4,spectral_gated,0.0,2200
pgd,eps,0.3,4,kalman,0.0,2200
pgd,eps,0.3,4,wiener,0.0013636363636363637,2200
pgd,eps,0.3,4,savitzky_golay,0.014090909090909091,2200
pgd,eps,0.3,4,gaussian,0.0018181818181818182,2200
pgd,eps,0.3,4,fir,0.02181818181818182,2200
pgd,eps,0.3,4,rand_smooth,0.16136363636363638,2200
pgd,eps,0.3,6,no_defense,0.0,2200
pgd,eps,0.3,6,adaptive_k_v2_snr,0.00045454545454545455,2200
pgd,eps,0.3,6,adaptive_k,0.00045454545454545455,2200
pgd,eps,0.3,6,spectral_gated,0.0,2200
pgd,eps,0.3,6,kalman,0.0,2200
pgd,eps,0.3,6,wiener,0.0013636363636363637,2200
pgd,eps,0.3,6,savitzky_golay,0.01681818181818182,2200
pgd,eps,0.3,6,gaussian,0.0018181818181818182,2200
pgd,eps,0.3,6,fir,0.07136363636363637,2200
pgd,eps,0.3,6,rand_smooth,0.1890909090909091,2200
pgd,eps,0.3,8,no_defense,0.0013636363636363637,2200
pgd,eps,0.3,8,adaptive_k_v2_snr,0.007727272727272728,2200
pgd,eps,0.3,8,adaptive_k,0.007272727272727273,2200
pgd,eps,0.3,8,spectral_gated,0.0013636363636363637,2200
pgd,eps,0.3,8,kalman,0.003181818181818182,2200
pgd,eps,0.3,8,wiener,0.005454545454545455,2200
pgd,eps,0.3,8,savitzky_golay,0.015454545454545455,2200
pgd,eps,0.3,8,gaussian,0.005909090909090909,2200
pgd,eps,0.3,8,fir,0.025,2200
pgd,eps,0.3,8,rand_smooth,0.1781818181818182,2200
pgd,eps,0.3,10,no_defense,0.0036363636363636364,2200
pgd,eps,0.3,10,adaptive_k_v2_snr,0.019090909090909092,2200
pgd,eps,0.3,10,adaptive_k,0.01818181818181818,2200
pgd,eps,0.3,10,spectral_gated,0.005,2200
pgd,eps,0.3,10,kalman,0.0036363636363636364,2200
pgd,eps,0.3,10,wiener,0.01,2200
pgd,eps,0.3,10,savitzky_golay,0.022272727272727274,2200
pgd,eps,0.3,10,gaussian,0.0036363636363636364,2200
pgd,eps,0.3,10,fir,0.06863636363636363,2200
pgd,eps,0.3,10,rand_smooth,0.20909090909090908,2200
pgd,eps,0.3,12,no_defense,0.008181818181818182,2200
pgd,eps,0.3,12,adaptive_k_v2_snr,0.034545454545454546,2200
pgd,eps,0.3,12,adaptive_k,0.035,2200
pgd,eps,0.3,12,spectral_gated,0.010454545454545454,2200
pgd,eps,0.3,12,kalman,0.011818181818181818,2200
pgd,eps,0.3,12,wiener,0.014090909090909091,2200
pgd,eps,0.3,12,savitzky_golay,0.028636363636363637,2200
pgd,eps,0.3,12,gaussian,0.00909090909090909,2200
pgd,eps,0.3,12,fir,0.07227272727272727,2200
pgd,eps,0.3,12,rand_smooth,0.20636363636363636,2200
pgd,eps,0.3,14,no_defense,0.00909090909090909,2200
pgd,eps,0.3,14,adaptive_k_v2_snr,0.04363636363636364,2200
pgd,eps,0.3,14,adaptive_k,0.042272727272727274,2200
pgd,eps,0.3,14,spectral_gated,0.015454545454545455,2200
pgd,eps,0.3,14,kalman,0.015,2200
pgd,eps,0.3,14,wiener,0.019090909090909092,2200
pgd,eps,0.3,14,savitzky_golay,0.03090909090909091,2200
pgd,eps,0.3,14,gaussian,0.012727272727272728,2200
pgd,eps,0.3,14,fir,0.038181818181818185,2200
pgd,eps,0.3,14,rand_smooth,0.2018181818181818,2200
pgd,eps,0.3,16,no_defense,0.011363636363636364,2200
pgd,eps,0.3,16,adaptive_k_v2_snr,0.042272727272727274,2200
pgd,eps,0.3,16,adaptive_k,0.04181818181818182,2200
pgd,eps,0.3,16,spectral_gated,0.015454545454545455,2200
pgd,eps,0.3,16,kalman,0.013636363636363636,2200
pgd,eps,0.3,16,wiener,0.017727272727272727,2200
pgd,eps,0.3,16,savitzky_golay,0.031363636363636364,2200
pgd,eps,0.3,16,gaussian,0.015,2200
pgd,eps,0.3,16,fir,0.085,2200
pgd,eps,0.3,16,rand_smooth,0.19454545454545455,2200
pgd,eps,0.3,18,no_defense,0.015454545454545455,2200
pgd,eps,0.3,18,adaptive_k_v2_snr,0.04863636363636364,2200
pgd,eps,0.3,18,adaptive_k,0.04863636363636364,2200
pgd,eps,0.3,18,spectral_gated,0.019090909090909092,2200
pgd,eps,0.3,18,kalman,0.02,2200
pgd,eps,0.3,18,wiener,0.022727272727272728,2200
pgd,eps,0.3,18,savitzky_golay,0.03318181818181818,2200
pgd,eps,0.3,18,gaussian,0.018636363636363635,2200
pgd,eps,0.3,18,fir,0.08727272727272728,2200
pgd,eps,0.3,18,rand_smooth,0.19045454545454546,2200
cw,c,0.01,0,no_defense,0.625,2200
cw,c,0.01,0,adaptive_k_v2_snr,0.8054545454545454,2200
cw,c,0.01,0,adaptive_k,0.7322727272727273,2200
cw,c,0.01,0,spectral_gated,0.7927272727272727,2200
cw,c,0.01,0,kalman,0.7345454545454545,2200
cw,c,0.01,0,wiener,0.6790909090909091,2200
cw,c,0.01,0,savitzky_golay,0.7709090909090909,2200
cw,c,0.01,0,gaussian,0.785,2200
cw,c,0.01,0,fir,0.5790909090909091,2200
cw,c,0.01,0,rand_smooth,0.23727272727272727,2200
cw,c,0.01,2,no_defense,0.6804545454545454,2200
cw,c,0.01,2,adaptive_k_v2_snr,0.8281818181818181,2200
cw,c,0.01,2,adaptive_k,0.7877272727272727,2200
cw,c,0.01,2,spectral_gated,0.8204545454545454,2200
cw,c,0.01,2,kalman,0.7459090909090909,2200
cw,c,0.01,2,wiener,0.7481818181818182,2200
cw,c,0.01,2,savitzky_golay,0.7263636363636363,2200
cw,c,0.01,2,gaussian,0.7445454545454545,2200
cw,c,0.01,2,fir,0.755,2200
cw,c,0.01,2,rand_smooth,0.25,2200
cw,c,0.01,4,no_defense,0.6986363636363636,2200
cw,c,0.01,4,adaptive_k_v2_snr,0.8195454545454546,2200
cw,c,0.01,4,adaptive_k,0.8009090909090909,2200
cw,c,0.01,4,spectral_gated,0.8086363636363636,2200
cw,c,0.01,4,kalman,0.7813636363636364,2200
cw,c,0.01,4,wiener,0.7495454545454545,2200
cw,c,0.01,4,savitzky_golay,0.7463636363636363,2200
cw,c,0.01,4,gaussian,0.7540909090909091,2200
cw,c,0.01,4,fir,0.7622727272727273,2200
cw,c,0.01,4,rand_smooth,0.24363636363636362,2200
cw,c,0.01,6,no_defense,0.7268181818181818,2200
cw,c,0.01,6,adaptive_k_v2_snr,0.8377272727272728,2200
cw,c,0.01,6,adaptive_k,0.8268181818181818,2200
cw,c,0.01,6,spectral_gated,0.82,2200
cw,c,0.01,6,kalman,0.7936363636363636,2200
cw,c,0.01,6,wiener,0.7704545454545455,2200
cw,c,0.01,6,savitzky_golay,0.76,2200
cw,c,0.01,6,gaussian,0.7668181818181818,2200
cw,c,0.01,6,fir,0.7540909090909091,2200
cw,c,0.01,6,rand_smooth,0.26136363636363635,2200
cw,c,0.01,8,no_defense,0.7286363636363636,2200
cw,c,0.01,8,adaptive_k_v2_snr,0.8313636363636364,2200
cw,c,0.01,8,adaptive_k,0.8213636363636364,2200
cw,c,0.01,8,spectral_gated,0.8213636363636364,2200
cw,c,0.01,8,kalman,0.7672727272727272,2200
cw,c,0.01,8,wiener,0.7613636363636364,2200
cw,c,0.01,8,savitzky_golay,0.7631818181818182,2200
cw,c,0.01,8,gaussian,0.7659090909090909,2200
cw,c,0.01,8,fir,0.7813636363636364,2200
cw,c,0.01,8,rand_smooth,0.24545454545454545,2200
cw,c,0.01,10,no_defense,0.75,2200
cw,c,0.01,10,adaptive_k_v2_snr,0.8668181818181818,2200
cw,c,0.01,10,adaptive_k,0.8545454545454545,2200
cw,c,0.01,10,spectral_gated,0.8418181818181818,2200
cw,c,0.01,10,kalman,0.8454545454545455,2200
cw,c,0.01,10,wiener,0.7845454545454545,2200
cw,c,0.01,10,savitzky_golay,0.7763636363636364,2200
cw,c,0.01,10,gaussian,0.8336363636363636,2200
cw,c,0.01,10,fir,0.7909090909090909,2200
cw,c,0.01,10,rand_smooth,0.255,2200
cw,c,0.01,12,no_defense,0.7454545454545455,2200
cw,c,0.01,12,adaptive_k_v2_snr,0.8472727272727273,2200
cw,c,0.01,12,adaptive_k,0.8372727272727273,2200
cw,c,0.01,12,spectral_gated,0.8313636363636364,2200
cw,c,0.01,12,kalman,0.8077272727272727,2200
cw,c,0.01,12,wiener,0.7745454545454545,2200
cw,c,0.01,12,savitzky_golay,0.77,2200
cw,c,0.01,12,gaussian,0.8227272727272728,2200
cw,c,0.01,12,fir,0.7631818181818182,2200
cw,c,0.01,12,rand_smooth,0.26636363636363636,2200
cw,c,0.01,14,no_defense,0.7513636363636363,2200
cw,c,0.01,14,adaptive_k_v2_snr,0.8481818181818181,2200
cw,c,0.01,14,adaptive_k,0.8409090909090909,2200
cw,c,0.01,14,spectral_gated,0.84,2200
cw,c,0.01,14,kalman,0.7931818181818182,2200
cw,c,0.01,14,wiener,0.7686363636363637,2200
cw,c,0.01,14,savitzky_golay,0.7672727272727272,2200
cw,c,0.01,14,gaussian,0.8277272727272728,2200
cw,c,0.01,14,fir,0.7822727272727272,2200
cw,c,0.01,14,rand_smooth,0.2531818181818182,2200
cw,c,0.01,16,no_defense,0.755,2200
cw,c,0.01,16,adaptive_k_v2_snr,0.8504545454545455,2200
cw,c,0.01,16,adaptive_k,0.8381818181818181,2200
cw,c,0.01,16,spectral_gated,0.8318181818181818,2200
cw,c,0.01,16,kalman,0.8472727272727273,2200
cw,c,0.01,16,wiener,0.7763636363636364,2200
cw,c,0.01,16,savitzky_golay,0.7781818181818182,2200
cw,c,0.01,16,gaussian,0.8436363636363636,2200
cw,c,0.01,16,fir,0.7809090909090909,2200
cw,c,0.01,16,rand_smooth,0.26136363636363635,2200
cw,c,0.01,18,no_defense,0.7459090909090909,2200
cw,c,0.01,18,adaptive_k_v2_snr,0.8413636363636363,2200
cw,c,0.01,18,adaptive_k,0.8340909090909091,2200
cw,c,0.01,18,spectral_gated,0.8336363636363636,2200
cw,c,0.01,18,kalman,0.8045454545454546,2200
cw,c,0.01,18,wiener,0.7695454545454545,2200
cw,c,0.01,18,savitzky_golay,0.7727272727272727,2200
cw,c,0.01,18,gaussian,0.83,2200
cw,c,0.01,18,fir,0.7786363636363637,2200
cw,c,0.01,18,rand_smooth,0.24863636363636363,2200
eadl1,c,0.01,0,no_defense,0.07681818181818181,2200
eadl1,c,0.01,0,adaptive_k_v2_snr,0.7136363636363636,2200
eadl1,c,0.01,0,adaptive_k,0.5254545454545455,2200
eadl1,c,0.01,0,spectral_gated,0.7340909090909091,2200
eadl1,c,0.01,0,kalman,0.6036363636363636,2200
eadl1,c,0.01,0,wiener,0.5440909090909091,2200
eadl1,c,0.01,0,savitzky_golay,0.6386363636363637,2200
eadl1,c,0.01,0,gaussian,0.6236363636363637,2200
eadl1,c,0.01,0,fir,0.46454545454545454,2200
eadl1,c,0.01,0,rand_smooth,0.23363636363636364,2200
eadl1,c,0.01,2,no_defense,0.06863636363636363,2200
eadl1,c,0.01,2,adaptive_k_v2_snr,0.7345454545454545,2200
eadl1,c,0.01,2,adaptive_k,0.6468181818181818,2200
eadl1,c,0.01,2,spectral_gated,0.7404545454545455,2200
eadl1,c,0.01,2,kalman,0.6045454545454545,2200
eadl1,c,0.01,2,wiener,0.5859090909090909,2200
eadl1,c,0.01,2,savitzky_golay,0.5631818181818182,2200
eadl1,c,0.01,2,gaussian,0.5786363636363636,2200
eadl1,c,0.01,2,fir,0.5931818181818181,2200
eadl1,c,0.01,2,rand_smooth,0.25272727272727274,2200
eadl1,c,0.01,4,no_defense,0.07136363636363637,2200
eadl1,c,0.01,4,adaptive_k_v2_snr,0.7436363636363637,2200
eadl1,c,0.01,4,adaptive_k,0.6981818181818182,2200
eadl1,c,0.01,4,spectral_gated,0.7563636363636363,2200
eadl1,c,0.01,4,kalman,0.6768181818181818,2200
eadl1,c,0.01,4,wiener,0.6209090909090909,2200
eadl1,c,0.01,4,savitzky_golay,0.6259090909090909,2200
eadl1,c,0.01,4,gaussian,0.615909090909091,2200
eadl1,c,0.01,4,fir,0.6459090909090909,2200
eadl1,c,0.01,4,rand_smooth,0.24227272727272728,2200
eadl1,c,0.01,6,no_defense,0.06636363636363636,2200
eadl1,c,0.01,6,adaptive_k_v2_snr,0.7595454545454545,2200
eadl1,c,0.01,6,adaptive_k,0.7222727272727273,2200
eadl1,c,0.01,6,spectral_gated,0.7622727272727273,2200
eadl1,c,0.01,6,kalman,0.7086363636363636,2200
eadl1,c,0.01,6,wiener,0.6595454545454545,2200
eadl1,c,0.01,6,savitzky_golay,0.649090909090909,2200
eadl1,c,0.01,6,gaussian,0.644090909090909,2200
eadl1,c,0.01,6,fir,0.6227272727272727,2200
eadl1,c,0.01,6,rand_smooth,0.2545454545454545,2200
eadl1,c,0.01,8,no_defense,0.065,2200
eadl1,c,0.01,8,adaptive_k_v2_snr,0.7581818181818182,2200
eadl1,c,0.01,8,adaptive_k,0.7104545454545454,2200
eadl1,c,0.01,8,spectral_gated,0.7645454545454545,2200
eadl1,c,0.01,8,kalman,0.6822727272727273,2200
eadl1,c,0.01,8,wiener,0.685,2200
eadl1,c,0.01,8,savitzky_golay,0.6604545454545454,2200
eadl1,c,0.01,8,gaussian,0.6690909090909091,2200
eadl1,c,0.01,8,fir,0.7263636363636363,2200
eadl1,c,0.01,8,rand_smooth,0.23954545454545453,2200
eadl1,c,0.01,10,no_defense,0.06454545454545454,2200
eadl1,c,0.01,10,adaptive_k_v2_snr,0.8145454545454546,2200
eadl1,c,0.01,10,adaptive_k,0.7613636363636364,2200
eadl1,c,0.01,10,spectral_gated,0.8168181818181818,2200
eadl1,c,0.01,10,kalman,0.77,2200
eadl1,c,0.01,10,wiener,0.7236363636363636,2200
eadl1,c,0.01,10,savitzky_golay,0.685,2200
eadl1,c,0.01,10,gaussian,0.7463636363636363,2200
eadl1,c,0.01,10,fir,0.7263636363636363,2200
eadl1,c,0.01,10,rand_smooth,0.2590909090909091,2200
eadl1,c,0.01,12,no_defense,0.07636363636363637,2200
eadl1,c,0.01,12,adaptive_k_v2_snr,0.7972727272727272,2200
eadl1,c,0.01,12,adaptive_k,0.7486363636363637,2200
eadl1,c,0.01,12,spectral_gated,0.7927272727272727,2200
eadl1,c,0.01,12,kalman,0.7454545454545455,2200
eadl1,c,0.01,12,wiener,0.7077272727272728,2200
eadl1,c,0.01,12,savitzky_golay,0.6759090909090909,2200
eadl1,c,0.01,12,gaussian,0.7513636363636363,2200
eadl1,c,0.01,12,fir,0.6481818181818182,2200
eadl1,c,0.01,12,rand_smooth,0.26272727272727275,2200
eadl1,c,0.01,14,no_defense,0.06909090909090909,2200
eadl1,c,0.01,14,adaptive_k_v2_snr,0.79,2200
eadl1,c,0.01,14,adaptive_k,0.7368181818181818,2200
eadl1,c,0.01,14,spectral_gated,0.7936363636363636,2200
eadl1,c,0.01,14,kalman,0.740909090909091,2200
eadl1,c,0.01,14,wiener,0.6972727272727273,2200
eadl1,c,0.01,14,savitzky_golay,0.6654545454545454,2200
eadl1,c,0.01,14,gaussian,0.7418181818181818,2200
eadl1,c,0.01,14,fir,0.7563636363636363,2200
eadl1,c,0.01,14,rand_smooth,0.24454545454545454,2200
eadl1,c,0.01,16,no_defense,0.06363636363636363,2200
eadl1,c,0.01,16,adaptive_k_v2_snr,0.7990909090909091,2200
eadl1,c,0.01,16,adaptive_k,0.7504545454545455,2200
eadl1,c,0.01,16,spectral_gated,0.7990909090909091,2200
eadl1,c,0.01,16,kalman,0.7822727272727272,2200
eadl1,c,0.01,16,wiener,0.7036363636363636,2200
eadl1,c,0.01,16,savitzky_golay,0.6713636363636364,2200
eadl1,c,0.01,16,gaussian,0.7681818181818182,2200
eadl1,c,0.01,16,fir,0.7159090909090909,2200
eadl1,c,0.01,16,rand_smooth,0.25727272727272726,2200
eadl1,c,0.01,18,no_defense,0.06545454545454546,2200
eadl1,c,0.01,18,adaptive_k_v2_snr,0.79,2200
eadl1,c,0.01,18,adaptive_k,0.7381818181818182,2200
eadl1,c,0.01,18,spectral_gated,0.8018181818181818,2200
eadl1,c,0.01,18,kalman,0.7577272727272727,2200
eadl1,c,0.01,18,wiener,0.7140909090909091,2200
eadl1,c,0.01,18,savitzky_golay,0.6831818181818182,2200
eadl1,c,0.01,18,gaussian,0.7718181818181818,2200
eadl1,c,0.01,18,fir,0.7190909090909091,2200
eadl1,c,0.01,18,rand_smooth,0.25,2200
eaden,c,0.01,0,no_defense,0.02590909090909091,2200
eaden,c,0.01,0,adaptive_k_v2_snr,0.6854545454545454,2200
eaden,c,0.01,0,adaptive_k,0.4590909090909091,2200
eaden,c,0.01,0,spectral_gated,0.6990909090909091,2200
eaden,c,0.01,0,kalman,0.5918181818181818,2200
eaden,c,0.01,0,wiener,0.5313636363636364,2200
eaden,c,0.01,0,savitzky_golay,0.6204545454545455,2200
eaden,c,0.01,0,gaussian,0.6,2200
eaden,c,0.01,0,fir,0.46,2200
eaden,c,0.01,0,rand_smooth,0.23272727272727273,2200
eaden,c,0.01,2,no_defense,0.03318181818181818,2200
eaden,c,0.01,2,adaptive_k_v2_snr,0.7113636363636363,2200
eaden,c,0.01,2,adaptive_k,0.5986363636363636,2200
eaden,c,0.01,2,spectral_gated,0.7122727272727273,2200
eaden,c,0.01,2,kalman,0.5963636363636363,2200
eaden,c,0.01,2,wiener,0.5768181818181818,2200
eaden,c,0.01,2,savitzky_golay,0.5577272727272727,2200
eaden,c,0.01,2,gaussian,0.5622727272727273,2200
eaden,c,0.01,2,fir,0.5818181818181818,2200
eaden,c,0.01,2,rand_smooth,0.2540909090909091,2200
eaden,c,0.01,4,no_defense,0.041363636363636366,2200
eaden,c,0.01,4,adaptive_k_v2_snr,0.7195454545454546,2200
eaden,c,0.01,4,adaptive_k,0.6831818181818182,2200
eaden,c,0.01,4,spectral_gated,0.7177272727272728,2200
eaden,c,0.01,4,kalman,0.6686363636363636,2200
eaden,c,0.01,4,wiener,0.6140909090909091,2200
eaden,c,0.01,4,savitzky_golay,0.6177272727272727,2200
eaden,c,0.01,4,gaussian,0.6086363636363636,2200
eaden,c,0.01,4,fir,0.639090909090909,2200
eaden,c,0.01,4,rand_smooth,0.2409090909090909,2200
eaden,c,0.01,6,no_defense,0.045909090909090906,2200
eaden,c,0.01,6,adaptive_k_v2_snr,0.7286363636363636,2200
eaden,c,0.01,6,adaptive_k,0.6986363636363636,2200
eaden,c,0.01,6,spectral_gated,0.7218181818181818,2200
eaden,c,0.01,6,kalman,0.6931818181818182,2200
eaden,c,0.01,6,wiener,0.6509090909090909,2200
eaden,c,0.01,6,savitzky_golay,0.6413636363636364,2200
eaden,c,0.01,6,gaussian,0.634090909090909,2200
eaden,c,0.01,6,fir,0.6172727272727273,2200
eaden,c,0.01,6,rand_smooth,0.25727272727272726,2200
eaden,c,0.01,8,no_defense,0.03636363636363636,2200
eaden,c,0.01,8,adaptive_k_v2_snr,0.73,2200
eaden,c,0.01,8,adaptive_k,0.6931818181818182,2200
eaden,c,0.01,8,spectral_gated,0.7163636363636363,2200
eaden,c,0.01,8,kalman,0.6727272727272727,2200
eaden,c,0.01,8,wiener,0.6763636363636364,2200
eaden,c,0.01,8,savitzky_golay,0.6559090909090909,2200
eaden,c,0.01,8,gaussian,0.655,2200
eaden,c,0.01,8,fir,0.715,2200
eaden,c,0.01,8,rand_smooth,0.2409090909090909,2200
eaden,c,0.01,10,no_defense,0.045909090909090906,2200
eaden,c,0.01,10,adaptive_k_v2_snr,0.7863636363636364,2200
eaden,c,0.01,10,adaptive_k,0.7422727272727273,2200
eaden,c,0.01,10,spectral_gated,0.7577272727272727,2200
eaden,c,0.01,10,kalman,0.7281818181818182,2200
eaden,c,0.01,10,wiener,0.7059090909090909,2200
eaden,c,0.01,10,savitzky_golay,0.6768181818181818,2200
eaden,c,0.01,10,gaussian,0.7122727272727273,2200
eaden,c,0.01,10,fir,0.7186363636363636,2200
eaden,c,0.01,10,rand_smooth,0.25681818181818183,2200
eaden,c,0.01,12,no_defense,0.04681818181818182,2200
eaden,c,0.01,12,adaptive_k_v2_snr,0.7768181818181819,2200
eaden,c,0.01,12,adaptive_k,0.7322727272727273,2200
eaden,c,0.01,12,spectral_gated,0.7468181818181818,2200
eaden,c,0.01,12,kalman,0.7354545454545455,2200
eaden,c,0.01,12,wiener,0.6945454545454546,2200
eaden,c,0.01,12,savitzky_golay,0.67,2200
eaden,c,0.01,12,gaussian,0.7186363636363636,2200
eaden,c,0.01,12,fir,0.6454545454545455,2200
eaden,c,0.01,12,rand_smooth,0.2595454545454545,2200
eaden,c,0.01,14,no_defense,0.04681818181818182,2200
eaden,c,0.01,14,adaptive_k_v2_snr,0.7654545454545455,2200
eaden,c,0.01,14,adaptive_k,0.7159090909090909,2200
eaden,c,0.01,14,spectral_gated,0.7477272727272727,2200
eaden,c,0.01,14,kalman,0.7277272727272728,2200
eaden,c,0.01,14,wiener,0.6827272727272727,2200
eaden,c,0.01,14,savitzky_golay,0.6613636363636364,2200
eaden,c,0.01,14,gaussian,0.7031818181818181,2200
eaden,c,0.01,14,fir,0.7477272727272727,2200
eaden,c,0.01,14,rand_smooth,0.25227272727272726,2200
eaden,c,0.01,16,no_defense,0.05590909090909091,2200
eaden,c,0.01,16,adaptive_k_v2_snr,0.7695454545454545,2200
eaden,c,0.01,16,adaptive_k,0.725909090909091,2200
eaden,c,0.01,16,spectral_gated,0.7418181818181818,2200
eaden,c,0.01,16,kalman,0.7609090909090909,2200
eaden,c,0.01,16,wiener,0.6954545454545454,2200
eaden,c,0.01,16,savitzky_golay,0.6695454545454546,2200
eaden,c,0.01,16,gaussian,0.7295454545454545,2200
eaden,c,0.01,16,fir,0.7163636363636363,2200
eaden,c,0.01,16,rand_smooth,0.2609090909090909,2200
eaden,c,0.01,18,no_defense,0.05136363636363636,2200
eaden,c,0.01,18,adaptive_k_v2_snr,0.765,2200
eaden,c,0.01,18,adaptive_k,0.72,2200
eaden,c,0.01,18,spectral_gated,0.7490909090909091,2200
eaden,c,0.01,18,kalman,0.7468181818181818,2200
eaden,c,0.01,18,wiener,0.6940909090909091,2200
eaden,c,0.01,18,savitzky_golay,0.6772727272727272,2200
eaden,c,0.01,18,gaussian,0.73,2200
eaden,c,0.01,18,fir,0.7131818181818181,2200
eaden,c,0.01,18,rand_smooth,0.245,2200
cw,c,0.1,0,no_defense,0.2831818181818182,2200
cw,c,0.1,0,adaptive_k_v2_snr,0.6981818181818182,2200
cw,c,0.1,0,adaptive_k,0.5013636363636363,2200
cw,c,0.1,0,spectral_gated,0.6854545454545454,2200
cw,c,0.1,0,kalman,0.6495454545454545,2200
cw,c,0.1,0,wiener,0.5827272727272728,2200
cw,c,0.1,0,savitzky_golay,0.6586363636363637,2200
cw,c,0.1,0,gaussian,0.6518181818181819,2200
cw,c,0.1,0,fir,0.5031818181818182,2200
cw,c,0.1,0,rand_smooth,0.23681818181818182,2200
cw,c,0.1,2,no_defense,0.3859090909090909,2200
cw,c,0.1,2,adaptive_k_v2_snr,0.7254545454545455,2200
cw,c,0.1,2,adaptive_k,0.6277272727272727,2200
cw,c,0.1,2,spectral_gated,0.7081818181818181,2200
cw,c,0.1,2,kalman,0.6713636363636364,2200
cw,c,0.1,2,wiener,0.6545454545454545,2200
cw,c,0.1,2,savitzky_golay,0.6368181818181818,2200
cw,c,0.1,2,gaussian,0.6504545454545455,2200
cw,c,0.1,2,fir,0.6659090909090909,2200
cw,c,0.1,2,rand_smooth,0.25772727272727275,2200
cw,c,0.1,4,no_defense,0.4581818181818182,2200
cw,c,0.1,4,adaptive_k_v2_snr,0.7431818181818182,2200
cw,c,0.1,4,adaptive_k,0.6872727272727273,2200
cw,c,0.1,4,spectral_gated,0.7222727272727273,2200
cw,c,0.1,4,kalman,0.7172727272727273,2200
cw,c,0.1,4,wiener,0.6713636363636364,2200
cw,c,0.1,4,savitzky_golay,0.6745454545454546,2200
cw,c,0.1,4,gaussian,0.6727272727272727,2200
cw,c,0.1,4,fir,0.7,2200
cw,c,0.1,4,rand_smooth,0.24727272727272728,2200
cw,c,0.1,6,no_defense,0.48863636363636365,2200
cw,c,0.1,6,adaptive_k_v2_snr,0.7618181818181818,2200
cw,c,0.1,6,adaptive_k,0.7236363636363636,2200
cw,c,0.1,6,spectral_gated,0.7254545454545455,2200
cw,c,0.1,6,kalman,0.7427272727272727,2200
cw,c,0.1,6,wiener,0.7054545454545454,2200
cw,c,0.1,6,savitzky_golay,0.6972727272727273,2200
cw,c,0.1,6,gaussian,0.6959090909090909,2200
cw,c,0.1,6,fir,0.6795454545454546,2200
cw,c,0.1,6,rand_smooth,0.2586363636363636,2200
cw,c,0.1,8,no_defense,0.5068181818181818,2200
cw,c,0.1,8,adaptive_k_v2_snr,0.764090909090909,2200
cw,c,0.1,8,adaptive_k,0.7277272727272728,2200
cw,c,0.1,8,spectral_gated,0.7513636363636363,2200
cw,c,0.1,8,kalman,0.7277272727272728,2200
cw,c,0.1,8,wiener,0.7140909090909091,2200
cw,c,0.1,8,savitzky_golay,0.715,2200
cw,c,0.1,8,gaussian,0.7159090909090909,2200
cw,c,0.1,8,fir,0.759090909090909,2200
cw,c,0.1,8,rand_smooth,0.2409090909090909,2200
cw,c,0.1,10,no_defense,0.515,2200
cw,c,0.1,10,adaptive_k_v2_snr,0.7995454545454546,2200
cw,c,0.1,10,adaptive_k,0.7536363636363637,2200
cw,c,0.1,10,spectral_gated,0.7627272727272727,2200
cw,c,0.1,10,kalman,0.7759090909090909,2200
cw,c,0.1,10,wiener,0.7372727272727273,2200
cw,c,0.1,10,savitzky_golay,0.7231818181818181,2200
cw,c,0.1,10,gaussian,0.7472727272727273,2200
cw,c,0.1,10,fir,0.7622727272727273,2200
cw,c,0.1,10,rand_smooth,0.25181818181818183,2200
cw,c,0.1,12,no_defense,0.5281818181818182,2200
cw,c,0.1,12,adaptive_k_v2_snr,0.7818181818181819,2200
cw,c,0.1,12,adaptive_k,0.7418181818181818,2200
cw,c,0.1,12,spectral_gated,0.76,2200
cw,c,0.1,12,kalman,0.7718181818181818,2200
cw,c,0.1,12,wiener,0.7209090909090909,2200
cw,c,0.1,12,savitzky_golay,0.7104545454545454,2200
cw,c,0.1,12,gaussian,0.7363636363636363,2200
cw,c,0.1,12,fir,0.7018181818181818,2200
cw,c,0.1,12,rand_smooth,0.25727272727272726,2200
cw,c,0.1,14,no_defense,0.5236363636363637,2200
cw,c,0.1,14,adaptive_k_v2_snr,0.785,2200
cw,c,0.1,14,adaptive_k,0.7490909090909091,2200
cw,c,0.1,14,spectral_gated,0.7709090909090909,2200
cw,c,0.1,14,kalman,0.7522727272727273,2200
cw,c,0.1,14,wiener,0.7090909090909091,2200
cw,c,0.1,14,savitzky_golay,0.6981818181818182,2200
cw,c,0.1,14,gaussian,0.7295454545454545,2200
cw,c,0.1,14,fir,0.7581818181818182,2200
cw,c,0.1,14,rand_smooth,0.255,2200
cw,c,0.1,16,no_defense,0.5472727272727272,2200
cw,c,0.1,16,adaptive_k_v2_snr,0.7977272727272727,2200
cw,c,0.1,16,adaptive_k,0.7572727272727273,2200
cw,c,0.1,16,spectral_gated,0.7663636363636364,2200
cw,c,0.1,16,kalman,0.7818181818181819,2200
cw,c,0.1,16,wiener,0.7227272727272728,2200
cw,c,0.1,16,savitzky_golay,0.7186363636363636,2200
cw,c,0.1,16,gaussian,0.759090909090909,2200
cw,c,0.1,16,fir,0.7531818181818182,2200
cw,c,0.1,16,rand_smooth,0.26272727272727275,2200
cw,c,0.1,18,no_defense,0.55,2200
cw,c,0.1,18,adaptive_k_v2_snr,0.7809090909090909,2200
cw,c,0.1,18,adaptive_k,0.7422727272727273,2200
cw,c,0.1,18,spectral_gated,0.7613636363636364,2200
cw,c,0.1,18,kalman,0.7713636363636364,2200
cw,c,0.1,18,wiener,0.72,2200
cw,c,0.1,18,savitzky_golay,0.725,2200
cw,c,0.1,18,gaussian,0.76,2200
cw,c,0.1,18,fir,0.7527272727272727,2200
cw,c,0.1,18,rand_smooth,0.24681818181818183,2200
eadl1,c,0.1,0,no_defense,0.0740909090909091,2200
eadl1,c,0.1,0,adaptive_k_v2_snr,0.7059090909090909,2200
eadl1,c,0.1,0,adaptive_k,0.5272727272727272,2200
eadl1,c,0.1,0,spectral_gated,0.7122727272727273,2200
eadl1,c,0.1,0,kalman,0.5990909090909091,2200
eadl1,c,0.1,0,wiener,0.5359090909090909,2200
eadl1,c,0.1,0,savitzky_golay,0.6245454545454545,2200
eadl1,c,0.1,0,gaussian,0.615,2200
eadl1,c,0.1,0,fir,0.45681818181818185,2200
eadl1,c,0.1,0,rand_smooth,0.23318181818181818,2200
eadl1,c,0.1,2,no_defense,0.08045454545454546,2200
eadl1,c,0.1,2,adaptive_k_v2_snr,0.7254545454545455,2200
eadl1,c,0.1,2,adaptive_k,0.6413636363636364,2200
eadl1,c,0.1,2,spectral_gated,0.7368181818181818,2200
eadl1,c,0.1,2,kalman,0.605909090909091,2200
eadl1,c,0.1,2,wiener,0.5813636363636364,2200
eadl1,c,0.1,2,savitzky_golay,0.5654545454545454,2200
eadl1,c,0.1,2,gaussian,0.5740909090909091,2200
eadl1,c,0.1,2,fir,0.5840909090909091,2200
eadl1,c,0.1,2,rand_smooth,0.25681818181818183,2200
eadl1,c,0.1,4,no_defense,0.06909090909090909,2200
eadl1,c,0.1,4,adaptive_k_v2_snr,0.735,2200
eadl1,c,0.1,4,adaptive_k,0.6931818181818182,2200
eadl1,c,0.1,4,spectral_gated,0.740909090909091,2200
eadl1,c,0.1,4,kalman,0.6731818181818182,2200
eadl1,c,0.1,4,wiener,0.61,2200
eadl1,c,0.1,4,savitzky_golay,0.6204545454545455,2200
eadl1,c,0.1,4,gaussian,0.605,2200
eadl1,c,0.1,4,fir,0.6359090909090909,2200
eadl1,c,0.1,4,rand_smooth,0.24409090909090908,2200
eadl1,c,0.1,6,no_defense,0.0740909090909091,2200
eadl1,c,0.1,6,adaptive_k_v2_snr,0.7472727272727273,2200
eadl1,c,0.1,6,adaptive_k,0.7140909090909091,2200
eadl1,c,0.1,6,spectral_gated,0.7559090909090909,2200
eadl1,c,0.1,6,kalman,0.6959090909090909,2200
eadl1,c,0.1,6,wiener,0.6445454545454545,2200
eadl1,c,0.1,6,savitzky_golay,0.645,2200
eadl1,c,0.1,6,gaussian,0.6322727272727273,2200
eadl1,c,0.1,6,fir,0.62,2200
eadl1,c,0.1,6,rand_smooth,0.25272727272727274,2200
eadl1,c,0.1,8,no_defense,0.07090909090909091,2200
eadl1,c,0.1,8,adaptive_k_v2_snr,0.7486363636363637,2200
eadl1,c,0.1,8,adaptive_k,0.71,2200
eadl1,c,0.1,8,spectral_gated,0.7613636363636364,2200
eadl1,c,0.1,8,kalman,0.6795454545454546,2200
eadl1,c,0.1,8,wiener,0.6836363636363636,2200
eadl1,c,0.1,8,savitzky_golay,0.6645454545454546,2200
eadl1,c,0.1,8,gaussian,0.6672727272727272,2200
eadl1,c,0.1,8,fir,0.7177272727272728,2200
eadl1,c,0.1,8,rand_smooth,0.23772727272727273,2200
eadl1,c,0.1,10,no_defense,0.06954545454545455,2200
eadl1,c,0.1,10,adaptive_k_v2_snr,0.7995454545454546,2200
eadl1,c,0.1,10,adaptive_k,0.7472727272727273,2200
eadl1,c,0.1,10,spectral_gated,0.7877272727272727,2200
eadl1,c,0.1,10,kalman,0.7609090909090909,2200
eadl1,c,0.1,10,wiener,0.7127272727272728,2200
eadl1,c,0.1,10,savitzky_golay,0.6781818181818182,2200
eadl1,c,0.1,10,gaussian,0.735909090909091,2200
eadl1,c,0.1,10,fir,0.7240909090909091,2200
eadl1,c,0.1,10,rand_smooth,0.25545454545454543,2200
eadl1,c,0.1,12,no_defense,0.06636363636363636,2200
eadl1,c,0.1,12,adaptive_k_v2_snr,0.7795454545454545,2200
eadl1,c,0.1,12,adaptive_k,0.7368181818181818,2200
eadl1,c,0.1,12,spectral_gated,0.7777272727272727,2200
eadl1,c,0.1,12,kalman,0.7386363636363636,2200
eadl1,c,0.1,12,wiener,0.6981818181818182,2200
eadl1,c,0.1,12,savitzky_golay,0.6631818181818182,2200
eadl1,c,0.1,12,gaussian,0.745,2200
eadl1,c,0.1,12,fir,0.6454545454545455,2200
eadl1,c,0.1,12,rand_smooth,0.2677272727272727,2200
eadl1,c,0.1,14,no_defense,0.07136363636363637,2200
eadl1,c,0.1,14,adaptive_k_v2_snr,0.7868181818181819,2200
eadl1,c,0.1,14,adaptive_k,0.7313636363636363,2200
eadl1,c,0.1,14,spectral_gated,0.7836363636363637,2200
eadl1,c,0.1,14,kalman,0.7368181818181818,2200
eadl1,c,0.1,14,wiener,0.6945454545454546,2200
eadl1,c,0.1,14,savitzky_golay,0.665,2200
eadl1,c,0.1,14,gaussian,0.7427272727272727,2200
eadl1,c,0.1,14,fir,0.7522727272727273,2200
eadl1,c,0.1,14,rand_smooth,0.24636363636363637,2200
eadl1,c,0.1,16,no_defense,0.06545454545454546,2200
eadl1,c,0.1,16,adaptive_k_v2_snr,0.7877272727272727,2200
eadl1,c,0.1,16,adaptive_k,0.7368181818181818,2200
eadl1,c,0.1,16,spectral_gated,0.7859090909090909,2200
eadl1,c,0.1,16,kalman,0.769090909090909,2200
eadl1,c,0.1,16,wiener,0.6936363636363636,2200
eadl1,c,0.1,16,savitzky_golay,0.6709090909090909,2200
eadl1,c,0.1,16,gaussian,0.7536363636363637,2200
eadl1,c,0.1,16,fir,0.7127272727272728,2200
eadl1,c,0.1,16,rand_smooth,0.2531818181818182,2200
eadl1,c,0.1,18,no_defense,0.06909090909090909,2200
eadl1,c,0.1,18,adaptive_k_v2_snr,0.7854545454545454,2200
eadl1,c,0.1,18,adaptive_k,0.7327272727272728,2200
eadl1,c,0.1,18,spectral_gated,0.7872727272727272,2200
eadl1,c,0.1,18,kalman,0.7563636363636363,2200
eadl1,c,0.1,18,wiener,0.705,2200
eadl1,c,0.1,18,savitzky_golay,0.6790909090909091,2200
eadl1,c,0.1,18,gaussian,0.7545454545454545,2200
eadl1,c,0.1,18,fir,0.7163636363636363,2200
eadl1,c,0.1,18,rand_smooth,0.2531818181818182,2200
eaden,c,0.1,0,no_defense,0.019545454545454546,2200
eaden,c,0.1,0,adaptive_k_v2_snr,0.6777272727272727,2200
eaden,c,0.1,0,adaptive_k,0.45590909090909093,2200
eaden,c,0.1,0,spectral_gated,0.6809090909090909,2200
eaden,c,0.1,0,kalman,0.5872727272727273,2200
eaden,c,0.1,0,wiener,0.5231818181818182,2200
eaden,c,0.1,0,savitzky_golay,0.6045454545454545,2200
eaden,c,0.1,0,gaussian,0.5868181818181818,2200
eaden,c,0.1,0,fir,0.4527272727272727,2200
eaden,c,0.1,0,rand_smooth,0.22727272727272727,2200
eaden,c,0.1,2,no_defense,0.03681818181818182,2200
eaden,c,0.1,2,adaptive_k_v2_snr,0.7022727272727273,2200
eaden,c,0.1,2,adaptive_k,0.5963636363636363,2200
eaden,c,0.1,2,spectral_gated,0.7072727272727273,2200
eaden,c,0.1,2,kalman,0.5963636363636363,2200
eaden,c,0.1,2,wiener,0.5731818181818182,2200
eaden,c,0.1,2,savitzky_golay,0.5586363636363636,2200
eaden,c,0.1,2,gaussian,0.5568181818181818,2200
eaden,c,0.1,2,fir,0.5731818181818182,2200
eaden,c,0.1,2,rand_smooth,0.25227272727272726,2200
eaden,c,0.1,4,no_defense,0.04045454545454545,2200
eaden,c,0.1,4,adaptive_k_v2_snr,0.7154545454545455,2200
eaden,c,0.1,4,adaptive_k,0.6722727272727272,2200
eaden,c,0.1,4,spectral_gated,0.7077272727272728,2200
eaden,c,0.1,4,kalman,0.6636363636363637,2200
eaden,c,0.1,4,wiener,0.6045454545454545,2200
eaden,c,0.1,4,savitzky_golay,0.6145454545454545,2200
eaden,c,0.1,4,gaussian,0.5936363636363636,2200
eaden,c,0.1,4,fir,0.6277272727272727,2200
eaden,c,0.1,4,rand_smooth,0.24454545454545454,2200
eaden,c,0.1,6,no_defense,0.045,2200
eaden,c,0.1,6,adaptive_k_v2_snr,0.7186363636363636,2200
eaden,c,0.1,6,adaptive_k,0.6963636363636364,2200
eaden,c,0.1,6,spectral_gated,0.71,2200
eaden,c,0.1,6,kalman,0.6909090909090909,2200
eaden,c,0.1,6,wiener,0.6386363636363637,2200
eaden,c,0.1,6,savitzky_golay,0.6359090909090909,2200
eaden,c,0.1,6,gaussian,0.6272727272727273,2200
eaden,c,0.1,6,fir,0.6136363636363636,2200
eaden,c,0.1,6,rand_smooth,0.25772727272727275,2200
eaden,c,0.1,8,no_defense,0.04454545454545455,2200
eaden,c,0.1,8,adaptive_k_v2_snr,0.7277272727272728,2200
eaden,c,0.1,8,adaptive_k,0.6886363636363636,2200
eaden,c,0.1,8,spectral_gated,0.7163636363636363,2200
eaden,c,0.1,8,kalman,0.67,2200
eaden,c,0.1,8,wiener,0.6654545454545454,2200
eaden,c,0.1,8,savitzky_golay,0.6545454545454545,2200
eaden,c,0.1,8,gaussian,0.6531818181818182,2200
eaden,c,0.1,8,fir,0.7068181818181818,2200
eaden,c,0.1,8,rand_smooth,0.2390909090909091,2200
eaden,c,0.1,10,no_defense,0.04363636363636364,2200
eaden,c,0.1,10,adaptive_k_v2_snr,0.7831818181818182,2200
eaden,c,0.1,10,adaptive_k,0.7354545454545455,2200
eaden,c,0.1,10,spectral_gated,0.75,2200
eaden,c,0.1,10,kalman,0.7277272727272728,2200
eaden,c,0.1,10,wiener,0.7009090909090909,2200
eaden,c,0.1,10,savitzky_golay,0.6740909090909091,2200
eaden,c,0.1,10,gaussian,0.7009090909090909,2200
eaden,c,0.1,10,fir,0.7195454545454546,2200
eaden,c,0.1,10,rand_smooth,0.2581818181818182,2200
eaden,c,0.1,12,no_defense,0.04909090909090909,2200
eaden,c,0.1,12,adaptive_k_v2_snr,0.7636363636363637,2200
eaden,c,0.1,12,adaptive_k,0.7159090909090909,2200
eaden,c,0.1,12,spectral_gated,0.7322727272727273,2200
eaden,c,0.1,12,kalman,0.7295454545454545,2200
eaden,c,0.1,12,wiener,0.6822727272727273,2200
eaden,c,0.1,12,savitzky_golay,0.6595454545454545,2200
eaden,c,0.1,12,gaussian,0.7063636363636364,2200
eaden,c,0.1,12,fir,0.6413636363636364,2200
eaden,c,0.1,12,rand_smooth,0.26545454545454544,2200
eaden,c,0.1,14,no_defense,0.045454545454545456,2200
eaden,c,0.1,14,adaptive_k_v2_snr,0.7609090909090909,2200
eaden,c,0.1,14,adaptive_k,0.7131818181818181,2200
eaden,c,0.1,14,spectral_gated,0.7440909090909091,2200
eaden,c,0.1,14,kalman,0.7231818181818181,2200
eaden,c,0.1,14,wiener,0.6854545454545454,2200
eaden,c,0.1,14,savitzky_golay,0.6604545454545454,2200
eaden,c,0.1,14,gaussian,0.7090909090909091,2200
eaden,c,0.1,14,fir,0.7472727272727273,2200
eaden,c,0.1,14,rand_smooth,0.24954545454545454,2200
eaden,c,0.1,16,no_defense,0.04772727272727273,2200
eaden,c,0.1,16,adaptive_k_v2_snr,0.765,2200
eaden,c,0.1,16,adaptive_k,0.7213636363636363,2200
eaden,c,0.1,16,spectral_gated,0.735909090909091,2200
eaden,c,0.1,16,kalman,0.7427272727272727,2200
eaden,c,0.1,16,wiener,0.6868181818181818,2200
eaden,c,0.1,16,savitzky_golay,0.6686363636363636,2200
eaden,c,0.1,16,gaussian,0.7177272727272728,2200
eaden,c,0.1,16,fir,0.7131818181818181,2200
eaden,c,0.1,16,rand_smooth,0.2586363636363636,2200
eaden,c,0.1,18,no_defense,0.05181818181818182,2200
eaden,c,0.1,18,adaptive_k_v2_snr,0.765,2200
eaden,c,0.1,18,adaptive_k,0.7172727272727273,2200
eaden,c,0.1,18,spectral_gated,0.7427272727272727,2200
eaden,c,0.1,18,kalman,0.7459090909090909,2200
eaden,c,0.1,18,wiener,0.6877272727272727,2200
eaden,c,0.1,18,savitzky_golay,0.6731818181818182,2200
eaden,c,0.1,18,gaussian,0.73,2200
eaden,c,0.1,18,fir,0.7109090909090909,2200
eaden,c,0.1,18,rand_smooth,0.25045454545454543,2200
cw,c,1.0,0,no_defense,0.2131818181818182,2200
cw,c,1.0,0,adaptive_k_v2_snr,0.6831818181818182,2200
cw,c,1.0,0,adaptive_k,0.4863636363636364,2200
cw,c,1.0,0,spectral_gated,0.685,2200
cw,c,1.0,0,kalman,0.6418181818181818,2200
cw,c,1.0,0,wiener,0.5663636363636364,2200
cw,c,1.0,0,savitzky_golay,0.6527272727272727,2200
cw,c,1.0,0,gaussian,0.6509090909090909,2200
cw,c,1.0,0,fir,0.4827272727272727,2200
cw,c,1.0,0,rand_smooth,0.23,2200
cw,c,1.0,2,no_defense,0.2913636363636364,2200
cw,c,1.0,2,adaptive_k_v2_snr,0.7145454545454546,2200
cw,c,1.0,2,adaptive_k,0.6140909090909091,2200
cw,c,1.0,2,spectral_gated,0.7081818181818181,2200
cw,c,1.0,2,kalman,0.6540909090909091,2200
cw,c,1.0,2,wiener,0.6409090909090909,2200
cw,c,1.0,2,savitzky_golay,0.6104545454545455,2200
cw,c,1.0,2,gaussian,0.6295454545454545,2200
cw,c,1.0,2,fir,0.6427272727272727,2200
cw,c,1.0,2,rand_smooth,0.2531818181818182,2200
cw,c,1.0,4,no_defense,0.36272727272727273,2200
cw,c,1.0,4,adaptive_k_v2_snr,0.7468181818181818,2200
cw,c,1.0,4,adaptive_k,0.6913636363636364,2200
cw,c,1.0,4,spectral_gated,0.7331818181818182,2200
cw,c,1.0,4,kalman,0.715,2200
cw,c,1.0,4,wiener,0.6727272727272727,2200
cw,c,1.0,4,savitzky_golay,0.6559090909090909,2200
cw,c,1.0,4,gaussian,0.6595454545454545,2200
cw,c,1.0,4,fir,0.6872727272727273,2200
cw,c,1.0,4,rand_smooth,0.24409090909090908,2200
cw,c,1.0,6,no_defense,0.42318181818181816,2200
cw,c,1.0,6,adaptive_k_v2_snr,0.7663636363636364,2200
cw,c,1.0,6,adaptive_k,0.725,2200
cw,c,1.0,6,spectral_gated,0.7445454545454545,2200
cw,c,1.0,6,kalman,0.7463636363636363,2200
cw,c,1.0,6,wiener,0.7068181818181818,2200
cw,c,1.0,6,savitzky_golay,0.6859090909090909,2200
cw,c,1.0,6,gaussian,0.6913636363636364,2200
cw,c,1.0,6,fir,0.6690909090909091,2200
cw,c,1.0,6,rand_smooth,0.26045454545454544,2200
cw,c,1.0,8,no_defense,0.4690909090909091,2200
cw,c,1.0,8,adaptive_k_v2_snr,0.7686363636363637,2200
cw,c,1.0,8,adaptive_k,0.7372727272727273,2200
cw,c,1.0,8,spectral_gated,0.765,2200
cw,c,1.0,8,kalman,0.7231818181818181,2200
cw,c,1.0,8,wiener,0.7195454545454546,2200
cw,c,1.0,8,savitzky_golay,0.7104545454545454,2200
cw,c,1.0,8,gaussian,0.7154545454545455,2200
cw,c,1.0,8,fir,0.7677272727272727,2200
cw,c,1.0,8,rand_smooth,0.24227272727272728,2200
cw,c,1.0,10,no_defense,0.4681818181818182,2200
cw,c,1.0,10,adaptive_k_v2_snr,0.8036363636363636,2200
cw,c,1.0,10,adaptive_k,0.7595454545454545,2200
cw,c,1.0,10,spectral_gated,0.7763636363636364,2200
cw,c,1.0,10,kalman,0.7872727272727272,2200
cw,c,1.0,10,wiener,0.7440909090909091,2200
cw,c,1.0,10,savitzky_golay,0.7186363636363636,2200
cw,c,1.0,10,gaussian,0.7613636363636364,2200
cw,c,1.0,10,fir,0.7622727272727273,2200
cw,c,1.0,10,rand_smooth,0.25363636363636366,2200
cw,c,1.0,12,no_defense,0.48772727272727273,2200
cw,c,1.0,12,adaptive_k_v2_snr,0.7872727272727272,2200
cw,c,1.0,12,adaptive_k,0.7490909090909091,2200
cw,c,1.0,12,spectral_gated,0.7731818181818182,2200
cw,c,1.0,12,kalman,0.7736363636363637,2200
cw,c,1.0,12,wiener,0.7240909090909091,2200
cw,c,1.0,12,savitzky_golay,0.7054545454545454,2200
cw,c,1.0,12,gaussian,0.7572727272727273,2200
cw,c,1.0,12,fir,0.6918181818181818,2200
cw,c,1.0,12,rand_smooth,0.26272727272727275,2200
cw,c,1.0,14,no_defense,0.48454545454545456,2200
cw,c,1.0,14,adaptive_k_v2_snr,0.7868181818181819,2200
cw,c,1.0,14,adaptive_k,0.7495454545454545,2200
cw,c,1.0,14,spectral_gated,0.7759090909090909,2200
cw,c,1.0,14,kalman,0.7572727272727273,2200
cw,c,1.0,14,wiener,0.72,2200
cw,c,1.0,14,savitzky_golay,0.6977272727272728,2200
cw,c,1.0,14,gaussian,0.740909090909091,2200
cw,c,1.0,14,fir,0.7695454545454545,2200
cw,c,1.0,14,rand_smooth,0.25045454545454543,2200
cw,c,1.0,16,no_defense,0.5027272727272727,2200
cw,c,1.0,16,adaptive_k_v2_snr,0.7995454545454546,2200
cw,c,1.0,16,adaptive_k,0.7604545454545455,2200
cw,c,1.0,16,spectral_gated,0.7754545454545455,2200
cw,c,1.0,16,kalman,0.7963636363636364,2200
cw,c,1.0,16,wiener,0.7277272727272728,2200
cw,c,1.0,16,savitzky_golay,0.7113636363636363,2200
cw,c,1.0,16,gaussian,0.7704545454545455,2200
cw,c,1.0,16,fir,0.7486363636363637,2200
cw,c,1.0,16,rand_smooth,0.2609090909090909,2200
cw,c,1.0,18,no_defense,0.5086363636363637,2200
cw,c,1.0,18,adaptive_k_v2_snr,0.7927272727272727,2200
cw,c,1.0,18,adaptive_k,0.7472727272727273,2200
cw,c,1.0,18,spectral_gated,0.7813636363636364,2200
cw,c,1.0,18,kalman,0.7768181818181819,2200
cw,c,1.0,18,wiener,0.7227272727272728,2200
cw,c,1.0,18,savitzky_golay,0.7172727272727273,2200
cw,c,1.0,18,gaussian,0.7663636363636364,2200
cw,c,1.0,18,fir,0.755,2200
cw,c,1.0,18,rand_smooth,0.255,2200
eadl1,c,1.0,0,no_defense,0.035,2200
eadl1,c,1.0,0,adaptive_k_v2_snr,0.5077272727272727,2200
eadl1,c,1.0,0,adaptive_k,0.34363636363636363,2200
eadl1,c,1.0,0,spectral_gated,0.495,2200
eadl1,c,1.0,0,kalman,0.4309090909090909,2200
eadl1,c,1.0,0,wiener,0.3968181818181818,2200
eadl1,c,1.0,0,savitzky_golay,0.45136363636363636,2200
eadl1,c,1.0,0,gaussian,0.4163636363636364,2200
eadl1,c,1.0,0,fir,0.3840909090909091,2200
eadl1,c,1.0,0,rand_smooth,0.23318181818181818,2200
eadl1,c,1.0,2,no_defense,0.05454545454545454,2200
eadl1,c,1.0,2,adaptive_k_v2_snr,0.565,2200
eadl1,c,1.0,2,adaptive_k,0.49272727272727274,2200
eadl1,c,1.0,2,spectral_gated,0.5459090909090909,2200
eadl1,c,1.0,2,kalman,0.48409090909090907,2200
eadl1,c,1.0,2,wiener,0.4486363636363636,2200
eadl1,c,1.0,2,savitzky_golay,0.4531818181818182,2200
eadl1,c,1.0,2,gaussian,0.44,2200
eadl1,c,1.0,2,fir,0.45,2200
eadl1,c,1.0,2,rand_smooth,0.25045454545454543,2200
eadl1,c,1.0,4,no_defense,0.05454545454545454,2200
eadl1,c,1.0,4,adaptive_k_v2_snr,0.6004545454545455,2200
eadl1,c,1.0,4,adaptive_k,0.5627272727272727,2200
eadl1,c,1.0,4,spectral_gated,0.5963636363636363,2200
eadl1,c,1.0,4,kalman,0.5345454545454545,2200
eadl1,c,1.0,4,wiener,0.4863636363636364,2200
eadl1,c,1.0,4,savitzky_golay,0.5040909090909091,2200
eadl1,c,1.0,4,gaussian,0.4727272727272727,2200
eadl1,c,1.0,4,fir,0.5072727272727273,2200
eadl1,c,1.0,4,rand_smooth,0.23681818181818182,2200
eadl1,c,1.0,6,no_defense,0.04863636363636364,2200
eadl1,c,1.0,6,adaptive_k_v2_snr,0.63,2200
eadl1,c,1.0,6,adaptive_k,0.5909090909090909,2200
eadl1,c,1.0,6,spectral_gated,0.6122727272727273,2200
eadl1,c,1.0,6,kalman,0.5790909090909091,2200
eadl1,c,1.0,6,wiener,0.5427272727272727,2200
eadl1,c,1.0,6,savitzky_golay,0.5459090909090909,2200
eadl1,c,1.0,6,gaussian,0.5277272727272727,2200
eadl1,c,1.0,6,fir,0.5359090909090909,2200
eadl1,c,1.0,6,rand_smooth,0.255,2200
eadl1,c,1.0,8,no_defense,0.05,2200
eadl1,c,1.0,8,adaptive_k_v2_snr,0.6381818181818182,2200
eadl1,c,1.0,8,adaptive_k,0.5990909090909091,2200
eadl1,c,1.0,8,spectral_gated,0.6295454545454545,2200
eadl1,c,1.0,8,kalman,0.5786363636363636,2200
eadl1,c,1.0,8,wiener,0.5731818181818182,2200
eadl1,c,1.0,8,savitzky_golay,0.5768181818181818,2200
eadl1,c,1.0,8,gaussian,0.5577272727272727,2200
eadl1,c,1.0,8,fir,0.5936363636363636,2200
eadl1,c,1.0,8,rand_smooth,0.24136363636363636,2200
eadl1,c,1.0,10,no_defense,0.055,2200
eadl1,c,1.0,10,adaptive_k_v2_snr,0.6759090909090909,2200
eadl1,c,1.0,10,adaptive_k,0.6318181818181818,2200
eadl1,c,1.0,10,spectral_gated,0.6568181818181819,2200
eadl1,c,1.0,10,kalman,0.6222727272727273,2200
eadl1,c,1.0,10,wiener,0.5922727272727273,2200
eadl1,c,1.0,10,savitzky_golay,0.5804545454545454,2200
eadl1,c,1.0,10,gaussian,0.610909090909091,2200
eadl1,c,1.0,10,fir,0.6145454545454545,2200
eadl1,c,1.0,10,rand_smooth,0.2590909090909091,2200
eadl1,c,1.0,12,no_defense,0.053181818181818184,2200
eadl1,c,1.0,12,adaptive_k_v2_snr,0.6631818181818182,2200
eadl1,c,1.0,12,adaptive_k,0.6204545454545455,2200
eadl1,c,1.0,12,spectral_gated,0.6527272727272727,2200
eadl1,c,1.0,12,kalman,0.6227272727272727,2200
eadl1,c,1.0,12,wiener,0.5859090909090909,2200
eadl1,c,1.0,12,savitzky_golay,0.5836363636363636,2200
eadl1,c,1.0,12,gaussian,0.6240909090909091,2200
eadl1,c,1.0,12,fir,0.5795454545454546,2200
eadl1,c,1.0,12,rand_smooth,0.2681818181818182,2200
eadl1,c,1.0,14,no_defense,0.04727272727272727,2200
eadl1,c,1.0,14,adaptive_k_v2_snr,0.6572727272727272,2200
eadl1,c,1.0,14,adaptive_k,0.61,2200
eadl1,c,1.0,14,spectral_gated,0.6431818181818182,2200
eadl1,c,1.0,14,kalman,0.6186363636363637,2200
eadl1,c,1.0,14,wiener,0.58,2200
eadl1,c,1.0,14,savitzky_golay,0.5795454545454546,2200
eadl1,c,1.0,14,gaussian,0.62,2200
eadl1,c,1.0,14,fir,0.634090909090909,2200
eadl1,c,1.0,14,rand_smooth,0.24909090909090909,2200
eadl1,c,1.0,16,no_defense,0.05272727272727273,2200
eadl1,c,1.0,16,adaptive_k_v2_snr,0.6663636363636364,2200
eadl1,c,1.0,16,adaptive_k,0.63,2200
eadl1,c,1.0,16,spectral_gated,0.6609090909090909,2200
eadl1,c,1.0,16,kalman,0.6395454545454545,2200
eadl1,c,1.0,16,wiener,0.59,2200
eadl1,c,1.0,16,savitzky_golay,0.5809090909090909,2200
eadl1,c,1.0,16,gaussian,0.635,2200
eadl1,c,1.0,16,fir,0.6259090909090909,2200
eadl1,c,1.0,16,rand_smooth,0.25272727272727274,2200
eadl1,c,1.0,18,no_defense,0.04818181818181818,2200
eadl1,c,1.0,18,adaptive_k_v2_snr,0.6586363636363637,2200
eadl1,c,1.0,18,adaptive_k,0.6131818181818182,2200
eadl1,c,1.0,18,spectral_gated,0.65,2200
eadl1,c,1.0,18,kalman,0.645,2200
eadl1,c,1.0,18,wiener,0.5813636363636364,2200
eadl1,c,1.0,18,savitzky_golay,0.5736363636363636,2200
eadl1,c,1.0,18,gaussian,0.6272727272727273,2200
eadl1,c,1.0,18,fir,0.6268181818181818,2200
eadl1,c,1.0,18,rand_smooth,0.24636363636363637,2200
eaden,c,1.0,0,no_defense,0.012727272727272728,2200
eaden,c,1.0,0,adaptive_k_v2_snr,0.4909090909090909,2200
eaden,c,1.0,0,adaptive_k,0.325,2200
eaden,c,1.0,0,spectral_gated,0.4740909090909091,2200
eaden,c,1.0,0,kalman,0.4268181818181818,2200
eaden,c,1.0,0,wiener,0.39181818181818184,2200
eaden,c,1.0,0,savitzky_golay,0.44636363636363635,2200
eaden,c,1.0,0,gaussian,0.4113636363636364,2200
eaden,c,1.0,0,fir,0.38045454545454543,2200
eaden,c,1.0,0,rand_smooth,0.23045454545454547,2200
eaden,c,1.0,2,no_defense,0.034545454545454546,2200
eaden,c,1.0,2,adaptive_k_v2_snr,0.5481818181818182,2200
eaden,c,1.0,2,adaptive_k,0.4822727272727273,2200
eaden,c,1.0,2,spectral_gated,0.5295454545454545,2200
eaden,c,1.0,2,kalman,0.4781818181818182,2200
eaden,c,1.0,2,wiener,0.44227272727272726,2200
eaden,c,1.0,2,savitzky_golay,0.4481818181818182,2200
eaden,c,1.0,2,gaussian,0.43272727272727274,2200
eaden,c,1.0,2,fir,0.4459090909090909,2200
eaden,c,1.0,2,rand_smooth,0.25136363636363634,2200
eaden,c,1.0,4,no_defense,0.03772727272727273,2200
eaden,c,1.0,4,adaptive_k_v2_snr,0.5913636363636363,2200
eaden,c,1.0,4,adaptive_k,0.5563636363636364,2200
eaden,c,1.0,4,spectral_gated,0.5781818181818181,2200
eaden,c,1.0,4,kalman,0.5331818181818182,2200
eaden,c,1.0,4,wiener,0.485,2200
eaden,c,1.0,4,savitzky_golay,0.5045454545454545,2200
eaden,c,1.0,4,gaussian,0.4718181818181818,2200
eaden,c,1.0,4,fir,0.5081818181818182,2200
eaden,c,1.0,4,rand_smooth,0.24409090909090908,2200
eaden,c,1.0,6,no_defense,0.046363636363636364,2200
eaden,c,1.0,6,adaptive_k_v2_snr,0.6204545454545455,2200
eaden,c,1.0,6,adaptive_k,0.5895454545454546,2200
eaden,c,1.0,6,spectral_gated,0.5986363636363636,2200
eaden,c,1.0,6,kalman,0.5772727272727273,2200
eaden,c,1.0,6,wiener,0.5386363636363637,2200
eaden,c,1.0,6,savitzky_golay,0.5445454545454546,2200
eaden,c,1.0,6,gaussian,0.5254545454545455,2200
eaden,c,1.0,6,fir,0.5345454545454545,2200
eaden,c,1.0,6,rand_smooth,0.25681818181818183,2200
eaden,c,1.0,8,no_defense,0.04818181818181818,2200
eaden,c,1.0,8,adaptive_k_v2_snr,0.6290909090909091,2200
eaden,c,1.0,8,adaptive_k,0.5959090909090909,2200
eaden,c,1.0,8,spectral_gated,0.615909090909091,2200
eaden,c,1.0,8,kalman,0.5763636363636364,2200
eaden,c,1.0,8,wiener,0.5704545454545454,2200
eaden,c,1.0,8,savitzky_golay,0.5736363636363636,2200
eaden,c,1.0,8,gaussian,0.5545454545454546,2200
eaden,c,1.0,8,fir,0.5895454545454546,2200
eaden,c,1.0,8,rand_smooth,0.24272727272727274,2200
eaden,c,1.0,10,no_defense,0.042727272727272725,2200
eaden,c,1.0,10,adaptive_k_v2_snr,0.6618181818181819,2200
eaden,c,1.0,10,adaptive_k,0.6263636363636363,2200
eaden,c,1.0,10,spectral_gated,0.6404545454545455,2200
eaden,c,1.0,10,kalman,0.6172727272727273,2200
eaden,c,1.0,10,wiener,0.5890909090909091,2200
eaden,c,1.0,10,savitzky_golay,0.5763636363636364,2200
eaden,c,1.0,10,gaussian,0.6072727272727273,2200
eaden,c,1.0,10,fir,0.6136363636363636,2200
eaden,c,1.0,10,rand_smooth,0.2595454545454545,2200
eaden,c,1.0,12,no_defense,0.045454545454545456,2200
eaden,c,1.0,12,adaptive_k_v2_snr,0.6522727272727272,2200
eaden,c,1.0,12,adaptive_k,0.6168181818181818,2200
eaden,c,1.0,12,spectral_gated,0.6359090909090909,2200
eaden,c,1.0,12,kalman,0.62,2200
eaden,c,1.0,12,wiener,0.5840909090909091,2200
eaden,c,1.0,12,savitzky_golay,0.5831818181818181,2200
eaden,c,1.0,12,gaussian,0.6177272727272727,2200
eaden,c,1.0,12,fir,0.5809090909090909,2200
eaden,c,1.0,12,rand_smooth,0.26136363636363635,2200
eaden,c,1.0,14,no_defense,0.053181818181818184,2200
eaden,c,1.0,14,adaptive_k_v2_snr,0.6468181818181818,2200
eaden,c,1.0,14,adaptive_k,0.6081818181818182,2200
eaden,c,1.0,14,spectral_gated,0.6304545454545455,2200
eaden,c,1.0,14,kalman,0.6168181818181818,2200
eaden,c,1.0,14,wiener,0.5790909090909091,2200
eaden,c,1.0,14,savitzky_golay,0.5731818181818182,2200
eaden,c,1.0,14,gaussian,0.6186363636363637,2200
eaden,c,1.0,14,fir,0.634090909090909,2200
eaden,c,1.0,14,rand_smooth,0.24954545454545454,2200
eaden,c,1.0,16,no_defense,0.049545454545454545,2200
eaden,c,1.0,16,adaptive_k_v2_snr,0.65,2200
eaden,c,1.0,16,adaptive_k,0.6254545454545455,2200
eaden,c,1.0,16,spectral_gated,0.6404545454545455,2200
eaden,c,1.0,16,kalman,0.6290909090909091,2200
eaden,c,1.0,16,wiener,0.5872727272727273,2200
eaden,c,1.0,16,savitzky_golay,0.5804545454545454,2200
eaden,c,1.0,16,gaussian,0.6263636363636363,2200
eaden,c,1.0,16,fir,0.625,2200
eaden,c,1.0,16,rand_smooth,0.25636363636363635,2200
eaden,c,1.0,18,no_defense,0.049545454545454545,2200
eaden,c,1.0,18,adaptive_k_v2_snr,0.6486363636363637,2200
eaden,c,1.0,18,adaptive_k,0.6086363636363636,2200
eaden,c,1.0,18,spectral_gated,0.6413636363636364,2200
eaden,c,1.0,18,kalman,0.6431818181818182,2200
eaden,c,1.0,18,wiener,0.58,2200
eaden,c,1.0,18,savitzky_golay,0.5713636363636364,2200
eaden,c,1.0,18,gaussian,0.6227272727272727,2200
eaden,c,1.0,18,fir,0.6240909090909091,2200
eaden,c,1.0,18,rand_smooth,0.25272727272727274,2200
cw,c,10.0,0,no_defense,0.20954545454545453,2200
cw,c,10.0,0,adaptive_k_v2_snr,0.6804545454545454,2200
cw,c,10.0,0,adaptive_k,0.4813636363636364,2200
cw,c,10.0,0,spectral_gated,0.6813636363636364,2200
cw,c,10.0,0,kalman,0.6413636363636364,2200
cw,c,10.0,0,wiener,0.5654545454545454,2200
cw,c,10.0,0,savitzky_golay,0.6536363636363637,2200
cw,c,10.0,0,gaussian,0.6504545454545455,2200
cw,c,10.0,0,fir,0.4809090909090909,2200
cw,c,10.0,0,rand_smooth,0.23318181818181818,2200
cw,c,10.0,2,no_defense,0.2877272727272727,2200
cw,c,10.0,2,adaptive_k_v2_snr,0.7154545454545455,2200
cw,c,10.0,2,adaptive_k,0.6140909090909091,2200
cw,c,10.0,2,spectral_gated,0.7109090909090909,2200
cw,c,10.0,2,kalman,0.6513636363636364,2200
cw,c,10.0,2,wiener,0.639090909090909,2200
cw,c,10.0,2,savitzky_golay,0.6072727272727273,2200
cw,c,10.0,2,gaussian,0.6254545454545455,2200
cw,c,10.0,2,fir,0.6404545454545455,2200
cw,c,10.0,2,rand_smooth,0.25272727272727274,2200
cw,c,10.0,4,no_defense,0.35409090909090907,2200
cw,c,10.0,4,adaptive_k_v2_snr,0.7445454545454545,2200
cw,c,10.0,4,adaptive_k,0.6913636363636364,2200
cw,c,10.0,4,spectral_gated,0.7286363636363636,2200
cw,c,10.0,4,kalman,0.7131818181818181,2200
cw,c,10.0,4,wiener,0.6704545454545454,2200
cw,c,10.0,4,savitzky_golay,0.655,2200
cw,c,10.0,4,gaussian,0.6559090909090909,2200
cw,c,10.0,4,fir,0.6840909090909091,2200
cw,c,10.0,4,rand_smooth,0.24136363636363636,2200
cw,c,10.0,6,no_defense,0.4168181818181818,2200
cw,c,10.0,6,adaptive_k_v2_snr,0.7636363636363637,2200
cw,c,10.0,6,adaptive_k,0.7240909090909091,2200
cw,c,10.0,6,spectral_gated,0.7454545454545455,2200
cw,c,10.0,6,kalman,0.7445454545454545,2200
cw,c,10.0,6,wiener,0.7077272727272728,2200
cw,c,10.0,6,savitzky_golay,0.6845454545454546,2200
cw,c,10.0,6,gaussian,0.69,2200
cw,c,10.0,6,fir,0.6668181818181819,2200
cw,c,10.0,6,rand_smooth,0.2545454545454545,2200
cw,c,10.0,8,no_defense,0.4581818181818182,2200
cw,c,10.0,8,adaptive_k_v2_snr,0.7672727272727272,2200
cw,c,10.0,8,adaptive_k,0.7345454545454545,2200
cw,c,10.0,8,spectral_gated,0.7609090909090909,2200
cw,c,10.0,8,kalman,0.7218181818181818,2200
cw,c,10.0,8,wiener,0.7172727272727273,2200
cw,c,10.0,8,savitzky_golay,0.7090909090909091,2200
cw,c,10.0,8,gaussian,0.7131818181818181,2200
cw,c,10.0,8,fir,0.7659090909090909,2200
cw,c,10.0,8,rand_smooth,0.24045454545454545,2200
cw,c,10.0,10,no_defense,0.46636363636363637,2200
cw,c,10.0,10,adaptive_k_v2_snr,0.8004545454545454,2200
cw,c,10.0,10,adaptive_k,0.7581818181818182,2200
cw,c,10.0,10,spectral_gated,0.7745454545454545,2200
cw,c,10.0,10,kalman,0.7818181818181819,2200
cw,c,10.0,10,wiener,0.7436363636363637,2200
cw,c,10.0,10,savitzky_golay,0.7177272727272728,2200
cw,c,10.0,10,gaussian,0.759090909090909,2200
cw,c,10.0,10,fir,0.7618181818181818,2200
cw,c,10.0,10,rand_smooth,0.25045454545454543,2200
cw,c,10.0,12,no_defense,0.48454545454545456,2200
cw,c,10.0,12,adaptive_k_v2_snr,0.7895454545454546,2200
cw,c,10.0,12,adaptive_k,0.7490909090909091,2200
cw,c,10.0,12,spectral_gated,0.7786363636363637,2200
cw,c,10.0,12,kalman,0.7731818181818182,2200
cw,c,10.0,12,wiener,0.7240909090909091,2200
cw,c,10.0,12,savitzky_golay,0.7054545454545454,2200
cw,c,10.0,12,gaussian,0.7568181818181818,2200
cw,c,10.0,12,fir,0.6931818181818182,2200
cw,c,10.0,12,rand_smooth,0.2690909090909091,2200
cw,c,10.0,14,no_defense,0.4813636363636364,2200
cw,c,10.0,14,adaptive_k_v2_snr,0.785,2200
cw,c,10.0,14,adaptive_k,0.7495454545454545,2200
cw,c,10.0,14,spectral_gated,0.774090909090909,2200
cw,c,10.0,14,kalman,0.7568181818181818,2200
cw,c,10.0,14,wiener,0.7186363636363636,2200
cw,c,10.0,14,savitzky_golay,0.6954545454545454,2200
cw,c,10.0,14,gaussian,0.7436363636363637,2200
cw,c,10.0,14,fir,0.7681818181818182,2200
cw,c,10.0,14,rand_smooth,0.25227272727272726,2200
cw,c,10.0,16,no_defense,0.5004545454545455,2200
cw,c,10.0,16,adaptive_k_v2_snr,0.7995454545454546,2200
cw,c,10.0,16,adaptive_k,0.76,2200
cw,c,10.0,16,spectral_gated,0.7754545454545455,2200
cw,c,10.0,16,kalman,0.7945454545454546,2200
cw,c,10.0,16,wiener,0.7263636363636363,2200
cw,c,10.0,16,savitzky_golay,0.7109090909090909,2200
cw,c,10.0,16,gaussian,0.7722727272727272,2200
cw,c,10.0,16,fir,0.7486363636363637,2200
cw,c,10.0,16,rand_smooth,0.25727272727272726,2200
cw,c,10.0,18,no_defense,0.5063636363636363,2200
cw,c,10.0,18,adaptive_k_v2_snr,0.7909090909090909,2200
cw,c,10.0,18,adaptive_k,0.7472727272727273,2200
cw,c,10.0,18,spectral_gated,0.7809090909090909,2200
cw,c,10.0,18,kalman,0.775,2200
cw,c,10.0,18,wiener,0.7218181818181818,2200
cw,c,10.0,18,savitzky_golay,0.7168181818181818,2200
cw,c,10.0,18,gaussian,0.764090909090909,2200
cw,c,10.0,18,fir,0.755,2200
cw,c,10.0,18,rand_smooth,0.25227272727272726,2200
eadl1,c,10.0,0,no_defense,0.0036363636363636364,2200
eadl1,c,10.0,0,adaptive_k_v2_snr,0.2681818181818182,2200
eadl1,c,10.0,0,adaptive_k,0.11954545454545455,2200
eadl1,c,10.0,0,spectral_gated,0.24727272727272728,2200
eadl1,c,10.0,0,kalman,0.2595454545454545,2200
eadl1,c,10.0,0,wiener,0.2768181818181818,2200
eadl1,c,10.0,0,savitzky_golay,0.2927272727272727,2200
eadl1,c,10.0,0,gaussian,0.24681818181818183,2200
eadl1,c,10.0,0,fir,0.2786363636363636,2200
eadl1,c,10.0,0,rand_smooth,0.2081818181818182,2200
eadl1,c,10.0,2,no_defense,0.01,2200
eadl1,c,10.0,2,adaptive_k_v2_snr,0.30772727272727274,2200
eadl1,c,10.0,2,adaptive_k,0.18681818181818183,2200
eadl1,c,10.0,2,spectral_gated,0.2840909090909091,2200
eadl1,c,10.0,2,kalman,0.2672727272727273,2200
eadl1,c,10.0,2,wiener,0.27454545454545454,2200
eadl1,c,10.0,2,savitzky_golay,0.2690909090909091,2200
eadl1,c,10.0,2,gaussian,0.2640909090909091,2200
eadl1,c,10.0,2,fir,0.26,2200
eadl1,c,10.0,2,rand_smooth,0.235,2200
eadl1,c,10.0,4,no_defense,0.015,2200
eadl1,c,10.0,4,adaptive_k_v2_snr,0.33090909090909093,2200
eadl1,c,10.0,4,adaptive_k,0.2340909090909091,2200
eadl1,c,10.0,4,spectral_gated,0.30318181818181816,2200
eadl1,c,10.0,4,kalman,0.2972727272727273,2200
eadl1,c,10.0,4,wiener,0.2909090909090909,2200
eadl1,c,10.0,4,savitzky_golay,0.2909090909090909,2200
eadl1,c,10.0,4,gaussian,0.2777272727272727,2200
eadl1,c,10.0,4,fir,0.28,2200
eadl1,c,10.0,4,rand_smooth,0.22863636363636364,2200
eadl1,c,10.0,6,no_defense,0.015454545454545455,2200
eadl1,c,10.0,6,adaptive_k_v2_snr,0.335,2200
eadl1,c,10.0,6,adaptive_k,0.25227272727272726,2200
eadl1,c,10.0,6,spectral_gated,0.30863636363636365,2200
eadl1,c,10.0,6,kalman,0.3090909090909091,2200
eadl1,c,10.0,6,wiener,0.30227272727272725,2200
eadl1,c,10.0,6,savitzky_golay,0.29818181818181816,2200
eadl1,c,10.0,6,gaussian,0.285,2200
eadl1,c,10.0,6,fir,0.30318181818181816,2200
eadl1,c,10.0,6,rand_smooth,0.24727272727272728,2200
eadl1,c,10.0,8,no_defense,0.011363636363636364,2200
eadl1,c,10.0,8,adaptive_k_v2_snr,0.33954545454545454,2200
eadl1,c,10.0,8,adaptive_k,0.2736363636363636,2200
eadl1,c,10.0,8,spectral_gated,0.32181818181818184,2200
eadl1,c,10.0,8,kalman,0.31863636363636366,2200
eadl1,c,10.0,8,wiener,0.315,2200
eadl1,c,10.0,8,savitzky_golay,0.31136363636363634,2200
eadl1,c,10.0,8,gaussian,0.2963636363636364,2200
eadl1,c,10.0,8,fir,0.29,2200
eadl1,c,10.0,8,rand_smooth,0.23727272727272727,2200
eadl1,c,10.0,10,no_defense,0.013636363636363636,2200
eadl1,c,10.0,10,adaptive_k_v2_snr,0.3531818181818182,2200
eadl1,c,10.0,10,adaptive_k,0.295,2200
eadl1,c,10.0,10,spectral_gated,0.33090909090909093,2200
eadl1,c,10.0,10,kalman,0.29818181818181816,2200
eadl1,c,10.0,10,wiener,0.33136363636363636,2200
eadl1,c,10.0,10,savitzky_golay,0.32545454545454544,2200
eadl1,c,10.0,10,gaussian,0.29545454545454547,2200
eadl1,c,10.0,10,fir,0.33090909090909093,2200
eadl1,c,10.0,10,rand_smooth,0.2509090909090909,2200
eadl1,c,10.0,12,no_defense,0.013636363636363636,2200
eadl1,c,10.0,12,adaptive_k_v2_snr,0.3372727272727273,2200
eadl1,c,10.0,12,adaptive_k,0.2927272727272727,2200
eadl1,c,10.0,12,spectral_gated,0.3231818181818182,2200
eadl1,c,10.0,12,kalman,0.3286363636363636,2200
eadl1,c,10.0,12,wiener,0.32,2200
eadl1,c,10.0,12,savitzky_golay,0.32,2200
eadl1,c,10.0,12,gaussian,0.28909090909090907,2200
eadl1,c,10.0,12,fir,0.3240909090909091,2200
eadl1,c,10.0,12,rand_smooth,0.2640909090909091,2200
eadl1,c,10.0,14,no_defense,0.012272727272727272,2200
eadl1,c,10.0,14,adaptive_k_v2_snr,0.3654545454545455,2200
eadl1,c,10.0,14,adaptive_k,0.29,2200
eadl1,c,10.0,14,spectral_gated,0.3322727272727273,2200
eadl1,c,10.0,14,kalman,0.3418181818181818,2200
eadl1,c,10.0,14,wiener,0.3340909090909091,2200
eadl1,c,10.0,14,savitzky_golay,0.3340909090909091,2200
eadl1,c,10.0,14,gaussian,0.3195454545454545,2200
eadl1,c,10.0,14,fir,0.33045454545454545,2200
eadl1,c,10.0,14,rand_smooth,0.25,2200
eadl1,c,10.0,16,no_defense,0.012727272727272728,2200
eadl1,c,10.0,16,adaptive_k_v2_snr,0.36454545454545456,2200
eadl1,c,10.0,16,adaptive_k,0.29,2200
eadl1,c,10.0,16,spectral_gated,0.33590909090909093,2200
eadl1,c,10.0,16,kalman,0.3054545454545455,2200
eadl1,c,10.0,16,wiener,0.32727272727272727,2200
eadl1,c,10.0,16,savitzky_golay,0.3140909090909091,2200
eadl1,c,10.0,16,gaussian,0.3109090909090909,2200
eadl1,c,10.0,16,fir,0.32545454545454544,2200
eadl1,c,10.0,16,rand_smooth,0.25681818181818183,2200
eadl1,c,10.0,18,no_defense,0.00909090909090909,2200
eadl1,c,10.0,18,adaptive_k_v2_snr,0.35954545454545456,2200
eadl1,c,10.0,18,adaptive_k,0.2877272727272727,2200
eadl1,c,10.0,18,spectral_gated,0.3245454545454545,2200
eadl1,c,10.0,18,kalman,0.3490909090909091,2200
eadl1,c,10.0,18,wiener,0.3240909090909091,2200
eadl1,c,10.0,18,savitzky_golay,0.3281818181818182,2200
eadl1,c,10.0,18,gaussian,0.3118181818181818,2200
eadl1,c,10.0,18,fir,0.33636363636363636,2200
eadl1,c,10.0,18,rand_smooth,0.24954545454545454,2200
eaden,c,10.0,0,no_defense,0.0018181818181818182,2200
eaden,c,10.0,0,adaptive_k_v2_snr,0.2640909090909091,2200
eaden,c,10.0,0,adaptive_k,0.11090909090909092,2200
eaden,c,10.0,0,spectral_gated,0.24181818181818182,2200
eaden,c,10.0,0,kalman,0.25772727272727275,2200
eaden,c,10.0,0,wiener,0.275,2200
eaden,c,10.0,0,savitzky_golay,0.29045454545454547,2200
eaden,c,10.0,0,gaussian,0.2390909090909091,2200
eaden,c,10.0,0,fir,0.2790909090909091,2200
eaden,c,10.0,0,rand_smooth,0.20363636363636364,2200
eaden,c,10.0,2,no_defense,0.003181818181818182,2200
eaden,c,10.0,2,adaptive_k_v2_snr,0.30772727272727274,2200
eaden,c,10.0,2,adaptive_k,0.17181818181818181,2200
eaden,c,10.0,2,spectral_gated,0.27,2200
eaden,c,10.0,2,kalman,0.2631818181818182,2200
eaden,c,10.0,2,wiener,0.2727272727272727,2200
eaden,c,10.0,2,savitzky_golay,0.2681818181818182,2200
eaden,c,10.0,2,gaussian,0.26272727272727275,2200
eaden,c,10.0,2,fir,0.2595454545454545,2200
eaden,c,10.0,2,rand_smooth,0.2409090909090909,2200
eaden,c,10.0,4,no_defense,0.00909090909090909,2200
eaden,c,10.0,4,adaptive_k_v2_snr,0.32181818181818184,2200
eaden,c,10.0,4,adaptive_k,0.22090909090909092,2200
eaden,c,10.0,4,spectral_gated,0.2918181818181818,2200
eaden,c,10.0,4,kalman,0.29363636363636364,2200
eaden,c,10.0,4,wiener,0.28545454545454546,2200
eaden,c,10.0,4,savitzky_golay,0.29,2200
eaden,c,10.0,4,gaussian,0.275,2200
eaden,c,10.0,4,fir,0.2740909090909091,2200
eaden,c,10.0,4,rand_smooth,0.22954545454545455,2200
eaden,c,10.0,6,no_defense,0.014545454545454545,2200
eaden,c,10.0,6,adaptive_k_v2_snr,0.32272727272727275,2200
eaden,c,10.0,6,adaptive_k,0.24,2200
eaden,c,10.0,6,spectral_gated,0.29363636363636364,2200
eaden,c,10.0,6,kalman,0.2959090909090909,2200
eaden,c,10.0,6,wiener,0.29318181818181815,2200
eaden,c,10.0,6,savitzky_golay,0.29318181818181815,2200
eaden,c,10.0,6,gaussian,0.2772727272727273,2200
eaden,c,10.0,6,fir,0.29863636363636364,2200
eaden,c,10.0,6,rand_smooth,0.2509090909090909,2200
eaden,c,10.0,8,no_defense,0.012727272727272728,2200
eaden,c,10.0,8,adaptive_k_v2_snr,0.3340909090909091,2200
eaden,c,10.0,8,adaptive_k,0.2590909090909091,2200
eaden,c,10.0,8,spectral_gated,0.30727272727272725,2200
eaden,c,10.0,8,kalman,0.31545454545454543,2200
eaden,c,10.0,8,wiener,0.3068181818181818,2200
eaden,c,10.0,8,savitzky_golay,0.30772727272727274,2200
eaden,c,10.0,8,gaussian,0.2913636363636364,2200
eaden,c,10.0,8,fir,0.28454545454545455,2200
eaden,c,10.0,8,rand_smooth,0.23681818181818182,2200
eaden,c,10.0,10,no_defense,0.015,2200
eaden,c,10.0,10,adaptive_k_v2_snr,0.3431818181818182,2200
eaden,c,10.0,10,adaptive_k,0.27636363636363637,2200
eaden,c,10.0,10,spectral_gated,0.3090909090909091,2200
eaden,c,10.0,10,kalman,0.2772727272727273,2200
eaden,c,10.0,10,wiener,0.3231818181818182,2200
eaden,c,10.0,10,savitzky_golay,0.32,2200
eaden,c,10.0,10,gaussian,0.28,2200
eaden,c,10.0,10,fir,0.32727272727272727,2200
eaden,c,10.0,10,rand_smooth,0.25136363636363634,2200
eaden,c,10.0,12,no_defense,0.01,2200
eaden,c,10.0,12,adaptive_k_v2_snr,0.32727272727272727,2200
eaden,c,10.0,12,adaptive_k,0.2731818181818182,2200
eaden,c,10.0,12,spectral_gated,0.30454545454545456,2200
eaden,c,10.0,12,kalman,0.3195454545454545,2200
eaden,c,10.0,12,wiener,0.3104545454545454,2200
eaden,c,10.0,12,savitzky_golay,0.31545454545454543,2200
eaden,c,10.0,12,gaussian,0.2759090909090909,2200
eaden,c,10.0,12,fir,0.3209090909090909,2200
eaden,c,10.0,12,rand_smooth,0.2595454545454545,2200
eaden,c,10.0,14,no_defense,0.011818181818181818,2200
eaden,c,10.0,14,adaptive_k_v2_snr,0.35409090909090907,2200
eaden,c,10.0,14,adaptive_k,0.2759090909090909,2200
eaden,c,10.0,14,spectral_gated,0.3209090909090909,2200
eaden,c,10.0,14,kalman,0.3322727272727273,2200
eaden,c,10.0,14,wiener,0.3245454545454545,2200
eaden,c,10.0,14,savitzky_golay,0.3290909090909091,2200
eaden,c,10.0,14,gaussian,0.3018181818181818,2200
eaden,c,10.0,14,fir,0.32272727272727275,2200
eaden,c,10.0,14,rand_smooth,0.24136363636363636,2200
eaden,c,10.0,16,no_defense,0.01090909090909091,2200
eaden,c,10.0,16,adaptive_k_v2_snr,0.35954545454545456,2200
eaden,c,10.0,16,adaptive_k,0.28454545454545455,2200
eaden,c,10.0,16,spectral_gated,0.32136363636363635,2200
eaden,c,10.0,16,kalman,0.2877272727272727,2200
eaden,c,10.0,16,wiener,0.32045454545454544,2200
eaden,c,10.0,16,savitzky_golay,0.31363636363636366,2200
eaden,c,10.0,16,gaussian,0.3004545454545455,2200
eaden,c,10.0,16,fir,0.3231818181818182,2200
eaden,c,10.0,16,rand_smooth,0.2531818181818182,2200
eaden,c,10.0,18,no_defense,0.011363636363636364,2200
eaden,c,10.0,18,adaptive_k_v2_snr,0.3568181818181818,2200
eaden,c,10.0,18,adaptive_k,0.2736363636363636,2200
eaden,c,10.0,18,spectral_gated,0.3181818181818182,2200
eaden,c,10.0,18,kalman,0.3422727272727273,2200
eaden,c,10.0,18,wiener,0.31772727272727275,2200
eaden,c,10.0,18,savitzky_golay,0.32181818181818184,2200
eaden,c,10.0,18,gaussian,0.30363636363636365,2200
eaden,c,10.0,18,fir,0.3331818181818182,2200
eaden,c,10.0,18,rand_smooth,0.24954545454545454,2200
