

================================================================
== Vitis HLS Report for 'avgpool_64_1'
================================================================
* Date:           Sat May 30 20:43:11 2026

* Version:        2023.2 (Build 4023990 on Oct 11 2023)
* Project:        proj_awn_int8
* Solution:       solution1 (Vivado IP Flow Target)
* Product family: zynquplus
* Target device:  xczu7ev-ffvc1156-2-e


================================================================
== Performance Estimates
================================================================
+ Timing: 
    * Summary: 
    +--------+---------+----------+------------+
    |  Clock |  Target | Estimated| Uncertainty|
    +--------+---------+----------+------------+
    |ap_clk  |  5.00 ns|  3.609 ns|     1.35 ns|
    +--------+---------+----------+------------+

+ Latency: 
    * Summary: 
    +---------+---------+----------+----------+-----+-----+---------+
    |  Latency (cycles) |  Latency (absolute) |  Interval | Pipeline|
    |   min   |   max   |    min   |    max   | min | max |   Type  |
    +---------+---------+----------+----------+-----+-----+---------+
    |       68|       68|  0.340 us|  0.340 us|   68|   68|       no|
    +---------+---------+----------+----------+-----+-----+---------+

    + Detail: 
        * Instance: 
        N/A

        * Loop: 
        +--------------------+---------+---------+----------+-----------+-----------+------+----------+
        |                    |  Latency (cycles) | Iteration|  Initiation Interval  | Trip |          |
        |      Loop Name     |   min   |   max   |  Latency |  achieved |   target  | Count| Pipelined|
        +--------------------+---------+---------+----------+-----------+-----------+------+----------+
        |- VITIS_LOOP_172_1  |       66|       66|         4|          1|          1|    64|       yes|
        +--------------------+---------+---------+----------+-----------+-----------+------+----------+



================================================================
== Utilization Estimates
================================================================
* Summary: 
+-----------------+---------+------+--------+--------+-----+
|       Name      | BRAM_18K|  DSP |   FF   |   LUT  | URAM|
+-----------------+---------+------+--------+--------+-----+
|DSP              |        -|     -|       -|       -|    -|
|Expression       |        -|     -|       0|    1194|    -|
|FIFO             |        -|     -|       -|       -|    -|
|Instance         |        -|     2|       0|   17492|    -|
|Memory           |        -|     -|       -|       -|    -|
|Multiplexer      |        -|     -|       -|      36|    -|
|Register         |        -|     -|     232|      32|    -|
+-----------------+---------+------+--------+--------+-----+
|Total            |        0|     2|     232|   18754|    0|
+-----------------+---------+------+--------+--------+-----+
|Available        |      624|  1728|  460800|  230400|   96|
+-----------------+---------+------+--------+--------+-----+
|Utilization (%)  |        0|    ~0|      ~0|       8|    0|
+-----------------+---------+------+--------+--------+-----+

+ Detail: 
    * Instance: 
    +-----------------------------+-----------------------+---------+----+---+-----+-----+
    |           Instance          |         Module        | BRAM_18K| DSP| FF| LUT | URAM|
    +-----------------------------+-----------------------+---------+----+---+-----+-----+
    |mul_14s_32ns_45_1_1_U6683    |mul_14s_32ns_45_1_1    |        0|   2|  0|   20|    0|
    |sparsemux_129_6_8_1_1_U6684  |sparsemux_129_6_8_1_1  |        0|   0|  0|  273|    0|
    |sparsemux_129_6_8_1_1_U6685  |sparsemux_129_6_8_1_1  |        0|   0|  0|  273|    0|
    |sparsemux_129_6_8_1_1_U6686  |sparsemux_129_6_8_1_1  |        0|   0|  0|  273|    0|
    |sparsemux_129_6_8_1_1_U6687  |sparsemux_129_6_8_1_1  |        0|   0|  0|  273|    0|
    |sparsemux_129_6_8_1_1_U6688  |sparsemux_129_6_8_1_1  |        0|   0|  0|  273|    0|
    |sparsemux_129_6_8_1_1_U6689  |sparsemux_129_6_8_1_1  |        0|   0|  0|  273|    0|
    |sparsemux_129_6_8_1_1_U6690  |sparsemux_129_6_8_1_1  |        0|   0|  0|  273|    0|
    |sparsemux_129_6_8_1_1_U6691  |sparsemux_129_6_8_1_1  |        0|   0|  0|  273|    0|
    |sparsemux_129_6_8_1_1_U6692  |sparsemux_129_6_8_1_1  |        0|   0|  0|  273|    0|
    |sparsemux_129_6_8_1_1_U6693  |sparsemux_129_6_8_1_1  |        0|   0|  0|  273|    0|
    |sparsemux_129_6_8_1_1_U6694  |sparsemux_129_6_8_1_1  |        0|   0|  0|  273|    0|
    |sparsemux_129_6_8_1_1_U6695  |sparsemux_129_6_8_1_1  |        0|   0|  0|  273|    0|
    |sparsemux_129_6_8_1_1_U6696  |sparsemux_129_6_8_1_1  |        0|   0|  0|  273|    0|
    |sparsemux_129_6_8_1_1_U6697  |sparsemux_129_6_8_1_1  |        0|   0|  0|  273|    0|
    |sparsemux_129_6_8_1_1_U6698  |sparsemux_129_6_8_1_1  |        0|   0|  0|  273|    0|
    |sparsemux_129_6_8_1_1_U6699  |sparsemux_129_6_8_1_1  |        0|   0|  0|  273|    0|
    |sparsemux_129_6_8_1_1_U6700  |sparsemux_129_6_8_1_1  |        0|   0|  0|  273|    0|
    |sparsemux_129_6_8_1_1_U6701  |sparsemux_129_6_8_1_1  |        0|   0|  0|  273|    0|
    |sparsemux_129_6_8_1_1_U6702  |sparsemux_129_6_8_1_1  |        0|   0|  0|  273|    0|
    |sparsemux_129_6_8_1_1_U6703  |sparsemux_129_6_8_1_1  |        0|   0|  0|  273|    0|
    |sparsemux_129_6_8_1_1_U6704  |sparsemux_129_6_8_1_1  |        0|   0|  0|  273|    0|
    |sparsemux_129_6_8_1_1_U6705  |sparsemux_129_6_8_1_1  |        0|   0|  0|  273|    0|
    |sparsemux_129_6_8_1_1_U6706  |sparsemux_129_6_8_1_1  |        0|   0|  0|  273|    0|
    |sparsemux_129_6_8_1_1_U6707  |sparsemux_129_6_8_1_1  |        0|   0|  0|  273|    0|
    |sparsemux_129_6_8_1_1_U6708  |sparsemux_129_6_8_1_1  |        0|   0|  0|  273|    0|
    |sparsemux_129_6_8_1_1_U6709  |sparsemux_129_6_8_1_1  |        0|   0|  0|  273|    0|
    |sparsemux_129_6_8_1_1_U6710  |sparsemux_129_6_8_1_1  |        0|   0|  0|  273|    0|
    |sparsemux_129_6_8_1_1_U6711  |sparsemux_129_6_8_1_1  |        0|   0|  0|  273|    0|
    |sparsemux_129_6_8_1_1_U6712  |sparsemux_129_6_8_1_1  |        0|   0|  0|  273|    0|
    |sparsemux_129_6_8_1_1_U6713  |sparsemux_129_6_8_1_1  |        0|   0|  0|  273|    0|
    |sparsemux_129_6_8_1_1_U6714  |sparsemux_129_6_8_1_1  |        0|   0|  0|  273|    0|
    |sparsemux_129_6_8_1_1_U6715  |sparsemux_129_6_8_1_1  |        0|   0|  0|  273|    0|
    |sparsemux_129_6_8_1_1_U6716  |sparsemux_129_6_8_1_1  |        0|   0|  0|  273|    0|
    |sparsemux_129_6_8_1_1_U6717  |sparsemux_129_6_8_1_1  |        0|   0|  0|  273|    0|
    |sparsemux_129_6_8_1_1_U6718  |sparsemux_129_6_8_1_1  |        0|   0|  0|  273|    0|
    |sparsemux_129_6_8_1_1_U6719  |sparsemux_129_6_8_1_1  |        0|   0|  0|  273|    0|
    |sparsemux_129_6_8_1_1_U6720  |sparsemux_129_6_8_1_1  |        0|   0|  0|  273|    0|
    |sparsemux_129_6_8_1_1_U6721  |sparsemux_129_6_8_1_1  |        0|   0|  0|  273|    0|
    |sparsemux_129_6_8_1_1_U6722  |sparsemux_129_6_8_1_1  |        0|   0|  0|  273|    0|
    |sparsemux_129_6_8_1_1_U6723  |sparsemux_129_6_8_1_1  |        0|   0|  0|  273|    0|
    |sparsemux_129_6_8_1_1_U6724  |sparsemux_129_6_8_1_1  |        0|   0|  0|  273|    0|
    |sparsemux_129_6_8_1_1_U6725  |sparsemux_129_6_8_1_1  |        0|   0|  0|  273|    0|
    |sparsemux_129_6_8_1_1_U6726  |sparsemux_129_6_8_1_1  |        0|   0|  0|  273|    0|
    |sparsemux_129_6_8_1_1_U6727  |sparsemux_129_6_8_1_1  |        0|   0|  0|  273|    0|
    |sparsemux_129_6_8_1_1_U6728  |sparsemux_129_6_8_1_1  |        0|   0|  0|  273|    0|
    |sparsemux_129_6_8_1_1_U6729  |sparsemux_129_6_8_1_1  |        0|   0|  0|  273|    0|
    |sparsemux_129_6_8_1_1_U6730  |sparsemux_129_6_8_1_1  |        0|   0|  0|  273|    0|
    |sparsemux_129_6_8_1_1_U6731  |sparsemux_129_6_8_1_1  |        0|   0|  0|  273|    0|
    |sparsemux_129_6_8_1_1_U6732  |sparsemux_129_6_8_1_1  |        0|   0|  0|  273|    0|
    |sparsemux_129_6_8_1_1_U6733  |sparsemux_129_6_8_1_1  |        0|   0|  0|  273|    0|
    |sparsemux_129_6_8_1_1_U6734  |sparsemux_129_6_8_1_1  |        0|   0|  0|  273|    0|
    |sparsemux_129_6_8_1_1_U6735  |sparsemux_129_6_8_1_1  |        0|   0|  0|  273|    0|
    |sparsemux_129_6_8_1_1_U6736  |sparsemux_129_6_8_1_1  |        0|   0|  0|  273|    0|
    |sparsemux_129_6_8_1_1_U6737  |sparsemux_129_6_8_1_1  |        0|   0|  0|  273|    0|
    |sparsemux_129_6_8_1_1_U6738  |sparsemux_129_6_8_1_1  |        0|   0|  0|  273|    0|
    |sparsemux_129_6_8_1_1_U6739  |sparsemux_129_6_8_1_1  |        0|   0|  0|  273|    0|
    |sparsemux_129_6_8_1_1_U6740  |sparsemux_129_6_8_1_1  |        0|   0|  0|  273|    0|
    |sparsemux_129_6_8_1_1_U6741  |sparsemux_129_6_8_1_1  |        0|   0|  0|  273|    0|
    |sparsemux_129_6_8_1_1_U6742  |sparsemux_129_6_8_1_1  |        0|   0|  0|  273|    0|
    |sparsemux_129_6_8_1_1_U6743  |sparsemux_129_6_8_1_1  |        0|   0|  0|  273|    0|
    |sparsemux_129_6_8_1_1_U6744  |sparsemux_129_6_8_1_1  |        0|   0|  0|  273|    0|
    |sparsemux_129_6_8_1_1_U6745  |sparsemux_129_6_8_1_1  |        0|   0|  0|  273|    0|
    |sparsemux_129_6_8_1_1_U6746  |sparsemux_129_6_8_1_1  |        0|   0|  0|  273|    0|
    |sparsemux_129_6_8_1_1_U6747  |sparsemux_129_6_8_1_1  |        0|   0|  0|  273|    0|
    +-----------------------------+-----------------------+---------+----+---+-----+-----+
    |Total                        |                       |        0|   2|  0|17492|    0|
    +-----------------------------+-----------------------+---------+----+---+-----+-----+

    * DSP: 
    N/A

    * Memory: 
    N/A

    * FIFO: 
    N/A

    * Expression: 
    +----------------------------+----------+----+---+----+------------+------------+
    |        Variable Name       | Operation| DSP| FF| LUT| Bitwidth P0| Bitwidth P1|
    +----------------------------+----------+----+---+----+------------+------------+
    |acc_4_fu_50767_p2           |         +|   0|  0|  21|          14|          14|
    |add_ln172_fu_32988_p2       |         +|   0|  0|  14|           7|           1|
    |add_ln175_10_fu_50246_p2    |         +|   0|  0|  16|           9|           9|
    |add_ln175_11_fu_50256_p2    |         +|   0|  0|  16|           9|           9|
    |add_ln175_12_fu_50266_p2    |         +|   0|  0|  17|          10|          10|
    |add_ln175_13_fu_50276_p2    |         +|   0|  0|  18|          11|          11|
    |add_ln175_14_fu_50689_p2    |         +|   0|  0|  19|          12|          12|
    |add_ln175_15_fu_50282_p2    |         +|   0|  0|  16|           9|           9|
    |add_ln175_16_fu_50292_p2    |         +|   0|  0|  16|           9|           9|
    |add_ln175_17_fu_50302_p2    |         +|   0|  0|  17|          10|          10|
    |add_ln175_18_fu_50312_p2    |         +|   0|  0|  16|           9|           9|
    |add_ln175_19_fu_50322_p2    |         +|   0|  0|  16|           9|           9|
    |add_ln175_1_fu_50160_p2     |         +|   0|  0|  16|           9|           9|
    |add_ln175_20_fu_50332_p2    |         +|   0|  0|  17|          10|          10|
    |add_ln175_21_fu_50342_p2    |         +|   0|  0|  18|          11|          11|
    |add_ln175_22_fu_50348_p2    |         +|   0|  0|  16|           9|           9|
    |add_ln175_23_fu_50358_p2    |         +|   0|  0|  16|           9|           9|
    |add_ln175_24_fu_50368_p2    |         +|   0|  0|  17|          10|          10|
    |add_ln175_25_fu_50378_p2    |         +|   0|  0|  16|           9|           9|
    |add_ln175_26_fu_50388_p2    |         +|   0|  0|  16|           9|           9|
    |add_ln175_27_fu_50398_p2    |         +|   0|  0|  17|          10|          10|
    |add_ln175_28_fu_50408_p2    |         +|   0|  0|  18|          11|          11|
    |add_ln175_29_fu_50705_p2    |         +|   0|  0|  19|          12|          12|
    |add_ln175_2_fu_50170_p2     |         +|   0|  0|  17|          10|          10|
    |add_ln175_30_fu_50715_p2    |         +|   0|  0|  20|          13|          13|
    |add_ln175_31_fu_50414_p2    |         +|   0|  0|  16|           9|           9|
    |add_ln175_32_fu_50424_p2    |         +|   0|  0|  16|           9|           9|
    |add_ln175_33_fu_50434_p2    |         +|   0|  0|  17|          10|          10|
    |add_ln175_34_fu_50444_p2    |         +|   0|  0|  16|           9|           9|
    |add_ln175_35_fu_50454_p2    |         +|   0|  0|  16|           9|           9|
    |add_ln175_36_fu_50464_p2    |         +|   0|  0|  17|          10|          10|
    |add_ln175_37_fu_50474_p2    |         +|   0|  0|  18|          11|          11|
    |add_ln175_38_fu_50480_p2    |         +|   0|  0|  16|           9|           9|
    |add_ln175_39_fu_50490_p2    |         +|   0|  0|  16|           9|           9|
    |add_ln175_3_fu_50180_p2     |         +|   0|  0|  16|           9|           9|
    |add_ln175_40_fu_50500_p2    |         +|   0|  0|  17|          10|          10|
    |add_ln175_41_fu_50510_p2    |         +|   0|  0|  16|           9|           9|
    |add_ln175_42_fu_50520_p2    |         +|   0|  0|  16|           9|           9|
    |add_ln175_43_fu_50530_p2    |         +|   0|  0|  17|          10|          10|
    |add_ln175_44_fu_50540_p2    |         +|   0|  0|  18|          11|          11|
    |add_ln175_45_fu_50731_p2    |         +|   0|  0|  19|          12|          12|
    |add_ln175_46_fu_50546_p2    |         +|   0|  0|  16|           9|           9|
    |add_ln175_47_fu_50556_p2    |         +|   0|  0|  16|           9|           9|
    |add_ln175_48_fu_50566_p2    |         +|   0|  0|  17|          10|          10|
    |add_ln175_49_fu_50576_p2    |         +|   0|  0|  16|           9|           9|
    |add_ln175_4_fu_50190_p2     |         +|   0|  0|  16|           9|           9|
    |add_ln175_50_fu_50586_p2    |         +|   0|  0|  16|           9|           9|
    |add_ln175_51_fu_50596_p2    |         +|   0|  0|  17|          10|          10|
    |add_ln175_52_fu_50606_p2    |         +|   0|  0|  18|          11|          11|
    |add_ln175_53_fu_50612_p2    |         +|   0|  0|  16|           9|           9|
    |add_ln175_54_fu_50622_p2    |         +|   0|  0|  16|           9|           9|
    |add_ln175_55_fu_50632_p2    |         +|   0|  0|  17|          10|          10|
    |add_ln175_56_fu_50642_p2    |         +|   0|  0|  16|           9|           9|
    |add_ln175_57_fu_50652_p2    |         +|   0|  0|  16|           9|           9|
    |add_ln175_58_fu_50662_p2    |         +|   0|  0|  17|          10|          10|
    |add_ln175_59_fu_50672_p2    |         +|   0|  0|  18|          11|          11|
    |add_ln175_5_fu_50200_p2     |         +|   0|  0|  17|          10|          10|
    |add_ln175_60_fu_50747_p2    |         +|   0|  0|  19|          12|          12|
    |add_ln175_61_fu_50757_p2    |         +|   0|  0|  20|          13|          13|
    |add_ln175_6_fu_50210_p2     |         +|   0|  0|  18|          11|          11|
    |add_ln175_7_fu_50216_p2     |         +|   0|  0|  16|           9|           9|
    |add_ln175_8_fu_50226_p2     |         +|   0|  0|  16|           9|           9|
    |add_ln175_9_fu_50236_p2     |         +|   0|  0|  17|          10|          10|
    |add_ln175_fu_50150_p2       |         +|   0|  0|  16|           9|           9|
    |sum_fu_50781_p2             |         +|   0|  0|  52|          45|          35|
    |icmp_ln172_fu_32982_p2      |      icmp|   0|  0|  15|           7|           8|
    |icmp_ln24_fu_50806_p2       |      icmp|   0|  0|  10|           3|           1|
    |icmp_ln25_fu_50812_p2       |      icmp|   0|  0|  17|          10|           9|
    |or_ln24_fu_50836_p2         |        or|   0|  0|   2|           1|           1|
    |select_ln24_10_fu_50828_p3  |    select|   0|  0|   9|           1|           7|
    |y_d0                        |    select|   0|  0|   8|           1|           8|
    |ap_enable_pp0               |       xor|   0|  0|   2|           1|           2|
    +----------------------------+----------+----+---+----+------------+------------+
    |Total                       |          |   0|  0|1194|         700|         696|
    +----------------------------+----------+----+---+----+------------+------------+

    * Multiplexer: 
    +-------------------------+----+-----------+-----+-----------+
    |           Name          | LUT| Input Size| Bits| Total Bits|
    +-------------------------+----+-----------+-----+-----------+
    |ap_done_int              |   9|          2|    1|          2|
    |ap_enable_reg_pp0_iter1  |   9|          2|    1|          2|
    |ap_sig_allocacmp_c_2     |   9|          2|    7|         14|
    |c_fu_8376                |   9|          2|    7|         14|
    +-------------------------+----+-----------+-----+-----------+
    |Total                    |  36|          8|   16|         32|
    +-------------------------+----+-----------+-----+-----------+

    * Register: 
    +----------------------------------+----+----+-----+-----------+
    |               Name               | FF | LUT| Bits| Const Bits|
    +----------------------------------+----+----+-----+-----------+
    |acc_4_reg_50907                   |  14|   0|   14|          0|
    |add_ln175_13_reg_50872            |  11|   0|   11|          0|
    |add_ln175_21_reg_50877            |  11|   0|   11|          0|
    |add_ln175_28_reg_50882            |  11|   0|   11|          0|
    |add_ln175_37_reg_50887            |  11|   0|   11|          0|
    |add_ln175_44_reg_50892            |  11|   0|   11|          0|
    |add_ln175_52_reg_50897            |  11|   0|   11|          0|
    |add_ln175_59_reg_50902            |  11|   0|   11|          0|
    |add_ln175_6_reg_50867             |  11|   0|   11|          0|
    |ap_CS_fsm                         |   1|   0|    1|          0|
    |ap_done_reg                       |   1|   0|    1|          0|
    |ap_enable_reg_pp0_iter1           |   1|   0|    1|          0|
    |ap_enable_reg_pp0_iter2           |   1|   0|    1|          0|
    |ap_enable_reg_pp0_iter3           |   1|   0|    1|          0|
    |ap_loop_exit_ready_pp0_iter1_reg  |   1|   0|    1|          0|
    |ap_loop_exit_ready_pp0_iter2_reg  |   1|   0|    1|          0|
    |c_2_reg_50858                     |   7|   0|    7|          0|
    |c_fu_8376                         |   7|   0|    7|          0|
    |mul_ln17_reg_50912                |  45|   0|   45|          0|
    |c_2_reg_50858                     |  64|  32|    7|          0|
    +----------------------------------+----+----+-----+-----------+
    |Total                             | 232|  32|  175|          0|
    +----------------------------------+----+----+-----+-----------+



================================================================
== Interface
================================================================
* Summary: 
+------------+-----+-----+------------+--------------+--------------+
|  RTL Ports | Dir | Bits|  Protocol  | Source Object|    C Type    |
+------------+-----+-----+------------+--------------+--------------+
|ap_clk      |   in|    1|  ap_ctrl_hs|  avgpool_64.1|  return value|
|ap_rst      |   in|    1|  ap_ctrl_hs|  avgpool_64.1|  return value|
|ap_start    |   in|    1|  ap_ctrl_hs|  avgpool_64.1|  return value|
|ap_done     |  out|    1|  ap_ctrl_hs|  avgpool_64.1|  return value|
|ap_idle     |  out|    1|  ap_ctrl_hs|  avgpool_64.1|  return value|
|ap_ready    |  out|    1|  ap_ctrl_hs|  avgpool_64.1|  return value|
|p_read      |   in|    8|     ap_none|        p_read|        scalar|
|p_read1     |   in|    8|     ap_none|       p_read1|        scalar|
|p_read2     |   in|    8|     ap_none|       p_read2|        scalar|
|p_read3     |   in|    8|     ap_none|       p_read3|        scalar|
|p_read4     |   in|    8|     ap_none|       p_read4|        scalar|
|p_read5     |   in|    8|     ap_none|       p_read5|        scalar|
|p_read6     |   in|    8|     ap_none|       p_read6|        scalar|
|p_read7     |   in|    8|     ap_none|       p_read7|        scalar|
|p_read8     |   in|    8|     ap_none|       p_read8|        scalar|
|p_read9     |   in|    8|     ap_none|       p_read9|        scalar|
|p_read10    |   in|    8|     ap_none|      p_read10|        scalar|
|p_read11    |   in|    8|     ap_none|      p_read11|        scalar|
|p_read12    |   in|    8|     ap_none|      p_read12|        scalar|
|p_read13    |   in|    8|     ap_none|      p_read13|        scalar|
|p_read14    |   in|    8|     ap_none|      p_read14|        scalar|
|p_read15    |   in|    8|     ap_none|      p_read15|        scalar|
|p_read16    |   in|    8|     ap_none|      p_read16|        scalar|
|p_read17    |   in|    8|     ap_none|      p_read17|        scalar|
|p_read18    |   in|    8|     ap_none|      p_read18|        scalar|
|p_read19    |   in|    8|     ap_none|      p_read19|        scalar|
|p_read20    |   in|    8|     ap_none|      p_read20|        scalar|
|p_read21    |   in|    8|     ap_none|      p_read21|        scalar|
|p_read22    |   in|    8|     ap_none|      p_read22|        scalar|
|p_read23    |   in|    8|     ap_none|      p_read23|        scalar|
|p_read24    |   in|    8|     ap_none|      p_read24|        scalar|
|p_read25    |   in|    8|     ap_none|      p_read25|        scalar|
|p_read26    |   in|    8|     ap_none|      p_read26|        scalar|
|p_read27    |   in|    8|     ap_none|      p_read27|        scalar|
|p_read28    |   in|    8|     ap_none|      p_read28|        scalar|
|p_read29    |   in|    8|     ap_none|      p_read29|        scalar|
|p_read30    |   in|    8|     ap_none|      p_read30|        scalar|
|p_read31    |   in|    8|     ap_none|      p_read31|        scalar|
|p_read32    |   in|    8|     ap_none|      p_read32|        scalar|
|p_read33    |   in|    8|     ap_none|      p_read33|        scalar|
|p_read34    |   in|    8|     ap_none|      p_read34|        scalar|
|p_read35    |   in|    8|     ap_none|      p_read35|        scalar|
|p_read36    |   in|    8|     ap_none|      p_read36|        scalar|
|p_read37    |   in|    8|     ap_none|      p_read37|        scalar|
|p_read38    |   in|    8|     ap_none|      p_read38|        scalar|
|p_read39    |   in|    8|     ap_none|      p_read39|        scalar|
|p_read40    |   in|    8|     ap_none|      p_read40|        scalar|
|p_read41    |   in|    8|     ap_none|      p_read41|        scalar|
|p_read42    |   in|    8|     ap_none|      p_read42|        scalar|
|p_read43    |   in|    8|     ap_none|      p_read43|        scalar|
|p_read44    |   in|    8|     ap_none|      p_read44|        scalar|
|p_read45    |   in|    8|     ap_none|      p_read45|        scalar|
|p_read46    |   in|    8|     ap_none|      p_read46|        scalar|
|p_read47    |   in|    8|     ap_none|      p_read47|        scalar|
|p_read48    |   in|    8|     ap_none|      p_read48|        scalar|
|p_read49    |   in|    8|     ap_none|      p_read49|        scalar|
|p_read50    |   in|    8|     ap_none|      p_read50|        scalar|
|p_read51    |   in|    8|     ap_none|      p_read51|        scalar|
|p_read52    |   in|    8|     ap_none|      p_read52|        scalar|
|p_read53    |   in|    8|     ap_none|      p_read53|        scalar|
|p_read54    |   in|    8|     ap_none|      p_read54|        scalar|
|p_read55    |   in|    8|     ap_none|      p_read55|        scalar|
|p_read56    |   in|    8|     ap_none|      p_read56|        scalar|
|p_read57    |   in|    8|     ap_none|      p_read57|        scalar|
|p_read58    |   in|    8|     ap_none|      p_read58|        scalar|
|p_read59    |   in|    8|     ap_none|      p_read59|        scalar|
|p_read60    |   in|    8|     ap_none|      p_read60|        scalar|
|p_read61    |   in|    8|     ap_none|      p_read61|        scalar|
|p_read62    |   in|    8|     ap_none|      p_read62|        scalar|
|p_read63    |   in|    8|     ap_none|      p_read63|        scalar|
|p_read64    |   in|    8|     ap_none|      p_read64|        scalar|
|p_read65    |   in|    8|     ap_none|      p_read65|        scalar|
|p_read66    |   in|    8|     ap_none|      p_read66|        scalar|
|p_read67    |   in|    8|     ap_none|      p_read67|        scalar|
|p_read68    |   in|    8|     ap_none|      p_read68|        scalar|
|p_read69    |   in|    8|     ap_none|      p_read69|        scalar|
|p_read70    |   in|    8|     ap_none|      p_read70|        scalar|
|p_read71    |   in|    8|     ap_none|      p_read71|        scalar|
|p_read72    |   in|    8|     ap_none|      p_read72|        scalar|
|p_read73    |   in|    8|     ap_none|      p_read73|        scalar|
|p_read74    |   in|    8|     ap_none|      p_read74|        scalar|
|p_read75    |   in|    8|     ap_none|      p_read75|        scalar|
|p_read76    |   in|    8|     ap_none|      p_read76|        scalar|
|p_read77    |   in|    8|     ap_none|      p_read77|        scalar|
|p_read78    |   in|    8|     ap_none|      p_read78|        scalar|
|p_read79    |   in|    8|     ap_none|      p_read79|        scalar|
|p_read80    |   in|    8|     ap_none|      p_read80|        scalar|
|p_read81    |   in|    8|     ap_none|      p_read81|        scalar|
|p_read82    |   in|    8|     ap_none|      p_read82|        scalar|
|p_read83    |   in|    8|     ap_none|      p_read83|        scalar|
|p_read84    |   in|    8|     ap_none|      p_read84|        scalar|
|p_read85    |   in|    8|     ap_none|      p_read85|        scalar|
|p_read86    |   in|    8|     ap_none|      p_read86|        scalar|
|p_read87    |   in|    8|     ap_none|      p_read87|        scalar|
|p_read88    |   in|    8|     ap_none|      p_read88|        scalar|
|p_read89    |   in|    8|     ap_none|      p_read89|        scalar|
|p_read90    |   in|    8|     ap_none|      p_read90|        scalar|
|p_read91    |   in|    8|     ap_none|      p_read91|        scalar|
|p_read92    |   in|    8|     ap_none|      p_read92|        scalar|
|p_read93    |   in|    8|     ap_none|      p_read93|        scalar|
|p_read94    |   in|    8|     ap_none|      p_read94|        scalar|
|p_read95    |   in|    8|     ap_none|      p_read95|        scalar|
|p_read96    |   in|    8|     ap_none|      p_read96|        scalar|
|p_read97    |   in|    8|     ap_none|      p_read97|        scalar|
|p_read98    |   in|    8|     ap_none|      p_read98|        scalar|
|p_read99    |   in|    8|     ap_none|      p_read99|        scalar|
|p_read100   |   in|    8|     ap_none|     p_read100|        scalar|
|p_read101   |   in|    8|     ap_none|     p_read101|        scalar|
|p_read102   |   in|    8|     ap_none|     p_read102|        scalar|
|p_read103   |   in|    8|     ap_none|     p_read103|        scalar|
|p_read104   |   in|    8|     ap_none|     p_read104|        scalar|
|p_read105   |   in|    8|     ap_none|     p_read105|        scalar|
|p_read106   |   in|    8|     ap_none|     p_read106|        scalar|
|p_read107   |   in|    8|     ap_none|     p_read107|        scalar|
|p_read108   |   in|    8|     ap_none|     p_read108|        scalar|
|p_read109   |   in|    8|     ap_none|     p_read109|        scalar|
|p_read110   |   in|    8|     ap_none|     p_read110|        scalar|
|p_read111   |   in|    8|     ap_none|     p_read111|        scalar|
|p_read112   |   in|    8|     ap_none|     p_read112|        scalar|
|p_read113   |   in|    8|     ap_none|     p_read113|        scalar|
|p_read114   |   in|    8|     ap_none|     p_read114|        scalar|
|p_read115   |   in|    8|     ap_none|     p_read115|        scalar|
|p_read116   |   in|    8|     ap_none|     p_read116|        scalar|
|p_read117   |   in|    8|     ap_none|     p_read117|        scalar|
|p_read118   |   in|    8|     ap_none|     p_read118|        scalar|
|p_read119   |   in|    8|     ap_none|     p_read119|        scalar|
|p_read120   |   in|    8|     ap_none|     p_read120|        scalar|
|p_read121   |   in|    8|     ap_none|     p_read121|        scalar|
|p_read122   |   in|    8|     ap_none|     p_read122|        scalar|
|p_read123   |   in|    8|     ap_none|     p_read123|        scalar|
|p_read124   |   in|    8|     ap_none|     p_read124|        scalar|
|p_read125   |   in|    8|     ap_none|     p_read125|        scalar|
|p_read126   |   in|    8|     ap_none|     p_read126|        scalar|
|p_read127   |   in|    8|     ap_none|     p_read127|        scalar|
|p_read128   |   in|    8|     ap_none|     p_read128|        scalar|
|p_read129   |   in|    8|     ap_none|     p_read129|        scalar|
|p_read130   |   in|    8|     ap_none|     p_read130|        scalar|
|p_read131   |   in|    8|     ap_none|     p_read131|        scalar|
|p_read132   |   in|    8|     ap_none|     p_read132|        scalar|
|p_read133   |   in|    8|     ap_none|     p_read133|        scalar|
|p_read134   |   in|    8|     ap_none|     p_read134|        scalar|
|p_read135   |   in|    8|     ap_none|     p_read135|        scalar|
|p_read136   |   in|    8|     ap_none|     p_read136|        scalar|
|p_read137   |   in|    8|     ap_none|     p_read137|        scalar|
|p_read138   |   in|    8|     ap_none|     p_read138|        scalar|
|p_read139   |   in|    8|     ap_none|     p_read139|        scalar|
|p_read140   |   in|    8|     ap_none|     p_read140|        scalar|
|p_read141   |   in|    8|     ap_none|     p_read141|        scalar|
|p_read142   |   in|    8|     ap_none|     p_read142|        scalar|
|p_read143   |   in|    8|     ap_none|     p_read143|        scalar|
|p_read144   |   in|    8|     ap_none|     p_read144|        scalar|
|p_read145   |   in|    8|     ap_none|     p_read145|        scalar|
|p_read146   |   in|    8|     ap_none|     p_read146|        scalar|
|p_read147   |   in|    8|     ap_none|     p_read147|        scalar|
|p_read148   |   in|    8|     ap_none|     p_read148|        scalar|
|p_read149   |   in|    8|     ap_none|     p_read149|        scalar|
|p_read150   |   in|    8|     ap_none|     p_read150|        scalar|
|p_read151   |   in|    8|     ap_none|     p_read151|        scalar|
|p_read152   |   in|    8|     ap_none|     p_read152|        scalar|
|p_read153   |   in|    8|     ap_none|     p_read153|        scalar|
|p_read154   |   in|    8|     ap_none|     p_read154|        scalar|
|p_read155   |   in|    8|     ap_none|     p_read155|        scalar|
|p_read156   |   in|    8|     ap_none|     p_read156|        scalar|
|p_read157   |   in|    8|     ap_none|     p_read157|        scalar|
|p_read158   |   in|    8|     ap_none|     p_read158|        scalar|
|p_read159   |   in|    8|     ap_none|     p_read159|        scalar|
|p_read160   |   in|    8|     ap_none|     p_read160|        scalar|
|p_read161   |   in|    8|     ap_none|     p_read161|        scalar|
|p_read162   |   in|    8|     ap_none|     p_read162|        scalar|
|p_read163   |   in|    8|     ap_none|     p_read163|        scalar|
|p_read164   |   in|    8|     ap_none|     p_read164|        scalar|
|p_read165   |   in|    8|     ap_none|     p_read165|        scalar|
|p_read166   |   in|    8|     ap_none|     p_read166|        scalar|
|p_read167   |   in|    8|     ap_none|     p_read167|        scalar|
|p_read168   |   in|    8|     ap_none|     p_read168|        scalar|
|p_read169   |   in|    8|     ap_none|     p_read169|        scalar|
|p_read170   |   in|    8|     ap_none|     p_read170|        scalar|
|p_read171   |   in|    8|     ap_none|     p_read171|        scalar|
|p_read172   |   in|    8|     ap_none|     p_read172|        scalar|
|p_read173   |   in|    8|     ap_none|     p_read173|        scalar|
|p_read174   |   in|    8|     ap_none|     p_read174|        scalar|
|p_read175   |   in|    8|     ap_none|     p_read175|        scalar|
|p_read176   |   in|    8|     ap_none|     p_read176|        scalar|
|p_read177   |   in|    8|     ap_none|     p_read177|        scalar|
|p_read178   |   in|    8|     ap_none|     p_read178|        scalar|
|p_read179   |   in|    8|     ap_none|     p_read179|        scalar|
|p_read180   |   in|    8|     ap_none|     p_read180|        scalar|
|p_read181   |   in|    8|     ap_none|     p_read181|        scalar|
|p_read182   |   in|    8|     ap_none|     p_read182|        scalar|
|p_read183   |   in|    8|     ap_none|     p_read183|        scalar|
|p_read184   |   in|    8|     ap_none|     p_read184|        scalar|
|p_read185   |   in|    8|     ap_none|     p_read185|        scalar|
|p_read186   |   in|    8|     ap_none|     p_read186|        scalar|
|p_read187   |   in|    8|     ap_none|     p_read187|        scalar|
|p_read188   |   in|    8|     ap_none|     p_read188|        scalar|
|p_read189   |   in|    8|     ap_none|     p_read189|        scalar|
|p_read190   |   in|    8|     ap_none|     p_read190|        scalar|
|p_read191   |   in|    8|     ap_none|     p_read191|        scalar|
|p_read192   |   in|    8|     ap_none|     p_read192|        scalar|
|p_read193   |   in|    8|     ap_none|     p_read193|        scalar|
|p_read194   |   in|    8|     ap_none|     p_read194|        scalar|
|p_read195   |   in|    8|     ap_none|     p_read195|        scalar|
|p_read196   |   in|    8|     ap_none|     p_read196|        scalar|
|p_read197   |   in|    8|     ap_none|     p_read197|        scalar|
|p_read198   |   in|    8|     ap_none|     p_read198|        scalar|
|p_read199   |   in|    8|     ap_none|     p_read199|        scalar|
|p_read200   |   in|    8|     ap_none|     p_read200|        scalar|
|p_read201   |   in|    8|     ap_none|     p_read201|        scalar|
|p_read202   |   in|    8|     ap_none|     p_read202|        scalar|
|p_read203   |   in|    8|     ap_none|     p_read203|        scalar|
|p_read204   |   in|    8|     ap_none|     p_read204|        scalar|
|p_read205   |   in|    8|     ap_none|     p_read205|        scalar|
|p_read206   |   in|    8|     ap_none|     p_read206|        scalar|
|p_read207   |   in|    8|     ap_none|     p_read207|        scalar|
|p_read208   |   in|    8|     ap_none|     p_read208|        scalar|
|p_read209   |   in|    8|     ap_none|     p_read209|        scalar|
|p_read210   |   in|    8|     ap_none|     p_read210|        scalar|
|p_read211   |   in|    8|     ap_none|     p_read211|        scalar|
|p_read212   |   in|    8|     ap_none|     p_read212|        scalar|
|p_read213   |   in|    8|     ap_none|     p_read213|        scalar|
|p_read214   |   in|    8|     ap_none|     p_read214|        scalar|
|p_read215   |   in|    8|     ap_none|     p_read215|        scalar|
|p_read216   |   in|    8|     ap_none|     p_read216|        scalar|
|p_read217   |   in|    8|     ap_none|     p_read217|        scalar|
|p_read218   |   in|    8|     ap_none|     p_read218|        scalar|
|p_read219   |   in|    8|     ap_none|     p_read219|        scalar|
|p_read220   |   in|    8|     ap_none|     p_read220|        scalar|
|p_read221   |   in|    8|     ap_none|     p_read221|        scalar|
|p_read222   |   in|    8|     ap_none|     p_read222|        scalar|
|p_read223   |   in|    8|     ap_none|     p_read223|        scalar|
|p_read224   |   in|    8|     ap_none|     p_read224|        scalar|
|p_read225   |   in|    8|     ap_none|     p_read225|        scalar|
|p_read226   |   in|    8|     ap_none|     p_read226|        scalar|
|p_read227   |   in|    8|     ap_none|     p_read227|        scalar|
|p_read228   |   in|    8|     ap_none|     p_read228|        scalar|
|p_read229   |   in|    8|     ap_none|     p_read229|        scalar|
|p_read230   |   in|    8|     ap_none|     p_read230|        scalar|
|p_read231   |   in|    8|     ap_none|     p_read231|        scalar|
|p_read232   |   in|    8|     ap_none|     p_read232|        scalar|
|p_read233   |   in|    8|     ap_none|     p_read233|        scalar|
|p_read234   |   in|    8|     ap_none|     p_read234|        scalar|
|p_read235   |   in|    8|     ap_none|     p_read235|        scalar|
|p_read236   |   in|    8|     ap_none|     p_read236|        scalar|
|p_read237   |   in|    8|     ap_none|     p_read237|        scalar|
|p_read238   |   in|    8|     ap_none|     p_read238|        scalar|
|p_read239   |   in|    8|     ap_none|     p_read239|        scalar|
|p_read240   |   in|    8|     ap_none|     p_read240|        scalar|
|p_read241   |   in|    8|     ap_none|     p_read241|        scalar|
|p_read242   |   in|    8|     ap_none|     p_read242|        scalar|
|p_read243   |   in|    8|     ap_none|     p_read243|        scalar|
|p_read244   |   in|    8|     ap_none|     p_read244|        scalar|
|p_read245   |   in|    8|     ap_none|     p_read245|        scalar|
|p_read246   |   in|    8|     ap_none|     p_read246|        scalar|
|p_read247   |   in|    8|     ap_none|     p_read247|        scalar|
|p_read248   |   in|    8|     ap_none|     p_read248|        scalar|
|p_read249   |   in|    8|     ap_none|     p_read249|        scalar|
|p_read250   |   in|    8|     ap_none|     p_read250|        scalar|
|p_read251   |   in|    8|     ap_none|     p_read251|        scalar|
|p_read252   |   in|    8|     ap_none|     p_read252|        scalar|
|p_read253   |   in|    8|     ap_none|     p_read253|        scalar|
|p_read254   |   in|    8|     ap_none|     p_read254|        scalar|
|p_read255   |   in|    8|     ap_none|     p_read255|        scalar|
|p_read256   |   in|    8|     ap_none|     p_read256|        scalar|
|p_read257   |   in|    8|     ap_none|     p_read257|        scalar|
|p_read258   |   in|    8|     ap_none|     p_read258|        scalar|
|p_read259   |   in|    8|     ap_none|     p_read259|        scalar|
|p_read260   |   in|    8|     ap_none|     p_read260|        scalar|
|p_read261   |   in|    8|     ap_none|     p_read261|        scalar|
|p_read262   |   in|    8|     ap_none|     p_read262|        scalar|
|p_read263   |   in|    8|     ap_none|     p_read263|        scalar|
|p_read264   |   in|    8|     ap_none|     p_read264|        scalar|
|p_read265   |   in|    8|     ap_none|     p_read265|        scalar|
|p_read266   |   in|    8|     ap_none|     p_read266|        scalar|
|p_read267   |   in|    8|     ap_none|     p_read267|        scalar|
|p_read268   |   in|    8|     ap_none|     p_read268|        scalar|
|p_read269   |   in|    8|     ap_none|     p_read269|        scalar|
|p_read270   |   in|    8|     ap_none|     p_read270|        scalar|
|p_read271   |   in|    8|     ap_none|     p_read271|        scalar|
|p_read272   |   in|    8|     ap_none|     p_read272|        scalar|
|p_read273   |   in|    8|     ap_none|     p_read273|        scalar|
|p_read274   |   in|    8|     ap_none|     p_read274|        scalar|
|p_read275   |   in|    8|     ap_none|     p_read275|        scalar|
|p_read276   |   in|    8|     ap_none|     p_read276|        scalar|
|p_read277   |   in|    8|     ap_none|     p_read277|        scalar|
|p_read278   |   in|    8|     ap_none|     p_read278|        scalar|
|p_read279   |   in|    8|     ap_none|     p_read279|        scalar|
|p_read280   |   in|    8|     ap_none|     p_read280|        scalar|
|p_read281   |   in|    8|     ap_none|     p_read281|        scalar|
|p_read282   |   in|    8|     ap_none|     p_read282|        scalar|
|p_read283   |   in|    8|     ap_none|     p_read283|        scalar|
|p_read284   |   in|    8|     ap_none|     p_read284|        scalar|
|p_read285   |   in|    8|     ap_none|     p_read285|        scalar|
|p_read286   |   in|    8|     ap_none|     p_read286|        scalar|
|p_read287   |   in|    8|     ap_none|     p_read287|        scalar|
|p_read288   |   in|    8|     ap_none|     p_read288|        scalar|
|p_read289   |   in|    8|     ap_none|     p_read289|        scalar|
|p_read290   |   in|    8|     ap_none|     p_read290|        scalar|
|p_read291   |   in|    8|     ap_none|     p_read291|        scalar|
|p_read292   |   in|    8|     ap_none|     p_read292|        scalar|
|p_read293   |   in|    8|     ap_none|     p_read293|        scalar|
|p_read294   |   in|    8|     ap_none|     p_read294|        scalar|
|p_read295   |   in|    8|     ap_none|     p_read295|        scalar|
|p_read296   |   in|    8|     ap_none|     p_read296|        scalar|
|p_read297   |   in|    8|     ap_none|     p_read297|        scalar|
|p_read298   |   in|    8|     ap_none|     p_read298|        scalar|
|p_read299   |   in|    8|     ap_none|     p_read299|        scalar|
|p_read300   |   in|    8|     ap_none|     p_read300|        scalar|
|p_read301   |   in|    8|     ap_none|     p_read301|        scalar|
|p_read302   |   in|    8|     ap_none|     p_read302|        scalar|
|p_read303   |   in|    8|     ap_none|     p_read303|        scalar|
|p_read304   |   in|    8|     ap_none|     p_read304|        scalar|
|p_read305   |   in|    8|     ap_none|     p_read305|        scalar|
|p_read306   |   in|    8|     ap_none|     p_read306|        scalar|
|p_read307   |   in|    8|     ap_none|     p_read307|        scalar|
|p_read308   |   in|    8|     ap_none|     p_read308|        scalar|
|p_read309   |   in|    8|     ap_none|     p_read309|        scalar|
|p_read310   |   in|    8|     ap_none|     p_read310|        scalar|
|p_read311   |   in|    8|     ap_none|     p_read311|        scalar|
|p_read312   |   in|    8|     ap_none|     p_read312|        scalar|
|p_read313   |   in|    8|     ap_none|     p_read313|        scalar|
|p_read314   |   in|    8|     ap_none|     p_read314|        scalar|
|p_read315   |   in|    8|     ap_none|     p_read315|        scalar|
|p_read316   |   in|    8|     ap_none|     p_read316|        scalar|
|p_read317   |   in|    8|     ap_none|     p_read317|        scalar|
|p_read318   |   in|    8|     ap_none|     p_read318|        scalar|
|p_read319   |   in|    8|     ap_none|     p_read319|        scalar|
|p_read320   |   in|    8|     ap_none|     p_read320|        scalar|
|p_read321   |   in|    8|     ap_none|     p_read321|        scalar|
|p_read322   |   in|    8|     ap_none|     p_read322|        scalar|
|p_read323   |   in|    8|     ap_none|     p_read323|        scalar|
|p_read324   |   in|    8|     ap_none|     p_read324|        scalar|
|p_read325   |   in|    8|     ap_none|     p_read325|        scalar|
|p_read326   |   in|    8|     ap_none|     p_read326|        scalar|
|p_read327   |   in|    8|     ap_none|     p_read327|        scalar|
|p_read328   |   in|    8|     ap_none|     p_read328|        scalar|
|p_read329   |   in|    8|     ap_none|     p_read329|        scalar|
|p_read330   |   in|    8|     ap_none|     p_read330|        scalar|
|p_read331   |   in|    8|     ap_none|     p_read331|        scalar|
|p_read332   |   in|    8|     ap_none|     p_read332|        scalar|
|p_read333   |   in|    8|     ap_none|     p_read333|        scalar|
|p_read334   |   in|    8|     ap_none|     p_read334|        scalar|
|p_read335   |   in|    8|     ap_none|     p_read335|        scalar|
|p_read336   |   in|    8|     ap_none|     p_read336|        scalar|
|p_read337   |   in|    8|     ap_none|     p_read337|        scalar|
|p_read338   |   in|    8|     ap_none|     p_read338|        scalar|
|p_read339   |   in|    8|     ap_none|     p_read339|        scalar|
|p_read340   |   in|    8|     ap_none|     p_read340|        scalar|
|p_read341   |   in|    8|     ap_none|     p_read341|        scalar|
|p_read342   |   in|    8|     ap_none|     p_read342|        scalar|
|p_read343   |   in|    8|     ap_none|     p_read343|        scalar|
|p_read344   |   in|    8|     ap_none|     p_read344|        scalar|
|p_read345   |   in|    8|     ap_none|     p_read345|        scalar|
|p_read346   |   in|    8|     ap_none|     p_read346|        scalar|
|p_read347   |   in|    8|     ap_none|     p_read347|        scalar|
|p_read348   |   in|    8|     ap_none|     p_read348|        scalar|
|p_read349   |   in|    8|     ap_none|     p_read349|        scalar|
|p_read350   |   in|    8|     ap_none|     p_read350|        scalar|
|p_read351   |   in|    8|     ap_none|     p_read351|        scalar|
|p_read352   |   in|    8|     ap_none|     p_read352|        scalar|
|p_read353   |   in|    8|     ap_none|     p_read353|        scalar|
|p_read354   |   in|    8|     ap_none|     p_read354|        scalar|
|p_read355   |   in|    8|     ap_none|     p_read355|        scalar|
|p_read356   |   in|    8|     ap_none|     p_read356|        scalar|
|p_read357   |   in|    8|     ap_none|     p_read357|        scalar|
|p_read358   |   in|    8|     ap_none|     p_read358|        scalar|
|p_read359   |   in|    8|     ap_none|     p_read359|        scalar|
|p_read360   |   in|    8|     ap_none|     p_read360|        scalar|
|p_read361   |   in|    8|     ap_none|     p_read361|        scalar|
|p_read362   |   in|    8|     ap_none|     p_read362|        scalar|
|p_read363   |   in|    8|     ap_none|     p_read363|        scalar|
|p_read364   |   in|    8|     ap_none|     p_read364|        scalar|
|p_read365   |   in|    8|     ap_none|     p_read365|        scalar|
|p_read366   |   in|    8|     ap_none|     p_read366|        scalar|
|p_read367   |   in|    8|     ap_none|     p_read367|        scalar|
|p_read368   |   in|    8|     ap_none|     p_read368|        scalar|
|p_read369   |   in|    8|     ap_none|     p_read369|        scalar|
|p_read370   |   in|    8|     ap_none|     p_read370|        scalar|
|p_read371   |   in|    8|     ap_none|     p_read371|        scalar|
|p_read372   |   in|    8|     ap_none|     p_read372|        scalar|
|p_read373   |   in|    8|     ap_none|     p_read373|        scalar|
|p_read374   |   in|    8|     ap_none|     p_read374|        scalar|
|p_read375   |   in|    8|     ap_none|     p_read375|        scalar|
|p_read376   |   in|    8|     ap_none|     p_read376|        scalar|
|p_read377   |   in|    8|     ap_none|     p_read377|        scalar|
|p_read378   |   in|    8|     ap_none|     p_read378|        scalar|
|p_read379   |   in|    8|     ap_none|     p_read379|        scalar|
|p_read380   |   in|    8|     ap_none|     p_read380|        scalar|
|p_read381   |   in|    8|     ap_none|     p_read381|        scalar|
|p_read382   |   in|    8|     ap_none|     p_read382|        scalar|
|p_read383   |   in|    8|     ap_none|     p_read383|        scalar|
|p_read384   |   in|    8|     ap_none|     p_read384|        scalar|
|p_read385   |   in|    8|     ap_none|     p_read385|        scalar|
|p_read386   |   in|    8|     ap_none|     p_read386|        scalar|
|p_read387   |   in|    8|     ap_none|     p_read387|        scalar|
|p_read388   |   in|    8|     ap_none|     p_read388|        scalar|
|p_read389   |   in|    8|     ap_none|     p_read389|        scalar|
|p_read390   |   in|    8|     ap_none|     p_read390|        scalar|
|p_read391   |   in|    8|     ap_none|     p_read391|        scalar|
|p_read392   |   in|    8|     ap_none|     p_read392|        scalar|
|p_read393   |   in|    8|     ap_none|     p_read393|        scalar|
|p_read394   |   in|    8|     ap_none|     p_read394|        scalar|
|p_read395   |   in|    8|     ap_none|     p_read395|        scalar|
|p_read396   |   in|    8|     ap_none|     p_read396|        scalar|
|p_read397   |   in|    8|     ap_none|     p_read397|        scalar|
|p_read398   |   in|    8|     ap_none|     p_read398|        scalar|
|p_read399   |   in|    8|     ap_none|     p_read399|        scalar|
|p_read400   |   in|    8|     ap_none|     p_read400|        scalar|
|p_read401   |   in|    8|     ap_none|     p_read401|        scalar|
|p_read402   |   in|    8|     ap_none|     p_read402|        scalar|
|p_read403   |   in|    8|     ap_none|     p_read403|        scalar|
|p_read404   |   in|    8|     ap_none|     p_read404|        scalar|
|p_read405   |   in|    8|     ap_none|     p_read405|        scalar|
|p_read406   |   in|    8|     ap_none|     p_read406|        scalar|
|p_read407   |   in|    8|     ap_none|     p_read407|        scalar|
|p_read408   |   in|    8|     ap_none|     p_read408|        scalar|
|p_read409   |   in|    8|     ap_none|     p_read409|        scalar|
|p_read410   |   in|    8|     ap_none|     p_read410|        scalar|
|p_read411   |   in|    8|     ap_none|     p_read411|        scalar|
|p_read412   |   in|    8|     ap_none|     p_read412|        scalar|
|p_read413   |   in|    8|     ap_none|     p_read413|        scalar|
|p_read414   |   in|    8|     ap_none|     p_read414|        scalar|
|p_read415   |   in|    8|     ap_none|     p_read415|        scalar|
|p_read416   |   in|    8|     ap_none|     p_read416|        scalar|
|p_read417   |   in|    8|     ap_none|     p_read417|        scalar|
|p_read418   |   in|    8|     ap_none|     p_read418|        scalar|
|p_read419   |   in|    8|     ap_none|     p_read419|        scalar|
|p_read420   |   in|    8|     ap_none|     p_read420|        scalar|
|p_read421   |   in|    8|     ap_none|     p_read421|        scalar|
|p_read422   |   in|    8|     ap_none|     p_read422|        scalar|
|p_read423   |   in|    8|     ap_none|     p_read423|        scalar|
|p_read424   |   in|    8|     ap_none|     p_read424|        scalar|
|p_read425   |   in|    8|     ap_none|     p_read425|        scalar|
|p_read426   |   in|    8|     ap_none|     p_read426|        scalar|
|p_read427   |   in|    8|     ap_none|     p_read427|        scalar|
|p_read428   |   in|    8|     ap_none|     p_read428|        scalar|
|p_read429   |   in|    8|     ap_none|     p_read429|        scalar|
|p_read430   |   in|    8|     ap_none|     p_read430|        scalar|
|p_read431   |   in|    8|     ap_none|     p_read431|        scalar|
|p_read432   |   in|    8|     ap_none|     p_read432|        scalar|
|p_read433   |   in|    8|     ap_none|     p_read433|        scalar|
|p_read434   |   in|    8|     ap_none|     p_read434|        scalar|
|p_read435   |   in|    8|     ap_none|     p_read435|        scalar|
|p_read436   |   in|    8|     ap_none|     p_read436|        scalar|
|p_read437   |   in|    8|     ap_none|     p_read437|        scalar|
|p_read438   |   in|    8|     ap_none|     p_read438|        scalar|
|p_read439   |   in|    8|     ap_none|     p_read439|        scalar|
|p_read440   |   in|    8|     ap_none|     p_read440|        scalar|
|p_read441   |   in|    8|     ap_none|     p_read441|        scalar|
|p_read442   |   in|    8|     ap_none|     p_read442|        scalar|
|p_read443   |   in|    8|     ap_none|     p_read443|        scalar|
|p_read444   |   in|    8|     ap_none|     p_read444|        scalar|
|p_read445   |   in|    8|     ap_none|     p_read445|        scalar|
|p_read446   |   in|    8|     ap_none|     p_read446|        scalar|
|p_read447   |   in|    8|     ap_none|     p_read447|        scalar|
|p_read448   |   in|    8|     ap_none|     p_read448|        scalar|
|p_read449   |   in|    8|     ap_none|     p_read449|        scalar|
|p_read450   |   in|    8|     ap_none|     p_read450|        scalar|
|p_read451   |   in|    8|     ap_none|     p_read451|        scalar|
|p_read452   |   in|    8|     ap_none|     p_read452|        scalar|
|p_read453   |   in|    8|     ap_none|     p_read453|        scalar|
|p_read454   |   in|    8|     ap_none|     p_read454|        scalar|
|p_read455   |   in|    8|     ap_none|     p_read455|        scalar|
|p_read456   |   in|    8|     ap_none|     p_read456|        scalar|
|p_read457   |   in|    8|     ap_none|     p_read457|        scalar|
|p_read458   |   in|    8|     ap_none|     p_read458|        scalar|
|p_read459   |   in|    8|     ap_none|     p_read459|        scalar|
|p_read460   |   in|    8|     ap_none|     p_read460|        scalar|
|p_read461   |   in|    8|     ap_none|     p_read461|        scalar|
|p_read462   |   in|    8|     ap_none|     p_read462|        scalar|
|p_read463   |   in|    8|     ap_none|     p_read463|        scalar|
|p_read464   |   in|    8|     ap_none|     p_read464|        scalar|
|p_read465   |   in|    8|     ap_none|     p_read465|        scalar|
|p_read466   |   in|    8|     ap_none|     p_read466|        scalar|
|p_read467   |   in|    8|     ap_none|     p_read467|        scalar|
|p_read468   |   in|    8|     ap_none|     p_read468|        scalar|
|p_read469   |   in|    8|     ap_none|     p_read469|        scalar|
|p_read470   |   in|    8|     ap_none|     p_read470|        scalar|
|p_read471   |   in|    8|     ap_none|     p_read471|        scalar|
|p_read472   |   in|    8|     ap_none|     p_read472|        scalar|
|p_read473   |   in|    8|     ap_none|     p_read473|        scalar|
|p_read474   |   in|    8|     ap_none|     p_read474|        scalar|
|p_read475   |   in|    8|     ap_none|     p_read475|        scalar|
|p_read476   |   in|    8|     ap_none|     p_read476|        scalar|
|p_read477   |   in|    8|     ap_none|     p_read477|        scalar|
|p_read478   |   in|    8|     ap_none|     p_read478|        scalar|
|p_read479   |   in|    8|     ap_none|     p_read479|        scalar|
|p_read480   |   in|    8|     ap_none|     p_read480|        scalar|
|p_read481   |   in|    8|     ap_none|     p_read481|        scalar|
|p_read482   |   in|    8|     ap_none|     p_read482|        scalar|
|p_read483   |   in|    8|     ap_none|     p_read483|        scalar|
|p_read484   |   in|    8|     ap_none|     p_read484|        scalar|
|p_read485   |   in|    8|     ap_none|     p_read485|        scalar|
|p_read486   |   in|    8|     ap_none|     p_read486|        scalar|
|p_read487   |   in|    8|     ap_none|     p_read487|        scalar|
|p_read488   |   in|    8|     ap_none|     p_read488|        scalar|
|p_read489   |   in|    8|     ap_none|     p_read489|        scalar|
|p_read490   |   in|    8|     ap_none|     p_read490|        scalar|
|p_read491   |   in|    8|     ap_none|     p_read491|        scalar|
|p_read492   |   in|    8|     ap_none|     p_read492|        scalar|
|p_read493   |   in|    8|     ap_none|     p_read493|        scalar|
|p_read494   |   in|    8|     ap_none|     p_read494|        scalar|
|p_read495   |   in|    8|     ap_none|     p_read495|        scalar|
|p_read496   |   in|    8|     ap_none|     p_read496|        scalar|
|p_read497   |   in|    8|     ap_none|     p_read497|        scalar|
|p_read498   |   in|    8|     ap_none|     p_read498|        scalar|
|p_read499   |   in|    8|     ap_none|     p_read499|        scalar|
|p_read500   |   in|    8|     ap_none|     p_read500|        scalar|
|p_read501   |   in|    8|     ap_none|     p_read501|        scalar|
|p_read502   |   in|    8|     ap_none|     p_read502|        scalar|
|p_read503   |   in|    8|     ap_none|     p_read503|        scalar|
|p_read504   |   in|    8|     ap_none|     p_read504|        scalar|
|p_read505   |   in|    8|     ap_none|     p_read505|        scalar|
|p_read506   |   in|    8|     ap_none|     p_read506|        scalar|
|p_read507   |   in|    8|     ap_none|     p_read507|        scalar|
|p_read508   |   in|    8|     ap_none|     p_read508|        scalar|
|p_read509   |   in|    8|     ap_none|     p_read509|        scalar|
|p_read510   |   in|    8|     ap_none|     p_read510|        scalar|
|p_read511   |   in|    8|     ap_none|     p_read511|        scalar|
|p_read512   |   in|    8|     ap_none|     p_read512|        scalar|
|p_read513   |   in|    8|     ap_none|     p_read513|        scalar|
|p_read514   |   in|    8|     ap_none|     p_read514|        scalar|
|p_read515   |   in|    8|     ap_none|     p_read515|        scalar|
|p_read516   |   in|    8|     ap_none|     p_read516|        scalar|
|p_read517   |   in|    8|     ap_none|     p_read517|        scalar|
|p_read518   |   in|    8|     ap_none|     p_read518|        scalar|
|p_read519   |   in|    8|     ap_none|     p_read519|        scalar|
|p_read520   |   in|    8|     ap_none|     p_read520|        scalar|
|p_read521   |   in|    8|     ap_none|     p_read521|        scalar|
|p_read522   |   in|    8|     ap_none|     p_read522|        scalar|
|p_read523   |   in|    8|     ap_none|     p_read523|        scalar|
|p_read524   |   in|    8|     ap_none|     p_read524|        scalar|
|p_read525   |   in|    8|     ap_none|     p_read525|        scalar|
|p_read526   |   in|    8|     ap_none|     p_read526|        scalar|
|p_read527   |   in|    8|     ap_none|     p_read527|        scalar|
|p_read528   |   in|    8|     ap_none|     p_read528|        scalar|
|p_read529   |   in|    8|     ap_none|     p_read529|        scalar|
|p_read530   |   in|    8|     ap_none|     p_read530|        scalar|
|p_read531   |   in|    8|     ap_none|     p_read531|        scalar|
|p_read532   |   in|    8|     ap_none|     p_read532|        scalar|
|p_read533   |   in|    8|     ap_none|     p_read533|        scalar|
|p_read534   |   in|    8|     ap_none|     p_read534|        scalar|
|p_read535   |   in|    8|     ap_none|     p_read535|        scalar|
|p_read536   |   in|    8|     ap_none|     p_read536|        scalar|
|p_read537   |   in|    8|     ap_none|     p_read537|        scalar|
|p_read538   |   in|    8|     ap_none|     p_read538|        scalar|
|p_read539   |   in|    8|     ap_none|     p_read539|        scalar|
|p_read540   |   in|    8|     ap_none|     p_read540|        scalar|
|p_read541   |   in|    8|     ap_none|     p_read541|        scalar|
|p_read542   |   in|    8|     ap_none|     p_read542|        scalar|
|p_read543   |   in|    8|     ap_none|     p_read543|        scalar|
|p_read544   |   in|    8|     ap_none|     p_read544|        scalar|
|p_read545   |   in|    8|     ap_none|     p_read545|        scalar|
|p_read546   |   in|    8|     ap_none|     p_read546|        scalar|
|p_read547   |   in|    8|     ap_none|     p_read547|        scalar|
|p_read548   |   in|    8|     ap_none|     p_read548|        scalar|
|p_read549   |   in|    8|     ap_none|     p_read549|        scalar|
|p_read550   |   in|    8|     ap_none|     p_read550|        scalar|
|p_read551   |   in|    8|     ap_none|     p_read551|        scalar|
|p_read552   |   in|    8|     ap_none|     p_read552|        scalar|
|p_read553   |   in|    8|     ap_none|     p_read553|        scalar|
|p_read554   |   in|    8|     ap_none|     p_read554|        scalar|
|p_read555   |   in|    8|     ap_none|     p_read555|        scalar|
|p_read556   |   in|    8|     ap_none|     p_read556|        scalar|
|p_read557   |   in|    8|     ap_none|     p_read557|        scalar|
|p_read558   |   in|    8|     ap_none|     p_read558|        scalar|
|p_read559   |   in|    8|     ap_none|     p_read559|        scalar|
|p_read560   |   in|    8|     ap_none|     p_read560|        scalar|
|p_read561   |   in|    8|     ap_none|     p_read561|        scalar|
|p_read562   |   in|    8|     ap_none|     p_read562|        scalar|
|p_read563   |   in|    8|     ap_none|     p_read563|        scalar|
|p_read564   |   in|    8|     ap_none|     p_read564|        scalar|
|p_read565   |   in|    8|     ap_none|     p_read565|        scalar|
|p_read566   |   in|    8|     ap_none|     p_read566|        scalar|
|p_read567   |   in|    8|     ap_none|     p_read567|        scalar|
|p_read568   |   in|    8|     ap_none|     p_read568|        scalar|
|p_read569   |   in|    8|     ap_none|     p_read569|        scalar|
|p_read570   |   in|    8|     ap_none|     p_read570|        scalar|
|p_read571   |   in|    8|     ap_none|     p_read571|        scalar|
|p_read572   |   in|    8|     ap_none|     p_read572|        scalar|
|p_read573   |   in|    8|     ap_none|     p_read573|        scalar|
|p_read574   |   in|    8|     ap_none|     p_read574|        scalar|
|p_read575   |   in|    8|     ap_none|     p_read575|        scalar|
|p_read576   |   in|    8|     ap_none|     p_read576|        scalar|
|p_read577   |   in|    8|     ap_none|     p_read577|        scalar|
|p_read578   |   in|    8|     ap_none|     p_read578|        scalar|
|p_read579   |   in|    8|     ap_none|     p_read579|        scalar|
|p_read580   |   in|    8|     ap_none|     p_read580|        scalar|
|p_read581   |   in|    8|     ap_none|     p_read581|        scalar|
|p_read582   |   in|    8|     ap_none|     p_read582|        scalar|
|p_read583   |   in|    8|     ap_none|     p_read583|        scalar|
|p_read584   |   in|    8|     ap_none|     p_read584|        scalar|
|p_read585   |   in|    8|     ap_none|     p_read585|        scalar|
|p_read586   |   in|    8|     ap_none|     p_read586|        scalar|
|p_read587   |   in|    8|     ap_none|     p_read587|        scalar|
|p_read588   |   in|    8|     ap_none|     p_read588|        scalar|
|p_read589   |   in|    8|     ap_none|     p_read589|        scalar|
|p_read590   |   in|    8|     ap_none|     p_read590|        scalar|
|p_read591   |   in|    8|     ap_none|     p_read591|        scalar|
|p_read592   |   in|    8|     ap_none|     p_read592|        scalar|
|p_read593   |   in|    8|     ap_none|     p_read593|        scalar|
|p_read594   |   in|    8|     ap_none|     p_read594|        scalar|
|p_read595   |   in|    8|     ap_none|     p_read595|        scalar|
|p_read596   |   in|    8|     ap_none|     p_read596|        scalar|
|p_read597   |   in|    8|     ap_none|     p_read597|        scalar|
|p_read598   |   in|    8|     ap_none|     p_read598|        scalar|
|p_read599   |   in|    8|     ap_none|     p_read599|        scalar|
|p_read600   |   in|    8|     ap_none|     p_read600|        scalar|
|p_read601   |   in|    8|     ap_none|     p_read601|        scalar|
|p_read602   |   in|    8|     ap_none|     p_read602|        scalar|
|p_read603   |   in|    8|     ap_none|     p_read603|        scalar|
|p_read604   |   in|    8|     ap_none|     p_read604|        scalar|
|p_read605   |   in|    8|     ap_none|     p_read605|        scalar|
|p_read606   |   in|    8|     ap_none|     p_read606|        scalar|
|p_read607   |   in|    8|     ap_none|     p_read607|        scalar|
|p_read608   |   in|    8|     ap_none|     p_read608|        scalar|
|p_read609   |   in|    8|     ap_none|     p_read609|        scalar|
|p_read610   |   in|    8|     ap_none|     p_read610|        scalar|
|p_read611   |   in|    8|     ap_none|     p_read611|        scalar|
|p_read612   |   in|    8|     ap_none|     p_read612|        scalar|
|p_read613   |   in|    8|     ap_none|     p_read613|        scalar|
|p_read614   |   in|    8|     ap_none|     p_read614|        scalar|
|p_read615   |   in|    8|     ap_none|     p_read615|        scalar|
|p_read616   |   in|    8|     ap_none|     p_read616|        scalar|
|p_read617   |   in|    8|     ap_none|     p_read617|        scalar|
|p_read618   |   in|    8|     ap_none|     p_read618|        scalar|
|p_read619   |   in|    8|     ap_none|     p_read619|        scalar|
|p_read620   |   in|    8|     ap_none|     p_read620|        scalar|
|p_read621   |   in|    8|     ap_none|     p_read621|        scalar|
|p_read622   |   in|    8|     ap_none|     p_read622|        scalar|
|p_read623   |   in|    8|     ap_none|     p_read623|        scalar|
|p_read624   |   in|    8|     ap_none|     p_read624|        scalar|
|p_read625   |   in|    8|     ap_none|     p_read625|        scalar|
|p_read626   |   in|    8|     ap_none|     p_read626|        scalar|
|p_read627   |   in|    8|     ap_none|     p_read627|        scalar|
|p_read628   |   in|    8|     ap_none|     p_read628|        scalar|
|p_read629   |   in|    8|     ap_none|     p_read629|        scalar|
|p_read630   |   in|    8|     ap_none|     p_read630|        scalar|
|p_read631   |   in|    8|     ap_none|     p_read631|        scalar|
|p_read632   |   in|    8|     ap_none|     p_read632|        scalar|
|p_read633   |   in|    8|     ap_none|     p_read633|        scalar|
|p_read634   |   in|    8|     ap_none|     p_read634|        scalar|
|p_read635   |   in|    8|     ap_none|     p_read635|        scalar|
|p_read636   |   in|    8|     ap_none|     p_read636|        scalar|
|p_read637   |   in|    8|     ap_none|     p_read637|        scalar|
|p_read638   |   in|    8|     ap_none|     p_read638|        scalar|
|p_read639   |   in|    8|     ap_none|     p_read639|        scalar|
|p_read640   |   in|    8|     ap_none|     p_read640|        scalar|
|p_read641   |   in|    8|     ap_none|     p_read641|        scalar|
|p_read642   |   in|    8|     ap_none|     p_read642|        scalar|
|p_read643   |   in|    8|     ap_none|     p_read643|        scalar|
|p_read644   |   in|    8|     ap_none|     p_read644|        scalar|
|p_read645   |   in|    8|     ap_none|     p_read645|        scalar|
|p_read646   |   in|    8|     ap_none|     p_read646|        scalar|
|p_read647   |   in|    8|     ap_none|     p_read647|        scalar|
|p_read648   |   in|    8|     ap_none|     p_read648|        scalar|
|p_read649   |   in|    8|     ap_none|     p_read649|        scalar|
|p_read650   |   in|    8|     ap_none|     p_read650|        scalar|
|p_read651   |   in|    8|     ap_none|     p_read651|        scalar|
|p_read652   |   in|    8|     ap_none|     p_read652|        scalar|
|p_read653   |   in|    8|     ap_none|     p_read653|        scalar|
|p_read654   |   in|    8|     ap_none|     p_read654|        scalar|
|p_read655   |   in|    8|     ap_none|     p_read655|        scalar|
|p_read656   |   in|    8|     ap_none|     p_read656|        scalar|
|p_read657   |   in|    8|     ap_none|     p_read657|        scalar|
|p_read658   |   in|    8|     ap_none|     p_read658|        scalar|
|p_read659   |   in|    8|     ap_none|     p_read659|        scalar|
|p_read660   |   in|    8|     ap_none|     p_read660|        scalar|
|p_read661   |   in|    8|     ap_none|     p_read661|        scalar|
|p_read662   |   in|    8|     ap_none|     p_read662|        scalar|
|p_read663   |   in|    8|     ap_none|     p_read663|        scalar|
|p_read664   |   in|    8|     ap_none|     p_read664|        scalar|
|p_read665   |   in|    8|     ap_none|     p_read665|        scalar|
|p_read666   |   in|    8|     ap_none|     p_read666|        scalar|
|p_read667   |   in|    8|     ap_none|     p_read667|        scalar|
|p_read668   |   in|    8|     ap_none|     p_read668|        scalar|
|p_read669   |   in|    8|     ap_none|     p_read669|        scalar|
|p_read670   |   in|    8|     ap_none|     p_read670|        scalar|
|p_read671   |   in|    8|     ap_none|     p_read671|        scalar|
|p_read672   |   in|    8|     ap_none|     p_read672|        scalar|
|p_read673   |   in|    8|     ap_none|     p_read673|        scalar|
|p_read674   |   in|    8|     ap_none|     p_read674|        scalar|
|p_read675   |   in|    8|     ap_none|     p_read675|        scalar|
|p_read676   |   in|    8|     ap_none|     p_read676|        scalar|
|p_read677   |   in|    8|     ap_none|     p_read677|        scalar|
|p_read678   |   in|    8|     ap_none|     p_read678|        scalar|
|p_read679   |   in|    8|     ap_none|     p_read679|        scalar|
|p_read680   |   in|    8|     ap_none|     p_read680|        scalar|
|p_read681   |   in|    8|     ap_none|     p_read681|        scalar|
|p_read682   |   in|    8|     ap_none|     p_read682|        scalar|
|p_read683   |   in|    8|     ap_none|     p_read683|        scalar|
|p_read684   |   in|    8|     ap_none|     p_read684|        scalar|
|p_read685   |   in|    8|     ap_none|     p_read685|        scalar|
|p_read686   |   in|    8|     ap_none|     p_read686|        scalar|
|p_read687   |   in|    8|     ap_none|     p_read687|        scalar|
|p_read688   |   in|    8|     ap_none|     p_read688|        scalar|
|p_read689   |   in|    8|     ap_none|     p_read689|        scalar|
|p_read690   |   in|    8|     ap_none|     p_read690|        scalar|
|p_read691   |   in|    8|     ap_none|     p_read691|        scalar|
|p_read692   |   in|    8|     ap_none|     p_read692|        scalar|
|p_read693   |   in|    8|     ap_none|     p_read693|        scalar|
|p_read694   |   in|    8|     ap_none|     p_read694|        scalar|
|p_read695   |   in|    8|     ap_none|     p_read695|        scalar|
|p_read696   |   in|    8|     ap_none|     p_read696|        scalar|
|p_read697   |   in|    8|     ap_none|     p_read697|        scalar|
|p_read698   |   in|    8|     ap_none|     p_read698|        scalar|
|p_read699   |   in|    8|     ap_none|     p_read699|        scalar|
|p_read700   |   in|    8|     ap_none|     p_read700|        scalar|
|p_read701   |   in|    8|     ap_none|     p_read701|        scalar|
|p_read702   |   in|    8|     ap_none|     p_read702|        scalar|
|p_read703   |   in|    8|     ap_none|     p_read703|        scalar|
|p_read704   |   in|    8|     ap_none|     p_read704|        scalar|
|p_read705   |   in|    8|     ap_none|     p_read705|        scalar|
|p_read706   |   in|    8|     ap_none|     p_read706|        scalar|
|p_read707   |   in|    8|     ap_none|     p_read707|        scalar|
|p_read708   |   in|    8|     ap_none|     p_read708|        scalar|
|p_read709   |   in|    8|     ap_none|     p_read709|        scalar|
|p_read710   |   in|    8|     ap_none|     p_read710|        scalar|
|p_read711   |   in|    8|     ap_none|     p_read711|        scalar|
|p_read712   |   in|    8|     ap_none|     p_read712|        scalar|
|p_read713   |   in|    8|     ap_none|     p_read713|        scalar|
|p_read714   |   in|    8|     ap_none|     p_read714|        scalar|
|p_read715   |   in|    8|     ap_none|     p_read715|        scalar|
|p_read716   |   in|    8|     ap_none|     p_read716|        scalar|
|p_read717   |   in|    8|     ap_none|     p_read717|        scalar|
|p_read718   |   in|    8|     ap_none|     p_read718|        scalar|
|p_read719   |   in|    8|     ap_none|     p_read719|        scalar|
|p_read720   |   in|    8|     ap_none|     p_read720|        scalar|
|p_read721   |   in|    8|     ap_none|     p_read721|        scalar|
|p_read722   |   in|    8|     ap_none|     p_read722|        scalar|
|p_read723   |   in|    8|     ap_none|     p_read723|        scalar|
|p_read724   |   in|    8|     ap_none|     p_read724|        scalar|
|p_read725   |   in|    8|     ap_none|     p_read725|        scalar|
|p_read726   |   in|    8|     ap_none|     p_read726|        scalar|
|p_read727   |   in|    8|     ap_none|     p_read727|        scalar|
|p_read728   |   in|    8|     ap_none|     p_read728|        scalar|
|p_read729   |   in|    8|     ap_none|     p_read729|        scalar|
|p_read730   |   in|    8|     ap_none|     p_read730|        scalar|
|p_read731   |   in|    8|     ap_none|     p_read731|        scalar|
|p_read732   |   in|    8|     ap_none|     p_read732|        scalar|
|p_read733   |   in|    8|     ap_none|     p_read733|        scalar|
|p_read734   |   in|    8|     ap_none|     p_read734|        scalar|
|p_read735   |   in|    8|     ap_none|     p_read735|        scalar|
|p_read736   |   in|    8|     ap_none|     p_read736|        scalar|
|p_read737   |   in|    8|     ap_none|     p_read737|        scalar|
|p_read738   |   in|    8|     ap_none|     p_read738|        scalar|
|p_read739   |   in|    8|     ap_none|     p_read739|        scalar|
|p_read740   |   in|    8|     ap_none|     p_read740|        scalar|
|p_read741   |   in|    8|     ap_none|     p_read741|        scalar|
|p_read742   |   in|    8|     ap_none|     p_read742|        scalar|
|p_read743   |   in|    8|     ap_none|     p_read743|        scalar|
|p_read744   |   in|    8|     ap_none|     p_read744|        scalar|
|p_read745   |   in|    8|     ap_none|     p_read745|        scalar|
|p_read746   |   in|    8|     ap_none|     p_read746|        scalar|
|p_read747   |   in|    8|     ap_none|     p_read747|        scalar|
|p_read748   |   in|    8|     ap_none|     p_read748|        scalar|
|p_read749   |   in|    8|     ap_none|     p_read749|        scalar|
|p_read750   |   in|    8|     ap_none|     p_read750|        scalar|
|p_read751   |   in|    8|     ap_none|     p_read751|        scalar|
|p_read752   |   in|    8|     ap_none|     p_read752|        scalar|
|p_read753   |   in|    8|     ap_none|     p_read753|        scalar|
|p_read754   |   in|    8|     ap_none|     p_read754|        scalar|
|p_read755   |   in|    8|     ap_none|     p_read755|        scalar|
|p_read756   |   in|    8|     ap_none|     p_read756|        scalar|
|p_read757   |   in|    8|     ap_none|     p_read757|        scalar|
|p_read758   |   in|    8|     ap_none|     p_read758|        scalar|
|p_read759   |   in|    8|     ap_none|     p_read759|        scalar|
|p_read760   |   in|    8|     ap_none|     p_read760|        scalar|
|p_read761   |   in|    8|     ap_none|     p_read761|        scalar|
|p_read762   |   in|    8|     ap_none|     p_read762|        scalar|
|p_read763   |   in|    8|     ap_none|     p_read763|        scalar|
|p_read764   |   in|    8|     ap_none|     p_read764|        scalar|
|p_read765   |   in|    8|     ap_none|     p_read765|        scalar|
|p_read766   |   in|    8|     ap_none|     p_read766|        scalar|
|p_read767   |   in|    8|     ap_none|     p_read767|        scalar|
|p_read768   |   in|    8|     ap_none|     p_read768|        scalar|
|p_read769   |   in|    8|     ap_none|     p_read769|        scalar|
|p_read770   |   in|    8|     ap_none|     p_read770|        scalar|
|p_read771   |   in|    8|     ap_none|     p_read771|        scalar|
|p_read772   |   in|    8|     ap_none|     p_read772|        scalar|
|p_read773   |   in|    8|     ap_none|     p_read773|        scalar|
|p_read774   |   in|    8|     ap_none|     p_read774|        scalar|
|p_read775   |   in|    8|     ap_none|     p_read775|        scalar|
|p_read776   |   in|    8|     ap_none|     p_read776|        scalar|
|p_read777   |   in|    8|     ap_none|     p_read777|        scalar|
|p_read778   |   in|    8|     ap_none|     p_read778|        scalar|
|p_read779   |   in|    8|     ap_none|     p_read779|        scalar|
|p_read780   |   in|    8|     ap_none|     p_read780|        scalar|
|p_read781   |   in|    8|     ap_none|     p_read781|        scalar|
|p_read782   |   in|    8|     ap_none|     p_read782|        scalar|
|p_read783   |   in|    8|     ap_none|     p_read783|        scalar|
|p_read784   |   in|    8|     ap_none|     p_read784|        scalar|
|p_read785   |   in|    8|     ap_none|     p_read785|        scalar|
|p_read786   |   in|    8|     ap_none|     p_read786|        scalar|
|p_read787   |   in|    8|     ap_none|     p_read787|        scalar|
|p_read788   |   in|    8|     ap_none|     p_read788|        scalar|
|p_read789   |   in|    8|     ap_none|     p_read789|        scalar|
|p_read790   |   in|    8|     ap_none|     p_read790|        scalar|
|p_read791   |   in|    8|     ap_none|     p_read791|        scalar|
|p_read792   |   in|    8|     ap_none|     p_read792|        scalar|
|p_read793   |   in|    8|     ap_none|     p_read793|        scalar|
|p_read794   |   in|    8|     ap_none|     p_read794|        scalar|
|p_read795   |   in|    8|     ap_none|     p_read795|        scalar|
|p_read796   |   in|    8|     ap_none|     p_read796|        scalar|
|p_read797   |   in|    8|     ap_none|     p_read797|        scalar|
|p_read798   |   in|    8|     ap_none|     p_read798|        scalar|
|p_read799   |   in|    8|     ap_none|     p_read799|        scalar|
|p_read800   |   in|    8|     ap_none|     p_read800|        scalar|
|p_read801   |   in|    8|     ap_none|     p_read801|        scalar|
|p_read802   |   in|    8|     ap_none|     p_read802|        scalar|
|p_read803   |   in|    8|     ap_none|     p_read803|        scalar|
|p_read804   |   in|    8|     ap_none|     p_read804|        scalar|
|p_read805   |   in|    8|     ap_none|     p_read805|        scalar|
|p_read806   |   in|    8|     ap_none|     p_read806|        scalar|
|p_read807   |   in|    8|     ap_none|     p_read807|        scalar|
|p_read808   |   in|    8|     ap_none|     p_read808|        scalar|
|p_read809   |   in|    8|     ap_none|     p_read809|        scalar|
|p_read810   |   in|    8|     ap_none|     p_read810|        scalar|
|p_read811   |   in|    8|     ap_none|     p_read811|        scalar|
|p_read812   |   in|    8|     ap_none|     p_read812|        scalar|
|p_read813   |   in|    8|     ap_none|     p_read813|        scalar|
|p_read814   |   in|    8|     ap_none|     p_read814|        scalar|
|p_read815   |   in|    8|     ap_none|     p_read815|        scalar|
|p_read816   |   in|    8|     ap_none|     p_read816|        scalar|
|p_read817   |   in|    8|     ap_none|     p_read817|        scalar|
|p_read818   |   in|    8|     ap_none|     p_read818|        scalar|
|p_read819   |   in|    8|     ap_none|     p_read819|        scalar|
|p_read820   |   in|    8|     ap_none|     p_read820|        scalar|
|p_read821   |   in|    8|     ap_none|     p_read821|        scalar|
|p_read822   |   in|    8|     ap_none|     p_read822|        scalar|
|p_read823   |   in|    8|     ap_none|     p_read823|        scalar|
|p_read824   |   in|    8|     ap_none|     p_read824|        scalar|
|p_read825   |   in|    8|     ap_none|     p_read825|        scalar|
|p_read826   |   in|    8|     ap_none|     p_read826|        scalar|
|p_read827   |   in|    8|     ap_none|     p_read827|        scalar|
|p_read828   |   in|    8|     ap_none|     p_read828|        scalar|
|p_read829   |   in|    8|     ap_none|     p_read829|        scalar|
|p_read830   |   in|    8|     ap_none|     p_read830|        scalar|
|p_read831   |   in|    8|     ap_none|     p_read831|        scalar|
|p_read832   |   in|    8|     ap_none|     p_read832|        scalar|
|p_read833   |   in|    8|     ap_none|     p_read833|        scalar|
|p_read834   |   in|    8|     ap_none|     p_read834|        scalar|
|p_read835   |   in|    8|     ap_none|     p_read835|        scalar|
|p_read836   |   in|    8|     ap_none|     p_read836|        scalar|
|p_read837   |   in|    8|     ap_none|     p_read837|        scalar|
|p_read838   |   in|    8|     ap_none|     p_read838|        scalar|
|p_read839   |   in|    8|     ap_none|     p_read839|        scalar|
|p_read840   |   in|    8|     ap_none|     p_read840|        scalar|
|p_read841   |   in|    8|     ap_none|     p_read841|        scalar|
|p_read842   |   in|    8|     ap_none|     p_read842|        scalar|
|p_read843   |   in|    8|     ap_none|     p_read843|        scalar|
|p_read844   |   in|    8|     ap_none|     p_read844|        scalar|
|p_read845   |   in|    8|     ap_none|     p_read845|        scalar|
|p_read846   |   in|    8|     ap_none|     p_read846|        scalar|
|p_read847   |   in|    8|     ap_none|     p_read847|        scalar|
|p_read848   |   in|    8|     ap_none|     p_read848|        scalar|
|p_read849   |   in|    8|     ap_none|     p_read849|        scalar|
|p_read850   |   in|    8|     ap_none|     p_read850|        scalar|
|p_read851   |   in|    8|     ap_none|     p_read851|        scalar|
|p_read852   |   in|    8|     ap_none|     p_read852|        scalar|
|p_read853   |   in|    8|     ap_none|     p_read853|        scalar|
|p_read854   |   in|    8|     ap_none|     p_read854|        scalar|
|p_read855   |   in|    8|     ap_none|     p_read855|        scalar|
|p_read856   |   in|    8|     ap_none|     p_read856|        scalar|
|p_read857   |   in|    8|     ap_none|     p_read857|        scalar|
|p_read858   |   in|    8|     ap_none|     p_read858|        scalar|
|p_read859   |   in|    8|     ap_none|     p_read859|        scalar|
|p_read860   |   in|    8|     ap_none|     p_read860|        scalar|
|p_read861   |   in|    8|     ap_none|     p_read861|        scalar|
|p_read862   |   in|    8|     ap_none|     p_read862|        scalar|
|p_read863   |   in|    8|     ap_none|     p_read863|        scalar|
|p_read864   |   in|    8|     ap_none|     p_read864|        scalar|
|p_read865   |   in|    8|     ap_none|     p_read865|        scalar|
|p_read866   |   in|    8|     ap_none|     p_read866|        scalar|
|p_read867   |   in|    8|     ap_none|     p_read867|        scalar|
|p_read868   |   in|    8|     ap_none|     p_read868|        scalar|
|p_read869   |   in|    8|     ap_none|     p_read869|        scalar|
|p_read870   |   in|    8|     ap_none|     p_read870|        scalar|
|p_read871   |   in|    8|     ap_none|     p_read871|        scalar|
|p_read872   |   in|    8|     ap_none|     p_read872|        scalar|
|p_read873   |   in|    8|     ap_none|     p_read873|        scalar|
|p_read874   |   in|    8|     ap_none|     p_read874|        scalar|
|p_read875   |   in|    8|     ap_none|     p_read875|        scalar|
|p_read876   |   in|    8|     ap_none|     p_read876|        scalar|
|p_read877   |   in|    8|     ap_none|     p_read877|        scalar|
|p_read878   |   in|    8|     ap_none|     p_read878|        scalar|
|p_read879   |   in|    8|     ap_none|     p_read879|        scalar|
|p_read880   |   in|    8|     ap_none|     p_read880|        scalar|
|p_read881   |   in|    8|     ap_none|     p_read881|        scalar|
|p_read882   |   in|    8|     ap_none|     p_read882|        scalar|
|p_read883   |   in|    8|     ap_none|     p_read883|        scalar|
|p_read884   |   in|    8|     ap_none|     p_read884|        scalar|
|p_read885   |   in|    8|     ap_none|     p_read885|        scalar|
|p_read886   |   in|    8|     ap_none|     p_read886|        scalar|
|p_read887   |   in|    8|     ap_none|     p_read887|        scalar|
|p_read888   |   in|    8|     ap_none|     p_read888|        scalar|
|p_read889   |   in|    8|     ap_none|     p_read889|        scalar|
|p_read890   |   in|    8|     ap_none|     p_read890|        scalar|
|p_read891   |   in|    8|     ap_none|     p_read891|        scalar|
|p_read892   |   in|    8|     ap_none|     p_read892|        scalar|
|p_read893   |   in|    8|     ap_none|     p_read893|        scalar|
|p_read894   |   in|    8|     ap_none|     p_read894|        scalar|
|p_read895   |   in|    8|     ap_none|     p_read895|        scalar|
|p_read896   |   in|    8|     ap_none|     p_read896|        scalar|
|p_read897   |   in|    8|     ap_none|     p_read897|        scalar|
|p_read898   |   in|    8|     ap_none|     p_read898|        scalar|
|p_read899   |   in|    8|     ap_none|     p_read899|        scalar|
|p_read900   |   in|    8|     ap_none|     p_read900|        scalar|
|p_read901   |   in|    8|     ap_none|     p_read901|        scalar|
|p_read902   |   in|    8|     ap_none|     p_read902|        scalar|
|p_read903   |   in|    8|     ap_none|     p_read903|        scalar|
|p_read904   |   in|    8|     ap_none|     p_read904|        scalar|
|p_read905   |   in|    8|     ap_none|     p_read905|        scalar|
|p_read906   |   in|    8|     ap_none|     p_read906|        scalar|
|p_read907   |   in|    8|     ap_none|     p_read907|        scalar|
|p_read908   |   in|    8|     ap_none|     p_read908|        scalar|
|p_read909   |   in|    8|     ap_none|     p_read909|        scalar|
|p_read910   |   in|    8|     ap_none|     p_read910|        scalar|
|p_read911   |   in|    8|     ap_none|     p_read911|        scalar|
|p_read912   |   in|    8|     ap_none|     p_read912|        scalar|
|p_read913   |   in|    8|     ap_none|     p_read913|        scalar|
|p_read914   |   in|    8|     ap_none|     p_read914|        scalar|
|p_read915   |   in|    8|     ap_none|     p_read915|        scalar|
|p_read916   |   in|    8|     ap_none|     p_read916|        scalar|
|p_read917   |   in|    8|     ap_none|     p_read917|        scalar|
|p_read918   |   in|    8|     ap_none|     p_read918|        scalar|
|p_read919   |   in|    8|     ap_none|     p_read919|        scalar|
|p_read920   |   in|    8|     ap_none|     p_read920|        scalar|
|p_read921   |   in|    8|     ap_none|     p_read921|        scalar|
|p_read922   |   in|    8|     ap_none|     p_read922|        scalar|
|p_read923   |   in|    8|     ap_none|     p_read923|        scalar|
|p_read924   |   in|    8|     ap_none|     p_read924|        scalar|
|p_read925   |   in|    8|     ap_none|     p_read925|        scalar|
|p_read926   |   in|    8|     ap_none|     p_read926|        scalar|
|p_read927   |   in|    8|     ap_none|     p_read927|        scalar|
|p_read928   |   in|    8|     ap_none|     p_read928|        scalar|
|p_read929   |   in|    8|     ap_none|     p_read929|        scalar|
|p_read930   |   in|    8|     ap_none|     p_read930|        scalar|
|p_read931   |   in|    8|     ap_none|     p_read931|        scalar|
|p_read932   |   in|    8|     ap_none|     p_read932|        scalar|
|p_read933   |   in|    8|     ap_none|     p_read933|        scalar|
|p_read934   |   in|    8|     ap_none|     p_read934|        scalar|
|p_read935   |   in|    8|     ap_none|     p_read935|        scalar|
|p_read936   |   in|    8|     ap_none|     p_read936|        scalar|
|p_read937   |   in|    8|     ap_none|     p_read937|        scalar|
|p_read938   |   in|    8|     ap_none|     p_read938|        scalar|
|p_read939   |   in|    8|     ap_none|     p_read939|        scalar|
|p_read940   |   in|    8|     ap_none|     p_read940|        scalar|
|p_read941   |   in|    8|     ap_none|     p_read941|        scalar|
|p_read942   |   in|    8|     ap_none|     p_read942|        scalar|
|p_read943   |   in|    8|     ap_none|     p_read943|        scalar|
|p_read944   |   in|    8|     ap_none|     p_read944|        scalar|
|p_read945   |   in|    8|     ap_none|     p_read945|        scalar|
|p_read946   |   in|    8|     ap_none|     p_read946|        scalar|
|p_read947   |   in|    8|     ap_none|     p_read947|        scalar|
|p_read948   |   in|    8|     ap_none|     p_read948|        scalar|
|p_read949   |   in|    8|     ap_none|     p_read949|        scalar|
|p_read950   |   in|    8|     ap_none|     p_read950|        scalar|
|p_read951   |   in|    8|     ap_none|     p_read951|        scalar|
|p_read952   |   in|    8|     ap_none|     p_read952|        scalar|
|p_read953   |   in|    8|     ap_none|     p_read953|        scalar|
|p_read954   |   in|    8|     ap_none|     p_read954|        scalar|
|p_read955   |   in|    8|     ap_none|     p_read955|        scalar|
|p_read956   |   in|    8|     ap_none|     p_read956|        scalar|
|p_read957   |   in|    8|     ap_none|     p_read957|        scalar|
|p_read958   |   in|    8|     ap_none|     p_read958|        scalar|
|p_read959   |   in|    8|     ap_none|     p_read959|        scalar|
|p_read960   |   in|    8|     ap_none|     p_read960|        scalar|
|p_read961   |   in|    8|     ap_none|     p_read961|        scalar|
|p_read962   |   in|    8|     ap_none|     p_read962|        scalar|
|p_read963   |   in|    8|     ap_none|     p_read963|        scalar|
|p_read964   |   in|    8|     ap_none|     p_read964|        scalar|
|p_read965   |   in|    8|     ap_none|     p_read965|        scalar|
|p_read966   |   in|    8|     ap_none|     p_read966|        scalar|
|p_read967   |   in|    8|     ap_none|     p_read967|        scalar|
|p_read968   |   in|    8|     ap_none|     p_read968|        scalar|
|p_read969   |   in|    8|     ap_none|     p_read969|        scalar|
|p_read970   |   in|    8|     ap_none|     p_read970|        scalar|
|p_read971   |   in|    8|     ap_none|     p_read971|        scalar|
|p_read972   |   in|    8|     ap_none|     p_read972|        scalar|
|p_read973   |   in|    8|     ap_none|     p_read973|        scalar|
|p_read974   |   in|    8|     ap_none|     p_read974|        scalar|
|p_read975   |   in|    8|     ap_none|     p_read975|        scalar|
|p_read976   |   in|    8|     ap_none|     p_read976|        scalar|
|p_read977   |   in|    8|     ap_none|     p_read977|        scalar|
|p_read978   |   in|    8|     ap_none|     p_read978|        scalar|
|p_read979   |   in|    8|     ap_none|     p_read979|        scalar|
|p_read980   |   in|    8|     ap_none|     p_read980|        scalar|
|p_read981   |   in|    8|     ap_none|     p_read981|        scalar|
|p_read982   |   in|    8|     ap_none|     p_read982|        scalar|
|p_read983   |   in|    8|     ap_none|     p_read983|        scalar|
|p_read984   |   in|    8|     ap_none|     p_read984|        scalar|
|p_read985   |   in|    8|     ap_none|     p_read985|        scalar|
|p_read986   |   in|    8|     ap_none|     p_read986|        scalar|
|p_read987   |   in|    8|     ap_none|     p_read987|        scalar|
|p_read988   |   in|    8|     ap_none|     p_read988|        scalar|
|p_read989   |   in|    8|     ap_none|     p_read989|        scalar|
|p_read990   |   in|    8|     ap_none|     p_read990|        scalar|
|p_read991   |   in|    8|     ap_none|     p_read991|        scalar|
|p_read992   |   in|    8|     ap_none|     p_read992|        scalar|
|p_read993   |   in|    8|     ap_none|     p_read993|        scalar|
|p_read994   |   in|    8|     ap_none|     p_read994|        scalar|
|p_read995   |   in|    8|     ap_none|     p_read995|        scalar|
|p_read996   |   in|    8|     ap_none|     p_read996|        scalar|
|p_read997   |   in|    8|     ap_none|     p_read997|        scalar|
|p_read998   |   in|    8|     ap_none|     p_read998|        scalar|
|p_read999   |   in|    8|     ap_none|     p_read999|        scalar|
|p_read1000  |   in|    8|     ap_none|    p_read1000|        scalar|
|p_read1001  |   in|    8|     ap_none|    p_read1001|        scalar|
|p_read1002  |   in|    8|     ap_none|    p_read1002|        scalar|
|p_read1003  |   in|    8|     ap_none|    p_read1003|        scalar|
|p_read1004  |   in|    8|     ap_none|    p_read1004|        scalar|
|p_read1005  |   in|    8|     ap_none|    p_read1005|        scalar|
|p_read1006  |   in|    8|     ap_none|    p_read1006|        scalar|
|p_read1007  |   in|    8|     ap_none|    p_read1007|        scalar|
|p_read1008  |   in|    8|     ap_none|    p_read1008|        scalar|
|p_read1009  |   in|    8|     ap_none|    p_read1009|        scalar|
|p_read1010  |   in|    8|     ap_none|    p_read1010|        scalar|
|p_read1011  |   in|    8|     ap_none|    p_read1011|        scalar|
|p_read1012  |   in|    8|     ap_none|    p_read1012|        scalar|
|p_read1013  |   in|    8|     ap_none|    p_read1013|        scalar|
|p_read1014  |   in|    8|     ap_none|    p_read1014|        scalar|
|p_read1015  |   in|    8|     ap_none|    p_read1015|        scalar|
|p_read1016  |   in|    8|     ap_none|    p_read1016|        scalar|
|p_read1017  |   in|    8|     ap_none|    p_read1017|        scalar|
|p_read1018  |   in|    8|     ap_none|    p_read1018|        scalar|
|p_read1019  |   in|    8|     ap_none|    p_read1019|        scalar|
|p_read1020  |   in|    8|     ap_none|    p_read1020|        scalar|
|p_read1021  |   in|    8|     ap_none|    p_read1021|        scalar|
|p_read1022  |   in|    8|     ap_none|    p_read1022|        scalar|
|p_read1023  |   in|    8|     ap_none|    p_read1023|        scalar|
|p_read1024  |   in|    8|     ap_none|    p_read1024|        scalar|
|p_read1025  |   in|    8|     ap_none|    p_read1025|        scalar|
|p_read1026  |   in|    8|     ap_none|    p_read1026|        scalar|
|p_read1027  |   in|    8|     ap_none|    p_read1027|        scalar|
|p_read1028  |   in|    8|     ap_none|    p_read1028|        scalar|
|p_read1029  |   in|    8|     ap_none|    p_read1029|        scalar|
|p_read1030  |   in|    8|     ap_none|    p_read1030|        scalar|
|p_read1031  |   in|    8|     ap_none|    p_read1031|        scalar|
|p_read1032  |   in|    8|     ap_none|    p_read1032|        scalar|
|p_read1033  |   in|    8|     ap_none|    p_read1033|        scalar|
|p_read1034  |   in|    8|     ap_none|    p_read1034|        scalar|
|p_read1035  |   in|    8|     ap_none|    p_read1035|        scalar|
|p_read1036  |   in|    8|     ap_none|    p_read1036|        scalar|
|p_read1037  |   in|    8|     ap_none|    p_read1037|        scalar|
|p_read1038  |   in|    8|     ap_none|    p_read1038|        scalar|
|p_read1039  |   in|    8|     ap_none|    p_read1039|        scalar|
|p_read1040  |   in|    8|     ap_none|    p_read1040|        scalar|
|p_read1041  |   in|    8|     ap_none|    p_read1041|        scalar|
|p_read1042  |   in|    8|     ap_none|    p_read1042|        scalar|
|p_read1043  |   in|    8|     ap_none|    p_read1043|        scalar|
|p_read1044  |   in|    8|     ap_none|    p_read1044|        scalar|
|p_read1045  |   in|    8|     ap_none|    p_read1045|        scalar|
|p_read1046  |   in|    8|     ap_none|    p_read1046|        scalar|
|p_read1047  |   in|    8|     ap_none|    p_read1047|        scalar|
|p_read1048  |   in|    8|     ap_none|    p_read1048|        scalar|
|p_read1049  |   in|    8|     ap_none|    p_read1049|        scalar|
|p_read1050  |   in|    8|     ap_none|    p_read1050|        scalar|
|p_read1051  |   in|    8|     ap_none|    p_read1051|        scalar|
|p_read1052  |   in|    8|     ap_none|    p_read1052|        scalar|
|p_read1053  |   in|    8|     ap_none|    p_read1053|        scalar|
|p_read1054  |   in|    8|     ap_none|    p_read1054|        scalar|
|p_read1055  |   in|    8|     ap_none|    p_read1055|        scalar|
|p_read1056  |   in|    8|     ap_none|    p_read1056|        scalar|
|p_read1057  |   in|    8|     ap_none|    p_read1057|        scalar|
|p_read1058  |   in|    8|     ap_none|    p_read1058|        scalar|
|p_read1059  |   in|    8|     ap_none|    p_read1059|        scalar|
|p_read1060  |   in|    8|     ap_none|    p_read1060|        scalar|
|p_read1061  |   in|    8|     ap_none|    p_read1061|        scalar|
|p_read1062  |   in|    8|     ap_none|    p_read1062|        scalar|
|p_read1063  |   in|    8|     ap_none|    p_read1063|        scalar|
|p_read1064  |   in|    8|     ap_none|    p_read1064|        scalar|
|p_read1065  |   in|    8|     ap_none|    p_read1065|        scalar|
|p_read1066  |   in|    8|     ap_none|    p_read1066|        scalar|
|p_read1067  |   in|    8|     ap_none|    p_read1067|        scalar|
|p_read1068  |   in|    8|     ap_none|    p_read1068|        scalar|
|p_read1069  |   in|    8|     ap_none|    p_read1069|        scalar|
|p_read1070  |   in|    8|     ap_none|    p_read1070|        scalar|
|p_read1071  |   in|    8|     ap_none|    p_read1071|        scalar|
|p_read1072  |   in|    8|     ap_none|    p_read1072|        scalar|
|p_read1073  |   in|    8|     ap_none|    p_read1073|        scalar|
|p_read1074  |   in|    8|     ap_none|    p_read1074|        scalar|
|p_read1075  |   in|    8|     ap_none|    p_read1075|        scalar|
|p_read1076  |   in|    8|     ap_none|    p_read1076|        scalar|
|p_read1077  |   in|    8|     ap_none|    p_read1077|        scalar|
|p_read1078  |   in|    8|     ap_none|    p_read1078|        scalar|
|p_read1079  |   in|    8|     ap_none|    p_read1079|        scalar|
|p_read1080  |   in|    8|     ap_none|    p_read1080|        scalar|
|p_read1081  |   in|    8|     ap_none|    p_read1081|        scalar|
|p_read1082  |   in|    8|     ap_none|    p_read1082|        scalar|
|p_read1083  |   in|    8|     ap_none|    p_read1083|        scalar|
|p_read1084  |   in|    8|     ap_none|    p_read1084|        scalar|
|p_read1085  |   in|    8|     ap_none|    p_read1085|        scalar|
|p_read1086  |   in|    8|     ap_none|    p_read1086|        scalar|
|p_read1087  |   in|    8|     ap_none|    p_read1087|        scalar|
|p_read1088  |   in|    8|     ap_none|    p_read1088|        scalar|
|p_read1089  |   in|    8|     ap_none|    p_read1089|        scalar|
|p_read1090  |   in|    8|     ap_none|    p_read1090|        scalar|
|p_read1091  |   in|    8|     ap_none|    p_read1091|        scalar|
|p_read1092  |   in|    8|     ap_none|    p_read1092|        scalar|
|p_read1093  |   in|    8|     ap_none|    p_read1093|        scalar|
|p_read1094  |   in|    8|     ap_none|    p_read1094|        scalar|
|p_read1095  |   in|    8|     ap_none|    p_read1095|        scalar|
|p_read1096  |   in|    8|     ap_none|    p_read1096|        scalar|
|p_read1097  |   in|    8|     ap_none|    p_read1097|        scalar|
|p_read1098  |   in|    8|     ap_none|    p_read1098|        scalar|
|p_read1099  |   in|    8|     ap_none|    p_read1099|        scalar|
|p_read1100  |   in|    8|     ap_none|    p_read1100|        scalar|
|p_read1101  |   in|    8|     ap_none|    p_read1101|        scalar|
|p_read1102  |   in|    8|     ap_none|    p_read1102|        scalar|
|p_read1103  |   in|    8|     ap_none|    p_read1103|        scalar|
|p_read1104  |   in|    8|     ap_none|    p_read1104|        scalar|
|p_read1105  |   in|    8|     ap_none|    p_read1105|        scalar|
|p_read1106  |   in|    8|     ap_none|    p_read1106|        scalar|
|p_read1107  |   in|    8|     ap_none|    p_read1107|        scalar|
|p_read1108  |   in|    8|     ap_none|    p_read1108|        scalar|
|p_read1109  |   in|    8|     ap_none|    p_read1109|        scalar|
|p_read1110  |   in|    8|     ap_none|    p_read1110|        scalar|
|p_read1111  |   in|    8|     ap_none|    p_read1111|        scalar|
|p_read1112  |   in|    8|     ap_none|    p_read1112|        scalar|
|p_read1113  |   in|    8|     ap_none|    p_read1113|        scalar|
|p_read1114  |   in|    8|     ap_none|    p_read1114|        scalar|
|p_read1115  |   in|    8|     ap_none|    p_read1115|        scalar|
|p_read1116  |   in|    8|     ap_none|    p_read1116|        scalar|
|p_read1117  |   in|    8|     ap_none|    p_read1117|        scalar|
|p_read1118  |   in|    8|     ap_none|    p_read1118|        scalar|
|p_read1119  |   in|    8|     ap_none|    p_read1119|        scalar|
|p_read1120  |   in|    8|     ap_none|    p_read1120|        scalar|
|p_read1121  |   in|    8|     ap_none|    p_read1121|        scalar|
|p_read1122  |   in|    8|     ap_none|    p_read1122|        scalar|
|p_read1123  |   in|    8|     ap_none|    p_read1123|        scalar|
|p_read1124  |   in|    8|     ap_none|    p_read1124|        scalar|
|p_read1125  |   in|    8|     ap_none|    p_read1125|        scalar|
|p_read1126  |   in|    8|     ap_none|    p_read1126|        scalar|
|p_read1127  |   in|    8|     ap_none|    p_read1127|        scalar|
|p_read1128  |   in|    8|     ap_none|    p_read1128|        scalar|
|p_read1129  |   in|    8|     ap_none|    p_read1129|        scalar|
|p_read1130  |   in|    8|     ap_none|    p_read1130|        scalar|
|p_read1131  |   in|    8|     ap_none|    p_read1131|        scalar|
|p_read1132  |   in|    8|     ap_none|    p_read1132|        scalar|
|p_read1133  |   in|    8|     ap_none|    p_read1133|        scalar|
|p_read1134  |   in|    8|     ap_none|    p_read1134|        scalar|
|p_read1135  |   in|    8|     ap_none|    p_read1135|        scalar|
|p_read1136  |   in|    8|     ap_none|    p_read1136|        scalar|
|p_read1137  |   in|    8|     ap_none|    p_read1137|        scalar|
|p_read1138  |   in|    8|     ap_none|    p_read1138|        scalar|
|p_read1139  |   in|    8|     ap_none|    p_read1139|        scalar|
|p_read1140  |   in|    8|     ap_none|    p_read1140|        scalar|
|p_read1141  |   in|    8|     ap_none|    p_read1141|        scalar|
|p_read1142  |   in|    8|     ap_none|    p_read1142|        scalar|
|p_read1143  |   in|    8|     ap_none|    p_read1143|        scalar|
|p_read1144  |   in|    8|     ap_none|    p_read1144|        scalar|
|p_read1145  |   in|    8|     ap_none|    p_read1145|        scalar|
|p_read1146  |   in|    8|     ap_none|    p_read1146|        scalar|
|p_read1147  |   in|    8|     ap_none|    p_read1147|        scalar|
|p_read1148  |   in|    8|     ap_none|    p_read1148|        scalar|
|p_read1149  |   in|    8|     ap_none|    p_read1149|        scalar|
|p_read1150  |   in|    8|     ap_none|    p_read1150|        scalar|
|p_read1151  |   in|    8|     ap_none|    p_read1151|        scalar|
|p_read1152  |   in|    8|     ap_none|    p_read1152|        scalar|
|p_read1153  |   in|    8|     ap_none|    p_read1153|        scalar|
|p_read1154  |   in|    8|     ap_none|    p_read1154|        scalar|
|p_read1155  |   in|    8|     ap_none|    p_read1155|        scalar|
|p_read1156  |   in|    8|     ap_none|    p_read1156|        scalar|
|p_read1157  |   in|    8|     ap_none|    p_read1157|        scalar|
|p_read1158  |   in|    8|     ap_none|    p_read1158|        scalar|
|p_read1159  |   in|    8|     ap_none|    p_read1159|        scalar|
|p_read1160  |   in|    8|     ap_none|    p_read1160|        scalar|
|p_read1161  |   in|    8|     ap_none|    p_read1161|        scalar|
|p_read1162  |   in|    8|     ap_none|    p_read1162|        scalar|
|p_read1163  |   in|    8|     ap_none|    p_read1163|        scalar|
|p_read1164  |   in|    8|     ap_none|    p_read1164|        scalar|
|p_read1165  |   in|    8|     ap_none|    p_read1165|        scalar|
|p_read1166  |   in|    8|     ap_none|    p_read1166|        scalar|
|p_read1167  |   in|    8|     ap_none|    p_read1167|        scalar|
|p_read1168  |   in|    8|     ap_none|    p_read1168|        scalar|
|p_read1169  |   in|    8|     ap_none|    p_read1169|        scalar|
|p_read1170  |   in|    8|     ap_none|    p_read1170|        scalar|
|p_read1171  |   in|    8|     ap_none|    p_read1171|        scalar|
|p_read1172  |   in|    8|     ap_none|    p_read1172|        scalar|
|p_read1173  |   in|    8|     ap_none|    p_read1173|        scalar|
|p_read1174  |   in|    8|     ap_none|    p_read1174|        scalar|
|p_read1175  |   in|    8|     ap_none|    p_read1175|        scalar|
|p_read1176  |   in|    8|     ap_none|    p_read1176|        scalar|
|p_read1177  |   in|    8|     ap_none|    p_read1177|        scalar|
|p_read1178  |   in|    8|     ap_none|    p_read1178|        scalar|
|p_read1179  |   in|    8|     ap_none|    p_read1179|        scalar|
|p_read1180  |   in|    8|     ap_none|    p_read1180|        scalar|
|p_read1181  |   in|    8|     ap_none|    p_read1181|        scalar|
|p_read1182  |   in|    8|     ap_none|    p_read1182|        scalar|
|p_read1183  |   in|    8|     ap_none|    p_read1183|        scalar|
|p_read1184  |   in|    8|     ap_none|    p_read1184|        scalar|
|p_read1185  |   in|    8|     ap_none|    p_read1185|        scalar|
|p_read1186  |   in|    8|     ap_none|    p_read1186|        scalar|
|p_read1187  |   in|    8|     ap_none|    p_read1187|        scalar|
|p_read1188  |   in|    8|     ap_none|    p_read1188|        scalar|
|p_read1189  |   in|    8|     ap_none|    p_read1189|        scalar|
|p_read1190  |   in|    8|     ap_none|    p_read1190|        scalar|
|p_read1191  |   in|    8|     ap_none|    p_read1191|        scalar|
|p_read1192  |   in|    8|     ap_none|    p_read1192|        scalar|
|p_read1193  |   in|    8|     ap_none|    p_read1193|        scalar|
|p_read1194  |   in|    8|     ap_none|    p_read1194|        scalar|
|p_read1195  |   in|    8|     ap_none|    p_read1195|        scalar|
|p_read1196  |   in|    8|     ap_none|    p_read1196|        scalar|
|p_read1197  |   in|    8|     ap_none|    p_read1197|        scalar|
|p_read1198  |   in|    8|     ap_none|    p_read1198|        scalar|
|p_read1199  |   in|    8|     ap_none|    p_read1199|        scalar|
|p_read1200  |   in|    8|     ap_none|    p_read1200|        scalar|
|p_read1201  |   in|    8|     ap_none|    p_read1201|        scalar|
|p_read1202  |   in|    8|     ap_none|    p_read1202|        scalar|
|p_read1203  |   in|    8|     ap_none|    p_read1203|        scalar|
|p_read1204  |   in|    8|     ap_none|    p_read1204|        scalar|
|p_read1205  |   in|    8|     ap_none|    p_read1205|        scalar|
|p_read1206  |   in|    8|     ap_none|    p_read1206|        scalar|
|p_read1207  |   in|    8|     ap_none|    p_read1207|        scalar|
|p_read1208  |   in|    8|     ap_none|    p_read1208|        scalar|
|p_read1209  |   in|    8|     ap_none|    p_read1209|        scalar|
|p_read1210  |   in|    8|     ap_none|    p_read1210|        scalar|
|p_read1211  |   in|    8|     ap_none|    p_read1211|        scalar|
|p_read1212  |   in|    8|     ap_none|    p_read1212|        scalar|
|p_read1213  |   in|    8|     ap_none|    p_read1213|        scalar|
|p_read1214  |   in|    8|     ap_none|    p_read1214|        scalar|
|p_read1215  |   in|    8|     ap_none|    p_read1215|        scalar|
|p_read1216  |   in|    8|     ap_none|    p_read1216|        scalar|
|p_read1217  |   in|    8|     ap_none|    p_read1217|        scalar|
|p_read1218  |   in|    8|     ap_none|    p_read1218|        scalar|
|p_read1219  |   in|    8|     ap_none|    p_read1219|        scalar|
|p_read1220  |   in|    8|     ap_none|    p_read1220|        scalar|
|p_read1221  |   in|    8|     ap_none|    p_read1221|        scalar|
|p_read1222  |   in|    8|     ap_none|    p_read1222|        scalar|
|p_read1223  |   in|    8|     ap_none|    p_read1223|        scalar|
|p_read1224  |   in|    8|     ap_none|    p_read1224|        scalar|
|p_read1225  |   in|    8|     ap_none|    p_read1225|        scalar|
|p_read1226  |   in|    8|     ap_none|    p_read1226|        scalar|
|p_read1227  |   in|    8|     ap_none|    p_read1227|        scalar|
|p_read1228  |   in|    8|     ap_none|    p_read1228|        scalar|
|p_read1229  |   in|    8|     ap_none|    p_read1229|        scalar|
|p_read1230  |   in|    8|     ap_none|    p_read1230|        scalar|
|p_read1231  |   in|    8|     ap_none|    p_read1231|        scalar|
|p_read1232  |   in|    8|     ap_none|    p_read1232|        scalar|
|p_read1233  |   in|    8|     ap_none|    p_read1233|        scalar|
|p_read1234  |   in|    8|     ap_none|    p_read1234|        scalar|
|p_read1235  |   in|    8|     ap_none|    p_read1235|        scalar|
|p_read1236  |   in|    8|     ap_none|    p_read1236|        scalar|
|p_read1237  |   in|    8|     ap_none|    p_read1237|        scalar|
|p_read1238  |   in|    8|     ap_none|    p_read1238|        scalar|
|p_read1239  |   in|    8|     ap_none|    p_read1239|        scalar|
|p_read1240  |   in|    8|     ap_none|    p_read1240|        scalar|
|p_read1241  |   in|    8|     ap_none|    p_read1241|        scalar|
|p_read1242  |   in|    8|     ap_none|    p_read1242|        scalar|
|p_read1243  |   in|    8|     ap_none|    p_read1243|        scalar|
|p_read1244  |   in|    8|     ap_none|    p_read1244|        scalar|
|p_read1245  |   in|    8|     ap_none|    p_read1245|        scalar|
|p_read1246  |   in|    8|     ap_none|    p_read1246|        scalar|
|p_read1247  |   in|    8|     ap_none|    p_read1247|        scalar|
|p_read1248  |   in|    8|     ap_none|    p_read1248|        scalar|
|p_read1249  |   in|    8|     ap_none|    p_read1249|        scalar|
|p_read1250  |   in|    8|     ap_none|    p_read1250|        scalar|
|p_read1251  |   in|    8|     ap_none|    p_read1251|        scalar|
|p_read1252  |   in|    8|     ap_none|    p_read1252|        scalar|
|p_read1253  |   in|    8|     ap_none|    p_read1253|        scalar|
|p_read1254  |   in|    8|     ap_none|    p_read1254|        scalar|
|p_read1255  |   in|    8|     ap_none|    p_read1255|        scalar|
|p_read1256  |   in|    8|     ap_none|    p_read1256|        scalar|
|p_read1257  |   in|    8|     ap_none|    p_read1257|        scalar|
|p_read1258  |   in|    8|     ap_none|    p_read1258|        scalar|
|p_read1259  |   in|    8|     ap_none|    p_read1259|        scalar|
|p_read1260  |   in|    8|     ap_none|    p_read1260|        scalar|
|p_read1261  |   in|    8|     ap_none|    p_read1261|        scalar|
|p_read1262  |   in|    8|     ap_none|    p_read1262|        scalar|
|p_read1263  |   in|    8|     ap_none|    p_read1263|        scalar|
|p_read1264  |   in|    8|     ap_none|    p_read1264|        scalar|
|p_read1265  |   in|    8|     ap_none|    p_read1265|        scalar|
|p_read1266  |   in|    8|     ap_none|    p_read1266|        scalar|
|p_read1267  |   in|    8|     ap_none|    p_read1267|        scalar|
|p_read1268  |   in|    8|     ap_none|    p_read1268|        scalar|
|p_read1269  |   in|    8|     ap_none|    p_read1269|        scalar|
|p_read1270  |   in|    8|     ap_none|    p_read1270|        scalar|
|p_read1271  |   in|    8|     ap_none|    p_read1271|        scalar|
|p_read1272  |   in|    8|     ap_none|    p_read1272|        scalar|
|p_read1273  |   in|    8|     ap_none|    p_read1273|        scalar|
|p_read1274  |   in|    8|     ap_none|    p_read1274|        scalar|
|p_read1275  |   in|    8|     ap_none|    p_read1275|        scalar|
|p_read1276  |   in|    8|     ap_none|    p_read1276|        scalar|
|p_read1277  |   in|    8|     ap_none|    p_read1277|        scalar|
|p_read1278  |   in|    8|     ap_none|    p_read1278|        scalar|
|p_read1279  |   in|    8|     ap_none|    p_read1279|        scalar|
|p_read1280  |   in|    8|     ap_none|    p_read1280|        scalar|
|p_read1281  |   in|    8|     ap_none|    p_read1281|        scalar|
|p_read1282  |   in|    8|     ap_none|    p_read1282|        scalar|
|p_read1283  |   in|    8|     ap_none|    p_read1283|        scalar|
|p_read1284  |   in|    8|     ap_none|    p_read1284|        scalar|
|p_read1285  |   in|    8|     ap_none|    p_read1285|        scalar|
|p_read1286  |   in|    8|     ap_none|    p_read1286|        scalar|
|p_read1287  |   in|    8|     ap_none|    p_read1287|        scalar|
|p_read1288  |   in|    8|     ap_none|    p_read1288|        scalar|
|p_read1289  |   in|    8|     ap_none|    p_read1289|        scalar|
|p_read1290  |   in|    8|     ap_none|    p_read1290|        scalar|
|p_read1291  |   in|    8|     ap_none|    p_read1291|        scalar|
|p_read1292  |   in|    8|     ap_none|    p_read1292|        scalar|
|p_read1293  |   in|    8|     ap_none|    p_read1293|        scalar|
|p_read1294  |   in|    8|     ap_none|    p_read1294|        scalar|
|p_read1295  |   in|    8|     ap_none|    p_read1295|        scalar|
|p_read1296  |   in|    8|     ap_none|    p_read1296|        scalar|
|p_read1297  |   in|    8|     ap_none|    p_read1297|        scalar|
|p_read1298  |   in|    8|     ap_none|    p_read1298|        scalar|
|p_read1299  |   in|    8|     ap_none|    p_read1299|        scalar|
|p_read1300  |   in|    8|     ap_none|    p_read1300|        scalar|
|p_read1301  |   in|    8|     ap_none|    p_read1301|        scalar|
|p_read1302  |   in|    8|     ap_none|    p_read1302|        scalar|
|p_read1303  |   in|    8|     ap_none|    p_read1303|        scalar|
|p_read1304  |   in|    8|     ap_none|    p_read1304|        scalar|
|p_read1305  |   in|    8|     ap_none|    p_read1305|        scalar|
|p_read1306  |   in|    8|     ap_none|    p_read1306|        scalar|
|p_read1307  |   in|    8|     ap_none|    p_read1307|        scalar|
|p_read1308  |   in|    8|     ap_none|    p_read1308|        scalar|
|p_read1309  |   in|    8|     ap_none|    p_read1309|        scalar|
|p_read1310  |   in|    8|     ap_none|    p_read1310|        scalar|
|p_read1311  |   in|    8|     ap_none|    p_read1311|        scalar|
|p_read1312  |   in|    8|     ap_none|    p_read1312|        scalar|
|p_read1313  |   in|    8|     ap_none|    p_read1313|        scalar|
|p_read1314  |   in|    8|     ap_none|    p_read1314|        scalar|
|p_read1315  |   in|    8|     ap_none|    p_read1315|        scalar|
|p_read1316  |   in|    8|     ap_none|    p_read1316|        scalar|
|p_read1317  |   in|    8|     ap_none|    p_read1317|        scalar|
|p_read1318  |   in|    8|     ap_none|    p_read1318|        scalar|
|p_read1319  |   in|    8|     ap_none|    p_read1319|        scalar|
|p_read1320  |   in|    8|     ap_none|    p_read1320|        scalar|
|p_read1321  |   in|    8|     ap_none|    p_read1321|        scalar|
|p_read1322  |   in|    8|     ap_none|    p_read1322|        scalar|
|p_read1323  |   in|    8|     ap_none|    p_read1323|        scalar|
|p_read1324  |   in|    8|     ap_none|    p_read1324|        scalar|
|p_read1325  |   in|    8|     ap_none|    p_read1325|        scalar|
|p_read1326  |   in|    8|     ap_none|    p_read1326|        scalar|
|p_read1327  |   in|    8|     ap_none|    p_read1327|        scalar|
|p_read1328  |   in|    8|     ap_none|    p_read1328|        scalar|
|p_read1329  |   in|    8|     ap_none|    p_read1329|        scalar|
|p_read1330  |   in|    8|     ap_none|    p_read1330|        scalar|
|p_read1331  |   in|    8|     ap_none|    p_read1331|        scalar|
|p_read1332  |   in|    8|     ap_none|    p_read1332|        scalar|
|p_read1333  |   in|    8|     ap_none|    p_read1333|        scalar|
|p_read1334  |   in|    8|     ap_none|    p_read1334|        scalar|
|p_read1335  |   in|    8|     ap_none|    p_read1335|        scalar|
|p_read1336  |   in|    8|     ap_none|    p_read1336|        scalar|
|p_read1337  |   in|    8|     ap_none|    p_read1337|        scalar|
|p_read1338  |   in|    8|     ap_none|    p_read1338|        scalar|
|p_read1339  |   in|    8|     ap_none|    p_read1339|        scalar|
|p_read1340  |   in|    8|     ap_none|    p_read1340|        scalar|
|p_read1341  |   in|    8|     ap_none|    p_read1341|        scalar|
|p_read1342  |   in|    8|     ap_none|    p_read1342|        scalar|
|p_read1343  |   in|    8|     ap_none|    p_read1343|        scalar|
|p_read1344  |   in|    8|     ap_none|    p_read1344|        scalar|
|p_read1345  |   in|    8|     ap_none|    p_read1345|        scalar|
|p_read1346  |   in|    8|     ap_none|    p_read1346|        scalar|
|p_read1347  |   in|    8|     ap_none|    p_read1347|        scalar|
|p_read1348  |   in|    8|     ap_none|    p_read1348|        scalar|
|p_read1349  |   in|    8|     ap_none|    p_read1349|        scalar|
|p_read1350  |   in|    8|     ap_none|    p_read1350|        scalar|
|p_read1351  |   in|    8|     ap_none|    p_read1351|        scalar|
|p_read1352  |   in|    8|     ap_none|    p_read1352|        scalar|
|p_read1353  |   in|    8|     ap_none|    p_read1353|        scalar|
|p_read1354  |   in|    8|     ap_none|    p_read1354|        scalar|
|p_read1355  |   in|    8|     ap_none|    p_read1355|        scalar|
|p_read1356  |   in|    8|     ap_none|    p_read1356|        scalar|
|p_read1357  |   in|    8|     ap_none|    p_read1357|        scalar|
|p_read1358  |   in|    8|     ap_none|    p_read1358|        scalar|
|p_read1359  |   in|    8|     ap_none|    p_read1359|        scalar|
|p_read1360  |   in|    8|     ap_none|    p_read1360|        scalar|
|p_read1361  |   in|    8|     ap_none|    p_read1361|        scalar|
|p_read1362  |   in|    8|     ap_none|    p_read1362|        scalar|
|p_read1363  |   in|    8|     ap_none|    p_read1363|        scalar|
|p_read1364  |   in|    8|     ap_none|    p_read1364|        scalar|
|p_read1365  |   in|    8|     ap_none|    p_read1365|        scalar|
|p_read1366  |   in|    8|     ap_none|    p_read1366|        scalar|
|p_read1367  |   in|    8|     ap_none|    p_read1367|        scalar|
|p_read1368  |   in|    8|     ap_none|    p_read1368|        scalar|
|p_read1369  |   in|    8|     ap_none|    p_read1369|        scalar|
|p_read1370  |   in|    8|     ap_none|    p_read1370|        scalar|
|p_read1371  |   in|    8|     ap_none|    p_read1371|        scalar|
|p_read1372  |   in|    8|     ap_none|    p_read1372|        scalar|
|p_read1373  |   in|    8|     ap_none|    p_read1373|        scalar|
|p_read1374  |   in|    8|     ap_none|    p_read1374|        scalar|
|p_read1375  |   in|    8|     ap_none|    p_read1375|        scalar|
|p_read1376  |   in|    8|     ap_none|    p_read1376|        scalar|
|p_read1377  |   in|    8|     ap_none|    p_read1377|        scalar|
|p_read1378  |   in|    8|     ap_none|    p_read1378|        scalar|
|p_read1379  |   in|    8|     ap_none|    p_read1379|        scalar|
|p_read1380  |   in|    8|     ap_none|    p_read1380|        scalar|
|p_read1381  |   in|    8|     ap_none|    p_read1381|        scalar|
|p_read1382  |   in|    8|     ap_none|    p_read1382|        scalar|
|p_read1383  |   in|    8|     ap_none|    p_read1383|        scalar|
|p_read1384  |   in|    8|     ap_none|    p_read1384|        scalar|
|p_read1385  |   in|    8|     ap_none|    p_read1385|        scalar|
|p_read1386  |   in|    8|     ap_none|    p_read1386|        scalar|
|p_read1387  |   in|    8|     ap_none|    p_read1387|        scalar|
|p_read1388  |   in|    8|     ap_none|    p_read1388|        scalar|
|p_read1389  |   in|    8|     ap_none|    p_read1389|        scalar|
|p_read1390  |   in|    8|     ap_none|    p_read1390|        scalar|
|p_read1391  |   in|    8|     ap_none|    p_read1391|        scalar|
|p_read1392  |   in|    8|     ap_none|    p_read1392|        scalar|
|p_read1393  |   in|    8|     ap_none|    p_read1393|        scalar|
|p_read1394  |   in|    8|     ap_none|    p_read1394|        scalar|
|p_read1395  |   in|    8|     ap_none|    p_read1395|        scalar|
|p_read1396  |   in|    8|     ap_none|    p_read1396|        scalar|
|p_read1397  |   in|    8|     ap_none|    p_read1397|        scalar|
|p_read1398  |   in|    8|     ap_none|    p_read1398|        scalar|
|p_read1399  |   in|    8|     ap_none|    p_read1399|        scalar|
|p_read1400  |   in|    8|     ap_none|    p_read1400|        scalar|
|p_read1401  |   in|    8|     ap_none|    p_read1401|        scalar|
|p_read1402  |   in|    8|     ap_none|    p_read1402|        scalar|
|p_read1403  |   in|    8|     ap_none|    p_read1403|        scalar|
|p_read1404  |   in|    8|     ap_none|    p_read1404|        scalar|
|p_read1405  |   in|    8|     ap_none|    p_read1405|        scalar|
|p_read1406  |   in|    8|     ap_none|    p_read1406|        scalar|
|p_read1407  |   in|    8|     ap_none|    p_read1407|        scalar|
|p_read1408  |   in|    8|     ap_none|    p_read1408|        scalar|
|p_read1409  |   in|    8|     ap_none|    p_read1409|        scalar|
|p_read1410  |   in|    8|     ap_none|    p_read1410|        scalar|
|p_read1411  |   in|    8|     ap_none|    p_read1411|        scalar|
|p_read1412  |   in|    8|     ap_none|    p_read1412|        scalar|
|p_read1413  |   in|    8|     ap_none|    p_read1413|        scalar|
|p_read1414  |   in|    8|     ap_none|    p_read1414|        scalar|
|p_read1415  |   in|    8|     ap_none|    p_read1415|        scalar|
|p_read1416  |   in|    8|     ap_none|    p_read1416|        scalar|
|p_read1417  |   in|    8|     ap_none|    p_read1417|        scalar|
|p_read1418  |   in|    8|     ap_none|    p_read1418|        scalar|
|p_read1419  |   in|    8|     ap_none|    p_read1419|        scalar|
|p_read1420  |   in|    8|     ap_none|    p_read1420|        scalar|
|p_read1421  |   in|    8|     ap_none|    p_read1421|        scalar|
|p_read1422  |   in|    8|     ap_none|    p_read1422|        scalar|
|p_read1423  |   in|    8|     ap_none|    p_read1423|        scalar|
|p_read1424  |   in|    8|     ap_none|    p_read1424|        scalar|
|p_read1425  |   in|    8|     ap_none|    p_read1425|        scalar|
|p_read1426  |   in|    8|     ap_none|    p_read1426|        scalar|
|p_read1427  |   in|    8|     ap_none|    p_read1427|        scalar|
|p_read1428  |   in|    8|     ap_none|    p_read1428|        scalar|
|p_read1429  |   in|    8|     ap_none|    p_read1429|        scalar|
|p_read1430  |   in|    8|     ap_none|    p_read1430|        scalar|
|p_read1431  |   in|    8|     ap_none|    p_read1431|        scalar|
|p_read1432  |   in|    8|     ap_none|    p_read1432|        scalar|
|p_read1433  |   in|    8|     ap_none|    p_read1433|        scalar|
|p_read1434  |   in|    8|     ap_none|    p_read1434|        scalar|
|p_read1435  |   in|    8|     ap_none|    p_read1435|        scalar|
|p_read1436  |   in|    8|     ap_none|    p_read1436|        scalar|
|p_read1437  |   in|    8|     ap_none|    p_read1437|        scalar|
|p_read1438  |   in|    8|     ap_none|    p_read1438|        scalar|
|p_read1439  |   in|    8|     ap_none|    p_read1439|        scalar|
|p_read1440  |   in|    8|     ap_none|    p_read1440|        scalar|
|p_read1441  |   in|    8|     ap_none|    p_read1441|        scalar|
|p_read1442  |   in|    8|     ap_none|    p_read1442|        scalar|
|p_read1443  |   in|    8|     ap_none|    p_read1443|        scalar|
|p_read1444  |   in|    8|     ap_none|    p_read1444|        scalar|
|p_read1445  |   in|    8|     ap_none|    p_read1445|        scalar|
|p_read1446  |   in|    8|     ap_none|    p_read1446|        scalar|
|p_read1447  |   in|    8|     ap_none|    p_read1447|        scalar|
|p_read1448  |   in|    8|     ap_none|    p_read1448|        scalar|
|p_read1449  |   in|    8|     ap_none|    p_read1449|        scalar|
|p_read1450  |   in|    8|     ap_none|    p_read1450|        scalar|
|p_read1451  |   in|    8|     ap_none|    p_read1451|        scalar|
|p_read1452  |   in|    8|     ap_none|    p_read1452|        scalar|
|p_read1453  |   in|    8|     ap_none|    p_read1453|        scalar|
|p_read1454  |   in|    8|     ap_none|    p_read1454|        scalar|
|p_read1455  |   in|    8|     ap_none|    p_read1455|        scalar|
|p_read1456  |   in|    8|     ap_none|    p_read1456|        scalar|
|p_read1457  |   in|    8|     ap_none|    p_read1457|        scalar|
|p_read1458  |   in|    8|     ap_none|    p_read1458|        scalar|
|p_read1459  |   in|    8|     ap_none|    p_read1459|        scalar|
|p_read1460  |   in|    8|     ap_none|    p_read1460|        scalar|
|p_read1461  |   in|    8|     ap_none|    p_read1461|        scalar|
|p_read1462  |   in|    8|     ap_none|    p_read1462|        scalar|
|p_read1463  |   in|    8|     ap_none|    p_read1463|        scalar|
|p_read1464  |   in|    8|     ap_none|    p_read1464|        scalar|
|p_read1465  |   in|    8|     ap_none|    p_read1465|        scalar|
|p_read1466  |   in|    8|     ap_none|    p_read1466|        scalar|
|p_read1467  |   in|    8|     ap_none|    p_read1467|        scalar|
|p_read1468  |   in|    8|     ap_none|    p_read1468|        scalar|
|p_read1469  |   in|    8|     ap_none|    p_read1469|        scalar|
|p_read1470  |   in|    8|     ap_none|    p_read1470|        scalar|
|p_read1471  |   in|    8|     ap_none|    p_read1471|        scalar|
|p_read1472  |   in|    8|     ap_none|    p_read1472|        scalar|
|p_read1473  |   in|    8|     ap_none|    p_read1473|        scalar|
|p_read1474  |   in|    8|     ap_none|    p_read1474|        scalar|
|p_read1475  |   in|    8|     ap_none|    p_read1475|        scalar|
|p_read1476  |   in|    8|     ap_none|    p_read1476|        scalar|
|p_read1477  |   in|    8|     ap_none|    p_read1477|        scalar|
|p_read1478  |   in|    8|     ap_none|    p_read1478|        scalar|
|p_read1479  |   in|    8|     ap_none|    p_read1479|        scalar|
|p_read1480  |   in|    8|     ap_none|    p_read1480|        scalar|
|p_read1481  |   in|    8|     ap_none|    p_read1481|        scalar|
|p_read1482  |   in|    8|     ap_none|    p_read1482|        scalar|
|p_read1483  |   in|    8|     ap_none|    p_read1483|        scalar|
|p_read1484  |   in|    8|     ap_none|    p_read1484|        scalar|
|p_read1485  |   in|    8|     ap_none|    p_read1485|        scalar|
|p_read1486  |   in|    8|     ap_none|    p_read1486|        scalar|
|p_read1487  |   in|    8|     ap_none|    p_read1487|        scalar|
|p_read1488  |   in|    8|     ap_none|    p_read1488|        scalar|
|p_read1489  |   in|    8|     ap_none|    p_read1489|        scalar|
|p_read1490  |   in|    8|     ap_none|    p_read1490|        scalar|
|p_read1491  |   in|    8|     ap_none|    p_read1491|        scalar|
|p_read1492  |   in|    8|     ap_none|    p_read1492|        scalar|
|p_read1493  |   in|    8|     ap_none|    p_read1493|        scalar|
|p_read1494  |   in|    8|     ap_none|    p_read1494|        scalar|
|p_read1495  |   in|    8|     ap_none|    p_read1495|        scalar|
|p_read1496  |   in|    8|     ap_none|    p_read1496|        scalar|
|p_read1497  |   in|    8|     ap_none|    p_read1497|        scalar|
|p_read1498  |   in|    8|     ap_none|    p_read1498|        scalar|
|p_read1499  |   in|    8|     ap_none|    p_read1499|        scalar|
|p_read1500  |   in|    8|     ap_none|    p_read1500|        scalar|
|p_read1501  |   in|    8|     ap_none|    p_read1501|        scalar|
|p_read1502  |   in|    8|     ap_none|    p_read1502|        scalar|
|p_read1503  |   in|    8|     ap_none|    p_read1503|        scalar|
|p_read1504  |   in|    8|     ap_none|    p_read1504|        scalar|
|p_read1505  |   in|    8|     ap_none|    p_read1505|        scalar|
|p_read1506  |   in|    8|     ap_none|    p_read1506|        scalar|
|p_read1507  |   in|    8|     ap_none|    p_read1507|        scalar|
|p_read1508  |   in|    8|     ap_none|    p_read1508|        scalar|
|p_read1509  |   in|    8|     ap_none|    p_read1509|        scalar|
|p_read1510  |   in|    8|     ap_none|    p_read1510|        scalar|
|p_read1511  |   in|    8|     ap_none|    p_read1511|        scalar|
|p_read1512  |   in|    8|     ap_none|    p_read1512|        scalar|
|p_read1513  |   in|    8|     ap_none|    p_read1513|        scalar|
|p_read1514  |   in|    8|     ap_none|    p_read1514|        scalar|
|p_read1515  |   in|    8|     ap_none|    p_read1515|        scalar|
|p_read1516  |   in|    8|     ap_none|    p_read1516|        scalar|
|p_read1517  |   in|    8|     ap_none|    p_read1517|        scalar|
|p_read1518  |   in|    8|     ap_none|    p_read1518|        scalar|
|p_read1519  |   in|    8|     ap_none|    p_read1519|        scalar|
|p_read1520  |   in|    8|     ap_none|    p_read1520|        scalar|
|p_read1521  |   in|    8|     ap_none|    p_read1521|        scalar|
|p_read1522  |   in|    8|     ap_none|    p_read1522|        scalar|
|p_read1523  |   in|    8|     ap_none|    p_read1523|        scalar|
|p_read1524  |   in|    8|     ap_none|    p_read1524|        scalar|
|p_read1525  |   in|    8|     ap_none|    p_read1525|        scalar|
|p_read1526  |   in|    8|     ap_none|    p_read1526|        scalar|
|p_read1527  |   in|    8|     ap_none|    p_read1527|        scalar|
|p_read1528  |   in|    8|     ap_none|    p_read1528|        scalar|
|p_read1529  |   in|    8|     ap_none|    p_read1529|        scalar|
|p_read1530  |   in|    8|     ap_none|    p_read1530|        scalar|
|p_read1531  |   in|    8|     ap_none|    p_read1531|        scalar|
|p_read1532  |   in|    8|     ap_none|    p_read1532|        scalar|
|p_read1533  |   in|    8|     ap_none|    p_read1533|        scalar|
|p_read1534  |   in|    8|     ap_none|    p_read1534|        scalar|
|p_read1535  |   in|    8|     ap_none|    p_read1535|        scalar|
|p_read1536  |   in|    8|     ap_none|    p_read1536|        scalar|
|p_read1537  |   in|    8|     ap_none|    p_read1537|        scalar|
|p_read1538  |   in|    8|     ap_none|    p_read1538|        scalar|
|p_read1539  |   in|    8|     ap_none|    p_read1539|        scalar|
|p_read1540  |   in|    8|     ap_none|    p_read1540|        scalar|
|p_read1541  |   in|    8|     ap_none|    p_read1541|        scalar|
|p_read1542  |   in|    8|     ap_none|    p_read1542|        scalar|
|p_read1543  |   in|    8|     ap_none|    p_read1543|        scalar|
|p_read1544  |   in|    8|     ap_none|    p_read1544|        scalar|
|p_read1545  |   in|    8|     ap_none|    p_read1545|        scalar|
|p_read1546  |   in|    8|     ap_none|    p_read1546|        scalar|
|p_read1547  |   in|    8|     ap_none|    p_read1547|        scalar|
|p_read1548  |   in|    8|     ap_none|    p_read1548|        scalar|
|p_read1549  |   in|    8|     ap_none|    p_read1549|        scalar|
|p_read1550  |   in|    8|     ap_none|    p_read1550|        scalar|
|p_read1551  |   in|    8|     ap_none|    p_read1551|        scalar|
|p_read1552  |   in|    8|     ap_none|    p_read1552|        scalar|
|p_read1553  |   in|    8|     ap_none|    p_read1553|        scalar|
|p_read1554  |   in|    8|     ap_none|    p_read1554|        scalar|
|p_read1555  |   in|    8|     ap_none|    p_read1555|        scalar|
|p_read1556  |   in|    8|     ap_none|    p_read1556|        scalar|
|p_read1557  |   in|    8|     ap_none|    p_read1557|        scalar|
|p_read1558  |   in|    8|     ap_none|    p_read1558|        scalar|
|p_read1559  |   in|    8|     ap_none|    p_read1559|        scalar|
|p_read1560  |   in|    8|     ap_none|    p_read1560|        scalar|
|p_read1561  |   in|    8|     ap_none|    p_read1561|        scalar|
|p_read1562  |   in|    8|     ap_none|    p_read1562|        scalar|
|p_read1563  |   in|    8|     ap_none|    p_read1563|        scalar|
|p_read1564  |   in|    8|     ap_none|    p_read1564|        scalar|
|p_read1565  |   in|    8|     ap_none|    p_read1565|        scalar|
|p_read1566  |   in|    8|     ap_none|    p_read1566|        scalar|
|p_read1567  |   in|    8|     ap_none|    p_read1567|        scalar|
|p_read1568  |   in|    8|     ap_none|    p_read1568|        scalar|
|p_read1569  |   in|    8|     ap_none|    p_read1569|        scalar|
|p_read1570  |   in|    8|     ap_none|    p_read1570|        scalar|
|p_read1571  |   in|    8|     ap_none|    p_read1571|        scalar|
|p_read1572  |   in|    8|     ap_none|    p_read1572|        scalar|
|p_read1573  |   in|    8|     ap_none|    p_read1573|        scalar|
|p_read1574  |   in|    8|     ap_none|    p_read1574|        scalar|
|p_read1575  |   in|    8|     ap_none|    p_read1575|        scalar|
|p_read1576  |   in|    8|     ap_none|    p_read1576|        scalar|
|p_read1577  |   in|    8|     ap_none|    p_read1577|        scalar|
|p_read1578  |   in|    8|     ap_none|    p_read1578|        scalar|
|p_read1579  |   in|    8|     ap_none|    p_read1579|        scalar|
|p_read1580  |   in|    8|     ap_none|    p_read1580|        scalar|
|p_read1581  |   in|    8|     ap_none|    p_read1581|        scalar|
|p_read1582  |   in|    8|     ap_none|    p_read1582|        scalar|
|p_read1583  |   in|    8|     ap_none|    p_read1583|        scalar|
|p_read1584  |   in|    8|     ap_none|    p_read1584|        scalar|
|p_read1585  |   in|    8|     ap_none|    p_read1585|        scalar|
|p_read1586  |   in|    8|     ap_none|    p_read1586|        scalar|
|p_read1587  |   in|    8|     ap_none|    p_read1587|        scalar|
|p_read1588  |   in|    8|     ap_none|    p_read1588|        scalar|
|p_read1589  |   in|    8|     ap_none|    p_read1589|        scalar|
|p_read1590  |   in|    8|     ap_none|    p_read1590|        scalar|
|p_read1591  |   in|    8|     ap_none|    p_read1591|        scalar|
|p_read1592  |   in|    8|     ap_none|    p_read1592|        scalar|
|p_read1593  |   in|    8|     ap_none|    p_read1593|        scalar|
|p_read1594  |   in|    8|     ap_none|    p_read1594|        scalar|
|p_read1595  |   in|    8|     ap_none|    p_read1595|        scalar|
|p_read1596  |   in|    8|     ap_none|    p_read1596|        scalar|
|p_read1597  |   in|    8|     ap_none|    p_read1597|        scalar|
|p_read1598  |   in|    8|     ap_none|    p_read1598|        scalar|
|p_read1599  |   in|    8|     ap_none|    p_read1599|        scalar|
|p_read1600  |   in|    8|     ap_none|    p_read1600|        scalar|
|p_read1601  |   in|    8|     ap_none|    p_read1601|        scalar|
|p_read1602  |   in|    8|     ap_none|    p_read1602|        scalar|
|p_read1603  |   in|    8|     ap_none|    p_read1603|        scalar|
|p_read1604  |   in|    8|     ap_none|    p_read1604|        scalar|
|p_read1605  |   in|    8|     ap_none|    p_read1605|        scalar|
|p_read1606  |   in|    8|     ap_none|    p_read1606|        scalar|
|p_read1607  |   in|    8|     ap_none|    p_read1607|        scalar|
|p_read1608  |   in|    8|     ap_none|    p_read1608|        scalar|
|p_read1609  |   in|    8|     ap_none|    p_read1609|        scalar|
|p_read1610  |   in|    8|     ap_none|    p_read1610|        scalar|
|p_read1611  |   in|    8|     ap_none|    p_read1611|        scalar|
|p_read1612  |   in|    8|     ap_none|    p_read1612|        scalar|
|p_read1613  |   in|    8|     ap_none|    p_read1613|        scalar|
|p_read1614  |   in|    8|     ap_none|    p_read1614|        scalar|
|p_read1615  |   in|    8|     ap_none|    p_read1615|        scalar|
|p_read1616  |   in|    8|     ap_none|    p_read1616|        scalar|
|p_read1617  |   in|    8|     ap_none|    p_read1617|        scalar|
|p_read1618  |   in|    8|     ap_none|    p_read1618|        scalar|
|p_read1619  |   in|    8|     ap_none|    p_read1619|        scalar|
|p_read1620  |   in|    8|     ap_none|    p_read1620|        scalar|
|p_read1621  |   in|    8|     ap_none|    p_read1621|        scalar|
|p_read1622  |   in|    8|     ap_none|    p_read1622|        scalar|
|p_read1623  |   in|    8|     ap_none|    p_read1623|        scalar|
|p_read1624  |   in|    8|     ap_none|    p_read1624|        scalar|
|p_read1625  |   in|    8|     ap_none|    p_read1625|        scalar|
|p_read1626  |   in|    8|     ap_none|    p_read1626|        scalar|
|p_read1627  |   in|    8|     ap_none|    p_read1627|        scalar|
|p_read1628  |   in|    8|     ap_none|    p_read1628|        scalar|
|p_read1629  |   in|    8|     ap_none|    p_read1629|        scalar|
|p_read1630  |   in|    8|     ap_none|    p_read1630|        scalar|
|p_read1631  |   in|    8|     ap_none|    p_read1631|        scalar|
|p_read1632  |   in|    8|     ap_none|    p_read1632|        scalar|
|p_read1633  |   in|    8|     ap_none|    p_read1633|        scalar|
|p_read1634  |   in|    8|     ap_none|    p_read1634|        scalar|
|p_read1635  |   in|    8|     ap_none|    p_read1635|        scalar|
|p_read1636  |   in|    8|     ap_none|    p_read1636|        scalar|
|p_read1637  |   in|    8|     ap_none|    p_read1637|        scalar|
|p_read1638  |   in|    8|     ap_none|    p_read1638|        scalar|
|p_read1639  |   in|    8|     ap_none|    p_read1639|        scalar|
|p_read1640  |   in|    8|     ap_none|    p_read1640|        scalar|
|p_read1641  |   in|    8|     ap_none|    p_read1641|        scalar|
|p_read1642  |   in|    8|     ap_none|    p_read1642|        scalar|
|p_read1643  |   in|    8|     ap_none|    p_read1643|        scalar|
|p_read1644  |   in|    8|     ap_none|    p_read1644|        scalar|
|p_read1645  |   in|    8|     ap_none|    p_read1645|        scalar|
|p_read1646  |   in|    8|     ap_none|    p_read1646|        scalar|
|p_read1647  |   in|    8|     ap_none|    p_read1647|        scalar|
|p_read1648  |   in|    8|     ap_none|    p_read1648|        scalar|
|p_read1649  |   in|    8|     ap_none|    p_read1649|        scalar|
|p_read1650  |   in|    8|     ap_none|    p_read1650|        scalar|
|p_read1651  |   in|    8|     ap_none|    p_read1651|        scalar|
|p_read1652  |   in|    8|     ap_none|    p_read1652|        scalar|
|p_read1653  |   in|    8|     ap_none|    p_read1653|        scalar|
|p_read1654  |   in|    8|     ap_none|    p_read1654|        scalar|
|p_read1655  |   in|    8|     ap_none|    p_read1655|        scalar|
|p_read1656  |   in|    8|     ap_none|    p_read1656|        scalar|
|p_read1657  |   in|    8|     ap_none|    p_read1657|        scalar|
|p_read1658  |   in|    8|     ap_none|    p_read1658|        scalar|
|p_read1659  |   in|    8|     ap_none|    p_read1659|        scalar|
|p_read1660  |   in|    8|     ap_none|    p_read1660|        scalar|
|p_read1661  |   in|    8|     ap_none|    p_read1661|        scalar|
|p_read1662  |   in|    8|     ap_none|    p_read1662|        scalar|
|p_read1663  |   in|    8|     ap_none|    p_read1663|        scalar|
|p_read1664  |   in|    8|     ap_none|    p_read1664|        scalar|
|p_read1665  |   in|    8|     ap_none|    p_read1665|        scalar|
|p_read1666  |   in|    8|     ap_none|    p_read1666|        scalar|
|p_read1667  |   in|    8|     ap_none|    p_read1667|        scalar|
|p_read1668  |   in|    8|     ap_none|    p_read1668|        scalar|
|p_read1669  |   in|    8|     ap_none|    p_read1669|        scalar|
|p_read1670  |   in|    8|     ap_none|    p_read1670|        scalar|
|p_read1671  |   in|    8|     ap_none|    p_read1671|        scalar|
|p_read1672  |   in|    8|     ap_none|    p_read1672|        scalar|
|p_read1673  |   in|    8|     ap_none|    p_read1673|        scalar|
|p_read1674  |   in|    8|     ap_none|    p_read1674|        scalar|
|p_read1675  |   in|    8|     ap_none|    p_read1675|        scalar|
|p_read1676  |   in|    8|     ap_none|    p_read1676|        scalar|
|p_read1677  |   in|    8|     ap_none|    p_read1677|        scalar|
|p_read1678  |   in|    8|     ap_none|    p_read1678|        scalar|
|p_read1679  |   in|    8|     ap_none|    p_read1679|        scalar|
|p_read1680  |   in|    8|     ap_none|    p_read1680|        scalar|
|p_read1681  |   in|    8|     ap_none|    p_read1681|        scalar|
|p_read1682  |   in|    8|     ap_none|    p_read1682|        scalar|
|p_read1683  |   in|    8|     ap_none|    p_read1683|        scalar|
|p_read1684  |   in|    8|     ap_none|    p_read1684|        scalar|
|p_read1685  |   in|    8|     ap_none|    p_read1685|        scalar|
|p_read1686  |   in|    8|     ap_none|    p_read1686|        scalar|
|p_read1687  |   in|    8|     ap_none|    p_read1687|        scalar|
|p_read1688  |   in|    8|     ap_none|    p_read1688|        scalar|
|p_read1689  |   in|    8|     ap_none|    p_read1689|        scalar|
|p_read1690  |   in|    8|     ap_none|    p_read1690|        scalar|
|p_read1691  |   in|    8|     ap_none|    p_read1691|        scalar|
|p_read1692  |   in|    8|     ap_none|    p_read1692|        scalar|
|p_read1693  |   in|    8|     ap_none|    p_read1693|        scalar|
|p_read1694  |   in|    8|     ap_none|    p_read1694|        scalar|
|p_read1695  |   in|    8|     ap_none|    p_read1695|        scalar|
|p_read1696  |   in|    8|     ap_none|    p_read1696|        scalar|
|p_read1697  |   in|    8|     ap_none|    p_read1697|        scalar|
|p_read1698  |   in|    8|     ap_none|    p_read1698|        scalar|
|p_read1699  |   in|    8|     ap_none|    p_read1699|        scalar|
|p_read1700  |   in|    8|     ap_none|    p_read1700|        scalar|
|p_read1701  |   in|    8|     ap_none|    p_read1701|        scalar|
|p_read1702  |   in|    8|     ap_none|    p_read1702|        scalar|
|p_read1703  |   in|    8|     ap_none|    p_read1703|        scalar|
|p_read1704  |   in|    8|     ap_none|    p_read1704|        scalar|
|p_read1705  |   in|    8|     ap_none|    p_read1705|        scalar|
|p_read1706  |   in|    8|     ap_none|    p_read1706|        scalar|
|p_read1707  |   in|    8|     ap_none|    p_read1707|        scalar|
|p_read1708  |   in|    8|     ap_none|    p_read1708|        scalar|
|p_read1709  |   in|    8|     ap_none|    p_read1709|        scalar|
|p_read1710  |   in|    8|     ap_none|    p_read1710|        scalar|
|p_read1711  |   in|    8|     ap_none|    p_read1711|        scalar|
|p_read1712  |   in|    8|     ap_none|    p_read1712|        scalar|
|p_read1713  |   in|    8|     ap_none|    p_read1713|        scalar|
|p_read1714  |   in|    8|     ap_none|    p_read1714|        scalar|
|p_read1715  |   in|    8|     ap_none|    p_read1715|        scalar|
|p_read1716  |   in|    8|     ap_none|    p_read1716|        scalar|
|p_read1717  |   in|    8|     ap_none|    p_read1717|        scalar|
|p_read1718  |   in|    8|     ap_none|    p_read1718|        scalar|
|p_read1719  |   in|    8|     ap_none|    p_read1719|        scalar|
|p_read1720  |   in|    8|     ap_none|    p_read1720|        scalar|
|p_read1721  |   in|    8|     ap_none|    p_read1721|        scalar|
|p_read1722  |   in|    8|     ap_none|    p_read1722|        scalar|
|p_read1723  |   in|    8|     ap_none|    p_read1723|        scalar|
|p_read1724  |   in|    8|     ap_none|    p_read1724|        scalar|
|p_read1725  |   in|    8|     ap_none|    p_read1725|        scalar|
|p_read1726  |   in|    8|     ap_none|    p_read1726|        scalar|
|p_read1727  |   in|    8|     ap_none|    p_read1727|        scalar|
|p_read1728  |   in|    8|     ap_none|    p_read1728|        scalar|
|p_read1729  |   in|    8|     ap_none|    p_read1729|        scalar|
|p_read1730  |   in|    8|     ap_none|    p_read1730|        scalar|
|p_read1731  |   in|    8|     ap_none|    p_read1731|        scalar|
|p_read1732  |   in|    8|     ap_none|    p_read1732|        scalar|
|p_read1733  |   in|    8|     ap_none|    p_read1733|        scalar|
|p_read1734  |   in|    8|     ap_none|    p_read1734|        scalar|
|p_read1735  |   in|    8|     ap_none|    p_read1735|        scalar|
|p_read1736  |   in|    8|     ap_none|    p_read1736|        scalar|
|p_read1737  |   in|    8|     ap_none|    p_read1737|        scalar|
|p_read1738  |   in|    8|     ap_none|    p_read1738|        scalar|
|p_read1739  |   in|    8|     ap_none|    p_read1739|        scalar|
|p_read1740  |   in|    8|     ap_none|    p_read1740|        scalar|
|p_read1741  |   in|    8|     ap_none|    p_read1741|        scalar|
|p_read1742  |   in|    8|     ap_none|    p_read1742|        scalar|
|p_read1743  |   in|    8|     ap_none|    p_read1743|        scalar|
|p_read1744  |   in|    8|     ap_none|    p_read1744|        scalar|
|p_read1745  |   in|    8|     ap_none|    p_read1745|        scalar|
|p_read1746  |   in|    8|     ap_none|    p_read1746|        scalar|
|p_read1747  |   in|    8|     ap_none|    p_read1747|        scalar|
|p_read1748  |   in|    8|     ap_none|    p_read1748|        scalar|
|p_read1749  |   in|    8|     ap_none|    p_read1749|        scalar|
|p_read1750  |   in|    8|     ap_none|    p_read1750|        scalar|
|p_read1751  |   in|    8|     ap_none|    p_read1751|        scalar|
|p_read1752  |   in|    8|     ap_none|    p_read1752|        scalar|
|p_read1753  |   in|    8|     ap_none|    p_read1753|        scalar|
|p_read1754  |   in|    8|     ap_none|    p_read1754|        scalar|
|p_read1755  |   in|    8|     ap_none|    p_read1755|        scalar|
|p_read1756  |   in|    8|     ap_none|    p_read1756|        scalar|
|p_read1757  |   in|    8|     ap_none|    p_read1757|        scalar|
|p_read1758  |   in|    8|     ap_none|    p_read1758|        scalar|
|p_read1759  |   in|    8|     ap_none|    p_read1759|        scalar|
|p_read1760  |   in|    8|     ap_none|    p_read1760|        scalar|
|p_read1761  |   in|    8|     ap_none|    p_read1761|        scalar|
|p_read1762  |   in|    8|     ap_none|    p_read1762|        scalar|
|p_read1763  |   in|    8|     ap_none|    p_read1763|        scalar|
|p_read1764  |   in|    8|     ap_none|    p_read1764|        scalar|
|p_read1765  |   in|    8|     ap_none|    p_read1765|        scalar|
|p_read1766  |   in|    8|     ap_none|    p_read1766|        scalar|
|p_read1767  |   in|    8|     ap_none|    p_read1767|        scalar|
|p_read1768  |   in|    8|     ap_none|    p_read1768|        scalar|
|p_read1769  |   in|    8|     ap_none|    p_read1769|        scalar|
|p_read1770  |   in|    8|     ap_none|    p_read1770|        scalar|
|p_read1771  |   in|    8|     ap_none|    p_read1771|        scalar|
|p_read1772  |   in|    8|     ap_none|    p_read1772|        scalar|
|p_read1773  |   in|    8|     ap_none|    p_read1773|        scalar|
|p_read1774  |   in|    8|     ap_none|    p_read1774|        scalar|
|p_read1775  |   in|    8|     ap_none|    p_read1775|        scalar|
|p_read1776  |   in|    8|     ap_none|    p_read1776|        scalar|
|p_read1777  |   in|    8|     ap_none|    p_read1777|        scalar|
|p_read1778  |   in|    8|     ap_none|    p_read1778|        scalar|
|p_read1779  |   in|    8|     ap_none|    p_read1779|        scalar|
|p_read1780  |   in|    8|     ap_none|    p_read1780|        scalar|
|p_read1781  |   in|    8|     ap_none|    p_read1781|        scalar|
|p_read1782  |   in|    8|     ap_none|    p_read1782|        scalar|
|p_read1783  |   in|    8|     ap_none|    p_read1783|        scalar|
|p_read1784  |   in|    8|     ap_none|    p_read1784|        scalar|
|p_read1785  |   in|    8|     ap_none|    p_read1785|        scalar|
|p_read1786  |   in|    8|     ap_none|    p_read1786|        scalar|
|p_read1787  |   in|    8|     ap_none|    p_read1787|        scalar|
|p_read1788  |   in|    8|     ap_none|    p_read1788|        scalar|
|p_read1789  |   in|    8|     ap_none|    p_read1789|        scalar|
|p_read1790  |   in|    8|     ap_none|    p_read1790|        scalar|
|p_read1791  |   in|    8|     ap_none|    p_read1791|        scalar|
|p_read1792  |   in|    8|     ap_none|    p_read1792|        scalar|
|p_read1793  |   in|    8|     ap_none|    p_read1793|        scalar|
|p_read1794  |   in|    8|     ap_none|    p_read1794|        scalar|
|p_read1795  |   in|    8|     ap_none|    p_read1795|        scalar|
|p_read1796  |   in|    8|     ap_none|    p_read1796|        scalar|
|p_read1797  |   in|    8|     ap_none|    p_read1797|        scalar|
|p_read1798  |   in|    8|     ap_none|    p_read1798|        scalar|
|p_read1799  |   in|    8|     ap_none|    p_read1799|        scalar|
|p_read1800  |   in|    8|     ap_none|    p_read1800|        scalar|
|p_read1801  |   in|    8|     ap_none|    p_read1801|        scalar|
|p_read1802  |   in|    8|     ap_none|    p_read1802|        scalar|
|p_read1803  |   in|    8|     ap_none|    p_read1803|        scalar|
|p_read1804  |   in|    8|     ap_none|    p_read1804|        scalar|
|p_read1805  |   in|    8|     ap_none|    p_read1805|        scalar|
|p_read1806  |   in|    8|     ap_none|    p_read1806|        scalar|
|p_read1807  |   in|    8|     ap_none|    p_read1807|        scalar|
|p_read1808  |   in|    8|     ap_none|    p_read1808|        scalar|
|p_read1809  |   in|    8|     ap_none|    p_read1809|        scalar|
|p_read1810  |   in|    8|     ap_none|    p_read1810|        scalar|
|p_read1811  |   in|    8|     ap_none|    p_read1811|        scalar|
|p_read1812  |   in|    8|     ap_none|    p_read1812|        scalar|
|p_read1813  |   in|    8|     ap_none|    p_read1813|        scalar|
|p_read1814  |   in|    8|     ap_none|    p_read1814|        scalar|
|p_read1815  |   in|    8|     ap_none|    p_read1815|        scalar|
|p_read1816  |   in|    8|     ap_none|    p_read1816|        scalar|
|p_read1817  |   in|    8|     ap_none|    p_read1817|        scalar|
|p_read1818  |   in|    8|     ap_none|    p_read1818|        scalar|
|p_read1819  |   in|    8|     ap_none|    p_read1819|        scalar|
|p_read1820  |   in|    8|     ap_none|    p_read1820|        scalar|
|p_read1821  |   in|    8|     ap_none|    p_read1821|        scalar|
|p_read1822  |   in|    8|     ap_none|    p_read1822|        scalar|
|p_read1823  |   in|    8|     ap_none|    p_read1823|        scalar|
|p_read1824  |   in|    8|     ap_none|    p_read1824|        scalar|
|p_read1825  |   in|    8|     ap_none|    p_read1825|        scalar|
|p_read1826  |   in|    8|     ap_none|    p_read1826|        scalar|
|p_read1827  |   in|    8|     ap_none|    p_read1827|        scalar|
|p_read1828  |   in|    8|     ap_none|    p_read1828|        scalar|
|p_read1829  |   in|    8|     ap_none|    p_read1829|        scalar|
|p_read1830  |   in|    8|     ap_none|    p_read1830|        scalar|
|p_read1831  |   in|    8|     ap_none|    p_read1831|        scalar|
|p_read1832  |   in|    8|     ap_none|    p_read1832|        scalar|
|p_read1833  |   in|    8|     ap_none|    p_read1833|        scalar|
|p_read1834  |   in|    8|     ap_none|    p_read1834|        scalar|
|p_read1835  |   in|    8|     ap_none|    p_read1835|        scalar|
|p_read1836  |   in|    8|     ap_none|    p_read1836|        scalar|
|p_read1837  |   in|    8|     ap_none|    p_read1837|        scalar|
|p_read1838  |   in|    8|     ap_none|    p_read1838|        scalar|
|p_read1839  |   in|    8|     ap_none|    p_read1839|        scalar|
|p_read1840  |   in|    8|     ap_none|    p_read1840|        scalar|
|p_read1841  |   in|    8|     ap_none|    p_read1841|        scalar|
|p_read1842  |   in|    8|     ap_none|    p_read1842|        scalar|
|p_read1843  |   in|    8|     ap_none|    p_read1843|        scalar|
|p_read1844  |   in|    8|     ap_none|    p_read1844|        scalar|
|p_read1845  |   in|    8|     ap_none|    p_read1845|        scalar|
|p_read1846  |   in|    8|     ap_none|    p_read1846|        scalar|
|p_read1847  |   in|    8|     ap_none|    p_read1847|        scalar|
|p_read1848  |   in|    8|     ap_none|    p_read1848|        scalar|
|p_read1849  |   in|    8|     ap_none|    p_read1849|        scalar|
|p_read1850  |   in|    8|     ap_none|    p_read1850|        scalar|
|p_read1851  |   in|    8|     ap_none|    p_read1851|        scalar|
|p_read1852  |   in|    8|     ap_none|    p_read1852|        scalar|
|p_read1853  |   in|    8|     ap_none|    p_read1853|        scalar|
|p_read1854  |   in|    8|     ap_none|    p_read1854|        scalar|
|p_read1855  |   in|    8|     ap_none|    p_read1855|        scalar|
|p_read1856  |   in|    8|     ap_none|    p_read1856|        scalar|
|p_read1857  |   in|    8|     ap_none|    p_read1857|        scalar|
|p_read1858  |   in|    8|     ap_none|    p_read1858|        scalar|
|p_read1859  |   in|    8|     ap_none|    p_read1859|        scalar|
|p_read1860  |   in|    8|     ap_none|    p_read1860|        scalar|
|p_read1861  |   in|    8|     ap_none|    p_read1861|        scalar|
|p_read1862  |   in|    8|     ap_none|    p_read1862|        scalar|
|p_read1863  |   in|    8|     ap_none|    p_read1863|        scalar|
|p_read1864  |   in|    8|     ap_none|    p_read1864|        scalar|
|p_read1865  |   in|    8|     ap_none|    p_read1865|        scalar|
|p_read1866  |   in|    8|     ap_none|    p_read1866|        scalar|
|p_read1867  |   in|    8|     ap_none|    p_read1867|        scalar|
|p_read1868  |   in|    8|     ap_none|    p_read1868|        scalar|
|p_read1869  |   in|    8|     ap_none|    p_read1869|        scalar|
|p_read1870  |   in|    8|     ap_none|    p_read1870|        scalar|
|p_read1871  |   in|    8|     ap_none|    p_read1871|        scalar|
|p_read1872  |   in|    8|     ap_none|    p_read1872|        scalar|
|p_read1873  |   in|    8|     ap_none|    p_read1873|        scalar|
|p_read1874  |   in|    8|     ap_none|    p_read1874|        scalar|
|p_read1875  |   in|    8|     ap_none|    p_read1875|        scalar|
|p_read1876  |   in|    8|     ap_none|    p_read1876|        scalar|
|p_read1877  |   in|    8|     ap_none|    p_read1877|        scalar|
|p_read1878  |   in|    8|     ap_none|    p_read1878|        scalar|
|p_read1879  |   in|    8|     ap_none|    p_read1879|        scalar|
|p_read1880  |   in|    8|     ap_none|    p_read1880|        scalar|
|p_read1881  |   in|    8|     ap_none|    p_read1881|        scalar|
|p_read1882  |   in|    8|     ap_none|    p_read1882|        scalar|
|p_read1883  |   in|    8|     ap_none|    p_read1883|        scalar|
|p_read1884  |   in|    8|     ap_none|    p_read1884|        scalar|
|p_read1885  |   in|    8|     ap_none|    p_read1885|        scalar|
|p_read1886  |   in|    8|     ap_none|    p_read1886|        scalar|
|p_read1887  |   in|    8|     ap_none|    p_read1887|        scalar|
|p_read1888  |   in|    8|     ap_none|    p_read1888|        scalar|
|p_read1889  |   in|    8|     ap_none|    p_read1889|        scalar|
|p_read1890  |   in|    8|     ap_none|    p_read1890|        scalar|
|p_read1891  |   in|    8|     ap_none|    p_read1891|        scalar|
|p_read1892  |   in|    8|     ap_none|    p_read1892|        scalar|
|p_read1893  |   in|    8|     ap_none|    p_read1893|        scalar|
|p_read1894  |   in|    8|     ap_none|    p_read1894|        scalar|
|p_read1895  |   in|    8|     ap_none|    p_read1895|        scalar|
|p_read1896  |   in|    8|     ap_none|    p_read1896|        scalar|
|p_read1897  |   in|    8|     ap_none|    p_read1897|        scalar|
|p_read1898  |   in|    8|     ap_none|    p_read1898|        scalar|
|p_read1899  |   in|    8|     ap_none|    p_read1899|        scalar|
|p_read1900  |   in|    8|     ap_none|    p_read1900|        scalar|
|p_read1901  |   in|    8|     ap_none|    p_read1901|        scalar|
|p_read1902  |   in|    8|     ap_none|    p_read1902|        scalar|
|p_read1903  |   in|    8|     ap_none|    p_read1903|        scalar|
|p_read1904  |   in|    8|     ap_none|    p_read1904|        scalar|
|p_read1905  |   in|    8|     ap_none|    p_read1905|        scalar|
|p_read1906  |   in|    8|     ap_none|    p_read1906|        scalar|
|p_read1907  |   in|    8|     ap_none|    p_read1907|        scalar|
|p_read1908  |   in|    8|     ap_none|    p_read1908|        scalar|
|p_read1909  |   in|    8|     ap_none|    p_read1909|        scalar|
|p_read1910  |   in|    8|     ap_none|    p_read1910|        scalar|
|p_read1911  |   in|    8|     ap_none|    p_read1911|        scalar|
|p_read1912  |   in|    8|     ap_none|    p_read1912|        scalar|
|p_read1913  |   in|    8|     ap_none|    p_read1913|        scalar|
|p_read1914  |   in|    8|     ap_none|    p_read1914|        scalar|
|p_read1915  |   in|    8|     ap_none|    p_read1915|        scalar|
|p_read1916  |   in|    8|     ap_none|    p_read1916|        scalar|
|p_read1917  |   in|    8|     ap_none|    p_read1917|        scalar|
|p_read1918  |   in|    8|     ap_none|    p_read1918|        scalar|
|p_read1919  |   in|    8|     ap_none|    p_read1919|        scalar|
|p_read1920  |   in|    8|     ap_none|    p_read1920|        scalar|
|p_read1921  |   in|    8|     ap_none|    p_read1921|        scalar|
|p_read1922  |   in|    8|     ap_none|    p_read1922|        scalar|
|p_read1923  |   in|    8|     ap_none|    p_read1923|        scalar|
|p_read1924  |   in|    8|     ap_none|    p_read1924|        scalar|
|p_read1925  |   in|    8|     ap_none|    p_read1925|        scalar|
|p_read1926  |   in|    8|     ap_none|    p_read1926|        scalar|
|p_read1927  |   in|    8|     ap_none|    p_read1927|        scalar|
|p_read1928  |   in|    8|     ap_none|    p_read1928|        scalar|
|p_read1929  |   in|    8|     ap_none|    p_read1929|        scalar|
|p_read1930  |   in|    8|     ap_none|    p_read1930|        scalar|
|p_read1931  |   in|    8|     ap_none|    p_read1931|        scalar|
|p_read1932  |   in|    8|     ap_none|    p_read1932|        scalar|
|p_read1933  |   in|    8|     ap_none|    p_read1933|        scalar|
|p_read1934  |   in|    8|     ap_none|    p_read1934|        scalar|
|p_read1935  |   in|    8|     ap_none|    p_read1935|        scalar|
|p_read1936  |   in|    8|     ap_none|    p_read1936|        scalar|
|p_read1937  |   in|    8|     ap_none|    p_read1937|        scalar|
|p_read1938  |   in|    8|     ap_none|    p_read1938|        scalar|
|p_read1939  |   in|    8|     ap_none|    p_read1939|        scalar|
|p_read1940  |   in|    8|     ap_none|    p_read1940|        scalar|
|p_read1941  |   in|    8|     ap_none|    p_read1941|        scalar|
|p_read1942  |   in|    8|     ap_none|    p_read1942|        scalar|
|p_read1943  |   in|    8|     ap_none|    p_read1943|        scalar|
|p_read1944  |   in|    8|     ap_none|    p_read1944|        scalar|
|p_read1945  |   in|    8|     ap_none|    p_read1945|        scalar|
|p_read1946  |   in|    8|     ap_none|    p_read1946|        scalar|
|p_read1947  |   in|    8|     ap_none|    p_read1947|        scalar|
|p_read1948  |   in|    8|     ap_none|    p_read1948|        scalar|
|p_read1949  |   in|    8|     ap_none|    p_read1949|        scalar|
|p_read1950  |   in|    8|     ap_none|    p_read1950|        scalar|
|p_read1951  |   in|    8|     ap_none|    p_read1951|        scalar|
|p_read1952  |   in|    8|     ap_none|    p_read1952|        scalar|
|p_read1953  |   in|    8|     ap_none|    p_read1953|        scalar|
|p_read1954  |   in|    8|     ap_none|    p_read1954|        scalar|
|p_read1955  |   in|    8|     ap_none|    p_read1955|        scalar|
|p_read1956  |   in|    8|     ap_none|    p_read1956|        scalar|
|p_read1957  |   in|    8|     ap_none|    p_read1957|        scalar|
|p_read1958  |   in|    8|     ap_none|    p_read1958|        scalar|
|p_read1959  |   in|    8|     ap_none|    p_read1959|        scalar|
|p_read1960  |   in|    8|     ap_none|    p_read1960|        scalar|
|p_read1961  |   in|    8|     ap_none|    p_read1961|        scalar|
|p_read1962  |   in|    8|     ap_none|    p_read1962|        scalar|
|p_read1963  |   in|    8|     ap_none|    p_read1963|        scalar|
|p_read1964  |   in|    8|     ap_none|    p_read1964|        scalar|
|p_read1965  |   in|    8|     ap_none|    p_read1965|        scalar|
|p_read1966  |   in|    8|     ap_none|    p_read1966|        scalar|
|p_read1967  |   in|    8|     ap_none|    p_read1967|        scalar|
|p_read1968  |   in|    8|     ap_none|    p_read1968|        scalar|
|p_read1969  |   in|    8|     ap_none|    p_read1969|        scalar|
|p_read1970  |   in|    8|     ap_none|    p_read1970|        scalar|
|p_read1971  |   in|    8|     ap_none|    p_read1971|        scalar|
|p_read1972  |   in|    8|     ap_none|    p_read1972|        scalar|
|p_read1973  |   in|    8|     ap_none|    p_read1973|        scalar|
|p_read1974  |   in|    8|     ap_none|    p_read1974|        scalar|
|p_read1975  |   in|    8|     ap_none|    p_read1975|        scalar|
|p_read1976  |   in|    8|     ap_none|    p_read1976|        scalar|
|p_read1977  |   in|    8|     ap_none|    p_read1977|        scalar|
|p_read1978  |   in|    8|     ap_none|    p_read1978|        scalar|
|p_read1979  |   in|    8|     ap_none|    p_read1979|        scalar|
|p_read1980  |   in|    8|     ap_none|    p_read1980|        scalar|
|p_read1981  |   in|    8|     ap_none|    p_read1981|        scalar|
|p_read1982  |   in|    8|     ap_none|    p_read1982|        scalar|
|p_read1983  |   in|    8|     ap_none|    p_read1983|        scalar|
|p_read1984  |   in|    8|     ap_none|    p_read1984|        scalar|
|p_read1985  |   in|    8|     ap_none|    p_read1985|        scalar|
|p_read1986  |   in|    8|     ap_none|    p_read1986|        scalar|
|p_read1987  |   in|    8|     ap_none|    p_read1987|        scalar|
|p_read1988  |   in|    8|     ap_none|    p_read1988|        scalar|
|p_read1989  |   in|    8|     ap_none|    p_read1989|        scalar|
|p_read1990  |   in|    8|     ap_none|    p_read1990|        scalar|
|p_read1991  |   in|    8|     ap_none|    p_read1991|        scalar|
|p_read1992  |   in|    8|     ap_none|    p_read1992|        scalar|
|p_read1993  |   in|    8|     ap_none|    p_read1993|        scalar|
|p_read1994  |   in|    8|     ap_none|    p_read1994|        scalar|
|p_read1995  |   in|    8|     ap_none|    p_read1995|        scalar|
|p_read1996  |   in|    8|     ap_none|    p_read1996|        scalar|
|p_read1997  |   in|    8|     ap_none|    p_read1997|        scalar|
|p_read1998  |   in|    8|     ap_none|    p_read1998|        scalar|
|p_read1999  |   in|    8|     ap_none|    p_read1999|        scalar|
|p_read2000  |   in|    8|     ap_none|    p_read2000|        scalar|
|p_read2001  |   in|    8|     ap_none|    p_read2001|        scalar|
|p_read2002  |   in|    8|     ap_none|    p_read2002|        scalar|
|p_read2003  |   in|    8|     ap_none|    p_read2003|        scalar|
|p_read2004  |   in|    8|     ap_none|    p_read2004|        scalar|
|p_read2005  |   in|    8|     ap_none|    p_read2005|        scalar|
|p_read2006  |   in|    8|     ap_none|    p_read2006|        scalar|
|p_read2007  |   in|    8|     ap_none|    p_read2007|        scalar|
|p_read2008  |   in|    8|     ap_none|    p_read2008|        scalar|
|p_read2009  |   in|    8|     ap_none|    p_read2009|        scalar|
|p_read2010  |   in|    8|     ap_none|    p_read2010|        scalar|
|p_read2011  |   in|    8|     ap_none|    p_read2011|        scalar|
|p_read2012  |   in|    8|     ap_none|    p_read2012|        scalar|
|p_read2013  |   in|    8|     ap_none|    p_read2013|        scalar|
|p_read2014  |   in|    8|     ap_none|    p_read2014|        scalar|
|p_read2015  |   in|    8|     ap_none|    p_read2015|        scalar|
|p_read2016  |   in|    8|     ap_none|    p_read2016|        scalar|
|p_read2017  |   in|    8|     ap_none|    p_read2017|        scalar|
|p_read2018  |   in|    8|     ap_none|    p_read2018|        scalar|
|p_read2019  |   in|    8|     ap_none|    p_read2019|        scalar|
|p_read2020  |   in|    8|     ap_none|    p_read2020|        scalar|
|p_read2021  |   in|    8|     ap_none|    p_read2021|        scalar|
|p_read2022  |   in|    8|     ap_none|    p_read2022|        scalar|
|p_read2023  |   in|    8|     ap_none|    p_read2023|        scalar|
|p_read2024  |   in|    8|     ap_none|    p_read2024|        scalar|
|p_read2025  |   in|    8|     ap_none|    p_read2025|        scalar|
|p_read2026  |   in|    8|     ap_none|    p_read2026|        scalar|
|p_read2027  |   in|    8|     ap_none|    p_read2027|        scalar|
|p_read2028  |   in|    8|     ap_none|    p_read2028|        scalar|
|p_read2029  |   in|    8|     ap_none|    p_read2029|        scalar|
|p_read2030  |   in|    8|     ap_none|    p_read2030|        scalar|
|p_read2031  |   in|    8|     ap_none|    p_read2031|        scalar|
|p_read2032  |   in|    8|     ap_none|    p_read2032|        scalar|
|p_read2033  |   in|    8|     ap_none|    p_read2033|        scalar|
|p_read2034  |   in|    8|     ap_none|    p_read2034|        scalar|
|p_read2035  |   in|    8|     ap_none|    p_read2035|        scalar|
|p_read2036  |   in|    8|     ap_none|    p_read2036|        scalar|
|p_read2037  |   in|    8|     ap_none|    p_read2037|        scalar|
|p_read2038  |   in|    8|     ap_none|    p_read2038|        scalar|
|p_read2039  |   in|    8|     ap_none|    p_read2039|        scalar|
|p_read2040  |   in|    8|     ap_none|    p_read2040|        scalar|
|p_read2041  |   in|    8|     ap_none|    p_read2041|        scalar|
|p_read2042  |   in|    8|     ap_none|    p_read2042|        scalar|
|p_read2043  |   in|    8|     ap_none|    p_read2043|        scalar|
|p_read2044  |   in|    8|     ap_none|    p_read2044|        scalar|
|p_read2045  |   in|    8|     ap_none|    p_read2045|        scalar|
|p_read2046  |   in|    8|     ap_none|    p_read2046|        scalar|
|p_read2047  |   in|    8|     ap_none|    p_read2047|        scalar|
|p_read2048  |   in|    8|     ap_none|    p_read2048|        scalar|
|p_read2049  |   in|    8|     ap_none|    p_read2049|        scalar|
|p_read2050  |   in|    8|     ap_none|    p_read2050|        scalar|
|p_read2051  |   in|    8|     ap_none|    p_read2051|        scalar|
|p_read2052  |   in|    8|     ap_none|    p_read2052|        scalar|
|p_read2053  |   in|    8|     ap_none|    p_read2053|        scalar|
|p_read2054  |   in|    8|     ap_none|    p_read2054|        scalar|
|p_read2055  |   in|    8|     ap_none|    p_read2055|        scalar|
|p_read2056  |   in|    8|     ap_none|    p_read2056|        scalar|
|p_read2057  |   in|    8|     ap_none|    p_read2057|        scalar|
|p_read2058  |   in|    8|     ap_none|    p_read2058|        scalar|
|p_read2059  |   in|    8|     ap_none|    p_read2059|        scalar|
|p_read2060  |   in|    8|     ap_none|    p_read2060|        scalar|
|p_read2061  |   in|    8|     ap_none|    p_read2061|        scalar|
|p_read2062  |   in|    8|     ap_none|    p_read2062|        scalar|
|p_read2063  |   in|    8|     ap_none|    p_read2063|        scalar|
|p_read2064  |   in|    8|     ap_none|    p_read2064|        scalar|
|p_read2065  |   in|    8|     ap_none|    p_read2065|        scalar|
|p_read2066  |   in|    8|     ap_none|    p_read2066|        scalar|
|p_read2067  |   in|    8|     ap_none|    p_read2067|        scalar|
|p_read2068  |   in|    8|     ap_none|    p_read2068|        scalar|
|p_read2069  |   in|    8|     ap_none|    p_read2069|        scalar|
|p_read2070  |   in|    8|     ap_none|    p_read2070|        scalar|
|p_read2071  |   in|    8|     ap_none|    p_read2071|        scalar|
|p_read2072  |   in|    8|     ap_none|    p_read2072|        scalar|
|p_read2073  |   in|    8|     ap_none|    p_read2073|        scalar|
|p_read2074  |   in|    8|     ap_none|    p_read2074|        scalar|
|p_read2075  |   in|    8|     ap_none|    p_read2075|        scalar|
|p_read2076  |   in|    8|     ap_none|    p_read2076|        scalar|
|p_read2077  |   in|    8|     ap_none|    p_read2077|        scalar|
|p_read2078  |   in|    8|     ap_none|    p_read2078|        scalar|
|p_read2079  |   in|    8|     ap_none|    p_read2079|        scalar|
|p_read2080  |   in|    8|     ap_none|    p_read2080|        scalar|
|p_read2081  |   in|    8|     ap_none|    p_read2081|        scalar|
|p_read2082  |   in|    8|     ap_none|    p_read2082|        scalar|
|p_read2083  |   in|    8|     ap_none|    p_read2083|        scalar|
|p_read2084  |   in|    8|     ap_none|    p_read2084|        scalar|
|p_read2085  |   in|    8|     ap_none|    p_read2085|        scalar|
|p_read2086  |   in|    8|     ap_none|    p_read2086|        scalar|
|p_read2087  |   in|    8|     ap_none|    p_read2087|        scalar|
|p_read2088  |   in|    8|     ap_none|    p_read2088|        scalar|
|p_read2089  |   in|    8|     ap_none|    p_read2089|        scalar|
|p_read2090  |   in|    8|     ap_none|    p_read2090|        scalar|
|p_read2091  |   in|    8|     ap_none|    p_read2091|        scalar|
|p_read2092  |   in|    8|     ap_none|    p_read2092|        scalar|
|p_read2093  |   in|    8|     ap_none|    p_read2093|        scalar|
|p_read2094  |   in|    8|     ap_none|    p_read2094|        scalar|
|p_read2095  |   in|    8|     ap_none|    p_read2095|        scalar|
|p_read2096  |   in|    8|     ap_none|    p_read2096|        scalar|
|p_read2097  |   in|    8|     ap_none|    p_read2097|        scalar|
|p_read2098  |   in|    8|     ap_none|    p_read2098|        scalar|
|p_read2099  |   in|    8|     ap_none|    p_read2099|        scalar|
|p_read2100  |   in|    8|     ap_none|    p_read2100|        scalar|
|p_read2101  |   in|    8|     ap_none|    p_read2101|        scalar|
|p_read2102  |   in|    8|     ap_none|    p_read2102|        scalar|
|p_read2103  |   in|    8|     ap_none|    p_read2103|        scalar|
|p_read2104  |   in|    8|     ap_none|    p_read2104|        scalar|
|p_read2105  |   in|    8|     ap_none|    p_read2105|        scalar|
|p_read2106  |   in|    8|     ap_none|    p_read2106|        scalar|
|p_read2107  |   in|    8|     ap_none|    p_read2107|        scalar|
|p_read2108  |   in|    8|     ap_none|    p_read2108|        scalar|
|p_read2109  |   in|    8|     ap_none|    p_read2109|        scalar|
|p_read2110  |   in|    8|     ap_none|    p_read2110|        scalar|
|p_read2111  |   in|    8|     ap_none|    p_read2111|        scalar|
|p_read2112  |   in|    8|     ap_none|    p_read2112|        scalar|
|p_read2113  |   in|    8|     ap_none|    p_read2113|        scalar|
|p_read2114  |   in|    8|     ap_none|    p_read2114|        scalar|
|p_read2115  |   in|    8|     ap_none|    p_read2115|        scalar|
|p_read2116  |   in|    8|     ap_none|    p_read2116|        scalar|
|p_read2117  |   in|    8|     ap_none|    p_read2117|        scalar|
|p_read2118  |   in|    8|     ap_none|    p_read2118|        scalar|
|p_read2119  |   in|    8|     ap_none|    p_read2119|        scalar|
|p_read2120  |   in|    8|     ap_none|    p_read2120|        scalar|
|p_read2121  |   in|    8|     ap_none|    p_read2121|        scalar|
|p_read2122  |   in|    8|     ap_none|    p_read2122|        scalar|
|p_read2123  |   in|    8|     ap_none|    p_read2123|        scalar|
|p_read2124  |   in|    8|     ap_none|    p_read2124|        scalar|
|p_read2125  |   in|    8|     ap_none|    p_read2125|        scalar|
|p_read2126  |   in|    8|     ap_none|    p_read2126|        scalar|
|p_read2127  |   in|    8|     ap_none|    p_read2127|        scalar|
|p_read2128  |   in|    8|     ap_none|    p_read2128|        scalar|
|p_read2129  |   in|    8|     ap_none|    p_read2129|        scalar|
|p_read2130  |   in|    8|     ap_none|    p_read2130|        scalar|
|p_read2131  |   in|    8|     ap_none|    p_read2131|        scalar|
|p_read2132  |   in|    8|     ap_none|    p_read2132|        scalar|
|p_read2133  |   in|    8|     ap_none|    p_read2133|        scalar|
|p_read2134  |   in|    8|     ap_none|    p_read2134|        scalar|
|p_read2135  |   in|    8|     ap_none|    p_read2135|        scalar|
|p_read2136  |   in|    8|     ap_none|    p_read2136|        scalar|
|p_read2137  |   in|    8|     ap_none|    p_read2137|        scalar|
|p_read2138  |   in|    8|     ap_none|    p_read2138|        scalar|
|p_read2139  |   in|    8|     ap_none|    p_read2139|        scalar|
|p_read2140  |   in|    8|     ap_none|    p_read2140|        scalar|
|p_read2141  |   in|    8|     ap_none|    p_read2141|        scalar|
|p_read2142  |   in|    8|     ap_none|    p_read2142|        scalar|
|p_read2143  |   in|    8|     ap_none|    p_read2143|        scalar|
|p_read2144  |   in|    8|     ap_none|    p_read2144|        scalar|
|p_read2145  |   in|    8|     ap_none|    p_read2145|        scalar|
|p_read2146  |   in|    8|     ap_none|    p_read2146|        scalar|
|p_read2147  |   in|    8|     ap_none|    p_read2147|        scalar|
|p_read2148  |   in|    8|     ap_none|    p_read2148|        scalar|
|p_read2149  |   in|    8|     ap_none|    p_read2149|        scalar|
|p_read2150  |   in|    8|     ap_none|    p_read2150|        scalar|
|p_read2151  |   in|    8|     ap_none|    p_read2151|        scalar|
|p_read2152  |   in|    8|     ap_none|    p_read2152|        scalar|
|p_read2153  |   in|    8|     ap_none|    p_read2153|        scalar|
|p_read2154  |   in|    8|     ap_none|    p_read2154|        scalar|
|p_read2155  |   in|    8|     ap_none|    p_read2155|        scalar|
|p_read2156  |   in|    8|     ap_none|    p_read2156|        scalar|
|p_read2157  |   in|    8|     ap_none|    p_read2157|        scalar|
|p_read2158  |   in|    8|     ap_none|    p_read2158|        scalar|
|p_read2159  |   in|    8|     ap_none|    p_read2159|        scalar|
|p_read2160  |   in|    8|     ap_none|    p_read2160|        scalar|
|p_read2161  |   in|    8|     ap_none|    p_read2161|        scalar|
|p_read2162  |   in|    8|     ap_none|    p_read2162|        scalar|
|p_read2163  |   in|    8|     ap_none|    p_read2163|        scalar|
|p_read2164  |   in|    8|     ap_none|    p_read2164|        scalar|
|p_read2165  |   in|    8|     ap_none|    p_read2165|        scalar|
|p_read2166  |   in|    8|     ap_none|    p_read2166|        scalar|
|p_read2167  |   in|    8|     ap_none|    p_read2167|        scalar|
|p_read2168  |   in|    8|     ap_none|    p_read2168|        scalar|
|p_read2169  |   in|    8|     ap_none|    p_read2169|        scalar|
|p_read2170  |   in|    8|     ap_none|    p_read2170|        scalar|
|p_read2171  |   in|    8|     ap_none|    p_read2171|        scalar|
|p_read2172  |   in|    8|     ap_none|    p_read2172|        scalar|
|p_read2173  |   in|    8|     ap_none|    p_read2173|        scalar|
|p_read2174  |   in|    8|     ap_none|    p_read2174|        scalar|
|p_read2175  |   in|    8|     ap_none|    p_read2175|        scalar|
|p_read2176  |   in|    8|     ap_none|    p_read2176|        scalar|
|p_read2177  |   in|    8|     ap_none|    p_read2177|        scalar|
|p_read2178  |   in|    8|     ap_none|    p_read2178|        scalar|
|p_read2179  |   in|    8|     ap_none|    p_read2179|        scalar|
|p_read2180  |   in|    8|     ap_none|    p_read2180|        scalar|
|p_read2181  |   in|    8|     ap_none|    p_read2181|        scalar|
|p_read2182  |   in|    8|     ap_none|    p_read2182|        scalar|
|p_read2183  |   in|    8|     ap_none|    p_read2183|        scalar|
|p_read2184  |   in|    8|     ap_none|    p_read2184|        scalar|
|p_read2185  |   in|    8|     ap_none|    p_read2185|        scalar|
|p_read2186  |   in|    8|     ap_none|    p_read2186|        scalar|
|p_read2187  |   in|    8|     ap_none|    p_read2187|        scalar|
|p_read2188  |   in|    8|     ap_none|    p_read2188|        scalar|
|p_read2189  |   in|    8|     ap_none|    p_read2189|        scalar|
|p_read2190  |   in|    8|     ap_none|    p_read2190|        scalar|
|p_read2191  |   in|    8|     ap_none|    p_read2191|        scalar|
|p_read2192  |   in|    8|     ap_none|    p_read2192|        scalar|
|p_read2193  |   in|    8|     ap_none|    p_read2193|        scalar|
|p_read2194  |   in|    8|     ap_none|    p_read2194|        scalar|
|p_read2195  |   in|    8|     ap_none|    p_read2195|        scalar|
|p_read2196  |   in|    8|     ap_none|    p_read2196|        scalar|
|p_read2197  |   in|    8|     ap_none|    p_read2197|        scalar|
|p_read2198  |   in|    8|     ap_none|    p_read2198|        scalar|
|p_read2199  |   in|    8|     ap_none|    p_read2199|        scalar|
|p_read2200  |   in|    8|     ap_none|    p_read2200|        scalar|
|p_read2201  |   in|    8|     ap_none|    p_read2201|        scalar|
|p_read2202  |   in|    8|     ap_none|    p_read2202|        scalar|
|p_read2203  |   in|    8|     ap_none|    p_read2203|        scalar|
|p_read2204  |   in|    8|     ap_none|    p_read2204|        scalar|
|p_read2205  |   in|    8|     ap_none|    p_read2205|        scalar|
|p_read2206  |   in|    8|     ap_none|    p_read2206|        scalar|
|p_read2207  |   in|    8|     ap_none|    p_read2207|        scalar|
|p_read2208  |   in|    8|     ap_none|    p_read2208|        scalar|
|p_read2209  |   in|    8|     ap_none|    p_read2209|        scalar|
|p_read2210  |   in|    8|     ap_none|    p_read2210|        scalar|
|p_read2211  |   in|    8|     ap_none|    p_read2211|        scalar|
|p_read2212  |   in|    8|     ap_none|    p_read2212|        scalar|
|p_read2213  |   in|    8|     ap_none|    p_read2213|        scalar|
|p_read2214  |   in|    8|     ap_none|    p_read2214|        scalar|
|p_read2215  |   in|    8|     ap_none|    p_read2215|        scalar|
|p_read2216  |   in|    8|     ap_none|    p_read2216|        scalar|
|p_read2217  |   in|    8|     ap_none|    p_read2217|        scalar|
|p_read2218  |   in|    8|     ap_none|    p_read2218|        scalar|
|p_read2219  |   in|    8|     ap_none|    p_read2219|        scalar|
|p_read2220  |   in|    8|     ap_none|    p_read2220|        scalar|
|p_read2221  |   in|    8|     ap_none|    p_read2221|        scalar|
|p_read2222  |   in|    8|     ap_none|    p_read2222|        scalar|
|p_read2223  |   in|    8|     ap_none|    p_read2223|        scalar|
|p_read2224  |   in|    8|     ap_none|    p_read2224|        scalar|
|p_read2225  |   in|    8|     ap_none|    p_read2225|        scalar|
|p_read2226  |   in|    8|     ap_none|    p_read2226|        scalar|
|p_read2227  |   in|    8|     ap_none|    p_read2227|        scalar|
|p_read2228  |   in|    8|     ap_none|    p_read2228|        scalar|
|p_read2229  |   in|    8|     ap_none|    p_read2229|        scalar|
|p_read2230  |   in|    8|     ap_none|    p_read2230|        scalar|
|p_read2231  |   in|    8|     ap_none|    p_read2231|        scalar|
|p_read2232  |   in|    8|     ap_none|    p_read2232|        scalar|
|p_read2233  |   in|    8|     ap_none|    p_read2233|        scalar|
|p_read2234  |   in|    8|     ap_none|    p_read2234|        scalar|
|p_read2235  |   in|    8|     ap_none|    p_read2235|        scalar|
|p_read2236  |   in|    8|     ap_none|    p_read2236|        scalar|
|p_read2237  |   in|    8|     ap_none|    p_read2237|        scalar|
|p_read2238  |   in|    8|     ap_none|    p_read2238|        scalar|
|p_read2239  |   in|    8|     ap_none|    p_read2239|        scalar|
|p_read2240  |   in|    8|     ap_none|    p_read2240|        scalar|
|p_read2241  |   in|    8|     ap_none|    p_read2241|        scalar|
|p_read2242  |   in|    8|     ap_none|    p_read2242|        scalar|
|p_read2243  |   in|    8|     ap_none|    p_read2243|        scalar|
|p_read2244  |   in|    8|     ap_none|    p_read2244|        scalar|
|p_read2245  |   in|    8|     ap_none|    p_read2245|        scalar|
|p_read2246  |   in|    8|     ap_none|    p_read2246|        scalar|
|p_read2247  |   in|    8|     ap_none|    p_read2247|        scalar|
|p_read2248  |   in|    8|     ap_none|    p_read2248|        scalar|
|p_read2249  |   in|    8|     ap_none|    p_read2249|        scalar|
|p_read2250  |   in|    8|     ap_none|    p_read2250|        scalar|
|p_read2251  |   in|    8|     ap_none|    p_read2251|        scalar|
|p_read2252  |   in|    8|     ap_none|    p_read2252|        scalar|
|p_read2253  |   in|    8|     ap_none|    p_read2253|        scalar|
|p_read2254  |   in|    8|     ap_none|    p_read2254|        scalar|
|p_read2255  |   in|    8|     ap_none|    p_read2255|        scalar|
|p_read2256  |   in|    8|     ap_none|    p_read2256|        scalar|
|p_read2257  |   in|    8|     ap_none|    p_read2257|        scalar|
|p_read2258  |   in|    8|     ap_none|    p_read2258|        scalar|
|p_read2259  |   in|    8|     ap_none|    p_read2259|        scalar|
|p_read2260  |   in|    8|     ap_none|    p_read2260|        scalar|
|p_read2261  |   in|    8|     ap_none|    p_read2261|        scalar|
|p_read2262  |   in|    8|     ap_none|    p_read2262|        scalar|
|p_read2263  |   in|    8|     ap_none|    p_read2263|        scalar|
|p_read2264  |   in|    8|     ap_none|    p_read2264|        scalar|
|p_read2265  |   in|    8|     ap_none|    p_read2265|        scalar|
|p_read2266  |   in|    8|     ap_none|    p_read2266|        scalar|
|p_read2267  |   in|    8|     ap_none|    p_read2267|        scalar|
|p_read2268  |   in|    8|     ap_none|    p_read2268|        scalar|
|p_read2269  |   in|    8|     ap_none|    p_read2269|        scalar|
|p_read2270  |   in|    8|     ap_none|    p_read2270|        scalar|
|p_read2271  |   in|    8|     ap_none|    p_read2271|        scalar|
|p_read2272  |   in|    8|     ap_none|    p_read2272|        scalar|
|p_read2273  |   in|    8|     ap_none|    p_read2273|        scalar|
|p_read2274  |   in|    8|     ap_none|    p_read2274|        scalar|
|p_read2275  |   in|    8|     ap_none|    p_read2275|        scalar|
|p_read2276  |   in|    8|     ap_none|    p_read2276|        scalar|
|p_read2277  |   in|    8|     ap_none|    p_read2277|        scalar|
|p_read2278  |   in|    8|     ap_none|    p_read2278|        scalar|
|p_read2279  |   in|    8|     ap_none|    p_read2279|        scalar|
|p_read2280  |   in|    8|     ap_none|    p_read2280|        scalar|
|p_read2281  |   in|    8|     ap_none|    p_read2281|        scalar|
|p_read2282  |   in|    8|     ap_none|    p_read2282|        scalar|
|p_read2283  |   in|    8|     ap_none|    p_read2283|        scalar|
|p_read2284  |   in|    8|     ap_none|    p_read2284|        scalar|
|p_read2285  |   in|    8|     ap_none|    p_read2285|        scalar|
|p_read2286  |   in|    8|     ap_none|    p_read2286|        scalar|
|p_read2287  |   in|    8|     ap_none|    p_read2287|        scalar|
|p_read2288  |   in|    8|     ap_none|    p_read2288|        scalar|
|p_read2289  |   in|    8|     ap_none|    p_read2289|        scalar|
|p_read2290  |   in|    8|     ap_none|    p_read2290|        scalar|
|p_read2291  |   in|    8|     ap_none|    p_read2291|        scalar|
|p_read2292  |   in|    8|     ap_none|    p_read2292|        scalar|
|p_read2293  |   in|    8|     ap_none|    p_read2293|        scalar|
|p_read2294  |   in|    8|     ap_none|    p_read2294|        scalar|
|p_read2295  |   in|    8|     ap_none|    p_read2295|        scalar|
|p_read2296  |   in|    8|     ap_none|    p_read2296|        scalar|
|p_read2297  |   in|    8|     ap_none|    p_read2297|        scalar|
|p_read2298  |   in|    8|     ap_none|    p_read2298|        scalar|
|p_read2299  |   in|    8|     ap_none|    p_read2299|        scalar|
|p_read2300  |   in|    8|     ap_none|    p_read2300|        scalar|
|p_read2301  |   in|    8|     ap_none|    p_read2301|        scalar|
|p_read2302  |   in|    8|     ap_none|    p_read2302|        scalar|
|p_read2303  |   in|    8|     ap_none|    p_read2303|        scalar|
|p_read2304  |   in|    8|     ap_none|    p_read2304|        scalar|
|p_read2305  |   in|    8|     ap_none|    p_read2305|        scalar|
|p_read2306  |   in|    8|     ap_none|    p_read2306|        scalar|
|p_read2307  |   in|    8|     ap_none|    p_read2307|        scalar|
|p_read2308  |   in|    8|     ap_none|    p_read2308|        scalar|
|p_read2309  |   in|    8|     ap_none|    p_read2309|        scalar|
|p_read2310  |   in|    8|     ap_none|    p_read2310|        scalar|
|p_read2311  |   in|    8|     ap_none|    p_read2311|        scalar|
|p_read2312  |   in|    8|     ap_none|    p_read2312|        scalar|
|p_read2313  |   in|    8|     ap_none|    p_read2313|        scalar|
|p_read2314  |   in|    8|     ap_none|    p_read2314|        scalar|
|p_read2315  |   in|    8|     ap_none|    p_read2315|        scalar|
|p_read2316  |   in|    8|     ap_none|    p_read2316|        scalar|
|p_read2317  |   in|    8|     ap_none|    p_read2317|        scalar|
|p_read2318  |   in|    8|     ap_none|    p_read2318|        scalar|
|p_read2319  |   in|    8|     ap_none|    p_read2319|        scalar|
|p_read2320  |   in|    8|     ap_none|    p_read2320|        scalar|
|p_read2321  |   in|    8|     ap_none|    p_read2321|        scalar|
|p_read2322  |   in|    8|     ap_none|    p_read2322|        scalar|
|p_read2323  |   in|    8|     ap_none|    p_read2323|        scalar|
|p_read2324  |   in|    8|     ap_none|    p_read2324|        scalar|
|p_read2325  |   in|    8|     ap_none|    p_read2325|        scalar|
|p_read2326  |   in|    8|     ap_none|    p_read2326|        scalar|
|p_read2327  |   in|    8|     ap_none|    p_read2327|        scalar|
|p_read2328  |   in|    8|     ap_none|    p_read2328|        scalar|
|p_read2329  |   in|    8|     ap_none|    p_read2329|        scalar|
|p_read2330  |   in|    8|     ap_none|    p_read2330|        scalar|
|p_read2331  |   in|    8|     ap_none|    p_read2331|        scalar|
|p_read2332  |   in|    8|     ap_none|    p_read2332|        scalar|
|p_read2333  |   in|    8|     ap_none|    p_read2333|        scalar|
|p_read2334  |   in|    8|     ap_none|    p_read2334|        scalar|
|p_read2335  |   in|    8|     ap_none|    p_read2335|        scalar|
|p_read2336  |   in|    8|     ap_none|    p_read2336|        scalar|
|p_read2337  |   in|    8|     ap_none|    p_read2337|        scalar|
|p_read2338  |   in|    8|     ap_none|    p_read2338|        scalar|
|p_read2339  |   in|    8|     ap_none|    p_read2339|        scalar|
|p_read2340  |   in|    8|     ap_none|    p_read2340|        scalar|
|p_read2341  |   in|    8|     ap_none|    p_read2341|        scalar|
|p_read2342  |   in|    8|     ap_none|    p_read2342|        scalar|
|p_read2343  |   in|    8|     ap_none|    p_read2343|        scalar|
|p_read2344  |   in|    8|     ap_none|    p_read2344|        scalar|
|p_read2345  |   in|    8|     ap_none|    p_read2345|        scalar|
|p_read2346  |   in|    8|     ap_none|    p_read2346|        scalar|
|p_read2347  |   in|    8|     ap_none|    p_read2347|        scalar|
|p_read2348  |   in|    8|     ap_none|    p_read2348|        scalar|
|p_read2349  |   in|    8|     ap_none|    p_read2349|        scalar|
|p_read2350  |   in|    8|     ap_none|    p_read2350|        scalar|
|p_read2351  |   in|    8|     ap_none|    p_read2351|        scalar|
|p_read2352  |   in|    8|     ap_none|    p_read2352|        scalar|
|p_read2353  |   in|    8|     ap_none|    p_read2353|        scalar|
|p_read2354  |   in|    8|     ap_none|    p_read2354|        scalar|
|p_read2355  |   in|    8|     ap_none|    p_read2355|        scalar|
|p_read2356  |   in|    8|     ap_none|    p_read2356|        scalar|
|p_read2357  |   in|    8|     ap_none|    p_read2357|        scalar|
|p_read2358  |   in|    8|     ap_none|    p_read2358|        scalar|
|p_read2359  |   in|    8|     ap_none|    p_read2359|        scalar|
|p_read2360  |   in|    8|     ap_none|    p_read2360|        scalar|
|p_read2361  |   in|    8|     ap_none|    p_read2361|        scalar|
|p_read2362  |   in|    8|     ap_none|    p_read2362|        scalar|
|p_read2363  |   in|    8|     ap_none|    p_read2363|        scalar|
|p_read2364  |   in|    8|     ap_none|    p_read2364|        scalar|
|p_read2365  |   in|    8|     ap_none|    p_read2365|        scalar|
|p_read2366  |   in|    8|     ap_none|    p_read2366|        scalar|
|p_read2367  |   in|    8|     ap_none|    p_read2367|        scalar|
|p_read2368  |   in|    8|     ap_none|    p_read2368|        scalar|
|p_read2369  |   in|    8|     ap_none|    p_read2369|        scalar|
|p_read2370  |   in|    8|     ap_none|    p_read2370|        scalar|
|p_read2371  |   in|    8|     ap_none|    p_read2371|        scalar|
|p_read2372  |   in|    8|     ap_none|    p_read2372|        scalar|
|p_read2373  |   in|    8|     ap_none|    p_read2373|        scalar|
|p_read2374  |   in|    8|     ap_none|    p_read2374|        scalar|
|p_read2375  |   in|    8|     ap_none|    p_read2375|        scalar|
|p_read2376  |   in|    8|     ap_none|    p_read2376|        scalar|
|p_read2377  |   in|    8|     ap_none|    p_read2377|        scalar|
|p_read2378  |   in|    8|     ap_none|    p_read2378|        scalar|
|p_read2379  |   in|    8|     ap_none|    p_read2379|        scalar|
|p_read2380  |   in|    8|     ap_none|    p_read2380|        scalar|
|p_read2381  |   in|    8|     ap_none|    p_read2381|        scalar|
|p_read2382  |   in|    8|     ap_none|    p_read2382|        scalar|
|p_read2383  |   in|    8|     ap_none|    p_read2383|        scalar|
|p_read2384  |   in|    8|     ap_none|    p_read2384|        scalar|
|p_read2385  |   in|    8|     ap_none|    p_read2385|        scalar|
|p_read2386  |   in|    8|     ap_none|    p_read2386|        scalar|
|p_read2387  |   in|    8|     ap_none|    p_read2387|        scalar|
|p_read2388  |   in|    8|     ap_none|    p_read2388|        scalar|
|p_read2389  |   in|    8|     ap_none|    p_read2389|        scalar|
|p_read2390  |   in|    8|     ap_none|    p_read2390|        scalar|
|p_read2391  |   in|    8|     ap_none|    p_read2391|        scalar|
|p_read2392  |   in|    8|     ap_none|    p_read2392|        scalar|
|p_read2393  |   in|    8|     ap_none|    p_read2393|        scalar|
|p_read2394  |   in|    8|     ap_none|    p_read2394|        scalar|
|p_read2395  |   in|    8|     ap_none|    p_read2395|        scalar|
|p_read2396  |   in|    8|     ap_none|    p_read2396|        scalar|
|p_read2397  |   in|    8|     ap_none|    p_read2397|        scalar|
|p_read2398  |   in|    8|     ap_none|    p_read2398|        scalar|
|p_read2399  |   in|    8|     ap_none|    p_read2399|        scalar|
|p_read2400  |   in|    8|     ap_none|    p_read2400|        scalar|
|p_read2401  |   in|    8|     ap_none|    p_read2401|        scalar|
|p_read2402  |   in|    8|     ap_none|    p_read2402|        scalar|
|p_read2403  |   in|    8|     ap_none|    p_read2403|        scalar|
|p_read2404  |   in|    8|     ap_none|    p_read2404|        scalar|
|p_read2405  |   in|    8|     ap_none|    p_read2405|        scalar|
|p_read2406  |   in|    8|     ap_none|    p_read2406|        scalar|
|p_read2407  |   in|    8|     ap_none|    p_read2407|        scalar|
|p_read2408  |   in|    8|     ap_none|    p_read2408|        scalar|
|p_read2409  |   in|    8|     ap_none|    p_read2409|        scalar|
|p_read2410  |   in|    8|     ap_none|    p_read2410|        scalar|
|p_read2411  |   in|    8|     ap_none|    p_read2411|        scalar|
|p_read2412  |   in|    8|     ap_none|    p_read2412|        scalar|
|p_read2413  |   in|    8|     ap_none|    p_read2413|        scalar|
|p_read2414  |   in|    8|     ap_none|    p_read2414|        scalar|
|p_read2415  |   in|    8|     ap_none|    p_read2415|        scalar|
|p_read2416  |   in|    8|     ap_none|    p_read2416|        scalar|
|p_read2417  |   in|    8|     ap_none|    p_read2417|        scalar|
|p_read2418  |   in|    8|     ap_none|    p_read2418|        scalar|
|p_read2419  |   in|    8|     ap_none|    p_read2419|        scalar|
|p_read2420  |   in|    8|     ap_none|    p_read2420|        scalar|
|p_read2421  |   in|    8|     ap_none|    p_read2421|        scalar|
|p_read2422  |   in|    8|     ap_none|    p_read2422|        scalar|
|p_read2423  |   in|    8|     ap_none|    p_read2423|        scalar|
|p_read2424  |   in|    8|     ap_none|    p_read2424|        scalar|
|p_read2425  |   in|    8|     ap_none|    p_read2425|        scalar|
|p_read2426  |   in|    8|     ap_none|    p_read2426|        scalar|
|p_read2427  |   in|    8|     ap_none|    p_read2427|        scalar|
|p_read2428  |   in|    8|     ap_none|    p_read2428|        scalar|
|p_read2429  |   in|    8|     ap_none|    p_read2429|        scalar|
|p_read2430  |   in|    8|     ap_none|    p_read2430|        scalar|
|p_read2431  |   in|    8|     ap_none|    p_read2431|        scalar|
|p_read2432  |   in|    8|     ap_none|    p_read2432|        scalar|
|p_read2433  |   in|    8|     ap_none|    p_read2433|        scalar|
|p_read2434  |   in|    8|     ap_none|    p_read2434|        scalar|
|p_read2435  |   in|    8|     ap_none|    p_read2435|        scalar|
|p_read2436  |   in|    8|     ap_none|    p_read2436|        scalar|
|p_read2437  |   in|    8|     ap_none|    p_read2437|        scalar|
|p_read2438  |   in|    8|     ap_none|    p_read2438|        scalar|
|p_read2439  |   in|    8|     ap_none|    p_read2439|        scalar|
|p_read2440  |   in|    8|     ap_none|    p_read2440|        scalar|
|p_read2441  |   in|    8|     ap_none|    p_read2441|        scalar|
|p_read2442  |   in|    8|     ap_none|    p_read2442|        scalar|
|p_read2443  |   in|    8|     ap_none|    p_read2443|        scalar|
|p_read2444  |   in|    8|     ap_none|    p_read2444|        scalar|
|p_read2445  |   in|    8|     ap_none|    p_read2445|        scalar|
|p_read2446  |   in|    8|     ap_none|    p_read2446|        scalar|
|p_read2447  |   in|    8|     ap_none|    p_read2447|        scalar|
|p_read2448  |   in|    8|     ap_none|    p_read2448|        scalar|
|p_read2449  |   in|    8|     ap_none|    p_read2449|        scalar|
|p_read2450  |   in|    8|     ap_none|    p_read2450|        scalar|
|p_read2451  |   in|    8|     ap_none|    p_read2451|        scalar|
|p_read2452  |   in|    8|     ap_none|    p_read2452|        scalar|
|p_read2453  |   in|    8|     ap_none|    p_read2453|        scalar|
|p_read2454  |   in|    8|     ap_none|    p_read2454|        scalar|
|p_read2455  |   in|    8|     ap_none|    p_read2455|        scalar|
|p_read2456  |   in|    8|     ap_none|    p_read2456|        scalar|
|p_read2457  |   in|    8|     ap_none|    p_read2457|        scalar|
|p_read2458  |   in|    8|     ap_none|    p_read2458|        scalar|
|p_read2459  |   in|    8|     ap_none|    p_read2459|        scalar|
|p_read2460  |   in|    8|     ap_none|    p_read2460|        scalar|
|p_read2461  |   in|    8|     ap_none|    p_read2461|        scalar|
|p_read2462  |   in|    8|     ap_none|    p_read2462|        scalar|
|p_read2463  |   in|    8|     ap_none|    p_read2463|        scalar|
|p_read2464  |   in|    8|     ap_none|    p_read2464|        scalar|
|p_read2465  |   in|    8|     ap_none|    p_read2465|        scalar|
|p_read2466  |   in|    8|     ap_none|    p_read2466|        scalar|
|p_read2467  |   in|    8|     ap_none|    p_read2467|        scalar|
|p_read2468  |   in|    8|     ap_none|    p_read2468|        scalar|
|p_read2469  |   in|    8|     ap_none|    p_read2469|        scalar|
|p_read2470  |   in|    8|     ap_none|    p_read2470|        scalar|
|p_read2471  |   in|    8|     ap_none|    p_read2471|        scalar|
|p_read2472  |   in|    8|     ap_none|    p_read2472|        scalar|
|p_read2473  |   in|    8|     ap_none|    p_read2473|        scalar|
|p_read2474  |   in|    8|     ap_none|    p_read2474|        scalar|
|p_read2475  |   in|    8|     ap_none|    p_read2475|        scalar|
|p_read2476  |   in|    8|     ap_none|    p_read2476|        scalar|
|p_read2477  |   in|    8|     ap_none|    p_read2477|        scalar|
|p_read2478  |   in|    8|     ap_none|    p_read2478|        scalar|
|p_read2479  |   in|    8|     ap_none|    p_read2479|        scalar|
|p_read2480  |   in|    8|     ap_none|    p_read2480|        scalar|
|p_read2481  |   in|    8|     ap_none|    p_read2481|        scalar|
|p_read2482  |   in|    8|     ap_none|    p_read2482|        scalar|
|p_read2483  |   in|    8|     ap_none|    p_read2483|        scalar|
|p_read2484  |   in|    8|     ap_none|    p_read2484|        scalar|
|p_read2485  |   in|    8|     ap_none|    p_read2485|        scalar|
|p_read2486  |   in|    8|     ap_none|    p_read2486|        scalar|
|p_read2487  |   in|    8|     ap_none|    p_read2487|        scalar|
|p_read2488  |   in|    8|     ap_none|    p_read2488|        scalar|
|p_read2489  |   in|    8|     ap_none|    p_read2489|        scalar|
|p_read2490  |   in|    8|     ap_none|    p_read2490|        scalar|
|p_read2491  |   in|    8|     ap_none|    p_read2491|        scalar|
|p_read2492  |   in|    8|     ap_none|    p_read2492|        scalar|
|p_read2493  |   in|    8|     ap_none|    p_read2493|        scalar|
|p_read2494  |   in|    8|     ap_none|    p_read2494|        scalar|
|p_read2495  |   in|    8|     ap_none|    p_read2495|        scalar|
|p_read2496  |   in|    8|     ap_none|    p_read2496|        scalar|
|p_read2497  |   in|    8|     ap_none|    p_read2497|        scalar|
|p_read2498  |   in|    8|     ap_none|    p_read2498|        scalar|
|p_read2499  |   in|    8|     ap_none|    p_read2499|        scalar|
|p_read2500  |   in|    8|     ap_none|    p_read2500|        scalar|
|p_read2501  |   in|    8|     ap_none|    p_read2501|        scalar|
|p_read2502  |   in|    8|     ap_none|    p_read2502|        scalar|
|p_read2503  |   in|    8|     ap_none|    p_read2503|        scalar|
|p_read2504  |   in|    8|     ap_none|    p_read2504|        scalar|
|p_read2505  |   in|    8|     ap_none|    p_read2505|        scalar|
|p_read2506  |   in|    8|     ap_none|    p_read2506|        scalar|
|p_read2507  |   in|    8|     ap_none|    p_read2507|        scalar|
|p_read2508  |   in|    8|     ap_none|    p_read2508|        scalar|
|p_read2509  |   in|    8|     ap_none|    p_read2509|        scalar|
|p_read2510  |   in|    8|     ap_none|    p_read2510|        scalar|
|p_read2511  |   in|    8|     ap_none|    p_read2511|        scalar|
|p_read2512  |   in|    8|     ap_none|    p_read2512|        scalar|
|p_read2513  |   in|    8|     ap_none|    p_read2513|        scalar|
|p_read2514  |   in|    8|     ap_none|    p_read2514|        scalar|
|p_read2515  |   in|    8|     ap_none|    p_read2515|        scalar|
|p_read2516  |   in|    8|     ap_none|    p_read2516|        scalar|
|p_read2517  |   in|    8|     ap_none|    p_read2517|        scalar|
|p_read2518  |   in|    8|     ap_none|    p_read2518|        scalar|
|p_read2519  |   in|    8|     ap_none|    p_read2519|        scalar|
|p_read2520  |   in|    8|     ap_none|    p_read2520|        scalar|
|p_read2521  |   in|    8|     ap_none|    p_read2521|        scalar|
|p_read2522  |   in|    8|     ap_none|    p_read2522|        scalar|
|p_read2523  |   in|    8|     ap_none|    p_read2523|        scalar|
|p_read2524  |   in|    8|     ap_none|    p_read2524|        scalar|
|p_read2525  |   in|    8|     ap_none|    p_read2525|        scalar|
|p_read2526  |   in|    8|     ap_none|    p_read2526|        scalar|
|p_read2527  |   in|    8|     ap_none|    p_read2527|        scalar|
|p_read2528  |   in|    8|     ap_none|    p_read2528|        scalar|
|p_read2529  |   in|    8|     ap_none|    p_read2529|        scalar|
|p_read2530  |   in|    8|     ap_none|    p_read2530|        scalar|
|p_read2531  |   in|    8|     ap_none|    p_read2531|        scalar|
|p_read2532  |   in|    8|     ap_none|    p_read2532|        scalar|
|p_read2533  |   in|    8|     ap_none|    p_read2533|        scalar|
|p_read2534  |   in|    8|     ap_none|    p_read2534|        scalar|
|p_read2535  |   in|    8|     ap_none|    p_read2535|        scalar|
|p_read2536  |   in|    8|     ap_none|    p_read2536|        scalar|
|p_read2537  |   in|    8|     ap_none|    p_read2537|        scalar|
|p_read2538  |   in|    8|     ap_none|    p_read2538|        scalar|
|p_read2539  |   in|    8|     ap_none|    p_read2539|        scalar|
|p_read2540  |   in|    8|     ap_none|    p_read2540|        scalar|
|p_read2541  |   in|    8|     ap_none|    p_read2541|        scalar|
|p_read2542  |   in|    8|     ap_none|    p_read2542|        scalar|
|p_read2543  |   in|    8|     ap_none|    p_read2543|        scalar|
|p_read2544  |   in|    8|     ap_none|    p_read2544|        scalar|
|p_read2545  |   in|    8|     ap_none|    p_read2545|        scalar|
|p_read2546  |   in|    8|     ap_none|    p_read2546|        scalar|
|p_read2547  |   in|    8|     ap_none|    p_read2547|        scalar|
|p_read2548  |   in|    8|     ap_none|    p_read2548|        scalar|
|p_read2549  |   in|    8|     ap_none|    p_read2549|        scalar|
|p_read2550  |   in|    8|     ap_none|    p_read2550|        scalar|
|p_read2551  |   in|    8|     ap_none|    p_read2551|        scalar|
|p_read2552  |   in|    8|     ap_none|    p_read2552|        scalar|
|p_read2553  |   in|    8|     ap_none|    p_read2553|        scalar|
|p_read2554  |   in|    8|     ap_none|    p_read2554|        scalar|
|p_read2555  |   in|    8|     ap_none|    p_read2555|        scalar|
|p_read2556  |   in|    8|     ap_none|    p_read2556|        scalar|
|p_read2557  |   in|    8|     ap_none|    p_read2557|        scalar|
|p_read2558  |   in|    8|     ap_none|    p_read2558|        scalar|
|p_read2559  |   in|    8|     ap_none|    p_read2559|        scalar|
|p_read2560  |   in|    8|     ap_none|    p_read2560|        scalar|
|p_read2561  |   in|    8|     ap_none|    p_read2561|        scalar|
|p_read2562  |   in|    8|     ap_none|    p_read2562|        scalar|
|p_read2563  |   in|    8|     ap_none|    p_read2563|        scalar|
|p_read2564  |   in|    8|     ap_none|    p_read2564|        scalar|
|p_read2565  |   in|    8|     ap_none|    p_read2565|        scalar|
|p_read2566  |   in|    8|     ap_none|    p_read2566|        scalar|
|p_read2567  |   in|    8|     ap_none|    p_read2567|        scalar|
|p_read2568  |   in|    8|     ap_none|    p_read2568|        scalar|
|p_read2569  |   in|    8|     ap_none|    p_read2569|        scalar|
|p_read2570  |   in|    8|     ap_none|    p_read2570|        scalar|
|p_read2571  |   in|    8|     ap_none|    p_read2571|        scalar|
|p_read2572  |   in|    8|     ap_none|    p_read2572|        scalar|
|p_read2573  |   in|    8|     ap_none|    p_read2573|        scalar|
|p_read2574  |   in|    8|     ap_none|    p_read2574|        scalar|
|p_read2575  |   in|    8|     ap_none|    p_read2575|        scalar|
|p_read2576  |   in|    8|     ap_none|    p_read2576|        scalar|
|p_read2577  |   in|    8|     ap_none|    p_read2577|        scalar|
|p_read2578  |   in|    8|     ap_none|    p_read2578|        scalar|
|p_read2579  |   in|    8|     ap_none|    p_read2579|        scalar|
|p_read2580  |   in|    8|     ap_none|    p_read2580|        scalar|
|p_read2581  |   in|    8|     ap_none|    p_read2581|        scalar|
|p_read2582  |   in|    8|     ap_none|    p_read2582|        scalar|
|p_read2583  |   in|    8|     ap_none|    p_read2583|        scalar|
|p_read2584  |   in|    8|     ap_none|    p_read2584|        scalar|
|p_read2585  |   in|    8|     ap_none|    p_read2585|        scalar|
|p_read2586  |   in|    8|     ap_none|    p_read2586|        scalar|
|p_read2587  |   in|    8|     ap_none|    p_read2587|        scalar|
|p_read2588  |   in|    8|     ap_none|    p_read2588|        scalar|
|p_read2589  |   in|    8|     ap_none|    p_read2589|        scalar|
|p_read2590  |   in|    8|     ap_none|    p_read2590|        scalar|
|p_read2591  |   in|    8|     ap_none|    p_read2591|        scalar|
|p_read2592  |   in|    8|     ap_none|    p_read2592|        scalar|
|p_read2593  |   in|    8|     ap_none|    p_read2593|        scalar|
|p_read2594  |   in|    8|     ap_none|    p_read2594|        scalar|
|p_read2595  |   in|    8|     ap_none|    p_read2595|        scalar|
|p_read2596  |   in|    8|     ap_none|    p_read2596|        scalar|
|p_read2597  |   in|    8|     ap_none|    p_read2597|        scalar|
|p_read2598  |   in|    8|     ap_none|    p_read2598|        scalar|
|p_read2599  |   in|    8|     ap_none|    p_read2599|        scalar|
|p_read2600  |   in|    8|     ap_none|    p_read2600|        scalar|
|p_read2601  |   in|    8|     ap_none|    p_read2601|        scalar|
|p_read2602  |   in|    8|     ap_none|    p_read2602|        scalar|
|p_read2603  |   in|    8|     ap_none|    p_read2603|        scalar|
|p_read2604  |   in|    8|     ap_none|    p_read2604|        scalar|
|p_read2605  |   in|    8|     ap_none|    p_read2605|        scalar|
|p_read2606  |   in|    8|     ap_none|    p_read2606|        scalar|
|p_read2607  |   in|    8|     ap_none|    p_read2607|        scalar|
|p_read2608  |   in|    8|     ap_none|    p_read2608|        scalar|
|p_read2609  |   in|    8|     ap_none|    p_read2609|        scalar|
|p_read2610  |   in|    8|     ap_none|    p_read2610|        scalar|
|p_read2611  |   in|    8|     ap_none|    p_read2611|        scalar|
|p_read2612  |   in|    8|     ap_none|    p_read2612|        scalar|
|p_read2613  |   in|    8|     ap_none|    p_read2613|        scalar|
|p_read2614  |   in|    8|     ap_none|    p_read2614|        scalar|
|p_read2615  |   in|    8|     ap_none|    p_read2615|        scalar|
|p_read2616  |   in|    8|     ap_none|    p_read2616|        scalar|
|p_read2617  |   in|    8|     ap_none|    p_read2617|        scalar|
|p_read2618  |   in|    8|     ap_none|    p_read2618|        scalar|
|p_read2619  |   in|    8|     ap_none|    p_read2619|        scalar|
|p_read2620  |   in|    8|     ap_none|    p_read2620|        scalar|
|p_read2621  |   in|    8|     ap_none|    p_read2621|        scalar|
|p_read2622  |   in|    8|     ap_none|    p_read2622|        scalar|
|p_read2623  |   in|    8|     ap_none|    p_read2623|        scalar|
|p_read2624  |   in|    8|     ap_none|    p_read2624|        scalar|
|p_read2625  |   in|    8|     ap_none|    p_read2625|        scalar|
|p_read2626  |   in|    8|     ap_none|    p_read2626|        scalar|
|p_read2627  |   in|    8|     ap_none|    p_read2627|        scalar|
|p_read2628  |   in|    8|     ap_none|    p_read2628|        scalar|
|p_read2629  |   in|    8|     ap_none|    p_read2629|        scalar|
|p_read2630  |   in|    8|     ap_none|    p_read2630|        scalar|
|p_read2631  |   in|    8|     ap_none|    p_read2631|        scalar|
|p_read2632  |   in|    8|     ap_none|    p_read2632|        scalar|
|p_read2633  |   in|    8|     ap_none|    p_read2633|        scalar|
|p_read2634  |   in|    8|     ap_none|    p_read2634|        scalar|
|p_read2635  |   in|    8|     ap_none|    p_read2635|        scalar|
|p_read2636  |   in|    8|     ap_none|    p_read2636|        scalar|
|p_read2637  |   in|    8|     ap_none|    p_read2637|        scalar|
|p_read2638  |   in|    8|     ap_none|    p_read2638|        scalar|
|p_read2639  |   in|    8|     ap_none|    p_read2639|        scalar|
|p_read2640  |   in|    8|     ap_none|    p_read2640|        scalar|
|p_read2641  |   in|    8|     ap_none|    p_read2641|        scalar|
|p_read2642  |   in|    8|     ap_none|    p_read2642|        scalar|
|p_read2643  |   in|    8|     ap_none|    p_read2643|        scalar|
|p_read2644  |   in|    8|     ap_none|    p_read2644|        scalar|
|p_read2645  |   in|    8|     ap_none|    p_read2645|        scalar|
|p_read2646  |   in|    8|     ap_none|    p_read2646|        scalar|
|p_read2647  |   in|    8|     ap_none|    p_read2647|        scalar|
|p_read2648  |   in|    8|     ap_none|    p_read2648|        scalar|
|p_read2649  |   in|    8|     ap_none|    p_read2649|        scalar|
|p_read2650  |   in|    8|     ap_none|    p_read2650|        scalar|
|p_read2651  |   in|    8|     ap_none|    p_read2651|        scalar|
|p_read2652  |   in|    8|     ap_none|    p_read2652|        scalar|
|p_read2653  |   in|    8|     ap_none|    p_read2653|        scalar|
|p_read2654  |   in|    8|     ap_none|    p_read2654|        scalar|
|p_read2655  |   in|    8|     ap_none|    p_read2655|        scalar|
|p_read2656  |   in|    8|     ap_none|    p_read2656|        scalar|
|p_read2657  |   in|    8|     ap_none|    p_read2657|        scalar|
|p_read2658  |   in|    8|     ap_none|    p_read2658|        scalar|
|p_read2659  |   in|    8|     ap_none|    p_read2659|        scalar|
|p_read2660  |   in|    8|     ap_none|    p_read2660|        scalar|
|p_read2661  |   in|    8|     ap_none|    p_read2661|        scalar|
|p_read2662  |   in|    8|     ap_none|    p_read2662|        scalar|
|p_read2663  |   in|    8|     ap_none|    p_read2663|        scalar|
|p_read2664  |   in|    8|     ap_none|    p_read2664|        scalar|
|p_read2665  |   in|    8|     ap_none|    p_read2665|        scalar|
|p_read2666  |   in|    8|     ap_none|    p_read2666|        scalar|
|p_read2667  |   in|    8|     ap_none|    p_read2667|        scalar|
|p_read2668  |   in|    8|     ap_none|    p_read2668|        scalar|
|p_read2669  |   in|    8|     ap_none|    p_read2669|        scalar|
|p_read2670  |   in|    8|     ap_none|    p_read2670|        scalar|
|p_read2671  |   in|    8|     ap_none|    p_read2671|        scalar|
|p_read2672  |   in|    8|     ap_none|    p_read2672|        scalar|
|p_read2673  |   in|    8|     ap_none|    p_read2673|        scalar|
|p_read2674  |   in|    8|     ap_none|    p_read2674|        scalar|
|p_read2675  |   in|    8|     ap_none|    p_read2675|        scalar|
|p_read2676  |   in|    8|     ap_none|    p_read2676|        scalar|
|p_read2677  |   in|    8|     ap_none|    p_read2677|        scalar|
|p_read2678  |   in|    8|     ap_none|    p_read2678|        scalar|
|p_read2679  |   in|    8|     ap_none|    p_read2679|        scalar|
|p_read2680  |   in|    8|     ap_none|    p_read2680|        scalar|
|p_read2681  |   in|    8|     ap_none|    p_read2681|        scalar|
|p_read2682  |   in|    8|     ap_none|    p_read2682|        scalar|
|p_read2683  |   in|    8|     ap_none|    p_read2683|        scalar|
|p_read2684  |   in|    8|     ap_none|    p_read2684|        scalar|
|p_read2685  |   in|    8|     ap_none|    p_read2685|        scalar|
|p_read2686  |   in|    8|     ap_none|    p_read2686|        scalar|
|p_read2687  |   in|    8|     ap_none|    p_read2687|        scalar|
|p_read2688  |   in|    8|     ap_none|    p_read2688|        scalar|
|p_read2689  |   in|    8|     ap_none|    p_read2689|        scalar|
|p_read2690  |   in|    8|     ap_none|    p_read2690|        scalar|
|p_read2691  |   in|    8|     ap_none|    p_read2691|        scalar|
|p_read2692  |   in|    8|     ap_none|    p_read2692|        scalar|
|p_read2693  |   in|    8|     ap_none|    p_read2693|        scalar|
|p_read2694  |   in|    8|     ap_none|    p_read2694|        scalar|
|p_read2695  |   in|    8|     ap_none|    p_read2695|        scalar|
|p_read2696  |   in|    8|     ap_none|    p_read2696|        scalar|
|p_read2697  |   in|    8|     ap_none|    p_read2697|        scalar|
|p_read2698  |   in|    8|     ap_none|    p_read2698|        scalar|
|p_read2699  |   in|    8|     ap_none|    p_read2699|        scalar|
|p_read2700  |   in|    8|     ap_none|    p_read2700|        scalar|
|p_read2701  |   in|    8|     ap_none|    p_read2701|        scalar|
|p_read2702  |   in|    8|     ap_none|    p_read2702|        scalar|
|p_read2703  |   in|    8|     ap_none|    p_read2703|        scalar|
|p_read2704  |   in|    8|     ap_none|    p_read2704|        scalar|
|p_read2705  |   in|    8|     ap_none|    p_read2705|        scalar|
|p_read2706  |   in|    8|     ap_none|    p_read2706|        scalar|
|p_read2707  |   in|    8|     ap_none|    p_read2707|        scalar|
|p_read2708  |   in|    8|     ap_none|    p_read2708|        scalar|
|p_read2709  |   in|    8|     ap_none|    p_read2709|        scalar|
|p_read2710  |   in|    8|     ap_none|    p_read2710|        scalar|
|p_read2711  |   in|    8|     ap_none|    p_read2711|        scalar|
|p_read2712  |   in|    8|     ap_none|    p_read2712|        scalar|
|p_read2713  |   in|    8|     ap_none|    p_read2713|        scalar|
|p_read2714  |   in|    8|     ap_none|    p_read2714|        scalar|
|p_read2715  |   in|    8|     ap_none|    p_read2715|        scalar|
|p_read2716  |   in|    8|     ap_none|    p_read2716|        scalar|
|p_read2717  |   in|    8|     ap_none|    p_read2717|        scalar|
|p_read2718  |   in|    8|     ap_none|    p_read2718|        scalar|
|p_read2719  |   in|    8|     ap_none|    p_read2719|        scalar|
|p_read2720  |   in|    8|     ap_none|    p_read2720|        scalar|
|p_read2721  |   in|    8|     ap_none|    p_read2721|        scalar|
|p_read2722  |   in|    8|     ap_none|    p_read2722|        scalar|
|p_read2723  |   in|    8|     ap_none|    p_read2723|        scalar|
|p_read2724  |   in|    8|     ap_none|    p_read2724|        scalar|
|p_read2725  |   in|    8|     ap_none|    p_read2725|        scalar|
|p_read2726  |   in|    8|     ap_none|    p_read2726|        scalar|
|p_read2727  |   in|    8|     ap_none|    p_read2727|        scalar|
|p_read2728  |   in|    8|     ap_none|    p_read2728|        scalar|
|p_read2729  |   in|    8|     ap_none|    p_read2729|        scalar|
|p_read2730  |   in|    8|     ap_none|    p_read2730|        scalar|
|p_read2731  |   in|    8|     ap_none|    p_read2731|        scalar|
|p_read2732  |   in|    8|     ap_none|    p_read2732|        scalar|
|p_read2733  |   in|    8|     ap_none|    p_read2733|        scalar|
|p_read2734  |   in|    8|     ap_none|    p_read2734|        scalar|
|p_read2735  |   in|    8|     ap_none|    p_read2735|        scalar|
|p_read2736  |   in|    8|     ap_none|    p_read2736|        scalar|
|p_read2737  |   in|    8|     ap_none|    p_read2737|        scalar|
|p_read2738  |   in|    8|     ap_none|    p_read2738|        scalar|
|p_read2739  |   in|    8|     ap_none|    p_read2739|        scalar|
|p_read2740  |   in|    8|     ap_none|    p_read2740|        scalar|
|p_read2741  |   in|    8|     ap_none|    p_read2741|        scalar|
|p_read2742  |   in|    8|     ap_none|    p_read2742|        scalar|
|p_read2743  |   in|    8|     ap_none|    p_read2743|        scalar|
|p_read2744  |   in|    8|     ap_none|    p_read2744|        scalar|
|p_read2745  |   in|    8|     ap_none|    p_read2745|        scalar|
|p_read2746  |   in|    8|     ap_none|    p_read2746|        scalar|
|p_read2747  |   in|    8|     ap_none|    p_read2747|        scalar|
|p_read2748  |   in|    8|     ap_none|    p_read2748|        scalar|
|p_read2749  |   in|    8|     ap_none|    p_read2749|        scalar|
|p_read2750  |   in|    8|     ap_none|    p_read2750|        scalar|
|p_read2751  |   in|    8|     ap_none|    p_read2751|        scalar|
|p_read2752  |   in|    8|     ap_none|    p_read2752|        scalar|
|p_read2753  |   in|    8|     ap_none|    p_read2753|        scalar|
|p_read2754  |   in|    8|     ap_none|    p_read2754|        scalar|
|p_read2755  |   in|    8|     ap_none|    p_read2755|        scalar|
|p_read2756  |   in|    8|     ap_none|    p_read2756|        scalar|
|p_read2757  |   in|    8|     ap_none|    p_read2757|        scalar|
|p_read2758  |   in|    8|     ap_none|    p_read2758|        scalar|
|p_read2759  |   in|    8|     ap_none|    p_read2759|        scalar|
|p_read2760  |   in|    8|     ap_none|    p_read2760|        scalar|
|p_read2761  |   in|    8|     ap_none|    p_read2761|        scalar|
|p_read2762  |   in|    8|     ap_none|    p_read2762|        scalar|
|p_read2763  |   in|    8|     ap_none|    p_read2763|        scalar|
|p_read2764  |   in|    8|     ap_none|    p_read2764|        scalar|
|p_read2765  |   in|    8|     ap_none|    p_read2765|        scalar|
|p_read2766  |   in|    8|     ap_none|    p_read2766|        scalar|
|p_read2767  |   in|    8|     ap_none|    p_read2767|        scalar|
|p_read2768  |   in|    8|     ap_none|    p_read2768|        scalar|
|p_read2769  |   in|    8|     ap_none|    p_read2769|        scalar|
|p_read2770  |   in|    8|     ap_none|    p_read2770|        scalar|
|p_read2771  |   in|    8|     ap_none|    p_read2771|        scalar|
|p_read2772  |   in|    8|     ap_none|    p_read2772|        scalar|
|p_read2773  |   in|    8|     ap_none|    p_read2773|        scalar|
|p_read2774  |   in|    8|     ap_none|    p_read2774|        scalar|
|p_read2775  |   in|    8|     ap_none|    p_read2775|        scalar|
|p_read2776  |   in|    8|     ap_none|    p_read2776|        scalar|
|p_read2777  |   in|    8|     ap_none|    p_read2777|        scalar|
|p_read2778  |   in|    8|     ap_none|    p_read2778|        scalar|
|p_read2779  |   in|    8|     ap_none|    p_read2779|        scalar|
|p_read2780  |   in|    8|     ap_none|    p_read2780|        scalar|
|p_read2781  |   in|    8|     ap_none|    p_read2781|        scalar|
|p_read2782  |   in|    8|     ap_none|    p_read2782|        scalar|
|p_read2783  |   in|    8|     ap_none|    p_read2783|        scalar|
|p_read2784  |   in|    8|     ap_none|    p_read2784|        scalar|
|p_read2785  |   in|    8|     ap_none|    p_read2785|        scalar|
|p_read2786  |   in|    8|     ap_none|    p_read2786|        scalar|
|p_read2787  |   in|    8|     ap_none|    p_read2787|        scalar|
|p_read2788  |   in|    8|     ap_none|    p_read2788|        scalar|
|p_read2789  |   in|    8|     ap_none|    p_read2789|        scalar|
|p_read2790  |   in|    8|     ap_none|    p_read2790|        scalar|
|p_read2791  |   in|    8|     ap_none|    p_read2791|        scalar|
|p_read2792  |   in|    8|     ap_none|    p_read2792|        scalar|
|p_read2793  |   in|    8|     ap_none|    p_read2793|        scalar|
|p_read2794  |   in|    8|     ap_none|    p_read2794|        scalar|
|p_read2795  |   in|    8|     ap_none|    p_read2795|        scalar|
|p_read2796  |   in|    8|     ap_none|    p_read2796|        scalar|
|p_read2797  |   in|    8|     ap_none|    p_read2797|        scalar|
|p_read2798  |   in|    8|     ap_none|    p_read2798|        scalar|
|p_read2799  |   in|    8|     ap_none|    p_read2799|        scalar|
|p_read2800  |   in|    8|     ap_none|    p_read2800|        scalar|
|p_read2801  |   in|    8|     ap_none|    p_read2801|        scalar|
|p_read2802  |   in|    8|     ap_none|    p_read2802|        scalar|
|p_read2803  |   in|    8|     ap_none|    p_read2803|        scalar|
|p_read2804  |   in|    8|     ap_none|    p_read2804|        scalar|
|p_read2805  |   in|    8|     ap_none|    p_read2805|        scalar|
|p_read2806  |   in|    8|     ap_none|    p_read2806|        scalar|
|p_read2807  |   in|    8|     ap_none|    p_read2807|        scalar|
|p_read2808  |   in|    8|     ap_none|    p_read2808|        scalar|
|p_read2809  |   in|    8|     ap_none|    p_read2809|        scalar|
|p_read2810  |   in|    8|     ap_none|    p_read2810|        scalar|
|p_read2811  |   in|    8|     ap_none|    p_read2811|        scalar|
|p_read2812  |   in|    8|     ap_none|    p_read2812|        scalar|
|p_read2813  |   in|    8|     ap_none|    p_read2813|        scalar|
|p_read2814  |   in|    8|     ap_none|    p_read2814|        scalar|
|p_read2815  |   in|    8|     ap_none|    p_read2815|        scalar|
|p_read2816  |   in|    8|     ap_none|    p_read2816|        scalar|
|p_read2817  |   in|    8|     ap_none|    p_read2817|        scalar|
|p_read2818  |   in|    8|     ap_none|    p_read2818|        scalar|
|p_read2819  |   in|    8|     ap_none|    p_read2819|        scalar|
|p_read2820  |   in|    8|     ap_none|    p_read2820|        scalar|
|p_read2821  |   in|    8|     ap_none|    p_read2821|        scalar|
|p_read2822  |   in|    8|     ap_none|    p_read2822|        scalar|
|p_read2823  |   in|    8|     ap_none|    p_read2823|        scalar|
|p_read2824  |   in|    8|     ap_none|    p_read2824|        scalar|
|p_read2825  |   in|    8|     ap_none|    p_read2825|        scalar|
|p_read2826  |   in|    8|     ap_none|    p_read2826|        scalar|
|p_read2827  |   in|    8|     ap_none|    p_read2827|        scalar|
|p_read2828  |   in|    8|     ap_none|    p_read2828|        scalar|
|p_read2829  |   in|    8|     ap_none|    p_read2829|        scalar|
|p_read2830  |   in|    8|     ap_none|    p_read2830|        scalar|
|p_read2831  |   in|    8|     ap_none|    p_read2831|        scalar|
|p_read2832  |   in|    8|     ap_none|    p_read2832|        scalar|
|p_read2833  |   in|    8|     ap_none|    p_read2833|        scalar|
|p_read2834  |   in|    8|     ap_none|    p_read2834|        scalar|
|p_read2835  |   in|    8|     ap_none|    p_read2835|        scalar|
|p_read2836  |   in|    8|     ap_none|    p_read2836|        scalar|
|p_read2837  |   in|    8|     ap_none|    p_read2837|        scalar|
|p_read2838  |   in|    8|     ap_none|    p_read2838|        scalar|
|p_read2839  |   in|    8|     ap_none|    p_read2839|        scalar|
|p_read2840  |   in|    8|     ap_none|    p_read2840|        scalar|
|p_read2841  |   in|    8|     ap_none|    p_read2841|        scalar|
|p_read2842  |   in|    8|     ap_none|    p_read2842|        scalar|
|p_read2843  |   in|    8|     ap_none|    p_read2843|        scalar|
|p_read2844  |   in|    8|     ap_none|    p_read2844|        scalar|
|p_read2845  |   in|    8|     ap_none|    p_read2845|        scalar|
|p_read2846  |   in|    8|     ap_none|    p_read2846|        scalar|
|p_read2847  |   in|    8|     ap_none|    p_read2847|        scalar|
|p_read2848  |   in|    8|     ap_none|    p_read2848|        scalar|
|p_read2849  |   in|    8|     ap_none|    p_read2849|        scalar|
|p_read2850  |   in|    8|     ap_none|    p_read2850|        scalar|
|p_read2851  |   in|    8|     ap_none|    p_read2851|        scalar|
|p_read2852  |   in|    8|     ap_none|    p_read2852|        scalar|
|p_read2853  |   in|    8|     ap_none|    p_read2853|        scalar|
|p_read2854  |   in|    8|     ap_none|    p_read2854|        scalar|
|p_read2855  |   in|    8|     ap_none|    p_read2855|        scalar|
|p_read2856  |   in|    8|     ap_none|    p_read2856|        scalar|
|p_read2857  |   in|    8|     ap_none|    p_read2857|        scalar|
|p_read2858  |   in|    8|     ap_none|    p_read2858|        scalar|
|p_read2859  |   in|    8|     ap_none|    p_read2859|        scalar|
|p_read2860  |   in|    8|     ap_none|    p_read2860|        scalar|
|p_read2861  |   in|    8|     ap_none|    p_read2861|        scalar|
|p_read2862  |   in|    8|     ap_none|    p_read2862|        scalar|
|p_read2863  |   in|    8|     ap_none|    p_read2863|        scalar|
|p_read2864  |   in|    8|     ap_none|    p_read2864|        scalar|
|p_read2865  |   in|    8|     ap_none|    p_read2865|        scalar|
|p_read2866  |   in|    8|     ap_none|    p_read2866|        scalar|
|p_read2867  |   in|    8|     ap_none|    p_read2867|        scalar|
|p_read2868  |   in|    8|     ap_none|    p_read2868|        scalar|
|p_read2869  |   in|    8|     ap_none|    p_read2869|        scalar|
|p_read2870  |   in|    8|     ap_none|    p_read2870|        scalar|
|p_read2871  |   in|    8|     ap_none|    p_read2871|        scalar|
|p_read2872  |   in|    8|     ap_none|    p_read2872|        scalar|
|p_read2873  |   in|    8|     ap_none|    p_read2873|        scalar|
|p_read2874  |   in|    8|     ap_none|    p_read2874|        scalar|
|p_read2875  |   in|    8|     ap_none|    p_read2875|        scalar|
|p_read2876  |   in|    8|     ap_none|    p_read2876|        scalar|
|p_read2877  |   in|    8|     ap_none|    p_read2877|        scalar|
|p_read2878  |   in|    8|     ap_none|    p_read2878|        scalar|
|p_read2879  |   in|    8|     ap_none|    p_read2879|        scalar|
|p_read2880  |   in|    8|     ap_none|    p_read2880|        scalar|
|p_read2881  |   in|    8|     ap_none|    p_read2881|        scalar|
|p_read2882  |   in|    8|     ap_none|    p_read2882|        scalar|
|p_read2883  |   in|    8|     ap_none|    p_read2883|        scalar|
|p_read2884  |   in|    8|     ap_none|    p_read2884|        scalar|
|p_read2885  |   in|    8|     ap_none|    p_read2885|        scalar|
|p_read2886  |   in|    8|     ap_none|    p_read2886|        scalar|
|p_read2887  |   in|    8|     ap_none|    p_read2887|        scalar|
|p_read2888  |   in|    8|     ap_none|    p_read2888|        scalar|
|p_read2889  |   in|    8|     ap_none|    p_read2889|        scalar|
|p_read2890  |   in|    8|     ap_none|    p_read2890|        scalar|
|p_read2891  |   in|    8|     ap_none|    p_read2891|        scalar|
|p_read2892  |   in|    8|     ap_none|    p_read2892|        scalar|
|p_read2893  |   in|    8|     ap_none|    p_read2893|        scalar|
|p_read2894  |   in|    8|     ap_none|    p_read2894|        scalar|
|p_read2895  |   in|    8|     ap_none|    p_read2895|        scalar|
|p_read2896  |   in|    8|     ap_none|    p_read2896|        scalar|
|p_read2897  |   in|    8|     ap_none|    p_read2897|        scalar|
|p_read2898  |   in|    8|     ap_none|    p_read2898|        scalar|
|p_read2899  |   in|    8|     ap_none|    p_read2899|        scalar|
|p_read2900  |   in|    8|     ap_none|    p_read2900|        scalar|
|p_read2901  |   in|    8|     ap_none|    p_read2901|        scalar|
|p_read2902  |   in|    8|     ap_none|    p_read2902|        scalar|
|p_read2903  |   in|    8|     ap_none|    p_read2903|        scalar|
|p_read2904  |   in|    8|     ap_none|    p_read2904|        scalar|
|p_read2905  |   in|    8|     ap_none|    p_read2905|        scalar|
|p_read2906  |   in|    8|     ap_none|    p_read2906|        scalar|
|p_read2907  |   in|    8|     ap_none|    p_read2907|        scalar|
|p_read2908  |   in|    8|     ap_none|    p_read2908|        scalar|
|p_read2909  |   in|    8|     ap_none|    p_read2909|        scalar|
|p_read2910  |   in|    8|     ap_none|    p_read2910|        scalar|
|p_read2911  |   in|    8|     ap_none|    p_read2911|        scalar|
|p_read2912  |   in|    8|     ap_none|    p_read2912|        scalar|
|p_read2913  |   in|    8|     ap_none|    p_read2913|        scalar|
|p_read2914  |   in|    8|     ap_none|    p_read2914|        scalar|
|p_read2915  |   in|    8|     ap_none|    p_read2915|        scalar|
|p_read2916  |   in|    8|     ap_none|    p_read2916|        scalar|
|p_read2917  |   in|    8|     ap_none|    p_read2917|        scalar|
|p_read2918  |   in|    8|     ap_none|    p_read2918|        scalar|
|p_read2919  |   in|    8|     ap_none|    p_read2919|        scalar|
|p_read2920  |   in|    8|     ap_none|    p_read2920|        scalar|
|p_read2921  |   in|    8|     ap_none|    p_read2921|        scalar|
|p_read2922  |   in|    8|     ap_none|    p_read2922|        scalar|
|p_read2923  |   in|    8|     ap_none|    p_read2923|        scalar|
|p_read2924  |   in|    8|     ap_none|    p_read2924|        scalar|
|p_read2925  |   in|    8|     ap_none|    p_read2925|        scalar|
|p_read2926  |   in|    8|     ap_none|    p_read2926|        scalar|
|p_read2927  |   in|    8|     ap_none|    p_read2927|        scalar|
|p_read2928  |   in|    8|     ap_none|    p_read2928|        scalar|
|p_read2929  |   in|    8|     ap_none|    p_read2929|        scalar|
|p_read2930  |   in|    8|     ap_none|    p_read2930|        scalar|
|p_read2931  |   in|    8|     ap_none|    p_read2931|        scalar|
|p_read2932  |   in|    8|     ap_none|    p_read2932|        scalar|
|p_read2933  |   in|    8|     ap_none|    p_read2933|        scalar|
|p_read2934  |   in|    8|     ap_none|    p_read2934|        scalar|
|p_read2935  |   in|    8|     ap_none|    p_read2935|        scalar|
|p_read2936  |   in|    8|     ap_none|    p_read2936|        scalar|
|p_read2937  |   in|    8|     ap_none|    p_read2937|        scalar|
|p_read2938  |   in|    8|     ap_none|    p_read2938|        scalar|
|p_read2939  |   in|    8|     ap_none|    p_read2939|        scalar|
|p_read2940  |   in|    8|     ap_none|    p_read2940|        scalar|
|p_read2941  |   in|    8|     ap_none|    p_read2941|        scalar|
|p_read2942  |   in|    8|     ap_none|    p_read2942|        scalar|
|p_read2943  |   in|    8|     ap_none|    p_read2943|        scalar|
|p_read2944  |   in|    8|     ap_none|    p_read2944|        scalar|
|p_read2945  |   in|    8|     ap_none|    p_read2945|        scalar|
|p_read2946  |   in|    8|     ap_none|    p_read2946|        scalar|
|p_read2947  |   in|    8|     ap_none|    p_read2947|        scalar|
|p_read2948  |   in|    8|     ap_none|    p_read2948|        scalar|
|p_read2949  |   in|    8|     ap_none|    p_read2949|        scalar|
|p_read2950  |   in|    8|     ap_none|    p_read2950|        scalar|
|p_read2951  |   in|    8|     ap_none|    p_read2951|        scalar|
|p_read2952  |   in|    8|     ap_none|    p_read2952|        scalar|
|p_read2953  |   in|    8|     ap_none|    p_read2953|        scalar|
|p_read2954  |   in|    8|     ap_none|    p_read2954|        scalar|
|p_read2955  |   in|    8|     ap_none|    p_read2955|        scalar|
|p_read2956  |   in|    8|     ap_none|    p_read2956|        scalar|
|p_read2957  |   in|    8|     ap_none|    p_read2957|        scalar|
|p_read2958  |   in|    8|     ap_none|    p_read2958|        scalar|
|p_read2959  |   in|    8|     ap_none|    p_read2959|        scalar|
|p_read2960  |   in|    8|     ap_none|    p_read2960|        scalar|
|p_read2961  |   in|    8|     ap_none|    p_read2961|        scalar|
|p_read2962  |   in|    8|     ap_none|    p_read2962|        scalar|
|p_read2963  |   in|    8|     ap_none|    p_read2963|        scalar|
|p_read2964  |   in|    8|     ap_none|    p_read2964|        scalar|
|p_read2965  |   in|    8|     ap_none|    p_read2965|        scalar|
|p_read2966  |   in|    8|     ap_none|    p_read2966|        scalar|
|p_read2967  |   in|    8|     ap_none|    p_read2967|        scalar|
|p_read2968  |   in|    8|     ap_none|    p_read2968|        scalar|
|p_read2969  |   in|    8|     ap_none|    p_read2969|        scalar|
|p_read2970  |   in|    8|     ap_none|    p_read2970|        scalar|
|p_read2971  |   in|    8|     ap_none|    p_read2971|        scalar|
|p_read2972  |   in|    8|     ap_none|    p_read2972|        scalar|
|p_read2973  |   in|    8|     ap_none|    p_read2973|        scalar|
|p_read2974  |   in|    8|     ap_none|    p_read2974|        scalar|
|p_read2975  |   in|    8|     ap_none|    p_read2975|        scalar|
|p_read2976  |   in|    8|     ap_none|    p_read2976|        scalar|
|p_read2977  |   in|    8|     ap_none|    p_read2977|        scalar|
|p_read2978  |   in|    8|     ap_none|    p_read2978|        scalar|
|p_read2979  |   in|    8|     ap_none|    p_read2979|        scalar|
|p_read2980  |   in|    8|     ap_none|    p_read2980|        scalar|
|p_read2981  |   in|    8|     ap_none|    p_read2981|        scalar|
|p_read2982  |   in|    8|     ap_none|    p_read2982|        scalar|
|p_read2983  |   in|    8|     ap_none|    p_read2983|        scalar|
|p_read2984  |   in|    8|     ap_none|    p_read2984|        scalar|
|p_read2985  |   in|    8|     ap_none|    p_read2985|        scalar|
|p_read2986  |   in|    8|     ap_none|    p_read2986|        scalar|
|p_read2987  |   in|    8|     ap_none|    p_read2987|        scalar|
|p_read2988  |   in|    8|     ap_none|    p_read2988|        scalar|
|p_read2989  |   in|    8|     ap_none|    p_read2989|        scalar|
|p_read2990  |   in|    8|     ap_none|    p_read2990|        scalar|
|p_read2991  |   in|    8|     ap_none|    p_read2991|        scalar|
|p_read2992  |   in|    8|     ap_none|    p_read2992|        scalar|
|p_read2993  |   in|    8|     ap_none|    p_read2993|        scalar|
|p_read2994  |   in|    8|     ap_none|    p_read2994|        scalar|
|p_read2995  |   in|    8|     ap_none|    p_read2995|        scalar|
|p_read2996  |   in|    8|     ap_none|    p_read2996|        scalar|
|p_read2997  |   in|    8|     ap_none|    p_read2997|        scalar|
|p_read2998  |   in|    8|     ap_none|    p_read2998|        scalar|
|p_read2999  |   in|    8|     ap_none|    p_read2999|        scalar|
|p_read3000  |   in|    8|     ap_none|    p_read3000|        scalar|
|p_read3001  |   in|    8|     ap_none|    p_read3001|        scalar|
|p_read3002  |   in|    8|     ap_none|    p_read3002|        scalar|
|p_read3003  |   in|    8|     ap_none|    p_read3003|        scalar|
|p_read3004  |   in|    8|     ap_none|    p_read3004|        scalar|
|p_read3005  |   in|    8|     ap_none|    p_read3005|        scalar|
|p_read3006  |   in|    8|     ap_none|    p_read3006|        scalar|
|p_read3007  |   in|    8|     ap_none|    p_read3007|        scalar|
|p_read3008  |   in|    8|     ap_none|    p_read3008|        scalar|
|p_read3009  |   in|    8|     ap_none|    p_read3009|        scalar|
|p_read3010  |   in|    8|     ap_none|    p_read3010|        scalar|
|p_read3011  |   in|    8|     ap_none|    p_read3011|        scalar|
|p_read3012  |   in|    8|     ap_none|    p_read3012|        scalar|
|p_read3013  |   in|    8|     ap_none|    p_read3013|        scalar|
|p_read3014  |   in|    8|     ap_none|    p_read3014|        scalar|
|p_read3015  |   in|    8|     ap_none|    p_read3015|        scalar|
|p_read3016  |   in|    8|     ap_none|    p_read3016|        scalar|
|p_read3017  |   in|    8|     ap_none|    p_read3017|        scalar|
|p_read3018  |   in|    8|     ap_none|    p_read3018|        scalar|
|p_read3019  |   in|    8|     ap_none|    p_read3019|        scalar|
|p_read3020  |   in|    8|     ap_none|    p_read3020|        scalar|
|p_read3021  |   in|    8|     ap_none|    p_read3021|        scalar|
|p_read3022  |   in|    8|     ap_none|    p_read3022|        scalar|
|p_read3023  |   in|    8|     ap_none|    p_read3023|        scalar|
|p_read3024  |   in|    8|     ap_none|    p_read3024|        scalar|
|p_read3025  |   in|    8|     ap_none|    p_read3025|        scalar|
|p_read3026  |   in|    8|     ap_none|    p_read3026|        scalar|
|p_read3027  |   in|    8|     ap_none|    p_read3027|        scalar|
|p_read3028  |   in|    8|     ap_none|    p_read3028|        scalar|
|p_read3029  |   in|    8|     ap_none|    p_read3029|        scalar|
|p_read3030  |   in|    8|     ap_none|    p_read3030|        scalar|
|p_read3031  |   in|    8|     ap_none|    p_read3031|        scalar|
|p_read3032  |   in|    8|     ap_none|    p_read3032|        scalar|
|p_read3033  |   in|    8|     ap_none|    p_read3033|        scalar|
|p_read3034  |   in|    8|     ap_none|    p_read3034|        scalar|
|p_read3035  |   in|    8|     ap_none|    p_read3035|        scalar|
|p_read3036  |   in|    8|     ap_none|    p_read3036|        scalar|
|p_read3037  |   in|    8|     ap_none|    p_read3037|        scalar|
|p_read3038  |   in|    8|     ap_none|    p_read3038|        scalar|
|p_read3039  |   in|    8|     ap_none|    p_read3039|        scalar|
|p_read3040  |   in|    8|     ap_none|    p_read3040|        scalar|
|p_read3041  |   in|    8|     ap_none|    p_read3041|        scalar|
|p_read3042  |   in|    8|     ap_none|    p_read3042|        scalar|
|p_read3043  |   in|    8|     ap_none|    p_read3043|        scalar|
|p_read3044  |   in|    8|     ap_none|    p_read3044|        scalar|
|p_read3045  |   in|    8|     ap_none|    p_read3045|        scalar|
|p_read3046  |   in|    8|     ap_none|    p_read3046|        scalar|
|p_read3047  |   in|    8|     ap_none|    p_read3047|        scalar|
|p_read3048  |   in|    8|     ap_none|    p_read3048|        scalar|
|p_read3049  |   in|    8|     ap_none|    p_read3049|        scalar|
|p_read3050  |   in|    8|     ap_none|    p_read3050|        scalar|
|p_read3051  |   in|    8|     ap_none|    p_read3051|        scalar|
|p_read3052  |   in|    8|     ap_none|    p_read3052|        scalar|
|p_read3053  |   in|    8|     ap_none|    p_read3053|        scalar|
|p_read3054  |   in|    8|     ap_none|    p_read3054|        scalar|
|p_read3055  |   in|    8|     ap_none|    p_read3055|        scalar|
|p_read3056  |   in|    8|     ap_none|    p_read3056|        scalar|
|p_read3057  |   in|    8|     ap_none|    p_read3057|        scalar|
|p_read3058  |   in|    8|     ap_none|    p_read3058|        scalar|
|p_read3059  |   in|    8|     ap_none|    p_read3059|        scalar|
|p_read3060  |   in|    8|     ap_none|    p_read3060|        scalar|
|p_read3061  |   in|    8|     ap_none|    p_read3061|        scalar|
|p_read3062  |   in|    8|     ap_none|    p_read3062|        scalar|
|p_read3063  |   in|    8|     ap_none|    p_read3063|        scalar|
|p_read3064  |   in|    8|     ap_none|    p_read3064|        scalar|
|p_read3065  |   in|    8|     ap_none|    p_read3065|        scalar|
|p_read3066  |   in|    8|     ap_none|    p_read3066|        scalar|
|p_read3067  |   in|    8|     ap_none|    p_read3067|        scalar|
|p_read3068  |   in|    8|     ap_none|    p_read3068|        scalar|
|p_read3069  |   in|    8|     ap_none|    p_read3069|        scalar|
|p_read3070  |   in|    8|     ap_none|    p_read3070|        scalar|
|p_read3071  |   in|    8|     ap_none|    p_read3071|        scalar|
|p_read3072  |   in|    8|     ap_none|    p_read3072|        scalar|
|p_read3073  |   in|    8|     ap_none|    p_read3073|        scalar|
|p_read3074  |   in|    8|     ap_none|    p_read3074|        scalar|
|p_read3075  |   in|    8|     ap_none|    p_read3075|        scalar|
|p_read3076  |   in|    8|     ap_none|    p_read3076|        scalar|
|p_read3077  |   in|    8|     ap_none|    p_read3077|        scalar|
|p_read3078  |   in|    8|     ap_none|    p_read3078|        scalar|
|p_read3079  |   in|    8|     ap_none|    p_read3079|        scalar|
|p_read3080  |   in|    8|     ap_none|    p_read3080|        scalar|
|p_read3081  |   in|    8|     ap_none|    p_read3081|        scalar|
|p_read3082  |   in|    8|     ap_none|    p_read3082|        scalar|
|p_read3083  |   in|    8|     ap_none|    p_read3083|        scalar|
|p_read3084  |   in|    8|     ap_none|    p_read3084|        scalar|
|p_read3085  |   in|    8|     ap_none|    p_read3085|        scalar|
|p_read3086  |   in|    8|     ap_none|    p_read3086|        scalar|
|p_read3087  |   in|    8|     ap_none|    p_read3087|        scalar|
|p_read3088  |   in|    8|     ap_none|    p_read3088|        scalar|
|p_read3089  |   in|    8|     ap_none|    p_read3089|        scalar|
|p_read3090  |   in|    8|     ap_none|    p_read3090|        scalar|
|p_read3091  |   in|    8|     ap_none|    p_read3091|        scalar|
|p_read3092  |   in|    8|     ap_none|    p_read3092|        scalar|
|p_read3093  |   in|    8|     ap_none|    p_read3093|        scalar|
|p_read3094  |   in|    8|     ap_none|    p_read3094|        scalar|
|p_read3095  |   in|    8|     ap_none|    p_read3095|        scalar|
|p_read3096  |   in|    8|     ap_none|    p_read3096|        scalar|
|p_read3097  |   in|    8|     ap_none|    p_read3097|        scalar|
|p_read3098  |   in|    8|     ap_none|    p_read3098|        scalar|
|p_read3099  |   in|    8|     ap_none|    p_read3099|        scalar|
|p_read3100  |   in|    8|     ap_none|    p_read3100|        scalar|
|p_read3101  |   in|    8|     ap_none|    p_read3101|        scalar|
|p_read3102  |   in|    8|     ap_none|    p_read3102|        scalar|
|p_read3103  |   in|    8|     ap_none|    p_read3103|        scalar|
|p_read3104  |   in|    8|     ap_none|    p_read3104|        scalar|
|p_read3105  |   in|    8|     ap_none|    p_read3105|        scalar|
|p_read3106  |   in|    8|     ap_none|    p_read3106|        scalar|
|p_read3107  |   in|    8|     ap_none|    p_read3107|        scalar|
|p_read3108  |   in|    8|     ap_none|    p_read3108|        scalar|
|p_read3109  |   in|    8|     ap_none|    p_read3109|        scalar|
|p_read3110  |   in|    8|     ap_none|    p_read3110|        scalar|
|p_read3111  |   in|    8|     ap_none|    p_read3111|        scalar|
|p_read3112  |   in|    8|     ap_none|    p_read3112|        scalar|
|p_read3113  |   in|    8|     ap_none|    p_read3113|        scalar|
|p_read3114  |   in|    8|     ap_none|    p_read3114|        scalar|
|p_read3115  |   in|    8|     ap_none|    p_read3115|        scalar|
|p_read3116  |   in|    8|     ap_none|    p_read3116|        scalar|
|p_read3117  |   in|    8|     ap_none|    p_read3117|        scalar|
|p_read3118  |   in|    8|     ap_none|    p_read3118|        scalar|
|p_read3119  |   in|    8|     ap_none|    p_read3119|        scalar|
|p_read3120  |   in|    8|     ap_none|    p_read3120|        scalar|
|p_read3121  |   in|    8|     ap_none|    p_read3121|        scalar|
|p_read3122  |   in|    8|     ap_none|    p_read3122|        scalar|
|p_read3123  |   in|    8|     ap_none|    p_read3123|        scalar|
|p_read3124  |   in|    8|     ap_none|    p_read3124|        scalar|
|p_read3125  |   in|    8|     ap_none|    p_read3125|        scalar|
|p_read3126  |   in|    8|     ap_none|    p_read3126|        scalar|
|p_read3127  |   in|    8|     ap_none|    p_read3127|        scalar|
|p_read3128  |   in|    8|     ap_none|    p_read3128|        scalar|
|p_read3129  |   in|    8|     ap_none|    p_read3129|        scalar|
|p_read3130  |   in|    8|     ap_none|    p_read3130|        scalar|
|p_read3131  |   in|    8|     ap_none|    p_read3131|        scalar|
|p_read3132  |   in|    8|     ap_none|    p_read3132|        scalar|
|p_read3133  |   in|    8|     ap_none|    p_read3133|        scalar|
|p_read3134  |   in|    8|     ap_none|    p_read3134|        scalar|
|p_read3135  |   in|    8|     ap_none|    p_read3135|        scalar|
|p_read3136  |   in|    8|     ap_none|    p_read3136|        scalar|
|p_read3137  |   in|    8|     ap_none|    p_read3137|        scalar|
|p_read3138  |   in|    8|     ap_none|    p_read3138|        scalar|
|p_read3139  |   in|    8|     ap_none|    p_read3139|        scalar|
|p_read3140  |   in|    8|     ap_none|    p_read3140|        scalar|
|p_read3141  |   in|    8|     ap_none|    p_read3141|        scalar|
|p_read3142  |   in|    8|     ap_none|    p_read3142|        scalar|
|p_read3143  |   in|    8|     ap_none|    p_read3143|        scalar|
|p_read3144  |   in|    8|     ap_none|    p_read3144|        scalar|
|p_read3145  |   in|    8|     ap_none|    p_read3145|        scalar|
|p_read3146  |   in|    8|     ap_none|    p_read3146|        scalar|
|p_read3147  |   in|    8|     ap_none|    p_read3147|        scalar|
|p_read3148  |   in|    8|     ap_none|    p_read3148|        scalar|
|p_read3149  |   in|    8|     ap_none|    p_read3149|        scalar|
|p_read3150  |   in|    8|     ap_none|    p_read3150|        scalar|
|p_read3151  |   in|    8|     ap_none|    p_read3151|        scalar|
|p_read3152  |   in|    8|     ap_none|    p_read3152|        scalar|
|p_read3153  |   in|    8|     ap_none|    p_read3153|        scalar|
|p_read3154  |   in|    8|     ap_none|    p_read3154|        scalar|
|p_read3155  |   in|    8|     ap_none|    p_read3155|        scalar|
|p_read3156  |   in|    8|     ap_none|    p_read3156|        scalar|
|p_read3157  |   in|    8|     ap_none|    p_read3157|        scalar|
|p_read3158  |   in|    8|     ap_none|    p_read3158|        scalar|
|p_read3159  |   in|    8|     ap_none|    p_read3159|        scalar|
|p_read3160  |   in|    8|     ap_none|    p_read3160|        scalar|
|p_read3161  |   in|    8|     ap_none|    p_read3161|        scalar|
|p_read3162  |   in|    8|     ap_none|    p_read3162|        scalar|
|p_read3163  |   in|    8|     ap_none|    p_read3163|        scalar|
|p_read3164  |   in|    8|     ap_none|    p_read3164|        scalar|
|p_read3165  |   in|    8|     ap_none|    p_read3165|        scalar|
|p_read3166  |   in|    8|     ap_none|    p_read3166|        scalar|
|p_read3167  |   in|    8|     ap_none|    p_read3167|        scalar|
|p_read3168  |   in|    8|     ap_none|    p_read3168|        scalar|
|p_read3169  |   in|    8|     ap_none|    p_read3169|        scalar|
|p_read3170  |   in|    8|     ap_none|    p_read3170|        scalar|
|p_read3171  |   in|    8|     ap_none|    p_read3171|        scalar|
|p_read3172  |   in|    8|     ap_none|    p_read3172|        scalar|
|p_read3173  |   in|    8|     ap_none|    p_read3173|        scalar|
|p_read3174  |   in|    8|     ap_none|    p_read3174|        scalar|
|p_read3175  |   in|    8|     ap_none|    p_read3175|        scalar|
|p_read3176  |   in|    8|     ap_none|    p_read3176|        scalar|
|p_read3177  |   in|    8|     ap_none|    p_read3177|        scalar|
|p_read3178  |   in|    8|     ap_none|    p_read3178|        scalar|
|p_read3179  |   in|    8|     ap_none|    p_read3179|        scalar|
|p_read3180  |   in|    8|     ap_none|    p_read3180|        scalar|
|p_read3181  |   in|    8|     ap_none|    p_read3181|        scalar|
|p_read3182  |   in|    8|     ap_none|    p_read3182|        scalar|
|p_read3183  |   in|    8|     ap_none|    p_read3183|        scalar|
|p_read3184  |   in|    8|     ap_none|    p_read3184|        scalar|
|p_read3185  |   in|    8|     ap_none|    p_read3185|        scalar|
|p_read3186  |   in|    8|     ap_none|    p_read3186|        scalar|
|p_read3187  |   in|    8|     ap_none|    p_read3187|        scalar|
|p_read3188  |   in|    8|     ap_none|    p_read3188|        scalar|
|p_read3189  |   in|    8|     ap_none|    p_read3189|        scalar|
|p_read3190  |   in|    8|     ap_none|    p_read3190|        scalar|
|p_read3191  |   in|    8|     ap_none|    p_read3191|        scalar|
|p_read3192  |   in|    8|     ap_none|    p_read3192|        scalar|
|p_read3193  |   in|    8|     ap_none|    p_read3193|        scalar|
|p_read3194  |   in|    8|     ap_none|    p_read3194|        scalar|
|p_read3195  |   in|    8|     ap_none|    p_read3195|        scalar|
|p_read3196  |   in|    8|     ap_none|    p_read3196|        scalar|
|p_read3197  |   in|    8|     ap_none|    p_read3197|        scalar|
|p_read3198  |   in|    8|     ap_none|    p_read3198|        scalar|
|p_read3199  |   in|    8|     ap_none|    p_read3199|        scalar|
|p_read3200  |   in|    8|     ap_none|    p_read3200|        scalar|
|p_read3201  |   in|    8|     ap_none|    p_read3201|        scalar|
|p_read3202  |   in|    8|     ap_none|    p_read3202|        scalar|
|p_read3203  |   in|    8|     ap_none|    p_read3203|        scalar|
|p_read3204  |   in|    8|     ap_none|    p_read3204|        scalar|
|p_read3205  |   in|    8|     ap_none|    p_read3205|        scalar|
|p_read3206  |   in|    8|     ap_none|    p_read3206|        scalar|
|p_read3207  |   in|    8|     ap_none|    p_read3207|        scalar|
|p_read3208  |   in|    8|     ap_none|    p_read3208|        scalar|
|p_read3209  |   in|    8|     ap_none|    p_read3209|        scalar|
|p_read3210  |   in|    8|     ap_none|    p_read3210|        scalar|
|p_read3211  |   in|    8|     ap_none|    p_read3211|        scalar|
|p_read3212  |   in|    8|     ap_none|    p_read3212|        scalar|
|p_read3213  |   in|    8|     ap_none|    p_read3213|        scalar|
|p_read3214  |   in|    8|     ap_none|    p_read3214|        scalar|
|p_read3215  |   in|    8|     ap_none|    p_read3215|        scalar|
|p_read3216  |   in|    8|     ap_none|    p_read3216|        scalar|
|p_read3217  |   in|    8|     ap_none|    p_read3217|        scalar|
|p_read3218  |   in|    8|     ap_none|    p_read3218|        scalar|
|p_read3219  |   in|    8|     ap_none|    p_read3219|        scalar|
|p_read3220  |   in|    8|     ap_none|    p_read3220|        scalar|
|p_read3221  |   in|    8|     ap_none|    p_read3221|        scalar|
|p_read3222  |   in|    8|     ap_none|    p_read3222|        scalar|
|p_read3223  |   in|    8|     ap_none|    p_read3223|        scalar|
|p_read3224  |   in|    8|     ap_none|    p_read3224|        scalar|
|p_read3225  |   in|    8|     ap_none|    p_read3225|        scalar|
|p_read3226  |   in|    8|     ap_none|    p_read3226|        scalar|
|p_read3227  |   in|    8|     ap_none|    p_read3227|        scalar|
|p_read3228  |   in|    8|     ap_none|    p_read3228|        scalar|
|p_read3229  |   in|    8|     ap_none|    p_read3229|        scalar|
|p_read3230  |   in|    8|     ap_none|    p_read3230|        scalar|
|p_read3231  |   in|    8|     ap_none|    p_read3231|        scalar|
|p_read3232  |   in|    8|     ap_none|    p_read3232|        scalar|
|p_read3233  |   in|    8|     ap_none|    p_read3233|        scalar|
|p_read3234  |   in|    8|     ap_none|    p_read3234|        scalar|
|p_read3235  |   in|    8|     ap_none|    p_read3235|        scalar|
|p_read3236  |   in|    8|     ap_none|    p_read3236|        scalar|
|p_read3237  |   in|    8|     ap_none|    p_read3237|        scalar|
|p_read3238  |   in|    8|     ap_none|    p_read3238|        scalar|
|p_read3239  |   in|    8|     ap_none|    p_read3239|        scalar|
|p_read3240  |   in|    8|     ap_none|    p_read3240|        scalar|
|p_read3241  |   in|    8|     ap_none|    p_read3241|        scalar|
|p_read3242  |   in|    8|     ap_none|    p_read3242|        scalar|
|p_read3243  |   in|    8|     ap_none|    p_read3243|        scalar|
|p_read3244  |   in|    8|     ap_none|    p_read3244|        scalar|
|p_read3245  |   in|    8|     ap_none|    p_read3245|        scalar|
|p_read3246  |   in|    8|     ap_none|    p_read3246|        scalar|
|p_read3247  |   in|    8|     ap_none|    p_read3247|        scalar|
|p_read3248  |   in|    8|     ap_none|    p_read3248|        scalar|
|p_read3249  |   in|    8|     ap_none|    p_read3249|        scalar|
|p_read3250  |   in|    8|     ap_none|    p_read3250|        scalar|
|p_read3251  |   in|    8|     ap_none|    p_read3251|        scalar|
|p_read3252  |   in|    8|     ap_none|    p_read3252|        scalar|
|p_read3253  |   in|    8|     ap_none|    p_read3253|        scalar|
|p_read3254  |   in|    8|     ap_none|    p_read3254|        scalar|
|p_read3255  |   in|    8|     ap_none|    p_read3255|        scalar|
|p_read3256  |   in|    8|     ap_none|    p_read3256|        scalar|
|p_read3257  |   in|    8|     ap_none|    p_read3257|        scalar|
|p_read3258  |   in|    8|     ap_none|    p_read3258|        scalar|
|p_read3259  |   in|    8|     ap_none|    p_read3259|        scalar|
|p_read3260  |   in|    8|     ap_none|    p_read3260|        scalar|
|p_read3261  |   in|    8|     ap_none|    p_read3261|        scalar|
|p_read3262  |   in|    8|     ap_none|    p_read3262|        scalar|
|p_read3263  |   in|    8|     ap_none|    p_read3263|        scalar|
|p_read3264  |   in|    8|     ap_none|    p_read3264|        scalar|
|p_read3265  |   in|    8|     ap_none|    p_read3265|        scalar|
|p_read3266  |   in|    8|     ap_none|    p_read3266|        scalar|
|p_read3267  |   in|    8|     ap_none|    p_read3267|        scalar|
|p_read3268  |   in|    8|     ap_none|    p_read3268|        scalar|
|p_read3269  |   in|    8|     ap_none|    p_read3269|        scalar|
|p_read3270  |   in|    8|     ap_none|    p_read3270|        scalar|
|p_read3271  |   in|    8|     ap_none|    p_read3271|        scalar|
|p_read3272  |   in|    8|     ap_none|    p_read3272|        scalar|
|p_read3273  |   in|    8|     ap_none|    p_read3273|        scalar|
|p_read3274  |   in|    8|     ap_none|    p_read3274|        scalar|
|p_read3275  |   in|    8|     ap_none|    p_read3275|        scalar|
|p_read3276  |   in|    8|     ap_none|    p_read3276|        scalar|
|p_read3277  |   in|    8|     ap_none|    p_read3277|        scalar|
|p_read3278  |   in|    8|     ap_none|    p_read3278|        scalar|
|p_read3279  |   in|    8|     ap_none|    p_read3279|        scalar|
|p_read3280  |   in|    8|     ap_none|    p_read3280|        scalar|
|p_read3281  |   in|    8|     ap_none|    p_read3281|        scalar|
|p_read3282  |   in|    8|     ap_none|    p_read3282|        scalar|
|p_read3283  |   in|    8|     ap_none|    p_read3283|        scalar|
|p_read3284  |   in|    8|     ap_none|    p_read3284|        scalar|
|p_read3285  |   in|    8|     ap_none|    p_read3285|        scalar|
|p_read3286  |   in|    8|     ap_none|    p_read3286|        scalar|
|p_read3287  |   in|    8|     ap_none|    p_read3287|        scalar|
|p_read3288  |   in|    8|     ap_none|    p_read3288|        scalar|
|p_read3289  |   in|    8|     ap_none|    p_read3289|        scalar|
|p_read3290  |   in|    8|     ap_none|    p_read3290|        scalar|
|p_read3291  |   in|    8|     ap_none|    p_read3291|        scalar|
|p_read3292  |   in|    8|     ap_none|    p_read3292|        scalar|
|p_read3293  |   in|    8|     ap_none|    p_read3293|        scalar|
|p_read3294  |   in|    8|     ap_none|    p_read3294|        scalar|
|p_read3295  |   in|    8|     ap_none|    p_read3295|        scalar|
|p_read3296  |   in|    8|     ap_none|    p_read3296|        scalar|
|p_read3297  |   in|    8|     ap_none|    p_read3297|        scalar|
|p_read3298  |   in|    8|     ap_none|    p_read3298|        scalar|
|p_read3299  |   in|    8|     ap_none|    p_read3299|        scalar|
|p_read3300  |   in|    8|     ap_none|    p_read3300|        scalar|
|p_read3301  |   in|    8|     ap_none|    p_read3301|        scalar|
|p_read3302  |   in|    8|     ap_none|    p_read3302|        scalar|
|p_read3303  |   in|    8|     ap_none|    p_read3303|        scalar|
|p_read3304  |   in|    8|     ap_none|    p_read3304|        scalar|
|p_read3305  |   in|    8|     ap_none|    p_read3305|        scalar|
|p_read3306  |   in|    8|     ap_none|    p_read3306|        scalar|
|p_read3307  |   in|    8|     ap_none|    p_read3307|        scalar|
|p_read3308  |   in|    8|     ap_none|    p_read3308|        scalar|
|p_read3309  |   in|    8|     ap_none|    p_read3309|        scalar|
|p_read3310  |   in|    8|     ap_none|    p_read3310|        scalar|
|p_read3311  |   in|    8|     ap_none|    p_read3311|        scalar|
|p_read3312  |   in|    8|     ap_none|    p_read3312|        scalar|
|p_read3313  |   in|    8|     ap_none|    p_read3313|        scalar|
|p_read3314  |   in|    8|     ap_none|    p_read3314|        scalar|
|p_read3315  |   in|    8|     ap_none|    p_read3315|        scalar|
|p_read3316  |   in|    8|     ap_none|    p_read3316|        scalar|
|p_read3317  |   in|    8|     ap_none|    p_read3317|        scalar|
|p_read3318  |   in|    8|     ap_none|    p_read3318|        scalar|
|p_read3319  |   in|    8|     ap_none|    p_read3319|        scalar|
|p_read3320  |   in|    8|     ap_none|    p_read3320|        scalar|
|p_read3321  |   in|    8|     ap_none|    p_read3321|        scalar|
|p_read3322  |   in|    8|     ap_none|    p_read3322|        scalar|
|p_read3323  |   in|    8|     ap_none|    p_read3323|        scalar|
|p_read3324  |   in|    8|     ap_none|    p_read3324|        scalar|
|p_read3325  |   in|    8|     ap_none|    p_read3325|        scalar|
|p_read3326  |   in|    8|     ap_none|    p_read3326|        scalar|
|p_read3327  |   in|    8|     ap_none|    p_read3327|        scalar|
|p_read3328  |   in|    8|     ap_none|    p_read3328|        scalar|
|p_read3329  |   in|    8|     ap_none|    p_read3329|        scalar|
|p_read3330  |   in|    8|     ap_none|    p_read3330|        scalar|
|p_read3331  |   in|    8|     ap_none|    p_read3331|        scalar|
|p_read3332  |   in|    8|     ap_none|    p_read3332|        scalar|
|p_read3333  |   in|    8|     ap_none|    p_read3333|        scalar|
|p_read3334  |   in|    8|     ap_none|    p_read3334|        scalar|
|p_read3335  |   in|    8|     ap_none|    p_read3335|        scalar|
|p_read3336  |   in|    8|     ap_none|    p_read3336|        scalar|
|p_read3337  |   in|    8|     ap_none|    p_read3337|        scalar|
|p_read3338  |   in|    8|     ap_none|    p_read3338|        scalar|
|p_read3339  |   in|    8|     ap_none|    p_read3339|        scalar|
|p_read3340  |   in|    8|     ap_none|    p_read3340|        scalar|
|p_read3341  |   in|    8|     ap_none|    p_read3341|        scalar|
|p_read3342  |   in|    8|     ap_none|    p_read3342|        scalar|
|p_read3343  |   in|    8|     ap_none|    p_read3343|        scalar|
|p_read3344  |   in|    8|     ap_none|    p_read3344|        scalar|
|p_read3345  |   in|    8|     ap_none|    p_read3345|        scalar|
|p_read3346  |   in|    8|     ap_none|    p_read3346|        scalar|
|p_read3347  |   in|    8|     ap_none|    p_read3347|        scalar|
|p_read3348  |   in|    8|     ap_none|    p_read3348|        scalar|
|p_read3349  |   in|    8|     ap_none|    p_read3349|        scalar|
|p_read3350  |   in|    8|     ap_none|    p_read3350|        scalar|
|p_read3351  |   in|    8|     ap_none|    p_read3351|        scalar|
|p_read3352  |   in|    8|     ap_none|    p_read3352|        scalar|
|p_read3353  |   in|    8|     ap_none|    p_read3353|        scalar|
|p_read3354  |   in|    8|     ap_none|    p_read3354|        scalar|
|p_read3355  |   in|    8|     ap_none|    p_read3355|        scalar|
|p_read3356  |   in|    8|     ap_none|    p_read3356|        scalar|
|p_read3357  |   in|    8|     ap_none|    p_read3357|        scalar|
|p_read3358  |   in|    8|     ap_none|    p_read3358|        scalar|
|p_read3359  |   in|    8|     ap_none|    p_read3359|        scalar|
|p_read3360  |   in|    8|     ap_none|    p_read3360|        scalar|
|p_read3361  |   in|    8|     ap_none|    p_read3361|        scalar|
|p_read3362  |   in|    8|     ap_none|    p_read3362|        scalar|
|p_read3363  |   in|    8|     ap_none|    p_read3363|        scalar|
|p_read3364  |   in|    8|     ap_none|    p_read3364|        scalar|
|p_read3365  |   in|    8|     ap_none|    p_read3365|        scalar|
|p_read3366  |   in|    8|     ap_none|    p_read3366|        scalar|
|p_read3367  |   in|    8|     ap_none|    p_read3367|        scalar|
|p_read3368  |   in|    8|     ap_none|    p_read3368|        scalar|
|p_read3369  |   in|    8|     ap_none|    p_read3369|        scalar|
|p_read3370  |   in|    8|     ap_none|    p_read3370|        scalar|
|p_read3371  |   in|    8|     ap_none|    p_read3371|        scalar|
|p_read3372  |   in|    8|     ap_none|    p_read3372|        scalar|
|p_read3373  |   in|    8|     ap_none|    p_read3373|        scalar|
|p_read3374  |   in|    8|     ap_none|    p_read3374|        scalar|
|p_read3375  |   in|    8|     ap_none|    p_read3375|        scalar|
|p_read3376  |   in|    8|     ap_none|    p_read3376|        scalar|
|p_read3377  |   in|    8|     ap_none|    p_read3377|        scalar|
|p_read3378  |   in|    8|     ap_none|    p_read3378|        scalar|
|p_read3379  |   in|    8|     ap_none|    p_read3379|        scalar|
|p_read3380  |   in|    8|     ap_none|    p_read3380|        scalar|
|p_read3381  |   in|    8|     ap_none|    p_read3381|        scalar|
|p_read3382  |   in|    8|     ap_none|    p_read3382|        scalar|
|p_read3383  |   in|    8|     ap_none|    p_read3383|        scalar|
|p_read3384  |   in|    8|     ap_none|    p_read3384|        scalar|
|p_read3385  |   in|    8|     ap_none|    p_read3385|        scalar|
|p_read3386  |   in|    8|     ap_none|    p_read3386|        scalar|
|p_read3387  |   in|    8|     ap_none|    p_read3387|        scalar|
|p_read3388  |   in|    8|     ap_none|    p_read3388|        scalar|
|p_read3389  |   in|    8|     ap_none|    p_read3389|        scalar|
|p_read3390  |   in|    8|     ap_none|    p_read3390|        scalar|
|p_read3391  |   in|    8|     ap_none|    p_read3391|        scalar|
|p_read3392  |   in|    8|     ap_none|    p_read3392|        scalar|
|p_read3393  |   in|    8|     ap_none|    p_read3393|        scalar|
|p_read3394  |   in|    8|     ap_none|    p_read3394|        scalar|
|p_read3395  |   in|    8|     ap_none|    p_read3395|        scalar|
|p_read3396  |   in|    8|     ap_none|    p_read3396|        scalar|
|p_read3397  |   in|    8|     ap_none|    p_read3397|        scalar|
|p_read3398  |   in|    8|     ap_none|    p_read3398|        scalar|
|p_read3399  |   in|    8|     ap_none|    p_read3399|        scalar|
|p_read3400  |   in|    8|     ap_none|    p_read3400|        scalar|
|p_read3401  |   in|    8|     ap_none|    p_read3401|        scalar|
|p_read3402  |   in|    8|     ap_none|    p_read3402|        scalar|
|p_read3403  |   in|    8|     ap_none|    p_read3403|        scalar|
|p_read3404  |   in|    8|     ap_none|    p_read3404|        scalar|
|p_read3405  |   in|    8|     ap_none|    p_read3405|        scalar|
|p_read3406  |   in|    8|     ap_none|    p_read3406|        scalar|
|p_read3407  |   in|    8|     ap_none|    p_read3407|        scalar|
|p_read3408  |   in|    8|     ap_none|    p_read3408|        scalar|
|p_read3409  |   in|    8|     ap_none|    p_read3409|        scalar|
|p_read3410  |   in|    8|     ap_none|    p_read3410|        scalar|
|p_read3411  |   in|    8|     ap_none|    p_read3411|        scalar|
|p_read3412  |   in|    8|     ap_none|    p_read3412|        scalar|
|p_read3413  |   in|    8|     ap_none|    p_read3413|        scalar|
|p_read3414  |   in|    8|     ap_none|    p_read3414|        scalar|
|p_read3415  |   in|    8|     ap_none|    p_read3415|        scalar|
|p_read3416  |   in|    8|     ap_none|    p_read3416|        scalar|
|p_read3417  |   in|    8|     ap_none|    p_read3417|        scalar|
|p_read3418  |   in|    8|     ap_none|    p_read3418|        scalar|
|p_read3419  |   in|    8|     ap_none|    p_read3419|        scalar|
|p_read3420  |   in|    8|     ap_none|    p_read3420|        scalar|
|p_read3421  |   in|    8|     ap_none|    p_read3421|        scalar|
|p_read3422  |   in|    8|     ap_none|    p_read3422|        scalar|
|p_read3423  |   in|    8|     ap_none|    p_read3423|        scalar|
|p_read3424  |   in|    8|     ap_none|    p_read3424|        scalar|
|p_read3425  |   in|    8|     ap_none|    p_read3425|        scalar|
|p_read3426  |   in|    8|     ap_none|    p_read3426|        scalar|
|p_read3427  |   in|    8|     ap_none|    p_read3427|        scalar|
|p_read3428  |   in|    8|     ap_none|    p_read3428|        scalar|
|p_read3429  |   in|    8|     ap_none|    p_read3429|        scalar|
|p_read3430  |   in|    8|     ap_none|    p_read3430|        scalar|
|p_read3431  |   in|    8|     ap_none|    p_read3431|        scalar|
|p_read3432  |   in|    8|     ap_none|    p_read3432|        scalar|
|p_read3433  |   in|    8|     ap_none|    p_read3433|        scalar|
|p_read3434  |   in|    8|     ap_none|    p_read3434|        scalar|
|p_read3435  |   in|    8|     ap_none|    p_read3435|        scalar|
|p_read3436  |   in|    8|     ap_none|    p_read3436|        scalar|
|p_read3437  |   in|    8|     ap_none|    p_read3437|        scalar|
|p_read3438  |   in|    8|     ap_none|    p_read3438|        scalar|
|p_read3439  |   in|    8|     ap_none|    p_read3439|        scalar|
|p_read3440  |   in|    8|     ap_none|    p_read3440|        scalar|
|p_read3441  |   in|    8|     ap_none|    p_read3441|        scalar|
|p_read3442  |   in|    8|     ap_none|    p_read3442|        scalar|
|p_read3443  |   in|    8|     ap_none|    p_read3443|        scalar|
|p_read3444  |   in|    8|     ap_none|    p_read3444|        scalar|
|p_read3445  |   in|    8|     ap_none|    p_read3445|        scalar|
|p_read3446  |   in|    8|     ap_none|    p_read3446|        scalar|
|p_read3447  |   in|    8|     ap_none|    p_read3447|        scalar|
|p_read3448  |   in|    8|     ap_none|    p_read3448|        scalar|
|p_read3449  |   in|    8|     ap_none|    p_read3449|        scalar|
|p_read3450  |   in|    8|     ap_none|    p_read3450|        scalar|
|p_read3451  |   in|    8|     ap_none|    p_read3451|        scalar|
|p_read3452  |   in|    8|     ap_none|    p_read3452|        scalar|
|p_read3453  |   in|    8|     ap_none|    p_read3453|        scalar|
|p_read3454  |   in|    8|     ap_none|    p_read3454|        scalar|
|p_read3455  |   in|    8|     ap_none|    p_read3455|        scalar|
|p_read3456  |   in|    8|     ap_none|    p_read3456|        scalar|
|p_read3457  |   in|    8|     ap_none|    p_read3457|        scalar|
|p_read3458  |   in|    8|     ap_none|    p_read3458|        scalar|
|p_read3459  |   in|    8|     ap_none|    p_read3459|        scalar|
|p_read3460  |   in|    8|     ap_none|    p_read3460|        scalar|
|p_read3461  |   in|    8|     ap_none|    p_read3461|        scalar|
|p_read3462  |   in|    8|     ap_none|    p_read3462|        scalar|
|p_read3463  |   in|    8|     ap_none|    p_read3463|        scalar|
|p_read3464  |   in|    8|     ap_none|    p_read3464|        scalar|
|p_read3465  |   in|    8|     ap_none|    p_read3465|        scalar|
|p_read3466  |   in|    8|     ap_none|    p_read3466|        scalar|
|p_read3467  |   in|    8|     ap_none|    p_read3467|        scalar|
|p_read3468  |   in|    8|     ap_none|    p_read3468|        scalar|
|p_read3469  |   in|    8|     ap_none|    p_read3469|        scalar|
|p_read3470  |   in|    8|     ap_none|    p_read3470|        scalar|
|p_read3471  |   in|    8|     ap_none|    p_read3471|        scalar|
|p_read3472  |   in|    8|     ap_none|    p_read3472|        scalar|
|p_read3473  |   in|    8|     ap_none|    p_read3473|        scalar|
|p_read3474  |   in|    8|     ap_none|    p_read3474|        scalar|
|p_read3475  |   in|    8|     ap_none|    p_read3475|        scalar|
|p_read3476  |   in|    8|     ap_none|    p_read3476|        scalar|
|p_read3477  |   in|    8|     ap_none|    p_read3477|        scalar|
|p_read3478  |   in|    8|     ap_none|    p_read3478|        scalar|
|p_read3479  |   in|    8|     ap_none|    p_read3479|        scalar|
|p_read3480  |   in|    8|     ap_none|    p_read3480|        scalar|
|p_read3481  |   in|    8|     ap_none|    p_read3481|        scalar|
|p_read3482  |   in|    8|     ap_none|    p_read3482|        scalar|
|p_read3483  |   in|    8|     ap_none|    p_read3483|        scalar|
|p_read3484  |   in|    8|     ap_none|    p_read3484|        scalar|
|p_read3485  |   in|    8|     ap_none|    p_read3485|        scalar|
|p_read3486  |   in|    8|     ap_none|    p_read3486|        scalar|
|p_read3487  |   in|    8|     ap_none|    p_read3487|        scalar|
|p_read3488  |   in|    8|     ap_none|    p_read3488|        scalar|
|p_read3489  |   in|    8|     ap_none|    p_read3489|        scalar|
|p_read3490  |   in|    8|     ap_none|    p_read3490|        scalar|
|p_read3491  |   in|    8|     ap_none|    p_read3491|        scalar|
|p_read3492  |   in|    8|     ap_none|    p_read3492|        scalar|
|p_read3493  |   in|    8|     ap_none|    p_read3493|        scalar|
|p_read3494  |   in|    8|     ap_none|    p_read3494|        scalar|
|p_read3495  |   in|    8|     ap_none|    p_read3495|        scalar|
|p_read3496  |   in|    8|     ap_none|    p_read3496|        scalar|
|p_read3497  |   in|    8|     ap_none|    p_read3497|        scalar|
|p_read3498  |   in|    8|     ap_none|    p_read3498|        scalar|
|p_read3499  |   in|    8|     ap_none|    p_read3499|        scalar|
|p_read3500  |   in|    8|     ap_none|    p_read3500|        scalar|
|p_read3501  |   in|    8|     ap_none|    p_read3501|        scalar|
|p_read3502  |   in|    8|     ap_none|    p_read3502|        scalar|
|p_read3503  |   in|    8|     ap_none|    p_read3503|        scalar|
|p_read3504  |   in|    8|     ap_none|    p_read3504|        scalar|
|p_read3505  |   in|    8|     ap_none|    p_read3505|        scalar|
|p_read3506  |   in|    8|     ap_none|    p_read3506|        scalar|
|p_read3507  |   in|    8|     ap_none|    p_read3507|        scalar|
|p_read3508  |   in|    8|     ap_none|    p_read3508|        scalar|
|p_read3509  |   in|    8|     ap_none|    p_read3509|        scalar|
|p_read3510  |   in|    8|     ap_none|    p_read3510|        scalar|
|p_read3511  |   in|    8|     ap_none|    p_read3511|        scalar|
|p_read3512  |   in|    8|     ap_none|    p_read3512|        scalar|
|p_read3513  |   in|    8|     ap_none|    p_read3513|        scalar|
|p_read3514  |   in|    8|     ap_none|    p_read3514|        scalar|
|p_read3515  |   in|    8|     ap_none|    p_read3515|        scalar|
|p_read3516  |   in|    8|     ap_none|    p_read3516|        scalar|
|p_read3517  |   in|    8|     ap_none|    p_read3517|        scalar|
|p_read3518  |   in|    8|     ap_none|    p_read3518|        scalar|
|p_read3519  |   in|    8|     ap_none|    p_read3519|        scalar|
|p_read3520  |   in|    8|     ap_none|    p_read3520|        scalar|
|p_read3521  |   in|    8|     ap_none|    p_read3521|        scalar|
|p_read3522  |   in|    8|     ap_none|    p_read3522|        scalar|
|p_read3523  |   in|    8|     ap_none|    p_read3523|        scalar|
|p_read3524  |   in|    8|     ap_none|    p_read3524|        scalar|
|p_read3525  |   in|    8|     ap_none|    p_read3525|        scalar|
|p_read3526  |   in|    8|     ap_none|    p_read3526|        scalar|
|p_read3527  |   in|    8|     ap_none|    p_read3527|        scalar|
|p_read3528  |   in|    8|     ap_none|    p_read3528|        scalar|
|p_read3529  |   in|    8|     ap_none|    p_read3529|        scalar|
|p_read3530  |   in|    8|     ap_none|    p_read3530|        scalar|
|p_read3531  |   in|    8|     ap_none|    p_read3531|        scalar|
|p_read3532  |   in|    8|     ap_none|    p_read3532|        scalar|
|p_read3533  |   in|    8|     ap_none|    p_read3533|        scalar|
|p_read3534  |   in|    8|     ap_none|    p_read3534|        scalar|
|p_read3535  |   in|    8|     ap_none|    p_read3535|        scalar|
|p_read3536  |   in|    8|     ap_none|    p_read3536|        scalar|
|p_read3537  |   in|    8|     ap_none|    p_read3537|        scalar|
|p_read3538  |   in|    8|     ap_none|    p_read3538|        scalar|
|p_read3539  |   in|    8|     ap_none|    p_read3539|        scalar|
|p_read3540  |   in|    8|     ap_none|    p_read3540|        scalar|
|p_read3541  |   in|    8|     ap_none|    p_read3541|        scalar|
|p_read3542  |   in|    8|     ap_none|    p_read3542|        scalar|
|p_read3543  |   in|    8|     ap_none|    p_read3543|        scalar|
|p_read3544  |   in|    8|     ap_none|    p_read3544|        scalar|
|p_read3545  |   in|    8|     ap_none|    p_read3545|        scalar|
|p_read3546  |   in|    8|     ap_none|    p_read3546|        scalar|
|p_read3547  |   in|    8|     ap_none|    p_read3547|        scalar|
|p_read3548  |   in|    8|     ap_none|    p_read3548|        scalar|
|p_read3549  |   in|    8|     ap_none|    p_read3549|        scalar|
|p_read3550  |   in|    8|     ap_none|    p_read3550|        scalar|
|p_read3551  |   in|    8|     ap_none|    p_read3551|        scalar|
|p_read3552  |   in|    8|     ap_none|    p_read3552|        scalar|
|p_read3553  |   in|    8|     ap_none|    p_read3553|        scalar|
|p_read3554  |   in|    8|     ap_none|    p_read3554|        scalar|
|p_read3555  |   in|    8|     ap_none|    p_read3555|        scalar|
|p_read3556  |   in|    8|     ap_none|    p_read3556|        scalar|
|p_read3557  |   in|    8|     ap_none|    p_read3557|        scalar|
|p_read3558  |   in|    8|     ap_none|    p_read3558|        scalar|
|p_read3559  |   in|    8|     ap_none|    p_read3559|        scalar|
|p_read3560  |   in|    8|     ap_none|    p_read3560|        scalar|
|p_read3561  |   in|    8|     ap_none|    p_read3561|        scalar|
|p_read3562  |   in|    8|     ap_none|    p_read3562|        scalar|
|p_read3563  |   in|    8|     ap_none|    p_read3563|        scalar|
|p_read3564  |   in|    8|     ap_none|    p_read3564|        scalar|
|p_read3565  |   in|    8|     ap_none|    p_read3565|        scalar|
|p_read3566  |   in|    8|     ap_none|    p_read3566|        scalar|
|p_read3567  |   in|    8|     ap_none|    p_read3567|        scalar|
|p_read3568  |   in|    8|     ap_none|    p_read3568|        scalar|
|p_read3569  |   in|    8|     ap_none|    p_read3569|        scalar|
|p_read3570  |   in|    8|     ap_none|    p_read3570|        scalar|
|p_read3571  |   in|    8|     ap_none|    p_read3571|        scalar|
|p_read3572  |   in|    8|     ap_none|    p_read3572|        scalar|
|p_read3573  |   in|    8|     ap_none|    p_read3573|        scalar|
|p_read3574  |   in|    8|     ap_none|    p_read3574|        scalar|
|p_read3575  |   in|    8|     ap_none|    p_read3575|        scalar|
|p_read3576  |   in|    8|     ap_none|    p_read3576|        scalar|
|p_read3577  |   in|    8|     ap_none|    p_read3577|        scalar|
|p_read3578  |   in|    8|     ap_none|    p_read3578|        scalar|
|p_read3579  |   in|    8|     ap_none|    p_read3579|        scalar|
|p_read3580  |   in|    8|     ap_none|    p_read3580|        scalar|
|p_read3581  |   in|    8|     ap_none|    p_read3581|        scalar|
|p_read3582  |   in|    8|     ap_none|    p_read3582|        scalar|
|p_read3583  |   in|    8|     ap_none|    p_read3583|        scalar|
|p_read3584  |   in|    8|     ap_none|    p_read3584|        scalar|
|p_read3585  |   in|    8|     ap_none|    p_read3585|        scalar|
|p_read3586  |   in|    8|     ap_none|    p_read3586|        scalar|
|p_read3587  |   in|    8|     ap_none|    p_read3587|        scalar|
|p_read3588  |   in|    8|     ap_none|    p_read3588|        scalar|
|p_read3589  |   in|    8|     ap_none|    p_read3589|        scalar|
|p_read3590  |   in|    8|     ap_none|    p_read3590|        scalar|
|p_read3591  |   in|    8|     ap_none|    p_read3591|        scalar|
|p_read3592  |   in|    8|     ap_none|    p_read3592|        scalar|
|p_read3593  |   in|    8|     ap_none|    p_read3593|        scalar|
|p_read3594  |   in|    8|     ap_none|    p_read3594|        scalar|
|p_read3595  |   in|    8|     ap_none|    p_read3595|        scalar|
|p_read3596  |   in|    8|     ap_none|    p_read3596|        scalar|
|p_read3597  |   in|    8|     ap_none|    p_read3597|        scalar|
|p_read3598  |   in|    8|     ap_none|    p_read3598|        scalar|
|p_read3599  |   in|    8|     ap_none|    p_read3599|        scalar|
|p_read3600  |   in|    8|     ap_none|    p_read3600|        scalar|
|p_read3601  |   in|    8|     ap_none|    p_read3601|        scalar|
|p_read3602  |   in|    8|     ap_none|    p_read3602|        scalar|
|p_read3603  |   in|    8|     ap_none|    p_read3603|        scalar|
|p_read3604  |   in|    8|     ap_none|    p_read3604|        scalar|
|p_read3605  |   in|    8|     ap_none|    p_read3605|        scalar|
|p_read3606  |   in|    8|     ap_none|    p_read3606|        scalar|
|p_read3607  |   in|    8|     ap_none|    p_read3607|        scalar|
|p_read3608  |   in|    8|     ap_none|    p_read3608|        scalar|
|p_read3609  |   in|    8|     ap_none|    p_read3609|        scalar|
|p_read3610  |   in|    8|     ap_none|    p_read3610|        scalar|
|p_read3611  |   in|    8|     ap_none|    p_read3611|        scalar|
|p_read3612  |   in|    8|     ap_none|    p_read3612|        scalar|
|p_read3613  |   in|    8|     ap_none|    p_read3613|        scalar|
|p_read3614  |   in|    8|     ap_none|    p_read3614|        scalar|
|p_read3615  |   in|    8|     ap_none|    p_read3615|        scalar|
|p_read3616  |   in|    8|     ap_none|    p_read3616|        scalar|
|p_read3617  |   in|    8|     ap_none|    p_read3617|        scalar|
|p_read3618  |   in|    8|     ap_none|    p_read3618|        scalar|
|p_read3619  |   in|    8|     ap_none|    p_read3619|        scalar|
|p_read3620  |   in|    8|     ap_none|    p_read3620|        scalar|
|p_read3621  |   in|    8|     ap_none|    p_read3621|        scalar|
|p_read3622  |   in|    8|     ap_none|    p_read3622|        scalar|
|p_read3623  |   in|    8|     ap_none|    p_read3623|        scalar|
|p_read3624  |   in|    8|     ap_none|    p_read3624|        scalar|
|p_read3625  |   in|    8|     ap_none|    p_read3625|        scalar|
|p_read3626  |   in|    8|     ap_none|    p_read3626|        scalar|
|p_read3627  |   in|    8|     ap_none|    p_read3627|        scalar|
|p_read3628  |   in|    8|     ap_none|    p_read3628|        scalar|
|p_read3629  |   in|    8|     ap_none|    p_read3629|        scalar|
|p_read3630  |   in|    8|     ap_none|    p_read3630|        scalar|
|p_read3631  |   in|    8|     ap_none|    p_read3631|        scalar|
|p_read3632  |   in|    8|     ap_none|    p_read3632|        scalar|
|p_read3633  |   in|    8|     ap_none|    p_read3633|        scalar|
|p_read3634  |   in|    8|     ap_none|    p_read3634|        scalar|
|p_read3635  |   in|    8|     ap_none|    p_read3635|        scalar|
|p_read3636  |   in|    8|     ap_none|    p_read3636|        scalar|
|p_read3637  |   in|    8|     ap_none|    p_read3637|        scalar|
|p_read3638  |   in|    8|     ap_none|    p_read3638|        scalar|
|p_read3639  |   in|    8|     ap_none|    p_read3639|        scalar|
|p_read3640  |   in|    8|     ap_none|    p_read3640|        scalar|
|p_read3641  |   in|    8|     ap_none|    p_read3641|        scalar|
|p_read3642  |   in|    8|     ap_none|    p_read3642|        scalar|
|p_read3643  |   in|    8|     ap_none|    p_read3643|        scalar|
|p_read3644  |   in|    8|     ap_none|    p_read3644|        scalar|
|p_read3645  |   in|    8|     ap_none|    p_read3645|        scalar|
|p_read3646  |   in|    8|     ap_none|    p_read3646|        scalar|
|p_read3647  |   in|    8|     ap_none|    p_read3647|        scalar|
|p_read3648  |   in|    8|     ap_none|    p_read3648|        scalar|
|p_read3649  |   in|    8|     ap_none|    p_read3649|        scalar|
|p_read3650  |   in|    8|     ap_none|    p_read3650|        scalar|
|p_read3651  |   in|    8|     ap_none|    p_read3651|        scalar|
|p_read3652  |   in|    8|     ap_none|    p_read3652|        scalar|
|p_read3653  |   in|    8|     ap_none|    p_read3653|        scalar|
|p_read3654  |   in|    8|     ap_none|    p_read3654|        scalar|
|p_read3655  |   in|    8|     ap_none|    p_read3655|        scalar|
|p_read3656  |   in|    8|     ap_none|    p_read3656|        scalar|
|p_read3657  |   in|    8|     ap_none|    p_read3657|        scalar|
|p_read3658  |   in|    8|     ap_none|    p_read3658|        scalar|
|p_read3659  |   in|    8|     ap_none|    p_read3659|        scalar|
|p_read3660  |   in|    8|     ap_none|    p_read3660|        scalar|
|p_read3661  |   in|    8|     ap_none|    p_read3661|        scalar|
|p_read3662  |   in|    8|     ap_none|    p_read3662|        scalar|
|p_read3663  |   in|    8|     ap_none|    p_read3663|        scalar|
|p_read3664  |   in|    8|     ap_none|    p_read3664|        scalar|
|p_read3665  |   in|    8|     ap_none|    p_read3665|        scalar|
|p_read3666  |   in|    8|     ap_none|    p_read3666|        scalar|
|p_read3667  |   in|    8|     ap_none|    p_read3667|        scalar|
|p_read3668  |   in|    8|     ap_none|    p_read3668|        scalar|
|p_read3669  |   in|    8|     ap_none|    p_read3669|        scalar|
|p_read3670  |   in|    8|     ap_none|    p_read3670|        scalar|
|p_read3671  |   in|    8|     ap_none|    p_read3671|        scalar|
|p_read3672  |   in|    8|     ap_none|    p_read3672|        scalar|
|p_read3673  |   in|    8|     ap_none|    p_read3673|        scalar|
|p_read3674  |   in|    8|     ap_none|    p_read3674|        scalar|
|p_read3675  |   in|    8|     ap_none|    p_read3675|        scalar|
|p_read3676  |   in|    8|     ap_none|    p_read3676|        scalar|
|p_read3677  |   in|    8|     ap_none|    p_read3677|        scalar|
|p_read3678  |   in|    8|     ap_none|    p_read3678|        scalar|
|p_read3679  |   in|    8|     ap_none|    p_read3679|        scalar|
|p_read3680  |   in|    8|     ap_none|    p_read3680|        scalar|
|p_read3681  |   in|    8|     ap_none|    p_read3681|        scalar|
|p_read3682  |   in|    8|     ap_none|    p_read3682|        scalar|
|p_read3683  |   in|    8|     ap_none|    p_read3683|        scalar|
|p_read3684  |   in|    8|     ap_none|    p_read3684|        scalar|
|p_read3685  |   in|    8|     ap_none|    p_read3685|        scalar|
|p_read3686  |   in|    8|     ap_none|    p_read3686|        scalar|
|p_read3687  |   in|    8|     ap_none|    p_read3687|        scalar|
|p_read3688  |   in|    8|     ap_none|    p_read3688|        scalar|
|p_read3689  |   in|    8|     ap_none|    p_read3689|        scalar|
|p_read3690  |   in|    8|     ap_none|    p_read3690|        scalar|
|p_read3691  |   in|    8|     ap_none|    p_read3691|        scalar|
|p_read3692  |   in|    8|     ap_none|    p_read3692|        scalar|
|p_read3693  |   in|    8|     ap_none|    p_read3693|        scalar|
|p_read3694  |   in|    8|     ap_none|    p_read3694|        scalar|
|p_read3695  |   in|    8|     ap_none|    p_read3695|        scalar|
|p_read3696  |   in|    8|     ap_none|    p_read3696|        scalar|
|p_read3697  |   in|    8|     ap_none|    p_read3697|        scalar|
|p_read3698  |   in|    8|     ap_none|    p_read3698|        scalar|
|p_read3699  |   in|    8|     ap_none|    p_read3699|        scalar|
|p_read3700  |   in|    8|     ap_none|    p_read3700|        scalar|
|p_read3701  |   in|    8|     ap_none|    p_read3701|        scalar|
|p_read3702  |   in|    8|     ap_none|    p_read3702|        scalar|
|p_read3703  |   in|    8|     ap_none|    p_read3703|        scalar|
|p_read3704  |   in|    8|     ap_none|    p_read3704|        scalar|
|p_read3705  |   in|    8|     ap_none|    p_read3705|        scalar|
|p_read3706  |   in|    8|     ap_none|    p_read3706|        scalar|
|p_read3707  |   in|    8|     ap_none|    p_read3707|        scalar|
|p_read3708  |   in|    8|     ap_none|    p_read3708|        scalar|
|p_read3709  |   in|    8|     ap_none|    p_read3709|        scalar|
|p_read3710  |   in|    8|     ap_none|    p_read3710|        scalar|
|p_read3711  |   in|    8|     ap_none|    p_read3711|        scalar|
|p_read3712  |   in|    8|     ap_none|    p_read3712|        scalar|
|p_read3713  |   in|    8|     ap_none|    p_read3713|        scalar|
|p_read3714  |   in|    8|     ap_none|    p_read3714|        scalar|
|p_read3715  |   in|    8|     ap_none|    p_read3715|        scalar|
|p_read3716  |   in|    8|     ap_none|    p_read3716|        scalar|
|p_read3717  |   in|    8|     ap_none|    p_read3717|        scalar|
|p_read3718  |   in|    8|     ap_none|    p_read3718|        scalar|
|p_read3719  |   in|    8|     ap_none|    p_read3719|        scalar|
|p_read3720  |   in|    8|     ap_none|    p_read3720|        scalar|
|p_read3721  |   in|    8|     ap_none|    p_read3721|        scalar|
|p_read3722  |   in|    8|     ap_none|    p_read3722|        scalar|
|p_read3723  |   in|    8|     ap_none|    p_read3723|        scalar|
|p_read3724  |   in|    8|     ap_none|    p_read3724|        scalar|
|p_read3725  |   in|    8|     ap_none|    p_read3725|        scalar|
|p_read3726  |   in|    8|     ap_none|    p_read3726|        scalar|
|p_read3727  |   in|    8|     ap_none|    p_read3727|        scalar|
|p_read3728  |   in|    8|     ap_none|    p_read3728|        scalar|
|p_read3729  |   in|    8|     ap_none|    p_read3729|        scalar|
|p_read3730  |   in|    8|     ap_none|    p_read3730|        scalar|
|p_read3731  |   in|    8|     ap_none|    p_read3731|        scalar|
|p_read3732  |   in|    8|     ap_none|    p_read3732|        scalar|
|p_read3733  |   in|    8|     ap_none|    p_read3733|        scalar|
|p_read3734  |   in|    8|     ap_none|    p_read3734|        scalar|
|p_read3735  |   in|    8|     ap_none|    p_read3735|        scalar|
|p_read3736  |   in|    8|     ap_none|    p_read3736|        scalar|
|p_read3737  |   in|    8|     ap_none|    p_read3737|        scalar|
|p_read3738  |   in|    8|     ap_none|    p_read3738|        scalar|
|p_read3739  |   in|    8|     ap_none|    p_read3739|        scalar|
|p_read3740  |   in|    8|     ap_none|    p_read3740|        scalar|
|p_read3741  |   in|    8|     ap_none|    p_read3741|        scalar|
|p_read3742  |   in|    8|     ap_none|    p_read3742|        scalar|
|p_read3743  |   in|    8|     ap_none|    p_read3743|        scalar|
|p_read3744  |   in|    8|     ap_none|    p_read3744|        scalar|
|p_read3745  |   in|    8|     ap_none|    p_read3745|        scalar|
|p_read3746  |   in|    8|     ap_none|    p_read3746|        scalar|
|p_read3747  |   in|    8|     ap_none|    p_read3747|        scalar|
|p_read3748  |   in|    8|     ap_none|    p_read3748|        scalar|
|p_read3749  |   in|    8|     ap_none|    p_read3749|        scalar|
|p_read3750  |   in|    8|     ap_none|    p_read3750|        scalar|
|p_read3751  |   in|    8|     ap_none|    p_read3751|        scalar|
|p_read3752  |   in|    8|     ap_none|    p_read3752|        scalar|
|p_read3753  |   in|    8|     ap_none|    p_read3753|        scalar|
|p_read3754  |   in|    8|     ap_none|    p_read3754|        scalar|
|p_read3755  |   in|    8|     ap_none|    p_read3755|        scalar|
|p_read3756  |   in|    8|     ap_none|    p_read3756|        scalar|
|p_read3757  |   in|    8|     ap_none|    p_read3757|        scalar|
|p_read3758  |   in|    8|     ap_none|    p_read3758|        scalar|
|p_read3759  |   in|    8|     ap_none|    p_read3759|        scalar|
|p_read3760  |   in|    8|     ap_none|    p_read3760|        scalar|
|p_read3761  |   in|    8|     ap_none|    p_read3761|        scalar|
|p_read3762  |   in|    8|     ap_none|    p_read3762|        scalar|
|p_read3763  |   in|    8|     ap_none|    p_read3763|        scalar|
|p_read3764  |   in|    8|     ap_none|    p_read3764|        scalar|
|p_read3765  |   in|    8|     ap_none|    p_read3765|        scalar|
|p_read3766  |   in|    8|     ap_none|    p_read3766|        scalar|
|p_read3767  |   in|    8|     ap_none|    p_read3767|        scalar|
|p_read3768  |   in|    8|     ap_none|    p_read3768|        scalar|
|p_read3769  |   in|    8|     ap_none|    p_read3769|        scalar|
|p_read3770  |   in|    8|     ap_none|    p_read3770|        scalar|
|p_read3771  |   in|    8|     ap_none|    p_read3771|        scalar|
|p_read3772  |   in|    8|     ap_none|    p_read3772|        scalar|
|p_read3773  |   in|    8|     ap_none|    p_read3773|        scalar|
|p_read3774  |   in|    8|     ap_none|    p_read3774|        scalar|
|p_read3775  |   in|    8|     ap_none|    p_read3775|        scalar|
|p_read3776  |   in|    8|     ap_none|    p_read3776|        scalar|
|p_read3777  |   in|    8|     ap_none|    p_read3777|        scalar|
|p_read3778  |   in|    8|     ap_none|    p_read3778|        scalar|
|p_read3779  |   in|    8|     ap_none|    p_read3779|        scalar|
|p_read3780  |   in|    8|     ap_none|    p_read3780|        scalar|
|p_read3781  |   in|    8|     ap_none|    p_read3781|        scalar|
|p_read3782  |   in|    8|     ap_none|    p_read3782|        scalar|
|p_read3783  |   in|    8|     ap_none|    p_read3783|        scalar|
|p_read3784  |   in|    8|     ap_none|    p_read3784|        scalar|
|p_read3785  |   in|    8|     ap_none|    p_read3785|        scalar|
|p_read3786  |   in|    8|     ap_none|    p_read3786|        scalar|
|p_read3787  |   in|    8|     ap_none|    p_read3787|        scalar|
|p_read3788  |   in|    8|     ap_none|    p_read3788|        scalar|
|p_read3789  |   in|    8|     ap_none|    p_read3789|        scalar|
|p_read3790  |   in|    8|     ap_none|    p_read3790|        scalar|
|p_read3791  |   in|    8|     ap_none|    p_read3791|        scalar|
|p_read3792  |   in|    8|     ap_none|    p_read3792|        scalar|
|p_read3793  |   in|    8|     ap_none|    p_read3793|        scalar|
|p_read3794  |   in|    8|     ap_none|    p_read3794|        scalar|
|p_read3795  |   in|    8|     ap_none|    p_read3795|        scalar|
|p_read3796  |   in|    8|     ap_none|    p_read3796|        scalar|
|p_read3797  |   in|    8|     ap_none|    p_read3797|        scalar|
|p_read3798  |   in|    8|     ap_none|    p_read3798|        scalar|
|p_read3799  |   in|    8|     ap_none|    p_read3799|        scalar|
|p_read3800  |   in|    8|     ap_none|    p_read3800|        scalar|
|p_read3801  |   in|    8|     ap_none|    p_read3801|        scalar|
|p_read3802  |   in|    8|     ap_none|    p_read3802|        scalar|
|p_read3803  |   in|    8|     ap_none|    p_read3803|        scalar|
|p_read3804  |   in|    8|     ap_none|    p_read3804|        scalar|
|p_read3805  |   in|    8|     ap_none|    p_read3805|        scalar|
|p_read3806  |   in|    8|     ap_none|    p_read3806|        scalar|
|p_read3807  |   in|    8|     ap_none|    p_read3807|        scalar|
|p_read3808  |   in|    8|     ap_none|    p_read3808|        scalar|
|p_read3809  |   in|    8|     ap_none|    p_read3809|        scalar|
|p_read3810  |   in|    8|     ap_none|    p_read3810|        scalar|
|p_read3811  |   in|    8|     ap_none|    p_read3811|        scalar|
|p_read3812  |   in|    8|     ap_none|    p_read3812|        scalar|
|p_read3813  |   in|    8|     ap_none|    p_read3813|        scalar|
|p_read3814  |   in|    8|     ap_none|    p_read3814|        scalar|
|p_read3815  |   in|    8|     ap_none|    p_read3815|        scalar|
|p_read3816  |   in|    8|     ap_none|    p_read3816|        scalar|
|p_read3817  |   in|    8|     ap_none|    p_read3817|        scalar|
|p_read3818  |   in|    8|     ap_none|    p_read3818|        scalar|
|p_read3819  |   in|    8|     ap_none|    p_read3819|        scalar|
|p_read3820  |   in|    8|     ap_none|    p_read3820|        scalar|
|p_read3821  |   in|    8|     ap_none|    p_read3821|        scalar|
|p_read3822  |   in|    8|     ap_none|    p_read3822|        scalar|
|p_read3823  |   in|    8|     ap_none|    p_read3823|        scalar|
|p_read3824  |   in|    8|     ap_none|    p_read3824|        scalar|
|p_read3825  |   in|    8|     ap_none|    p_read3825|        scalar|
|p_read3826  |   in|    8|     ap_none|    p_read3826|        scalar|
|p_read3827  |   in|    8|     ap_none|    p_read3827|        scalar|
|p_read3828  |   in|    8|     ap_none|    p_read3828|        scalar|
|p_read3829  |   in|    8|     ap_none|    p_read3829|        scalar|
|p_read3830  |   in|    8|     ap_none|    p_read3830|        scalar|
|p_read3831  |   in|    8|     ap_none|    p_read3831|        scalar|
|p_read3832  |   in|    8|     ap_none|    p_read3832|        scalar|
|p_read3833  |   in|    8|     ap_none|    p_read3833|        scalar|
|p_read3834  |   in|    8|     ap_none|    p_read3834|        scalar|
|p_read3835  |   in|    8|     ap_none|    p_read3835|        scalar|
|p_read3836  |   in|    8|     ap_none|    p_read3836|        scalar|
|p_read3837  |   in|    8|     ap_none|    p_read3837|        scalar|
|p_read3838  |   in|    8|     ap_none|    p_read3838|        scalar|
|p_read3839  |   in|    8|     ap_none|    p_read3839|        scalar|
|p_read3840  |   in|    8|     ap_none|    p_read3840|        scalar|
|p_read3841  |   in|    8|     ap_none|    p_read3841|        scalar|
|p_read3842  |   in|    8|     ap_none|    p_read3842|        scalar|
|p_read3843  |   in|    8|     ap_none|    p_read3843|        scalar|
|p_read3844  |   in|    8|     ap_none|    p_read3844|        scalar|
|p_read3845  |   in|    8|     ap_none|    p_read3845|        scalar|
|p_read3846  |   in|    8|     ap_none|    p_read3846|        scalar|
|p_read3847  |   in|    8|     ap_none|    p_read3847|        scalar|
|p_read3848  |   in|    8|     ap_none|    p_read3848|        scalar|
|p_read3849  |   in|    8|     ap_none|    p_read3849|        scalar|
|p_read3850  |   in|    8|     ap_none|    p_read3850|        scalar|
|p_read3851  |   in|    8|     ap_none|    p_read3851|        scalar|
|p_read3852  |   in|    8|     ap_none|    p_read3852|        scalar|
|p_read3853  |   in|    8|     ap_none|    p_read3853|        scalar|
|p_read3854  |   in|    8|     ap_none|    p_read3854|        scalar|
|p_read3855  |   in|    8|     ap_none|    p_read3855|        scalar|
|p_read3856  |   in|    8|     ap_none|    p_read3856|        scalar|
|p_read3857  |   in|    8|     ap_none|    p_read3857|        scalar|
|p_read3858  |   in|    8|     ap_none|    p_read3858|        scalar|
|p_read3859  |   in|    8|     ap_none|    p_read3859|        scalar|
|p_read3860  |   in|    8|     ap_none|    p_read3860|        scalar|
|p_read3861  |   in|    8|     ap_none|    p_read3861|        scalar|
|p_read3862  |   in|    8|     ap_none|    p_read3862|        scalar|
|p_read3863  |   in|    8|     ap_none|    p_read3863|        scalar|
|p_read3864  |   in|    8|     ap_none|    p_read3864|        scalar|
|p_read3865  |   in|    8|     ap_none|    p_read3865|        scalar|
|p_read3866  |   in|    8|     ap_none|    p_read3866|        scalar|
|p_read3867  |   in|    8|     ap_none|    p_read3867|        scalar|
|p_read3868  |   in|    8|     ap_none|    p_read3868|        scalar|
|p_read3869  |   in|    8|     ap_none|    p_read3869|        scalar|
|p_read3870  |   in|    8|     ap_none|    p_read3870|        scalar|
|p_read3871  |   in|    8|     ap_none|    p_read3871|        scalar|
|p_read3872  |   in|    8|     ap_none|    p_read3872|        scalar|
|p_read3873  |   in|    8|     ap_none|    p_read3873|        scalar|
|p_read3874  |   in|    8|     ap_none|    p_read3874|        scalar|
|p_read3875  |   in|    8|     ap_none|    p_read3875|        scalar|
|p_read3876  |   in|    8|     ap_none|    p_read3876|        scalar|
|p_read3877  |   in|    8|     ap_none|    p_read3877|        scalar|
|p_read3878  |   in|    8|     ap_none|    p_read3878|        scalar|
|p_read3879  |   in|    8|     ap_none|    p_read3879|        scalar|
|p_read3880  |   in|    8|     ap_none|    p_read3880|        scalar|
|p_read3881  |   in|    8|     ap_none|    p_read3881|        scalar|
|p_read3882  |   in|    8|     ap_none|    p_read3882|        scalar|
|p_read3883  |   in|    8|     ap_none|    p_read3883|        scalar|
|p_read3884  |   in|    8|     ap_none|    p_read3884|        scalar|
|p_read3885  |   in|    8|     ap_none|    p_read3885|        scalar|
|p_read3886  |   in|    8|     ap_none|    p_read3886|        scalar|
|p_read3887  |   in|    8|     ap_none|    p_read3887|        scalar|
|p_read3888  |   in|    8|     ap_none|    p_read3888|        scalar|
|p_read3889  |   in|    8|     ap_none|    p_read3889|        scalar|
|p_read3890  |   in|    8|     ap_none|    p_read3890|        scalar|
|p_read3891  |   in|    8|     ap_none|    p_read3891|        scalar|
|p_read3892  |   in|    8|     ap_none|    p_read3892|        scalar|
|p_read3893  |   in|    8|     ap_none|    p_read3893|        scalar|
|p_read3894  |   in|    8|     ap_none|    p_read3894|        scalar|
|p_read3895  |   in|    8|     ap_none|    p_read3895|        scalar|
|p_read3896  |   in|    8|     ap_none|    p_read3896|        scalar|
|p_read3897  |   in|    8|     ap_none|    p_read3897|        scalar|
|p_read3898  |   in|    8|     ap_none|    p_read3898|        scalar|
|p_read3899  |   in|    8|     ap_none|    p_read3899|        scalar|
|p_read3900  |   in|    8|     ap_none|    p_read3900|        scalar|
|p_read3901  |   in|    8|     ap_none|    p_read3901|        scalar|
|p_read3902  |   in|    8|     ap_none|    p_read3902|        scalar|
|p_read3903  |   in|    8|     ap_none|    p_read3903|        scalar|
|p_read3904  |   in|    8|     ap_none|    p_read3904|        scalar|
|p_read3905  |   in|    8|     ap_none|    p_read3905|        scalar|
|p_read3906  |   in|    8|     ap_none|    p_read3906|        scalar|
|p_read3907  |   in|    8|     ap_none|    p_read3907|        scalar|
|p_read3908  |   in|    8|     ap_none|    p_read3908|        scalar|
|p_read3909  |   in|    8|     ap_none|    p_read3909|        scalar|
|p_read3910  |   in|    8|     ap_none|    p_read3910|        scalar|
|p_read3911  |   in|    8|     ap_none|    p_read3911|        scalar|
|p_read3912  |   in|    8|     ap_none|    p_read3912|        scalar|
|p_read3913  |   in|    8|     ap_none|    p_read3913|        scalar|
|p_read3914  |   in|    8|     ap_none|    p_read3914|        scalar|
|p_read3915  |   in|    8|     ap_none|    p_read3915|        scalar|
|p_read3916  |   in|    8|     ap_none|    p_read3916|        scalar|
|p_read3917  |   in|    8|     ap_none|    p_read3917|        scalar|
|p_read3918  |   in|    8|     ap_none|    p_read3918|        scalar|
|p_read3919  |   in|    8|     ap_none|    p_read3919|        scalar|
|p_read3920  |   in|    8|     ap_none|    p_read3920|        scalar|
|p_read3921  |   in|    8|     ap_none|    p_read3921|        scalar|
|p_read3922  |   in|    8|     ap_none|    p_read3922|        scalar|
|p_read3923  |   in|    8|     ap_none|    p_read3923|        scalar|
|p_read3924  |   in|    8|     ap_none|    p_read3924|        scalar|
|p_read3925  |   in|    8|     ap_none|    p_read3925|        scalar|
|p_read3926  |   in|    8|     ap_none|    p_read3926|        scalar|
|p_read3927  |   in|    8|     ap_none|    p_read3927|        scalar|
|p_read3928  |   in|    8|     ap_none|    p_read3928|        scalar|
|p_read3929  |   in|    8|     ap_none|    p_read3929|        scalar|
|p_read3930  |   in|    8|     ap_none|    p_read3930|        scalar|
|p_read3931  |   in|    8|     ap_none|    p_read3931|        scalar|
|p_read3932  |   in|    8|     ap_none|    p_read3932|        scalar|
|p_read3933  |   in|    8|     ap_none|    p_read3933|        scalar|
|p_read3934  |   in|    8|     ap_none|    p_read3934|        scalar|
|p_read3935  |   in|    8|     ap_none|    p_read3935|        scalar|
|p_read3936  |   in|    8|     ap_none|    p_read3936|        scalar|
|p_read3937  |   in|    8|     ap_none|    p_read3937|        scalar|
|p_read3938  |   in|    8|     ap_none|    p_read3938|        scalar|
|p_read3939  |   in|    8|     ap_none|    p_read3939|        scalar|
|p_read3940  |   in|    8|     ap_none|    p_read3940|        scalar|
|p_read3941  |   in|    8|     ap_none|    p_read3941|        scalar|
|p_read3942  |   in|    8|     ap_none|    p_read3942|        scalar|
|p_read3943  |   in|    8|     ap_none|    p_read3943|        scalar|
|p_read3944  |   in|    8|     ap_none|    p_read3944|        scalar|
|p_read3945  |   in|    8|     ap_none|    p_read3945|        scalar|
|p_read3946  |   in|    8|     ap_none|    p_read3946|        scalar|
|p_read3947  |   in|    8|     ap_none|    p_read3947|        scalar|
|p_read3948  |   in|    8|     ap_none|    p_read3948|        scalar|
|p_read3949  |   in|    8|     ap_none|    p_read3949|        scalar|
|p_read3950  |   in|    8|     ap_none|    p_read3950|        scalar|
|p_read3951  |   in|    8|     ap_none|    p_read3951|        scalar|
|p_read3952  |   in|    8|     ap_none|    p_read3952|        scalar|
|p_read3953  |   in|    8|     ap_none|    p_read3953|        scalar|
|p_read3954  |   in|    8|     ap_none|    p_read3954|        scalar|
|p_read3955  |   in|    8|     ap_none|    p_read3955|        scalar|
|p_read3956  |   in|    8|     ap_none|    p_read3956|        scalar|
|p_read3957  |   in|    8|     ap_none|    p_read3957|        scalar|
|p_read3958  |   in|    8|     ap_none|    p_read3958|        scalar|
|p_read3959  |   in|    8|     ap_none|    p_read3959|        scalar|
|p_read3960  |   in|    8|     ap_none|    p_read3960|        scalar|
|p_read3961  |   in|    8|     ap_none|    p_read3961|        scalar|
|p_read3962  |   in|    8|     ap_none|    p_read3962|        scalar|
|p_read3963  |   in|    8|     ap_none|    p_read3963|        scalar|
|p_read3964  |   in|    8|     ap_none|    p_read3964|        scalar|
|p_read3965  |   in|    8|     ap_none|    p_read3965|        scalar|
|p_read3966  |   in|    8|     ap_none|    p_read3966|        scalar|
|p_read3967  |   in|    8|     ap_none|    p_read3967|        scalar|
|p_read3968  |   in|    8|     ap_none|    p_read3968|        scalar|
|p_read3969  |   in|    8|     ap_none|    p_read3969|        scalar|
|p_read3970  |   in|    8|     ap_none|    p_read3970|        scalar|
|p_read3971  |   in|    8|     ap_none|    p_read3971|        scalar|
|p_read3972  |   in|    8|     ap_none|    p_read3972|        scalar|
|p_read3973  |   in|    8|     ap_none|    p_read3973|        scalar|
|p_read3974  |   in|    8|     ap_none|    p_read3974|        scalar|
|p_read3975  |   in|    8|     ap_none|    p_read3975|        scalar|
|p_read3976  |   in|    8|     ap_none|    p_read3976|        scalar|
|p_read3977  |   in|    8|     ap_none|    p_read3977|        scalar|
|p_read3978  |   in|    8|     ap_none|    p_read3978|        scalar|
|p_read3979  |   in|    8|     ap_none|    p_read3979|        scalar|
|p_read3980  |   in|    8|     ap_none|    p_read3980|        scalar|
|p_read3981  |   in|    8|     ap_none|    p_read3981|        scalar|
|p_read3982  |   in|    8|     ap_none|    p_read3982|        scalar|
|p_read3983  |   in|    8|     ap_none|    p_read3983|        scalar|
|p_read3984  |   in|    8|     ap_none|    p_read3984|        scalar|
|p_read3985  |   in|    8|     ap_none|    p_read3985|        scalar|
|p_read3986  |   in|    8|     ap_none|    p_read3986|        scalar|
|p_read3987  |   in|    8|     ap_none|    p_read3987|        scalar|
|p_read3988  |   in|    8|     ap_none|    p_read3988|        scalar|
|p_read3989  |   in|    8|     ap_none|    p_read3989|        scalar|
|p_read3990  |   in|    8|     ap_none|    p_read3990|        scalar|
|p_read3991  |   in|    8|     ap_none|    p_read3991|        scalar|
|p_read3992  |   in|    8|     ap_none|    p_read3992|        scalar|
|p_read3993  |   in|    8|     ap_none|    p_read3993|        scalar|
|p_read3994  |   in|    8|     ap_none|    p_read3994|        scalar|
|p_read3995  |   in|    8|     ap_none|    p_read3995|        scalar|
|p_read3996  |   in|    8|     ap_none|    p_read3996|        scalar|
|p_read3997  |   in|    8|     ap_none|    p_read3997|        scalar|
|p_read3998  |   in|    8|     ap_none|    p_read3998|        scalar|
|p_read3999  |   in|    8|     ap_none|    p_read3999|        scalar|
|p_read4000  |   in|    8|     ap_none|    p_read4000|        scalar|
|p_read4001  |   in|    8|     ap_none|    p_read4001|        scalar|
|p_read4002  |   in|    8|     ap_none|    p_read4002|        scalar|
|p_read4003  |   in|    8|     ap_none|    p_read4003|        scalar|
|p_read4004  |   in|    8|     ap_none|    p_read4004|        scalar|
|p_read4005  |   in|    8|     ap_none|    p_read4005|        scalar|
|p_read4006  |   in|    8|     ap_none|    p_read4006|        scalar|
|p_read4007  |   in|    8|     ap_none|    p_read4007|        scalar|
|p_read4008  |   in|    8|     ap_none|    p_read4008|        scalar|
|p_read4009  |   in|    8|     ap_none|    p_read4009|        scalar|
|p_read4010  |   in|    8|     ap_none|    p_read4010|        scalar|
|p_read4011  |   in|    8|     ap_none|    p_read4011|        scalar|
|p_read4012  |   in|    8|     ap_none|    p_read4012|        scalar|
|p_read4013  |   in|    8|     ap_none|    p_read4013|        scalar|
|p_read4014  |   in|    8|     ap_none|    p_read4014|        scalar|
|p_read4015  |   in|    8|     ap_none|    p_read4015|        scalar|
|p_read4016  |   in|    8|     ap_none|    p_read4016|        scalar|
|p_read4017  |   in|    8|     ap_none|    p_read4017|        scalar|
|p_read4018  |   in|    8|     ap_none|    p_read4018|        scalar|
|p_read4019  |   in|    8|     ap_none|    p_read4019|        scalar|
|p_read4020  |   in|    8|     ap_none|    p_read4020|        scalar|
|p_read4021  |   in|    8|     ap_none|    p_read4021|        scalar|
|p_read4022  |   in|    8|     ap_none|    p_read4022|        scalar|
|p_read4023  |   in|    8|     ap_none|    p_read4023|        scalar|
|p_read4024  |   in|    8|     ap_none|    p_read4024|        scalar|
|p_read4025  |   in|    8|     ap_none|    p_read4025|        scalar|
|p_read4026  |   in|    8|     ap_none|    p_read4026|        scalar|
|p_read4027  |   in|    8|     ap_none|    p_read4027|        scalar|
|p_read4028  |   in|    8|     ap_none|    p_read4028|        scalar|
|p_read4029  |   in|    8|     ap_none|    p_read4029|        scalar|
|p_read4030  |   in|    8|     ap_none|    p_read4030|        scalar|
|p_read4031  |   in|    8|     ap_none|    p_read4031|        scalar|
|p_read4032  |   in|    8|     ap_none|    p_read4032|        scalar|
|p_read4033  |   in|    8|     ap_none|    p_read4033|        scalar|
|p_read4034  |   in|    8|     ap_none|    p_read4034|        scalar|
|p_read4035  |   in|    8|     ap_none|    p_read4035|        scalar|
|p_read4036  |   in|    8|     ap_none|    p_read4036|        scalar|
|p_read4037  |   in|    8|     ap_none|    p_read4037|        scalar|
|p_read4038  |   in|    8|     ap_none|    p_read4038|        scalar|
|p_read4039  |   in|    8|     ap_none|    p_read4039|        scalar|
|p_read4040  |   in|    8|     ap_none|    p_read4040|        scalar|
|p_read4041  |   in|    8|     ap_none|    p_read4041|        scalar|
|p_read4042  |   in|    8|     ap_none|    p_read4042|        scalar|
|p_read4043  |   in|    8|     ap_none|    p_read4043|        scalar|
|p_read4044  |   in|    8|     ap_none|    p_read4044|        scalar|
|p_read4045  |   in|    8|     ap_none|    p_read4045|        scalar|
|p_read4046  |   in|    8|     ap_none|    p_read4046|        scalar|
|p_read4047  |   in|    8|     ap_none|    p_read4047|        scalar|
|p_read4048  |   in|    8|     ap_none|    p_read4048|        scalar|
|p_read4049  |   in|    8|     ap_none|    p_read4049|        scalar|
|p_read4050  |   in|    8|     ap_none|    p_read4050|        scalar|
|p_read4051  |   in|    8|     ap_none|    p_read4051|        scalar|
|p_read4052  |   in|    8|     ap_none|    p_read4052|        scalar|
|p_read4053  |   in|    8|     ap_none|    p_read4053|        scalar|
|p_read4054  |   in|    8|     ap_none|    p_read4054|        scalar|
|p_read4055  |   in|    8|     ap_none|    p_read4055|        scalar|
|p_read4056  |   in|    8|     ap_none|    p_read4056|        scalar|
|p_read4057  |   in|    8|     ap_none|    p_read4057|        scalar|
|p_read4058  |   in|    8|     ap_none|    p_read4058|        scalar|
|p_read4059  |   in|    8|     ap_none|    p_read4059|        scalar|
|p_read4060  |   in|    8|     ap_none|    p_read4060|        scalar|
|p_read4061  |   in|    8|     ap_none|    p_read4061|        scalar|
|p_read4062  |   in|    8|     ap_none|    p_read4062|        scalar|
|p_read4063  |   in|    8|     ap_none|    p_read4063|        scalar|
|p_read4064  |   in|    8|     ap_none|    p_read4064|        scalar|
|p_read4065  |   in|    8|     ap_none|    p_read4065|        scalar|
|p_read4066  |   in|    8|     ap_none|    p_read4066|        scalar|
|p_read4067  |   in|    8|     ap_none|    p_read4067|        scalar|
|p_read4068  |   in|    8|     ap_none|    p_read4068|        scalar|
|p_read4069  |   in|    8|     ap_none|    p_read4069|        scalar|
|p_read4070  |   in|    8|     ap_none|    p_read4070|        scalar|
|p_read4071  |   in|    8|     ap_none|    p_read4071|        scalar|
|p_read4072  |   in|    8|     ap_none|    p_read4072|        scalar|
|p_read4073  |   in|    8|     ap_none|    p_read4073|        scalar|
|p_read4074  |   in|    8|     ap_none|    p_read4074|        scalar|
|p_read4075  |   in|    8|     ap_none|    p_read4075|        scalar|
|p_read4076  |   in|    8|     ap_none|    p_read4076|        scalar|
|p_read4077  |   in|    8|     ap_none|    p_read4077|        scalar|
|p_read4078  |   in|    8|     ap_none|    p_read4078|        scalar|
|p_read4079  |   in|    8|     ap_none|    p_read4079|        scalar|
|p_read4080  |   in|    8|     ap_none|    p_read4080|        scalar|
|p_read4081  |   in|    8|     ap_none|    p_read4081|        scalar|
|p_read4082  |   in|    8|     ap_none|    p_read4082|        scalar|
|p_read4083  |   in|    8|     ap_none|    p_read4083|        scalar|
|p_read4084  |   in|    8|     ap_none|    p_read4084|        scalar|
|p_read4085  |   in|    8|     ap_none|    p_read4085|        scalar|
|p_read4086  |   in|    8|     ap_none|    p_read4086|        scalar|
|p_read4087  |   in|    8|     ap_none|    p_read4087|        scalar|
|p_read4088  |   in|    8|     ap_none|    p_read4088|        scalar|
|p_read4089  |   in|    8|     ap_none|    p_read4089|        scalar|
|p_read4090  |   in|    8|     ap_none|    p_read4090|        scalar|
|p_read4091  |   in|    8|     ap_none|    p_read4091|        scalar|
|p_read4092  |   in|    8|     ap_none|    p_read4092|        scalar|
|p_read4093  |   in|    8|     ap_none|    p_read4093|        scalar|
|p_read4094  |   in|    8|     ap_none|    p_read4094|        scalar|
|p_read4095  |   in|    8|     ap_none|    p_read4095|        scalar|
|y_address0  |  out|    6|   ap_memory|             y|         array|
|y_ce0       |  out|    1|   ap_memory|             y|         array|
|y_we0       |  out|    1|   ap_memory|             y|         array|
|y_d0        |  out|    8|   ap_memory|             y|         array|
+------------+-----+-----+------------+--------------+--------------+

