

================================================================
== Vitis HLS Report for 'conv2_block_Pipeline_VITIS_LOOP_77_2'
================================================================
* Date:           Sat May 30 20:41:39 2026

* Version:        2023.2 (Build 4023990 on Oct 11 2023)
* Project:        proj_awn_int8
* Solution:       solution1 (Vivado IP Flow Target)
* Product family: zynquplus
* Target device:  xczu7ev-ffvc1156-2-e


================================================================
== Performance Estimates
================================================================
+ Timing: 
    * Summary: 
    +--------+---------+----------+------------+
    |  Clock |  Target | Estimated| Uncertainty|
    +--------+---------+----------+------------+
    |ap_clk  |  5.00 ns|  3.595 ns|     1.35 ns|
    +--------+---------+----------+------------+

+ Latency: 
    * Summary: 
    +---------+---------+----------+----------+-----+-----+---------+
    |  Latency (cycles) |  Latency (absolute) |  Interval | Pipeline|
    |   min   |   max   |    min   |    max   | min | max |   Type  |
    +---------+---------+----------+----------+-----+-----+---------+
    |      144|      144|  0.720 us|  0.720 us|  144|  144|       no|
    +---------+---------+----------+----------+-----+-----+---------+

    + Detail: 
        * Instance: 
        N/A

        * Loop: 
        +-------------------+---------+---------+----------+-----------+-----------+------+----------+
        |                   |  Latency (cycles) | Iteration|  Initiation Interval  | Trip |          |
        |     Loop Name     |   min   |   max   |  Latency |  achieved |   target  | Count| Pipelined|
        +-------------------+---------+---------+----------+-----------+-----------+------+----------+
        |- VITIS_LOOP_77_2  |      142|      142|        16|          1|          1|   128|       yes|
        +-------------------+---------+---------+----------+-----------+-----------+------+----------+



================================================================
== Utilization Estimates
================================================================
* Summary: 
+-----------------+---------+------+--------+--------+-----+
|       Name      | BRAM_18K|  DSP |   FF   |   LUT  | URAM|
+-----------------+---------+------+--------+--------+-----+
|DSP              |        -|   193|       -|       -|    -|
|Expression       |        -|     -|       0|    5520|    -|
|FIFO             |        -|     -|       -|       -|    -|
|Instance         |        -|    34|     724|   13940|    -|
|Memory           |        -|     -|       -|       -|    -|
|Multiplexer      |        -|     -|       -|   10943|    -|
|Register         |        -|     -|   13356|    1920|    -|
+-----------------+---------+------+--------+--------+-----+
|Total            |        0|   227|   14080|   32323|    0|
+-----------------+---------+------+--------+--------+-----+
|Available        |      624|  1728|  460800|  230400|   96|
+-----------------+---------+------+--------+--------+-----+
|Utilization (%)  |        0|    13|       3|      14|    0|
+-----------------+---------+------+--------+--------+-----+

+ Detail: 
    * Instance: 
    +----------------------------+-----------------------+---------+----+-----+-----+-----+
    |          Instance          |         Module        | BRAM_18K| DSP|  FF | LUT | URAM|
    +----------------------------+-----------------------+---------+----+-----+-----+-----+
    |mul_23s_32ns_53_1_1_U362    |mul_23s_32ns_53_1_1    |        0|   2|    0|   20|    0|
    |mul_64ns_66ns_129_3_1_U363  |mul_64ns_66ns_129_3_1  |        0|  16|  362|  178|    0|
    |mul_64ns_66ns_129_3_1_U364  |mul_64ns_66ns_129_3_1  |        0|  16|  362|  178|    0|
    |mul_8ns_10ns_17_1_1_U365    |mul_8ns_10ns_17_1_1    |        0|   0|    0|   62|    0|
    |mul_8ns_10ns_17_1_1_U366    |mul_8ns_10ns_17_1_1    |        0|   0|    0|   62|    0|
    |mul_8s_7s_15_1_1_U559       |mul_8s_7s_15_1_1       |        0|   0|    0|   40|    0|
    |mul_8s_7s_15_1_1_U562       |mul_8s_7s_15_1_1       |        0|   0|    0|   40|    0|
    |mul_8s_7s_15_1_1_U563       |mul_8s_7s_15_1_1       |        0|   0|    0|   40|    0|
    |mul_8s_7s_15_1_1_U564       |mul_8s_7s_15_1_1       |        0|   0|    0|   40|    0|
    |mul_8s_7s_15_1_1_U565       |mul_8s_7s_15_1_1       |        0|   0|    0|   40|    0|
    |mul_8s_7s_15_1_1_U566       |mul_8s_7s_15_1_1       |        0|   0|    0|   40|    0|
    |mul_8s_7s_15_1_1_U568       |mul_8s_7s_15_1_1       |        0|   0|    0|   40|    0|
    |mul_8s_7s_15_1_1_U571       |mul_8s_7s_15_1_1       |        0|   0|    0|   40|    0|
    |mul_8s_7s_15_1_1_U574       |mul_8s_7s_15_1_1       |        0|   0|    0|   40|    0|
    |mul_8s_7s_15_1_1_U575       |mul_8s_7s_15_1_1       |        0|   0|    0|   40|    0|
    |mul_8s_7s_15_1_1_U577       |mul_8s_7s_15_1_1       |        0|   0|    0|   40|    0|
    |mul_8s_7s_15_1_1_U578       |mul_8s_7s_15_1_1       |        0|   0|    0|   40|    0|
    |mul_8s_7s_15_1_1_U580       |mul_8s_7s_15_1_1       |        0|   0|    0|   40|    0|
    |mul_8s_7s_15_1_1_U583       |mul_8s_7s_15_1_1       |        0|   0|    0|   40|    0|
    |mul_8s_7s_15_1_1_U585       |mul_8s_7s_15_1_1       |        0|   0|    0|   40|    0|
    |mul_8s_7s_15_1_1_U589       |mul_8s_7s_15_1_1       |        0|   0|    0|   40|    0|
    |mul_8s_7s_15_1_1_U590       |mul_8s_7s_15_1_1       |        0|   0|    0|   40|    0|
    |mul_8s_7s_15_1_1_U591       |mul_8s_7s_15_1_1       |        0|   0|    0|   40|    0|
    |mul_8s_7s_15_1_1_U593       |mul_8s_7s_15_1_1       |        0|   0|    0|   40|    0|
    |mul_8s_7s_15_1_1_U599       |mul_8s_7s_15_1_1       |        0|   0|    0|   40|    0|
    |mul_8s_7s_15_1_1_U600       |mul_8s_7s_15_1_1       |        0|   0|    0|   40|    0|
    |mul_8s_7s_15_1_1_U601       |mul_8s_7s_15_1_1       |        0|   0|    0|   40|    0|
    |mul_8s_7s_15_1_1_U602       |mul_8s_7s_15_1_1       |        0|   0|    0|   40|    0|
    |mul_8s_7s_15_1_1_U605       |mul_8s_7s_15_1_1       |        0|   0|    0|   40|    0|
    |mul_8s_7s_15_1_1_U608       |mul_8s_7s_15_1_1       |        0|   0|    0|   40|    0|
    |mul_8s_7s_15_1_1_U609       |mul_8s_7s_15_1_1       |        0|   0|    0|   40|    0|
    |mul_8s_7s_15_1_1_U612       |mul_8s_7s_15_1_1       |        0|   0|    0|   40|    0|
    |mul_8s_7s_15_1_1_U614       |mul_8s_7s_15_1_1       |        0|   0|    0|   40|    0|
    |mul_8s_7s_15_1_1_U615       |mul_8s_7s_15_1_1       |        0|   0|    0|   40|    0|
    |mul_8s_7s_15_1_1_U616       |mul_8s_7s_15_1_1       |        0|   0|    0|   40|    0|
    |mul_8s_7s_15_1_1_U617       |mul_8s_7s_15_1_1       |        0|   0|    0|   40|    0|
    |mul_8s_7s_15_1_1_U618       |mul_8s_7s_15_1_1       |        0|   0|    0|   40|    0|
    |mul_8s_7s_15_1_1_U619       |mul_8s_7s_15_1_1       |        0|   0|    0|   40|    0|
    |mul_8s_7s_15_1_1_U757       |mul_8s_7s_15_1_1       |        0|   0|    0|   40|    0|
    |mul_8s_7s_15_1_1_U762       |mul_8s_7s_15_1_1       |        0|   0|    0|   40|    0|
    |mul_8s_7s_15_1_1_U765       |mul_8s_7s_15_1_1       |        0|   0|    0|   40|    0|
    |mul_8s_7s_15_1_1_U768       |mul_8s_7s_15_1_1       |        0|   0|    0|   40|    0|
    |mul_8s_7s_15_1_1_U769       |mul_8s_7s_15_1_1       |        0|   0|    0|   40|    0|
    |mul_8s_7s_15_1_1_U772       |mul_8s_7s_15_1_1       |        0|   0|    0|   40|    0|
    |mul_8s_7s_15_1_1_U775       |mul_8s_7s_15_1_1       |        0|   0|    0|   40|    0|
    |mul_8s_7s_15_1_1_U780       |mul_8s_7s_15_1_1       |        0|   0|    0|   40|    0|
    |mul_8s_7s_15_1_1_U781       |mul_8s_7s_15_1_1       |        0|   0|    0|   40|    0|
    |mul_8s_7s_15_1_1_U782       |mul_8s_7s_15_1_1       |        0|   0|    0|   40|    0|
    |mul_8s_7s_15_1_1_U784       |mul_8s_7s_15_1_1       |        0|   0|    0|   40|    0|
    |mul_8s_7s_15_1_1_U790       |mul_8s_7s_15_1_1       |        0|   0|    0|   40|    0|
    |mul_8s_7s_15_1_1_U797       |mul_8s_7s_15_1_1       |        0|   0|    0|   40|    0|
    |mul_8s_7s_15_1_1_U798       |mul_8s_7s_15_1_1       |        0|   0|    0|   40|    0|
    |mul_8s_7s_15_1_1_U800       |mul_8s_7s_15_1_1       |        0|   0|    0|   40|    0|
    |mul_8s_7s_15_1_1_U801       |mul_8s_7s_15_1_1       |        0|   0|    0|   40|    0|
    |mul_8s_7s_15_1_1_U804       |mul_8s_7s_15_1_1       |        0|   0|    0|   40|    0|
    |mul_8s_7s_15_1_1_U807       |mul_8s_7s_15_1_1       |        0|   0|    0|   40|    0|
    |mul_8s_7s_15_1_1_U810       |mul_8s_7s_15_1_1       |        0|   0|    0|   40|    0|
    |mul_8s_7s_15_1_1_U812       |mul_8s_7s_15_1_1       |        0|   0|    0|   40|    0|
    |mul_8s_8s_14_1_1_U756       |mul_8s_8s_14_1_1       |        0|   0|    0|   40|    0|
    |mul_8s_8s_15_1_1_U581       |mul_8s_8s_15_1_1       |        0|   0|    0|   40|    0|
    |mul_8s_8s_15_1_1_U595       |mul_8s_8s_15_1_1       |        0|   0|    0|   40|    0|
    |mul_8s_8s_15_1_1_U597       |mul_8s_8s_15_1_1       |        0|   0|    0|   40|    0|
    |mul_8s_8s_15_1_1_U773       |mul_8s_8s_15_1_1       |        0|   0|    0|   40|    0|
    |mul_8s_8s_15_1_1_U787       |mul_8s_8s_15_1_1       |        0|   0|    0|   40|    0|
    |mul_8s_8s_15_1_1_U795       |mul_8s_8s_15_1_1       |        0|   0|    0|   40|    0|
    |mul_8s_8s_15_1_1_U803       |mul_8s_8s_15_1_1       |        0|   0|    0|   40|    0|
    |mul_8s_8s_15_1_1_U809       |mul_8s_8s_15_1_1       |        0|   0|    0|   40|    0|
    |mul_8s_8s_15_1_1_U814       |mul_8s_8s_15_1_1       |        0|   0|    0|   40|    0|
    |mul_8s_8s_16_1_1_U560       |mul_8s_8s_16_1_1       |        0|   0|    0|   40|    0|
    |mul_8s_8s_16_1_1_U561       |mul_8s_8s_16_1_1       |        0|   0|    0|   40|    0|
    |mul_8s_8s_16_1_1_U567       |mul_8s_8s_16_1_1       |        0|   0|    0|   40|    0|
    |mul_8s_8s_16_1_1_U569       |mul_8s_8s_16_1_1       |        0|   0|    0|   40|    0|
    |mul_8s_8s_16_1_1_U570       |mul_8s_8s_16_1_1       |        0|   0|    0|   40|    0|
    |mul_8s_8s_16_1_1_U572       |mul_8s_8s_16_1_1       |        0|   0|    0|   40|    0|
    |mul_8s_8s_16_1_1_U573       |mul_8s_8s_16_1_1       |        0|   0|    0|   40|    0|
    |mul_8s_8s_16_1_1_U576       |mul_8s_8s_16_1_1       |        0|   0|    0|   40|    0|
    |mul_8s_8s_16_1_1_U579       |mul_8s_8s_16_1_1       |        0|   0|    0|   40|    0|
    |mul_8s_8s_16_1_1_U582       |mul_8s_8s_16_1_1       |        0|   0|    0|   40|    0|
    |mul_8s_8s_16_1_1_U584       |mul_8s_8s_16_1_1       |        0|   0|    0|   40|    0|
    |mul_8s_8s_16_1_1_U586       |mul_8s_8s_16_1_1       |        0|   0|    0|   40|    0|
    |mul_8s_8s_16_1_1_U587       |mul_8s_8s_16_1_1       |        0|   0|    0|   40|    0|
    |mul_8s_8s_16_1_1_U588       |mul_8s_8s_16_1_1       |        0|   0|    0|   40|    0|
    |mul_8s_8s_16_1_1_U592       |mul_8s_8s_16_1_1       |        0|   0|    0|   40|    0|
    |mul_8s_8s_16_1_1_U594       |mul_8s_8s_16_1_1       |        0|   0|    0|   40|    0|
    |mul_8s_8s_16_1_1_U596       |mul_8s_8s_16_1_1       |        0|   0|    0|   40|    0|
    |mul_8s_8s_16_1_1_U598       |mul_8s_8s_16_1_1       |        0|   0|    0|   40|    0|
    |mul_8s_8s_16_1_1_U603       |mul_8s_8s_16_1_1       |        0|   0|    0|   40|    0|
    |mul_8s_8s_16_1_1_U604       |mul_8s_8s_16_1_1       |        0|   0|    0|   40|    0|
    |mul_8s_8s_16_1_1_U606       |mul_8s_8s_16_1_1       |        0|   0|    0|   40|    0|
    |mul_8s_8s_16_1_1_U607       |mul_8s_8s_16_1_1       |        0|   0|    0|   40|    0|
    |mul_8s_8s_16_1_1_U610       |mul_8s_8s_16_1_1       |        0|   0|    0|   40|    0|
    |mul_8s_8s_16_1_1_U611       |mul_8s_8s_16_1_1       |        0|   0|    0|   40|    0|
    |mul_8s_8s_16_1_1_U613       |mul_8s_8s_16_1_1       |        0|   0|    0|   40|    0|
    |mul_8s_8s_16_1_1_U620       |mul_8s_8s_16_1_1       |        0|   0|    0|   40|    0|
    |mul_8s_8s_16_1_1_U621       |mul_8s_8s_16_1_1       |        0|   0|    0|   40|    0|
    |mul_8s_8s_16_1_1_U622       |mul_8s_8s_16_1_1       |        0|   0|    0|   40|    0|
    |mul_8s_8s_16_1_1_U751       |mul_8s_8s_16_1_1       |        0|   0|    0|   40|    0|
    |mul_8s_8s_16_1_1_U752       |mul_8s_8s_16_1_1       |        0|   0|    0|   40|    0|
    |mul_8s_8s_16_1_1_U753       |mul_8s_8s_16_1_1       |        0|   0|    0|   40|    0|
    |mul_8s_8s_16_1_1_U754       |mul_8s_8s_16_1_1       |        0|   0|    0|   40|    0|
    |mul_8s_8s_16_1_1_U755       |mul_8s_8s_16_1_1       |        0|   0|    0|   40|    0|
    |mul_8s_8s_16_1_1_U758       |mul_8s_8s_16_1_1       |        0|   0|    0|   40|    0|
    |mul_8s_8s_16_1_1_U759       |mul_8s_8s_16_1_1       |        0|   0|    0|   40|    0|
    |mul_8s_8s_16_1_1_U760       |mul_8s_8s_16_1_1       |        0|   0|    0|   40|    0|
    |mul_8s_8s_16_1_1_U761       |mul_8s_8s_16_1_1       |        0|   0|    0|   40|    0|
    |mul_8s_8s_16_1_1_U763       |mul_8s_8s_16_1_1       |        0|   0|    0|   40|    0|
    |mul_8s_8s_16_1_1_U764       |mul_8s_8s_16_1_1       |        0|   0|    0|   40|    0|
    |mul_8s_8s_16_1_1_U766       |mul_8s_8s_16_1_1       |        0|   0|    0|   40|    0|
    |mul_8s_8s_16_1_1_U767       |mul_8s_8s_16_1_1       |        0|   0|    0|   40|    0|
    |mul_8s_8s_16_1_1_U770       |mul_8s_8s_16_1_1       |        0|   0|    0|   40|    0|
    |mul_8s_8s_16_1_1_U771       |mul_8s_8s_16_1_1       |        0|   0|    0|   40|    0|
    |mul_8s_8s_16_1_1_U774       |mul_8s_8s_16_1_1       |        0|   0|    0|   40|    0|
    |mul_8s_8s_16_1_1_U776       |mul_8s_8s_16_1_1       |        0|   0|    0|   40|    0|
    |mul_8s_8s_16_1_1_U777       |mul_8s_8s_16_1_1       |        0|   0|    0|   40|    0|
    |mul_8s_8s_16_1_1_U778       |mul_8s_8s_16_1_1       |        0|   0|    0|   40|    0|
    |mul_8s_8s_16_1_1_U779       |mul_8s_8s_16_1_1       |        0|   0|    0|   40|    0|
    |mul_8s_8s_16_1_1_U783       |mul_8s_8s_16_1_1       |        0|   0|    0|   40|    0|
    |mul_8s_8s_16_1_1_U785       |mul_8s_8s_16_1_1       |        0|   0|    0|   40|    0|
    |mul_8s_8s_16_1_1_U786       |mul_8s_8s_16_1_1       |        0|   0|    0|   40|    0|
    |mul_8s_8s_16_1_1_U788       |mul_8s_8s_16_1_1       |        0|   0|    0|   40|    0|
    |mul_8s_8s_16_1_1_U789       |mul_8s_8s_16_1_1       |        0|   0|    0|   40|    0|
    |mul_8s_8s_16_1_1_U791       |mul_8s_8s_16_1_1       |        0|   0|    0|   40|    0|
    |mul_8s_8s_16_1_1_U792       |mul_8s_8s_16_1_1       |        0|   0|    0|   40|    0|
    |mul_8s_8s_16_1_1_U793       |mul_8s_8s_16_1_1       |        0|   0|    0|   40|    0|
    |mul_8s_8s_16_1_1_U794       |mul_8s_8s_16_1_1       |        0|   0|    0|   40|    0|
    |mul_8s_8s_16_1_1_U796       |mul_8s_8s_16_1_1       |        0|   0|    0|   40|    0|
    |mul_8s_8s_16_1_1_U799       |mul_8s_8s_16_1_1       |        0|   0|    0|   40|    0|
    |mul_8s_8s_16_1_1_U802       |mul_8s_8s_16_1_1       |        0|   0|    0|   40|    0|
    |mul_8s_8s_16_1_1_U805       |mul_8s_8s_16_1_1       |        0|   0|    0|   40|    0|
    |mul_8s_8s_16_1_1_U806       |mul_8s_8s_16_1_1       |        0|   0|    0|   40|    0|
    |mul_8s_8s_16_1_1_U808       |mul_8s_8s_16_1_1       |        0|   0|    0|   40|    0|
    |mul_8s_8s_16_1_1_U811       |mul_8s_8s_16_1_1       |        0|   0|    0|   40|    0|
    |mul_8s_8s_16_1_1_U813       |mul_8s_8s_16_1_1       |        0|   0|    0|   40|    0|
    |sparsemux_11_3_8_1_1_U367   |sparsemux_11_3_8_1_1   |        0|   0|    0|   26|    0|
    |sparsemux_11_3_8_1_1_U368   |sparsemux_11_3_8_1_1   |        0|   0|    0|   26|    0|
    |sparsemux_11_3_8_1_1_U369   |sparsemux_11_3_8_1_1   |        0|   0|    0|   26|    0|
    |sparsemux_11_3_8_1_1_U370   |sparsemux_11_3_8_1_1   |        0|   0|    0|   26|    0|
    |sparsemux_11_3_8_1_1_U371   |sparsemux_11_3_8_1_1   |        0|   0|    0|   26|    0|
    |sparsemux_11_3_8_1_1_U372   |sparsemux_11_3_8_1_1   |        0|   0|    0|   26|    0|
    |sparsemux_11_3_8_1_1_U373   |sparsemux_11_3_8_1_1   |        0|   0|    0|   26|    0|
    |sparsemux_11_3_8_1_1_U374   |sparsemux_11_3_8_1_1   |        0|   0|    0|   26|    0|
    |sparsemux_11_3_8_1_1_U375   |sparsemux_11_3_8_1_1   |        0|   0|    0|   26|    0|
    |sparsemux_11_3_8_1_1_U376   |sparsemux_11_3_8_1_1   |        0|   0|    0|   26|    0|
    |sparsemux_11_3_8_1_1_U377   |sparsemux_11_3_8_1_1   |        0|   0|    0|   26|    0|
    |sparsemux_11_3_8_1_1_U378   |sparsemux_11_3_8_1_1   |        0|   0|    0|   26|    0|
    |sparsemux_11_3_8_1_1_U379   |sparsemux_11_3_8_1_1   |        0|   0|    0|   26|    0|
    |sparsemux_11_3_8_1_1_U380   |sparsemux_11_3_8_1_1   |        0|   0|    0|   26|    0|
    |sparsemux_11_3_8_1_1_U381   |sparsemux_11_3_8_1_1   |        0|   0|    0|   26|    0|
    |sparsemux_11_3_8_1_1_U382   |sparsemux_11_3_8_1_1   |        0|   0|    0|   26|    0|
    |sparsemux_11_3_8_1_1_U383   |sparsemux_11_3_8_1_1   |        0|   0|    0|   26|    0|
    |sparsemux_11_3_8_1_1_U384   |sparsemux_11_3_8_1_1   |        0|   0|    0|   26|    0|
    |sparsemux_11_3_8_1_1_U385   |sparsemux_11_3_8_1_1   |        0|   0|    0|   26|    0|
    |sparsemux_11_3_8_1_1_U386   |sparsemux_11_3_8_1_1   |        0|   0|    0|   26|    0|
    |sparsemux_11_3_8_1_1_U387   |sparsemux_11_3_8_1_1   |        0|   0|    0|   26|    0|
    |sparsemux_11_3_8_1_1_U388   |sparsemux_11_3_8_1_1   |        0|   0|    0|   26|    0|
    |sparsemux_11_3_8_1_1_U389   |sparsemux_11_3_8_1_1   |        0|   0|    0|   26|    0|
    |sparsemux_11_3_8_1_1_U390   |sparsemux_11_3_8_1_1   |        0|   0|    0|   26|    0|
    |sparsemux_11_3_8_1_1_U391   |sparsemux_11_3_8_1_1   |        0|   0|    0|   26|    0|
    |sparsemux_11_3_8_1_1_U392   |sparsemux_11_3_8_1_1   |        0|   0|    0|   26|    0|
    |sparsemux_11_3_8_1_1_U393   |sparsemux_11_3_8_1_1   |        0|   0|    0|   26|    0|
    |sparsemux_11_3_8_1_1_U394   |sparsemux_11_3_8_1_1   |        0|   0|    0|   26|    0|
    |sparsemux_11_3_8_1_1_U395   |sparsemux_11_3_8_1_1   |        0|   0|    0|   26|    0|
    |sparsemux_11_3_8_1_1_U396   |sparsemux_11_3_8_1_1   |        0|   0|    0|   26|    0|
    |sparsemux_11_3_8_1_1_U397   |sparsemux_11_3_8_1_1   |        0|   0|    0|   26|    0|
    |sparsemux_11_3_8_1_1_U398   |sparsemux_11_3_8_1_1   |        0|   0|    0|   26|    0|
    |sparsemux_11_3_8_1_1_U399   |sparsemux_11_3_8_1_1   |        0|   0|    0|   26|    0|
    |sparsemux_11_3_8_1_1_U400   |sparsemux_11_3_8_1_1   |        0|   0|    0|   26|    0|
    |sparsemux_11_3_8_1_1_U401   |sparsemux_11_3_8_1_1   |        0|   0|    0|   26|    0|
    |sparsemux_11_3_8_1_1_U402   |sparsemux_11_3_8_1_1   |        0|   0|    0|   26|    0|
    |sparsemux_11_3_8_1_1_U403   |sparsemux_11_3_8_1_1   |        0|   0|    0|   26|    0|
    |sparsemux_11_3_8_1_1_U404   |sparsemux_11_3_8_1_1   |        0|   0|    0|   26|    0|
    |sparsemux_11_3_8_1_1_U405   |sparsemux_11_3_8_1_1   |        0|   0|    0|   26|    0|
    |sparsemux_11_3_8_1_1_U406   |sparsemux_11_3_8_1_1   |        0|   0|    0|   26|    0|
    |sparsemux_11_3_8_1_1_U407   |sparsemux_11_3_8_1_1   |        0|   0|    0|   26|    0|
    |sparsemux_11_3_8_1_1_U408   |sparsemux_11_3_8_1_1   |        0|   0|    0|   26|    0|
    |sparsemux_11_3_8_1_1_U409   |sparsemux_11_3_8_1_1   |        0|   0|    0|   26|    0|
    |sparsemux_11_3_8_1_1_U410   |sparsemux_11_3_8_1_1   |        0|   0|    0|   26|    0|
    |sparsemux_11_3_8_1_1_U411   |sparsemux_11_3_8_1_1   |        0|   0|    0|   26|    0|
    |sparsemux_11_3_8_1_1_U412   |sparsemux_11_3_8_1_1   |        0|   0|    0|   26|    0|
    |sparsemux_11_3_8_1_1_U413   |sparsemux_11_3_8_1_1   |        0|   0|    0|   26|    0|
    |sparsemux_11_3_8_1_1_U414   |sparsemux_11_3_8_1_1   |        0|   0|    0|   26|    0|
    |sparsemux_11_3_8_1_1_U415   |sparsemux_11_3_8_1_1   |        0|   0|    0|   26|    0|
    |sparsemux_11_3_8_1_1_U416   |sparsemux_11_3_8_1_1   |        0|   0|    0|   26|    0|
    |sparsemux_11_3_8_1_1_U417   |sparsemux_11_3_8_1_1   |        0|   0|    0|   26|    0|
    |sparsemux_11_3_8_1_1_U418   |sparsemux_11_3_8_1_1   |        0|   0|    0|   26|    0|
    |sparsemux_11_3_8_1_1_U419   |sparsemux_11_3_8_1_1   |        0|   0|    0|   26|    0|
    |sparsemux_11_3_8_1_1_U420   |sparsemux_11_3_8_1_1   |        0|   0|    0|   26|    0|
    |sparsemux_11_3_8_1_1_U421   |sparsemux_11_3_8_1_1   |        0|   0|    0|   26|    0|
    |sparsemux_11_3_8_1_1_U422   |sparsemux_11_3_8_1_1   |        0|   0|    0|   26|    0|
    |sparsemux_11_3_8_1_1_U423   |sparsemux_11_3_8_1_1   |        0|   0|    0|   26|    0|
    |sparsemux_11_3_8_1_1_U424   |sparsemux_11_3_8_1_1   |        0|   0|    0|   26|    0|
    |sparsemux_11_3_8_1_1_U425   |sparsemux_11_3_8_1_1   |        0|   0|    0|   26|    0|
    |sparsemux_11_3_8_1_1_U426   |sparsemux_11_3_8_1_1   |        0|   0|    0|   26|    0|
    |sparsemux_11_3_8_1_1_U427   |sparsemux_11_3_8_1_1   |        0|   0|    0|   26|    0|
    |sparsemux_11_3_8_1_1_U428   |sparsemux_11_3_8_1_1   |        0|   0|    0|   26|    0|
    |sparsemux_11_3_8_1_1_U429   |sparsemux_11_3_8_1_1   |        0|   0|    0|   26|    0|
    |sparsemux_11_3_8_1_1_U430   |sparsemux_11_3_8_1_1   |        0|   0|    0|   26|    0|
    |sparsemux_11_3_8_1_1_U431   |sparsemux_11_3_8_1_1   |        0|   0|    0|   26|    0|
    |sparsemux_11_3_8_1_1_U432   |sparsemux_11_3_8_1_1   |        0|   0|    0|   26|    0|
    |sparsemux_11_3_8_1_1_U433   |sparsemux_11_3_8_1_1   |        0|   0|    0|   26|    0|
    |sparsemux_11_3_8_1_1_U434   |sparsemux_11_3_8_1_1   |        0|   0|    0|   26|    0|
    |sparsemux_11_3_8_1_1_U435   |sparsemux_11_3_8_1_1   |        0|   0|    0|   26|    0|
    |sparsemux_11_3_8_1_1_U436   |sparsemux_11_3_8_1_1   |        0|   0|    0|   26|    0|
    |sparsemux_11_3_8_1_1_U437   |sparsemux_11_3_8_1_1   |        0|   0|    0|   26|    0|
    |sparsemux_11_3_8_1_1_U438   |sparsemux_11_3_8_1_1   |        0|   0|    0|   26|    0|
    |sparsemux_11_3_8_1_1_U439   |sparsemux_11_3_8_1_1   |        0|   0|    0|   26|    0|
    |sparsemux_11_3_8_1_1_U440   |sparsemux_11_3_8_1_1   |        0|   0|    0|   26|    0|
    |sparsemux_11_3_8_1_1_U441   |sparsemux_11_3_8_1_1   |        0|   0|    0|   26|    0|
    |sparsemux_11_3_8_1_1_U442   |sparsemux_11_3_8_1_1   |        0|   0|    0|   26|    0|
    |sparsemux_11_3_8_1_1_U443   |sparsemux_11_3_8_1_1   |        0|   0|    0|   26|    0|
    |sparsemux_11_3_8_1_1_U444   |sparsemux_11_3_8_1_1   |        0|   0|    0|   26|    0|
    |sparsemux_11_3_8_1_1_U445   |sparsemux_11_3_8_1_1   |        0|   0|    0|   26|    0|
    |sparsemux_11_3_8_1_1_U446   |sparsemux_11_3_8_1_1   |        0|   0|    0|   26|    0|
    |sparsemux_11_3_8_1_1_U447   |sparsemux_11_3_8_1_1   |        0|   0|    0|   26|    0|
    |sparsemux_11_3_8_1_1_U448   |sparsemux_11_3_8_1_1   |        0|   0|    0|   26|    0|
    |sparsemux_11_3_8_1_1_U449   |sparsemux_11_3_8_1_1   |        0|   0|    0|   26|    0|
    |sparsemux_11_3_8_1_1_U450   |sparsemux_11_3_8_1_1   |        0|   0|    0|   26|    0|
    |sparsemux_11_3_8_1_1_U451   |sparsemux_11_3_8_1_1   |        0|   0|    0|   26|    0|
    |sparsemux_11_3_8_1_1_U452   |sparsemux_11_3_8_1_1   |        0|   0|    0|   26|    0|
    |sparsemux_11_3_8_1_1_U453   |sparsemux_11_3_8_1_1   |        0|   0|    0|   26|    0|
    |sparsemux_11_3_8_1_1_U454   |sparsemux_11_3_8_1_1   |        0|   0|    0|   26|    0|
    |sparsemux_11_3_8_1_1_U455   |sparsemux_11_3_8_1_1   |        0|   0|    0|   26|    0|
    |sparsemux_11_3_8_1_1_U456   |sparsemux_11_3_8_1_1   |        0|   0|    0|   26|    0|
    |sparsemux_11_3_8_1_1_U457   |sparsemux_11_3_8_1_1   |        0|   0|    0|   26|    0|
    |sparsemux_11_3_8_1_1_U458   |sparsemux_11_3_8_1_1   |        0|   0|    0|   26|    0|
    |sparsemux_11_3_8_1_1_U459   |sparsemux_11_3_8_1_1   |        0|   0|    0|   26|    0|
    |sparsemux_11_3_8_1_1_U460   |sparsemux_11_3_8_1_1   |        0|   0|    0|   26|    0|
    |sparsemux_11_3_8_1_1_U461   |sparsemux_11_3_8_1_1   |        0|   0|    0|   26|    0|
    |sparsemux_11_3_8_1_1_U462   |sparsemux_11_3_8_1_1   |        0|   0|    0|   26|    0|
    |sparsemux_11_3_8_1_1_U463   |sparsemux_11_3_8_1_1   |        0|   0|    0|   26|    0|
    |sparsemux_11_3_8_1_1_U464   |sparsemux_11_3_8_1_1   |        0|   0|    0|   26|    0|
    |sparsemux_11_3_8_1_1_U465   |sparsemux_11_3_8_1_1   |        0|   0|    0|   26|    0|
    |sparsemux_11_3_8_1_1_U466   |sparsemux_11_3_8_1_1   |        0|   0|    0|   26|    0|
    |sparsemux_11_3_8_1_1_U467   |sparsemux_11_3_8_1_1   |        0|   0|    0|   26|    0|
    |sparsemux_11_3_8_1_1_U468   |sparsemux_11_3_8_1_1   |        0|   0|    0|   26|    0|
    |sparsemux_11_3_8_1_1_U469   |sparsemux_11_3_8_1_1   |        0|   0|    0|   26|    0|
    |sparsemux_11_3_8_1_1_U470   |sparsemux_11_3_8_1_1   |        0|   0|    0|   26|    0|
    |sparsemux_11_3_8_1_1_U471   |sparsemux_11_3_8_1_1   |        0|   0|    0|   26|    0|
    |sparsemux_11_3_8_1_1_U472   |sparsemux_11_3_8_1_1   |        0|   0|    0|   26|    0|
    |sparsemux_11_3_8_1_1_U473   |sparsemux_11_3_8_1_1   |        0|   0|    0|   26|    0|
    |sparsemux_11_3_8_1_1_U474   |sparsemux_11_3_8_1_1   |        0|   0|    0|   26|    0|
    |sparsemux_11_3_8_1_1_U475   |sparsemux_11_3_8_1_1   |        0|   0|    0|   26|    0|
    |sparsemux_11_3_8_1_1_U476   |sparsemux_11_3_8_1_1   |        0|   0|    0|   26|    0|
    |sparsemux_11_3_8_1_1_U477   |sparsemux_11_3_8_1_1   |        0|   0|    0|   26|    0|
    |sparsemux_11_3_8_1_1_U478   |sparsemux_11_3_8_1_1   |        0|   0|    0|   26|    0|
    |sparsemux_11_3_8_1_1_U479   |sparsemux_11_3_8_1_1   |        0|   0|    0|   26|    0|
    |sparsemux_11_3_8_1_1_U480   |sparsemux_11_3_8_1_1   |        0|   0|    0|   26|    0|
    |sparsemux_11_3_8_1_1_U481   |sparsemux_11_3_8_1_1   |        0|   0|    0|   26|    0|
    |sparsemux_11_3_8_1_1_U482   |sparsemux_11_3_8_1_1   |        0|   0|    0|   26|    0|
    |sparsemux_11_3_8_1_1_U483   |sparsemux_11_3_8_1_1   |        0|   0|    0|   26|    0|
    |sparsemux_11_3_8_1_1_U484   |sparsemux_11_3_8_1_1   |        0|   0|    0|   26|    0|
    |sparsemux_11_3_8_1_1_U485   |sparsemux_11_3_8_1_1   |        0|   0|    0|   26|    0|
    |sparsemux_11_3_8_1_1_U486   |sparsemux_11_3_8_1_1   |        0|   0|    0|   26|    0|
    |sparsemux_11_3_8_1_1_U487   |sparsemux_11_3_8_1_1   |        0|   0|    0|   26|    0|
    |sparsemux_11_3_8_1_1_U488   |sparsemux_11_3_8_1_1   |        0|   0|    0|   26|    0|
    |sparsemux_11_3_8_1_1_U489   |sparsemux_11_3_8_1_1   |        0|   0|    0|   26|    0|
    |sparsemux_11_3_8_1_1_U490   |sparsemux_11_3_8_1_1   |        0|   0|    0|   26|    0|
    |sparsemux_11_3_8_1_1_U491   |sparsemux_11_3_8_1_1   |        0|   0|    0|   26|    0|
    |sparsemux_11_3_8_1_1_U492   |sparsemux_11_3_8_1_1   |        0|   0|    0|   26|    0|
    |sparsemux_11_3_8_1_1_U493   |sparsemux_11_3_8_1_1   |        0|   0|    0|   26|    0|
    |sparsemux_11_3_8_1_1_U494   |sparsemux_11_3_8_1_1   |        0|   0|    0|   26|    0|
    |sparsemux_11_3_8_1_1_U495   |sparsemux_11_3_8_1_1   |        0|   0|    0|   26|    0|
    |sparsemux_11_3_8_1_1_U496   |sparsemux_11_3_8_1_1   |        0|   0|    0|   26|    0|
    |sparsemux_11_3_8_1_1_U497   |sparsemux_11_3_8_1_1   |        0|   0|    0|   26|    0|
    |sparsemux_11_3_8_1_1_U498   |sparsemux_11_3_8_1_1   |        0|   0|    0|   26|    0|
    |sparsemux_11_3_8_1_1_U499   |sparsemux_11_3_8_1_1   |        0|   0|    0|   26|    0|
    |sparsemux_11_3_8_1_1_U500   |sparsemux_11_3_8_1_1   |        0|   0|    0|   26|    0|
    |sparsemux_11_3_8_1_1_U501   |sparsemux_11_3_8_1_1   |        0|   0|    0|   26|    0|
    |sparsemux_11_3_8_1_1_U502   |sparsemux_11_3_8_1_1   |        0|   0|    0|   26|    0|
    |sparsemux_11_3_8_1_1_U503   |sparsemux_11_3_8_1_1   |        0|   0|    0|   26|    0|
    |sparsemux_11_3_8_1_1_U504   |sparsemux_11_3_8_1_1   |        0|   0|    0|   26|    0|
    |sparsemux_11_3_8_1_1_U505   |sparsemux_11_3_8_1_1   |        0|   0|    0|   26|    0|
    |sparsemux_11_3_8_1_1_U506   |sparsemux_11_3_8_1_1   |        0|   0|    0|   26|    0|
    |sparsemux_11_3_8_1_1_U507   |sparsemux_11_3_8_1_1   |        0|   0|    0|   26|    0|
    |sparsemux_11_3_8_1_1_U508   |sparsemux_11_3_8_1_1   |        0|   0|    0|   26|    0|
    |sparsemux_11_3_8_1_1_U509   |sparsemux_11_3_8_1_1   |        0|   0|    0|   26|    0|
    |sparsemux_11_3_8_1_1_U510   |sparsemux_11_3_8_1_1   |        0|   0|    0|   26|    0|
    |sparsemux_11_3_8_1_1_U511   |sparsemux_11_3_8_1_1   |        0|   0|    0|   26|    0|
    |sparsemux_11_3_8_1_1_U512   |sparsemux_11_3_8_1_1   |        0|   0|    0|   26|    0|
    |sparsemux_11_3_8_1_1_U513   |sparsemux_11_3_8_1_1   |        0|   0|    0|   26|    0|
    |sparsemux_11_3_8_1_1_U514   |sparsemux_11_3_8_1_1   |        0|   0|    0|   26|    0|
    |sparsemux_11_3_8_1_1_U515   |sparsemux_11_3_8_1_1   |        0|   0|    0|   26|    0|
    |sparsemux_11_3_8_1_1_U516   |sparsemux_11_3_8_1_1   |        0|   0|    0|   26|    0|
    |sparsemux_11_3_8_1_1_U517   |sparsemux_11_3_8_1_1   |        0|   0|    0|   26|    0|
    |sparsemux_11_3_8_1_1_U518   |sparsemux_11_3_8_1_1   |        0|   0|    0|   26|    0|
    |sparsemux_11_3_8_1_1_U519   |sparsemux_11_3_8_1_1   |        0|   0|    0|   26|    0|
    |sparsemux_11_3_8_1_1_U520   |sparsemux_11_3_8_1_1   |        0|   0|    0|   26|    0|
    |sparsemux_11_3_8_1_1_U521   |sparsemux_11_3_8_1_1   |        0|   0|    0|   26|    0|
    |sparsemux_11_3_8_1_1_U522   |sparsemux_11_3_8_1_1   |        0|   0|    0|   26|    0|
    |sparsemux_11_3_8_1_1_U523   |sparsemux_11_3_8_1_1   |        0|   0|    0|   26|    0|
    |sparsemux_11_3_8_1_1_U524   |sparsemux_11_3_8_1_1   |        0|   0|    0|   26|    0|
    |sparsemux_11_3_8_1_1_U525   |sparsemux_11_3_8_1_1   |        0|   0|    0|   26|    0|
    |sparsemux_11_3_8_1_1_U526   |sparsemux_11_3_8_1_1   |        0|   0|    0|   26|    0|
    |sparsemux_11_3_8_1_1_U527   |sparsemux_11_3_8_1_1   |        0|   0|    0|   26|    0|
    |sparsemux_11_3_8_1_1_U528   |sparsemux_11_3_8_1_1   |        0|   0|    0|   26|    0|
    |sparsemux_11_3_8_1_1_U529   |sparsemux_11_3_8_1_1   |        0|   0|    0|   26|    0|
    |sparsemux_11_3_8_1_1_U530   |sparsemux_11_3_8_1_1   |        0|   0|    0|   26|    0|
    |sparsemux_11_3_8_1_1_U531   |sparsemux_11_3_8_1_1   |        0|   0|    0|   26|    0|
    |sparsemux_11_3_8_1_1_U532   |sparsemux_11_3_8_1_1   |        0|   0|    0|   26|    0|
    |sparsemux_11_3_8_1_1_U533   |sparsemux_11_3_8_1_1   |        0|   0|    0|   26|    0|
    |sparsemux_11_3_8_1_1_U534   |sparsemux_11_3_8_1_1   |        0|   0|    0|   26|    0|
    |sparsemux_11_3_8_1_1_U535   |sparsemux_11_3_8_1_1   |        0|   0|    0|   26|    0|
    |sparsemux_11_3_8_1_1_U536   |sparsemux_11_3_8_1_1   |        0|   0|    0|   26|    0|
    |sparsemux_11_3_8_1_1_U537   |sparsemux_11_3_8_1_1   |        0|   0|    0|   26|    0|
    |sparsemux_11_3_8_1_1_U538   |sparsemux_11_3_8_1_1   |        0|   0|    0|   26|    0|
    |sparsemux_11_3_8_1_1_U539   |sparsemux_11_3_8_1_1   |        0|   0|    0|   26|    0|
    |sparsemux_11_3_8_1_1_U540   |sparsemux_11_3_8_1_1   |        0|   0|    0|   26|    0|
    |sparsemux_11_3_8_1_1_U541   |sparsemux_11_3_8_1_1   |        0|   0|    0|   26|    0|
    |sparsemux_11_3_8_1_1_U542   |sparsemux_11_3_8_1_1   |        0|   0|    0|   26|    0|
    |sparsemux_11_3_8_1_1_U543   |sparsemux_11_3_8_1_1   |        0|   0|    0|   26|    0|
    |sparsemux_11_3_8_1_1_U544   |sparsemux_11_3_8_1_1   |        0|   0|    0|   26|    0|
    |sparsemux_11_3_8_1_1_U545   |sparsemux_11_3_8_1_1   |        0|   0|    0|   26|    0|
    |sparsemux_11_3_8_1_1_U546   |sparsemux_11_3_8_1_1   |        0|   0|    0|   26|    0|
    |sparsemux_11_3_8_1_1_U547   |sparsemux_11_3_8_1_1   |        0|   0|    0|   26|    0|
    |sparsemux_11_3_8_1_1_U548   |sparsemux_11_3_8_1_1   |        0|   0|    0|   26|    0|
    |sparsemux_11_3_8_1_1_U549   |sparsemux_11_3_8_1_1   |        0|   0|    0|   26|    0|
    |sparsemux_11_3_8_1_1_U550   |sparsemux_11_3_8_1_1   |        0|   0|    0|   26|    0|
    |sparsemux_11_3_8_1_1_U551   |sparsemux_11_3_8_1_1   |        0|   0|    0|   26|    0|
    |sparsemux_11_3_8_1_1_U552   |sparsemux_11_3_8_1_1   |        0|   0|    0|   26|    0|
    |sparsemux_11_3_8_1_1_U553   |sparsemux_11_3_8_1_1   |        0|   0|    0|   26|    0|
    |sparsemux_11_3_8_1_1_U554   |sparsemux_11_3_8_1_1   |        0|   0|    0|   26|    0|
    |sparsemux_11_3_8_1_1_U555   |sparsemux_11_3_8_1_1   |        0|   0|    0|   26|    0|
    |sparsemux_11_3_8_1_1_U556   |sparsemux_11_3_8_1_1   |        0|   0|    0|   26|    0|
    |sparsemux_11_3_8_1_1_U557   |sparsemux_11_3_8_1_1   |        0|   0|    0|   26|    0|
    |sparsemux_11_3_8_1_1_U558   |sparsemux_11_3_8_1_1   |        0|   0|    0|   26|    0|
    |sparsemux_11_3_8_1_1_U623   |sparsemux_11_3_8_1_1   |        0|   0|    0|   26|    0|
    |sparsemux_11_3_8_1_1_U624   |sparsemux_11_3_8_1_1   |        0|   0|    0|   26|    0|
    |sparsemux_11_3_8_1_1_U625   |sparsemux_11_3_8_1_1   |        0|   0|    0|   26|    0|
    |sparsemux_11_3_8_1_1_U626   |sparsemux_11_3_8_1_1   |        0|   0|    0|   26|    0|
    |sparsemux_11_3_8_1_1_U627   |sparsemux_11_3_8_1_1   |        0|   0|    0|   26|    0|
    |sparsemux_11_3_8_1_1_U628   |sparsemux_11_3_8_1_1   |        0|   0|    0|   26|    0|
    |sparsemux_11_3_8_1_1_U629   |sparsemux_11_3_8_1_1   |        0|   0|    0|   26|    0|
    |sparsemux_11_3_8_1_1_U630   |sparsemux_11_3_8_1_1   |        0|   0|    0|   26|    0|
    |sparsemux_11_3_8_1_1_U631   |sparsemux_11_3_8_1_1   |        0|   0|    0|   26|    0|
    |sparsemux_11_3_8_1_1_U632   |sparsemux_11_3_8_1_1   |        0|   0|    0|   26|    0|
    |sparsemux_11_3_8_1_1_U633   |sparsemux_11_3_8_1_1   |        0|   0|    0|   26|    0|
    |sparsemux_11_3_8_1_1_U634   |sparsemux_11_3_8_1_1   |        0|   0|    0|   26|    0|
    |sparsemux_11_3_8_1_1_U635   |sparsemux_11_3_8_1_1   |        0|   0|    0|   26|    0|
    |sparsemux_11_3_8_1_1_U636   |sparsemux_11_3_8_1_1   |        0|   0|    0|   26|    0|
    |sparsemux_11_3_8_1_1_U637   |sparsemux_11_3_8_1_1   |        0|   0|    0|   26|    0|
    |sparsemux_11_3_8_1_1_U638   |sparsemux_11_3_8_1_1   |        0|   0|    0|   26|    0|
    |sparsemux_11_3_8_1_1_U639   |sparsemux_11_3_8_1_1   |        0|   0|    0|   26|    0|
    |sparsemux_11_3_8_1_1_U640   |sparsemux_11_3_8_1_1   |        0|   0|    0|   26|    0|
    |sparsemux_11_3_8_1_1_U641   |sparsemux_11_3_8_1_1   |        0|   0|    0|   26|    0|
    |sparsemux_11_3_8_1_1_U642   |sparsemux_11_3_8_1_1   |        0|   0|    0|   26|    0|
    |sparsemux_11_3_8_1_1_U643   |sparsemux_11_3_8_1_1   |        0|   0|    0|   26|    0|
    |sparsemux_11_3_8_1_1_U644   |sparsemux_11_3_8_1_1   |        0|   0|    0|   26|    0|
    |sparsemux_11_3_8_1_1_U645   |sparsemux_11_3_8_1_1   |        0|   0|    0|   26|    0|
    |sparsemux_11_3_8_1_1_U646   |sparsemux_11_3_8_1_1   |        0|   0|    0|   26|    0|
    |sparsemux_11_3_8_1_1_U647   |sparsemux_11_3_8_1_1   |        0|   0|    0|   26|    0|
    |sparsemux_11_3_8_1_1_U648   |sparsemux_11_3_8_1_1   |        0|   0|    0|   26|    0|
    |sparsemux_11_3_8_1_1_U649   |sparsemux_11_3_8_1_1   |        0|   0|    0|   26|    0|
    |sparsemux_11_3_8_1_1_U650   |sparsemux_11_3_8_1_1   |        0|   0|    0|   26|    0|
    |sparsemux_11_3_8_1_1_U651   |sparsemux_11_3_8_1_1   |        0|   0|    0|   26|    0|
    |sparsemux_11_3_8_1_1_U652   |sparsemux_11_3_8_1_1   |        0|   0|    0|   26|    0|
    |sparsemux_11_3_8_1_1_U653   |sparsemux_11_3_8_1_1   |        0|   0|    0|   26|    0|
    |sparsemux_11_3_8_1_1_U654   |sparsemux_11_3_8_1_1   |        0|   0|    0|   26|    0|
    |sparsemux_11_3_8_1_1_U655   |sparsemux_11_3_8_1_1   |        0|   0|    0|   26|    0|
    |sparsemux_11_3_8_1_1_U656   |sparsemux_11_3_8_1_1   |        0|   0|    0|   26|    0|
    |sparsemux_11_3_8_1_1_U657   |sparsemux_11_3_8_1_1   |        0|   0|    0|   26|    0|
    |sparsemux_11_3_8_1_1_U658   |sparsemux_11_3_8_1_1   |        0|   0|    0|   26|    0|
    |sparsemux_11_3_8_1_1_U659   |sparsemux_11_3_8_1_1   |        0|   0|    0|   26|    0|
    |sparsemux_11_3_8_1_1_U660   |sparsemux_11_3_8_1_1   |        0|   0|    0|   26|    0|
    |sparsemux_11_3_8_1_1_U661   |sparsemux_11_3_8_1_1   |        0|   0|    0|   26|    0|
    |sparsemux_11_3_8_1_1_U662   |sparsemux_11_3_8_1_1   |        0|   0|    0|   26|    0|
    |sparsemux_11_3_8_1_1_U663   |sparsemux_11_3_8_1_1   |        0|   0|    0|   26|    0|
    |sparsemux_11_3_8_1_1_U664   |sparsemux_11_3_8_1_1   |        0|   0|    0|   26|    0|
    |sparsemux_11_3_8_1_1_U665   |sparsemux_11_3_8_1_1   |        0|   0|    0|   26|    0|
    |sparsemux_11_3_8_1_1_U666   |sparsemux_11_3_8_1_1   |        0|   0|    0|   26|    0|
    |sparsemux_11_3_8_1_1_U667   |sparsemux_11_3_8_1_1   |        0|   0|    0|   26|    0|
    |sparsemux_11_3_8_1_1_U668   |sparsemux_11_3_8_1_1   |        0|   0|    0|   26|    0|
    |sparsemux_11_3_8_1_1_U669   |sparsemux_11_3_8_1_1   |        0|   0|    0|   26|    0|
    |sparsemux_11_3_8_1_1_U670   |sparsemux_11_3_8_1_1   |        0|   0|    0|   26|    0|
    |sparsemux_11_3_8_1_1_U671   |sparsemux_11_3_8_1_1   |        0|   0|    0|   26|    0|
    |sparsemux_11_3_8_1_1_U672   |sparsemux_11_3_8_1_1   |        0|   0|    0|   26|    0|
    |sparsemux_11_3_8_1_1_U673   |sparsemux_11_3_8_1_1   |        0|   0|    0|   26|    0|
    |sparsemux_11_3_8_1_1_U674   |sparsemux_11_3_8_1_1   |        0|   0|    0|   26|    0|
    |sparsemux_11_3_8_1_1_U675   |sparsemux_11_3_8_1_1   |        0|   0|    0|   26|    0|
    |sparsemux_11_3_8_1_1_U676   |sparsemux_11_3_8_1_1   |        0|   0|    0|   26|    0|
    |sparsemux_11_3_8_1_1_U677   |sparsemux_11_3_8_1_1   |        0|   0|    0|   26|    0|
    |sparsemux_11_3_8_1_1_U678   |sparsemux_11_3_8_1_1   |        0|   0|    0|   26|    0|
    |sparsemux_11_3_8_1_1_U679   |sparsemux_11_3_8_1_1   |        0|   0|    0|   26|    0|
    |sparsemux_11_3_8_1_1_U680   |sparsemux_11_3_8_1_1   |        0|   0|    0|   26|    0|
    |sparsemux_11_3_8_1_1_U681   |sparsemux_11_3_8_1_1   |        0|   0|    0|   26|    0|
    |sparsemux_11_3_8_1_1_U682   |sparsemux_11_3_8_1_1   |        0|   0|    0|   26|    0|
    |sparsemux_11_3_8_1_1_U683   |sparsemux_11_3_8_1_1   |        0|   0|    0|   26|    0|
    |sparsemux_11_3_8_1_1_U684   |sparsemux_11_3_8_1_1   |        0|   0|    0|   26|    0|
    |sparsemux_11_3_8_1_1_U685   |sparsemux_11_3_8_1_1   |        0|   0|    0|   26|    0|
    |sparsemux_11_3_8_1_1_U686   |sparsemux_11_3_8_1_1   |        0|   0|    0|   26|    0|
    |sparsemux_11_3_8_1_1_U687   |sparsemux_11_3_8_1_1   |        0|   0|    0|   26|    0|
    |sparsemux_11_3_8_1_1_U688   |sparsemux_11_3_8_1_1   |        0|   0|    0|   26|    0|
    |sparsemux_11_3_8_1_1_U689   |sparsemux_11_3_8_1_1   |        0|   0|    0|   26|    0|
    |sparsemux_11_3_8_1_1_U690   |sparsemux_11_3_8_1_1   |        0|   0|    0|   26|    0|
    |sparsemux_11_3_8_1_1_U691   |sparsemux_11_3_8_1_1   |        0|   0|    0|   26|    0|
    |sparsemux_11_3_8_1_1_U692   |sparsemux_11_3_8_1_1   |        0|   0|    0|   26|    0|
    |sparsemux_11_3_8_1_1_U693   |sparsemux_11_3_8_1_1   |        0|   0|    0|   26|    0|
    |sparsemux_11_3_8_1_1_U694   |sparsemux_11_3_8_1_1   |        0|   0|    0|   26|    0|
    |sparsemux_11_3_8_1_1_U695   |sparsemux_11_3_8_1_1   |        0|   0|    0|   26|    0|
    |sparsemux_11_3_8_1_1_U696   |sparsemux_11_3_8_1_1   |        0|   0|    0|   26|    0|
    |sparsemux_11_3_8_1_1_U697   |sparsemux_11_3_8_1_1   |        0|   0|    0|   26|    0|
    |sparsemux_11_3_8_1_1_U698   |sparsemux_11_3_8_1_1   |        0|   0|    0|   26|    0|
    |sparsemux_11_3_8_1_1_U699   |sparsemux_11_3_8_1_1   |        0|   0|    0|   26|    0|
    |sparsemux_11_3_8_1_1_U700   |sparsemux_11_3_8_1_1   |        0|   0|    0|   26|    0|
    |sparsemux_11_3_8_1_1_U701   |sparsemux_11_3_8_1_1   |        0|   0|    0|   26|    0|
    |sparsemux_11_3_8_1_1_U702   |sparsemux_11_3_8_1_1   |        0|   0|    0|   26|    0|
    |sparsemux_11_3_8_1_1_U703   |sparsemux_11_3_8_1_1   |        0|   0|    0|   26|    0|
    |sparsemux_11_3_8_1_1_U704   |sparsemux_11_3_8_1_1   |        0|   0|    0|   26|    0|
    |sparsemux_11_3_8_1_1_U705   |sparsemux_11_3_8_1_1   |        0|   0|    0|   26|    0|
    |sparsemux_11_3_8_1_1_U706   |sparsemux_11_3_8_1_1   |        0|   0|    0|   26|    0|
    |sparsemux_11_3_8_1_1_U707   |sparsemux_11_3_8_1_1   |        0|   0|    0|   26|    0|
    |sparsemux_11_3_8_1_1_U708   |sparsemux_11_3_8_1_1   |        0|   0|    0|   26|    0|
    |sparsemux_11_3_8_1_1_U709   |sparsemux_11_3_8_1_1   |        0|   0|    0|   26|    0|
    |sparsemux_11_3_8_1_1_U710   |sparsemux_11_3_8_1_1   |        0|   0|    0|   26|    0|
    |sparsemux_11_3_8_1_1_U711   |sparsemux_11_3_8_1_1   |        0|   0|    0|   26|    0|
    |sparsemux_11_3_8_1_1_U712   |sparsemux_11_3_8_1_1   |        0|   0|    0|   26|    0|
    |sparsemux_11_3_8_1_1_U713   |sparsemux_11_3_8_1_1   |        0|   0|    0|   26|    0|
    |sparsemux_11_3_8_1_1_U714   |sparsemux_11_3_8_1_1   |        0|   0|    0|   26|    0|
    |sparsemux_11_3_8_1_1_U715   |sparsemux_11_3_8_1_1   |        0|   0|    0|   26|    0|
    |sparsemux_11_3_8_1_1_U716   |sparsemux_11_3_8_1_1   |        0|   0|    0|   26|    0|
    |sparsemux_11_3_8_1_1_U717   |sparsemux_11_3_8_1_1   |        0|   0|    0|   26|    0|
    |sparsemux_11_3_8_1_1_U718   |sparsemux_11_3_8_1_1   |        0|   0|    0|   26|    0|
    |sparsemux_11_3_8_1_1_U719   |sparsemux_11_3_8_1_1   |        0|   0|    0|   26|    0|
    |sparsemux_11_3_8_1_1_U720   |sparsemux_11_3_8_1_1   |        0|   0|    0|   26|    0|
    |sparsemux_11_3_8_1_1_U721   |sparsemux_11_3_8_1_1   |        0|   0|    0|   26|    0|
    |sparsemux_11_3_8_1_1_U722   |sparsemux_11_3_8_1_1   |        0|   0|    0|   26|    0|
    |sparsemux_11_3_8_1_1_U723   |sparsemux_11_3_8_1_1   |        0|   0|    0|   26|    0|
    |sparsemux_11_3_8_1_1_U724   |sparsemux_11_3_8_1_1   |        0|   0|    0|   26|    0|
    |sparsemux_11_3_8_1_1_U725   |sparsemux_11_3_8_1_1   |        0|   0|    0|   26|    0|
    |sparsemux_11_3_8_1_1_U726   |sparsemux_11_3_8_1_1   |        0|   0|    0|   26|    0|
    |sparsemux_11_3_8_1_1_U727   |sparsemux_11_3_8_1_1   |        0|   0|    0|   26|    0|
    |sparsemux_11_3_8_1_1_U728   |sparsemux_11_3_8_1_1   |        0|   0|    0|   26|    0|
    |sparsemux_11_3_8_1_1_U729   |sparsemux_11_3_8_1_1   |        0|   0|    0|   26|    0|
    |sparsemux_11_3_8_1_1_U730   |sparsemux_11_3_8_1_1   |        0|   0|    0|   26|    0|
    |sparsemux_11_3_8_1_1_U731   |sparsemux_11_3_8_1_1   |        0|   0|    0|   26|    0|
    |sparsemux_11_3_8_1_1_U732   |sparsemux_11_3_8_1_1   |        0|   0|    0|   26|    0|
    |sparsemux_11_3_8_1_1_U733   |sparsemux_11_3_8_1_1   |        0|   0|    0|   26|    0|
    |sparsemux_11_3_8_1_1_U734   |sparsemux_11_3_8_1_1   |        0|   0|    0|   26|    0|
    |sparsemux_11_3_8_1_1_U735   |sparsemux_11_3_8_1_1   |        0|   0|    0|   26|    0|
    |sparsemux_11_3_8_1_1_U736   |sparsemux_11_3_8_1_1   |        0|   0|    0|   26|    0|
    |sparsemux_11_3_8_1_1_U737   |sparsemux_11_3_8_1_1   |        0|   0|    0|   26|    0|
    |sparsemux_11_3_8_1_1_U738   |sparsemux_11_3_8_1_1   |        0|   0|    0|   26|    0|
    |sparsemux_11_3_8_1_1_U739   |sparsemux_11_3_8_1_1   |        0|   0|    0|   26|    0|
    |sparsemux_11_3_8_1_1_U740   |sparsemux_11_3_8_1_1   |        0|   0|    0|   26|    0|
    |sparsemux_11_3_8_1_1_U741   |sparsemux_11_3_8_1_1   |        0|   0|    0|   26|    0|
    |sparsemux_11_3_8_1_1_U742   |sparsemux_11_3_8_1_1   |        0|   0|    0|   26|    0|
    |sparsemux_11_3_8_1_1_U743   |sparsemux_11_3_8_1_1   |        0|   0|    0|   26|    0|
    |sparsemux_11_3_8_1_1_U744   |sparsemux_11_3_8_1_1   |        0|   0|    0|   26|    0|
    |sparsemux_11_3_8_1_1_U745   |sparsemux_11_3_8_1_1   |        0|   0|    0|   26|    0|
    |sparsemux_11_3_8_1_1_U746   |sparsemux_11_3_8_1_1   |        0|   0|    0|   26|    0|
    |sparsemux_11_3_8_1_1_U747   |sparsemux_11_3_8_1_1   |        0|   0|    0|   26|    0|
    |sparsemux_11_3_8_1_1_U748   |sparsemux_11_3_8_1_1   |        0|   0|    0|   26|    0|
    |sparsemux_11_3_8_1_1_U749   |sparsemux_11_3_8_1_1   |        0|   0|    0|   26|    0|
    |sparsemux_11_3_8_1_1_U750   |sparsemux_11_3_8_1_1   |        0|   0|    0|   26|    0|
    +----------------------------+-----------------------+---------+----+-----+-----+-----+
    |Total                       |                       |        0|  34|  724|13940|    0|
    +----------------------------+-----------------------+---------+----+-----+-----+-----+

    * DSP: 
    +-------------------------------------+-------------------------------+--------------+
    |               Instance              |             Module            |  Expression  |
    +-------------------------------------+-------------------------------+--------------+
    |mac_muladd_8s_7s_10s_14_4_1_U889     |mac_muladd_8s_7s_10s_14_4_1    |  i0 + i1 * i2|
    |mac_muladd_8s_7s_15s_15_4_1_U815     |mac_muladd_8s_7s_15s_15_4_1    |  i0 + i1 * i2|
    |mac_muladd_8s_7s_15s_15_4_1_U818     |mac_muladd_8s_7s_15s_15_4_1    |  i0 + i1 * i2|
    |mac_muladd_8s_7s_15s_15_4_1_U819     |mac_muladd_8s_7s_15s_15_4_1    |  i0 + i1 * i2|
    |mac_muladd_8s_7s_15s_15_4_1_U820     |mac_muladd_8s_7s_15s_15_4_1    |  i0 + i1 * i2|
    |mac_muladd_8s_7s_15s_15_4_1_U822     |mac_muladd_8s_7s_15s_15_4_1    |  i0 + i1 * i2|
    |mac_muladd_8s_7s_15s_15_4_1_U827     |mac_muladd_8s_7s_15s_15_4_1    |  i0 + i1 * i2|
    |mac_muladd_8s_7s_15s_15_4_1_U830     |mac_muladd_8s_7s_15s_15_4_1    |  i0 + i1 * i2|
    |mac_muladd_8s_7s_15s_15_4_1_U831     |mac_muladd_8s_7s_15s_15_4_1    |  i0 + i1 * i2|
    |mac_muladd_8s_7s_15s_15_4_1_U833     |mac_muladd_8s_7s_15s_15_4_1    |  i0 + i1 * i2|
    |mac_muladd_8s_7s_15s_15_4_1_U836     |mac_muladd_8s_7s_15s_15_4_1    |  i0 + i1 * i2|
    |mac_muladd_8s_7s_15s_15_4_1_U837     |mac_muladd_8s_7s_15s_15_4_1    |  i0 + i1 * i2|
    |mac_muladd_8s_7s_15s_15_4_1_U839     |mac_muladd_8s_7s_15s_15_4_1    |  i0 + i1 * i2|
    |mac_muladd_8s_7s_15s_15_4_1_U841     |mac_muladd_8s_7s_15s_15_4_1    |  i0 + i1 * i2|
    |mac_muladd_8s_7s_15s_15_4_1_U845     |mac_muladd_8s_7s_15s_15_4_1    |  i0 + i1 * i2|
    |mac_muladd_8s_7s_15s_15_4_1_U846     |mac_muladd_8s_7s_15s_15_4_1    |  i0 + i1 * i2|
    |mac_muladd_8s_7s_15s_15_4_1_U847     |mac_muladd_8s_7s_15s_15_4_1    |  i0 + i1 * i2|
    |mac_muladd_8s_7s_15s_15_4_1_U851     |mac_muladd_8s_7s_15s_15_4_1    |  i0 + i1 * i2|
    |mac_muladd_8s_7s_15s_15_4_1_U853     |mac_muladd_8s_7s_15s_15_4_1    |  i0 + i1 * i2|
    |mac_muladd_8s_7s_15s_15_4_1_U855     |mac_muladd_8s_7s_15s_15_4_1    |  i0 + i1 * i2|
    |mac_muladd_8s_7s_15s_15_4_1_U856     |mac_muladd_8s_7s_15s_15_4_1    |  i0 + i1 * i2|
    |mac_muladd_8s_7s_15s_15_4_1_U857     |mac_muladd_8s_7s_15s_15_4_1    |  i0 + i1 * i2|
    |mac_muladd_8s_7s_15s_15_4_1_U861     |mac_muladd_8s_7s_15s_15_4_1    |  i0 + i1 * i2|
    |mac_muladd_8s_7s_15s_15_4_1_U864     |mac_muladd_8s_7s_15s_15_4_1    |  i0 + i1 * i2|
    |mac_muladd_8s_7s_15s_15_4_1_U870     |mac_muladd_8s_7s_15s_15_4_1    |  i0 + i1 * i2|
    |mac_muladd_8s_7s_15s_15_4_1_U871     |mac_muladd_8s_7s_15s_15_4_1    |  i0 + i1 * i2|
    |mac_muladd_8s_7s_15s_15_4_1_U872     |mac_muladd_8s_7s_15s_15_4_1    |  i0 + i1 * i2|
    |mac_muladd_8s_7s_15s_15_4_1_U873     |mac_muladd_8s_7s_15s_15_4_1    |  i0 + i1 * i2|
    |mac_muladd_8s_7s_15s_15_4_1_U874     |mac_muladd_8s_7s_15s_15_4_1    |  i0 + i1 * i2|
    |mac_muladd_8s_7s_15s_15_4_1_U875     |mac_muladd_8s_7s_15s_15_4_1    |  i0 + i1 * i2|
    |mac_muladd_8s_7s_15s_15_4_1_U891     |mac_muladd_8s_7s_15s_15_4_1    |  i0 + i1 * i2|
    |mac_muladd_8s_7s_15s_15_4_1_U898     |mac_muladd_8s_7s_15s_15_4_1    |  i0 + i1 * i2|
    |mac_muladd_8s_7s_15s_15_4_1_U904     |mac_muladd_8s_7s_15s_15_4_1    |  i0 + i1 * i2|
    |mac_muladd_8s_7s_15s_15_4_1_U914     |mac_muladd_8s_7s_15s_15_4_1    |  i0 + i1 * i2|
    |mac_muladd_8s_7s_15s_15_4_1_U916     |mac_muladd_8s_7s_15s_15_4_1    |  i0 + i1 * i2|
    |mac_muladd_8s_7s_15s_15_4_1_U935     |mac_muladd_8s_7s_15s_15_4_1    |  i0 + i1 * i2|
    |mac_muladd_8s_7s_15s_15_4_1_U937     |mac_muladd_8s_7s_15s_15_4_1    |  i0 + i1 * i2|
    |mac_muladd_8s_7s_15s_15_4_1_U947     |mac_muladd_8s_7s_15s_15_4_1    |  i0 + i1 * i2|
    |mac_muladd_8s_7s_15s_15_4_1_U953     |mac_muladd_8s_7s_15s_15_4_1    |  i0 + i1 * i2|
    |mac_muladd_8s_7s_15s_15_4_1_U963     |mac_muladd_8s_7s_15s_15_4_1    |  i0 + i1 * i2|
    |mac_muladd_8s_7s_15s_15_4_1_U967     |mac_muladd_8s_7s_15s_15_4_1    |  i0 + i1 * i2|
    |mac_muladd_8s_7s_15s_15_4_1_U969     |mac_muladd_8s_7s_15s_15_4_1    |  i0 + i1 * i2|
    |mac_muladd_8s_7s_15s_15_4_1_U975     |mac_muladd_8s_7s_15s_15_4_1    |  i0 + i1 * i2|
    |mac_muladd_8s_7s_15s_15_4_1_U980     |mac_muladd_8s_7s_15s_15_4_1    |  i0 + i1 * i2|
    |mac_muladd_8s_7s_15s_15_4_1_U982     |mac_muladd_8s_7s_15s_15_4_1    |  i0 + i1 * i2|
    |mac_muladd_8s_7s_15s_15_4_1_U988     |mac_muladd_8s_7s_15s_15_4_1    |  i0 + i1 * i2|
    |mac_muladd_8s_7s_15s_15_4_1_U993     |mac_muladd_8s_7s_15s_15_4_1    |  i0 + i1 * i2|
    |mac_muladd_8s_7s_15s_15_4_1_U996     |mac_muladd_8s_7s_15s_15_4_1    |  i0 + i1 * i2|
    |mac_muladd_8s_7s_15s_15_4_1_U1001    |mac_muladd_8s_7s_15s_15_4_1    |  i0 + i1 * i2|
    |mac_muladd_8s_7s_15s_15_4_1_U1005    |mac_muladd_8s_7s_15s_15_4_1    |  i0 + i1 * i2|
    |mac_muladd_8s_7s_15s_16_4_1_U890     |mac_muladd_8s_7s_15s_16_4_1    |  i0 + i1 * i2|
    |mac_muladd_8s_7s_15s_16_4_1_U897     |mac_muladd_8s_7s_15s_16_4_1    |  i0 + i1 * i2|
    |mac_muladd_8s_7s_15s_16_4_1_U899     |mac_muladd_8s_7s_15s_16_4_1    |  i0 + i1 * i2|
    |mac_muladd_8s_7s_15s_16_4_1_U911     |mac_muladd_8s_7s_15s_16_4_1    |  i0 + i1 * i2|
    |mac_muladd_8s_7s_15s_16_4_1_U917     |mac_muladd_8s_7s_15s_16_4_1    |  i0 + i1 * i2|
    |mac_muladd_8s_7s_15s_16_4_1_U923     |mac_muladd_8s_7s_15s_16_4_1    |  i0 + i1 * i2|
    |mac_muladd_8s_7s_15s_16_4_1_U927     |mac_muladd_8s_7s_15s_16_4_1    |  i0 + i1 * i2|
    |mac_muladd_8s_7s_15s_16_4_1_U933     |mac_muladd_8s_7s_15s_16_4_1    |  i0 + i1 * i2|
    |mac_muladd_8s_7s_15s_16_4_1_U936     |mac_muladd_8s_7s_15s_16_4_1    |  i0 + i1 * i2|
    |mac_muladd_8s_7s_15s_16_4_1_U944     |mac_muladd_8s_7s_15s_16_4_1    |  i0 + i1 * i2|
    |mac_muladd_8s_7s_15s_16_4_1_U946     |mac_muladd_8s_7s_15s_16_4_1    |  i0 + i1 * i2|
    |mac_muladd_8s_7s_15s_16_4_1_U948     |mac_muladd_8s_7s_15s_16_4_1    |  i0 + i1 * i2|
    |mac_muladd_8s_7s_15s_16_4_1_U956     |mac_muladd_8s_7s_15s_16_4_1    |  i0 + i1 * i2|
    |mac_muladd_8s_7s_15s_16_4_1_U964     |mac_muladd_8s_7s_15s_16_4_1    |  i0 + i1 * i2|
    |mac_muladd_8s_7s_15s_16_4_1_U966     |mac_muladd_8s_7s_15s_16_4_1    |  i0 + i1 * i2|
    |mac_muladd_8s_7s_15s_16_4_1_U968     |mac_muladd_8s_7s_15s_16_4_1    |  i0 + i1 * i2|
    |mac_muladd_8s_7s_15s_16_4_1_U970     |mac_muladd_8s_7s_15s_16_4_1    |  i0 + i1 * i2|
    |mac_muladd_8s_7s_15s_16_4_1_U976     |mac_muladd_8s_7s_15s_16_4_1    |  i0 + i1 * i2|
    |mac_muladd_8s_7s_15s_16_4_1_U981     |mac_muladd_8s_7s_15s_16_4_1    |  i0 + i1 * i2|
    |mac_muladd_8s_7s_15s_16_4_1_U992     |mac_muladd_8s_7s_15s_16_4_1    |  i0 + i1 * i2|
    |mac_muladd_8s_7s_15s_16_4_1_U994     |mac_muladd_8s_7s_15s_16_4_1    |  i0 + i1 * i2|
    |mac_muladd_8s_7s_15s_16_4_1_U995     |mac_muladd_8s_7s_15s_16_4_1    |  i0 + i1 * i2|
    |mac_muladd_8s_7s_15s_16_4_1_U997     |mac_muladd_8s_7s_15s_16_4_1    |  i0 + i1 * i2|
    |mac_muladd_8s_7s_15s_16_4_1_U1000    |mac_muladd_8s_7s_15s_16_4_1    |  i0 + i1 * i2|
    |mac_muladd_8s_7s_16s_16_4_1_U816     |mac_muladd_8s_7s_16s_16_4_1    |  i0 * i1 + i2|
    |mac_muladd_8s_7s_16s_16_4_1_U817     |mac_muladd_8s_7s_16s_16_4_1    |  i0 * i1 + i2|
    |mac_muladd_8s_7s_16s_16_4_1_U823     |mac_muladd_8s_7s_16s_16_4_1    |  i0 * i1 + i2|
    |mac_muladd_8s_7s_16s_16_4_1_U829     |mac_muladd_8s_7s_16s_16_4_1    |  i0 + i1 * i2|
    |mac_muladd_8s_7s_16s_16_4_1_U832     |mac_muladd_8s_7s_16s_16_4_1    |  i0 * i1 + i2|
    |mac_muladd_8s_7s_16s_16_4_1_U838     |mac_muladd_8s_7s_16s_16_4_1    |  i0 + i1 * i2|
    |mac_muladd_8s_7s_16s_16_4_1_U840     |mac_muladd_8s_7s_16s_16_4_1    |  i0 * i1 + i2|
    |mac_muladd_8s_7s_16s_16_4_1_U842     |mac_muladd_8s_7s_16s_16_4_1    |  i0 * i1 + i2|
    |mac_muladd_8s_7s_16s_16_4_1_U843     |mac_muladd_8s_7s_16s_16_4_1    |  i0 * i1 + i2|
    |mac_muladd_8s_7s_16s_16_4_1_U844     |mac_muladd_8s_7s_16s_16_4_1    |  i0 * i1 + i2|
    |mac_muladd_8s_7s_16s_16_4_1_U852     |mac_muladd_8s_7s_16s_16_4_1    |  i0 + i1 * i2|
    |mac_muladd_8s_7s_16s_16_4_1_U859     |mac_muladd_8s_7s_16s_16_4_1    |  i0 * i1 + i2|
    |mac_muladd_8s_7s_16s_16_4_1_U860     |mac_muladd_8s_7s_16s_16_4_1    |  i0 + i1 * i2|
    |mac_muladd_8s_7s_16s_16_4_1_U866     |mac_muladd_8s_7s_16s_16_4_1    |  i0 + i1 * i2|
    |mac_muladd_8s_7s_16s_16_4_1_U867     |mac_muladd_8s_7s_16s_16_4_1    |  i0 + i1 * i2|
    |mac_muladd_8s_7s_16s_16_4_1_U879     |mac_muladd_8s_7s_16s_16_4_1    |  i0 + i1 * i2|
    |mac_muladd_8s_7s_16s_16_4_1_U880     |mac_muladd_8s_7s_16s_16_4_1    |  i0 * i1 + i2|
    |mac_muladd_8s_7s_16s_16_4_1_U881     |mac_muladd_8s_7s_16s_16_4_1    |  i0 * i1 + i2|
    |mac_muladd_8s_7s_16s_16_4_1_U882     |mac_muladd_8s_7s_16s_16_4_1    |  i0 * i1 + i2|
    |mac_muladd_8s_7s_16s_16_4_1_U883     |mac_muladd_8s_7s_16s_16_4_1    |  i0 * i1 + i2|
    |mac_muladd_8s_7s_16s_16_4_1_U884     |mac_muladd_8s_7s_16s_16_4_1    |  i0 * i1 + i2|
    |mac_muladd_8s_7s_16s_16_4_1_U885     |mac_muladd_8s_7s_16s_16_4_1    |  i0 * i1 + i2|
    |mac_muladd_8s_7s_16s_16_4_1_U886     |mac_muladd_8s_7s_16s_16_4_1    |  i0 * i1 + i2|
    |mac_muladd_8s_7s_16s_16_4_1_U887     |mac_muladd_8s_7s_16s_16_4_1    |  i0 * i1 + i2|
    |mac_muladd_8s_7s_16s_16_4_1_U888     |mac_muladd_8s_7s_16s_16_4_1    |  i0 * i1 + i2|
    |mac_muladd_8s_7s_16s_16_4_1_U894     |mac_muladd_8s_7s_16s_16_4_1    |  i0 + i1 * i2|
    |mac_muladd_8s_7s_16s_16_4_1_U900     |mac_muladd_8s_7s_16s_16_4_1    |  i0 + i1 * i2|
    |mac_muladd_8s_7s_16s_16_4_1_U905     |mac_muladd_8s_7s_16s_16_4_1    |  i0 + i1 * i2|
    |mac_muladd_8s_7s_16s_16_4_1_U909     |mac_muladd_8s_7s_16s_16_4_1    |  i0 + i1 * i2|
    |mac_muladd_8s_7s_16s_16_4_1_U913     |mac_muladd_8s_7s_16s_16_4_1    |  i0 + i1 * i2|
    |mac_muladd_8s_7s_16s_16_4_1_U920     |mac_muladd_8s_7s_16s_16_4_1    |  i0 + i1 * i2|
    |mac_muladd_8s_7s_16s_16_4_1_U926     |mac_muladd_8s_7s_16s_16_4_1    |  i0 + i1 * i2|
    |mac_muladd_8s_7s_16s_16_4_1_U931     |mac_muladd_8s_7s_16s_16_4_1    |  i0 + i1 * i2|
    |mac_muladd_8s_7s_16s_16_4_1_U934     |mac_muladd_8s_7s_16s_16_4_1    |  i0 + i1 * i2|
    |mac_muladd_8s_7s_16s_16_4_1_U938     |mac_muladd_8s_7s_16s_16_4_1    |  i0 + i1 * i2|
    |mac_muladd_8s_7s_16s_16_4_1_U942     |mac_muladd_8s_7s_16s_16_4_1    |  i0 + i1 * i2|
    |mac_muladd_8s_7s_16s_16_4_1_U943     |mac_muladd_8s_7s_16s_16_4_1    |  i0 + i1 * i2|
    |mac_muladd_8s_7s_16s_16_4_1_U955     |mac_muladd_8s_7s_16s_16_4_1    |  i0 + i1 * i2|
    |mac_muladd_8s_7s_16s_16_4_1_U961     |mac_muladd_8s_7s_16s_16_4_1    |  i0 + i1 * i2|
    |mac_muladd_8s_7s_16s_16_4_1_U974     |mac_muladd_8s_7s_16s_16_4_1    |  i0 + i1 * i2|
    |mac_muladd_8s_7s_16s_16_4_1_U987     |mac_muladd_8s_7s_16s_16_4_1    |  i0 + i1 * i2|
    |mac_muladd_8s_7s_16s_16_4_1_U990     |mac_muladd_8s_7s_16s_16_4_1    |  i0 + i1 * i2|
    |mac_muladd_8s_7s_16s_16_4_1_U991     |mac_muladd_8s_7s_16s_16_4_1    |  i0 + i1 * i2|
    |mac_muladd_8s_7s_16s_16_4_1_U998     |mac_muladd_8s_7s_16s_16_4_1    |  i0 + i1 * i2|
    |mac_muladd_8s_8s_15s_15_4_1_U821     |mac_muladd_8s_8s_15s_15_4_1    |  i0 + i1 * i2|
    |mac_muladd_8s_8s_15s_15_4_1_U824     |mac_muladd_8s_8s_15s_15_4_1    |  i0 + i1 * i2|
    |mac_muladd_8s_8s_15s_15_4_1_U834     |mac_muladd_8s_8s_15s_15_4_1    |  i0 + i1 * i2|
    |mac_muladd_8s_8s_15s_15_4_1_U849     |mac_muladd_8s_8s_15s_15_4_1    |  i0 + i1 * i2|
    |mac_muladd_8s_8s_15s_15_4_1_U858     |mac_muladd_8s_8s_15s_15_4_1    |  i0 + i1 * i2|
    |mac_muladd_8s_8s_15s_15_4_1_U865     |mac_muladd_8s_8s_15s_15_4_1    |  i0 + i1 * i2|
    |mac_muladd_8s_8s_15s_15_4_1_U868     |mac_muladd_8s_8s_15s_15_4_1    |  i0 + i1 * i2|
    |mac_muladd_8s_8s_15s_15_4_1_U906     |mac_muladd_8s_8s_15s_15_4_1    |  i0 + i1 * i2|
    |mac_muladd_8s_8s_15s_15_4_1_U922     |mac_muladd_8s_8s_15s_15_4_1    |  i0 + i1 * i2|
    |mac_muladd_8s_8s_15s_15_4_1_U932     |mac_muladd_8s_8s_15s_15_4_1    |  i0 + i1 * i2|
    |mac_muladd_8s_8s_15s_15_4_1_U941     |mac_muladd_8s_8s_15s_15_4_1    |  i0 + i1 * i2|
    |mac_muladd_8s_8s_15s_15_4_1_U973     |mac_muladd_8s_8s_15s_15_4_1    |  i0 + i1 * i2|
    |mac_muladd_8s_8s_15s_16_4_1_U896     |mac_muladd_8s_8s_15s_16_4_1    |  i0 + i1 * i2|
    |mac_muladd_8s_8s_15s_16_4_1_U901     |mac_muladd_8s_8s_15s_16_4_1    |  i0 + i1 * i2|
    |mac_muladd_8s_8s_15s_16_4_1_U903     |mac_muladd_8s_8s_15s_16_4_1    |  i0 + i1 * i2|
    |mac_muladd_8s_8s_15s_16_4_1_U907     |mac_muladd_8s_8s_15s_16_4_1    |  i0 + i1 * i2|
    |mac_muladd_8s_8s_15s_16_4_1_U918     |mac_muladd_8s_8s_15s_16_4_1    |  i0 + i1 * i2|
    |mac_muladd_8s_8s_15s_16_4_1_U921     |mac_muladd_8s_8s_15s_16_4_1    |  i0 + i1 * i2|
    |mac_muladd_8s_8s_15s_16_4_1_U929     |mac_muladd_8s_8s_15s_16_4_1    |  i0 + i1 * i2|
    |mac_muladd_8s_8s_15s_16_4_1_U952     |mac_muladd_8s_8s_15s_16_4_1    |  i0 + i1 * i2|
    |mac_muladd_8s_8s_15s_16_4_1_U960     |mac_muladd_8s_8s_15s_16_4_1    |  i0 + i1 * i2|
    |mac_muladd_8s_8s_15s_16_4_1_U983     |mac_muladd_8s_8s_15s_16_4_1    |  i0 + i1 * i2|
    |mac_muladd_8s_8s_15s_16_4_1_U989     |mac_muladd_8s_8s_15s_16_4_1    |  i0 + i1 * i2|
    |mac_muladd_8s_8s_15s_16_4_1_U999     |mac_muladd_8s_8s_15s_16_4_1    |  i0 + i1 * i2|
    |mac_muladd_8s_8s_15s_16_4_1_U1006    |mac_muladd_8s_8s_15s_16_4_1    |  i0 + i1 * i2|
    |mac_muladd_8s_8s_16ns_16_4_1_U954    |mac_muladd_8s_8s_16ns_16_4_1   |  i0 + i1 * i2|
    |mac_muladd_8s_8s_16ns_16_4_1_U962    |mac_muladd_8s_8s_16ns_16_4_1   |  i0 + i1 * i2|
    |mac_muladd_8s_8s_16ns_16_4_1_U977    |mac_muladd_8s_8s_16ns_16_4_1   |  i0 + i1 * i2|
    |mac_muladd_8s_8s_16ns_16_4_1_U979    |mac_muladd_8s_8s_16ns_16_4_1   |  i0 + i1 * i2|
    |mac_muladd_8s_8s_16ns_16_4_1_U1002   |mac_muladd_8s_8s_16ns_16_4_1   |  i0 + i1 * i2|
    |mac_muladd_8s_8s_16s_16_4_1_U825     |mac_muladd_8s_8s_16s_16_4_1    |  i0 + i1 * i2|
    |mac_muladd_8s_8s_16s_16_4_1_U826     |mac_muladd_8s_8s_16s_16_4_1    |  i0 + i1 * i2|
    |mac_muladd_8s_8s_16s_16_4_1_U828     |mac_muladd_8s_8s_16s_16_4_1    |  i0 + i1 * i2|
    |mac_muladd_8s_8s_16s_16_4_1_U835     |mac_muladd_8s_8s_16s_16_4_1    |  i0 + i1 * i2|
    |mac_muladd_8s_8s_16s_16_4_1_U848     |mac_muladd_8s_8s_16s_16_4_1    |  i0 + i1 * i2|
    |mac_muladd_8s_8s_16s_16_4_1_U850     |mac_muladd_8s_8s_16s_16_4_1    |  i0 + i1 * i2|
    |mac_muladd_8s_8s_16s_16_4_1_U854     |mac_muladd_8s_8s_16s_16_4_1    |  i0 + i1 * i2|
    |mac_muladd_8s_8s_16s_16_4_1_U862     |mac_muladd_8s_8s_16s_16_4_1    |  i0 + i1 * i2|
    |mac_muladd_8s_8s_16s_16_4_1_U863     |mac_muladd_8s_8s_16s_16_4_1    |  i0 + i1 * i2|
    |mac_muladd_8s_8s_16s_16_4_1_U869     |mac_muladd_8s_8s_16s_16_4_1    |  i0 + i1 * i2|
    |mac_muladd_8s_8s_16s_16_4_1_U876     |mac_muladd_8s_8s_16s_16_4_1    |  i0 + i1 * i2|
    |mac_muladd_8s_8s_16s_16_4_1_U877     |mac_muladd_8s_8s_16s_16_4_1    |  i0 + i1 * i2|
    |mac_muladd_8s_8s_16s_16_4_1_U878     |mac_muladd_8s_8s_16s_16_4_1    |  i0 + i1 * i2|
    |mac_muladd_8s_8s_16s_16_4_1_U892     |mac_muladd_8s_8s_16s_16_4_1    |  i0 + i1 * i2|
    |mac_muladd_8s_8s_16s_16_4_1_U893     |mac_muladd_8s_8s_16s_16_4_1    |  i0 + i1 * i2|
    |mac_muladd_8s_8s_16s_16_4_1_U895     |mac_muladd_8s_8s_16s_16_4_1    |  i0 + i1 * i2|
    |mac_muladd_8s_8s_16s_16_4_1_U902     |mac_muladd_8s_8s_16s_16_4_1    |  i0 + i1 * i2|
    |mac_muladd_8s_8s_16s_16_4_1_U908     |mac_muladd_8s_8s_16s_16_4_1    |  i0 + i1 * i2|
    |mac_muladd_8s_8s_16s_16_4_1_U912     |mac_muladd_8s_8s_16s_16_4_1    |  i0 + i1 * i2|
    |mac_muladd_8s_8s_16s_16_4_1_U915     |mac_muladd_8s_8s_16s_16_4_1    |  i0 + i1 * i2|
    |mac_muladd_8s_8s_16s_16_4_1_U919     |mac_muladd_8s_8s_16s_16_4_1    |  i0 + i1 * i2|
    |mac_muladd_8s_8s_16s_16_4_1_U924     |mac_muladd_8s_8s_16s_16_4_1    |  i0 + i1 * i2|
    |mac_muladd_8s_8s_16s_16_4_1_U928     |mac_muladd_8s_8s_16s_16_4_1    |  i0 + i1 * i2|
    |mac_muladd_8s_8s_16s_16_4_1_U930     |mac_muladd_8s_8s_16s_16_4_1    |  i0 + i1 * i2|
    |mac_muladd_8s_8s_16s_16_4_1_U939     |mac_muladd_8s_8s_16s_16_4_1    |  i0 + i1 * i2|
    |mac_muladd_8s_8s_16s_16_4_1_U940     |mac_muladd_8s_8s_16s_16_4_1    |  i0 + i1 * i2|
    |mac_muladd_8s_8s_16s_16_4_1_U945     |mac_muladd_8s_8s_16s_16_4_1    |  i0 + i1 * i2|
    |mac_muladd_8s_8s_16s_16_4_1_U949     |mac_muladd_8s_8s_16s_16_4_1    |  i0 + i1 * i2|
    |mac_muladd_8s_8s_16s_16_4_1_U951     |mac_muladd_8s_8s_16s_16_4_1    |  i0 + i1 * i2|
    |mac_muladd_8s_8s_16s_16_4_1_U957     |mac_muladd_8s_8s_16s_16_4_1    |  i0 + i1 * i2|
    |mac_muladd_8s_8s_16s_16_4_1_U958     |mac_muladd_8s_8s_16s_16_4_1    |  i0 + i1 * i2|
    |mac_muladd_8s_8s_16s_16_4_1_U959     |mac_muladd_8s_8s_16s_16_4_1    |  i0 + i1 * i2|
    |mac_muladd_8s_8s_16s_16_4_1_U965     |mac_muladd_8s_8s_16s_16_4_1    |  i0 + i1 * i2|
    |mac_muladd_8s_8s_16s_16_4_1_U971     |mac_muladd_8s_8s_16s_16_4_1    |  i0 + i1 * i2|
    |mac_muladd_8s_8s_16s_16_4_1_U972     |mac_muladd_8s_8s_16s_16_4_1    |  i0 + i1 * i2|
    |mac_muladd_8s_8s_16s_16_4_1_U978     |mac_muladd_8s_8s_16s_16_4_1    |  i0 + i1 * i2|
    |mac_muladd_8s_8s_16s_16_4_1_U984     |mac_muladd_8s_8s_16s_16_4_1    |  i0 + i1 * i2|
    |mac_muladd_8s_8s_16s_16_4_1_U985     |mac_muladd_8s_8s_16s_16_4_1    |  i0 + i1 * i2|
    |mac_muladd_8s_8s_16s_16_4_1_U986     |mac_muladd_8s_8s_16s_16_4_1    |  i0 + i1 * i2|
    |mac_muladd_8s_8s_16s_16_4_1_U1003    |mac_muladd_8s_8s_16s_16_4_1    |  i0 + i1 * i2|
    |mac_muladd_8s_8s_16s_17_4_1_U910     |mac_muladd_8s_8s_16s_17_4_1    |  i0 + i1 * i2|
    |mac_muladd_8s_8s_16s_17_4_1_U925     |mac_muladd_8s_8s_16s_17_4_1    |  i0 + i1 * i2|
    |mac_muladd_8s_8s_16s_17_4_1_U950     |mac_muladd_8s_8s_16s_17_4_1    |  i0 + i1 * i2|
    |mac_muladd_8s_8s_16s_17_4_1_U1004    |mac_muladd_8s_8s_16s_17_4_1    |  i0 + i1 * i2|
    |mac_muladd_8s_9ns_15ns_17_4_1_U1007  |mac_muladd_8s_9ns_15ns_17_4_1  |  i0 * i1 + i2|
    +-------------------------------------+-------------------------------+--------------+

    * Memory: 
    N/A

    * FIFO: 
    N/A

    * Expression: 
    +--------------------------+----------+----+---+----+------------+------------+
    |       Variable Name      | Operation| DSP| FF| LUT| Bitwidth P0| Bitwidth P1|
    +--------------------------+----------+----+---+----+------------+------------+
    |acc_fu_36111_p2           |         +|   0|  0|  30|          23|          23|
    |add_ln77_fu_20365_p2      |         +|   0|  0|  15|           8|           1|
    |add_ln79_1_fu_20484_p2    |         +|   0|  0|  23|          16|           9|
    |add_ln79_fu_20356_p2      |         +|   0|  0|  15|           8|           1|
    |add_ln82_1_fu_20437_p2    |         +|   0|  0|  15|           8|           2|
    |add_ln82_fu_20403_p2      |         +|   0|  0|  15|           8|           2|
    |add_ln85_101_fu_34953_p2  |         +|   0|  0|  18|          18|          18|
    |add_ln85_105_fu_34965_p2  |         +|   0|  0|  24|          17|          17|
    |add_ln85_106_fu_34975_p2  |         +|   0|  0|  18|          18|          18|
    |add_ln85_110_fu_34991_p2  |         +|   0|  0|  24|          17|          17|
    |add_ln85_114_fu_35007_p2  |         +|   0|  0|  24|          17|          17|
    |add_ln85_115_fu_35017_p2  |         +|   0|  0|  25|          18|          18|
    |add_ln85_116_fu_35027_p2  |         +|   0|  0|  26|          19|          19|
    |add_ln85_117_fu_35936_p2  |         +|   0|  0|  27|          20|          20|
    |add_ln85_121_fu_35039_p2  |         +|   0|  0|  24|          17|          17|
    |add_ln85_122_fu_33955_p2  |         +|   0|  0|  22|          15|          15|
    |add_ln85_125_fu_35055_p2  |         +|   0|  0|  24|          17|          17|
    |add_ln85_126_fu_35065_p2  |         +|   0|  0|  25|          18|          18|
    |add_ln85_12_fu_34549_p2   |         +|   0|  0|  24|          17|          17|
    |add_ln85_130_fu_35081_p2  |         +|   0|  0|  24|          17|          17|
    |add_ln85_134_fu_35097_p2  |         +|   0|  0|  24|          17|          17|
    |add_ln85_135_fu_35107_p2  |         +|   0|  0|  25|          18|          18|
    |add_ln85_136_fu_35117_p2  |         +|   0|  0|  26|          19|          19|
    |add_ln85_140_fu_35129_p2  |         +|   0|  0|  24|          17|          17|
    |add_ln85_144_fu_35145_p2  |         +|   0|  0|  24|          17|          17|
    |add_ln85_145_fu_35155_p2  |         +|   0|  0|  25|          18|          18|
    |add_ln85_149_fu_35171_p2  |         +|   0|  0|  24|          17|          17|
    |add_ln85_153_fu_35187_p2  |         +|   0|  0|  24|          17|          17|
    |add_ln85_154_fu_35197_p2  |         +|   0|  0|  25|          18|          18|
    |add_ln85_155_fu_35207_p2  |         +|   0|  0|  26|          19|          19|
    |add_ln85_156_fu_35952_p2  |         +|   0|  0|  27|          20|          20|
    |add_ln85_157_fu_35962_p2  |         +|   0|  0|  28|          21|          21|
    |add_ln85_158_fu_35972_p2  |         +|   0|  0|  29|          22|          22|
    |add_ln85_162_fu_35219_p2  |         +|   0|  0|  24|          17|          17|
    |add_ln85_166_fu_35232_p2  |         +|   0|  0|  24|          17|          17|
    |add_ln85_167_fu_35241_p2  |         +|   0|  0|  25|          18|          18|
    |add_ln85_16_fu_34565_p2   |         +|   0|  0|  24|          17|          17|
    |add_ln85_171_fu_35257_p2  |         +|   0|  0|  24|          17|          17|
    |add_ln85_175_fu_35273_p2  |         +|   0|  0|  24|          17|          17|
    |add_ln85_176_fu_35283_p2  |         +|   0|  0|  25|          18|          18|
    |add_ln85_177_fu_35293_p2  |         +|   0|  0|  26|          19|          19|
    |add_ln85_17_fu_34575_p2   |         +|   0|  0|  25|          18|          18|
    |add_ln85_181_fu_35305_p2  |         +|   0|  0|  24|          17|          17|
    |add_ln85_185_fu_35321_p2  |         +|   0|  0|  24|          17|          17|
    |add_ln85_186_fu_35331_p2  |         +|   0|  0|  25|          18|          18|
    |add_ln85_18_fu_34585_p2   |         +|   0|  0|  26|          19|          19|
    |add_ln85_190_fu_35347_p2  |         +|   0|  0|  24|          17|          17|
    |add_ln85_194_fu_35363_p2  |         +|   0|  0|  24|          17|          17|
    |add_ln85_195_fu_35373_p2  |         +|   0|  0|  25|          18|          18|
    |add_ln85_196_fu_35383_p2  |         +|   0|  0|  26|          19|          19|
    |add_ln85_197_fu_35984_p2  |         +|   0|  0|  27|          20|          20|
    |add_ln85_201_fu_35395_p2  |         +|   0|  0|  24|          17|          17|
    |add_ln85_205_fu_35411_p2  |         +|   0|  0|  24|          17|          17|
    |add_ln85_206_fu_35421_p2  |         +|   0|  0|  25|          18|          18|
    |add_ln85_210_fu_35437_p2  |         +|   0|  0|  24|          17|          17|
    |add_ln85_214_fu_35453_p2  |         +|   0|  0|  24|          17|          17|
    |add_ln85_215_fu_35463_p2  |         +|   0|  0|  25|          18|          18|
    |add_ln85_216_fu_35473_p2  |         +|   0|  0|  26|          19|          19|
    |add_ln85_220_fu_35485_p2  |         +|   0|  0|  24|          17|          17|
    |add_ln85_224_fu_35501_p2  |         +|   0|  0|  24|          17|          17|
    |add_ln85_225_fu_35511_p2  |         +|   0|  0|  25|          18|          18|
    |add_ln85_229_fu_35527_p2  |         +|   0|  0|  24|          17|          17|
    |add_ln85_22_fu_34597_p2   |         +|   0|  0|  24|          17|          17|
    |add_ln85_233_fu_35543_p2  |         +|   0|  0|  24|          17|          17|
    |add_ln85_234_fu_35553_p2  |         +|   0|  0|  25|          18|          18|
    |add_ln85_235_fu_35563_p2  |         +|   0|  0|  26|          19|          19|
    |add_ln85_236_fu_36000_p2  |         +|   0|  0|  27|          20|          20|
    |add_ln85_237_fu_36010_p2  |         +|   0|  0|  28|          21|          21|
    |add_ln85_241_fu_35575_p2  |         +|   0|  0|  24|          17|          17|
    |add_ln85_245_fu_35591_p2  |         +|   0|  0|  24|          17|          17|
    |add_ln85_246_fu_35601_p2  |         +|   0|  0|  25|          18|          18|
    |add_ln85_250_fu_35617_p2  |         +|   0|  0|  24|          17|          17|
    |add_ln85_254_fu_35633_p2  |         +|   0|  0|  24|          17|          17|
    |add_ln85_255_fu_35643_p2  |         +|   0|  0|  25|          18|          18|
    |add_ln85_256_fu_35653_p2  |         +|   0|  0|  26|          19|          19|
    |add_ln85_260_fu_35665_p2  |         +|   0|  0|  24|          17|          17|
    |add_ln85_264_fu_35681_p2  |         +|   0|  0|  24|          17|          17|
    |add_ln85_265_fu_35691_p2  |         +|   0|  0|  25|          18|          18|
    |add_ln85_269_fu_35707_p2  |         +|   0|  0|  24|          17|          17|
    |add_ln85_26_fu_34613_p2   |         +|   0|  0|  24|          17|          17|
    |add_ln85_273_fu_35723_p2  |         +|   0|  0|  24|          17|          17|
    |add_ln85_274_fu_35733_p2  |         +|   0|  0|  25|          18|          18|
    |add_ln85_275_fu_35743_p2  |         +|   0|  0|  26|          19|          19|
    |add_ln85_276_fu_36022_p2  |         +|   0|  0|  27|          20|          20|
    |add_ln85_27_fu_34623_p2   |         +|   0|  0|  25|          18|          18|
    |add_ln85_280_fu_35755_p2  |         +|   0|  0|  24|          17|          17|
    |add_ln85_284_fu_35771_p2  |         +|   0|  0|  24|          17|          17|
    |add_ln85_285_fu_35781_p2  |         +|   0|  0|  25|          18|          18|
    |add_ln85_289_fu_35797_p2  |         +|   0|  0|  24|          17|          17|
    |add_ln85_293_fu_35813_p2  |         +|   0|  0|  24|          17|          17|
    |add_ln85_294_fu_35823_p2  |         +|   0|  0|  25|          18|          18|
    |add_ln85_295_fu_35833_p2  |         +|   0|  0|  26|          19|          19|
    |add_ln85_299_fu_35845_p2  |         +|   0|  0|  24|          17|          17|
    |add_ln85_303_fu_35861_p2  |         +|   0|  0|  24|          17|          17|
    |add_ln85_304_fu_35871_p2  |         +|   0|  0|  25|          18|          18|
    |add_ln85_308_fu_35880_p2  |         +|   0|  0|  24|          17|          17|
    |add_ln85_313_fu_36040_p2  |         +|   0|  0|  24|          17|          17|
    |add_ln85_314_fu_36050_p2  |         +|   0|  0|  25|          18|          18|
    |add_ln85_315_fu_36060_p2  |         +|   0|  0|  26|          19|          19|
    |add_ln85_316_fu_36081_p2  |         +|   0|  0|  27|          20|          20|
    |add_ln85_317_fu_36091_p2  |         +|   0|  0|  28|          21|          21|
    |add_ln85_318_fu_36101_p2  |         +|   0|  0|  29|          22|          22|
    |add_ln85_31_fu_34639_p2   |         +|   0|  0|  24|          17|          17|
    |add_ln85_35_fu_34655_p2   |         +|   0|  0|  24|          17|          17|
    |add_ln85_36_fu_34665_p2   |         +|   0|  0|  25|          18|          18|
    |add_ln85_37_fu_34675_p2   |         +|   0|  0|  26|          19|          19|
    |add_ln85_38_fu_35894_p2   |         +|   0|  0|  27|          20|          20|
    |add_ln85_3_fu_34508_p2    |         +|   0|  0|  23|          16|          16|
    |add_ln85_42_fu_34687_p2   |         +|   0|  0|  24|          17|          17|
    |add_ln85_46_fu_34703_p2   |         +|   0|  0|  24|          17|          17|
    |add_ln85_47_fu_34713_p2   |         +|   0|  0|  25|          18|          18|
    |add_ln85_51_fu_34729_p2   |         +|   0|  0|  24|          17|          17|
    |add_ln85_55_fu_34742_p2   |         +|   0|  0|  24|          17|          17|
    |add_ln85_56_fu_34751_p2   |         +|   0|  0|  25|          18|          18|
    |add_ln85_57_fu_34761_p2   |         +|   0|  0|  26|          19|          19|
    |add_ln85_61_fu_34773_p2   |         +|   0|  0|  24|          17|          17|
    |add_ln85_65_fu_34789_p2   |         +|   0|  0|  24|          17|          17|
    |add_ln85_66_fu_34799_p2   |         +|   0|  0|  25|          18|          18|
    |add_ln85_70_fu_34815_p2   |         +|   0|  0|  24|          17|          17|
    |add_ln85_74_fu_34831_p2   |         +|   0|  0|  24|          17|          17|
    |add_ln85_75_fu_34841_p2   |         +|   0|  0|  25|          18|          18|
    |add_ln85_76_fu_34851_p2   |         +|   0|  0|  26|          19|          19|
    |add_ln85_77_fu_35910_p2   |         +|   0|  0|  27|          20|          20|
    |add_ln85_78_fu_35920_p2   |         +|   0|  0|  28|          21|          21|
    |add_ln85_7_fu_34523_p2    |         +|   0|  0|  24|          17|          17|
    |add_ln85_82_fu_34863_p2   |         +|   0|  0|  24|          17|          17|
    |add_ln85_86_fu_34879_p2   |         +|   0|  0|  24|          17|          17|
    |add_ln85_87_fu_34889_p2   |         +|   0|  0|  25|          18|          18|
    |add_ln85_8_fu_34533_p2    |         +|   0|  0|  25|          18|          18|
    |add_ln85_91_fu_34905_p2   |         +|   0|  0|  24|          17|          17|
    |add_ln85_95_fu_34921_p2   |         +|   0|  0|  24|          17|          17|
    |add_ln85_96_fu_34931_p2   |         +|   0|  0|  25|          18|          18|
    |add_ln85_97_fu_34941_p2   |         +|   0|  0|  26|          19|          19|
    |add_ln89_fu_36205_p2      |         +|   0|  0|  20|          13|          13|
    |empty_fu_20389_p2         |         +|   0|  0|  15|           8|           3|
    |sum_fu_36121_p2           |         +|   0|  0|  60|          53|          40|
    |ap_condition_10459        |       and|   0|  0|   2|           1|           1|
    |icmp_ln24_fu_36146_p2     |      icmp|   0|  0|  13|           6|           1|
    |icmp_ln25_fu_36152_p2     |      icmp|   0|  0|  20|          13|           9|
    |icmp_ln77_1_fu_20371_p2   |      icmp|   0|  0|  15|           8|           3|
    |icmp_ln77_fu_20350_p2     |      icmp|   0|  0|  16|           8|           9|
    |icmp_ln83_fu_27847_p2     |      icmp|   0|  0|  15|           8|           1|
    |or_ln24_fu_36176_p2       |        or|   0|  0|   2|           1|           1|
    |r_fu_36182_p3             |    select|   0|  0|   8|           1|           8|
    |select_ln24_fu_36168_p3   |    select|   0|  0|   9|           1|           7|
    |select_ln77_fu_20377_p3   |    select|   0|  0|   8|           1|           8|
    |xv_100_fu_30567_p3        |    select|   0|  0|   8|           1|           1|
    |xv_101_fu_30605_p3        |    select|   0|  0|   8|           1|           8|
    |xv_103_fu_23525_p3        |    select|   0|  0|   8|           1|           1|
    |xv_104_fu_23563_p3        |    select|   0|  0|   8|           1|           1|
    |xv_105_fu_30643_p3        |    select|   0|  0|   8|           1|           1|
    |xv_106_fu_30681_p3        |    select|   0|  0|   8|           1|           8|
    |xv_108_fu_23624_p3        |    select|   0|  0|   8|           1|           1|
    |xv_109_fu_23662_p3        |    select|   0|  0|   8|           1|           1|
    |xv_10_fu_29219_p3         |    select|   0|  0|   8|           1|           1|
    |xv_110_fu_30719_p3        |    select|   0|  0|   8|           1|           1|
    |xv_111_fu_30757_p3        |    select|   0|  0|   8|           1|           8|
    |xv_113_fu_23723_p3        |    select|   0|  0|   8|           1|           1|
    |xv_114_fu_23761_p3        |    select|   0|  0|   8|           1|           1|
    |xv_115_fu_30795_p3        |    select|   0|  0|   8|           1|           1|
    |xv_116_fu_30833_p3        |    select|   0|  0|   8|           1|           8|
    |xv_118_fu_23822_p3        |    select|   0|  0|   8|           1|           1|
    |xv_119_fu_23860_p3        |    select|   0|  0|   8|           1|           1|
    |xv_11_fu_29257_p3         |    select|   0|  0|   8|           1|           8|
    |xv_120_fu_30871_p3        |    select|   0|  0|   8|           1|           1|
    |xv_121_fu_30909_p3        |    select|   0|  0|   8|           1|           8|
    |xv_123_fu_23921_p3        |    select|   0|  0|   8|           1|           1|
    |xv_124_fu_23959_p3        |    select|   0|  0|   8|           1|           1|
    |xv_125_fu_30947_p3        |    select|   0|  0|   8|           1|           1|
    |xv_126_fu_30981_p3        |    select|   0|  0|   8|           1|           8|
    |xv_128_fu_24024_p3        |    select|   0|  0|   8|           1|           1|
    |xv_129_fu_24058_p3        |    select|   0|  0|   8|           1|           1|
    |xv_130_fu_31019_p3        |    select|   0|  0|   8|           1|           1|
    |xv_131_fu_31057_p3        |    select|   0|  0|   8|           1|           8|
    |xv_133_fu_24119_p3        |    select|   0|  0|   8|           1|           1|
    |xv_134_fu_24157_p3        |    select|   0|  0|   8|           1|           1|
    |xv_135_fu_31095_p3        |    select|   0|  0|   8|           1|           1|
    |xv_136_fu_31133_p3        |    select|   0|  0|   8|           1|           8|
    |xv_138_fu_24222_p3        |    select|   0|  0|   8|           1|           1|
    |xv_139_fu_24256_p3        |    select|   0|  0|   8|           1|           1|
    |xv_13_fu_21747_p3         |    select|   0|  0|   8|           1|           1|
    |xv_140_fu_31171_p3        |    select|   0|  0|   8|           1|           1|
    |xv_141_fu_31209_p3        |    select|   0|  0|   8|           1|           8|
    |xv_143_fu_24321_p3        |    select|   0|  0|   8|           1|           1|
    |xv_144_fu_24355_p3        |    select|   0|  0|   8|           1|           1|
    |xv_145_fu_31247_p3        |    select|   0|  0|   8|           1|           1|
    |xv_146_fu_31285_p3        |    select|   0|  0|   8|           1|           8|
    |xv_148_fu_24420_p3        |    select|   0|  0|   8|           1|           1|
    |xv_149_fu_24454_p3        |    select|   0|  0|   8|           1|           1|
    |xv_14_fu_21781_p3         |    select|   0|  0|   8|           1|           1|
    |xv_150_fu_31323_p3        |    select|   0|  0|   8|           1|           1|
    |xv_151_fu_31361_p3        |    select|   0|  0|   8|           1|           8|
    |xv_153_fu_24515_p3        |    select|   0|  0|   8|           1|           1|
    |xv_154_fu_24553_p3        |    select|   0|  0|   8|           1|           1|
    |xv_155_fu_31399_p3        |    select|   0|  0|   8|           1|           1|
    |xv_156_fu_31437_p3        |    select|   0|  0|   8|           1|           8|
    |xv_158_fu_24614_p3        |    select|   0|  0|   8|           1|           1|
    |xv_159_fu_24652_p3        |    select|   0|  0|   8|           1|           1|
    |xv_15_fu_29295_p3         |    select|   0|  0|   8|           1|           1|
    |xv_160_fu_31475_p3        |    select|   0|  0|   8|           1|           1|
    |xv_161_fu_31513_p3        |    select|   0|  0|   8|           1|           8|
    |xv_163_fu_24713_p3        |    select|   0|  0|   8|           1|           1|
    |xv_164_fu_24751_p3        |    select|   0|  0|   8|           1|           1|
    |xv_165_fu_31551_p3        |    select|   0|  0|   8|           1|           1|
    |xv_166_fu_31589_p3        |    select|   0|  0|   8|           1|           8|
    |xv_168_fu_24812_p3        |    select|   0|  0|   8|           1|           1|
    |xv_169_fu_24850_p3        |    select|   0|  0|   8|           1|           1|
    |xv_16_fu_29333_p3         |    select|   0|  0|   8|           1|           8|
    |xv_170_fu_31627_p3        |    select|   0|  0|   8|           1|           1|
    |xv_171_fu_31665_p3        |    select|   0|  0|   8|           1|           8|
    |xv_173_fu_24911_p3        |    select|   0|  0|   8|           1|           1|
    |xv_174_fu_24949_p3        |    select|   0|  0|   8|           1|           1|
    |xv_175_fu_31703_p3        |    select|   0|  0|   8|           1|           1|
    |xv_176_fu_31741_p3        |    select|   0|  0|   8|           1|           8|
    |xv_178_fu_25010_p3        |    select|   0|  0|   8|           1|           1|
    |xv_179_fu_25048_p3        |    select|   0|  0|   8|           1|           1|
    |xv_180_fu_31779_p3        |    select|   0|  0|   8|           1|           1|
    |xv_181_fu_31817_p3        |    select|   0|  0|   8|           1|           8|
    |xv_183_fu_25109_p3        |    select|   0|  0|   8|           1|           1|
    |xv_184_fu_25147_p3        |    select|   0|  0|   8|           1|           1|
    |xv_185_fu_31855_p3        |    select|   0|  0|   8|           1|           1|
    |xv_186_fu_31893_p3        |    select|   0|  0|   8|           1|           8|
    |xv_188_fu_25208_p3        |    select|   0|  0|   8|           1|           1|
    |xv_189_fu_25246_p3        |    select|   0|  0|   8|           1|           1|
    |xv_18_fu_21842_p3         |    select|   0|  0|   8|           1|           1|
    |xv_190_fu_31931_p3        |    select|   0|  0|   8|           1|           1|
    |xv_191_fu_31969_p3        |    select|   0|  0|   8|           1|           8|
    |xv_193_fu_25307_p3        |    select|   0|  0|   8|           1|           1|
    |xv_194_fu_25345_p3        |    select|   0|  0|   8|           1|           1|
    |xv_195_fu_32007_p3        |    select|   0|  0|   8|           1|           1|
    |xv_196_fu_32045_p3        |    select|   0|  0|   8|           1|           8|
    |xv_198_fu_25406_p3        |    select|   0|  0|   8|           1|           1|
    |xv_199_fu_25444_p3        |    select|   0|  0|   8|           1|           1|
    |xv_19_fu_21880_p3         |    select|   0|  0|   8|           1|           1|
    |xv_1_fu_29105_p3          |    select|   0|  0|   8|           1|           8|
    |xv_200_fu_32083_p3        |    select|   0|  0|   8|           1|           1|
    |xv_201_fu_32121_p3        |    select|   0|  0|   8|           1|           8|
    |xv_203_fu_25505_p3        |    select|   0|  0|   8|           1|           1|
    |xv_204_fu_25543_p3        |    select|   0|  0|   8|           1|           1|
    |xv_205_fu_32159_p3        |    select|   0|  0|   8|           1|           1|
    |xv_206_fu_32197_p3        |    select|   0|  0|   8|           1|           8|
    |xv_208_fu_25604_p3        |    select|   0|  0|   8|           1|           1|
    |xv_209_fu_25642_p3        |    select|   0|  0|   8|           1|           1|
    |xv_20_fu_29371_p3         |    select|   0|  0|   8|           1|           1|
    |xv_210_fu_32235_p3        |    select|   0|  0|   8|           1|           1|
    |xv_211_fu_32273_p3        |    select|   0|  0|   8|           1|           8|
    |xv_213_fu_25703_p3        |    select|   0|  0|   8|           1|           1|
    |xv_214_fu_25741_p3        |    select|   0|  0|   8|           1|           1|
    |xv_215_fu_32311_p3        |    select|   0|  0|   8|           1|           1|
    |xv_216_fu_32349_p3        |    select|   0|  0|   8|           1|           8|
    |xv_218_fu_25802_p3        |    select|   0|  0|   8|           1|           1|
    |xv_219_fu_25840_p3        |    select|   0|  0|   8|           1|           1|
    |xv_21_fu_29405_p3         |    select|   0|  0|   8|           1|           8|
    |xv_220_fu_32387_p3        |    select|   0|  0|   8|           1|           1|
    |xv_221_fu_32425_p3        |    select|   0|  0|   8|           1|           8|
    |xv_223_fu_25905_p3        |    select|   0|  0|   8|           1|           1|
    |xv_224_fu_25939_p3        |    select|   0|  0|   8|           1|           1|
    |xv_225_fu_32463_p3        |    select|   0|  0|   8|           1|           1|
    |xv_226_fu_32501_p3        |    select|   0|  0|   8|           1|           8|
    |xv_228_fu_26000_p3        |    select|   0|  0|   8|           1|           1|
    |xv_229_fu_26038_p3        |    select|   0|  0|   8|           1|           1|
    |xv_230_fu_32539_p3        |    select|   0|  0|   8|           1|           1|
    |xv_231_fu_32577_p3        |    select|   0|  0|   8|           1|           8|
    |xv_233_fu_26099_p3        |    select|   0|  0|   8|           1|           1|
    |xv_234_fu_26137_p3        |    select|   0|  0|   8|           1|           1|
    |xv_235_fu_32615_p3        |    select|   0|  0|   8|           1|           1|
    |xv_236_fu_32649_p3        |    select|   0|  0|   8|           1|           8|
    |xv_238_fu_26198_p3        |    select|   0|  0|   8|           1|           1|
    |xv_239_fu_26236_p3        |    select|   0|  0|   8|           1|           1|
    |xv_23_fu_21941_p3         |    select|   0|  0|   8|           1|           1|
    |xv_240_fu_32687_p3        |    select|   0|  0|   8|           1|           1|
    |xv_241_fu_32725_p3        |    select|   0|  0|   8|           1|           8|
    |xv_243_fu_26297_p3        |    select|   0|  0|   8|           1|           1|
    |xv_244_fu_26335_p3        |    select|   0|  0|   8|           1|           1|
    |xv_245_fu_32763_p3        |    select|   0|  0|   8|           1|           1|
    |xv_246_fu_32801_p3        |    select|   0|  0|   8|           1|           8|
    |xv_248_fu_26396_p3        |    select|   0|  0|   8|           1|           1|
    |xv_249_fu_26434_p3        |    select|   0|  0|   8|           1|           1|
    |xv_24_fu_21979_p3         |    select|   0|  0|   8|           1|           1|
    |xv_250_fu_32839_p3        |    select|   0|  0|   8|           1|           1|
    |xv_251_fu_32877_p3        |    select|   0|  0|   8|           1|           8|
    |xv_253_fu_26495_p3        |    select|   0|  0|   8|           1|           1|
    |xv_254_fu_26533_p3        |    select|   0|  0|   8|           1|           1|
    |xv_255_fu_32915_p3        |    select|   0|  0|   8|           1|           1|
    |xv_256_fu_32953_p3        |    select|   0|  0|   8|           1|           8|
    |xv_258_fu_26594_p3        |    select|   0|  0|   8|           1|           1|
    |xv_259_fu_26632_p3        |    select|   0|  0|   8|           1|           1|
    |xv_25_fu_29443_p3         |    select|   0|  0|   8|           1|           1|
    |xv_260_fu_32991_p3        |    select|   0|  0|   8|           1|           1|
    |xv_261_fu_33029_p3        |    select|   0|  0|   8|           1|           8|
    |xv_263_fu_26693_p3        |    select|   0|  0|   8|           1|           1|
    |xv_264_fu_26731_p3        |    select|   0|  0|   8|           1|           1|
    |xv_265_fu_33067_p3        |    select|   0|  0|   8|           1|           1|
    |xv_266_fu_33105_p3        |    select|   0|  0|   8|           1|           8|
    |xv_268_fu_26792_p3        |    select|   0|  0|   8|           1|           1|
    |xv_269_fu_26830_p3        |    select|   0|  0|   8|           1|           1|
    |xv_26_fu_29481_p3         |    select|   0|  0|   8|           1|           8|
    |xv_270_fu_33143_p3        |    select|   0|  0|   8|           1|           1|
    |xv_271_fu_33177_p3        |    select|   0|  0|   8|           1|           8|
    |xv_273_fu_26891_p3        |    select|   0|  0|   8|           1|           1|
    |xv_274_fu_26929_p3        |    select|   0|  0|   8|           1|           1|
    |xv_275_fu_33215_p3        |    select|   0|  0|   8|           1|           1|
    |xv_276_fu_33253_p3        |    select|   0|  0|   8|           1|           8|
    |xv_278_fu_26990_p3        |    select|   0|  0|   8|           1|           1|
    |xv_279_fu_27028_p3        |    select|   0|  0|   8|           1|           1|
    |xv_280_fu_33291_p3        |    select|   0|  0|   8|           1|           1|
    |xv_281_fu_33329_p3        |    select|   0|  0|   8|           1|           8|
    |xv_283_fu_27089_p3        |    select|   0|  0|   8|           1|           1|
    |xv_284_fu_27127_p3        |    select|   0|  0|   8|           1|           1|
    |xv_285_fu_33367_p3        |    select|   0|  0|   8|           1|           1|
    |xv_286_fu_33401_p3        |    select|   0|  0|   8|           1|           8|
    |xv_288_fu_27188_p3        |    select|   0|  0|   8|           1|           1|
    |xv_289_fu_27226_p3        |    select|   0|  0|   8|           1|           1|
    |xv_28_fu_22040_p3         |    select|   0|  0|   8|           1|           1|
    |xv_290_fu_33439_p3        |    select|   0|  0|   8|           1|           1|
    |xv_291_fu_33477_p3        |    select|   0|  0|   8|           1|           8|
    |xv_293_fu_27287_p3        |    select|   0|  0|   8|           1|           1|
    |xv_294_fu_27325_p3        |    select|   0|  0|   8|           1|           1|
    |xv_295_fu_33515_p3        |    select|   0|  0|   8|           1|           1|
    |xv_296_fu_33553_p3        |    select|   0|  0|   8|           1|           8|
    |xv_298_fu_27386_p3        |    select|   0|  0|   8|           1|           1|
    |xv_299_fu_27424_p3        |    select|   0|  0|   8|           1|           1|
    |xv_29_fu_22078_p3         |    select|   0|  0|   8|           1|           1|
    |xv_300_fu_33591_p3        |    select|   0|  0|   8|           1|           1|
    |xv_301_fu_33625_p3        |    select|   0|  0|   8|           1|           8|
    |xv_303_fu_27485_p3        |    select|   0|  0|   8|           1|           1|
    |xv_304_fu_27523_p3        |    select|   0|  0|   8|           1|           1|
    |xv_305_fu_33663_p3        |    select|   0|  0|   8|           1|           1|
    |xv_306_fu_33701_p3        |    select|   0|  0|   8|           1|           8|
    |xv_308_fu_27584_p3        |    select|   0|  0|   8|           1|           1|
    |xv_309_fu_27622_p3        |    select|   0|  0|   8|           1|           1|
    |xv_30_fu_29519_p3         |    select|   0|  0|   8|           1|           1|
    |xv_310_fu_33739_p3        |    select|   0|  0|   8|           1|           1|
    |xv_311_fu_33777_p3        |    select|   0|  0|   8|           1|           8|
    |xv_313_fu_27683_p3        |    select|   0|  0|   8|           1|           1|
    |xv_314_fu_27721_p3        |    select|   0|  0|   8|           1|           1|
    |xv_315_fu_33815_p3        |    select|   0|  0|   8|           1|           1|
    |xv_316_fu_33849_p3        |    select|   0|  0|   8|           1|           8|
    |xv_318_fu_27782_p3        |    select|   0|  0|   8|           1|           1|
    |xv_319_fu_27816_p3        |    select|   0|  0|   8|           1|           1|
    |xv_31_fu_29557_p3         |    select|   0|  0|   8|           1|           8|
    |xv_33_fu_22139_p3         |    select|   0|  0|   8|           1|           1|
    |xv_34_fu_22177_p3         |    select|   0|  0|   8|           1|           1|
    |xv_35_fu_29595_p3         |    select|   0|  0|   8|           1|           1|
    |xv_36_fu_29633_p3         |    select|   0|  0|   8|           1|           8|
    |xv_38_fu_22238_p3         |    select|   0|  0|   8|           1|           1|
    |xv_39_fu_22276_p3         |    select|   0|  0|   8|           1|           1|
    |xv_3_fu_21545_p3          |    select|   0|  0|   8|           1|           1|
    |xv_40_fu_29671_p3         |    select|   0|  0|   8|           1|           1|
    |xv_41_fu_29709_p3         |    select|   0|  0|   8|           1|           8|
    |xv_43_fu_22341_p3         |    select|   0|  0|   8|           1|           1|
    |xv_44_fu_22375_p3         |    select|   0|  0|   8|           1|           1|
    |xv_45_fu_29747_p3         |    select|   0|  0|   8|           1|           1|
    |xv_46_fu_29785_p3         |    select|   0|  0|   8|           1|           8|
    |xv_48_fu_22436_p3         |    select|   0|  0|   8|           1|           1|
    |xv_49_fu_22474_p3         |    select|   0|  0|   8|           1|           1|
    |xv_4_fu_21583_p3          |    select|   0|  0|   8|           1|           1|
    |xv_50_fu_29823_p3         |    select|   0|  0|   8|           1|           1|
    |xv_51_fu_29861_p3         |    select|   0|  0|   8|           1|           8|
    |xv_53_fu_22535_p3         |    select|   0|  0|   8|           1|           1|
    |xv_54_fu_22573_p3         |    select|   0|  0|   8|           1|           1|
    |xv_55_fu_29899_p3         |    select|   0|  0|   8|           1|           1|
    |xv_56_fu_29933_p3         |    select|   0|  0|   8|           1|           8|
    |xv_58_fu_22634_p3         |    select|   0|  0|   8|           1|           1|
    |xv_59_fu_22672_p3         |    select|   0|  0|   8|           1|           1|
    |xv_5_fu_29143_p3          |    select|   0|  0|   8|           1|           1|
    |xv_60_fu_29971_p3         |    select|   0|  0|   8|           1|           1|
    |xv_61_fu_30005_p3         |    select|   0|  0|   8|           1|           8|
    |xv_63_fu_22733_p3         |    select|   0|  0|   8|           1|           1|
    |xv_64_fu_22771_p3         |    select|   0|  0|   8|           1|           1|
    |xv_65_fu_30043_p3         |    select|   0|  0|   8|           1|           1|
    |xv_66_fu_30081_p3         |    select|   0|  0|   8|           1|           8|
    |xv_68_fu_22832_p3         |    select|   0|  0|   8|           1|           1|
    |xv_69_fu_22870_p3         |    select|   0|  0|   8|           1|           1|
    |xv_6_fu_29181_p3          |    select|   0|  0|   8|           1|           8|
    |xv_70_fu_30119_p3         |    select|   0|  0|   8|           1|           1|
    |xv_71_fu_30157_p3         |    select|   0|  0|   8|           1|           8|
    |xv_73_fu_22931_p3         |    select|   0|  0|   8|           1|           1|
    |xv_74_fu_22969_p3         |    select|   0|  0|   8|           1|           1|
    |xv_75_fu_30195_p3         |    select|   0|  0|   8|           1|           1|
    |xv_76_fu_30233_p3         |    select|   0|  0|   8|           1|           8|
    |xv_78_fu_23030_p3         |    select|   0|  0|   8|           1|           1|
    |xv_79_fu_23068_p3         |    select|   0|  0|   8|           1|           1|
    |xv_80_fu_30271_p3         |    select|   0|  0|   8|           1|           1|
    |xv_81_fu_30305_p3         |    select|   0|  0|   8|           1|           8|
    |xv_83_fu_23129_p3         |    select|   0|  0|   8|           1|           1|
    |xv_84_fu_23167_p3         |    select|   0|  0|   8|           1|           1|
    |xv_85_fu_30343_p3         |    select|   0|  0|   8|           1|           1|
    |xv_86_fu_30381_p3         |    select|   0|  0|   8|           1|           8|
    |xv_88_fu_23232_p3         |    select|   0|  0|   8|           1|           1|
    |xv_89_fu_23266_p3         |    select|   0|  0|   8|           1|           1|
    |xv_8_fu_21648_p3          |    select|   0|  0|   8|           1|           1|
    |xv_90_fu_30419_p3         |    select|   0|  0|   8|           1|           1|
    |xv_91_fu_30453_p3         |    select|   0|  0|   8|           1|           8|
    |xv_93_fu_23327_p3         |    select|   0|  0|   8|           1|           1|
    |xv_94_fu_23365_p3         |    select|   0|  0|   8|           1|           1|
    |xv_95_fu_30491_p3         |    select|   0|  0|   8|           1|           1|
    |xv_96_fu_30529_p3         |    select|   0|  0|   8|           1|           8|
    |xv_98_fu_23426_p3         |    select|   0|  0|   8|           1|           1|
    |xv_99_fu_23464_p3         |    select|   0|  0|   8|           1|           1|
    |xv_9_fu_21682_p3          |    select|   0|  0|   8|           1|           1|
    |xv_fu_29067_p3            |    select|   0|  0|   8|           1|           1|
    |y_d0                      |    select|   0|  0|   8|           1|           8|
    |ap_enable_pp0             |       xor|   0|  0|   2|           1|           2|
    +--------------------------+----------+----+---+----+------------+------------+
    |Total                     |          |   0|  0|5520|        2722|        3127|
    +--------------------------+----------+----+---+----+------------+------------+

    * Multiplexer: 
    +--------------------------------+-----+-----------+-----+-----------+
    |              Name              | LUT | Input Size| Bits| Total Bits|
    +--------------------------------+-----+-----------+-----+-----------+
    |ap_done_int                     |    9|          2|    1|          2|
    |ap_enable_reg_pp0_iter1         |    9|          2|    1|          2|
    |ap_sig_allocacmp_phi_urem_load  |    9|          2|    8|         16|
    |ap_sig_allocacmp_t              |    9|          2|    8|         16|
    |phi_mul_fu_1400                 |    9|          2|   16|         32|
    |phi_urem_fu_1396                |    9|          2|    8|         16|
    |t_in_fu_1404                    |    9|          2|    8|         16|
    |x_0_0_address0                  |   14|          3|    5|         15|
    |x_0_0_address1                  |   20|          4|    5|         20|
    |x_0_10_address0                 |   14|          3|    5|         15|
    |x_0_10_address1                 |   20|          4|    5|         20|
    |x_0_11_address0                 |   14|          3|    5|         15|
    |x_0_11_address1                 |   20|          4|    5|         20|
    |x_0_12_address0                 |   14|          3|    5|         15|
    |x_0_12_address1                 |   20|          4|    5|         20|
    |x_0_13_address0                 |   14|          3|    5|         15|
    |x_0_13_address1                 |   20|          4|    5|         20|
    |x_0_14_address0                 |   14|          3|    5|         15|
    |x_0_14_address1                 |   20|          4|    5|         20|
    |x_0_15_address0                 |   14|          3|    5|         15|
    |x_0_15_address1                 |   20|          4|    5|         20|
    |x_0_16_address0                 |   14|          3|    5|         15|
    |x_0_16_address1                 |   20|          4|    5|         20|
    |x_0_17_address0                 |   14|          3|    5|         15|
    |x_0_17_address1                 |   20|          4|    5|         20|
    |x_0_18_address0                 |   14|          3|    5|         15|
    |x_0_18_address1                 |   20|          4|    5|         20|
    |x_0_19_address0                 |   14|          3|    5|         15|
    |x_0_19_address1                 |   20|          4|    5|         20|
    |x_0_1_address0                  |   14|          3|    5|         15|
    |x_0_1_address1                  |   20|          4|    5|         20|
    |x_0_20_address0                 |   14|          3|    5|         15|
    |x_0_20_address1                 |   20|          4|    5|         20|
    |x_0_21_address0                 |   14|          3|    5|         15|
    |x_0_21_address1                 |   20|          4|    5|         20|
    |x_0_22_address0                 |   14|          3|    5|         15|
    |x_0_22_address1                 |   20|          4|    5|         20|
    |x_0_23_address0                 |   14|          3|    5|         15|
    |x_0_23_address1                 |   20|          4|    5|         20|
    |x_0_24_address0                 |   14|          3|    5|         15|
    |x_0_24_address1                 |   20|          4|    5|         20|
    |x_0_25_address0                 |   14|          3|    5|         15|
    |x_0_25_address1                 |   20|          4|    5|         20|
    |x_0_26_address0                 |   14|          3|    5|         15|
    |x_0_26_address1                 |   20|          4|    5|         20|
    |x_0_27_address0                 |   14|          3|    5|         15|
    |x_0_27_address1                 |   20|          4|    5|         20|
    |x_0_28_address0                 |   14|          3|    5|         15|
    |x_0_28_address1                 |   20|          4|    5|         20|
    |x_0_29_address0                 |   14|          3|    5|         15|
    |x_0_29_address1                 |   20|          4|    5|         20|
    |x_0_2_address0                  |   14|          3|    5|         15|
    |x_0_2_address1                  |   20|          4|    5|         20|
    |x_0_30_address0                 |   14|          3|    5|         15|
    |x_0_30_address1                 |   20|          4|    5|         20|
    |x_0_31_address0                 |   14|          3|    5|         15|
    |x_0_31_address1                 |   20|          4|    5|         20|
    |x_0_32_address0                 |   14|          3|    5|         15|
    |x_0_32_address1                 |   20|          4|    5|         20|
    |x_0_33_address0                 |   14|          3|    5|         15|
    |x_0_33_address1                 |   20|          4|    5|         20|
    |x_0_34_address0                 |   14|          3|    5|         15|
    |x_0_34_address1                 |   20|          4|    5|         20|
    |x_0_35_address0                 |   14|          3|    5|         15|
    |x_0_35_address1                 |   20|          4|    5|         20|
    |x_0_36_address0                 |   14|          3|    5|         15|
    |x_0_36_address1                 |   20|          4|    5|         20|
    |x_0_37_address0                 |   14|          3|    5|         15|
    |x_0_37_address1                 |   20|          4|    5|         20|
    |x_0_38_address0                 |   14|          3|    5|         15|
    |x_0_38_address1                 |   20|          4|    5|         20|
    |x_0_39_address0                 |   14|          3|    5|         15|
    |x_0_39_address1                 |   20|          4|    5|         20|
    |x_0_3_address0                  |   14|          3|    5|         15|
    |x_0_3_address1                  |   20|          4|    5|         20|
    |x_0_40_address0                 |   14|          3|    5|         15|
    |x_0_40_address1                 |   20|          4|    5|         20|
    |x_0_41_address0                 |   14|          3|    5|         15|
    |x_0_41_address1                 |   20|          4|    5|         20|
    |x_0_42_address0                 |   14|          3|    5|         15|
    |x_0_42_address1                 |   20|          4|    5|         20|
    |x_0_43_address0                 |   14|          3|    5|         15|
    |x_0_43_address1                 |   20|          4|    5|         20|
    |x_0_44_address0                 |   14|          3|    5|         15|
    |x_0_44_address1                 |   20|          4|    5|         20|
    |x_0_45_address0                 |   14|          3|    5|         15|
    |x_0_45_address1                 |   20|          4|    5|         20|
    |x_0_46_address0                 |   14|          3|    5|         15|
    |x_0_46_address1                 |   20|          4|    5|         20|
    |x_0_47_address0                 |   14|          3|    5|         15|
    |x_0_47_address1                 |   20|          4|    5|         20|
    |x_0_48_address0                 |   14|          3|    5|         15|
    |x_0_48_address1                 |   20|          4|    5|         20|
    |x_0_49_address0                 |   14|          3|    5|         15|
    |x_0_49_address1                 |   20|          4|    5|         20|
    |x_0_4_address0                  |   14|          3|    5|         15|
    |x_0_4_address1                  |   20|          4|    5|         20|
    |x_0_50_address0                 |   14|          3|    5|         15|
    |x_0_50_address1                 |   20|          4|    5|         20|
    |x_0_51_address0                 |   14|          3|    5|         15|
    |x_0_51_address1                 |   20|          4|    5|         20|
    |x_0_52_address0                 |   14|          3|    5|         15|
    |x_0_52_address1                 |   20|          4|    5|         20|
    |x_0_53_address0                 |   14|          3|    5|         15|
    |x_0_53_address1                 |   20|          4|    5|         20|
    |x_0_54_address0                 |   14|          3|    5|         15|
    |x_0_54_address1                 |   20|          4|    5|         20|
    |x_0_55_address0                 |   14|          3|    5|         15|
    |x_0_55_address1                 |   20|          4|    5|         20|
    |x_0_56_address0                 |   14|          3|    5|         15|
    |x_0_56_address1                 |   20|          4|    5|         20|
    |x_0_57_address0                 |   14|          3|    5|         15|
    |x_0_57_address1                 |   20|          4|    5|         20|
    |x_0_58_address0                 |   14|          3|    5|         15|
    |x_0_58_address1                 |   20|          4|    5|         20|
    |x_0_59_address0                 |   14|          3|    5|         15|
    |x_0_59_address1                 |   20|          4|    5|         20|
    |x_0_5_address0                  |   14|          3|    5|         15|
    |x_0_5_address1                  |   20|          4|    5|         20|
    |x_0_60_address0                 |   14|          3|    5|         15|
    |x_0_60_address1                 |   20|          4|    5|         20|
    |x_0_61_address0                 |   14|          3|    5|         15|
    |x_0_61_address1                 |   20|          4|    5|         20|
    |x_0_62_address0                 |   14|          3|    5|         15|
    |x_0_62_address1                 |   20|          4|    5|         20|
    |x_0_63_address0                 |   14|          3|    5|         15|
    |x_0_63_address1                 |   20|          4|    5|         20|
    |x_0_6_address0                  |   14|          3|    5|         15|
    |x_0_6_address1                  |   20|          4|    5|         20|
    |x_0_7_address0                  |   14|          3|    5|         15|
    |x_0_7_address1                  |   20|          4|    5|         20|
    |x_0_8_address0                  |   14|          3|    5|         15|
    |x_0_8_address1                  |   20|          4|    5|         20|
    |x_0_9_address0                  |   14|          3|    5|         15|
    |x_0_9_address1                  |   20|          4|    5|         20|
    |x_1_0_address0                  |   14|          3|    5|         15|
    |x_1_0_address1                  |   20|          4|    5|         20|
    |x_1_10_address0                 |   14|          3|    5|         15|
    |x_1_10_address1                 |   20|          4|    5|         20|
    |x_1_11_address0                 |   14|          3|    5|         15|
    |x_1_11_address1                 |   20|          4|    5|         20|
    |x_1_12_address0                 |   14|          3|    5|         15|
    |x_1_12_address1                 |   20|          4|    5|         20|
    |x_1_13_address0                 |   14|          3|    5|         15|
    |x_1_13_address1                 |   20|          4|    5|         20|
    |x_1_14_address0                 |   14|          3|    5|         15|
    |x_1_14_address1                 |   20|          4|    5|         20|
    |x_1_15_address0                 |   14|          3|    5|         15|
    |x_1_15_address1                 |   20|          4|    5|         20|
    |x_1_16_address0                 |   14|          3|    5|         15|
    |x_1_16_address1                 |   20|          4|    5|         20|
    |x_1_17_address0                 |   14|          3|    5|         15|
    |x_1_17_address1                 |   20|          4|    5|         20|
    |x_1_18_address0                 |   14|          3|    5|         15|
    |x_1_18_address1                 |   20|          4|    5|         20|
    |x_1_19_address0                 |   14|          3|    5|         15|
    |x_1_19_address1                 |   20|          4|    5|         20|
    |x_1_1_address0                  |   14|          3|    5|         15|
    |x_1_1_address1                  |   20|          4|    5|         20|
    |x_1_20_address0                 |   14|          3|    5|         15|
    |x_1_20_address1                 |   20|          4|    5|         20|
    |x_1_21_address0                 |   14|          3|    5|         15|
    |x_1_21_address1                 |   20|          4|    5|         20|
    |x_1_22_address0                 |   14|          3|    5|         15|
    |x_1_22_address1                 |   20|          4|    5|         20|
    |x_1_23_address0                 |   14|          3|    5|         15|
    |x_1_23_address1                 |   20|          4|    5|         20|
    |x_1_24_address0                 |   14|          3|    5|         15|
    |x_1_24_address1                 |   20|          4|    5|         20|
    |x_1_25_address0                 |   14|          3|    5|         15|
    |x_1_25_address1                 |   20|          4|    5|         20|
    |x_1_26_address0                 |   14|          3|    5|         15|
    |x_1_26_address1                 |   20|          4|    5|         20|
    |x_1_27_address0                 |   14|          3|    5|         15|
    |x_1_27_address1                 |   20|          4|    5|         20|
    |x_1_28_address0                 |   14|          3|    5|         15|
    |x_1_28_address1                 |   20|          4|    5|         20|
    |x_1_29_address0                 |   14|          3|    5|         15|
    |x_1_29_address1                 |   20|          4|    5|         20|
    |x_1_2_address0                  |   14|          3|    5|         15|
    |x_1_2_address1                  |   20|          4|    5|         20|
    |x_1_30_address0                 |   14|          3|    5|         15|
    |x_1_30_address1                 |   20|          4|    5|         20|
    |x_1_31_address0                 |   14|          3|    5|         15|
    |x_1_31_address1                 |   20|          4|    5|         20|
    |x_1_32_address0                 |   14|          3|    5|         15|
    |x_1_32_address1                 |   20|          4|    5|         20|
    |x_1_33_address0                 |   14|          3|    5|         15|
    |x_1_33_address1                 |   20|          4|    5|         20|
    |x_1_34_address0                 |   14|          3|    5|         15|
    |x_1_34_address1                 |   20|          4|    5|         20|
    |x_1_35_address0                 |   14|          3|    5|         15|
    |x_1_35_address1                 |   20|          4|    5|         20|
    |x_1_36_address0                 |   14|          3|    5|         15|
    |x_1_36_address1                 |   20|          4|    5|         20|
    |x_1_37_address0                 |   14|          3|    5|         15|
    |x_1_37_address1                 |   20|          4|    5|         20|
    |x_1_38_address0                 |   14|          3|    5|         15|
    |x_1_38_address1                 |   20|          4|    5|         20|
    |x_1_39_address0                 |   14|          3|    5|         15|
    |x_1_39_address1                 |   20|          4|    5|         20|
    |x_1_3_address0                  |   14|          3|    5|         15|
    |x_1_3_address1                  |   20|          4|    5|         20|
    |x_1_40_address0                 |   14|          3|    5|         15|
    |x_1_40_address1                 |   20|          4|    5|         20|
    |x_1_41_address0                 |   14|          3|    5|         15|
    |x_1_41_address1                 |   20|          4|    5|         20|
    |x_1_42_address0                 |   14|          3|    5|         15|
    |x_1_42_address1                 |   20|          4|    5|         20|
    |x_1_43_address0                 |   14|          3|    5|         15|
    |x_1_43_address1                 |   20|          4|    5|         20|
    |x_1_44_address0                 |   14|          3|    5|         15|
    |x_1_44_address1                 |   20|          4|    5|         20|
    |x_1_45_address0                 |   14|          3|    5|         15|
    |x_1_45_address1                 |   20|          4|    5|         20|
    |x_1_46_address0                 |   14|          3|    5|         15|
    |x_1_46_address1                 |   20|          4|    5|         20|
    |x_1_47_address0                 |   14|          3|    5|         15|
    |x_1_47_address1                 |   20|          4|    5|         20|
    |x_1_48_address0                 |   14|          3|    5|         15|
    |x_1_48_address1                 |   20|          4|    5|         20|
    |x_1_49_address0                 |   14|          3|    5|         15|
    |x_1_49_address1                 |   20|          4|    5|         20|
    |x_1_4_address0                  |   14|          3|    5|         15|
    |x_1_4_address1                  |   20|          4|    5|         20|
    |x_1_50_address0                 |   14|          3|    5|         15|
    |x_1_50_address1                 |   20|          4|    5|         20|
    |x_1_51_address0                 |   14|          3|    5|         15|
    |x_1_51_address1                 |   20|          4|    5|         20|
    |x_1_52_address0                 |   14|          3|    5|         15|
    |x_1_52_address1                 |   20|          4|    5|         20|
    |x_1_53_address0                 |   14|          3|    5|         15|
    |x_1_53_address1                 |   20|          4|    5|         20|
    |x_1_54_address0                 |   14|          3|    5|         15|
    |x_1_54_address1                 |   20|          4|    5|         20|
    |x_1_55_address0                 |   14|          3|    5|         15|
    |x_1_55_address1                 |   20|          4|    5|         20|
    |x_1_56_address0                 |   14|          3|    5|         15|
    |x_1_56_address1                 |   20|          4|    5|         20|
    |x_1_57_address0                 |   14|          3|    5|         15|
    |x_1_57_address1                 |   20|          4|    5|         20|
    |x_1_58_address0                 |   14|          3|    5|         15|
    |x_1_58_address1                 |   20|          4|    5|         20|
    |x_1_59_address0                 |   14|          3|    5|         15|
    |x_1_59_address1                 |   20|          4|    5|         20|
    |x_1_5_address0                  |   14|          3|    5|         15|
    |x_1_5_address1                  |   20|          4|    5|         20|
    |x_1_60_address0                 |   14|          3|    5|         15|
    |x_1_60_address1                 |   20|          4|    5|         20|
    |x_1_61_address0                 |   14|          3|    5|         15|
    |x_1_61_address1                 |   20|          4|    5|         20|
    |x_1_62_address0                 |   14|          3|    5|         15|
    |x_1_62_address1                 |   20|          4|    5|         20|
    |x_1_63_address0                 |   14|          3|    5|         15|
    |x_1_63_address1                 |   20|          4|    5|         20|
    |x_1_6_address0                  |   14|          3|    5|         15|
    |x_1_6_address1                  |   20|          4|    5|         20|
    |x_1_7_address0                  |   14|          3|    5|         15|
    |x_1_7_address1                  |   20|          4|    5|         20|
    |x_1_8_address0                  |   14|          3|    5|         15|
    |x_1_8_address1                  |   20|          4|    5|         20|
    |x_1_9_address0                  |   14|          3|    5|         15|
    |x_1_9_address1                  |   20|          4|    5|         20|
    |x_2_0_address0                  |   14|          3|    5|         15|
    |x_2_0_address1                  |   20|          4|    5|         20|
    |x_2_10_address0                 |   14|          3|    5|         15|
    |x_2_10_address1                 |   20|          4|    5|         20|
    |x_2_11_address0                 |   14|          3|    5|         15|
    |x_2_11_address1                 |   20|          4|    5|         20|
    |x_2_12_address0                 |   14|          3|    5|         15|
    |x_2_12_address1                 |   20|          4|    5|         20|
    |x_2_13_address0                 |   14|          3|    5|         15|
    |x_2_13_address1                 |   20|          4|    5|         20|
    |x_2_14_address0                 |   14|          3|    5|         15|
    |x_2_14_address1                 |   20|          4|    5|         20|
    |x_2_15_address0                 |   14|          3|    5|         15|
    |x_2_15_address1                 |   20|          4|    5|         20|
    |x_2_16_address0                 |   14|          3|    5|         15|
    |x_2_16_address1                 |   20|          4|    5|         20|
    |x_2_17_address0                 |   14|          3|    5|         15|
    |x_2_17_address1                 |   20|          4|    5|         20|
    |x_2_18_address0                 |   14|          3|    5|         15|
    |x_2_18_address1                 |   20|          4|    5|         20|
    |x_2_19_address0                 |   14|          3|    5|         15|
    |x_2_19_address1                 |   20|          4|    5|         20|
    |x_2_1_address0                  |   14|          3|    5|         15|
    |x_2_1_address1                  |   20|          4|    5|         20|
    |x_2_20_address0                 |   14|          3|    5|         15|
    |x_2_20_address1                 |   20|          4|    5|         20|
    |x_2_21_address0                 |   14|          3|    5|         15|
    |x_2_21_address1                 |   20|          4|    5|         20|
    |x_2_22_address0                 |   14|          3|    5|         15|
    |x_2_22_address1                 |   20|          4|    5|         20|
    |x_2_23_address0                 |   14|          3|    5|         15|
    |x_2_23_address1                 |   20|          4|    5|         20|
    |x_2_24_address0                 |   14|          3|    5|         15|
    |x_2_24_address1                 |   20|          4|    5|         20|
    |x_2_25_address0                 |   14|          3|    5|         15|
    |x_2_25_address1                 |   20|          4|    5|         20|
    |x_2_26_address0                 |   14|          3|    5|         15|
    |x_2_26_address1                 |   20|          4|    5|         20|
    |x_2_27_address0                 |   14|          3|    5|         15|
    |x_2_27_address1                 |   20|          4|    5|         20|
    |x_2_28_address0                 |   14|          3|    5|         15|
    |x_2_28_address1                 |   20|          4|    5|         20|
    |x_2_29_address0                 |   14|          3|    5|         15|
    |x_2_29_address1                 |   20|          4|    5|         20|
    |x_2_2_address0                  |   14|          3|    5|         15|
    |x_2_2_address1                  |   20|          4|    5|         20|
    |x_2_30_address0                 |   14|          3|    5|         15|
    |x_2_30_address1                 |   20|          4|    5|         20|
    |x_2_31_address0                 |   14|          3|    5|         15|
    |x_2_31_address1                 |   20|          4|    5|         20|
    |x_2_32_address0                 |   14|          3|    5|         15|
    |x_2_32_address1                 |   20|          4|    5|         20|
    |x_2_33_address0                 |   14|          3|    5|         15|
    |x_2_33_address1                 |   20|          4|    5|         20|
    |x_2_34_address0                 |   14|          3|    5|         15|
    |x_2_34_address1                 |   20|          4|    5|         20|
    |x_2_35_address0                 |   14|          3|    5|         15|
    |x_2_35_address1                 |   20|          4|    5|         20|
    |x_2_36_address0                 |   14|          3|    5|         15|
    |x_2_36_address1                 |   20|          4|    5|         20|
    |x_2_37_address0                 |   14|          3|    5|         15|
    |x_2_37_address1                 |   20|          4|    5|         20|
    |x_2_38_address0                 |   14|          3|    5|         15|
    |x_2_38_address1                 |   20|          4|    5|         20|
    |x_2_39_address0                 |   14|          3|    5|         15|
    |x_2_39_address1                 |   20|          4|    5|         20|
    |x_2_3_address0                  |   14|          3|    5|         15|
    |x_2_3_address1                  |   20|          4|    5|         20|
    |x_2_40_address0                 |   14|          3|    5|         15|
    |x_2_40_address1                 |   20|          4|    5|         20|
    |x_2_41_address0                 |   14|          3|    5|         15|
    |x_2_41_address1                 |   20|          4|    5|         20|
    |x_2_42_address0                 |   14|          3|    5|         15|
    |x_2_42_address1                 |   20|          4|    5|         20|
    |x_2_43_address0                 |   14|          3|    5|         15|
    |x_2_43_address1                 |   20|          4|    5|         20|
    |x_2_44_address0                 |   14|          3|    5|         15|
    |x_2_44_address1                 |   20|          4|    5|         20|
    |x_2_45_address0                 |   14|          3|    5|         15|
    |x_2_45_address1                 |   20|          4|    5|         20|
    |x_2_46_address0                 |   14|          3|    5|         15|
    |x_2_46_address1                 |   20|          4|    5|         20|
    |x_2_47_address0                 |   14|          3|    5|         15|
    |x_2_47_address1                 |   20|          4|    5|         20|
    |x_2_48_address0                 |   14|          3|    5|         15|
    |x_2_48_address1                 |   20|          4|    5|         20|
    |x_2_49_address0                 |   14|          3|    5|         15|
    |x_2_49_address1                 |   20|          4|    5|         20|
    |x_2_4_address0                  |   14|          3|    5|         15|
    |x_2_4_address1                  |   20|          4|    5|         20|
    |x_2_50_address0                 |   14|          3|    5|         15|
    |x_2_50_address1                 |   20|          4|    5|         20|
    |x_2_51_address0                 |   14|          3|    5|         15|
    |x_2_51_address1                 |   20|          4|    5|         20|
    |x_2_52_address0                 |   14|          3|    5|         15|
    |x_2_52_address1                 |   20|          4|    5|         20|
    |x_2_53_address0                 |   14|          3|    5|         15|
    |x_2_53_address1                 |   20|          4|    5|         20|
    |x_2_54_address0                 |   14|          3|    5|         15|
    |x_2_54_address1                 |   20|          4|    5|         20|
    |x_2_55_address0                 |   14|          3|    5|         15|
    |x_2_55_address1                 |   20|          4|    5|         20|
    |x_2_56_address0                 |   14|          3|    5|         15|
    |x_2_56_address1                 |   20|          4|    5|         20|
    |x_2_57_address0                 |   14|          3|    5|         15|
    |x_2_57_address1                 |   20|          4|    5|         20|
    |x_2_58_address0                 |   14|          3|    5|         15|
    |x_2_58_address1                 |   20|          4|    5|         20|
    |x_2_59_address0                 |   14|          3|    5|         15|
    |x_2_59_address1                 |   20|          4|    5|         20|
    |x_2_5_address0                  |   14|          3|    5|         15|
    |x_2_5_address1                  |   20|          4|    5|         20|
    |x_2_60_address0                 |   14|          3|    5|         15|
    |x_2_60_address1                 |   20|          4|    5|         20|
    |x_2_61_address0                 |   14|          3|    5|         15|
    |x_2_61_address1                 |   20|          4|    5|         20|
    |x_2_62_address0                 |   14|          3|    5|         15|
    |x_2_62_address1                 |   20|          4|    5|         20|
    |x_2_63_address0                 |   14|          3|    5|         15|
    |x_2_63_address1                 |   20|          4|    5|         20|
    |x_2_6_address0                  |   14|          3|    5|         15|
    |x_2_6_address1                  |   20|          4|    5|         20|
    |x_2_7_address0                  |   14|          3|    5|         15|
    |x_2_7_address1                  |   20|          4|    5|         20|
    |x_2_8_address0                  |   14|          3|    5|         15|
    |x_2_8_address1                  |   20|          4|    5|         20|
    |x_2_9_address0                  |   14|          3|    5|         15|
    |x_2_9_address1                  |   20|          4|    5|         20|
    |x_3_0_address0                  |   14|          3|    5|         15|
    |x_3_0_address1                  |   20|          4|    5|         20|
    |x_3_10_address0                 |   14|          3|    5|         15|
    |x_3_10_address1                 |   20|          4|    5|         20|
    |x_3_11_address0                 |   14|          3|    5|         15|
    |x_3_11_address1                 |   20|          4|    5|         20|
    |x_3_12_address0                 |   14|          3|    5|         15|
    |x_3_12_address1                 |   20|          4|    5|         20|
    |x_3_13_address0                 |   14|          3|    5|         15|
    |x_3_13_address1                 |   20|          4|    5|         20|
    |x_3_14_address0                 |   14|          3|    5|         15|
    |x_3_14_address1                 |   20|          4|    5|         20|
    |x_3_15_address0                 |   14|          3|    5|         15|
    |x_3_15_address1                 |   20|          4|    5|         20|
    |x_3_16_address0                 |   14|          3|    5|         15|
    |x_3_16_address1                 |   20|          4|    5|         20|
    |x_3_17_address0                 |   14|          3|    5|         15|
    |x_3_17_address1                 |   20|          4|    5|         20|
    |x_3_18_address0                 |   14|          3|    5|         15|
    |x_3_18_address1                 |   20|          4|    5|         20|
    |x_3_19_address0                 |   14|          3|    5|         15|
    |x_3_19_address1                 |   20|          4|    5|         20|
    |x_3_1_address0                  |   14|          3|    5|         15|
    |x_3_1_address1                  |   20|          4|    5|         20|
    |x_3_20_address0                 |   14|          3|    5|         15|
    |x_3_20_address1                 |   20|          4|    5|         20|
    |x_3_21_address0                 |   14|          3|    5|         15|
    |x_3_21_address1                 |   20|          4|    5|         20|
    |x_3_22_address0                 |   14|          3|    5|         15|
    |x_3_22_address1                 |   20|          4|    5|         20|
    |x_3_23_address0                 |   14|          3|    5|         15|
    |x_3_23_address1                 |   20|          4|    5|         20|
    |x_3_24_address0                 |   14|          3|    5|         15|
    |x_3_24_address1                 |   20|          4|    5|         20|
    |x_3_25_address0                 |   14|          3|    5|         15|
    |x_3_25_address1                 |   20|          4|    5|         20|
    |x_3_26_address0                 |   14|          3|    5|         15|
    |x_3_26_address1                 |   20|          4|    5|         20|
    |x_3_27_address0                 |   14|          3|    5|         15|
    |x_3_27_address1                 |   20|          4|    5|         20|
    |x_3_28_address0                 |   14|          3|    5|         15|
    |x_3_28_address1                 |   20|          4|    5|         20|
    |x_3_29_address0                 |   14|          3|    5|         15|
    |x_3_29_address1                 |   20|          4|    5|         20|
    |x_3_2_address0                  |   14|          3|    5|         15|
    |x_3_2_address1                  |   20|          4|    5|         20|
    |x_3_30_address0                 |   14|          3|    5|         15|
    |x_3_30_address1                 |   20|          4|    5|         20|
    |x_3_31_address0                 |   14|          3|    5|         15|
    |x_3_31_address1                 |   20|          4|    5|         20|
    |x_3_32_address0                 |   14|          3|    5|         15|
    |x_3_32_address1                 |   20|          4|    5|         20|
    |x_3_33_address0                 |   14|          3|    5|         15|
    |x_3_33_address1                 |   20|          4|    5|         20|
    |x_3_34_address0                 |   14|          3|    5|         15|
    |x_3_34_address1                 |   20|          4|    5|         20|
    |x_3_35_address0                 |   14|          3|    5|         15|
    |x_3_35_address1                 |   20|          4|    5|         20|
    |x_3_36_address0                 |   14|          3|    5|         15|
    |x_3_36_address1                 |   20|          4|    5|         20|
    |x_3_37_address0                 |   14|          3|    5|         15|
    |x_3_37_address1                 |   20|          4|    5|         20|
    |x_3_38_address0                 |   14|          3|    5|         15|
    |x_3_38_address1                 |   20|          4|    5|         20|
    |x_3_39_address0                 |   14|          3|    5|         15|
    |x_3_39_address1                 |   20|          4|    5|         20|
    |x_3_3_address0                  |   14|          3|    5|         15|
    |x_3_3_address1                  |   20|          4|    5|         20|
    |x_3_40_address0                 |   14|          3|    5|         15|
    |x_3_40_address1                 |   20|          4|    5|         20|
    |x_3_41_address0                 |   14|          3|    5|         15|
    |x_3_41_address1                 |   20|          4|    5|         20|
    |x_3_42_address0                 |   14|          3|    5|         15|
    |x_3_42_address1                 |   20|          4|    5|         20|
    |x_3_43_address0                 |   14|          3|    5|         15|
    |x_3_43_address1                 |   20|          4|    5|         20|
    |x_3_44_address0                 |   14|          3|    5|         15|
    |x_3_44_address1                 |   20|          4|    5|         20|
    |x_3_45_address0                 |   14|          3|    5|         15|
    |x_3_45_address1                 |   20|          4|    5|         20|
    |x_3_46_address0                 |   14|          3|    5|         15|
    |x_3_46_address1                 |   20|          4|    5|         20|
    |x_3_47_address0                 |   14|          3|    5|         15|
    |x_3_47_address1                 |   20|          4|    5|         20|
    |x_3_48_address0                 |   14|          3|    5|         15|
    |x_3_48_address1                 |   20|          4|    5|         20|
    |x_3_49_address0                 |   14|          3|    5|         15|
    |x_3_49_address1                 |   20|          4|    5|         20|
    |x_3_4_address0                  |   14|          3|    5|         15|
    |x_3_4_address1                  |   20|          4|    5|         20|
    |x_3_50_address0                 |   14|          3|    5|         15|
    |x_3_50_address1                 |   20|          4|    5|         20|
    |x_3_51_address0                 |   14|          3|    5|         15|
    |x_3_51_address1                 |   20|          4|    5|         20|
    |x_3_52_address0                 |   14|          3|    5|         15|
    |x_3_52_address1                 |   20|          4|    5|         20|
    |x_3_53_address0                 |   14|          3|    5|         15|
    |x_3_53_address1                 |   20|          4|    5|         20|
    |x_3_54_address0                 |   14|          3|    5|         15|
    |x_3_54_address1                 |   20|          4|    5|         20|
    |x_3_55_address0                 |   14|          3|    5|         15|
    |x_3_55_address1                 |   20|          4|    5|         20|
    |x_3_56_address0                 |   14|          3|    5|         15|
    |x_3_56_address1                 |   20|          4|    5|         20|
    |x_3_57_address0                 |   14|          3|    5|         15|
    |x_3_57_address1                 |   20|          4|    5|         20|
    |x_3_58_address0                 |   14|          3|    5|         15|
    |x_3_58_address1                 |   20|          4|    5|         20|
    |x_3_59_address0                 |   14|          3|    5|         15|
    |x_3_59_address1                 |   20|          4|    5|         20|
    |x_3_5_address0                  |   14|          3|    5|         15|
    |x_3_5_address1                  |   20|          4|    5|         20|
    |x_3_60_address0                 |   14|          3|    5|         15|
    |x_3_60_address1                 |   20|          4|    5|         20|
    |x_3_61_address0                 |   14|          3|    5|         15|
    |x_3_61_address1                 |   20|          4|    5|         20|
    |x_3_62_address0                 |   14|          3|    5|         15|
    |x_3_62_address1                 |   20|          4|    5|         20|
    |x_3_63_address0                 |   14|          3|    5|         15|
    |x_3_63_address1                 |   20|          4|    5|         20|
    |x_3_6_address0                  |   14|          3|    5|         15|
    |x_3_6_address1                  |   20|          4|    5|         20|
    |x_3_7_address0                  |   14|          3|    5|         15|
    |x_3_7_address1                  |   20|          4|    5|         20|
    |x_3_8_address0                  |   14|          3|    5|         15|
    |x_3_8_address1                  |   20|          4|    5|         20|
    |x_3_9_address0                  |   14|          3|    5|         15|
    |x_3_9_address1                  |   20|          4|    5|         20|
    |x_4_0_address0                  |   14|          3|    5|         15|
    |x_4_0_address1                  |   20|          4|    5|         20|
    |x_4_10_address0                 |   14|          3|    5|         15|
    |x_4_10_address1                 |   20|          4|    5|         20|
    |x_4_11_address0                 |   14|          3|    5|         15|
    |x_4_11_address1                 |   20|          4|    5|         20|
    |x_4_12_address0                 |   14|          3|    5|         15|
    |x_4_12_address1                 |   20|          4|    5|         20|
    |x_4_13_address0                 |   14|          3|    5|         15|
    |x_4_13_address1                 |   20|          4|    5|         20|
    |x_4_14_address0                 |   14|          3|    5|         15|
    |x_4_14_address1                 |   20|          4|    5|         20|
    |x_4_15_address0                 |   14|          3|    5|         15|
    |x_4_15_address1                 |   20|          4|    5|         20|
    |x_4_16_address0                 |   14|          3|    5|         15|
    |x_4_16_address1                 |   20|          4|    5|         20|
    |x_4_17_address0                 |   14|          3|    5|         15|
    |x_4_17_address1                 |   20|          4|    5|         20|
    |x_4_18_address0                 |   14|          3|    5|         15|
    |x_4_18_address1                 |   20|          4|    5|         20|
    |x_4_19_address0                 |   14|          3|    5|         15|
    |x_4_19_address1                 |   20|          4|    5|         20|
    |x_4_1_address0                  |   14|          3|    5|         15|
    |x_4_1_address1                  |   20|          4|    5|         20|
    |x_4_20_address0                 |   14|          3|    5|         15|
    |x_4_20_address1                 |   20|          4|    5|         20|
    |x_4_21_address0                 |   14|          3|    5|         15|
    |x_4_21_address1                 |   20|          4|    5|         20|
    |x_4_22_address0                 |   14|          3|    5|         15|
    |x_4_22_address1                 |   20|          4|    5|         20|
    |x_4_23_address0                 |   14|          3|    5|         15|
    |x_4_23_address1                 |   20|          4|    5|         20|
    |x_4_24_address0                 |   14|          3|    5|         15|
    |x_4_24_address1                 |   20|          4|    5|         20|
    |x_4_25_address0                 |   14|          3|    5|         15|
    |x_4_25_address1                 |   20|          4|    5|         20|
    |x_4_26_address0                 |   14|          3|    5|         15|
    |x_4_26_address1                 |   20|          4|    5|         20|
    |x_4_27_address0                 |   14|          3|    5|         15|
    |x_4_27_address1                 |   20|          4|    5|         20|
    |x_4_28_address0                 |   14|          3|    5|         15|
    |x_4_28_address1                 |   20|          4|    5|         20|
    |x_4_29_address0                 |   14|          3|    5|         15|
    |x_4_29_address1                 |   20|          4|    5|         20|
    |x_4_2_address0                  |   14|          3|    5|         15|
    |x_4_2_address1                  |   20|          4|    5|         20|
    |x_4_30_address0                 |   14|          3|    5|         15|
    |x_4_30_address1                 |   20|          4|    5|         20|
    |x_4_31_address0                 |   14|          3|    5|         15|
    |x_4_31_address1                 |   20|          4|    5|         20|
    |x_4_32_address0                 |   14|          3|    5|         15|
    |x_4_32_address1                 |   20|          4|    5|         20|
    |x_4_33_address0                 |   14|          3|    5|         15|
    |x_4_33_address1                 |   20|          4|    5|         20|
    |x_4_34_address0                 |   14|          3|    5|         15|
    |x_4_34_address1                 |   20|          4|    5|         20|
    |x_4_35_address0                 |   14|          3|    5|         15|
    |x_4_35_address1                 |   20|          4|    5|         20|
    |x_4_36_address0                 |   14|          3|    5|         15|
    |x_4_36_address1                 |   20|          4|    5|         20|
    |x_4_37_address0                 |   14|          3|    5|         15|
    |x_4_37_address1                 |   20|          4|    5|         20|
    |x_4_38_address0                 |   14|          3|    5|         15|
    |x_4_38_address1                 |   20|          4|    5|         20|
    |x_4_39_address0                 |   14|          3|    5|         15|
    |x_4_39_address1                 |   20|          4|    5|         20|
    |x_4_3_address0                  |   14|          3|    5|         15|
    |x_4_3_address1                  |   20|          4|    5|         20|
    |x_4_40_address0                 |   14|          3|    5|         15|
    |x_4_40_address1                 |   20|          4|    5|         20|
    |x_4_41_address0                 |   14|          3|    5|         15|
    |x_4_41_address1                 |   20|          4|    5|         20|
    |x_4_42_address0                 |   14|          3|    5|         15|
    |x_4_42_address1                 |   20|          4|    5|         20|
    |x_4_43_address0                 |   14|          3|    5|         15|
    |x_4_43_address1                 |   20|          4|    5|         20|
    |x_4_44_address0                 |   14|          3|    5|         15|
    |x_4_44_address1                 |   20|          4|    5|         20|
    |x_4_45_address0                 |   14|          3|    5|         15|
    |x_4_45_address1                 |   20|          4|    5|         20|
    |x_4_46_address0                 |   14|          3|    5|         15|
    |x_4_46_address1                 |   20|          4|    5|         20|
    |x_4_47_address0                 |   14|          3|    5|         15|
    |x_4_47_address1                 |   20|          4|    5|         20|
    |x_4_48_address0                 |   14|          3|    5|         15|
    |x_4_48_address1                 |   20|          4|    5|         20|
    |x_4_49_address0                 |   14|          3|    5|         15|
    |x_4_49_address1                 |   20|          4|    5|         20|
    |x_4_4_address0                  |   14|          3|    5|         15|
    |x_4_4_address1                  |   20|          4|    5|         20|
    |x_4_50_address0                 |   14|          3|    5|         15|
    |x_4_50_address1                 |   20|          4|    5|         20|
    |x_4_51_address0                 |   14|          3|    5|         15|
    |x_4_51_address1                 |   20|          4|    5|         20|
    |x_4_52_address0                 |   14|          3|    5|         15|
    |x_4_52_address1                 |   20|          4|    5|         20|
    |x_4_53_address0                 |   14|          3|    5|         15|
    |x_4_53_address1                 |   20|          4|    5|         20|
    |x_4_54_address0                 |   14|          3|    5|         15|
    |x_4_54_address1                 |   20|          4|    5|         20|
    |x_4_55_address0                 |   14|          3|    5|         15|
    |x_4_55_address1                 |   20|          4|    5|         20|
    |x_4_56_address0                 |   14|          3|    5|         15|
    |x_4_56_address1                 |   20|          4|    5|         20|
    |x_4_57_address0                 |   14|          3|    5|         15|
    |x_4_57_address1                 |   20|          4|    5|         20|
    |x_4_58_address0                 |   14|          3|    5|         15|
    |x_4_58_address1                 |   20|          4|    5|         20|
    |x_4_59_address0                 |   14|          3|    5|         15|
    |x_4_59_address1                 |   20|          4|    5|         20|
    |x_4_5_address0                  |   14|          3|    5|         15|
    |x_4_5_address1                  |   20|          4|    5|         20|
    |x_4_60_address0                 |   14|          3|    5|         15|
    |x_4_60_address1                 |   20|          4|    5|         20|
    |x_4_61_address0                 |   14|          3|    5|         15|
    |x_4_61_address1                 |   20|          4|    5|         20|
    |x_4_62_address0                 |   14|          3|    5|         15|
    |x_4_62_address1                 |   20|          4|    5|         20|
    |x_4_63_address0                 |   14|          3|    5|         15|
    |x_4_63_address1                 |   20|          4|    5|         20|
    |x_4_6_address0                  |   14|          3|    5|         15|
    |x_4_6_address1                  |   20|          4|    5|         20|
    |x_4_7_address0                  |   14|          3|    5|         15|
    |x_4_7_address1                  |   20|          4|    5|         20|
    |x_4_8_address0                  |   14|          3|    5|         15|
    |x_4_8_address1                  |   20|          4|    5|         20|
    |x_4_9_address0                  |   14|          3|    5|         15|
    |x_4_9_address1                  |   20|          4|    5|         20|
    +--------------------------------+-----+-----------+-----+-----------+
    |Total                           |10943|       2254| 3250|      11300|
    +--------------------------------+-----+-----------+-----+-----------+

    * Register: 
    +---------------------------------------+-----+----+-----+-----------+
    |                  Name                 |  FF | LUT| Bits| Const Bits|
    +---------------------------------------+-----+----+-----+-----------+
    |acc_cast_cast_reg_37708                |   14|   0|   14|          0|
    |acc_reg_50929                          |   23|   0|   23|          0|
    |add_ln82_reg_39720                     |    8|   0|    8|          0|
    |add_ln85_103_reg_50034                 |   15|   0|   15|          0|
    |add_ln85_103_reg_50034_pp0_iter6_reg   |   15|   0|   15|          0|
    |add_ln85_108_reg_50039                 |   15|   0|   15|          0|
    |add_ln85_108_reg_50039_pp0_iter6_reg   |   15|   0|   15|          0|
    |add_ln85_10_reg_49939                  |   16|   0|   16|          0|
    |add_ln85_10_reg_49939_pp0_iter6_reg    |   16|   0|   16|          0|
    |add_ln85_112_reg_50044                 |   16|   0|   16|          0|
    |add_ln85_112_reg_50044_pp0_iter6_reg   |   16|   0|   16|          0|
    |add_ln85_116_reg_50844                 |   19|   0|   19|          0|
    |add_ln85_119_reg_50049                 |   15|   0|   15|          0|
    |add_ln85_119_reg_50049_pp0_iter6_reg   |   15|   0|   15|          0|
    |add_ln85_122_reg_50299                 |   15|   0|   15|          0|
    |add_ln85_122_reg_50299_pp0_iter7_reg   |   15|   0|   15|          0|
    |add_ln85_123_reg_50054                 |   16|   0|   16|          0|
    |add_ln85_123_reg_50054_pp0_iter6_reg   |   16|   0|   16|          0|
    |add_ln85_128_reg_50059                 |   15|   0|   15|          0|
    |add_ln85_128_reg_50059_pp0_iter6_reg   |   15|   0|   15|          0|
    |add_ln85_132_reg_50064                 |   16|   0|   16|          0|
    |add_ln85_132_reg_50064_pp0_iter6_reg   |   16|   0|   16|          0|
    |add_ln85_136_reg_50849                 |   19|   0|   19|          0|
    |add_ln85_138_reg_50069                 |   16|   0|   16|          0|
    |add_ln85_138_reg_50069_pp0_iter6_reg   |   16|   0|   16|          0|
    |add_ln85_142_reg_50074                 |   16|   0|   16|          0|
    |add_ln85_142_reg_50074_pp0_iter6_reg   |   16|   0|   16|          0|
    |add_ln85_147_reg_50079                 |   15|   0|   15|          0|
    |add_ln85_147_reg_50079_pp0_iter6_reg   |   15|   0|   15|          0|
    |add_ln85_14_reg_49944                  |   15|   0|   15|          0|
    |add_ln85_14_reg_49944_pp0_iter6_reg    |   15|   0|   15|          0|
    |add_ln85_151_reg_50084                 |   15|   0|   15|          0|
    |add_ln85_151_reg_50084_pp0_iter6_reg   |   15|   0|   15|          0|
    |add_ln85_155_reg_50854                 |   19|   0|   19|          0|
    |add_ln85_158_reg_50909                 |   22|   0|   22|          0|
    |add_ln85_160_reg_50089                 |   15|   0|   15|          0|
    |add_ln85_160_reg_50089_pp0_iter6_reg   |   15|   0|   15|          0|
    |add_ln85_164_reg_50094                 |   16|   0|   16|          0|
    |add_ln85_164_reg_50094_pp0_iter6_reg   |   16|   0|   16|          0|
    |add_ln85_169_reg_50099                 |   15|   0|   15|          0|
    |add_ln85_169_reg_50099_pp0_iter6_reg   |   15|   0|   15|          0|
    |add_ln85_173_reg_50104                 |   16|   0|   16|          0|
    |add_ln85_173_reg_50104_pp0_iter6_reg   |   16|   0|   16|          0|
    |add_ln85_177_reg_50859                 |   19|   0|   19|          0|
    |add_ln85_179_reg_50109                 |   15|   0|   15|          0|
    |add_ln85_179_reg_50109_pp0_iter6_reg   |   15|   0|   15|          0|
    |add_ln85_183_reg_50114                 |   16|   0|   16|          0|
    |add_ln85_183_reg_50114_pp0_iter6_reg   |   16|   0|   16|          0|
    |add_ln85_188_reg_50119                 |   15|   0|   15|          0|
    |add_ln85_188_reg_50119_pp0_iter6_reg   |   15|   0|   15|          0|
    |add_ln85_18_reg_50819                  |   19|   0|   19|          0|
    |add_ln85_192_reg_50124                 |   16|   0|   16|          0|
    |add_ln85_192_reg_50124_pp0_iter6_reg   |   16|   0|   16|          0|
    |add_ln85_196_reg_50864                 |   19|   0|   19|          0|
    |add_ln85_199_reg_50129                 |   15|   0|   15|          0|
    |add_ln85_199_reg_50129_pp0_iter6_reg   |   15|   0|   15|          0|
    |add_ln85_19_reg_50584                  |   16|   0|   16|          0|
    |add_ln85_1_reg_49929                   |   15|   0|   15|          0|
    |add_ln85_1_reg_49929_pp0_iter6_reg     |   15|   0|   15|          0|
    |add_ln85_203_reg_50134                 |   15|   0|   15|          0|
    |add_ln85_203_reg_50134_pp0_iter6_reg   |   15|   0|   15|          0|
    |add_ln85_208_reg_50139                 |   15|   0|   15|          0|
    |add_ln85_208_reg_50139_pp0_iter6_reg   |   15|   0|   15|          0|
    |add_ln85_20_reg_49949                  |   15|   0|   15|          0|
    |add_ln85_20_reg_49949_pp0_iter6_reg    |   15|   0|   15|          0|
    |add_ln85_212_reg_50144                 |   15|   0|   15|          0|
    |add_ln85_212_reg_50144_pp0_iter6_reg   |   15|   0|   15|          0|
    |add_ln85_216_reg_50869                 |   19|   0|   19|          0|
    |add_ln85_218_reg_50149                 |   16|   0|   16|          0|
    |add_ln85_218_reg_50149_pp0_iter6_reg   |   16|   0|   16|          0|
    |add_ln85_222_reg_50154                 |   16|   0|   16|          0|
    |add_ln85_222_reg_50154_pp0_iter6_reg   |   16|   0|   16|          0|
    |add_ln85_227_reg_50159                 |   15|   0|   15|          0|
    |add_ln85_227_reg_50159_pp0_iter6_reg   |   15|   0|   15|          0|
    |add_ln85_230_reg_50749                 |   16|   0|   16|          0|
    |add_ln85_231_reg_50164                 |   16|   0|   16|          0|
    |add_ln85_231_reg_50164_pp0_iter6_reg   |   16|   0|   16|          0|
    |add_ln85_235_reg_50874                 |   19|   0|   19|          0|
    |add_ln85_237_reg_50914                 |   21|   0|   21|          0|
    |add_ln85_239_reg_50169                 |   16|   0|   16|          0|
    |add_ln85_239_reg_50169_pp0_iter6_reg   |   16|   0|   16|          0|
    |add_ln85_243_reg_50174                 |   15|   0|   15|          0|
    |add_ln85_243_reg_50174_pp0_iter6_reg   |   15|   0|   15|          0|
    |add_ln85_248_reg_50179                 |   15|   0|   15|          0|
    |add_ln85_248_reg_50179_pp0_iter6_reg   |   15|   0|   15|          0|
    |add_ln85_24_reg_49954                  |   15|   0|   15|          0|
    |add_ln85_24_reg_49954_pp0_iter6_reg    |   15|   0|   15|          0|
    |add_ln85_252_reg_50184                 |   16|   0|   16|          0|
    |add_ln85_252_reg_50184_pp0_iter6_reg   |   16|   0|   16|          0|
    |add_ln85_256_reg_50879                 |   19|   0|   19|          0|
    |add_ln85_258_reg_50189                 |   16|   0|   16|          0|
    |add_ln85_258_reg_50189_pp0_iter6_reg   |   16|   0|   16|          0|
    |add_ln85_262_reg_50194                 |   15|   0|   15|          0|
    |add_ln85_262_reg_50194_pp0_iter6_reg   |   15|   0|   15|          0|
    |add_ln85_266_reg_50769                 |   16|   0|   16|          0|
    |add_ln85_267_reg_50199                 |   16|   0|   16|          0|
    |add_ln85_267_reg_50199_pp0_iter6_reg   |   16|   0|   16|          0|
    |add_ln85_271_reg_50204                 |   15|   0|   15|          0|
    |add_ln85_271_reg_50204_pp0_iter6_reg   |   15|   0|   15|          0|
    |add_ln85_275_reg_50884                 |   19|   0|   19|          0|
    |add_ln85_276_reg_50919                 |   20|   0|   20|          0|
    |add_ln85_278_reg_50209                 |   15|   0|   15|          0|
    |add_ln85_278_reg_50209_pp0_iter6_reg   |   15|   0|   15|          0|
    |add_ln85_281_reg_50784                 |   16|   0|   16|          0|
    |add_ln85_282_reg_50214                 |   15|   0|   15|          0|
    |add_ln85_282_reg_50214_pp0_iter6_reg   |   15|   0|   15|          0|
    |add_ln85_287_reg_50219                 |   15|   0|   15|          0|
    |add_ln85_287_reg_50219_pp0_iter6_reg   |   15|   0|   15|          0|
    |add_ln85_291_reg_50224                 |   15|   0|   15|          0|
    |add_ln85_291_reg_50224_pp0_iter6_reg   |   15|   0|   15|          0|
    |add_ln85_295_reg_50889                 |   19|   0|   19|          0|
    |add_ln85_295_reg_50889_pp0_iter9_reg   |   19|   0|   19|          0|
    |add_ln85_296_reg_50804                 |   16|   0|   16|          0|
    |add_ln85_297_reg_50229                 |   15|   0|   15|          0|
    |add_ln85_297_reg_50229_pp0_iter6_reg   |   15|   0|   15|          0|
    |add_ln85_29_reg_49959                  |   15|   0|   15|          0|
    |add_ln85_29_reg_49959_pp0_iter6_reg    |   15|   0|   15|          0|
    |add_ln85_301_reg_50234                 |   16|   0|   16|          0|
    |add_ln85_301_reg_50234_pp0_iter6_reg   |   16|   0|   16|          0|
    |add_ln85_304_reg_50894                 |   18|   0|   18|          0|
    |add_ln85_306_reg_50239                 |   16|   0|   16|          0|
    |add_ln85_306_reg_50239_pp0_iter6_reg   |   16|   0|   16|          0|
    |add_ln85_308_reg_50899                 |   17|   0|   17|          0|
    |add_ln85_312_reg_50304                 |   16|   0|   16|          0|
    |add_ln85_315_reg_50924                 |   19|   0|   19|          0|
    |add_ln85_33_reg_49964                  |   15|   0|   15|          0|
    |add_ln85_33_reg_49964_pp0_iter6_reg    |   15|   0|   15|          0|
    |add_ln85_37_reg_50824                  |   19|   0|   19|          0|
    |add_ln85_40_reg_49969                  |   16|   0|   16|          0|
    |add_ln85_40_reg_49969_pp0_iter6_reg    |   16|   0|   16|          0|
    |add_ln85_44_reg_49974                  |   15|   0|   15|          0|
    |add_ln85_44_reg_49974_pp0_iter6_reg    |   15|   0|   15|          0|
    |add_ln85_49_reg_49979                  |   16|   0|   16|          0|
    |add_ln85_49_reg_49979_pp0_iter6_reg    |   16|   0|   16|          0|
    |add_ln85_52_reg_50614                  |   16|   0|   16|          0|
    |add_ln85_53_reg_49984                  |   16|   0|   16|          0|
    |add_ln85_53_reg_49984_pp0_iter6_reg    |   16|   0|   16|          0|
    |add_ln85_57_reg_50829                  |   19|   0|   19|          0|
    |add_ln85_58_reg_50624                  |   16|   0|   16|          0|
    |add_ln85_59_reg_49989                  |   15|   0|   15|          0|
    |add_ln85_59_reg_49989_pp0_iter6_reg    |   15|   0|   15|          0|
    |add_ln85_5_reg_49934                   |   16|   0|   16|          0|
    |add_ln85_5_reg_49934_pp0_iter6_reg     |   16|   0|   16|          0|
    |add_ln85_63_reg_49994                  |   16|   0|   16|          0|
    |add_ln85_63_reg_49994_pp0_iter6_reg    |   16|   0|   16|          0|
    |add_ln85_68_reg_49999                  |   16|   0|   16|          0|
    |add_ln85_68_reg_49999_pp0_iter6_reg    |   16|   0|   16|          0|
    |add_ln85_72_reg_50004                  |   15|   0|   15|          0|
    |add_ln85_72_reg_50004_pp0_iter6_reg    |   15|   0|   15|          0|
    |add_ln85_76_reg_50834                  |   19|   0|   19|          0|
    |add_ln85_79_reg_50639                  |   16|   0|   16|          0|
    |add_ln85_80_reg_50009                  |   15|   0|   15|          0|
    |add_ln85_80_reg_50009_pp0_iter6_reg    |   15|   0|   15|          0|
    |add_ln85_84_reg_50014                  |   16|   0|   16|          0|
    |add_ln85_84_reg_50014_pp0_iter6_reg    |   16|   0|   16|          0|
    |add_ln85_88_reg_50649                  |   16|   0|   16|          0|
    |add_ln85_89_reg_50019                  |   15|   0|   15|          0|
    |add_ln85_89_reg_50019_pp0_iter6_reg    |   15|   0|   15|          0|
    |add_ln85_93_reg_50024                  |   15|   0|   15|          0|
    |add_ln85_93_reg_50024_pp0_iter6_reg    |   15|   0|   15|          0|
    |add_ln85_97_reg_50839                  |   19|   0|   19|          0|
    |add_ln85_99_reg_50029                  |   16|   0|   16|          0|
    |add_ln85_99_reg_50029_pp0_iter6_reg    |   16|   0|   16|          0|
    |ap_CS_fsm                              |    1|   0|    1|          0|
    |ap_done_reg                            |    1|   0|    1|          0|
    |ap_enable_reg_pp0_iter1                |    1|   0|    1|          0|
    |ap_enable_reg_pp0_iter10               |    1|   0|    1|          0|
    |ap_enable_reg_pp0_iter11               |    1|   0|    1|          0|
    |ap_enable_reg_pp0_iter12               |    1|   0|    1|          0|
    |ap_enable_reg_pp0_iter13               |    1|   0|    1|          0|
    |ap_enable_reg_pp0_iter14               |    1|   0|    1|          0|
    |ap_enable_reg_pp0_iter15               |    1|   0|    1|          0|
    |ap_enable_reg_pp0_iter2                |    1|   0|    1|          0|
    |ap_enable_reg_pp0_iter3                |    1|   0|    1|          0|
    |ap_enable_reg_pp0_iter4                |    1|   0|    1|          0|
    |ap_enable_reg_pp0_iter5                |    1|   0|    1|          0|
    |ap_enable_reg_pp0_iter6                |    1|   0|    1|          0|
    |ap_enable_reg_pp0_iter7                |    1|   0|    1|          0|
    |ap_enable_reg_pp0_iter8                |    1|   0|    1|          0|
    |ap_enable_reg_pp0_iter9                |    1|   0|    1|          0|
    |ap_loop_exit_ready_pp0_iter10_reg      |    1|   0|    1|          0|
    |ap_loop_exit_ready_pp0_iter11_reg      |    1|   0|    1|          0|
    |ap_loop_exit_ready_pp0_iter12_reg      |    1|   0|    1|          0|
    |ap_loop_exit_ready_pp0_iter13_reg      |    1|   0|    1|          0|
    |ap_loop_exit_ready_pp0_iter14_reg      |    1|   0|    1|          0|
    |ap_loop_exit_ready_pp0_iter1_reg       |    1|   0|    1|          0|
    |ap_loop_exit_ready_pp0_iter2_reg       |    1|   0|    1|          0|
    |ap_loop_exit_ready_pp0_iter3_reg       |    1|   0|    1|          0|
    |ap_loop_exit_ready_pp0_iter4_reg       |    1|   0|    1|          0|
    |ap_loop_exit_ready_pp0_iter5_reg       |    1|   0|    1|          0|
    |ap_loop_exit_ready_pp0_iter6_reg       |    1|   0|    1|          0|
    |ap_loop_exit_ready_pp0_iter7_reg       |    1|   0|    1|          0|
    |ap_loop_exit_ready_pp0_iter8_reg       |    1|   0|    1|          0|
    |ap_loop_exit_ready_pp0_iter9_reg       |    1|   0|    1|          0|
    |empty_reg_39647                        |    8|   0|    8|          0|
    |icmp_ln83_reg_45651                    |    1|   0|    1|          0|
    |icmp_ln83_reg_45651_pp0_iter4_reg      |    1|   0|    1|          0|
    |p_ZL2W2_0_10_load_cast_cast_reg_39058  |   16|   0|   16|          0|
    |p_ZL2W2_0_11_load_cast_cast_reg_39033  |   16|   0|   16|          0|
    |p_ZL2W2_0_12_load_cast_cast_reg_39008  |   16|   0|   16|          0|
    |p_ZL2W2_0_13_load_cast_cast_reg_38983  |   16|   0|   16|          0|
    |p_ZL2W2_0_14_load_cast_cast_reg_38958  |   15|   0|   15|          0|
    |p_ZL2W2_0_15_load_cast_cast_reg_38933  |   15|   0|   15|          0|
    |p_ZL2W2_0_16_load_cast_cast_reg_38908  |   16|   0|   16|          0|
    |p_ZL2W2_0_17_load_cast_cast_reg_38883  |   16|   0|   16|          0|
    |p_ZL2W2_0_18_load_cast_cast_reg_38858  |   16|   0|   16|          0|
    |p_ZL2W2_0_1_load_cast_cast_reg_39283   |   15|   0|   15|          0|
    |p_ZL2W2_0_20_load_cast_cast_reg_38808  |   16|   0|   16|          0|
    |p_ZL2W2_0_21_load_cast_cast_reg_38783  |   15|   0|   15|          0|
    |p_ZL2W2_0_22_load_cast_cast_reg_38758  |   16|   0|   16|          0|
    |p_ZL2W2_0_23_load_cast_cast_reg_38733  |   16|   0|   16|          0|
    |p_ZL2W2_0_25_load_cast_cast_reg_38683  |   15|   0|   15|          0|
    |p_ZL2W2_0_26_load_cast_cast_reg_38658  |   15|   0|   15|          0|
    |p_ZL2W2_0_27_load_cast_cast_reg_38633  |   15|   0|   15|          0|
    |p_ZL2W2_0_28_load_cast_cast_reg_38608  |   16|   0|   16|          0|
    |p_ZL2W2_0_2_load_cast_cast_reg_39258   |   16|   0|   16|          0|
    |p_ZL2W2_0_30_load_cast_cast_reg_38558  |   15|   0|   15|          0|
    |p_ZL2W2_0_31_load_cast_cast_reg_38533  |   16|   0|   16|          0|
    |p_ZL2W2_0_32_load_cast_cast_reg_38508  |   15|   0|   15|          0|
    |p_ZL2W2_0_33_load_cast_cast_reg_38483  |   16|   0|   16|          0|
    |p_ZL2W2_0_34_load_cast_cast_reg_38458  |   16|   0|   16|          0|
    |p_ZL2W2_0_35_load_cast_cast_reg_38433  |   15|   0|   15|          0|
    |p_ZL2W2_0_36_load_cast_cast_reg_38408  |   15|   0|   15|          0|
    |p_ZL2W2_0_37_load_cast_cast_reg_38383  |   16|   0|   16|          0|
    |p_ZL2W2_0_38_load_cast_cast_reg_38358  |   16|   0|   16|          0|
    |p_ZL2W2_0_39_load_cast_cast_reg_38333  |   15|   0|   15|          0|
    |p_ZL2W2_0_3_load_cast_cast_reg_39233   |   16|   0|   16|          0|
    |p_ZL2W2_0_40_load_cast_cast_reg_38308  |   15|   0|   15|          0|
    |p_ZL2W2_0_41_load_cast_cast_reg_38283  |   16|   0|   16|          0|
    |p_ZL2W2_0_42_load_cast_cast_reg_38258  |   15|   0|   15|          0|
    |p_ZL2W2_0_43_load_cast_cast_reg_38233  |   15|   0|   15|          0|
    |p_ZL2W2_0_44_load_cast_cast_reg_38208  |   16|   0|   16|          0|
    |p_ZL2W2_0_46_load_cast_cast_reg_38158  |   15|   0|   15|          0|
    |p_ZL2W2_0_47_load_cast_cast_reg_38133  |   16|   0|   16|          0|
    |p_ZL2W2_0_48_load_cast_cast_reg_38108  |   16|   0|   16|          0|
    |p_ZL2W2_0_49_load_cast_cast_reg_38083  |   15|   0|   15|          0|
    |p_ZL2W2_0_4_load_cast_cast_reg_39208   |   16|   0|   16|          0|
    |p_ZL2W2_0_50_load_cast_cast_reg_38058  |   15|   0|   15|          0|
    |p_ZL2W2_0_51_load_cast_cast_reg_38033  |   16|   0|   16|          0|
    |p_ZL2W2_0_52_load_cast_cast_reg_38008  |   16|   0|   16|          0|
    |p_ZL2W2_0_53_load_cast_cast_reg_37983  |   15|   0|   15|          0|
    |p_ZL2W2_0_54_load_cast_cast_reg_37958  |   16|   0|   16|          0|
    |p_ZL2W2_0_55_load_cast_cast_reg_37933  |   15|   0|   15|          0|
    |p_ZL2W2_0_56_load_cast_cast_reg_37908  |   15|   0|   15|          0|
    |p_ZL2W2_0_57_load_cast_cast_reg_37883  |   16|   0|   16|          0|
    |p_ZL2W2_0_58_load_cast_cast_reg_37858  |   15|   0|   15|          0|
    |p_ZL2W2_0_59_load_cast_cast_reg_37833  |   15|   0|   15|          0|
    |p_ZL2W2_0_5_load_cast_cast_reg_39183   |   15|   0|   15|          0|
    |p_ZL2W2_0_60_load_cast_cast_reg_37808  |   16|   0|   16|          0|
    |p_ZL2W2_0_61_load_cast_cast_reg_37783  |   15|   0|   15|          0|
    |p_ZL2W2_0_62_load_cast_cast_reg_37758  |   16|   0|   16|          0|
    |p_ZL2W2_0_6_load_cast_cast_reg_39158   |   15|   0|   15|          0|
    |p_ZL2W2_0_7_load_cast_cast_reg_39133   |   16|   0|   16|          0|
    |p_ZL2W2_0_8_load_cast_cast_reg_39108   |   15|   0|   15|          0|
    |p_ZL2W2_1_0_load_cast_cast_reg_39303   |   15|   0|   15|          0|
    |p_ZL2W2_1_10_load_cast_cast_reg_39053  |   15|   0|   15|          0|
    |p_ZL2W2_1_11_load_cast_cast_reg_39028  |   16|   0|   16|          0|
    |p_ZL2W2_1_12_load_cast_cast_reg_39003  |   15|   0|   15|          0|
    |p_ZL2W2_1_13_load_cast_cast_reg_38978  |   15|   0|   15|          0|
    |p_ZL2W2_1_14_load_cast_cast_reg_38953  |   16|   0|   16|          0|
    |p_ZL2W2_1_15_load_cast_cast_reg_38928  |   15|   0|   15|          0|
    |p_ZL2W2_1_16_load_cast_cast_reg_38903  |   16|   0|   16|          0|
    |p_ZL2W2_1_17_load_cast_cast_reg_38878  |   15|   0|   15|          0|
    |p_ZL2W2_1_18_load_cast_cast_reg_38853  |   16|   0|   16|          0|
    |p_ZL2W2_1_19_load_cast_cast_reg_38828  |   15|   0|   15|          0|
    |p_ZL2W2_1_1_load_cast_cast_reg_39278   |   16|   0|   16|          0|
    |p_ZL2W2_1_20_load_cast_cast_reg_38803  |   16|   0|   16|          0|
    |p_ZL2W2_1_21_load_cast_cast_reg_38778  |   15|   0|   15|          0|
    |p_ZL2W2_1_22_load_cast_cast_reg_38753  |   16|   0|   16|          0|
    |p_ZL2W2_1_23_load_cast_cast_reg_38728  |   15|   0|   15|          0|
    |p_ZL2W2_1_24_load_cast_cast_reg_38703  |   15|   0|   15|          0|
    |p_ZL2W2_1_25_load_cast_cast_reg_38678  |   15|   0|   15|          0|
    |p_ZL2W2_1_26_load_cast_cast_reg_38653  |   15|   0|   15|          0|
    |p_ZL2W2_1_27_load_cast_cast_reg_38628  |   15|   0|   15|          0|
    |p_ZL2W2_1_28_load_cast_cast_reg_38603  |   16|   0|   16|          0|
    |p_ZL2W2_1_29_load_cast_cast_reg_38578  |   15|   0|   15|          0|
    |p_ZL2W2_1_2_load_cast_cast_reg_39253   |   15|   0|   15|          0|
    |p_ZL2W2_1_30_load_cast_cast_reg_38553  |   15|   0|   15|          0|
    |p_ZL2W2_1_31_load_cast_cast_reg_38528  |   15|   0|   15|          0|
    |p_ZL2W2_1_32_load_cast_cast_reg_38503  |   15|   0|   15|          0|
    |p_ZL2W2_1_33_load_cast_cast_reg_38478  |   16|   0|   16|          0|
    |p_ZL2W2_1_34_load_cast_cast_reg_38453  |   16|   0|   16|          0|
    |p_ZL2W2_1_35_load_cast_cast_reg_38428  |   16|   0|   16|          0|
    |p_ZL2W2_1_36_load_cast_cast_reg_38403  |   15|   0|   15|          0|
    |p_ZL2W2_1_37_load_cast_cast_reg_38378  |   16|   0|   16|          0|
    |p_ZL2W2_1_38_load_cast_cast_reg_38353  |   16|   0|   16|          0|
    |p_ZL2W2_1_39_load_cast_cast_reg_38328  |   16|   0|   16|          0|
    |p_ZL2W2_1_3_load_cast_cast_reg_39228   |   16|   0|   16|          0|
    |p_ZL2W2_1_40_load_cast_cast_reg_38303  |   15|   0|   15|          0|
    |p_ZL2W2_1_41_load_cast_cast_reg_38278  |   15|   0|   15|          0|
    |p_ZL2W2_1_42_load_cast_cast_reg_38253  |   15|   0|   15|          0|
    |p_ZL2W2_1_43_load_cast_cast_reg_38228  |   15|   0|   15|          0|
    |p_ZL2W2_1_44_load_cast_cast_reg_38203  |   16|   0|   16|          0|
    |p_ZL2W2_1_45_load_cast_cast_reg_38178  |   15|   0|   15|          0|
    |p_ZL2W2_1_46_load_cast_cast_reg_38153  |   15|   0|   15|          0|
    |p_ZL2W2_1_47_load_cast_cast_reg_38128  |   16|   0|   16|          0|
    |p_ZL2W2_1_48_load_cast_cast_reg_38103  |   16|   0|   16|          0|
    |p_ZL2W2_1_49_load_cast_cast_reg_38078  |   15|   0|   15|          0|
    |p_ZL2W2_1_4_load_cast_cast_reg_39203   |   15|   0|   15|          0|
    |p_ZL2W2_1_50_load_cast_cast_reg_38053  |   16|   0|   16|          0|
    |p_ZL2W2_1_51_load_cast_cast_reg_38028  |   16|   0|   16|          0|
    |p_ZL2W2_1_52_load_cast_cast_reg_38003  |   15|   0|   15|          0|
    |p_ZL2W2_1_53_load_cast_cast_reg_37978  |   16|   0|   16|          0|
    |p_ZL2W2_1_54_load_cast_cast_reg_37953  |   15|   0|   15|          0|
    |p_ZL2W2_1_55_load_cast_cast_reg_37928  |   15|   0|   15|          0|
    |p_ZL2W2_1_56_load_cast_cast_reg_37903  |   15|   0|   15|          0|
    |p_ZL2W2_1_57_load_cast_cast_reg_37878  |   15|   0|   15|          0|
    |p_ZL2W2_1_58_load_cast_cast_reg_37853  |   15|   0|   15|          0|
    |p_ZL2W2_1_59_load_cast_cast_reg_37828  |   16|   0|   16|          0|
    |p_ZL2W2_1_5_load_cast_cast_reg_39178   |   15|   0|   15|          0|
    |p_ZL2W2_1_60_load_cast_cast_reg_37803  |   15|   0|   15|          0|
    |p_ZL2W2_1_61_load_cast_cast_reg_37778  |   16|   0|   16|          0|
    |p_ZL2W2_1_62_load_cast_cast_reg_37753  |   16|   0|   16|          0|
    |p_ZL2W2_1_63_load_cast_cast_reg_37728  |   15|   0|   15|          0|
    |p_ZL2W2_1_6_load_cast_cast_reg_39153   |   16|   0|   16|          0|
    |p_ZL2W2_1_7_load_cast_cast_reg_39128   |   16|   0|   16|          0|
    |p_ZL2W2_1_8_load_cast_cast_reg_39103   |   15|   0|   15|          0|
    |p_ZL2W2_1_9_load_cast_cast_reg_39078   |   16|   0|   16|          0|
    |p_ZL2W2_2_0_load_cast_cast_reg_39298   |   15|   0|   15|          0|
    |p_ZL2W2_2_10_load_cast_cast_reg_39048  |   16|   0|   16|          0|
    |p_ZL2W2_2_11_load_cast_cast_reg_39023  |   16|   0|   16|          0|
    |p_ZL2W2_2_12_load_cast_cast_reg_38998  |   15|   0|   15|          0|
    |p_ZL2W2_2_13_load_cast_cast_reg_38973  |   16|   0|   16|          0|
    |p_ZL2W2_2_14_load_cast_cast_reg_38948  |   16|   0|   16|          0|
    |p_ZL2W2_2_15_load_cast_cast_reg_38923  |   15|   0|   15|          0|
    |p_ZL2W2_2_16_load_cast_cast_reg_38898  |   15|   0|   15|          0|
    |p_ZL2W2_2_17_load_cast_cast_reg_38873  |   15|   0|   15|          0|
    |p_ZL2W2_2_18_load_cast_cast_reg_38848  |   15|   0|   15|          0|
    |p_ZL2W2_2_19_load_cast_cast_reg_38823  |   15|   0|   15|          0|
    |p_ZL2W2_2_1_load_cast_cast_reg_39273   |   15|   0|   15|          0|
    |p_ZL2W2_2_20_load_cast_cast_reg_38798  |   16|   0|   16|          0|
    |p_ZL2W2_2_21_load_cast_cast_reg_38773  |   15|   0|   15|          0|
    |p_ZL2W2_2_23_load_cast_cast_reg_38723  |   16|   0|   16|          0|
    |p_ZL2W2_2_24_load_cast_cast_reg_38698  |   15|   0|   15|          0|
    |p_ZL2W2_2_25_load_cast_cast_reg_38673  |   15|   0|   15|          0|
    |p_ZL2W2_2_26_load_cast_cast_reg_38648  |   15|   0|   15|          0|
    |p_ZL2W2_2_27_load_cast_cast_reg_38623  |   15|   0|   15|          0|
    |p_ZL2W2_2_28_load_cast_cast_reg_38598  |   15|   0|   15|          0|
    |p_ZL2W2_2_29_load_cast_cast_reg_38573  |   15|   0|   15|          0|
    |p_ZL2W2_2_2_load_cast_cast_reg_39248   |   15|   0|   15|          0|
    |p_ZL2W2_2_30_load_cast_cast_reg_38548  |   15|   0|   15|          0|
    |p_ZL2W2_2_31_load_cast_cast_reg_38523  |   15|   0|   15|          0|
    |p_ZL2W2_2_32_load_cast_cast_reg_38498  |   15|   0|   15|          0|
    |p_ZL2W2_2_33_load_cast_cast_reg_38473  |   16|   0|   16|          0|
    |p_ZL2W2_2_34_load_cast_cast_reg_38448  |   15|   0|   15|          0|
    |p_ZL2W2_2_35_load_cast_cast_reg_38423  |   16|   0|   16|          0|
    |p_ZL2W2_2_37_load_cast_cast_reg_38373  |   16|   0|   16|          0|
    |p_ZL2W2_2_39_load_cast_cast_reg_38323  |   16|   0|   16|          0|
    |p_ZL2W2_2_3_load_cast_cast_reg_39223   |   15|   0|   15|          0|
    |p_ZL2W2_2_40_load_cast_cast_reg_38298  |   15|   0|   15|          0|
    |p_ZL2W2_2_41_load_cast_cast_reg_38273  |   15|   0|   15|          0|
    |p_ZL2W2_2_42_load_cast_cast_reg_38248  |   15|   0|   15|          0|
    |p_ZL2W2_2_43_load_cast_cast_reg_38223  |   15|   0|   15|          0|
    |p_ZL2W2_2_44_load_cast_cast_reg_38198  |   15|   0|   15|          0|
    |p_ZL2W2_2_45_load_cast_cast_reg_38173  |   16|   0|   16|          0|
    |p_ZL2W2_2_46_load_cast_cast_reg_38148  |   15|   0|   15|          0|
    |p_ZL2W2_2_47_load_cast_cast_reg_38123  |   16|   0|   16|          0|
    |p_ZL2W2_2_48_load_cast_cast_reg_38098  |   16|   0|   16|          0|
    |p_ZL2W2_2_49_load_cast_cast_reg_38073  |   15|   0|   15|          0|
    |p_ZL2W2_2_4_load_cast_cast_reg_39198   |   15|   0|   15|          0|
    |p_ZL2W2_2_50_load_cast_cast_reg_38048  |   15|   0|   15|          0|
    |p_ZL2W2_2_51_load_cast_cast_reg_38023  |   16|   0|   16|          0|
    |p_ZL2W2_2_52_load_cast_cast_reg_37998  |   16|   0|   16|          0|
    |p_ZL2W2_2_53_load_cast_cast_reg_37973  |   15|   0|   15|          0|
    |p_ZL2W2_2_54_load_cast_cast_reg_37948  |   16|   0|   16|          0|
    |p_ZL2W2_2_55_load_cast_cast_reg_37923  |   15|   0|   15|          0|
    |p_ZL2W2_2_56_load_cast_cast_reg_37898  |   15|   0|   15|          0|
    |p_ZL2W2_2_57_load_cast_cast_reg_37873  |   15|   0|   15|          0|
    |p_ZL2W2_2_58_load_cast_cast_reg_37848  |   15|   0|   15|          0|
    |p_ZL2W2_2_59_load_cast_cast_reg_37823  |   15|   0|   15|          0|
    |p_ZL2W2_2_5_load_cast_cast_reg_39173   |   15|   0|   15|          0|
    |p_ZL2W2_2_60_load_cast_cast_reg_37798  |   15|   0|   15|          0|
    |p_ZL2W2_2_61_load_cast_cast_reg_37773  |   16|   0|   16|          0|
    |p_ZL2W2_2_62_load_cast_cast_reg_37748  |   16|   0|   16|          0|
    |p_ZL2W2_2_63_load_cast_cast_reg_37723  |   15|   0|   15|          0|
    |p_ZL2W2_2_6_load_cast_cast_reg_39148   |   15|   0|   15|          0|
    |p_ZL2W2_2_7_load_cast_cast_reg_39123   |   15|   0|   15|          0|
    |p_ZL2W2_2_8_load_cast_cast_reg_39098   |   15|   0|   15|          0|
    |p_ZL2W2_2_9_load_cast_cast_reg_39073   |   15|   0|   15|          0|
    |p_ZL2W2_3_0_load_cast_cast_reg_39293   |   15|   0|   15|          0|
    |p_ZL2W2_3_10_load_cast_cast_reg_39043  |   16|   0|   16|          0|
    |p_ZL2W2_3_11_load_cast_cast_reg_39018  |   16|   0|   16|          0|
    |p_ZL2W2_3_12_load_cast_cast_reg_38993  |   15|   0|   15|          0|
    |p_ZL2W2_3_13_load_cast_cast_reg_38968  |   16|   0|   16|          0|
    |p_ZL2W2_3_14_load_cast_cast_reg_38943  |   15|   0|   15|          0|
    |p_ZL2W2_3_15_load_cast_cast_reg_38918  |   15|   0|   15|          0|
    |p_ZL2W2_3_16_load_cast_cast_reg_38893  |   15|   0|   15|          0|
    |p_ZL2W2_3_17_load_cast_cast_reg_38868  |   16|   0|   16|          0|
    |p_ZL2W2_3_18_load_cast_cast_reg_38843  |   15|   0|   15|          0|
    |p_ZL2W2_3_1_load_cast_cast_reg_39268   |   16|   0|   16|          0|
    |p_ZL2W2_3_20_load_cast_cast_reg_38793  |   16|   0|   16|          0|
    |p_ZL2W2_3_21_load_cast_cast_reg_38768  |   15|   0|   15|          0|
    |p_ZL2W2_3_22_load_cast_cast_reg_38743  |   15|   0|   15|          0|
    |p_ZL2W2_3_23_load_cast_cast_reg_38718  |   15|   0|   15|          0|
    |p_ZL2W2_3_24_load_cast_cast_reg_38693  |   15|   0|   15|          0|
    |p_ZL2W2_3_25_load_cast_cast_reg_38668  |   16|   0|   16|          0|
    |p_ZL2W2_3_26_load_cast_cast_reg_38643  |   15|   0|   15|          0|
    |p_ZL2W2_3_27_load_cast_cast_reg_38618  |   16|   0|   16|          0|
    |p_ZL2W2_3_28_load_cast_cast_reg_38593  |   16|   0|   16|          0|
    |p_ZL2W2_3_29_load_cast_cast_reg_38568  |   16|   0|   16|          0|
    |p_ZL2W2_3_2_load_cast_cast_reg_39243   |   16|   0|   16|          0|
    |p_ZL2W2_3_30_load_cast_cast_reg_38543  |   15|   0|   15|          0|
    |p_ZL2W2_3_31_load_cast_cast_reg_38518  |   15|   0|   15|          0|
    |p_ZL2W2_3_32_load_cast_cast_reg_38493  |   15|   0|   15|          0|
    |p_ZL2W2_3_33_load_cast_cast_reg_38468  |   16|   0|   16|          0|
    |p_ZL2W2_3_35_load_cast_cast_reg_38418  |   16|   0|   16|          0|
    |p_ZL2W2_3_36_load_cast_cast_reg_38393  |   15|   0|   15|          0|
    |p_ZL2W2_3_37_load_cast_cast_reg_38368  |   15|   0|   15|          0|
    |p_ZL2W2_3_38_load_cast_cast_reg_38343  |   15|   0|   15|          0|
    |p_ZL2W2_3_39_load_cast_cast_reg_38318  |   16|   0|   16|          0|
    |p_ZL2W2_3_3_load_cast_cast_reg_39218   |   15|   0|   15|          0|
    |p_ZL2W2_3_40_load_cast_cast_reg_38293  |   15|   0|   15|          0|
    |p_ZL2W2_3_41_load_cast_cast_reg_38268  |   15|   0|   15|          0|
    |p_ZL2W2_3_42_load_cast_cast_reg_38243  |   15|   0|   15|          0|
    |p_ZL2W2_3_44_load_cast_cast_reg_38193  |   16|   0|   16|          0|
    |p_ZL2W2_3_45_load_cast_cast_reg_38168  |   15|   0|   15|          0|
    |p_ZL2W2_3_46_load_cast_cast_reg_38143  |   15|   0|   15|          0|
    |p_ZL2W2_3_47_load_cast_cast_reg_38118  |   16|   0|   16|          0|
    |p_ZL2W2_3_48_load_cast_cast_reg_38093  |   16|   0|   16|          0|
    |p_ZL2W2_3_49_load_cast_cast_reg_38068  |   15|   0|   15|          0|
    |p_ZL2W2_3_4_load_cast_cast_reg_39193   |   15|   0|   15|          0|
    |p_ZL2W2_3_51_load_cast_cast_reg_38018  |   15|   0|   15|          0|
    |p_ZL2W2_3_52_load_cast_cast_reg_37993  |   15|   0|   15|          0|
    |p_ZL2W2_3_54_load_cast_cast_reg_37943  |   16|   0|   16|          0|
    |p_ZL2W2_3_55_load_cast_cast_reg_37918  |   15|   0|   15|          0|
    |p_ZL2W2_3_56_load_cast_cast_reg_37893  |   15|   0|   15|          0|
    |p_ZL2W2_3_57_load_cast_cast_reg_37868  |   15|   0|   15|          0|
    |p_ZL2W2_3_58_load_cast_cast_reg_37843  |   15|   0|   15|          0|
    |p_ZL2W2_3_59_load_cast_cast_reg_37818  |   15|   0|   15|          0|
    |p_ZL2W2_3_5_load_cast_cast_reg_39168   |   15|   0|   15|          0|
    |p_ZL2W2_3_60_load_cast_cast_reg_37793  |   15|   0|   15|          0|
    |p_ZL2W2_3_61_load_cast_cast_reg_37768  |   16|   0|   16|          0|
    |p_ZL2W2_3_62_load_cast_cast_reg_37743  |   16|   0|   16|          0|
    |p_ZL2W2_3_63_load_cast_cast_reg_37718  |   16|   0|   16|          0|
    |p_ZL2W2_3_7_load_cast_cast_reg_39118   |   15|   0|   15|          0|
    |p_ZL2W2_3_8_load_cast_cast_reg_39093   |   16|   0|   16|          0|
    |p_ZL2W2_4_0_load_cast_cast_reg_39288   |   15|   0|   15|          0|
    |p_ZL2W2_4_10_load_cast_cast_reg_39038  |   15|   0|   15|          0|
    |p_ZL2W2_4_11_load_cast_cast_reg_39013  |   15|   0|   15|          0|
    |p_ZL2W2_4_12_load_cast_cast_reg_38988  |   16|   0|   16|          0|
    |p_ZL2W2_4_13_load_cast_cast_reg_38963  |   15|   0|   15|          0|
    |p_ZL2W2_4_15_load_cast_cast_reg_38913  |   15|   0|   15|          0|
    |p_ZL2W2_4_16_load_cast_cast_reg_38888  |   16|   0|   16|          0|
    |p_ZL2W2_4_17_load_cast_cast_reg_38863  |   15|   0|   15|          0|
    |p_ZL2W2_4_18_load_cast_cast_reg_38838  |   15|   0|   15|          0|
    |p_ZL2W2_4_19_load_cast_cast_reg_38813  |   16|   0|   16|          0|
    |p_ZL2W2_4_1_load_cast_cast_reg_39263   |   16|   0|   16|          0|
    |p_ZL2W2_4_20_load_cast_cast_reg_38788  |   16|   0|   16|          0|
    |p_ZL2W2_4_21_load_cast_cast_reg_38763  |   16|   0|   16|          0|
    |p_ZL2W2_4_22_load_cast_cast_reg_38738  |   16|   0|   16|          0|
    |p_ZL2W2_4_23_load_cast_cast_reg_38713  |   15|   0|   15|          0|
    |p_ZL2W2_4_25_load_cast_cast_reg_38663  |   15|   0|   15|          0|
    |p_ZL2W2_4_26_load_cast_cast_reg_38638  |   15|   0|   15|          0|
    |p_ZL2W2_4_27_load_cast_cast_reg_38613  |   16|   0|   16|          0|
    |p_ZL2W2_4_28_load_cast_cast_reg_38588  |   15|   0|   15|          0|
    |p_ZL2W2_4_29_load_cast_cast_reg_38563  |   16|   0|   16|          0|
    |p_ZL2W2_4_2_load_cast_cast_reg_39238   |   16|   0|   16|          0|
    |p_ZL2W2_4_30_load_cast_cast_reg_38538  |   16|   0|   16|          0|
    |p_ZL2W2_4_32_load_cast_cast_reg_38488  |   16|   0|   16|          0|
    |p_ZL2W2_4_33_load_cast_cast_reg_38463  |   16|   0|   16|          0|
    |p_ZL2W2_4_34_load_cast_cast_reg_38438  |   15|   0|   15|          0|
    |p_ZL2W2_4_35_load_cast_cast_reg_38413  |   16|   0|   16|          0|
    |p_ZL2W2_4_36_load_cast_cast_reg_38388  |   16|   0|   16|          0|
    |p_ZL2W2_4_37_load_cast_cast_reg_38363  |   16|   0|   16|          0|
    |p_ZL2W2_4_38_load_cast_cast_reg_38338  |   16|   0|   16|          0|
    |p_ZL2W2_4_3_load_cast_cast_reg_39213   |   15|   0|   15|          0|
    |p_ZL2W2_4_40_load_cast_cast_reg_38288  |   16|   0|   16|          0|
    |p_ZL2W2_4_41_load_cast_cast_reg_38263  |   15|   0|   15|          0|
    |p_ZL2W2_4_42_load_cast_cast_reg_38238  |   15|   0|   15|          0|
    |p_ZL2W2_4_43_load_cast_cast_reg_38213  |   16|   0|   16|          0|
    |p_ZL2W2_4_44_load_cast_cast_reg_38188  |   15|   0|   15|          0|
    |p_ZL2W2_4_45_load_cast_cast_reg_38163  |   15|   0|   15|          0|
    |p_ZL2W2_4_46_load_cast_cast_reg_38138  |   15|   0|   15|          0|
    |p_ZL2W2_4_47_load_cast_cast_reg_38113  |   16|   0|   16|          0|
    |p_ZL2W2_4_49_load_cast_cast_reg_38063  |   15|   0|   15|          0|
    |p_ZL2W2_4_4_load_cast_cast_reg_39188   |   15|   0|   15|          0|
    |p_ZL2W2_4_50_load_cast_cast_reg_38038  |   16|   0|   16|          0|
    |p_ZL2W2_4_51_load_cast_cast_reg_38013  |   16|   0|   16|          0|
    |p_ZL2W2_4_52_load_cast_cast_reg_37988  |   15|   0|   15|          0|
    |p_ZL2W2_4_53_load_cast_cast_reg_37963  |   15|   0|   15|          0|
    |p_ZL2W2_4_54_load_cast_cast_reg_37938  |   16|   0|   16|          0|
    |p_ZL2W2_4_56_load_cast_cast_reg_37888  |   15|   0|   15|          0|
    |p_ZL2W2_4_57_load_cast_cast_reg_37863  |   15|   0|   15|          0|
    |p_ZL2W2_4_58_load_cast_cast_reg_37838  |   16|   0|   16|          0|
    |p_ZL2W2_4_59_load_cast_cast_reg_37813  |   15|   0|   15|          0|
    |p_ZL2W2_4_5_load_cast_cast_reg_39163   |   16|   0|   16|          0|
    |p_ZL2W2_4_60_load_cast_cast_reg_37788  |   15|   0|   15|          0|
    |p_ZL2W2_4_61_load_cast_cast_reg_37763  |   16|   0|   16|          0|
    |p_ZL2W2_4_62_load_cast_cast_reg_37738  |   16|   0|   16|          0|
    |p_ZL2W2_4_6_load_cast_cast_reg_39138   |   16|   0|   16|          0|
    |p_ZL2W2_4_7_load_cast_cast_reg_39113   |   15|   0|   15|          0|
    |p_ZL2W2_4_8_load_cast_cast_reg_39088   |   15|   0|   15|          0|
    |p_ZL2W2_4_9_load_cast_cast_reg_39063   |   16|   0|   16|          0|
    |phi_mul_fu_1400                        |   16|   0|   16|          0|
    |phi_urem_fu_1396                       |    8|   0|    8|          0|
    |prod_reg_50934                         |   53|   0|   53|          0|
    |r_reg_50939                            |    8|   0|    8|          0|
    |sext_ln77_cast_reg_37713               |   16|   0|   16|          0|
    |sext_ln82_cast_reg_39308               |   14|   0|   14|          0|
    |sext_ln84_10_cast_reg_38513            |   15|   0|   15|          0|
    |sext_ln84_11_cast_reg_38443            |   15|   0|   15|          0|
    |sext_ln84_12_cast_reg_38398            |   15|   0|   15|          0|
    |sext_ln84_13_cast_reg_38348            |   15|   0|   15|          0|
    |sext_ln84_14_cast_reg_38313            |   15|   0|   15|          0|
    |sext_ln84_15_cast_reg_38218            |   15|   0|   15|          0|
    |sext_ln84_16_cast_reg_38183            |   15|   0|   15|          0|
    |sext_ln84_17_cast_reg_38088            |   15|   0|   15|          0|
    |sext_ln84_18_cast_reg_38043            |   15|   0|   15|          0|
    |sext_ln84_19_cast_reg_37968            |   15|   0|   15|          0|
    |sext_ln84_1_cast_reg_39083             |   15|   0|   15|          0|
    |sext_ln84_20_cast_reg_37913            |   15|   0|   15|          0|
    |sext_ln84_21_cast_reg_37733            |   15|   0|   15|          0|
    |sext_ln84_2_cast_reg_39068             |   15|   0|   15|          0|
    |sext_ln84_3_cast_reg_38938             |   15|   0|   15|          0|
    |sext_ln84_4_cast_reg_38833             |   15|   0|   15|          0|
    |sext_ln84_5_cast_reg_38818             |   15|   0|   15|          0|
    |sext_ln84_6_cast_reg_38748             |   15|   0|   15|          0|
    |sext_ln84_7_cast_reg_38708             |   15|   0|   15|          0|
    |sext_ln84_8_cast_reg_38688             |   14|   0|   14|          0|
    |sext_ln84_9_cast_reg_38583             |   15|   0|   15|          0|
    |sext_ln84_cast_reg_39143               |   15|   0|   15|          0|
    |t_in_fu_1404                           |    8|   0|    8|          0|
    |t_reg_39313                            |    8|   0|    8|          0|
    |tmp_256_reg_45641                      |   62|   0|   62|          0|
    |tmp_257_reg_39652                      |    1|   0|    1|          0|
    |tmp_258_reg_45646                      |   62|   0|   62|          0|
    |tmp_259_reg_39725                      |    6|   0|    6|          0|
    |tmp_260_reg_39730                      |    1|   0|    1|          0|
    |tmp_260_reg_39730_pp0_iter1_reg        |    1|   0|    1|          0|
    |tmp_261_reg_39798                      |    6|   0|    6|          0|
    |tmp_262_reg_39803                      |    1|   0|    1|          0|
    |tmp_262_reg_39803_pp0_iter1_reg        |    1|   0|    1|          0|
    |tmp_264_reg_50944                      |    1|   0|    1|          0|
    |trunc_ln79_reg_39323                   |    3|   0|    3|          0|
    |xv_102_reg_44981                       |    8|   0|    8|          0|
    |xv_102_reg_44981_pp0_iter3_reg         |    8|   0|    8|          0|
    |xv_104_reg_44991                       |    8|   0|    8|          0|
    |xv_107_reg_44996                       |    8|   0|    8|          0|
    |xv_107_reg_44996_pp0_iter3_reg         |    8|   0|    8|          0|
    |xv_109_reg_45006                       |    8|   0|    8|          0|
    |xv_112_reg_45011                       |    8|   0|    8|          0|
    |xv_112_reg_45011_pp0_iter3_reg         |    8|   0|    8|          0|
    |xv_114_reg_45021                       |    8|   0|    8|          0|
    |xv_117_reg_45026                       |    8|   0|    8|          0|
    |xv_117_reg_45026_pp0_iter3_reg         |    8|   0|    8|          0|
    |xv_119_reg_45036                       |    8|   0|    8|          0|
    |xv_122_reg_45041                       |    8|   0|    8|          0|
    |xv_122_reg_45041_pp0_iter3_reg         |    8|   0|    8|          0|
    |xv_124_reg_45051                       |    8|   0|    8|          0|
    |xv_125_reg_49539                       |    8|   0|    8|          0|
    |xv_128_reg_45061                       |    8|   0|    8|          0|
    |xv_128_reg_45061_pp0_iter3_reg         |    8|   0|    8|          0|
    |xv_129_reg_45066                       |    8|   0|    8|          0|
    |xv_132_reg_45071                       |    8|   0|    8|          0|
    |xv_132_reg_45071_pp0_iter3_reg         |    8|   0|    8|          0|
    |xv_134_reg_45081                       |    8|   0|    8|          0|
    |xv_138_reg_45091                       |    8|   0|    8|          0|
    |xv_138_reg_45091_pp0_iter3_reg         |    8|   0|    8|          0|
    |xv_139_reg_45096                       |    8|   0|    8|          0|
    |xv_13_reg_44716                        |    8|   0|    8|          0|
    |xv_13_reg_44716_pp0_iter3_reg          |    8|   0|    8|          0|
    |xv_143_reg_45106                       |    8|   0|    8|          0|
    |xv_143_reg_45106_pp0_iter3_reg         |    8|   0|    8|          0|
    |xv_144_reg_45111                       |    8|   0|    8|          0|
    |xv_148_reg_45121                       |    8|   0|    8|          0|
    |xv_148_reg_45121_pp0_iter3_reg         |    8|   0|    8|          0|
    |xv_149_reg_45126                       |    8|   0|    8|          0|
    |xv_14_reg_44721                        |    8|   0|    8|          0|
    |xv_152_reg_45131                       |    8|   0|    8|          0|
    |xv_152_reg_45131_pp0_iter3_reg         |    8|   0|    8|          0|
    |xv_154_reg_45141                       |    8|   0|    8|          0|
    |xv_157_reg_45146                       |    8|   0|    8|          0|
    |xv_157_reg_45146_pp0_iter3_reg         |    8|   0|    8|          0|
    |xv_159_reg_45156                       |    8|   0|    8|          0|
    |xv_162_reg_45161                       |    8|   0|    8|          0|
    |xv_162_reg_45161_pp0_iter3_reg         |    8|   0|    8|          0|
    |xv_164_reg_45171                       |    8|   0|    8|          0|
    |xv_167_reg_45176                       |    8|   0|    8|          0|
    |xv_167_reg_45176_pp0_iter3_reg         |    8|   0|    8|          0|
    |xv_169_reg_45186                       |    8|   0|    8|          0|
    |xv_172_reg_45191                       |    8|   0|    8|          0|
    |xv_172_reg_45191_pp0_iter3_reg         |    8|   0|    8|          0|
    |xv_174_reg_45201                       |    8|   0|    8|          0|
    |xv_177_reg_45206                       |    8|   0|    8|          0|
    |xv_177_reg_45206_pp0_iter3_reg         |    8|   0|    8|          0|
    |xv_179_reg_45216                       |    8|   0|    8|          0|
    |xv_17_reg_44726                        |    8|   0|    8|          0|
    |xv_17_reg_44726_pp0_iter3_reg          |    8|   0|    8|          0|
    |xv_182_reg_45221                       |    8|   0|    8|          0|
    |xv_182_reg_45221_pp0_iter3_reg         |    8|   0|    8|          0|
    |xv_184_reg_45231                       |    8|   0|    8|          0|
    |xv_187_reg_45236                       |    8|   0|    8|          0|
    |xv_187_reg_45236_pp0_iter3_reg         |    8|   0|    8|          0|
    |xv_189_reg_45246                       |    8|   0|    8|          0|
    |xv_192_reg_45251                       |    8|   0|    8|          0|
    |xv_192_reg_45251_pp0_iter3_reg         |    8|   0|    8|          0|
    |xv_194_reg_45261                       |    8|   0|    8|          0|
    |xv_197_reg_45266                       |    8|   0|    8|          0|
    |xv_197_reg_45266_pp0_iter3_reg         |    8|   0|    8|          0|
    |xv_199_reg_45276                       |    8|   0|    8|          0|
    |xv_19_reg_44736                        |    8|   0|    8|          0|
    |xv_19_reg_44736_pp0_iter3_reg          |    8|   0|    8|          0|
    |xv_202_reg_45281                       |    8|   0|    8|          0|
    |xv_202_reg_45281_pp0_iter3_reg         |    8|   0|    8|          0|
    |xv_204_reg_45291                       |    8|   0|    8|          0|
    |xv_207_reg_45296                       |    8|   0|    8|          0|
    |xv_207_reg_45296_pp0_iter3_reg         |    8|   0|    8|          0|
    |xv_209_reg_45306                       |    8|   0|    8|          0|
    |xv_20_reg_49329                        |    8|   0|    8|          0|
    |xv_212_reg_45311                       |    8|   0|    8|          0|
    |xv_212_reg_45311_pp0_iter3_reg         |    8|   0|    8|          0|
    |xv_214_reg_45321                       |    8|   0|    8|          0|
    |xv_217_reg_45326                       |    8|   0|    8|          0|
    |xv_217_reg_45326_pp0_iter3_reg         |    8|   0|    8|          0|
    |xv_219_reg_45336                       |    8|   0|    8|          0|
    |xv_223_reg_45346                       |    8|   0|    8|          0|
    |xv_223_reg_45346_pp0_iter3_reg         |    8|   0|    8|          0|
    |xv_224_reg_45351                       |    8|   0|    8|          0|
    |xv_227_reg_45356                       |    8|   0|    8|          0|
    |xv_227_reg_45356_pp0_iter3_reg         |    8|   0|    8|          0|
    |xv_229_reg_45366                       |    8|   0|    8|          0|
    |xv_22_reg_44741                        |    8|   0|    8|          0|
    |xv_22_reg_44741_pp0_iter3_reg          |    8|   0|    8|          0|
    |xv_232_reg_45371                       |    8|   0|    8|          0|
    |xv_232_reg_45371_pp0_iter3_reg         |    8|   0|    8|          0|
    |xv_234_reg_45381                       |    8|   0|    8|          0|
    |xv_234_reg_45381_pp0_iter3_reg         |    8|   0|    8|          0|
    |xv_235_reg_49759                       |    8|   0|    8|          0|
    |xv_237_reg_45386                       |    8|   0|    8|          0|
    |xv_237_reg_45386_pp0_iter3_reg         |    8|   0|    8|          0|
    |xv_239_reg_45396                       |    8|   0|    8|          0|
    |xv_242_reg_45401                       |    8|   0|    8|          0|
    |xv_242_reg_45401_pp0_iter3_reg         |    8|   0|    8|          0|
    |xv_244_reg_45411                       |    8|   0|    8|          0|
    |xv_247_reg_45416                       |    8|   0|    8|          0|
    |xv_247_reg_45416_pp0_iter3_reg         |    8|   0|    8|          0|
    |xv_249_reg_45426                       |    8|   0|    8|          0|
    |xv_24_reg_44751                        |    8|   0|    8|          0|
    |xv_252_reg_45431                       |    8|   0|    8|          0|
    |xv_252_reg_45431_pp0_iter3_reg         |    8|   0|    8|          0|
    |xv_254_reg_45441                       |    8|   0|    8|          0|
    |xv_257_reg_45446                       |    8|   0|    8|          0|
    |xv_257_reg_45446_pp0_iter3_reg         |    8|   0|    8|          0|
    |xv_259_reg_45456                       |    8|   0|    8|          0|
    |xv_262_reg_45461                       |    8|   0|    8|          0|
    |xv_262_reg_45461_pp0_iter3_reg         |    8|   0|    8|          0|
    |xv_264_reg_45471                       |    8|   0|    8|          0|
    |xv_267_reg_45476                       |    8|   0|    8|          0|
    |xv_267_reg_45476_pp0_iter3_reg         |    8|   0|    8|          0|
    |xv_269_reg_45486                       |    8|   0|    8|          0|
    |xv_269_reg_45486_pp0_iter3_reg         |    8|   0|    8|          0|
    |xv_270_reg_49829                       |    8|   0|    8|          0|
    |xv_272_reg_45491                       |    8|   0|    8|          0|
    |xv_272_reg_45491_pp0_iter3_reg         |    8|   0|    8|          0|
    |xv_274_reg_45501                       |    8|   0|    8|          0|
    |xv_277_reg_45506                       |    8|   0|    8|          0|
    |xv_277_reg_45506_pp0_iter3_reg         |    8|   0|    8|          0|
    |xv_279_reg_45516                       |    8|   0|    8|          0|
    |xv_27_reg_44756                        |    8|   0|    8|          0|
    |xv_27_reg_44756_pp0_iter3_reg          |    8|   0|    8|          0|
    |xv_282_reg_45521                       |    8|   0|    8|          0|
    |xv_282_reg_45521_pp0_iter3_reg         |    8|   0|    8|          0|
    |xv_284_reg_45531                       |    8|   0|    8|          0|
    |xv_284_reg_45531_pp0_iter3_reg         |    8|   0|    8|          0|
    |xv_285_reg_49859                       |    8|   0|    8|          0|
    |xv_287_reg_45536                       |    8|   0|    8|          0|
    |xv_287_reg_45536_pp0_iter3_reg         |    8|   0|    8|          0|
    |xv_289_reg_45546                       |    8|   0|    8|          0|
    |xv_292_reg_45551                       |    8|   0|    8|          0|
    |xv_292_reg_45551_pp0_iter3_reg         |    8|   0|    8|          0|
    |xv_294_reg_45561                       |    8|   0|    8|          0|
    |xv_297_reg_45566                       |    8|   0|    8|          0|
    |xv_297_reg_45566_pp0_iter3_reg         |    8|   0|    8|          0|
    |xv_299_reg_45576                       |    8|   0|    8|          0|
    |xv_299_reg_45576_pp0_iter3_reg         |    8|   0|    8|          0|
    |xv_29_reg_44766                        |    8|   0|    8|          0|
    |xv_2_reg_44681                         |    8|   0|    8|          0|
    |xv_2_reg_44681_pp0_iter3_reg           |    8|   0|    8|          0|
    |xv_300_reg_49889                       |    8|   0|    8|          0|
    |xv_302_reg_45581                       |    8|   0|    8|          0|
    |xv_302_reg_45581_pp0_iter3_reg         |    8|   0|    8|          0|
    |xv_304_reg_45591                       |    8|   0|    8|          0|
    |xv_307_reg_45596                       |    8|   0|    8|          0|
    |xv_307_reg_45596_pp0_iter3_reg         |    8|   0|    8|          0|
    |xv_309_reg_45606                       |    8|   0|    8|          0|
    |xv_312_reg_45611                       |    8|   0|    8|          0|
    |xv_312_reg_45611_pp0_iter3_reg         |    8|   0|    8|          0|
    |xv_314_reg_45621                       |    8|   0|    8|          0|
    |xv_315_reg_49919                       |    8|   0|    8|          0|
    |xv_315_reg_49919_pp0_iter6_reg         |    8|   0|    8|          0|
    |xv_317_reg_45626                       |    8|   0|    8|          0|
    |xv_318_reg_45631                       |    8|   0|    8|          0|
    |xv_318_reg_45631_pp0_iter3_reg         |    8|   0|    8|          0|
    |xv_32_reg_44771                        |    8|   0|    8|          0|
    |xv_32_reg_44771_pp0_iter3_reg          |    8|   0|    8|          0|
    |xv_34_reg_44781                        |    8|   0|    8|          0|
    |xv_37_reg_44786                        |    8|   0|    8|          0|
    |xv_37_reg_44786_pp0_iter3_reg          |    8|   0|    8|          0|
    |xv_39_reg_44796                        |    8|   0|    8|          0|
    |xv_43_reg_44806                        |    8|   0|    8|          0|
    |xv_43_reg_44806_pp0_iter3_reg          |    8|   0|    8|          0|
    |xv_44_reg_44811                        |    8|   0|    8|          0|
    |xv_47_reg_44816                        |    8|   0|    8|          0|
    |xv_47_reg_44816_pp0_iter3_reg          |    8|   0|    8|          0|
    |xv_49_reg_44826                        |    8|   0|    8|          0|
    |xv_4_reg_44691                         |    8|   0|    8|          0|
    |xv_52_reg_44831                        |    8|   0|    8|          0|
    |xv_52_reg_44831_pp0_iter3_reg          |    8|   0|    8|          0|
    |xv_54_reg_44841                        |    8|   0|    8|          0|
    |xv_54_reg_44841_pp0_iter3_reg          |    8|   0|    8|          0|
    |xv_55_reg_49399                        |    8|   0|    8|          0|
    |xv_57_reg_44846                        |    8|   0|    8|          0|
    |xv_57_reg_44846_pp0_iter3_reg          |    8|   0|    8|          0|
    |xv_59_reg_44856                        |    8|   0|    8|          0|
    |xv_59_reg_44856_pp0_iter3_reg          |    8|   0|    8|          0|
    |xv_60_reg_49409                        |    8|   0|    8|          0|
    |xv_62_reg_44861                        |    8|   0|    8|          0|
    |xv_62_reg_44861_pp0_iter3_reg          |    8|   0|    8|          0|
    |xv_64_reg_44871                        |    8|   0|    8|          0|
    |xv_67_reg_44876                        |    8|   0|    8|          0|
    |xv_67_reg_44876_pp0_iter3_reg          |    8|   0|    8|          0|
    |xv_69_reg_44886                        |    8|   0|    8|          0|
    |xv_72_reg_44891                        |    8|   0|    8|          0|
    |xv_72_reg_44891_pp0_iter3_reg          |    8|   0|    8|          0|
    |xv_74_reg_44901                        |    8|   0|    8|          0|
    |xv_77_reg_44906                        |    8|   0|    8|          0|
    |xv_77_reg_44906_pp0_iter3_reg          |    8|   0|    8|          0|
    |xv_79_reg_44916                        |    8|   0|    8|          0|
    |xv_79_reg_44916_pp0_iter3_reg          |    8|   0|    8|          0|
    |xv_80_reg_49449                        |    8|   0|    8|          0|
    |xv_82_reg_44921                        |    8|   0|    8|          0|
    |xv_82_reg_44921_pp0_iter3_reg          |    8|   0|    8|          0|
    |xv_84_reg_44931                        |    8|   0|    8|          0|
    |xv_88_reg_44941                        |    8|   0|    8|          0|
    |xv_88_reg_44941_pp0_iter3_reg          |    8|   0|    8|          0|
    |xv_89_reg_44946                        |    8|   0|    8|          0|
    |xv_89_reg_44946_pp0_iter3_reg          |    8|   0|    8|          0|
    |xv_8_reg_44701                         |    8|   0|    8|          0|
    |xv_8_reg_44701_pp0_iter3_reg           |    8|   0|    8|          0|
    |xv_90_reg_49469                        |    8|   0|    8|          0|
    |xv_92_reg_44951                        |    8|   0|    8|          0|
    |xv_92_reg_44951_pp0_iter3_reg          |    8|   0|    8|          0|
    |xv_94_reg_44961                        |    8|   0|    8|          0|
    |xv_97_reg_44966                        |    8|   0|    8|          0|
    |xv_97_reg_44966_pp0_iter3_reg          |    8|   0|    8|          0|
    |xv_99_reg_44976                        |    8|   0|    8|          0|
    |xv_9_reg_44706                         |    8|   0|    8|          0|
    |add_ln85_312_reg_50304                 |   64|  32|   16|          0|
    |r_reg_50939                            |   64|  32|    8|          0|
    |t_reg_39313                            |   64|  32|    8|          0|
    |tmp_257_reg_39652                      |   64|  32|    1|          0|
    |tmp_264_reg_50944                      |   64|  32|    1|          0|
    |trunc_ln79_reg_39323                   |   64|  32|    3|          0|
    |xv_104_reg_44991                       |   64|  32|    8|          0|
    |xv_109_reg_45006                       |   64|  32|    8|          0|
    |xv_114_reg_45021                       |   64|  32|    8|          0|
    |xv_119_reg_45036                       |   64|  32|    8|          0|
    |xv_124_reg_45051                       |   64|  32|    8|          0|
    |xv_129_reg_45066                       |   64|  32|    8|          0|
    |xv_134_reg_45081                       |   64|  32|    8|          0|
    |xv_139_reg_45096                       |   64|  32|    8|          0|
    |xv_144_reg_45111                       |   64|  32|    8|          0|
    |xv_149_reg_45126                       |   64|  32|    8|          0|
    |xv_14_reg_44721                        |   64|  32|    8|          0|
    |xv_154_reg_45141                       |   64|  32|    8|          0|
    |xv_159_reg_45156                       |   64|  32|    8|          0|
    |xv_164_reg_45171                       |   64|  32|    8|          0|
    |xv_169_reg_45186                       |   64|  32|    8|          0|
    |xv_174_reg_45201                       |   64|  32|    8|          0|
    |xv_179_reg_45216                       |   64|  32|    8|          0|
    |xv_184_reg_45231                       |   64|  32|    8|          0|
    |xv_189_reg_45246                       |   64|  32|    8|          0|
    |xv_194_reg_45261                       |   64|  32|    8|          0|
    |xv_199_reg_45276                       |   64|  32|    8|          0|
    |xv_204_reg_45291                       |   64|  32|    8|          0|
    |xv_209_reg_45306                       |   64|  32|    8|          0|
    |xv_214_reg_45321                       |   64|  32|    8|          0|
    |xv_219_reg_45336                       |   64|  32|    8|          0|
    |xv_224_reg_45351                       |   64|  32|    8|          0|
    |xv_229_reg_45366                       |   64|  32|    8|          0|
    |xv_239_reg_45396                       |   64|  32|    8|          0|
    |xv_244_reg_45411                       |   64|  32|    8|          0|
    |xv_249_reg_45426                       |   64|  32|    8|          0|
    |xv_24_reg_44751                        |   64|  32|    8|          0|
    |xv_254_reg_45441                       |   64|  32|    8|          0|
    |xv_259_reg_45456                       |   64|  32|    8|          0|
    |xv_264_reg_45471                       |   64|  32|    8|          0|
    |xv_274_reg_45501                       |   64|  32|    8|          0|
    |xv_279_reg_45516                       |   64|  32|    8|          0|
    |xv_289_reg_45546                       |   64|  32|    8|          0|
    |xv_294_reg_45561                       |   64|  32|    8|          0|
    |xv_29_reg_44766                        |   64|  32|    8|          0|
    |xv_304_reg_45591                       |   64|  32|    8|          0|
    |xv_309_reg_45606                       |   64|  32|    8|          0|
    |xv_314_reg_45621                       |   64|  32|    8|          0|
    |xv_34_reg_44781                        |   64|  32|    8|          0|
    |xv_39_reg_44796                        |   64|  32|    8|          0|
    |xv_44_reg_44811                        |   64|  32|    8|          0|
    |xv_49_reg_44826                        |   64|  32|    8|          0|
    |xv_4_reg_44691                         |   64|  32|    8|          0|
    |xv_64_reg_44871                        |   64|  32|    8|          0|
    |xv_69_reg_44886                        |   64|  32|    8|          0|
    |xv_74_reg_44901                        |   64|  32|    8|          0|
    |xv_84_reg_44931                        |   64|  32|    8|          0|
    |xv_94_reg_44961                        |   64|  32|    8|          0|
    |xv_99_reg_44976                        |   64|  32|    8|          0|
    |xv_9_reg_44706                         |   64|  32|    8|          0|
    +---------------------------------------+-----+----+-----+-----------+
    |Total                                  |13356|1920| 9985|          0|
    +---------------------------------------+-----+----+-----+-----------+



================================================================
== Interface
================================================================
* Summary: 
+------------------------+-----+-----+------------+--------------------------------------+--------------+
|        RTL Ports       | Dir | Bits|  Protocol  |             Source Object            |    C Type    |
+------------------------+-----+-----+------------+--------------------------------------+--------------+
|ap_clk                  |   in|    1|  ap_ctrl_hs|  conv2_block_Pipeline_VITIS_LOOP_77_2|  return value|
|ap_rst                  |   in|    1|  ap_ctrl_hs|  conv2_block_Pipeline_VITIS_LOOP_77_2|  return value|
|ap_start                |   in|    1|  ap_ctrl_hs|  conv2_block_Pipeline_VITIS_LOOP_77_2|  return value|
|ap_done                 |  out|    1|  ap_ctrl_hs|  conv2_block_Pipeline_VITIS_LOOP_77_2|  return value|
|ap_idle                 |  out|    1|  ap_ctrl_hs|  conv2_block_Pipeline_VITIS_LOOP_77_2|  return value|
|ap_ready                |  out|    1|  ap_ctrl_hs|  conv2_block_Pipeline_VITIS_LOOP_77_2|  return value|
|zext_ln89               |   in|   13|     ap_none|                             zext_ln89|        scalar|
|y_address0              |  out|   13|   ap_memory|                                     y|         array|
|y_ce0                   |  out|    1|   ap_memory|                                     y|         array|
|y_we0                   |  out|    1|   ap_memory|                                     y|         array|
|y_d0                    |  out|    8|   ap_memory|                                     y|         array|
|x_0_0_address0          |  out|    5|   ap_memory|                                 x_0_0|         array|
|x_0_0_ce0               |  out|    1|   ap_memory|                                 x_0_0|         array|
|x_0_0_q0                |   in|    8|   ap_memory|                                 x_0_0|         array|
|x_0_0_address1          |  out|    5|   ap_memory|                                 x_0_0|         array|
|x_0_0_ce1               |  out|    1|   ap_memory|                                 x_0_0|         array|
|x_0_0_q1                |   in|    8|   ap_memory|                                 x_0_0|         array|
|x_1_0_address0          |  out|    5|   ap_memory|                                 x_1_0|         array|
|x_1_0_ce0               |  out|    1|   ap_memory|                                 x_1_0|         array|
|x_1_0_q0                |   in|    8|   ap_memory|                                 x_1_0|         array|
|x_1_0_address1          |  out|    5|   ap_memory|                                 x_1_0|         array|
|x_1_0_ce1               |  out|    1|   ap_memory|                                 x_1_0|         array|
|x_1_0_q1                |   in|    8|   ap_memory|                                 x_1_0|         array|
|x_2_0_address0          |  out|    5|   ap_memory|                                 x_2_0|         array|
|x_2_0_ce0               |  out|    1|   ap_memory|                                 x_2_0|         array|
|x_2_0_q0                |   in|    8|   ap_memory|                                 x_2_0|         array|
|x_2_0_address1          |  out|    5|   ap_memory|                                 x_2_0|         array|
|x_2_0_ce1               |  out|    1|   ap_memory|                                 x_2_0|         array|
|x_2_0_q1                |   in|    8|   ap_memory|                                 x_2_0|         array|
|x_3_0_address0          |  out|    5|   ap_memory|                                 x_3_0|         array|
|x_3_0_ce0               |  out|    1|   ap_memory|                                 x_3_0|         array|
|x_3_0_q0                |   in|    8|   ap_memory|                                 x_3_0|         array|
|x_3_0_address1          |  out|    5|   ap_memory|                                 x_3_0|         array|
|x_3_0_ce1               |  out|    1|   ap_memory|                                 x_3_0|         array|
|x_3_0_q1                |   in|    8|   ap_memory|                                 x_3_0|         array|
|x_4_0_address0          |  out|    5|   ap_memory|                                 x_4_0|         array|
|x_4_0_ce0               |  out|    1|   ap_memory|                                 x_4_0|         array|
|x_4_0_q0                |   in|    8|   ap_memory|                                 x_4_0|         array|
|x_4_0_address1          |  out|    5|   ap_memory|                                 x_4_0|         array|
|x_4_0_ce1               |  out|    1|   ap_memory|                                 x_4_0|         array|
|x_4_0_q1                |   in|    8|   ap_memory|                                 x_4_0|         array|
|sext_ln82               |   in|    7|     ap_none|                             sext_ln82|        scalar|
|x_0_1_address0          |  out|    5|   ap_memory|                                 x_0_1|         array|
|x_0_1_ce0               |  out|    1|   ap_memory|                                 x_0_1|         array|
|x_0_1_q0                |   in|    8|   ap_memory|                                 x_0_1|         array|
|x_0_1_address1          |  out|    5|   ap_memory|                                 x_0_1|         array|
|x_0_1_ce1               |  out|    1|   ap_memory|                                 x_0_1|         array|
|x_0_1_q1                |   in|    8|   ap_memory|                                 x_0_1|         array|
|x_0_2_address0          |  out|    5|   ap_memory|                                 x_0_2|         array|
|x_0_2_ce0               |  out|    1|   ap_memory|                                 x_0_2|         array|
|x_0_2_q0                |   in|    8|   ap_memory|                                 x_0_2|         array|
|x_0_2_address1          |  out|    5|   ap_memory|                                 x_0_2|         array|
|x_0_2_ce1               |  out|    1|   ap_memory|                                 x_0_2|         array|
|x_0_2_q1                |   in|    8|   ap_memory|                                 x_0_2|         array|
|x_0_3_address0          |  out|    5|   ap_memory|                                 x_0_3|         array|
|x_0_3_ce0               |  out|    1|   ap_memory|                                 x_0_3|         array|
|x_0_3_q0                |   in|    8|   ap_memory|                                 x_0_3|         array|
|x_0_3_address1          |  out|    5|   ap_memory|                                 x_0_3|         array|
|x_0_3_ce1               |  out|    1|   ap_memory|                                 x_0_3|         array|
|x_0_3_q1                |   in|    8|   ap_memory|                                 x_0_3|         array|
|x_0_4_address0          |  out|    5|   ap_memory|                                 x_0_4|         array|
|x_0_4_ce0               |  out|    1|   ap_memory|                                 x_0_4|         array|
|x_0_4_q0                |   in|    8|   ap_memory|                                 x_0_4|         array|
|x_0_4_address1          |  out|    5|   ap_memory|                                 x_0_4|         array|
|x_0_4_ce1               |  out|    1|   ap_memory|                                 x_0_4|         array|
|x_0_4_q1                |   in|    8|   ap_memory|                                 x_0_4|         array|
|x_0_5_address0          |  out|    5|   ap_memory|                                 x_0_5|         array|
|x_0_5_ce0               |  out|    1|   ap_memory|                                 x_0_5|         array|
|x_0_5_q0                |   in|    8|   ap_memory|                                 x_0_5|         array|
|x_0_5_address1          |  out|    5|   ap_memory|                                 x_0_5|         array|
|x_0_5_ce1               |  out|    1|   ap_memory|                                 x_0_5|         array|
|x_0_5_q1                |   in|    8|   ap_memory|                                 x_0_5|         array|
|x_0_6_address0          |  out|    5|   ap_memory|                                 x_0_6|         array|
|x_0_6_ce0               |  out|    1|   ap_memory|                                 x_0_6|         array|
|x_0_6_q0                |   in|    8|   ap_memory|                                 x_0_6|         array|
|x_0_6_address1          |  out|    5|   ap_memory|                                 x_0_6|         array|
|x_0_6_ce1               |  out|    1|   ap_memory|                                 x_0_6|         array|
|x_0_6_q1                |   in|    8|   ap_memory|                                 x_0_6|         array|
|x_0_7_address0          |  out|    5|   ap_memory|                                 x_0_7|         array|
|x_0_7_ce0               |  out|    1|   ap_memory|                                 x_0_7|         array|
|x_0_7_q0                |   in|    8|   ap_memory|                                 x_0_7|         array|
|x_0_7_address1          |  out|    5|   ap_memory|                                 x_0_7|         array|
|x_0_7_ce1               |  out|    1|   ap_memory|                                 x_0_7|         array|
|x_0_7_q1                |   in|    8|   ap_memory|                                 x_0_7|         array|
|x_0_8_address0          |  out|    5|   ap_memory|                                 x_0_8|         array|
|x_0_8_ce0               |  out|    1|   ap_memory|                                 x_0_8|         array|
|x_0_8_q0                |   in|    8|   ap_memory|                                 x_0_8|         array|
|x_0_8_address1          |  out|    5|   ap_memory|                                 x_0_8|         array|
|x_0_8_ce1               |  out|    1|   ap_memory|                                 x_0_8|         array|
|x_0_8_q1                |   in|    8|   ap_memory|                                 x_0_8|         array|
|x_0_9_address0          |  out|    5|   ap_memory|                                 x_0_9|         array|
|x_0_9_ce0               |  out|    1|   ap_memory|                                 x_0_9|         array|
|x_0_9_q0                |   in|    8|   ap_memory|                                 x_0_9|         array|
|x_0_9_address1          |  out|    5|   ap_memory|                                 x_0_9|         array|
|x_0_9_ce1               |  out|    1|   ap_memory|                                 x_0_9|         array|
|x_0_9_q1                |   in|    8|   ap_memory|                                 x_0_9|         array|
|x_0_10_address0         |  out|    5|   ap_memory|                                x_0_10|         array|
|x_0_10_ce0              |  out|    1|   ap_memory|                                x_0_10|         array|
|x_0_10_q0               |   in|    8|   ap_memory|                                x_0_10|         array|
|x_0_10_address1         |  out|    5|   ap_memory|                                x_0_10|         array|
|x_0_10_ce1              |  out|    1|   ap_memory|                                x_0_10|         array|
|x_0_10_q1               |   in|    8|   ap_memory|                                x_0_10|         array|
|x_0_11_address0         |  out|    5|   ap_memory|                                x_0_11|         array|
|x_0_11_ce0              |  out|    1|   ap_memory|                                x_0_11|         array|
|x_0_11_q0               |   in|    8|   ap_memory|                                x_0_11|         array|
|x_0_11_address1         |  out|    5|   ap_memory|                                x_0_11|         array|
|x_0_11_ce1              |  out|    1|   ap_memory|                                x_0_11|         array|
|x_0_11_q1               |   in|    8|   ap_memory|                                x_0_11|         array|
|x_0_12_address0         |  out|    5|   ap_memory|                                x_0_12|         array|
|x_0_12_ce0              |  out|    1|   ap_memory|                                x_0_12|         array|
|x_0_12_q0               |   in|    8|   ap_memory|                                x_0_12|         array|
|x_0_12_address1         |  out|    5|   ap_memory|                                x_0_12|         array|
|x_0_12_ce1              |  out|    1|   ap_memory|                                x_0_12|         array|
|x_0_12_q1               |   in|    8|   ap_memory|                                x_0_12|         array|
|x_0_13_address0         |  out|    5|   ap_memory|                                x_0_13|         array|
|x_0_13_ce0              |  out|    1|   ap_memory|                                x_0_13|         array|
|x_0_13_q0               |   in|    8|   ap_memory|                                x_0_13|         array|
|x_0_13_address1         |  out|    5|   ap_memory|                                x_0_13|         array|
|x_0_13_ce1              |  out|    1|   ap_memory|                                x_0_13|         array|
|x_0_13_q1               |   in|    8|   ap_memory|                                x_0_13|         array|
|x_0_14_address0         |  out|    5|   ap_memory|                                x_0_14|         array|
|x_0_14_ce0              |  out|    1|   ap_memory|                                x_0_14|         array|
|x_0_14_q0               |   in|    8|   ap_memory|                                x_0_14|         array|
|x_0_14_address1         |  out|    5|   ap_memory|                                x_0_14|         array|
|x_0_14_ce1              |  out|    1|   ap_memory|                                x_0_14|         array|
|x_0_14_q1               |   in|    8|   ap_memory|                                x_0_14|         array|
|x_0_15_address0         |  out|    5|   ap_memory|                                x_0_15|         array|
|x_0_15_ce0              |  out|    1|   ap_memory|                                x_0_15|         array|
|x_0_15_q0               |   in|    8|   ap_memory|                                x_0_15|         array|
|x_0_15_address1         |  out|    5|   ap_memory|                                x_0_15|         array|
|x_0_15_ce1              |  out|    1|   ap_memory|                                x_0_15|         array|
|x_0_15_q1               |   in|    8|   ap_memory|                                x_0_15|         array|
|x_0_16_address0         |  out|    5|   ap_memory|                                x_0_16|         array|
|x_0_16_ce0              |  out|    1|   ap_memory|                                x_0_16|         array|
|x_0_16_q0               |   in|    8|   ap_memory|                                x_0_16|         array|
|x_0_16_address1         |  out|    5|   ap_memory|                                x_0_16|         array|
|x_0_16_ce1              |  out|    1|   ap_memory|                                x_0_16|         array|
|x_0_16_q1               |   in|    8|   ap_memory|                                x_0_16|         array|
|x_0_17_address0         |  out|    5|   ap_memory|                                x_0_17|         array|
|x_0_17_ce0              |  out|    1|   ap_memory|                                x_0_17|         array|
|x_0_17_q0               |   in|    8|   ap_memory|                                x_0_17|         array|
|x_0_17_address1         |  out|    5|   ap_memory|                                x_0_17|         array|
|x_0_17_ce1              |  out|    1|   ap_memory|                                x_0_17|         array|
|x_0_17_q1               |   in|    8|   ap_memory|                                x_0_17|         array|
|x_0_18_address0         |  out|    5|   ap_memory|                                x_0_18|         array|
|x_0_18_ce0              |  out|    1|   ap_memory|                                x_0_18|         array|
|x_0_18_q0               |   in|    8|   ap_memory|                                x_0_18|         array|
|x_0_18_address1         |  out|    5|   ap_memory|                                x_0_18|         array|
|x_0_18_ce1              |  out|    1|   ap_memory|                                x_0_18|         array|
|x_0_18_q1               |   in|    8|   ap_memory|                                x_0_18|         array|
|x_0_19_address0         |  out|    5|   ap_memory|                                x_0_19|         array|
|x_0_19_ce0              |  out|    1|   ap_memory|                                x_0_19|         array|
|x_0_19_q0               |   in|    8|   ap_memory|                                x_0_19|         array|
|x_0_19_address1         |  out|    5|   ap_memory|                                x_0_19|         array|
|x_0_19_ce1              |  out|    1|   ap_memory|                                x_0_19|         array|
|x_0_19_q1               |   in|    8|   ap_memory|                                x_0_19|         array|
|x_0_20_address0         |  out|    5|   ap_memory|                                x_0_20|         array|
|x_0_20_ce0              |  out|    1|   ap_memory|                                x_0_20|         array|
|x_0_20_q0               |   in|    8|   ap_memory|                                x_0_20|         array|
|x_0_20_address1         |  out|    5|   ap_memory|                                x_0_20|         array|
|x_0_20_ce1              |  out|    1|   ap_memory|                                x_0_20|         array|
|x_0_20_q1               |   in|    8|   ap_memory|                                x_0_20|         array|
|x_0_21_address0         |  out|    5|   ap_memory|                                x_0_21|         array|
|x_0_21_ce0              |  out|    1|   ap_memory|                                x_0_21|         array|
|x_0_21_q0               |   in|    8|   ap_memory|                                x_0_21|         array|
|x_0_21_address1         |  out|    5|   ap_memory|                                x_0_21|         array|
|x_0_21_ce1              |  out|    1|   ap_memory|                                x_0_21|         array|
|x_0_21_q1               |   in|    8|   ap_memory|                                x_0_21|         array|
|x_0_22_address0         |  out|    5|   ap_memory|                                x_0_22|         array|
|x_0_22_ce0              |  out|    1|   ap_memory|                                x_0_22|         array|
|x_0_22_q0               |   in|    8|   ap_memory|                                x_0_22|         array|
|x_0_22_address1         |  out|    5|   ap_memory|                                x_0_22|         array|
|x_0_22_ce1              |  out|    1|   ap_memory|                                x_0_22|         array|
|x_0_22_q1               |   in|    8|   ap_memory|                                x_0_22|         array|
|x_0_23_address0         |  out|    5|   ap_memory|                                x_0_23|         array|
|x_0_23_ce0              |  out|    1|   ap_memory|                                x_0_23|         array|
|x_0_23_q0               |   in|    8|   ap_memory|                                x_0_23|         array|
|x_0_23_address1         |  out|    5|   ap_memory|                                x_0_23|         array|
|x_0_23_ce1              |  out|    1|   ap_memory|                                x_0_23|         array|
|x_0_23_q1               |   in|    8|   ap_memory|                                x_0_23|         array|
|x_0_24_address0         |  out|    5|   ap_memory|                                x_0_24|         array|
|x_0_24_ce0              |  out|    1|   ap_memory|                                x_0_24|         array|
|x_0_24_q0               |   in|    8|   ap_memory|                                x_0_24|         array|
|x_0_24_address1         |  out|    5|   ap_memory|                                x_0_24|         array|
|x_0_24_ce1              |  out|    1|   ap_memory|                                x_0_24|         array|
|x_0_24_q1               |   in|    8|   ap_memory|                                x_0_24|         array|
|x_0_25_address0         |  out|    5|   ap_memory|                                x_0_25|         array|
|x_0_25_ce0              |  out|    1|   ap_memory|                                x_0_25|         array|
|x_0_25_q0               |   in|    8|   ap_memory|                                x_0_25|         array|
|x_0_25_address1         |  out|    5|   ap_memory|                                x_0_25|         array|
|x_0_25_ce1              |  out|    1|   ap_memory|                                x_0_25|         array|
|x_0_25_q1               |   in|    8|   ap_memory|                                x_0_25|         array|
|x_0_26_address0         |  out|    5|   ap_memory|                                x_0_26|         array|
|x_0_26_ce0              |  out|    1|   ap_memory|                                x_0_26|         array|
|x_0_26_q0               |   in|    8|   ap_memory|                                x_0_26|         array|
|x_0_26_address1         |  out|    5|   ap_memory|                                x_0_26|         array|
|x_0_26_ce1              |  out|    1|   ap_memory|                                x_0_26|         array|
|x_0_26_q1               |   in|    8|   ap_memory|                                x_0_26|         array|
|x_0_27_address0         |  out|    5|   ap_memory|                                x_0_27|         array|
|x_0_27_ce0              |  out|    1|   ap_memory|                                x_0_27|         array|
|x_0_27_q0               |   in|    8|   ap_memory|                                x_0_27|         array|
|x_0_27_address1         |  out|    5|   ap_memory|                                x_0_27|         array|
|x_0_27_ce1              |  out|    1|   ap_memory|                                x_0_27|         array|
|x_0_27_q1               |   in|    8|   ap_memory|                                x_0_27|         array|
|x_0_28_address0         |  out|    5|   ap_memory|                                x_0_28|         array|
|x_0_28_ce0              |  out|    1|   ap_memory|                                x_0_28|         array|
|x_0_28_q0               |   in|    8|   ap_memory|                                x_0_28|         array|
|x_0_28_address1         |  out|    5|   ap_memory|                                x_0_28|         array|
|x_0_28_ce1              |  out|    1|   ap_memory|                                x_0_28|         array|
|x_0_28_q1               |   in|    8|   ap_memory|                                x_0_28|         array|
|x_0_29_address0         |  out|    5|   ap_memory|                                x_0_29|         array|
|x_0_29_ce0              |  out|    1|   ap_memory|                                x_0_29|         array|
|x_0_29_q0               |   in|    8|   ap_memory|                                x_0_29|         array|
|x_0_29_address1         |  out|    5|   ap_memory|                                x_0_29|         array|
|x_0_29_ce1              |  out|    1|   ap_memory|                                x_0_29|         array|
|x_0_29_q1               |   in|    8|   ap_memory|                                x_0_29|         array|
|x_0_30_address0         |  out|    5|   ap_memory|                                x_0_30|         array|
|x_0_30_ce0              |  out|    1|   ap_memory|                                x_0_30|         array|
|x_0_30_q0               |   in|    8|   ap_memory|                                x_0_30|         array|
|x_0_30_address1         |  out|    5|   ap_memory|                                x_0_30|         array|
|x_0_30_ce1              |  out|    1|   ap_memory|                                x_0_30|         array|
|x_0_30_q1               |   in|    8|   ap_memory|                                x_0_30|         array|
|x_0_31_address0         |  out|    5|   ap_memory|                                x_0_31|         array|
|x_0_31_ce0              |  out|    1|   ap_memory|                                x_0_31|         array|
|x_0_31_q0               |   in|    8|   ap_memory|                                x_0_31|         array|
|x_0_31_address1         |  out|    5|   ap_memory|                                x_0_31|         array|
|x_0_31_ce1              |  out|    1|   ap_memory|                                x_0_31|         array|
|x_0_31_q1               |   in|    8|   ap_memory|                                x_0_31|         array|
|x_0_32_address0         |  out|    5|   ap_memory|                                x_0_32|         array|
|x_0_32_ce0              |  out|    1|   ap_memory|                                x_0_32|         array|
|x_0_32_q0               |   in|    8|   ap_memory|                                x_0_32|         array|
|x_0_32_address1         |  out|    5|   ap_memory|                                x_0_32|         array|
|x_0_32_ce1              |  out|    1|   ap_memory|                                x_0_32|         array|
|x_0_32_q1               |   in|    8|   ap_memory|                                x_0_32|         array|
|x_0_33_address0         |  out|    5|   ap_memory|                                x_0_33|         array|
|x_0_33_ce0              |  out|    1|   ap_memory|                                x_0_33|         array|
|x_0_33_q0               |   in|    8|   ap_memory|                                x_0_33|         array|
|x_0_33_address1         |  out|    5|   ap_memory|                                x_0_33|         array|
|x_0_33_ce1              |  out|    1|   ap_memory|                                x_0_33|         array|
|x_0_33_q1               |   in|    8|   ap_memory|                                x_0_33|         array|
|x_0_34_address0         |  out|    5|   ap_memory|                                x_0_34|         array|
|x_0_34_ce0              |  out|    1|   ap_memory|                                x_0_34|         array|
|x_0_34_q0               |   in|    8|   ap_memory|                                x_0_34|         array|
|x_0_34_address1         |  out|    5|   ap_memory|                                x_0_34|         array|
|x_0_34_ce1              |  out|    1|   ap_memory|                                x_0_34|         array|
|x_0_34_q1               |   in|    8|   ap_memory|                                x_0_34|         array|
|x_0_35_address0         |  out|    5|   ap_memory|                                x_0_35|         array|
|x_0_35_ce0              |  out|    1|   ap_memory|                                x_0_35|         array|
|x_0_35_q0               |   in|    8|   ap_memory|                                x_0_35|         array|
|x_0_35_address1         |  out|    5|   ap_memory|                                x_0_35|         array|
|x_0_35_ce1              |  out|    1|   ap_memory|                                x_0_35|         array|
|x_0_35_q1               |   in|    8|   ap_memory|                                x_0_35|         array|
|x_0_36_address0         |  out|    5|   ap_memory|                                x_0_36|         array|
|x_0_36_ce0              |  out|    1|   ap_memory|                                x_0_36|         array|
|x_0_36_q0               |   in|    8|   ap_memory|                                x_0_36|         array|
|x_0_36_address1         |  out|    5|   ap_memory|                                x_0_36|         array|
|x_0_36_ce1              |  out|    1|   ap_memory|                                x_0_36|         array|
|x_0_36_q1               |   in|    8|   ap_memory|                                x_0_36|         array|
|x_0_37_address0         |  out|    5|   ap_memory|                                x_0_37|         array|
|x_0_37_ce0              |  out|    1|   ap_memory|                                x_0_37|         array|
|x_0_37_q0               |   in|    8|   ap_memory|                                x_0_37|         array|
|x_0_37_address1         |  out|    5|   ap_memory|                                x_0_37|         array|
|x_0_37_ce1              |  out|    1|   ap_memory|                                x_0_37|         array|
|x_0_37_q1               |   in|    8|   ap_memory|                                x_0_37|         array|
|x_0_38_address0         |  out|    5|   ap_memory|                                x_0_38|         array|
|x_0_38_ce0              |  out|    1|   ap_memory|                                x_0_38|         array|
|x_0_38_q0               |   in|    8|   ap_memory|                                x_0_38|         array|
|x_0_38_address1         |  out|    5|   ap_memory|                                x_0_38|         array|
|x_0_38_ce1              |  out|    1|   ap_memory|                                x_0_38|         array|
|x_0_38_q1               |   in|    8|   ap_memory|                                x_0_38|         array|
|x_0_39_address0         |  out|    5|   ap_memory|                                x_0_39|         array|
|x_0_39_ce0              |  out|    1|   ap_memory|                                x_0_39|         array|
|x_0_39_q0               |   in|    8|   ap_memory|                                x_0_39|         array|
|x_0_39_address1         |  out|    5|   ap_memory|                                x_0_39|         array|
|x_0_39_ce1              |  out|    1|   ap_memory|                                x_0_39|         array|
|x_0_39_q1               |   in|    8|   ap_memory|                                x_0_39|         array|
|x_0_40_address0         |  out|    5|   ap_memory|                                x_0_40|         array|
|x_0_40_ce0              |  out|    1|   ap_memory|                                x_0_40|         array|
|x_0_40_q0               |   in|    8|   ap_memory|                                x_0_40|         array|
|x_0_40_address1         |  out|    5|   ap_memory|                                x_0_40|         array|
|x_0_40_ce1              |  out|    1|   ap_memory|                                x_0_40|         array|
|x_0_40_q1               |   in|    8|   ap_memory|                                x_0_40|         array|
|x_0_41_address0         |  out|    5|   ap_memory|                                x_0_41|         array|
|x_0_41_ce0              |  out|    1|   ap_memory|                                x_0_41|         array|
|x_0_41_q0               |   in|    8|   ap_memory|                                x_0_41|         array|
|x_0_41_address1         |  out|    5|   ap_memory|                                x_0_41|         array|
|x_0_41_ce1              |  out|    1|   ap_memory|                                x_0_41|         array|
|x_0_41_q1               |   in|    8|   ap_memory|                                x_0_41|         array|
|x_0_42_address0         |  out|    5|   ap_memory|                                x_0_42|         array|
|x_0_42_ce0              |  out|    1|   ap_memory|                                x_0_42|         array|
|x_0_42_q0               |   in|    8|   ap_memory|                                x_0_42|         array|
|x_0_42_address1         |  out|    5|   ap_memory|                                x_0_42|         array|
|x_0_42_ce1              |  out|    1|   ap_memory|                                x_0_42|         array|
|x_0_42_q1               |   in|    8|   ap_memory|                                x_0_42|         array|
|x_0_43_address0         |  out|    5|   ap_memory|                                x_0_43|         array|
|x_0_43_ce0              |  out|    1|   ap_memory|                                x_0_43|         array|
|x_0_43_q0               |   in|    8|   ap_memory|                                x_0_43|         array|
|x_0_43_address1         |  out|    5|   ap_memory|                                x_0_43|         array|
|x_0_43_ce1              |  out|    1|   ap_memory|                                x_0_43|         array|
|x_0_43_q1               |   in|    8|   ap_memory|                                x_0_43|         array|
|x_0_44_address0         |  out|    5|   ap_memory|                                x_0_44|         array|
|x_0_44_ce0              |  out|    1|   ap_memory|                                x_0_44|         array|
|x_0_44_q0               |   in|    8|   ap_memory|                                x_0_44|         array|
|x_0_44_address1         |  out|    5|   ap_memory|                                x_0_44|         array|
|x_0_44_ce1              |  out|    1|   ap_memory|                                x_0_44|         array|
|x_0_44_q1               |   in|    8|   ap_memory|                                x_0_44|         array|
|x_0_45_address0         |  out|    5|   ap_memory|                                x_0_45|         array|
|x_0_45_ce0              |  out|    1|   ap_memory|                                x_0_45|         array|
|x_0_45_q0               |   in|    8|   ap_memory|                                x_0_45|         array|
|x_0_45_address1         |  out|    5|   ap_memory|                                x_0_45|         array|
|x_0_45_ce1              |  out|    1|   ap_memory|                                x_0_45|         array|
|x_0_45_q1               |   in|    8|   ap_memory|                                x_0_45|         array|
|x_0_46_address0         |  out|    5|   ap_memory|                                x_0_46|         array|
|x_0_46_ce0              |  out|    1|   ap_memory|                                x_0_46|         array|
|x_0_46_q0               |   in|    8|   ap_memory|                                x_0_46|         array|
|x_0_46_address1         |  out|    5|   ap_memory|                                x_0_46|         array|
|x_0_46_ce1              |  out|    1|   ap_memory|                                x_0_46|         array|
|x_0_46_q1               |   in|    8|   ap_memory|                                x_0_46|         array|
|x_0_47_address0         |  out|    5|   ap_memory|                                x_0_47|         array|
|x_0_47_ce0              |  out|    1|   ap_memory|                                x_0_47|         array|
|x_0_47_q0               |   in|    8|   ap_memory|                                x_0_47|         array|
|x_0_47_address1         |  out|    5|   ap_memory|                                x_0_47|         array|
|x_0_47_ce1              |  out|    1|   ap_memory|                                x_0_47|         array|
|x_0_47_q1               |   in|    8|   ap_memory|                                x_0_47|         array|
|x_0_48_address0         |  out|    5|   ap_memory|                                x_0_48|         array|
|x_0_48_ce0              |  out|    1|   ap_memory|                                x_0_48|         array|
|x_0_48_q0               |   in|    8|   ap_memory|                                x_0_48|         array|
|x_0_48_address1         |  out|    5|   ap_memory|                                x_0_48|         array|
|x_0_48_ce1              |  out|    1|   ap_memory|                                x_0_48|         array|
|x_0_48_q1               |   in|    8|   ap_memory|                                x_0_48|         array|
|x_0_49_address0         |  out|    5|   ap_memory|                                x_0_49|         array|
|x_0_49_ce0              |  out|    1|   ap_memory|                                x_0_49|         array|
|x_0_49_q0               |   in|    8|   ap_memory|                                x_0_49|         array|
|x_0_49_address1         |  out|    5|   ap_memory|                                x_0_49|         array|
|x_0_49_ce1              |  out|    1|   ap_memory|                                x_0_49|         array|
|x_0_49_q1               |   in|    8|   ap_memory|                                x_0_49|         array|
|x_0_50_address0         |  out|    5|   ap_memory|                                x_0_50|         array|
|x_0_50_ce0              |  out|    1|   ap_memory|                                x_0_50|         array|
|x_0_50_q0               |   in|    8|   ap_memory|                                x_0_50|         array|
|x_0_50_address1         |  out|    5|   ap_memory|                                x_0_50|         array|
|x_0_50_ce1              |  out|    1|   ap_memory|                                x_0_50|         array|
|x_0_50_q1               |   in|    8|   ap_memory|                                x_0_50|         array|
|x_0_51_address0         |  out|    5|   ap_memory|                                x_0_51|         array|
|x_0_51_ce0              |  out|    1|   ap_memory|                                x_0_51|         array|
|x_0_51_q0               |   in|    8|   ap_memory|                                x_0_51|         array|
|x_0_51_address1         |  out|    5|   ap_memory|                                x_0_51|         array|
|x_0_51_ce1              |  out|    1|   ap_memory|                                x_0_51|         array|
|x_0_51_q1               |   in|    8|   ap_memory|                                x_0_51|         array|
|x_0_52_address0         |  out|    5|   ap_memory|                                x_0_52|         array|
|x_0_52_ce0              |  out|    1|   ap_memory|                                x_0_52|         array|
|x_0_52_q0               |   in|    8|   ap_memory|                                x_0_52|         array|
|x_0_52_address1         |  out|    5|   ap_memory|                                x_0_52|         array|
|x_0_52_ce1              |  out|    1|   ap_memory|                                x_0_52|         array|
|x_0_52_q1               |   in|    8|   ap_memory|                                x_0_52|         array|
|x_0_53_address0         |  out|    5|   ap_memory|                                x_0_53|         array|
|x_0_53_ce0              |  out|    1|   ap_memory|                                x_0_53|         array|
|x_0_53_q0               |   in|    8|   ap_memory|                                x_0_53|         array|
|x_0_53_address1         |  out|    5|   ap_memory|                                x_0_53|         array|
|x_0_53_ce1              |  out|    1|   ap_memory|                                x_0_53|         array|
|x_0_53_q1               |   in|    8|   ap_memory|                                x_0_53|         array|
|x_0_54_address0         |  out|    5|   ap_memory|                                x_0_54|         array|
|x_0_54_ce0              |  out|    1|   ap_memory|                                x_0_54|         array|
|x_0_54_q0               |   in|    8|   ap_memory|                                x_0_54|         array|
|x_0_54_address1         |  out|    5|   ap_memory|                                x_0_54|         array|
|x_0_54_ce1              |  out|    1|   ap_memory|                                x_0_54|         array|
|x_0_54_q1               |   in|    8|   ap_memory|                                x_0_54|         array|
|x_0_55_address0         |  out|    5|   ap_memory|                                x_0_55|         array|
|x_0_55_ce0              |  out|    1|   ap_memory|                                x_0_55|         array|
|x_0_55_q0               |   in|    8|   ap_memory|                                x_0_55|         array|
|x_0_55_address1         |  out|    5|   ap_memory|                                x_0_55|         array|
|x_0_55_ce1              |  out|    1|   ap_memory|                                x_0_55|         array|
|x_0_55_q1               |   in|    8|   ap_memory|                                x_0_55|         array|
|x_0_56_address0         |  out|    5|   ap_memory|                                x_0_56|         array|
|x_0_56_ce0              |  out|    1|   ap_memory|                                x_0_56|         array|
|x_0_56_q0               |   in|    8|   ap_memory|                                x_0_56|         array|
|x_0_56_address1         |  out|    5|   ap_memory|                                x_0_56|         array|
|x_0_56_ce1              |  out|    1|   ap_memory|                                x_0_56|         array|
|x_0_56_q1               |   in|    8|   ap_memory|                                x_0_56|         array|
|x_0_57_address0         |  out|    5|   ap_memory|                                x_0_57|         array|
|x_0_57_ce0              |  out|    1|   ap_memory|                                x_0_57|         array|
|x_0_57_q0               |   in|    8|   ap_memory|                                x_0_57|         array|
|x_0_57_address1         |  out|    5|   ap_memory|                                x_0_57|         array|
|x_0_57_ce1              |  out|    1|   ap_memory|                                x_0_57|         array|
|x_0_57_q1               |   in|    8|   ap_memory|                                x_0_57|         array|
|x_0_58_address0         |  out|    5|   ap_memory|                                x_0_58|         array|
|x_0_58_ce0              |  out|    1|   ap_memory|                                x_0_58|         array|
|x_0_58_q0               |   in|    8|   ap_memory|                                x_0_58|         array|
|x_0_58_address1         |  out|    5|   ap_memory|                                x_0_58|         array|
|x_0_58_ce1              |  out|    1|   ap_memory|                                x_0_58|         array|
|x_0_58_q1               |   in|    8|   ap_memory|                                x_0_58|         array|
|x_0_59_address0         |  out|    5|   ap_memory|                                x_0_59|         array|
|x_0_59_ce0              |  out|    1|   ap_memory|                                x_0_59|         array|
|x_0_59_q0               |   in|    8|   ap_memory|                                x_0_59|         array|
|x_0_59_address1         |  out|    5|   ap_memory|                                x_0_59|         array|
|x_0_59_ce1              |  out|    1|   ap_memory|                                x_0_59|         array|
|x_0_59_q1               |   in|    8|   ap_memory|                                x_0_59|         array|
|x_0_60_address0         |  out|    5|   ap_memory|                                x_0_60|         array|
|x_0_60_ce0              |  out|    1|   ap_memory|                                x_0_60|         array|
|x_0_60_q0               |   in|    8|   ap_memory|                                x_0_60|         array|
|x_0_60_address1         |  out|    5|   ap_memory|                                x_0_60|         array|
|x_0_60_ce1              |  out|    1|   ap_memory|                                x_0_60|         array|
|x_0_60_q1               |   in|    8|   ap_memory|                                x_0_60|         array|
|x_0_61_address0         |  out|    5|   ap_memory|                                x_0_61|         array|
|x_0_61_ce0              |  out|    1|   ap_memory|                                x_0_61|         array|
|x_0_61_q0               |   in|    8|   ap_memory|                                x_0_61|         array|
|x_0_61_address1         |  out|    5|   ap_memory|                                x_0_61|         array|
|x_0_61_ce1              |  out|    1|   ap_memory|                                x_0_61|         array|
|x_0_61_q1               |   in|    8|   ap_memory|                                x_0_61|         array|
|x_0_62_address0         |  out|    5|   ap_memory|                                x_0_62|         array|
|x_0_62_ce0              |  out|    1|   ap_memory|                                x_0_62|         array|
|x_0_62_q0               |   in|    8|   ap_memory|                                x_0_62|         array|
|x_0_62_address1         |  out|    5|   ap_memory|                                x_0_62|         array|
|x_0_62_ce1              |  out|    1|   ap_memory|                                x_0_62|         array|
|x_0_62_q1               |   in|    8|   ap_memory|                                x_0_62|         array|
|x_0_63_address0         |  out|    5|   ap_memory|                                x_0_63|         array|
|x_0_63_ce0              |  out|    1|   ap_memory|                                x_0_63|         array|
|x_0_63_q0               |   in|    8|   ap_memory|                                x_0_63|         array|
|x_0_63_address1         |  out|    5|   ap_memory|                                x_0_63|         array|
|x_0_63_ce1              |  out|    1|   ap_memory|                                x_0_63|         array|
|x_0_63_q1               |   in|    8|   ap_memory|                                x_0_63|         array|
|x_1_1_address0          |  out|    5|   ap_memory|                                 x_1_1|         array|
|x_1_1_ce0               |  out|    1|   ap_memory|                                 x_1_1|         array|
|x_1_1_q0                |   in|    8|   ap_memory|                                 x_1_1|         array|
|x_1_1_address1          |  out|    5|   ap_memory|                                 x_1_1|         array|
|x_1_1_ce1               |  out|    1|   ap_memory|                                 x_1_1|         array|
|x_1_1_q1                |   in|    8|   ap_memory|                                 x_1_1|         array|
|x_1_2_address0          |  out|    5|   ap_memory|                                 x_1_2|         array|
|x_1_2_ce0               |  out|    1|   ap_memory|                                 x_1_2|         array|
|x_1_2_q0                |   in|    8|   ap_memory|                                 x_1_2|         array|
|x_1_2_address1          |  out|    5|   ap_memory|                                 x_1_2|         array|
|x_1_2_ce1               |  out|    1|   ap_memory|                                 x_1_2|         array|
|x_1_2_q1                |   in|    8|   ap_memory|                                 x_1_2|         array|
|x_1_3_address0          |  out|    5|   ap_memory|                                 x_1_3|         array|
|x_1_3_ce0               |  out|    1|   ap_memory|                                 x_1_3|         array|
|x_1_3_q0                |   in|    8|   ap_memory|                                 x_1_3|         array|
|x_1_3_address1          |  out|    5|   ap_memory|                                 x_1_3|         array|
|x_1_3_ce1               |  out|    1|   ap_memory|                                 x_1_3|         array|
|x_1_3_q1                |   in|    8|   ap_memory|                                 x_1_3|         array|
|x_1_4_address0          |  out|    5|   ap_memory|                                 x_1_4|         array|
|x_1_4_ce0               |  out|    1|   ap_memory|                                 x_1_4|         array|
|x_1_4_q0                |   in|    8|   ap_memory|                                 x_1_4|         array|
|x_1_4_address1          |  out|    5|   ap_memory|                                 x_1_4|         array|
|x_1_4_ce1               |  out|    1|   ap_memory|                                 x_1_4|         array|
|x_1_4_q1                |   in|    8|   ap_memory|                                 x_1_4|         array|
|x_1_5_address0          |  out|    5|   ap_memory|                                 x_1_5|         array|
|x_1_5_ce0               |  out|    1|   ap_memory|                                 x_1_5|         array|
|x_1_5_q0                |   in|    8|   ap_memory|                                 x_1_5|         array|
|x_1_5_address1          |  out|    5|   ap_memory|                                 x_1_5|         array|
|x_1_5_ce1               |  out|    1|   ap_memory|                                 x_1_5|         array|
|x_1_5_q1                |   in|    8|   ap_memory|                                 x_1_5|         array|
|x_1_6_address0          |  out|    5|   ap_memory|                                 x_1_6|         array|
|x_1_6_ce0               |  out|    1|   ap_memory|                                 x_1_6|         array|
|x_1_6_q0                |   in|    8|   ap_memory|                                 x_1_6|         array|
|x_1_6_address1          |  out|    5|   ap_memory|                                 x_1_6|         array|
|x_1_6_ce1               |  out|    1|   ap_memory|                                 x_1_6|         array|
|x_1_6_q1                |   in|    8|   ap_memory|                                 x_1_6|         array|
|x_1_7_address0          |  out|    5|   ap_memory|                                 x_1_7|         array|
|x_1_7_ce0               |  out|    1|   ap_memory|                                 x_1_7|         array|
|x_1_7_q0                |   in|    8|   ap_memory|                                 x_1_7|         array|
|x_1_7_address1          |  out|    5|   ap_memory|                                 x_1_7|         array|
|x_1_7_ce1               |  out|    1|   ap_memory|                                 x_1_7|         array|
|x_1_7_q1                |   in|    8|   ap_memory|                                 x_1_7|         array|
|x_1_8_address0          |  out|    5|   ap_memory|                                 x_1_8|         array|
|x_1_8_ce0               |  out|    1|   ap_memory|                                 x_1_8|         array|
|x_1_8_q0                |   in|    8|   ap_memory|                                 x_1_8|         array|
|x_1_8_address1          |  out|    5|   ap_memory|                                 x_1_8|         array|
|x_1_8_ce1               |  out|    1|   ap_memory|                                 x_1_8|         array|
|x_1_8_q1                |   in|    8|   ap_memory|                                 x_1_8|         array|
|x_1_9_address0          |  out|    5|   ap_memory|                                 x_1_9|         array|
|x_1_9_ce0               |  out|    1|   ap_memory|                                 x_1_9|         array|
|x_1_9_q0                |   in|    8|   ap_memory|                                 x_1_9|         array|
|x_1_9_address1          |  out|    5|   ap_memory|                                 x_1_9|         array|
|x_1_9_ce1               |  out|    1|   ap_memory|                                 x_1_9|         array|
|x_1_9_q1                |   in|    8|   ap_memory|                                 x_1_9|         array|
|x_1_10_address0         |  out|    5|   ap_memory|                                x_1_10|         array|
|x_1_10_ce0              |  out|    1|   ap_memory|                                x_1_10|         array|
|x_1_10_q0               |   in|    8|   ap_memory|                                x_1_10|         array|
|x_1_10_address1         |  out|    5|   ap_memory|                                x_1_10|         array|
|x_1_10_ce1              |  out|    1|   ap_memory|                                x_1_10|         array|
|x_1_10_q1               |   in|    8|   ap_memory|                                x_1_10|         array|
|x_1_11_address0         |  out|    5|   ap_memory|                                x_1_11|         array|
|x_1_11_ce0              |  out|    1|   ap_memory|                                x_1_11|         array|
|x_1_11_q0               |   in|    8|   ap_memory|                                x_1_11|         array|
|x_1_11_address1         |  out|    5|   ap_memory|                                x_1_11|         array|
|x_1_11_ce1              |  out|    1|   ap_memory|                                x_1_11|         array|
|x_1_11_q1               |   in|    8|   ap_memory|                                x_1_11|         array|
|x_1_12_address0         |  out|    5|   ap_memory|                                x_1_12|         array|
|x_1_12_ce0              |  out|    1|   ap_memory|                                x_1_12|         array|
|x_1_12_q0               |   in|    8|   ap_memory|                                x_1_12|         array|
|x_1_12_address1         |  out|    5|   ap_memory|                                x_1_12|         array|
|x_1_12_ce1              |  out|    1|   ap_memory|                                x_1_12|         array|
|x_1_12_q1               |   in|    8|   ap_memory|                                x_1_12|         array|
|x_1_13_address0         |  out|    5|   ap_memory|                                x_1_13|         array|
|x_1_13_ce0              |  out|    1|   ap_memory|                                x_1_13|         array|
|x_1_13_q0               |   in|    8|   ap_memory|                                x_1_13|         array|
|x_1_13_address1         |  out|    5|   ap_memory|                                x_1_13|         array|
|x_1_13_ce1              |  out|    1|   ap_memory|                                x_1_13|         array|
|x_1_13_q1               |   in|    8|   ap_memory|                                x_1_13|         array|
|x_1_14_address0         |  out|    5|   ap_memory|                                x_1_14|         array|
|x_1_14_ce0              |  out|    1|   ap_memory|                                x_1_14|         array|
|x_1_14_q0               |   in|    8|   ap_memory|                                x_1_14|         array|
|x_1_14_address1         |  out|    5|   ap_memory|                                x_1_14|         array|
|x_1_14_ce1              |  out|    1|   ap_memory|                                x_1_14|         array|
|x_1_14_q1               |   in|    8|   ap_memory|                                x_1_14|         array|
|x_1_15_address0         |  out|    5|   ap_memory|                                x_1_15|         array|
|x_1_15_ce0              |  out|    1|   ap_memory|                                x_1_15|         array|
|x_1_15_q0               |   in|    8|   ap_memory|                                x_1_15|         array|
|x_1_15_address1         |  out|    5|   ap_memory|                                x_1_15|         array|
|x_1_15_ce1              |  out|    1|   ap_memory|                                x_1_15|         array|
|x_1_15_q1               |   in|    8|   ap_memory|                                x_1_15|         array|
|x_1_16_address0         |  out|    5|   ap_memory|                                x_1_16|         array|
|x_1_16_ce0              |  out|    1|   ap_memory|                                x_1_16|         array|
|x_1_16_q0               |   in|    8|   ap_memory|                                x_1_16|         array|
|x_1_16_address1         |  out|    5|   ap_memory|                                x_1_16|         array|
|x_1_16_ce1              |  out|    1|   ap_memory|                                x_1_16|         array|
|x_1_16_q1               |   in|    8|   ap_memory|                                x_1_16|         array|
|x_1_17_address0         |  out|    5|   ap_memory|                                x_1_17|         array|
|x_1_17_ce0              |  out|    1|   ap_memory|                                x_1_17|         array|
|x_1_17_q0               |   in|    8|   ap_memory|                                x_1_17|         array|
|x_1_17_address1         |  out|    5|   ap_memory|                                x_1_17|         array|
|x_1_17_ce1              |  out|    1|   ap_memory|                                x_1_17|         array|
|x_1_17_q1               |   in|    8|   ap_memory|                                x_1_17|         array|
|x_1_18_address0         |  out|    5|   ap_memory|                                x_1_18|         array|
|x_1_18_ce0              |  out|    1|   ap_memory|                                x_1_18|         array|
|x_1_18_q0               |   in|    8|   ap_memory|                                x_1_18|         array|
|x_1_18_address1         |  out|    5|   ap_memory|                                x_1_18|         array|
|x_1_18_ce1              |  out|    1|   ap_memory|                                x_1_18|         array|
|x_1_18_q1               |   in|    8|   ap_memory|                                x_1_18|         array|
|x_1_19_address0         |  out|    5|   ap_memory|                                x_1_19|         array|
|x_1_19_ce0              |  out|    1|   ap_memory|                                x_1_19|         array|
|x_1_19_q0               |   in|    8|   ap_memory|                                x_1_19|         array|
|x_1_19_address1         |  out|    5|   ap_memory|                                x_1_19|         array|
|x_1_19_ce1              |  out|    1|   ap_memory|                                x_1_19|         array|
|x_1_19_q1               |   in|    8|   ap_memory|                                x_1_19|         array|
|x_1_20_address0         |  out|    5|   ap_memory|                                x_1_20|         array|
|x_1_20_ce0              |  out|    1|   ap_memory|                                x_1_20|         array|
|x_1_20_q0               |   in|    8|   ap_memory|                                x_1_20|         array|
|x_1_20_address1         |  out|    5|   ap_memory|                                x_1_20|         array|
|x_1_20_ce1              |  out|    1|   ap_memory|                                x_1_20|         array|
|x_1_20_q1               |   in|    8|   ap_memory|                                x_1_20|         array|
|x_1_21_address0         |  out|    5|   ap_memory|                                x_1_21|         array|
|x_1_21_ce0              |  out|    1|   ap_memory|                                x_1_21|         array|
|x_1_21_q0               |   in|    8|   ap_memory|                                x_1_21|         array|
|x_1_21_address1         |  out|    5|   ap_memory|                                x_1_21|         array|
|x_1_21_ce1              |  out|    1|   ap_memory|                                x_1_21|         array|
|x_1_21_q1               |   in|    8|   ap_memory|                                x_1_21|         array|
|x_1_22_address0         |  out|    5|   ap_memory|                                x_1_22|         array|
|x_1_22_ce0              |  out|    1|   ap_memory|                                x_1_22|         array|
|x_1_22_q0               |   in|    8|   ap_memory|                                x_1_22|         array|
|x_1_22_address1         |  out|    5|   ap_memory|                                x_1_22|         array|
|x_1_22_ce1              |  out|    1|   ap_memory|                                x_1_22|         array|
|x_1_22_q1               |   in|    8|   ap_memory|                                x_1_22|         array|
|x_1_23_address0         |  out|    5|   ap_memory|                                x_1_23|         array|
|x_1_23_ce0              |  out|    1|   ap_memory|                                x_1_23|         array|
|x_1_23_q0               |   in|    8|   ap_memory|                                x_1_23|         array|
|x_1_23_address1         |  out|    5|   ap_memory|                                x_1_23|         array|
|x_1_23_ce1              |  out|    1|   ap_memory|                                x_1_23|         array|
|x_1_23_q1               |   in|    8|   ap_memory|                                x_1_23|         array|
|x_1_24_address0         |  out|    5|   ap_memory|                                x_1_24|         array|
|x_1_24_ce0              |  out|    1|   ap_memory|                                x_1_24|         array|
|x_1_24_q0               |   in|    8|   ap_memory|                                x_1_24|         array|
|x_1_24_address1         |  out|    5|   ap_memory|                                x_1_24|         array|
|x_1_24_ce1              |  out|    1|   ap_memory|                                x_1_24|         array|
|x_1_24_q1               |   in|    8|   ap_memory|                                x_1_24|         array|
|x_1_25_address0         |  out|    5|   ap_memory|                                x_1_25|         array|
|x_1_25_ce0              |  out|    1|   ap_memory|                                x_1_25|         array|
|x_1_25_q0               |   in|    8|   ap_memory|                                x_1_25|         array|
|x_1_25_address1         |  out|    5|   ap_memory|                                x_1_25|         array|
|x_1_25_ce1              |  out|    1|   ap_memory|                                x_1_25|         array|
|x_1_25_q1               |   in|    8|   ap_memory|                                x_1_25|         array|
|x_1_26_address0         |  out|    5|   ap_memory|                                x_1_26|         array|
|x_1_26_ce0              |  out|    1|   ap_memory|                                x_1_26|         array|
|x_1_26_q0               |   in|    8|   ap_memory|                                x_1_26|         array|
|x_1_26_address1         |  out|    5|   ap_memory|                                x_1_26|         array|
|x_1_26_ce1              |  out|    1|   ap_memory|                                x_1_26|         array|
|x_1_26_q1               |   in|    8|   ap_memory|                                x_1_26|         array|
|x_1_27_address0         |  out|    5|   ap_memory|                                x_1_27|         array|
|x_1_27_ce0              |  out|    1|   ap_memory|                                x_1_27|         array|
|x_1_27_q0               |   in|    8|   ap_memory|                                x_1_27|         array|
|x_1_27_address1         |  out|    5|   ap_memory|                                x_1_27|         array|
|x_1_27_ce1              |  out|    1|   ap_memory|                                x_1_27|         array|
|x_1_27_q1               |   in|    8|   ap_memory|                                x_1_27|         array|
|x_1_28_address0         |  out|    5|   ap_memory|                                x_1_28|         array|
|x_1_28_ce0              |  out|    1|   ap_memory|                                x_1_28|         array|
|x_1_28_q0               |   in|    8|   ap_memory|                                x_1_28|         array|
|x_1_28_address1         |  out|    5|   ap_memory|                                x_1_28|         array|
|x_1_28_ce1              |  out|    1|   ap_memory|                                x_1_28|         array|
|x_1_28_q1               |   in|    8|   ap_memory|                                x_1_28|         array|
|x_1_29_address0         |  out|    5|   ap_memory|                                x_1_29|         array|
|x_1_29_ce0              |  out|    1|   ap_memory|                                x_1_29|         array|
|x_1_29_q0               |   in|    8|   ap_memory|                                x_1_29|         array|
|x_1_29_address1         |  out|    5|   ap_memory|                                x_1_29|         array|
|x_1_29_ce1              |  out|    1|   ap_memory|                                x_1_29|         array|
|x_1_29_q1               |   in|    8|   ap_memory|                                x_1_29|         array|
|x_1_30_address0         |  out|    5|   ap_memory|                                x_1_30|         array|
|x_1_30_ce0              |  out|    1|   ap_memory|                                x_1_30|         array|
|x_1_30_q0               |   in|    8|   ap_memory|                                x_1_30|         array|
|x_1_30_address1         |  out|    5|   ap_memory|                                x_1_30|         array|
|x_1_30_ce1              |  out|    1|   ap_memory|                                x_1_30|         array|
|x_1_30_q1               |   in|    8|   ap_memory|                                x_1_30|         array|
|x_1_31_address0         |  out|    5|   ap_memory|                                x_1_31|         array|
|x_1_31_ce0              |  out|    1|   ap_memory|                                x_1_31|         array|
|x_1_31_q0               |   in|    8|   ap_memory|                                x_1_31|         array|
|x_1_31_address1         |  out|    5|   ap_memory|                                x_1_31|         array|
|x_1_31_ce1              |  out|    1|   ap_memory|                                x_1_31|         array|
|x_1_31_q1               |   in|    8|   ap_memory|                                x_1_31|         array|
|x_1_32_address0         |  out|    5|   ap_memory|                                x_1_32|         array|
|x_1_32_ce0              |  out|    1|   ap_memory|                                x_1_32|         array|
|x_1_32_q0               |   in|    8|   ap_memory|                                x_1_32|         array|
|x_1_32_address1         |  out|    5|   ap_memory|                                x_1_32|         array|
|x_1_32_ce1              |  out|    1|   ap_memory|                                x_1_32|         array|
|x_1_32_q1               |   in|    8|   ap_memory|                                x_1_32|         array|
|x_1_33_address0         |  out|    5|   ap_memory|                                x_1_33|         array|
|x_1_33_ce0              |  out|    1|   ap_memory|                                x_1_33|         array|
|x_1_33_q0               |   in|    8|   ap_memory|                                x_1_33|         array|
|x_1_33_address1         |  out|    5|   ap_memory|                                x_1_33|         array|
|x_1_33_ce1              |  out|    1|   ap_memory|                                x_1_33|         array|
|x_1_33_q1               |   in|    8|   ap_memory|                                x_1_33|         array|
|x_1_34_address0         |  out|    5|   ap_memory|                                x_1_34|         array|
|x_1_34_ce0              |  out|    1|   ap_memory|                                x_1_34|         array|
|x_1_34_q0               |   in|    8|   ap_memory|                                x_1_34|         array|
|x_1_34_address1         |  out|    5|   ap_memory|                                x_1_34|         array|
|x_1_34_ce1              |  out|    1|   ap_memory|                                x_1_34|         array|
|x_1_34_q1               |   in|    8|   ap_memory|                                x_1_34|         array|
|x_1_35_address0         |  out|    5|   ap_memory|                                x_1_35|         array|
|x_1_35_ce0              |  out|    1|   ap_memory|                                x_1_35|         array|
|x_1_35_q0               |   in|    8|   ap_memory|                                x_1_35|         array|
|x_1_35_address1         |  out|    5|   ap_memory|                                x_1_35|         array|
|x_1_35_ce1              |  out|    1|   ap_memory|                                x_1_35|         array|
|x_1_35_q1               |   in|    8|   ap_memory|                                x_1_35|         array|
|x_1_36_address0         |  out|    5|   ap_memory|                                x_1_36|         array|
|x_1_36_ce0              |  out|    1|   ap_memory|                                x_1_36|         array|
|x_1_36_q0               |   in|    8|   ap_memory|                                x_1_36|         array|
|x_1_36_address1         |  out|    5|   ap_memory|                                x_1_36|         array|
|x_1_36_ce1              |  out|    1|   ap_memory|                                x_1_36|         array|
|x_1_36_q1               |   in|    8|   ap_memory|                                x_1_36|         array|
|x_1_37_address0         |  out|    5|   ap_memory|                                x_1_37|         array|
|x_1_37_ce0              |  out|    1|   ap_memory|                                x_1_37|         array|
|x_1_37_q0               |   in|    8|   ap_memory|                                x_1_37|         array|
|x_1_37_address1         |  out|    5|   ap_memory|                                x_1_37|         array|
|x_1_37_ce1              |  out|    1|   ap_memory|                                x_1_37|         array|
|x_1_37_q1               |   in|    8|   ap_memory|                                x_1_37|         array|
|x_1_38_address0         |  out|    5|   ap_memory|                                x_1_38|         array|
|x_1_38_ce0              |  out|    1|   ap_memory|                                x_1_38|         array|
|x_1_38_q0               |   in|    8|   ap_memory|                                x_1_38|         array|
|x_1_38_address1         |  out|    5|   ap_memory|                                x_1_38|         array|
|x_1_38_ce1              |  out|    1|   ap_memory|                                x_1_38|         array|
|x_1_38_q1               |   in|    8|   ap_memory|                                x_1_38|         array|
|x_1_39_address0         |  out|    5|   ap_memory|                                x_1_39|         array|
|x_1_39_ce0              |  out|    1|   ap_memory|                                x_1_39|         array|
|x_1_39_q0               |   in|    8|   ap_memory|                                x_1_39|         array|
|x_1_39_address1         |  out|    5|   ap_memory|                                x_1_39|         array|
|x_1_39_ce1              |  out|    1|   ap_memory|                                x_1_39|         array|
|x_1_39_q1               |   in|    8|   ap_memory|                                x_1_39|         array|
|x_1_40_address0         |  out|    5|   ap_memory|                                x_1_40|         array|
|x_1_40_ce0              |  out|    1|   ap_memory|                                x_1_40|         array|
|x_1_40_q0               |   in|    8|   ap_memory|                                x_1_40|         array|
|x_1_40_address1         |  out|    5|   ap_memory|                                x_1_40|         array|
|x_1_40_ce1              |  out|    1|   ap_memory|                                x_1_40|         array|
|x_1_40_q1               |   in|    8|   ap_memory|                                x_1_40|         array|
|x_1_41_address0         |  out|    5|   ap_memory|                                x_1_41|         array|
|x_1_41_ce0              |  out|    1|   ap_memory|                                x_1_41|         array|
|x_1_41_q0               |   in|    8|   ap_memory|                                x_1_41|         array|
|x_1_41_address1         |  out|    5|   ap_memory|                                x_1_41|         array|
|x_1_41_ce1              |  out|    1|   ap_memory|                                x_1_41|         array|
|x_1_41_q1               |   in|    8|   ap_memory|                                x_1_41|         array|
|x_1_42_address0         |  out|    5|   ap_memory|                                x_1_42|         array|
|x_1_42_ce0              |  out|    1|   ap_memory|                                x_1_42|         array|
|x_1_42_q0               |   in|    8|   ap_memory|                                x_1_42|         array|
|x_1_42_address1         |  out|    5|   ap_memory|                                x_1_42|         array|
|x_1_42_ce1              |  out|    1|   ap_memory|                                x_1_42|         array|
|x_1_42_q1               |   in|    8|   ap_memory|                                x_1_42|         array|
|x_1_43_address0         |  out|    5|   ap_memory|                                x_1_43|         array|
|x_1_43_ce0              |  out|    1|   ap_memory|                                x_1_43|         array|
|x_1_43_q0               |   in|    8|   ap_memory|                                x_1_43|         array|
|x_1_43_address1         |  out|    5|   ap_memory|                                x_1_43|         array|
|x_1_43_ce1              |  out|    1|   ap_memory|                                x_1_43|         array|
|x_1_43_q1               |   in|    8|   ap_memory|                                x_1_43|         array|
|x_1_44_address0         |  out|    5|   ap_memory|                                x_1_44|         array|
|x_1_44_ce0              |  out|    1|   ap_memory|                                x_1_44|         array|
|x_1_44_q0               |   in|    8|   ap_memory|                                x_1_44|         array|
|x_1_44_address1         |  out|    5|   ap_memory|                                x_1_44|         array|
|x_1_44_ce1              |  out|    1|   ap_memory|                                x_1_44|         array|
|x_1_44_q1               |   in|    8|   ap_memory|                                x_1_44|         array|
|x_1_45_address0         |  out|    5|   ap_memory|                                x_1_45|         array|
|x_1_45_ce0              |  out|    1|   ap_memory|                                x_1_45|         array|
|x_1_45_q0               |   in|    8|   ap_memory|                                x_1_45|         array|
|x_1_45_address1         |  out|    5|   ap_memory|                                x_1_45|         array|
|x_1_45_ce1              |  out|    1|   ap_memory|                                x_1_45|         array|
|x_1_45_q1               |   in|    8|   ap_memory|                                x_1_45|         array|
|x_1_46_address0         |  out|    5|   ap_memory|                                x_1_46|         array|
|x_1_46_ce0              |  out|    1|   ap_memory|                                x_1_46|         array|
|x_1_46_q0               |   in|    8|   ap_memory|                                x_1_46|         array|
|x_1_46_address1         |  out|    5|   ap_memory|                                x_1_46|         array|
|x_1_46_ce1              |  out|    1|   ap_memory|                                x_1_46|         array|
|x_1_46_q1               |   in|    8|   ap_memory|                                x_1_46|         array|
|x_1_47_address0         |  out|    5|   ap_memory|                                x_1_47|         array|
|x_1_47_ce0              |  out|    1|   ap_memory|                                x_1_47|         array|
|x_1_47_q0               |   in|    8|   ap_memory|                                x_1_47|         array|
|x_1_47_address1         |  out|    5|   ap_memory|                                x_1_47|         array|
|x_1_47_ce1              |  out|    1|   ap_memory|                                x_1_47|         array|
|x_1_47_q1               |   in|    8|   ap_memory|                                x_1_47|         array|
|x_1_48_address0         |  out|    5|   ap_memory|                                x_1_48|         array|
|x_1_48_ce0              |  out|    1|   ap_memory|                                x_1_48|         array|
|x_1_48_q0               |   in|    8|   ap_memory|                                x_1_48|         array|
|x_1_48_address1         |  out|    5|   ap_memory|                                x_1_48|         array|
|x_1_48_ce1              |  out|    1|   ap_memory|                                x_1_48|         array|
|x_1_48_q1               |   in|    8|   ap_memory|                                x_1_48|         array|
|x_1_49_address0         |  out|    5|   ap_memory|                                x_1_49|         array|
|x_1_49_ce0              |  out|    1|   ap_memory|                                x_1_49|         array|
|x_1_49_q0               |   in|    8|   ap_memory|                                x_1_49|         array|
|x_1_49_address1         |  out|    5|   ap_memory|                                x_1_49|         array|
|x_1_49_ce1              |  out|    1|   ap_memory|                                x_1_49|         array|
|x_1_49_q1               |   in|    8|   ap_memory|                                x_1_49|         array|
|x_1_50_address0         |  out|    5|   ap_memory|                                x_1_50|         array|
|x_1_50_ce0              |  out|    1|   ap_memory|                                x_1_50|         array|
|x_1_50_q0               |   in|    8|   ap_memory|                                x_1_50|         array|
|x_1_50_address1         |  out|    5|   ap_memory|                                x_1_50|         array|
|x_1_50_ce1              |  out|    1|   ap_memory|                                x_1_50|         array|
|x_1_50_q1               |   in|    8|   ap_memory|                                x_1_50|         array|
|x_1_51_address0         |  out|    5|   ap_memory|                                x_1_51|         array|
|x_1_51_ce0              |  out|    1|   ap_memory|                                x_1_51|         array|
|x_1_51_q0               |   in|    8|   ap_memory|                                x_1_51|         array|
|x_1_51_address1         |  out|    5|   ap_memory|                                x_1_51|         array|
|x_1_51_ce1              |  out|    1|   ap_memory|                                x_1_51|         array|
|x_1_51_q1               |   in|    8|   ap_memory|                                x_1_51|         array|
|x_1_52_address0         |  out|    5|   ap_memory|                                x_1_52|         array|
|x_1_52_ce0              |  out|    1|   ap_memory|                                x_1_52|         array|
|x_1_52_q0               |   in|    8|   ap_memory|                                x_1_52|         array|
|x_1_52_address1         |  out|    5|   ap_memory|                                x_1_52|         array|
|x_1_52_ce1              |  out|    1|   ap_memory|                                x_1_52|         array|
|x_1_52_q1               |   in|    8|   ap_memory|                                x_1_52|         array|
|x_1_53_address0         |  out|    5|   ap_memory|                                x_1_53|         array|
|x_1_53_ce0              |  out|    1|   ap_memory|                                x_1_53|         array|
|x_1_53_q0               |   in|    8|   ap_memory|                                x_1_53|         array|
|x_1_53_address1         |  out|    5|   ap_memory|                                x_1_53|         array|
|x_1_53_ce1              |  out|    1|   ap_memory|                                x_1_53|         array|
|x_1_53_q1               |   in|    8|   ap_memory|                                x_1_53|         array|
|x_1_54_address0         |  out|    5|   ap_memory|                                x_1_54|         array|
|x_1_54_ce0              |  out|    1|   ap_memory|                                x_1_54|         array|
|x_1_54_q0               |   in|    8|   ap_memory|                                x_1_54|         array|
|x_1_54_address1         |  out|    5|   ap_memory|                                x_1_54|         array|
|x_1_54_ce1              |  out|    1|   ap_memory|                                x_1_54|         array|
|x_1_54_q1               |   in|    8|   ap_memory|                                x_1_54|         array|
|x_1_55_address0         |  out|    5|   ap_memory|                                x_1_55|         array|
|x_1_55_ce0              |  out|    1|   ap_memory|                                x_1_55|         array|
|x_1_55_q0               |   in|    8|   ap_memory|                                x_1_55|         array|
|x_1_55_address1         |  out|    5|   ap_memory|                                x_1_55|         array|
|x_1_55_ce1              |  out|    1|   ap_memory|                                x_1_55|         array|
|x_1_55_q1               |   in|    8|   ap_memory|                                x_1_55|         array|
|x_1_56_address0         |  out|    5|   ap_memory|                                x_1_56|         array|
|x_1_56_ce0              |  out|    1|   ap_memory|                                x_1_56|         array|
|x_1_56_q0               |   in|    8|   ap_memory|                                x_1_56|         array|
|x_1_56_address1         |  out|    5|   ap_memory|                                x_1_56|         array|
|x_1_56_ce1              |  out|    1|   ap_memory|                                x_1_56|         array|
|x_1_56_q1               |   in|    8|   ap_memory|                                x_1_56|         array|
|x_1_57_address0         |  out|    5|   ap_memory|                                x_1_57|         array|
|x_1_57_ce0              |  out|    1|   ap_memory|                                x_1_57|         array|
|x_1_57_q0               |   in|    8|   ap_memory|                                x_1_57|         array|
|x_1_57_address1         |  out|    5|   ap_memory|                                x_1_57|         array|
|x_1_57_ce1              |  out|    1|   ap_memory|                                x_1_57|         array|
|x_1_57_q1               |   in|    8|   ap_memory|                                x_1_57|         array|
|x_1_58_address0         |  out|    5|   ap_memory|                                x_1_58|         array|
|x_1_58_ce0              |  out|    1|   ap_memory|                                x_1_58|         array|
|x_1_58_q0               |   in|    8|   ap_memory|                                x_1_58|         array|
|x_1_58_address1         |  out|    5|   ap_memory|                                x_1_58|         array|
|x_1_58_ce1              |  out|    1|   ap_memory|                                x_1_58|         array|
|x_1_58_q1               |   in|    8|   ap_memory|                                x_1_58|         array|
|x_1_59_address0         |  out|    5|   ap_memory|                                x_1_59|         array|
|x_1_59_ce0              |  out|    1|   ap_memory|                                x_1_59|         array|
|x_1_59_q0               |   in|    8|   ap_memory|                                x_1_59|         array|
|x_1_59_address1         |  out|    5|   ap_memory|                                x_1_59|         array|
|x_1_59_ce1              |  out|    1|   ap_memory|                                x_1_59|         array|
|x_1_59_q1               |   in|    8|   ap_memory|                                x_1_59|         array|
|x_1_60_address0         |  out|    5|   ap_memory|                                x_1_60|         array|
|x_1_60_ce0              |  out|    1|   ap_memory|                                x_1_60|         array|
|x_1_60_q0               |   in|    8|   ap_memory|                                x_1_60|         array|
|x_1_60_address1         |  out|    5|   ap_memory|                                x_1_60|         array|
|x_1_60_ce1              |  out|    1|   ap_memory|                                x_1_60|         array|
|x_1_60_q1               |   in|    8|   ap_memory|                                x_1_60|         array|
|x_1_61_address0         |  out|    5|   ap_memory|                                x_1_61|         array|
|x_1_61_ce0              |  out|    1|   ap_memory|                                x_1_61|         array|
|x_1_61_q0               |   in|    8|   ap_memory|                                x_1_61|         array|
|x_1_61_address1         |  out|    5|   ap_memory|                                x_1_61|         array|
|x_1_61_ce1              |  out|    1|   ap_memory|                                x_1_61|         array|
|x_1_61_q1               |   in|    8|   ap_memory|                                x_1_61|         array|
|x_1_62_address0         |  out|    5|   ap_memory|                                x_1_62|         array|
|x_1_62_ce0              |  out|    1|   ap_memory|                                x_1_62|         array|
|x_1_62_q0               |   in|    8|   ap_memory|                                x_1_62|         array|
|x_1_62_address1         |  out|    5|   ap_memory|                                x_1_62|         array|
|x_1_62_ce1              |  out|    1|   ap_memory|                                x_1_62|         array|
|x_1_62_q1               |   in|    8|   ap_memory|                                x_1_62|         array|
|x_1_63_address0         |  out|    5|   ap_memory|                                x_1_63|         array|
|x_1_63_ce0              |  out|    1|   ap_memory|                                x_1_63|         array|
|x_1_63_q0               |   in|    8|   ap_memory|                                x_1_63|         array|
|x_1_63_address1         |  out|    5|   ap_memory|                                x_1_63|         array|
|x_1_63_ce1              |  out|    1|   ap_memory|                                x_1_63|         array|
|x_1_63_q1               |   in|    8|   ap_memory|                                x_1_63|         array|
|x_2_1_address0          |  out|    5|   ap_memory|                                 x_2_1|         array|
|x_2_1_ce0               |  out|    1|   ap_memory|                                 x_2_1|         array|
|x_2_1_q0                |   in|    8|   ap_memory|                                 x_2_1|         array|
|x_2_1_address1          |  out|    5|   ap_memory|                                 x_2_1|         array|
|x_2_1_ce1               |  out|    1|   ap_memory|                                 x_2_1|         array|
|x_2_1_q1                |   in|    8|   ap_memory|                                 x_2_1|         array|
|x_2_2_address0          |  out|    5|   ap_memory|                                 x_2_2|         array|
|x_2_2_ce0               |  out|    1|   ap_memory|                                 x_2_2|         array|
|x_2_2_q0                |   in|    8|   ap_memory|                                 x_2_2|         array|
|x_2_2_address1          |  out|    5|   ap_memory|                                 x_2_2|         array|
|x_2_2_ce1               |  out|    1|   ap_memory|                                 x_2_2|         array|
|x_2_2_q1                |   in|    8|   ap_memory|                                 x_2_2|         array|
|x_2_3_address0          |  out|    5|   ap_memory|                                 x_2_3|         array|
|x_2_3_ce0               |  out|    1|   ap_memory|                                 x_2_3|         array|
|x_2_3_q0                |   in|    8|   ap_memory|                                 x_2_3|         array|
|x_2_3_address1          |  out|    5|   ap_memory|                                 x_2_3|         array|
|x_2_3_ce1               |  out|    1|   ap_memory|                                 x_2_3|         array|
|x_2_3_q1                |   in|    8|   ap_memory|                                 x_2_3|         array|
|x_2_4_address0          |  out|    5|   ap_memory|                                 x_2_4|         array|
|x_2_4_ce0               |  out|    1|   ap_memory|                                 x_2_4|         array|
|x_2_4_q0                |   in|    8|   ap_memory|                                 x_2_4|         array|
|x_2_4_address1          |  out|    5|   ap_memory|                                 x_2_4|         array|
|x_2_4_ce1               |  out|    1|   ap_memory|                                 x_2_4|         array|
|x_2_4_q1                |   in|    8|   ap_memory|                                 x_2_4|         array|
|x_2_5_address0          |  out|    5|   ap_memory|                                 x_2_5|         array|
|x_2_5_ce0               |  out|    1|   ap_memory|                                 x_2_5|         array|
|x_2_5_q0                |   in|    8|   ap_memory|                                 x_2_5|         array|
|x_2_5_address1          |  out|    5|   ap_memory|                                 x_2_5|         array|
|x_2_5_ce1               |  out|    1|   ap_memory|                                 x_2_5|         array|
|x_2_5_q1                |   in|    8|   ap_memory|                                 x_2_5|         array|
|x_2_6_address0          |  out|    5|   ap_memory|                                 x_2_6|         array|
|x_2_6_ce0               |  out|    1|   ap_memory|                                 x_2_6|         array|
|x_2_6_q0                |   in|    8|   ap_memory|                                 x_2_6|         array|
|x_2_6_address1          |  out|    5|   ap_memory|                                 x_2_6|         array|
|x_2_6_ce1               |  out|    1|   ap_memory|                                 x_2_6|         array|
|x_2_6_q1                |   in|    8|   ap_memory|                                 x_2_6|         array|
|x_2_7_address0          |  out|    5|   ap_memory|                                 x_2_7|         array|
|x_2_7_ce0               |  out|    1|   ap_memory|                                 x_2_7|         array|
|x_2_7_q0                |   in|    8|   ap_memory|                                 x_2_7|         array|
|x_2_7_address1          |  out|    5|   ap_memory|                                 x_2_7|         array|
|x_2_7_ce1               |  out|    1|   ap_memory|                                 x_2_7|         array|
|x_2_7_q1                |   in|    8|   ap_memory|                                 x_2_7|         array|
|x_2_8_address0          |  out|    5|   ap_memory|                                 x_2_8|         array|
|x_2_8_ce0               |  out|    1|   ap_memory|                                 x_2_8|         array|
|x_2_8_q0                |   in|    8|   ap_memory|                                 x_2_8|         array|
|x_2_8_address1          |  out|    5|   ap_memory|                                 x_2_8|         array|
|x_2_8_ce1               |  out|    1|   ap_memory|                                 x_2_8|         array|
|x_2_8_q1                |   in|    8|   ap_memory|                                 x_2_8|         array|
|x_2_9_address0          |  out|    5|   ap_memory|                                 x_2_9|         array|
|x_2_9_ce0               |  out|    1|   ap_memory|                                 x_2_9|         array|
|x_2_9_q0                |   in|    8|   ap_memory|                                 x_2_9|         array|
|x_2_9_address1          |  out|    5|   ap_memory|                                 x_2_9|         array|
|x_2_9_ce1               |  out|    1|   ap_memory|                                 x_2_9|         array|
|x_2_9_q1                |   in|    8|   ap_memory|                                 x_2_9|         array|
|x_2_10_address0         |  out|    5|   ap_memory|                                x_2_10|         array|
|x_2_10_ce0              |  out|    1|   ap_memory|                                x_2_10|         array|
|x_2_10_q0               |   in|    8|   ap_memory|                                x_2_10|         array|
|x_2_10_address1         |  out|    5|   ap_memory|                                x_2_10|         array|
|x_2_10_ce1              |  out|    1|   ap_memory|                                x_2_10|         array|
|x_2_10_q1               |   in|    8|   ap_memory|                                x_2_10|         array|
|x_2_11_address0         |  out|    5|   ap_memory|                                x_2_11|         array|
|x_2_11_ce0              |  out|    1|   ap_memory|                                x_2_11|         array|
|x_2_11_q0               |   in|    8|   ap_memory|                                x_2_11|         array|
|x_2_11_address1         |  out|    5|   ap_memory|                                x_2_11|         array|
|x_2_11_ce1              |  out|    1|   ap_memory|                                x_2_11|         array|
|x_2_11_q1               |   in|    8|   ap_memory|                                x_2_11|         array|
|x_2_12_address0         |  out|    5|   ap_memory|                                x_2_12|         array|
|x_2_12_ce0              |  out|    1|   ap_memory|                                x_2_12|         array|
|x_2_12_q0               |   in|    8|   ap_memory|                                x_2_12|         array|
|x_2_12_address1         |  out|    5|   ap_memory|                                x_2_12|         array|
|x_2_12_ce1              |  out|    1|   ap_memory|                                x_2_12|         array|
|x_2_12_q1               |   in|    8|   ap_memory|                                x_2_12|         array|
|x_2_13_address0         |  out|    5|   ap_memory|                                x_2_13|         array|
|x_2_13_ce0              |  out|    1|   ap_memory|                                x_2_13|         array|
|x_2_13_q0               |   in|    8|   ap_memory|                                x_2_13|         array|
|x_2_13_address1         |  out|    5|   ap_memory|                                x_2_13|         array|
|x_2_13_ce1              |  out|    1|   ap_memory|                                x_2_13|         array|
|x_2_13_q1               |   in|    8|   ap_memory|                                x_2_13|         array|
|x_2_14_address0         |  out|    5|   ap_memory|                                x_2_14|         array|
|x_2_14_ce0              |  out|    1|   ap_memory|                                x_2_14|         array|
|x_2_14_q0               |   in|    8|   ap_memory|                                x_2_14|         array|
|x_2_14_address1         |  out|    5|   ap_memory|                                x_2_14|         array|
|x_2_14_ce1              |  out|    1|   ap_memory|                                x_2_14|         array|
|x_2_14_q1               |   in|    8|   ap_memory|                                x_2_14|         array|
|x_2_15_address0         |  out|    5|   ap_memory|                                x_2_15|         array|
|x_2_15_ce0              |  out|    1|   ap_memory|                                x_2_15|         array|
|x_2_15_q0               |   in|    8|   ap_memory|                                x_2_15|         array|
|x_2_15_address1         |  out|    5|   ap_memory|                                x_2_15|         array|
|x_2_15_ce1              |  out|    1|   ap_memory|                                x_2_15|         array|
|x_2_15_q1               |   in|    8|   ap_memory|                                x_2_15|         array|
|x_2_16_address0         |  out|    5|   ap_memory|                                x_2_16|         array|
|x_2_16_ce0              |  out|    1|   ap_memory|                                x_2_16|         array|
|x_2_16_q0               |   in|    8|   ap_memory|                                x_2_16|         array|
|x_2_16_address1         |  out|    5|   ap_memory|                                x_2_16|         array|
|x_2_16_ce1              |  out|    1|   ap_memory|                                x_2_16|         array|
|x_2_16_q1               |   in|    8|   ap_memory|                                x_2_16|         array|
|x_2_17_address0         |  out|    5|   ap_memory|                                x_2_17|         array|
|x_2_17_ce0              |  out|    1|   ap_memory|                                x_2_17|         array|
|x_2_17_q0               |   in|    8|   ap_memory|                                x_2_17|         array|
|x_2_17_address1         |  out|    5|   ap_memory|                                x_2_17|         array|
|x_2_17_ce1              |  out|    1|   ap_memory|                                x_2_17|         array|
|x_2_17_q1               |   in|    8|   ap_memory|                                x_2_17|         array|
|x_2_18_address0         |  out|    5|   ap_memory|                                x_2_18|         array|
|x_2_18_ce0              |  out|    1|   ap_memory|                                x_2_18|         array|
|x_2_18_q0               |   in|    8|   ap_memory|                                x_2_18|         array|
|x_2_18_address1         |  out|    5|   ap_memory|                                x_2_18|         array|
|x_2_18_ce1              |  out|    1|   ap_memory|                                x_2_18|         array|
|x_2_18_q1               |   in|    8|   ap_memory|                                x_2_18|         array|
|x_2_19_address0         |  out|    5|   ap_memory|                                x_2_19|         array|
|x_2_19_ce0              |  out|    1|   ap_memory|                                x_2_19|         array|
|x_2_19_q0               |   in|    8|   ap_memory|                                x_2_19|         array|
|x_2_19_address1         |  out|    5|   ap_memory|                                x_2_19|         array|
|x_2_19_ce1              |  out|    1|   ap_memory|                                x_2_19|         array|
|x_2_19_q1               |   in|    8|   ap_memory|                                x_2_19|         array|
|x_2_20_address0         |  out|    5|   ap_memory|                                x_2_20|         array|
|x_2_20_ce0              |  out|    1|   ap_memory|                                x_2_20|         array|
|x_2_20_q0               |   in|    8|   ap_memory|                                x_2_20|         array|
|x_2_20_address1         |  out|    5|   ap_memory|                                x_2_20|         array|
|x_2_20_ce1              |  out|    1|   ap_memory|                                x_2_20|         array|
|x_2_20_q1               |   in|    8|   ap_memory|                                x_2_20|         array|
|x_2_21_address0         |  out|    5|   ap_memory|                                x_2_21|         array|
|x_2_21_ce0              |  out|    1|   ap_memory|                                x_2_21|         array|
|x_2_21_q0               |   in|    8|   ap_memory|                                x_2_21|         array|
|x_2_21_address1         |  out|    5|   ap_memory|                                x_2_21|         array|
|x_2_21_ce1              |  out|    1|   ap_memory|                                x_2_21|         array|
|x_2_21_q1               |   in|    8|   ap_memory|                                x_2_21|         array|
|x_2_22_address0         |  out|    5|   ap_memory|                                x_2_22|         array|
|x_2_22_ce0              |  out|    1|   ap_memory|                                x_2_22|         array|
|x_2_22_q0               |   in|    8|   ap_memory|                                x_2_22|         array|
|x_2_22_address1         |  out|    5|   ap_memory|                                x_2_22|         array|
|x_2_22_ce1              |  out|    1|   ap_memory|                                x_2_22|         array|
|x_2_22_q1               |   in|    8|   ap_memory|                                x_2_22|         array|
|x_2_23_address0         |  out|    5|   ap_memory|                                x_2_23|         array|
|x_2_23_ce0              |  out|    1|   ap_memory|                                x_2_23|         array|
|x_2_23_q0               |   in|    8|   ap_memory|                                x_2_23|         array|
|x_2_23_address1         |  out|    5|   ap_memory|                                x_2_23|         array|
|x_2_23_ce1              |  out|    1|   ap_memory|                                x_2_23|         array|
|x_2_23_q1               |   in|    8|   ap_memory|                                x_2_23|         array|
|x_2_24_address0         |  out|    5|   ap_memory|                                x_2_24|         array|
|x_2_24_ce0              |  out|    1|   ap_memory|                                x_2_24|         array|
|x_2_24_q0               |   in|    8|   ap_memory|                                x_2_24|         array|
|x_2_24_address1         |  out|    5|   ap_memory|                                x_2_24|         array|
|x_2_24_ce1              |  out|    1|   ap_memory|                                x_2_24|         array|
|x_2_24_q1               |   in|    8|   ap_memory|                                x_2_24|         array|
|x_2_25_address0         |  out|    5|   ap_memory|                                x_2_25|         array|
|x_2_25_ce0              |  out|    1|   ap_memory|                                x_2_25|         array|
|x_2_25_q0               |   in|    8|   ap_memory|                                x_2_25|         array|
|x_2_25_address1         |  out|    5|   ap_memory|                                x_2_25|         array|
|x_2_25_ce1              |  out|    1|   ap_memory|                                x_2_25|         array|
|x_2_25_q1               |   in|    8|   ap_memory|                                x_2_25|         array|
|x_2_26_address0         |  out|    5|   ap_memory|                                x_2_26|         array|
|x_2_26_ce0              |  out|    1|   ap_memory|                                x_2_26|         array|
|x_2_26_q0               |   in|    8|   ap_memory|                                x_2_26|         array|
|x_2_26_address1         |  out|    5|   ap_memory|                                x_2_26|         array|
|x_2_26_ce1              |  out|    1|   ap_memory|                                x_2_26|         array|
|x_2_26_q1               |   in|    8|   ap_memory|                                x_2_26|         array|
|x_2_27_address0         |  out|    5|   ap_memory|                                x_2_27|         array|
|x_2_27_ce0              |  out|    1|   ap_memory|                                x_2_27|         array|
|x_2_27_q0               |   in|    8|   ap_memory|                                x_2_27|         array|
|x_2_27_address1         |  out|    5|   ap_memory|                                x_2_27|         array|
|x_2_27_ce1              |  out|    1|   ap_memory|                                x_2_27|         array|
|x_2_27_q1               |   in|    8|   ap_memory|                                x_2_27|         array|
|x_2_28_address0         |  out|    5|   ap_memory|                                x_2_28|         array|
|x_2_28_ce0              |  out|    1|   ap_memory|                                x_2_28|         array|
|x_2_28_q0               |   in|    8|   ap_memory|                                x_2_28|         array|
|x_2_28_address1         |  out|    5|   ap_memory|                                x_2_28|         array|
|x_2_28_ce1              |  out|    1|   ap_memory|                                x_2_28|         array|
|x_2_28_q1               |   in|    8|   ap_memory|                                x_2_28|         array|
|x_2_29_address0         |  out|    5|   ap_memory|                                x_2_29|         array|
|x_2_29_ce0              |  out|    1|   ap_memory|                                x_2_29|         array|
|x_2_29_q0               |   in|    8|   ap_memory|                                x_2_29|         array|
|x_2_29_address1         |  out|    5|   ap_memory|                                x_2_29|         array|
|x_2_29_ce1              |  out|    1|   ap_memory|                                x_2_29|         array|
|x_2_29_q1               |   in|    8|   ap_memory|                                x_2_29|         array|
|x_2_30_address0         |  out|    5|   ap_memory|                                x_2_30|         array|
|x_2_30_ce0              |  out|    1|   ap_memory|                                x_2_30|         array|
|x_2_30_q0               |   in|    8|   ap_memory|                                x_2_30|         array|
|x_2_30_address1         |  out|    5|   ap_memory|                                x_2_30|         array|
|x_2_30_ce1              |  out|    1|   ap_memory|                                x_2_30|         array|
|x_2_30_q1               |   in|    8|   ap_memory|                                x_2_30|         array|
|x_2_31_address0         |  out|    5|   ap_memory|                                x_2_31|         array|
|x_2_31_ce0              |  out|    1|   ap_memory|                                x_2_31|         array|
|x_2_31_q0               |   in|    8|   ap_memory|                                x_2_31|         array|
|x_2_31_address1         |  out|    5|   ap_memory|                                x_2_31|         array|
|x_2_31_ce1              |  out|    1|   ap_memory|                                x_2_31|         array|
|x_2_31_q1               |   in|    8|   ap_memory|                                x_2_31|         array|
|x_2_32_address0         |  out|    5|   ap_memory|                                x_2_32|         array|
|x_2_32_ce0              |  out|    1|   ap_memory|                                x_2_32|         array|
|x_2_32_q0               |   in|    8|   ap_memory|                                x_2_32|         array|
|x_2_32_address1         |  out|    5|   ap_memory|                                x_2_32|         array|
|x_2_32_ce1              |  out|    1|   ap_memory|                                x_2_32|         array|
|x_2_32_q1               |   in|    8|   ap_memory|                                x_2_32|         array|
|x_2_33_address0         |  out|    5|   ap_memory|                                x_2_33|         array|
|x_2_33_ce0              |  out|    1|   ap_memory|                                x_2_33|         array|
|x_2_33_q0               |   in|    8|   ap_memory|                                x_2_33|         array|
|x_2_33_address1         |  out|    5|   ap_memory|                                x_2_33|         array|
|x_2_33_ce1              |  out|    1|   ap_memory|                                x_2_33|         array|
|x_2_33_q1               |   in|    8|   ap_memory|                                x_2_33|         array|
|x_2_34_address0         |  out|    5|   ap_memory|                                x_2_34|         array|
|x_2_34_ce0              |  out|    1|   ap_memory|                                x_2_34|         array|
|x_2_34_q0               |   in|    8|   ap_memory|                                x_2_34|         array|
|x_2_34_address1         |  out|    5|   ap_memory|                                x_2_34|         array|
|x_2_34_ce1              |  out|    1|   ap_memory|                                x_2_34|         array|
|x_2_34_q1               |   in|    8|   ap_memory|                                x_2_34|         array|
|x_2_35_address0         |  out|    5|   ap_memory|                                x_2_35|         array|
|x_2_35_ce0              |  out|    1|   ap_memory|                                x_2_35|         array|
|x_2_35_q0               |   in|    8|   ap_memory|                                x_2_35|         array|
|x_2_35_address1         |  out|    5|   ap_memory|                                x_2_35|         array|
|x_2_35_ce1              |  out|    1|   ap_memory|                                x_2_35|         array|
|x_2_35_q1               |   in|    8|   ap_memory|                                x_2_35|         array|
|x_2_36_address0         |  out|    5|   ap_memory|                                x_2_36|         array|
|x_2_36_ce0              |  out|    1|   ap_memory|                                x_2_36|         array|
|x_2_36_q0               |   in|    8|   ap_memory|                                x_2_36|         array|
|x_2_36_address1         |  out|    5|   ap_memory|                                x_2_36|         array|
|x_2_36_ce1              |  out|    1|   ap_memory|                                x_2_36|         array|
|x_2_36_q1               |   in|    8|   ap_memory|                                x_2_36|         array|
|x_2_37_address0         |  out|    5|   ap_memory|                                x_2_37|         array|
|x_2_37_ce0              |  out|    1|   ap_memory|                                x_2_37|         array|
|x_2_37_q0               |   in|    8|   ap_memory|                                x_2_37|         array|
|x_2_37_address1         |  out|    5|   ap_memory|                                x_2_37|         array|
|x_2_37_ce1              |  out|    1|   ap_memory|                                x_2_37|         array|
|x_2_37_q1               |   in|    8|   ap_memory|                                x_2_37|         array|
|x_2_38_address0         |  out|    5|   ap_memory|                                x_2_38|         array|
|x_2_38_ce0              |  out|    1|   ap_memory|                                x_2_38|         array|
|x_2_38_q0               |   in|    8|   ap_memory|                                x_2_38|         array|
|x_2_38_address1         |  out|    5|   ap_memory|                                x_2_38|         array|
|x_2_38_ce1              |  out|    1|   ap_memory|                                x_2_38|         array|
|x_2_38_q1               |   in|    8|   ap_memory|                                x_2_38|         array|
|x_2_39_address0         |  out|    5|   ap_memory|                                x_2_39|         array|
|x_2_39_ce0              |  out|    1|   ap_memory|                                x_2_39|         array|
|x_2_39_q0               |   in|    8|   ap_memory|                                x_2_39|         array|
|x_2_39_address1         |  out|    5|   ap_memory|                                x_2_39|         array|
|x_2_39_ce1              |  out|    1|   ap_memory|                                x_2_39|         array|
|x_2_39_q1               |   in|    8|   ap_memory|                                x_2_39|         array|
|x_2_40_address0         |  out|    5|   ap_memory|                                x_2_40|         array|
|x_2_40_ce0              |  out|    1|   ap_memory|                                x_2_40|         array|
|x_2_40_q0               |   in|    8|   ap_memory|                                x_2_40|         array|
|x_2_40_address1         |  out|    5|   ap_memory|                                x_2_40|         array|
|x_2_40_ce1              |  out|    1|   ap_memory|                                x_2_40|         array|
|x_2_40_q1               |   in|    8|   ap_memory|                                x_2_40|         array|
|x_2_41_address0         |  out|    5|   ap_memory|                                x_2_41|         array|
|x_2_41_ce0              |  out|    1|   ap_memory|                                x_2_41|         array|
|x_2_41_q0               |   in|    8|   ap_memory|                                x_2_41|         array|
|x_2_41_address1         |  out|    5|   ap_memory|                                x_2_41|         array|
|x_2_41_ce1              |  out|    1|   ap_memory|                                x_2_41|         array|
|x_2_41_q1               |   in|    8|   ap_memory|                                x_2_41|         array|
|x_2_42_address0         |  out|    5|   ap_memory|                                x_2_42|         array|
|x_2_42_ce0              |  out|    1|   ap_memory|                                x_2_42|         array|
|x_2_42_q0               |   in|    8|   ap_memory|                                x_2_42|         array|
|x_2_42_address1         |  out|    5|   ap_memory|                                x_2_42|         array|
|x_2_42_ce1              |  out|    1|   ap_memory|                                x_2_42|         array|
|x_2_42_q1               |   in|    8|   ap_memory|                                x_2_42|         array|
|x_2_43_address0         |  out|    5|   ap_memory|                                x_2_43|         array|
|x_2_43_ce0              |  out|    1|   ap_memory|                                x_2_43|         array|
|x_2_43_q0               |   in|    8|   ap_memory|                                x_2_43|         array|
|x_2_43_address1         |  out|    5|   ap_memory|                                x_2_43|         array|
|x_2_43_ce1              |  out|    1|   ap_memory|                                x_2_43|         array|
|x_2_43_q1               |   in|    8|   ap_memory|                                x_2_43|         array|
|x_2_44_address0         |  out|    5|   ap_memory|                                x_2_44|         array|
|x_2_44_ce0              |  out|    1|   ap_memory|                                x_2_44|         array|
|x_2_44_q0               |   in|    8|   ap_memory|                                x_2_44|         array|
|x_2_44_address1         |  out|    5|   ap_memory|                                x_2_44|         array|
|x_2_44_ce1              |  out|    1|   ap_memory|                                x_2_44|         array|
|x_2_44_q1               |   in|    8|   ap_memory|                                x_2_44|         array|
|x_2_45_address0         |  out|    5|   ap_memory|                                x_2_45|         array|
|x_2_45_ce0              |  out|    1|   ap_memory|                                x_2_45|         array|
|x_2_45_q0               |   in|    8|   ap_memory|                                x_2_45|         array|
|x_2_45_address1         |  out|    5|   ap_memory|                                x_2_45|         array|
|x_2_45_ce1              |  out|    1|   ap_memory|                                x_2_45|         array|
|x_2_45_q1               |   in|    8|   ap_memory|                                x_2_45|         array|
|x_2_46_address0         |  out|    5|   ap_memory|                                x_2_46|         array|
|x_2_46_ce0              |  out|    1|   ap_memory|                                x_2_46|         array|
|x_2_46_q0               |   in|    8|   ap_memory|                                x_2_46|         array|
|x_2_46_address1         |  out|    5|   ap_memory|                                x_2_46|         array|
|x_2_46_ce1              |  out|    1|   ap_memory|                                x_2_46|         array|
|x_2_46_q1               |   in|    8|   ap_memory|                                x_2_46|         array|
|x_2_47_address0         |  out|    5|   ap_memory|                                x_2_47|         array|
|x_2_47_ce0              |  out|    1|   ap_memory|                                x_2_47|         array|
|x_2_47_q0               |   in|    8|   ap_memory|                                x_2_47|         array|
|x_2_47_address1         |  out|    5|   ap_memory|                                x_2_47|         array|
|x_2_47_ce1              |  out|    1|   ap_memory|                                x_2_47|         array|
|x_2_47_q1               |   in|    8|   ap_memory|                                x_2_47|         array|
|x_2_48_address0         |  out|    5|   ap_memory|                                x_2_48|         array|
|x_2_48_ce0              |  out|    1|   ap_memory|                                x_2_48|         array|
|x_2_48_q0               |   in|    8|   ap_memory|                                x_2_48|         array|
|x_2_48_address1         |  out|    5|   ap_memory|                                x_2_48|         array|
|x_2_48_ce1              |  out|    1|   ap_memory|                                x_2_48|         array|
|x_2_48_q1               |   in|    8|   ap_memory|                                x_2_48|         array|
|x_2_49_address0         |  out|    5|   ap_memory|                                x_2_49|         array|
|x_2_49_ce0              |  out|    1|   ap_memory|                                x_2_49|         array|
|x_2_49_q0               |   in|    8|   ap_memory|                                x_2_49|         array|
|x_2_49_address1         |  out|    5|   ap_memory|                                x_2_49|         array|
|x_2_49_ce1              |  out|    1|   ap_memory|                                x_2_49|         array|
|x_2_49_q1               |   in|    8|   ap_memory|                                x_2_49|         array|
|x_2_50_address0         |  out|    5|   ap_memory|                                x_2_50|         array|
|x_2_50_ce0              |  out|    1|   ap_memory|                                x_2_50|         array|
|x_2_50_q0               |   in|    8|   ap_memory|                                x_2_50|         array|
|x_2_50_address1         |  out|    5|   ap_memory|                                x_2_50|         array|
|x_2_50_ce1              |  out|    1|   ap_memory|                                x_2_50|         array|
|x_2_50_q1               |   in|    8|   ap_memory|                                x_2_50|         array|
|x_2_51_address0         |  out|    5|   ap_memory|                                x_2_51|         array|
|x_2_51_ce0              |  out|    1|   ap_memory|                                x_2_51|         array|
|x_2_51_q0               |   in|    8|   ap_memory|                                x_2_51|         array|
|x_2_51_address1         |  out|    5|   ap_memory|                                x_2_51|         array|
|x_2_51_ce1              |  out|    1|   ap_memory|                                x_2_51|         array|
|x_2_51_q1               |   in|    8|   ap_memory|                                x_2_51|         array|
|x_2_52_address0         |  out|    5|   ap_memory|                                x_2_52|         array|
|x_2_52_ce0              |  out|    1|   ap_memory|                                x_2_52|         array|
|x_2_52_q0               |   in|    8|   ap_memory|                                x_2_52|         array|
|x_2_52_address1         |  out|    5|   ap_memory|                                x_2_52|         array|
|x_2_52_ce1              |  out|    1|   ap_memory|                                x_2_52|         array|
|x_2_52_q1               |   in|    8|   ap_memory|                                x_2_52|         array|
|x_2_53_address0         |  out|    5|   ap_memory|                                x_2_53|         array|
|x_2_53_ce0              |  out|    1|   ap_memory|                                x_2_53|         array|
|x_2_53_q0               |   in|    8|   ap_memory|                                x_2_53|         array|
|x_2_53_address1         |  out|    5|   ap_memory|                                x_2_53|         array|
|x_2_53_ce1              |  out|    1|   ap_memory|                                x_2_53|         array|
|x_2_53_q1               |   in|    8|   ap_memory|                                x_2_53|         array|
|x_2_54_address0         |  out|    5|   ap_memory|                                x_2_54|         array|
|x_2_54_ce0              |  out|    1|   ap_memory|                                x_2_54|         array|
|x_2_54_q0               |   in|    8|   ap_memory|                                x_2_54|         array|
|x_2_54_address1         |  out|    5|   ap_memory|                                x_2_54|         array|
|x_2_54_ce1              |  out|    1|   ap_memory|                                x_2_54|         array|
|x_2_54_q1               |   in|    8|   ap_memory|                                x_2_54|         array|
|x_2_55_address0         |  out|    5|   ap_memory|                                x_2_55|         array|
|x_2_55_ce0              |  out|    1|   ap_memory|                                x_2_55|         array|
|x_2_55_q0               |   in|    8|   ap_memory|                                x_2_55|         array|
|x_2_55_address1         |  out|    5|   ap_memory|                                x_2_55|         array|
|x_2_55_ce1              |  out|    1|   ap_memory|                                x_2_55|         array|
|x_2_55_q1               |   in|    8|   ap_memory|                                x_2_55|         array|
|x_2_56_address0         |  out|    5|   ap_memory|                                x_2_56|         array|
|x_2_56_ce0              |  out|    1|   ap_memory|                                x_2_56|         array|
|x_2_56_q0               |   in|    8|   ap_memory|                                x_2_56|         array|
|x_2_56_address1         |  out|    5|   ap_memory|                                x_2_56|         array|
|x_2_56_ce1              |  out|    1|   ap_memory|                                x_2_56|         array|
|x_2_56_q1               |   in|    8|   ap_memory|                                x_2_56|         array|
|x_2_57_address0         |  out|    5|   ap_memory|                                x_2_57|         array|
|x_2_57_ce0              |  out|    1|   ap_memory|                                x_2_57|         array|
|x_2_57_q0               |   in|    8|   ap_memory|                                x_2_57|         array|
|x_2_57_address1         |  out|    5|   ap_memory|                                x_2_57|         array|
|x_2_57_ce1              |  out|    1|   ap_memory|                                x_2_57|         array|
|x_2_57_q1               |   in|    8|   ap_memory|                                x_2_57|         array|
|x_2_58_address0         |  out|    5|   ap_memory|                                x_2_58|         array|
|x_2_58_ce0              |  out|    1|   ap_memory|                                x_2_58|         array|
|x_2_58_q0               |   in|    8|   ap_memory|                                x_2_58|         array|
|x_2_58_address1         |  out|    5|   ap_memory|                                x_2_58|         array|
|x_2_58_ce1              |  out|    1|   ap_memory|                                x_2_58|         array|
|x_2_58_q1               |   in|    8|   ap_memory|                                x_2_58|         array|
|x_2_59_address0         |  out|    5|   ap_memory|                                x_2_59|         array|
|x_2_59_ce0              |  out|    1|   ap_memory|                                x_2_59|         array|
|x_2_59_q0               |   in|    8|   ap_memory|                                x_2_59|         array|
|x_2_59_address1         |  out|    5|   ap_memory|                                x_2_59|         array|
|x_2_59_ce1              |  out|    1|   ap_memory|                                x_2_59|         array|
|x_2_59_q1               |   in|    8|   ap_memory|                                x_2_59|         array|
|x_2_60_address0         |  out|    5|   ap_memory|                                x_2_60|         array|
|x_2_60_ce0              |  out|    1|   ap_memory|                                x_2_60|         array|
|x_2_60_q0               |   in|    8|   ap_memory|                                x_2_60|         array|
|x_2_60_address1         |  out|    5|   ap_memory|                                x_2_60|         array|
|x_2_60_ce1              |  out|    1|   ap_memory|                                x_2_60|         array|
|x_2_60_q1               |   in|    8|   ap_memory|                                x_2_60|         array|
|x_2_61_address0         |  out|    5|   ap_memory|                                x_2_61|         array|
|x_2_61_ce0              |  out|    1|   ap_memory|                                x_2_61|         array|
|x_2_61_q0               |   in|    8|   ap_memory|                                x_2_61|         array|
|x_2_61_address1         |  out|    5|   ap_memory|                                x_2_61|         array|
|x_2_61_ce1              |  out|    1|   ap_memory|                                x_2_61|         array|
|x_2_61_q1               |   in|    8|   ap_memory|                                x_2_61|         array|
|x_2_62_address0         |  out|    5|   ap_memory|                                x_2_62|         array|
|x_2_62_ce0              |  out|    1|   ap_memory|                                x_2_62|         array|
|x_2_62_q0               |   in|    8|   ap_memory|                                x_2_62|         array|
|x_2_62_address1         |  out|    5|   ap_memory|                                x_2_62|         array|
|x_2_62_ce1              |  out|    1|   ap_memory|                                x_2_62|         array|
|x_2_62_q1               |   in|    8|   ap_memory|                                x_2_62|         array|
|x_2_63_address0         |  out|    5|   ap_memory|                                x_2_63|         array|
|x_2_63_ce0              |  out|    1|   ap_memory|                                x_2_63|         array|
|x_2_63_q0               |   in|    8|   ap_memory|                                x_2_63|         array|
|x_2_63_address1         |  out|    5|   ap_memory|                                x_2_63|         array|
|x_2_63_ce1              |  out|    1|   ap_memory|                                x_2_63|         array|
|x_2_63_q1               |   in|    8|   ap_memory|                                x_2_63|         array|
|x_3_1_address0          |  out|    5|   ap_memory|                                 x_3_1|         array|
|x_3_1_ce0               |  out|    1|   ap_memory|                                 x_3_1|         array|
|x_3_1_q0                |   in|    8|   ap_memory|                                 x_3_1|         array|
|x_3_1_address1          |  out|    5|   ap_memory|                                 x_3_1|         array|
|x_3_1_ce1               |  out|    1|   ap_memory|                                 x_3_1|         array|
|x_3_1_q1                |   in|    8|   ap_memory|                                 x_3_1|         array|
|x_3_2_address0          |  out|    5|   ap_memory|                                 x_3_2|         array|
|x_3_2_ce0               |  out|    1|   ap_memory|                                 x_3_2|         array|
|x_3_2_q0                |   in|    8|   ap_memory|                                 x_3_2|         array|
|x_3_2_address1          |  out|    5|   ap_memory|                                 x_3_2|         array|
|x_3_2_ce1               |  out|    1|   ap_memory|                                 x_3_2|         array|
|x_3_2_q1                |   in|    8|   ap_memory|                                 x_3_2|         array|
|x_3_3_address0          |  out|    5|   ap_memory|                                 x_3_3|         array|
|x_3_3_ce0               |  out|    1|   ap_memory|                                 x_3_3|         array|
|x_3_3_q0                |   in|    8|   ap_memory|                                 x_3_3|         array|
|x_3_3_address1          |  out|    5|   ap_memory|                                 x_3_3|         array|
|x_3_3_ce1               |  out|    1|   ap_memory|                                 x_3_3|         array|
|x_3_3_q1                |   in|    8|   ap_memory|                                 x_3_3|         array|
|x_3_4_address0          |  out|    5|   ap_memory|                                 x_3_4|         array|
|x_3_4_ce0               |  out|    1|   ap_memory|                                 x_3_4|         array|
|x_3_4_q0                |   in|    8|   ap_memory|                                 x_3_4|         array|
|x_3_4_address1          |  out|    5|   ap_memory|                                 x_3_4|         array|
|x_3_4_ce1               |  out|    1|   ap_memory|                                 x_3_4|         array|
|x_3_4_q1                |   in|    8|   ap_memory|                                 x_3_4|         array|
|x_3_5_address0          |  out|    5|   ap_memory|                                 x_3_5|         array|
|x_3_5_ce0               |  out|    1|   ap_memory|                                 x_3_5|         array|
|x_3_5_q0                |   in|    8|   ap_memory|                                 x_3_5|         array|
|x_3_5_address1          |  out|    5|   ap_memory|                                 x_3_5|         array|
|x_3_5_ce1               |  out|    1|   ap_memory|                                 x_3_5|         array|
|x_3_5_q1                |   in|    8|   ap_memory|                                 x_3_5|         array|
|x_3_6_address0          |  out|    5|   ap_memory|                                 x_3_6|         array|
|x_3_6_ce0               |  out|    1|   ap_memory|                                 x_3_6|         array|
|x_3_6_q0                |   in|    8|   ap_memory|                                 x_3_6|         array|
|x_3_6_address1          |  out|    5|   ap_memory|                                 x_3_6|         array|
|x_3_6_ce1               |  out|    1|   ap_memory|                                 x_3_6|         array|
|x_3_6_q1                |   in|    8|   ap_memory|                                 x_3_6|         array|
|x_3_7_address0          |  out|    5|   ap_memory|                                 x_3_7|         array|
|x_3_7_ce0               |  out|    1|   ap_memory|                                 x_3_7|         array|
|x_3_7_q0                |   in|    8|   ap_memory|                                 x_3_7|         array|
|x_3_7_address1          |  out|    5|   ap_memory|                                 x_3_7|         array|
|x_3_7_ce1               |  out|    1|   ap_memory|                                 x_3_7|         array|
|x_3_7_q1                |   in|    8|   ap_memory|                                 x_3_7|         array|
|x_3_8_address0          |  out|    5|   ap_memory|                                 x_3_8|         array|
|x_3_8_ce0               |  out|    1|   ap_memory|                                 x_3_8|         array|
|x_3_8_q0                |   in|    8|   ap_memory|                                 x_3_8|         array|
|x_3_8_address1          |  out|    5|   ap_memory|                                 x_3_8|         array|
|x_3_8_ce1               |  out|    1|   ap_memory|                                 x_3_8|         array|
|x_3_8_q1                |   in|    8|   ap_memory|                                 x_3_8|         array|
|x_3_9_address0          |  out|    5|   ap_memory|                                 x_3_9|         array|
|x_3_9_ce0               |  out|    1|   ap_memory|                                 x_3_9|         array|
|x_3_9_q0                |   in|    8|   ap_memory|                                 x_3_9|         array|
|x_3_9_address1          |  out|    5|   ap_memory|                                 x_3_9|         array|
|x_3_9_ce1               |  out|    1|   ap_memory|                                 x_3_9|         array|
|x_3_9_q1                |   in|    8|   ap_memory|                                 x_3_9|         array|
|x_3_10_address0         |  out|    5|   ap_memory|                                x_3_10|         array|
|x_3_10_ce0              |  out|    1|   ap_memory|                                x_3_10|         array|
|x_3_10_q0               |   in|    8|   ap_memory|                                x_3_10|         array|
|x_3_10_address1         |  out|    5|   ap_memory|                                x_3_10|         array|
|x_3_10_ce1              |  out|    1|   ap_memory|                                x_3_10|         array|
|x_3_10_q1               |   in|    8|   ap_memory|                                x_3_10|         array|
|x_3_11_address0         |  out|    5|   ap_memory|                                x_3_11|         array|
|x_3_11_ce0              |  out|    1|   ap_memory|                                x_3_11|         array|
|x_3_11_q0               |   in|    8|   ap_memory|                                x_3_11|         array|
|x_3_11_address1         |  out|    5|   ap_memory|                                x_3_11|         array|
|x_3_11_ce1              |  out|    1|   ap_memory|                                x_3_11|         array|
|x_3_11_q1               |   in|    8|   ap_memory|                                x_3_11|         array|
|x_3_12_address0         |  out|    5|   ap_memory|                                x_3_12|         array|
|x_3_12_ce0              |  out|    1|   ap_memory|                                x_3_12|         array|
|x_3_12_q0               |   in|    8|   ap_memory|                                x_3_12|         array|
|x_3_12_address1         |  out|    5|   ap_memory|                                x_3_12|         array|
|x_3_12_ce1              |  out|    1|   ap_memory|                                x_3_12|         array|
|x_3_12_q1               |   in|    8|   ap_memory|                                x_3_12|         array|
|x_3_13_address0         |  out|    5|   ap_memory|                                x_3_13|         array|
|x_3_13_ce0              |  out|    1|   ap_memory|                                x_3_13|         array|
|x_3_13_q0               |   in|    8|   ap_memory|                                x_3_13|         array|
|x_3_13_address1         |  out|    5|   ap_memory|                                x_3_13|         array|
|x_3_13_ce1              |  out|    1|   ap_memory|                                x_3_13|         array|
|x_3_13_q1               |   in|    8|   ap_memory|                                x_3_13|         array|
|x_3_14_address0         |  out|    5|   ap_memory|                                x_3_14|         array|
|x_3_14_ce0              |  out|    1|   ap_memory|                                x_3_14|         array|
|x_3_14_q0               |   in|    8|   ap_memory|                                x_3_14|         array|
|x_3_14_address1         |  out|    5|   ap_memory|                                x_3_14|         array|
|x_3_14_ce1              |  out|    1|   ap_memory|                                x_3_14|         array|
|x_3_14_q1               |   in|    8|   ap_memory|                                x_3_14|         array|
|x_3_15_address0         |  out|    5|   ap_memory|                                x_3_15|         array|
|x_3_15_ce0              |  out|    1|   ap_memory|                                x_3_15|         array|
|x_3_15_q0               |   in|    8|   ap_memory|                                x_3_15|         array|
|x_3_15_address1         |  out|    5|   ap_memory|                                x_3_15|         array|
|x_3_15_ce1              |  out|    1|   ap_memory|                                x_3_15|         array|
|x_3_15_q1               |   in|    8|   ap_memory|                                x_3_15|         array|
|x_3_16_address0         |  out|    5|   ap_memory|                                x_3_16|         array|
|x_3_16_ce0              |  out|    1|   ap_memory|                                x_3_16|         array|
|x_3_16_q0               |   in|    8|   ap_memory|                                x_3_16|         array|
|x_3_16_address1         |  out|    5|   ap_memory|                                x_3_16|         array|
|x_3_16_ce1              |  out|    1|   ap_memory|                                x_3_16|         array|
|x_3_16_q1               |   in|    8|   ap_memory|                                x_3_16|         array|
|x_3_17_address0         |  out|    5|   ap_memory|                                x_3_17|         array|
|x_3_17_ce0              |  out|    1|   ap_memory|                                x_3_17|         array|
|x_3_17_q0               |   in|    8|   ap_memory|                                x_3_17|         array|
|x_3_17_address1         |  out|    5|   ap_memory|                                x_3_17|         array|
|x_3_17_ce1              |  out|    1|   ap_memory|                                x_3_17|         array|
|x_3_17_q1               |   in|    8|   ap_memory|                                x_3_17|         array|
|x_3_18_address0         |  out|    5|   ap_memory|                                x_3_18|         array|
|x_3_18_ce0              |  out|    1|   ap_memory|                                x_3_18|         array|
|x_3_18_q0               |   in|    8|   ap_memory|                                x_3_18|         array|
|x_3_18_address1         |  out|    5|   ap_memory|                                x_3_18|         array|
|x_3_18_ce1              |  out|    1|   ap_memory|                                x_3_18|         array|
|x_3_18_q1               |   in|    8|   ap_memory|                                x_3_18|         array|
|x_3_19_address0         |  out|    5|   ap_memory|                                x_3_19|         array|
|x_3_19_ce0              |  out|    1|   ap_memory|                                x_3_19|         array|
|x_3_19_q0               |   in|    8|   ap_memory|                                x_3_19|         array|
|x_3_19_address1         |  out|    5|   ap_memory|                                x_3_19|         array|
|x_3_19_ce1              |  out|    1|   ap_memory|                                x_3_19|         array|
|x_3_19_q1               |   in|    8|   ap_memory|                                x_3_19|         array|
|x_3_20_address0         |  out|    5|   ap_memory|                                x_3_20|         array|
|x_3_20_ce0              |  out|    1|   ap_memory|                                x_3_20|         array|
|x_3_20_q0               |   in|    8|   ap_memory|                                x_3_20|         array|
|x_3_20_address1         |  out|    5|   ap_memory|                                x_3_20|         array|
|x_3_20_ce1              |  out|    1|   ap_memory|                                x_3_20|         array|
|x_3_20_q1               |   in|    8|   ap_memory|                                x_3_20|         array|
|x_3_21_address0         |  out|    5|   ap_memory|                                x_3_21|         array|
|x_3_21_ce0              |  out|    1|   ap_memory|                                x_3_21|         array|
|x_3_21_q0               |   in|    8|   ap_memory|                                x_3_21|         array|
|x_3_21_address1         |  out|    5|   ap_memory|                                x_3_21|         array|
|x_3_21_ce1              |  out|    1|   ap_memory|                                x_3_21|         array|
|x_3_21_q1               |   in|    8|   ap_memory|                                x_3_21|         array|
|x_3_22_address0         |  out|    5|   ap_memory|                                x_3_22|         array|
|x_3_22_ce0              |  out|    1|   ap_memory|                                x_3_22|         array|
|x_3_22_q0               |   in|    8|   ap_memory|                                x_3_22|         array|
|x_3_22_address1         |  out|    5|   ap_memory|                                x_3_22|         array|
|x_3_22_ce1              |  out|    1|   ap_memory|                                x_3_22|         array|
|x_3_22_q1               |   in|    8|   ap_memory|                                x_3_22|         array|
|x_3_23_address0         |  out|    5|   ap_memory|                                x_3_23|         array|
|x_3_23_ce0              |  out|    1|   ap_memory|                                x_3_23|         array|
|x_3_23_q0               |   in|    8|   ap_memory|                                x_3_23|         array|
|x_3_23_address1         |  out|    5|   ap_memory|                                x_3_23|         array|
|x_3_23_ce1              |  out|    1|   ap_memory|                                x_3_23|         array|
|x_3_23_q1               |   in|    8|   ap_memory|                                x_3_23|         array|
|x_3_24_address0         |  out|    5|   ap_memory|                                x_3_24|         array|
|x_3_24_ce0              |  out|    1|   ap_memory|                                x_3_24|         array|
|x_3_24_q0               |   in|    8|   ap_memory|                                x_3_24|         array|
|x_3_24_address1         |  out|    5|   ap_memory|                                x_3_24|         array|
|x_3_24_ce1              |  out|    1|   ap_memory|                                x_3_24|         array|
|x_3_24_q1               |   in|    8|   ap_memory|                                x_3_24|         array|
|x_3_25_address0         |  out|    5|   ap_memory|                                x_3_25|         array|
|x_3_25_ce0              |  out|    1|   ap_memory|                                x_3_25|         array|
|x_3_25_q0               |   in|    8|   ap_memory|                                x_3_25|         array|
|x_3_25_address1         |  out|    5|   ap_memory|                                x_3_25|         array|
|x_3_25_ce1              |  out|    1|   ap_memory|                                x_3_25|         array|
|x_3_25_q1               |   in|    8|   ap_memory|                                x_3_25|         array|
|x_3_26_address0         |  out|    5|   ap_memory|                                x_3_26|         array|
|x_3_26_ce0              |  out|    1|   ap_memory|                                x_3_26|         array|
|x_3_26_q0               |   in|    8|   ap_memory|                                x_3_26|         array|
|x_3_26_address1         |  out|    5|   ap_memory|                                x_3_26|         array|
|x_3_26_ce1              |  out|    1|   ap_memory|                                x_3_26|         array|
|x_3_26_q1               |   in|    8|   ap_memory|                                x_3_26|         array|
|x_3_27_address0         |  out|    5|   ap_memory|                                x_3_27|         array|
|x_3_27_ce0              |  out|    1|   ap_memory|                                x_3_27|         array|
|x_3_27_q0               |   in|    8|   ap_memory|                                x_3_27|         array|
|x_3_27_address1         |  out|    5|   ap_memory|                                x_3_27|         array|
|x_3_27_ce1              |  out|    1|   ap_memory|                                x_3_27|         array|
|x_3_27_q1               |   in|    8|   ap_memory|                                x_3_27|         array|
|x_3_28_address0         |  out|    5|   ap_memory|                                x_3_28|         array|
|x_3_28_ce0              |  out|    1|   ap_memory|                                x_3_28|         array|
|x_3_28_q0               |   in|    8|   ap_memory|                                x_3_28|         array|
|x_3_28_address1         |  out|    5|   ap_memory|                                x_3_28|         array|
|x_3_28_ce1              |  out|    1|   ap_memory|                                x_3_28|         array|
|x_3_28_q1               |   in|    8|   ap_memory|                                x_3_28|         array|
|x_3_29_address0         |  out|    5|   ap_memory|                                x_3_29|         array|
|x_3_29_ce0              |  out|    1|   ap_memory|                                x_3_29|         array|
|x_3_29_q0               |   in|    8|   ap_memory|                                x_3_29|         array|
|x_3_29_address1         |  out|    5|   ap_memory|                                x_3_29|         array|
|x_3_29_ce1              |  out|    1|   ap_memory|                                x_3_29|         array|
|x_3_29_q1               |   in|    8|   ap_memory|                                x_3_29|         array|
|x_3_30_address0         |  out|    5|   ap_memory|                                x_3_30|         array|
|x_3_30_ce0              |  out|    1|   ap_memory|                                x_3_30|         array|
|x_3_30_q0               |   in|    8|   ap_memory|                                x_3_30|         array|
|x_3_30_address1         |  out|    5|   ap_memory|                                x_3_30|         array|
|x_3_30_ce1              |  out|    1|   ap_memory|                                x_3_30|         array|
|x_3_30_q1               |   in|    8|   ap_memory|                                x_3_30|         array|
|x_3_31_address0         |  out|    5|   ap_memory|                                x_3_31|         array|
|x_3_31_ce0              |  out|    1|   ap_memory|                                x_3_31|         array|
|x_3_31_q0               |   in|    8|   ap_memory|                                x_3_31|         array|
|x_3_31_address1         |  out|    5|   ap_memory|                                x_3_31|         array|
|x_3_31_ce1              |  out|    1|   ap_memory|                                x_3_31|         array|
|x_3_31_q1               |   in|    8|   ap_memory|                                x_3_31|         array|
|x_3_32_address0         |  out|    5|   ap_memory|                                x_3_32|         array|
|x_3_32_ce0              |  out|    1|   ap_memory|                                x_3_32|         array|
|x_3_32_q0               |   in|    8|   ap_memory|                                x_3_32|         array|
|x_3_32_address1         |  out|    5|   ap_memory|                                x_3_32|         array|
|x_3_32_ce1              |  out|    1|   ap_memory|                                x_3_32|         array|
|x_3_32_q1               |   in|    8|   ap_memory|                                x_3_32|         array|
|x_3_33_address0         |  out|    5|   ap_memory|                                x_3_33|         array|
|x_3_33_ce0              |  out|    1|   ap_memory|                                x_3_33|         array|
|x_3_33_q0               |   in|    8|   ap_memory|                                x_3_33|         array|
|x_3_33_address1         |  out|    5|   ap_memory|                                x_3_33|         array|
|x_3_33_ce1              |  out|    1|   ap_memory|                                x_3_33|         array|
|x_3_33_q1               |   in|    8|   ap_memory|                                x_3_33|         array|
|x_3_34_address0         |  out|    5|   ap_memory|                                x_3_34|         array|
|x_3_34_ce0              |  out|    1|   ap_memory|                                x_3_34|         array|
|x_3_34_q0               |   in|    8|   ap_memory|                                x_3_34|         array|
|x_3_34_address1         |  out|    5|   ap_memory|                                x_3_34|         array|
|x_3_34_ce1              |  out|    1|   ap_memory|                                x_3_34|         array|
|x_3_34_q1               |   in|    8|   ap_memory|                                x_3_34|         array|
|x_3_35_address0         |  out|    5|   ap_memory|                                x_3_35|         array|
|x_3_35_ce0              |  out|    1|   ap_memory|                                x_3_35|         array|
|x_3_35_q0               |   in|    8|   ap_memory|                                x_3_35|         array|
|x_3_35_address1         |  out|    5|   ap_memory|                                x_3_35|         array|
|x_3_35_ce1              |  out|    1|   ap_memory|                                x_3_35|         array|
|x_3_35_q1               |   in|    8|   ap_memory|                                x_3_35|         array|
|x_3_36_address0         |  out|    5|   ap_memory|                                x_3_36|         array|
|x_3_36_ce0              |  out|    1|   ap_memory|                                x_3_36|         array|
|x_3_36_q0               |   in|    8|   ap_memory|                                x_3_36|         array|
|x_3_36_address1         |  out|    5|   ap_memory|                                x_3_36|         array|
|x_3_36_ce1              |  out|    1|   ap_memory|                                x_3_36|         array|
|x_3_36_q1               |   in|    8|   ap_memory|                                x_3_36|         array|
|x_3_37_address0         |  out|    5|   ap_memory|                                x_3_37|         array|
|x_3_37_ce0              |  out|    1|   ap_memory|                                x_3_37|         array|
|x_3_37_q0               |   in|    8|   ap_memory|                                x_3_37|         array|
|x_3_37_address1         |  out|    5|   ap_memory|                                x_3_37|         array|
|x_3_37_ce1              |  out|    1|   ap_memory|                                x_3_37|         array|
|x_3_37_q1               |   in|    8|   ap_memory|                                x_3_37|         array|
|x_3_38_address0         |  out|    5|   ap_memory|                                x_3_38|         array|
|x_3_38_ce0              |  out|    1|   ap_memory|                                x_3_38|         array|
|x_3_38_q0               |   in|    8|   ap_memory|                                x_3_38|         array|
|x_3_38_address1         |  out|    5|   ap_memory|                                x_3_38|         array|
|x_3_38_ce1              |  out|    1|   ap_memory|                                x_3_38|         array|
|x_3_38_q1               |   in|    8|   ap_memory|                                x_3_38|         array|
|x_3_39_address0         |  out|    5|   ap_memory|                                x_3_39|         array|
|x_3_39_ce0              |  out|    1|   ap_memory|                                x_3_39|         array|
|x_3_39_q0               |   in|    8|   ap_memory|                                x_3_39|         array|
|x_3_39_address1         |  out|    5|   ap_memory|                                x_3_39|         array|
|x_3_39_ce1              |  out|    1|   ap_memory|                                x_3_39|         array|
|x_3_39_q1               |   in|    8|   ap_memory|                                x_3_39|         array|
|x_3_40_address0         |  out|    5|   ap_memory|                                x_3_40|         array|
|x_3_40_ce0              |  out|    1|   ap_memory|                                x_3_40|         array|
|x_3_40_q0               |   in|    8|   ap_memory|                                x_3_40|         array|
|x_3_40_address1         |  out|    5|   ap_memory|                                x_3_40|         array|
|x_3_40_ce1              |  out|    1|   ap_memory|                                x_3_40|         array|
|x_3_40_q1               |   in|    8|   ap_memory|                                x_3_40|         array|
|x_3_41_address0         |  out|    5|   ap_memory|                                x_3_41|         array|
|x_3_41_ce0              |  out|    1|   ap_memory|                                x_3_41|         array|
|x_3_41_q0               |   in|    8|   ap_memory|                                x_3_41|         array|
|x_3_41_address1         |  out|    5|   ap_memory|                                x_3_41|         array|
|x_3_41_ce1              |  out|    1|   ap_memory|                                x_3_41|         array|
|x_3_41_q1               |   in|    8|   ap_memory|                                x_3_41|         array|
|x_3_42_address0         |  out|    5|   ap_memory|                                x_3_42|         array|
|x_3_42_ce0              |  out|    1|   ap_memory|                                x_3_42|         array|
|x_3_42_q0               |   in|    8|   ap_memory|                                x_3_42|         array|
|x_3_42_address1         |  out|    5|   ap_memory|                                x_3_42|         array|
|x_3_42_ce1              |  out|    1|   ap_memory|                                x_3_42|         array|
|x_3_42_q1               |   in|    8|   ap_memory|                                x_3_42|         array|
|x_3_43_address0         |  out|    5|   ap_memory|                                x_3_43|         array|
|x_3_43_ce0              |  out|    1|   ap_memory|                                x_3_43|         array|
|x_3_43_q0               |   in|    8|   ap_memory|                                x_3_43|         array|
|x_3_43_address1         |  out|    5|   ap_memory|                                x_3_43|         array|
|x_3_43_ce1              |  out|    1|   ap_memory|                                x_3_43|         array|
|x_3_43_q1               |   in|    8|   ap_memory|                                x_3_43|         array|
|x_3_44_address0         |  out|    5|   ap_memory|                                x_3_44|         array|
|x_3_44_ce0              |  out|    1|   ap_memory|                                x_3_44|         array|
|x_3_44_q0               |   in|    8|   ap_memory|                                x_3_44|         array|
|x_3_44_address1         |  out|    5|   ap_memory|                                x_3_44|         array|
|x_3_44_ce1              |  out|    1|   ap_memory|                                x_3_44|         array|
|x_3_44_q1               |   in|    8|   ap_memory|                                x_3_44|         array|
|x_3_45_address0         |  out|    5|   ap_memory|                                x_3_45|         array|
|x_3_45_ce0              |  out|    1|   ap_memory|                                x_3_45|         array|
|x_3_45_q0               |   in|    8|   ap_memory|                                x_3_45|         array|
|x_3_45_address1         |  out|    5|   ap_memory|                                x_3_45|         array|
|x_3_45_ce1              |  out|    1|   ap_memory|                                x_3_45|         array|
|x_3_45_q1               |   in|    8|   ap_memory|                                x_3_45|         array|
|x_3_46_address0         |  out|    5|   ap_memory|                                x_3_46|         array|
|x_3_46_ce0              |  out|    1|   ap_memory|                                x_3_46|         array|
|x_3_46_q0               |   in|    8|   ap_memory|                                x_3_46|         array|
|x_3_46_address1         |  out|    5|   ap_memory|                                x_3_46|         array|
|x_3_46_ce1              |  out|    1|   ap_memory|                                x_3_46|         array|
|x_3_46_q1               |   in|    8|   ap_memory|                                x_3_46|         array|
|x_3_47_address0         |  out|    5|   ap_memory|                                x_3_47|         array|
|x_3_47_ce0              |  out|    1|   ap_memory|                                x_3_47|         array|
|x_3_47_q0               |   in|    8|   ap_memory|                                x_3_47|         array|
|x_3_47_address1         |  out|    5|   ap_memory|                                x_3_47|         array|
|x_3_47_ce1              |  out|    1|   ap_memory|                                x_3_47|         array|
|x_3_47_q1               |   in|    8|   ap_memory|                                x_3_47|         array|
|x_3_48_address0         |  out|    5|   ap_memory|                                x_3_48|         array|
|x_3_48_ce0              |  out|    1|   ap_memory|                                x_3_48|         array|
|x_3_48_q0               |   in|    8|   ap_memory|                                x_3_48|         array|
|x_3_48_address1         |  out|    5|   ap_memory|                                x_3_48|         array|
|x_3_48_ce1              |  out|    1|   ap_memory|                                x_3_48|         array|
|x_3_48_q1               |   in|    8|   ap_memory|                                x_3_48|         array|
|x_3_49_address0         |  out|    5|   ap_memory|                                x_3_49|         array|
|x_3_49_ce0              |  out|    1|   ap_memory|                                x_3_49|         array|
|x_3_49_q0               |   in|    8|   ap_memory|                                x_3_49|         array|
|x_3_49_address1         |  out|    5|   ap_memory|                                x_3_49|         array|
|x_3_49_ce1              |  out|    1|   ap_memory|                                x_3_49|         array|
|x_3_49_q1               |   in|    8|   ap_memory|                                x_3_49|         array|
|x_3_50_address0         |  out|    5|   ap_memory|                                x_3_50|         array|
|x_3_50_ce0              |  out|    1|   ap_memory|                                x_3_50|         array|
|x_3_50_q0               |   in|    8|   ap_memory|                                x_3_50|         array|
|x_3_50_address1         |  out|    5|   ap_memory|                                x_3_50|         array|
|x_3_50_ce1              |  out|    1|   ap_memory|                                x_3_50|         array|
|x_3_50_q1               |   in|    8|   ap_memory|                                x_3_50|         array|
|x_3_51_address0         |  out|    5|   ap_memory|                                x_3_51|         array|
|x_3_51_ce0              |  out|    1|   ap_memory|                                x_3_51|         array|
|x_3_51_q0               |   in|    8|   ap_memory|                                x_3_51|         array|
|x_3_51_address1         |  out|    5|   ap_memory|                                x_3_51|         array|
|x_3_51_ce1              |  out|    1|   ap_memory|                                x_3_51|         array|
|x_3_51_q1               |   in|    8|   ap_memory|                                x_3_51|         array|
|x_3_52_address0         |  out|    5|   ap_memory|                                x_3_52|         array|
|x_3_52_ce0              |  out|    1|   ap_memory|                                x_3_52|         array|
|x_3_52_q0               |   in|    8|   ap_memory|                                x_3_52|         array|
|x_3_52_address1         |  out|    5|   ap_memory|                                x_3_52|         array|
|x_3_52_ce1              |  out|    1|   ap_memory|                                x_3_52|         array|
|x_3_52_q1               |   in|    8|   ap_memory|                                x_3_52|         array|
|x_3_53_address0         |  out|    5|   ap_memory|                                x_3_53|         array|
|x_3_53_ce0              |  out|    1|   ap_memory|                                x_3_53|         array|
|x_3_53_q0               |   in|    8|   ap_memory|                                x_3_53|         array|
|x_3_53_address1         |  out|    5|   ap_memory|                                x_3_53|         array|
|x_3_53_ce1              |  out|    1|   ap_memory|                                x_3_53|         array|
|x_3_53_q1               |   in|    8|   ap_memory|                                x_3_53|         array|
|x_3_54_address0         |  out|    5|   ap_memory|                                x_3_54|         array|
|x_3_54_ce0              |  out|    1|   ap_memory|                                x_3_54|         array|
|x_3_54_q0               |   in|    8|   ap_memory|                                x_3_54|         array|
|x_3_54_address1         |  out|    5|   ap_memory|                                x_3_54|         array|
|x_3_54_ce1              |  out|    1|   ap_memory|                                x_3_54|         array|
|x_3_54_q1               |   in|    8|   ap_memory|                                x_3_54|         array|
|x_3_55_address0         |  out|    5|   ap_memory|                                x_3_55|         array|
|x_3_55_ce0              |  out|    1|   ap_memory|                                x_3_55|         array|
|x_3_55_q0               |   in|    8|   ap_memory|                                x_3_55|         array|
|x_3_55_address1         |  out|    5|   ap_memory|                                x_3_55|         array|
|x_3_55_ce1              |  out|    1|   ap_memory|                                x_3_55|         array|
|x_3_55_q1               |   in|    8|   ap_memory|                                x_3_55|         array|
|x_3_56_address0         |  out|    5|   ap_memory|                                x_3_56|         array|
|x_3_56_ce0              |  out|    1|   ap_memory|                                x_3_56|         array|
|x_3_56_q0               |   in|    8|   ap_memory|                                x_3_56|         array|
|x_3_56_address1         |  out|    5|   ap_memory|                                x_3_56|         array|
|x_3_56_ce1              |  out|    1|   ap_memory|                                x_3_56|         array|
|x_3_56_q1               |   in|    8|   ap_memory|                                x_3_56|         array|
|x_3_57_address0         |  out|    5|   ap_memory|                                x_3_57|         array|
|x_3_57_ce0              |  out|    1|   ap_memory|                                x_3_57|         array|
|x_3_57_q0               |   in|    8|   ap_memory|                                x_3_57|         array|
|x_3_57_address1         |  out|    5|   ap_memory|                                x_3_57|         array|
|x_3_57_ce1              |  out|    1|   ap_memory|                                x_3_57|         array|
|x_3_57_q1               |   in|    8|   ap_memory|                                x_3_57|         array|
|x_3_58_address0         |  out|    5|   ap_memory|                                x_3_58|         array|
|x_3_58_ce0              |  out|    1|   ap_memory|                                x_3_58|         array|
|x_3_58_q0               |   in|    8|   ap_memory|                                x_3_58|         array|
|x_3_58_address1         |  out|    5|   ap_memory|                                x_3_58|         array|
|x_3_58_ce1              |  out|    1|   ap_memory|                                x_3_58|         array|
|x_3_58_q1               |   in|    8|   ap_memory|                                x_3_58|         array|
|x_3_59_address0         |  out|    5|   ap_memory|                                x_3_59|         array|
|x_3_59_ce0              |  out|    1|   ap_memory|                                x_3_59|         array|
|x_3_59_q0               |   in|    8|   ap_memory|                                x_3_59|         array|
|x_3_59_address1         |  out|    5|   ap_memory|                                x_3_59|         array|
|x_3_59_ce1              |  out|    1|   ap_memory|                                x_3_59|         array|
|x_3_59_q1               |   in|    8|   ap_memory|                                x_3_59|         array|
|x_3_60_address0         |  out|    5|   ap_memory|                                x_3_60|         array|
|x_3_60_ce0              |  out|    1|   ap_memory|                                x_3_60|         array|
|x_3_60_q0               |   in|    8|   ap_memory|                                x_3_60|         array|
|x_3_60_address1         |  out|    5|   ap_memory|                                x_3_60|         array|
|x_3_60_ce1              |  out|    1|   ap_memory|                                x_3_60|         array|
|x_3_60_q1               |   in|    8|   ap_memory|                                x_3_60|         array|
|x_3_61_address0         |  out|    5|   ap_memory|                                x_3_61|         array|
|x_3_61_ce0              |  out|    1|   ap_memory|                                x_3_61|         array|
|x_3_61_q0               |   in|    8|   ap_memory|                                x_3_61|         array|
|x_3_61_address1         |  out|    5|   ap_memory|                                x_3_61|         array|
|x_3_61_ce1              |  out|    1|   ap_memory|                                x_3_61|         array|
|x_3_61_q1               |   in|    8|   ap_memory|                                x_3_61|         array|
|x_3_62_address0         |  out|    5|   ap_memory|                                x_3_62|         array|
|x_3_62_ce0              |  out|    1|   ap_memory|                                x_3_62|         array|
|x_3_62_q0               |   in|    8|   ap_memory|                                x_3_62|         array|
|x_3_62_address1         |  out|    5|   ap_memory|                                x_3_62|         array|
|x_3_62_ce1              |  out|    1|   ap_memory|                                x_3_62|         array|
|x_3_62_q1               |   in|    8|   ap_memory|                                x_3_62|         array|
|x_3_63_address0         |  out|    5|   ap_memory|                                x_3_63|         array|
|x_3_63_ce0              |  out|    1|   ap_memory|                                x_3_63|         array|
|x_3_63_q0               |   in|    8|   ap_memory|                                x_3_63|         array|
|x_3_63_address1         |  out|    5|   ap_memory|                                x_3_63|         array|
|x_3_63_ce1              |  out|    1|   ap_memory|                                x_3_63|         array|
|x_3_63_q1               |   in|    8|   ap_memory|                                x_3_63|         array|
|x_4_1_address0          |  out|    5|   ap_memory|                                 x_4_1|         array|
|x_4_1_ce0               |  out|    1|   ap_memory|                                 x_4_1|         array|
|x_4_1_q0                |   in|    8|   ap_memory|                                 x_4_1|         array|
|x_4_1_address1          |  out|    5|   ap_memory|                                 x_4_1|         array|
|x_4_1_ce1               |  out|    1|   ap_memory|                                 x_4_1|         array|
|x_4_1_q1                |   in|    8|   ap_memory|                                 x_4_1|         array|
|x_4_2_address0          |  out|    5|   ap_memory|                                 x_4_2|         array|
|x_4_2_ce0               |  out|    1|   ap_memory|                                 x_4_2|         array|
|x_4_2_q0                |   in|    8|   ap_memory|                                 x_4_2|         array|
|x_4_2_address1          |  out|    5|   ap_memory|                                 x_4_2|         array|
|x_4_2_ce1               |  out|    1|   ap_memory|                                 x_4_2|         array|
|x_4_2_q1                |   in|    8|   ap_memory|                                 x_4_2|         array|
|x_4_3_address0          |  out|    5|   ap_memory|                                 x_4_3|         array|
|x_4_3_ce0               |  out|    1|   ap_memory|                                 x_4_3|         array|
|x_4_3_q0                |   in|    8|   ap_memory|                                 x_4_3|         array|
|x_4_3_address1          |  out|    5|   ap_memory|                                 x_4_3|         array|
|x_4_3_ce1               |  out|    1|   ap_memory|                                 x_4_3|         array|
|x_4_3_q1                |   in|    8|   ap_memory|                                 x_4_3|         array|
|x_4_4_address0          |  out|    5|   ap_memory|                                 x_4_4|         array|
|x_4_4_ce0               |  out|    1|   ap_memory|                                 x_4_4|         array|
|x_4_4_q0                |   in|    8|   ap_memory|                                 x_4_4|         array|
|x_4_4_address1          |  out|    5|   ap_memory|                                 x_4_4|         array|
|x_4_4_ce1               |  out|    1|   ap_memory|                                 x_4_4|         array|
|x_4_4_q1                |   in|    8|   ap_memory|                                 x_4_4|         array|
|x_4_5_address0          |  out|    5|   ap_memory|                                 x_4_5|         array|
|x_4_5_ce0               |  out|    1|   ap_memory|                                 x_4_5|         array|
|x_4_5_q0                |   in|    8|   ap_memory|                                 x_4_5|         array|
|x_4_5_address1          |  out|    5|   ap_memory|                                 x_4_5|         array|
|x_4_5_ce1               |  out|    1|   ap_memory|                                 x_4_5|         array|
|x_4_5_q1                |   in|    8|   ap_memory|                                 x_4_5|         array|
|x_4_6_address0          |  out|    5|   ap_memory|                                 x_4_6|         array|
|x_4_6_ce0               |  out|    1|   ap_memory|                                 x_4_6|         array|
|x_4_6_q0                |   in|    8|   ap_memory|                                 x_4_6|         array|
|x_4_6_address1          |  out|    5|   ap_memory|                                 x_4_6|         array|
|x_4_6_ce1               |  out|    1|   ap_memory|                                 x_4_6|         array|
|x_4_6_q1                |   in|    8|   ap_memory|                                 x_4_6|         array|
|x_4_7_address0          |  out|    5|   ap_memory|                                 x_4_7|         array|
|x_4_7_ce0               |  out|    1|   ap_memory|                                 x_4_7|         array|
|x_4_7_q0                |   in|    8|   ap_memory|                                 x_4_7|         array|
|x_4_7_address1          |  out|    5|   ap_memory|                                 x_4_7|         array|
|x_4_7_ce1               |  out|    1|   ap_memory|                                 x_4_7|         array|
|x_4_7_q1                |   in|    8|   ap_memory|                                 x_4_7|         array|
|x_4_8_address0          |  out|    5|   ap_memory|                                 x_4_8|         array|
|x_4_8_ce0               |  out|    1|   ap_memory|                                 x_4_8|         array|
|x_4_8_q0                |   in|    8|   ap_memory|                                 x_4_8|         array|
|x_4_8_address1          |  out|    5|   ap_memory|                                 x_4_8|         array|
|x_4_8_ce1               |  out|    1|   ap_memory|                                 x_4_8|         array|
|x_4_8_q1                |   in|    8|   ap_memory|                                 x_4_8|         array|
|x_4_9_address0          |  out|    5|   ap_memory|                                 x_4_9|         array|
|x_4_9_ce0               |  out|    1|   ap_memory|                                 x_4_9|         array|
|x_4_9_q0                |   in|    8|   ap_memory|                                 x_4_9|         array|
|x_4_9_address1          |  out|    5|   ap_memory|                                 x_4_9|         array|
|x_4_9_ce1               |  out|    1|   ap_memory|                                 x_4_9|         array|
|x_4_9_q1                |   in|    8|   ap_memory|                                 x_4_9|         array|
|x_4_10_address0         |  out|    5|   ap_memory|                                x_4_10|         array|
|x_4_10_ce0              |  out|    1|   ap_memory|                                x_4_10|         array|
|x_4_10_q0               |   in|    8|   ap_memory|                                x_4_10|         array|
|x_4_10_address1         |  out|    5|   ap_memory|                                x_4_10|         array|
|x_4_10_ce1              |  out|    1|   ap_memory|                                x_4_10|         array|
|x_4_10_q1               |   in|    8|   ap_memory|                                x_4_10|         array|
|x_4_11_address0         |  out|    5|   ap_memory|                                x_4_11|         array|
|x_4_11_ce0              |  out|    1|   ap_memory|                                x_4_11|         array|
|x_4_11_q0               |   in|    8|   ap_memory|                                x_4_11|         array|
|x_4_11_address1         |  out|    5|   ap_memory|                                x_4_11|         array|
|x_4_11_ce1              |  out|    1|   ap_memory|                                x_4_11|         array|
|x_4_11_q1               |   in|    8|   ap_memory|                                x_4_11|         array|
|x_4_12_address0         |  out|    5|   ap_memory|                                x_4_12|         array|
|x_4_12_ce0              |  out|    1|   ap_memory|                                x_4_12|         array|
|x_4_12_q0               |   in|    8|   ap_memory|                                x_4_12|         array|
|x_4_12_address1         |  out|    5|   ap_memory|                                x_4_12|         array|
|x_4_12_ce1              |  out|    1|   ap_memory|                                x_4_12|         array|
|x_4_12_q1               |   in|    8|   ap_memory|                                x_4_12|         array|
|x_4_13_address0         |  out|    5|   ap_memory|                                x_4_13|         array|
|x_4_13_ce0              |  out|    1|   ap_memory|                                x_4_13|         array|
|x_4_13_q0               |   in|    8|   ap_memory|                                x_4_13|         array|
|x_4_13_address1         |  out|    5|   ap_memory|                                x_4_13|         array|
|x_4_13_ce1              |  out|    1|   ap_memory|                                x_4_13|         array|
|x_4_13_q1               |   in|    8|   ap_memory|                                x_4_13|         array|
|x_4_14_address0         |  out|    5|   ap_memory|                                x_4_14|         array|
|x_4_14_ce0              |  out|    1|   ap_memory|                                x_4_14|         array|
|x_4_14_q0               |   in|    8|   ap_memory|                                x_4_14|         array|
|x_4_14_address1         |  out|    5|   ap_memory|                                x_4_14|         array|
|x_4_14_ce1              |  out|    1|   ap_memory|                                x_4_14|         array|
|x_4_14_q1               |   in|    8|   ap_memory|                                x_4_14|         array|
|x_4_15_address0         |  out|    5|   ap_memory|                                x_4_15|         array|
|x_4_15_ce0              |  out|    1|   ap_memory|                                x_4_15|         array|
|x_4_15_q0               |   in|    8|   ap_memory|                                x_4_15|         array|
|x_4_15_address1         |  out|    5|   ap_memory|                                x_4_15|         array|
|x_4_15_ce1              |  out|    1|   ap_memory|                                x_4_15|         array|
|x_4_15_q1               |   in|    8|   ap_memory|                                x_4_15|         array|
|x_4_16_address0         |  out|    5|   ap_memory|                                x_4_16|         array|
|x_4_16_ce0              |  out|    1|   ap_memory|                                x_4_16|         array|
|x_4_16_q0               |   in|    8|   ap_memory|                                x_4_16|         array|
|x_4_16_address1         |  out|    5|   ap_memory|                                x_4_16|         array|
|x_4_16_ce1              |  out|    1|   ap_memory|                                x_4_16|         array|
|x_4_16_q1               |   in|    8|   ap_memory|                                x_4_16|         array|
|x_4_17_address0         |  out|    5|   ap_memory|                                x_4_17|         array|
|x_4_17_ce0              |  out|    1|   ap_memory|                                x_4_17|         array|
|x_4_17_q0               |   in|    8|   ap_memory|                                x_4_17|         array|
|x_4_17_address1         |  out|    5|   ap_memory|                                x_4_17|         array|
|x_4_17_ce1              |  out|    1|   ap_memory|                                x_4_17|         array|
|x_4_17_q1               |   in|    8|   ap_memory|                                x_4_17|         array|
|x_4_18_address0         |  out|    5|   ap_memory|                                x_4_18|         array|
|x_4_18_ce0              |  out|    1|   ap_memory|                                x_4_18|         array|
|x_4_18_q0               |   in|    8|   ap_memory|                                x_4_18|         array|
|x_4_18_address1         |  out|    5|   ap_memory|                                x_4_18|         array|
|x_4_18_ce1              |  out|    1|   ap_memory|                                x_4_18|         array|
|x_4_18_q1               |   in|    8|   ap_memory|                                x_4_18|         array|
|x_4_19_address0         |  out|    5|   ap_memory|                                x_4_19|         array|
|x_4_19_ce0              |  out|    1|   ap_memory|                                x_4_19|         array|
|x_4_19_q0               |   in|    8|   ap_memory|                                x_4_19|         array|
|x_4_19_address1         |  out|    5|   ap_memory|                                x_4_19|         array|
|x_4_19_ce1              |  out|    1|   ap_memory|                                x_4_19|         array|
|x_4_19_q1               |   in|    8|   ap_memory|                                x_4_19|         array|
|x_4_20_address0         |  out|    5|   ap_memory|                                x_4_20|         array|
|x_4_20_ce0              |  out|    1|   ap_memory|                                x_4_20|         array|
|x_4_20_q0               |   in|    8|   ap_memory|                                x_4_20|         array|
|x_4_20_address1         |  out|    5|   ap_memory|                                x_4_20|         array|
|x_4_20_ce1              |  out|    1|   ap_memory|                                x_4_20|         array|
|x_4_20_q1               |   in|    8|   ap_memory|                                x_4_20|         array|
|x_4_21_address0         |  out|    5|   ap_memory|                                x_4_21|         array|
|x_4_21_ce0              |  out|    1|   ap_memory|                                x_4_21|         array|
|x_4_21_q0               |   in|    8|   ap_memory|                                x_4_21|         array|
|x_4_21_address1         |  out|    5|   ap_memory|                                x_4_21|         array|
|x_4_21_ce1              |  out|    1|   ap_memory|                                x_4_21|         array|
|x_4_21_q1               |   in|    8|   ap_memory|                                x_4_21|         array|
|x_4_22_address0         |  out|    5|   ap_memory|                                x_4_22|         array|
|x_4_22_ce0              |  out|    1|   ap_memory|                                x_4_22|         array|
|x_4_22_q0               |   in|    8|   ap_memory|                                x_4_22|         array|
|x_4_22_address1         |  out|    5|   ap_memory|                                x_4_22|         array|
|x_4_22_ce1              |  out|    1|   ap_memory|                                x_4_22|         array|
|x_4_22_q1               |   in|    8|   ap_memory|                                x_4_22|         array|
|x_4_23_address0         |  out|    5|   ap_memory|                                x_4_23|         array|
|x_4_23_ce0              |  out|    1|   ap_memory|                                x_4_23|         array|
|x_4_23_q0               |   in|    8|   ap_memory|                                x_4_23|         array|
|x_4_23_address1         |  out|    5|   ap_memory|                                x_4_23|         array|
|x_4_23_ce1              |  out|    1|   ap_memory|                                x_4_23|         array|
|x_4_23_q1               |   in|    8|   ap_memory|                                x_4_23|         array|
|x_4_24_address0         |  out|    5|   ap_memory|                                x_4_24|         array|
|x_4_24_ce0              |  out|    1|   ap_memory|                                x_4_24|         array|
|x_4_24_q0               |   in|    8|   ap_memory|                                x_4_24|         array|
|x_4_24_address1         |  out|    5|   ap_memory|                                x_4_24|         array|
|x_4_24_ce1              |  out|    1|   ap_memory|                                x_4_24|         array|
|x_4_24_q1               |   in|    8|   ap_memory|                                x_4_24|         array|
|x_4_25_address0         |  out|    5|   ap_memory|                                x_4_25|         array|
|x_4_25_ce0              |  out|    1|   ap_memory|                                x_4_25|         array|
|x_4_25_q0               |   in|    8|   ap_memory|                                x_4_25|         array|
|x_4_25_address1         |  out|    5|   ap_memory|                                x_4_25|         array|
|x_4_25_ce1              |  out|    1|   ap_memory|                                x_4_25|         array|
|x_4_25_q1               |   in|    8|   ap_memory|                                x_4_25|         array|
|x_4_26_address0         |  out|    5|   ap_memory|                                x_4_26|         array|
|x_4_26_ce0              |  out|    1|   ap_memory|                                x_4_26|         array|
|x_4_26_q0               |   in|    8|   ap_memory|                                x_4_26|         array|
|x_4_26_address1         |  out|    5|   ap_memory|                                x_4_26|         array|
|x_4_26_ce1              |  out|    1|   ap_memory|                                x_4_26|         array|
|x_4_26_q1               |   in|    8|   ap_memory|                                x_4_26|         array|
|x_4_27_address0         |  out|    5|   ap_memory|                                x_4_27|         array|
|x_4_27_ce0              |  out|    1|   ap_memory|                                x_4_27|         array|
|x_4_27_q0               |   in|    8|   ap_memory|                                x_4_27|         array|
|x_4_27_address1         |  out|    5|   ap_memory|                                x_4_27|         array|
|x_4_27_ce1              |  out|    1|   ap_memory|                                x_4_27|         array|
|x_4_27_q1               |   in|    8|   ap_memory|                                x_4_27|         array|
|x_4_28_address0         |  out|    5|   ap_memory|                                x_4_28|         array|
|x_4_28_ce0              |  out|    1|   ap_memory|                                x_4_28|         array|
|x_4_28_q0               |   in|    8|   ap_memory|                                x_4_28|         array|
|x_4_28_address1         |  out|    5|   ap_memory|                                x_4_28|         array|
|x_4_28_ce1              |  out|    1|   ap_memory|                                x_4_28|         array|
|x_4_28_q1               |   in|    8|   ap_memory|                                x_4_28|         array|
|x_4_29_address0         |  out|    5|   ap_memory|                                x_4_29|         array|
|x_4_29_ce0              |  out|    1|   ap_memory|                                x_4_29|         array|
|x_4_29_q0               |   in|    8|   ap_memory|                                x_4_29|         array|
|x_4_29_address1         |  out|    5|   ap_memory|                                x_4_29|         array|
|x_4_29_ce1              |  out|    1|   ap_memory|                                x_4_29|         array|
|x_4_29_q1               |   in|    8|   ap_memory|                                x_4_29|         array|
|x_4_30_address0         |  out|    5|   ap_memory|                                x_4_30|         array|
|x_4_30_ce0              |  out|    1|   ap_memory|                                x_4_30|         array|
|x_4_30_q0               |   in|    8|   ap_memory|                                x_4_30|         array|
|x_4_30_address1         |  out|    5|   ap_memory|                                x_4_30|         array|
|x_4_30_ce1              |  out|    1|   ap_memory|                                x_4_30|         array|
|x_4_30_q1               |   in|    8|   ap_memory|                                x_4_30|         array|
|x_4_31_address0         |  out|    5|   ap_memory|                                x_4_31|         array|
|x_4_31_ce0              |  out|    1|   ap_memory|                                x_4_31|         array|
|x_4_31_q0               |   in|    8|   ap_memory|                                x_4_31|         array|
|x_4_31_address1         |  out|    5|   ap_memory|                                x_4_31|         array|
|x_4_31_ce1              |  out|    1|   ap_memory|                                x_4_31|         array|
|x_4_31_q1               |   in|    8|   ap_memory|                                x_4_31|         array|
|x_4_32_address0         |  out|    5|   ap_memory|                                x_4_32|         array|
|x_4_32_ce0              |  out|    1|   ap_memory|                                x_4_32|         array|
|x_4_32_q0               |   in|    8|   ap_memory|                                x_4_32|         array|
|x_4_32_address1         |  out|    5|   ap_memory|                                x_4_32|         array|
|x_4_32_ce1              |  out|    1|   ap_memory|                                x_4_32|         array|
|x_4_32_q1               |   in|    8|   ap_memory|                                x_4_32|         array|
|x_4_33_address0         |  out|    5|   ap_memory|                                x_4_33|         array|
|x_4_33_ce0              |  out|    1|   ap_memory|                                x_4_33|         array|
|x_4_33_q0               |   in|    8|   ap_memory|                                x_4_33|         array|
|x_4_33_address1         |  out|    5|   ap_memory|                                x_4_33|         array|
|x_4_33_ce1              |  out|    1|   ap_memory|                                x_4_33|         array|
|x_4_33_q1               |   in|    8|   ap_memory|                                x_4_33|         array|
|x_4_34_address0         |  out|    5|   ap_memory|                                x_4_34|         array|
|x_4_34_ce0              |  out|    1|   ap_memory|                                x_4_34|         array|
|x_4_34_q0               |   in|    8|   ap_memory|                                x_4_34|         array|
|x_4_34_address1         |  out|    5|   ap_memory|                                x_4_34|         array|
|x_4_34_ce1              |  out|    1|   ap_memory|                                x_4_34|         array|
|x_4_34_q1               |   in|    8|   ap_memory|                                x_4_34|         array|
|x_4_35_address0         |  out|    5|   ap_memory|                                x_4_35|         array|
|x_4_35_ce0              |  out|    1|   ap_memory|                                x_4_35|         array|
|x_4_35_q0               |   in|    8|   ap_memory|                                x_4_35|         array|
|x_4_35_address1         |  out|    5|   ap_memory|                                x_4_35|         array|
|x_4_35_ce1              |  out|    1|   ap_memory|                                x_4_35|         array|
|x_4_35_q1               |   in|    8|   ap_memory|                                x_4_35|         array|
|x_4_36_address0         |  out|    5|   ap_memory|                                x_4_36|         array|
|x_4_36_ce0              |  out|    1|   ap_memory|                                x_4_36|         array|
|x_4_36_q0               |   in|    8|   ap_memory|                                x_4_36|         array|
|x_4_36_address1         |  out|    5|   ap_memory|                                x_4_36|         array|
|x_4_36_ce1              |  out|    1|   ap_memory|                                x_4_36|         array|
|x_4_36_q1               |   in|    8|   ap_memory|                                x_4_36|         array|
|x_4_37_address0         |  out|    5|   ap_memory|                                x_4_37|         array|
|x_4_37_ce0              |  out|    1|   ap_memory|                                x_4_37|         array|
|x_4_37_q0               |   in|    8|   ap_memory|                                x_4_37|         array|
|x_4_37_address1         |  out|    5|   ap_memory|                                x_4_37|         array|
|x_4_37_ce1              |  out|    1|   ap_memory|                                x_4_37|         array|
|x_4_37_q1               |   in|    8|   ap_memory|                                x_4_37|         array|
|x_4_38_address0         |  out|    5|   ap_memory|                                x_4_38|         array|
|x_4_38_ce0              |  out|    1|   ap_memory|                                x_4_38|         array|
|x_4_38_q0               |   in|    8|   ap_memory|                                x_4_38|         array|
|x_4_38_address1         |  out|    5|   ap_memory|                                x_4_38|         array|
|x_4_38_ce1              |  out|    1|   ap_memory|                                x_4_38|         array|
|x_4_38_q1               |   in|    8|   ap_memory|                                x_4_38|         array|
|x_4_39_address0         |  out|    5|   ap_memory|                                x_4_39|         array|
|x_4_39_ce0              |  out|    1|   ap_memory|                                x_4_39|         array|
|x_4_39_q0               |   in|    8|   ap_memory|                                x_4_39|         array|
|x_4_39_address1         |  out|    5|   ap_memory|                                x_4_39|         array|
|x_4_39_ce1              |  out|    1|   ap_memory|                                x_4_39|         array|
|x_4_39_q1               |   in|    8|   ap_memory|                                x_4_39|         array|
|x_4_40_address0         |  out|    5|   ap_memory|                                x_4_40|         array|
|x_4_40_ce0              |  out|    1|   ap_memory|                                x_4_40|         array|
|x_4_40_q0               |   in|    8|   ap_memory|                                x_4_40|         array|
|x_4_40_address1         |  out|    5|   ap_memory|                                x_4_40|         array|
|x_4_40_ce1              |  out|    1|   ap_memory|                                x_4_40|         array|
|x_4_40_q1               |   in|    8|   ap_memory|                                x_4_40|         array|
|x_4_41_address0         |  out|    5|   ap_memory|                                x_4_41|         array|
|x_4_41_ce0              |  out|    1|   ap_memory|                                x_4_41|         array|
|x_4_41_q0               |   in|    8|   ap_memory|                                x_4_41|         array|
|x_4_41_address1         |  out|    5|   ap_memory|                                x_4_41|         array|
|x_4_41_ce1              |  out|    1|   ap_memory|                                x_4_41|         array|
|x_4_41_q1               |   in|    8|   ap_memory|                                x_4_41|         array|
|x_4_42_address0         |  out|    5|   ap_memory|                                x_4_42|         array|
|x_4_42_ce0              |  out|    1|   ap_memory|                                x_4_42|         array|
|x_4_42_q0               |   in|    8|   ap_memory|                                x_4_42|         array|
|x_4_42_address1         |  out|    5|   ap_memory|                                x_4_42|         array|
|x_4_42_ce1              |  out|    1|   ap_memory|                                x_4_42|         array|
|x_4_42_q1               |   in|    8|   ap_memory|                                x_4_42|         array|
|x_4_43_address0         |  out|    5|   ap_memory|                                x_4_43|         array|
|x_4_43_ce0              |  out|    1|   ap_memory|                                x_4_43|         array|
|x_4_43_q0               |   in|    8|   ap_memory|                                x_4_43|         array|
|x_4_43_address1         |  out|    5|   ap_memory|                                x_4_43|         array|
|x_4_43_ce1              |  out|    1|   ap_memory|                                x_4_43|         array|
|x_4_43_q1               |   in|    8|   ap_memory|                                x_4_43|         array|
|x_4_44_address0         |  out|    5|   ap_memory|                                x_4_44|         array|
|x_4_44_ce0              |  out|    1|   ap_memory|                                x_4_44|         array|
|x_4_44_q0               |   in|    8|   ap_memory|                                x_4_44|         array|
|x_4_44_address1         |  out|    5|   ap_memory|                                x_4_44|         array|
|x_4_44_ce1              |  out|    1|   ap_memory|                                x_4_44|         array|
|x_4_44_q1               |   in|    8|   ap_memory|                                x_4_44|         array|
|x_4_45_address0         |  out|    5|   ap_memory|                                x_4_45|         array|
|x_4_45_ce0              |  out|    1|   ap_memory|                                x_4_45|         array|
|x_4_45_q0               |   in|    8|   ap_memory|                                x_4_45|         array|
|x_4_45_address1         |  out|    5|   ap_memory|                                x_4_45|         array|
|x_4_45_ce1              |  out|    1|   ap_memory|                                x_4_45|         array|
|x_4_45_q1               |   in|    8|   ap_memory|                                x_4_45|         array|
|x_4_46_address0         |  out|    5|   ap_memory|                                x_4_46|         array|
|x_4_46_ce0              |  out|    1|   ap_memory|                                x_4_46|         array|
|x_4_46_q0               |   in|    8|   ap_memory|                                x_4_46|         array|
|x_4_46_address1         |  out|    5|   ap_memory|                                x_4_46|         array|
|x_4_46_ce1              |  out|    1|   ap_memory|                                x_4_46|         array|
|x_4_46_q1               |   in|    8|   ap_memory|                                x_4_46|         array|
|x_4_47_address0         |  out|    5|   ap_memory|                                x_4_47|         array|
|x_4_47_ce0              |  out|    1|   ap_memory|                                x_4_47|         array|
|x_4_47_q0               |   in|    8|   ap_memory|                                x_4_47|         array|
|x_4_47_address1         |  out|    5|   ap_memory|                                x_4_47|         array|
|x_4_47_ce1              |  out|    1|   ap_memory|                                x_4_47|         array|
|x_4_47_q1               |   in|    8|   ap_memory|                                x_4_47|         array|
|x_4_48_address0         |  out|    5|   ap_memory|                                x_4_48|         array|
|x_4_48_ce0              |  out|    1|   ap_memory|                                x_4_48|         array|
|x_4_48_q0               |   in|    8|   ap_memory|                                x_4_48|         array|
|x_4_48_address1         |  out|    5|   ap_memory|                                x_4_48|         array|
|x_4_48_ce1              |  out|    1|   ap_memory|                                x_4_48|         array|
|x_4_48_q1               |   in|    8|   ap_memory|                                x_4_48|         array|
|x_4_49_address0         |  out|    5|   ap_memory|                                x_4_49|         array|
|x_4_49_ce0              |  out|    1|   ap_memory|                                x_4_49|         array|
|x_4_49_q0               |   in|    8|   ap_memory|                                x_4_49|         array|
|x_4_49_address1         |  out|    5|   ap_memory|                                x_4_49|         array|
|x_4_49_ce1              |  out|    1|   ap_memory|                                x_4_49|         array|
|x_4_49_q1               |   in|    8|   ap_memory|                                x_4_49|         array|
|x_4_50_address0         |  out|    5|   ap_memory|                                x_4_50|         array|
|x_4_50_ce0              |  out|    1|   ap_memory|                                x_4_50|         array|
|x_4_50_q0               |   in|    8|   ap_memory|                                x_4_50|         array|
|x_4_50_address1         |  out|    5|   ap_memory|                                x_4_50|         array|
|x_4_50_ce1              |  out|    1|   ap_memory|                                x_4_50|         array|
|x_4_50_q1               |   in|    8|   ap_memory|                                x_4_50|         array|
|x_4_51_address0         |  out|    5|   ap_memory|                                x_4_51|         array|
|x_4_51_ce0              |  out|    1|   ap_memory|                                x_4_51|         array|
|x_4_51_q0               |   in|    8|   ap_memory|                                x_4_51|         array|
|x_4_51_address1         |  out|    5|   ap_memory|                                x_4_51|         array|
|x_4_51_ce1              |  out|    1|   ap_memory|                                x_4_51|         array|
|x_4_51_q1               |   in|    8|   ap_memory|                                x_4_51|         array|
|x_4_52_address0         |  out|    5|   ap_memory|                                x_4_52|         array|
|x_4_52_ce0              |  out|    1|   ap_memory|                                x_4_52|         array|
|x_4_52_q0               |   in|    8|   ap_memory|                                x_4_52|         array|
|x_4_52_address1         |  out|    5|   ap_memory|                                x_4_52|         array|
|x_4_52_ce1              |  out|    1|   ap_memory|                                x_4_52|         array|
|x_4_52_q1               |   in|    8|   ap_memory|                                x_4_52|         array|
|x_4_53_address0         |  out|    5|   ap_memory|                                x_4_53|         array|
|x_4_53_ce0              |  out|    1|   ap_memory|                                x_4_53|         array|
|x_4_53_q0               |   in|    8|   ap_memory|                                x_4_53|         array|
|x_4_53_address1         |  out|    5|   ap_memory|                                x_4_53|         array|
|x_4_53_ce1              |  out|    1|   ap_memory|                                x_4_53|         array|
|x_4_53_q1               |   in|    8|   ap_memory|                                x_4_53|         array|
|x_4_54_address0         |  out|    5|   ap_memory|                                x_4_54|         array|
|x_4_54_ce0              |  out|    1|   ap_memory|                                x_4_54|         array|
|x_4_54_q0               |   in|    8|   ap_memory|                                x_4_54|         array|
|x_4_54_address1         |  out|    5|   ap_memory|                                x_4_54|         array|
|x_4_54_ce1              |  out|    1|   ap_memory|                                x_4_54|         array|
|x_4_54_q1               |   in|    8|   ap_memory|                                x_4_54|         array|
|x_4_55_address0         |  out|    5|   ap_memory|                                x_4_55|         array|
|x_4_55_ce0              |  out|    1|   ap_memory|                                x_4_55|         array|
|x_4_55_q0               |   in|    8|   ap_memory|                                x_4_55|         array|
|x_4_55_address1         |  out|    5|   ap_memory|                                x_4_55|         array|
|x_4_55_ce1              |  out|    1|   ap_memory|                                x_4_55|         array|
|x_4_55_q1               |   in|    8|   ap_memory|                                x_4_55|         array|
|x_4_56_address0         |  out|    5|   ap_memory|                                x_4_56|         array|
|x_4_56_ce0              |  out|    1|   ap_memory|                                x_4_56|         array|
|x_4_56_q0               |   in|    8|   ap_memory|                                x_4_56|         array|
|x_4_56_address1         |  out|    5|   ap_memory|                                x_4_56|         array|
|x_4_56_ce1              |  out|    1|   ap_memory|                                x_4_56|         array|
|x_4_56_q1               |   in|    8|   ap_memory|                                x_4_56|         array|
|x_4_57_address0         |  out|    5|   ap_memory|                                x_4_57|         array|
|x_4_57_ce0              |  out|    1|   ap_memory|                                x_4_57|         array|
|x_4_57_q0               |   in|    8|   ap_memory|                                x_4_57|         array|
|x_4_57_address1         |  out|    5|   ap_memory|                                x_4_57|         array|
|x_4_57_ce1              |  out|    1|   ap_memory|                                x_4_57|         array|
|x_4_57_q1               |   in|    8|   ap_memory|                                x_4_57|         array|
|x_4_58_address0         |  out|    5|   ap_memory|                                x_4_58|         array|
|x_4_58_ce0              |  out|    1|   ap_memory|                                x_4_58|         array|
|x_4_58_q0               |   in|    8|   ap_memory|                                x_4_58|         array|
|x_4_58_address1         |  out|    5|   ap_memory|                                x_4_58|         array|
|x_4_58_ce1              |  out|    1|   ap_memory|                                x_4_58|         array|
|x_4_58_q1               |   in|    8|   ap_memory|                                x_4_58|         array|
|x_4_59_address0         |  out|    5|   ap_memory|                                x_4_59|         array|
|x_4_59_ce0              |  out|    1|   ap_memory|                                x_4_59|         array|
|x_4_59_q0               |   in|    8|   ap_memory|                                x_4_59|         array|
|x_4_59_address1         |  out|    5|   ap_memory|                                x_4_59|         array|
|x_4_59_ce1              |  out|    1|   ap_memory|                                x_4_59|         array|
|x_4_59_q1               |   in|    8|   ap_memory|                                x_4_59|         array|
|x_4_60_address0         |  out|    5|   ap_memory|                                x_4_60|         array|
|x_4_60_ce0              |  out|    1|   ap_memory|                                x_4_60|         array|
|x_4_60_q0               |   in|    8|   ap_memory|                                x_4_60|         array|
|x_4_60_address1         |  out|    5|   ap_memory|                                x_4_60|         array|
|x_4_60_ce1              |  out|    1|   ap_memory|                                x_4_60|         array|
|x_4_60_q1               |   in|    8|   ap_memory|                                x_4_60|         array|
|x_4_61_address0         |  out|    5|   ap_memory|                                x_4_61|         array|
|x_4_61_ce0              |  out|    1|   ap_memory|                                x_4_61|         array|
|x_4_61_q0               |   in|    8|   ap_memory|                                x_4_61|         array|
|x_4_61_address1         |  out|    5|   ap_memory|                                x_4_61|         array|
|x_4_61_ce1              |  out|    1|   ap_memory|                                x_4_61|         array|
|x_4_61_q1               |   in|    8|   ap_memory|                                x_4_61|         array|
|x_4_62_address0         |  out|    5|   ap_memory|                                x_4_62|         array|
|x_4_62_ce0              |  out|    1|   ap_memory|                                x_4_62|         array|
|x_4_62_q0               |   in|    8|   ap_memory|                                x_4_62|         array|
|x_4_62_address1         |  out|    5|   ap_memory|                                x_4_62|         array|
|x_4_62_ce1              |  out|    1|   ap_memory|                                x_4_62|         array|
|x_4_62_q1               |   in|    8|   ap_memory|                                x_4_62|         array|
|x_4_63_address0         |  out|    5|   ap_memory|                                x_4_63|         array|
|x_4_63_ce0              |  out|    1|   ap_memory|                                x_4_63|         array|
|x_4_63_q0               |   in|    8|   ap_memory|                                x_4_63|         array|
|x_4_63_address1         |  out|    5|   ap_memory|                                x_4_63|         array|
|x_4_63_ce1              |  out|    1|   ap_memory|                                x_4_63|         array|
|x_4_63_q1               |   in|    8|   ap_memory|                                x_4_63|         array|
|p_ZL2W2_1_0_load_cast   |   in|    7|     ap_none|                 p_ZL2W2_1_0_load_cast|        scalar|
|p_ZL2W2_2_0_load_cast   |   in|    7|     ap_none|                 p_ZL2W2_2_0_load_cast|        scalar|
|p_ZL2W2_3_0_load_cast   |   in|    7|     ap_none|                 p_ZL2W2_3_0_load_cast|        scalar|
|p_ZL2W2_4_0_load_cast   |   in|    7|     ap_none|                 p_ZL2W2_4_0_load_cast|        scalar|
|p_ZL2W2_0_1_load_cast   |   in|    7|     ap_none|                 p_ZL2W2_0_1_load_cast|        scalar|
|p_ZL2W2_1_1_load_cast   |   in|    8|     ap_none|                 p_ZL2W2_1_1_load_cast|        scalar|
|p_ZL2W2_2_1_load_cast   |   in|    7|     ap_none|                 p_ZL2W2_2_1_load_cast|        scalar|
|p_ZL2W2_3_1_load_cast   |   in|    8|     ap_none|                 p_ZL2W2_3_1_load_cast|        scalar|
|p_ZL2W2_4_1_load_cast   |   in|    8|     ap_none|                 p_ZL2W2_4_1_load_cast|        scalar|
|p_ZL2W2_0_2_load_cast   |   in|    8|     ap_none|                 p_ZL2W2_0_2_load_cast|        scalar|
|p_ZL2W2_1_2_load_cast   |   in|    7|     ap_none|                 p_ZL2W2_1_2_load_cast|        scalar|
|p_ZL2W2_2_2_load_cast   |   in|    7|     ap_none|                 p_ZL2W2_2_2_load_cast|        scalar|
|p_ZL2W2_3_2_load_cast   |   in|    8|     ap_none|                 p_ZL2W2_3_2_load_cast|        scalar|
|p_ZL2W2_4_2_load_cast   |   in|    8|     ap_none|                 p_ZL2W2_4_2_load_cast|        scalar|
|p_ZL2W2_0_3_load_cast   |   in|    8|     ap_none|                 p_ZL2W2_0_3_load_cast|        scalar|
|p_ZL2W2_1_3_load_cast   |   in|    8|     ap_none|                 p_ZL2W2_1_3_load_cast|        scalar|
|p_ZL2W2_2_3_load_cast   |   in|    7|     ap_none|                 p_ZL2W2_2_3_load_cast|        scalar|
|p_ZL2W2_3_3_load_cast   |   in|    7|     ap_none|                 p_ZL2W2_3_3_load_cast|        scalar|
|p_ZL2W2_4_3_load_cast   |   in|    7|     ap_none|                 p_ZL2W2_4_3_load_cast|        scalar|
|p_ZL2W2_0_4_load_cast   |   in|    8|     ap_none|                 p_ZL2W2_0_4_load_cast|        scalar|
|p_ZL2W2_1_4_load_cast   |   in|    7|     ap_none|                 p_ZL2W2_1_4_load_cast|        scalar|
|p_ZL2W2_2_4_load_cast   |   in|    7|     ap_none|                 p_ZL2W2_2_4_load_cast|        scalar|
|p_ZL2W2_3_4_load_cast   |   in|    7|     ap_none|                 p_ZL2W2_3_4_load_cast|        scalar|
|p_ZL2W2_4_4_load_cast   |   in|    7|     ap_none|                 p_ZL2W2_4_4_load_cast|        scalar|
|p_ZL2W2_0_5_load_cast   |   in|    7|     ap_none|                 p_ZL2W2_0_5_load_cast|        scalar|
|p_ZL2W2_1_5_load_cast   |   in|    7|     ap_none|                 p_ZL2W2_1_5_load_cast|        scalar|
|p_ZL2W2_2_5_load_cast   |   in|    7|     ap_none|                 p_ZL2W2_2_5_load_cast|        scalar|
|p_ZL2W2_3_5_load_cast   |   in|    7|     ap_none|                 p_ZL2W2_3_5_load_cast|        scalar|
|p_ZL2W2_4_5_load_cast   |   in|    8|     ap_none|                 p_ZL2W2_4_5_load_cast|        scalar|
|p_ZL2W2_0_6_load_cast   |   in|    7|     ap_none|                 p_ZL2W2_0_6_load_cast|        scalar|
|p_ZL2W2_1_6_load_cast   |   in|    8|     ap_none|                 p_ZL2W2_1_6_load_cast|        scalar|
|p_ZL2W2_2_6_load_cast   |   in|    7|     ap_none|                 p_ZL2W2_2_6_load_cast|        scalar|
|sext_ln84               |   in|    8|     ap_none|                             sext_ln84|        scalar|
|p_ZL2W2_4_6_load_cast   |   in|    8|     ap_none|                 p_ZL2W2_4_6_load_cast|        scalar|
|p_ZL2W2_0_7_load_cast   |   in|    8|     ap_none|                 p_ZL2W2_0_7_load_cast|        scalar|
|p_ZL2W2_1_7_load_cast   |   in|    8|     ap_none|                 p_ZL2W2_1_7_load_cast|        scalar|
|p_ZL2W2_2_7_load_cast   |   in|    7|     ap_none|                 p_ZL2W2_2_7_load_cast|        scalar|
|p_ZL2W2_3_7_load_cast   |   in|    7|     ap_none|                 p_ZL2W2_3_7_load_cast|        scalar|
|p_ZL2W2_4_7_load_cast   |   in|    7|     ap_none|                 p_ZL2W2_4_7_load_cast|        scalar|
|p_ZL2W2_0_8_load_cast   |   in|    7|     ap_none|                 p_ZL2W2_0_8_load_cast|        scalar|
|p_ZL2W2_1_8_load_cast   |   in|    7|     ap_none|                 p_ZL2W2_1_8_load_cast|        scalar|
|p_ZL2W2_2_8_load_cast   |   in|    7|     ap_none|                 p_ZL2W2_2_8_load_cast|        scalar|
|p_ZL2W2_3_8_load_cast   |   in|    8|     ap_none|                 p_ZL2W2_3_8_load_cast|        scalar|
|p_ZL2W2_4_8_load_cast   |   in|    7|     ap_none|                 p_ZL2W2_4_8_load_cast|        scalar|
|sext_ln84_1             |   in|    8|     ap_none|                           sext_ln84_1|        scalar|
|p_ZL2W2_1_9_load_cast   |   in|    8|     ap_none|                 p_ZL2W2_1_9_load_cast|        scalar|
|p_ZL2W2_2_9_load_cast   |   in|    7|     ap_none|                 p_ZL2W2_2_9_load_cast|        scalar|
|sext_ln84_2             |   in|    8|     ap_none|                           sext_ln84_2|        scalar|
|p_ZL2W2_4_9_load_cast   |   in|    8|     ap_none|                 p_ZL2W2_4_9_load_cast|        scalar|
|p_ZL2W2_0_10_load_cast  |   in|    8|     ap_none|                p_ZL2W2_0_10_load_cast|        scalar|
|p_ZL2W2_1_10_load_cast  |   in|    7|     ap_none|                p_ZL2W2_1_10_load_cast|        scalar|
|p_ZL2W2_2_10_load_cast  |   in|    8|     ap_none|                p_ZL2W2_2_10_load_cast|        scalar|
|p_ZL2W2_3_10_load_cast  |   in|    8|     ap_none|                p_ZL2W2_3_10_load_cast|        scalar|
|p_ZL2W2_4_10_load_cast  |   in|    7|     ap_none|                p_ZL2W2_4_10_load_cast|        scalar|
|p_ZL2W2_0_11_load_cast  |   in|    8|     ap_none|                p_ZL2W2_0_11_load_cast|        scalar|
|p_ZL2W2_1_11_load_cast  |   in|    8|     ap_none|                p_ZL2W2_1_11_load_cast|        scalar|
|p_ZL2W2_2_11_load_cast  |   in|    8|     ap_none|                p_ZL2W2_2_11_load_cast|        scalar|
|p_ZL2W2_3_11_load_cast  |   in|    8|     ap_none|                p_ZL2W2_3_11_load_cast|        scalar|
|p_ZL2W2_4_11_load_cast  |   in|    7|     ap_none|                p_ZL2W2_4_11_load_cast|        scalar|
|p_ZL2W2_0_12_load_cast  |   in|    8|     ap_none|                p_ZL2W2_0_12_load_cast|        scalar|
|p_ZL2W2_1_12_load_cast  |   in|    7|     ap_none|                p_ZL2W2_1_12_load_cast|        scalar|
|p_ZL2W2_2_12_load_cast  |   in|    7|     ap_none|                p_ZL2W2_2_12_load_cast|        scalar|
|p_ZL2W2_3_12_load_cast  |   in|    7|     ap_none|                p_ZL2W2_3_12_load_cast|        scalar|
|p_ZL2W2_4_12_load_cast  |   in|    8|     ap_none|                p_ZL2W2_4_12_load_cast|        scalar|
|p_ZL2W2_0_13_load_cast  |   in|    8|     ap_none|                p_ZL2W2_0_13_load_cast|        scalar|
|p_ZL2W2_1_13_load_cast  |   in|    7|     ap_none|                p_ZL2W2_1_13_load_cast|        scalar|
|p_ZL2W2_2_13_load_cast  |   in|    8|     ap_none|                p_ZL2W2_2_13_load_cast|        scalar|
|p_ZL2W2_3_13_load_cast  |   in|    8|     ap_none|                p_ZL2W2_3_13_load_cast|        scalar|
|p_ZL2W2_4_13_load_cast  |   in|    7|     ap_none|                p_ZL2W2_4_13_load_cast|        scalar|
|p_ZL2W2_0_14_load_cast  |   in|    7|     ap_none|                p_ZL2W2_0_14_load_cast|        scalar|
|p_ZL2W2_1_14_load_cast  |   in|    8|     ap_none|                p_ZL2W2_1_14_load_cast|        scalar|
|p_ZL2W2_2_14_load_cast  |   in|    8|     ap_none|                p_ZL2W2_2_14_load_cast|        scalar|
|p_ZL2W2_3_14_load_cast  |   in|    7|     ap_none|                p_ZL2W2_3_14_load_cast|        scalar|
|sext_ln84_3             |   in|    8|     ap_none|                           sext_ln84_3|        scalar|
|p_ZL2W2_0_15_load_cast  |   in|    7|     ap_none|                p_ZL2W2_0_15_load_cast|        scalar|
|p_ZL2W2_1_15_load_cast  |   in|    7|     ap_none|                p_ZL2W2_1_15_load_cast|        scalar|
|p_ZL2W2_2_15_load_cast  |   in|    7|     ap_none|                p_ZL2W2_2_15_load_cast|        scalar|
|p_ZL2W2_3_15_load_cast  |   in|    7|     ap_none|                p_ZL2W2_3_15_load_cast|        scalar|
|p_ZL2W2_4_15_load_cast  |   in|    7|     ap_none|                p_ZL2W2_4_15_load_cast|        scalar|
|p_ZL2W2_0_16_load_cast  |   in|    8|     ap_none|                p_ZL2W2_0_16_load_cast|        scalar|
|p_ZL2W2_1_16_load_cast  |   in|    8|     ap_none|                p_ZL2W2_1_16_load_cast|        scalar|
|p_ZL2W2_2_16_load_cast  |   in|    7|     ap_none|                p_ZL2W2_2_16_load_cast|        scalar|
|p_ZL2W2_3_16_load_cast  |   in|    7|     ap_none|                p_ZL2W2_3_16_load_cast|        scalar|
|p_ZL2W2_4_16_load_cast  |   in|    8|     ap_none|                p_ZL2W2_4_16_load_cast|        scalar|
|p_ZL2W2_0_17_load_cast  |   in|    8|     ap_none|                p_ZL2W2_0_17_load_cast|        scalar|
|p_ZL2W2_1_17_load_cast  |   in|    7|     ap_none|                p_ZL2W2_1_17_load_cast|        scalar|
|p_ZL2W2_2_17_load_cast  |   in|    7|     ap_none|                p_ZL2W2_2_17_load_cast|        scalar|
|p_ZL2W2_3_17_load_cast  |   in|    8|     ap_none|                p_ZL2W2_3_17_load_cast|        scalar|
|p_ZL2W2_4_17_load_cast  |   in|    7|     ap_none|                p_ZL2W2_4_17_load_cast|        scalar|
|p_ZL2W2_0_18_load_cast  |   in|    8|     ap_none|                p_ZL2W2_0_18_load_cast|        scalar|
|p_ZL2W2_1_18_load_cast  |   in|    8|     ap_none|                p_ZL2W2_1_18_load_cast|        scalar|
|p_ZL2W2_2_18_load_cast  |   in|    7|     ap_none|                p_ZL2W2_2_18_load_cast|        scalar|
|p_ZL2W2_3_18_load_cast  |   in|    7|     ap_none|                p_ZL2W2_3_18_load_cast|        scalar|
|p_ZL2W2_4_18_load_cast  |   in|    7|     ap_none|                p_ZL2W2_4_18_load_cast|        scalar|
|sext_ln84_4             |   in|    8|     ap_none|                           sext_ln84_4|        scalar|
|p_ZL2W2_1_19_load_cast  |   in|    7|     ap_none|                p_ZL2W2_1_19_load_cast|        scalar|
|p_ZL2W2_2_19_load_cast  |   in|    7|     ap_none|                p_ZL2W2_2_19_load_cast|        scalar|
|sext_ln84_5             |   in|    8|     ap_none|                           sext_ln84_5|        scalar|
|p_ZL2W2_4_19_load_cast  |   in|    8|     ap_none|                p_ZL2W2_4_19_load_cast|        scalar|
|p_ZL2W2_0_20_load_cast  |   in|    8|     ap_none|                p_ZL2W2_0_20_load_cast|        scalar|
|p_ZL2W2_1_20_load_cast  |   in|    8|     ap_none|                p_ZL2W2_1_20_load_cast|        scalar|
|p_ZL2W2_2_20_load_cast  |   in|    8|     ap_none|                p_ZL2W2_2_20_load_cast|        scalar|
|p_ZL2W2_3_20_load_cast  |   in|    8|     ap_none|                p_ZL2W2_3_20_load_cast|        scalar|
|p_ZL2W2_4_20_load_cast  |   in|    8|     ap_none|                p_ZL2W2_4_20_load_cast|        scalar|
|p_ZL2W2_0_21_load_cast  |   in|    7|     ap_none|                p_ZL2W2_0_21_load_cast|        scalar|
|p_ZL2W2_1_21_load_cast  |   in|    7|     ap_none|                p_ZL2W2_1_21_load_cast|        scalar|
|p_ZL2W2_2_21_load_cast  |   in|    7|     ap_none|                p_ZL2W2_2_21_load_cast|        scalar|
|p_ZL2W2_3_21_load_cast  |   in|    7|     ap_none|                p_ZL2W2_3_21_load_cast|        scalar|
|p_ZL2W2_4_21_load_cast  |   in|    8|     ap_none|                p_ZL2W2_4_21_load_cast|        scalar|
|p_ZL2W2_0_22_load_cast  |   in|    8|     ap_none|                p_ZL2W2_0_22_load_cast|        scalar|
|p_ZL2W2_1_22_load_cast  |   in|    8|     ap_none|                p_ZL2W2_1_22_load_cast|        scalar|
|sext_ln84_6             |   in|    8|     ap_none|                           sext_ln84_6|        scalar|
|p_ZL2W2_3_22_load_cast  |   in|    7|     ap_none|                p_ZL2W2_3_22_load_cast|        scalar|
|p_ZL2W2_4_22_load_cast  |   in|    8|     ap_none|                p_ZL2W2_4_22_load_cast|        scalar|
|p_ZL2W2_0_23_load_cast  |   in|    8|     ap_none|                p_ZL2W2_0_23_load_cast|        scalar|
|p_ZL2W2_1_23_load_cast  |   in|    7|     ap_none|                p_ZL2W2_1_23_load_cast|        scalar|
|p_ZL2W2_2_23_load_cast  |   in|    8|     ap_none|                p_ZL2W2_2_23_load_cast|        scalar|
|p_ZL2W2_3_23_load_cast  |   in|    7|     ap_none|                p_ZL2W2_3_23_load_cast|        scalar|
|p_ZL2W2_4_23_load_cast  |   in|    7|     ap_none|                p_ZL2W2_4_23_load_cast|        scalar|
|sext_ln84_7             |   in|    8|     ap_none|                           sext_ln84_7|        scalar|
|p_ZL2W2_1_24_load_cast  |   in|    7|     ap_none|                p_ZL2W2_1_24_load_cast|        scalar|
|p_ZL2W2_2_24_load_cast  |   in|    7|     ap_none|                p_ZL2W2_2_24_load_cast|        scalar|
|p_ZL2W2_3_24_load_cast  |   in|    7|     ap_none|                p_ZL2W2_3_24_load_cast|        scalar|
|sext_ln84_8             |   in|    8|     ap_none|                           sext_ln84_8|        scalar|
|p_ZL2W2_0_25_load_cast  |   in|    7|     ap_none|                p_ZL2W2_0_25_load_cast|        scalar|
|p_ZL2W2_1_25_load_cast  |   in|    7|     ap_none|                p_ZL2W2_1_25_load_cast|        scalar|
|p_ZL2W2_2_25_load_cast  |   in|    7|     ap_none|                p_ZL2W2_2_25_load_cast|        scalar|
|p_ZL2W2_3_25_load_cast  |   in|    8|     ap_none|                p_ZL2W2_3_25_load_cast|        scalar|
|p_ZL2W2_4_25_load_cast  |   in|    7|     ap_none|                p_ZL2W2_4_25_load_cast|        scalar|
|p_ZL2W2_0_26_load_cast  |   in|    7|     ap_none|                p_ZL2W2_0_26_load_cast|        scalar|
|p_ZL2W2_1_26_load_cast  |   in|    7|     ap_none|                p_ZL2W2_1_26_load_cast|        scalar|
|p_ZL2W2_2_26_load_cast  |   in|    7|     ap_none|                p_ZL2W2_2_26_load_cast|        scalar|
|p_ZL2W2_3_26_load_cast  |   in|    7|     ap_none|                p_ZL2W2_3_26_load_cast|        scalar|
|p_ZL2W2_4_26_load_cast  |   in|    7|     ap_none|                p_ZL2W2_4_26_load_cast|        scalar|
|p_ZL2W2_0_27_load_cast  |   in|    7|     ap_none|                p_ZL2W2_0_27_load_cast|        scalar|
|p_ZL2W2_1_27_load_cast  |   in|    7|     ap_none|                p_ZL2W2_1_27_load_cast|        scalar|
|p_ZL2W2_2_27_load_cast  |   in|    7|     ap_none|                p_ZL2W2_2_27_load_cast|        scalar|
|p_ZL2W2_3_27_load_cast  |   in|    8|     ap_none|                p_ZL2W2_3_27_load_cast|        scalar|
|p_ZL2W2_4_27_load_cast  |   in|    8|     ap_none|                p_ZL2W2_4_27_load_cast|        scalar|
|p_ZL2W2_0_28_load_cast  |   in|    8|     ap_none|                p_ZL2W2_0_28_load_cast|        scalar|
|p_ZL2W2_1_28_load_cast  |   in|    8|     ap_none|                p_ZL2W2_1_28_load_cast|        scalar|
|p_ZL2W2_2_28_load_cast  |   in|    7|     ap_none|                p_ZL2W2_2_28_load_cast|        scalar|
|p_ZL2W2_3_28_load_cast  |   in|    8|     ap_none|                p_ZL2W2_3_28_load_cast|        scalar|
|p_ZL2W2_4_28_load_cast  |   in|    7|     ap_none|                p_ZL2W2_4_28_load_cast|        scalar|
|sext_ln84_9             |   in|    8|     ap_none|                           sext_ln84_9|        scalar|
|p_ZL2W2_1_29_load_cast  |   in|    7|     ap_none|                p_ZL2W2_1_29_load_cast|        scalar|
|p_ZL2W2_2_29_load_cast  |   in|    7|     ap_none|                p_ZL2W2_2_29_load_cast|        scalar|
|p_ZL2W2_3_29_load_cast  |   in|    8|     ap_none|                p_ZL2W2_3_29_load_cast|        scalar|
|p_ZL2W2_4_29_load_cast  |   in|    8|     ap_none|                p_ZL2W2_4_29_load_cast|        scalar|
|p_ZL2W2_0_30_load_cast  |   in|    7|     ap_none|                p_ZL2W2_0_30_load_cast|        scalar|
|p_ZL2W2_1_30_load_cast  |   in|    7|     ap_none|                p_ZL2W2_1_30_load_cast|        scalar|
|p_ZL2W2_2_30_load_cast  |   in|    7|     ap_none|                p_ZL2W2_2_30_load_cast|        scalar|
|p_ZL2W2_3_30_load_cast  |   in|    7|     ap_none|                p_ZL2W2_3_30_load_cast|        scalar|
|p_ZL2W2_4_30_load_cast  |   in|    8|     ap_none|                p_ZL2W2_4_30_load_cast|        scalar|
|p_ZL2W2_0_31_load_cast  |   in|    8|     ap_none|                p_ZL2W2_0_31_load_cast|        scalar|
|p_ZL2W2_1_31_load_cast  |   in|    7|     ap_none|                p_ZL2W2_1_31_load_cast|        scalar|
|p_ZL2W2_2_31_load_cast  |   in|    7|     ap_none|                p_ZL2W2_2_31_load_cast|        scalar|
|p_ZL2W2_3_31_load_cast  |   in|    7|     ap_none|                p_ZL2W2_3_31_load_cast|        scalar|
|sext_ln84_10            |   in|    8|     ap_none|                          sext_ln84_10|        scalar|
|p_ZL2W2_0_32_load_cast  |   in|    7|     ap_none|                p_ZL2W2_0_32_load_cast|        scalar|
|p_ZL2W2_1_32_load_cast  |   in|    7|     ap_none|                p_ZL2W2_1_32_load_cast|        scalar|
|p_ZL2W2_2_32_load_cast  |   in|    7|     ap_none|                p_ZL2W2_2_32_load_cast|        scalar|
|p_ZL2W2_3_32_load_cast  |   in|    7|     ap_none|                p_ZL2W2_3_32_load_cast|        scalar|
|p_ZL2W2_4_32_load_cast  |   in|    8|     ap_none|                p_ZL2W2_4_32_load_cast|        scalar|
|p_ZL2W2_0_33_load_cast  |   in|    8|     ap_none|                p_ZL2W2_0_33_load_cast|        scalar|
|p_ZL2W2_1_33_load_cast  |   in|    8|     ap_none|                p_ZL2W2_1_33_load_cast|        scalar|
|p_ZL2W2_2_33_load_cast  |   in|    8|     ap_none|                p_ZL2W2_2_33_load_cast|        scalar|
|p_ZL2W2_3_33_load_cast  |   in|    8|     ap_none|                p_ZL2W2_3_33_load_cast|        scalar|
|p_ZL2W2_4_33_load_cast  |   in|    8|     ap_none|                p_ZL2W2_4_33_load_cast|        scalar|
|p_ZL2W2_0_34_load_cast  |   in|    8|     ap_none|                p_ZL2W2_0_34_load_cast|        scalar|
|p_ZL2W2_1_34_load_cast  |   in|    8|     ap_none|                p_ZL2W2_1_34_load_cast|        scalar|
|p_ZL2W2_2_34_load_cast  |   in|    7|     ap_none|                p_ZL2W2_2_34_load_cast|        scalar|
|sext_ln84_11            |   in|    8|     ap_none|                          sext_ln84_11|        scalar|
|p_ZL2W2_4_34_load_cast  |   in|    7|     ap_none|                p_ZL2W2_4_34_load_cast|        scalar|
|p_ZL2W2_0_35_load_cast  |   in|    7|     ap_none|                p_ZL2W2_0_35_load_cast|        scalar|
|p_ZL2W2_1_35_load_cast  |   in|    8|     ap_none|                p_ZL2W2_1_35_load_cast|        scalar|
|p_ZL2W2_2_35_load_cast  |   in|    8|     ap_none|                p_ZL2W2_2_35_load_cast|        scalar|
|p_ZL2W2_3_35_load_cast  |   in|    8|     ap_none|                p_ZL2W2_3_35_load_cast|        scalar|
|p_ZL2W2_4_35_load_cast  |   in|    8|     ap_none|                p_ZL2W2_4_35_load_cast|        scalar|
|p_ZL2W2_0_36_load_cast  |   in|    7|     ap_none|                p_ZL2W2_0_36_load_cast|        scalar|
|p_ZL2W2_1_36_load_cast  |   in|    7|     ap_none|                p_ZL2W2_1_36_load_cast|        scalar|
|sext_ln84_12            |   in|    8|     ap_none|                          sext_ln84_12|        scalar|
|p_ZL2W2_3_36_load_cast  |   in|    7|     ap_none|                p_ZL2W2_3_36_load_cast|        scalar|
|p_ZL2W2_4_36_load_cast  |   in|    8|     ap_none|                p_ZL2W2_4_36_load_cast|        scalar|
|p_ZL2W2_0_37_load_cast  |   in|    8|     ap_none|                p_ZL2W2_0_37_load_cast|        scalar|
|p_ZL2W2_1_37_load_cast  |   in|    8|     ap_none|                p_ZL2W2_1_37_load_cast|        scalar|
|p_ZL2W2_2_37_load_cast  |   in|    8|     ap_none|                p_ZL2W2_2_37_load_cast|        scalar|
|p_ZL2W2_3_37_load_cast  |   in|    7|     ap_none|                p_ZL2W2_3_37_load_cast|        scalar|
|p_ZL2W2_4_37_load_cast  |   in|    8|     ap_none|                p_ZL2W2_4_37_load_cast|        scalar|
|p_ZL2W2_0_38_load_cast  |   in|    8|     ap_none|                p_ZL2W2_0_38_load_cast|        scalar|
|p_ZL2W2_1_38_load_cast  |   in|    8|     ap_none|                p_ZL2W2_1_38_load_cast|        scalar|
|sext_ln84_13            |   in|    8|     ap_none|                          sext_ln84_13|        scalar|
|p_ZL2W2_3_38_load_cast  |   in|    7|     ap_none|                p_ZL2W2_3_38_load_cast|        scalar|
|p_ZL2W2_4_38_load_cast  |   in|    8|     ap_none|                p_ZL2W2_4_38_load_cast|        scalar|
|p_ZL2W2_0_39_load_cast  |   in|    7|     ap_none|                p_ZL2W2_0_39_load_cast|        scalar|
|p_ZL2W2_1_39_load_cast  |   in|    8|     ap_none|                p_ZL2W2_1_39_load_cast|        scalar|
|p_ZL2W2_2_39_load_cast  |   in|    8|     ap_none|                p_ZL2W2_2_39_load_cast|        scalar|
|p_ZL2W2_3_39_load_cast  |   in|    8|     ap_none|                p_ZL2W2_3_39_load_cast|        scalar|
|sext_ln84_14            |   in|    8|     ap_none|                          sext_ln84_14|        scalar|
|p_ZL2W2_0_40_load_cast  |   in|    7|     ap_none|                p_ZL2W2_0_40_load_cast|        scalar|
|p_ZL2W2_1_40_load_cast  |   in|    7|     ap_none|                p_ZL2W2_1_40_load_cast|        scalar|
|p_ZL2W2_2_40_load_cast  |   in|    7|     ap_none|                p_ZL2W2_2_40_load_cast|        scalar|
|p_ZL2W2_3_40_load_cast  |   in|    7|     ap_none|                p_ZL2W2_3_40_load_cast|        scalar|
|p_ZL2W2_4_40_load_cast  |   in|    8|     ap_none|                p_ZL2W2_4_40_load_cast|        scalar|
|p_ZL2W2_0_41_load_cast  |   in|    8|     ap_none|                p_ZL2W2_0_41_load_cast|        scalar|
|p_ZL2W2_1_41_load_cast  |   in|    7|     ap_none|                p_ZL2W2_1_41_load_cast|        scalar|
|p_ZL2W2_2_41_load_cast  |   in|    7|     ap_none|                p_ZL2W2_2_41_load_cast|        scalar|
|p_ZL2W2_3_41_load_cast  |   in|    7|     ap_none|                p_ZL2W2_3_41_load_cast|        scalar|
|p_ZL2W2_4_41_load_cast  |   in|    7|     ap_none|                p_ZL2W2_4_41_load_cast|        scalar|
|p_ZL2W2_0_42_load_cast  |   in|    7|     ap_none|                p_ZL2W2_0_42_load_cast|        scalar|
|p_ZL2W2_1_42_load_cast  |   in|    7|     ap_none|                p_ZL2W2_1_42_load_cast|        scalar|
|p_ZL2W2_2_42_load_cast  |   in|    7|     ap_none|                p_ZL2W2_2_42_load_cast|        scalar|
|p_ZL2W2_3_42_load_cast  |   in|    7|     ap_none|                p_ZL2W2_3_42_load_cast|        scalar|
|p_ZL2W2_4_42_load_cast  |   in|    7|     ap_none|                p_ZL2W2_4_42_load_cast|        scalar|
|p_ZL2W2_0_43_load_cast  |   in|    7|     ap_none|                p_ZL2W2_0_43_load_cast|        scalar|
|p_ZL2W2_1_43_load_cast  |   in|    7|     ap_none|                p_ZL2W2_1_43_load_cast|        scalar|
|p_ZL2W2_2_43_load_cast  |   in|    7|     ap_none|                p_ZL2W2_2_43_load_cast|        scalar|
|sext_ln84_15            |   in|    8|     ap_none|                          sext_ln84_15|        scalar|
|p_ZL2W2_4_43_load_cast  |   in|    8|     ap_none|                p_ZL2W2_4_43_load_cast|        scalar|
|p_ZL2W2_0_44_load_cast  |   in|    8|     ap_none|                p_ZL2W2_0_44_load_cast|        scalar|
|p_ZL2W2_1_44_load_cast  |   in|    8|     ap_none|                p_ZL2W2_1_44_load_cast|        scalar|
|p_ZL2W2_2_44_load_cast  |   in|    7|     ap_none|                p_ZL2W2_2_44_load_cast|        scalar|
|p_ZL2W2_3_44_load_cast  |   in|    8|     ap_none|                p_ZL2W2_3_44_load_cast|        scalar|
|p_ZL2W2_4_44_load_cast  |   in|    7|     ap_none|                p_ZL2W2_4_44_load_cast|        scalar|
|sext_ln84_16            |   in|    8|     ap_none|                          sext_ln84_16|        scalar|
|p_ZL2W2_1_45_load_cast  |   in|    7|     ap_none|                p_ZL2W2_1_45_load_cast|        scalar|
|p_ZL2W2_2_45_load_cast  |   in|    8|     ap_none|                p_ZL2W2_2_45_load_cast|        scalar|
|p_ZL2W2_3_45_load_cast  |   in|    7|     ap_none|                p_ZL2W2_3_45_load_cast|        scalar|
|p_ZL2W2_4_45_load_cast  |   in|    7|     ap_none|                p_ZL2W2_4_45_load_cast|        scalar|
|p_ZL2W2_0_46_load_cast  |   in|    7|     ap_none|                p_ZL2W2_0_46_load_cast|        scalar|
|p_ZL2W2_1_46_load_cast  |   in|    7|     ap_none|                p_ZL2W2_1_46_load_cast|        scalar|
|p_ZL2W2_2_46_load_cast  |   in|    7|     ap_none|                p_ZL2W2_2_46_load_cast|        scalar|
|p_ZL2W2_3_46_load_cast  |   in|    7|     ap_none|                p_ZL2W2_3_46_load_cast|        scalar|
|p_ZL2W2_4_46_load_cast  |   in|    7|     ap_none|                p_ZL2W2_4_46_load_cast|        scalar|
|p_ZL2W2_0_47_load_cast  |   in|    8|     ap_none|                p_ZL2W2_0_47_load_cast|        scalar|
|p_ZL2W2_1_47_load_cast  |   in|    8|     ap_none|                p_ZL2W2_1_47_load_cast|        scalar|
|p_ZL2W2_2_47_load_cast  |   in|    8|     ap_none|                p_ZL2W2_2_47_load_cast|        scalar|
|p_ZL2W2_3_47_load_cast  |   in|    8|     ap_none|                p_ZL2W2_3_47_load_cast|        scalar|
|p_ZL2W2_4_47_load_cast  |   in|    8|     ap_none|                p_ZL2W2_4_47_load_cast|        scalar|
|p_ZL2W2_0_48_load_cast  |   in|    8|     ap_none|                p_ZL2W2_0_48_load_cast|        scalar|
|p_ZL2W2_1_48_load_cast  |   in|    8|     ap_none|                p_ZL2W2_1_48_load_cast|        scalar|
|p_ZL2W2_2_48_load_cast  |   in|    8|     ap_none|                p_ZL2W2_2_48_load_cast|        scalar|
|p_ZL2W2_3_48_load_cast  |   in|    8|     ap_none|                p_ZL2W2_3_48_load_cast|        scalar|
|sext_ln84_17            |   in|    8|     ap_none|                          sext_ln84_17|        scalar|
|p_ZL2W2_0_49_load_cast  |   in|    7|     ap_none|                p_ZL2W2_0_49_load_cast|        scalar|
|p_ZL2W2_1_49_load_cast  |   in|    7|     ap_none|                p_ZL2W2_1_49_load_cast|        scalar|
|p_ZL2W2_2_49_load_cast  |   in|    7|     ap_none|                p_ZL2W2_2_49_load_cast|        scalar|
|p_ZL2W2_3_49_load_cast  |   in|    7|     ap_none|                p_ZL2W2_3_49_load_cast|        scalar|
|p_ZL2W2_4_49_load_cast  |   in|    7|     ap_none|                p_ZL2W2_4_49_load_cast|        scalar|
|p_ZL2W2_0_50_load_cast  |   in|    7|     ap_none|                p_ZL2W2_0_50_load_cast|        scalar|
|p_ZL2W2_1_50_load_cast  |   in|    8|     ap_none|                p_ZL2W2_1_50_load_cast|        scalar|
|p_ZL2W2_2_50_load_cast  |   in|    7|     ap_none|                p_ZL2W2_2_50_load_cast|        scalar|
|sext_ln84_18            |   in|    8|     ap_none|                          sext_ln84_18|        scalar|
|p_ZL2W2_4_50_load_cast  |   in|    8|     ap_none|                p_ZL2W2_4_50_load_cast|        scalar|
|p_ZL2W2_0_51_load_cast  |   in|    8|     ap_none|                p_ZL2W2_0_51_load_cast|        scalar|
|p_ZL2W2_1_51_load_cast  |   in|    8|     ap_none|                p_ZL2W2_1_51_load_cast|        scalar|
|p_ZL2W2_2_51_load_cast  |   in|    8|     ap_none|                p_ZL2W2_2_51_load_cast|        scalar|
|p_ZL2W2_3_51_load_cast  |   in|    7|     ap_none|                p_ZL2W2_3_51_load_cast|        scalar|
|p_ZL2W2_4_51_load_cast  |   in|    8|     ap_none|                p_ZL2W2_4_51_load_cast|        scalar|
|p_ZL2W2_0_52_load_cast  |   in|    8|     ap_none|                p_ZL2W2_0_52_load_cast|        scalar|
|p_ZL2W2_1_52_load_cast  |   in|    7|     ap_none|                p_ZL2W2_1_52_load_cast|        scalar|
|p_ZL2W2_2_52_load_cast  |   in|    8|     ap_none|                p_ZL2W2_2_52_load_cast|        scalar|
|p_ZL2W2_3_52_load_cast  |   in|    7|     ap_none|                p_ZL2W2_3_52_load_cast|        scalar|
|p_ZL2W2_4_52_load_cast  |   in|    7|     ap_none|                p_ZL2W2_4_52_load_cast|        scalar|
|p_ZL2W2_0_53_load_cast  |   in|    7|     ap_none|                p_ZL2W2_0_53_load_cast|        scalar|
|p_ZL2W2_1_53_load_cast  |   in|    8|     ap_none|                p_ZL2W2_1_53_load_cast|        scalar|
|p_ZL2W2_2_53_load_cast  |   in|    7|     ap_none|                p_ZL2W2_2_53_load_cast|        scalar|
|sext_ln84_19            |   in|    8|     ap_none|                          sext_ln84_19|        scalar|
|p_ZL2W2_4_53_load_cast  |   in|    7|     ap_none|                p_ZL2W2_4_53_load_cast|        scalar|
|p_ZL2W2_0_54_load_cast  |   in|    8|     ap_none|                p_ZL2W2_0_54_load_cast|        scalar|
|p_ZL2W2_1_54_load_cast  |   in|    7|     ap_none|                p_ZL2W2_1_54_load_cast|        scalar|
|p_ZL2W2_2_54_load_cast  |   in|    8|     ap_none|                p_ZL2W2_2_54_load_cast|        scalar|
|p_ZL2W2_3_54_load_cast  |   in|    8|     ap_none|                p_ZL2W2_3_54_load_cast|        scalar|
|p_ZL2W2_4_54_load_cast  |   in|    8|     ap_none|                p_ZL2W2_4_54_load_cast|        scalar|
|p_ZL2W2_0_55_load_cast  |   in|    7|     ap_none|                p_ZL2W2_0_55_load_cast|        scalar|
|p_ZL2W2_1_55_load_cast  |   in|    7|     ap_none|                p_ZL2W2_1_55_load_cast|        scalar|
|p_ZL2W2_2_55_load_cast  |   in|    7|     ap_none|                p_ZL2W2_2_55_load_cast|        scalar|
|p_ZL2W2_3_55_load_cast  |   in|    7|     ap_none|                p_ZL2W2_3_55_load_cast|        scalar|
|sext_ln84_20            |   in|    8|     ap_none|                          sext_ln84_20|        scalar|
|p_ZL2W2_0_56_load_cast  |   in|    7|     ap_none|                p_ZL2W2_0_56_load_cast|        scalar|
|p_ZL2W2_1_56_load_cast  |   in|    7|     ap_none|                p_ZL2W2_1_56_load_cast|        scalar|
|p_ZL2W2_2_56_load_cast  |   in|    7|     ap_none|                p_ZL2W2_2_56_load_cast|        scalar|
|p_ZL2W2_3_56_load_cast  |   in|    7|     ap_none|                p_ZL2W2_3_56_load_cast|        scalar|
|p_ZL2W2_4_56_load_cast  |   in|    7|     ap_none|                p_ZL2W2_4_56_load_cast|        scalar|
|p_ZL2W2_0_57_load_cast  |   in|    8|     ap_none|                p_ZL2W2_0_57_load_cast|        scalar|
|p_ZL2W2_1_57_load_cast  |   in|    7|     ap_none|                p_ZL2W2_1_57_load_cast|        scalar|
|p_ZL2W2_2_57_load_cast  |   in|    7|     ap_none|                p_ZL2W2_2_57_load_cast|        scalar|
|p_ZL2W2_3_57_load_cast  |   in|    7|     ap_none|                p_ZL2W2_3_57_load_cast|        scalar|
|p_ZL2W2_4_57_load_cast  |   in|    7|     ap_none|                p_ZL2W2_4_57_load_cast|        scalar|
|p_ZL2W2_0_58_load_cast  |   in|    7|     ap_none|                p_ZL2W2_0_58_load_cast|        scalar|
|p_ZL2W2_1_58_load_cast  |   in|    7|     ap_none|                p_ZL2W2_1_58_load_cast|        scalar|
|p_ZL2W2_2_58_load_cast  |   in|    7|     ap_none|                p_ZL2W2_2_58_load_cast|        scalar|
|p_ZL2W2_3_58_load_cast  |   in|    7|     ap_none|                p_ZL2W2_3_58_load_cast|        scalar|
|p_ZL2W2_4_58_load_cast  |   in|    8|     ap_none|                p_ZL2W2_4_58_load_cast|        scalar|
|p_ZL2W2_0_59_load_cast  |   in|    7|     ap_none|                p_ZL2W2_0_59_load_cast|        scalar|
|p_ZL2W2_1_59_load_cast  |   in|    8|     ap_none|                p_ZL2W2_1_59_load_cast|        scalar|
|p_ZL2W2_2_59_load_cast  |   in|    7|     ap_none|                p_ZL2W2_2_59_load_cast|        scalar|
|p_ZL2W2_3_59_load_cast  |   in|    7|     ap_none|                p_ZL2W2_3_59_load_cast|        scalar|
|p_ZL2W2_4_59_load_cast  |   in|    7|     ap_none|                p_ZL2W2_4_59_load_cast|        scalar|
|p_ZL2W2_0_60_load_cast  |   in|    8|     ap_none|                p_ZL2W2_0_60_load_cast|        scalar|
|p_ZL2W2_1_60_load_cast  |   in|    7|     ap_none|                p_ZL2W2_1_60_load_cast|        scalar|
|p_ZL2W2_2_60_load_cast  |   in|    7|     ap_none|                p_ZL2W2_2_60_load_cast|        scalar|
|p_ZL2W2_3_60_load_cast  |   in|    7|     ap_none|                p_ZL2W2_3_60_load_cast|        scalar|
|p_ZL2W2_4_60_load_cast  |   in|    7|     ap_none|                p_ZL2W2_4_60_load_cast|        scalar|
|p_ZL2W2_0_61_load_cast  |   in|    7|     ap_none|                p_ZL2W2_0_61_load_cast|        scalar|
|p_ZL2W2_1_61_load_cast  |   in|    8|     ap_none|                p_ZL2W2_1_61_load_cast|        scalar|
|p_ZL2W2_2_61_load_cast  |   in|    8|     ap_none|                p_ZL2W2_2_61_load_cast|        scalar|
|p_ZL2W2_3_61_load_cast  |   in|    8|     ap_none|                p_ZL2W2_3_61_load_cast|        scalar|
|p_ZL2W2_4_61_load_cast  |   in|    8|     ap_none|                p_ZL2W2_4_61_load_cast|        scalar|
|p_ZL2W2_0_62_load_cast  |   in|    8|     ap_none|                p_ZL2W2_0_62_load_cast|        scalar|
|p_ZL2W2_1_62_load_cast  |   in|    8|     ap_none|                p_ZL2W2_1_62_load_cast|        scalar|
|p_ZL2W2_2_62_load_cast  |   in|    8|     ap_none|                p_ZL2W2_2_62_load_cast|        scalar|
|p_ZL2W2_3_62_load_cast  |   in|    8|     ap_none|                p_ZL2W2_3_62_load_cast|        scalar|
|p_ZL2W2_4_62_load_cast  |   in|    8|     ap_none|                p_ZL2W2_4_62_load_cast|        scalar|
|sext_ln84_21            |   in|    8|     ap_none|                          sext_ln84_21|        scalar|
|p_ZL2W2_1_63_load_cast  |   in|    7|     ap_none|                p_ZL2W2_1_63_load_cast|        scalar|
|p_ZL2W2_2_63_load_cast  |   in|    7|     ap_none|                p_ZL2W2_2_63_load_cast|        scalar|
|p_ZL2W2_3_63_load_cast  |   in|    8|     ap_none|                p_ZL2W2_3_63_load_cast|        scalar|
|sext_ln77               |   in|    8|     ap_none|                             sext_ln77|        scalar|
|acc_cast                |   in|   10|     ap_none|                              acc_cast|        scalar|
+------------------------+-----+-----+------------+--------------------------------------+--------------+

