

================================================================
== Synthesis Summary Report of 'awn_forward'
================================================================
+ General Information: 
    * Date:           Sat May 30 20:43:46 2026
    * Version:        2023.2 (Build 4023990 on Oct 11 2023)
    * Project:        proj_awn_int8
    * Solution:       solution1 (Vivado IP Flow Target)
    * Product family: zynquplus
    * Target device:  xczu7ev-ffvc1156-2-e
    

+ Performance & Resource Estimates: 
    
    PS: '+' for module; 'o' for loop; '*' for dataflow
    +-----------------------------------------------------------+------+------+---------+-----------+----------+---------+------+----------+-----------+-----------+-------------+--------------+-----+
    |                          Modules                          | Issue|      | Latency |  Latency  | Iteration|         | Trip |          |           |           |             |              |     |
    |                          & Loops                          | Type | Slack| (cycles)|    (ns)   |  Latency | Interval| Count| Pipelined|   BRAM    |    DSP    |      FF     |      LUT     | URAM|
    +-----------------------------------------------------------+------+------+---------+-----------+----------+---------+------+----------+-----------+-----------+-------------+--------------+-----+
    |+ awn_forward                                              |     -|  0.01|    52026|  2.601e+05|         -|    52027|     -|        no|  173 (27%)|  594 (34%)|  83960 (18%)|  113964 (49%)|    -|
    | + conv1_block                                             |     -|  0.05|    32782|  1.639e+05|         -|    32782|     -|        no|          -|   10 (~0%)|   1362 (~0%)|    2132 (~0%)|    -|
    |  o VITIS_LOOP_53_1_VITIS_LOOP_54_2                        |    II|  3.65|    32780|  1.639e+05|        17|        4|  8192|       yes|          -|          -|            -|             -|    -|
    | + u_branch                                                |     -|  0.83|     4418|  2.209e+04|         -|     4418|     -|        no|          -|          -|     34 (~0%)|     177 (~0%)|    -|
    |  o VITIS_LOOP_100_1                                       |     -|  3.65|       64|    320.000|         1|        -|    64|        no|          -|          -|            -|             -|    -|
    |  o VITIS_LOOP_116_5                                       |     -|  3.65|     4352|  2.176e+04|        68|        -|    64|        no|          -|          -|            -|             -|    -|
    |   + u_branch_Pipeline_VITIS_LOOP_117_6                    |     -|  1.18|       66|    330.000|         -|       66|     -|        no|          -|          -|      9 (~0%)|      75 (~0%)|    -|
    |    o VITIS_LOOP_117_6                                     |     -|  3.65|       64|    320.000|         1|        1|    64|       yes|          -|          -|            -|             -|    -|
    | + p_branch                                                |     -|  0.83|     4418|  2.209e+04|         -|     4418|     -|        no|          -|          -|     34 (~0%)|     177 (~0%)|    -|
    |  o VITIS_LOOP_137_1                                       |     -|  3.65|       64|    320.000|         1|        -|    64|        no|          -|          -|            -|             -|    -|
    |  o VITIS_LOOP_153_5                                       |     -|  3.65|     4352|  2.176e+04|        68|        -|    64|        no|          -|          -|            -|             -|    -|
    |   + p_branch_Pipeline_VITIS_LOOP_154_6                    |     -|  1.18|       66|    330.000|         -|       66|     -|        no|          -|          -|      9 (~0%)|      75 (~0%)|    -|
    |    o VITIS_LOOP_154_6                                     |     -|  3.65|       64|    320.000|         1|        1|    64|       yes|          -|          -|            -|             -|    -|
    | + conv2_block                                             |     -|  0.05|     9409|  4.704e+04|         -|     9409|     -|        no|          -|  227 (13%)|   18902 (4%)|   34786 (15%)|    -|
    |  o VITIS_LOOP_76_1                                        |     -|  3.65|     9408|  4.704e+04|       147|        -|    64|        no|          -|          -|            -|             -|    -|
    |   + conv2_block_Pipeline_VITIS_LOOP_77_2                  |     -|  0.05|      144|    720.000|         -|      144|     -|        no|          -|  227 (13%)|   14080 (3%)|   32323 (14%)|    -|
    |    o VITIS_LOOP_77_2                                      |     -|  3.65|      142|    710.000|        16|        1|   128|       yes|          -|          -|            -|             -|    -|
    | + awn_forward_Pipeline_VITIS_LOOP_210_1_VITIS_LOOP_211_2  |     -|  0.85|     4098|  2.049e+04|         -|     4098|     -|        no|          -|          -|     43 (~0%)|     198 (~0%)|    -|
    |  o VITIS_LOOP_210_1_VITIS_LOOP_211_2                      |     -|  3.65|     4096|  2.048e+04|         2|        1|  4096|       yes|          -|          -|            -|             -|    -|
    | + awn_forward_Pipeline_VITIS_LOOP_221_3_VITIS_LOOP_222_4  |     -|  0.04|     4101|  2.050e+04|         -|     4101|     -|        no|          -|    2 (~0%)|   37164 (8%)|     8649 (3%)|    -|
    |  o VITIS_LOOP_221_3_VITIS_LOOP_222_4                      |     -|  3.65|     4099|  2.050e+04|         5|        1|  4096|       yes|          -|          -|            -|             -|    -|
    | + awn_forward_Pipeline_VITIS_LOOP_232_5_VITIS_LOOP_233_6  |     -|  0.01|     4100|  2.050e+04|         -|     4100|     -|        no|          -|    2 (~0%)|    237 (~0%)|     612 (~0%)|    -|
    |  o VITIS_LOOP_232_5_VITIS_LOOP_233_6                      |     -|  3.65|     4098|  2.049e+04|         4|        1|  4096|       yes|          -|          -|            -|             -|    -|
    | + avgpool_64                                              |     -|  0.23|       69|    345.000|         -|       69|     -|        no|          -|    2 (~0%)|    234 (~0%)|    1282 (~0%)|    -|
    |  o VITIS_LOOP_172_1                                       |     -|  3.65|       67|    335.000|         5|        1|    64|       yes|          -|          -|            -|             -|    -|
    | + avgpool_64_1                                            |     -|  0.04|       68|    340.000|         -|       68|     -|        no|          -|    2 (~0%)|    232 (~0%)|    18754 (8%)|    -|
    |  o VITIS_LOOP_172_1                                       |     -|  3.65|       66|    330.000|         4|        1|    64|       yes|          -|          -|            -|             -|    -|
    | + awn_forward_Pipeline_VITIS_LOOP_245_7                   |     -|  0.23|       68|    340.000|         -|       68|     -|        no|          -|    2 (~0%)|    139 (~0%)|     173 (~0%)|    -|
    |  o VITIS_LOOP_245_7                                       |     -|  3.65|       66|    330.000|         4|        1|    64|       yes|          -|          -|            -|             -|    -|
    | + linear_acc_32_128_s                                     |     -|  0.32|      103|    515.000|         -|      103|     -|        no|          -|    62 (3%)|   4191 (~0%)|     5657 (2%)|    -|
    |  + linear_acc_32_128_Pipeline_VITIS_LOOP_186_1            |     -|  0.32|       38|    190.000|         -|       38|     -|        no|          -|    62 (3%)|   3100 (~0%)|     4782 (2%)|    -|
    |   o VITIS_LOOP_186_1                                      |     -|  3.65|       36|    180.000|         6|        1|    32|       yes|          -|          -|            -|             -|    -|
    | + awn_forward_Pipeline_VITIS_LOOP_255_8                   |     -|  0.23|       36|    180.000|         -|       36|     -|        no|          -|    2 (~0%)|    156 (~0%)|     237 (~0%)|    -|
    |  o VITIS_LOOP_255_8                                       |     -|  3.65|       34|    170.000|         4|        1|    32|       yes|          -|          -|            -|             -|    -|
    | + linear_acc_128_32_s                                     |     -|  0.12|      151|    755.000|         -|      151|     -|        no|    30 (4%)|   16 (~0%)|    610 (~0%)|    1399 (~0%)|    -|
    |  + linear_acc_128_32_Pipeline_VITIS_LOOP_186_1            |     -|  0.12|      134|    670.000|         -|      134|     -|        no|    30 (4%)|   16 (~0%)|    367 (~0%)|    1140 (~0%)|    -|
    |   o VITIS_LOOP_186_1                                      |     -|  3.65|      132|    660.000|         6|        1|   128|       yes|          -|          -|            -|             -|    -|
    | + awn_forward_Pipeline_VITIS_LOOP_263_9                   |     -|  0.11|      133|    665.000|         -|      133|     -|        no|    1 (~0%)|    2 (~0%)|    160 (~0%)|     238 (~0%)|    -|
    |  o VITIS_LOOP_263_9                                       |     -|  3.65|      131|    655.000|         5|        1|   128|       yes|          -|          -|            -|             -|    -|
    | + awn_forward_Pipeline_VITIS_LOOP_269_10                  |     -|  0.17|      132|    660.000|         -|      132|     -|        no|          -|    2 (~0%)|    148 (~0%)|     258 (~0%)|    -|
    |  o VITIS_LOOP_269_10                                      |     -|  3.65|      130|    650.000|         4|        1|   128|       yes|          -|          -|            -|             -|    -|
    | + linear_acc_320_128_s                                    |     -|  0.12|      393|  1.965e+03|         -|      393|     -|        no|  129 (20%)|    65 (3%)|   3405 (~0%)|     4938 (2%)|    -|
    |  + linear_acc_320_128_Pipeline_VITIS_LOOP_186_1           |     -|  0.12|      328|  1.640e+03|         -|      328|     -|        no|  129 (20%)|    65 (3%)|   2314 (~0%)|     4063 (1%)|    -|
    |   o VITIS_LOOP_186_1                                      |     -|  3.65|      326|  1.630e+03|         8|        1|   320|       yes|          -|          -|            -|             -|    -|
    | + awn_forward_Pipeline_VITIS_LOOP_277_11                  |     -|  0.23|      327|  1.635e+03|         -|      327|     -|        no|          -|    3 (~0%)|    307 (~0%)|     310 (~0%)|    -|
    |  o VITIS_LOOP_277_11                                      |     -|  3.65|      325|  1.625e+03|         7|        1|   320|       yes|          -|          -|            -|             -|    -|
    | + linear_acc_11_320_s                                     |     -|  0.09|      180|    900.000|         -|      180|     -|        no|          -|  193 (11%)|   10175 (2%)|    11161 (4%)|    -|
    |  + linear_acc_11_320_Pipeline_VITIS_LOOP_186_1            |     -|  0.09|       19|     95.000|         -|       19|     -|        no|          -|  193 (11%)|    7452 (1%)|     8600 (3%)|    -|
    |   o VITIS_LOOP_186_1                                      |     -|  3.65|       17|     85.000|         8|        1|    11|       yes|          -|          -|            -|             -|    -|
    | + awn_forward_Pipeline_VITIS_LOOP_284_12                  |     -|  0.23|       15|     75.000|         -|       15|     -|        no|          -|    2 (~0%)|    154 (~0%)|     226 (~0%)|    -|
    |  o VITIS_LOOP_284_12                                      |     -|  3.65|       13|     65.000|         4|        1|    11|       yes|          -|          -|            -|             -|    -|
    +-----------------------------------------------------------+------+------+---------+-----------+----------+---------+------+----------+-----------+-----------+-------------+--------------+-----+


================================================================
== HW Interfaces
================================================================
* AP_MEMORY
+-------------------+-----------+----------+
| Port              | Direction | Bitwidth |
+-------------------+-----------+----------+
| logits_q_address0 | out       | 4        |
| logits_q_d0       | out       | 8        |
| x_q_0_address0    | out       | 7        |
| x_q_0_address1    | out       | 7        |
| x_q_0_q0          | in        | 8        |
| x_q_0_q1          | in        | 8        |
| x_q_1_address0    | out       | 7        |
| x_q_1_address1    | out       | 7        |
| x_q_1_q0          | in        | 8        |
| x_q_1_q1          | in        | 8        |
+-------------------+-----------+----------+

* TOP LEVEL CONTROL
+-----------+------------+-----------------------------------+
| Interface | Type       | Ports                             |
+-----------+------------+-----------------------------------+
| ap_clk    | clock      | ap_clk                            |
| ap_rst    | reset      | ap_rst                            |
| ap_ctrl   | ap_ctrl_hs | ap_done ap_idle ap_ready ap_start |
+-----------+------------+-----------------------------------+


================================================================
== SW I/O Information
================================================================
* Top Function Arguments
+----------+-----------+---------------------+
| Argument | Direction | Datatype            |
+----------+-----------+---------------------+
| x_q      | in        | signed char const * |
| logits_q | out       | signed char*        |
+----------+-----------+---------------------+

* SW-to-HW Mapping
+----------+-------------------+---------+----------+
| Argument | HW Interface      | HW Type | HW Usage |
+----------+-------------------+---------+----------+
| x_q      | x_q_0_address0    | port    | offset   |
| x_q      | x_q_0_ce0         | port    |          |
| x_q      | x_q_0_q0          | port    |          |
| x_q      | x_q_0_address1    | port    | offset   |
| x_q      | x_q_0_ce1         | port    |          |
| x_q      | x_q_0_q1          | port    |          |
| x_q      | x_q_1_address0    | port    | offset   |
| x_q      | x_q_1_ce0         | port    |          |
| x_q      | x_q_1_q0          | port    |          |
| x_q      | x_q_1_address1    | port    | offset   |
| x_q      | x_q_1_ce1         | port    |          |
| x_q      | x_q_1_q1          | port    |          |
| logits_q | logits_q_address0 | port    | offset   |
| logits_q | logits_q_ce0      | port    |          |
| logits_q | logits_q_we0      | port    |          |
| logits_q | logits_q_d0       | port    |          |
+----------+-------------------+---------+----------+


================================================================
== Bind Op Report
================================================================
+-----------------------------------------------------------+-----+--------+---------------+-----+-----------+---------+
| Name                                                      | DSP | Pragma | Variable      | Op  | Impl      | Latency |
+-----------------------------------------------------------+-----+--------+---------------+-----+-----------+---------+
| + awn_forward                                             | 594 |        |               |     |           |         |
|  + conv1_block                                            | 10  |        |               |     |           |         |
|    add_ln53_1_fu_5432_p2                                  |     |        | add_ln53_1    | add | fabric    | 0       |
|    add_ln53_fu_5444_p2                                    |     |        | add_ln53      | add | fabric    | 0       |
|    mul_8ns_10ns_17_1_1_U10                                |     |        | mul_ln56      | mul | auto      | 0       |
|    empty_fu_5509_p2                                       |     |        | empty         | add | fabric    | 0       |
|    mul_8s_8s_16_1_1_U3                                    |     |        | mul_ln62      | mul | auto      | 0       |
|    add_ln59_fu_5528_p2                                    |     |        | add_ln59      | add | fabric    | 0       |
|    mac_muladd_8s_8s_16s_16_4_1_U11                        | 1   |        | mul_ln62_1    | mul | dsp_slice | 3       |
|    add_ln59_1_fu_5547_p2                                  |     |        | add_ln59_1    | add | fabric    | 0       |
|    mul_8s_8s_16_1_1_U4                                    |     |        | mul_ln62_2    | mul | auto      | 0       |
|    mac_muladd_8s_8s_16s_16_4_1_U12                        | 1   |        | mul_ln62_3    | mul | dsp_slice | 3       |
|    add_ln54_fu_5583_p2                                    |     |        | add_ln54      | add | fabric    | 0       |
|    mul_8s_8s_16_1_1_U5                                    |     |        | mul_ln62_4    | mul | auto      | 0       |
|    add_ln59_2_fu_5601_p2                                  |     |        | add_ln59_2    | add | fabric    | 0       |
|    mac_muladd_8s_8s_16s_16_4_1_U13                        | 1   |        | mul_ln62_5    | mul | dsp_slice | 3       |
|    add_ln59_3_fu_5619_p2                                  |     |        | add_ln59_3    | add | fabric    | 0       |
|    mul_8s_8s_16_1_1_U7                                    |     |        | mul_ln62_6    | mul | auto      | 0       |
|    mac_muladd_8s_8s_16s_16_4_1_U14                        | 1   |        | mul_ln62_7    | mul | dsp_slice | 3       |
|    mul_8s_8s_16_1_1_U6                                    |     |        | mul_ln62_8    | mul | auto      | 0       |
|    mac_muladd_8s_8s_16s_16_4_1_U15                        | 1   |        | mul_ln62_9    | mul | dsp_slice | 3       |
|    mul_8s_8s_16_1_1_U8                                    |     |        | mul_ln62_10   | mul | auto      | 0       |
|    mac_muladd_8s_8s_16s_16_4_1_U16                        | 1   |        | mul_ln62_11   | mul | dsp_slice | 3       |
|    mul_8s_8s_16_1_1_U9                                    |     |        | mul_ln62_12   | mul | auto      | 0       |
|    mac_muladd_8s_8s_16s_16_4_1_U17                        | 1   |        | mul_ln62_13   | mul | dsp_slice | 3       |
|    mac_muladd_8s_8s_16s_16_4_1_U11                        | 1   |        | add_ln62      | add | dsp_slice | 3       |
|    add_ln62_1_fu_5857_p2                                  |     |        | add_ln62_1    | add | fabric    | 0       |
|    mac_muladd_8s_8s_16s_16_4_1_U12                        | 1   |        | add_ln62_2    | add | dsp_slice | 3       |
|    mac_muladd_8s_8s_16s_16_4_1_U13                        | 1   |        | add_ln62_3    | add | dsp_slice | 3       |
|    add_ln62_4_fu_5872_p2                                  |     |        | add_ln62_4    | add | fabric    | 0       |
|    add_ln62_5_fu_5882_p2                                  |     |        | add_ln62_5    | add | fabric    | 0       |
|    mac_muladd_8s_8s_16s_16_4_1_U14                        | 1   |        | add_ln62_6    | add | dsp_slice | 3       |
|    mac_muladd_8s_8s_16s_16_4_1_U15                        | 1   |        | add_ln62_7    | add | dsp_slice | 3       |
|    add_ln62_8_fu_5894_p2                                  |     |        | add_ln62_8    | add | fabric    | 0       |
|    mac_muladd_8s_8s_16s_16_4_1_U16                        | 1   |        | add_ln62_9    | add | dsp_slice | 3       |
|    mac_muladd_8s_8s_16s_16_4_1_U17                        | 1   |        | add_ln62_10   | add | dsp_slice | 3       |
|    add_ln62_11_fu_5912_p2                                 |     |        | add_ln62_11   | add | fabric    | 0       |
|    add_ln62_12_fu_5922_p2                                 |     |        | add_ln62_12   | add | fabric    | 0       |
|    acc_3_fu_5932_p2                                       |     |        | acc_3         | add | fabric    | 0       |
|    mul_19s_32ns_49_1_1_U1                                 | 2   |        | mul_ln17      | mul | auto      | 0       |
|    sum_fu_5942_p2                                         |     |        | sum           | add | fabric    | 0       |
|    mac_muladd_8s_9ns_15ns_17_4_1_U18                      | 1   |        | mul_ln36      | mul | dsp_slice | 3       |
|    mac_muladd_8s_9ns_15ns_17_4_1_U18                      | 1   |        | add_ln36      | add | dsp_slice | 3       |
|  + u_branch                                               | 0   |        |               |     |           |         |
|    add_ln100_fu_55_p2                                     |     |        | add_ln100     | add | fabric    | 0       |
|    add_ln116_fu_84_p2                                     |     |        | add_ln116     | add | fabric    | 0       |
|   + u_branch_Pipeline_VITIS_LOOP_117_6                    | 0   |        |               |     |           |         |
|     add_ln119_fu_70_p2                                    |     |        | add_ln119     | add | fabric    | 0       |
|     add_ln126_fu_80_p2                                    |     |        | add_ln126     | add | fabric    | 0       |
|  + p_branch                                               | 0   |        |               |     |           |         |
|    add_ln137_fu_55_p2                                     |     |        | add_ln137     | add | fabric    | 0       |
|    add_ln153_fu_84_p2                                     |     |        | add_ln153     | add | fabric    | 0       |
|   + p_branch_Pipeline_VITIS_LOOP_154_6                    | 0   |        |               |     |           |         |
|     add_ln156_fu_70_p2                                    |     |        | add_ln156     | add | fabric    | 0       |
|     add_ln163_fu_80_p2                                    |     |        | add_ln163     | add | fabric    | 0       |
|  + conv2_block                                            | 227 |        |               |     |           |         |
|    add_ln76_fu_6790_p2                                    |     |        | add_ln76      | add | fabric    | 0       |
|   + conv2_block_Pipeline_VITIS_LOOP_77_2                  | 227 |        |               |     |           |         |
|     add_ln79_fu_20356_p2                                  |     |        | add_ln79      | add | fabric    | 0       |
|     add_ln77_fu_20365_p2                                  |     |        | add_ln77      | add | fabric    | 0       |
|     add_ln89_fu_36205_p2                                  |     |        | add_ln89      | add | fabric    | 0       |
|     add_ln79_1_fu_20484_p2                                |     |        | add_ln79_1    | add | fabric    | 0       |
|     empty_fu_20389_p2                                     |     |        | empty         | add | fabric    | 0       |
|     mul_64ns_66ns_129_3_1_U363                            | 16  |        | mul_ln79      | mul | auto      | 2       |
|     mac_muladd_8s_7s_10s_14_4_1_U889                      | 1   |        | mul_ln82      | mul | dsp_slice | 3       |
|     add_ln82_fu_20403_p2                                  |     |        | add_ln82      | add | fabric    | 0       |
|     mul_64ns_66ns_129_3_1_U364                            | 16  |        | mul_ln83      | mul | auto      | 2       |
|     mac_muladd_8s_7s_15s_16_4_1_U890                      | 1   |        | mul_ln85      | mul | dsp_slice | 3       |
|     mul_8s_7s_15_1_1_U559                                 |     |        | mul_ln85_1    | mul | auto      | 0       |
|     mul_8ns_10ns_17_1_1_U365                              |     |        | mul_ln83_1    | mul | auto      | 0       |
|     mac_muladd_8s_7s_15s_15_4_1_U815                      | 1   |        | mul_ln85_2    | mul | dsp_slice | 3       |
|     add_ln82_1_fu_20437_p2                                |     |        | add_ln82_1    | add | fabric    | 0       |
|     mul_8ns_10ns_17_1_1_U366                              |     |        | mul_ln83_2    | mul | auto      | 0       |
|     mul_8s_7s_15_1_1_U762                                 |     |        | mul_ln85_3    | mul | auto      | 0       |
|     mac_muladd_8s_7s_15s_15_4_1_U891                      | 1   |        | mul_ln85_4    | mul | dsp_slice | 3       |
|     mac_muladd_8s_8s_16s_16_4_1_U892                      | 1   |        | mul_ln85_5    | mul | dsp_slice | 3       |
|     mac_muladd_8s_7s_16s_16_4_1_U816                      | 1   |        | mul_ln85_6    | mul | dsp_slice | 3       |
|     mul_8s_8s_16_1_1_U560                                 |     |        | mul_ln85_7    | mul | auto      | 0       |
|     mul_8s_8s_16_1_1_U763                                 |     |        | mul_ln85_8    | mul | auto      | 0       |
|     mac_muladd_8s_8s_16s_16_4_1_U893                      | 1   |        | mul_ln85_9    | mul | dsp_slice | 3       |
|     mac_muladd_8s_7s_16s_16_4_1_U894                      | 1   |        | mul_ln85_10   | mul | dsp_slice | 3       |
|     mac_muladd_8s_7s_16s_16_4_1_U817                      | 1   |        | mul_ln85_11   | mul | dsp_slice | 3       |
|     mul_8s_8s_16_1_1_U561                                 |     |        | mul_ln85_12   | mul | auto      | 0       |
|     mul_8s_8s_16_1_1_U764                                 |     |        | mul_ln85_13   | mul | auto      | 0       |
|     mac_muladd_8s_8s_16s_16_4_1_U895                      | 1   |        | mul_ln85_14   | mul | dsp_slice | 3       |
|     mac_muladd_8s_8s_15s_16_4_1_U896                      | 1   |        | mul_ln85_15   | mul | dsp_slice | 3       |
|     mul_8s_7s_15_1_1_U562                                 |     |        | mul_ln85_16   | mul | auto      | 0       |
|     mac_muladd_8s_7s_15s_15_4_1_U818                      | 1   |        | mul_ln85_17   | mul | dsp_slice | 3       |
|     mac_muladd_8s_7s_16s_16_4_1_U880                      | 1   |        | mul_ln85_18   | mul | dsp_slice | 3       |
|     mul_8s_8s_16_1_1_U751                                 |     |        | mul_ln85_19   | mul | auto      | 0       |
|     mac_muladd_8s_7s_15s_16_4_1_U897                      | 1   |        | mul_ln85_20   | mul | dsp_slice | 3       |
|     mul_8s_7s_15_1_1_U563                                 |     |        | mul_ln85_21   | mul | auto      | 0       |
|     mac_muladd_8s_7s_15s_15_4_1_U819                      | 1   |        | mul_ln85_22   | mul | dsp_slice | 3       |
|     mul_8s_7s_15_1_1_U765                                 |     |        | mul_ln85_23   | mul | auto      | 0       |
|     mac_muladd_8s_7s_15s_15_4_1_U898                      | 1   |        | mul_ln85_24   | mul | dsp_slice | 3       |
|     mac_muladd_8s_7s_15s_16_4_1_U899                      | 1   |        | mul_ln85_25   | mul | dsp_slice | 3       |
|     mul_8s_7s_15_1_1_U564                                 |     |        | mul_ln85_26   | mul | auto      | 0       |
|     mac_muladd_8s_7s_15s_15_4_1_U820                      | 1   |        | mul_ln85_27   | mul | dsp_slice | 3       |
|     mul_8s_8s_16_1_1_U766                                 |     |        | mul_ln85_28   | mul | auto      | 0       |
|     mac_muladd_8s_7s_16s_16_4_1_U900                      | 1   |        | mul_ln85_29   | mul | dsp_slice | 3       |
|     mac_muladd_8s_8s_15s_16_4_1_U901                      | 1   |        | mul_ln85_30   | mul | dsp_slice | 3       |
|     mul_8s_7s_15_1_1_U565                                 |     |        | mul_ln85_31   | mul | auto      | 0       |
|     mac_muladd_8s_8s_15s_15_4_1_U821                      | 1   |        | mul_ln84      | mul | dsp_slice | 3       |
|     mul_8s_8s_16_1_1_U767                                 |     |        | mul_ln85_32   | mul | auto      | 0       |
|     mac_muladd_8s_8s_16s_16_4_1_U902                      | 1   |        | mul_ln85_33   | mul | dsp_slice | 3       |
|     mac_muladd_8s_8s_15s_16_4_1_U903                      | 1   |        | mul_ln85_34   | mul | dsp_slice | 3       |
|     mul_8s_7s_15_1_1_U566                                 |     |        | mul_ln85_35   | mul | auto      | 0       |
|     mac_muladd_8s_7s_15s_15_4_1_U822                      | 1   |        | mul_ln85_36   | mul | dsp_slice | 3       |
|     mul_8s_7s_15_1_1_U768                                 |     |        | mul_ln85_37   | mul | auto      | 0       |
|     mac_muladd_8s_7s_15s_15_4_1_U904                      | 1   |        | mul_ln85_38   | mul | dsp_slice | 3       |
|     mac_muladd_8s_7s_16s_16_4_1_U905                      | 1   |        | mul_ln85_39   | mul | dsp_slice | 3       |
|     mac_muladd_8s_7s_16s_16_4_1_U823                      | 1   |        | mul_ln85_40   | mul | dsp_slice | 3       |
|     mul_8s_8s_16_1_1_U567                                 |     |        | mul_ln85_41   | mul | auto      | 0       |
|     mul_8s_7s_15_1_1_U769                                 |     |        | mul_ln85_42   | mul | auto      | 0       |
|     mac_muladd_8s_8s_15s_15_4_1_U906                      | 1   |        | mul_ln84_1    | mul | dsp_slice | 3       |
|     mac_muladd_8s_8s_15s_16_4_1_U907                      | 1   |        | mul_ln85_43   | mul | dsp_slice | 3       |
|     mul_8s_7s_15_1_1_U568                                 |     |        | mul_ln85_44   | mul | auto      | 0       |
|     mac_muladd_8s_8s_15s_15_4_1_U824                      | 1   |        | mul_ln84_2    | mul | dsp_slice | 3       |
|     mul_8s_8s_16_1_1_U770                                 |     |        | mul_ln85_45   | mul | auto      | 0       |
|     mac_muladd_8s_8s_16s_16_4_1_U908                      | 1   |        | mul_ln85_46   | mul | dsp_slice | 3       |
|     mac_muladd_8s_7s_16s_16_4_1_U909                      | 1   |        | mul_ln85_47   | mul | dsp_slice | 3       |
|     mul_8s_8s_16_1_1_U569                                 |     |        | mul_ln85_48   | mul | auto      | 0       |
|     mac_muladd_8s_8s_16s_16_4_1_U825                      | 1   |        | mul_ln85_49   | mul | dsp_slice | 3       |
|     mac_muladd_8s_7s_16s_16_4_1_U881                      | 1   |        | mul_ln85_50   | mul | dsp_slice | 3       |
|     mul_8s_8s_16_1_1_U752                                 |     |        | mul_ln85_51   | mul | auto      | 0       |
|     mac_muladd_8s_8s_16s_17_4_1_U910                      | 1   |        | mul_ln85_52   | mul | dsp_slice | 3       |
|     mul_8s_8s_16_1_1_U570                                 |     |        | mul_ln85_53   | mul | auto      | 0       |
|     mac_muladd_8s_8s_16s_16_4_1_U826                      | 1   |        | mul_ln85_54   | mul | dsp_slice | 3       |
|     mac_muladd_8s_7s_16s_16_4_1_U882                      | 1   |        | mul_ln85_55   | mul | dsp_slice | 3       |
|     mul_8s_8s_16_1_1_U753                                 |     |        | mul_ln85_56   | mul | auto      | 0       |
|     mac_muladd_8s_7s_15s_16_4_1_U911                      | 1   |        | mul_ln85_57   | mul | dsp_slice | 3       |
|     mul_8s_7s_15_1_1_U571                                 |     |        | mul_ln85_58   | mul | auto      | 0       |
|     mac_muladd_8s_7s_15s_15_4_1_U827                      | 1   |        | mul_ln85_59   | mul | dsp_slice | 3       |
|     mul_8s_8s_16_1_1_U771                                 |     |        | mul_ln85_60   | mul | auto      | 0       |
|     mac_muladd_8s_8s_16s_16_4_1_U912                      | 1   |        | mul_ln85_61   | mul | dsp_slice | 3       |
|     mac_muladd_8s_7s_16s_16_4_1_U913                      | 1   |        | mul_ln85_62   | mul | dsp_slice | 3       |
|     mul_8s_8s_16_1_1_U572                                 |     |        | mul_ln85_63   | mul | auto      | 0       |
|     mac_muladd_8s_8s_16s_16_4_1_U828                      | 1   |        | mul_ln85_64   | mul | dsp_slice | 3       |
|     mul_8s_7s_15_1_1_U772                                 |     |        | mul_ln85_65   | mul | auto      | 0       |
|     mac_muladd_8s_7s_15s_15_4_1_U914                      | 1   |        | mul_ln85_66   | mul | dsp_slice | 3       |
|     mac_muladd_8s_8s_16s_16_4_1_U915                      | 1   |        | mul_ln85_67   | mul | dsp_slice | 3       |
|     mul_8s_8s_16_1_1_U573                                 |     |        | mul_ln85_68   | mul | auto      | 0       |
|     mac_muladd_8s_7s_16s_16_4_1_U829                      | 1   |        | mul_ln85_69   | mul | dsp_slice | 3       |
|     mul_8s_8s_15_1_1_U773                                 |     |        | mul_ln84_3    | mul | auto      | 0       |
|     mac_muladd_8s_7s_15s_15_4_1_U916                      | 1   |        | mul_ln85_70   | mul | dsp_slice | 3       |
|     mac_muladd_8s_7s_15s_16_4_1_U917                      | 1   |        | mul_ln85_71   | mul | dsp_slice | 3       |
|     mul_8s_7s_15_1_1_U574                                 |     |        | mul_ln85_72   | mul | auto      | 0       |
|     mac_muladd_8s_7s_15s_15_4_1_U830                      | 1   |        | mul_ln85_73   | mul | dsp_slice | 3       |
|     mac_muladd_8s_7s_16s_16_4_1_U883                      | 1   |        | mul_ln85_74   | mul | dsp_slice | 3       |
|     mul_8s_8s_16_1_1_U754                                 |     |        | mul_ln85_75   | mul | auto      | 0       |
|     mac_muladd_8s_8s_15s_16_4_1_U918                      | 1   |        | mul_ln85_76   | mul | dsp_slice | 3       |
|     mul_8s_7s_15_1_1_U575                                 |     |        | mul_ln85_77   | mul | auto      | 0       |
|     mac_muladd_8s_7s_15s_15_4_1_U831                      | 1   |        | mul_ln85_78   | mul | dsp_slice | 3       |
|     mul_8s_8s_16_1_1_U774                                 |     |        | mul_ln85_79   | mul | auto      | 0       |
|     mac_muladd_8s_8s_16s_16_4_1_U919                      | 1   |        | mul_ln85_80   | mul | dsp_slice | 3       |
|     mac_muladd_8s_7s_16s_16_4_1_U920                      | 1   |        | mul_ln85_81   | mul | dsp_slice | 3       |
|     mac_muladd_8s_7s_16s_16_4_1_U832                      | 1   |        | mul_ln85_82   | mul | dsp_slice | 3       |
|     mul_8s_8s_16_1_1_U576                                 |     |        | mul_ln85_83   | mul | auto      | 0       |
|     mac_muladd_8s_7s_16s_16_4_1_U884                      | 1   |        | mul_ln85_84   | mul | dsp_slice | 3       |
|     mul_8s_8s_16_1_1_U755                                 |     |        | mul_ln85_85   | mul | auto      | 0       |
|     mac_muladd_8s_8s_15s_16_4_1_U921                      | 1   |        | mul_ln85_86   | mul | dsp_slice | 3       |
|     mul_8s_7s_15_1_1_U577                                 |     |        | mul_ln85_87   | mul | auto      | 0       |
|     mac_muladd_8s_7s_15s_15_4_1_U833                      | 1   |        | mul_ln85_88   | mul | dsp_slice | 3       |
|     mul_8s_7s_15_1_1_U775                                 |     |        | mul_ln85_89   | mul | auto      | 0       |
|     mac_muladd_8s_8s_15s_15_4_1_U922                      | 1   |        | mul_ln84_4    | mul | dsp_slice | 3       |
|     mac_muladd_8s_7s_15s_16_4_1_U923                      | 1   |        | mul_ln85_90   | mul | dsp_slice | 3       |
|     mul_8s_7s_15_1_1_U578                                 |     |        | mul_ln85_91   | mul | auto      | 0       |
|     mac_muladd_8s_8s_15s_15_4_1_U834                      | 1   |        | mul_ln84_5    | mul | dsp_slice | 3       |
|     mul_8s_8s_16_1_1_U776                                 |     |        | mul_ln85_92   | mul | auto      | 0       |
|     mac_muladd_8s_8s_16s_16_4_1_U924                      | 1   |        | mul_ln85_93   | mul | dsp_slice | 3       |
|     mac_muladd_8s_8s_16s_17_4_1_U925                      | 1   |        | mul_ln85_94   | mul | dsp_slice | 3       |
|     mul_8s_8s_16_1_1_U579                                 |     |        | mul_ln85_95   | mul | auto      | 0       |
|     mac_muladd_8s_8s_16s_16_4_1_U835                      | 1   |        | mul_ln85_96   | mul | dsp_slice | 3       |
|     mul_8s_8s_16_1_1_U777                                 |     |        | mul_ln85_97   | mul | auto      | 0       |
|     mac_muladd_8s_7s_16s_16_4_1_U926                      | 1   |        | mul_ln85_98   | mul | dsp_slice | 3       |
|     mac_muladd_8s_7s_15s_16_4_1_U927                      | 1   |        | mul_ln85_99   | mul | dsp_slice | 3       |
|     mul_8s_7s_15_1_1_U580                                 |     |        | mul_ln85_100  | mul | auto      | 0       |
|     mac_muladd_8s_7s_15s_15_4_1_U836                      | 1   |        | mul_ln85_101  | mul | dsp_slice | 3       |
|     mul_8s_8s_16_1_1_U778                                 |     |        | mul_ln85_102  | mul | auto      | 0       |
|     mac_muladd_8s_8s_16s_16_4_1_U928                      | 1   |        | mul_ln85_103  | mul | dsp_slice | 3       |
|     mac_muladd_8s_8s_15s_16_4_1_U929                      | 1   |        | mul_ln85_104  | mul | dsp_slice | 3       |
|     mul_8s_8s_15_1_1_U581                                 |     |        | mul_ln84_6    | mul | auto      | 0       |
|     mac_muladd_8s_7s_15s_15_4_1_U837                      | 1   |        | mul_ln85_105  | mul | dsp_slice | 3       |
|     mul_8s_8s_16_1_1_U779                                 |     |        | mul_ln85_106  | mul | auto      | 0       |
|     mac_muladd_8s_8s_16s_16_4_1_U930                      | 1   |        | mul_ln85_107  | mul | dsp_slice | 3       |
|     mac_muladd_8s_7s_16s_16_4_1_U931                      | 1   |        | mul_ln85_108  | mul | dsp_slice | 3       |
|     mul_8s_8s_16_1_1_U582                                 |     |        | mul_ln85_109  | mul | auto      | 0       |
|     mac_muladd_8s_7s_16s_16_4_1_U838                      | 1   |        | mul_ln85_110  | mul | dsp_slice | 3       |
|     mul_8s_7s_15_1_1_U780                                 |     |        | mul_ln85_111  | mul | auto      | 0       |
|     mac_muladd_8s_8s_15s_15_4_1_U932                      | 1   |        | mul_ln84_7    | mul | dsp_slice | 3       |
|     mac_muladd_8s_7s_15s_16_4_1_U933                      | 1   |        | mul_ln85_112  | mul | dsp_slice | 3       |
|     mul_8s_7s_15_1_1_U583                                 |     |        | mul_ln85_113  | mul | auto      | 0       |
|     mac_muladd_8s_7s_15s_15_4_1_U839                      | 1   |        | mul_ln85_114  | mul | dsp_slice | 3       |
|     mul_8s_8s_14_1_1_U756                                 |     |        | mul_ln84_8    | mul | auto      | 0       |
|     mul_8s_7s_15_1_1_U757                                 |     |        | mul_ln85_115  | mul | auto      | 0       |
|     mac_muladd_8s_7s_16s_16_4_1_U934                      | 1   |        | mul_ln85_116  | mul | dsp_slice | 3       |
|     mac_muladd_8s_7s_16s_16_4_1_U840                      | 1   |        | mul_ln85_117  | mul | dsp_slice | 3       |
|     mul_8s_8s_16_1_1_U584                                 |     |        | mul_ln85_118  | mul | auto      | 0       |
|     mul_8s_7s_15_1_1_U781                                 |     |        | mul_ln85_119  | mul | auto      | 0       |
|     mac_muladd_8s_7s_15s_15_4_1_U935                      | 1   |        | mul_ln85_120  | mul | dsp_slice | 3       |
|     mac_muladd_8s_7s_15s_16_4_1_U936                      | 1   |        | mul_ln85_121  | mul | dsp_slice | 3       |
|     mul_8s_7s_15_1_1_U585                                 |     |        | mul_ln85_122  | mul | auto      | 0       |
|     mac_muladd_8s_7s_15s_15_4_1_U841                      | 1   |        | mul_ln85_123  | mul | dsp_slice | 3       |
|     mul_8s_7s_15_1_1_U782                                 |     |        | mul_ln85_124  | mul | auto      | 0       |
|     mac_muladd_8s_7s_15s_15_4_1_U937                      | 1   |        | mul_ln85_125  | mul | dsp_slice | 3       |
|     mac_muladd_8s_7s_16s_16_4_1_U938                      | 1   |        | mul_ln85_126  | mul | dsp_slice | 3       |
|     mac_muladd_8s_7s_16s_16_4_1_U842                      | 1   |        | mul_ln85_127  | mul | dsp_slice | 3       |
|     mul_8s_8s_16_1_1_U586                                 |     |        | mul_ln85_128  | mul | auto      | 0       |
|     mul_8s_8s_16_1_1_U783                                 |     |        | mul_ln85_129  | mul | auto      | 0       |
|     mac_muladd_8s_8s_16s_16_4_1_U939                      | 1   |        | mul_ln85_130  | mul | dsp_slice | 3       |
|     mac_muladd_8s_8s_16s_16_4_1_U940                      | 1   |        | mul_ln85_131  | mul | dsp_slice | 3       |
|     mac_muladd_8s_7s_16s_16_4_1_U843                      | 1   |        | mul_ln85_132  | mul | dsp_slice | 3       |
|     mul_8s_8s_16_1_1_U587                                 |     |        | mul_ln85_133  | mul | auto      | 0       |
|     mul_8s_7s_15_1_1_U784                                 |     |        | mul_ln85_134  | mul | auto      | 0       |
|     mac_muladd_8s_8s_15s_15_4_1_U941                      | 1   |        | mul_ln84_9    | mul | dsp_slice | 3       |
|     mac_muladd_8s_7s_16s_16_4_1_U942                      | 1   |        | mul_ln85_135  | mul | dsp_slice | 3       |
|     mac_muladd_8s_7s_16s_16_4_1_U844                      | 1   |        | mul_ln85_136  | mul | dsp_slice | 3       |
|     mul_8s_8s_16_1_1_U588                                 |     |        | mul_ln85_137  | mul | auto      | 0       |
|     mul_8s_8s_16_1_1_U785                                 |     |        | mul_ln85_138  | mul | auto      | 0       |
|     mac_muladd_8s_7s_16s_16_4_1_U943                      | 1   |        | mul_ln85_139  | mul | dsp_slice | 3       |
|     mac_muladd_8s_7s_15s_16_4_1_U944                      | 1   |        | mul_ln85_140  | mul | dsp_slice | 3       |
|     mul_8s_7s_15_1_1_U589                                 |     |        | mul_ln85_141  | mul | auto      | 0       |
|     mac_muladd_8s_7s_15s_15_4_1_U845                      | 1   |        | mul_ln85_142  | mul | dsp_slice | 3       |
|     mul_8s_8s_16_1_1_U786                                 |     |        | mul_ln85_143  | mul | auto      | 0       |
|     mac_muladd_8s_8s_16s_16_4_1_U945                      | 1   |        | mul_ln85_144  | mul | dsp_slice | 3       |
|     mac_muladd_8s_7s_15s_16_4_1_U946                      | 1   |        | mul_ln85_145  | mul | dsp_slice | 3       |
|     mul_8s_7s_15_1_1_U590                                 |     |        | mul_ln85_146  | mul | auto      | 0       |
|     mac_muladd_8s_7s_15s_15_4_1_U846                      | 1   |        | mul_ln85_147  | mul | dsp_slice | 3       |
|     mul_8s_8s_15_1_1_U787                                 |     |        | mul_ln84_10   | mul | auto      | 0       |
|     mac_muladd_8s_7s_15s_15_4_1_U947                      | 1   |        | mul_ln85_148  | mul | dsp_slice | 3       |
|     mac_muladd_8s_7s_15s_16_4_1_U948                      | 1   |        | mul_ln85_149  | mul | dsp_slice | 3       |
|     mul_8s_7s_15_1_1_U591                                 |     |        | mul_ln85_150  | mul | auto      | 0       |
|     mac_muladd_8s_7s_15s_15_4_1_U847                      | 1   |        | mul_ln85_151  | mul | dsp_slice | 3       |
|     mul_8s_8s_16_1_1_U788                                 |     |        | mul_ln85_152  | mul | auto      | 0       |
|     mac_muladd_8s_8s_16s_16_4_1_U949                      | 1   |        | mul_ln85_153  | mul | dsp_slice | 3       |
|     mac_muladd_8s_8s_16s_17_4_1_U950                      | 1   |        | mul_ln85_154  | mul | dsp_slice | 3       |
|     mul_8s_8s_16_1_1_U592                                 |     |        | mul_ln85_155  | mul | auto      | 0       |
|     mac_muladd_8s_8s_16s_16_4_1_U848                      | 1   |        | mul_ln85_156  | mul | dsp_slice | 3       |
|     mul_8s_8s_16_1_1_U789                                 |     |        | mul_ln85_157  | mul | auto      | 0       |
|     mac_muladd_8s_8s_16s_16_4_1_U951                      | 1   |        | mul_ln85_158  | mul | dsp_slice | 3       |
|     mac_muladd_8s_8s_15s_16_4_1_U952                      | 1   |        | mul_ln85_159  | mul | dsp_slice | 3       |
|     mul_8s_7s_15_1_1_U593                                 |     |        | mul_ln85_160  | mul | auto      | 0       |
|     mac_muladd_8s_8s_15s_15_4_1_U849                      | 1   |        | mul_ln84_11   | mul | dsp_slice | 3       |
|     mul_8s_7s_15_1_1_U790                                 |     |        | mul_ln85_161  | mul | auto      | 0       |
|     mac_muladd_8s_7s_15s_15_4_1_U953                      | 1   |        | mul_ln85_162  | mul | dsp_slice | 3       |
|     mac_muladd_8s_8s_16ns_16_4_1_U954                     | 1   |        | mul_ln85_163  | mul | dsp_slice | 3       |
|     mul_8s_8s_16_1_1_U594                                 |     |        | mul_ln85_164  | mul | auto      | 0       |
|     mac_muladd_8s_8s_16s_16_4_1_U850                      | 1   |        | mul_ln85_165  | mul | dsp_slice | 3       |
|     mul_8s_8s_16_1_1_U791                                 |     |        | mul_ln85_166  | mul | auto      | 0       |
|     mac_muladd_8s_7s_16s_16_4_1_U955                      | 1   |        | mul_ln85_167  | mul | dsp_slice | 3       |
|     mac_muladd_8s_7s_15s_16_4_1_U956                      | 1   |        | mul_ln85_168  | mul | dsp_slice | 3       |
|     mul_8s_8s_15_1_1_U595                                 |     |        | mul_ln84_12   | mul | auto      | 0       |
|     mac_muladd_8s_7s_15s_15_4_1_U851                      | 1   |        | mul_ln85_169  | mul | dsp_slice | 3       |
|     mul_8s_8s_16_1_1_U792                                 |     |        | mul_ln85_170  | mul | auto      | 0       |
|     mac_muladd_8s_8s_16s_16_4_1_U957                      | 1   |        | mul_ln85_171  | mul | dsp_slice | 3       |
|     mac_muladd_8s_8s_16s_16_4_1_U958                      | 1   |        | mul_ln85_172  | mul | dsp_slice | 3       |
|     mul_8s_8s_16_1_1_U596                                 |     |        | mul_ln85_173  | mul | auto      | 0       |
|     mac_muladd_8s_7s_16s_16_4_1_U852                      | 1   |        | mul_ln85_174  | mul | dsp_slice | 3       |
|     mul_8s_8s_16_1_1_U793                                 |     |        | mul_ln85_175  | mul | auto      | 0       |
|     mac_muladd_8s_8s_16s_16_4_1_U959                      | 1   |        | mul_ln85_176  | mul | dsp_slice | 3       |
|     mac_muladd_8s_8s_15s_16_4_1_U960                      | 1   |        | mul_ln85_177  | mul | dsp_slice | 3       |
|     mul_8s_8s_15_1_1_U597                                 |     |        | mul_ln84_13   | mul | auto      | 0       |
|     mac_muladd_8s_7s_15s_15_4_1_U853                      | 1   |        | mul_ln85_178  | mul | dsp_slice | 3       |
|     mul_8s_8s_16_1_1_U794                                 |     |        | mul_ln85_179  | mul | auto      | 0       |
|     mac_muladd_8s_7s_16s_16_4_1_U961                      | 1   |        | mul_ln85_180  | mul | dsp_slice | 3       |
|     mac_muladd_8s_8s_16ns_16_4_1_U962                     | 1   |        | mul_ln85_181  | mul | dsp_slice | 3       |
|     mul_8s_8s_16_1_1_U598                                 |     |        | mul_ln85_182  | mul | auto      | 0       |
|     mac_muladd_8s_8s_16s_16_4_1_U854                      | 1   |        | mul_ln85_183  | mul | dsp_slice | 3       |
|     mul_8s_8s_15_1_1_U795                                 |     |        | mul_ln84_14   | mul | auto      | 0       |
|     mac_muladd_8s_7s_15s_15_4_1_U963                      | 1   |        | mul_ln85_184  | mul | dsp_slice | 3       |
|     mac_muladd_8s_7s_15s_16_4_1_U964                      | 1   |        | mul_ln85_185  | mul | dsp_slice | 3       |
|     mul_8s_7s_15_1_1_U599                                 |     |        | mul_ln85_186  | mul | auto      | 0       |
|     mac_muladd_8s_7s_15s_15_4_1_U855                      | 1   |        | mul_ln85_187  | mul | dsp_slice | 3       |
|     mul_8s_8s_16_1_1_U796                                 |     |        | mul_ln85_188  | mul | auto      | 0       |
|     mac_muladd_8s_8s_16s_16_4_1_U965                      | 1   |        | mul_ln85_189  | mul | dsp_slice | 3       |
|     mac_muladd_8s_7s_15s_16_4_1_U966                      | 1   |        | mul_ln85_190  | mul | dsp_slice | 3       |
|     mul_8s_7s_15_1_1_U600                                 |     |        | mul_ln85_191  | mul | auto      | 0       |
|     mac_muladd_8s_7s_15s_15_4_1_U856                      | 1   |        | mul_ln85_192  | mul | dsp_slice | 3       |
|     mul_8s_7s_15_1_1_U797                                 |     |        | mul_ln85_193  | mul | auto      | 0       |
|     mac_muladd_8s_7s_15s_15_4_1_U967                      | 1   |        | mul_ln85_194  | mul | dsp_slice | 3       |
|     mac_muladd_8s_7s_15s_16_4_1_U968                      | 1   |        | mul_ln85_195  | mul | dsp_slice | 3       |
|     mul_8s_7s_15_1_1_U601                                 |     |        | mul_ln85_196  | mul | auto      | 0       |
|     mac_muladd_8s_7s_15s_15_4_1_U857                      | 1   |        | mul_ln85_197  | mul | dsp_slice | 3       |
|     mul_8s_7s_15_1_1_U798                                 |     |        | mul_ln85_198  | mul | auto      | 0       |
|     mac_muladd_8s_7s_15s_15_4_1_U969                      | 1   |        | mul_ln85_199  | mul | dsp_slice | 3       |
|     mac_muladd_8s_7s_15s_16_4_1_U970                      | 1   |        | mul_ln85_200  | mul | dsp_slice | 3       |
|     mul_8s_7s_15_1_1_U602                                 |     |        | mul_ln85_201  | mul | auto      | 0       |
|     mac_muladd_8s_8s_15s_15_4_1_U858                      | 1   |        | mul_ln84_15   | mul | dsp_slice | 3       |
|     mul_8s_8s_16_1_1_U799                                 |     |        | mul_ln85_202  | mul | auto      | 0       |
|     mac_muladd_8s_8s_16s_16_4_1_U971                      | 1   |        | mul_ln85_203  | mul | dsp_slice | 3       |
|     mac_muladd_8s_8s_16s_16_4_1_U972                      | 1   |        | mul_ln85_204  | mul | dsp_slice | 3       |
|     mac_muladd_8s_7s_16s_16_4_1_U859                      | 1   |        | mul_ln85_205  | mul | dsp_slice | 3       |
|     mul_8s_8s_16_1_1_U603                                 |     |        | mul_ln85_206  | mul | auto      | 0       |
|     mul_8s_7s_15_1_1_U800                                 |     |        | mul_ln85_207  | mul | auto      | 0       |
|     mac_muladd_8s_8s_15s_15_4_1_U973                      | 1   |        | mul_ln84_16   | mul | dsp_slice | 3       |
|     mac_muladd_8s_7s_16s_16_4_1_U974                      | 1   |        | mul_ln85_208  | mul | dsp_slice | 3       |
|     mul_8s_8s_16_1_1_U604                                 |     |        | mul_ln85_209  | mul | auto      | 0       |
|     mac_muladd_8s_7s_16s_16_4_1_U860                      | 1   |        | mul_ln85_210  | mul | dsp_slice | 3       |
|     mul_8s_7s_15_1_1_U801                                 |     |        | mul_ln85_211  | mul | auto      | 0       |
|     mac_muladd_8s_7s_15s_15_4_1_U975                      | 1   |        | mul_ln85_212  | mul | dsp_slice | 3       |
|     mac_muladd_8s_7s_15s_16_4_1_U976                      | 1   |        | mul_ln85_213  | mul | dsp_slice | 3       |
|     mul_8s_7s_15_1_1_U605                                 |     |        | mul_ln85_214  | mul | auto      | 0       |
|     mac_muladd_8s_7s_15s_15_4_1_U861                      | 1   |        | mul_ln85_215  | mul | dsp_slice | 3       |
|     mac_muladd_8s_7s_16s_16_4_1_U885                      | 1   |        | mul_ln85_216  | mul | dsp_slice | 3       |
|     mul_8s_8s_16_1_1_U758                                 |     |        | mul_ln85_217  | mul | auto      | 0       |
|     mac_muladd_8s_8s_16ns_16_4_1_U977                     | 1   |        | mul_ln85_218  | mul | dsp_slice | 3       |
|     mul_8s_8s_16_1_1_U606                                 |     |        | mul_ln85_219  | mul | auto      | 0       |
|     mac_muladd_8s_8s_16s_16_4_1_U862                      | 1   |        | mul_ln85_220  | mul | dsp_slice | 3       |
|     mul_8s_8s_16_1_1_U802                                 |     |        | mul_ln85_221  | mul | auto      | 0       |
|     mac_muladd_8s_8s_16s_16_4_1_U978                      | 1   |        | mul_ln85_222  | mul | dsp_slice | 3       |
|     mac_muladd_8s_8s_16ns_16_4_1_U979                     | 1   |        | mul_ln85_223  | mul | dsp_slice | 3       |
|     mul_8s_8s_16_1_1_U607                                 |     |        | mul_ln85_224  | mul | auto      | 0       |
|     mac_muladd_8s_8s_16s_16_4_1_U863                      | 1   |        | mul_ln85_225  | mul | dsp_slice | 3       |
|     mul_8s_8s_15_1_1_U803                                 |     |        | mul_ln84_17   | mul | auto      | 0       |
|     mac_muladd_8s_7s_15s_15_4_1_U980                      | 1   |        | mul_ln85_226  | mul | dsp_slice | 3       |
|     mac_muladd_8s_7s_15s_16_4_1_U981                      | 1   |        | mul_ln85_227  | mul | dsp_slice | 3       |
|     mul_8s_7s_15_1_1_U608                                 |     |        | mul_ln85_228  | mul | auto      | 0       |
|     mac_muladd_8s_7s_15s_15_4_1_U864                      | 1   |        | mul_ln85_229  | mul | dsp_slice | 3       |
|     mul_8s_7s_15_1_1_U804                                 |     |        | mul_ln85_230  | mul | auto      | 0       |
|     mac_muladd_8s_7s_15s_15_4_1_U982                      | 1   |        | mul_ln85_231  | mul | dsp_slice | 3       |
|     mac_muladd_8s_8s_15s_16_4_1_U983                      | 1   |        | mul_ln85_232  | mul | dsp_slice | 3       |
|     mul_8s_7s_15_1_1_U609                                 |     |        | mul_ln85_233  | mul | auto      | 0       |
|     mac_muladd_8s_8s_15s_15_4_1_U865                      | 1   |        | mul_ln84_18   | mul | dsp_slice | 3       |
|     mul_8s_8s_16_1_1_U805                                 |     |        | mul_ln85_234  | mul | auto      | 0       |
|     mac_muladd_8s_8s_16s_16_4_1_U984                      | 1   |        | mul_ln85_235  | mul | dsp_slice | 3       |
|     mac_muladd_8s_8s_16s_16_4_1_U985                      | 1   |        | mul_ln85_236  | mul | dsp_slice | 3       |
|     mul_8s_8s_16_1_1_U610                                 |     |        | mul_ln85_237  | mul | auto      | 0       |
|     mac_muladd_8s_7s_16s_16_4_1_U866                      | 1   |        | mul_ln85_238  | mul | dsp_slice | 3       |
|     mul_8s_8s_16_1_1_U806                                 |     |        | mul_ln85_239  | mul | auto      | 0       |
|     mac_muladd_8s_8s_16s_16_4_1_U986                      | 1   |        | mul_ln85_240  | mul | dsp_slice | 3       |
|     mac_muladd_8s_7s_16s_16_4_1_U987                      | 1   |        | mul_ln85_241  | mul | dsp_slice | 3       |
|     mul_8s_8s_16_1_1_U611                                 |     |        | mul_ln85_242  | mul | auto      | 0       |
|     mac_muladd_8s_7s_16s_16_4_1_U867                      | 1   |        | mul_ln85_243  | mul | dsp_slice | 3       |
|     mul_8s_7s_15_1_1_U807                                 |     |        | mul_ln85_244  | mul | auto      | 0       |
|     mac_muladd_8s_7s_15s_15_4_1_U988                      | 1   |        | mul_ln85_245  | mul | dsp_slice | 3       |
|     mac_muladd_8s_8s_15s_16_4_1_U989                      | 1   |        | mul_ln85_246  | mul | dsp_slice | 3       |
|     mul_8s_7s_15_1_1_U612                                 |     |        | mul_ln85_247  | mul | auto      | 0       |
|     mac_muladd_8s_8s_15s_15_4_1_U868                      | 1   |        | mul_ln84_19   | mul | dsp_slice | 3       |
|     mac_muladd_8s_7s_16s_16_4_1_U886                      | 1   |        | mul_ln85_248  | mul | dsp_slice | 3       |
|     mul_8s_8s_16_1_1_U759                                 |     |        | mul_ln85_249  | mul | auto      | 0       |
|     mac_muladd_8s_7s_16s_16_4_1_U990                      | 1   |        | mul_ln85_250  | mul | dsp_slice | 3       |
|     mul_8s_8s_16_1_1_U613                                 |     |        | mul_ln85_251  | mul | auto      | 0       |
|     mac_muladd_8s_8s_16s_16_4_1_U869                      | 1   |        | mul_ln85_252  | mul | dsp_slice | 3       |
|     mul_8s_8s_16_1_1_U808                                 |     |        | mul_ln85_253  | mul | auto      | 0       |
|     mac_muladd_8s_7s_16s_16_4_1_U991                      | 1   |        | mul_ln85_254  | mul | dsp_slice | 3       |
|     mac_muladd_8s_7s_15s_16_4_1_U992                      | 1   |        | mul_ln85_255  | mul | dsp_slice | 3       |
|     mul_8s_7s_15_1_1_U614                                 |     |        | mul_ln85_256  | mul | auto      | 0       |
|     mac_muladd_8s_7s_15s_15_4_1_U870                      | 1   |        | mul_ln85_257  | mul | dsp_slice | 3       |
|     mul_8s_8s_15_1_1_U809                                 |     |        | mul_ln84_20   | mul | auto      | 0       |
|     mac_muladd_8s_7s_15s_15_4_1_U993                      | 1   |        | mul_ln85_258  | mul | dsp_slice | 3       |
|     mac_muladd_8s_7s_15s_16_4_1_U994                      | 1   |        | mul_ln85_259  | mul | dsp_slice | 3       |
|     mul_8s_7s_15_1_1_U615                                 |     |        | mul_ln85_260  | mul | auto      | 0       |
|     mac_muladd_8s_7s_15s_15_4_1_U871                      | 1   |        | mul_ln85_261  | mul | dsp_slice | 3       |
|     mac_muladd_8s_7s_16s_16_4_1_U887                      | 1   |        | mul_ln85_262  | mul | dsp_slice | 3       |
|     mul_8s_8s_16_1_1_U760                                 |     |        | mul_ln85_263  | mul | auto      | 0       |
|     mac_muladd_8s_7s_15s_16_4_1_U995                      | 1   |        | mul_ln85_264  | mul | dsp_slice | 3       |
|     mul_8s_7s_15_1_1_U616                                 |     |        | mul_ln85_265  | mul | auto      | 0       |
|     mac_muladd_8s_7s_15s_15_4_1_U872                      | 1   |        | mul_ln85_266  | mul | dsp_slice | 3       |
|     mul_8s_7s_15_1_1_U810                                 |     |        | mul_ln85_267  | mul | auto      | 0       |
|     mac_muladd_8s_7s_15s_15_4_1_U996                      | 1   |        | mul_ln85_268  | mul | dsp_slice | 3       |
|     mac_muladd_8s_7s_15s_16_4_1_U997                      | 1   |        | mul_ln85_269  | mul | dsp_slice | 3       |
|     mul_8s_7s_15_1_1_U617                                 |     |        | mul_ln85_270  | mul | auto      | 0       |
|     mac_muladd_8s_7s_15s_15_4_1_U873                      | 1   |        | mul_ln85_271  | mul | dsp_slice | 3       |
|     mul_8s_8s_16_1_1_U811                                 |     |        | mul_ln85_272  | mul | auto      | 0       |
|     mac_muladd_8s_7s_16s_16_4_1_U998                      | 1   |        | mul_ln85_273  | mul | dsp_slice | 3       |
|     mac_muladd_8s_8s_15s_16_4_1_U999                      | 1   |        | mul_ln85_274  | mul | dsp_slice | 3       |
|     mul_8s_7s_15_1_1_U618                                 |     |        | mul_ln85_275  | mul | auto      | 0       |
|     mac_muladd_8s_7s_15s_15_4_1_U874                      | 1   |        | mul_ln85_276  | mul | dsp_slice | 3       |
|     mac_muladd_8s_7s_16s_16_4_1_U888                      | 1   |        | mul_ln85_277  | mul | dsp_slice | 3       |
|     mul_8s_8s_16_1_1_U761                                 |     |        | mul_ln85_278  | mul | auto      | 0       |
|     mac_muladd_8s_7s_15s_16_4_1_U1000                     | 1   |        | mul_ln85_279  | mul | dsp_slice | 3       |
|     mul_8s_7s_15_1_1_U619                                 |     |        | mul_ln85_280  | mul | auto      | 0       |
|     mac_muladd_8s_7s_15s_15_4_1_U875                      | 1   |        | mul_ln85_281  | mul | dsp_slice | 3       |
|     mul_8s_7s_15_1_1_U812                                 |     |        | mul_ln85_282  | mul | auto      | 0       |
|     mac_muladd_8s_7s_15s_15_4_1_U1001                     | 1   |        | mul_ln85_283  | mul | dsp_slice | 3       |
|     mac_muladd_8s_8s_16ns_16_4_1_U1002                    | 1   |        | mul_ln85_284  | mul | dsp_slice | 3       |
|     mul_8s_8s_16_1_1_U620                                 |     |        | mul_ln85_285  | mul | auto      | 0       |
|     mac_muladd_8s_8s_16s_16_4_1_U876                      | 1   |        | mul_ln85_286  | mul | dsp_slice | 3       |
|     mul_8s_8s_16_1_1_U813                                 |     |        | mul_ln85_287  | mul | auto      | 0       |
|     mac_muladd_8s_8s_16s_16_4_1_U1003                     | 1   |        | mul_ln85_288  | mul | dsp_slice | 3       |
|     mac_muladd_8s_8s_16s_17_4_1_U1004                     | 1   |        | mul_ln85_289  | mul | dsp_slice | 3       |
|     mul_8s_8s_16_1_1_U621                                 |     |        | mul_ln85_290  | mul | auto      | 0       |
|     mac_muladd_8s_8s_16s_16_4_1_U877                      | 1   |        | mul_ln85_291  | mul | dsp_slice | 3       |
|     mac_muladd_8s_8s_15s_16_4_1_U1006                     | 1   |        | mul_ln85_292  | mul | dsp_slice | 3       |
|     mul_8s_8s_15_1_1_U814                                 |     |        | mul_ln84_21   | mul | auto      | 0       |
|     mac_muladd_8s_7s_15s_15_4_1_U1005                     | 1   |        | mul_ln85_293  | mul | dsp_slice | 3       |
|     mac_muladd_8s_7s_16s_16_4_1_U879                      | 1   |        | mul_ln85_294  | mul | dsp_slice | 3       |
|     mul_8s_8s_16_1_1_U622                                 |     |        | mul_ln85_295  | mul | auto      | 0       |
|     mac_muladd_8s_8s_16s_16_4_1_U878                      | 1   |        | mul_ln85_296  | mul | dsp_slice | 3       |
|     mac_muladd_8s_7s_10s_14_4_1_U889                      | 1   |        | add_ln85      | add | dsp_slice | 3       |
|     mac_muladd_8s_7s_15s_15_4_1_U815                      | 1   |        | add_ln85_1    | add | dsp_slice | 3       |
|     mac_muladd_8s_7s_15s_16_4_1_U890                      | 1   |        | add_ln85_2    | add | dsp_slice | 3       |
|     add_ln85_3_fu_34508_p2                                |     |        | add_ln85_3    | add | fabric    | 0       |
|     mac_muladd_8s_7s_15s_15_4_1_U891                      | 1   |        | add_ln85_4    | add | dsp_slice | 3       |
|     mac_muladd_8s_7s_16s_16_4_1_U816                      | 1   |        | add_ln85_5    | add | dsp_slice | 3       |
|     mac_muladd_8s_8s_16s_16_4_1_U892                      | 1   |        | add_ln85_6    | add | dsp_slice | 3       |
|     add_ln85_7_fu_34523_p2                                |     |        | add_ln85_7    | add | fabric    | 0       |
|     add_ln85_8_fu_34533_p2                                |     |        | add_ln85_8    | add | fabric    | 0       |
|     mac_muladd_8s_8s_16s_16_4_1_U893                      | 1   |        | add_ln85_9    | add | dsp_slice | 3       |
|     mac_muladd_8s_7s_16s_16_4_1_U817                      | 1   |        | add_ln85_10   | add | dsp_slice | 3       |
|     mac_muladd_8s_7s_16s_16_4_1_U894                      | 1   |        | add_ln85_11   | add | dsp_slice | 3       |
|     add_ln85_12_fu_34549_p2                               |     |        | add_ln85_12   | add | fabric    | 0       |
|     mac_muladd_8s_8s_16s_16_4_1_U895                      | 1   |        | add_ln85_13   | add | dsp_slice | 3       |
|     mac_muladd_8s_7s_15s_15_4_1_U818                      | 1   |        | add_ln85_14   | add | dsp_slice | 3       |
|     mac_muladd_8s_8s_15s_16_4_1_U896                      | 1   |        | add_ln85_15   | add | dsp_slice | 3       |
|     add_ln85_16_fu_34565_p2                               |     |        | add_ln85_16   | add | fabric    | 0       |
|     add_ln85_17_fu_34575_p2                               |     |        | add_ln85_17   | add | fabric    | 0       |
|     add_ln85_18_fu_34585_p2                               |     |        | add_ln85_18   | add | fabric    | 0       |
|     mac_muladd_8s_7s_16s_16_4_1_U880                      | 1   |        | add_ln85_19   | add | dsp_slice | 3       |
|     mac_muladd_8s_7s_15s_15_4_1_U819                      | 1   |        | add_ln85_20   | add | dsp_slice | 3       |
|     mac_muladd_8s_7s_15s_16_4_1_U897                      | 1   |        | add_ln85_21   | add | dsp_slice | 3       |
|     add_ln85_22_fu_34597_p2                               |     |        | add_ln85_22   | add | fabric    | 0       |
|     mac_muladd_8s_7s_15s_15_4_1_U898                      | 1   |        | add_ln85_23   | add | dsp_slice | 3       |
|     mac_muladd_8s_7s_15s_15_4_1_U820                      | 1   |        | add_ln85_24   | add | dsp_slice | 3       |
|     mac_muladd_8s_7s_15s_16_4_1_U899                      | 1   |        | add_ln85_25   | add | dsp_slice | 3       |
|     add_ln85_26_fu_34613_p2                               |     |        | add_ln85_26   | add | fabric    | 0       |
|     add_ln85_27_fu_34623_p2                               |     |        | add_ln85_27   | add | fabric    | 0       |
|     mac_muladd_8s_7s_16s_16_4_1_U900                      | 1   |        | add_ln85_28   | add | dsp_slice | 3       |
|     mac_muladd_8s_8s_15s_15_4_1_U821                      | 1   |        | add_ln85_29   | add | dsp_slice | 3       |
|     mac_muladd_8s_8s_15s_16_4_1_U901                      | 1   |        | add_ln85_30   | add | dsp_slice | 3       |
|     add_ln85_31_fu_34639_p2                               |     |        | add_ln85_31   | add | fabric    | 0       |
|     mac_muladd_8s_8s_16s_16_4_1_U902                      | 1   |        | add_ln85_32   | add | dsp_slice | 3       |
|     mac_muladd_8s_7s_15s_15_4_1_U822                      | 1   |        | add_ln85_33   | add | dsp_slice | 3       |
|     mac_muladd_8s_8s_15s_16_4_1_U903                      | 1   |        | add_ln85_34   | add | dsp_slice | 3       |
|     add_ln85_35_fu_34655_p2                               |     |        | add_ln85_35   | add | fabric    | 0       |
|     add_ln85_36_fu_34665_p2                               |     |        | add_ln85_36   | add | fabric    | 0       |
|     add_ln85_37_fu_34675_p2                               |     |        | add_ln85_37   | add | fabric    | 0       |
|     add_ln85_38_fu_35894_p2                               |     |        | add_ln85_38   | add | fabric    | 0       |
|     mac_muladd_8s_7s_15s_15_4_1_U904                      | 1   |        | add_ln85_39   | add | dsp_slice | 3       |
|     mac_muladd_8s_7s_16s_16_4_1_U823                      | 1   |        | add_ln85_40   | add | dsp_slice | 3       |
|     mac_muladd_8s_7s_16s_16_4_1_U905                      | 1   |        | add_ln85_41   | add | dsp_slice | 3       |
|     add_ln85_42_fu_34687_p2                               |     |        | add_ln85_42   | add | fabric    | 0       |
|     mac_muladd_8s_8s_15s_15_4_1_U906                      | 1   |        | add_ln85_43   | add | dsp_slice | 3       |
|     mac_muladd_8s_8s_15s_15_4_1_U824                      | 1   |        | add_ln85_44   | add | dsp_slice | 3       |
|     mac_muladd_8s_8s_15s_16_4_1_U907                      | 1   |        | add_ln85_45   | add | dsp_slice | 3       |
|     add_ln85_46_fu_34703_p2                               |     |        | add_ln85_46   | add | fabric    | 0       |
|     add_ln85_47_fu_34713_p2                               |     |        | add_ln85_47   | add | fabric    | 0       |
|     mac_muladd_8s_8s_16s_16_4_1_U908                      | 1   |        | add_ln85_48   | add | dsp_slice | 3       |
|     mac_muladd_8s_8s_16s_16_4_1_U825                      | 1   |        | add_ln85_49   | add | dsp_slice | 3       |
|     mac_muladd_8s_7s_16s_16_4_1_U909                      | 1   |        | add_ln85_50   | add | dsp_slice | 3       |
|     add_ln85_51_fu_34729_p2                               |     |        | add_ln85_51   | add | fabric    | 0       |
|     mac_muladd_8s_7s_16s_16_4_1_U881                      | 1   |        | add_ln85_52   | add | dsp_slice | 3       |
|     mac_muladd_8s_8s_16s_16_4_1_U826                      | 1   |        | add_ln85_53   | add | dsp_slice | 3       |
|     mac_muladd_8s_8s_16s_17_4_1_U910                      | 1   |        | add_ln85_54   | add | dsp_slice | 3       |
|     add_ln85_55_fu_34742_p2                               |     |        | add_ln85_55   | add | fabric    | 0       |
|     add_ln85_56_fu_34751_p2                               |     |        | add_ln85_56   | add | fabric    | 0       |
|     add_ln85_57_fu_34761_p2                               |     |        | add_ln85_57   | add | fabric    | 0       |
|     mac_muladd_8s_7s_16s_16_4_1_U882                      | 1   |        | add_ln85_58   | add | dsp_slice | 3       |
|     mac_muladd_8s_7s_15s_15_4_1_U827                      | 1   |        | add_ln85_59   | add | dsp_slice | 3       |
|     mac_muladd_8s_7s_15s_16_4_1_U911                      | 1   |        | add_ln85_60   | add | dsp_slice | 3       |
|     add_ln85_61_fu_34773_p2                               |     |        | add_ln85_61   | add | fabric    | 0       |
|     mac_muladd_8s_8s_16s_16_4_1_U912                      | 1   |        | add_ln85_62   | add | dsp_slice | 3       |
|     mac_muladd_8s_8s_16s_16_4_1_U828                      | 1   |        | add_ln85_63   | add | dsp_slice | 3       |
|     mac_muladd_8s_7s_16s_16_4_1_U913                      | 1   |        | add_ln85_64   | add | dsp_slice | 3       |
|     add_ln85_65_fu_34789_p2                               |     |        | add_ln85_65   | add | fabric    | 0       |
|     add_ln85_66_fu_34799_p2                               |     |        | add_ln85_66   | add | fabric    | 0       |
|     mac_muladd_8s_7s_15s_15_4_1_U914                      | 1   |        | add_ln85_67   | add | dsp_slice | 3       |
|     mac_muladd_8s_7s_16s_16_4_1_U829                      | 1   |        | add_ln85_68   | add | dsp_slice | 3       |
|     mac_muladd_8s_8s_16s_16_4_1_U915                      | 1   |        | add_ln85_69   | add | dsp_slice | 3       |
|     add_ln85_70_fu_34815_p2                               |     |        | add_ln85_70   | add | fabric    | 0       |
|     mac_muladd_8s_7s_15s_15_4_1_U916                      | 1   |        | add_ln85_71   | add | dsp_slice | 3       |
|     mac_muladd_8s_7s_15s_15_4_1_U830                      | 1   |        | add_ln85_72   | add | dsp_slice | 3       |
|     mac_muladd_8s_7s_15s_16_4_1_U917                      | 1   |        | add_ln85_73   | add | dsp_slice | 3       |
|     add_ln85_74_fu_34831_p2                               |     |        | add_ln85_74   | add | fabric    | 0       |
|     add_ln85_75_fu_34841_p2                               |     |        | add_ln85_75   | add | fabric    | 0       |
|     add_ln85_76_fu_34851_p2                               |     |        | add_ln85_76   | add | fabric    | 0       |
|     add_ln85_77_fu_35910_p2                               |     |        | add_ln85_77   | add | fabric    | 0       |
|     add_ln85_78_fu_35920_p2                               |     |        | add_ln85_78   | add | fabric    | 0       |
|     mac_muladd_8s_7s_16s_16_4_1_U883                      | 1   |        | add_ln85_79   | add | dsp_slice | 3       |
|     mac_muladd_8s_7s_15s_15_4_1_U831                      | 1   |        | add_ln85_80   | add | dsp_slice | 3       |
|     mac_muladd_8s_8s_15s_16_4_1_U918                      | 1   |        | add_ln85_81   | add | dsp_slice | 3       |
|     add_ln85_82_fu_34863_p2                               |     |        | add_ln85_82   | add | fabric    | 0       |
|     mac_muladd_8s_8s_16s_16_4_1_U919                      | 1   |        | add_ln85_83   | add | dsp_slice | 3       |
|     mac_muladd_8s_7s_16s_16_4_1_U832                      | 1   |        | add_ln85_84   | add | dsp_slice | 3       |
|     mac_muladd_8s_7s_16s_16_4_1_U920                      | 1   |        | add_ln85_85   | add | dsp_slice | 3       |
|     add_ln85_86_fu_34879_p2                               |     |        | add_ln85_86   | add | fabric    | 0       |
|     add_ln85_87_fu_34889_p2                               |     |        | add_ln85_87   | add | fabric    | 0       |
|     mac_muladd_8s_7s_16s_16_4_1_U884                      | 1   |        | add_ln85_88   | add | dsp_slice | 3       |
|     mac_muladd_8s_7s_15s_15_4_1_U833                      | 1   |        | add_ln85_89   | add | dsp_slice | 3       |
|     mac_muladd_8s_8s_15s_16_4_1_U921                      | 1   |        | add_ln85_90   | add | dsp_slice | 3       |
|     add_ln85_91_fu_34905_p2                               |     |        | add_ln85_91   | add | fabric    | 0       |
|     mac_muladd_8s_8s_15s_15_4_1_U922                      | 1   |        | add_ln85_92   | add | dsp_slice | 3       |
|     mac_muladd_8s_8s_15s_15_4_1_U834                      | 1   |        | add_ln85_93   | add | dsp_slice | 3       |
|     mac_muladd_8s_7s_15s_16_4_1_U923                      | 1   |        | add_ln85_94   | add | dsp_slice | 3       |
|     add_ln85_95_fu_34921_p2                               |     |        | add_ln85_95   | add | fabric    | 0       |
|     add_ln85_96_fu_34931_p2                               |     |        | add_ln85_96   | add | fabric    | 0       |
|     add_ln85_97_fu_34941_p2                               |     |        | add_ln85_97   | add | fabric    | 0       |
|     mac_muladd_8s_8s_16s_16_4_1_U924                      | 1   |        | add_ln85_98   | add | dsp_slice | 3       |
|     mac_muladd_8s_8s_16s_16_4_1_U835                      | 1   |        | add_ln85_99   | add | dsp_slice | 3       |
|     mac_muladd_8s_8s_16s_17_4_1_U925                      | 1   |        | add_ln85_100  | add | dsp_slice | 3       |
|     mac_muladd_8s_7s_16s_16_4_1_U926                      | 1   |        | add_ln85_102  | add | dsp_slice | 3       |
|     mac_muladd_8s_7s_15s_15_4_1_U836                      | 1   |        | add_ln85_103  | add | dsp_slice | 3       |
|     mac_muladd_8s_7s_15s_16_4_1_U927                      | 1   |        | add_ln85_104  | add | dsp_slice | 3       |
|     add_ln85_105_fu_34965_p2                              |     |        | add_ln85_105  | add | fabric    | 0       |
|     mac_muladd_8s_8s_16s_16_4_1_U928                      | 1   |        | add_ln85_107  | add | dsp_slice | 3       |
|     mac_muladd_8s_7s_15s_15_4_1_U837                      | 1   |        | add_ln85_108  | add | dsp_slice | 3       |
|     mac_muladd_8s_8s_15s_16_4_1_U929                      | 1   |        | add_ln85_109  | add | dsp_slice | 3       |
|     add_ln85_110_fu_34991_p2                              |     |        | add_ln85_110  | add | fabric    | 0       |
|     mac_muladd_8s_8s_16s_16_4_1_U930                      | 1   |        | add_ln85_111  | add | dsp_slice | 3       |
|     mac_muladd_8s_7s_16s_16_4_1_U838                      | 1   |        | add_ln85_112  | add | dsp_slice | 3       |
|     mac_muladd_8s_7s_16s_16_4_1_U931                      | 1   |        | add_ln85_113  | add | dsp_slice | 3       |
|     add_ln85_114_fu_35007_p2                              |     |        | add_ln85_114  | add | fabric    | 0       |
|     add_ln85_115_fu_35017_p2                              |     |        | add_ln85_115  | add | fabric    | 0       |
|     add_ln85_116_fu_35027_p2                              |     |        | add_ln85_116  | add | fabric    | 0       |
|     add_ln85_117_fu_35936_p2                              |     |        | add_ln85_117  | add | fabric    | 0       |
|     mac_muladd_8s_8s_15s_15_4_1_U932                      | 1   |        | add_ln85_118  | add | dsp_slice | 3       |
|     mac_muladd_8s_7s_15s_15_4_1_U839                      | 1   |        | add_ln85_119  | add | dsp_slice | 3       |
|     mac_muladd_8s_7s_15s_16_4_1_U933                      | 1   |        | add_ln85_120  | add | dsp_slice | 3       |
|     add_ln85_121_fu_35039_p2                              |     |        | add_ln85_121  | add | fabric    | 0       |
|     add_ln85_122_fu_33955_p2                              |     |        | add_ln85_122  | add | fabric    | 0       |
|     mac_muladd_8s_7s_16s_16_4_1_U840                      | 1   |        | add_ln85_123  | add | dsp_slice | 3       |
|     mac_muladd_8s_7s_16s_16_4_1_U934                      | 1   |        | add_ln85_124  | add | dsp_slice | 3       |
|     add_ln85_125_fu_35055_p2                              |     |        | add_ln85_125  | add | fabric    | 0       |
|     add_ln85_126_fu_35065_p2                              |     |        | add_ln85_126  | add | fabric    | 0       |
|     mac_muladd_8s_7s_15s_15_4_1_U935                      | 1   |        | add_ln85_127  | add | dsp_slice | 3       |
|     mac_muladd_8s_7s_15s_15_4_1_U841                      | 1   |        | add_ln85_128  | add | dsp_slice | 3       |
|     mac_muladd_8s_7s_15s_16_4_1_U936                      | 1   |        | add_ln85_129  | add | dsp_slice | 3       |
|     add_ln85_130_fu_35081_p2                              |     |        | add_ln85_130  | add | fabric    | 0       |
|     mac_muladd_8s_7s_15s_15_4_1_U937                      | 1   |        | add_ln85_131  | add | dsp_slice | 3       |
|     mac_muladd_8s_7s_16s_16_4_1_U842                      | 1   |        | add_ln85_132  | add | dsp_slice | 3       |
|     mac_muladd_8s_7s_16s_16_4_1_U938                      | 1   |        | add_ln85_133  | add | dsp_slice | 3       |
|     add_ln85_134_fu_35097_p2                              |     |        | add_ln85_134  | add | fabric    | 0       |
|     add_ln85_135_fu_35107_p2                              |     |        | add_ln85_135  | add | fabric    | 0       |
|     add_ln85_136_fu_35117_p2                              |     |        | add_ln85_136  | add | fabric    | 0       |
|     mac_muladd_8s_8s_16s_16_4_1_U939                      | 1   |        | add_ln85_137  | add | dsp_slice | 3       |
|     mac_muladd_8s_7s_16s_16_4_1_U843                      | 1   |        | add_ln85_138  | add | dsp_slice | 3       |
|     mac_muladd_8s_8s_16s_16_4_1_U940                      | 1   |        | add_ln85_139  | add | dsp_slice | 3       |
|     add_ln85_140_fu_35129_p2                              |     |        | add_ln85_140  | add | fabric    | 0       |
|     mac_muladd_8s_8s_15s_15_4_1_U941                      | 1   |        | add_ln85_141  | add | dsp_slice | 3       |
|     mac_muladd_8s_7s_16s_16_4_1_U844                      | 1   |        | add_ln85_142  | add | dsp_slice | 3       |
|     mac_muladd_8s_7s_16s_16_4_1_U942                      | 1   |        | add_ln85_143  | add | dsp_slice | 3       |
|     add_ln85_144_fu_35145_p2                              |     |        | add_ln85_144  | add | fabric    | 0       |
|     add_ln85_145_fu_35155_p2                              |     |        | add_ln85_145  | add | fabric    | 0       |
|     mac_muladd_8s_7s_16s_16_4_1_U943                      | 1   |        | add_ln85_146  | add | dsp_slice | 3       |
|     mac_muladd_8s_7s_15s_15_4_1_U845                      | 1   |        | add_ln85_147  | add | dsp_slice | 3       |
|     mac_muladd_8s_7s_15s_16_4_1_U944                      | 1   |        | add_ln85_148  | add | dsp_slice | 3       |
|     add_ln85_149_fu_35171_p2                              |     |        | add_ln85_149  | add | fabric    | 0       |
|     mac_muladd_8s_8s_16s_16_4_1_U945                      | 1   |        | add_ln85_150  | add | dsp_slice | 3       |
|     mac_muladd_8s_7s_15s_15_4_1_U846                      | 1   |        | add_ln85_151  | add | dsp_slice | 3       |
|     mac_muladd_8s_7s_15s_16_4_1_U946                      | 1   |        | add_ln85_152  | add | dsp_slice | 3       |
|     add_ln85_153_fu_35187_p2                              |     |        | add_ln85_153  | add | fabric    | 0       |
|     add_ln85_154_fu_35197_p2                              |     |        | add_ln85_154  | add | fabric    | 0       |
|     add_ln85_155_fu_35207_p2                              |     |        | add_ln85_155  | add | fabric    | 0       |
|     add_ln85_156_fu_35952_p2                              |     |        | add_ln85_156  | add | fabric    | 0       |
|     add_ln85_157_fu_35962_p2                              |     |        | add_ln85_157  | add | fabric    | 0       |
|     add_ln85_158_fu_35972_p2                              |     |        | add_ln85_158  | add | fabric    | 0       |
|     mac_muladd_8s_7s_15s_15_4_1_U947                      | 1   |        | add_ln85_159  | add | dsp_slice | 3       |
|     mac_muladd_8s_7s_15s_15_4_1_U847                      | 1   |        | add_ln85_160  | add | dsp_slice | 3       |
|     mac_muladd_8s_7s_15s_16_4_1_U948                      | 1   |        | add_ln85_161  | add | dsp_slice | 3       |
|     add_ln85_162_fu_35219_p2                              |     |        | add_ln85_162  | add | fabric    | 0       |
|     mac_muladd_8s_8s_16s_16_4_1_U949                      | 1   |        | add_ln85_163  | add | dsp_slice | 3       |
|     mac_muladd_8s_8s_16s_16_4_1_U848                      | 1   |        | add_ln85_164  | add | dsp_slice | 3       |
|     mac_muladd_8s_8s_16s_17_4_1_U950                      | 1   |        | add_ln85_165  | add | dsp_slice | 3       |
|     add_ln85_166_fu_35232_p2                              |     |        | add_ln85_166  | add | fabric    | 0       |
|     add_ln85_167_fu_35241_p2                              |     |        | add_ln85_167  | add | fabric    | 0       |
|     mac_muladd_8s_8s_16s_16_4_1_U951                      | 1   |        | add_ln85_168  | add | dsp_slice | 3       |
|     mac_muladd_8s_8s_15s_15_4_1_U849                      | 1   |        | add_ln85_169  | add | dsp_slice | 3       |
|     mac_muladd_8s_8s_15s_16_4_1_U952                      | 1   |        | add_ln85_170  | add | dsp_slice | 3       |
|     add_ln85_171_fu_35257_p2                              |     |        | add_ln85_171  | add | fabric    | 0       |
|     mac_muladd_8s_7s_15s_15_4_1_U953                      | 1   |        | add_ln85_172  | add | dsp_slice | 3       |
|     mac_muladd_8s_8s_16s_16_4_1_U850                      | 1   |        | add_ln85_173  | add | dsp_slice | 3       |
|     mac_muladd_8s_8s_16ns_16_4_1_U954                     | 1   |        | add_ln85_174  | add | dsp_slice | 3       |
|     add_ln85_175_fu_35273_p2                              |     |        | add_ln85_175  | add | fabric    | 0       |
|     add_ln85_176_fu_35283_p2                              |     |        | add_ln85_176  | add | fabric    | 0       |
|     add_ln85_177_fu_35293_p2                              |     |        | add_ln85_177  | add | fabric    | 0       |
|     mac_muladd_8s_7s_16s_16_4_1_U955                      | 1   |        | add_ln85_178  | add | dsp_slice | 3       |
|     mac_muladd_8s_7s_15s_15_4_1_U851                      | 1   |        | add_ln85_179  | add | dsp_slice | 3       |
|     mac_muladd_8s_7s_15s_16_4_1_U956                      | 1   |        | add_ln85_180  | add | dsp_slice | 3       |
|     add_ln85_181_fu_35305_p2                              |     |        | add_ln85_181  | add | fabric    | 0       |
|     mac_muladd_8s_8s_16s_16_4_1_U957                      | 1   |        | add_ln85_182  | add | dsp_slice | 3       |
|     mac_muladd_8s_7s_16s_16_4_1_U852                      | 1   |        | add_ln85_183  | add | dsp_slice | 3       |
|     mac_muladd_8s_8s_16s_16_4_1_U958                      | 1   |        | add_ln85_184  | add | dsp_slice | 3       |
|     add_ln85_185_fu_35321_p2                              |     |        | add_ln85_185  | add | fabric    | 0       |
|     add_ln85_186_fu_35331_p2                              |     |        | add_ln85_186  | add | fabric    | 0       |
|     mac_muladd_8s_8s_16s_16_4_1_U959                      | 1   |        | add_ln85_187  | add | dsp_slice | 3       |
|     mac_muladd_8s_7s_15s_15_4_1_U853                      | 1   |        | add_ln85_188  | add | dsp_slice | 3       |
|     mac_muladd_8s_8s_15s_16_4_1_U960                      | 1   |        | add_ln85_189  | add | dsp_slice | 3       |
|     add_ln85_190_fu_35347_p2                              |     |        | add_ln85_190  | add | fabric    | 0       |
|     mac_muladd_8s_7s_16s_16_4_1_U961                      | 1   |        | add_ln85_191  | add | dsp_slice | 3       |
|     mac_muladd_8s_8s_16s_16_4_1_U854                      | 1   |        | add_ln85_192  | add | dsp_slice | 3       |
|     mac_muladd_8s_8s_16ns_16_4_1_U962                     | 1   |        | add_ln85_193  | add | dsp_slice | 3       |
|     add_ln85_194_fu_35363_p2                              |     |        | add_ln85_194  | add | fabric    | 0       |
|     add_ln85_195_fu_35373_p2                              |     |        | add_ln85_195  | add | fabric    | 0       |
|     add_ln85_196_fu_35383_p2                              |     |        | add_ln85_196  | add | fabric    | 0       |
|     add_ln85_197_fu_35984_p2                              |     |        | add_ln85_197  | add | fabric    | 0       |
|     mac_muladd_8s_7s_15s_15_4_1_U963                      | 1   |        | add_ln85_198  | add | dsp_slice | 3       |
|     mac_muladd_8s_7s_15s_15_4_1_U855                      | 1   |        | add_ln85_199  | add | dsp_slice | 3       |
|     mac_muladd_8s_7s_15s_16_4_1_U964                      | 1   |        | add_ln85_200  | add | dsp_slice | 3       |
|     add_ln85_201_fu_35395_p2                              |     |        | add_ln85_201  | add | fabric    | 0       |
|     mac_muladd_8s_8s_16s_16_4_1_U965                      | 1   |        | add_ln85_202  | add | dsp_slice | 3       |
|     mac_muladd_8s_7s_15s_15_4_1_U856                      | 1   |        | add_ln85_203  | add | dsp_slice | 3       |
|     mac_muladd_8s_7s_15s_16_4_1_U966                      | 1   |        | add_ln85_204  | add | dsp_slice | 3       |
|     add_ln85_205_fu_35411_p2                              |     |        | add_ln85_205  | add | fabric    | 0       |
|     add_ln85_206_fu_35421_p2                              |     |        | add_ln85_206  | add | fabric    | 0       |
|     mac_muladd_8s_7s_15s_15_4_1_U967                      | 1   |        | add_ln85_207  | add | dsp_slice | 3       |
|     mac_muladd_8s_7s_15s_15_4_1_U857                      | 1   |        | add_ln85_208  | add | dsp_slice | 3       |
|     mac_muladd_8s_7s_15s_16_4_1_U968                      | 1   |        | add_ln85_209  | add | dsp_slice | 3       |
|     add_ln85_210_fu_35437_p2                              |     |        | add_ln85_210  | add | fabric    | 0       |
|     mac_muladd_8s_7s_15s_15_4_1_U969                      | 1   |        | add_ln85_211  | add | dsp_slice | 3       |
|     mac_muladd_8s_8s_15s_15_4_1_U858                      | 1   |        | add_ln85_212  | add | dsp_slice | 3       |
|     mac_muladd_8s_7s_15s_16_4_1_U970                      | 1   |        | add_ln85_213  | add | dsp_slice | 3       |
|     add_ln85_214_fu_35453_p2                              |     |        | add_ln85_214  | add | fabric    | 0       |
|     add_ln85_215_fu_35463_p2                              |     |        | add_ln85_215  | add | fabric    | 0       |
|     add_ln85_216_fu_35473_p2                              |     |        | add_ln85_216  | add | fabric    | 0       |
|     mac_muladd_8s_8s_16s_16_4_1_U971                      | 1   |        | add_ln85_217  | add | dsp_slice | 3       |
|     mac_muladd_8s_7s_16s_16_4_1_U859                      | 1   |        | add_ln85_218  | add | dsp_slice | 3       |
|     mac_muladd_8s_8s_16s_16_4_1_U972                      | 1   |        | add_ln85_219  | add | dsp_slice | 3       |
|     add_ln85_220_fu_35485_p2                              |     |        | add_ln85_220  | add | fabric    | 0       |
|     mac_muladd_8s_8s_15s_15_4_1_U973                      | 1   |        | add_ln85_221  | add | dsp_slice | 3       |
|     mac_muladd_8s_7s_16s_16_4_1_U860                      | 1   |        | add_ln85_222  | add | dsp_slice | 3       |
|     mac_muladd_8s_7s_16s_16_4_1_U974                      | 1   |        | add_ln85_223  | add | dsp_slice | 3       |
|     add_ln85_224_fu_35501_p2                              |     |        | add_ln85_224  | add | fabric    | 0       |
|     add_ln85_225_fu_35511_p2                              |     |        | add_ln85_225  | add | fabric    | 0       |
|     mac_muladd_8s_7s_15s_15_4_1_U975                      | 1   |        | add_ln85_226  | add | dsp_slice | 3       |
|     mac_muladd_8s_7s_15s_15_4_1_U861                      | 1   |        | add_ln85_227  | add | dsp_slice | 3       |
|     mac_muladd_8s_7s_15s_16_4_1_U976                      | 1   |        | add_ln85_228  | add | dsp_slice | 3       |
|     add_ln85_229_fu_35527_p2                              |     |        | add_ln85_229  | add | fabric    | 0       |
|     mac_muladd_8s_7s_16s_16_4_1_U885                      | 1   |        | add_ln85_230  | add | dsp_slice | 3       |
|     mac_muladd_8s_8s_16s_16_4_1_U862                      | 1   |        | add_ln85_231  | add | dsp_slice | 3       |
|     mac_muladd_8s_8s_16ns_16_4_1_U977                     | 1   |        | add_ln85_232  | add | dsp_slice | 3       |
|     add_ln85_233_fu_35543_p2                              |     |        | add_ln85_233  | add | fabric    | 0       |
|     add_ln85_234_fu_35553_p2                              |     |        | add_ln85_234  | add | fabric    | 0       |
|     add_ln85_235_fu_35563_p2                              |     |        | add_ln85_235  | add | fabric    | 0       |
|     add_ln85_236_fu_36000_p2                              |     |        | add_ln85_236  | add | fabric    | 0       |
|     add_ln85_237_fu_36010_p2                              |     |        | add_ln85_237  | add | fabric    | 0       |
|     mac_muladd_8s_8s_16s_16_4_1_U978                      | 1   |        | add_ln85_238  | add | dsp_slice | 3       |
|     mac_muladd_8s_8s_16s_16_4_1_U863                      | 1   |        | add_ln85_239  | add | dsp_slice | 3       |
|     mac_muladd_8s_8s_16ns_16_4_1_U979                     | 1   |        | add_ln85_240  | add | dsp_slice | 3       |
|     add_ln85_241_fu_35575_p2                              |     |        | add_ln85_241  | add | fabric    | 0       |
|     mac_muladd_8s_7s_15s_15_4_1_U980                      | 1   |        | add_ln85_242  | add | dsp_slice | 3       |
|     mac_muladd_8s_7s_15s_15_4_1_U864                      | 1   |        | add_ln85_243  | add | dsp_slice | 3       |
|     mac_muladd_8s_7s_15s_16_4_1_U981                      | 1   |        | add_ln85_244  | add | dsp_slice | 3       |
|     add_ln85_245_fu_35591_p2                              |     |        | add_ln85_245  | add | fabric    | 0       |
|     add_ln85_246_fu_35601_p2                              |     |        | add_ln85_246  | add | fabric    | 0       |
|     mac_muladd_8s_7s_15s_15_4_1_U982                      | 1   |        | add_ln85_247  | add | dsp_slice | 3       |
|     mac_muladd_8s_8s_15s_15_4_1_U865                      | 1   |        | add_ln85_248  | add | dsp_slice | 3       |
|     mac_muladd_8s_8s_15s_16_4_1_U983                      | 1   |        | add_ln85_249  | add | dsp_slice | 3       |
|     add_ln85_250_fu_35617_p2                              |     |        | add_ln85_250  | add | fabric    | 0       |
|     mac_muladd_8s_8s_16s_16_4_1_U984                      | 1   |        | add_ln85_251  | add | dsp_slice | 3       |
|     mac_muladd_8s_7s_16s_16_4_1_U866                      | 1   |        | add_ln85_252  | add | dsp_slice | 3       |
|     mac_muladd_8s_8s_16s_16_4_1_U985                      | 1   |        | add_ln85_253  | add | dsp_slice | 3       |
|     add_ln85_254_fu_35633_p2                              |     |        | add_ln85_254  | add | fabric    | 0       |
|     add_ln85_255_fu_35643_p2                              |     |        | add_ln85_255  | add | fabric    | 0       |
|     add_ln85_256_fu_35653_p2                              |     |        | add_ln85_256  | add | fabric    | 0       |
|     mac_muladd_8s_8s_16s_16_4_1_U986                      | 1   |        | add_ln85_257  | add | dsp_slice | 3       |
|     mac_muladd_8s_7s_16s_16_4_1_U867                      | 1   |        | add_ln85_258  | add | dsp_slice | 3       |
|     mac_muladd_8s_7s_16s_16_4_1_U987                      | 1   |        | add_ln85_259  | add | dsp_slice | 3       |
|     add_ln85_260_fu_35665_p2                              |     |        | add_ln85_260  | add | fabric    | 0       |
|     mac_muladd_8s_7s_15s_15_4_1_U988                      | 1   |        | add_ln85_261  | add | dsp_slice | 3       |
|     mac_muladd_8s_8s_15s_15_4_1_U868                      | 1   |        | add_ln85_262  | add | dsp_slice | 3       |
|     mac_muladd_8s_8s_15s_16_4_1_U989                      | 1   |        | add_ln85_263  | add | dsp_slice | 3       |
|     add_ln85_264_fu_35681_p2                              |     |        | add_ln85_264  | add | fabric    | 0       |
|     add_ln85_265_fu_35691_p2                              |     |        | add_ln85_265  | add | fabric    | 0       |
|     mac_muladd_8s_7s_16s_16_4_1_U886                      | 1   |        | add_ln85_266  | add | dsp_slice | 3       |
|     mac_muladd_8s_8s_16s_16_4_1_U869                      | 1   |        | add_ln85_267  | add | dsp_slice | 3       |
|     mac_muladd_8s_7s_16s_16_4_1_U990                      | 1   |        | add_ln85_268  | add | dsp_slice | 3       |
|     add_ln85_269_fu_35707_p2                              |     |        | add_ln85_269  | add | fabric    | 0       |
|     mac_muladd_8s_7s_16s_16_4_1_U991                      | 1   |        | add_ln85_270  | add | dsp_slice | 3       |
|     mac_muladd_8s_7s_15s_15_4_1_U870                      | 1   |        | add_ln85_271  | add | dsp_slice | 3       |
|     mac_muladd_8s_7s_15s_16_4_1_U992                      | 1   |        | add_ln85_272  | add | dsp_slice | 3       |
|     add_ln85_273_fu_35723_p2                              |     |        | add_ln85_273  | add | fabric    | 0       |
|     add_ln85_274_fu_35733_p2                              |     |        | add_ln85_274  | add | fabric    | 0       |
|     add_ln85_275_fu_35743_p2                              |     |        | add_ln85_275  | add | fabric    | 0       |
|     add_ln85_276_fu_36022_p2                              |     |        | add_ln85_276  | add | fabric    | 0       |
|     mac_muladd_8s_7s_15s_15_4_1_U993                      | 1   |        | add_ln85_277  | add | dsp_slice | 3       |
|     mac_muladd_8s_7s_15s_15_4_1_U871                      | 1   |        | add_ln85_278  | add | dsp_slice | 3       |
|     mac_muladd_8s_7s_15s_16_4_1_U994                      | 1   |        | add_ln85_279  | add | dsp_slice | 3       |
|     add_ln85_280_fu_35755_p2                              |     |        | add_ln85_280  | add | fabric    | 0       |
|     mac_muladd_8s_7s_16s_16_4_1_U887                      | 1   |        | add_ln85_281  | add | dsp_slice | 3       |
|     mac_muladd_8s_7s_15s_15_4_1_U872                      | 1   |        | add_ln85_282  | add | dsp_slice | 3       |
|     mac_muladd_8s_7s_15s_16_4_1_U995                      | 1   |        | add_ln85_283  | add | dsp_slice | 3       |
|     add_ln85_284_fu_35771_p2                              |     |        | add_ln85_284  | add | fabric    | 0       |
|     add_ln85_285_fu_35781_p2                              |     |        | add_ln85_285  | add | fabric    | 0       |
|     mac_muladd_8s_7s_15s_15_4_1_U996                      | 1   |        | add_ln85_286  | add | dsp_slice | 3       |
|     mac_muladd_8s_7s_15s_15_4_1_U873                      | 1   |        | add_ln85_287  | add | dsp_slice | 3       |
|     mac_muladd_8s_7s_15s_16_4_1_U997                      | 1   |        | add_ln85_288  | add | dsp_slice | 3       |
|     add_ln85_289_fu_35797_p2                              |     |        | add_ln85_289  | add | fabric    | 0       |
|     mac_muladd_8s_7s_16s_16_4_1_U998                      | 1   |        | add_ln85_290  | add | dsp_slice | 3       |
|     mac_muladd_8s_7s_15s_15_4_1_U874                      | 1   |        | add_ln85_291  | add | dsp_slice | 3       |
|     mac_muladd_8s_8s_15s_16_4_1_U999                      | 1   |        | add_ln85_292  | add | dsp_slice | 3       |
|     add_ln85_293_fu_35813_p2                              |     |        | add_ln85_293  | add | fabric    | 0       |
|     add_ln85_294_fu_35823_p2                              |     |        | add_ln85_294  | add | fabric    | 0       |
|     add_ln85_295_fu_35833_p2                              |     |        | add_ln85_295  | add | fabric    | 0       |
|     mac_muladd_8s_7s_16s_16_4_1_U888                      | 1   |        | add_ln85_296  | add | dsp_slice | 3       |
|     mac_muladd_8s_7s_15s_15_4_1_U875                      | 1   |        | add_ln85_297  | add | dsp_slice | 3       |
|     mac_muladd_8s_7s_15s_16_4_1_U1000                     | 1   |        | add_ln85_298  | add | dsp_slice | 3       |
|     add_ln85_299_fu_35845_p2                              |     |        | add_ln85_299  | add | fabric    | 0       |
|     mac_muladd_8s_7s_15s_15_4_1_U1001                     | 1   |        | add_ln85_300  | add | dsp_slice | 3       |
|     mac_muladd_8s_8s_16s_16_4_1_U876                      | 1   |        | add_ln85_301  | add | dsp_slice | 3       |
|     mac_muladd_8s_8s_16ns_16_4_1_U1002                    | 1   |        | add_ln85_302  | add | dsp_slice | 3       |
|     add_ln85_303_fu_35861_p2                              |     |        | add_ln85_303  | add | fabric    | 0       |
|     add_ln85_304_fu_35871_p2                              |     |        | add_ln85_304  | add | fabric    | 0       |
|     mac_muladd_8s_8s_16s_16_4_1_U1003                     | 1   |        | add_ln85_305  | add | dsp_slice | 3       |
|     mac_muladd_8s_8s_16s_16_4_1_U877                      | 1   |        | add_ln85_306  | add | dsp_slice | 3       |
|     mac_muladd_8s_8s_16s_17_4_1_U1004                     | 1   |        | add_ln85_307  | add | dsp_slice | 3       |
|     add_ln85_308_fu_35880_p2                              |     |        | add_ln85_308  | add | fabric    | 0       |
|     mac_muladd_8s_7s_15s_15_4_1_U1005                     | 1   |        | add_ln85_309  | add | dsp_slice | 3       |
|     mac_muladd_8s_8s_15s_16_4_1_U1006                     | 1   |        | add_ln85_310  | add | dsp_slice | 3       |
|     mac_muladd_8s_8s_16s_16_4_1_U878                      | 1   |        | add_ln85_311  | add | dsp_slice | 3       |
|     mac_muladd_8s_7s_16s_16_4_1_U879                      | 1   |        | add_ln85_312  | add | dsp_slice | 3       |
|     add_ln85_313_fu_36040_p2                              |     |        | add_ln85_313  | add | fabric    | 0       |
|     add_ln85_314_fu_36050_p2                              |     |        | add_ln85_314  | add | fabric    | 0       |
|     add_ln85_315_fu_36060_p2                              |     |        | add_ln85_315  | add | fabric    | 0       |
|     add_ln85_316_fu_36081_p2                              |     |        | add_ln85_316  | add | fabric    | 0       |
|     add_ln85_317_fu_36091_p2                              |     |        | add_ln85_317  | add | fabric    | 0       |
|     add_ln85_318_fu_36101_p2                              |     |        | add_ln85_318  | add | fabric    | 0       |
|     acc_fu_36111_p2                                       |     |        | acc           | add | fabric    | 0       |
|     mul_23s_32ns_53_1_1_U362                              | 2   |        | prod          | mul | auto      | 0       |
|     sum_fu_36121_p2                                       |     |        | sum           | add | fabric    | 0       |
|     mac_muladd_8s_9ns_15ns_17_4_1_U1007                   | 1   |        | mul_ln36      | mul | dsp_slice | 3       |
|     mac_muladd_8s_9ns_15ns_17_4_1_U1007                   | 1   |        | add_ln36      | add | dsp_slice | 3       |
|  + awn_forward_Pipeline_VITIS_LOOP_210_1_VITIS_LOOP_211_2 | 0   |        |               |     |           |         |
|    add_ln210_1_fu_1269_p2                                 |     |        | add_ln210_1   | add | fabric    | 0       |
|    add_ln210_fu_1281_p2                                   |     |        | add_ln210     | add | fabric    | 0       |
|    add_ln212_fu_1455_p2                                   |     |        | add_ln212     | add | fabric    | 0       |
|    add_ln211_fu_1357_p2                                   |     |        | add_ln211     | add | fabric    | 0       |
|  + awn_forward_Pipeline_VITIS_LOOP_221_3_VITIS_LOOP_222_4 | 2   |        |               |     |           |         |
|    add_ln221_1_fu_53511_p2                                |     |        | add_ln221_1   | add | fabric    | 0       |
|    add_ln221_fu_53523_p2                                  |     |        | add_ln221     | add | fabric    | 0       |
|    add_ln223_fu_53567_p2                                  |     |        | add_ln223     | add | fabric    | 0       |
|    mul_8s_32ns_39_1_1_U2380                               | 2   |        | mul_ln17      | mul | auto      | 0       |
|    sum_fu_53608_p2                                        |     |        | sum           | add | fabric    | 0       |
|    add_ln224_fu_53684_p2                                  |     |        | add_ln224     | add | fabric    | 0       |
|    add_ln222_fu_53583_p2                                  |     |        | add_ln222     | add | fabric    | 0       |
|  + awn_forward_Pipeline_VITIS_LOOP_232_5_VITIS_LOOP_233_6 | 2   |        |               |     |           |         |
|    add_ln232_1_fu_2166_p2                                 |     |        | add_ln232_1   | add | fabric    | 0       |
|    add_ln232_fu_2280_p2                                   |     |        | add_ln232     | add | fabric    | 0       |
|    add_ln235_fu_2308_p2                                   |     |        | add_ln235     | add | fabric    | 0       |
|    mul_8s_32ns_38_1_1_U6483                               | 2   |        | mul_ln17      | mul | auto      | 0       |
|    sum_fu_2659_p2                                         |     |        | sum           | add | fabric    | 0       |
|    sub_ln235_fu_2681_p2                                   |     |        | sub_ln235     | sub | fabric    | 0       |
|    add_ln233_fu_2261_p2                                   |     |        | add_ln233     | add | fabric    | 0       |
|  + avgpool_64                                             | 2   |        |               |     |           |         |
|    add_ln172_fu_1046_p2                                   |     |        | add_ln172     | add | fabric    | 0       |
|    add_ln175_fu_1381_p2                                   |     |        | add_ln175     | add | fabric    | 0       |
|    add_ln175_63_fu_1391_p2                                |     |        | add_ln175_63  | add | fabric    | 0       |
|    add_ln175_64_fu_1401_p2                                |     |        | add_ln175_64  | add | fabric    | 0       |
|    add_ln175_65_fu_1411_p2                                |     |        | add_ln175_65  | add | fabric    | 0       |
|    add_ln175_66_fu_1421_p2                                |     |        | add_ln175_66  | add | fabric    | 0       |
|    add_ln175_67_fu_1431_p2                                |     |        | add_ln175_67  | add | fabric    | 0       |
|    add_ln175_68_fu_1441_p2                                |     |        | add_ln175_68  | add | fabric    | 0       |
|    add_ln175_69_fu_1447_p2                                |     |        | add_ln175_69  | add | fabric    | 0       |
|    add_ln175_70_fu_1457_p2                                |     |        | add_ln175_70  | add | fabric    | 0       |
|    add_ln175_71_fu_1467_p2                                |     |        | add_ln175_71  | add | fabric    | 0       |
|    add_ln175_72_fu_1477_p2                                |     |        | add_ln175_72  | add | fabric    | 0       |
|    add_ln175_73_fu_1487_p2                                |     |        | add_ln175_73  | add | fabric    | 0       |
|    add_ln175_74_fu_1497_p2                                |     |        | add_ln175_74  | add | fabric    | 0       |
|    add_ln175_75_fu_1507_p2                                |     |        | add_ln175_75  | add | fabric    | 0       |
|    add_ln175_76_fu_1915_p2                                |     |        | add_ln175_76  | add | fabric    | 0       |
|    add_ln175_77_fu_1513_p2                                |     |        | add_ln175_77  | add | fabric    | 0       |
|    add_ln175_78_fu_1523_p2                                |     |        | add_ln175_78  | add | fabric    | 0       |
|    add_ln175_79_fu_1533_p2                                |     |        | add_ln175_79  | add | fabric    | 0       |
|    add_ln175_80_fu_1543_p2                                |     |        | add_ln175_80  | add | fabric    | 0       |
|    add_ln175_81_fu_1553_p2                                |     |        | add_ln175_81  | add | fabric    | 0       |
|    add_ln175_82_fu_1563_p2                                |     |        | add_ln175_82  | add | fabric    | 0       |
|    add_ln175_83_fu_1573_p2                                |     |        | add_ln175_83  | add | fabric    | 0       |
|    add_ln175_84_fu_1579_p2                                |     |        | add_ln175_84  | add | fabric    | 0       |
|    add_ln175_85_fu_1589_p2                                |     |        | add_ln175_85  | add | fabric    | 0       |
|    add_ln175_86_fu_1599_p2                                |     |        | add_ln175_86  | add | fabric    | 0       |
|    add_ln175_87_fu_1609_p2                                |     |        | add_ln175_87  | add | fabric    | 0       |
|    add_ln175_88_fu_1619_p2                                |     |        | add_ln175_88  | add | fabric    | 0       |
|    add_ln175_89_fu_1629_p2                                |     |        | add_ln175_89  | add | fabric    | 0       |
|    add_ln175_90_fu_1639_p2                                |     |        | add_ln175_90  | add | fabric    | 0       |
|    add_ln175_91_fu_1931_p2                                |     |        | add_ln175_91  | add | fabric    | 0       |
|    add_ln175_92_fu_1941_p2                                |     |        | add_ln175_92  | add | fabric    | 0       |
|    add_ln175_93_fu_1645_p2                                |     |        | add_ln175_93  | add | fabric    | 0       |
|    add_ln175_94_fu_1655_p2                                |     |        | add_ln175_94  | add | fabric    | 0       |
|    add_ln175_95_fu_1665_p2                                |     |        | add_ln175_95  | add | fabric    | 0       |
|    add_ln175_96_fu_1675_p2                                |     |        | add_ln175_96  | add | fabric    | 0       |
|    add_ln175_97_fu_1685_p2                                |     |        | add_ln175_97  | add | fabric    | 0       |
|    add_ln175_98_fu_1695_p2                                |     |        | add_ln175_98  | add | fabric    | 0       |
|    add_ln175_99_fu_1705_p2                                |     |        | add_ln175_99  | add | fabric    | 0       |
|    add_ln175_100_fu_1711_p2                               |     |        | add_ln175_100 | add | fabric    | 0       |
|    add_ln175_101_fu_1721_p2                               |     |        | add_ln175_101 | add | fabric    | 0       |
|    add_ln175_102_fu_1731_p2                               |     |        | add_ln175_102 | add | fabric    | 0       |
|    add_ln175_103_fu_1741_p2                               |     |        | add_ln175_103 | add | fabric    | 0       |
|    add_ln175_104_fu_1751_p2                               |     |        | add_ln175_104 | add | fabric    | 0       |
|    add_ln175_105_fu_1761_p2                               |     |        | add_ln175_105 | add | fabric    | 0       |
|    add_ln175_106_fu_1771_p2                               |     |        | add_ln175_106 | add | fabric    | 0       |
|    add_ln175_107_fu_1957_p2                               |     |        | add_ln175_107 | add | fabric    | 0       |
|    add_ln175_108_fu_1777_p2                               |     |        | add_ln175_108 | add | fabric    | 0       |
|    add_ln175_109_fu_1787_p2                               |     |        | add_ln175_109 | add | fabric    | 0       |
|    add_ln175_110_fu_1797_p2                               |     |        | add_ln175_110 | add | fabric    | 0       |
|    add_ln175_111_fu_1807_p2                               |     |        | add_ln175_111 | add | fabric    | 0       |
|    add_ln175_112_fu_1817_p2                               |     |        | add_ln175_112 | add | fabric    | 0       |
|    add_ln175_113_fu_1827_p2                               |     |        | add_ln175_113 | add | fabric    | 0       |
|    add_ln175_114_fu_1837_p2                               |     |        | add_ln175_114 | add | fabric    | 0       |
|    add_ln175_115_fu_1843_p2                               |     |        | add_ln175_115 | add | fabric    | 0       |
|    add_ln175_116_fu_1853_p2                               |     |        | add_ln175_116 | add | fabric    | 0       |
|    add_ln175_117_fu_1863_p2                               |     |        | add_ln175_117 | add | fabric    | 0       |
|    add_ln175_118_fu_1873_p2                               |     |        | add_ln175_118 | add | fabric    | 0       |
|    add_ln175_119_fu_1883_p2                               |     |        | add_ln175_119 | add | fabric    | 0       |
|    add_ln175_120_fu_1893_p2                               |     |        | add_ln175_120 | add | fabric    | 0       |
|    add_ln175_121_fu_1903_p2                               |     |        | add_ln175_121 | add | fabric    | 0       |
|    add_ln175_122_fu_1973_p2                               |     |        | add_ln175_122 | add | fabric    | 0       |
|    add_ln175_123_fu_1983_p2                               |     |        | add_ln175_123 | add | fabric    | 0       |
|    acc_5_fu_1993_p2                                       |     |        | acc_5         | add | fabric    | 0       |
|    mul_14s_32ns_45_1_1_U6616                              | 2   |        | mul_ln17      | mul | auto      | 0       |
|    sum_fu_2003_p2                                         |     |        | sum           | add | fabric    | 0       |
|  + avgpool_64_1                                           | 2   |        |               |     |           |         |
|    add_ln172_fu_32988_p2                                  |     |        | add_ln172     | add | fabric    | 0       |
|    add_ln175_fu_50150_p2                                  |     |        | add_ln175     | add | fabric    | 0       |
|    add_ln175_1_fu_50160_p2                                |     |        | add_ln175_1   | add | fabric    | 0       |
|    add_ln175_2_fu_50170_p2                                |     |        | add_ln175_2   | add | fabric    | 0       |
|    add_ln175_3_fu_50180_p2                                |     |        | add_ln175_3   | add | fabric    | 0       |
|    add_ln175_4_fu_50190_p2                                |     |        | add_ln175_4   | add | fabric    | 0       |
|    add_ln175_5_fu_50200_p2                                |     |        | add_ln175_5   | add | fabric    | 0       |
|    add_ln175_6_fu_50210_p2                                |     |        | add_ln175_6   | add | fabric    | 0       |
|    add_ln175_7_fu_50216_p2                                |     |        | add_ln175_7   | add | fabric    | 0       |
|    add_ln175_8_fu_50226_p2                                |     |        | add_ln175_8   | add | fabric    | 0       |
|    add_ln175_9_fu_50236_p2                                |     |        | add_ln175_9   | add | fabric    | 0       |
|    add_ln175_10_fu_50246_p2                               |     |        | add_ln175_10  | add | fabric    | 0       |
|    add_ln175_11_fu_50256_p2                               |     |        | add_ln175_11  | add | fabric    | 0       |
|    add_ln175_12_fu_50266_p2                               |     |        | add_ln175_12  | add | fabric    | 0       |
|    add_ln175_13_fu_50276_p2                               |     |        | add_ln175_13  | add | fabric    | 0       |
|    add_ln175_14_fu_50689_p2                               |     |        | add_ln175_14  | add | fabric    | 0       |
|    add_ln175_15_fu_50282_p2                               |     |        | add_ln175_15  | add | fabric    | 0       |
|    add_ln175_16_fu_50292_p2                               |     |        | add_ln175_16  | add | fabric    | 0       |
|    add_ln175_17_fu_50302_p2                               |     |        | add_ln175_17  | add | fabric    | 0       |
|    add_ln175_18_fu_50312_p2                               |     |        | add_ln175_18  | add | fabric    | 0       |
|    add_ln175_19_fu_50322_p2                               |     |        | add_ln175_19  | add | fabric    | 0       |
|    add_ln175_20_fu_50332_p2                               |     |        | add_ln175_20  | add | fabric    | 0       |
|    add_ln175_21_fu_50342_p2                               |     |        | add_ln175_21  | add | fabric    | 0       |
|    add_ln175_22_fu_50348_p2                               |     |        | add_ln175_22  | add | fabric    | 0       |
|    add_ln175_23_fu_50358_p2                               |     |        | add_ln175_23  | add | fabric    | 0       |
|    add_ln175_24_fu_50368_p2                               |     |        | add_ln175_24  | add | fabric    | 0       |
|    add_ln175_25_fu_50378_p2                               |     |        | add_ln175_25  | add | fabric    | 0       |
|    add_ln175_26_fu_50388_p2                               |     |        | add_ln175_26  | add | fabric    | 0       |
|    add_ln175_27_fu_50398_p2                               |     |        | add_ln175_27  | add | fabric    | 0       |
|    add_ln175_28_fu_50408_p2                               |     |        | add_ln175_28  | add | fabric    | 0       |
|    add_ln175_29_fu_50705_p2                               |     |        | add_ln175_29  | add | fabric    | 0       |
|    add_ln175_30_fu_50715_p2                               |     |        | add_ln175_30  | add | fabric    | 0       |
|    add_ln175_31_fu_50414_p2                               |     |        | add_ln175_31  | add | fabric    | 0       |
|    add_ln175_32_fu_50424_p2                               |     |        | add_ln175_32  | add | fabric    | 0       |
|    add_ln175_33_fu_50434_p2                               |     |        | add_ln175_33  | add | fabric    | 0       |
|    add_ln175_34_fu_50444_p2                               |     |        | add_ln175_34  | add | fabric    | 0       |
|    add_ln175_35_fu_50454_p2                               |     |        | add_ln175_35  | add | fabric    | 0       |
|    add_ln175_36_fu_50464_p2                               |     |        | add_ln175_36  | add | fabric    | 0       |
|    add_ln175_37_fu_50474_p2                               |     |        | add_ln175_37  | add | fabric    | 0       |
|    add_ln175_38_fu_50480_p2                               |     |        | add_ln175_38  | add | fabric    | 0       |
|    add_ln175_39_fu_50490_p2                               |     |        | add_ln175_39  | add | fabric    | 0       |
|    add_ln175_40_fu_50500_p2                               |     |        | add_ln175_40  | add | fabric    | 0       |
|    add_ln175_41_fu_50510_p2                               |     |        | add_ln175_41  | add | fabric    | 0       |
|    add_ln175_42_fu_50520_p2                               |     |        | add_ln175_42  | add | fabric    | 0       |
|    add_ln175_43_fu_50530_p2                               |     |        | add_ln175_43  | add | fabric    | 0       |
|    add_ln175_44_fu_50540_p2                               |     |        | add_ln175_44  | add | fabric    | 0       |
|    add_ln175_45_fu_50731_p2                               |     |        | add_ln175_45  | add | fabric    | 0       |
|    add_ln175_46_fu_50546_p2                               |     |        | add_ln175_46  | add | fabric    | 0       |
|    add_ln175_47_fu_50556_p2                               |     |        | add_ln175_47  | add | fabric    | 0       |
|    add_ln175_48_fu_50566_p2                               |     |        | add_ln175_48  | add | fabric    | 0       |
|    add_ln175_49_fu_50576_p2                               |     |        | add_ln175_49  | add | fabric    | 0       |
|    add_ln175_50_fu_50586_p2                               |     |        | add_ln175_50  | add | fabric    | 0       |
|    add_ln175_51_fu_50596_p2                               |     |        | add_ln175_51  | add | fabric    | 0       |
|    add_ln175_52_fu_50606_p2                               |     |        | add_ln175_52  | add | fabric    | 0       |
|    add_ln175_53_fu_50612_p2                               |     |        | add_ln175_53  | add | fabric    | 0       |
|    add_ln175_54_fu_50622_p2                               |     |        | add_ln175_54  | add | fabric    | 0       |
|    add_ln175_55_fu_50632_p2                               |     |        | add_ln175_55  | add | fabric    | 0       |
|    add_ln175_56_fu_50642_p2                               |     |        | add_ln175_56  | add | fabric    | 0       |
|    add_ln175_57_fu_50652_p2                               |     |        | add_ln175_57  | add | fabric    | 0       |
|    add_ln175_58_fu_50662_p2                               |     |        | add_ln175_58  | add | fabric    | 0       |
|    add_ln175_59_fu_50672_p2                               |     |        | add_ln175_59  | add | fabric    | 0       |
|    add_ln175_60_fu_50747_p2                               |     |        | add_ln175_60  | add | fabric    | 0       |
|    add_ln175_61_fu_50757_p2                               |     |        | add_ln175_61  | add | fabric    | 0       |
|    acc_4_fu_50767_p2                                      |     |        | acc_4         | add | fabric    | 0       |
|    mul_14s_32ns_45_1_1_U6683                              | 2   |        | mul_ln17      | mul | auto      | 0       |
|    sum_fu_50781_p2                                        |     |        | sum           | add | fabric    | 0       |
|  + awn_forward_Pipeline_VITIS_LOOP_245_7                  | 2   |        |               |     |           |         |
|    add_ln245_fu_117_p2                                    |     |        | add_ln245     | add | fabric    | 0       |
|    mul_8s_32ns_39_1_1_U10845                              | 2   |        | mul_ln17      | mul | auto      | 0       |
|    sum_fu_138_p2                                          |     |        | sum           | add | fabric    | 0       |
|  + linear_acc_32_128_s                                    | 62  |        |               |     |           |         |
|   + linear_acc_32_128_Pipeline_VITIS_LOOP_186_1           | 62  |        |               |     |           |         |
|     add_ln186_fu_3515_p2                                  |     |        | add_ln186     | add | fabric    | 0       |
|     mac_muladd_7s_8s_15s_15_4_1_U10915                    | 1   |        | mul_ln190     | mul | dsp_slice | 3       |
|     mac_muladd_7s_8s_15s_15_4_1_U10916                    | 1   |        | mul_ln190_128 | mul | dsp_slice | 3       |
|     mul_7s_8s_15_1_1_U10849                               |     |        | mul_ln190_129 | mul | auto      | 0       |
|     mul_7s_8s_15_1_1_U10850                               |     |        | mul_ln190_130 | mul | auto      | 0       |
|     mac_muladd_6s_8s_15s_15_4_1_U10917                    | 1   |        | mul_ln190_131 | mul | dsp_slice | 3       |
|     mac_muladd_7s_8s_15s_15_4_1_U10918                    | 1   |        | mul_ln190_132 | mul | dsp_slice | 3       |
|     mul_7s_8s_15_1_1_U10851                               |     |        | mul_ln190_133 | mul | auto      | 0       |
|     mul_7s_8s_15_1_1_U10852                               |     |        | mul_ln190_134 | mul | auto      | 0       |
|     mul_8s_8s_16_1_1_U10853                               |     |        | mul_ln190_135 | mul | auto      | 0       |
|     mul_8s_8s_15_1_1_U10854                               |     |        | mul_ln190_136 | mul | auto      | 0       |
|     mac_muladd_7s_8s_15s_15_4_1_U10919                    | 1   |        | mul_ln190_137 | mul | dsp_slice | 3       |
|     mul_7s_8s_15_1_1_U10855                               |     |        | mul_ln190_138 | mul | auto      | 0       |
|     mul_7s_8s_15_1_1_U10856                               |     |        | mul_ln190_139 | mul | auto      | 0       |
|     mul_8s_8s_16_1_1_U10857                               |     |        | mul_ln190_140 | mul | auto      | 0       |
|     mul_8s_8s_16_1_1_U10858                               |     |        | mul_ln190_141 | mul | auto      | 0       |
|     mac_muladd_7s_8s_15s_15_4_1_U10920                    | 1   |        | mul_ln190_142 | mul | dsp_slice | 3       |
|     mul_7s_8s_15_1_1_U10859                               |     |        | mul_ln190_143 | mul | auto      | 0       |
|     mul_7s_8s_15_1_1_U10860                               |     |        | mul_ln190_144 | mul | auto      | 0       |
|     mac_muladd_7s_8s_15s_15_4_1_U10921                    | 1   |        | mul_ln190_145 | mul | dsp_slice | 3       |
|     mul_7s_8s_15_1_1_U10861                               |     |        | mul_ln190_146 | mul | auto      | 0       |
|     mac_muladd_7s_8s_16s_16_4_1_U10922                    | 1   |        | mul_ln190_147 | mul | dsp_slice | 3       |
|     mul_7s_8s_15_1_1_U10862                               |     |        | mul_ln190_148 | mul | auto      | 0       |
|     mul_7s_8s_15_1_1_U10863                               |     |        | mul_ln190_149 | mul | auto      | 0       |
|     mul_7s_8s_15_1_1_U10864                               |     |        | mul_ln190_150 | mul | auto      | 0       |
|     mac_muladd_7s_8s_16s_16_4_1_U10923                    | 1   |        | mul_ln190_151 | mul | dsp_slice | 3       |
|     mac_muladd_7s_8s_15s_15_4_1_U10924                    | 1   |        | mul_ln190_152 | mul | dsp_slice | 3       |
|     mac_muladd_7s_8s_15s_15_4_1_U10925                    | 1   |        | mul_ln190_153 | mul | dsp_slice | 3       |
|     mac_muladd_7s_8s_15s_15_4_1_U10926                    | 1   |        | mul_ln190_154 | mul | dsp_slice | 3       |
|     mac_muladd_7s_8s_15s_15_4_1_U10927                    | 1   |        | mul_ln190_155 | mul | dsp_slice | 3       |
|     mac_muladd_7s_8s_15s_15_4_1_U10928                    | 1   |        | mul_ln190_156 | mul | dsp_slice | 3       |
|     mul_7s_8s_15_1_1_U10865                               |     |        | mul_ln190_157 | mul | auto      | 0       |
|     mac_muladd_8s_8s_15s_15_4_1_U10929                    | 1   |        | mul_ln190_158 | mul | dsp_slice | 3       |
|     mul_7s_8s_15_1_1_U10866                               |     |        | mul_ln190_159 | mul | auto      | 0       |
|     mac_muladd_7s_8s_15s_15_4_1_U10930                    | 1   |        | mul_ln190_160 | mul | dsp_slice | 3       |
|     mac_muladd_7s_8s_16s_16_4_1_U10931                    | 1   |        | mul_ln190_161 | mul | dsp_slice | 3       |
|     mul_7s_8s_15_1_1_U10867                               |     |        | mul_ln190_162 | mul | auto      | 0       |
|     mac_muladd_7s_8s_15s_15_4_1_U10932                    | 1   |        | mul_ln190_163 | mul | dsp_slice | 3       |
|     mul_7s_8s_15_1_1_U10868                               |     |        | mul_ln190_164 | mul | auto      | 0       |
|     mac_muladd_8s_8s_15s_15_4_1_U10933                    | 1   |        | mul_ln190_165 | mul | dsp_slice | 3       |
|     mac_muladd_7s_8s_15s_15_4_1_U10934                    | 1   |        | mul_ln190_166 | mul | dsp_slice | 3       |
|     mac_muladd_7s_8s_15s_15_4_1_U10935                    | 1   |        | mul_ln190_167 | mul | dsp_slice | 3       |
|     mac_muladd_7s_8s_16s_16_4_1_U10936                    | 1   |        | mul_ln190_168 | mul | dsp_slice | 3       |
|     mac_muladd_7s_8s_15s_15_4_1_U10937                    | 1   |        | mul_ln190_169 | mul | dsp_slice | 3       |
|     mac_muladd_7s_8s_16s_16_4_1_U10938                    | 1   |        | mul_ln190_170 | mul | dsp_slice | 3       |
|     mac_muladd_7s_8s_15s_15_4_1_U10939                    | 1   |        | mul_ln190_171 | mul | dsp_slice | 3       |
|     mac_muladd_8s_8s_15s_15_4_1_U10940                    | 1   |        | mul_ln190_172 | mul | dsp_slice | 3       |
|     mac_muladd_7s_8s_16s_16_4_1_U10941                    | 1   |        | mul_ln190_173 | mul | dsp_slice | 3       |
|     mac_muladd_8s_8s_15s_15_4_1_U10942                    | 1   |        | mul_ln190_174 | mul | dsp_slice | 3       |
|     mac_muladd_7s_8s_15s_15_4_1_U10943                    | 1   |        | mul_ln190_175 | mul | dsp_slice | 3       |
|     mac_muladd_7s_8s_15s_15_4_1_U10944                    | 1   |        | mul_ln190_176 | mul | dsp_slice | 3       |
|     mul_7s_8s_15_1_1_U10869                               |     |        | mul_ln190_177 | mul | auto      | 0       |
|     mul_7s_8s_15_1_1_U10870                               |     |        | mul_ln190_178 | mul | auto      | 0       |
|     mac_muladd_7s_8s_15s_15_4_1_U10945                    | 1   |        | mul_ln190_179 | mul | dsp_slice | 3       |
|     mul_7s_8s_15_1_1_U10871                               |     |        | mul_ln190_180 | mul | auto      | 0       |
|     mul_7s_8s_15_1_1_U10872                               |     |        | mul_ln190_181 | mul | auto      | 0       |
|     mul_8s_8s_15_1_1_U10873                               |     |        | mul_ln190_182 | mul | auto      | 0       |
|     mac_muladd_7s_8s_15s_15_4_1_U10946                    | 1   |        | mul_ln190_183 | mul | dsp_slice | 3       |
|     mul_7s_8s_15_1_1_U10874                               |     |        | mul_ln190_184 | mul | auto      | 0       |
|     mac_muladd_7s_8s_16s_16_4_1_U10947                    | 1   |        | mul_ln190_185 | mul | dsp_slice | 3       |
|     mul_7s_8s_15_1_1_U10875                               |     |        | mul_ln190_186 | mul | auto      | 0       |
|     mul_7s_8s_15_1_1_U10876                               |     |        | mul_ln190_187 | mul | auto      | 0       |
|     mul_8s_8s_16_1_1_U10877                               |     |        | mul_ln190_188 | mul | auto      | 0       |
|     mul_7s_8s_15_1_1_U10878                               |     |        | mul_ln190_189 | mul | auto      | 0       |
|     mul_7s_8s_15_1_1_U10879                               |     |        | mul_ln190_190 | mul | auto      | 0       |
|     mul_8s_8s_16_1_1_U10880                               |     |        | mul_ln190_191 | mul | auto      | 0       |
|     mac_muladd_7s_8s_15s_15_4_1_U10948                    | 1   |        | mul_ln190_192 | mul | dsp_slice | 3       |
|     mul_7s_8s_15_1_1_U10881                               |     |        | mul_ln190_193 | mul | auto      | 0       |
|     mac_muladd_7s_8s_15s_15_4_1_U10949                    | 1   |        | mul_ln190_194 | mul | dsp_slice | 3       |
|     mul_7s_8s_15_1_1_U10882                               |     |        | mul_ln190_195 | mul | auto      | 0       |
|     mac_muladd_7s_8s_15s_15_4_1_U10950                    | 1   |        | mul_ln190_196 | mul | dsp_slice | 3       |
|     mul_8s_8s_14_1_1_U10883                               |     |        | mul_ln190_197 | mul | auto      | 0       |
|     mul_7s_8s_15_1_1_U10884                               |     |        | mul_ln190_198 | mul | auto      | 0       |
|     mul_8s_8s_15_1_1_U10885                               |     |        | mul_ln190_199 | mul | auto      | 0       |
|     mul_7s_8s_15_1_1_U10886                               |     |        | mul_ln190_200 | mul | auto      | 0       |
|     mac_muladd_7s_8s_15s_15_4_1_U10951                    | 1   |        | mul_ln190_201 | mul | dsp_slice | 3       |
|     mul_7s_8s_15_1_1_U10887                               |     |        | mul_ln190_202 | mul | auto      | 0       |
|     mac_muladd_8s_8s_15s_15_4_1_U10952                    | 1   |        | mul_ln190_203 | mul | dsp_slice | 3       |
|     mul_7s_8s_15_1_1_U10888                               |     |        | mul_ln190_204 | mul | auto      | 0       |
|     mac_muladd_7s_8s_15s_15_4_1_U10953                    | 1   |        | mul_ln190_205 | mul | dsp_slice | 3       |
|     mul_7s_8s_15_1_1_U10889                               |     |        | mul_ln190_206 | mul | auto      | 0       |
|     mul_8s_8s_16_1_1_U10890                               |     |        | mul_ln190_207 | mul | auto      | 0       |
|     mul_7s_8s_15_1_1_U10891                               |     |        | mul_ln190_208 | mul | auto      | 0       |
|     mac_muladd_7s_8s_15s_15_4_1_U10954                    | 1   |        | mul_ln190_209 | mul | dsp_slice | 3       |
|     mul_7s_8s_15_1_1_U10892                               |     |        | mul_ln190_210 | mul | auto      | 0       |
|     mul_7s_8s_15_1_1_U10893                               |     |        | mul_ln190_211 | mul | auto      | 0       |
|     mul_7s_8s_15_1_1_U10894                               |     |        | mul_ln190_212 | mul | auto      | 0       |
|     mul_8s_8s_16_1_1_U10895                               |     |        | mul_ln190_213 | mul | auto      | 0       |
|     mul_7s_8s_15_1_1_U10896                               |     |        | mul_ln190_214 | mul | auto      | 0       |
|     mul_8s_8s_16_1_1_U10897                               |     |        | mul_ln190_215 | mul | auto      | 0       |
|     mul_7s_8s_15_1_1_U10898                               |     |        | mul_ln190_216 | mul | auto      | 0       |
|     mac_muladd_7s_8s_15s_15_4_1_U10955                    | 1   |        | mul_ln190_217 | mul | dsp_slice | 3       |
|     mac_muladd_7s_8s_15s_15_4_1_U10956                    | 1   |        | mul_ln190_218 | mul | dsp_slice | 3       |
|     mul_8s_8s_14_1_1_U10899                               |     |        | mul_ln190_219 | mul | auto      | 0       |
|     mul_7s_8s_15_1_1_U10900                               |     |        | mul_ln190_220 | mul | auto      | 0       |
|     mac_muladd_6s_8s_15s_15_4_1_U10957                    | 1   |        | mul_ln190_221 | mul | dsp_slice | 3       |
|     mul_7s_8s_15_1_1_U10901                               |     |        | mul_ln190_222 | mul | auto      | 0       |
|     mul_7s_8s_15_1_1_U10902                               |     |        | mul_ln190_223 | mul | auto      | 0       |
|     mul_7s_8s_15_1_1_U10903                               |     |        | mul_ln190_224 | mul | auto      | 0       |
|     mac_muladd_7s_8s_15s_15_4_1_U10958                    | 1   |        | mul_ln190_225 | mul | dsp_slice | 3       |
|     mac_muladd_7s_8s_16s_16_4_1_U10959                    | 1   |        | mul_ln190_226 | mul | dsp_slice | 3       |
|     mac_muladd_7s_8s_16s_16_4_1_U10960                    | 1   |        | mul_ln190_227 | mul | dsp_slice | 3       |
|     mul_7s_8s_15_1_1_U10904                               |     |        | mul_ln190_228 | mul | auto      | 0       |
|     mac_muladd_7s_8s_15s_15_4_1_U10961                    | 1   |        | mul_ln190_229 | mul | dsp_slice | 3       |
|     mul_7s_8s_15_1_1_U10905                               |     |        | mul_ln190_230 | mul | auto      | 0       |
|     mul_7s_8s_15_1_1_U10906                               |     |        | mul_ln190_231 | mul | auto      | 0       |
|     mac_muladd_8s_8s_15s_15_4_1_U10962                    | 1   |        | mul_ln190_232 | mul | dsp_slice | 3       |
|     mul_7s_8s_15_1_1_U10907                               |     |        | mul_ln190_233 | mul | auto      | 0       |
|     mul_7s_8s_15_1_1_U10908                               |     |        | mul_ln190_234 | mul | auto      | 0       |
|     mac_muladd_7s_8s_15s_15_4_1_U10963                    | 1   |        | mul_ln190_235 | mul | dsp_slice | 3       |
|     mac_muladd_7s_8s_15s_15_4_1_U10964                    | 1   |        | mul_ln190_236 | mul | dsp_slice | 3       |
|     mul_8s_8s_16_1_1_U10909                               |     |        | mul_ln190_237 | mul | auto      | 0       |
|     mac_muladd_7s_8s_16s_16_4_1_U10965                    | 1   |        | mul_ln190_238 | mul | dsp_slice | 3       |
|     mul_7s_8s_15_1_1_U10910                               |     |        | mul_ln190_239 | mul | auto      | 0       |
|     mul_8s_8s_16_1_1_U10911                               |     |        | mul_ln190_240 | mul | auto      | 0       |
|     mac_muladd_7s_8s_15s_15_4_1_U10966                    | 1   |        | mul_ln190_241 | mul | dsp_slice | 3       |
|     mac_muladd_6s_8s_15s_15_4_1_U10967                    | 1   |        | mul_ln190_242 | mul | dsp_slice | 3       |
|     mac_muladd_8s_8s_15s_15_4_1_U10968                    | 1   |        | mul_ln190_243 | mul | dsp_slice | 3       |
|     mul_7s_8s_15_1_1_U10912                               |     |        | mul_ln190_244 | mul | auto      | 0       |
|     mac_muladd_7s_8s_15s_15_4_1_U10969                    | 1   |        | mul_ln190_245 | mul | dsp_slice | 3       |
|     mac_muladd_6s_8s_15s_15_4_1_U10970                    | 1   |        | mul_ln190_246 | mul | dsp_slice | 3       |
|     mul_8s_8s_15_1_1_U10913                               |     |        | mul_ln190_247 | mul | auto      | 0       |
|     mac_muladd_8s_8s_15s_15_4_1_U10971                    | 1   |        | mul_ln190_248 | mul | dsp_slice | 3       |
|     mac_muladd_7s_8s_15s_15_4_1_U10972                    | 1   |        | mul_ln190_249 | mul | dsp_slice | 3       |
|     mac_muladd_7s_8s_15s_15_4_1_U10973                    | 1   |        | mul_ln190_250 | mul | dsp_slice | 3       |
|     mac_muladd_6s_8s_15s_15_4_1_U10974                    | 1   |        | mul_ln190_251 | mul | dsp_slice | 3       |
|     mac_muladd_7s_8s_15s_15_4_1_U10975                    | 1   |        | mul_ln190_252 | mul | dsp_slice | 3       |
|     mac_muladd_7s_8s_15s_15_4_1_U10976                    | 1   |        | mul_ln190_253 | mul | dsp_slice | 3       |
|     mul_8s_8s_15_1_1_U10914                               |     |        | mul_ln190_254 | mul | auto      | 0       |
|     mac_muladd_7s_8s_16s_16_4_1_U10947                    | 1   |        | add_ln190     | add | dsp_slice | 3       |
|     mac_muladd_8s_8s_15s_15_4_1_U10942                    | 1   |        | add_ln190_128 | add | dsp_slice | 3       |
|     add_ln190_129_fu_4457_p2                              |     |        | add_ln190_129 | add | fabric    | 0       |
|     mac_muladd_7s_8s_15s_15_4_1_U10946                    | 1   |        | add_ln190_130 | add | dsp_slice | 3       |
|     mac_muladd_7s_8s_16s_16_4_1_U10923                    | 1   |        | add_ln190_131 | add | dsp_slice | 3       |
|     add_ln190_132_fu_4469_p2                              |     |        | add_ln190_132 | add | fabric    | 0       |
|     add_ln190_133_fu_4478_p2                              |     |        | add_ln190_133 | add | fabric    | 0       |
|     mac_muladd_7s_8s_15s_15_4_1_U10969                    | 1   |        | add_ln190_134 | add | dsp_slice | 3       |
|     mac_muladd_7s_8s_15s_15_4_1_U10950                    | 1   |        | add_ln190_135 | add | dsp_slice | 3       |
|     add_ln190_136_fu_4494_p2                              |     |        | add_ln190_136 | add | fabric    | 0       |
|     mac_muladd_7s_8s_15s_15_4_1_U10924                    | 1   |        | add_ln190_137 | add | dsp_slice | 3       |
|     mac_muladd_8s_8s_15s_15_4_1_U10962                    | 1   |        | add_ln190_138 | add | dsp_slice | 3       |
|     add_ln190_139_fu_4510_p2                              |     |        | add_ln190_139 | add | fabric    | 0       |
|     add_ln190_140_fu_4520_p2                              |     |        | add_ln190_140 | add | fabric    | 0       |
|     add_ln190_141_fu_4530_p2                              |     |        | add_ln190_141 | add | fabric    | 0       |
|     mac_muladd_7s_8s_15s_15_4_1_U10966                    | 1   |        | add_ln190_142 | add | dsp_slice | 3       |
|     mac_muladd_7s_8s_15s_15_4_1_U10943                    | 1   |        | add_ln190_143 | add | dsp_slice | 3       |
|     add_ln190_144_fu_4542_p2                              |     |        | add_ln190_144 | add | fabric    | 0       |
|     mac_muladd_7s_8s_15s_15_4_1_U10927                    | 1   |        | add_ln190_145 | add | dsp_slice | 3       |
|     mac_muladd_8s_8s_15s_15_4_1_U10933                    | 1   |        | add_ln190_146 | add | dsp_slice | 3       |
|     add_ln190_147_fu_4558_p2                              |     |        | add_ln190_147 | add | fabric    | 0       |
|     add_ln190_148_fu_4568_p2                              |     |        | add_ln190_148 | add | fabric    | 0       |
|     mac_muladd_7s_8s_15s_15_4_1_U10953                    | 1   |        | add_ln190_149 | add | dsp_slice | 3       |
|     mac_muladd_7s_8s_15s_15_4_1_U10928                    | 1   |        | add_ln190_150 | add | dsp_slice | 3       |
|     add_ln190_151_fu_4584_p2                              |     |        | add_ln190_151 | add | fabric    | 0       |
|     mac_muladd_8s_8s_15s_15_4_1_U10971                    | 1   |        | add_ln190_152 | add | dsp_slice | 3       |
|     mac_muladd_7s_8s_15s_15_4_1_U10958                    | 1   |        | add_ln190_153 | add | dsp_slice | 3       |
|     add_ln190_154_fu_4600_p2                              |     |        | add_ln190_154 | add | fabric    | 0       |
|     add_ln190_155_fu_4610_p2                              |     |        | add_ln190_155 | add | fabric    | 0       |
|     add_ln190_156_fu_4620_p2                              |     |        | add_ln190_156 | add | fabric    | 0       |
|     add_ln190_157_fu_5140_p2                              |     |        | add_ln190_157 | add | fabric    | 0       |
|     mac_muladd_7s_8s_15s_15_4_1_U10961                    | 1   |        | add_ln190_158 | add | dsp_slice | 3       |
|     mac_muladd_7s_8s_15s_15_4_1_U10920                    | 1   |        | add_ln190_159 | add | dsp_slice | 3       |
|     add_ln190_160_fu_4632_p2                              |     |        | add_ln190_160 | add | fabric    | 0       |
|     mac_muladd_7s_8s_16s_16_4_1_U10931                    | 1   |        | add_ln190_161 | add | dsp_slice | 3       |
|     mac_muladd_7s_8s_15s_15_4_1_U10925                    | 1   |        | add_ln190_162 | add | dsp_slice | 3       |
|     add_ln190_163_fu_4645_p2                              |     |        | add_ln190_163 | add | fabric    | 0       |
|     add_ln190_164_fu_4654_p2                              |     |        | add_ln190_164 | add | fabric    | 0       |
|     mac_muladd_7s_8s_15s_15_4_1_U10916                    | 1   |        | add_ln190_165 | add | dsp_slice | 3       |
|     mac_muladd_7s_8s_15s_15_4_1_U10975                    | 1   |        | add_ln190_166 | add | dsp_slice | 3       |
|     add_ln190_167_fu_4670_p2                              |     |        | add_ln190_167 | add | fabric    | 0       |
|     mac_muladd_7s_8s_15s_15_4_1_U10919                    | 1   |        | add_ln190_168 | add | dsp_slice | 3       |
|     mac_muladd_7s_8s_15s_15_4_1_U10932                    | 1   |        | add_ln190_169 | add | dsp_slice | 3       |
|     add_ln190_170_fu_4686_p2                              |     |        | add_ln190_170 | add | fabric    | 0       |
|     add_ln190_171_fu_4696_p2                              |     |        | add_ln190_171 | add | fabric    | 0       |
|     add_ln190_172_fu_4706_p2                              |     |        | add_ln190_172 | add | fabric    | 0       |
|     mac_muladd_6s_8s_15s_15_4_1_U10974                    | 1   |        | add_ln190_173 | add | dsp_slice | 3       |
|     mac_muladd_7s_8s_16s_16_4_1_U10938                    | 1   |        | add_ln190_174 | add | dsp_slice | 3       |
|     add_ln190_175_fu_4715_p2                              |     |        | add_ln190_175 | add | fabric    | 0       |
|     mac_muladd_7s_8s_16s_16_4_1_U10965                    | 1   |        | add_ln190_176 | add | dsp_slice | 3       |
|     mac_muladd_7s_8s_15s_15_4_1_U10930                    | 1   |        | add_ln190_177 | add | dsp_slice | 3       |
|     add_ln190_178_fu_4730_p2                              |     |        | add_ln190_178 | add | fabric    | 0       |
|     mac_muladd_7s_8s_15s_15_4_1_U10976                    | 1   |        | add_ln190_180 | add | dsp_slice | 3       |
|     mac_muladd_7s_8s_16s_16_4_1_U10959                    | 1   |        | add_ln190_181 | add | dsp_slice | 3       |
|     add_ln190_182_fu_4749_p2                              |     |        | add_ln190_182 | add | fabric    | 0       |
|     add_ln190_183_fu_4442_p2                              |     |        | add_ln190_183 | add | fabric    | 0       |
|     mac_muladd_7s_8s_15s_15_4_1_U10951                    | 1   |        | add_ln190_184 | add | dsp_slice | 3       |
|     add_ln190_185_fu_4764_p2                              |     |        | add_ln190_185 | add | fabric    | 0       |
|     add_ln190_186_fu_4774_p2                              |     |        | add_ln190_186 | add | fabric    | 0       |
|     add_ln190_188_fu_5156_p2                              |     |        | add_ln190_188 | add | fabric    | 0       |
|     add_ln190_189_fu_5166_p2                              |     |        | add_ln190_189 | add | fabric    | 0       |
|     mac_muladd_8s_8s_15s_15_4_1_U10952                    | 1   |        | add_ln190_190 | add | dsp_slice | 3       |
|     mac_muladd_7s_8s_15s_15_4_1_U10956                    | 1   |        | add_ln190_191 | add | dsp_slice | 3       |
|     add_ln190_192_fu_4796_p2                              |     |        | add_ln190_192 | add | fabric    | 0       |
|     mac_muladd_7s_8s_15s_15_4_1_U10972                    | 1   |        | add_ln190_193 | add | dsp_slice | 3       |
|     mac_muladd_7s_8s_15s_15_4_1_U10934                    | 1   |        | add_ln190_194 | add | dsp_slice | 3       |
|     add_ln190_195_fu_4812_p2                              |     |        | add_ln190_195 | add | fabric    | 0       |
|     add_ln190_196_fu_4822_p2                              |     |        | add_ln190_196 | add | fabric    | 0       |
|     add_ln190_197_fu_4448_p2                              |     |        | add_ln190_197 | add | fabric    | 0       |
|     mac_muladd_7s_8s_15s_15_4_1_U10937                    | 1   |        | add_ln190_198 | add | dsp_slice | 3       |
|     add_ln190_199_fu_4838_p2                              |     |        | add_ln190_199 | add | fabric    | 0       |
|     mac_muladd_7s_8s_15s_15_4_1_U10973                    | 1   |        | add_ln190_200 | add | dsp_slice | 3       |
|     mac_muladd_7s_8s_16s_16_4_1_U10936                    | 1   |        | add_ln190_201 | add | dsp_slice | 3       |
|     add_ln190_202_fu_4851_p2                              |     |        | add_ln190_202 | add | fabric    | 0       |
|     add_ln190_203_fu_4860_p2                              |     |        | add_ln190_203 | add | fabric    | 0       |
|     add_ln190_204_fu_4870_p2                              |     |        | add_ln190_204 | add | fabric    | 0       |
|     mac_muladd_7s_8s_15s_15_4_1_U10949                    | 1   |        | add_ln190_205 | add | dsp_slice | 3       |
|     mac_muladd_7s_8s_15s_15_4_1_U10945                    | 1   |        | add_ln190_206 | add | dsp_slice | 3       |
|     add_ln190_207_fu_4882_p2                              |     |        | add_ln190_207 | add | fabric    | 0       |
|     mac_muladd_7s_8s_16s_16_4_1_U10941                    | 1   |        | add_ln190_208 | add | dsp_slice | 3       |
|     mac_muladd_7s_8s_15s_15_4_1_U10944                    | 1   |        | add_ln190_209 | add | dsp_slice | 3       |
|     add_ln190_210_fu_4895_p2                              |     |        | add_ln190_210 | add | fabric    | 0       |
|     add_ln190_211_fu_4904_p2                              |     |        | add_ln190_211 | add | fabric    | 0       |
|     mac_muladd_6s_8s_15s_15_4_1_U10967                    | 1   |        | add_ln190_212 | add | dsp_slice | 3       |
|     mac_muladd_7s_8s_15s_15_4_1_U10954                    | 1   |        | add_ln190_213 | add | dsp_slice | 3       |
|     add_ln190_214_fu_4920_p2                              |     |        | add_ln190_214 | add | fabric    | 0       |
|     mac_muladd_7s_8s_15s_15_4_1_U10963                    | 1   |        | add_ln190_215 | add | dsp_slice | 3       |
|     mac_muladd_7s_8s_15s_15_4_1_U10921                    | 1   |        | add_ln190_216 | add | dsp_slice | 3       |
|     add_ln190_217_fu_4936_p2                              |     |        | add_ln190_217 | add | fabric    | 0       |
|     add_ln190_218_fu_4946_p2                              |     |        | add_ln190_218 | add | fabric    | 0       |
|     add_ln190_219_fu_4956_p2                              |     |        | add_ln190_219 | add | fabric    | 0       |
|     add_ln190_220_fu_5182_p2                              |     |        | add_ln190_220 | add | fabric    | 0       |
|     mac_muladd_7s_8s_16s_16_4_1_U10960                    | 1   |        | add_ln190_221 | add | dsp_slice | 3       |
|     mac_muladd_7s_8s_15s_15_4_1_U10964                    | 1   |        | add_ln190_222 | add | dsp_slice | 3       |
|     add_ln190_223_fu_4965_p2                              |     |        | add_ln190_223 | add | fabric    | 0       |
|     mac_muladd_7s_8s_15s_15_4_1_U10935                    | 1   |        | add_ln190_224 | add | dsp_slice | 3       |
|     mac_muladd_6s_8s_15s_15_4_1_U10917                    | 1   |        | add_ln190_225 | add | dsp_slice | 3       |
|     add_ln190_226_fu_4980_p2                              |     |        | add_ln190_226 | add | fabric    | 0       |
|     add_ln190_227_fu_4990_p2                              |     |        | add_ln190_227 | add | fabric    | 0       |
|     mac_muladd_8s_8s_15s_15_4_1_U10940                    | 1   |        | add_ln190_228 | add | dsp_slice | 3       |
|     mac_muladd_8s_8s_15s_15_4_1_U10968                    | 1   |        | add_ln190_229 | add | dsp_slice | 3       |
|     add_ln190_230_fu_5006_p2                              |     |        | add_ln190_230 | add | fabric    | 0       |
|     mac_muladd_6s_8s_15s_15_4_1_U10957                    | 1   |        | add_ln190_231 | add | dsp_slice | 3       |
|     mac_muladd_8s_8s_15s_15_4_1_U10929                    | 1   |        | add_ln190_232 | add | dsp_slice | 3       |
|     add_ln190_233_fu_5022_p2                              |     |        | add_ln190_233 | add | fabric    | 0       |
|     add_ln190_234_fu_5032_p2                              |     |        | add_ln190_234 | add | fabric    | 0       |
|     add_ln190_235_fu_5042_p2                              |     |        | add_ln190_235 | add | fabric    | 0       |
|     mac_muladd_6s_8s_15s_15_4_1_U10970                    | 1   |        | add_ln190_236 | add | dsp_slice | 3       |
|     mac_muladd_7s_8s_15s_15_4_1_U10955                    | 1   |        | add_ln190_237 | add | dsp_slice | 3       |
|     add_ln190_238_fu_5054_p2                              |     |        | add_ln190_238 | add | fabric    | 0       |
|     mac_muladd_7s_8s_15s_15_4_1_U10948                    | 1   |        | add_ln190_239 | add | dsp_slice | 3       |
|     mac_muladd_7s_8s_15s_15_4_1_U10939                    | 1   |        | add_ln190_240 | add | dsp_slice | 3       |
|     add_ln190_241_fu_5070_p2                              |     |        | add_ln190_241 | add | fabric    | 0       |
|     add_ln190_242_fu_5080_p2                              |     |        | add_ln190_242 | add | fabric    | 0       |
|     mac_muladd_7s_8s_15s_15_4_1_U10926                    | 1   |        | add_ln190_243 | add | dsp_slice | 3       |
|     mac_muladd_7s_8s_16s_16_4_1_U10922                    | 1   |        | add_ln190_244 | add | dsp_slice | 3       |
|     add_ln190_245_fu_5093_p2                              |     |        | add_ln190_245 | add | fabric    | 0       |
|     mac_muladd_7s_8s_15s_15_4_1_U10918                    | 1   |        | add_ln190_246 | add | dsp_slice | 3       |
|     mac_muladd_7s_8s_15s_15_4_1_U10915                    | 1   |        | add_ln190_247 | add | dsp_slice | 3       |
|     add_ln190_248_fu_5108_p2                              |     |        | add_ln190_248 | add | fabric    | 0       |
|     add_ln190_249_fu_5118_p2                              |     |        | add_ln190_249 | add | fabric    | 0       |
|     add_ln190_250_fu_5128_p2                              |     |        | add_ln190_250 | add | fabric    | 0       |
|     add_ln190_251_fu_5198_p2                              |     |        | add_ln190_251 | add | fabric    | 0       |
|     add_ln190_252_fu_5208_p2                              |     |        | add_ln190_252 | add | fabric    | 0       |
|     out_r_d0                                              |     |        | acc           | add | fabric    | 0       |
|  + awn_forward_Pipeline_VITIS_LOOP_255_8                  | 2   |        |               |     |           |         |
|    add_ln255_fu_107_p2                                    |     |        | add_ln255     | add | fabric    | 0       |
|    mul_21s_32ns_52_1_1_U11240                             | 2   |        | prod          | mul | auto      | 0       |
|    sum_fu_127_p2                                          |     |        | sum           | add | fabric    | 0       |
|  + linear_acc_128_32_s                                    | 16  |        |               |     |           |         |
|   + linear_acc_128_32_Pipeline_VITIS_LOOP_186_1           | 16  |        |               |     |           |         |
|     add_ln186_fu_923_p2                                   |     |        | add_ln186     | add | fabric    | 0       |
|     mac_muladd_8s_7ns_15s_16_4_1_U11260                   | 1   |        | mul_ln190     | mul | dsp_slice | 3       |
|     mac_muladd_8s_7ns_15s_16_4_1_U11261                   | 1   |        | mul_ln190_255 | mul | dsp_slice | 3       |
|     mul_8s_7ns_15_1_1_U11244                              |     |        | mul_ln190_256 | mul | auto      | 0       |
|     mac_muladd_8s_7ns_15s_16_4_1_U11262                   | 1   |        | mul_ln190_257 | mul | dsp_slice | 3       |
|     mac_muladd_8s_7ns_15s_16_4_1_U11263                   | 1   |        | mul_ln190_258 | mul | dsp_slice | 3       |
|     mac_muladd_8s_7ns_15s_16_4_1_U11264                   | 1   |        | mul_ln190_259 | mul | dsp_slice | 3       |
|     mul_8s_7ns_15_1_1_U11245                              |     |        | mul_ln190_260 | mul | auto      | 0       |
|     mul_8s_7ns_15_1_1_U11246                              |     |        | mul_ln190_261 | mul | auto      | 0       |
|     mac_muladd_8s_7ns_15s_16_4_1_U11265                   | 1   |        | mul_ln190_262 | mul | dsp_slice | 3       |
|     mul_8s_7ns_15_1_1_U11247                              |     |        | mul_ln190_263 | mul | auto      | 0       |
|     mul_8s_7ns_15_1_1_U11248                              |     |        | mul_ln190_264 | mul | auto      | 0       |
|     mul_8s_7ns_15_1_1_U11249                              |     |        | mul_ln190_265 | mul | auto      | 0       |
|     mac_muladd_8s_7ns_15s_16_4_1_U11266                   | 1   |        | mul_ln190_266 | mul | dsp_slice | 3       |
|     mul_8s_7ns_15_1_1_U11250                              |     |        | mul_ln190_267 | mul | auto      | 0       |
|     mac_muladd_8s_7ns_15s_16_4_1_U11267                   | 1   |        | mul_ln190_268 | mul | dsp_slice | 3       |
|     mul_8s_7ns_15_1_1_U11251                              |     |        | mul_ln190_269 | mul | auto      | 0       |
|     mac_muladd_7s_7ns_15s_15_4_1_U11268                   | 1   |        | mul_ln190_270 | mul | dsp_slice | 3       |
|     mac_muladd_8s_7ns_15s_16_4_1_U11269                   | 1   |        | mul_ln190_271 | mul | dsp_slice | 3       |
|     mac_muladd_8s_7ns_15s_16_4_1_U11270                   | 1   |        | mul_ln190_272 | mul | dsp_slice | 3       |
|     mac_muladd_8s_7ns_15s_16_4_1_U11271                   | 1   |        | mul_ln190_273 | mul | dsp_slice | 3       |
|     mul_8s_7ns_15_1_1_U11252                              |     |        | mul_ln190_274 | mul | auto      | 0       |
|     mul_8s_7ns_15_1_1_U11253                              |     |        | mul_ln190_275 | mul | auto      | 0       |
|     mac_muladd_8s_7ns_15s_16_4_1_U11272                   | 1   |        | mul_ln190_276 | mul | dsp_slice | 3       |
|     mul_8s_7ns_15_1_1_U11254                              |     |        | mul_ln190_277 | mul | auto      | 0       |
|     mul_8s_7ns_15_1_1_U11255                              |     |        | mul_ln190_278 | mul | auto      | 0       |
|     mul_8s_7ns_15_1_1_U11256                              |     |        | mul_ln190_279 | mul | auto      | 0       |
|     mul_8s_7ns_15_1_1_U11257                              |     |        | mul_ln190_280 | mul | auto      | 0       |
|     mac_muladd_8s_7ns_15s_16_4_1_U11273                   | 1   |        | mul_ln190_281 | mul | dsp_slice | 3       |
|     mac_muladd_8s_7ns_15s_16_4_1_U11274                   | 1   |        | mul_ln190_282 | mul | dsp_slice | 3       |
|     mul_8s_7ns_15_1_1_U11258                              |     |        | mul_ln190_283 | mul | auto      | 0       |
|     mac_muladd_7s_7ns_15s_15_4_1_U11275                   | 1   |        | mul_ln190_284 | mul | dsp_slice | 3       |
|     mul_8s_7ns_15_1_1_U11259                              |     |        | mul_ln190_285 | mul | auto      | 0       |
|     mac_muladd_8s_7ns_15s_16_4_1_U11265                   | 1   |        | add_ln190     | add | dsp_slice | 3       |
|     mac_muladd_8s_7ns_15s_16_4_1_U11270                   | 1   |        | add_ln190_254 | add | dsp_slice | 3       |
|     add_ln190_255_fu_1224_p2                              |     |        | add_ln190_255 | add | fabric    | 0       |
|     mac_muladd_8s_7ns_15s_16_4_1_U11272                   | 1   |        | add_ln190_256 | add | dsp_slice | 3       |
|     mac_muladd_8s_7ns_15s_16_4_1_U11274                   | 1   |        | add_ln190_257 | add | dsp_slice | 3       |
|     add_ln190_258_fu_1240_p2                              |     |        | add_ln190_258 | add | fabric    | 0       |
|     add_ln190_259_fu_1250_p2                              |     |        | add_ln190_259 | add | fabric    | 0       |
|     mac_muladd_8s_7ns_15s_16_4_1_U11263                   | 1   |        | add_ln190_260 | add | dsp_slice | 3       |
|     mac_muladd_7s_7ns_15s_15_4_1_U11268                   | 1   |        | add_ln190_261 | add | dsp_slice | 3       |
|     add_ln190_262_fu_1266_p2                              |     |        | add_ln190_262 | add | fabric    | 0       |
|     mac_muladd_8s_7ns_15s_16_4_1_U11266                   | 1   |        | add_ln190_263 | add | dsp_slice | 3       |
|     mac_muladd_8s_7ns_15s_16_4_1_U11261                   | 1   |        | add_ln190_264 | add | dsp_slice | 3       |
|     add_ln190_265_fu_1282_p2                              |     |        | add_ln190_265 | add | fabric    | 0       |
|     add_ln190_266_fu_1292_p2                              |     |        | add_ln190_266 | add | fabric    | 0       |
|     add_ln190_267_fu_1302_p2                              |     |        | add_ln190_267 | add | fabric    | 0       |
|     mac_muladd_8s_7ns_15s_16_4_1_U11262                   | 1   |        | add_ln190_268 | add | dsp_slice | 3       |
|     mac_muladd_8s_7ns_15s_16_4_1_U11271                   | 1   |        | add_ln190_269 | add | dsp_slice | 3       |
|     add_ln190_270_fu_1314_p2                              |     |        | add_ln190_270 | add | fabric    | 0       |
|     mac_muladd_7s_7ns_15s_15_4_1_U11275                   | 1   |        | add_ln190_271 | add | dsp_slice | 3       |
|     mac_muladd_8s_7ns_15s_16_4_1_U11269                   | 1   |        | add_ln190_272 | add | dsp_slice | 3       |
|     add_ln190_273_fu_1330_p2                              |     |        | add_ln190_273 | add | fabric    | 0       |
|     add_ln190_274_fu_1340_p2                              |     |        | add_ln190_274 | add | fabric    | 0       |
|     mac_muladd_8s_7ns_15s_16_4_1_U11273                   | 1   |        | add_ln190_275 | add | dsp_slice | 3       |
|     mac_muladd_8s_7ns_15s_16_4_1_U11267                   | 1   |        | add_ln190_276 | add | dsp_slice | 3       |
|     add_ln190_277_fu_1356_p2                              |     |        | add_ln190_277 | add | fabric    | 0       |
|     mac_muladd_8s_7ns_15s_16_4_1_U11264                   | 1   |        | add_ln190_278 | add | dsp_slice | 3       |
|     mac_muladd_8s_7ns_15s_16_4_1_U11260                   | 1   |        | add_ln190_279 | add | dsp_slice | 3       |
|     add_ln190_280_fu_1372_p2                              |     |        | add_ln190_280 | add | fabric    | 0       |
|     add_ln190_281_fu_1382_p2                              |     |        | add_ln190_281 | add | fabric    | 0       |
|     add_ln190_282_fu_1392_p2                              |     |        | add_ln190_282 | add | fabric    | 0       |
|     out_r_d0                                              |     |        | acc           | add | fabric    | 0       |
|  + awn_forward_Pipeline_VITIS_LOOP_263_9                  | 2   |        |               |     |           |         |
|    add_ln263_fu_117_p2                                    |     |        | add_ln263     | add | fabric    | 0       |
|    mul_20s_32ns_51_1_1_U11346                             | 2   |        | prod          | mul | auto      | 0       |
|    sum_fu_137_p2                                          |     |        | sum           | add | fabric    | 0       |
|  + awn_forward_Pipeline_VITIS_LOOP_269_10                 | 2   |        |               |     |           |         |
|    add_ln269_fu_116_p2                                    |     |        | add_ln269     | add | fabric    | 0       |
|    mul_8s_7ns_15_1_1_U11352                               |     |        | prod          | mul | auto      | 0       |
|    mul_15s_32ns_46_1_1_U11351                             | 2   |        | mul_ln17      | mul | auto      | 0       |
|    sum_fu_151_p2                                          |     |        | sum           | add | fabric    | 0       |
|  + linear_acc_320_128_s                                   | 65  |        |               |     |           |         |
|   + linear_acc_320_128_Pipeline_VITIS_LOOP_186_1          | 65  |        |               |     |           |         |
|     add_ln186_fu_3530_p2                                  |     |        | add_ln186     | add | fabric    | 0       |
|     mac_muladd_8s_8s_16s_16_4_1_U11420                    | 1   |        | mul_ln190     | mul | dsp_slice | 3       |
|     mac_muladd_8s_8s_16s_16_4_1_U11421                    | 1   |        | mul_ln190_1   | mul | dsp_slice | 3       |
|     mul_7s_8s_15_1_1_U11357                               |     |        | mul_ln190_2   | mul | auto      | 0       |
|     mul_7s_8s_15_1_1_U11358                               |     |        | mul_ln190_3   | mul | auto      | 0       |
|     mac_muladd_8s_8s_15s_16_4_1_U11477                    | 1   |        | mul_ln190_4   | mul | dsp_slice | 3       |
|     mul_8s_8s_16_1_1_U11359                               |     |        | mul_ln190_5   | mul | auto      | 0       |
|     mul_7s_8s_15_1_1_U11360                               |     |        | mul_ln190_6   | mul | auto      | 0       |
|     mac_muladd_7s_8s_15s_15_4_1_U11478                    | 1   |        | mul_ln190_7   | mul | dsp_slice | 3       |
|     mul_7s_8s_15_1_1_U11361                               |     |        | mul_ln190_8   | mul | auto      | 0       |
|     mul_7s_8s_15_1_1_U11362                               |     |        | mul_ln190_9   | mul | auto      | 0       |
|     mul_8s_8s_16_1_1_U11363                               |     |        | mul_ln190_10  | mul | auto      | 0       |
|     mul_7s_8s_15_1_1_U11413                               |     |        | mul_ln190_11  | mul | auto      | 0       |
|     mac_muladd_7s_8s_16s_16_4_1_U11422                    | 1   |        | mul_ln190_12  | mul | dsp_slice | 3       |
|     mac_muladd_8s_8s_15s_15_4_1_U11423                    | 1   |        | mul_ln190_13  | mul | dsp_slice | 3       |
|     mul_8s_8s_16_1_1_U11414                               |     |        | mul_ln190_14  | mul | auto      | 0       |
|     mul_8s_8s_16_1_1_U11364                               |     |        | mul_ln190_15  | mul | auto      | 0       |
|     mac_muladd_7s_8s_15s_15_4_1_U11479                    | 1   |        | mul_ln190_16  | mul | dsp_slice | 3       |
|     mul_8s_8s_16_1_1_U11365                               |     |        | mul_ln190_17  | mul | auto      | 0       |
|     mac_muladd_7s_8s_16s_16_4_1_U11424                    | 1   |        | mul_ln190_18  | mul | dsp_slice | 3       |
|     mac_muladd_7s_8s_16s_16_4_1_U11425                    | 1   |        | mul_ln190_19  | mul | dsp_slice | 3       |
|     mac_muladd_7s_8s_15s_15_4_1_U11426                    | 1   |        | mul_ln190_20  | mul | dsp_slice | 3       |
|     mul_7s_8s_15_1_1_U11366                               |     |        | mul_ln190_21  | mul | auto      | 0       |
|     mul_7s_8s_15_1_1_U11415                               |     |        | mul_ln190_22  | mul | auto      | 0       |
|     mac_muladd_7s_8s_15s_15_4_1_U11427                    | 1   |        | mul_ln190_23  | mul | dsp_slice | 3       |
|     mac_muladd_8s_8s_15s_15_4_1_U11428                    | 1   |        | mul_ln190_24  | mul | dsp_slice | 3       |
|     mac_muladd_8s_8s_16s_16_4_1_U11429                    | 1   |        | mul_ln190_25  | mul | dsp_slice | 3       |
|     mac_muladd_8s_8s_16s_16_4_1_U11430                    | 1   |        | mul_ln190_26  | mul | dsp_slice | 3       |
|     mul_8s_8s_16_1_1_U11367                               |     |        | mul_ln190_27  | mul | auto      | 0       |
|     mul_8s_8s_15_1_1_U11368                               |     |        | mul_ln190_28  | mul | auto      | 0       |
|     mul_8s_8s_16_1_1_U11416                               |     |        | mul_ln190_29  | mul | auto      | 0       |
|     mul_8s_8s_16_1_1_U11369                               |     |        | mul_ln190_30  | mul | auto      | 0       |
|     mul_8s_8s_16_1_1_U11370                               |     |        | mul_ln190_31  | mul | auto      | 0       |
|     mul_7s_8s_15_1_1_U11371                               |     |        | mul_ln190_32  | mul | auto      | 0       |
|     mul_8s_8s_16_1_1_U11372                               |     |        | mul_ln190_33  | mul | auto      | 0       |
|     mac_muladd_7s_8s_15s_15_4_1_U11431                    | 1   |        | mul_ln190_34  | mul | dsp_slice | 3       |
|     mac_muladd_8s_8s_5s_15_4_1_U11432                     | 1   |        | mul_ln190_35  | mul | dsp_slice | 3       |
|     mul_8s_8s_16_1_1_U11373                               |     |        | mul_ln190_36  | mul | auto      | 0       |
|     mac_muladd_7s_8s_16s_16_4_1_U11480                    | 1   |        | mul_ln190_37  | mul | dsp_slice | 3       |
|     mac_muladd_7s_8s_16s_16_4_1_U11433                    | 1   |        | mul_ln190_38  | mul | dsp_slice | 3       |
|     mul_7s_8s_15_1_1_U11374                               |     |        | mul_ln190_39  | mul | auto      | 0       |
|     mul_8s_8s_16_1_1_U11375                               |     |        | mul_ln190_40  | mul | auto      | 0       |
|     mul_7s_8s_15_1_1_U11376                               |     |        | mul_ln190_41  | mul | auto      | 0       |
|     mul_8s_8s_16_1_1_U11377                               |     |        | mul_ln190_42  | mul | auto      | 0       |
|     mac_muladd_7s_8s_15s_15_4_1_U11434                    | 1   |        | mul_ln190_43  | mul | dsp_slice | 3       |
|     mul_7s_8s_15_1_1_U11378                               |     |        | mul_ln190_44  | mul | auto      | 0       |
|     mac_muladd_7s_8s_15s_15_4_1_U11435                    | 1   |        | mul_ln190_45  | mul | dsp_slice | 3       |
|     mac_muladd_7s_8s_15s_15_4_1_U11481                    | 1   |        | mul_ln190_46  | mul | dsp_slice | 3       |
|     mac_muladd_7s_8s_16s_16_4_1_U11436                    | 1   |        | mul_ln190_47  | mul | dsp_slice | 3       |
|     mul_7s_8s_15_1_1_U11379                               |     |        | mul_ln190_48  | mul | auto      | 0       |
|     mac_muladd_8s_8s_16s_16_4_1_U11437                    | 1   |        | mul_ln190_49  | mul | dsp_slice | 3       |
|     mul_7s_8s_15_1_1_U11380                               |     |        | mul_ln190_50  | mul | auto      | 0       |
|     mac_muladd_7s_8s_15s_15_4_1_U11438                    | 1   |        | mul_ln190_51  | mul | dsp_slice | 3       |
|     mac_muladd_7s_8s_15s_15_4_1_U11439                    | 1   |        | mul_ln190_52  | mul | dsp_slice | 3       |
|     mac_muladd_7s_8s_15s_15_4_1_U11440                    | 1   |        | mul_ln190_53  | mul | dsp_slice | 3       |
|     mul_8s_8s_15_1_1_U11381                               |     |        | mul_ln190_54  | mul | auto      | 0       |
|     mac_muladd_8s_8s_16s_16_4_1_U11441                    | 1   |        | mul_ln190_55  | mul | dsp_slice | 3       |
|     mul_7s_8s_15_1_1_U11417                               |     |        | mul_ln190_56  | mul | auto      | 0       |
|     mul_7s_8s_15_1_1_U11382                               |     |        | mul_ln190_57  | mul | auto      | 0       |
|     mac_muladd_7s_8s_15s_15_4_1_U11442                    | 1   |        | mul_ln190_58  | mul | dsp_slice | 3       |
|     mac_muladd_8s_8s_16s_16_4_1_U11443                    | 1   |        | mul_ln190_59  | mul | dsp_slice | 3       |
|     mac_muladd_7s_8s_15s_15_4_1_U11444                    | 1   |        | mul_ln190_60  | mul | dsp_slice | 3       |
|     mac_muladd_8s_8s_15s_15_4_1_U11445                    | 1   |        | mul_ln190_61  | mul | dsp_slice | 3       |
|     mul_8s_8s_16_1_1_U11383                               |     |        | mul_ln190_62  | mul | auto      | 0       |
|     mac_muladd_7s_8s_16s_16_4_1_U11446                    | 1   |        | mul_ln190_63  | mul | dsp_slice | 3       |
|     mul_7s_8s_15_1_1_U11384                               |     |        | mul_ln190_64  | mul | auto      | 0       |
|     mac_muladd_7s_8s_15s_15_4_1_U11447                    | 1   |        | mul_ln190_65  | mul | dsp_slice | 3       |
|     mac_muladd_8s_8s_15s_15_4_1_U11448                    | 1   |        | mul_ln190_66  | mul | dsp_slice | 3       |
|     mac_muladd_7s_8s_16s_16_4_1_U11449                    | 1   |        | mul_ln190_67  | mul | dsp_slice | 3       |
|     mac_muladd_8s_8s_16s_16_4_1_U11482                    | 1   |        | mul_ln190_68  | mul | dsp_slice | 3       |
|     mac_muladd_8s_8s_16s_16_4_1_U11450                    | 1   |        | mul_ln190_69  | mul | dsp_slice | 3       |
|     mul_7s_8s_15_1_1_U11385                               |     |        | mul_ln190_70  | mul | auto      | 0       |
|     mul_7s_8s_15_1_1_U11386                               |     |        | mul_ln190_71  | mul | auto      | 0       |
|     mul_8s_8s_16_1_1_U11387                               |     |        | mul_ln190_72  | mul | auto      | 0       |
|     mac_muladd_7s_8s_16s_16_4_1_U11451                    | 1   |        | mul_ln190_73  | mul | dsp_slice | 3       |
|     mac_muladd_7s_8s_15s_15_4_1_U11452                    | 1   |        | mul_ln190_74  | mul | dsp_slice | 3       |
|     mac_muladd_7s_8s_16s_16_4_1_U11453                    | 1   |        | mul_ln190_75  | mul | dsp_slice | 3       |
|     mac_muladd_7s_8s_15s_15_4_1_U11454                    | 1   |        | mul_ln190_76  | mul | dsp_slice | 3       |
|     mac_muladd_7s_8s_15s_15_4_1_U11455                    | 1   |        | mul_ln190_77  | mul | dsp_slice | 3       |
|     mul_8s_8s_16_1_1_U11388                               |     |        | mul_ln190_78  | mul | auto      | 0       |
|     mac_muladd_8s_8s_16s_16_4_1_U11456                    | 1   |        | mul_ln190_79  | mul | dsp_slice | 3       |
|     mul_8s_8s_16_1_1_U11418                               |     |        | mul_ln190_80  | mul | auto      | 0       |
|     mac_muladd_7s_8s_15s_15_4_1_U11457                    | 1   |        | mul_ln190_81  | mul | dsp_slice | 3       |
|     mul_7s_8s_15_1_1_U11389                               |     |        | mul_ln190_82  | mul | auto      | 0       |
|     mul_8s_8s_16_1_1_U11390                               |     |        | mul_ln190_83  | mul | auto      | 0       |
|     mac_muladd_8s_8s_16s_16_4_1_U11458                    | 1   |        | mul_ln190_84  | mul | dsp_slice | 3       |
|     mac_muladd_7s_8s_15s_15_4_1_U11459                    | 1   |        | mul_ln190_85  | mul | dsp_slice | 3       |
|     mac_muladd_8s_8s_15s_15_4_1_U11460                    | 1   |        | mul_ln190_86  | mul | dsp_slice | 3       |
|     mul_8s_8s_16_1_1_U11391                               |     |        | mul_ln190_87  | mul | auto      | 0       |
|     mul_8s_8s_16_1_1_U11392                               |     |        | mul_ln190_88  | mul | auto      | 0       |
|     mac_muladd_8s_8s_16s_16_4_1_U11461                    | 1   |        | mul_ln190_89  | mul | dsp_slice | 3       |
|     mul_8s_8s_15_1_1_U11393                               |     |        | mul_ln190_90  | mul | auto      | 0       |
|     mac_muladd_8s_8s_16s_16_4_1_U11462                    | 1   |        | mul_ln190_91  | mul | dsp_slice | 3       |
|     mul_7s_8s_15_1_1_U11394                               |     |        | mul_ln190_92  | mul | auto      | 0       |
|     mac_muladd_8s_8s_16s_16_4_1_U11483                    | 1   |        | mul_ln190_93  | mul | dsp_slice | 3       |
|     mul_8s_8s_16_1_1_U11395                               |     |        | mul_ln190_94  | mul | auto      | 0       |
|     mac_muladd_8s_8s_15s_15_4_1_U11463                    | 1   |        | mul_ln190_95  | mul | dsp_slice | 3       |
|     mul_8s_8s_16_1_1_U11396                               |     |        | mul_ln190_96  | mul | auto      | 0       |
|     mul_7s_8s_15_1_1_U11397                               |     |        | mul_ln190_97  | mul | auto      | 0       |
|     mul_7s_8s_15_1_1_U11398                               |     |        | mul_ln190_98  | mul | auto      | 0       |
|     mul_8s_8s_16_1_1_U11399                               |     |        | mul_ln190_99  | mul | auto      | 0       |
|     mul_8s_8s_16_1_1_U11400                               |     |        | mul_ln190_100 | mul | auto      | 0       |
|     mul_8s_8s_16_1_1_U11401                               |     |        | mul_ln190_101 | mul | auto      | 0       |
|     mac_muladd_8s_8s_16s_16_4_1_U11464                    | 1   |        | mul_ln190_102 | mul | dsp_slice | 3       |
|     mul_8s_8s_16_1_1_U11402                               |     |        | mul_ln190_103 | mul | auto      | 0       |
|     mul_7s_8s_15_1_1_U11403                               |     |        | mul_ln190_104 | mul | auto      | 0       |
|     mul_7s_8s_15_1_1_U11404                               |     |        | mul_ln190_105 | mul | auto      | 0       |
|     mac_muladd_8s_8s_16s_16_4_1_U11465                    | 1   |        | mul_ln190_106 | mul | dsp_slice | 3       |
|     mac_muladd_7s_8s_16s_16_4_1_U11466                    | 1   |        | mul_ln190_107 | mul | dsp_slice | 3       |
|     mul_8s_8s_16_1_1_U11419                               |     |        | mul_ln190_108 | mul | auto      | 0       |
|     mul_7s_8s_15_1_1_U11405                               |     |        | mul_ln190_109 | mul | auto      | 0       |
|     mul_8s_8s_16_1_1_U11406                               |     |        | mul_ln190_110 | mul | auto      | 0       |
|     mul_7s_8s_15_1_1_U11407                               |     |        | mul_ln190_111 | mul | auto      | 0       |
|     mac_muladd_7s_8s_15s_15_4_1_U11467                    | 1   |        | mul_ln190_112 | mul | dsp_slice | 3       |
|     mac_muladd_7s_8s_15s_15_4_1_U11468                    | 1   |        | mul_ln190_113 | mul | dsp_slice | 3       |
|     mac_muladd_7s_8s_15s_15_4_1_U11469                    | 1   |        | mul_ln190_114 | mul | dsp_slice | 3       |
|     mul_8s_8s_16_1_1_U11408                               |     |        | mul_ln190_115 | mul | auto      | 0       |
|     mul_8s_8s_16_1_1_U11409                               |     |        | mul_ln190_116 | mul | auto      | 0       |
|     mac_muladd_7s_8s_15s_15_4_1_U11470                    | 1   |        | mul_ln190_117 | mul | dsp_slice | 3       |
|     mul_7s_8s_15_1_1_U11410                               |     |        | mul_ln190_118 | mul | auto      | 0       |
|     mac_muladd_7s_8s_15s_15_4_1_U11471                    | 1   |        | mul_ln190_119 | mul | dsp_slice | 3       |
|     mac_muladd_7s_8s_16s_16_4_1_U11472                    | 1   |        | mul_ln190_120 | mul | dsp_slice | 3       |
|     mac_muladd_8s_8s_16s_16_4_1_U11473                    | 1   |        | mul_ln190_121 | mul | dsp_slice | 3       |
|     mac_muladd_8s_8s_15s_15_4_1_U11474                    | 1   |        | mul_ln190_122 | mul | dsp_slice | 3       |
|     mul_7s_8s_15_1_1_U11411                               |     |        | mul_ln190_123 | mul | auto      | 0       |
|     mac_muladd_8s_8s_16s_16_4_1_U11484                    | 1   |        | mul_ln190_124 | mul | dsp_slice | 3       |
|     mac_muladd_8s_8s_15s_15_4_1_U11475                    | 1   |        | mul_ln190_125 | mul | dsp_slice | 3       |
|     mac_muladd_8s_8s_16s_16_4_1_U11476                    | 1   |        | mul_ln190_126 | mul | dsp_slice | 3       |
|     mul_8s_8s_16_1_1_U11412                               |     |        | mul_ln190_127 | mul | auto      | 0       |
|     mac_muladd_8s_8s_5s_15_4_1_U11432                     | 1   |        | add_ln190     | add | dsp_slice | 3       |
|     mac_muladd_7s_8s_16s_16_4_1_U11446                    | 1   |        | add_ln190_1   | add | dsp_slice | 3       |
|     add_ln190_2_fu_4436_p2                                |     |        | add_ln190_2   | add | fabric    | 0       |
|     mac_muladd_7s_8s_16s_16_4_1_U11453                    | 1   |        | add_ln190_3   | add | dsp_slice | 3       |
|     mac_muladd_8s_8s_16s_16_4_1_U11429                    | 1   |        | add_ln190_4   | add | dsp_slice | 3       |
|     mac_muladd_7s_8s_15s_15_4_1_U11426                    | 1   |        | add_ln190_7   | add | dsp_slice | 3       |
|     mac_muladd_8s_8s_16s_16_4_1_U11461                    | 1   |        | add_ln190_8   | add | dsp_slice | 3       |
|     add_ln190_9_fu_4470_p2                                |     |        | add_ln190_9   | add | fabric    | 0       |
|     mac_muladd_7s_8s_15s_15_4_1_U11427                    | 1   |        | add_ln190_10  | add | dsp_slice | 3       |
|     mac_muladd_7s_8s_16s_16_4_1_U11472                    | 1   |        | add_ln190_11  | add | dsp_slice | 3       |
|     add_ln190_12_fu_4482_p2                               |     |        | add_ln190_12  | add | fabric    | 0       |
|     add_ln190_13_fu_4491_p2                               |     |        | add_ln190_13  | add | fabric    | 0       |
|     add_ln190_14_fu_4501_p2                               |     |        | add_ln190_14  | add | fabric    | 0       |
|     mac_muladd_8s_8s_15s_15_4_1_U11463                    | 1   |        | add_ln190_15  | add | dsp_slice | 3       |
|     mac_muladd_8s_8s_15s_15_4_1_U11428                    | 1   |        | add_ln190_16  | add | dsp_slice | 3       |
|     add_ln190_17_fu_4513_p2                               |     |        | add_ln190_17  | add | fabric    | 0       |
|     mac_muladd_7s_8s_15s_15_4_1_U11469                    | 1   |        | add_ln190_18  | add | dsp_slice | 3       |
|     mac_muladd_7s_8s_16s_16_4_1_U11436                    | 1   |        | add_ln190_19  | add | dsp_slice | 3       |
|     add_ln190_20_fu_4526_p2                               |     |        | add_ln190_20  | add | fabric    | 0       |
|     add_ln190_21_fu_4535_p2                               |     |        | add_ln190_21  | add | fabric    | 0       |
|     mac_muladd_7s_8s_16s_16_4_1_U11433                    | 1   |        | add_ln190_22  | add | dsp_slice | 3       |
|     mac_muladd_8s_8s_16s_16_4_1_U11464                    | 1   |        | add_ln190_23  | add | dsp_slice | 3       |
|     mac_muladd_7s_8s_15s_15_4_1_U11455                    | 1   |        | add_ln190_25  | add | dsp_slice | 3       |
|     mac_muladd_7s_8s_15s_15_4_1_U11440                    | 1   |        | add_ln190_26  | add | dsp_slice | 3       |
|     add_ln190_27_fu_4563_p2                               |     |        | add_ln190_27  | add | fabric    | 0       |
|     add_ln190_29_fu_4583_p2                               |     |        | add_ln190_29  | add | fabric    | 0       |
|     add_ln190_30_fu_5010_p2                               |     |        | add_ln190_30  | add | fabric    | 0       |
|     mac_muladd_7s_8s_15s_15_4_1_U11439                    | 1   |        | add_ln190_31  | add | dsp_slice | 3       |
|     mac_muladd_7s_8s_15s_15_4_1_U11457                    | 1   |        | add_ln190_32  | add | dsp_slice | 3       |
|     add_ln190_33_fu_4595_p2                               |     |        | add_ln190_33  | add | fabric    | 0       |
|     mac_muladd_8s_8s_15s_15_4_1_U11423                    | 1   |        | add_ln190_34  | add | dsp_slice | 3       |
|     mac_muladd_8s_8s_16s_16_4_1_U11458                    | 1   |        | add_ln190_35  | add | dsp_slice | 3       |
|     mac_muladd_7s_8s_15s_15_4_1_U11442                    | 1   |        | add_ln190_38  | add | dsp_slice | 3       |
|     mac_muladd_7s_8s_15s_15_4_1_U11438                    | 1   |        | add_ln190_39  | add | dsp_slice | 3       |
|     add_ln190_40_fu_4633_p2                               |     |        | add_ln190_40  | add | fabric    | 0       |
|     mac_muladd_7s_8s_15s_15_4_1_U11444                    | 1   |        | add_ln190_41  | add | dsp_slice | 3       |
|     mac_muladd_8s_8s_15s_15_4_1_U11460                    | 1   |        | add_ln190_42  | add | dsp_slice | 3       |
|     add_ln190_43_fu_4649_p2                               |     |        | add_ln190_43  | add | fabric    | 0       |
|     add_ln190_44_fu_4659_p2                               |     |        | add_ln190_44  | add | fabric    | 0       |
|     add_ln190_45_fu_4669_p2                               |     |        | add_ln190_45  | add | fabric    | 0       |
|     mac_muladd_8s_8s_15s_15_4_1_U11448                    | 1   |        | add_ln190_46  | add | dsp_slice | 3       |
|     mac_muladd_8s_8s_16s_16_4_1_U11441                    | 1   |        | add_ln190_47  | add | dsp_slice | 3       |
|     add_ln190_48_fu_4681_p2                               |     |        | add_ln190_48  | add | fabric    | 0       |
|     mac_muladd_8s_8s_16s_16_4_1_U11473                    | 1   |        | add_ln190_49  | add | dsp_slice | 3       |
|     mac_muladd_8s_8s_16s_16_4_1_U11456                    | 1   |        | add_ln190_50  | add | dsp_slice | 3       |
|     add_ln190_51_fu_4697_p2                               |     |        | add_ln190_51  | add | fabric    | 0       |
|     add_ln190_52_fu_4707_p2                               |     |        | add_ln190_52  | add | fabric    | 0       |
|     mac_muladd_7s_8s_15s_15_4_1_U11434                    | 1   |        | add_ln190_53  | add | dsp_slice | 3       |
|     mac_muladd_7s_8s_16s_16_4_1_U11424                    | 1   |        | add_ln190_54  | add | dsp_slice | 3       |
|     add_ln190_55_fu_4716_p2                               |     |        | add_ln190_55  | add | fabric    | 0       |
|     mac_muladd_8s_8s_16s_16_4_1_U11476                    | 1   |        | add_ln190_56  | add | dsp_slice | 3       |
|     mac_muladd_7s_8s_15s_15_4_1_U11468                    | 1   |        | add_ln190_57  | add | dsp_slice | 3       |
|     add_ln190_62_fu_5045_p2                               |     |        | add_ln190_62  | add | fabric    | 0       |
|     mac_muladd_7s_8s_15s_15_4_1_U11467                    | 1   |        | add_ln190_63  | add | dsp_slice | 3       |
|     mac_muladd_8s_8s_16s_16_4_1_U11421                    | 1   |        | add_ln190_64  | add | dsp_slice | 3       |
|     add_ln190_65_fu_4749_p2                               |     |        | add_ln190_65  | add | fabric    | 0       |
|     mac_muladd_7s_8s_16s_16_4_1_U11422                    | 1   |        | add_ln190_66  | add | dsp_slice | 3       |
|     mac_muladd_7s_8s_15s_15_4_1_U11452                    | 1   |        | add_ln190_67  | add | dsp_slice | 3       |
|     add_ln190_68_fu_4765_p2                               |     |        | add_ln190_68  | add | fabric    | 0       |
|     add_ln190_69_fu_4775_p2                               |     |        | add_ln190_69  | add | fabric    | 0       |
|     mac_muladd_8s_8s_16s_16_4_1_U11420                    | 1   |        | add_ln190_70  | add | dsp_slice | 3       |
|     mac_muladd_7s_8s_16s_16_4_1_U11449                    | 1   |        | add_ln190_71  | add | dsp_slice | 3       |
|     add_ln190_72_fu_4791_p2                               |     |        | add_ln190_72  | add | fabric    | 0       |
|     mac_muladd_7s_8s_16s_16_4_1_U11425                    | 1   |        | add_ln190_73  | add | dsp_slice | 3       |
|     mac_muladd_8s_8s_16s_16_4_1_U11465                    | 1   |        | add_ln190_74  | add | dsp_slice | 3       |
|     add_ln190_75_fu_4807_p2                               |     |        | add_ln190_75  | add | fabric    | 0       |
|     add_ln190_76_fu_4817_p2                               |     |        | add_ln190_76  | add | fabric    | 0       |
|     add_ln190_77_fu_4827_p2                               |     |        | add_ln190_77  | add | fabric    | 0       |
|     mac_muladd_7s_8s_15s_15_4_1_U11459                    | 1   |        | add_ln190_78  | add | dsp_slice | 3       |
|     mac_muladd_7s_8s_15s_15_4_1_U11447                    | 1   |        | add_ln190_79  | add | dsp_slice | 3       |
|     add_ln190_80_fu_4839_p2                               |     |        | add_ln190_80  | add | fabric    | 0       |
|     mac_muladd_8s_8s_16s_16_4_1_U11443                    | 1   |        | add_ln190_81  | add | dsp_slice | 3       |
|     mac_muladd_8s_8s_15s_15_4_1_U11445                    | 1   |        | add_ln190_82  | add | dsp_slice | 3       |
|     mac_muladd_7s_8s_16s_16_4_1_U11451                    | 1   |        | add_ln190_85  | add | dsp_slice | 3       |
|     mac_muladd_8s_8s_16s_16_4_1_U11462                    | 1   |        | add_ln190_86  | add | dsp_slice | 3       |
|     add_ln190_87_fu_4877_p2                               |     |        | add_ln190_87  | add | fabric    | 0       |
|     mac_muladd_7s_8s_15s_15_4_1_U11471                    | 1   |        | add_ln190_88  | add | dsp_slice | 3       |
|     mac_muladd_8s_8s_16s_16_4_1_U11430                    | 1   |        | add_ln190_89  | add | dsp_slice | 3       |
|     add_ln190_90_fu_4893_p2                               |     |        | add_ln190_90  | add | fabric    | 0       |
|     add_ln190_91_fu_4903_p2                               |     |        | add_ln190_91  | add | fabric    | 0       |
|     add_ln190_92_fu_4913_p2                               |     |        | add_ln190_92  | add | fabric    | 0       |
|     add_ln190_93_fu_5057_p2                               |     |        | add_ln190_93  | add | fabric    | 0       |
|     mac_muladd_8s_8s_16s_16_4_1_U11450                    | 1   |        | add_ln190_94  | add | dsp_slice | 3       |
|     mac_muladd_7s_8s_15s_15_4_1_U11470                    | 1   |        | add_ln190_95  | add | dsp_slice | 3       |
|     mac_muladd_7s_8s_15s_15_4_1_U11435                    | 1   |        | add_ln190_97  | add | dsp_slice | 3       |
|     mac_muladd_7s_8s_16s_16_4_1_U11466                    | 1   |        | add_ln190_98  | add | dsp_slice | 3       |
|     add_ln190_99_fu_4934_p2                               |     |        | add_ln190_99  | add | fabric    | 0       |
|     mac_muladd_8s_8s_16s_16_4_1_U11437                    | 1   |        | add_ln190_101 | add | dsp_slice | 3       |
|     mac_muladd_8s_8s_15s_15_4_1_U11474                    | 1   |        | add_ln190_102 | add | dsp_slice | 3       |
|     add_ln190_103_fu_4959_p2                              |     |        | add_ln190_103 | add | fabric    | 0       |
|     mac_muladd_7s_8s_15s_15_4_1_U11454                    | 1   |        | add_ln190_104 | add | dsp_slice | 3       |
|     mac_muladd_7s_8s_15s_15_4_1_U11431                    | 1   |        | add_ln190_105 | add | dsp_slice | 3       |
|     add_ln190_106_fu_4975_p2                              |     |        | add_ln190_106 | add | fabric    | 0       |
|     add_ln190_107_fu_4985_p2                              |     |        | add_ln190_107 | add | fabric    | 0       |
|     add_ln190_108_fu_4995_p2                              |     |        | add_ln190_108 | add | fabric    | 0       |
|     mac_muladd_8s_8s_16s_16_4_1_U11484                    | 1   |        | add_ln190_109 | add | dsp_slice | 3       |
|     mac_muladd_8s_8s_16s_16_4_1_U11483                    | 1   |        | add_ln190_110 | add | dsp_slice | 3       |
|     add_ln190_111_fu_5069_p2                              |     |        | add_ln190_111 | add | fabric    | 0       |
|     mac_muladd_8s_8s_16s_16_4_1_U11482                    | 1   |        | add_ln190_112 | add | dsp_slice | 3       |
|     mac_muladd_7s_8s_15s_15_4_1_U11481                    | 1   |        | add_ln190_113 | add | dsp_slice | 3       |
|     add_ln190_114_fu_5082_p2                              |     |        | add_ln190_114 | add | fabric    | 0       |
|     add_ln190_115_fu_5091_p2                              |     |        | add_ln190_115 | add | fabric    | 0       |
|     mac_muladd_7s_8s_16s_16_4_1_U11480                    | 1   |        | add_ln190_116 | add | dsp_slice | 3       |
|     mac_muladd_7s_8s_15s_15_4_1_U11479                    | 1   |        | add_ln190_117 | add | dsp_slice | 3       |
|     add_ln190_118_fu_5104_p2                              |     |        | add_ln190_118 | add | fabric    | 0       |
|     mac_muladd_7s_8s_15s_15_4_1_U11478                    | 1   |        | add_ln190_119 | add | dsp_slice | 3       |
|     mac_muladd_8s_8s_15s_15_4_1_U11475                    | 1   |        | add_ln190_120 | add | dsp_slice | 3       |
|     mac_muladd_8s_8s_15s_16_4_1_U11477                    | 1   |        | add_ln190_121 | add | dsp_slice | 3       |
|     add_ln190_122_fu_5119_p2                              |     |        | add_ln190_122 | add | fabric    | 0       |
|     add_ln190_123_fu_5129_p2                              |     |        | add_ln190_123 | add | fabric    | 0       |
|     add_ln190_124_fu_5139_p2                              |     |        | add_ln190_124 | add | fabric    | 0       |
|     add_ln190_125_fu_5157_p2                              |     |        | add_ln190_125 | add | fabric    | 0       |
|     add_ln190_126_fu_5167_p2                              |     |        | add_ln190_126 | add | fabric    | 0       |
|     acc_1_fu_5177_p2                                      |     |        | acc_1         | add | fabric    | 0       |
|  + awn_forward_Pipeline_VITIS_LOOP_277_11                 | 3   |        |               |     |           |         |
|    add_ln277_fu_115_p2                                    |     |        | add_ln277     | add | fabric    | 0       |
|    mul_22s_32ns_53_1_1_U11746                             | 2   |        | prod          | mul | auto      | 0       |
|    sum_fu_135_p2                                          |     |        | sum           | add | fabric    | 0       |
|    mac_muladd_8s_9ns_15ns_17_4_1_U11747                   | 1   |        | mul_ln36      | mul | dsp_slice | 3       |
|    mac_muladd_8s_9ns_15ns_17_4_1_U11747                   | 1   |        | add_ln36      | add | dsp_slice | 3       |
|  + linear_acc_11_320_s                                    | 193 |        |               |     |           |         |
|   + linear_acc_11_320_Pipeline_VITIS_LOOP_186_1           | 193 |        |               |     |           |         |
|     add_ln186_fu_8714_p2                                  |     |        | add_ln186     | add | fabric    | 0       |
|     mac_muladd_6s_8s_15s_15_4_1_U11878                    | 1   |        | mul_ln190     | mul | dsp_slice | 3       |
|     mac_muladd_6s_8s_15s_15_4_1_U11943                    | 1   |        | mul_ln190_286 | mul | dsp_slice | 3       |
|     mul_8s_8s_16_1_1_U11751                               |     |        | mul_ln190_287 | mul | auto      | 0       |
|     mac_muladd_8s_8s_16s_16_4_1_U11944                    | 1   |        | mul_ln190_288 | mul | dsp_slice | 3       |
|     mac_muladd_7s_8s_14s_15_4_1_U11945                    | 1   |        | mul_ln190_289 | mul | dsp_slice | 3       |
|     mac_muladd_7s_8s_15s_15_4_1_U11879                    | 1   |        | mul_ln190_290 | mul | dsp_slice | 3       |
|     mac_muladd_7s_8s_15s_15_4_1_U11946                    | 1   |        | mul_ln190_291 | mul | dsp_slice | 3       |
|     mac_muladd_6s_8s_15s_15_4_1_U11947                    | 1   |        | mul_ln190_292 | mul | dsp_slice | 3       |
|     mac_muladd_7s_8s_16s_16_4_1_U11948                    | 1   |        | mul_ln190_293 | mul | dsp_slice | 3       |
|     mul_7s_8s_15_1_1_U11752                               |     |        | mul_ln190_294 | mul | auto      | 0       |
|     mul_7s_8s_14_1_1_U11816                               |     |        | mul_ln190_295 | mul | auto      | 0       |
|     mac_muladd_7s_8s_15s_15_4_1_U11949                    | 1   |        | mul_ln190_296 | mul | dsp_slice | 3       |
|     mac_muladd_6s_8s_15s_15_4_1_U11950                    | 1   |        | mul_ln190_297 | mul | dsp_slice | 3       |
|     mac_muladd_7s_8s_14s_15_4_1_U11951                    | 1   |        | mul_ln190_298 | mul | dsp_slice | 3       |
|     mac_muladd_7s_8s_16s_16_4_1_U11880                    | 1   |        | mul_ln190_299 | mul | dsp_slice | 3       |
|     mul_7s_8s_15_1_1_U11817                               |     |        | mul_ln190_300 | mul | auto      | 0       |
|     mul_7s_8s_15_1_1_U11818                               |     |        | mul_ln190_301 | mul | auto      | 0       |
|     mul_8s_8s_16_1_1_U11753                               |     |        | mul_ln190_302 | mul | auto      | 0       |
|     mul_7s_8s_15_1_1_U11754                               |     |        | mul_ln190_303 | mul | auto      | 0       |
|     mac_muladd_7s_8s_15ns_15_4_1_U11952                   | 1   |        | mul_ln190_304 | mul | dsp_slice | 3       |
|     mac_muladd_8s_8s_16ns_16_4_1_U11953                   | 1   |        | mul_ln190_305 | mul | dsp_slice | 3       |
|     mac_muladd_7s_8s_16s_16_4_1_U11954                    | 1   |        | mul_ln190_306 | mul | dsp_slice | 3       |
|     mac_muladd_7s_8s_15s_15_4_1_U11955                    | 1   |        | mul_ln190_307 | mul | dsp_slice | 3       |
|     mac_muladd_8s_8s_16s_16_4_1_U11956                    | 1   |        | mul_ln190_308 | mul | dsp_slice | 3       |
|     mac_muladd_7s_8s_15s_15_4_1_U11957                    | 1   |        | mul_ln190_309 | mul | dsp_slice | 3       |
|     mac_muladd_8s_8s_15s_16_4_1_U11958                    | 1   |        | mul_ln190_310 | mul | dsp_slice | 3       |
|     mac_muladd_6s_8s_15s_15_4_1_U11959                    | 1   |        | mul_ln190_311 | mul | dsp_slice | 3       |
|     mac_muladd_6s_8s_15s_15_4_1_U11881                    | 1   |        | mul_ln190_312 | mul | dsp_slice | 3       |
|     mul_7s_8s_15_1_1_U11819                               |     |        | mul_ln190_313 | mul | auto      | 0       |
|     mac_muladd_7s_8s_16s_16_4_1_U11960                    | 1   |        | mul_ln190_314 | mul | dsp_slice | 3       |
|     mac_muladd_5s_8s_14s_14_4_1_U11882                    | 1   |        | mul_ln190_315 | mul | dsp_slice | 3       |
|     mac_muladd_6s_8s_15s_15_4_1_U11883                    | 1   |        | mul_ln190_316 | mul | dsp_slice | 3       |
|     mac_muladd_7s_8s_15s_15_4_1_U11884                    | 1   |        | mul_ln190_317 | mul | dsp_slice | 3       |
|     mul_7s_8s_15_1_1_U11755                               |     |        | mul_ln190_318 | mul | auto      | 0       |
|     mac_muladd_5s_8s_14s_14_4_1_U11961                    | 1   |        | mul_ln190_319 | mul | dsp_slice | 3       |
|     mac_muladd_7s_8s_16s_16_4_1_U11885                    | 1   |        | mul_ln190_320 | mul | dsp_slice | 3       |
|     mac_muladd_6s_8s_15s_16_4_1_U11962                    | 1   |        | mul_ln190_321 | mul | dsp_slice | 3       |
|     mul_7s_8s_15_1_1_U11820                               |     |        | mul_ln190_322 | mul | auto      | 0       |
|     mac_muladd_8s_8s_15s_15_4_1_U11886                    | 1   |        | mul_ln190_323 | mul | dsp_slice | 3       |
|     mac_muladd_6s_8s_15s_15_4_1_U11887                    | 1   |        | mul_ln190_324 | mul | dsp_slice | 3       |
|     mul_7s_8s_15_1_1_U11756                               |     |        | mul_ln190_325 | mul | auto      | 0       |
|     mac_muladd_7s_8s_15s_16_4_1_U11963                    | 1   |        | mul_ln190_326 | mul | dsp_slice | 3       |
|     mac_muladd_7s_8s_14s_14_4_1_U11964                    | 1   |        | mul_ln190_327 | mul | dsp_slice | 3       |
|     mac_muladd_7s_8s_16s_16_4_1_U11965                    | 1   |        | mul_ln190_328 | mul | dsp_slice | 3       |
|     mac_muladd_7s_8s_15s_15_4_1_U11966                    | 1   |        | mul_ln190_329 | mul | dsp_slice | 3       |
|     mul_7s_8s_15_1_1_U11821                               |     |        | mul_ln190_330 | mul | auto      | 0       |
|     mac_muladd_8s_8s_16s_16_4_1_U11888                    | 1   |        | mul_ln190_331 | mul | dsp_slice | 3       |
|     mul_7s_8s_15_1_1_U11757                               |     |        | mul_ln190_332 | mul | auto      | 0       |
|     mac_muladd_8s_8s_15s_16_4_1_U11967                    | 1   |        | mul_ln190_333 | mul | dsp_slice | 3       |
|     mac_muladd_6s_8s_16s_16_4_1_U11968                    | 1   |        | mul_ln190_334 | mul | dsp_slice | 3       |
|     mul_7s_8s_15_1_1_U11758                               |     |        | mul_ln190_335 | mul | auto      | 0       |
|     mac_muladd_7s_8s_15s_15_4_1_U11889                    | 1   |        | mul_ln190_336 | mul | dsp_slice | 3       |
|     mac_muladd_5s_8s_14s_14_4_1_U11890                    | 1   |        | mul_ln190_337 | mul | dsp_slice | 3       |
|     mac_muladd_7s_8s_15s_16_4_1_U11969                    | 1   |        | mul_ln190_338 | mul | dsp_slice | 3       |
|     mac_muladd_7s_8s_15s_16_4_1_U11970                    | 1   |        | mul_ln190_339 | mul | dsp_slice | 3       |
|     mac_muladd_7s_8s_16s_16_4_1_U11971                    | 1   |        | mul_ln190_340 | mul | dsp_slice | 3       |
|     mul_7s_8s_15_1_1_U11822                               |     |        | mul_ln190_341 | mul | auto      | 0       |
|     mac_muladd_8s_8s_16s_16_4_1_U11891                    | 1   |        | mul_ln190_342 | mul | dsp_slice | 3       |
|     mac_muladd_8s_8s_16s_16_4_1_U11972                    | 1   |        | mul_ln190_343 | mul | dsp_slice | 3       |
|     mul_7s_8s_15_1_1_U11823                               |     |        | mul_ln190_344 | mul | auto      | 0       |
|     mac_muladd_7s_8s_15s_15_4_1_U11892                    | 1   |        | mul_ln190_345 | mul | dsp_slice | 3       |
|     mac_muladd_7s_8s_16s_16_4_1_U11973                    | 1   |        | mul_ln190_346 | mul | dsp_slice | 3       |
|     mac_muladd_6s_8s_15s_15_4_1_U11974                    | 1   |        | mul_ln190_347 | mul | dsp_slice | 3       |
|     mul_7s_8s_15_1_1_U11759                               |     |        | mul_ln190_348 | mul | auto      | 0       |
|     mac_muladd_6s_8s_16s_16_4_1_U11975                    | 1   |        | mul_ln190_349 | mul | dsp_slice | 3       |
|     mac_muladd_7s_8s_15s_15_4_1_U11893                    | 1   |        | mul_ln190_350 | mul | dsp_slice | 3       |
|     mac_muladd_7s_8s_15s_15_4_1_U11976                    | 1   |        | mul_ln190_351 | mul | dsp_slice | 3       |
|     mul_7s_8s_15_1_1_U11760                               |     |        | mul_ln190_352 | mul | auto      | 0       |
|     mac_muladd_8s_8s_15s_16_4_1_U11977                    | 1   |        | mul_ln190_353 | mul | dsp_slice | 3       |
|     mac_muladd_7s_8s_15ns_15_4_1_U11978                   | 1   |        | mul_ln190_354 | mul | dsp_slice | 3       |
|     mac_muladd_6s_8s_15s_15_4_1_U11894                    | 1   |        | mul_ln190_355 | mul | dsp_slice | 3       |
|     mac_muladd_7s_8s_15s_15_4_1_U11979                    | 1   |        | mul_ln190_356 | mul | dsp_slice | 3       |
|     mac_muladd_6s_8s_14s_14_4_1_U11980                    | 1   |        | mul_ln190_357 | mul | dsp_slice | 3       |
|     mac_muladd_7s_8s_14s_15_4_1_U11981                    | 1   |        | mul_ln190_358 | mul | dsp_slice | 3       |
|     mul_7s_8s_15_1_1_U11761                               |     |        | mul_ln190_359 | mul | auto      | 0       |
|     mul_7s_8s_15_1_1_U11762                               |     |        | mul_ln190_360 | mul | auto      | 0       |
|     mul_7s_8s_15_1_1_U11824                               |     |        | mul_ln190_361 | mul | auto      | 0       |
|     mac_muladd_8s_8s_15s_16_4_1_U11982                    | 1   |        | mul_ln190_362 | mul | dsp_slice | 3       |
|     mul_7s_8s_15_1_1_U11825                               |     |        | mul_ln190_363 | mul | auto      | 0       |
|     mac_muladd_6s_8s_16s_16_4_1_U11983                    | 1   |        | mul_ln190_364 | mul | dsp_slice | 3       |
|     mac_muladd_7s_8s_16s_16_4_1_U11895                    | 1   |        | mul_ln190_365 | mul | dsp_slice | 3       |
|     mac_muladd_8s_8s_15s_16_4_1_U11984                    | 1   |        | mul_ln190_366 | mul | dsp_slice | 3       |
|     mul_7s_8s_15_1_1_U11826                               |     |        | mul_ln190_367 | mul | auto      | 0       |
|     mul_7s_8s_15_1_1_U11827                               |     |        | mul_ln190_368 | mul | auto      | 0       |
|     mac_muladd_6s_8s_15s_15_4_1_U11985                    | 1   |        | mul_ln190_369 | mul | dsp_slice | 3       |
|     mac_muladd_6s_8s_15s_15_4_1_U11896                    | 1   |        | mul_ln190_370 | mul | dsp_slice | 3       |
|     mul_7s_8s_15_1_1_U11828                               |     |        | mul_ln190_371 | mul | auto      | 0       |
|     mul_7s_8s_14_1_1_U11829                               |     |        | mul_ln190_372 | mul | auto      | 0       |
|     mac_muladd_6s_8s_15s_16_4_1_U11986                    | 1   |        | mul_ln190_373 | mul | dsp_slice | 3       |
|     mac_muladd_6s_8s_15s_15_4_1_U11897                    | 1   |        | mul_ln190_374 | mul | dsp_slice | 3       |
|     mac_muladd_7s_8s_15s_16_4_1_U11987                    | 1   |        | mul_ln190_375 | mul | dsp_slice | 3       |
|     mac_muladd_7s_8s_15s_15_4_1_U11898                    | 1   |        | mul_ln190_376 | mul | dsp_slice | 3       |
|     mac_muladd_6s_8s_15s_15_4_1_U11988                    | 1   |        | mul_ln190_377 | mul | dsp_slice | 3       |
|     mac_muladd_7s_8s_15s_15_4_1_U11989                    | 1   |        | mul_ln190_378 | mul | dsp_slice | 3       |
|     mul_8s_8s_16_1_1_U11763                               |     |        | mul_ln190_379 | mul | auto      | 0       |
|     mul_6s_8s_14_1_1_U11764                               |     |        | mul_ln190_380 | mul | auto      | 0       |
|     mac_muladd_7s_8s_15s_16_4_1_U11990                    | 1   |        | mul_ln190_381 | mul | dsp_slice | 3       |
|     mul_7s_8s_15_1_1_U11765                               |     |        | mul_ln190_382 | mul | auto      | 0       |
|     mac_muladd_7s_8s_15s_15_4_1_U11899                    | 1   |        | mul_ln190_383 | mul | dsp_slice | 3       |
|     mac_muladd_6s_8s_15s_15_4_1_U11991                    | 1   |        | mul_ln190_384 | mul | dsp_slice | 3       |
|     mac_muladd_8s_8s_15s_15_4_1_U11992                    | 1   |        | mul_ln190_385 | mul | dsp_slice | 3       |
|     mac_muladd_6s_8s_15s_15_4_1_U11993                    | 1   |        | mul_ln190_386 | mul | dsp_slice | 3       |
|     mac_muladd_8s_8s_15s_16_4_1_U11994                    | 1   |        | mul_ln190_387 | mul | dsp_slice | 3       |
|     mul_7s_8s_15_1_1_U11766                               |     |        | mul_ln190_388 | mul | auto      | 0       |
|     mac_muladd_7s_8s_15s_16_4_1_U11995                    | 1   |        | mul_ln190_389 | mul | dsp_slice | 3       |
|     mul_8s_8s_16_1_1_U11830                               |     |        | mul_ln190_390 | mul | auto      | 0       |
|     mac_muladd_7s_8s_15s_16_4_1_U11996                    | 1   |        | mul_ln190_391 | mul | dsp_slice | 3       |
|     mul_7s_8s_15_1_1_U11831                               |     |        | mul_ln190_392 | mul | auto      | 0       |
|     mac_muladd_5s_8s_15s_15_4_1_U11997                    | 1   |        | mul_ln190_393 | mul | dsp_slice | 3       |
|     mul_7s_8s_15_1_1_U11767                               |     |        | mul_ln190_394 | mul | auto      | 0       |
|     mac_muladd_7s_8s_15s_15_4_1_U11998                    | 1   |        | mul_ln190_395 | mul | dsp_slice | 3       |
|     mac_muladd_6s_8s_15s_15_4_1_U11900                    | 1   |        | mul_ln190_396 | mul | dsp_slice | 3       |
|     mac_muladd_8s_8s_16s_16_4_1_U11901                    | 1   |        | mul_ln190_397 | mul | dsp_slice | 3       |
|     mul_8s_8s_15_1_1_U11768                               |     |        | mul_ln190_398 | mul | auto      | 0       |
|     mul_8s_8s_16_1_1_U11832                               |     |        | mul_ln190_399 | mul | auto      | 0       |
|     mac_muladd_8s_8s_15s_15_4_1_U11999                    | 1   |        | mul_ln190_400 | mul | dsp_slice | 3       |
|     mac_muladd_8s_8s_16s_16_4_1_U11902                    | 1   |        | mul_ln190_401 | mul | dsp_slice | 3       |
|     mul_7s_8s_15_1_1_U11769                               |     |        | mul_ln190_402 | mul | auto      | 0       |
|     mul_8s_8s_16_1_1_U11833                               |     |        | mul_ln190_403 | mul | auto      | 0       |
|     mac_muladd_6s_8s_15s_15_4_1_U11903                    | 1   |        | mul_ln190_404 | mul | dsp_slice | 3       |
|     mul_8s_8s_16_1_1_U11834                               |     |        | mul_ln190_405 | mul | auto      | 0       |
|     mac_muladd_6s_8s_15s_15_4_1_U12000                    | 1   |        | mul_ln190_406 | mul | dsp_slice | 3       |
|     mac_muladd_7s_8s_15s_15_4_1_U12001                    | 1   |        | mul_ln190_407 | mul | dsp_slice | 3       |
|     mac_muladd_8s_8s_16s_16_4_1_U11904                    | 1   |        | mul_ln190_408 | mul | dsp_slice | 3       |
|     mul_8s_8s_16_1_1_U11835                               |     |        | mul_ln190_409 | mul | auto      | 0       |
|     mac_muladd_7s_8s_15s_15_4_1_U12002                    | 1   |        | mul_ln190_410 | mul | dsp_slice | 3       |
|     mac_muladd_6s_8s_5s_13_4_1_U12003                     | 1   |        | mul_ln190_411 | mul | dsp_slice | 3       |
|     mul_7s_8s_15_1_1_U11770                               |     |        | mul_ln190_412 | mul | auto      | 0       |
|     mul_7s_8s_15_1_1_U11771                               |     |        | mul_ln190_413 | mul | auto      | 0       |
|     mac_muladd_6s_8s_14s_14_4_1_U11905                    | 1   |        | mul_ln190_414 | mul | dsp_slice | 3       |
|     mac_muladd_8s_8s_15s_15_4_1_U11906                    | 1   |        | mul_ln190_415 | mul | dsp_slice | 3       |
|     mul_7s_8s_14_1_1_U11836                               |     |        | mul_ln190_416 | mul | auto      | 0       |
|     mul_8s_8s_16_1_1_U11837                               |     |        | mul_ln190_417 | mul | auto      | 0       |
|     mac_muladd_7s_8s_16s_16_4_1_U12004                    | 1   |        | mul_ln190_418 | mul | dsp_slice | 3       |
|     mac_muladd_8s_8s_16ns_16_4_1_U12005                   | 1   |        | mul_ln190_419 | mul | dsp_slice | 3       |
|     mul_7s_8s_15_1_1_U11838                               |     |        | mul_ln190_420 | mul | auto      | 0       |
|     mul_7s_8s_15_1_1_U11839                               |     |        | mul_ln190_421 | mul | auto      | 0       |
|     mac_muladd_5s_8s_15s_16_4_1_U12006                    | 1   |        | mul_ln190_422 | mul | dsp_slice | 3       |
|     mac_muladd_7s_8s_15s_15_4_1_U12007                    | 1   |        | mul_ln190_423 | mul | dsp_slice | 3       |
|     mul_8s_8s_16_1_1_U11840                               |     |        | mul_ln190_424 | mul | auto      | 0       |
|     mac_muladd_7s_8s_16s_16_4_1_U12008                    | 1   |        | mul_ln190_425 | mul | dsp_slice | 3       |
|     mac_muladd_8s_8s_15s_16_4_1_U12009                    | 1   |        | mul_ln190_426 | mul | dsp_slice | 3       |
|     mul_8s_8s_15_1_1_U11772                               |     |        | mul_ln190_427 | mul | auto      | 0       |
|     mul_7s_8s_15_1_1_U11841                               |     |        | mul_ln190_428 | mul | auto      | 0       |
|     mac_muladd_6s_8s_15s_16_4_1_U12010                    | 1   |        | mul_ln190_429 | mul | dsp_slice | 3       |
|     mac_muladd_8s_8s_16ns_16_4_1_U12011                   | 1   |        | mul_ln190_430 | mul | dsp_slice | 3       |
|     mac_muladd_6s_8s_14s_14_4_1_U11907                    | 1   |        | mul_ln190_431 | mul | dsp_slice | 3       |
|     mac_muladd_8s_8s_15s_15_4_1_U12012                    | 1   |        | mul_ln190_432 | mul | dsp_slice | 3       |
|     mul_8s_8s_15_1_1_U11773                               |     |        | mul_ln190_433 | mul | auto      | 0       |
|     mul_7s_8s_15_1_1_U11842                               |     |        | mul_ln190_434 | mul | auto      | 0       |
|     mac_muladd_5s_8s_14s_14_4_1_U11908                    | 1   |        | mul_ln190_435 | mul | dsp_slice | 3       |
|     mul_7s_8s_15_1_1_U11843                               |     |        | mul_ln190_436 | mul | auto      | 0       |
|     mac_muladd_7s_8s_15s_15_4_1_U12013                    | 1   |        | mul_ln190_437 | mul | dsp_slice | 3       |
|     mac_muladd_6s_8s_15s_15_4_1_U12014                    | 1   |        | mul_ln190_438 | mul | dsp_slice | 3       |
|     mac_muladd_7s_8s_15s_15_4_1_U12015                    | 1   |        | mul_ln190_439 | mul | dsp_slice | 3       |
|     mac_muladd_7s_8s_15s_15_4_1_U12016                    | 1   |        | mul_ln190_440 | mul | dsp_slice | 3       |
|     mac_muladd_7s_8s_16s_16_4_1_U11909                    | 1   |        | mul_ln190_441 | mul | dsp_slice | 3       |
|     mul_7s_8s_15_1_1_U11774                               |     |        | mul_ln190_442 | mul | auto      | 0       |
|     mul_8s_8s_15_1_1_U11775                               |     |        | mul_ln190_443 | mul | auto      | 0       |
|     mac_muladd_7s_8s_15s_15_4_1_U11910                    | 1   |        | mul_ln190_444 | mul | dsp_slice | 3       |
|     mac_muladd_8s_8s_15s_16_4_1_U12017                    | 1   |        | mul_ln190_445 | mul | dsp_slice | 3       |
|     mul_7s_8s_15_1_1_U11844                               |     |        | mul_ln190_446 | mul | auto      | 0       |
|     mac_muladd_7s_8s_15s_16_4_1_U12018                    | 1   |        | mul_ln190_447 | mul | dsp_slice | 3       |
|     mul_8s_8s_15_1_1_U11845                               |     |        | mul_ln190_448 | mul | auto      | 0       |
|     mac_muladd_8s_8s_16s_16_4_1_U11911                    | 1   |        | mul_ln190_449 | mul | dsp_slice | 3       |
|     mac_muladd_7s_8s_15s_16_4_1_U12019                    | 1   |        | mul_ln190_450 | mul | dsp_slice | 3       |
|     mac_muladd_7s_8s_15s_15_4_1_U12020                    | 1   |        | mul_ln190_451 | mul | dsp_slice | 3       |
|     mac_muladd_6s_8s_15s_15_4_1_U11912                    | 1   |        | mul_ln190_452 | mul | dsp_slice | 3       |
|     mul_8s_8s_16_1_1_U11776                               |     |        | mul_ln190_453 | mul | auto      | 0       |
|     mul_7s_8s_15_1_1_U11777                               |     |        | mul_ln190_454 | mul | auto      | 0       |
|     mac_muladd_6s_8s_15s_15_4_1_U12021                    | 1   |        | mul_ln190_455 | mul | dsp_slice | 3       |
|     mac_muladd_5s_8s_15s_15_4_1_U12022                    | 1   |        | mul_ln190_456 | mul | dsp_slice | 3       |
|     mul_8s_8s_15_1_1_U11778                               |     |        | mul_ln190_457 | mul | auto      | 0       |
|     mul_7s_8s_15_1_1_U11846                               |     |        | mul_ln190_458 | mul | auto      | 0       |
|     mul_7s_8s_15_1_1_U11779                               |     |        | mul_ln190_459 | mul | auto      | 0       |
|     mul_7s_8s_15_1_1_U11780                               |     |        | mul_ln190_460 | mul | auto      | 0       |
|     mac_muladd_7s_8s_15s_15_4_1_U11913                    | 1   |        | mul_ln190_461 | mul | dsp_slice | 3       |
|     mul_7s_8s_15_1_1_U11847                               |     |        | mul_ln190_462 | mul | auto      | 0       |
|     mac_muladd_7s_8s_15s_15_4_1_U12023                    | 1   |        | mul_ln190_463 | mul | dsp_slice | 3       |
|     mac_muladd_7s_8s_16s_16_4_1_U12024                    | 1   |        | mul_ln190_464 | mul | dsp_slice | 3       |
|     mul_8s_8s_15_1_1_U11781                               |     |        | mul_ln190_465 | mul | auto      | 0       |
|     mac_muladd_7s_8s_15s_15_4_1_U11914                    | 1   |        | mul_ln190_466 | mul | dsp_slice | 3       |
|     mac_muladd_6s_8s_14s_14_4_1_U12025                    | 1   |        | mul_ln190_467 | mul | dsp_slice | 3       |
|     mul_8s_8s_15_1_1_U11848                               |     |        | mul_ln190_468 | mul | auto      | 0       |
|     mul_8s_8s_15_1_1_U11782                               |     |        | mul_ln190_469 | mul | auto      | 0       |
|     mac_muladd_7s_8s_15s_15_4_1_U12026                    | 1   |        | mul_ln190_470 | mul | dsp_slice | 3       |
|     mac_muladd_7s_8s_15s_16_4_1_U12027                    | 1   |        | mul_ln190_471 | mul | dsp_slice | 3       |
|     mac_muladd_7s_8s_15s_15_4_1_U12028                    | 1   |        | mul_ln190_472 | mul | dsp_slice | 3       |
|     mac_muladd_7s_8s_16s_16_4_1_U12029                    | 1   |        | mul_ln190_473 | mul | dsp_slice | 3       |
|     mul_7s_8s_15_1_1_U11849                               |     |        | mul_ln190_474 | mul | auto      | 0       |
|     mul_7s_8s_15_1_1_U11783                               |     |        | mul_ln190_475 | mul | auto      | 0       |
|     mul_8s_8s_16_1_1_U11850                               |     |        | mul_ln190_476 | mul | auto      | 0       |
|     mac_muladd_7s_8s_15s_15_4_1_U11915                    | 1   |        | mul_ln190_477 | mul | dsp_slice | 3       |
|     mul_8s_8s_16_1_1_U11851                               |     |        | mul_ln190_478 | mul | auto      | 0       |
|     mul_8s_8s_16_1_1_U11784                               |     |        | mul_ln190_479 | mul | auto      | 0       |
|     mul_7s_8s_15_1_1_U11852                               |     |        | mul_ln190_480 | mul | auto      | 0       |
|     mul_6s_8s_14_1_1_U11853                               |     |        | mul_ln190_481 | mul | auto      | 0       |
|     mul_7s_8s_15_1_1_U11785                               |     |        | mul_ln190_482 | mul | auto      | 0       |
|     mul_8s_8s_16_1_1_U11786                               |     |        | mul_ln190_483 | mul | auto      | 0       |
|     mul_8s_8s_15_1_1_U11854                               |     |        | mul_ln190_484 | mul | auto      | 0       |
|     mac_muladd_7s_8s_15s_15_4_1_U12030                    | 1   |        | mul_ln190_485 | mul | dsp_slice | 3       |
|     mac_muladd_7s_8s_14s_14_4_1_U12031                    | 1   |        | mul_ln190_486 | mul | dsp_slice | 3       |
|     mac_muladd_7s_8s_15s_15_4_1_U11916                    | 1   |        | mul_ln190_487 | mul | dsp_slice | 3       |
|     mac_muladd_7s_8s_15s_15_4_1_U11917                    | 1   |        | mul_ln190_488 | mul | dsp_slice | 3       |
|     mac_muladd_7s_8s_15ns_15_4_1_U12032                   | 1   |        | mul_ln190_489 | mul | dsp_slice | 3       |
|     mac_muladd_6s_8s_15s_15_4_1_U11918                    | 1   |        | mul_ln190_490 | mul | dsp_slice | 3       |
|     mac_muladd_6s_8s_14s_15_4_1_U12033                    | 1   |        | mul_ln190_491 | mul | dsp_slice | 3       |
|     mac_muladd_8s_8s_15s_15_4_1_U11919                    | 1   |        | mul_ln190_492 | mul | dsp_slice | 3       |
|     mac_muladd_7s_8s_15s_15_4_1_U11920                    | 1   |        | mul_ln190_493 | mul | dsp_slice | 3       |
|     mac_muladd_8s_8s_15s_15_4_1_U12034                    | 1   |        | mul_ln190_494 | mul | dsp_slice | 3       |
|     mac_muladd_6s_8s_15s_15_4_1_U12035                    | 1   |        | mul_ln190_495 | mul | dsp_slice | 3       |
|     mac_muladd_6s_8s_15s_15_4_1_U11921                    | 1   |        | mul_ln190_496 | mul | dsp_slice | 3       |
|     mul_7s_8s_15_1_1_U11855                               |     |        | mul_ln190_497 | mul | auto      | 0       |
|     mac_muladd_7s_8s_16s_16_4_1_U11922                    | 1   |        | mul_ln190_498 | mul | dsp_slice | 3       |
|     mac_muladd_8s_8s_16s_16_4_1_U12036                    | 1   |        | mul_ln190_499 | mul | dsp_slice | 3       |
|     mac_muladd_8s_8s_15s_16_4_1_U12037                    | 1   |        | mul_ln190_500 | mul | dsp_slice | 3       |
|     mac_muladd_7s_8s_15s_15_4_1_U12038                    | 1   |        | mul_ln190_501 | mul | dsp_slice | 3       |
|     mac_muladd_5s_8s_15s_15_4_1_U12039                    | 1   |        | mul_ln190_502 | mul | dsp_slice | 3       |
|     mul_7s_8s_15_1_1_U11787                               |     |        | mul_ln190_503 | mul | auto      | 0       |
|     mul_8s_8s_15_1_1_U11856                               |     |        | mul_ln190_504 | mul | auto      | 0       |
|     mac_muladd_6s_8s_15s_15_4_1_U11923                    | 1   |        | mul_ln190_505 | mul | dsp_slice | 3       |
|     mac_muladd_7s_8s_15s_15_4_1_U12040                    | 1   |        | mul_ln190_506 | mul | dsp_slice | 3       |
|     mac_muladd_7s_8s_15s_15_4_1_U12041                    | 1   |        | mul_ln190_507 | mul | dsp_slice | 3       |
|     mul_7s_8s_15_1_1_U11788                               |     |        | mul_ln190_508 | mul | auto      | 0       |
|     mul_8s_8s_16_1_1_U11789                               |     |        | mul_ln190_509 | mul | auto      | 0       |
|     mac_muladd_7s_8s_15s_16_4_1_U12042                    | 1   |        | mul_ln190_510 | mul | dsp_slice | 3       |
|     mac_muladd_6s_8s_15s_15_4_1_U11924                    | 1   |        | mul_ln190_511 | mul | dsp_slice | 3       |
|     mul_7s_8s_15_1_1_U11790                               |     |        | mul_ln190_512 | mul | auto      | 0       |
|     mac_muladd_6s_8s_15s_15_4_1_U11925                    | 1   |        | mul_ln190_513 | mul | dsp_slice | 3       |
|     mac_muladd_8s_8s_15s_15_4_1_U11926                    | 1   |        | mul_ln190_514 | mul | dsp_slice | 3       |
|     mac_muladd_6s_8s_15s_15_4_1_U12043                    | 1   |        | mul_ln190_515 | mul | dsp_slice | 3       |
|     mul_7s_8s_14_1_1_U11791                               |     |        | mul_ln190_516 | mul | auto      | 0       |
|     mac_muladd_6s_8s_15s_15_4_1_U11927                    | 1   |        | mul_ln190_517 | mul | dsp_slice | 3       |
|     mac_muladd_7s_8s_15s_15_4_1_U12044                    | 1   |        | mul_ln190_518 | mul | dsp_slice | 3       |
|     mac_muladd_8s_8s_16s_16_4_1_U11928                    | 1   |        | mul_ln190_519 | mul | dsp_slice | 3       |
|     mul_7s_8s_15_1_1_U11792                               |     |        | mul_ln190_520 | mul | auto      | 0       |
|     mac_muladd_7s_8s_15s_15_4_1_U12045                    | 1   |        | mul_ln190_521 | mul | dsp_slice | 3       |
|     mul_7s_8s_15_1_1_U11793                               |     |        | mul_ln190_522 | mul | auto      | 0       |
|     mac_muladd_8s_8s_14s_15_4_1_U12046                    | 1   |        | mul_ln190_523 | mul | dsp_slice | 3       |
|     mul_8s_8s_15_1_1_U11794                               |     |        | mul_ln190_524 | mul | auto      | 0       |
|     mac_muladd_6s_8s_15s_15_4_1_U12047                    | 1   |        | mul_ln190_525 | mul | dsp_slice | 3       |
|     mul_7s_8s_15_1_1_U11857                               |     |        | mul_ln190_526 | mul | auto      | 0       |
|     mul_8s_8s_16_1_1_U11795                               |     |        | mul_ln190_527 | mul | auto      | 0       |
|     mul_7s_8s_15_1_1_U11858                               |     |        | mul_ln190_528 | mul | auto      | 0       |
|     mul_8s_8s_16_1_1_U11796                               |     |        | mul_ln190_529 | mul | auto      | 0       |
|     mul_8s_8s_16_1_1_U11859                               |     |        | mul_ln190_530 | mul | auto      | 0       |
|     mul_8s_8s_16_1_1_U11797                               |     |        | mul_ln190_531 | mul | auto      | 0       |
|     mul_7s_8s_15_1_1_U11860                               |     |        | mul_ln190_532 | mul | auto      | 0       |
|     mul_7s_8s_15_1_1_U11798                               |     |        | mul_ln190_533 | mul | auto      | 0       |
|     mul_8s_8s_16_1_1_U11799                               |     |        | mul_ln190_534 | mul | auto      | 0       |
|     mul_8s_8s_16_1_1_U11800                               |     |        | mul_ln190_535 | mul | auto      | 0       |
|     mac_muladd_7s_8s_15s_16_4_1_U12048                    | 1   |        | mul_ln190_536 | mul | dsp_slice | 3       |
|     mac_muladd_8s_8s_16s_16_4_1_U12049                    | 1   |        | mul_ln190_537 | mul | dsp_slice | 3       |
|     mul_7s_8s_15_1_1_U11861                               |     |        | mul_ln190_538 | mul | auto      | 0       |
|     mac_muladd_8s_8s_16s_16_4_1_U11929                    | 1   |        | mul_ln190_539 | mul | dsp_slice | 3       |
|     mac_muladd_7s_8s_16s_16_4_1_U12050                    | 1   |        | mul_ln190_540 | mul | dsp_slice | 3       |
|     mac_muladd_6s_8s_14s_14_4_1_U12051                    | 1   |        | mul_ln190_541 | mul | dsp_slice | 3       |
|     mul_7s_8s_15_1_1_U11801                               |     |        | mul_ln190_542 | mul | auto      | 0       |
|     mac_muladd_7s_8s_16s_16_4_1_U11930                    | 1   |        | mul_ln190_543 | mul | dsp_slice | 3       |
|     mul_7s_8s_15_1_1_U11862                               |     |        | mul_ln190_544 | mul | auto      | 0       |
|     mul_6s_8s_14_1_1_U11863                               |     |        | mul_ln190_545 | mul | auto      | 0       |
|     mul_7s_8s_15_1_1_U11864                               |     |        | mul_ln190_546 | mul | auto      | 0       |
|     mac_muladd_6s_8s_15s_15_4_1_U11931                    | 1   |        | mul_ln190_547 | mul | dsp_slice | 3       |
|     mac_muladd_7s_8s_15s_16_4_1_U12052                    | 1   |        | mul_ln190_548 | mul | dsp_slice | 3       |
|     mac_muladd_6s_8s_15s_15_4_1_U12053                    | 1   |        | mul_ln190_549 | mul | dsp_slice | 3       |
|     mac_muladd_7s_8s_16s_16_4_1_U12054                    | 1   |        | mul_ln190_550 | mul | dsp_slice | 3       |
|     mul_7s_8s_14_1_1_U11802                               |     |        | mul_ln190_551 | mul | auto      | 0       |
|     mac_muladd_6s_8s_15s_15_4_1_U12055                    | 1   |        | mul_ln190_552 | mul | dsp_slice | 3       |
|     mul_8s_8s_15_1_1_U11865                               |     |        | mul_ln190_553 | mul | auto      | 0       |
|     mul_7s_8s_15_1_1_U11803                               |     |        | mul_ln190_554 | mul | auto      | 0       |
|     mac_muladd_7s_8s_15s_16_4_1_U12056                    | 1   |        | mul_ln190_555 | mul | dsp_slice | 3       |
|     mul_7s_8s_15_1_1_U11804                               |     |        | mul_ln190_556 | mul | auto      | 0       |
|     mac_muladd_7s_8s_15s_15_4_1_U11932                    | 1   |        | mul_ln190_557 | mul | dsp_slice | 3       |
|     mul_7s_8s_15_1_1_U11805                               |     |        | mul_ln190_558 | mul | auto      | 0       |
|     mac_muladd_7s_8s_15s_15_4_1_U11933                    | 1   |        | mul_ln190_559 | mul | dsp_slice | 3       |
|     mac_muladd_6s_8s_15s_15_4_1_U11934                    | 1   |        | mul_ln190_560 | mul | dsp_slice | 3       |
|     mac_muladd_7s_8s_15s_16_4_1_U12057                    | 1   |        | mul_ln190_561 | mul | dsp_slice | 3       |
|     mac_muladd_5s_8s_15s_15_4_1_U12058                    | 1   |        | mul_ln190_562 | mul | dsp_slice | 3       |
|     mul_6s_8s_14_1_1_U11866                               |     |        | mul_ln190_563 | mul | auto      | 0       |
|     mac_muladd_7s_8s_15s_16_4_1_U12059                    | 1   |        | mul_ln190_564 | mul | dsp_slice | 3       |
|     mac_muladd_7s_8s_15s_16_4_1_U12060                    | 1   |        | mul_ln190_565 | mul | dsp_slice | 3       |
|     mul_7s_8s_15_1_1_U11867                               |     |        | mul_ln190_566 | mul | auto      | 0       |
|     mul_7s_8s_15_1_1_U11868                               |     |        | mul_ln190_567 | mul | auto      | 0       |
|     mul_7s_8s_15_1_1_U11806                               |     |        | mul_ln190_568 | mul | auto      | 0       |
|     mac_muladd_7s_8s_15s_15_4_1_U11935                    | 1   |        | mul_ln190_569 | mul | dsp_slice | 3       |
|     mac_muladd_6s_8s_15s_15_4_1_U11936                    | 1   |        | mul_ln190_570 | mul | dsp_slice | 3       |
|     mul_8s_8s_16_1_1_U11807                               |     |        | mul_ln190_571 | mul | auto      | 0       |
|     mul_7s_8s_15_1_1_U11808                               |     |        | mul_ln190_572 | mul | auto      | 0       |
|     mul_7s_8s_15_1_1_U11809                               |     |        | mul_ln190_573 | mul | auto      | 0       |
|     mac_muladd_7s_8s_15s_15_4_1_U12061                    | 1   |        | mul_ln190_574 | mul | dsp_slice | 3       |
|     mac_muladd_7s_8s_16s_16_4_1_U12062                    | 1   |        | mul_ln190_575 | mul | dsp_slice | 3       |
|     mul_7s_8s_15_1_1_U11810                               |     |        | mul_ln190_576 | mul | auto      | 0       |
|     mac_muladd_7s_8s_15s_15_4_1_U11937                    | 1   |        | mul_ln190_577 | mul | dsp_slice | 3       |
|     mac_muladd_7s_8s_15s_15_4_1_U11938                    | 1   |        | mul_ln190_578 | mul | dsp_slice | 3       |
|     mac_muladd_6s_8s_15s_15_4_1_U11939                    | 1   |        | mul_ln190_579 | mul | dsp_slice | 3       |
|     mac_muladd_7s_8s_15ns_15_4_1_U12063                   | 1   |        | mul_ln190_580 | mul | dsp_slice | 3       |
|     mac_muladd_6s_8s_15s_15_4_1_U11940                    | 1   |        | mul_ln190_581 | mul | dsp_slice | 3       |
|     mul_7s_8s_15_1_1_U11811                               |     |        | mul_ln190_582 | mul | auto      | 0       |
|     mul_7s_8s_15_1_1_U11812                               |     |        | mul_ln190_583 | mul | auto      | 0       |
|     mul_8s_8s_15_1_1_U11869                               |     |        | mul_ln190_584 | mul | auto      | 0       |
|     mul_7s_8s_14_1_1_U11813                               |     |        | mul_ln190_585 | mul | auto      | 0       |
|     mac_muladd_8s_8s_15s_15_4_1_U11941                    | 1   |        | mul_ln190_586 | mul | dsp_slice | 3       |
|     mul_6s_8s_14_1_1_U11814                               |     |        | mul_ln190_587 | mul | auto      | 0       |
|     mac_muladd_7s_8s_15s_16_4_1_U12064                    | 1   |        | mul_ln190_588 | mul | dsp_slice | 3       |
|     mac_muladd_6s_8s_15s_15_4_1_U12065                    | 1   |        | mul_ln190_589 | mul | dsp_slice | 3       |
|     mac_muladd_4s_8s_15s_15_4_1_U12066                    | 1   |        | mul_ln190_590 | mul | dsp_slice | 3       |
|     mul_7s_8s_15_1_1_U11870                               |     |        | mul_ln190_591 | mul | auto      | 0       |
|     mul_7s_8s_15_1_1_U11871                               |     |        | mul_ln190_592 | mul | auto      | 0       |
|     mac_muladd_7s_8s_15s_15_4_1_U11942                    | 1   |        | mul_ln190_593 | mul | dsp_slice | 3       |
|     mul_7s_8s_15_1_1_U11872                               |     |        | mul_ln190_594 | mul | auto      | 0       |
|     mul_7s_8s_15_1_1_U11873                               |     |        | mul_ln190_595 | mul | auto      | 0       |
|     mac_muladd_6s_8s_15s_15_4_1_U12067                    | 1   |        | mul_ln190_596 | mul | dsp_slice | 3       |
|     mul_8s_8s_16_1_1_U11874                               |     |        | mul_ln190_597 | mul | auto      | 0       |
|     mac_muladd_6s_8s_15s_15_4_1_U12068                    | 1   |        | mul_ln190_598 | mul | dsp_slice | 3       |
|     mul_8s_8s_16_1_1_U11815                               |     |        | mul_ln190_599 | mul | auto      | 0       |
|     mul_8s_8s_15_1_1_U11875                               |     |        | mul_ln190_600 | mul | auto      | 0       |
|     mac_muladd_7s_8s_15s_15_4_1_U12069                    | 1   |        | mul_ln190_601 | mul | dsp_slice | 3       |
|     mac_muladd_7s_8s_16s_16_4_1_U12070                    | 1   |        | mul_ln190_602 | mul | dsp_slice | 3       |
|     mul_7s_8s_15_1_1_U11876                               |     |        | mul_ln190_603 | mul | auto      | 0       |
|     mul_7s_8s_15_1_1_U11877                               |     |        | mul_ln190_604 | mul | auto      | 0       |
|     mac_muladd_6s_8s_5s_13_4_1_U12003                     | 1   |        | add_ln190     | add | dsp_slice | 3       |
|     mac_muladd_7s_8s_15s_15_4_1_U11937                    | 1   |        | add_ln190_284 | add | dsp_slice | 3       |
|     mac_muladd_7s_8s_15s_16_4_1_U12056                    | 1   |        | add_ln190_285 | add | dsp_slice | 3       |
|     add_ln190_286_fu_10824_p2                             |     |        | add_ln190_286 | add | fabric    | 0       |
|     mac_muladd_7s_8s_15s_15_4_1_U12007                    | 1   |        | add_ln190_287 | add | dsp_slice | 3       |
|     mac_muladd_7s_8s_15s_15_4_1_U11898                    | 1   |        | add_ln190_288 | add | dsp_slice | 3       |
|     mac_muladd_7s_8s_15s_16_4_1_U11995                    | 1   |        | add_ln190_289 | add | dsp_slice | 3       |
|     mac_muladd_7s_8s_16s_16_4_1_U11948                    | 1   |        | add_ln190_292 | add | dsp_slice | 3       |
|     mac_muladd_8s_8s_15s_15_4_1_U11919                    | 1   |        | add_ln190_293 | add | dsp_slice | 3       |
|     mac_muladd_5s_8s_15s_16_4_1_U12006                    | 1   |        | add_ln190_294 | add | dsp_slice | 3       |
|     mac_muladd_6s_8s_15s_15_4_1_U11950                    | 1   |        | add_ln190_296 | add | dsp_slice | 3       |
|     mac_muladd_7s_8s_15s_15_4_1_U11899                    | 1   |        | add_ln190_297 | add | dsp_slice | 3       |
|     mac_muladd_7s_8s_15ns_15_4_1_U11952                   | 1   |        | add_ln190_298 | add | dsp_slice | 3       |
|     add_ln190_299_fu_10873_p2                             |     |        | add_ln190_299 | add | fabric    | 0       |
|     add_ln190_301_fu_10893_p2                             |     |        | add_ln190_301 | add | fabric    | 0       |
|     mac_muladd_7s_8s_15s_15_4_1_U12030                    | 1   |        | add_ln190_302 | add | dsp_slice | 3       |
|     mac_muladd_7s_8s_15s_15_4_1_U11879                    | 1   |        | add_ln190_303 | add | dsp_slice | 3       |
|     mac_muladd_8s_8s_15s_16_4_1_U12017                    | 1   |        | add_ln190_304 | add | dsp_slice | 3       |
|     mac_muladd_6s_8s_15s_15_4_1_U11985                    | 1   |        | add_ln190_306 | add | dsp_slice | 3       |
|     mac_muladd_8s_8s_15s_15_4_1_U11941                    | 1   |        | add_ln190_307 | add | dsp_slice | 3       |
|     mac_muladd_6s_8s_15s_16_4_1_U11962                    | 1   |        | add_ln190_308 | add | dsp_slice | 3       |
|     add_ln190_309_fu_10914_p2                             |     |        | add_ln190_309 | add | fabric    | 0       |
|     mac_muladd_7s_8s_15s_15_4_1_U12023                    | 1   |        | add_ln190_311 | add | dsp_slice | 3       |
|     mac_muladd_7s_8s_15s_15_4_1_U11932                    | 1   |        | add_ln190_312 | add | dsp_slice | 3       |
|     mac_muladd_7s_8s_15s_16_4_1_U12019                    | 1   |        | add_ln190_313 | add | dsp_slice | 3       |
|     add_ln190_314_fu_10932_p2                             |     |        | add_ln190_314 | add | fabric    | 0       |
|     mac_muladd_8s_8s_16s_16_4_1_U11956                    | 1   |        | add_ln190_315 | add | dsp_slice | 3       |
|     mac_muladd_6s_8s_15s_15_4_1_U11878                    | 1   |        | add_ln190_316 | add | dsp_slice | 3       |
|     mac_muladd_8s_8s_15s_16_4_1_U11982                    | 1   |        | add_ln190_317 | add | dsp_slice | 3       |
|     add_ln190_318_fu_10947_p2                             |     |        | add_ln190_318 | add | fabric    | 0       |
|     add_ln190_319_fu_10957_p2                             |     |        | add_ln190_319 | add | fabric    | 0       |
|     mac_muladd_7s_8s_16s_16_4_1_U12050                    | 1   |        | add_ln190_322 | add | dsp_slice | 3       |
|     mac_muladd_8s_8s_16s_16_4_1_U11888                    | 1   |        | add_ln190_323 | add | dsp_slice | 3       |
|     mac_muladd_7s_8s_16s_16_4_1_U11965                    | 1   |        | add_ln190_324 | add | dsp_slice | 3       |
|     mac_muladd_6s_8s_14s_14_4_1_U11980                    | 1   |        | add_ln190_326 | add | dsp_slice | 3       |
|     mac_muladd_5s_8s_14s_14_4_1_U11908                    | 1   |        | add_ln190_327 | add | dsp_slice | 3       |
|     mac_muladd_7s_8s_14s_15_4_1_U11945                    | 1   |        | add_ln190_328 | add | dsp_slice | 3       |
|     add_ln190_329_fu_10981_p2                             |     |        | add_ln190_329 | add | fabric    | 0       |
|     mac_muladd_6s_8s_15s_15_4_1_U11947                    | 1   |        | add_ln190_331 | add | dsp_slice | 3       |
|     mac_muladd_6s_8s_15s_15_4_1_U11921                    | 1   |        | add_ln190_332 | add | dsp_slice | 3       |
|     mac_muladd_7s_8s_15s_16_4_1_U11996                    | 1   |        | add_ln190_333 | add | dsp_slice | 3       |
|     add_ln190_334_fu_11004_p2                             |     |        | add_ln190_334 | add | fabric    | 0       |
|     mac_muladd_7s_8s_15s_15_4_1_U12026                    | 1   |        | add_ln190_335 | add | dsp_slice | 3       |
|     mac_muladd_6s_8s_15s_15_4_1_U11897                    | 1   |        | add_ln190_336 | add | dsp_slice | 3       |
|     mac_muladd_6s_8s_15s_16_4_1_U12010                    | 1   |        | add_ln190_337 | add | dsp_slice | 3       |
|     add_ln190_338_fu_11016_p2                             |     |        | add_ln190_338 | add | fabric    | 0       |
|     add_ln190_339_fu_11025_p2                             |     |        | add_ln190_339 | add | fabric    | 0       |
|     add_ln190_340_fu_11035_p2                             |     |        | add_ln190_340 | add | fabric    | 0       |
|     mac_muladd_7s_8s_15s_15_4_1_U12040                    | 1   |        | add_ln190_341 | add | dsp_slice | 3       |
|     mac_muladd_7s_8s_15s_15_4_1_U11893                    | 1   |        | add_ln190_342 | add | dsp_slice | 3       |
|     mac_muladd_7s_8s_15ns_15_4_1_U12032                   | 1   |        | add_ln190_343 | add | dsp_slice | 3       |
|     add_ln190_344_fu_11047_p2                             |     |        | add_ln190_344 | add | fabric    | 0       |
|     mac_muladd_7s_8s_14s_14_4_1_U12031                    | 1   |        | add_ln190_345 | add | dsp_slice | 3       |
|     mac_muladd_6s_8s_15s_15_4_1_U11900                    | 1   |        | add_ln190_346 | add | dsp_slice | 3       |
|     mac_muladd_7s_8s_15s_16_4_1_U12042                    | 1   |        | add_ln190_347 | add | dsp_slice | 3       |
|     add_ln190_348_fu_11060_p2                             |     |        | add_ln190_348 | add | fabric    | 0       |
|     add_ln190_349_fu_11069_p2                             |     |        | add_ln190_349 | add | fabric    | 0       |
|     mac_muladd_7s_8s_15s_15_4_1_U12061                    | 1   |        | add_ln190_350 | add | dsp_slice | 3       |
|     mac_muladd_8s_8s_16s_16_4_1_U11904                    | 1   |        | add_ln190_351 | add | dsp_slice | 3       |
|     mac_muladd_8s_8s_16ns_16_4_1_U11953                   | 1   |        | add_ln190_352 | add | dsp_slice | 3       |
|     add_ln190_353_fu_11085_p2                             |     |        | add_ln190_353 | add | fabric    | 0       |
|     mac_muladd_7s_8s_14s_14_4_1_U11964                    | 1   |        | add_ln190_354 | add | dsp_slice | 3       |
|     mac_muladd_7s_8s_15s_15_4_1_U11889                    | 1   |        | add_ln190_355 | add | dsp_slice | 3       |
|     mac_muladd_7s_8s_15s_16_4_1_U11987                    | 1   |        | add_ln190_356 | add | dsp_slice | 3       |
|     add_ln190_357_fu_11098_p2                             |     |        | add_ln190_357 | add | fabric    | 0       |
|     add_ln190_360_fu_12110_p2                             |     |        | add_ln190_360 | add | fabric    | 0       |
|     add_ln190_361_fu_12120_p2                             |     |        | add_ln190_361 | add | fabric    | 0       |
|     mac_muladd_8s_8s_16s_16_4_1_U11944                    | 1   |        | add_ln190_362 | add | dsp_slice | 3       |
|     mac_muladd_6s_8s_15s_15_4_1_U11934                    | 1   |        | add_ln190_363 | add | dsp_slice | 3       |
|     mac_muladd_8s_8s_15s_16_4_1_U11977                    | 1   |        | add_ln190_364 | add | dsp_slice | 3       |
|     mac_muladd_7s_8s_15s_15_4_1_U12038                    | 1   |        | add_ln190_366 | add | dsp_slice | 3       |
|     mac_muladd_6s_8s_15s_15_4_1_U11924                    | 1   |        | add_ln190_367 | add | dsp_slice | 3       |
|     mac_muladd_6s_8s_15s_15_4_1_U12055                    | 1   |        | add_ln190_368 | add | dsp_slice | 3       |
|     add_ln190_369_fu_11137_p2                             |     |        | add_ln190_369 | add | fabric    | 0       |
|     mac_muladd_7s_8s_15s_15_4_1_U11949                    | 1   |        | add_ln190_371 | add | dsp_slice | 3       |
|     mac_muladd_6s_8s_15s_15_4_1_U11918                    | 1   |        | add_ln190_372 | add | dsp_slice | 3       |
|     mac_muladd_8s_8s_15s_16_4_1_U12009                    | 1   |        | add_ln190_373 | add | dsp_slice | 3       |
|     add_ln190_374_fu_11160_p2                             |     |        | add_ln190_374 | add | fabric    | 0       |
|     mac_muladd_6s_8s_16s_16_4_1_U11975                    | 1   |        | add_ln190_375 | add | dsp_slice | 3       |
|     mac_muladd_7s_8s_15s_15_4_1_U11916                    | 1   |        | add_ln190_376 | add | dsp_slice | 3       |
|     mac_muladd_7s_8s_15s_16_4_1_U12060                    | 1   |        | add_ln190_377 | add | dsp_slice | 3       |
|     add_ln190_380_fu_11191_p2                             |     |        | add_ln190_380 | add | fabric    | 0       |
|     mac_muladd_7s_8s_15s_15_4_1_U12016                    | 1   |        | add_ln190_381 | add | dsp_slice | 3       |
|     mac_muladd_5s_8s_14s_14_4_1_U11890                    | 1   |        | add_ln190_382 | add | dsp_slice | 3       |
|     mac_muladd_7s_8s_14s_15_4_1_U11981                    | 1   |        | add_ln190_383 | add | dsp_slice | 3       |
|     add_ln190_384_fu_11203_p2                             |     |        | add_ln190_384 | add | fabric    | 0       |
|     mac_muladd_7s_8s_15s_15_4_1_U11989                    | 1   |        | add_ln190_385 | add | dsp_slice | 3       |
|     mac_muladd_6s_8s_15s_15_4_1_U11881                    | 1   |        | add_ln190_386 | add | dsp_slice | 3       |
|     mac_muladd_8s_8s_15s_16_4_1_U12037                    | 1   |        | add_ln190_387 | add | dsp_slice | 3       |
|     mac_muladd_7s_8s_16s_16_4_1_U12024                    | 1   |        | add_ln190_390 | add | dsp_slice | 3       |
|     mac_muladd_7s_8s_15s_15_4_1_U11892                    | 1   |        | add_ln190_391 | add | dsp_slice | 3       |
|     mac_muladd_8s_8s_15s_16_4_1_U11984                    | 1   |        | add_ln190_392 | add | dsp_slice | 3       |
|     add_ln190_393_fu_11241_p2                             |     |        | add_ln190_393 | add | fabric    | 0       |
|     mac_muladd_6s_8s_15s_15_4_1_U12067                    | 1   |        | add_ln190_394 | add | dsp_slice | 3       |
|     mac_muladd_7s_8s_15s_15_4_1_U11910                    | 1   |        | add_ln190_395 | add | dsp_slice | 3       |
|     mac_muladd_7s_8s_15s_16_4_1_U12059                    | 1   |        | add_ln190_396 | add | dsp_slice | 3       |
|     add_ln190_397_fu_11254_p2                             |     |        | add_ln190_397 | add | fabric    | 0       |
|     add_ln190_400_fu_12136_p2                             |     |        | add_ln190_400 | add | fabric    | 0       |
|     mac_muladd_7s_8s_15s_15_4_1_U11998                    | 1   |        | add_ln190_401 | add | dsp_slice | 3       |
|     mac_muladd_6s_8s_15s_15_4_1_U11896                    | 1   |        | add_ln190_402 | add | dsp_slice | 3       |
|     mac_muladd_7s_8s_15s_16_4_1_U11990                    | 1   |        | add_ln190_403 | add | dsp_slice | 3       |
|     add_ln190_404_fu_11278_p2                             |     |        | add_ln190_404 | add | fabric    | 0       |
|     mac_muladd_8s_8s_16s_16_4_1_U12049                    | 1   |        | add_ln190_405 | add | dsp_slice | 3       |
|     mac_muladd_6s_8s_15s_15_4_1_U11927                    | 1   |        | add_ln190_406 | add | dsp_slice | 3       |
|     mac_muladd_7s_8s_15s_15_4_1_U12045                    | 1   |        | add_ln190_407 | add | dsp_slice | 3       |
|     mac_muladd_6s_8s_15s_15_4_1_U12047                    | 1   |        | add_ln190_410 | add | dsp_slice | 3       |
|     mac_muladd_8s_8s_16s_16_4_1_U11902                    | 1   |        | add_ln190_411 | add | dsp_slice | 3       |
|     mac_muladd_6s_8s_16s_16_4_1_U11983                    | 1   |        | add_ln190_412 | add | dsp_slice | 3       |
|     add_ln190_413_fu_11311_p2                             |     |        | add_ln190_413 | add | fabric    | 0       |
|     mac_muladd_7s_8s_15s_15_4_1_U12028                    | 1   |        | add_ln190_414 | add | dsp_slice | 3       |
|     mac_muladd_7s_8s_16s_16_4_1_U11880                    | 1   |        | add_ln190_415 | add | dsp_slice | 3       |
|     mac_muladd_7s_8s_16s_16_4_1_U12062                    | 1   |        | add_ln190_416 | add | dsp_slice | 3       |
|     add_ln190_417_fu_11327_p2                             |     |        | add_ln190_417 | add | fabric    | 0       |
|     add_ln190_418_fu_11337_p2                             |     |        | add_ln190_418 | add | fabric    | 0       |
|     mac_muladd_6s_8s_15s_15_4_1_U11991                    | 1   |        | add_ln190_420 | add | dsp_slice | 3       |
|     mac_muladd_6s_8s_15s_15_4_1_U11940                    | 1   |        | add_ln190_421 | add | dsp_slice | 3       |
|     mac_muladd_7s_8s_15s_16_4_1_U12018                    | 1   |        | add_ln190_422 | add | dsp_slice | 3       |
|     add_ln190_423_fu_11346_p2                             |     |        | add_ln190_423 | add | fabric    | 0       |
|     mac_muladd_7s_8s_15s_15_4_1_U12001                    | 1   |        | add_ln190_424 | add | dsp_slice | 3       |
|     mac_muladd_6s_8s_15s_15_4_1_U11925                    | 1   |        | add_ln190_425 | add | dsp_slice | 3       |
|     mac_muladd_7s_8s_15s_16_4_1_U12057                    | 1   |        | add_ln190_426 | add | dsp_slice | 3       |
|     add_ln190_427_fu_11358_p2                             |     |        | add_ln190_427 | add | fabric    | 0       |
|     add_ln190_428_fu_11367_p2                             |     |        | add_ln190_428 | add | fabric    | 0       |
|     mac_muladd_6s_8s_15s_15_4_1_U12068                    | 1   |        | add_ln190_429 | add | dsp_slice | 3       |
|     mac_muladd_6s_8s_15s_15_4_1_U11903                    | 1   |        | add_ln190_430 | add | dsp_slice | 3       |
|     mac_muladd_7s_8s_15s_15_4_1_U12041                    | 1   |        | add_ln190_431 | add | dsp_slice | 3       |
|     add_ln190_432_fu_11383_p2                             |     |        | add_ln190_432 | add | fabric    | 0       |
|     mac_muladd_7s_8s_15s_15_4_1_U12002                    | 1   |        | add_ln190_433 | add | dsp_slice | 3       |
|     mac_muladd_8s_8s_16s_16_4_1_U11911                    | 1   |        | add_ln190_434 | add | dsp_slice | 3       |
|     mac_muladd_7s_8s_16s_16_4_1_U12070                    | 1   |        | add_ln190_435 | add | dsp_slice | 3       |
|     add_ln190_436_fu_11399_p2                             |     |        | add_ln190_436 | add | fabric    | 0       |
|     add_ln190_440_fu_12171_p2                             |     |        | add_ln190_440 | add | fabric    | 0       |
|     add_ln190_441_fu_12181_p2                             |     |        | add_ln190_441 | add | fabric    | 0       |
|     mac_muladd_8s_8s_15s_15_4_1_U11992                    | 1   |        | add_ln190_442 | add | dsp_slice | 3       |
|     mac_muladd_7s_8s_15s_15_4_1_U11915                    | 1   |        | add_ln190_443 | add | dsp_slice | 3       |
|     mac_muladd_7s_8s_15s_16_4_1_U12064                    | 1   |        | add_ln190_444 | add | dsp_slice | 3       |
|     add_ln190_445_fu_11427_p2                             |     |        | add_ln190_445 | add | fabric    | 0       |
|     mac_muladd_7s_8s_15s_15_4_1_U12013                    | 1   |        | add_ln190_446 | add | dsp_slice | 3       |
|     mac_muladd_8s_8s_15s_15_4_1_U11886                    | 1   |        | add_ln190_447 | add | dsp_slice | 3       |
|     mac_muladd_7s_8s_15s_16_4_1_U11970                    | 1   |        | add_ln190_448 | add | dsp_slice | 3       |
|     add_ln190_449_fu_11443_p2                             |     |        | add_ln190_449 | add | fabric    | 0       |
|     add_ln190_450_fu_11453_p2                             |     |        | add_ln190_450 | add | fabric    | 0       |
|     mac_muladd_7s_8s_16s_16_4_1_U11960                    | 1   |        | add_ln190_451 | add | dsp_slice | 3       |
|     mac_muladd_6s_8s_15s_15_4_1_U11887                    | 1   |        | add_ln190_452 | add | dsp_slice | 3       |
|     mac_muladd_6s_8s_15s_15_4_1_U12000                    | 1   |        | add_ln190_453 | add | dsp_slice | 3       |
|     add_ln190_454_fu_11462_p2                             |     |        | add_ln190_454 | add | fabric    | 0       |
|     mac_muladd_7s_8s_15s_15_4_1_U12015                    | 1   |        | add_ln190_455 | add | dsp_slice | 3       |
|     mac_muladd_7s_8s_16s_16_4_1_U11930                    | 1   |        | add_ln190_456 | add | dsp_slice | 3       |
|     mac_muladd_8s_8s_16s_16_4_1_U12036                    | 1   |        | add_ln190_457 | add | dsp_slice | 3       |
|     add_ln190_458_fu_11477_p2                             |     |        | add_ln190_458 | add | fabric    | 0       |
|     add_ln190_459_fu_11487_p2                             |     |        | add_ln190_459 | add | fabric    | 0       |
|     mac_muladd_6s_8s_15s_15_4_1_U11993                    | 1   |        | add_ln190_461 | add | dsp_slice | 3       |
|     mac_muladd_8s_8s_15s_15_4_1_U11926                    | 1   |        | add_ln190_462 | add | dsp_slice | 3       |
|     mac_muladd_7s_8s_15s_16_4_1_U11963                    | 1   |        | add_ln190_463 | add | dsp_slice | 3       |
|     add_ln190_464_fu_11496_p2                             |     |        | add_ln190_464 | add | fabric    | 0       |
|     mac_muladd_5s_8s_15s_15_4_1_U11997                    | 1   |        | add_ln190_465 | add | dsp_slice | 3       |
|     mac_muladd_7s_8s_16s_16_4_1_U11895                    | 1   |        | add_ln190_466 | add | dsp_slice | 3       |
|     mac_muladd_7s_8s_16s_16_4_1_U11973                    | 1   |        | add_ln190_467 | add | dsp_slice | 3       |
|     add_ln190_468_fu_11511_p2                             |     |        | add_ln190_468 | add | fabric    | 0       |
|     mac_muladd_7s_8s_15s_15_4_1_U12020                    | 1   |        | add_ln190_470 | add | dsp_slice | 3       |
|     mac_muladd_6s_8s_15s_15_4_1_U11883                    | 1   |        | add_ln190_471 | add | dsp_slice | 3       |
|     mac_muladd_7s_8s_15s_15_4_1_U11979                    | 1   |        | add_ln190_472 | add | dsp_slice | 3       |
|     add_ln190_473_fu_11533_p2                             |     |        | add_ln190_473 | add | fabric    | 0       |
|     mac_muladd_7s_8s_15s_15_4_1_U11966                    | 1   |        | add_ln190_474 | add | dsp_slice | 3       |
|     mac_muladd_7s_8s_15s_15_4_1_U11920                    | 1   |        | add_ln190_475 | add | dsp_slice | 3       |
|     mac_muladd_7s_8s_15s_16_4_1_U12052                    | 1   |        | add_ln190_476 | add | dsp_slice | 3       |
|     add_ln190_477_fu_11546_p2                             |     |        | add_ln190_477 | add | fabric    | 0       |
|     add_ln190_478_fu_11555_p2                             |     |        | add_ln190_478 | add | fabric    | 0       |
|     mac_muladd_8s_8s_15s_15_4_1_U12012                    | 1   |        | add_ln190_481 | add | dsp_slice | 3       |
|     mac_muladd_7s_8s_15s_15_4_1_U11935                    | 1   |        | add_ln190_482 | add | dsp_slice | 3       |
|     mac_muladd_7s_8s_15ns_15_4_1_U11978                   | 1   |        | add_ln190_483 | add | dsp_slice | 3       |
|     add_ln190_484_fu_11577_p2                             |     |        | add_ln190_484 | add | fabric    | 0       |
|     mac_muladd_6s_8s_14s_14_4_1_U12051                    | 1   |        | add_ln190_485 | add | dsp_slice | 3       |
|     mac_muladd_6s_8s_15s_15_4_1_U11939                    | 1   |        | add_ln190_486 | add | dsp_slice | 3       |
|     mac_muladd_8s_8s_15s_16_4_1_U11967                    | 1   |        | add_ln190_487 | add | dsp_slice | 3       |
|     mac_muladd_8s_8s_15s_15_4_1_U12034                    | 1   |        | add_ln190_490 | add | dsp_slice | 3       |
|     mac_muladd_6s_8s_14s_14_4_1_U11905                    | 1   |        | add_ln190_491 | add | dsp_slice | 3       |
|     mac_muladd_7s_8s_14s_15_4_1_U11951                    | 1   |        | add_ln190_492 | add | dsp_slice | 3       |
|     add_ln190_493_fu_11615_p2                             |     |        | add_ln190_493 | add | fabric    | 0       |
|     mac_muladd_6s_8s_15s_15_4_1_U12035                    | 1   |        | add_ln190_494 | add | dsp_slice | 3       |
|     mac_muladd_6s_8s_15s_15_4_1_U11936                    | 1   |        | add_ln190_495 | add | dsp_slice | 3       |
|     mac_muladd_8s_8s_15s_16_4_1_U11958                    | 1   |        | add_ln190_496 | add | dsp_slice | 3       |
|     add_ln190_499_fu_11647_p2                             |     |        | add_ln190_499 | add | fabric    | 0       |
|     mac_muladd_7s_8s_15s_15_4_1_U11976                    | 1   |        | add_ln190_500 | add | dsp_slice | 3       |
|     mac_muladd_5s_8s_14s_14_4_1_U11882                    | 1   |        | add_ln190_501 | add | dsp_slice | 3       |
|     mac_muladd_6s_8s_14s_15_4_1_U12033                    | 1   |        | add_ln190_502 | add | dsp_slice | 3       |
|     add_ln190_503_fu_11659_p2                             |     |        | add_ln190_503 | add | fabric    | 0       |
|     mac_muladd_7s_8s_16s_16_4_1_U12029                    | 1   |        | add_ln190_504 | add | dsp_slice | 3       |
|     mac_muladd_6s_8s_15s_15_4_1_U11923                    | 1   |        | add_ln190_505 | add | dsp_slice | 3       |
|     mac_muladd_8s_8s_15s_16_4_1_U11994                    | 1   |        | add_ln190_506 | add | dsp_slice | 3       |
|     mac_muladd_7s_8s_15s_15_4_1_U11955                    | 1   |        | add_ln190_509 | add | dsp_slice | 3       |
|     mac_muladd_6s_8s_15s_15_4_1_U11912                    | 1   |        | add_ln190_510 | add | dsp_slice | 3       |
|     mac_muladd_4s_8s_15s_15_4_1_U12066                    | 1   |        | add_ln190_511 | add | dsp_slice | 3       |
|     add_ln190_512_fu_11697_p2                             |     |        | add_ln190_512 | add | fabric    | 0       |
|     mac_muladd_7s_8s_16s_16_4_1_U12008                    | 1   |        | add_ln190_513 | add | dsp_slice | 3       |
|     mac_muladd_6s_8s_15s_15_4_1_U11894                    | 1   |        | add_ln190_514 | add | dsp_slice | 3       |
|     mac_muladd_6s_8s_15s_15_4_1_U11988                    | 1   |        | add_ln190_515 | add | dsp_slice | 3       |
|     add_ln190_516_fu_11710_p2                             |     |        | add_ln190_516 | add | fabric    | 0       |
|     add_ln190_517_fu_11719_p2                             |     |        | add_ln190_517 | add | fabric    | 0       |
|     add_ln190_518_fu_11729_p2                             |     |        | add_ln190_518 | add | fabric    | 0       |
|     add_ln190_519_fu_12222_p2                             |     |        | add_ln190_519 | add | fabric    | 0       |
|     add_ln190_520_fu_12232_p2                             |     |        | add_ln190_520 | add | fabric    | 0       |
|     mac_muladd_5s_8s_15s_15_4_1_U12039                    | 1   |        | add_ln190_521 | add | dsp_slice | 3       |
|     mac_muladd_7s_8s_16s_16_4_1_U11885                    | 1   |        | add_ln190_522 | add | dsp_slice | 3       |
|     mac_muladd_6s_8s_16s_16_4_1_U11968                    | 1   |        | add_ln190_523 | add | dsp_slice | 3       |
|     add_ln190_524_fu_11738_p2                             |     |        | add_ln190_524 | add | fabric    | 0       |
|     mac_muladd_6s_8s_15s_15_4_1_U11943                    | 1   |        | add_ln190_525 | add | dsp_slice | 3       |
|     mac_muladd_7s_8s_15s_15_4_1_U11933                    | 1   |        | add_ln190_526 | add | dsp_slice | 3       |
|     mac_muladd_7s_8s_15ns_15_4_1_U12063                   | 1   |        | add_ln190_527 | add | dsp_slice | 3       |
|     add_ln190_528_fu_11753_p2                             |     |        | add_ln190_528 | add | fabric    | 0       |
|     add_ln190_529_fu_11763_p2                             |     |        | add_ln190_529 | add | fabric    | 0       |
|     mac_muladd_7s_8s_16s_16_4_1_U12054                    | 1   |        | add_ln190_530 | add | dsp_slice | 3       |
|     mac_muladd_7s_8s_15s_15_4_1_U11913                    | 1   |        | add_ln190_531 | add | dsp_slice | 3       |
|     mac_muladd_7s_8s_15s_16_4_1_U12027                    | 1   |        | add_ln190_532 | add | dsp_slice | 3       |
|     mac_muladd_6s_8s_15s_15_4_1_U12021                    | 1   |        | add_ln190_534 | add | dsp_slice | 3       |
|     mac_muladd_7s_8s_15s_15_4_1_U11914                    | 1   |        | add_ln190_535 | add | dsp_slice | 3       |
|     mac_muladd_5s_8s_15s_15_4_1_U12022                    | 1   |        | add_ln190_536 | add | dsp_slice | 3       |
|     add_ln190_537_fu_11791_p2                             |     |        | add_ln190_537 | add | fabric    | 0       |
|     add_ln190_539_fu_11811_p2                             |     |        | add_ln190_539 | add | fabric    | 0       |
|     mac_muladd_6s_8s_15s_15_4_1_U12053                    | 1   |        | add_ln190_540 | add | dsp_slice | 3       |
|     mac_muladd_7s_8s_15s_15_4_1_U11942                    | 1   |        | add_ln190_541 | add | dsp_slice | 3       |
|     mac_muladd_5s_8s_15s_15_4_1_U12058                    | 1   |        | add_ln190_542 | add | dsp_slice | 3       |
|     add_ln190_543_fu_11823_p2                             |     |        | add_ln190_543 | add | fabric    | 0       |
|     mac_muladd_5s_8s_14s_14_4_1_U11961                    | 1   |        | add_ln190_544 | add | dsp_slice | 3       |
|     mac_muladd_7s_8s_16s_16_4_1_U11922                    | 1   |        | add_ln190_545 | add | dsp_slice | 3       |
|     mac_muladd_8s_8s_16s_16_4_1_U11972                    | 1   |        | add_ln190_546 | add | dsp_slice | 3       |
|     mac_muladd_8s_8s_15s_15_4_1_U11999                    | 1   |        | add_ln190_549 | add | dsp_slice | 3       |
|     mac_muladd_7s_8s_15s_15_4_1_U11938                    | 1   |        | add_ln190_550 | add | dsp_slice | 3       |
|     mac_muladd_6s_8s_15s_15_4_1_U12014                    | 1   |        | add_ln190_551 | add | dsp_slice | 3       |
|     add_ln190_552_fu_11861_p2                             |     |        | add_ln190_552 | add | fabric    | 0       |
|     mac_muladd_6s_8s_15s_15_4_1_U11974                    | 1   |        | add_ln190_553 | add | dsp_slice | 3       |
|     mac_muladd_6s_8s_14s_14_4_1_U11907                    | 1   |        | add_ln190_554 | add | dsp_slice | 3       |
|     mac_muladd_8s_8s_14s_15_4_1_U12046                    | 1   |        | add_ln190_555 | add | dsp_slice | 3       |
|     add_ln190_556_fu_11877_p2                             |     |        | add_ln190_556 | add | fabric    | 0       |
|     add_ln190_557_fu_11887_p2                             |     |        | add_ln190_557 | add | fabric    | 0       |
|     add_ln190_558_fu_11897_p2                             |     |        | add_ln190_558 | add | fabric    | 0       |
|     add_ln190_559_fu_12248_p2                             |     |        | add_ln190_559 | add | fabric    | 0       |
|     mac_muladd_7s_8s_15s_15_4_1_U12069                    | 1   |        | add_ln190_560 | add | dsp_slice | 3       |
|     mac_muladd_8s_8s_16s_16_4_1_U11901                    | 1   |        | add_ln190_561 | add | dsp_slice | 3       |
|     mac_muladd_7s_8s_16s_16_4_1_U11971                    | 1   |        | add_ln190_562 | add | dsp_slice | 3       |
|     add_ln190_563_fu_11909_p2                             |     |        | add_ln190_563 | add | fabric    | 0       |
|     mac_muladd_6s_8s_15s_15_4_1_U12065                    | 1   |        | add_ln190_564 | add | dsp_slice | 3       |
|     mac_muladd_8s_8s_15s_15_4_1_U11906                    | 1   |        | add_ln190_565 | add | dsp_slice | 3       |
|     mac_muladd_7s_8s_15s_16_4_1_U11969                    | 1   |        | add_ln190_566 | add | dsp_slice | 3       |
|     add_ln190_567_fu_11922_p2                             |     |        | add_ln190_567 | add | fabric    | 0       |
|     add_ln190_568_fu_11931_p2                             |     |        | add_ln190_568 | add | fabric    | 0       |
|     mac_muladd_7s_8s_15s_15_4_1_U11957                    | 1   |        | add_ln190_569 | add | dsp_slice | 3       |
|     mac_muladd_6s_8s_15s_15_4_1_U11931                    | 1   |        | add_ln190_570 | add | dsp_slice | 3       |
|     mac_muladd_6s_8s_15s_15_4_1_U12043                    | 1   |        | add_ln190_571 | add | dsp_slice | 3       |
|     add_ln190_572_fu_11947_p2                             |     |        | add_ln190_572 | add | fabric    | 0       |
|     mac_muladd_6s_8s_15s_15_4_1_U11959                    | 1   |        | add_ln190_573 | add | dsp_slice | 3       |
|     mac_muladd_8s_8s_16s_16_4_1_U11891                    | 1   |        | add_ln190_574 | add | dsp_slice | 3       |
|     mac_muladd_7s_8s_16s_16_4_1_U12004                    | 1   |        | add_ln190_575 | add | dsp_slice | 3       |
|     add_ln190_576_fu_11963_p2                             |     |        | add_ln190_576 | add | fabric    | 0       |
|     add_ln190_577_fu_11973_p2                             |     |        | add_ln190_577 | add | fabric    | 0       |
|     add_ln190_578_fu_11983_p2                             |     |        | add_ln190_578 | add | fabric    | 0       |
|     mac_muladd_6s_8s_14s_14_4_1_U12025                    | 1   |        | add_ln190_579 | add | dsp_slice | 3       |
|     mac_muladd_7s_8s_16s_16_4_1_U11909                    | 1   |        | add_ln190_580 | add | dsp_slice | 3       |
|     mac_muladd_7s_8s_16s_16_4_1_U11954                    | 1   |        | add_ln190_581 | add | dsp_slice | 3       |
|     add_ln190_582_fu_11995_p2                             |     |        | add_ln190_582 | add | fabric    | 0       |
|     mac_muladd_7s_8s_15s_15_4_1_U12044                    | 1   |        | add_ln190_583 | add | dsp_slice | 3       |
|     mac_muladd_8s_8s_16s_16_4_1_U11928                    | 1   |        | add_ln190_584 | add | dsp_slice | 3       |
|     mac_muladd_8s_8s_16ns_16_4_1_U12011                   | 1   |        | add_ln190_585 | add | dsp_slice | 3       |
|     add_ln190_586_fu_12011_p2                             |     |        | add_ln190_586 | add | fabric    | 0       |
|     add_ln190_587_fu_12021_p2                             |     |        | add_ln190_587 | add | fabric    | 0       |
|     mac_muladd_7s_8s_15s_15_4_1_U11946                    | 1   |        | add_ln190_588 | add | dsp_slice | 3       |
|     mac_muladd_7s_8s_15s_15_4_1_U11884                    | 1   |        | add_ln190_589 | add | dsp_slice | 3       |
|     mac_muladd_7s_8s_15s_16_4_1_U12048                    | 1   |        | add_ln190_590 | add | dsp_slice | 3       |
|     add_ln190_591_fu_12037_p2                             |     |        | add_ln190_591 | add | fabric    | 0       |
|     mac_muladd_7s_8s_15s_15_4_1_U11917                    | 1   |        | add_ln190_592 | add | dsp_slice | 3       |
|     mac_muladd_6s_8s_15s_16_4_1_U11986                    | 1   |        | add_ln190_593 | add | dsp_slice | 3       |
|     mac_muladd_8s_8s_16s_16_4_1_U11929                    | 1   |        | add_ln190_594 | add | dsp_slice | 3       |
|     mac_muladd_8s_8s_16ns_16_4_1_U12005                   | 1   |        | add_ln190_595 | add | dsp_slice | 3       |
|     add_ln190_596_fu_12053_p2                             |     |        | add_ln190_596 | add | fabric    | 0       |
|     add_ln190_597_fu_12063_p2                             |     |        | add_ln190_597 | add | fabric    | 0       |
|     add_ln190_598_fu_12073_p2                             |     |        | add_ln190_598 | add | fabric    | 0       |
|     add_ln190_599_fu_12264_p2                             |     |        | add_ln190_599 | add | fabric    | 0       |
|     acc_2_fu_12290_p2                                     |     |        | acc_2         | add | fabric    | 0       |
|  + awn_forward_Pipeline_VITIS_LOOP_284_12                 | 2   |        |               |     |           |         |
|    add_ln284_fu_107_p2                                    |     |        | add_ln284     | add | fabric    | 0       |
|    mul_22s_32ns_53_1_1_U12731                             | 2   |        | prod          | mul | auto      | 0       |
|    sum_fu_127_p2                                          |     |        | sum           | add | fabric    | 0       |
+-----------------------------------------------------------+-----+--------+---------------+-----+-----------+---------+


================================================================
== Storage Report
================================================================
+--------------------------------------------------+---------------+------+------+------+--------+---------------+------+---------+------------------+
| Name                                             | Usage         | Type | BRAM | URAM | Pragma | Variable      | Impl | Latency | Bitwidth, Depth, |
|                                                  |               |      |      |      |        |               |      |         | Banks            |
+--------------------------------------------------+---------------+------+------+------+--------+---------------+------+---------+------------------+
| + awn_forward                                    |               |      | 173  | 0    |        |               |      |         |                  |
|   y1_U                                           | ram_s2p array |      |      |      |        | y1            | auto | 1       | 8, 26, 1         |
|   y1_1_U                                         | ram_s2p array |      |      |      |        | y1_1          | auto | 1       | 8, 26, 1         |
|   y1_2_U                                         | ram_s2p array |      |      |      |        | y1_2          | auto | 1       | 8, 26, 1         |
|   y1_3_U                                         | ram_s2p array |      |      |      |        | y1_3          | auto | 1       | 8, 26, 1         |
|   y1_4_U                                         | ram_s2p array |      |      |      |        | y1_4          | auto | 1       | 8, 26, 1         |
|   y1_5_U                                         | ram_s2p array |      |      |      |        | y1_5          | auto | 1       | 8, 26, 1         |
|   y1_6_U                                         | ram_s2p array |      |      |      |        | y1_6          | auto | 1       | 8, 26, 1         |
|   y1_7_U                                         | ram_s2p array |      |      |      |        | y1_7          | auto | 1       | 8, 26, 1         |
|   y1_8_U                                         | ram_s2p array |      |      |      |        | y1_8          | auto | 1       | 8, 26, 1         |
|   y1_9_U                                         | ram_s2p array |      |      |      |        | y1_9          | auto | 1       | 8, 26, 1         |
|   y1_10_U                                        | ram_s2p array |      |      |      |        | y1_10         | auto | 1       | 8, 26, 1         |
|   y1_11_U                                        | ram_s2p array |      |      |      |        | y1_11         | auto | 1       | 8, 26, 1         |
|   y1_12_U                                        | ram_s2p array |      |      |      |        | y1_12         | auto | 1       | 8, 26, 1         |
|   y1_13_U                                        | ram_s2p array |      |      |      |        | y1_13         | auto | 1       | 8, 26, 1         |
|   y1_14_U                                        | ram_s2p array |      |      |      |        | y1_14         | auto | 1       | 8, 26, 1         |
|   y1_15_U                                        | ram_s2p array |      |      |      |        | y1_15         | auto | 1       | 8, 26, 1         |
|   y1_16_U                                        | ram_s2p array |      |      |      |        | y1_16         | auto | 1       | 8, 26, 1         |
|   y1_17_U                                        | ram_s2p array |      |      |      |        | y1_17         | auto | 1       | 8, 26, 1         |
|   y1_18_U                                        | ram_s2p array |      |      |      |        | y1_18         | auto | 1       | 8, 26, 1         |
|   y1_19_U                                        | ram_s2p array |      |      |      |        | y1_19         | auto | 1       | 8, 26, 1         |
|   y1_20_U                                        | ram_s2p array |      |      |      |        | y1_20         | auto | 1       | 8, 26, 1         |
|   y1_21_U                                        | ram_s2p array |      |      |      |        | y1_21         | auto | 1       | 8, 26, 1         |
|   y1_22_U                                        | ram_s2p array |      |      |      |        | y1_22         | auto | 1       | 8, 26, 1         |
|   y1_23_U                                        | ram_s2p array |      |      |      |        | y1_23         | auto | 1       | 8, 26, 1         |
|   y1_24_U                                        | ram_s2p array |      |      |      |        | y1_24         | auto | 1       | 8, 26, 1         |
|   y1_25_U                                        | ram_s2p array |      |      |      |        | y1_25         | auto | 1       | 8, 26, 1         |
|   y1_26_U                                        | ram_s2p array |      |      |      |        | y1_26         | auto | 1       | 8, 26, 1         |
|   y1_27_U                                        | ram_s2p array |      |      |      |        | y1_27         | auto | 1       | 8, 26, 1         |
|   y1_28_U                                        | ram_s2p array |      |      |      |        | y1_28         | auto | 1       | 8, 26, 1         |
|   y1_29_U                                        | ram_s2p array |      |      |      |        | y1_29         | auto | 1       | 8, 26, 1         |
|   y1_30_U                                        | ram_s2p array |      |      |      |        | y1_30         | auto | 1       | 8, 26, 1         |
|   y1_31_U                                        | ram_s2p array |      |      |      |        | y1_31         | auto | 1       | 8, 26, 1         |
|   y1_32_U                                        | ram_s2p array |      |      |      |        | y1_32         | auto | 1       | 8, 26, 1         |
|   y1_33_U                                        | ram_s2p array |      |      |      |        | y1_33         | auto | 1       | 8, 26, 1         |
|   y1_34_U                                        | ram_s2p array |      |      |      |        | y1_34         | auto | 1       | 8, 26, 1         |
|   y1_35_U                                        | ram_s2p array |      |      |      |        | y1_35         | auto | 1       | 8, 26, 1         |
|   y1_36_U                                        | ram_s2p array |      |      |      |        | y1_36         | auto | 1       | 8, 26, 1         |
|   y1_37_U                                        | ram_s2p array |      |      |      |        | y1_37         | auto | 1       | 8, 26, 1         |
|   y1_38_U                                        | ram_s2p array |      |      |      |        | y1_38         | auto | 1       | 8, 26, 1         |
|   y1_39_U                                        | ram_s2p array |      |      |      |        | y1_39         | auto | 1       | 8, 26, 1         |
|   y1_40_U                                        | ram_s2p array |      |      |      |        | y1_40         | auto | 1       | 8, 26, 1         |
|   y1_41_U                                        | ram_s2p array |      |      |      |        | y1_41         | auto | 1       | 8, 26, 1         |
|   y1_42_U                                        | ram_s2p array |      |      |      |        | y1_42         | auto | 1       | 8, 26, 1         |
|   y1_43_U                                        | ram_s2p array |      |      |      |        | y1_43         | auto | 1       | 8, 26, 1         |
|   y1_44_U                                        | ram_s2p array |      |      |      |        | y1_44         | auto | 1       | 8, 26, 1         |
|   y1_45_U                                        | ram_s2p array |      |      |      |        | y1_45         | auto | 1       | 8, 26, 1         |
|   y1_46_U                                        | ram_s2p array |      |      |      |        | y1_46         | auto | 1       | 8, 26, 1         |
|   y1_47_U                                        | ram_s2p array |      |      |      |        | y1_47         | auto | 1       | 8, 26, 1         |
|   y1_48_U                                        | ram_s2p array |      |      |      |        | y1_48         | auto | 1       | 8, 26, 1         |
|   y1_49_U                                        | ram_s2p array |      |      |      |        | y1_49         | auto | 1       | 8, 26, 1         |
|   y1_50_U                                        | ram_s2p array |      |      |      |        | y1_50         | auto | 1       | 8, 26, 1         |
|   y1_51_U                                        | ram_s2p array |      |      |      |        | y1_51         | auto | 1       | 8, 26, 1         |
|   y1_52_U                                        | ram_s2p array |      |      |      |        | y1_52         | auto | 1       | 8, 26, 1         |
|   y1_53_U                                        | ram_s2p array |      |      |      |        | y1_53         | auto | 1       | 8, 26, 1         |
|   y1_54_U                                        | ram_s2p array |      |      |      |        | y1_54         | auto | 1       | 8, 26, 1         |
|   y1_55_U                                        | ram_s2p array |      |      |      |        | y1_55         | auto | 1       | 8, 26, 1         |
|   y1_56_U                                        | ram_s2p array |      |      |      |        | y1_56         | auto | 1       | 8, 26, 1         |
|   y1_57_U                                        | ram_s2p array |      |      |      |        | y1_57         | auto | 1       | 8, 26, 1         |
|   y1_58_U                                        | ram_s2p array |      |      |      |        | y1_58         | auto | 1       | 8, 26, 1         |
|   y1_59_U                                        | ram_s2p array |      |      |      |        | y1_59         | auto | 1       | 8, 26, 1         |
|   y1_60_U                                        | ram_s2p array |      |      |      |        | y1_60         | auto | 1       | 8, 26, 1         |
|   y1_61_U                                        | ram_s2p array |      |      |      |        | y1_61         | auto | 1       | 8, 26, 1         |
|   y1_62_U                                        | ram_s2p array |      |      |      |        | y1_62         | auto | 1       | 8, 26, 1         |
|   y1_63_U                                        | ram_s2p array |      |      |      |        | y1_63         | auto | 1       | 8, 26, 1         |
|   y1_64_U                                        | ram_s2p array |      |      |      |        | y1_64         | auto | 1       | 8, 26, 1         |
|   y1_65_U                                        | ram_s2p array |      |      |      |        | y1_65         | auto | 1       | 8, 26, 1         |
|   y1_66_U                                        | ram_s2p array |      |      |      |        | y1_66         | auto | 1       | 8, 26, 1         |
|   y1_67_U                                        | ram_s2p array |      |      |      |        | y1_67         | auto | 1       | 8, 26, 1         |
|   y1_68_U                                        | ram_s2p array |      |      |      |        | y1_68         | auto | 1       | 8, 26, 1         |
|   y1_69_U                                        | ram_s2p array |      |      |      |        | y1_69         | auto | 1       | 8, 26, 1         |
|   y1_70_U                                        | ram_s2p array |      |      |      |        | y1_70         | auto | 1       | 8, 26, 1         |
|   y1_71_U                                        | ram_s2p array |      |      |      |        | y1_71         | auto | 1       | 8, 26, 1         |
|   y1_72_U                                        | ram_s2p array |      |      |      |        | y1_72         | auto | 1       | 8, 26, 1         |
|   y1_73_U                                        | ram_s2p array |      |      |      |        | y1_73         | auto | 1       | 8, 26, 1         |
|   y1_74_U                                        | ram_s2p array |      |      |      |        | y1_74         | auto | 1       | 8, 26, 1         |
|   y1_75_U                                        | ram_s2p array |      |      |      |        | y1_75         | auto | 1       | 8, 26, 1         |
|   y1_76_U                                        | ram_s2p array |      |      |      |        | y1_76         | auto | 1       | 8, 26, 1         |
|   y1_77_U                                        | ram_s2p array |      |      |      |        | y1_77         | auto | 1       | 8, 26, 1         |
|   y1_78_U                                        | ram_s2p array |      |      |      |        | y1_78         | auto | 1       | 8, 26, 1         |
|   y1_79_U                                        | ram_s2p array |      |      |      |        | y1_79         | auto | 1       | 8, 26, 1         |
|   y1_80_U                                        | ram_s2p array |      |      |      |        | y1_80         | auto | 1       | 8, 26, 1         |
|   y1_81_U                                        | ram_s2p array |      |      |      |        | y1_81         | auto | 1       | 8, 26, 1         |
|   y1_82_U                                        | ram_s2p array |      |      |      |        | y1_82         | auto | 1       | 8, 26, 1         |
|   y1_83_U                                        | ram_s2p array |      |      |      |        | y1_83         | auto | 1       | 8, 26, 1         |
|   y1_84_U                                        | ram_s2p array |      |      |      |        | y1_84         | auto | 1       | 8, 26, 1         |
|   y1_85_U                                        | ram_s2p array |      |      |      |        | y1_85         | auto | 1       | 8, 26, 1         |
|   y1_86_U                                        | ram_s2p array |      |      |      |        | y1_86         | auto | 1       | 8, 26, 1         |
|   y1_87_U                                        | ram_s2p array |      |      |      |        | y1_87         | auto | 1       | 8, 26, 1         |
|   y1_88_U                                        | ram_s2p array |      |      |      |        | y1_88         | auto | 1       | 8, 26, 1         |
|   y1_89_U                                        | ram_s2p array |      |      |      |        | y1_89         | auto | 1       | 8, 26, 1         |
|   y1_90_U                                        | ram_s2p array |      |      |      |        | y1_90         | auto | 1       | 8, 26, 1         |
|   y1_91_U                                        | ram_s2p array |      |      |      |        | y1_91         | auto | 1       | 8, 26, 1         |
|   y1_92_U                                        | ram_s2p array |      |      |      |        | y1_92         | auto | 1       | 8, 26, 1         |
|   y1_93_U                                        | ram_s2p array |      |      |      |        | y1_93         | auto | 1       | 8, 26, 1         |
|   y1_94_U                                        | ram_s2p array |      |      |      |        | y1_94         | auto | 1       | 8, 26, 1         |
|   y1_95_U                                        | ram_s2p array |      |      |      |        | y1_95         | auto | 1       | 8, 26, 1         |
|   y1_96_U                                        | ram_s2p array |      |      |      |        | y1_96         | auto | 1       | 8, 26, 1         |
|   y1_97_U                                        | ram_s2p array |      |      |      |        | y1_97         | auto | 1       | 8, 26, 1         |
|   y1_98_U                                        | ram_s2p array |      |      |      |        | y1_98         | auto | 1       | 8, 26, 1         |
|   y1_99_U                                        | ram_s2p array |      |      |      |        | y1_99         | auto | 1       | 8, 26, 1         |
|   y1_100_U                                       | ram_s2p array |      |      |      |        | y1_100        | auto | 1       | 8, 26, 1         |
|   y1_101_U                                       | ram_s2p array |      |      |      |        | y1_101        | auto | 1       | 8, 26, 1         |
|   y1_102_U                                       | ram_s2p array |      |      |      |        | y1_102        | auto | 1       | 8, 26, 1         |
|   y1_103_U                                       | ram_s2p array |      |      |      |        | y1_103        | auto | 1       | 8, 26, 1         |
|   y1_104_U                                       | ram_s2p array |      |      |      |        | y1_104        | auto | 1       | 8, 26, 1         |
|   y1_105_U                                       | ram_s2p array |      |      |      |        | y1_105        | auto | 1       | 8, 26, 1         |
|   y1_106_U                                       | ram_s2p array |      |      |      |        | y1_106        | auto | 1       | 8, 26, 1         |
|   y1_107_U                                       | ram_s2p array |      |      |      |        | y1_107        | auto | 1       | 8, 26, 1         |
|   y1_108_U                                       | ram_s2p array |      |      |      |        | y1_108        | auto | 1       | 8, 26, 1         |
|   y1_109_U                                       | ram_s2p array |      |      |      |        | y1_109        | auto | 1       | 8, 26, 1         |
|   y1_110_U                                       | ram_s2p array |      |      |      |        | y1_110        | auto | 1       | 8, 26, 1         |
|   y1_111_U                                       | ram_s2p array |      |      |      |        | y1_111        | auto | 1       | 8, 26, 1         |
|   y1_112_U                                       | ram_s2p array |      |      |      |        | y1_112        | auto | 1       | 8, 26, 1         |
|   y1_113_U                                       | ram_s2p array |      |      |      |        | y1_113        | auto | 1       | 8, 26, 1         |
|   y1_114_U                                       | ram_s2p array |      |      |      |        | y1_114        | auto | 1       | 8, 26, 1         |
|   y1_115_U                                       | ram_s2p array |      |      |      |        | y1_115        | auto | 1       | 8, 26, 1         |
|   y1_116_U                                       | ram_s2p array |      |      |      |        | y1_116        | auto | 1       | 8, 26, 1         |
|   y1_117_U                                       | ram_s2p array |      |      |      |        | y1_117        | auto | 1       | 8, 26, 1         |
|   y1_118_U                                       | ram_s2p array |      |      |      |        | y1_118        | auto | 1       | 8, 26, 1         |
|   y1_119_U                                       | ram_s2p array |      |      |      |        | y1_119        | auto | 1       | 8, 26, 1         |
|   y1_120_U                                       | ram_s2p array |      |      |      |        | y1_120        | auto | 1       | 8, 26, 1         |
|   y1_121_U                                       | ram_s2p array |      |      |      |        | y1_121        | auto | 1       | 8, 26, 1         |
|   y1_122_U                                       | ram_s2p array |      |      |      |        | y1_122        | auto | 1       | 8, 26, 1         |
|   y1_123_U                                       | ram_s2p array |      |      |      |        | y1_123        | auto | 1       | 8, 26, 1         |
|   y1_124_U                                       | ram_s2p array |      |      |      |        | y1_124        | auto | 1       | 8, 26, 1         |
|   y1_125_U                                       | ram_s2p array |      |      |      |        | y1_125        | auto | 1       | 8, 26, 1         |
|   y1_126_U                                       | ram_s2p array |      |      |      |        | y1_126        | auto | 1       | 8, 26, 1         |
|   y1_127_U                                       | ram_s2p array |      |      |      |        | y1_127        | auto | 1       | 8, 26, 1         |
|   y1_128_U                                       | ram_s2p array |      |      |      |        | y1_128        | auto | 1       | 8, 26, 1         |
|   y1_129_U                                       | ram_s2p array |      |      |      |        | y1_129        | auto | 1       | 8, 26, 1         |
|   y1_130_U                                       | ram_s2p array |      |      |      |        | y1_130        | auto | 1       | 8, 26, 1         |
|   y1_131_U                                       | ram_s2p array |      |      |      |        | y1_131        | auto | 1       | 8, 26, 1         |
|   y1_132_U                                       | ram_s2p array |      |      |      |        | y1_132        | auto | 1       | 8, 26, 1         |
|   y1_133_U                                       | ram_s2p array |      |      |      |        | y1_133        | auto | 1       | 8, 26, 1         |
|   y1_134_U                                       | ram_s2p array |      |      |      |        | y1_134        | auto | 1       | 8, 26, 1         |
|   y1_135_U                                       | ram_s2p array |      |      |      |        | y1_135        | auto | 1       | 8, 26, 1         |
|   y1_136_U                                       | ram_s2p array |      |      |      |        | y1_136        | auto | 1       | 8, 26, 1         |
|   y1_137_U                                       | ram_s2p array |      |      |      |        | y1_137        | auto | 1       | 8, 26, 1         |
|   y1_138_U                                       | ram_s2p array |      |      |      |        | y1_138        | auto | 1       | 8, 26, 1         |
|   y1_139_U                                       | ram_s2p array |      |      |      |        | y1_139        | auto | 1       | 8, 26, 1         |
|   y1_140_U                                       | ram_s2p array |      |      |      |        | y1_140        | auto | 1       | 8, 26, 1         |
|   y1_141_U                                       | ram_s2p array |      |      |      |        | y1_141        | auto | 1       | 8, 26, 1         |
|   y1_142_U                                       | ram_s2p array |      |      |      |        | y1_142        | auto | 1       | 8, 26, 1         |
|   y1_143_U                                       | ram_s2p array |      |      |      |        | y1_143        | auto | 1       | 8, 26, 1         |
|   y1_144_U                                       | ram_s2p array |      |      |      |        | y1_144        | auto | 1       | 8, 26, 1         |
|   y1_145_U                                       | ram_s2p array |      |      |      |        | y1_145        | auto | 1       | 8, 26, 1         |
|   y1_146_U                                       | ram_s2p array |      |      |      |        | y1_146        | auto | 1       | 8, 26, 1         |
|   y1_147_U                                       | ram_s2p array |      |      |      |        | y1_147        | auto | 1       | 8, 26, 1         |
|   y1_148_U                                       | ram_s2p array |      |      |      |        | y1_148        | auto | 1       | 8, 26, 1         |
|   y1_149_U                                       | ram_s2p array |      |      |      |        | y1_149        | auto | 1       | 8, 26, 1         |
|   y1_150_U                                       | ram_s2p array |      |      |      |        | y1_150        | auto | 1       | 8, 26, 1         |
|   y1_151_U                                       | ram_s2p array |      |      |      |        | y1_151        | auto | 1       | 8, 26, 1         |
|   y1_152_U                                       | ram_s2p array |      |      |      |        | y1_152        | auto | 1       | 8, 26, 1         |
|   y1_153_U                                       | ram_s2p array |      |      |      |        | y1_153        | auto | 1       | 8, 26, 1         |
|   y1_154_U                                       | ram_s2p array |      |      |      |        | y1_154        | auto | 1       | 8, 26, 1         |
|   y1_155_U                                       | ram_s2p array |      |      |      |        | y1_155        | auto | 1       | 8, 26, 1         |
|   y1_156_U                                       | ram_s2p array |      |      |      |        | y1_156        | auto | 1       | 8, 26, 1         |
|   y1_157_U                                       | ram_s2p array |      |      |      |        | y1_157        | auto | 1       | 8, 26, 1         |
|   y1_158_U                                       | ram_s2p array |      |      |      |        | y1_158        | auto | 1       | 8, 26, 1         |
|   y1_159_U                                       | ram_s2p array |      |      |      |        | y1_159        | auto | 1       | 8, 26, 1         |
|   y1_160_U                                       | ram_s2p array |      |      |      |        | y1_160        | auto | 1       | 8, 26, 1         |
|   y1_161_U                                       | ram_s2p array |      |      |      |        | y1_161        | auto | 1       | 8, 26, 1         |
|   y1_162_U                                       | ram_s2p array |      |      |      |        | y1_162        | auto | 1       | 8, 26, 1         |
|   y1_163_U                                       | ram_s2p array |      |      |      |        | y1_163        | auto | 1       | 8, 26, 1         |
|   y1_164_U                                       | ram_s2p array |      |      |      |        | y1_164        | auto | 1       | 8, 26, 1         |
|   y1_165_U                                       | ram_s2p array |      |      |      |        | y1_165        | auto | 1       | 8, 26, 1         |
|   y1_166_U                                       | ram_s2p array |      |      |      |        | y1_166        | auto | 1       | 8, 26, 1         |
|   y1_167_U                                       | ram_s2p array |      |      |      |        | y1_167        | auto | 1       | 8, 26, 1         |
|   y1_168_U                                       | ram_s2p array |      |      |      |        | y1_168        | auto | 1       | 8, 26, 1         |
|   y1_169_U                                       | ram_s2p array |      |      |      |        | y1_169        | auto | 1       | 8, 26, 1         |
|   y1_170_U                                       | ram_s2p array |      |      |      |        | y1_170        | auto | 1       | 8, 26, 1         |
|   y1_171_U                                       | ram_s2p array |      |      |      |        | y1_171        | auto | 1       | 8, 26, 1         |
|   y1_172_U                                       | ram_s2p array |      |      |      |        | y1_172        | auto | 1       | 8, 26, 1         |
|   y1_173_U                                       | ram_s2p array |      |      |      |        | y1_173        | auto | 1       | 8, 26, 1         |
|   y1_174_U                                       | ram_s2p array |      |      |      |        | y1_174        | auto | 1       | 8, 26, 1         |
|   y1_175_U                                       | ram_s2p array |      |      |      |        | y1_175        | auto | 1       | 8, 26, 1         |
|   y1_176_U                                       | ram_s2p array |      |      |      |        | y1_176        | auto | 1       | 8, 26, 1         |
|   y1_177_U                                       | ram_s2p array |      |      |      |        | y1_177        | auto | 1       | 8, 26, 1         |
|   y1_178_U                                       | ram_s2p array |      |      |      |        | y1_178        | auto | 1       | 8, 26, 1         |
|   y1_179_U                                       | ram_s2p array |      |      |      |        | y1_179        | auto | 1       | 8, 26, 1         |
|   y1_180_U                                       | ram_s2p array |      |      |      |        | y1_180        | auto | 1       | 8, 26, 1         |
|   y1_181_U                                       | ram_s2p array |      |      |      |        | y1_181        | auto | 1       | 8, 26, 1         |
|   y1_182_U                                       | ram_s2p array |      |      |      |        | y1_182        | auto | 1       | 8, 26, 1         |
|   y1_183_U                                       | ram_s2p array |      |      |      |        | y1_183        | auto | 1       | 8, 26, 1         |
|   y1_184_U                                       | ram_s2p array |      |      |      |        | y1_184        | auto | 1       | 8, 26, 1         |
|   y1_185_U                                       | ram_s2p array |      |      |      |        | y1_185        | auto | 1       | 8, 26, 1         |
|   y1_186_U                                       | ram_s2p array |      |      |      |        | y1_186        | auto | 1       | 8, 26, 1         |
|   y1_187_U                                       | ram_s2p array |      |      |      |        | y1_187        | auto | 1       | 8, 26, 1         |
|   y1_188_U                                       | ram_s2p array |      |      |      |        | y1_188        | auto | 1       | 8, 26, 1         |
|   y1_189_U                                       | ram_s2p array |      |      |      |        | y1_189        | auto | 1       | 8, 26, 1         |
|   y1_190_U                                       | ram_s2p array |      |      |      |        | y1_190        | auto | 1       | 8, 26, 1         |
|   y1_191_U                                       | ram_s2p array |      |      |      |        | y1_191        | auto | 1       | 8, 26, 1         |
|   y1_192_U                                       | ram_s2p array |      |      |      |        | y1_192        | auto | 1       | 8, 26, 1         |
|   y1_193_U                                       | ram_s2p array |      |      |      |        | y1_193        | auto | 1       | 8, 26, 1         |
|   y1_194_U                                       | ram_s2p array |      |      |      |        | y1_194        | auto | 1       | 8, 26, 1         |
|   y1_195_U                                       | ram_s2p array |      |      |      |        | y1_195        | auto | 1       | 8, 26, 1         |
|   y1_196_U                                       | ram_s2p array |      |      |      |        | y1_196        | auto | 1       | 8, 26, 1         |
|   y1_197_U                                       | ram_s2p array |      |      |      |        | y1_197        | auto | 1       | 8, 26, 1         |
|   y1_198_U                                       | ram_s2p array |      |      |      |        | y1_198        | auto | 1       | 8, 26, 1         |
|   y1_199_U                                       | ram_s2p array |      |      |      |        | y1_199        | auto | 1       | 8, 26, 1         |
|   y1_200_U                                       | ram_s2p array |      |      |      |        | y1_200        | auto | 1       | 8, 26, 1         |
|   y1_201_U                                       | ram_s2p array |      |      |      |        | y1_201        | auto | 1       | 8, 26, 1         |
|   y1_202_U                                       | ram_s2p array |      |      |      |        | y1_202        | auto | 1       | 8, 26, 1         |
|   y1_203_U                                       | ram_s2p array |      |      |      |        | y1_203        | auto | 1       | 8, 26, 1         |
|   y1_204_U                                       | ram_s2p array |      |      |      |        | y1_204        | auto | 1       | 8, 26, 1         |
|   y1_205_U                                       | ram_s2p array |      |      |      |        | y1_205        | auto | 1       | 8, 26, 1         |
|   y1_206_U                                       | ram_s2p array |      |      |      |        | y1_206        | auto | 1       | 8, 26, 1         |
|   y1_207_U                                       | ram_s2p array |      |      |      |        | y1_207        | auto | 1       | 8, 26, 1         |
|   y1_208_U                                       | ram_s2p array |      |      |      |        | y1_208        | auto | 1       | 8, 26, 1         |
|   y1_209_U                                       | ram_s2p array |      |      |      |        | y1_209        | auto | 1       | 8, 26, 1         |
|   y1_210_U                                       | ram_s2p array |      |      |      |        | y1_210        | auto | 1       | 8, 26, 1         |
|   y1_211_U                                       | ram_s2p array |      |      |      |        | y1_211        | auto | 1       | 8, 26, 1         |
|   y1_212_U                                       | ram_s2p array |      |      |      |        | y1_212        | auto | 1       | 8, 26, 1         |
|   y1_213_U                                       | ram_s2p array |      |      |      |        | y1_213        | auto | 1       | 8, 26, 1         |
|   y1_214_U                                       | ram_s2p array |      |      |      |        | y1_214        | auto | 1       | 8, 26, 1         |
|   y1_215_U                                       | ram_s2p array |      |      |      |        | y1_215        | auto | 1       | 8, 26, 1         |
|   y1_216_U                                       | ram_s2p array |      |      |      |        | y1_216        | auto | 1       | 8, 26, 1         |
|   y1_217_U                                       | ram_s2p array |      |      |      |        | y1_217        | auto | 1       | 8, 26, 1         |
|   y1_218_U                                       | ram_s2p array |      |      |      |        | y1_218        | auto | 1       | 8, 26, 1         |
|   y1_219_U                                       | ram_s2p array |      |      |      |        | y1_219        | auto | 1       | 8, 26, 1         |
|   y1_220_U                                       | ram_s2p array |      |      |      |        | y1_220        | auto | 1       | 8, 26, 1         |
|   y1_221_U                                       | ram_s2p array |      |      |      |        | y1_221        | auto | 1       | 8, 26, 1         |
|   y1_222_U                                       | ram_s2p array |      |      |      |        | y1_222        | auto | 1       | 8, 26, 1         |
|   y1_223_U                                       | ram_s2p array |      |      |      |        | y1_223        | auto | 1       | 8, 26, 1         |
|   y1_224_U                                       | ram_s2p array |      |      |      |        | y1_224        | auto | 1       | 8, 26, 1         |
|   y1_225_U                                       | ram_s2p array |      |      |      |        | y1_225        | auto | 1       | 8, 26, 1         |
|   y1_226_U                                       | ram_s2p array |      |      |      |        | y1_226        | auto | 1       | 8, 26, 1         |
|   y1_227_U                                       | ram_s2p array |      |      |      |        | y1_227        | auto | 1       | 8, 26, 1         |
|   y1_228_U                                       | ram_s2p array |      |      |      |        | y1_228        | auto | 1       | 8, 26, 1         |
|   y1_229_U                                       | ram_s2p array |      |      |      |        | y1_229        | auto | 1       | 8, 26, 1         |
|   y1_230_U                                       | ram_s2p array |      |      |      |        | y1_230        | auto | 1       | 8, 26, 1         |
|   y1_231_U                                       | ram_s2p array |      |      |      |        | y1_231        | auto | 1       | 8, 26, 1         |
|   y1_232_U                                       | ram_s2p array |      |      |      |        | y1_232        | auto | 1       | 8, 26, 1         |
|   y1_233_U                                       | ram_s2p array |      |      |      |        | y1_233        | auto | 1       | 8, 26, 1         |
|   y1_234_U                                       | ram_s2p array |      |      |      |        | y1_234        | auto | 1       | 8, 26, 1         |
|   y1_235_U                                       | ram_s2p array |      |      |      |        | y1_235        | auto | 1       | 8, 26, 1         |
|   y1_236_U                                       | ram_s2p array |      |      |      |        | y1_236        | auto | 1       | 8, 26, 1         |
|   y1_237_U                                       | ram_s2p array |      |      |      |        | y1_237        | auto | 1       | 8, 26, 1         |
|   y1_238_U                                       | ram_s2p array |      |      |      |        | y1_238        | auto | 1       | 8, 26, 1         |
|   y1_239_U                                       | ram_s2p array |      |      |      |        | y1_239        | auto | 1       | 8, 26, 1         |
|   y1_240_U                                       | ram_s2p array |      |      |      |        | y1_240        | auto | 1       | 8, 26, 1         |
|   y1_241_U                                       | ram_s2p array |      |      |      |        | y1_241        | auto | 1       | 8, 26, 1         |
|   y1_242_U                                       | ram_s2p array |      |      |      |        | y1_242        | auto | 1       | 8, 26, 1         |
|   y1_243_U                                       | ram_s2p array |      |      |      |        | y1_243        | auto | 1       | 8, 26, 1         |
|   y1_244_U                                       | ram_s2p array |      |      |      |        | y1_244        | auto | 1       | 8, 26, 1         |
|   y1_245_U                                       | ram_s2p array |      |      |      |        | y1_245        | auto | 1       | 8, 26, 1         |
|   y1_246_U                                       | ram_s2p array |      |      |      |        | y1_246        | auto | 1       | 8, 26, 1         |
|   y1_247_U                                       | ram_s2p array |      |      |      |        | y1_247        | auto | 1       | 8, 26, 1         |
|   y1_248_U                                       | ram_s2p array |      |      |      |        | y1_248        | auto | 1       | 8, 26, 1         |
|   y1_249_U                                       | ram_s2p array |      |      |      |        | y1_249        | auto | 1       | 8, 26, 1         |
|   y1_250_U                                       | ram_s2p array |      |      |      |        | y1_250        | auto | 1       | 8, 26, 1         |
|   y1_251_U                                       | ram_s2p array |      |      |      |        | y1_251        | auto | 1       | 8, 26, 1         |
|   y1_252_U                                       | ram_s2p array |      |      |      |        | y1_252        | auto | 1       | 8, 26, 1         |
|   y1_253_U                                       | ram_s2p array |      |      |      |        | y1_253        | auto | 1       | 8, 26, 1         |
|   y1_254_U                                       | ram_s2p array |      |      |      |        | y1_254        | auto | 1       | 8, 26, 1         |
|   y1_255_U                                       | ram_s2p array |      |      |      |        | y1_255        | auto | 1       | 8, 26, 1         |
|   y1_256_U                                       | ram_s2p array |      |      |      |        | y1_256        | auto | 1       | 8, 26, 1         |
|   y1_257_U                                       | ram_s2p array |      |      |      |        | y1_257        | auto | 1       | 8, 26, 1         |
|   y1_258_U                                       | ram_s2p array |      |      |      |        | y1_258        | auto | 1       | 8, 26, 1         |
|   y1_259_U                                       | ram_s2p array |      |      |      |        | y1_259        | auto | 1       | 8, 26, 1         |
|   y1_260_U                                       | ram_s2p array |      |      |      |        | y1_260        | auto | 1       | 8, 26, 1         |
|   y1_261_U                                       | ram_s2p array |      |      |      |        | y1_261        | auto | 1       | 8, 26, 1         |
|   y1_262_U                                       | ram_s2p array |      |      |      |        | y1_262        | auto | 1       | 8, 26, 1         |
|   y1_263_U                                       | ram_s2p array |      |      |      |        | y1_263        | auto | 1       | 8, 26, 1         |
|   y1_264_U                                       | ram_s2p array |      |      |      |        | y1_264        | auto | 1       | 8, 26, 1         |
|   y1_265_U                                       | ram_s2p array |      |      |      |        | y1_265        | auto | 1       | 8, 26, 1         |
|   y1_266_U                                       | ram_s2p array |      |      |      |        | y1_266        | auto | 1       | 8, 26, 1         |
|   y1_267_U                                       | ram_s2p array |      |      |      |        | y1_267        | auto | 1       | 8, 26, 1         |
|   y1_268_U                                       | ram_s2p array |      |      |      |        | y1_268        | auto | 1       | 8, 26, 1         |
|   y1_269_U                                       | ram_s2p array |      |      |      |        | y1_269        | auto | 1       | 8, 26, 1         |
|   y1_270_U                                       | ram_s2p array |      |      |      |        | y1_270        | auto | 1       | 8, 26, 1         |
|   y1_271_U                                       | ram_s2p array |      |      |      |        | y1_271        | auto | 1       | 8, 26, 1         |
|   y1_272_U                                       | ram_s2p array |      |      |      |        | y1_272        | auto | 1       | 8, 26, 1         |
|   y1_273_U                                       | ram_s2p array |      |      |      |        | y1_273        | auto | 1       | 8, 26, 1         |
|   y1_274_U                                       | ram_s2p array |      |      |      |        | y1_274        | auto | 1       | 8, 26, 1         |
|   y1_275_U                                       | ram_s2p array |      |      |      |        | y1_275        | auto | 1       | 8, 26, 1         |
|   y1_276_U                                       | ram_s2p array |      |      |      |        | y1_276        | auto | 1       | 8, 26, 1         |
|   y1_277_U                                       | ram_s2p array |      |      |      |        | y1_277        | auto | 1       | 8, 26, 1         |
|   y1_278_U                                       | ram_s2p array |      |      |      |        | y1_278        | auto | 1       | 8, 26, 1         |
|   y1_279_U                                       | ram_s2p array |      |      |      |        | y1_279        | auto | 1       | 8, 26, 1         |
|   y1_280_U                                       | ram_s2p array |      |      |      |        | y1_280        | auto | 1       | 8, 26, 1         |
|   y1_281_U                                       | ram_s2p array |      |      |      |        | y1_281        | auto | 1       | 8, 26, 1         |
|   y1_282_U                                       | ram_s2p array |      |      |      |        | y1_282        | auto | 1       | 8, 26, 1         |
|   y1_283_U                                       | ram_s2p array |      |      |      |        | y1_283        | auto | 1       | 8, 26, 1         |
|   y1_284_U                                       | ram_s2p array |      |      |      |        | y1_284        | auto | 1       | 8, 26, 1         |
|   y1_285_U                                       | ram_s2p array |      |      |      |        | y1_285        | auto | 1       | 8, 26, 1         |
|   y1_286_U                                       | ram_s2p array |      |      |      |        | y1_286        | auto | 1       | 8, 26, 1         |
|   y1_287_U                                       | ram_s2p array |      |      |      |        | y1_287        | auto | 1       | 8, 26, 1         |
|   y1_288_U                                       | ram_s2p array |      |      |      |        | y1_288        | auto | 1       | 8, 26, 1         |
|   y1_289_U                                       | ram_s2p array |      |      |      |        | y1_289        | auto | 1       | 8, 26, 1         |
|   y1_290_U                                       | ram_s2p array |      |      |      |        | y1_290        | auto | 1       | 8, 26, 1         |
|   y1_291_U                                       | ram_s2p array |      |      |      |        | y1_291        | auto | 1       | 8, 26, 1         |
|   y1_292_U                                       | ram_s2p array |      |      |      |        | y1_292        | auto | 1       | 8, 26, 1         |
|   y1_293_U                                       | ram_s2p array |      |      |      |        | y1_293        | auto | 1       | 8, 26, 1         |
|   y1_294_U                                       | ram_s2p array |      |      |      |        | y1_294        | auto | 1       | 8, 26, 1         |
|   y1_295_U                                       | ram_s2p array |      |      |      |        | y1_295        | auto | 1       | 8, 26, 1         |
|   y1_296_U                                       | ram_s2p array |      |      |      |        | y1_296        | auto | 1       | 8, 26, 1         |
|   y1_297_U                                       | ram_s2p array |      |      |      |        | y1_297        | auto | 1       | 8, 26, 1         |
|   y1_298_U                                       | ram_s2p array |      |      |      |        | y1_298        | auto | 1       | 8, 26, 1         |
|   y1_299_U                                       | ram_s2p array |      |      |      |        | y1_299        | auto | 1       | 8, 26, 1         |
|   y1_300_U                                       | ram_s2p array |      |      |      |        | y1_300        | auto | 1       | 8, 26, 1         |
|   y1_301_U                                       | ram_s2p array |      |      |      |        | y1_301        | auto | 1       | 8, 26, 1         |
|   y1_302_U                                       | ram_s2p array |      |      |      |        | y1_302        | auto | 1       | 8, 26, 1         |
|   y1_303_U                                       | ram_s2p array |      |      |      |        | y1_303        | auto | 1       | 8, 26, 1         |
|   y1_304_U                                       | ram_s2p array |      |      |      |        | y1_304        | auto | 1       | 8, 26, 1         |
|   y1_305_U                                       | ram_s2p array |      |      |      |        | y1_305        | auto | 1       | 8, 26, 1         |
|   y1_306_U                                       | ram_s2p array |      |      |      |        | y1_306        | auto | 1       | 8, 26, 1         |
|   y1_307_U                                       | ram_s2p array |      |      |      |        | y1_307        | auto | 1       | 8, 26, 1         |
|   y1_308_U                                       | ram_s2p array |      |      |      |        | y1_308        | auto | 1       | 8, 26, 1         |
|   y1_309_U                                       | ram_s2p array |      |      |      |        | y1_309        | auto | 1       | 8, 26, 1         |
|   y1_310_U                                       | ram_s2p array |      |      |      |        | y1_310        | auto | 1       | 8, 26, 1         |
|   y1_311_U                                       | ram_s2p array |      |      |      |        | y1_311        | auto | 1       | 8, 26, 1         |
|   y1_312_U                                       | ram_s2p array |      |      |      |        | y1_312        | auto | 1       | 8, 26, 1         |
|   y1_313_U                                       | ram_s2p array |      |      |      |        | y1_313        | auto | 1       | 8, 26, 1         |
|   y1_314_U                                       | ram_s2p array |      |      |      |        | y1_314        | auto | 1       | 8, 26, 1         |
|   y1_315_U                                       | ram_s2p array |      |      |      |        | y1_315        | auto | 1       | 8, 26, 1         |
|   y1_316_U                                       | ram_s2p array |      |      |      |        | y1_316        | auto | 1       | 8, 26, 1         |
|   y1_317_U                                       | ram_s2p array |      |      |      |        | y1_317        | auto | 1       | 8, 26, 1         |
|   y1_318_U                                       | ram_s2p array |      |      |      |        | y1_318        | auto | 1       | 8, 26, 1         |
|   y1_319_U                                       | ram_s2p array |      |      |      |        | y1_319        | auto | 1       | 8, 26, 1         |
|   y2_U                                           | ram_s2p array |      | 4    |      |        | y2            | auto | 1       | 8, 8192, 1       |
|   even_q_U                                       | ram_1p array  |      | 2    |      |        | even_q        | auto | 1       | 8, 4096, 1       |
|   odd_q_U                                        | ram_1p array  |      |      |      |        | odd_q         | auto | 1       | 8, 64, 1         |
|   odd_q_1_U                                      | ram_1p array  |      |      |      |        | odd_q_1       | auto | 1       | 8, 64, 1         |
|   odd_q_2_U                                      | ram_1p array  |      |      |      |        | odd_q_2       | auto | 1       | 8, 64, 1         |
|   odd_q_3_U                                      | ram_1p array  |      |      |      |        | odd_q_3       | auto | 1       | 8, 64, 1         |
|   odd_q_4_U                                      | ram_1p array  |      |      |      |        | odd_q_4       | auto | 1       | 8, 64, 1         |
|   odd_q_5_U                                      | ram_1p array  |      |      |      |        | odd_q_5       | auto | 1       | 8, 64, 1         |
|   odd_q_6_U                                      | ram_1p array  |      |      |      |        | odd_q_6       | auto | 1       | 8, 64, 1         |
|   odd_q_7_U                                      | ram_1p array  |      |      |      |        | odd_q_7       | auto | 1       | 8, 64, 1         |
|   odd_q_8_U                                      | ram_1p array  |      |      |      |        | odd_q_8       | auto | 1       | 8, 64, 1         |
|   odd_q_9_U                                      | ram_1p array  |      |      |      |        | odd_q_9       | auto | 1       | 8, 64, 1         |
|   odd_q_10_U                                     | ram_1p array  |      |      |      |        | odd_q_10      | auto | 1       | 8, 64, 1         |
|   odd_q_11_U                                     | ram_1p array  |      |      |      |        | odd_q_11      | auto | 1       | 8, 64, 1         |
|   odd_q_12_U                                     | ram_1p array  |      |      |      |        | odd_q_12      | auto | 1       | 8, 64, 1         |
|   odd_q_13_U                                     | ram_1p array  |      |      |      |        | odd_q_13      | auto | 1       | 8, 64, 1         |
|   odd_q_14_U                                     | ram_1p array  |      |      |      |        | odd_q_14      | auto | 1       | 8, 64, 1         |
|   odd_q_15_U                                     | ram_1p array  |      |      |      |        | odd_q_15      | auto | 1       | 8, 64, 1         |
|   odd_q_16_U                                     | ram_1p array  |      |      |      |        | odd_q_16      | auto | 1       | 8, 64, 1         |
|   odd_q_17_U                                     | ram_1p array  |      |      |      |        | odd_q_17      | auto | 1       | 8, 64, 1         |
|   odd_q_18_U                                     | ram_1p array  |      |      |      |        | odd_q_18      | auto | 1       | 8, 64, 1         |
|   odd_q_19_U                                     | ram_1p array  |      |      |      |        | odd_q_19      | auto | 1       | 8, 64, 1         |
|   odd_q_20_U                                     | ram_1p array  |      |      |      |        | odd_q_20      | auto | 1       | 8, 64, 1         |
|   odd_q_21_U                                     | ram_1p array  |      |      |      |        | odd_q_21      | auto | 1       | 8, 64, 1         |
|   odd_q_22_U                                     | ram_1p array  |      |      |      |        | odd_q_22      | auto | 1       | 8, 64, 1         |
|   odd_q_23_U                                     | ram_1p array  |      |      |      |        | odd_q_23      | auto | 1       | 8, 64, 1         |
|   odd_q_24_U                                     | ram_1p array  |      |      |      |        | odd_q_24      | auto | 1       | 8, 64, 1         |
|   odd_q_25_U                                     | ram_1p array  |      |      |      |        | odd_q_25      | auto | 1       | 8, 64, 1         |
|   odd_q_26_U                                     | ram_1p array  |      |      |      |        | odd_q_26      | auto | 1       | 8, 64, 1         |
|   odd_q_27_U                                     | ram_1p array  |      |      |      |        | odd_q_27      | auto | 1       | 8, 64, 1         |
|   odd_q_28_U                                     | ram_1p array  |      |      |      |        | odd_q_28      | auto | 1       | 8, 64, 1         |
|   odd_q_29_U                                     | ram_1p array  |      |      |      |        | odd_q_29      | auto | 1       | 8, 64, 1         |
|   odd_q_30_U                                     | ram_1p array  |      |      |      |        | odd_q_30      | auto | 1       | 8, 64, 1         |
|   odd_q_31_U                                     | ram_1p array  |      |      |      |        | odd_q_31      | auto | 1       | 8, 64, 1         |
|   odd_q_32_U                                     | ram_1p array  |      |      |      |        | odd_q_32      | auto | 1       | 8, 64, 1         |
|   odd_q_33_U                                     | ram_1p array  |      |      |      |        | odd_q_33      | auto | 1       | 8, 64, 1         |
|   odd_q_34_U                                     | ram_1p array  |      |      |      |        | odd_q_34      | auto | 1       | 8, 64, 1         |
|   odd_q_35_U                                     | ram_1p array  |      |      |      |        | odd_q_35      | auto | 1       | 8, 64, 1         |
|   odd_q_36_U                                     | ram_1p array  |      |      |      |        | odd_q_36      | auto | 1       | 8, 64, 1         |
|   odd_q_37_U                                     | ram_1p array  |      |      |      |        | odd_q_37      | auto | 1       | 8, 64, 1         |
|   odd_q_38_U                                     | ram_1p array  |      |      |      |        | odd_q_38      | auto | 1       | 8, 64, 1         |
|   odd_q_39_U                                     | ram_1p array  |      |      |      |        | odd_q_39      | auto | 1       | 8, 64, 1         |
|   odd_q_40_U                                     | ram_1p array  |      |      |      |        | odd_q_40      | auto | 1       | 8, 64, 1         |
|   odd_q_41_U                                     | ram_1p array  |      |      |      |        | odd_q_41      | auto | 1       | 8, 64, 1         |
|   odd_q_42_U                                     | ram_1p array  |      |      |      |        | odd_q_42      | auto | 1       | 8, 64, 1         |
|   odd_q_43_U                                     | ram_1p array  |      |      |      |        | odd_q_43      | auto | 1       | 8, 64, 1         |
|   odd_q_44_U                                     | ram_1p array  |      |      |      |        | odd_q_44      | auto | 1       | 8, 64, 1         |
|   odd_q_45_U                                     | ram_1p array  |      |      |      |        | odd_q_45      | auto | 1       | 8, 64, 1         |
|   odd_q_46_U                                     | ram_1p array  |      |      |      |        | odd_q_46      | auto | 1       | 8, 64, 1         |
|   odd_q_47_U                                     | ram_1p array  |      |      |      |        | odd_q_47      | auto | 1       | 8, 64, 1         |
|   odd_q_48_U                                     | ram_1p array  |      |      |      |        | odd_q_48      | auto | 1       | 8, 64, 1         |
|   odd_q_49_U                                     | ram_1p array  |      |      |      |        | odd_q_49      | auto | 1       | 8, 64, 1         |
|   odd_q_50_U                                     | ram_1p array  |      |      |      |        | odd_q_50      | auto | 1       | 8, 64, 1         |
|   odd_q_51_U                                     | ram_1p array  |      |      |      |        | odd_q_51      | auto | 1       | 8, 64, 1         |
|   odd_q_52_U                                     | ram_1p array  |      |      |      |        | odd_q_52      | auto | 1       | 8, 64, 1         |
|   odd_q_53_U                                     | ram_1p array  |      |      |      |        | odd_q_53      | auto | 1       | 8, 64, 1         |
|   odd_q_54_U                                     | ram_1p array  |      |      |      |        | odd_q_54      | auto | 1       | 8, 64, 1         |
|   odd_q_55_U                                     | ram_1p array  |      |      |      |        | odd_q_55      | auto | 1       | 8, 64, 1         |
|   odd_q_56_U                                     | ram_1p array  |      |      |      |        | odd_q_56      | auto | 1       | 8, 64, 1         |
|   odd_q_57_U                                     | ram_1p array  |      |      |      |        | odd_q_57      | auto | 1       | 8, 64, 1         |
|   odd_q_58_U                                     | ram_1p array  |      |      |      |        | odd_q_58      | auto | 1       | 8, 64, 1         |
|   odd_q_59_U                                     | ram_1p array  |      |      |      |        | odd_q_59      | auto | 1       | 8, 64, 1         |
|   odd_q_60_U                                     | ram_1p array  |      |      |      |        | odd_q_60      | auto | 1       | 8, 64, 1         |
|   odd_q_61_U                                     | ram_1p array  |      |      |      |        | odd_q_61      | auto | 1       | 8, 64, 1         |
|   odd_q_62_U                                     | ram_1p array  |      |      |      |        | odd_q_62      | auto | 1       | 8, 64, 1         |
|   odd_q_63_U                                     | ram_1p array  |      |      |      |        | odd_q_63      | auto | 1       | 8, 64, 1         |
|   u_tanh_U                                       | ram_1p array  |      | 1    |      |        | u_tanh        | auto | 1       | 1, 4096, 1       |
|   p_tanh_U                                       | ram_1p array  |      | 1    |      |        | p_tanh        | auto | 1       | 1, 4096, 1       |
|   d_q_U                                          | ram_1p array  |      |      |      |        | d_q           | auto | 1       | 8, 64, 1         |
|   d_q_1_U                                        | ram_1p array  |      |      |      |        | d_q_1         | auto | 1       | 8, 64, 1         |
|   d_q_2_U                                        | ram_1p array  |      |      |      |        | d_q_2         | auto | 1       | 8, 64, 1         |
|   d_q_3_U                                        | ram_1p array  |      |      |      |        | d_q_3         | auto | 1       | 8, 64, 1         |
|   d_q_4_U                                        | ram_1p array  |      |      |      |        | d_q_4         | auto | 1       | 8, 64, 1         |
|   d_q_5_U                                        | ram_1p array  |      |      |      |        | d_q_5         | auto | 1       | 8, 64, 1         |
|   d_q_6_U                                        | ram_1p array  |      |      |      |        | d_q_6         | auto | 1       | 8, 64, 1         |
|   d_q_7_U                                        | ram_1p array  |      |      |      |        | d_q_7         | auto | 1       | 8, 64, 1         |
|   d_q_8_U                                        | ram_1p array  |      |      |      |        | d_q_8         | auto | 1       | 8, 64, 1         |
|   d_q_9_U                                        | ram_1p array  |      |      |      |        | d_q_9         | auto | 1       | 8, 64, 1         |
|   d_q_10_U                                       | ram_1p array  |      |      |      |        | d_q_10        | auto | 1       | 8, 64, 1         |
|   d_q_11_U                                       | ram_1p array  |      |      |      |        | d_q_11        | auto | 1       | 8, 64, 1         |
|   d_q_12_U                                       | ram_1p array  |      |      |      |        | d_q_12        | auto | 1       | 8, 64, 1         |
|   d_q_13_U                                       | ram_1p array  |      |      |      |        | d_q_13        | auto | 1       | 8, 64, 1         |
|   d_q_14_U                                       | ram_1p array  |      |      |      |        | d_q_14        | auto | 1       | 8, 64, 1         |
|   d_q_15_U                                       | ram_1p array  |      |      |      |        | d_q_15        | auto | 1       | 8, 64, 1         |
|   d_q_16_U                                       | ram_1p array  |      |      |      |        | d_q_16        | auto | 1       | 8, 64, 1         |
|   d_q_17_U                                       | ram_1p array  |      |      |      |        | d_q_17        | auto | 1       | 8, 64, 1         |
|   d_q_18_U                                       | ram_1p array  |      |      |      |        | d_q_18        | auto | 1       | 8, 64, 1         |
|   d_q_19_U                                       | ram_1p array  |      |      |      |        | d_q_19        | auto | 1       | 8, 64, 1         |
|   d_q_20_U                                       | ram_1p array  |      |      |      |        | d_q_20        | auto | 1       | 8, 64, 1         |
|   d_q_21_U                                       | ram_1p array  |      |      |      |        | d_q_21        | auto | 1       | 8, 64, 1         |
|   d_q_22_U                                       | ram_1p array  |      |      |      |        | d_q_22        | auto | 1       | 8, 64, 1         |
|   d_q_23_U                                       | ram_1p array  |      |      |      |        | d_q_23        | auto | 1       | 8, 64, 1         |
|   d_q_24_U                                       | ram_1p array  |      |      |      |        | d_q_24        | auto | 1       | 8, 64, 1         |
|   d_q_25_U                                       | ram_1p array  |      |      |      |        | d_q_25        | auto | 1       | 8, 64, 1         |
|   d_q_26_U                                       | ram_1p array  |      |      |      |        | d_q_26        | auto | 1       | 8, 64, 1         |
|   d_q_27_U                                       | ram_1p array  |      |      |      |        | d_q_27        | auto | 1       | 8, 64, 1         |
|   d_q_28_U                                       | ram_1p array  |      |      |      |        | d_q_28        | auto | 1       | 8, 64, 1         |
|   d_q_29_U                                       | ram_1p array  |      |      |      |        | d_q_29        | auto | 1       | 8, 64, 1         |
|   d_q_30_U                                       | ram_1p array  |      |      |      |        | d_q_30        | auto | 1       | 8, 64, 1         |
|   d_q_31_U                                       | ram_1p array  |      |      |      |        | d_q_31        | auto | 1       | 8, 64, 1         |
|   d_q_32_U                                       | ram_1p array  |      |      |      |        | d_q_32        | auto | 1       | 8, 64, 1         |
|   d_q_33_U                                       | ram_1p array  |      |      |      |        | d_q_33        | auto | 1       | 8, 64, 1         |
|   d_q_34_U                                       | ram_1p array  |      |      |      |        | d_q_34        | auto | 1       | 8, 64, 1         |
|   d_q_35_U                                       | ram_1p array  |      |      |      |        | d_q_35        | auto | 1       | 8, 64, 1         |
|   d_q_36_U                                       | ram_1p array  |      |      |      |        | d_q_36        | auto | 1       | 8, 64, 1         |
|   d_q_37_U                                       | ram_1p array  |      |      |      |        | d_q_37        | auto | 1       | 8, 64, 1         |
|   d_q_38_U                                       | ram_1p array  |      |      |      |        | d_q_38        | auto | 1       | 8, 64, 1         |
|   d_q_39_U                                       | ram_1p array  |      |      |      |        | d_q_39        | auto | 1       | 8, 64, 1         |
|   d_q_40_U                                       | ram_1p array  |      |      |      |        | d_q_40        | auto | 1       | 8, 64, 1         |
|   d_q_41_U                                       | ram_1p array  |      |      |      |        | d_q_41        | auto | 1       | 8, 64, 1         |
|   d_q_42_U                                       | ram_1p array  |      |      |      |        | d_q_42        | auto | 1       | 8, 64, 1         |
|   d_q_43_U                                       | ram_1p array  |      |      |      |        | d_q_43        | auto | 1       | 8, 64, 1         |
|   d_q_44_U                                       | ram_1p array  |      |      |      |        | d_q_44        | auto | 1       | 8, 64, 1         |
|   d_q_45_U                                       | ram_1p array  |      |      |      |        | d_q_45        | auto | 1       | 8, 64, 1         |
|   d_q_46_U                                       | ram_1p array  |      |      |      |        | d_q_46        | auto | 1       | 8, 64, 1         |
|   d_q_47_U                                       | ram_1p array  |      |      |      |        | d_q_47        | auto | 1       | 8, 64, 1         |
|   d_q_48_U                                       | ram_1p array  |      |      |      |        | d_q_48        | auto | 1       | 8, 64, 1         |
|   d_q_49_U                                       | ram_1p array  |      |      |      |        | d_q_49        | auto | 1       | 8, 64, 1         |
|   d_q_50_U                                       | ram_1p array  |      |      |      |        | d_q_50        | auto | 1       | 8, 64, 1         |
|   d_q_51_U                                       | ram_1p array  |      |      |      |        | d_q_51        | auto | 1       | 8, 64, 1         |
|   d_q_52_U                                       | ram_1p array  |      |      |      |        | d_q_52        | auto | 1       | 8, 64, 1         |
|   d_q_53_U                                       | ram_1p array  |      |      |      |        | d_q_53        | auto | 1       | 8, 64, 1         |
|   d_q_54_U                                       | ram_1p array  |      |      |      |        | d_q_54        | auto | 1       | 8, 64, 1         |
|   d_q_55_U                                       | ram_1p array  |      |      |      |        | d_q_55        | auto | 1       | 8, 64, 1         |
|   d_q_56_U                                       | ram_1p array  |      |      |      |        | d_q_56        | auto | 1       | 8, 64, 1         |
|   d_q_57_U                                       | ram_1p array  |      |      |      |        | d_q_57        | auto | 1       | 8, 64, 1         |
|   d_q_58_U                                       | ram_1p array  |      |      |      |        | d_q_58        | auto | 1       | 8, 64, 1         |
|   d_q_59_U                                       | ram_1p array  |      |      |      |        | d_q_59        | auto | 1       | 8, 64, 1         |
|   d_q_60_U                                       | ram_1p array  |      |      |      |        | d_q_60        | auto | 1       | 8, 64, 1         |
|   d_q_61_U                                       | ram_1p array  |      |      |      |        | d_q_61        | auto | 1       | 8, 64, 1         |
|   d_q_62_U                                       | ram_1p array  |      |      |      |        | d_q_62        | auto | 1       | 8, 64, 1         |
|   d_q_63_U                                       | ram_1p array  |      |      |      |        | d_q_63        | auto | 1       | 8, 64, 1         |
|   avg_d_q_U                                      | ram_1p array  |      |      |      |        | avg_d_q       | auto | 1       | 8, 64, 1         |
|   avg_c_q_U                                      | ram_1p array  |      |      |      |        | avg_c_q       | auto | 1       | 8, 64, 1         |
|   cat_q_U                                        | ram_t2p array |      | 1    |      |        | cat_q         | auto | 1       | 8, 128, 1        |
|   se0_acc_U                                      | ram_1p array  |      |      |      |        | se0_acc       | auto | 1       | 21, 32, 1        |
|   se0_q_U                                        | ram_s2p array |      |      |      |        | se0_q         | auto | 1       | 7, 32, 1         |
|   se3_acc_U                                      | ram_1p array  |      | 2    |      |        | se3_acc       | auto | 1       | 20, 128, 1       |
|   sig_q_U                                        | ram_1p array  |      |      |      |        | sig_q         | auto | 1       | 7, 128, 1        |
|   se_mul_q_U                                     | ram_s2p array |      | 1    |      |        | se_mul_q      | auto | 1       | 8, 128, 1        |
|   fc0_acc_U                                      | ram_1p array  |      | 2    |      |        | fc0_acc       | auto | 1       | 22, 320, 1       |
|   fc0_q_U                                        | ram_s2p array |      | 1    |      |        | fc0_q         | auto | 1       | 8, 320, 1        |
|   fc2_acc_U                                      | ram_1p array  |      |      |      |        | fc2_acc       | auto | 1       | 22, 11, 1        |
|  + conv1_block                                   |               |      | 0    | 0    |        |               |      |         |                  |
|    b1_U                                          | rom_1p        |      |      |      |        | b1            | auto | 1       | 7, 64, 1         |
|    p_ZL2W1_0_0_0_U                               | rom_1p        |      |      |      |        | p_ZL2W1_0_0_0 | auto | 1       | 8, 64, 1         |
|    p_ZL2W1_0_1_0_U                               | rom_1p        |      |      |      |        | p_ZL2W1_0_1_0 | auto | 1       | 8, 64, 1         |
|    p_ZL2W1_0_2_0_U                               | rom_1p        |      |      |      |        | p_ZL2W1_0_2_0 | auto | 1       | 8, 64, 1         |
|    p_ZL2W1_0_3_0_U                               | rom_1p        |      |      |      |        | p_ZL2W1_0_3_0 | auto | 1       | 8, 64, 1         |
|    p_ZL2W1_0_4_0_U                               | rom_1p        |      |      |      |        | p_ZL2W1_0_4_0 | auto | 1       | 8, 64, 1         |
|    p_ZL2W1_0_5_0_U                               | rom_1p        |      |      |      |        | p_ZL2W1_0_5_0 | auto | 1       | 8, 64, 1         |
|    p_ZL2W1_0_6_0_U                               | rom_1p        |      |      |      |        | p_ZL2W1_0_6_0 | auto | 1       | 8, 64, 1         |
|    p_ZL2W1_1_0_0_U                               | rom_1p        |      |      |      |        | p_ZL2W1_1_0_0 | auto | 1       | 8, 64, 1         |
|    p_ZL2W1_1_1_0_U                               | rom_1p        |      |      |      |        | p_ZL2W1_1_1_0 | auto | 1       | 8, 64, 1         |
|    p_ZL2W1_1_2_0_U                               | rom_1p        |      |      |      |        | p_ZL2W1_1_2_0 | auto | 1       | 8, 64, 1         |
|    p_ZL2W1_1_3_0_U                               | rom_1p        |      |      |      |        | p_ZL2W1_1_3_0 | auto | 1       | 8, 64, 1         |
|    p_ZL2W1_1_4_0_U                               | rom_1p        |      |      |      |        | p_ZL2W1_1_4_0 | auto | 1       | 8, 64, 1         |
|    p_ZL2W1_1_5_0_U                               | rom_1p        |      |      |      |        | p_ZL2W1_1_5_0 | auto | 1       | 8, 64, 1         |
|    p_ZL2W1_1_6_0_U                               | rom_1p        |      |      |      |        | p_ZL2W1_1_6_0 | auto | 1       | 8, 64, 1         |
|  + conv2_block                                   |               |      | 0    | 0    |        |               |      |         |                  |
|    b2_U                                          | rom_1p        |      |      |      |        | b2            | auto | 1       | 10, 64, 1        |
|    p_ZL2W2_0_0_U                                 | rom_1p        |      |      |      |        | p_ZL2W2_0_0   | auto | 1       | 7, 64, 1         |
|    p_ZL2W2_1_0_U                                 | rom_1p        |      |      |      |        | p_ZL2W2_1_0   | auto | 1       | 7, 64, 1         |
|    p_ZL2W2_2_0_U                                 | rom_1p        |      |      |      |        | p_ZL2W2_2_0   | auto | 1       | 7, 64, 1         |
|    p_ZL2W2_3_0_U                                 | rom_1p        |      |      |      |        | p_ZL2W2_3_0   | auto | 1       | 7, 64, 1         |
|    p_ZL2W2_4_0_U                                 | rom_1p        |      |      |      |        | p_ZL2W2_4_0   | auto | 1       | 7, 64, 1         |
|    p_ZL2W2_0_1_U                                 | rom_1p        |      |      |      |        | p_ZL2W2_0_1   | auto | 1       | 7, 64, 1         |
|    p_ZL2W2_1_1_U                                 | rom_1p        |      |      |      |        | p_ZL2W2_1_1   | auto | 1       | 8, 64, 1         |
|    p_ZL2W2_2_1_U                                 | rom_1p        |      |      |      |        | p_ZL2W2_2_1   | auto | 1       | 7, 64, 1         |
|    p_ZL2W2_3_1_U                                 | rom_1p        |      |      |      |        | p_ZL2W2_3_1   | auto | 1       | 8, 64, 1         |
|    p_ZL2W2_4_1_U                                 | rom_1p        |      |      |      |        | p_ZL2W2_4_1   | auto | 1       | 8, 64, 1         |
|    p_ZL2W2_0_2_U                                 | rom_1p        |      |      |      |        | p_ZL2W2_0_2   | auto | 1       | 8, 64, 1         |
|    p_ZL2W2_1_2_U                                 | rom_1p        |      |      |      |        | p_ZL2W2_1_2   | auto | 1       | 7, 64, 1         |
|    p_ZL2W2_2_2_U                                 | rom_1p        |      |      |      |        | p_ZL2W2_2_2   | auto | 1       | 7, 64, 1         |
|    p_ZL2W2_3_2_U                                 | rom_1p        |      |      |      |        | p_ZL2W2_3_2   | auto | 1       | 8, 64, 1         |
|    p_ZL2W2_4_2_U                                 | rom_1p        |      |      |      |        | p_ZL2W2_4_2   | auto | 1       | 8, 64, 1         |
|    p_ZL2W2_0_3_U                                 | rom_1p        |      |      |      |        | p_ZL2W2_0_3   | auto | 1       | 8, 64, 1         |
|    p_ZL2W2_1_3_U                                 | rom_1p        |      |      |      |        | p_ZL2W2_1_3   | auto | 1       | 8, 64, 1         |
|    p_ZL2W2_2_3_U                                 | rom_1p        |      |      |      |        | p_ZL2W2_2_3   | auto | 1       | 7, 64, 1         |
|    p_ZL2W2_3_3_U                                 | rom_1p        |      |      |      |        | p_ZL2W2_3_3   | auto | 1       | 7, 64, 1         |
|    p_ZL2W2_4_3_U                                 | rom_1p        |      |      |      |        | p_ZL2W2_4_3   | auto | 1       | 7, 64, 1         |
|    p_ZL2W2_0_4_U                                 | rom_1p        |      |      |      |        | p_ZL2W2_0_4   | auto | 1       | 8, 64, 1         |
|    p_ZL2W2_1_4_U                                 | rom_1p        |      |      |      |        | p_ZL2W2_1_4   | auto | 1       | 7, 64, 1         |
|    p_ZL2W2_2_4_U                                 | rom_1p        |      |      |      |        | p_ZL2W2_2_4   | auto | 1       | 7, 64, 1         |
|    p_ZL2W2_3_4_U                                 | rom_1p        |      |      |      |        | p_ZL2W2_3_4   | auto | 1       | 7, 64, 1         |
|    p_ZL2W2_4_4_U                                 | rom_1p        |      |      |      |        | p_ZL2W2_4_4   | auto | 1       | 7, 64, 1         |
|    p_ZL2W2_0_5_U                                 | rom_1p        |      |      |      |        | p_ZL2W2_0_5   | auto | 1       | 7, 64, 1         |
|    p_ZL2W2_1_5_U                                 | rom_1p        |      |      |      |        | p_ZL2W2_1_5   | auto | 1       | 7, 64, 1         |
|    p_ZL2W2_2_5_U                                 | rom_1p        |      |      |      |        | p_ZL2W2_2_5   | auto | 1       | 7, 64, 1         |
|    p_ZL2W2_3_5_U                                 | rom_1p        |      |      |      |        | p_ZL2W2_3_5   | auto | 1       | 7, 64, 1         |
|    p_ZL2W2_4_5_U                                 | rom_1p        |      |      |      |        | p_ZL2W2_4_5   | auto | 1       | 8, 64, 1         |
|    p_ZL2W2_0_6_U                                 | rom_1p        |      |      |      |        | p_ZL2W2_0_6   | auto | 1       | 7, 64, 1         |
|    p_ZL2W2_1_6_U                                 | rom_1p        |      |      |      |        | p_ZL2W2_1_6   | auto | 1       | 8, 64, 1         |
|    p_ZL2W2_2_6_U                                 | rom_1p        |      |      |      |        | p_ZL2W2_2_6   | auto | 1       | 7, 64, 1         |
|    p_ZL2W2_3_6_U                                 | rom_1p        |      |      |      |        | p_ZL2W2_3_6   | auto | 1       | 8, 64, 1         |
|    p_ZL2W2_4_6_U                                 | rom_1p        |      |      |      |        | p_ZL2W2_4_6   | auto | 1       | 8, 64, 1         |
|    p_ZL2W2_0_7_U                                 | rom_1p        |      |      |      |        | p_ZL2W2_0_7   | auto | 1       | 8, 64, 1         |
|    p_ZL2W2_1_7_U                                 | rom_1p        |      |      |      |        | p_ZL2W2_1_7   | auto | 1       | 8, 64, 1         |
|    p_ZL2W2_2_7_U                                 | rom_1p        |      |      |      |        | p_ZL2W2_2_7   | auto | 1       | 7, 64, 1         |
|    p_ZL2W2_3_7_U                                 | rom_1p        |      |      |      |        | p_ZL2W2_3_7   | auto | 1       | 7, 64, 1         |
|    p_ZL2W2_4_7_U                                 | rom_1p        |      |      |      |        | p_ZL2W2_4_7   | auto | 1       | 7, 64, 1         |
|    p_ZL2W2_0_8_U                                 | rom_1p        |      |      |      |        | p_ZL2W2_0_8   | auto | 1       | 7, 64, 1         |
|    p_ZL2W2_1_8_U                                 | rom_1p        |      |      |      |        | p_ZL2W2_1_8   | auto | 1       | 7, 64, 1         |
|    p_ZL2W2_2_8_U                                 | rom_1p        |      |      |      |        | p_ZL2W2_2_8   | auto | 1       | 7, 64, 1         |
|    p_ZL2W2_3_8_U                                 | rom_1p        |      |      |      |        | p_ZL2W2_3_8   | auto | 1       | 8, 64, 1         |
|    p_ZL2W2_4_8_U                                 | rom_1p        |      |      |      |        | p_ZL2W2_4_8   | auto | 1       | 7, 64, 1         |
|    p_ZL2W2_0_9_U                                 | rom_1p        |      |      |      |        | p_ZL2W2_0_9   | auto | 1       | 8, 64, 1         |
|    p_ZL2W2_1_9_U                                 | rom_1p        |      |      |      |        | p_ZL2W2_1_9   | auto | 1       | 8, 64, 1         |
|    p_ZL2W2_2_9_U                                 | rom_1p        |      |      |      |        | p_ZL2W2_2_9   | auto | 1       | 7, 64, 1         |
|    p_ZL2W2_3_9_U                                 | rom_1p        |      |      |      |        | p_ZL2W2_3_9   | auto | 1       | 8, 64, 1         |
|    p_ZL2W2_4_9_U                                 | rom_1p        |      |      |      |        | p_ZL2W2_4_9   | auto | 1       | 8, 64, 1         |
|    p_ZL2W2_0_10_U                                | rom_1p        |      |      |      |        | p_ZL2W2_0_10  | auto | 1       | 8, 64, 1         |
|    p_ZL2W2_1_10_U                                | rom_1p        |      |      |      |        | p_ZL2W2_1_10  | auto | 1       | 7, 64, 1         |
|    p_ZL2W2_2_10_U                                | rom_1p        |      |      |      |        | p_ZL2W2_2_10  | auto | 1       | 8, 64, 1         |
|    p_ZL2W2_3_10_U                                | rom_1p        |      |      |      |        | p_ZL2W2_3_10  | auto | 1       | 8, 64, 1         |
|    p_ZL2W2_4_10_U                                | rom_1p        |      |      |      |        | p_ZL2W2_4_10  | auto | 1       | 7, 64, 1         |
|    p_ZL2W2_0_11_U                                | rom_1p        |      |      |      |        | p_ZL2W2_0_11  | auto | 1       | 8, 64, 1         |
|    p_ZL2W2_1_11_U                                | rom_1p        |      |      |      |        | p_ZL2W2_1_11  | auto | 1       | 8, 64, 1         |
|    p_ZL2W2_2_11_U                                | rom_1p        |      |      |      |        | p_ZL2W2_2_11  | auto | 1       | 8, 64, 1         |
|    p_ZL2W2_3_11_U                                | rom_1p        |      |      |      |        | p_ZL2W2_3_11  | auto | 1       | 8, 64, 1         |
|    p_ZL2W2_4_11_U                                | rom_1p        |      |      |      |        | p_ZL2W2_4_11  | auto | 1       | 7, 64, 1         |
|    p_ZL2W2_0_12_U                                | rom_1p        |      |      |      |        | p_ZL2W2_0_12  | auto | 1       | 8, 64, 1         |
|    p_ZL2W2_1_12_U                                | rom_1p        |      |      |      |        | p_ZL2W2_1_12  | auto | 1       | 7, 64, 1         |
|    p_ZL2W2_2_12_U                                | rom_1p        |      |      |      |        | p_ZL2W2_2_12  | auto | 1       | 7, 64, 1         |
|    p_ZL2W2_3_12_U                                | rom_1p        |      |      |      |        | p_ZL2W2_3_12  | auto | 1       | 7, 64, 1         |
|    p_ZL2W2_4_12_U                                | rom_1p        |      |      |      |        | p_ZL2W2_4_12  | auto | 1       | 8, 64, 1         |
|    p_ZL2W2_0_13_U                                | rom_1p        |      |      |      |        | p_ZL2W2_0_13  | auto | 1       | 8, 64, 1         |
|    p_ZL2W2_1_13_U                                | rom_1p        |      |      |      |        | p_ZL2W2_1_13  | auto | 1       | 7, 64, 1         |
|    p_ZL2W2_2_13_U                                | rom_1p        |      |      |      |        | p_ZL2W2_2_13  | auto | 1       | 8, 64, 1         |
|    p_ZL2W2_3_13_U                                | rom_1p        |      |      |      |        | p_ZL2W2_3_13  | auto | 1       | 8, 64, 1         |
|    p_ZL2W2_4_13_U                                | rom_1p        |      |      |      |        | p_ZL2W2_4_13  | auto | 1       | 7, 64, 1         |
|    p_ZL2W2_0_14_U                                | rom_1p        |      |      |      |        | p_ZL2W2_0_14  | auto | 1       | 7, 64, 1         |
|    p_ZL2W2_1_14_U                                | rom_1p        |      |      |      |        | p_ZL2W2_1_14  | auto | 1       | 8, 64, 1         |
|    p_ZL2W2_2_14_U                                | rom_1p        |      |      |      |        | p_ZL2W2_2_14  | auto | 1       | 8, 64, 1         |
|    p_ZL2W2_3_14_U                                | rom_1p        |      |      |      |        | p_ZL2W2_3_14  | auto | 1       | 7, 64, 1         |
|    p_ZL2W2_4_14_U                                | rom_1p        |      |      |      |        | p_ZL2W2_4_14  | auto | 1       | 8, 64, 1         |
|    p_ZL2W2_0_15_U                                | rom_1p        |      |      |      |        | p_ZL2W2_0_15  | auto | 1       | 7, 64, 1         |
|    p_ZL2W2_1_15_U                                | rom_1p        |      |      |      |        | p_ZL2W2_1_15  | auto | 1       | 7, 64, 1         |
|    p_ZL2W2_2_15_U                                | rom_1p        |      |      |      |        | p_ZL2W2_2_15  | auto | 1       | 7, 64, 1         |
|    p_ZL2W2_3_15_U                                | rom_1p        |      |      |      |        | p_ZL2W2_3_15  | auto | 1       | 7, 64, 1         |
|    p_ZL2W2_4_15_U                                | rom_1p        |      |      |      |        | p_ZL2W2_4_15  | auto | 1       | 7, 64, 1         |
|    p_ZL2W2_0_16_U                                | rom_1p        |      |      |      |        | p_ZL2W2_0_16  | auto | 1       | 8, 64, 1         |
|    p_ZL2W2_1_16_U                                | rom_1p        |      |      |      |        | p_ZL2W2_1_16  | auto | 1       | 8, 64, 1         |
|    p_ZL2W2_2_16_U                                | rom_1p        |      |      |      |        | p_ZL2W2_2_16  | auto | 1       | 7, 64, 1         |
|    p_ZL2W2_3_16_U                                | rom_1p        |      |      |      |        | p_ZL2W2_3_16  | auto | 1       | 7, 64, 1         |
|    p_ZL2W2_4_16_U                                | rom_1p        |      |      |      |        | p_ZL2W2_4_16  | auto | 1       | 8, 64, 1         |
|    p_ZL2W2_0_17_U                                | rom_1p        |      |      |      |        | p_ZL2W2_0_17  | auto | 1       | 8, 64, 1         |
|    p_ZL2W2_1_17_U                                | rom_1p        |      |      |      |        | p_ZL2W2_1_17  | auto | 1       | 7, 64, 1         |
|    p_ZL2W2_2_17_U                                | rom_1p        |      |      |      |        | p_ZL2W2_2_17  | auto | 1       | 7, 64, 1         |
|    p_ZL2W2_3_17_U                                | rom_1p        |      |      |      |        | p_ZL2W2_3_17  | auto | 1       | 8, 64, 1         |
|    p_ZL2W2_4_17_U                                | rom_1p        |      |      |      |        | p_ZL2W2_4_17  | auto | 1       | 7, 64, 1         |
|    p_ZL2W2_0_18_U                                | rom_1p        |      |      |      |        | p_ZL2W2_0_18  | auto | 1       | 8, 64, 1         |
|    p_ZL2W2_1_18_U                                | rom_1p        |      |      |      |        | p_ZL2W2_1_18  | auto | 1       | 8, 64, 1         |
|    p_ZL2W2_2_18_U                                | rom_1p        |      |      |      |        | p_ZL2W2_2_18  | auto | 1       | 7, 64, 1         |
|    p_ZL2W2_3_18_U                                | rom_1p        |      |      |      |        | p_ZL2W2_3_18  | auto | 1       | 7, 64, 1         |
|    p_ZL2W2_4_18_U                                | rom_1p        |      |      |      |        | p_ZL2W2_4_18  | auto | 1       | 7, 64, 1         |
|    p_ZL2W2_0_19_U                                | rom_1p        |      |      |      |        | p_ZL2W2_0_19  | auto | 1       | 8, 64, 1         |
|    p_ZL2W2_1_19_U                                | rom_1p        |      |      |      |        | p_ZL2W2_1_19  | auto | 1       | 7, 64, 1         |
|    p_ZL2W2_2_19_U                                | rom_1p        |      |      |      |        | p_ZL2W2_2_19  | auto | 1       | 7, 64, 1         |
|    p_ZL2W2_3_19_U                                | rom_1p        |      |      |      |        | p_ZL2W2_3_19  | auto | 1       | 8, 64, 1         |
|    p_ZL2W2_4_19_U                                | rom_1p        |      |      |      |        | p_ZL2W2_4_19  | auto | 1       | 8, 64, 1         |
|    p_ZL2W2_0_20_U                                | rom_1p        |      |      |      |        | p_ZL2W2_0_20  | auto | 1       | 8, 64, 1         |
|    p_ZL2W2_1_20_U                                | rom_1p        |      |      |      |        | p_ZL2W2_1_20  | auto | 1       | 8, 64, 1         |
|    p_ZL2W2_2_20_U                                | rom_1p        |      |      |      |        | p_ZL2W2_2_20  | auto | 1       | 8, 64, 1         |
|    p_ZL2W2_3_20_U                                | rom_1p        |      |      |      |        | p_ZL2W2_3_20  | auto | 1       | 8, 64, 1         |
|    p_ZL2W2_4_20_U                                | rom_1p        |      |      |      |        | p_ZL2W2_4_20  | auto | 1       | 8, 64, 1         |
|    p_ZL2W2_0_21_U                                | rom_1p        |      |      |      |        | p_ZL2W2_0_21  | auto | 1       | 7, 64, 1         |
|    p_ZL2W2_1_21_U                                | rom_1p        |      |      |      |        | p_ZL2W2_1_21  | auto | 1       | 7, 64, 1         |
|    p_ZL2W2_2_21_U                                | rom_1p        |      |      |      |        | p_ZL2W2_2_21  | auto | 1       | 7, 64, 1         |
|    p_ZL2W2_3_21_U                                | rom_1p        |      |      |      |        | p_ZL2W2_3_21  | auto | 1       | 7, 64, 1         |
|    p_ZL2W2_4_21_U                                | rom_1p        |      |      |      |        | p_ZL2W2_4_21  | auto | 1       | 8, 64, 1         |
|    p_ZL2W2_0_22_U                                | rom_1p        |      |      |      |        | p_ZL2W2_0_22  | auto | 1       | 8, 64, 1         |
|    p_ZL2W2_1_22_U                                | rom_1p        |      |      |      |        | p_ZL2W2_1_22  | auto | 1       | 8, 64, 1         |
|    p_ZL2W2_2_22_U                                | rom_1p        |      |      |      |        | p_ZL2W2_2_22  | auto | 1       | 8, 64, 1         |
|    p_ZL2W2_3_22_U                                | rom_1p        |      |      |      |        | p_ZL2W2_3_22  | auto | 1       | 7, 64, 1         |
|    p_ZL2W2_4_22_U                                | rom_1p        |      |      |      |        | p_ZL2W2_4_22  | auto | 1       | 8, 64, 1         |
|    p_ZL2W2_0_23_U                                | rom_1p        |      |      |      |        | p_ZL2W2_0_23  | auto | 1       | 8, 64, 1         |
|    p_ZL2W2_1_23_U                                | rom_1p        |      |      |      |        | p_ZL2W2_1_23  | auto | 1       | 7, 64, 1         |
|    p_ZL2W2_2_23_U                                | rom_1p        |      |      |      |        | p_ZL2W2_2_23  | auto | 1       | 8, 64, 1         |
|    p_ZL2W2_3_23_U                                | rom_1p        |      |      |      |        | p_ZL2W2_3_23  | auto | 1       | 7, 64, 1         |
|    p_ZL2W2_4_23_U                                | rom_1p        |      |      |      |        | p_ZL2W2_4_23  | auto | 1       | 7, 64, 1         |
|    p_ZL2W2_0_24_U                                | rom_1p        |      |      |      |        | p_ZL2W2_0_24  | auto | 1       | 8, 64, 1         |
|    p_ZL2W2_1_24_U                                | rom_1p        |      |      |      |        | p_ZL2W2_1_24  | auto | 1       | 7, 64, 1         |
|    p_ZL2W2_2_24_U                                | rom_1p        |      |      |      |        | p_ZL2W2_2_24  | auto | 1       | 7, 64, 1         |
|    p_ZL2W2_3_24_U                                | rom_1p        |      |      |      |        | p_ZL2W2_3_24  | auto | 1       | 7, 64, 1         |
|    p_ZL2W2_4_24_U                                | rom_1p        |      |      |      |        | p_ZL2W2_4_24  | auto | 1       | 8, 64, 1         |
|    p_ZL2W2_0_25_U                                | rom_1p        |      |      |      |        | p_ZL2W2_0_25  | auto | 1       | 7, 64, 1         |
|    p_ZL2W2_1_25_U                                | rom_1p        |      |      |      |        | p_ZL2W2_1_25  | auto | 1       | 7, 64, 1         |
|    p_ZL2W2_2_25_U                                | rom_1p        |      |      |      |        | p_ZL2W2_2_25  | auto | 1       | 7, 64, 1         |
|    p_ZL2W2_3_25_U                                | rom_1p        |      |      |      |        | p_ZL2W2_3_25  | auto | 1       | 8, 64, 1         |
|    p_ZL2W2_4_25_U                                | rom_1p        |      |      |      |        | p_ZL2W2_4_25  | auto | 1       | 7, 64, 1         |
|    p_ZL2W2_0_26_U                                | rom_1p        |      |      |      |        | p_ZL2W2_0_26  | auto | 1       | 7, 64, 1         |
|    p_ZL2W2_1_26_U                                | rom_1p        |      |      |      |        | p_ZL2W2_1_26  | auto | 1       | 7, 64, 1         |
|    p_ZL2W2_2_26_U                                | rom_1p        |      |      |      |        | p_ZL2W2_2_26  | auto | 1       | 7, 64, 1         |
|    p_ZL2W2_3_26_U                                | rom_1p        |      |      |      |        | p_ZL2W2_3_26  | auto | 1       | 7, 64, 1         |
|    p_ZL2W2_4_26_U                                | rom_1p        |      |      |      |        | p_ZL2W2_4_26  | auto | 1       | 7, 64, 1         |
|    p_ZL2W2_0_27_U                                | rom_1p        |      |      |      |        | p_ZL2W2_0_27  | auto | 1       | 7, 64, 1         |
|    p_ZL2W2_1_27_U                                | rom_1p        |      |      |      |        | p_ZL2W2_1_27  | auto | 1       | 7, 64, 1         |
|    p_ZL2W2_2_27_U                                | rom_1p        |      |      |      |        | p_ZL2W2_2_27  | auto | 1       | 7, 64, 1         |
|    p_ZL2W2_3_27_U                                | rom_1p        |      |      |      |        | p_ZL2W2_3_27  | auto | 1       | 8, 64, 1         |
|    p_ZL2W2_4_27_U                                | rom_1p        |      |      |      |        | p_ZL2W2_4_27  | auto | 1       | 8, 64, 1         |
|    p_ZL2W2_0_28_U                                | rom_1p        |      |      |      |        | p_ZL2W2_0_28  | auto | 1       | 8, 64, 1         |
|    p_ZL2W2_1_28_U                                | rom_1p        |      |      |      |        | p_ZL2W2_1_28  | auto | 1       | 8, 64, 1         |
|    p_ZL2W2_2_28_U                                | rom_1p        |      |      |      |        | p_ZL2W2_2_28  | auto | 1       | 7, 64, 1         |
|    p_ZL2W2_3_28_U                                | rom_1p        |      |      |      |        | p_ZL2W2_3_28  | auto | 1       | 8, 64, 1         |
|    p_ZL2W2_4_28_U                                | rom_1p        |      |      |      |        | p_ZL2W2_4_28  | auto | 1       | 7, 64, 1         |
|    p_ZL2W2_0_29_U                                | rom_1p        |      |      |      |        | p_ZL2W2_0_29  | auto | 1       | 8, 64, 1         |
|    p_ZL2W2_1_29_U                                | rom_1p        |      |      |      |        | p_ZL2W2_1_29  | auto | 1       | 7, 64, 1         |
|    p_ZL2W2_2_29_U                                | rom_1p        |      |      |      |        | p_ZL2W2_2_29  | auto | 1       | 7, 64, 1         |
|    p_ZL2W2_3_29_U                                | rom_1p        |      |      |      |        | p_ZL2W2_3_29  | auto | 1       | 8, 64, 1         |
|    p_ZL2W2_4_29_U                                | rom_1p        |      |      |      |        | p_ZL2W2_4_29  | auto | 1       | 8, 64, 1         |
|    p_ZL2W2_0_30_U                                | rom_1p        |      |      |      |        | p_ZL2W2_0_30  | auto | 1       | 7, 64, 1         |
|    p_ZL2W2_1_30_U                                | rom_1p        |      |      |      |        | p_ZL2W2_1_30  | auto | 1       | 7, 64, 1         |
|    p_ZL2W2_2_30_U                                | rom_1p        |      |      |      |        | p_ZL2W2_2_30  | auto | 1       | 7, 64, 1         |
|    p_ZL2W2_3_30_U                                | rom_1p        |      |      |      |        | p_ZL2W2_3_30  | auto | 1       | 7, 64, 1         |
|    p_ZL2W2_4_30_U                                | rom_1p        |      |      |      |        | p_ZL2W2_4_30  | auto | 1       | 8, 64, 1         |
|    p_ZL2W2_0_31_U                                | rom_1p        |      |      |      |        | p_ZL2W2_0_31  | auto | 1       | 8, 64, 1         |
|    p_ZL2W2_1_31_U                                | rom_1p        |      |      |      |        | p_ZL2W2_1_31  | auto | 1       | 7, 64, 1         |
|    p_ZL2W2_2_31_U                                | rom_1p        |      |      |      |        | p_ZL2W2_2_31  | auto | 1       | 7, 64, 1         |
|    p_ZL2W2_3_31_U                                | rom_1p        |      |      |      |        | p_ZL2W2_3_31  | auto | 1       | 7, 64, 1         |
|    p_ZL2W2_4_31_U                                | rom_1p        |      |      |      |        | p_ZL2W2_4_31  | auto | 1       | 8, 64, 1         |
|    p_ZL2W2_0_32_U                                | rom_1p        |      |      |      |        | p_ZL2W2_0_32  | auto | 1       | 7, 64, 1         |
|    p_ZL2W2_1_32_U                                | rom_1p        |      |      |      |        | p_ZL2W2_1_32  | auto | 1       | 7, 64, 1         |
|    p_ZL2W2_2_32_U                                | rom_1p        |      |      |      |        | p_ZL2W2_2_32  | auto | 1       | 7, 64, 1         |
|    p_ZL2W2_3_32_U                                | rom_1p        |      |      |      |        | p_ZL2W2_3_32  | auto | 1       | 7, 64, 1         |
|    p_ZL2W2_4_32_U                                | rom_1p        |      |      |      |        | p_ZL2W2_4_32  | auto | 1       | 8, 64, 1         |
|    p_ZL2W2_0_33_U                                | rom_1p        |      |      |      |        | p_ZL2W2_0_33  | auto | 1       | 8, 64, 1         |
|    p_ZL2W2_1_33_U                                | rom_1p        |      |      |      |        | p_ZL2W2_1_33  | auto | 1       | 8, 64, 1         |
|    p_ZL2W2_2_33_U                                | rom_1p        |      |      |      |        | p_ZL2W2_2_33  | auto | 1       | 8, 64, 1         |
|    p_ZL2W2_3_33_U                                | rom_1p        |      |      |      |        | p_ZL2W2_3_33  | auto | 1       | 8, 64, 1         |
|    p_ZL2W2_4_33_U                                | rom_1p        |      |      |      |        | p_ZL2W2_4_33  | auto | 1       | 8, 64, 1         |
|    p_ZL2W2_0_34_U                                | rom_1p        |      |      |      |        | p_ZL2W2_0_34  | auto | 1       | 8, 64, 1         |
|    p_ZL2W2_1_34_U                                | rom_1p        |      |      |      |        | p_ZL2W2_1_34  | auto | 1       | 8, 64, 1         |
|    p_ZL2W2_2_34_U                                | rom_1p        |      |      |      |        | p_ZL2W2_2_34  | auto | 1       | 7, 64, 1         |
|    p_ZL2W2_3_34_U                                | rom_1p        |      |      |      |        | p_ZL2W2_3_34  | auto | 1       | 8, 64, 1         |
|    p_ZL2W2_4_34_U                                | rom_1p        |      |      |      |        | p_ZL2W2_4_34  | auto | 1       | 7, 64, 1         |
|    p_ZL2W2_0_35_U                                | rom_1p        |      |      |      |        | p_ZL2W2_0_35  | auto | 1       | 7, 64, 1         |
|    p_ZL2W2_1_35_U                                | rom_1p        |      |      |      |        | p_ZL2W2_1_35  | auto | 1       | 8, 64, 1         |
|    p_ZL2W2_2_35_U                                | rom_1p        |      |      |      |        | p_ZL2W2_2_35  | auto | 1       | 8, 64, 1         |
|    p_ZL2W2_3_35_U                                | rom_1p        |      |      |      |        | p_ZL2W2_3_35  | auto | 1       | 8, 64, 1         |
|    p_ZL2W2_4_35_U                                | rom_1p        |      |      |      |        | p_ZL2W2_4_35  | auto | 1       | 8, 64, 1         |
|    p_ZL2W2_0_36_U                                | rom_1p        |      |      |      |        | p_ZL2W2_0_36  | auto | 1       | 7, 64, 1         |
|    p_ZL2W2_1_36_U                                | rom_1p        |      |      |      |        | p_ZL2W2_1_36  | auto | 1       | 7, 64, 1         |
|    p_ZL2W2_2_36_U                                | rom_1p        |      |      |      |        | p_ZL2W2_2_36  | auto | 1       | 8, 64, 1         |
|    p_ZL2W2_3_36_U                                | rom_1p        |      |      |      |        | p_ZL2W2_3_36  | auto | 1       | 7, 64, 1         |
|    p_ZL2W2_4_36_U                                | rom_1p        |      |      |      |        | p_ZL2W2_4_36  | auto | 1       | 8, 64, 1         |
|    p_ZL2W2_0_37_U                                | rom_1p        |      |      |      |        | p_ZL2W2_0_37  | auto | 1       | 8, 64, 1         |
|    p_ZL2W2_1_37_U                                | rom_1p        |      |      |      |        | p_ZL2W2_1_37  | auto | 1       | 8, 64, 1         |
|    p_ZL2W2_2_37_U                                | rom_1p        |      |      |      |        | p_ZL2W2_2_37  | auto | 1       | 8, 64, 1         |
|    p_ZL2W2_3_37_U                                | rom_1p        |      |      |      |        | p_ZL2W2_3_37  | auto | 1       | 7, 64, 1         |
|    p_ZL2W2_4_37_U                                | rom_1p        |      |      |      |        | p_ZL2W2_4_37  | auto | 1       | 8, 64, 1         |
|    p_ZL2W2_0_38_U                                | rom_1p        |      |      |      |        | p_ZL2W2_0_38  | auto | 1       | 8, 64, 1         |
|    p_ZL2W2_1_38_U                                | rom_1p        |      |      |      |        | p_ZL2W2_1_38  | auto | 1       | 8, 64, 1         |
|    p_ZL2W2_2_38_U                                | rom_1p        |      |      |      |        | p_ZL2W2_2_38  | auto | 1       | 8, 64, 1         |
|    p_ZL2W2_3_38_U                                | rom_1p        |      |      |      |        | p_ZL2W2_3_38  | auto | 1       | 7, 64, 1         |
|    p_ZL2W2_4_38_U                                | rom_1p        |      |      |      |        | p_ZL2W2_4_38  | auto | 1       | 8, 64, 1         |
|    p_ZL2W2_0_39_U                                | rom_1p        |      |      |      |        | p_ZL2W2_0_39  | auto | 1       | 7, 64, 1         |
|    p_ZL2W2_1_39_U                                | rom_1p        |      |      |      |        | p_ZL2W2_1_39  | auto | 1       | 8, 64, 1         |
|    p_ZL2W2_2_39_U                                | rom_1p        |      |      |      |        | p_ZL2W2_2_39  | auto | 1       | 8, 64, 1         |
|    p_ZL2W2_3_39_U                                | rom_1p        |      |      |      |        | p_ZL2W2_3_39  | auto | 1       | 8, 64, 1         |
|    p_ZL2W2_4_39_U                                | rom_1p        |      |      |      |        | p_ZL2W2_4_39  | auto | 1       | 8, 64, 1         |
|    p_ZL2W2_0_40_U                                | rom_1p        |      |      |      |        | p_ZL2W2_0_40  | auto | 1       | 7, 64, 1         |
|    p_ZL2W2_1_40_U                                | rom_1p        |      |      |      |        | p_ZL2W2_1_40  | auto | 1       | 7, 64, 1         |
|    p_ZL2W2_2_40_U                                | rom_1p        |      |      |      |        | p_ZL2W2_2_40  | auto | 1       | 7, 64, 1         |
|    p_ZL2W2_3_40_U                                | rom_1p        |      |      |      |        | p_ZL2W2_3_40  | auto | 1       | 7, 64, 1         |
|    p_ZL2W2_4_40_U                                | rom_1p        |      |      |      |        | p_ZL2W2_4_40  | auto | 1       | 8, 64, 1         |
|    p_ZL2W2_0_41_U                                | rom_1p        |      |      |      |        | p_ZL2W2_0_41  | auto | 1       | 8, 64, 1         |
|    p_ZL2W2_1_41_U                                | rom_1p        |      |      |      |        | p_ZL2W2_1_41  | auto | 1       | 7, 64, 1         |
|    p_ZL2W2_2_41_U                                | rom_1p        |      |      |      |        | p_ZL2W2_2_41  | auto | 1       | 7, 64, 1         |
|    p_ZL2W2_3_41_U                                | rom_1p        |      |      |      |        | p_ZL2W2_3_41  | auto | 1       | 7, 64, 1         |
|    p_ZL2W2_4_41_U                                | rom_1p        |      |      |      |        | p_ZL2W2_4_41  | auto | 1       | 7, 64, 1         |
|    p_ZL2W2_0_42_U                                | rom_1p        |      |      |      |        | p_ZL2W2_0_42  | auto | 1       | 7, 64, 1         |
|    p_ZL2W2_1_42_U                                | rom_1p        |      |      |      |        | p_ZL2W2_1_42  | auto | 1       | 7, 64, 1         |
|    p_ZL2W2_2_42_U                                | rom_1p        |      |      |      |        | p_ZL2W2_2_42  | auto | 1       | 7, 64, 1         |
|    p_ZL2W2_3_42_U                                | rom_1p        |      |      |      |        | p_ZL2W2_3_42  | auto | 1       | 7, 64, 1         |
|    p_ZL2W2_4_42_U                                | rom_1p        |      |      |      |        | p_ZL2W2_4_42  | auto | 1       | 7, 64, 1         |
|    p_ZL2W2_0_43_U                                | rom_1p        |      |      |      |        | p_ZL2W2_0_43  | auto | 1       | 7, 64, 1         |
|    p_ZL2W2_1_43_U                                | rom_1p        |      |      |      |        | p_ZL2W2_1_43  | auto | 1       | 7, 64, 1         |
|    p_ZL2W2_2_43_U                                | rom_1p        |      |      |      |        | p_ZL2W2_2_43  | auto | 1       | 7, 64, 1         |
|    p_ZL2W2_3_43_U                                | rom_1p        |      |      |      |        | p_ZL2W2_3_43  | auto | 1       | 8, 64, 1         |
|    p_ZL2W2_4_43_U                                | rom_1p        |      |      |      |        | p_ZL2W2_4_43  | auto | 1       | 8, 64, 1         |
|    p_ZL2W2_0_44_U                                | rom_1p        |      |      |      |        | p_ZL2W2_0_44  | auto | 1       | 8, 64, 1         |
|    p_ZL2W2_1_44_U                                | rom_1p        |      |      |      |        | p_ZL2W2_1_44  | auto | 1       | 8, 64, 1         |
|    p_ZL2W2_2_44_U                                | rom_1p        |      |      |      |        | p_ZL2W2_2_44  | auto | 1       | 7, 64, 1         |
|    p_ZL2W2_3_44_U                                | rom_1p        |      |      |      |        | p_ZL2W2_3_44  | auto | 1       | 8, 64, 1         |
|    p_ZL2W2_4_44_U                                | rom_1p        |      |      |      |        | p_ZL2W2_4_44  | auto | 1       | 7, 64, 1         |
|    p_ZL2W2_0_45_U                                | rom_1p        |      |      |      |        | p_ZL2W2_0_45  | auto | 1       | 8, 64, 1         |
|    p_ZL2W2_1_45_U                                | rom_1p        |      |      |      |        | p_ZL2W2_1_45  | auto | 1       | 7, 64, 1         |
|    p_ZL2W2_2_45_U                                | rom_1p        |      |      |      |        | p_ZL2W2_2_45  | auto | 1       | 8, 64, 1         |
|    p_ZL2W2_3_45_U                                | rom_1p        |      |      |      |        | p_ZL2W2_3_45  | auto | 1       | 7, 64, 1         |
|    p_ZL2W2_4_45_U                                | rom_1p        |      |      |      |        | p_ZL2W2_4_45  | auto | 1       | 7, 64, 1         |
|    p_ZL2W2_0_46_U                                | rom_1p        |      |      |      |        | p_ZL2W2_0_46  | auto | 1       | 7, 64, 1         |
|    p_ZL2W2_1_46_U                                | rom_1p        |      |      |      |        | p_ZL2W2_1_46  | auto | 1       | 7, 64, 1         |
|    p_ZL2W2_2_46_U                                | rom_1p        |      |      |      |        | p_ZL2W2_2_46  | auto | 1       | 7, 64, 1         |
|    p_ZL2W2_3_46_U                                | rom_1p        |      |      |      |        | p_ZL2W2_3_46  | auto | 1       | 7, 64, 1         |
|    p_ZL2W2_4_46_U                                | rom_1p        |      |      |      |        | p_ZL2W2_4_46  | auto | 1       | 7, 64, 1         |
|    p_ZL2W2_0_47_U                                | rom_1p        |      |      |      |        | p_ZL2W2_0_47  | auto | 1       | 8, 64, 1         |
|    p_ZL2W2_1_47_U                                | rom_1p        |      |      |      |        | p_ZL2W2_1_47  | auto | 1       | 8, 64, 1         |
|    p_ZL2W2_2_47_U                                | rom_1p        |      |      |      |        | p_ZL2W2_2_47  | auto | 1       | 8, 64, 1         |
|    p_ZL2W2_3_47_U                                | rom_1p        |      |      |      |        | p_ZL2W2_3_47  | auto | 1       | 8, 64, 1         |
|    p_ZL2W2_4_47_U                                | rom_1p        |      |      |      |        | p_ZL2W2_4_47  | auto | 1       | 8, 64, 1         |
|    p_ZL2W2_0_48_U                                | rom_1p        |      |      |      |        | p_ZL2W2_0_48  | auto | 1       | 8, 64, 1         |
|    p_ZL2W2_1_48_U                                | rom_1p        |      |      |      |        | p_ZL2W2_1_48  | auto | 1       | 8, 64, 1         |
|    p_ZL2W2_2_48_U                                | rom_1p        |      |      |      |        | p_ZL2W2_2_48  | auto | 1       | 8, 64, 1         |
|    p_ZL2W2_3_48_U                                | rom_1p        |      |      |      |        | p_ZL2W2_3_48  | auto | 1       | 8, 64, 1         |
|    p_ZL2W2_4_48_U                                | rom_1p        |      |      |      |        | p_ZL2W2_4_48  | auto | 1       | 8, 64, 1         |
|    p_ZL2W2_0_49_U                                | rom_1p        |      |      |      |        | p_ZL2W2_0_49  | auto | 1       | 7, 64, 1         |
|    p_ZL2W2_1_49_U                                | rom_1p        |      |      |      |        | p_ZL2W2_1_49  | auto | 1       | 7, 64, 1         |
|    p_ZL2W2_2_49_U                                | rom_1p        |      |      |      |        | p_ZL2W2_2_49  | auto | 1       | 7, 64, 1         |
|    p_ZL2W2_3_49_U                                | rom_1p        |      |      |      |        | p_ZL2W2_3_49  | auto | 1       | 7, 64, 1         |
|    p_ZL2W2_4_49_U                                | rom_1p        |      |      |      |        | p_ZL2W2_4_49  | auto | 1       | 7, 64, 1         |
|    p_ZL2W2_0_50_U                                | rom_1p        |      |      |      |        | p_ZL2W2_0_50  | auto | 1       | 7, 64, 1         |
|    p_ZL2W2_1_50_U                                | rom_1p        |      |      |      |        | p_ZL2W2_1_50  | auto | 1       | 8, 64, 1         |
|    p_ZL2W2_2_50_U                                | rom_1p        |      |      |      |        | p_ZL2W2_2_50  | auto | 1       | 7, 64, 1         |
|    p_ZL2W2_3_50_U                                | rom_1p        |      |      |      |        | p_ZL2W2_3_50  | auto | 1       | 8, 64, 1         |
|    p_ZL2W2_4_50_U                                | rom_1p        |      |      |      |        | p_ZL2W2_4_50  | auto | 1       | 8, 64, 1         |
|    p_ZL2W2_0_51_U                                | rom_1p        |      |      |      |        | p_ZL2W2_0_51  | auto | 1       | 8, 64, 1         |
|    p_ZL2W2_1_51_U                                | rom_1p        |      |      |      |        | p_ZL2W2_1_51  | auto | 1       | 8, 64, 1         |
|    p_ZL2W2_2_51_U                                | rom_1p        |      |      |      |        | p_ZL2W2_2_51  | auto | 1       | 8, 64, 1         |
|    p_ZL2W2_3_51_U                                | rom_1p        |      |      |      |        | p_ZL2W2_3_51  | auto | 1       | 7, 64, 1         |
|    p_ZL2W2_4_51_U                                | rom_1p        |      |      |      |        | p_ZL2W2_4_51  | auto | 1       | 8, 64, 1         |
|    p_ZL2W2_0_52_U                                | rom_1p        |      |      |      |        | p_ZL2W2_0_52  | auto | 1       | 8, 64, 1         |
|    p_ZL2W2_1_52_U                                | rom_1p        |      |      |      |        | p_ZL2W2_1_52  | auto | 1       | 7, 64, 1         |
|    p_ZL2W2_2_52_U                                | rom_1p        |      |      |      |        | p_ZL2W2_2_52  | auto | 1       | 8, 64, 1         |
|    p_ZL2W2_3_52_U                                | rom_1p        |      |      |      |        | p_ZL2W2_3_52  | auto | 1       | 7, 64, 1         |
|    p_ZL2W2_4_52_U                                | rom_1p        |      |      |      |        | p_ZL2W2_4_52  | auto | 1       | 7, 64, 1         |
|    p_ZL2W2_0_53_U                                | rom_1p        |      |      |      |        | p_ZL2W2_0_53  | auto | 1       | 7, 64, 1         |
|    p_ZL2W2_1_53_U                                | rom_1p        |      |      |      |        | p_ZL2W2_1_53  | auto | 1       | 8, 64, 1         |
|    p_ZL2W2_2_53_U                                | rom_1p        |      |      |      |        | p_ZL2W2_2_53  | auto | 1       | 7, 64, 1         |
|    p_ZL2W2_3_53_U                                | rom_1p        |      |      |      |        | p_ZL2W2_3_53  | auto | 1       | 8, 64, 1         |
|    p_ZL2W2_4_53_U                                | rom_1p        |      |      |      |        | p_ZL2W2_4_53  | auto | 1       | 7, 64, 1         |
|    p_ZL2W2_0_54_U                                | rom_1p        |      |      |      |        | p_ZL2W2_0_54  | auto | 1       | 8, 64, 1         |
|    p_ZL2W2_1_54_U                                | rom_1p        |      |      |      |        | p_ZL2W2_1_54  | auto | 1       | 7, 64, 1         |
|    p_ZL2W2_2_54_U                                | rom_1p        |      |      |      |        | p_ZL2W2_2_54  | auto | 1       | 8, 64, 1         |
|    p_ZL2W2_3_54_U                                | rom_1p        |      |      |      |        | p_ZL2W2_3_54  | auto | 1       | 8, 64, 1         |
|    p_ZL2W2_4_54_U                                | rom_1p        |      |      |      |        | p_ZL2W2_4_54  | auto | 1       | 8, 64, 1         |
|    p_ZL2W2_0_55_U                                | rom_1p        |      |      |      |        | p_ZL2W2_0_55  | auto | 1       | 7, 64, 1         |
|    p_ZL2W2_1_55_U                                | rom_1p        |      |      |      |        | p_ZL2W2_1_55  | auto | 1       | 7, 64, 1         |
|    p_ZL2W2_2_55_U                                | rom_1p        |      |      |      |        | p_ZL2W2_2_55  | auto | 1       | 7, 64, 1         |
|    p_ZL2W2_3_55_U                                | rom_1p        |      |      |      |        | p_ZL2W2_3_55  | auto | 1       | 7, 64, 1         |
|    p_ZL2W2_4_55_U                                | rom_1p        |      |      |      |        | p_ZL2W2_4_55  | auto | 1       | 8, 64, 1         |
|    p_ZL2W2_0_56_U                                | rom_1p        |      |      |      |        | p_ZL2W2_0_56  | auto | 1       | 7, 64, 1         |
|    p_ZL2W2_1_56_U                                | rom_1p        |      |      |      |        | p_ZL2W2_1_56  | auto | 1       | 7, 64, 1         |
|    p_ZL2W2_2_56_U                                | rom_1p        |      |      |      |        | p_ZL2W2_2_56  | auto | 1       | 7, 64, 1         |
|    p_ZL2W2_3_56_U                                | rom_1p        |      |      |      |        | p_ZL2W2_3_56  | auto | 1       | 7, 64, 1         |
|    p_ZL2W2_4_56_U                                | rom_1p        |      |      |      |        | p_ZL2W2_4_56  | auto | 1       | 7, 64, 1         |
|    p_ZL2W2_0_57_U                                | rom_1p        |      |      |      |        | p_ZL2W2_0_57  | auto | 1       | 8, 64, 1         |
|    p_ZL2W2_1_57_U                                | rom_1p        |      |      |      |        | p_ZL2W2_1_57  | auto | 1       | 7, 64, 1         |
|    p_ZL2W2_2_57_U                                | rom_1p        |      |      |      |        | p_ZL2W2_2_57  | auto | 1       | 7, 64, 1         |
|    p_ZL2W2_3_57_U                                | rom_1p        |      |      |      |        | p_ZL2W2_3_57  | auto | 1       | 7, 64, 1         |
|    p_ZL2W2_4_57_U                                | rom_1p        |      |      |      |        | p_ZL2W2_4_57  | auto | 1       | 7, 64, 1         |
|    p_ZL2W2_0_58_U                                | rom_1p        |      |      |      |        | p_ZL2W2_0_58  | auto | 1       | 7, 64, 1         |
|    p_ZL2W2_1_58_U                                | rom_1p        |      |      |      |        | p_ZL2W2_1_58  | auto | 1       | 7, 64, 1         |
|    p_ZL2W2_2_58_U                                | rom_1p        |      |      |      |        | p_ZL2W2_2_58  | auto | 1       | 7, 64, 1         |
|    p_ZL2W2_3_58_U                                | rom_1p        |      |      |      |        | p_ZL2W2_3_58  | auto | 1       | 7, 64, 1         |
|    p_ZL2W2_4_58_U                                | rom_1p        |      |      |      |        | p_ZL2W2_4_58  | auto | 1       | 8, 64, 1         |
|    p_ZL2W2_0_59_U                                | rom_1p        |      |      |      |        | p_ZL2W2_0_59  | auto | 1       | 7, 64, 1         |
|    p_ZL2W2_1_59_U                                | rom_1p        |      |      |      |        | p_ZL2W2_1_59  | auto | 1       | 8, 64, 1         |
|    p_ZL2W2_2_59_U                                | rom_1p        |      |      |      |        | p_ZL2W2_2_59  | auto | 1       | 7, 64, 1         |
|    p_ZL2W2_3_59_U                                | rom_1p        |      |      |      |        | p_ZL2W2_3_59  | auto | 1       | 7, 64, 1         |
|    p_ZL2W2_4_59_U                                | rom_1p        |      |      |      |        | p_ZL2W2_4_59  | auto | 1       | 7, 64, 1         |
|    p_ZL2W2_0_60_U                                | rom_1p        |      |      |      |        | p_ZL2W2_0_60  | auto | 1       | 8, 64, 1         |
|    p_ZL2W2_1_60_U                                | rom_1p        |      |      |      |        | p_ZL2W2_1_60  | auto | 1       | 7, 64, 1         |
|    p_ZL2W2_2_60_U                                | rom_1p        |      |      |      |        | p_ZL2W2_2_60  | auto | 1       | 7, 64, 1         |
|    p_ZL2W2_3_60_U                                | rom_1p        |      |      |      |        | p_ZL2W2_3_60  | auto | 1       | 7, 64, 1         |
|    p_ZL2W2_4_60_U                                | rom_1p        |      |      |      |        | p_ZL2W2_4_60  | auto | 1       | 7, 64, 1         |
|    p_ZL2W2_0_61_U                                | rom_1p        |      |      |      |        | p_ZL2W2_0_61  | auto | 1       | 7, 64, 1         |
|    p_ZL2W2_1_61_U                                | rom_1p        |      |      |      |        | p_ZL2W2_1_61  | auto | 1       | 8, 64, 1         |
|    p_ZL2W2_2_61_U                                | rom_1p        |      |      |      |        | p_ZL2W2_2_61  | auto | 1       | 8, 64, 1         |
|    p_ZL2W2_3_61_U                                | rom_1p        |      |      |      |        | p_ZL2W2_3_61  | auto | 1       | 8, 64, 1         |
|    p_ZL2W2_4_61_U                                | rom_1p        |      |      |      |        | p_ZL2W2_4_61  | auto | 1       | 8, 64, 1         |
|    p_ZL2W2_0_62_U                                | rom_1p        |      |      |      |        | p_ZL2W2_0_62  | auto | 1       | 8, 64, 1         |
|    p_ZL2W2_1_62_U                                | rom_1p        |      |      |      |        | p_ZL2W2_1_62  | auto | 1       | 8, 64, 1         |
|    p_ZL2W2_2_62_U                                | rom_1p        |      |      |      |        | p_ZL2W2_2_62  | auto | 1       | 8, 64, 1         |
|    p_ZL2W2_3_62_U                                | rom_1p        |      |      |      |        | p_ZL2W2_3_62  | auto | 1       | 8, 64, 1         |
|    p_ZL2W2_4_62_U                                | rom_1p        |      |      |      |        | p_ZL2W2_4_62  | auto | 1       | 8, 64, 1         |
|    p_ZL2W2_0_63_U                                | rom_1p        |      |      |      |        | p_ZL2W2_0_63  | auto | 1       | 8, 64, 1         |
|    p_ZL2W2_1_63_U                                | rom_1p        |      |      |      |        | p_ZL2W2_1_63  | auto | 1       | 7, 64, 1         |
|    p_ZL2W2_2_63_U                                | rom_1p        |      |      |      |        | p_ZL2W2_2_63  | auto | 1       | 7, 64, 1         |
|    p_ZL2W2_3_63_U                                | rom_1p        |      |      |      |        | p_ZL2W2_3_63  | auto | 1       | 8, 64, 1         |
|    p_ZL2W2_4_63_U                                | rom_1p        |      |      |      |        | p_ZL2W2_4_63  | auto | 1       | 8, 64, 1         |
|  + linear_acc_32_128_s                           |               |      | 0    | 0    |        |               |      |         |                  |
|   + linear_acc_32_128_Pipeline_VITIS_LOOP_186_1  |               |      | 0    | 0    |        |               |      |         |                  |
|     p_ZL4Wse0_0_U                                | rom_1p        |      |      |      |        | p_ZL4Wse0_0   | auto | 1       | 8, 32, 1         |
|     p_ZL4Wse0_1_U                                | rom_1p        |      |      |      |        | p_ZL4Wse0_1   | auto | 1       | 7, 32, 1         |
|     p_ZL4Wse0_2_U                                | rom_1p        |      |      |      |        | p_ZL4Wse0_2   | auto | 1       | 7, 32, 1         |
|     p_ZL4Wse0_3_U                                | rom_1p        |      |      |      |        | p_ZL4Wse0_3   | auto | 1       | 8, 32, 1         |
|     p_ZL4Wse0_4_U                                | rom_1p        |      |      |      |        | p_ZL4Wse0_4   | auto | 1       | 7, 32, 1         |
|     p_ZL4Wse0_5_U                                | rom_1p        |      |      |      |        | p_ZL4Wse0_5   | auto | 1       | 7, 32, 1         |
|     p_ZL4Wse0_6_U                                | rom_1p        |      |      |      |        | p_ZL4Wse0_6   | auto | 1       | 7, 32, 1         |
|     p_ZL4Wse0_7_U                                | rom_1p        |      |      |      |        | p_ZL4Wse0_7   | auto | 1       | 8, 32, 1         |
|     p_ZL4Wse0_8_U                                | rom_1p        |      |      |      |        | p_ZL4Wse0_8   | auto | 1       | 7, 32, 1         |
|     p_ZL4Wse0_9_U                                | rom_1p        |      |      |      |        | p_ZL4Wse0_9   | auto | 1       | 7, 32, 1         |
|     p_ZL4Wse0_10_U                               | rom_1p        |      |      |      |        | p_ZL4Wse0_10  | auto | 1       | 7, 32, 1         |
|     p_ZL4Wse0_11_U                               | rom_1p        |      |      |      |        | p_ZL4Wse0_11  | auto | 1       | 7, 32, 1         |
|     p_ZL4Wse0_12_U                               | rom_1p        |      |      |      |        | p_ZL4Wse0_12  | auto | 1       | 7, 32, 1         |
|     p_ZL4Wse0_13_U                               | rom_1p        |      |      |      |        | p_ZL4Wse0_13  | auto | 1       | 7, 32, 1         |
|     p_ZL4Wse0_14_U                               | rom_1p        |      |      |      |        | p_ZL4Wse0_14  | auto | 1       | 7, 32, 1         |
|     p_ZL4Wse0_15_U                               | rom_1p        |      |      |      |        | p_ZL4Wse0_15  | auto | 1       | 8, 32, 1         |
|     p_ZL4Wse0_16_U                               | rom_1p        |      |      |      |        | p_ZL4Wse0_16  | auto | 1       | 7, 32, 1         |
|     p_ZL4Wse0_17_U                               | rom_1p        |      |      |      |        | p_ZL4Wse0_17  | auto | 1       | 7, 32, 1         |
|     p_ZL4Wse0_18_U                               | rom_1p        |      |      |      |        | p_ZL4Wse0_18  | auto | 1       | 7, 32, 1         |
|     p_ZL4Wse0_19_U                               | rom_1p        |      |      |      |        | p_ZL4Wse0_19  | auto | 1       | 7, 32, 1         |
|     p_ZL4Wse0_20_U                               | rom_1p        |      |      |      |        | p_ZL4Wse0_20  | auto | 1       | 7, 32, 1         |
|     p_ZL4Wse0_21_U                               | rom_1p        |      |      |      |        | p_ZL4Wse0_21  | auto | 1       | 7, 32, 1         |
|     p_ZL4Wse0_22_U                               | rom_1p        |      |      |      |        | p_ZL4Wse0_22  | auto | 1       | 7, 32, 1         |
|     p_ZL4Wse0_23_U                               | rom_1p        |      |      |      |        | p_ZL4Wse0_23  | auto | 1       | 8, 32, 1         |
|     p_ZL4Wse0_24_U                               | rom_1p        |      |      |      |        | p_ZL4Wse0_24  | auto | 1       | 8, 32, 1         |
|     p_ZL4Wse0_25_U                               | rom_1p        |      |      |      |        | p_ZL4Wse0_25  | auto | 1       | 7, 32, 1         |
|     p_ZL4Wse0_26_U                               | rom_1p        |      |      |      |        | p_ZL4Wse0_26  | auto | 1       | 7, 32, 1         |
|     p_ZL4Wse0_27_U                               | rom_1p        |      |      |      |        | p_ZL4Wse0_27  | auto | 1       | 7, 32, 1         |
|     p_ZL4Wse0_28_U                               | rom_1p        |      |      |      |        | p_ZL4Wse0_28  | auto | 1       | 7, 32, 1         |
|     p_ZL4Wse0_29_U                               | rom_1p        |      |      |      |        | p_ZL4Wse0_29  | auto | 1       | 8, 32, 1         |
|     p_ZL4Wse0_30_U                               | rom_1p        |      |      |      |        | p_ZL4Wse0_30  | auto | 1       | 7, 32, 1         |
|     p_ZL4Wse0_31_U                               | rom_1p        |      |      |      |        | p_ZL4Wse0_31  | auto | 1       | 7, 32, 1         |
|     p_ZL4Wse0_32_U                               | rom_1p        |      |      |      |        | p_ZL4Wse0_32  | auto | 1       | 7, 32, 1         |
|     p_ZL4Wse0_33_U                               | rom_1p        |      |      |      |        | p_ZL4Wse0_33  | auto | 1       | 7, 32, 1         |
|     p_ZL4Wse0_34_U                               | rom_1p        |      |      |      |        | p_ZL4Wse0_34  | auto | 1       | 7, 32, 1         |
|     p_ZL4Wse0_35_U                               | rom_1p        |      |      |      |        | p_ZL4Wse0_35  | auto | 1       | 7, 32, 1         |
|     p_ZL4Wse0_36_U                               | rom_1p        |      |      |      |        | p_ZL4Wse0_36  | auto | 1       | 7, 32, 1         |
|     p_ZL4Wse0_37_U                               | rom_1p        |      |      |      |        | p_ZL4Wse0_37  | auto | 1       | 8, 32, 1         |
|     p_ZL4Wse0_38_U                               | rom_1p        |      |      |      |        | p_ZL4Wse0_38  | auto | 1       | 7, 32, 1         |
|     p_ZL4Wse0_39_U                               | rom_1p        |      |      |      |        | p_ZL4Wse0_39  | auto | 1       | 7, 32, 1         |
|     p_ZL4Wse0_40_U                               | rom_1p        |      |      |      |        | p_ZL4Wse0_40  | auto | 1       | 7, 32, 1         |
|     p_ZL4Wse0_41_U                               | rom_1p        |      |      |      |        | p_ZL4Wse0_41  | auto | 1       | 7, 32, 1         |
|     p_ZL4Wse0_42_U                               | rom_1p        |      |      |      |        | p_ZL4Wse0_42  | auto | 1       | 7, 32, 1         |
|     p_ZL4Wse0_43_U                               | rom_1p        |      |      |      |        | p_ZL4Wse0_43  | auto | 1       | 7, 32, 1         |
|     p_ZL4Wse0_44_U                               | rom_1p        |      |      |      |        | p_ZL4Wse0_44  | auto | 1       | 7, 32, 1         |
|     p_ZL4Wse0_45_U                               | rom_1p        |      |      |      |        | p_ZL4Wse0_45  | auto | 1       | 7, 32, 1         |
|     p_ZL4Wse0_46_U                               | rom_1p        |      |      |      |        | p_ZL4Wse0_46  | auto | 1       | 7, 32, 1         |
|     p_ZL4Wse0_47_U                               | rom_1p        |      |      |      |        | p_ZL4Wse0_47  | auto | 1       | 7, 32, 1         |
|     p_ZL4Wse0_48_U                               | rom_1p        |      |      |      |        | p_ZL4Wse0_48  | auto | 1       | 6, 32, 1         |
|     p_ZL4Wse0_49_U                               | rom_1p        |      |      |      |        | p_ZL4Wse0_49  | auto | 1       | 7, 32, 1         |
|     p_ZL4Wse0_50_U                               | rom_1p        |      |      |      |        | p_ZL4Wse0_50  | auto | 1       | 7, 32, 1         |
|     p_ZL4Wse0_51_U                               | rom_1p        |      |      |      |        | p_ZL4Wse0_51  | auto | 1       | 8, 32, 1         |
|     p_ZL4Wse0_52_U                               | rom_1p        |      |      |      |        | p_ZL4Wse0_52  | auto | 1       | 7, 32, 1         |
|     p_ZL4Wse0_53_U                               | rom_1p        |      |      |      |        | p_ZL4Wse0_53  | auto | 1       | 8, 32, 1         |
|     p_ZL4Wse0_54_U                               | rom_1p        |      |      |      |        | p_ZL4Wse0_54  | auto | 1       | 8, 32, 1         |
|     p_ZL4Wse0_55_U                               | rom_1p        |      |      |      |        | p_ZL4Wse0_55  | auto | 1       | 7, 32, 1         |
|     p_ZL4Wse0_56_U                               | rom_1p        |      |      |      |        | p_ZL4Wse0_56  | auto | 1       | 7, 32, 1         |
|     p_ZL4Wse0_57_U                               | rom_1p        |      |      |      |        | p_ZL4Wse0_57  | auto | 1       | 7, 32, 1         |
|     p_ZL4Wse0_58_U                               | rom_1p        |      |      |      |        | p_ZL4Wse0_58  | auto | 1       | 8, 32, 1         |
|     p_ZL4Wse0_59_U                               | rom_1p        |      |      |      |        | p_ZL4Wse0_59  | auto | 1       | 7, 32, 1         |
|     p_ZL4Wse0_60_U                               | rom_1p        |      |      |      |        | p_ZL4Wse0_60  | auto | 1       | 8, 32, 1         |
|     p_ZL4Wse0_61_U                               | rom_1p        |      |      |      |        | p_ZL4Wse0_61  | auto | 1       | 7, 32, 1         |
|     p_ZL4Wse0_62_U                               | rom_1p        |      |      |      |        | p_ZL4Wse0_62  | auto | 1       | 7, 32, 1         |
|     p_ZL4Wse0_63_U                               | rom_1p        |      |      |      |        | p_ZL4Wse0_63  | auto | 1       | 7, 32, 1         |
|     p_ZL4Wse0_64_U                               | rom_1p        |      |      |      |        | p_ZL4Wse0_64  | auto | 1       | 7, 32, 1         |
|     p_ZL4Wse0_65_U                               | rom_1p        |      |      |      |        | p_ZL4Wse0_65  | auto | 1       | 8, 32, 1         |
|     p_ZL4Wse0_66_U                               | rom_1p        |      |      |      |        | p_ZL4Wse0_66  | auto | 1       | 7, 32, 1         |
|     p_ZL4Wse0_67_U                               | rom_1p        |      |      |      |        | p_ZL4Wse0_67  | auto | 1       | 7, 32, 1         |
|     p_ZL4Wse0_68_U                               | rom_1p        |      |      |      |        | p_ZL4Wse0_68  | auto | 1       | 7, 32, 1         |
|     p_ZL4Wse0_69_U                               | rom_1p        |      |      |      |        | p_ZL4Wse0_69  | auto | 1       | 7, 32, 1         |
|     p_ZL4Wse0_70_U                               | rom_1p        |      |      |      |        | p_ZL4Wse0_70  | auto | 1       | 7, 32, 1         |
|     p_ZL4Wse0_71_U                               | rom_1p        |      |      |      |        | p_ZL4Wse0_71  | auto | 1       | 7, 32, 1         |
|     p_ZL4Wse0_72_U                               | rom_1p        |      |      |      |        | p_ZL4Wse0_72  | auto | 1       | 8, 32, 1         |
|     p_ZL4Wse0_73_U                               | rom_1p        |      |      |      |        | p_ZL4Wse0_73  | auto | 1       | 7, 32, 1         |
|     p_ZL4Wse0_74_U                               | rom_1p        |      |      |      |        | p_ZL4Wse0_74  | auto | 1       | 7, 32, 1         |
|     p_ZL4Wse0_75_U                               | rom_1p        |      |      |      |        | p_ZL4Wse0_75  | auto | 1       | 7, 32, 1         |
|     p_ZL4Wse0_76_U                               | rom_1p        |      |      |      |        | p_ZL4Wse0_76  | auto | 1       | 7, 32, 1         |
|     p_ZL4Wse0_77_U                               | rom_1p        |      |      |      |        | p_ZL4Wse0_77  | auto | 1       | 7, 32, 1         |
|     p_ZL4Wse0_78_U                               | rom_1p        |      |      |      |        | p_ZL4Wse0_78  | auto | 1       | 7, 32, 1         |
|     p_ZL4Wse0_79_U                               | rom_1p        |      |      |      |        | p_ZL4Wse0_79  | auto | 1       | 8, 32, 1         |
|     p_ZL4Wse0_80_U                               | rom_1p        |      |      |      |        | p_ZL4Wse0_80  | auto | 1       | 7, 32, 1         |
|     p_ZL4Wse0_81_U                               | rom_1p        |      |      |      |        | p_ZL4Wse0_81  | auto | 1       | 7, 32, 1         |
|     p_ZL4Wse0_82_U                               | rom_1p        |      |      |      |        | p_ZL4Wse0_82  | auto | 1       | 8, 32, 1         |
|     p_ZL4Wse0_83_U                               | rom_1p        |      |      |      |        | p_ZL4Wse0_83  | auto | 1       | 7, 32, 1         |
|     p_ZL4Wse0_84_U                               | rom_1p        |      |      |      |        | p_ZL4Wse0_84  | auto | 1       | 8, 32, 1         |
|     p_ZL4Wse0_85_U                               | rom_1p        |      |      |      |        | p_ZL4Wse0_85  | auto | 1       | 7, 32, 1         |
|     p_ZL4Wse0_86_U                               | rom_1p        |      |      |      |        | p_ZL4Wse0_86  | auto | 1       | 7, 32, 1         |
|     p_ZL4Wse0_87_U                               | rom_1p        |      |      |      |        | p_ZL4Wse0_87  | auto | 1       | 7, 32, 1         |
|     p_ZL4Wse0_88_U                               | rom_1p        |      |      |      |        | p_ZL4Wse0_88  | auto | 1       | 6, 32, 1         |
|     p_ZL4Wse0_89_U                               | rom_1p        |      |      |      |        | p_ZL4Wse0_89  | auto | 1       | 7, 32, 1         |
|     p_ZL4Wse0_90_U                               | rom_1p        |      |      |      |        | p_ZL4Wse0_90  | auto | 1       | 7, 32, 1         |
|     p_ZL4Wse0_91_U                               | rom_1p        |      |      |      |        | p_ZL4Wse0_91  | auto | 1       | 7, 32, 1         |
|     p_ZL4Wse0_92_U                               | rom_1p        |      |      |      |        | p_ZL4Wse0_92  | auto | 1       | 7, 32, 1         |
|     p_ZL4Wse0_93_U                               | rom_1p        |      |      |      |        | p_ZL4Wse0_93  | auto | 1       | 7, 32, 1         |
|     p_ZL4Wse0_94_U                               | rom_1p        |      |      |      |        | p_ZL4Wse0_94  | auto | 1       | 7, 32, 1         |
|     p_ZL4Wse0_95_U                               | rom_1p        |      |      |      |        | p_ZL4Wse0_95  | auto | 1       | 7, 32, 1         |
|     p_ZL4Wse0_96_U                               | rom_1p        |      |      |      |        | p_ZL4Wse0_96  | auto | 1       | 7, 32, 1         |
|     p_ZL4Wse0_97_U                               | rom_1p        |      |      |      |        | p_ZL4Wse0_97  | auto | 1       | 8, 32, 1         |
|     p_ZL4Wse0_98_U                               | rom_1p        |      |      |      |        | p_ZL4Wse0_98  | auto | 1       | 7, 32, 1         |
|     p_ZL4Wse0_99_U                               | rom_1p        |      |      |      |        | p_ZL4Wse0_99  | auto | 1       | 7, 32, 1         |
|     p_ZL4Wse0_100_U                              | rom_1p        |      |      |      |        | p_ZL4Wse0_100 | auto | 1       | 7, 32, 1         |
|     p_ZL4Wse0_101_U                              | rom_1p        |      |      |      |        | p_ZL4Wse0_101 | auto | 1       | 7, 32, 1         |
|     p_ZL4Wse0_102_U                              | rom_1p        |      |      |      |        | p_ZL4Wse0_102 | auto | 1       | 6, 32, 1         |
|     p_ZL4Wse0_103_U                              | rom_1p        |      |      |      |        | p_ZL4Wse0_103 | auto | 1       | 7, 32, 1         |
|     p_ZL4Wse0_104_U                              | rom_1p        |      |      |      |        | p_ZL4Wse0_104 | auto | 1       | 7, 32, 1         |
|     p_ZL4Wse0_105_U                              | rom_1p        |      |      |      |        | p_ZL4Wse0_105 | auto | 1       | 8, 32, 1         |
|     p_ZL4Wse0_106_U                              | rom_1p        |      |      |      |        | p_ZL4Wse0_106 | auto | 1       | 7, 32, 1         |
|     p_ZL4Wse0_107_U                              | rom_1p        |      |      |      |        | p_ZL4Wse0_107 | auto | 1       | 8, 32, 1         |
|     p_ZL4Wse0_108_U                              | rom_1p        |      |      |      |        | p_ZL4Wse0_108 | auto | 1       | 6, 32, 1         |
|     p_ZL4Wse0_109_U                              | rom_1p        |      |      |      |        | p_ZL4Wse0_109 | auto | 1       | 8, 32, 1         |
|     p_ZL4Wse0_110_U                              | rom_1p        |      |      |      |        | p_ZL4Wse0_110 | auto | 1       | 7, 32, 1         |
|     p_ZL4Wse0_111_U                              | rom_1p        |      |      |      |        | p_ZL4Wse0_111 | auto | 1       | 8, 32, 1         |
|     p_ZL4Wse0_112_U                              | rom_1p        |      |      |      |        | p_ZL4Wse0_112 | auto | 1       | 7, 32, 1         |
|     p_ZL4Wse0_113_U                              | rom_1p        |      |      |      |        | p_ZL4Wse0_113 | auto | 1       | 6, 32, 1         |
|     p_ZL4Wse0_114_U                              | rom_1p        |      |      |      |        | p_ZL4Wse0_114 | auto | 1       | 7, 32, 1         |
|     p_ZL4Wse0_115_U                              | rom_1p        |      |      |      |        | p_ZL4Wse0_115 | auto | 1       | 7, 32, 1         |
|     p_ZL4Wse0_116_U                              | rom_1p        |      |      |      |        | p_ZL4Wse0_116 | auto | 1       | 7, 32, 1         |
|     p_ZL4Wse0_117_U                              | rom_1p        |      |      |      |        | p_ZL4Wse0_117 | auto | 1       | 7, 32, 1         |
|     p_ZL4Wse0_118_U                              | rom_1p        |      |      |      |        | p_ZL4Wse0_118 | auto | 1       | 7, 32, 1         |
|     p_ZL4Wse0_119_U                              | rom_1p        |      |      |      |        | p_ZL4Wse0_119 | auto | 1       | 7, 32, 1         |
|     p_ZL4Wse0_120_U                              | rom_1p        |      |      |      |        | p_ZL4Wse0_120 | auto | 1       | 7, 32, 1         |
|     p_ZL4Wse0_121_U                              | rom_1p        |      |      |      |        | p_ZL4Wse0_121 | auto | 1       | 7, 32, 1         |
|     p_ZL4Wse0_122_U                              | rom_1p        |      |      |      |        | p_ZL4Wse0_122 | auto | 1       | 7, 32, 1         |
|     p_ZL4Wse0_123_U                              | rom_1p        |      |      |      |        | p_ZL4Wse0_123 | auto | 1       | 8, 32, 1         |
|     p_ZL4Wse0_124_U                              | rom_1p        |      |      |      |        | p_ZL4Wse0_124 | auto | 1       | 8, 32, 1         |
|     p_ZL4Wse0_125_U                              | rom_1p        |      |      |      |        | p_ZL4Wse0_125 | auto | 1       | 7, 32, 1         |
|     p_ZL4Wse0_126_U                              | rom_1p        |      |      |      |        | p_ZL4Wse0_126 | auto | 1       | 7, 32, 1         |
|     p_ZL4Wse0_127_U                              | rom_1p        |      |      |      |        | p_ZL4Wse0_127 | auto | 1       | 7, 32, 1         |
|  + linear_acc_128_32_s                           |               |      | 30   | 0    |        |               |      |         |                  |
|   + linear_acc_128_32_Pipeline_VITIS_LOOP_186_1  |               |      | 30   | 0    |        |               |      |         |                  |
|     p_ZL4Wse3_0_U                                | rom_1p        |      | 1    |      |        | p_ZL4Wse3_0   | auto | 1       | 8, 128, 1        |
|     p_ZL4Wse3_1_U                                | rom_1p        |      | 1    |      |        | p_ZL4Wse3_1   | auto | 1       | 8, 128, 1        |
|     p_ZL4Wse3_2_U                                | rom_1p        |      | 1    |      |        | p_ZL4Wse3_2   | auto | 1       | 8, 128, 1        |
|     p_ZL4Wse3_3_U                                | rom_1p        |      | 1    |      |        | p_ZL4Wse3_3   | auto | 1       | 8, 128, 1        |
|     p_ZL4Wse3_4_U                                | rom_1p        |      | 1    |      |        | p_ZL4Wse3_4   | auto | 1       | 8, 128, 1        |
|     p_ZL4Wse3_5_U                                | rom_1p        |      | 1    |      |        | p_ZL4Wse3_5   | auto | 1       | 8, 128, 1        |
|     p_ZL4Wse3_6_U                                | rom_1p        |      | 1    |      |        | p_ZL4Wse3_6   | auto | 1       | 8, 128, 1        |
|     p_ZL4Wse3_7_U                                | rom_1p        |      | 1    |      |        | p_ZL4Wse3_7   | auto | 1       | 8, 128, 1        |
|     p_ZL4Wse3_8_U                                | rom_1p        |      | 1    |      |        | p_ZL4Wse3_8   | auto | 1       | 8, 128, 1        |
|     p_ZL4Wse3_9_U                                | rom_1p        |      | 1    |      |        | p_ZL4Wse3_9   | auto | 1       | 8, 128, 1        |
|     p_ZL4Wse3_10_U                               | rom_1p        |      |      |      |        | p_ZL4Wse3_10  | auto | 1       | 7, 128, 1        |
|     p_ZL4Wse3_11_U                               | rom_1p        |      | 1    |      |        | p_ZL4Wse3_11  | auto | 1       | 8, 128, 1        |
|     p_ZL4Wse3_12_U                               | rom_1p        |      | 1    |      |        | p_ZL4Wse3_12  | auto | 1       | 8, 128, 1        |
|     p_ZL4Wse3_13_U                               | rom_1p        |      | 1    |      |        | p_ZL4Wse3_13  | auto | 1       | 8, 128, 1        |
|     p_ZL4Wse3_14_U                               | rom_1p        |      | 1    |      |        | p_ZL4Wse3_14  | auto | 1       | 8, 128, 1        |
|     p_ZL4Wse3_15_U                               | rom_1p        |      | 1    |      |        | p_ZL4Wse3_15  | auto | 1       | 8, 128, 1        |
|     p_ZL4Wse3_16_U                               | rom_1p        |      | 1    |      |        | p_ZL4Wse3_16  | auto | 1       | 8, 128, 1        |
|     p_ZL4Wse3_17_U                               | rom_1p        |      | 1    |      |        | p_ZL4Wse3_17  | auto | 1       | 8, 128, 1        |
|     p_ZL4Wse3_18_U                               | rom_1p        |      | 1    |      |        | p_ZL4Wse3_18  | auto | 1       | 8, 128, 1        |
|     p_ZL4Wse3_19_U                               | rom_1p        |      | 1    |      |        | p_ZL4Wse3_19  | auto | 1       | 8, 128, 1        |
|     p_ZL4Wse3_20_U                               | rom_1p        |      |      |      |        | p_ZL4Wse3_20  | auto | 1       | 7, 128, 1        |
|     p_ZL4Wse3_21_U                               | rom_1p        |      | 1    |      |        | p_ZL4Wse3_21  | auto | 1       | 8, 128, 1        |
|     p_ZL4Wse3_22_U                               | rom_1p        |      | 1    |      |        | p_ZL4Wse3_22  | auto | 1       | 8, 128, 1        |
|     p_ZL4Wse3_23_U                               | rom_1p        |      | 1    |      |        | p_ZL4Wse3_23  | auto | 1       | 8, 128, 1        |
|     p_ZL4Wse3_24_U                               | rom_1p        |      | 1    |      |        | p_ZL4Wse3_24  | auto | 1       | 8, 128, 1        |
|     p_ZL4Wse3_25_U                               | rom_1p        |      | 1    |      |        | p_ZL4Wse3_25  | auto | 1       | 8, 128, 1        |
|     p_ZL4Wse3_26_U                               | rom_1p        |      | 1    |      |        | p_ZL4Wse3_26  | auto | 1       | 8, 128, 1        |
|     p_ZL4Wse3_27_U                               | rom_1p        |      | 1    |      |        | p_ZL4Wse3_27  | auto | 1       | 8, 128, 1        |
|     p_ZL4Wse3_28_U                               | rom_1p        |      | 1    |      |        | p_ZL4Wse3_28  | auto | 1       | 8, 128, 1        |
|     p_ZL4Wse3_29_U                               | rom_1p        |      | 1    |      |        | p_ZL4Wse3_29  | auto | 1       | 8, 128, 1        |
|     p_ZL4Wse3_30_U                               | rom_1p        |      | 1    |      |        | p_ZL4Wse3_30  | auto | 1       | 8, 128, 1        |
|     p_ZL4Wse3_31_U                               | rom_1p        |      | 1    |      |        | p_ZL4Wse3_31  | auto | 1       | 8, 128, 1        |
|  + awn_forward_Pipeline_VITIS_LOOP_263_9         |               |      | 1    | 0    |        |               |      |         |                  |
|    SIGMOID_LUT_U                                 | rom_1p        |      | 1    |      |        | SIGMOID_LUT   | auto | 1       | 7, 256, 1        |
|  + linear_acc_320_128_s                          |               |      | 129  | 0    |        |               |      |         |                  |
|   + linear_acc_320_128_Pipeline_VITIS_LOOP_186_1 |               |      | 129  | 0    |        |               |      |         |                  |
|     bfc0_U                                       | rom_1p        |      | 1    |      |        | bfc0          | auto | 1       | 5, 320, 1        |
|     p_ZL4Wfc0_0_U                                | rom_1p        |      | 1    |      |        | p_ZL4Wfc0_0   | auto | 1       | 8, 320, 1        |
|     p_ZL4Wfc0_1_U                                | rom_1p        |      | 1    |      |        | p_ZL4Wfc0_1   | auto | 1       | 7, 320, 1        |
|     p_ZL4Wfc0_2_U                                | rom_1p        |      | 1    |      |        | p_ZL4Wfc0_2   | auto | 1       | 8, 320, 1        |
|     p_ZL4Wfc0_3_U                                | rom_1p        |      | 1    |      |        | p_ZL4Wfc0_3   | auto | 1       | 7, 320, 1        |
|     p_ZL4Wfc0_4_U                                | rom_1p        |      | 1    |      |        | p_ZL4Wfc0_4   | auto | 1       | 8, 320, 1        |
|     p_ZL4Wfc0_5_U                                | rom_1p        |      | 1    |      |        | p_ZL4Wfc0_5   | auto | 1       | 8, 320, 1        |
|     p_ZL4Wfc0_6_U                                | rom_1p        |      | 1    |      |        | p_ZL4Wfc0_6   | auto | 1       | 8, 320, 1        |
|     p_ZL4Wfc0_7_U                                | rom_1p        |      | 1    |      |        | p_ZL4Wfc0_7   | auto | 1       | 7, 320, 1        |
|     p_ZL4Wfc0_8_U                                | rom_1p        |      | 1    |      |        | p_ZL4Wfc0_8   | auto | 1       | 7, 320, 1        |
|     p_ZL4Wfc0_9_U                                | rom_1p        |      | 1    |      |        | p_ZL4Wfc0_9   | auto | 1       | 8, 320, 1        |
|     p_ZL4Wfc0_10_U                               | rom_1p        |      | 1    |      |        | p_ZL4Wfc0_10  | auto | 1       | 8, 320, 1        |
|     p_ZL4Wfc0_11_U                               | rom_1p        |      | 1    |      |        | p_ZL4Wfc0_11  | auto | 1       | 7, 320, 1        |
|     p_ZL4Wfc0_12_U                               | rom_1p        |      | 1    |      |        | p_ZL4Wfc0_12  | auto | 1       | 7, 320, 1        |
|     p_ZL4Wfc0_13_U                               | rom_1p        |      | 1    |      |        | p_ZL4Wfc0_13  | auto | 1       | 7, 320, 1        |
|     p_ZL4Wfc0_14_U                               | rom_1p        |      | 1    |      |        | p_ZL4Wfc0_14  | auto | 1       | 8, 320, 1        |
|     p_ZL4Wfc0_15_U                               | rom_1p        |      | 1    |      |        | p_ZL4Wfc0_15  | auto | 1       | 7, 320, 1        |
|     p_ZL4Wfc0_16_U                               | rom_1p        |      | 1    |      |        | p_ZL4Wfc0_16  | auto | 1       | 8, 320, 1        |
|     p_ZL4Wfc0_17_U                               | rom_1p        |      | 1    |      |        | p_ZL4Wfc0_17  | auto | 1       | 7, 320, 1        |
|     p_ZL4Wfc0_18_U                               | rom_1p        |      | 1    |      |        | p_ZL4Wfc0_18  | auto | 1       | 8, 320, 1        |
|     p_ZL4Wfc0_19_U                               | rom_1p        |      | 1    |      |        | p_ZL4Wfc0_19  | auto | 1       | 7, 320, 1        |
|     p_ZL4Wfc0_20_U                               | rom_1p        |      | 1    |      |        | p_ZL4Wfc0_20  | auto | 1       | 7, 320, 1        |
|     p_ZL4Wfc0_21_U                               | rom_1p        |      | 1    |      |        | p_ZL4Wfc0_21  | auto | 1       | 7, 320, 1        |
|     p_ZL4Wfc0_22_U                               | rom_1p        |      | 1    |      |        | p_ZL4Wfc0_22  | auto | 1       | 8, 320, 1        |
|     p_ZL4Wfc0_23_U                               | rom_1p        |      | 1    |      |        | p_ZL4Wfc0_23  | auto | 1       | 8, 320, 1        |
|     p_ZL4Wfc0_24_U                               | rom_1p        |      | 1    |      |        | p_ZL4Wfc0_24  | auto | 1       | 7, 320, 1        |
|     p_ZL4Wfc0_25_U                               | rom_1p        |      | 1    |      |        | p_ZL4Wfc0_25  | auto | 1       | 8, 320, 1        |
|     p_ZL4Wfc0_26_U                               | rom_1p        |      | 1    |      |        | p_ZL4Wfc0_26  | auto | 1       | 8, 320, 1        |
|     p_ZL4Wfc0_27_U                               | rom_1p        |      | 1    |      |        | p_ZL4Wfc0_27  | auto | 1       | 8, 320, 1        |
|     p_ZL4Wfc0_28_U                               | rom_1p        |      | 1    |      |        | p_ZL4Wfc0_28  | auto | 1       | 7, 320, 1        |
|     p_ZL4Wfc0_29_U                               | rom_1p        |      | 1    |      |        | p_ZL4Wfc0_29  | auto | 1       | 7, 320, 1        |
|     p_ZL4Wfc0_30_U                               | rom_1p        |      | 1    |      |        | p_ZL4Wfc0_30  | auto | 1       | 7, 320, 1        |
|     p_ZL4Wfc0_31_U                               | rom_1p        |      | 1    |      |        | p_ZL4Wfc0_31  | auto | 1       | 7, 320, 1        |
|     p_ZL4Wfc0_32_U                               | rom_1p        |      | 1    |      |        | p_ZL4Wfc0_32  | auto | 1       | 7, 320, 1        |
|     p_ZL4Wfc0_33_U                               | rom_1p        |      | 1    |      |        | p_ZL4Wfc0_33  | auto | 1       | 7, 320, 1        |
|     p_ZL4Wfc0_34_U                               | rom_1p        |      | 1    |      |        | p_ZL4Wfc0_34  | auto | 1       | 7, 320, 1        |
|     p_ZL4Wfc0_35_U                               | rom_1p        |      | 1    |      |        | p_ZL4Wfc0_35  | auto | 1       | 7, 320, 1        |
|     p_ZL4Wfc0_36_U                               | rom_1p        |      | 1    |      |        | p_ZL4Wfc0_36  | auto | 1       | 8, 320, 1        |
|     p_ZL4Wfc0_37_U                               | rom_1p        |      | 1    |      |        | p_ZL4Wfc0_37  | auto | 1       | 8, 320, 1        |
|     p_ZL4Wfc0_38_U                               | rom_1p        |      | 1    |      |        | p_ZL4Wfc0_38  | auto | 1       | 8, 320, 1        |
|     p_ZL4Wfc0_39_U                               | rom_1p        |      | 1    |      |        | p_ZL4Wfc0_39  | auto | 1       | 7, 320, 1        |
|     p_ZL4Wfc0_40_U                               | rom_1p        |      | 1    |      |        | p_ZL4Wfc0_40  | auto | 1       | 7, 320, 1        |
|     p_ZL4Wfc0_41_U                               | rom_1p        |      | 1    |      |        | p_ZL4Wfc0_41  | auto | 1       | 7, 320, 1        |
|     p_ZL4Wfc0_42_U                               | rom_1p        |      | 1    |      |        | p_ZL4Wfc0_42  | auto | 1       | 7, 320, 1        |
|     p_ZL4Wfc0_43_U                               | rom_1p        |      | 1    |      |        | p_ZL4Wfc0_43  | auto | 1       | 7, 320, 1        |
|     p_ZL4Wfc0_44_U                               | rom_1p        |      | 1    |      |        | p_ZL4Wfc0_44  | auto | 1       | 7, 320, 1        |
|     p_ZL4Wfc0_45_U                               | rom_1p        |      | 1    |      |        | p_ZL4Wfc0_45  | auto | 1       | 7, 320, 1        |
|     p_ZL4Wfc0_46_U                               | rom_1p        |      | 1    |      |        | p_ZL4Wfc0_46  | auto | 1       | 8, 320, 1        |
|     p_ZL4Wfc0_47_U                               | rom_1p        |      | 1    |      |        | p_ZL4Wfc0_47  | auto | 1       | 7, 320, 1        |
|     p_ZL4Wfc0_48_U                               | rom_1p        |      | 1    |      |        | p_ZL4Wfc0_48  | auto | 1       | 8, 320, 1        |
|     p_ZL4Wfc0_49_U                               | rom_1p        |      | 1    |      |        | p_ZL4Wfc0_49  | auto | 1       | 8, 320, 1        |
|     p_ZL4Wfc0_50_U                               | rom_1p        |      | 1    |      |        | p_ZL4Wfc0_50  | auto | 1       | 8, 320, 1        |
|     p_ZL4Wfc0_51_U                               | rom_1p        |      | 1    |      |        | p_ZL4Wfc0_51  | auto | 1       | 8, 320, 1        |
|     p_ZL4Wfc0_52_U                               | rom_1p        |      | 1    |      |        | p_ZL4Wfc0_52  | auto | 1       | 8, 320, 1        |
|     p_ZL4Wfc0_53_U                               | rom_1p        |      | 1    |      |        | p_ZL4Wfc0_53  | auto | 1       | 8, 320, 1        |
|     p_ZL4Wfc0_54_U                               | rom_1p        |      | 1    |      |        | p_ZL4Wfc0_54  | auto | 1       | 8, 320, 1        |
|     p_ZL4Wfc0_55_U                               | rom_1p        |      | 1    |      |        | p_ZL4Wfc0_55  | auto | 1       | 7, 320, 1        |
|     p_ZL4Wfc0_56_U                               | rom_1p        |      | 1    |      |        | p_ZL4Wfc0_56  | auto | 1       | 7, 320, 1        |
|     p_ZL4Wfc0_57_U                               | rom_1p        |      | 1    |      |        | p_ZL4Wfc0_57  | auto | 1       | 8, 320, 1        |
|     p_ZL4Wfc0_58_U                               | rom_1p        |      | 1    |      |        | p_ZL4Wfc0_58  | auto | 1       | 7, 320, 1        |
|     p_ZL4Wfc0_59_U                               | rom_1p        |      | 1    |      |        | p_ZL4Wfc0_59  | auto | 1       | 8, 320, 1        |
|     p_ZL4Wfc0_60_U                               | rom_1p        |      | 1    |      |        | p_ZL4Wfc0_60  | auto | 1       | 8, 320, 1        |
|     p_ZL4Wfc0_61_U                               | rom_1p        |      | 1    |      |        | p_ZL4Wfc0_61  | auto | 1       | 7, 320, 1        |
|     p_ZL4Wfc0_62_U                               | rom_1p        |      | 1    |      |        | p_ZL4Wfc0_62  | auto | 1       | 7, 320, 1        |
|     p_ZL4Wfc0_63_U                               | rom_1p        |      | 1    |      |        | p_ZL4Wfc0_63  | auto | 1       | 7, 320, 1        |
|     p_ZL4Wfc0_64_U                               | rom_1p        |      | 1    |      |        | p_ZL4Wfc0_64  | auto | 1       | 7, 320, 1        |
|     p_ZL4Wfc0_65_U                               | rom_1p        |      | 1    |      |        | p_ZL4Wfc0_65  | auto | 1       | 8, 320, 1        |
|     p_ZL4Wfc0_66_U                               | rom_1p        |      | 1    |      |        | p_ZL4Wfc0_66  | auto | 1       | 8, 320, 1        |
|     p_ZL4Wfc0_67_U                               | rom_1p        |      | 1    |      |        | p_ZL4Wfc0_67  | auto | 1       | 7, 320, 1        |
|     p_ZL4Wfc0_68_U                               | rom_1p        |      | 1    |      |        | p_ZL4Wfc0_68  | auto | 1       | 8, 320, 1        |
|     p_ZL4Wfc0_69_U                               | rom_1p        |      | 1    |      |        | p_ZL4Wfc0_69  | auto | 1       | 7, 320, 1        |
|     p_ZL4Wfc0_70_U                               | rom_1p        |      | 1    |      |        | p_ZL4Wfc0_70  | auto | 1       | 7, 320, 1        |
|     p_ZL4Wfc0_71_U                               | rom_1p        |      | 1    |      |        | p_ZL4Wfc0_71  | auto | 1       | 8, 320, 1        |
|     p_ZL4Wfc0_72_U                               | rom_1p        |      | 1    |      |        | p_ZL4Wfc0_72  | auto | 1       | 8, 320, 1        |
|     p_ZL4Wfc0_73_U                               | rom_1p        |      | 1    |      |        | p_ZL4Wfc0_73  | auto | 1       | 8, 320, 1        |
|     p_ZL4Wfc0_74_U                               | rom_1p        |      | 1    |      |        | p_ZL4Wfc0_74  | auto | 1       | 7, 320, 1        |
|     p_ZL4Wfc0_75_U                               | rom_1p        |      | 1    |      |        | p_ZL4Wfc0_75  | auto | 1       | 8, 320, 1        |
|     p_ZL4Wfc0_76_U                               | rom_1p        |      | 1    |      |        | p_ZL4Wfc0_76  | auto | 1       | 7, 320, 1        |
|     p_ZL4Wfc0_77_U                               | rom_1p        |      | 1    |      |        | p_ZL4Wfc0_77  | auto | 1       | 8, 320, 1        |
|     p_ZL4Wfc0_78_U                               | rom_1p        |      | 1    |      |        | p_ZL4Wfc0_78  | auto | 1       | 8, 320, 1        |
|     p_ZL4Wfc0_79_U                               | rom_1p        |      | 1    |      |        | p_ZL4Wfc0_79  | auto | 1       | 7, 320, 1        |
|     p_ZL4Wfc0_80_U                               | rom_1p        |      | 1    |      |        | p_ZL4Wfc0_80  | auto | 1       | 7, 320, 1        |
|     p_ZL4Wfc0_81_U                               | rom_1p        |      | 1    |      |        | p_ZL4Wfc0_81  | auto | 1       | 7, 320, 1        |
|     p_ZL4Wfc0_82_U                               | rom_1p        |      | 1    |      |        | p_ZL4Wfc0_82  | auto | 1       | 7, 320, 1        |
|     p_ZL4Wfc0_83_U                               | rom_1p        |      | 1    |      |        | p_ZL4Wfc0_83  | auto | 1       | 8, 320, 1        |
|     p_ZL4Wfc0_84_U                               | rom_1p        |      | 1    |      |        | p_ZL4Wfc0_84  | auto | 1       | 8, 320, 1        |
|     p_ZL4Wfc0_85_U                               | rom_1p        |      | 1    |      |        | p_ZL4Wfc0_85  | auto | 1       | 7, 320, 1        |
|     p_ZL4Wfc0_86_U                               | rom_1p        |      | 1    |      |        | p_ZL4Wfc0_86  | auto | 1       | 8, 320, 1        |
|     p_ZL4Wfc0_87_U                               | rom_1p        |      | 1    |      |        | p_ZL4Wfc0_87  | auto | 1       | 8, 320, 1        |
|     p_ZL4Wfc0_88_U                               | rom_1p        |      | 1    |      |        | p_ZL4Wfc0_88  | auto | 1       | 7, 320, 1        |
|     p_ZL4Wfc0_89_U                               | rom_1p        |      | 1    |      |        | p_ZL4Wfc0_89  | auto | 1       | 8, 320, 1        |
|     p_ZL4Wfc0_90_U                               | rom_1p        |      | 1    |      |        | p_ZL4Wfc0_90  | auto | 1       | 8, 320, 1        |
|     p_ZL4Wfc0_91_U                               | rom_1p        |      | 1    |      |        | p_ZL4Wfc0_91  | auto | 1       | 7, 320, 1        |
|     p_ZL4Wfc0_92_U                               | rom_1p        |      | 1    |      |        | p_ZL4Wfc0_92  | auto | 1       | 7, 320, 1        |
|     p_ZL4Wfc0_93_U                               | rom_1p        |      | 1    |      |        | p_ZL4Wfc0_93  | auto | 1       | 8, 320, 1        |
|     p_ZL4Wfc0_94_U                               | rom_1p        |      | 1    |      |        | p_ZL4Wfc0_94  | auto | 1       | 8, 320, 1        |
|     p_ZL4Wfc0_95_U                               | rom_1p        |      | 1    |      |        | p_ZL4Wfc0_95  | auto | 1       | 8, 320, 1        |
|     p_ZL4Wfc0_96_U                               | rom_1p        |      | 1    |      |        | p_ZL4Wfc0_96  | auto | 1       | 8, 320, 1        |
|     p_ZL4Wfc0_97_U                               | rom_1p        |      | 1    |      |        | p_ZL4Wfc0_97  | auto | 1       | 8, 320, 1        |
|     p_ZL4Wfc0_98_U                               | rom_1p        |      | 1    |      |        | p_ZL4Wfc0_98  | auto | 1       | 7, 320, 1        |
|     p_ZL4Wfc0_99_U                               | rom_1p        |      | 1    |      |        | p_ZL4Wfc0_99  | auto | 1       | 7, 320, 1        |
|     p_ZL4Wfc0_100_U                              | rom_1p        |      | 1    |      |        | p_ZL4Wfc0_100 | auto | 1       | 7, 320, 1        |
|     p_ZL4Wfc0_101_U                              | rom_1p        |      | 1    |      |        | p_ZL4Wfc0_101 | auto | 1       | 8, 320, 1        |
|     p_ZL4Wfc0_102_U                              | rom_1p        |      | 1    |      |        | p_ZL4Wfc0_102 | auto | 1       | 7, 320, 1        |
|     p_ZL4Wfc0_103_U                              | rom_1p        |      | 1    |      |        | p_ZL4Wfc0_103 | auto | 1       | 8, 320, 1        |
|     p_ZL4Wfc0_104_U                              | rom_1p        |      | 1    |      |        | p_ZL4Wfc0_104 | auto | 1       | 8, 320, 1        |
|     p_ZL4Wfc0_105_U                              | rom_1p        |      | 1    |      |        | p_ZL4Wfc0_105 | auto | 1       | 7, 320, 1        |
|     p_ZL4Wfc0_106_U                              | rom_1p        |      | 1    |      |        | p_ZL4Wfc0_106 | auto | 1       | 8, 320, 1        |
|     p_ZL4Wfc0_107_U                              | rom_1p        |      | 1    |      |        | p_ZL4Wfc0_107 | auto | 1       | 7, 320, 1        |
|     p_ZL4Wfc0_108_U                              | rom_1p        |      | 1    |      |        | p_ZL4Wfc0_108 | auto | 1       | 7, 320, 1        |
|     p_ZL4Wfc0_109_U                              | rom_1p        |      | 1    |      |        | p_ZL4Wfc0_109 | auto | 1       | 8, 320, 1        |
|     p_ZL4Wfc0_110_U                              | rom_1p        |      | 1    |      |        | p_ZL4Wfc0_110 | auto | 1       | 7, 320, 1        |
|     p_ZL4Wfc0_111_U                              | rom_1p        |      | 1    |      |        | p_ZL4Wfc0_111 | auto | 1       | 8, 320, 1        |
|     p_ZL4Wfc0_112_U                              | rom_1p        |      | 1    |      |        | p_ZL4Wfc0_112 | auto | 1       | 8, 320, 1        |
|     p_ZL4Wfc0_113_U                              | rom_1p        |      | 1    |      |        | p_ZL4Wfc0_113 | auto | 1       | 8, 320, 1        |
|     p_ZL4Wfc0_114_U                              | rom_1p        |      | 1    |      |        | p_ZL4Wfc0_114 | auto | 1       | 8, 320, 1        |
|     p_ZL4Wfc0_115_U                              | rom_1p        |      | 1    |      |        | p_ZL4Wfc0_115 | auto | 1       | 8, 320, 1        |
|     p_ZL4Wfc0_116_U                              | rom_1p        |      | 1    |      |        | p_ZL4Wfc0_116 | auto | 1       | 8, 320, 1        |
|     p_ZL4Wfc0_117_U                              | rom_1p        |      | 1    |      |        | p_ZL4Wfc0_117 | auto | 1       | 7, 320, 1        |
|     p_ZL4Wfc0_118_U                              | rom_1p        |      | 1    |      |        | p_ZL4Wfc0_118 | auto | 1       | 7, 320, 1        |
|     p_ZL4Wfc0_119_U                              | rom_1p        |      | 1    |      |        | p_ZL4Wfc0_119 | auto | 1       | 7, 320, 1        |
|     p_ZL4Wfc0_120_U                              | rom_1p        |      | 1    |      |        | p_ZL4Wfc0_120 | auto | 1       | 8, 320, 1        |
|     p_ZL4Wfc0_121_U                              | rom_1p        |      | 1    |      |        | p_ZL4Wfc0_121 | auto | 1       | 7, 320, 1        |
|     p_ZL4Wfc0_122_U                              | rom_1p        |      | 1    |      |        | p_ZL4Wfc0_122 | auto | 1       | 7, 320, 1        |
|     p_ZL4Wfc0_123_U                              | rom_1p        |      | 1    |      |        | p_ZL4Wfc0_123 | auto | 1       | 7, 320, 1        |
|     p_ZL4Wfc0_124_U                              | rom_1p        |      | 1    |      |        | p_ZL4Wfc0_124 | auto | 1       | 7, 320, 1        |
|     p_ZL4Wfc0_125_U                              | rom_1p        |      | 1    |      |        | p_ZL4Wfc0_125 | auto | 1       | 8, 320, 1        |
|     p_ZL4Wfc0_126_U                              | rom_1p        |      | 1    |      |        | p_ZL4Wfc0_126 | auto | 1       | 7, 320, 1        |
|     p_ZL4Wfc0_127_U                              | rom_1p        |      | 1    |      |        | p_ZL4Wfc0_127 | auto | 1       | 8, 320, 1        |
|  + linear_acc_11_320_s                           |               |      | 0    | 0    |        |               |      |         |                  |
|   + linear_acc_11_320_Pipeline_VITIS_LOOP_186_1  |               |      | 0    | 0    |        |               |      |         |                  |
|     bfc2_U                                       | rom_1p        |      |      |      |        | bfc2          | auto | 1       | 5, 11, 1         |
|     p_ZL4Wfc2_0_U                                | rom_1p        |      |      |      |        | p_ZL4Wfc2_0   | auto | 1       | 6, 11, 1         |
|     p_ZL4Wfc2_1_U                                | rom_1p        |      |      |      |        | p_ZL4Wfc2_1   | auto | 1       | 7, 11, 1         |
|     p_ZL4Wfc2_2_U                                | rom_1p        |      |      |      |        | p_ZL4Wfc2_2   | auto | 1       | 7, 11, 1         |
|     p_ZL4Wfc2_3_U                                | rom_1p        |      |      |      |        | p_ZL4Wfc2_3   | auto | 1       | 7, 11, 1         |
|     p_ZL4Wfc2_4_U                                | rom_1p        |      |      |      |        | p_ZL4Wfc2_4   | auto | 1       | 7, 11, 1         |
|     p_ZL4Wfc2_5_U                                | rom_1p        |      |      |      |        | p_ZL4Wfc2_5   | auto | 1       | 7, 11, 1         |
|     p_ZL4Wfc2_6_U                                | rom_1p        |      |      |      |        | p_ZL4Wfc2_6   | auto | 1       | 7, 11, 1         |
|     p_ZL4Wfc2_7_U                                | rom_1p        |      |      |      |        | p_ZL4Wfc2_7   | auto | 1       | 7, 11, 1         |
|     p_ZL4Wfc2_8_U                                | rom_1p        |      |      |      |        | p_ZL4Wfc2_8   | auto | 1       | 7, 11, 1         |
|     p_ZL4Wfc2_9_U                                | rom_1p        |      |      |      |        | p_ZL4Wfc2_9   | auto | 1       | 8, 11, 1         |
|     p_ZL4Wfc2_10_U                               | rom_1p        |      |      |      |        | p_ZL4Wfc2_10  | auto | 1       | 7, 11, 1         |
|     p_ZL4Wfc2_11_U                               | rom_1p        |      |      |      |        | p_ZL4Wfc2_11  | auto | 1       | 5, 11, 1         |
|     p_ZL4Wfc2_12_U                               | rom_1p        |      |      |      |        | p_ZL4Wfc2_12  | auto | 1       | 7, 11, 1         |
|     p_ZL4Wfc2_13_U                               | rom_1p        |      |      |      |        | p_ZL4Wfc2_13  | auto | 1       | 8, 11, 1         |
|     p_ZL4Wfc2_14_U                               | rom_1p        |      |      |      |        | p_ZL4Wfc2_14  | auto | 1       | 7, 11, 1         |
|     p_ZL4Wfc2_15_U                               | rom_1p        |      |      |      |        | p_ZL4Wfc2_15  | auto | 1       | 6, 11, 1         |
|     p_ZL4Wfc2_16_U                               | rom_1p        |      |      |      |        | p_ZL4Wfc2_16  | auto | 1       | 7, 11, 1         |
|     p_ZL4Wfc2_17_U                               | rom_1p        |      |      |      |        | p_ZL4Wfc2_17  | auto | 1       | 7, 11, 1         |
|     p_ZL4Wfc2_18_U                               | rom_1p        |      |      |      |        | p_ZL4Wfc2_18  | auto | 1       | 7, 11, 1         |
|     p_ZL4Wfc2_19_U                               | rom_1p        |      |      |      |        | p_ZL4Wfc2_19  | auto | 1       | 7, 11, 1         |
|     p_ZL4Wfc2_20_U                               | rom_1p        |      |      |      |        | p_ZL4Wfc2_20  | auto | 1       | 7, 11, 1         |
|     p_ZL4Wfc2_21_U                               | rom_1p        |      |      |      |        | p_ZL4Wfc2_21  | auto | 1       | 8, 11, 1         |
|     p_ZL4Wfc2_22_U                               | rom_1p        |      |      |      |        | p_ZL4Wfc2_22  | auto | 1       | 7, 11, 1         |
|     p_ZL4Wfc2_23_U                               | rom_1p        |      |      |      |        | p_ZL4Wfc2_23  | auto | 1       | 7, 11, 1         |
|     p_ZL4Wfc2_24_U                               | rom_1p        |      |      |      |        | p_ZL4Wfc2_24  | auto | 1       | 7, 11, 1         |
|     p_ZL4Wfc2_25_U                               | rom_1p        |      |      |      |        | p_ZL4Wfc2_25  | auto | 1       | 6, 11, 1         |
|     p_ZL4Wfc2_26_U                               | rom_1p        |      |      |      |        | p_ZL4Wfc2_26  | auto | 1       | 6, 11, 1         |
|     p_ZL4Wfc2_27_U                               | rom_1p        |      |      |      |        | p_ZL4Wfc2_27  | auto | 1       | 7, 11, 1         |
|     p_ZL4Wfc2_28_U                               | rom_1p        |      |      |      |        | p_ZL4Wfc2_28  | auto | 1       | 8, 11, 1         |
|     p_ZL4Wfc2_29_U                               | rom_1p        |      |      |      |        | p_ZL4Wfc2_29  | auto | 1       | 7, 11, 1         |
|     p_ZL4Wfc2_30_U                               | rom_1p        |      |      |      |        | p_ZL4Wfc2_30  | auto | 1       | 7, 11, 1         |
|     p_ZL4Wfc2_31_U                               | rom_1p        |      |      |      |        | p_ZL4Wfc2_31  | auto | 1       | 7, 11, 1         |
|     p_ZL4Wfc2_32_U                               | rom_1p        |      |      |      |        | p_ZL4Wfc2_32  | auto | 1       | 7, 11, 1         |
|     p_ZL4Wfc2_33_U                               | rom_1p        |      |      |      |        | p_ZL4Wfc2_33  | auto | 1       | 7, 11, 1         |
|     p_ZL4Wfc2_34_U                               | rom_1p        |      |      |      |        | p_ZL4Wfc2_34  | auto | 1       | 8, 11, 1         |
|     p_ZL4Wfc2_35_U                               | rom_1p        |      |      |      |        | p_ZL4Wfc2_35  | auto | 1       | 8, 11, 1         |
|     p_ZL4Wfc2_36_U                               | rom_1p        |      |      |      |        | p_ZL4Wfc2_36  | auto | 1       | 8, 11, 1         |
|     p_ZL4Wfc2_37_U                               | rom_1p        |      |      |      |        | p_ZL4Wfc2_37  | auto | 1       | 8, 11, 1         |
|     p_ZL4Wfc2_38_U                               | rom_1p        |      |      |      |        | p_ZL4Wfc2_38  | auto | 1       | 6, 11, 1         |
|     p_ZL4Wfc2_39_U                               | rom_1p        |      |      |      |        | p_ZL4Wfc2_39  | auto | 1       | 7, 11, 1         |
|     p_ZL4Wfc2_40_U                               | rom_1p        |      |      |      |        | p_ZL4Wfc2_40  | auto | 1       | 8, 11, 1         |
|     p_ZL4Wfc2_41_U                               | rom_1p        |      |      |      |        | p_ZL4Wfc2_41  | auto | 1       | 7, 11, 1         |
|     p_ZL4Wfc2_42_U                               | rom_1p        |      |      |      |        | p_ZL4Wfc2_42  | auto | 1       | 8, 11, 1         |
|     p_ZL4Wfc2_43_U                               | rom_1p        |      |      |      |        | p_ZL4Wfc2_43  | auto | 1       | 8, 11, 1         |
|     p_ZL4Wfc2_44_U                               | rom_1p        |      |      |      |        | p_ZL4Wfc2_44  | auto | 1       | 6, 11, 1         |
|     p_ZL4Wfc2_45_U                               | rom_1p        |      |      |      |        | p_ZL4Wfc2_45  | auto | 1       | 6, 11, 1         |
|     p_ZL4Wfc2_46_U                               | rom_1p        |      |      |      |        | p_ZL4Wfc2_46  | auto | 1       | 7, 11, 1         |
|     p_ZL4Wfc2_47_U                               | rom_1p        |      |      |      |        | p_ZL4Wfc2_47  | auto | 1       | 5, 11, 1         |
|     p_ZL4Wfc2_48_U                               | rom_1p        |      |      |      |        | p_ZL4Wfc2_48  | auto | 1       | 7, 11, 1         |
|     p_ZL4Wfc2_49_U                               | rom_1p        |      |      |      |        | p_ZL4Wfc2_49  | auto | 1       | 6, 11, 1         |
|     p_ZL4Wfc2_50_U                               | rom_1p        |      |      |      |        | p_ZL4Wfc2_50  | auto | 1       | 8, 11, 1         |
|     p_ZL4Wfc2_51_U                               | rom_1p        |      |      |      |        | p_ZL4Wfc2_51  | auto | 1       | 7, 11, 1         |
|     p_ZL4Wfc2_52_U                               | rom_1p        |      |      |      |        | p_ZL4Wfc2_52  | auto | 1       | 6, 11, 1         |
|     p_ZL4Wfc2_53_U                               | rom_1p        |      |      |      |        | p_ZL4Wfc2_53  | auto | 1       | 7, 11, 1         |
|     p_ZL4Wfc2_54_U                               | rom_1p        |      |      |      |        | p_ZL4Wfc2_54  | auto | 1       | 7, 11, 1         |
|     p_ZL4Wfc2_55_U                               | rom_1p        |      |      |      |        | p_ZL4Wfc2_55  | auto | 1       | 7, 11, 1         |
|     p_ZL4Wfc2_56_U                               | rom_1p        |      |      |      |        | p_ZL4Wfc2_56  | auto | 1       | 6, 11, 1         |
|     p_ZL4Wfc2_57_U                               | rom_1p        |      |      |      |        | p_ZL4Wfc2_57  | auto | 1       | 8, 11, 1         |
|     p_ZL4Wfc2_58_U                               | rom_1p        |      |      |      |        | p_ZL4Wfc2_58  | auto | 1       | 6, 11, 1         |
|     p_ZL4Wfc2_59_U                               | rom_1p        |      |      |      |        | p_ZL4Wfc2_59  | auto | 1       | 7, 11, 1         |
|     p_ZL4Wfc2_60_U                               | rom_1p        |      |      |      |        | p_ZL4Wfc2_60  | auto | 1       | 7, 11, 1         |
|     p_ZL4Wfc2_61_U                               | rom_1p        |      |      |      |        | p_ZL4Wfc2_61  | auto | 1       | 7, 11, 1         |
|     p_ZL4Wfc2_62_U                               | rom_1p        |      |      |      |        | p_ZL4Wfc2_62  | auto | 1       | 7, 11, 1         |
|     p_ZL4Wfc2_63_U                               | rom_1p        |      |      |      |        | p_ZL4Wfc2_63  | auto | 1       | 7, 11, 1         |
|     p_ZL4Wfc2_64_U                               | rom_1p        |      |      |      |        | p_ZL4Wfc2_64  | auto | 1       | 6, 11, 1         |
|     p_ZL4Wfc2_65_U                               | rom_1p        |      |      |      |        | p_ZL4Wfc2_65  | auto | 1       | 7, 11, 1         |
|     p_ZL4Wfc2_66_U                               | rom_1p        |      |      |      |        | p_ZL4Wfc2_66  | auto | 1       | 7, 11, 1         |
|     p_ZL4Wfc2_67_U                               | rom_1p        |      |      |      |        | p_ZL4Wfc2_67  | auto | 1       | 7, 11, 1         |
|     p_ZL4Wfc2_68_U                               | rom_1p        |      |      |      |        | p_ZL4Wfc2_68  | auto | 1       | 6, 11, 1         |
|     p_ZL4Wfc2_69_U                               | rom_1p        |      |      |      |        | p_ZL4Wfc2_69  | auto | 1       | 7, 11, 1         |
|     p_ZL4Wfc2_70_U                               | rom_1p        |      |      |      |        | p_ZL4Wfc2_70  | auto | 1       | 7, 11, 1         |
|     p_ZL4Wfc2_71_U                               | rom_1p        |      |      |      |        | p_ZL4Wfc2_71  | auto | 1       | 8, 11, 1         |
|     p_ZL4Wfc2_72_U                               | rom_1p        |      |      |      |        | p_ZL4Wfc2_72  | auto | 1       | 8, 11, 1         |
|     p_ZL4Wfc2_73_U                               | rom_1p        |      |      |      |        | p_ZL4Wfc2_73  | auto | 1       | 8, 11, 1         |
|     p_ZL4Wfc2_74_U                               | rom_1p        |      |      |      |        | p_ZL4Wfc2_74  | auto | 1       | 6, 11, 1         |
|     p_ZL4Wfc2_75_U                               | rom_1p        |      |      |      |        | p_ZL4Wfc2_75  | auto | 1       | 7, 11, 1         |
|     p_ZL4Wfc2_76_U                               | rom_1p        |      |      |      |        | p_ZL4Wfc2_76  | auto | 1       | 7, 11, 1         |
|     p_ZL4Wfc2_77_U                               | rom_1p        |      |      |      |        | p_ZL4Wfc2_77  | auto | 1       | 7, 11, 1         |
|     p_ZL4Wfc2_78_U                               | rom_1p        |      |      |      |        | p_ZL4Wfc2_78  | auto | 1       | 7, 11, 1         |
|     p_ZL4Wfc2_79_U                               | rom_1p        |      |      |      |        | p_ZL4Wfc2_79  | auto | 1       | 8, 11, 1         |
|     p_ZL4Wfc2_80_U                               | rom_1p        |      |      |      |        | p_ZL4Wfc2_80  | auto | 1       | 8, 11, 1         |
|     p_ZL4Wfc2_81_U                               | rom_1p        |      |      |      |        | p_ZL4Wfc2_81  | auto | 1       | 8, 11, 1         |
|     p_ZL4Wfc2_82_U                               | rom_1p        |      |      |      |        | p_ZL4Wfc2_82  | auto | 1       | 6, 11, 1         |
|     p_ZL4Wfc2_83_U                               | rom_1p        |      |      |      |        | p_ZL4Wfc2_83  | auto | 1       | 7, 11, 1         |
|     p_ZL4Wfc2_84_U                               | rom_1p        |      |      |      |        | p_ZL4Wfc2_84  | auto | 1       | 7, 11, 1         |
|     p_ZL4Wfc2_85_U                               | rom_1p        |      |      |      |        | p_ZL4Wfc2_85  | auto | 1       | 7, 11, 1         |
|     p_ZL4Wfc2_86_U                               | rom_1p        |      |      |      |        | p_ZL4Wfc2_86  | auto | 1       | 6, 11, 1         |
|     p_ZL4Wfc2_87_U                               | rom_1p        |      |      |      |        | p_ZL4Wfc2_87  | auto | 1       | 6, 11, 1         |
|     p_ZL4Wfc2_88_U                               | rom_1p        |      |      |      |        | p_ZL4Wfc2_88  | auto | 1       | 7, 11, 1         |
|     p_ZL4Wfc2_89_U                               | rom_1p        |      |      |      |        | p_ZL4Wfc2_89  | auto | 1       | 7, 11, 1         |
|     p_ZL4Wfc2_90_U                               | rom_1p        |      |      |      |        | p_ZL4Wfc2_90  | auto | 1       | 7, 11, 1         |
|     p_ZL4Wfc2_91_U                               | rom_1p        |      |      |      |        | p_ZL4Wfc2_91  | auto | 1       | 8, 11, 1         |
|     p_ZL4Wfc2_92_U                               | rom_1p        |      |      |      |        | p_ZL4Wfc2_92  | auto | 1       | 6, 11, 1         |
|     p_ZL4Wfc2_93_U                               | rom_1p        |      |      |      |        | p_ZL4Wfc2_93  | auto | 1       | 7, 11, 1         |
|     p_ZL4Wfc2_94_U                               | rom_1p        |      |      |      |        | p_ZL4Wfc2_94  | auto | 1       | 8, 11, 1         |
|     p_ZL4Wfc2_95_U                               | rom_1p        |      |      |      |        | p_ZL4Wfc2_95  | auto | 1       | 6, 11, 1         |
|     p_ZL4Wfc2_96_U                               | rom_1p        |      |      |      |        | p_ZL4Wfc2_96  | auto | 1       | 7, 11, 1         |
|     p_ZL4Wfc2_97_U                               | rom_1p        |      |      |      |        | p_ZL4Wfc2_97  | auto | 1       | 7, 11, 1         |
|     p_ZL4Wfc2_98_U                               | rom_1p        |      |      |      |        | p_ZL4Wfc2_98  | auto | 1       | 7, 11, 1         |
|     p_ZL4Wfc2_99_U                               | rom_1p        |      |      |      |        | p_ZL4Wfc2_99  | auto | 1       | 8, 11, 1         |
|     p_ZL4Wfc2_100_U                              | rom_1p        |      |      |      |        | p_ZL4Wfc2_100 | auto | 1       | 7, 11, 1         |
|     p_ZL4Wfc2_101_U                              | rom_1p        |      |      |      |        | p_ZL4Wfc2_101 | auto | 1       | 7, 11, 1         |
|     p_ZL4Wfc2_102_U                              | rom_1p        |      |      |      |        | p_ZL4Wfc2_102 | auto | 1       | 5, 11, 1         |
|     p_ZL4Wfc2_103_U                              | rom_1p        |      |      |      |        | p_ZL4Wfc2_103 | auto | 1       | 6, 11, 1         |
|     p_ZL4Wfc2_104_U                              | rom_1p        |      |      |      |        | p_ZL4Wfc2_104 | auto | 1       | 8, 11, 1         |
|     p_ZL4Wfc2_105_U                              | rom_1p        |      |      |      |        | p_ZL4Wfc2_105 | auto | 1       | 7, 11, 1         |
|     p_ZL4Wfc2_106_U                              | rom_1p        |      |      |      |        | p_ZL4Wfc2_106 | auto | 1       | 8, 11, 1         |
|     p_ZL4Wfc2_107_U                              | rom_1p        |      |      |      |        | p_ZL4Wfc2_107 | auto | 1       | 6, 11, 1         |
|     p_ZL4Wfc2_108_U                              | rom_1p        |      |      |      |        | p_ZL4Wfc2_108 | auto | 1       | 7, 11, 1         |
|     p_ZL4Wfc2_109_U                              | rom_1p        |      |      |      |        | p_ZL4Wfc2_109 | auto | 1       | 7, 11, 1         |
|     p_ZL4Wfc2_110_U                              | rom_1p        |      |      |      |        | p_ZL4Wfc2_110 | auto | 1       | 8, 11, 1         |
|     p_ZL4Wfc2_111_U                              | rom_1p        |      |      |      |        | p_ZL4Wfc2_111 | auto | 1       | 8, 11, 1         |
|     p_ZL4Wfc2_112_U                              | rom_1p        |      |      |      |        | p_ZL4Wfc2_112 | auto | 1       | 7, 11, 1         |
|     p_ZL4Wfc2_113_U                              | rom_1p        |      |      |      |        | p_ZL4Wfc2_113 | auto | 1       | 7, 11, 1         |
|     p_ZL4Wfc2_114_U                              | rom_1p        |      |      |      |        | p_ZL4Wfc2_114 | auto | 1       | 7, 11, 1         |
|     p_ZL4Wfc2_115_U                              | rom_1p        |      |      |      |        | p_ZL4Wfc2_115 | auto | 1       | 6, 11, 1         |
|     p_ZL4Wfc2_116_U                              | rom_1p        |      |      |      |        | p_ZL4Wfc2_116 | auto | 1       | 7, 11, 1         |
|     p_ZL4Wfc2_117_U                              | rom_1p        |      |      |      |        | p_ZL4Wfc2_117 | auto | 1       | 8, 11, 1         |
|     p_ZL4Wfc2_118_U                              | rom_1p        |      |      |      |        | p_ZL4Wfc2_118 | auto | 1       | 7, 11, 1         |
|     p_ZL4Wfc2_119_U                              | rom_1p        |      |      |      |        | p_ZL4Wfc2_119 | auto | 1       | 7, 11, 1         |
|     p_ZL4Wfc2_120_U                              | rom_1p        |      |      |      |        | p_ZL4Wfc2_120 | auto | 1       | 7, 11, 1         |
|     p_ZL4Wfc2_121_U                              | rom_1p        |      |      |      |        | p_ZL4Wfc2_121 | auto | 1       | 7, 11, 1         |
|     p_ZL4Wfc2_122_U                              | rom_1p        |      |      |      |        | p_ZL4Wfc2_122 | auto | 1       | 6, 11, 1         |
|     p_ZL4Wfc2_123_U                              | rom_1p        |      |      |      |        | p_ZL4Wfc2_123 | auto | 1       | 7, 11, 1         |
|     p_ZL4Wfc2_124_U                              | rom_1p        |      |      |      |        | p_ZL4Wfc2_124 | auto | 1       | 8, 11, 1         |
|     p_ZL4Wfc2_125_U                              | rom_1p        |      |      |      |        | p_ZL4Wfc2_125 | auto | 1       | 8, 11, 1         |
|     p_ZL4Wfc2_126_U                              | rom_1p        |      |      |      |        | p_ZL4Wfc2_126 | auto | 1       | 7, 11, 1         |
|     p_ZL4Wfc2_127_U                              | rom_1p        |      |      |      |        | p_ZL4Wfc2_127 | auto | 1       | 6, 11, 1         |
|     p_ZL4Wfc2_128_U                              | rom_1p        |      |      |      |        | p_ZL4Wfc2_128 | auto | 1       | 7, 11, 1         |
|     p_ZL4Wfc2_129_U                              | rom_1p        |      |      |      |        | p_ZL4Wfc2_129 | auto | 1       | 6, 11, 1         |
|     p_ZL4Wfc2_130_U                              | rom_1p        |      |      |      |        | p_ZL4Wfc2_130 | auto | 1       | 7, 11, 1         |
|     p_ZL4Wfc2_131_U                              | rom_1p        |      |      |      |        | p_ZL4Wfc2_131 | auto | 1       | 6, 11, 1         |
|     p_ZL4Wfc2_132_U                              | rom_1p        |      |      |      |        | p_ZL4Wfc2_132 | auto | 1       | 8, 11, 1         |
|     p_ZL4Wfc2_133_U                              | rom_1p        |      |      |      |        | p_ZL4Wfc2_133 | auto | 1       | 8, 11, 1         |
|     p_ZL4Wfc2_134_U                              | rom_1p        |      |      |      |        | p_ZL4Wfc2_134 | auto | 1       | 7, 11, 1         |
|     p_ZL4Wfc2_135_U                              | rom_1p        |      |      |      |        | p_ZL4Wfc2_135 | auto | 1       | 7, 11, 1         |
|     p_ZL4Wfc2_136_U                              | rom_1p        |      |      |      |        | p_ZL4Wfc2_136 | auto | 1       | 7, 11, 1         |
|     p_ZL4Wfc2_137_U                              | rom_1p        |      |      |      |        | p_ZL4Wfc2_137 | auto | 1       | 7, 11, 1         |
|     p_ZL4Wfc2_138_U                              | rom_1p        |      |      |      |        | p_ZL4Wfc2_138 | auto | 1       | 8, 11, 1         |
|     p_ZL4Wfc2_139_U                              | rom_1p        |      |      |      |        | p_ZL4Wfc2_139 | auto | 1       | 7, 11, 1         |
|     p_ZL4Wfc2_140_U                              | rom_1p        |      |      |      |        | p_ZL4Wfc2_140 | auto | 1       | 6, 11, 1         |
|     p_ZL4Wfc2_141_U                              | rom_1p        |      |      |      |        | p_ZL4Wfc2_141 | auto | 1       | 7, 11, 1         |
|     p_ZL4Wfc2_142_U                              | rom_1p        |      |      |      |        | p_ZL4Wfc2_142 | auto | 1       | 6, 11, 1         |
|     p_ZL4Wfc2_143_U                              | rom_1p        |      |      |      |        | p_ZL4Wfc2_143 | auto | 1       | 7, 11, 1         |
|     p_ZL4Wfc2_144_U                              | rom_1p        |      |      |      |        | p_ZL4Wfc2_144 | auto | 1       | 7, 11, 1         |
|     p_ZL4Wfc2_145_U                              | rom_1p        |      |      |      |        | p_ZL4Wfc2_145 | auto | 1       | 7, 11, 1         |
|     p_ZL4Wfc2_146_U                              | rom_1p        |      |      |      |        | p_ZL4Wfc2_146 | auto | 1       | 7, 11, 1         |
|     p_ZL4Wfc2_147_U                              | rom_1p        |      |      |      |        | p_ZL4Wfc2_147 | auto | 1       | 7, 11, 1         |
|     p_ZL4Wfc2_148_U                              | rom_1p        |      |      |      |        | p_ZL4Wfc2_148 | auto | 1       | 6, 11, 1         |
|     p_ZL4Wfc2_149_U                              | rom_1p        |      |      |      |        | p_ZL4Wfc2_149 | auto | 1       | 7, 11, 1         |
|     p_ZL4Wfc2_150_U                              | rom_1p        |      |      |      |        | p_ZL4Wfc2_150 | auto | 1       | 6, 11, 1         |
|     p_ZL4Wfc2_151_U                              | rom_1p        |      |      |      |        | p_ZL4Wfc2_151 | auto | 1       | 7, 11, 1         |
|     p_ZL4Wfc2_152_U                              | rom_1p        |      |      |      |        | p_ZL4Wfc2_152 | auto | 1       | 6, 11, 1         |
|     p_ZL4Wfc2_153_U                              | rom_1p        |      |      |      |        | p_ZL4Wfc2_153 | auto | 1       | 7, 11, 1         |
|     p_ZL4Wfc2_154_U                              | rom_1p        |      |      |      |        | p_ZL4Wfc2_154 | auto | 1       | 8, 11, 1         |
|     p_ZL4Wfc2_155_U                              | rom_1p        |      |      |      |        | p_ZL4Wfc2_155 | auto | 1       | 7, 11, 1         |
|     p_ZL4Wfc2_156_U                              | rom_1p        |      |      |      |        | p_ZL4Wfc2_156 | auto | 1       | 7, 11, 1         |
|     p_ZL4Wfc2_157_U                              | rom_1p        |      |      |      |        | p_ZL4Wfc2_157 | auto | 1       | 8, 11, 1         |
|     p_ZL4Wfc2_158_U                              | rom_1p        |      |      |      |        | p_ZL4Wfc2_158 | auto | 1       | 8, 11, 1         |
|     p_ZL4Wfc2_159_U                              | rom_1p        |      |      |      |        | p_ZL4Wfc2_159 | auto | 1       | 7, 11, 1         |
|     p_ZL4Wfc2_160_U                              | rom_1p        |      |      |      |        | p_ZL4Wfc2_160 | auto | 1       | 8, 11, 1         |
|     p_ZL4Wfc2_161_U                              | rom_1p        |      |      |      |        | p_ZL4Wfc2_161 | auto | 1       | 7, 11, 1         |
|     p_ZL4Wfc2_162_U                              | rom_1p        |      |      |      |        | p_ZL4Wfc2_162 | auto | 1       | 7, 11, 1         |
|     p_ZL4Wfc2_163_U                              | rom_1p        |      |      |      |        | p_ZL4Wfc2_163 | auto | 1       | 7, 11, 1         |
|     p_ZL4Wfc2_164_U                              | rom_1p        |      |      |      |        | p_ZL4Wfc2_164 | auto | 1       | 7, 11, 1         |
|     p_ZL4Wfc2_165_U                              | rom_1p        |      |      |      |        | p_ZL4Wfc2_165 | auto | 1       | 7, 11, 1         |
|     p_ZL4Wfc2_166_U                              | rom_1p        |      |      |      |        | p_ZL4Wfc2_166 | auto | 1       | 7, 11, 1         |
|     p_ZL4Wfc2_167_U                              | rom_1p        |      |      |      |        | p_ZL4Wfc2_167 | auto | 1       | 7, 11, 1         |
|     p_ZL4Wfc2_168_U                              | rom_1p        |      |      |      |        | p_ZL4Wfc2_168 | auto | 1       | 8, 11, 1         |
|     p_ZL4Wfc2_169_U                              | rom_1p        |      |      |      |        | p_ZL4Wfc2_169 | auto | 1       | 8, 11, 1         |
|     p_ZL4Wfc2_170_U                              | rom_1p        |      |      |      |        | p_ZL4Wfc2_170 | auto | 1       | 7, 11, 1         |
|     p_ZL4Wfc2_171_U                              | rom_1p        |      |      |      |        | p_ZL4Wfc2_171 | auto | 1       | 6, 11, 1         |
|     p_ZL4Wfc2_172_U                              | rom_1p        |      |      |      |        | p_ZL4Wfc2_172 | auto | 1       | 6, 11, 1         |
|     p_ZL4Wfc2_173_U                              | rom_1p        |      |      |      |        | p_ZL4Wfc2_173 | auto | 1       | 7, 11, 1         |
|     p_ZL4Wfc2_174_U                              | rom_1p        |      |      |      |        | p_ZL4Wfc2_174 | auto | 1       | 7, 11, 1         |
|     p_ZL4Wfc2_175_U                              | rom_1p        |      |      |      |        | p_ZL4Wfc2_175 | auto | 1       | 7, 11, 1         |
|     p_ZL4Wfc2_176_U                              | rom_1p        |      |      |      |        | p_ZL4Wfc2_176 | auto | 1       | 8, 11, 1         |
|     p_ZL4Wfc2_177_U                              | rom_1p        |      |      |      |        | p_ZL4Wfc2_177 | auto | 1       | 7, 11, 1         |
|     p_ZL4Wfc2_178_U                              | rom_1p        |      |      |      |        | p_ZL4Wfc2_178 | auto | 1       | 8, 11, 1         |
|     p_ZL4Wfc2_179_U                              | rom_1p        |      |      |      |        | p_ZL4Wfc2_179 | auto | 1       | 7, 11, 1         |
|     p_ZL4Wfc2_180_U                              | rom_1p        |      |      |      |        | p_ZL4Wfc2_180 | auto | 1       | 6, 11, 1         |
|     p_ZL4Wfc2_181_U                              | rom_1p        |      |      |      |        | p_ZL4Wfc2_181 | auto | 1       | 7, 11, 1         |
|     p_ZL4Wfc2_182_U                              | rom_1p        |      |      |      |        | p_ZL4Wfc2_182 | auto | 1       | 7, 11, 1         |
|     p_ZL4Wfc2_183_U                              | rom_1p        |      |      |      |        | p_ZL4Wfc2_183 | auto | 1       | 8, 11, 1         |
|     p_ZL4Wfc2_184_U                              | rom_1p        |      |      |      |        | p_ZL4Wfc2_184 | auto | 1       | 8, 11, 1         |
|     p_ZL4Wfc2_185_U                              | rom_1p        |      |      |      |        | p_ZL4Wfc2_185 | auto | 1       | 5, 11, 1         |
|     p_ZL4Wfc2_186_U                              | rom_1p        |      |      |      |        | p_ZL4Wfc2_186 | auto | 1       | 7, 11, 1         |
|     p_ZL4Wfc2_187_U                              | rom_1p        |      |      |      |        | p_ZL4Wfc2_187 | auto | 1       | 8, 11, 1         |
|     p_ZL4Wfc2_188_U                              | rom_1p        |      |      |      |        | p_ZL4Wfc2_188 | auto | 1       | 7, 11, 1         |
|     p_ZL4Wfc2_189_U                              | rom_1p        |      |      |      |        | p_ZL4Wfc2_189 | auto | 1       | 7, 11, 1         |
|     p_ZL4Wfc2_190_U                              | rom_1p        |      |      |      |        | p_ZL4Wfc2_190 | auto | 1       | 7, 11, 1         |
|     p_ZL4Wfc2_191_U                              | rom_1p        |      |      |      |        | p_ZL4Wfc2_191 | auto | 1       | 7, 11, 1         |
|     p_ZL4Wfc2_192_U                              | rom_1p        |      |      |      |        | p_ZL4Wfc2_192 | auto | 1       | 6, 11, 1         |
|     p_ZL4Wfc2_193_U                              | rom_1p        |      |      |      |        | p_ZL4Wfc2_193 | auto | 1       | 7, 11, 1         |
|     p_ZL4Wfc2_194_U                              | rom_1p        |      |      |      |        | p_ZL4Wfc2_194 | auto | 1       | 7, 11, 1         |
|     p_ZL4Wfc2_195_U                              | rom_1p        |      |      |      |        | p_ZL4Wfc2_195 | auto | 1       | 7, 11, 1         |
|     p_ZL4Wfc2_196_U                              | rom_1p        |      |      |      |        | p_ZL4Wfc2_196 | auto | 1       | 7, 11, 1         |
|     p_ZL4Wfc2_197_U                              | rom_1p        |      |      |      |        | p_ZL4Wfc2_197 | auto | 1       | 7, 11, 1         |
|     p_ZL4Wfc2_198_U                              | rom_1p        |      |      |      |        | p_ZL4Wfc2_198 | auto | 1       | 7, 11, 1         |
|     p_ZL4Wfc2_199_U                              | rom_1p        |      |      |      |        | p_ZL4Wfc2_199 | auto | 1       | 7, 11, 1         |
|     p_ZL4Wfc2_200_U                              | rom_1p        |      |      |      |        | p_ZL4Wfc2_200 | auto | 1       | 8, 11, 1         |
|     p_ZL4Wfc2_201_U                              | rom_1p        |      |      |      |        | p_ZL4Wfc2_201 | auto | 1       | 7, 11, 1         |
|     p_ZL4Wfc2_202_U                              | rom_1p        |      |      |      |        | p_ZL4Wfc2_202 | auto | 1       | 7, 11, 1         |
|     p_ZL4Wfc2_203_U                              | rom_1p        |      |      |      |        | p_ZL4Wfc2_203 | auto | 1       | 7, 11, 1         |
|     p_ZL4Wfc2_204_U                              | rom_1p        |      |      |      |        | p_ZL4Wfc2_204 | auto | 1       | 7, 11, 1         |
|     p_ZL4Wfc2_205_U                              | rom_1p        |      |      |      |        | p_ZL4Wfc2_205 | auto | 1       | 6, 11, 1         |
|     p_ZL4Wfc2_206_U                              | rom_1p        |      |      |      |        | p_ZL4Wfc2_206 | auto | 1       | 8, 11, 1         |
|     p_ZL4Wfc2_207_U                              | rom_1p        |      |      |      |        | p_ZL4Wfc2_207 | auto | 1       | 6, 11, 1         |
|     p_ZL4Wfc2_208_U                              | rom_1p        |      |      |      |        | p_ZL4Wfc2_208 | auto | 1       | 8, 11, 1         |
|     p_ZL4Wfc2_209_U                              | rom_1p        |      |      |      |        | p_ZL4Wfc2_209 | auto | 1       | 7, 11, 1         |
|     p_ZL4Wfc2_210_U                              | rom_1p        |      |      |      |        | p_ZL4Wfc2_210 | auto | 1       | 8, 11, 1         |
|     p_ZL4Wfc2_211_U                              | rom_1p        |      |      |      |        | p_ZL4Wfc2_211 | auto | 1       | 7, 11, 1         |
|     p_ZL4Wfc2_212_U                              | rom_1p        |      |      |      |        | p_ZL4Wfc2_212 | auto | 1       | 7, 11, 1         |
|     p_ZL4Wfc2_213_U                              | rom_1p        |      |      |      |        | p_ZL4Wfc2_213 | auto | 1       | 6, 11, 1         |
|     p_ZL4Wfc2_214_U                              | rom_1p        |      |      |      |        | p_ZL4Wfc2_214 | auto | 1       | 7, 11, 1         |
|     p_ZL4Wfc2_215_U                              | rom_1p        |      |      |      |        | p_ZL4Wfc2_215 | auto | 1       | 6, 11, 1         |
|     p_ZL4Wfc2_216_U                              | rom_1p        |      |      |      |        | p_ZL4Wfc2_216 | auto | 1       | 8, 11, 1         |
|     p_ZL4Wfc2_217_U                              | rom_1p        |      |      |      |        | p_ZL4Wfc2_217 | auto | 1       | 6, 11, 1         |
|     p_ZL4Wfc2_218_U                              | rom_1p        |      |      |      |        | p_ZL4Wfc2_218 | auto | 1       | 8, 11, 1         |
|     p_ZL4Wfc2_219_U                              | rom_1p        |      |      |      |        | p_ZL4Wfc2_219 | auto | 1       | 7, 11, 1         |
|     p_ZL4Wfc2_220_U                              | rom_1p        |      |      |      |        | p_ZL4Wfc2_220 | auto | 1       | 7, 11, 1         |
|     p_ZL4Wfc2_221_U                              | rom_1p        |      |      |      |        | p_ZL4Wfc2_221 | auto | 1       | 6, 11, 1         |
|     p_ZL4Wfc2_222_U                              | rom_1p        |      |      |      |        | p_ZL4Wfc2_222 | auto | 1       | 5, 11, 1         |
|     p_ZL4Wfc2_223_U                              | rom_1p        |      |      |      |        | p_ZL4Wfc2_223 | auto | 1       | 7, 11, 1         |
|     p_ZL4Wfc2_224_U                              | rom_1p        |      |      |      |        | p_ZL4Wfc2_224 | auto | 1       | 7, 11, 1         |
|     p_ZL4Wfc2_225_U                              | rom_1p        |      |      |      |        | p_ZL4Wfc2_225 | auto | 1       | 8, 11, 1         |
|     p_ZL4Wfc2_226_U                              | rom_1p        |      |      |      |        | p_ZL4Wfc2_226 | auto | 1       | 8, 11, 1         |
|     p_ZL4Wfc2_227_U                              | rom_1p        |      |      |      |        | p_ZL4Wfc2_227 | auto | 1       | 7, 11, 1         |
|     p_ZL4Wfc2_228_U                              | rom_1p        |      |      |      |        | p_ZL4Wfc2_228 | auto | 1       | 6, 11, 1         |
|     p_ZL4Wfc2_229_U                              | rom_1p        |      |      |      |        | p_ZL4Wfc2_229 | auto | 1       | 7, 11, 1         |
|     p_ZL4Wfc2_230_U                              | rom_1p        |      |      |      |        | p_ZL4Wfc2_230 | auto | 1       | 7, 11, 1         |
|     p_ZL4Wfc2_231_U                              | rom_1p        |      |      |      |        | p_ZL4Wfc2_231 | auto | 1       | 4, 11, 1         |
|     p_ZL4Wfc2_232_U                              | rom_1p        |      |      |      |        | p_ZL4Wfc2_232 | auto | 1       | 7, 11, 1         |
|     p_ZL4Wfc2_233_U                              | rom_1p        |      |      |      |        | p_ZL4Wfc2_233 | auto | 1       | 6, 11, 1         |
|     p_ZL4Wfc2_234_U                              | rom_1p        |      |      |      |        | p_ZL4Wfc2_234 | auto | 1       | 7, 11, 1         |
|     p_ZL4Wfc2_235_U                              | rom_1p        |      |      |      |        | p_ZL4Wfc2_235 | auto | 1       | 8, 11, 1         |
|     p_ZL4Wfc2_236_U                              | rom_1p        |      |      |      |        | p_ZL4Wfc2_236 | auto | 1       | 6, 11, 1         |
|     p_ZL4Wfc2_237_U                              | rom_1p        |      |      |      |        | p_ZL4Wfc2_237 | auto | 1       | 6, 11, 1         |
|     p_ZL4Wfc2_238_U                              | rom_1p        |      |      |      |        | p_ZL4Wfc2_238 | auto | 1       | 8, 11, 1         |
|     p_ZL4Wfc2_239_U                              | rom_1p        |      |      |      |        | p_ZL4Wfc2_239 | auto | 1       | 5, 11, 1         |
|     p_ZL4Wfc2_240_U                              | rom_1p        |      |      |      |        | p_ZL4Wfc2_240 | auto | 1       | 8, 11, 1         |
|     p_ZL4Wfc2_241_U                              | rom_1p        |      |      |      |        | p_ZL4Wfc2_241 | auto | 1       | 6, 11, 1         |
|     p_ZL4Wfc2_242_U                              | rom_1p        |      |      |      |        | p_ZL4Wfc2_242 | auto | 1       | 7, 11, 1         |
|     p_ZL4Wfc2_243_U                              | rom_1p        |      |      |      |        | p_ZL4Wfc2_243 | auto | 1       | 8, 11, 1         |
|     p_ZL4Wfc2_244_U                              | rom_1p        |      |      |      |        | p_ZL4Wfc2_244 | auto | 1       | 6, 11, 1         |
|     p_ZL4Wfc2_245_U                              | rom_1p        |      |      |      |        | p_ZL4Wfc2_245 | auto | 1       | 7, 11, 1         |
|     p_ZL4Wfc2_246_U                              | rom_1p        |      |      |      |        | p_ZL4Wfc2_246 | auto | 1       | 7, 11, 1         |
|     p_ZL4Wfc2_247_U                              | rom_1p        |      |      |      |        | p_ZL4Wfc2_247 | auto | 1       | 7, 11, 1         |
|     p_ZL4Wfc2_248_U                              | rom_1p        |      |      |      |        | p_ZL4Wfc2_248 | auto | 1       | 7, 11, 1         |
|     p_ZL4Wfc2_249_U                              | rom_1p        |      |      |      |        | p_ZL4Wfc2_249 | auto | 1       | 7, 11, 1         |
|     p_ZL4Wfc2_250_U                              | rom_1p        |      |      |      |        | p_ZL4Wfc2_250 | auto | 1       | 8, 11, 1         |
|     p_ZL4Wfc2_251_U                              | rom_1p        |      |      |      |        | p_ZL4Wfc2_251 | auto | 1       | 7, 11, 1         |
|     p_ZL4Wfc2_252_U                              | rom_1p        |      |      |      |        | p_ZL4Wfc2_252 | auto | 1       | 8, 11, 1         |
|     p_ZL4Wfc2_253_U                              | rom_1p        |      |      |      |        | p_ZL4Wfc2_253 | auto | 1       | 7, 11, 1         |
|     p_ZL4Wfc2_254_U                              | rom_1p        |      |      |      |        | p_ZL4Wfc2_254 | auto | 1       | 7, 11, 1         |
|     p_ZL4Wfc2_255_U                              | rom_1p        |      |      |      |        | p_ZL4Wfc2_255 | auto | 1       | 6, 11, 1         |
|     p_ZL4Wfc2_256_U                              | rom_1p        |      |      |      |        | p_ZL4Wfc2_256 | auto | 1       | 5, 11, 1         |
|     p_ZL4Wfc2_257_U                              | rom_1p        |      |      |      |        | p_ZL4Wfc2_257 | auto | 1       | 7, 11, 1         |
|     p_ZL4Wfc2_258_U                              | rom_1p        |      |      |      |        | p_ZL4Wfc2_258 | auto | 1       | 7, 11, 1         |
|     p_ZL4Wfc2_259_U                              | rom_1p        |      |      |      |        | p_ZL4Wfc2_259 | auto | 1       | 7, 11, 1         |
|     p_ZL4Wfc2_260_U                              | rom_1p        |      |      |      |        | p_ZL4Wfc2_260 | auto | 1       | 6, 11, 1         |
|     p_ZL4Wfc2_261_U                              | rom_1p        |      |      |      |        | p_ZL4Wfc2_261 | auto | 1       | 5, 11, 1         |
|     p_ZL4Wfc2_262_U                              | rom_1p        |      |      |      |        | p_ZL4Wfc2_262 | auto | 1       | 7, 11, 1         |
|     p_ZL4Wfc2_263_U                              | rom_1p        |      |      |      |        | p_ZL4Wfc2_263 | auto | 1       | 7, 11, 1         |
|     p_ZL4Wfc2_264_U                              | rom_1p        |      |      |      |        | p_ZL4Wfc2_264 | auto | 1       | 7, 11, 1         |
|     p_ZL4Wfc2_265_U                              | rom_1p        |      |      |      |        | p_ZL4Wfc2_265 | auto | 1       | 5, 11, 1         |
|     p_ZL4Wfc2_266_U                              | rom_1p        |      |      |      |        | p_ZL4Wfc2_266 | auto | 1       | 8, 11, 1         |
|     p_ZL4Wfc2_267_U                              | rom_1p        |      |      |      |        | p_ZL4Wfc2_267 | auto | 1       | 7, 11, 1         |
|     p_ZL4Wfc2_268_U                              | rom_1p        |      |      |      |        | p_ZL4Wfc2_268 | auto | 1       | 8, 11, 1         |
|     p_ZL4Wfc2_269_U                              | rom_1p        |      |      |      |        | p_ZL4Wfc2_269 | auto | 1       | 7, 11, 1         |
|     p_ZL4Wfc2_270_U                              | rom_1p        |      |      |      |        | p_ZL4Wfc2_270 | auto | 1       | 8, 11, 1         |
|     p_ZL4Wfc2_271_U                              | rom_1p        |      |      |      |        | p_ZL4Wfc2_271 | auto | 1       | 6, 11, 1         |
|     p_ZL4Wfc2_272_U                              | rom_1p        |      |      |      |        | p_ZL4Wfc2_272 | auto | 1       | 7, 11, 1         |
|     p_ZL4Wfc2_273_U                              | rom_1p        |      |      |      |        | p_ZL4Wfc2_273 | auto | 1       | 7, 11, 1         |
|     p_ZL4Wfc2_274_U                              | rom_1p        |      |      |      |        | p_ZL4Wfc2_274 | auto | 1       | 7, 11, 1         |
|     p_ZL4Wfc2_275_U                              | rom_1p        |      |      |      |        | p_ZL4Wfc2_275 | auto | 1       | 6, 11, 1         |
|     p_ZL4Wfc2_276_U                              | rom_1p        |      |      |      |        | p_ZL4Wfc2_276 | auto | 1       | 8, 11, 1         |
|     p_ZL4Wfc2_277_U                              | rom_1p        |      |      |      |        | p_ZL4Wfc2_277 | auto | 1       | 6, 11, 1         |
|     p_ZL4Wfc2_278_U                              | rom_1p        |      |      |      |        | p_ZL4Wfc2_278 | auto | 1       | 6, 11, 1         |
|     p_ZL4Wfc2_279_U                              | rom_1p        |      |      |      |        | p_ZL4Wfc2_279 | auto | 1       | 7, 11, 1         |
|     p_ZL4Wfc2_280_U                              | rom_1p        |      |      |      |        | p_ZL4Wfc2_280 | auto | 1       | 7, 11, 1         |
|     p_ZL4Wfc2_281_U                              | rom_1p        |      |      |      |        | p_ZL4Wfc2_281 | auto | 1       | 7, 11, 1         |
|     p_ZL4Wfc2_282_U                              | rom_1p        |      |      |      |        | p_ZL4Wfc2_282 | auto | 1       | 8, 11, 1         |
|     p_ZL4Wfc2_283_U                              | rom_1p        |      |      |      |        | p_ZL4Wfc2_283 | auto | 1       | 8, 11, 1         |
|     p_ZL4Wfc2_284_U                              | rom_1p        |      |      |      |        | p_ZL4Wfc2_284 | auto | 1       | 7, 11, 1         |
|     p_ZL4Wfc2_285_U                              | rom_1p        |      |      |      |        | p_ZL4Wfc2_285 | auto | 1       | 6, 11, 1         |
|     p_ZL4Wfc2_286_U                              | rom_1p        |      |      |      |        | p_ZL4Wfc2_286 | auto | 1       | 7, 11, 1         |
|     p_ZL4Wfc2_287_U                              | rom_1p        |      |      |      |        | p_ZL4Wfc2_287 | auto | 1       | 7, 11, 1         |
|     p_ZL4Wfc2_288_U                              | rom_1p        |      |      |      |        | p_ZL4Wfc2_288 | auto | 1       | 8, 11, 1         |
|     p_ZL4Wfc2_289_U                              | rom_1p        |      |      |      |        | p_ZL4Wfc2_289 | auto | 1       | 8, 11, 1         |
|     p_ZL4Wfc2_290_U                              | rom_1p        |      |      |      |        | p_ZL4Wfc2_290 | auto | 1       | 7, 11, 1         |
|     p_ZL4Wfc2_291_U                              | rom_1p        |      |      |      |        | p_ZL4Wfc2_291 | auto | 1       | 6, 11, 1         |
|     p_ZL4Wfc2_292_U                              | rom_1p        |      |      |      |        | p_ZL4Wfc2_292 | auto | 1       | 7, 11, 1         |
|     p_ZL4Wfc2_293_U                              | rom_1p        |      |      |      |        | p_ZL4Wfc2_293 | auto | 1       | 6, 11, 1         |
|     p_ZL4Wfc2_294_U                              | rom_1p        |      |      |      |        | p_ZL4Wfc2_294 | auto | 1       | 6, 11, 1         |
|     p_ZL4Wfc2_295_U                              | rom_1p        |      |      |      |        | p_ZL4Wfc2_295 | auto | 1       | 7, 11, 1         |
|     p_ZL4Wfc2_296_U                              | rom_1p        |      |      |      |        | p_ZL4Wfc2_296 | auto | 1       | 7, 11, 1         |
|     p_ZL4Wfc2_297_U                              | rom_1p        |      |      |      |        | p_ZL4Wfc2_297 | auto | 1       | 8, 11, 1         |
|     p_ZL4Wfc2_298_U                              | rom_1p        |      |      |      |        | p_ZL4Wfc2_298 | auto | 1       | 8, 11, 1         |
|     p_ZL4Wfc2_299_U                              | rom_1p        |      |      |      |        | p_ZL4Wfc2_299 | auto | 1       | 7, 11, 1         |
|     p_ZL4Wfc2_300_U                              | rom_1p        |      |      |      |        | p_ZL4Wfc2_300 | auto | 1       | 6, 11, 1         |
|     p_ZL4Wfc2_301_U                              | rom_1p        |      |      |      |        | p_ZL4Wfc2_301 | auto | 1       | 7, 11, 1         |
|     p_ZL4Wfc2_302_U                              | rom_1p        |      |      |      |        | p_ZL4Wfc2_302 | auto | 1       | 8, 11, 1         |
|     p_ZL4Wfc2_303_U                              | rom_1p        |      |      |      |        | p_ZL4Wfc2_303 | auto | 1       | 7, 11, 1         |
|     p_ZL4Wfc2_304_U                              | rom_1p        |      |      |      |        | p_ZL4Wfc2_304 | auto | 1       | 7, 11, 1         |
|     p_ZL4Wfc2_305_U                              | rom_1p        |      |      |      |        | p_ZL4Wfc2_305 | auto | 1       | 7, 11, 1         |
|     p_ZL4Wfc2_306_U                              | rom_1p        |      |      |      |        | p_ZL4Wfc2_306 | auto | 1       | 8, 11, 1         |
|     p_ZL4Wfc2_307_U                              | rom_1p        |      |      |      |        | p_ZL4Wfc2_307 | auto | 1       | 8, 11, 1         |
|     p_ZL4Wfc2_308_U                              | rom_1p        |      |      |      |        | p_ZL4Wfc2_308 | auto | 1       | 8, 11, 1         |
|     p_ZL4Wfc2_309_U                              | rom_1p        |      |      |      |        | p_ZL4Wfc2_309 | auto | 1       | 7, 11, 1         |
|     p_ZL4Wfc2_310_U                              | rom_1p        |      |      |      |        | p_ZL4Wfc2_310 | auto | 1       | 7, 11, 1         |
|     p_ZL4Wfc2_311_U                              | rom_1p        |      |      |      |        | p_ZL4Wfc2_311 | auto | 1       | 7, 11, 1         |
|     p_ZL4Wfc2_312_U                              | rom_1p        |      |      |      |        | p_ZL4Wfc2_312 | auto | 1       | 8, 11, 1         |
|     p_ZL4Wfc2_313_U                              | rom_1p        |      |      |      |        | p_ZL4Wfc2_313 | auto | 1       | 7, 11, 1         |
|     p_ZL4Wfc2_314_U                              | rom_1p        |      |      |      |        | p_ZL4Wfc2_314 | auto | 1       | 6, 11, 1         |
|     p_ZL4Wfc2_315_U                              | rom_1p        |      |      |      |        | p_ZL4Wfc2_315 | auto | 1       | 7, 11, 1         |
|     p_ZL4Wfc2_316_U                              | rom_1p        |      |      |      |        | p_ZL4Wfc2_316 | auto | 1       | 7, 11, 1         |
|     p_ZL4Wfc2_317_U                              | rom_1p        |      |      |      |        | p_ZL4Wfc2_317 | auto | 1       | 8, 11, 1         |
|     p_ZL4Wfc2_318_U                              | rom_1p        |      |      |      |        | p_ZL4Wfc2_318 | auto | 1       | 8, 11, 1         |
|     p_ZL4Wfc2_319_U                              | rom_1p        |      |      |      |        | p_ZL4Wfc2_319 | auto | 1       | 8, 11, 1         |
+--------------------------------------------------+---------------+------+------+------+--------+---------------+------+---------+------------------+


================================================================
== Pragma Report
================================================================
* Valid Pragma Syntax
+-----------------+----------------------------------+------------------------------------+
| Type            | Options                          | Location                           |
+-----------------+----------------------------------+------------------------------------+
| array_partition | variable=W1 dim=3 complete       | awn_int8.cpp:50 in conv1_block, W1 |
| array_partition | variable=W1 dim=4 complete       | awn_int8.cpp:51 in conv1_block, W1 |
| array_partition | variable=x dim=1 complete        | awn_int8.cpp:52 in conv1_block, x  |
| pipeline        | II=1                             | awn_int8.cpp:55 in conv1_block     |
| array_partition | variable=W2 dim=3 complete       | awn_int8.cpp:74 in conv2_block, W2 |
| array_partition | variable=x dim=2 cyclic factor=5 | awn_int8.cpp:75 in conv2_block, x  |
| pipeline        | II=1                             | awn_int8.cpp:78 in conv2_block     |
| array_partition | variable=Wu1 dim=3 complete      | awn_int8.cpp:97 in u_branch, Wu1   |
| array_partition | variable=Wu4 dim=3 complete      | awn_int8.cpp:98 in u_branch, Wu4   |
| pipeline        | II=1                             | awn_int8.cpp:102 in u_branch       |
| pipeline        | II=1                             | awn_int8.cpp:118 in u_branch       |
| array_partition | variable=Wp1 dim=3 complete      | awn_int8.cpp:134 in p_branch, Wp1  |
| array_partition | variable=Wp4 dim=3 complete      | awn_int8.cpp:135 in p_branch, Wp4  |
| pipeline        | II=1                             | awn_int8.cpp:139 in p_branch       |
| pipeline        | II=1                             | awn_int8.cpp:155 in p_branch       |
| pipeline        | II=1                             | awn_int8.cpp:173 in avgpool_64     |
| pipeline        | II=1                             | awn_int8.cpp:187 in linear_acc     |
+-----------------+----------------------------------+------------------------------------+

* Inferred Pragmas
+---------------------------+-----------------+----------------------------------------+-------------------------------+
| Source Pragma             | Inferred Pragma | Options                                | Location                      |
+---------------------------+-----------------+----------------------------------------+-------------------------------+
| pipeline awn_int8.cpp:78  | array_partition | dim=1 type=complete  variable=y1_0     | variable y1_0 in awn_forward  |
| pipeline awn_int8.cpp:102 | array_partition | dim=1 type=complete  variable=odd_q    | variable odd_q in awn_forward |
| pipeline awn_int8.cpp:118 | array_partition | dim=1 type=complete  variable=u1       | variable u1 in u_branch       |
| pipeline awn_int8.cpp:155 | array_partition | dim=1 type=complete  variable=p1       | variable p1 in p_branch       |
| pipeline awn_int8.cpp:173 | array_partition | dim=1 type=complete  variable=c_q      | variable c_q in awn_forward   |
| pipeline awn_int8.cpp:173 | array_partition | dim=2 type=complete  variable=d_q      | variable d_q in awn_forward   |
| pipeline awn_int8.cpp:187 | array_partition | dim=2 type=complete  variable=_ZL4Wfc0 | variable Wfc0 in awn_forward  |
| pipeline awn_int8.cpp:187 | array_partition | dim=2 type=complete  variable=_ZL4Wfc2 | variable Wfc2 in awn_forward  |
| pipeline awn_int8.cpp:187 | array_partition | dim=2 type=complete  variable=_ZL4Wse0 | variable Wse0 in awn_forward  |
| pipeline awn_int8.cpp:187 | array_partition | dim=2 type=complete  variable=_ZL4Wse3 | variable Wse3 in awn_forward  |
+---------------------------+-----------------+----------------------------------------+-------------------------------+


