

================================================================
== Vitis HLS Report for 'avgpool_64'
================================================================
* Date:           Sat May 30 20:39:12 2026

* Version:        2023.2 (Build 4023990 on Oct 11 2023)
* Project:        proj_awn_int8
* Solution:       solution1 (Vivado IP Flow Target)
* Product family: zynquplus
* Target device:  xczu7ev-ffvc1156-2-e


================================================================
== Performance Estimates
================================================================
+ Timing: 
    * Summary: 
    +--------+---------+----------+------------+
    |  Clock |  Target | Estimated| Uncertainty|
    +--------+---------+----------+------------+
    |ap_clk  |  5.00 ns|  3.420 ns|     1.35 ns|
    +--------+---------+----------+------------+

+ Latency: 
    * Summary: 
    +---------+---------+----------+----------+-----+-----+---------+
    |  Latency (cycles) |  Latency (absolute) |  Interval | Pipeline|
    |   min   |   max   |    min   |    max   | min | max |   Type  |
    +---------+---------+----------+----------+-----+-----+---------+
    |       69|       69|  0.345 us|  0.345 us|   69|   69|       no|
    +---------+---------+----------+----------+-----+-----+---------+

    + Detail: 
        * Instance: 
        N/A

        * Loop: 
        +--------------------+---------+---------+----------+-----------+-----------+------+----------+
        |                    |  Latency (cycles) | Iteration|  Initiation Interval  | Trip |          |
        |      Loop Name     |   min   |   max   |  Latency |  achieved |   target  | Count| Pipelined|
        +--------------------+---------+---------+----------+-----------+-----------+------+----------+
        |- VITIS_LOOP_172_1  |       67|       67|         5|          1|          1|    64|       yes|
        +--------------------+---------+---------+----------+-----------+-----------+------+----------+

============================================================
+ Verbose Summary: Synthesis Manager
============================================================
InlineROM: 1
ExposeGlobal: 0
============================================================
+ Verbose Summary: CDFG Model
============================================================
IsTopModel: 0
ResetActiveHigh: 1
IsCombinational: 0
IsDatapathOnly: 0
HasWiredReturn: 1
HasMFsm: 2
HasVarLatency: 1
IsPipeline: 0
IsRtlPipelined: 0
IsInstanceOverlapped: 0
IsDontTouch: 0
HasImplIP: 0
IsGatedGlobalClock: 0

+ Individual pipeline summary: 
  * Pipeline-0: initiation interval (II) = 1, depth = 5


============================================================
+ Verbose Summary: Schedule
============================================================
* Number of FSM states : 5
* Pipeline : 1
  Pipeline-0 : II = 1, D = 5, States = { 1 2 3 4 5 }
* Dataflow Pipeline: 0

* FSM state transitions: 
1 --> 2 
2 --> 3 
3 --> 4 
4 --> 5 
5 --> 

* FSM state operations: 

State 1 <SV = 0> <Delay = 1.62>
ST_1 : Operation 8 [1/1] (0.00ns)   --->   "%c = alloca i32 1" [awn_int8.cpp:172]   --->   Operation 8 'alloca' 'c' <Predicate = true> <Delay = 0.00>
ST_1 : Operation 9 [1/1] (0.42ns)   --->   "%store_ln172 = store i7 0, i7 %c" [awn_int8.cpp:172]   --->   Operation 9 'store' 'store_ln172' <Predicate = true> <Delay = 0.42>
ST_1 : Operation 10 [1/1] (0.00ns)   --->   "%br_ln172 = br void %VITIS_LOOP_175_2" [awn_int8.cpp:172]   --->   Operation 10 'br' 'br_ln172' <Predicate = true> <Delay = 0.00>
ST_1 : Operation 11 [1/1] (0.00ns)   --->   "%c_3 = load i7 %c" [awn_int8.cpp:172]   --->   Operation 11 'load' 'c_3' <Predicate = true> <Delay = 0.00>
ST_1 : Operation 12 [1/1] (0.77ns)   --->   "%icmp_ln172 = icmp_eq  i7 %c_3, i7 64" [awn_int8.cpp:172]   --->   Operation 12 'icmp' 'icmp_ln172' <Predicate = true> <Delay = 0.77> <CoreInst = "Cmp">   --->   Core 9 'Cmp' <Latency = 0> <II = 1> <Delay = 0.77> <FuncUnit> <Opcode : 'icmp'> <InPorts = 2> <OutPorts = 1>
ST_1 : Operation 13 [1/1] (0.77ns)   --->   "%add_ln172 = add i7 %c_3, i7 1" [awn_int8.cpp:172]   --->   Operation 13 'add' 'add_ln172' <Predicate = true> <Delay = 0.77> <CoreInst = "Adder">   --->   Core 1 'Adder' <Latency = 0> <II = 1> <Delay = 0.77> <FuncUnit> <Opcode : 'add' 'sub'> <InPorts = 2> <OutPorts = 1>
ST_1 : Operation 14 [1/1] (0.00ns)   --->   "%br_ln172 = br i1 %icmp_ln172, void %VITIS_LOOP_175_2.split, void %for.end11" [awn_int8.cpp:172]   --->   Operation 14 'br' 'br_ln172' <Predicate = true> <Delay = 0.00>
ST_1 : Operation 15 [1/1] (0.00ns)   --->   "%zext_ln172 = zext i7 %c_3" [awn_int8.cpp:172]   --->   Operation 15 'zext' 'zext_ln172' <Predicate = (!icmp_ln172)> <Delay = 0.00>
ST_1 : Operation 16 [1/1] (0.00ns)   --->   "%x_0_addr = getelementptr i8 %x_0, i64 0, i64 %zext_ln172" [awn_int8.cpp:175]   --->   Operation 16 'getelementptr' 'x_0_addr' <Predicate = (!icmp_ln172)> <Delay = 0.00>
ST_1 : Operation 17 [1/1] (0.00ns)   --->   "%x_1_addr = getelementptr i8 %x_1, i64 0, i64 %zext_ln172" [awn_int8.cpp:175]   --->   Operation 17 'getelementptr' 'x_1_addr' <Predicate = (!icmp_ln172)> <Delay = 0.00>
ST_1 : Operation 18 [1/1] (0.00ns)   --->   "%x_2_addr = getelementptr i8 %x_2, i64 0, i64 %zext_ln172" [awn_int8.cpp:175]   --->   Operation 18 'getelementptr' 'x_2_addr' <Predicate = (!icmp_ln172)> <Delay = 0.00>
ST_1 : Operation 19 [1/1] (0.00ns)   --->   "%x_3_addr = getelementptr i8 %x_3, i64 0, i64 %zext_ln172" [awn_int8.cpp:175]   --->   Operation 19 'getelementptr' 'x_3_addr' <Predicate = (!icmp_ln172)> <Delay = 0.00>
ST_1 : Operation 20 [1/1] (0.00ns)   --->   "%x_4_addr = getelementptr i8 %x_4, i64 0, i64 %zext_ln172" [awn_int8.cpp:175]   --->   Operation 20 'getelementptr' 'x_4_addr' <Predicate = (!icmp_ln172)> <Delay = 0.00>
ST_1 : Operation 21 [1/1] (0.00ns)   --->   "%x_5_addr = getelementptr i8 %x_5, i64 0, i64 %zext_ln172" [awn_int8.cpp:175]   --->   Operation 21 'getelementptr' 'x_5_addr' <Predicate = (!icmp_ln172)> <Delay = 0.00>
ST_1 : Operation 22 [1/1] (0.00ns)   --->   "%x_6_addr = getelementptr i8 %x_6, i64 0, i64 %zext_ln172" [awn_int8.cpp:175]   --->   Operation 22 'getelementptr' 'x_6_addr' <Predicate = (!icmp_ln172)> <Delay = 0.00>
ST_1 : Operation 23 [1/1] (0.00ns)   --->   "%x_7_addr = getelementptr i8 %x_7, i64 0, i64 %zext_ln172" [awn_int8.cpp:175]   --->   Operation 23 'getelementptr' 'x_7_addr' <Predicate = (!icmp_ln172)> <Delay = 0.00>
ST_1 : Operation 24 [1/1] (0.00ns)   --->   "%x_8_addr = getelementptr i8 %x_8, i64 0, i64 %zext_ln172" [awn_int8.cpp:175]   --->   Operation 24 'getelementptr' 'x_8_addr' <Predicate = (!icmp_ln172)> <Delay = 0.00>
ST_1 : Operation 25 [1/1] (0.00ns)   --->   "%x_9_addr = getelementptr i8 %x_9, i64 0, i64 %zext_ln172" [awn_int8.cpp:175]   --->   Operation 25 'getelementptr' 'x_9_addr' <Predicate = (!icmp_ln172)> <Delay = 0.00>
ST_1 : Operation 26 [1/1] (0.00ns)   --->   "%x_10_addr = getelementptr i8 %x_10, i64 0, i64 %zext_ln172" [awn_int8.cpp:175]   --->   Operation 26 'getelementptr' 'x_10_addr' <Predicate = (!icmp_ln172)> <Delay = 0.00>
ST_1 : Operation 27 [1/1] (0.00ns)   --->   "%x_11_addr = getelementptr i8 %x_11, i64 0, i64 %zext_ln172" [awn_int8.cpp:175]   --->   Operation 27 'getelementptr' 'x_11_addr' <Predicate = (!icmp_ln172)> <Delay = 0.00>
ST_1 : Operation 28 [1/1] (0.00ns)   --->   "%x_12_addr = getelementptr i8 %x_12, i64 0, i64 %zext_ln172" [awn_int8.cpp:175]   --->   Operation 28 'getelementptr' 'x_12_addr' <Predicate = (!icmp_ln172)> <Delay = 0.00>
ST_1 : Operation 29 [1/1] (0.00ns)   --->   "%x_13_addr = getelementptr i8 %x_13, i64 0, i64 %zext_ln172" [awn_int8.cpp:175]   --->   Operation 29 'getelementptr' 'x_13_addr' <Predicate = (!icmp_ln172)> <Delay = 0.00>
ST_1 : Operation 30 [1/1] (0.00ns)   --->   "%x_14_addr = getelementptr i8 %x_14, i64 0, i64 %zext_ln172" [awn_int8.cpp:175]   --->   Operation 30 'getelementptr' 'x_14_addr' <Predicate = (!icmp_ln172)> <Delay = 0.00>
ST_1 : Operation 31 [1/1] (0.00ns)   --->   "%x_15_addr = getelementptr i8 %x_15, i64 0, i64 %zext_ln172" [awn_int8.cpp:175]   --->   Operation 31 'getelementptr' 'x_15_addr' <Predicate = (!icmp_ln172)> <Delay = 0.00>
ST_1 : Operation 32 [1/1] (0.00ns)   --->   "%x_16_addr = getelementptr i8 %x_16, i64 0, i64 %zext_ln172" [awn_int8.cpp:175]   --->   Operation 32 'getelementptr' 'x_16_addr' <Predicate = (!icmp_ln172)> <Delay = 0.00>
ST_1 : Operation 33 [1/1] (0.00ns)   --->   "%x_17_addr = getelementptr i8 %x_17, i64 0, i64 %zext_ln172" [awn_int8.cpp:175]   --->   Operation 33 'getelementptr' 'x_17_addr' <Predicate = (!icmp_ln172)> <Delay = 0.00>
ST_1 : Operation 34 [1/1] (0.00ns)   --->   "%x_18_addr = getelementptr i8 %x_18, i64 0, i64 %zext_ln172" [awn_int8.cpp:175]   --->   Operation 34 'getelementptr' 'x_18_addr' <Predicate = (!icmp_ln172)> <Delay = 0.00>
ST_1 : Operation 35 [1/1] (0.00ns)   --->   "%x_19_addr = getelementptr i8 %x_19, i64 0, i64 %zext_ln172" [awn_int8.cpp:175]   --->   Operation 35 'getelementptr' 'x_19_addr' <Predicate = (!icmp_ln172)> <Delay = 0.00>
ST_1 : Operation 36 [1/1] (0.00ns)   --->   "%x_20_addr = getelementptr i8 %x_20, i64 0, i64 %zext_ln172" [awn_int8.cpp:175]   --->   Operation 36 'getelementptr' 'x_20_addr' <Predicate = (!icmp_ln172)> <Delay = 0.00>
ST_1 : Operation 37 [1/1] (0.00ns)   --->   "%x_21_addr = getelementptr i8 %x_21, i64 0, i64 %zext_ln172" [awn_int8.cpp:175]   --->   Operation 37 'getelementptr' 'x_21_addr' <Predicate = (!icmp_ln172)> <Delay = 0.00>
ST_1 : Operation 38 [1/1] (0.00ns)   --->   "%x_22_addr = getelementptr i8 %x_22, i64 0, i64 %zext_ln172" [awn_int8.cpp:175]   --->   Operation 38 'getelementptr' 'x_22_addr' <Predicate = (!icmp_ln172)> <Delay = 0.00>
ST_1 : Operation 39 [1/1] (0.00ns)   --->   "%x_23_addr = getelementptr i8 %x_23, i64 0, i64 %zext_ln172" [awn_int8.cpp:175]   --->   Operation 39 'getelementptr' 'x_23_addr' <Predicate = (!icmp_ln172)> <Delay = 0.00>
ST_1 : Operation 40 [1/1] (0.00ns)   --->   "%x_24_addr = getelementptr i8 %x_24, i64 0, i64 %zext_ln172" [awn_int8.cpp:175]   --->   Operation 40 'getelementptr' 'x_24_addr' <Predicate = (!icmp_ln172)> <Delay = 0.00>
ST_1 : Operation 41 [1/1] (0.00ns)   --->   "%x_25_addr = getelementptr i8 %x_25, i64 0, i64 %zext_ln172" [awn_int8.cpp:175]   --->   Operation 41 'getelementptr' 'x_25_addr' <Predicate = (!icmp_ln172)> <Delay = 0.00>
ST_1 : Operation 42 [1/1] (0.00ns)   --->   "%x_26_addr = getelementptr i8 %x_26, i64 0, i64 %zext_ln172" [awn_int8.cpp:175]   --->   Operation 42 'getelementptr' 'x_26_addr' <Predicate = (!icmp_ln172)> <Delay = 0.00>
ST_1 : Operation 43 [1/1] (0.00ns)   --->   "%x_27_addr = getelementptr i8 %x_27, i64 0, i64 %zext_ln172" [awn_int8.cpp:175]   --->   Operation 43 'getelementptr' 'x_27_addr' <Predicate = (!icmp_ln172)> <Delay = 0.00>
ST_1 : Operation 44 [1/1] (0.00ns)   --->   "%x_28_addr = getelementptr i8 %x_28, i64 0, i64 %zext_ln172" [awn_int8.cpp:175]   --->   Operation 44 'getelementptr' 'x_28_addr' <Predicate = (!icmp_ln172)> <Delay = 0.00>
ST_1 : Operation 45 [1/1] (0.00ns)   --->   "%x_29_addr = getelementptr i8 %x_29, i64 0, i64 %zext_ln172" [awn_int8.cpp:175]   --->   Operation 45 'getelementptr' 'x_29_addr' <Predicate = (!icmp_ln172)> <Delay = 0.00>
ST_1 : Operation 46 [1/1] (0.00ns)   --->   "%x_30_addr = getelementptr i8 %x_30, i64 0, i64 %zext_ln172" [awn_int8.cpp:175]   --->   Operation 46 'getelementptr' 'x_30_addr' <Predicate = (!icmp_ln172)> <Delay = 0.00>
ST_1 : Operation 47 [1/1] (0.00ns)   --->   "%x_31_addr = getelementptr i8 %x_31, i64 0, i64 %zext_ln172" [awn_int8.cpp:175]   --->   Operation 47 'getelementptr' 'x_31_addr' <Predicate = (!icmp_ln172)> <Delay = 0.00>
ST_1 : Operation 48 [1/1] (0.00ns)   --->   "%x_32_addr = getelementptr i8 %x_32, i64 0, i64 %zext_ln172" [awn_int8.cpp:175]   --->   Operation 48 'getelementptr' 'x_32_addr' <Predicate = (!icmp_ln172)> <Delay = 0.00>
ST_1 : Operation 49 [1/1] (0.00ns)   --->   "%x_33_addr = getelementptr i8 %x_33, i64 0, i64 %zext_ln172" [awn_int8.cpp:175]   --->   Operation 49 'getelementptr' 'x_33_addr' <Predicate = (!icmp_ln172)> <Delay = 0.00>
ST_1 : Operation 50 [1/1] (0.00ns)   --->   "%x_34_addr = getelementptr i8 %x_34, i64 0, i64 %zext_ln172" [awn_int8.cpp:175]   --->   Operation 50 'getelementptr' 'x_34_addr' <Predicate = (!icmp_ln172)> <Delay = 0.00>
ST_1 : Operation 51 [1/1] (0.00ns)   --->   "%x_35_addr = getelementptr i8 %x_35, i64 0, i64 %zext_ln172" [awn_int8.cpp:175]   --->   Operation 51 'getelementptr' 'x_35_addr' <Predicate = (!icmp_ln172)> <Delay = 0.00>
ST_1 : Operation 52 [1/1] (0.00ns)   --->   "%x_36_addr = getelementptr i8 %x_36, i64 0, i64 %zext_ln172" [awn_int8.cpp:175]   --->   Operation 52 'getelementptr' 'x_36_addr' <Predicate = (!icmp_ln172)> <Delay = 0.00>
ST_1 : Operation 53 [1/1] (0.00ns)   --->   "%x_37_addr = getelementptr i8 %x_37, i64 0, i64 %zext_ln172" [awn_int8.cpp:175]   --->   Operation 53 'getelementptr' 'x_37_addr' <Predicate = (!icmp_ln172)> <Delay = 0.00>
ST_1 : Operation 54 [1/1] (0.00ns)   --->   "%x_38_addr = getelementptr i8 %x_38, i64 0, i64 %zext_ln172" [awn_int8.cpp:175]   --->   Operation 54 'getelementptr' 'x_38_addr' <Predicate = (!icmp_ln172)> <Delay = 0.00>
ST_1 : Operation 55 [1/1] (0.00ns)   --->   "%x_39_addr = getelementptr i8 %x_39, i64 0, i64 %zext_ln172" [awn_int8.cpp:175]   --->   Operation 55 'getelementptr' 'x_39_addr' <Predicate = (!icmp_ln172)> <Delay = 0.00>
ST_1 : Operation 56 [1/1] (0.00ns)   --->   "%x_40_addr = getelementptr i8 %x_40, i64 0, i64 %zext_ln172" [awn_int8.cpp:175]   --->   Operation 56 'getelementptr' 'x_40_addr' <Predicate = (!icmp_ln172)> <Delay = 0.00>
ST_1 : Operation 57 [1/1] (0.00ns)   --->   "%x_41_addr = getelementptr i8 %x_41, i64 0, i64 %zext_ln172" [awn_int8.cpp:175]   --->   Operation 57 'getelementptr' 'x_41_addr' <Predicate = (!icmp_ln172)> <Delay = 0.00>
ST_1 : Operation 58 [1/1] (0.00ns)   --->   "%x_42_addr = getelementptr i8 %x_42, i64 0, i64 %zext_ln172" [awn_int8.cpp:175]   --->   Operation 58 'getelementptr' 'x_42_addr' <Predicate = (!icmp_ln172)> <Delay = 0.00>
ST_1 : Operation 59 [1/1] (0.00ns)   --->   "%x_43_addr = getelementptr i8 %x_43, i64 0, i64 %zext_ln172" [awn_int8.cpp:175]   --->   Operation 59 'getelementptr' 'x_43_addr' <Predicate = (!icmp_ln172)> <Delay = 0.00>
ST_1 : Operation 60 [1/1] (0.00ns)   --->   "%x_44_addr = getelementptr i8 %x_44, i64 0, i64 %zext_ln172" [awn_int8.cpp:175]   --->   Operation 60 'getelementptr' 'x_44_addr' <Predicate = (!icmp_ln172)> <Delay = 0.00>
ST_1 : Operation 61 [1/1] (0.00ns)   --->   "%x_45_addr = getelementptr i8 %x_45, i64 0, i64 %zext_ln172" [awn_int8.cpp:175]   --->   Operation 61 'getelementptr' 'x_45_addr' <Predicate = (!icmp_ln172)> <Delay = 0.00>
ST_1 : Operation 62 [1/1] (0.00ns)   --->   "%x_46_addr = getelementptr i8 %x_46, i64 0, i64 %zext_ln172" [awn_int8.cpp:175]   --->   Operation 62 'getelementptr' 'x_46_addr' <Predicate = (!icmp_ln172)> <Delay = 0.00>
ST_1 : Operation 63 [1/1] (0.00ns)   --->   "%x_47_addr = getelementptr i8 %x_47, i64 0, i64 %zext_ln172" [awn_int8.cpp:175]   --->   Operation 63 'getelementptr' 'x_47_addr' <Predicate = (!icmp_ln172)> <Delay = 0.00>
ST_1 : Operation 64 [1/1] (0.00ns)   --->   "%x_48_addr = getelementptr i8 %x_48, i64 0, i64 %zext_ln172" [awn_int8.cpp:175]   --->   Operation 64 'getelementptr' 'x_48_addr' <Predicate = (!icmp_ln172)> <Delay = 0.00>
ST_1 : Operation 65 [1/1] (0.00ns)   --->   "%x_49_addr = getelementptr i8 %x_49, i64 0, i64 %zext_ln172" [awn_int8.cpp:175]   --->   Operation 65 'getelementptr' 'x_49_addr' <Predicate = (!icmp_ln172)> <Delay = 0.00>
ST_1 : Operation 66 [1/1] (0.00ns)   --->   "%x_50_addr = getelementptr i8 %x_50, i64 0, i64 %zext_ln172" [awn_int8.cpp:175]   --->   Operation 66 'getelementptr' 'x_50_addr' <Predicate = (!icmp_ln172)> <Delay = 0.00>
ST_1 : Operation 67 [1/1] (0.00ns)   --->   "%x_51_addr = getelementptr i8 %x_51, i64 0, i64 %zext_ln172" [awn_int8.cpp:175]   --->   Operation 67 'getelementptr' 'x_51_addr' <Predicate = (!icmp_ln172)> <Delay = 0.00>
ST_1 : Operation 68 [1/1] (0.00ns)   --->   "%x_52_addr = getelementptr i8 %x_52, i64 0, i64 %zext_ln172" [awn_int8.cpp:175]   --->   Operation 68 'getelementptr' 'x_52_addr' <Predicate = (!icmp_ln172)> <Delay = 0.00>
ST_1 : Operation 69 [1/1] (0.00ns)   --->   "%x_53_addr = getelementptr i8 %x_53, i64 0, i64 %zext_ln172" [awn_int8.cpp:175]   --->   Operation 69 'getelementptr' 'x_53_addr' <Predicate = (!icmp_ln172)> <Delay = 0.00>
ST_1 : Operation 70 [1/1] (0.00ns)   --->   "%x_54_addr = getelementptr i8 %x_54, i64 0, i64 %zext_ln172" [awn_int8.cpp:175]   --->   Operation 70 'getelementptr' 'x_54_addr' <Predicate = (!icmp_ln172)> <Delay = 0.00>
ST_1 : Operation 71 [1/1] (0.00ns)   --->   "%x_55_addr = getelementptr i8 %x_55, i64 0, i64 %zext_ln172" [awn_int8.cpp:175]   --->   Operation 71 'getelementptr' 'x_55_addr' <Predicate = (!icmp_ln172)> <Delay = 0.00>
ST_1 : Operation 72 [1/1] (0.00ns)   --->   "%x_56_addr = getelementptr i8 %x_56, i64 0, i64 %zext_ln172" [awn_int8.cpp:175]   --->   Operation 72 'getelementptr' 'x_56_addr' <Predicate = (!icmp_ln172)> <Delay = 0.00>
ST_1 : Operation 73 [1/1] (0.00ns)   --->   "%x_57_addr = getelementptr i8 %x_57, i64 0, i64 %zext_ln172" [awn_int8.cpp:175]   --->   Operation 73 'getelementptr' 'x_57_addr' <Predicate = (!icmp_ln172)> <Delay = 0.00>
ST_1 : Operation 74 [1/1] (0.00ns)   --->   "%x_58_addr = getelementptr i8 %x_58, i64 0, i64 %zext_ln172" [awn_int8.cpp:175]   --->   Operation 74 'getelementptr' 'x_58_addr' <Predicate = (!icmp_ln172)> <Delay = 0.00>
ST_1 : Operation 75 [1/1] (0.00ns)   --->   "%x_59_addr = getelementptr i8 %x_59, i64 0, i64 %zext_ln172" [awn_int8.cpp:175]   --->   Operation 75 'getelementptr' 'x_59_addr' <Predicate = (!icmp_ln172)> <Delay = 0.00>
ST_1 : Operation 76 [1/1] (0.00ns)   --->   "%x_60_addr = getelementptr i8 %x_60, i64 0, i64 %zext_ln172" [awn_int8.cpp:175]   --->   Operation 76 'getelementptr' 'x_60_addr' <Predicate = (!icmp_ln172)> <Delay = 0.00>
ST_1 : Operation 77 [1/1] (0.00ns)   --->   "%x_61_addr = getelementptr i8 %x_61, i64 0, i64 %zext_ln172" [awn_int8.cpp:175]   --->   Operation 77 'getelementptr' 'x_61_addr' <Predicate = (!icmp_ln172)> <Delay = 0.00>
ST_1 : Operation 78 [1/1] (0.00ns)   --->   "%x_62_addr = getelementptr i8 %x_62, i64 0, i64 %zext_ln172" [awn_int8.cpp:175]   --->   Operation 78 'getelementptr' 'x_62_addr' <Predicate = (!icmp_ln172)> <Delay = 0.00>
ST_1 : Operation 79 [1/1] (0.00ns)   --->   "%x_63_addr = getelementptr i8 %x_63, i64 0, i64 %zext_ln172" [awn_int8.cpp:175]   --->   Operation 79 'getelementptr' 'x_63_addr' <Predicate = (!icmp_ln172)> <Delay = 0.00>
ST_1 : Operation 80 [2/2] (0.67ns)   --->   "%acc = load i6 %x_0_addr" [awn_int8.cpp:175]   --->   Operation 80 'load' 'acc' <Predicate = (!icmp_ln172)> <Delay = 0.67> <CoreInst = "RAM">   --->   Core 83 'RAM' <Latency = 1> <II = 1> <Delay = 0.67> <Storage> <Opcode : 'load' 'store'> <Ports = 2> <Width = 8> <Depth = 64> <RAM>
ST_1 : Operation 81 [2/2] (0.67ns)   --->   "%x_1_load = load i6 %x_1_addr" [awn_int8.cpp:175]   --->   Operation 81 'load' 'x_1_load' <Predicate = (!icmp_ln172)> <Delay = 0.67> <CoreInst = "RAM">   --->   Core 83 'RAM' <Latency = 1> <II = 1> <Delay = 0.67> <Storage> <Opcode : 'load' 'store'> <Ports = 2> <Width = 8> <Depth = 64> <RAM>
ST_1 : Operation 82 [2/2] (0.67ns)   --->   "%x_2_load = load i6 %x_2_addr" [awn_int8.cpp:175]   --->   Operation 82 'load' 'x_2_load' <Predicate = (!icmp_ln172)> <Delay = 0.67> <CoreInst = "RAM">   --->   Core 83 'RAM' <Latency = 1> <II = 1> <Delay = 0.67> <Storage> <Opcode : 'load' 'store'> <Ports = 2> <Width = 8> <Depth = 64> <RAM>
ST_1 : Operation 83 [2/2] (0.67ns)   --->   "%x_3_load = load i6 %x_3_addr" [awn_int8.cpp:175]   --->   Operation 83 'load' 'x_3_load' <Predicate = (!icmp_ln172)> <Delay = 0.67> <CoreInst = "RAM">   --->   Core 83 'RAM' <Latency = 1> <II = 1> <Delay = 0.67> <Storage> <Opcode : 'load' 'store'> <Ports = 2> <Width = 8> <Depth = 64> <RAM>
ST_1 : Operation 84 [2/2] (0.67ns)   --->   "%x_4_load = load i6 %x_4_addr" [awn_int8.cpp:175]   --->   Operation 84 'load' 'x_4_load' <Predicate = (!icmp_ln172)> <Delay = 0.67> <CoreInst = "RAM">   --->   Core 83 'RAM' <Latency = 1> <II = 1> <Delay = 0.67> <Storage> <Opcode : 'load' 'store'> <Ports = 2> <Width = 8> <Depth = 64> <RAM>
ST_1 : Operation 85 [2/2] (0.67ns)   --->   "%x_5_load = load i6 %x_5_addr" [awn_int8.cpp:175]   --->   Operation 85 'load' 'x_5_load' <Predicate = (!icmp_ln172)> <Delay = 0.67> <CoreInst = "RAM">   --->   Core 83 'RAM' <Latency = 1> <II = 1> <Delay = 0.67> <Storage> <Opcode : 'load' 'store'> <Ports = 2> <Width = 8> <Depth = 64> <RAM>
ST_1 : Operation 86 [2/2] (0.67ns)   --->   "%x_6_load = load i6 %x_6_addr" [awn_int8.cpp:175]   --->   Operation 86 'load' 'x_6_load' <Predicate = (!icmp_ln172)> <Delay = 0.67> <CoreInst = "RAM">   --->   Core 83 'RAM' <Latency = 1> <II = 1> <Delay = 0.67> <Storage> <Opcode : 'load' 'store'> <Ports = 2> <Width = 8> <Depth = 64> <RAM>
ST_1 : Operation 87 [2/2] (0.67ns)   --->   "%x_7_load = load i6 %x_7_addr" [awn_int8.cpp:175]   --->   Operation 87 'load' 'x_7_load' <Predicate = (!icmp_ln172)> <Delay = 0.67> <CoreInst = "RAM">   --->   Core 83 'RAM' <Latency = 1> <II = 1> <Delay = 0.67> <Storage> <Opcode : 'load' 'store'> <Ports = 2> <Width = 8> <Depth = 64> <RAM>
ST_1 : Operation 88 [2/2] (0.67ns)   --->   "%x_8_load = load i6 %x_8_addr" [awn_int8.cpp:175]   --->   Operation 88 'load' 'x_8_load' <Predicate = (!icmp_ln172)> <Delay = 0.67> <CoreInst = "RAM">   --->   Core 83 'RAM' <Latency = 1> <II = 1> <Delay = 0.67> <Storage> <Opcode : 'load' 'store'> <Ports = 2> <Width = 8> <Depth = 64> <RAM>
ST_1 : Operation 89 [2/2] (0.67ns)   --->   "%x_9_load = load i6 %x_9_addr" [awn_int8.cpp:175]   --->   Operation 89 'load' 'x_9_load' <Predicate = (!icmp_ln172)> <Delay = 0.67> <CoreInst = "RAM">   --->   Core 83 'RAM' <Latency = 1> <II = 1> <Delay = 0.67> <Storage> <Opcode : 'load' 'store'> <Ports = 2> <Width = 8> <Depth = 64> <RAM>
ST_1 : Operation 90 [2/2] (0.67ns)   --->   "%x_10_load = load i6 %x_10_addr" [awn_int8.cpp:175]   --->   Operation 90 'load' 'x_10_load' <Predicate = (!icmp_ln172)> <Delay = 0.67> <CoreInst = "RAM">   --->   Core 83 'RAM' <Latency = 1> <II = 1> <Delay = 0.67> <Storage> <Opcode : 'load' 'store'> <Ports = 2> <Width = 8> <Depth = 64> <RAM>
ST_1 : Operation 91 [2/2] (0.67ns)   --->   "%x_11_load = load i6 %x_11_addr" [awn_int8.cpp:175]   --->   Operation 91 'load' 'x_11_load' <Predicate = (!icmp_ln172)> <Delay = 0.67> <CoreInst = "RAM">   --->   Core 83 'RAM' <Latency = 1> <II = 1> <Delay = 0.67> <Storage> <Opcode : 'load' 'store'> <Ports = 2> <Width = 8> <Depth = 64> <RAM>
ST_1 : Operation 92 [2/2] (0.67ns)   --->   "%x_12_load = load i6 %x_12_addr" [awn_int8.cpp:175]   --->   Operation 92 'load' 'x_12_load' <Predicate = (!icmp_ln172)> <Delay = 0.67> <CoreInst = "RAM">   --->   Core 83 'RAM' <Latency = 1> <II = 1> <Delay = 0.67> <Storage> <Opcode : 'load' 'store'> <Ports = 2> <Width = 8> <Depth = 64> <RAM>
ST_1 : Operation 93 [2/2] (0.67ns)   --->   "%x_13_load = load i6 %x_13_addr" [awn_int8.cpp:175]   --->   Operation 93 'load' 'x_13_load' <Predicate = (!icmp_ln172)> <Delay = 0.67> <CoreInst = "RAM">   --->   Core 83 'RAM' <Latency = 1> <II = 1> <Delay = 0.67> <Storage> <Opcode : 'load' 'store'> <Ports = 2> <Width = 8> <Depth = 64> <RAM>
ST_1 : Operation 94 [2/2] (0.67ns)   --->   "%x_14_load = load i6 %x_14_addr" [awn_int8.cpp:175]   --->   Operation 94 'load' 'x_14_load' <Predicate = (!icmp_ln172)> <Delay = 0.67> <CoreInst = "RAM">   --->   Core 83 'RAM' <Latency = 1> <II = 1> <Delay = 0.67> <Storage> <Opcode : 'load' 'store'> <Ports = 2> <Width = 8> <Depth = 64> <RAM>
ST_1 : Operation 95 [2/2] (0.67ns)   --->   "%x_15_load = load i6 %x_15_addr" [awn_int8.cpp:175]   --->   Operation 95 'load' 'x_15_load' <Predicate = (!icmp_ln172)> <Delay = 0.67> <CoreInst = "RAM">   --->   Core 83 'RAM' <Latency = 1> <II = 1> <Delay = 0.67> <Storage> <Opcode : 'load' 'store'> <Ports = 2> <Width = 8> <Depth = 64> <RAM>
ST_1 : Operation 96 [2/2] (0.67ns)   --->   "%x_16_load = load i6 %x_16_addr" [awn_int8.cpp:175]   --->   Operation 96 'load' 'x_16_load' <Predicate = (!icmp_ln172)> <Delay = 0.67> <CoreInst = "RAM">   --->   Core 83 'RAM' <Latency = 1> <II = 1> <Delay = 0.67> <Storage> <Opcode : 'load' 'store'> <Ports = 2> <Width = 8> <Depth = 64> <RAM>
ST_1 : Operation 97 [2/2] (0.67ns)   --->   "%x_17_load = load i6 %x_17_addr" [awn_int8.cpp:175]   --->   Operation 97 'load' 'x_17_load' <Predicate = (!icmp_ln172)> <Delay = 0.67> <CoreInst = "RAM">   --->   Core 83 'RAM' <Latency = 1> <II = 1> <Delay = 0.67> <Storage> <Opcode : 'load' 'store'> <Ports = 2> <Width = 8> <Depth = 64> <RAM>
ST_1 : Operation 98 [2/2] (0.67ns)   --->   "%x_18_load = load i6 %x_18_addr" [awn_int8.cpp:175]   --->   Operation 98 'load' 'x_18_load' <Predicate = (!icmp_ln172)> <Delay = 0.67> <CoreInst = "RAM">   --->   Core 83 'RAM' <Latency = 1> <II = 1> <Delay = 0.67> <Storage> <Opcode : 'load' 'store'> <Ports = 2> <Width = 8> <Depth = 64> <RAM>
ST_1 : Operation 99 [2/2] (0.67ns)   --->   "%x_19_load = load i6 %x_19_addr" [awn_int8.cpp:175]   --->   Operation 99 'load' 'x_19_load' <Predicate = (!icmp_ln172)> <Delay = 0.67> <CoreInst = "RAM">   --->   Core 83 'RAM' <Latency = 1> <II = 1> <Delay = 0.67> <Storage> <Opcode : 'load' 'store'> <Ports = 2> <Width = 8> <Depth = 64> <RAM>
ST_1 : Operation 100 [2/2] (0.67ns)   --->   "%x_20_load = load i6 %x_20_addr" [awn_int8.cpp:175]   --->   Operation 100 'load' 'x_20_load' <Predicate = (!icmp_ln172)> <Delay = 0.67> <CoreInst = "RAM">   --->   Core 83 'RAM' <Latency = 1> <II = 1> <Delay = 0.67> <Storage> <Opcode : 'load' 'store'> <Ports = 2> <Width = 8> <Depth = 64> <RAM>
ST_1 : Operation 101 [2/2] (0.67ns)   --->   "%x_21_load = load i6 %x_21_addr" [awn_int8.cpp:175]   --->   Operation 101 'load' 'x_21_load' <Predicate = (!icmp_ln172)> <Delay = 0.67> <CoreInst = "RAM">   --->   Core 83 'RAM' <Latency = 1> <II = 1> <Delay = 0.67> <Storage> <Opcode : 'load' 'store'> <Ports = 2> <Width = 8> <Depth = 64> <RAM>
ST_1 : Operation 102 [2/2] (0.67ns)   --->   "%x_22_load = load i6 %x_22_addr" [awn_int8.cpp:175]   --->   Operation 102 'load' 'x_22_load' <Predicate = (!icmp_ln172)> <Delay = 0.67> <CoreInst = "RAM">   --->   Core 83 'RAM' <Latency = 1> <II = 1> <Delay = 0.67> <Storage> <Opcode : 'load' 'store'> <Ports = 2> <Width = 8> <Depth = 64> <RAM>
ST_1 : Operation 103 [2/2] (0.67ns)   --->   "%x_23_load = load i6 %x_23_addr" [awn_int8.cpp:175]   --->   Operation 103 'load' 'x_23_load' <Predicate = (!icmp_ln172)> <Delay = 0.67> <CoreInst = "RAM">   --->   Core 83 'RAM' <Latency = 1> <II = 1> <Delay = 0.67> <Storage> <Opcode : 'load' 'store'> <Ports = 2> <Width = 8> <Depth = 64> <RAM>
ST_1 : Operation 104 [2/2] (0.67ns)   --->   "%x_24_load = load i6 %x_24_addr" [awn_int8.cpp:175]   --->   Operation 104 'load' 'x_24_load' <Predicate = (!icmp_ln172)> <Delay = 0.67> <CoreInst = "RAM">   --->   Core 83 'RAM' <Latency = 1> <II = 1> <Delay = 0.67> <Storage> <Opcode : 'load' 'store'> <Ports = 2> <Width = 8> <Depth = 64> <RAM>
ST_1 : Operation 105 [2/2] (0.67ns)   --->   "%x_25_load = load i6 %x_25_addr" [awn_int8.cpp:175]   --->   Operation 105 'load' 'x_25_load' <Predicate = (!icmp_ln172)> <Delay = 0.67> <CoreInst = "RAM">   --->   Core 83 'RAM' <Latency = 1> <II = 1> <Delay = 0.67> <Storage> <Opcode : 'load' 'store'> <Ports = 2> <Width = 8> <Depth = 64> <RAM>
ST_1 : Operation 106 [2/2] (0.67ns)   --->   "%x_26_load = load i6 %x_26_addr" [awn_int8.cpp:175]   --->   Operation 106 'load' 'x_26_load' <Predicate = (!icmp_ln172)> <Delay = 0.67> <CoreInst = "RAM">   --->   Core 83 'RAM' <Latency = 1> <II = 1> <Delay = 0.67> <Storage> <Opcode : 'load' 'store'> <Ports = 2> <Width = 8> <Depth = 64> <RAM>
ST_1 : Operation 107 [2/2] (0.67ns)   --->   "%x_27_load = load i6 %x_27_addr" [awn_int8.cpp:175]   --->   Operation 107 'load' 'x_27_load' <Predicate = (!icmp_ln172)> <Delay = 0.67> <CoreInst = "RAM">   --->   Core 83 'RAM' <Latency = 1> <II = 1> <Delay = 0.67> <Storage> <Opcode : 'load' 'store'> <Ports = 2> <Width = 8> <Depth = 64> <RAM>
ST_1 : Operation 108 [2/2] (0.67ns)   --->   "%x_28_load = load i6 %x_28_addr" [awn_int8.cpp:175]   --->   Operation 108 'load' 'x_28_load' <Predicate = (!icmp_ln172)> <Delay = 0.67> <CoreInst = "RAM">   --->   Core 83 'RAM' <Latency = 1> <II = 1> <Delay = 0.67> <Storage> <Opcode : 'load' 'store'> <Ports = 2> <Width = 8> <Depth = 64> <RAM>
ST_1 : Operation 109 [2/2] (0.67ns)   --->   "%x_29_load = load i6 %x_29_addr" [awn_int8.cpp:175]   --->   Operation 109 'load' 'x_29_load' <Predicate = (!icmp_ln172)> <Delay = 0.67> <CoreInst = "RAM">   --->   Core 83 'RAM' <Latency = 1> <II = 1> <Delay = 0.67> <Storage> <Opcode : 'load' 'store'> <Ports = 2> <Width = 8> <Depth = 64> <RAM>
ST_1 : Operation 110 [2/2] (0.67ns)   --->   "%x_30_load = load i6 %x_30_addr" [awn_int8.cpp:175]   --->   Operation 110 'load' 'x_30_load' <Predicate = (!icmp_ln172)> <Delay = 0.67> <CoreInst = "RAM">   --->   Core 83 'RAM' <Latency = 1> <II = 1> <Delay = 0.67> <Storage> <Opcode : 'load' 'store'> <Ports = 2> <Width = 8> <Depth = 64> <RAM>
ST_1 : Operation 111 [2/2] (0.67ns)   --->   "%x_31_load = load i6 %x_31_addr" [awn_int8.cpp:175]   --->   Operation 111 'load' 'x_31_load' <Predicate = (!icmp_ln172)> <Delay = 0.67> <CoreInst = "RAM">   --->   Core 83 'RAM' <Latency = 1> <II = 1> <Delay = 0.67> <Storage> <Opcode : 'load' 'store'> <Ports = 2> <Width = 8> <Depth = 64> <RAM>
ST_1 : Operation 112 [2/2] (0.67ns)   --->   "%x_32_load = load i6 %x_32_addr" [awn_int8.cpp:175]   --->   Operation 112 'load' 'x_32_load' <Predicate = (!icmp_ln172)> <Delay = 0.67> <CoreInst = "RAM">   --->   Core 83 'RAM' <Latency = 1> <II = 1> <Delay = 0.67> <Storage> <Opcode : 'load' 'store'> <Ports = 2> <Width = 8> <Depth = 64> <RAM>
ST_1 : Operation 113 [2/2] (0.67ns)   --->   "%x_33_load = load i6 %x_33_addr" [awn_int8.cpp:175]   --->   Operation 113 'load' 'x_33_load' <Predicate = (!icmp_ln172)> <Delay = 0.67> <CoreInst = "RAM">   --->   Core 83 'RAM' <Latency = 1> <II = 1> <Delay = 0.67> <Storage> <Opcode : 'load' 'store'> <Ports = 2> <Width = 8> <Depth = 64> <RAM>
ST_1 : Operation 114 [2/2] (0.67ns)   --->   "%x_34_load = load i6 %x_34_addr" [awn_int8.cpp:175]   --->   Operation 114 'load' 'x_34_load' <Predicate = (!icmp_ln172)> <Delay = 0.67> <CoreInst = "RAM">   --->   Core 83 'RAM' <Latency = 1> <II = 1> <Delay = 0.67> <Storage> <Opcode : 'load' 'store'> <Ports = 2> <Width = 8> <Depth = 64> <RAM>
ST_1 : Operation 115 [2/2] (0.67ns)   --->   "%x_35_load = load i6 %x_35_addr" [awn_int8.cpp:175]   --->   Operation 115 'load' 'x_35_load' <Predicate = (!icmp_ln172)> <Delay = 0.67> <CoreInst = "RAM">   --->   Core 83 'RAM' <Latency = 1> <II = 1> <Delay = 0.67> <Storage> <Opcode : 'load' 'store'> <Ports = 2> <Width = 8> <Depth = 64> <RAM>
ST_1 : Operation 116 [2/2] (0.67ns)   --->   "%x_36_load = load i6 %x_36_addr" [awn_int8.cpp:175]   --->   Operation 116 'load' 'x_36_load' <Predicate = (!icmp_ln172)> <Delay = 0.67> <CoreInst = "RAM">   --->   Core 83 'RAM' <Latency = 1> <II = 1> <Delay = 0.67> <Storage> <Opcode : 'load' 'store'> <Ports = 2> <Width = 8> <Depth = 64> <RAM>
ST_1 : Operation 117 [2/2] (0.67ns)   --->   "%x_37_load = load i6 %x_37_addr" [awn_int8.cpp:175]   --->   Operation 117 'load' 'x_37_load' <Predicate = (!icmp_ln172)> <Delay = 0.67> <CoreInst = "RAM">   --->   Core 83 'RAM' <Latency = 1> <II = 1> <Delay = 0.67> <Storage> <Opcode : 'load' 'store'> <Ports = 2> <Width = 8> <Depth = 64> <RAM>
ST_1 : Operation 118 [2/2] (0.67ns)   --->   "%x_38_load = load i6 %x_38_addr" [awn_int8.cpp:175]   --->   Operation 118 'load' 'x_38_load' <Predicate = (!icmp_ln172)> <Delay = 0.67> <CoreInst = "RAM">   --->   Core 83 'RAM' <Latency = 1> <II = 1> <Delay = 0.67> <Storage> <Opcode : 'load' 'store'> <Ports = 2> <Width = 8> <Depth = 64> <RAM>
ST_1 : Operation 119 [2/2] (0.67ns)   --->   "%x_39_load = load i6 %x_39_addr" [awn_int8.cpp:175]   --->   Operation 119 'load' 'x_39_load' <Predicate = (!icmp_ln172)> <Delay = 0.67> <CoreInst = "RAM">   --->   Core 83 'RAM' <Latency = 1> <II = 1> <Delay = 0.67> <Storage> <Opcode : 'load' 'store'> <Ports = 2> <Width = 8> <Depth = 64> <RAM>
ST_1 : Operation 120 [2/2] (0.67ns)   --->   "%x_40_load = load i6 %x_40_addr" [awn_int8.cpp:175]   --->   Operation 120 'load' 'x_40_load' <Predicate = (!icmp_ln172)> <Delay = 0.67> <CoreInst = "RAM">   --->   Core 83 'RAM' <Latency = 1> <II = 1> <Delay = 0.67> <Storage> <Opcode : 'load' 'store'> <Ports = 2> <Width = 8> <Depth = 64> <RAM>
ST_1 : Operation 121 [2/2] (0.67ns)   --->   "%x_41_load = load i6 %x_41_addr" [awn_int8.cpp:175]   --->   Operation 121 'load' 'x_41_load' <Predicate = (!icmp_ln172)> <Delay = 0.67> <CoreInst = "RAM">   --->   Core 83 'RAM' <Latency = 1> <II = 1> <Delay = 0.67> <Storage> <Opcode : 'load' 'store'> <Ports = 2> <Width = 8> <Depth = 64> <RAM>
ST_1 : Operation 122 [2/2] (0.67ns)   --->   "%x_42_load = load i6 %x_42_addr" [awn_int8.cpp:175]   --->   Operation 122 'load' 'x_42_load' <Predicate = (!icmp_ln172)> <Delay = 0.67> <CoreInst = "RAM">   --->   Core 83 'RAM' <Latency = 1> <II = 1> <Delay = 0.67> <Storage> <Opcode : 'load' 'store'> <Ports = 2> <Width = 8> <Depth = 64> <RAM>
ST_1 : Operation 123 [2/2] (0.67ns)   --->   "%x_43_load = load i6 %x_43_addr" [awn_int8.cpp:175]   --->   Operation 123 'load' 'x_43_load' <Predicate = (!icmp_ln172)> <Delay = 0.67> <CoreInst = "RAM">   --->   Core 83 'RAM' <Latency = 1> <II = 1> <Delay = 0.67> <Storage> <Opcode : 'load' 'store'> <Ports = 2> <Width = 8> <Depth = 64> <RAM>
ST_1 : Operation 124 [2/2] (0.67ns)   --->   "%x_44_load = load i6 %x_44_addr" [awn_int8.cpp:175]   --->   Operation 124 'load' 'x_44_load' <Predicate = (!icmp_ln172)> <Delay = 0.67> <CoreInst = "RAM">   --->   Core 83 'RAM' <Latency = 1> <II = 1> <Delay = 0.67> <Storage> <Opcode : 'load' 'store'> <Ports = 2> <Width = 8> <Depth = 64> <RAM>
ST_1 : Operation 125 [2/2] (0.67ns)   --->   "%x_45_load = load i6 %x_45_addr" [awn_int8.cpp:175]   --->   Operation 125 'load' 'x_45_load' <Predicate = (!icmp_ln172)> <Delay = 0.67> <CoreInst = "RAM">   --->   Core 83 'RAM' <Latency = 1> <II = 1> <Delay = 0.67> <Storage> <Opcode : 'load' 'store'> <Ports = 2> <Width = 8> <Depth = 64> <RAM>
ST_1 : Operation 126 [2/2] (0.67ns)   --->   "%x_46_load = load i6 %x_46_addr" [awn_int8.cpp:175]   --->   Operation 126 'load' 'x_46_load' <Predicate = (!icmp_ln172)> <Delay = 0.67> <CoreInst = "RAM">   --->   Core 83 'RAM' <Latency = 1> <II = 1> <Delay = 0.67> <Storage> <Opcode : 'load' 'store'> <Ports = 2> <Width = 8> <Depth = 64> <RAM>
ST_1 : Operation 127 [2/2] (0.67ns)   --->   "%x_47_load = load i6 %x_47_addr" [awn_int8.cpp:175]   --->   Operation 127 'load' 'x_47_load' <Predicate = (!icmp_ln172)> <Delay = 0.67> <CoreInst = "RAM">   --->   Core 83 'RAM' <Latency = 1> <II = 1> <Delay = 0.67> <Storage> <Opcode : 'load' 'store'> <Ports = 2> <Width = 8> <Depth = 64> <RAM>
ST_1 : Operation 128 [2/2] (0.67ns)   --->   "%x_48_load = load i6 %x_48_addr" [awn_int8.cpp:175]   --->   Operation 128 'load' 'x_48_load' <Predicate = (!icmp_ln172)> <Delay = 0.67> <CoreInst = "RAM">   --->   Core 83 'RAM' <Latency = 1> <II = 1> <Delay = 0.67> <Storage> <Opcode : 'load' 'store'> <Ports = 2> <Width = 8> <Depth = 64> <RAM>
ST_1 : Operation 129 [2/2] (0.67ns)   --->   "%x_49_load = load i6 %x_49_addr" [awn_int8.cpp:175]   --->   Operation 129 'load' 'x_49_load' <Predicate = (!icmp_ln172)> <Delay = 0.67> <CoreInst = "RAM">   --->   Core 83 'RAM' <Latency = 1> <II = 1> <Delay = 0.67> <Storage> <Opcode : 'load' 'store'> <Ports = 2> <Width = 8> <Depth = 64> <RAM>
ST_1 : Operation 130 [2/2] (0.67ns)   --->   "%x_50_load = load i6 %x_50_addr" [awn_int8.cpp:175]   --->   Operation 130 'load' 'x_50_load' <Predicate = (!icmp_ln172)> <Delay = 0.67> <CoreInst = "RAM">   --->   Core 83 'RAM' <Latency = 1> <II = 1> <Delay = 0.67> <Storage> <Opcode : 'load' 'store'> <Ports = 2> <Width = 8> <Depth = 64> <RAM>
ST_1 : Operation 131 [2/2] (0.67ns)   --->   "%x_51_load = load i6 %x_51_addr" [awn_int8.cpp:175]   --->   Operation 131 'load' 'x_51_load' <Predicate = (!icmp_ln172)> <Delay = 0.67> <CoreInst = "RAM">   --->   Core 83 'RAM' <Latency = 1> <II = 1> <Delay = 0.67> <Storage> <Opcode : 'load' 'store'> <Ports = 2> <Width = 8> <Depth = 64> <RAM>
ST_1 : Operation 132 [2/2] (0.67ns)   --->   "%x_52_load = load i6 %x_52_addr" [awn_int8.cpp:175]   --->   Operation 132 'load' 'x_52_load' <Predicate = (!icmp_ln172)> <Delay = 0.67> <CoreInst = "RAM">   --->   Core 83 'RAM' <Latency = 1> <II = 1> <Delay = 0.67> <Storage> <Opcode : 'load' 'store'> <Ports = 2> <Width = 8> <Depth = 64> <RAM>
ST_1 : Operation 133 [2/2] (0.67ns)   --->   "%x_53_load = load i6 %x_53_addr" [awn_int8.cpp:175]   --->   Operation 133 'load' 'x_53_load' <Predicate = (!icmp_ln172)> <Delay = 0.67> <CoreInst = "RAM">   --->   Core 83 'RAM' <Latency = 1> <II = 1> <Delay = 0.67> <Storage> <Opcode : 'load' 'store'> <Ports = 2> <Width = 8> <Depth = 64> <RAM>
ST_1 : Operation 134 [2/2] (0.67ns)   --->   "%x_54_load = load i6 %x_54_addr" [awn_int8.cpp:175]   --->   Operation 134 'load' 'x_54_load' <Predicate = (!icmp_ln172)> <Delay = 0.67> <CoreInst = "RAM">   --->   Core 83 'RAM' <Latency = 1> <II = 1> <Delay = 0.67> <Storage> <Opcode : 'load' 'store'> <Ports = 2> <Width = 8> <Depth = 64> <RAM>
ST_1 : Operation 135 [2/2] (0.67ns)   --->   "%x_55_load = load i6 %x_55_addr" [awn_int8.cpp:175]   --->   Operation 135 'load' 'x_55_load' <Predicate = (!icmp_ln172)> <Delay = 0.67> <CoreInst = "RAM">   --->   Core 83 'RAM' <Latency = 1> <II = 1> <Delay = 0.67> <Storage> <Opcode : 'load' 'store'> <Ports = 2> <Width = 8> <Depth = 64> <RAM>
ST_1 : Operation 136 [2/2] (0.67ns)   --->   "%x_56_load = load i6 %x_56_addr" [awn_int8.cpp:175]   --->   Operation 136 'load' 'x_56_load' <Predicate = (!icmp_ln172)> <Delay = 0.67> <CoreInst = "RAM">   --->   Core 83 'RAM' <Latency = 1> <II = 1> <Delay = 0.67> <Storage> <Opcode : 'load' 'store'> <Ports = 2> <Width = 8> <Depth = 64> <RAM>
ST_1 : Operation 137 [2/2] (0.67ns)   --->   "%x_57_load = load i6 %x_57_addr" [awn_int8.cpp:175]   --->   Operation 137 'load' 'x_57_load' <Predicate = (!icmp_ln172)> <Delay = 0.67> <CoreInst = "RAM">   --->   Core 83 'RAM' <Latency = 1> <II = 1> <Delay = 0.67> <Storage> <Opcode : 'load' 'store'> <Ports = 2> <Width = 8> <Depth = 64> <RAM>
ST_1 : Operation 138 [2/2] (0.67ns)   --->   "%x_58_load = load i6 %x_58_addr" [awn_int8.cpp:175]   --->   Operation 138 'load' 'x_58_load' <Predicate = (!icmp_ln172)> <Delay = 0.67> <CoreInst = "RAM">   --->   Core 83 'RAM' <Latency = 1> <II = 1> <Delay = 0.67> <Storage> <Opcode : 'load' 'store'> <Ports = 2> <Width = 8> <Depth = 64> <RAM>
ST_1 : Operation 139 [2/2] (0.67ns)   --->   "%x_59_load = load i6 %x_59_addr" [awn_int8.cpp:175]   --->   Operation 139 'load' 'x_59_load' <Predicate = (!icmp_ln172)> <Delay = 0.67> <CoreInst = "RAM">   --->   Core 83 'RAM' <Latency = 1> <II = 1> <Delay = 0.67> <Storage> <Opcode : 'load' 'store'> <Ports = 2> <Width = 8> <Depth = 64> <RAM>
ST_1 : Operation 140 [2/2] (0.67ns)   --->   "%x_60_load = load i6 %x_60_addr" [awn_int8.cpp:175]   --->   Operation 140 'load' 'x_60_load' <Predicate = (!icmp_ln172)> <Delay = 0.67> <CoreInst = "RAM">   --->   Core 83 'RAM' <Latency = 1> <II = 1> <Delay = 0.67> <Storage> <Opcode : 'load' 'store'> <Ports = 2> <Width = 8> <Depth = 64> <RAM>
ST_1 : Operation 141 [2/2] (0.67ns)   --->   "%x_61_load = load i6 %x_61_addr" [awn_int8.cpp:175]   --->   Operation 141 'load' 'x_61_load' <Predicate = (!icmp_ln172)> <Delay = 0.67> <CoreInst = "RAM">   --->   Core 83 'RAM' <Latency = 1> <II = 1> <Delay = 0.67> <Storage> <Opcode : 'load' 'store'> <Ports = 2> <Width = 8> <Depth = 64> <RAM>
ST_1 : Operation 142 [2/2] (0.67ns)   --->   "%x_62_load = load i6 %x_62_addr" [awn_int8.cpp:175]   --->   Operation 142 'load' 'x_62_load' <Predicate = (!icmp_ln172)> <Delay = 0.67> <CoreInst = "RAM">   --->   Core 83 'RAM' <Latency = 1> <II = 1> <Delay = 0.67> <Storage> <Opcode : 'load' 'store'> <Ports = 2> <Width = 8> <Depth = 64> <RAM>
ST_1 : Operation 143 [2/2] (0.67ns)   --->   "%x_63_load = load i6 %x_63_addr" [awn_int8.cpp:175]   --->   Operation 143 'load' 'x_63_load' <Predicate = (!icmp_ln172)> <Delay = 0.67> <CoreInst = "RAM">   --->   Core 83 'RAM' <Latency = 1> <II = 1> <Delay = 0.67> <Storage> <Opcode : 'load' 'store'> <Ports = 2> <Width = 8> <Depth = 64> <RAM>
ST_1 : Operation 144 [1/1] (0.42ns)   --->   "%store_ln172 = store i7 %add_ln172, i7 %c" [awn_int8.cpp:172]   --->   Operation 144 'store' 'store_ln172' <Predicate = (!icmp_ln172)> <Delay = 0.42>

State 2 <SV = 1> <Delay = 3.00>
ST_2 : Operation 145 [1/2] (0.67ns)   --->   "%acc = load i6 %x_0_addr" [awn_int8.cpp:175]   --->   Operation 145 'load' 'acc' <Predicate = true> <Delay = 0.67> <CoreInst = "RAM">   --->   Core 83 'RAM' <Latency = 1> <II = 1> <Delay = 0.67> <Storage> <Opcode : 'load' 'store'> <Ports = 2> <Width = 8> <Depth = 64> <RAM>
ST_2 : Operation 146 [1/1] (0.00ns)   --->   "%sext_ln174 = sext i8 %acc" [awn_int8.cpp:174]   --->   Operation 146 'sext' 'sext_ln174' <Predicate = true> <Delay = 0.00>
ST_2 : Operation 147 [1/2] (0.67ns)   --->   "%x_1_load = load i6 %x_1_addr" [awn_int8.cpp:175]   --->   Operation 147 'load' 'x_1_load' <Predicate = true> <Delay = 0.67> <CoreInst = "RAM">   --->   Core 83 'RAM' <Latency = 1> <II = 1> <Delay = 0.67> <Storage> <Opcode : 'load' 'store'> <Ports = 2> <Width = 8> <Depth = 64> <RAM>
ST_2 : Operation 148 [1/1] (0.00ns)   --->   "%sext_ln175 = sext i8 %x_1_load" [awn_int8.cpp:175]   --->   Operation 148 'sext' 'sext_ln175' <Predicate = true> <Delay = 0.00>
ST_2 : Operation 149 [1/2] (0.67ns)   --->   "%x_2_load = load i6 %x_2_addr" [awn_int8.cpp:175]   --->   Operation 149 'load' 'x_2_load' <Predicate = true> <Delay = 0.67> <CoreInst = "RAM">   --->   Core 83 'RAM' <Latency = 1> <II = 1> <Delay = 0.67> <Storage> <Opcode : 'load' 'store'> <Ports = 2> <Width = 8> <Depth = 64> <RAM>
ST_2 : Operation 150 [1/1] (0.00ns)   --->   "%sext_ln175_125 = sext i8 %x_2_load" [awn_int8.cpp:175]   --->   Operation 150 'sext' 'sext_ln175_125' <Predicate = true> <Delay = 0.00>
ST_2 : Operation 151 [1/2] (0.67ns)   --->   "%x_3_load = load i6 %x_3_addr" [awn_int8.cpp:175]   --->   Operation 151 'load' 'x_3_load' <Predicate = true> <Delay = 0.67> <CoreInst = "RAM">   --->   Core 83 'RAM' <Latency = 1> <II = 1> <Delay = 0.67> <Storage> <Opcode : 'load' 'store'> <Ports = 2> <Width = 8> <Depth = 64> <RAM>
ST_2 : Operation 152 [1/1] (0.00ns)   --->   "%sext_ln175_126 = sext i8 %x_3_load" [awn_int8.cpp:175]   --->   Operation 152 'sext' 'sext_ln175_126' <Predicate = true> <Delay = 0.00>
ST_2 : Operation 153 [1/2] (0.67ns)   --->   "%x_4_load = load i6 %x_4_addr" [awn_int8.cpp:175]   --->   Operation 153 'load' 'x_4_load' <Predicate = true> <Delay = 0.67> <CoreInst = "RAM">   --->   Core 83 'RAM' <Latency = 1> <II = 1> <Delay = 0.67> <Storage> <Opcode : 'load' 'store'> <Ports = 2> <Width = 8> <Depth = 64> <RAM>
ST_2 : Operation 154 [1/1] (0.00ns)   --->   "%sext_ln175_127 = sext i8 %x_4_load" [awn_int8.cpp:175]   --->   Operation 154 'sext' 'sext_ln175_127' <Predicate = true> <Delay = 0.00>
ST_2 : Operation 155 [1/2] (0.67ns)   --->   "%x_5_load = load i6 %x_5_addr" [awn_int8.cpp:175]   --->   Operation 155 'load' 'x_5_load' <Predicate = true> <Delay = 0.67> <CoreInst = "RAM">   --->   Core 83 'RAM' <Latency = 1> <II = 1> <Delay = 0.67> <Storage> <Opcode : 'load' 'store'> <Ports = 2> <Width = 8> <Depth = 64> <RAM>
ST_2 : Operation 156 [1/1] (0.00ns)   --->   "%sext_ln175_128 = sext i8 %x_5_load" [awn_int8.cpp:175]   --->   Operation 156 'sext' 'sext_ln175_128' <Predicate = true> <Delay = 0.00>
ST_2 : Operation 157 [1/2] (0.67ns)   --->   "%x_6_load = load i6 %x_6_addr" [awn_int8.cpp:175]   --->   Operation 157 'load' 'x_6_load' <Predicate = true> <Delay = 0.67> <CoreInst = "RAM">   --->   Core 83 'RAM' <Latency = 1> <II = 1> <Delay = 0.67> <Storage> <Opcode : 'load' 'store'> <Ports = 2> <Width = 8> <Depth = 64> <RAM>
ST_2 : Operation 158 [1/1] (0.00ns)   --->   "%sext_ln175_129 = sext i8 %x_6_load" [awn_int8.cpp:175]   --->   Operation 158 'sext' 'sext_ln175_129' <Predicate = true> <Delay = 0.00>
ST_2 : Operation 159 [1/2] (0.67ns)   --->   "%x_7_load = load i6 %x_7_addr" [awn_int8.cpp:175]   --->   Operation 159 'load' 'x_7_load' <Predicate = true> <Delay = 0.67> <CoreInst = "RAM">   --->   Core 83 'RAM' <Latency = 1> <II = 1> <Delay = 0.67> <Storage> <Opcode : 'load' 'store'> <Ports = 2> <Width = 8> <Depth = 64> <RAM>
ST_2 : Operation 160 [1/1] (0.00ns)   --->   "%sext_ln175_130 = sext i8 %x_7_load" [awn_int8.cpp:175]   --->   Operation 160 'sext' 'sext_ln175_130' <Predicate = true> <Delay = 0.00>
ST_2 : Operation 161 [1/2] (0.67ns)   --->   "%x_8_load = load i6 %x_8_addr" [awn_int8.cpp:175]   --->   Operation 161 'load' 'x_8_load' <Predicate = true> <Delay = 0.67> <CoreInst = "RAM">   --->   Core 83 'RAM' <Latency = 1> <II = 1> <Delay = 0.67> <Storage> <Opcode : 'load' 'store'> <Ports = 2> <Width = 8> <Depth = 64> <RAM>
ST_2 : Operation 162 [1/1] (0.00ns)   --->   "%sext_ln175_131 = sext i8 %x_8_load" [awn_int8.cpp:175]   --->   Operation 162 'sext' 'sext_ln175_131' <Predicate = true> <Delay = 0.00>
ST_2 : Operation 163 [1/2] (0.67ns)   --->   "%x_9_load = load i6 %x_9_addr" [awn_int8.cpp:175]   --->   Operation 163 'load' 'x_9_load' <Predicate = true> <Delay = 0.67> <CoreInst = "RAM">   --->   Core 83 'RAM' <Latency = 1> <II = 1> <Delay = 0.67> <Storage> <Opcode : 'load' 'store'> <Ports = 2> <Width = 8> <Depth = 64> <RAM>
ST_2 : Operation 164 [1/1] (0.00ns)   --->   "%sext_ln175_132 = sext i8 %x_9_load" [awn_int8.cpp:175]   --->   Operation 164 'sext' 'sext_ln175_132' <Predicate = true> <Delay = 0.00>
ST_2 : Operation 165 [1/2] (0.67ns)   --->   "%x_10_load = load i6 %x_10_addr" [awn_int8.cpp:175]   --->   Operation 165 'load' 'x_10_load' <Predicate = true> <Delay = 0.67> <CoreInst = "RAM">   --->   Core 83 'RAM' <Latency = 1> <II = 1> <Delay = 0.67> <Storage> <Opcode : 'load' 'store'> <Ports = 2> <Width = 8> <Depth = 64> <RAM>
ST_2 : Operation 166 [1/1] (0.00ns)   --->   "%sext_ln175_133 = sext i8 %x_10_load" [awn_int8.cpp:175]   --->   Operation 166 'sext' 'sext_ln175_133' <Predicate = true> <Delay = 0.00>
ST_2 : Operation 167 [1/2] (0.67ns)   --->   "%x_11_load = load i6 %x_11_addr" [awn_int8.cpp:175]   --->   Operation 167 'load' 'x_11_load' <Predicate = true> <Delay = 0.67> <CoreInst = "RAM">   --->   Core 83 'RAM' <Latency = 1> <II = 1> <Delay = 0.67> <Storage> <Opcode : 'load' 'store'> <Ports = 2> <Width = 8> <Depth = 64> <RAM>
ST_2 : Operation 168 [1/1] (0.00ns)   --->   "%sext_ln175_134 = sext i8 %x_11_load" [awn_int8.cpp:175]   --->   Operation 168 'sext' 'sext_ln175_134' <Predicate = true> <Delay = 0.00>
ST_2 : Operation 169 [1/2] (0.67ns)   --->   "%x_12_load = load i6 %x_12_addr" [awn_int8.cpp:175]   --->   Operation 169 'load' 'x_12_load' <Predicate = true> <Delay = 0.67> <CoreInst = "RAM">   --->   Core 83 'RAM' <Latency = 1> <II = 1> <Delay = 0.67> <Storage> <Opcode : 'load' 'store'> <Ports = 2> <Width = 8> <Depth = 64> <RAM>
ST_2 : Operation 170 [1/1] (0.00ns)   --->   "%sext_ln175_135 = sext i8 %x_12_load" [awn_int8.cpp:175]   --->   Operation 170 'sext' 'sext_ln175_135' <Predicate = true> <Delay = 0.00>
ST_2 : Operation 171 [1/2] (0.67ns)   --->   "%x_13_load = load i6 %x_13_addr" [awn_int8.cpp:175]   --->   Operation 171 'load' 'x_13_load' <Predicate = true> <Delay = 0.67> <CoreInst = "RAM">   --->   Core 83 'RAM' <Latency = 1> <II = 1> <Delay = 0.67> <Storage> <Opcode : 'load' 'store'> <Ports = 2> <Width = 8> <Depth = 64> <RAM>
ST_2 : Operation 172 [1/1] (0.00ns)   --->   "%sext_ln175_136 = sext i8 %x_13_load" [awn_int8.cpp:175]   --->   Operation 172 'sext' 'sext_ln175_136' <Predicate = true> <Delay = 0.00>
ST_2 : Operation 173 [1/2] (0.67ns)   --->   "%x_14_load = load i6 %x_14_addr" [awn_int8.cpp:175]   --->   Operation 173 'load' 'x_14_load' <Predicate = true> <Delay = 0.67> <CoreInst = "RAM">   --->   Core 83 'RAM' <Latency = 1> <II = 1> <Delay = 0.67> <Storage> <Opcode : 'load' 'store'> <Ports = 2> <Width = 8> <Depth = 64> <RAM>
ST_2 : Operation 174 [1/1] (0.00ns)   --->   "%sext_ln175_137 = sext i8 %x_14_load" [awn_int8.cpp:175]   --->   Operation 174 'sext' 'sext_ln175_137' <Predicate = true> <Delay = 0.00>
ST_2 : Operation 175 [1/2] (0.67ns)   --->   "%x_15_load = load i6 %x_15_addr" [awn_int8.cpp:175]   --->   Operation 175 'load' 'x_15_load' <Predicate = true> <Delay = 0.67> <CoreInst = "RAM">   --->   Core 83 'RAM' <Latency = 1> <II = 1> <Delay = 0.67> <Storage> <Opcode : 'load' 'store'> <Ports = 2> <Width = 8> <Depth = 64> <RAM>
ST_2 : Operation 176 [1/1] (0.00ns)   --->   "%sext_ln175_138 = sext i8 %x_15_load" [awn_int8.cpp:175]   --->   Operation 176 'sext' 'sext_ln175_138' <Predicate = true> <Delay = 0.00>
ST_2 : Operation 177 [1/2] (0.67ns)   --->   "%x_16_load = load i6 %x_16_addr" [awn_int8.cpp:175]   --->   Operation 177 'load' 'x_16_load' <Predicate = true> <Delay = 0.67> <CoreInst = "RAM">   --->   Core 83 'RAM' <Latency = 1> <II = 1> <Delay = 0.67> <Storage> <Opcode : 'load' 'store'> <Ports = 2> <Width = 8> <Depth = 64> <RAM>
ST_2 : Operation 178 [1/1] (0.00ns)   --->   "%sext_ln175_139 = sext i8 %x_16_load" [awn_int8.cpp:175]   --->   Operation 178 'sext' 'sext_ln175_139' <Predicate = true> <Delay = 0.00>
ST_2 : Operation 179 [1/2] (0.67ns)   --->   "%x_17_load = load i6 %x_17_addr" [awn_int8.cpp:175]   --->   Operation 179 'load' 'x_17_load' <Predicate = true> <Delay = 0.67> <CoreInst = "RAM">   --->   Core 83 'RAM' <Latency = 1> <II = 1> <Delay = 0.67> <Storage> <Opcode : 'load' 'store'> <Ports = 2> <Width = 8> <Depth = 64> <RAM>
ST_2 : Operation 180 [1/1] (0.00ns)   --->   "%sext_ln175_140 = sext i8 %x_17_load" [awn_int8.cpp:175]   --->   Operation 180 'sext' 'sext_ln175_140' <Predicate = true> <Delay = 0.00>
ST_2 : Operation 181 [1/2] (0.67ns)   --->   "%x_18_load = load i6 %x_18_addr" [awn_int8.cpp:175]   --->   Operation 181 'load' 'x_18_load' <Predicate = true> <Delay = 0.67> <CoreInst = "RAM">   --->   Core 83 'RAM' <Latency = 1> <II = 1> <Delay = 0.67> <Storage> <Opcode : 'load' 'store'> <Ports = 2> <Width = 8> <Depth = 64> <RAM>
ST_2 : Operation 182 [1/1] (0.00ns)   --->   "%sext_ln175_141 = sext i8 %x_18_load" [awn_int8.cpp:175]   --->   Operation 182 'sext' 'sext_ln175_141' <Predicate = true> <Delay = 0.00>
ST_2 : Operation 183 [1/2] (0.67ns)   --->   "%x_19_load = load i6 %x_19_addr" [awn_int8.cpp:175]   --->   Operation 183 'load' 'x_19_load' <Predicate = true> <Delay = 0.67> <CoreInst = "RAM">   --->   Core 83 'RAM' <Latency = 1> <II = 1> <Delay = 0.67> <Storage> <Opcode : 'load' 'store'> <Ports = 2> <Width = 8> <Depth = 64> <RAM>
ST_2 : Operation 184 [1/1] (0.00ns)   --->   "%sext_ln175_142 = sext i8 %x_19_load" [awn_int8.cpp:175]   --->   Operation 184 'sext' 'sext_ln175_142' <Predicate = true> <Delay = 0.00>
ST_2 : Operation 185 [1/2] (0.67ns)   --->   "%x_20_load = load i6 %x_20_addr" [awn_int8.cpp:175]   --->   Operation 185 'load' 'x_20_load' <Predicate = true> <Delay = 0.67> <CoreInst = "RAM">   --->   Core 83 'RAM' <Latency = 1> <II = 1> <Delay = 0.67> <Storage> <Opcode : 'load' 'store'> <Ports = 2> <Width = 8> <Depth = 64> <RAM>
ST_2 : Operation 186 [1/1] (0.00ns)   --->   "%sext_ln175_143 = sext i8 %x_20_load" [awn_int8.cpp:175]   --->   Operation 186 'sext' 'sext_ln175_143' <Predicate = true> <Delay = 0.00>
ST_2 : Operation 187 [1/2] (0.67ns)   --->   "%x_21_load = load i6 %x_21_addr" [awn_int8.cpp:175]   --->   Operation 187 'load' 'x_21_load' <Predicate = true> <Delay = 0.67> <CoreInst = "RAM">   --->   Core 83 'RAM' <Latency = 1> <II = 1> <Delay = 0.67> <Storage> <Opcode : 'load' 'store'> <Ports = 2> <Width = 8> <Depth = 64> <RAM>
ST_2 : Operation 188 [1/1] (0.00ns)   --->   "%sext_ln175_144 = sext i8 %x_21_load" [awn_int8.cpp:175]   --->   Operation 188 'sext' 'sext_ln175_144' <Predicate = true> <Delay = 0.00>
ST_2 : Operation 189 [1/2] (0.67ns)   --->   "%x_22_load = load i6 %x_22_addr" [awn_int8.cpp:175]   --->   Operation 189 'load' 'x_22_load' <Predicate = true> <Delay = 0.67> <CoreInst = "RAM">   --->   Core 83 'RAM' <Latency = 1> <II = 1> <Delay = 0.67> <Storage> <Opcode : 'load' 'store'> <Ports = 2> <Width = 8> <Depth = 64> <RAM>
ST_2 : Operation 190 [1/1] (0.00ns)   --->   "%sext_ln175_145 = sext i8 %x_22_load" [awn_int8.cpp:175]   --->   Operation 190 'sext' 'sext_ln175_145' <Predicate = true> <Delay = 0.00>
ST_2 : Operation 191 [1/2] (0.67ns)   --->   "%x_23_load = load i6 %x_23_addr" [awn_int8.cpp:175]   --->   Operation 191 'load' 'x_23_load' <Predicate = true> <Delay = 0.67> <CoreInst = "RAM">   --->   Core 83 'RAM' <Latency = 1> <II = 1> <Delay = 0.67> <Storage> <Opcode : 'load' 'store'> <Ports = 2> <Width = 8> <Depth = 64> <RAM>
ST_2 : Operation 192 [1/1] (0.00ns)   --->   "%sext_ln175_146 = sext i8 %x_23_load" [awn_int8.cpp:175]   --->   Operation 192 'sext' 'sext_ln175_146' <Predicate = true> <Delay = 0.00>
ST_2 : Operation 193 [1/2] (0.67ns)   --->   "%x_24_load = load i6 %x_24_addr" [awn_int8.cpp:175]   --->   Operation 193 'load' 'x_24_load' <Predicate = true> <Delay = 0.67> <CoreInst = "RAM">   --->   Core 83 'RAM' <Latency = 1> <II = 1> <Delay = 0.67> <Storage> <Opcode : 'load' 'store'> <Ports = 2> <Width = 8> <Depth = 64> <RAM>
ST_2 : Operation 194 [1/1] (0.00ns)   --->   "%sext_ln175_147 = sext i8 %x_24_load" [awn_int8.cpp:175]   --->   Operation 194 'sext' 'sext_ln175_147' <Predicate = true> <Delay = 0.00>
ST_2 : Operation 195 [1/2] (0.67ns)   --->   "%x_25_load = load i6 %x_25_addr" [awn_int8.cpp:175]   --->   Operation 195 'load' 'x_25_load' <Predicate = true> <Delay = 0.67> <CoreInst = "RAM">   --->   Core 83 'RAM' <Latency = 1> <II = 1> <Delay = 0.67> <Storage> <Opcode : 'load' 'store'> <Ports = 2> <Width = 8> <Depth = 64> <RAM>
ST_2 : Operation 196 [1/1] (0.00ns)   --->   "%sext_ln175_148 = sext i8 %x_25_load" [awn_int8.cpp:175]   --->   Operation 196 'sext' 'sext_ln175_148' <Predicate = true> <Delay = 0.00>
ST_2 : Operation 197 [1/2] (0.67ns)   --->   "%x_26_load = load i6 %x_26_addr" [awn_int8.cpp:175]   --->   Operation 197 'load' 'x_26_load' <Predicate = true> <Delay = 0.67> <CoreInst = "RAM">   --->   Core 83 'RAM' <Latency = 1> <II = 1> <Delay = 0.67> <Storage> <Opcode : 'load' 'store'> <Ports = 2> <Width = 8> <Depth = 64> <RAM>
ST_2 : Operation 198 [1/1] (0.00ns)   --->   "%sext_ln175_149 = sext i8 %x_26_load" [awn_int8.cpp:175]   --->   Operation 198 'sext' 'sext_ln175_149' <Predicate = true> <Delay = 0.00>
ST_2 : Operation 199 [1/2] (0.67ns)   --->   "%x_27_load = load i6 %x_27_addr" [awn_int8.cpp:175]   --->   Operation 199 'load' 'x_27_load' <Predicate = true> <Delay = 0.67> <CoreInst = "RAM">   --->   Core 83 'RAM' <Latency = 1> <II = 1> <Delay = 0.67> <Storage> <Opcode : 'load' 'store'> <Ports = 2> <Width = 8> <Depth = 64> <RAM>
ST_2 : Operation 200 [1/1] (0.00ns)   --->   "%sext_ln175_150 = sext i8 %x_27_load" [awn_int8.cpp:175]   --->   Operation 200 'sext' 'sext_ln175_150' <Predicate = true> <Delay = 0.00>
ST_2 : Operation 201 [1/2] (0.67ns)   --->   "%x_28_load = load i6 %x_28_addr" [awn_int8.cpp:175]   --->   Operation 201 'load' 'x_28_load' <Predicate = true> <Delay = 0.67> <CoreInst = "RAM">   --->   Core 83 'RAM' <Latency = 1> <II = 1> <Delay = 0.67> <Storage> <Opcode : 'load' 'store'> <Ports = 2> <Width = 8> <Depth = 64> <RAM>
ST_2 : Operation 202 [1/1] (0.00ns)   --->   "%sext_ln175_151 = sext i8 %x_28_load" [awn_int8.cpp:175]   --->   Operation 202 'sext' 'sext_ln175_151' <Predicate = true> <Delay = 0.00>
ST_2 : Operation 203 [1/2] (0.67ns)   --->   "%x_29_load = load i6 %x_29_addr" [awn_int8.cpp:175]   --->   Operation 203 'load' 'x_29_load' <Predicate = true> <Delay = 0.67> <CoreInst = "RAM">   --->   Core 83 'RAM' <Latency = 1> <II = 1> <Delay = 0.67> <Storage> <Opcode : 'load' 'store'> <Ports = 2> <Width = 8> <Depth = 64> <RAM>
ST_2 : Operation 204 [1/1] (0.00ns)   --->   "%sext_ln175_152 = sext i8 %x_29_load" [awn_int8.cpp:175]   --->   Operation 204 'sext' 'sext_ln175_152' <Predicate = true> <Delay = 0.00>
ST_2 : Operation 205 [1/2] (0.67ns)   --->   "%x_30_load = load i6 %x_30_addr" [awn_int8.cpp:175]   --->   Operation 205 'load' 'x_30_load' <Predicate = true> <Delay = 0.67> <CoreInst = "RAM">   --->   Core 83 'RAM' <Latency = 1> <II = 1> <Delay = 0.67> <Storage> <Opcode : 'load' 'store'> <Ports = 2> <Width = 8> <Depth = 64> <RAM>
ST_2 : Operation 206 [1/1] (0.00ns)   --->   "%sext_ln175_153 = sext i8 %x_30_load" [awn_int8.cpp:175]   --->   Operation 206 'sext' 'sext_ln175_153' <Predicate = true> <Delay = 0.00>
ST_2 : Operation 207 [1/2] (0.67ns)   --->   "%x_31_load = load i6 %x_31_addr" [awn_int8.cpp:175]   --->   Operation 207 'load' 'x_31_load' <Predicate = true> <Delay = 0.67> <CoreInst = "RAM">   --->   Core 83 'RAM' <Latency = 1> <II = 1> <Delay = 0.67> <Storage> <Opcode : 'load' 'store'> <Ports = 2> <Width = 8> <Depth = 64> <RAM>
ST_2 : Operation 208 [1/1] (0.00ns)   --->   "%sext_ln175_154 = sext i8 %x_31_load" [awn_int8.cpp:175]   --->   Operation 208 'sext' 'sext_ln175_154' <Predicate = true> <Delay = 0.00>
ST_2 : Operation 209 [1/2] (0.67ns)   --->   "%x_32_load = load i6 %x_32_addr" [awn_int8.cpp:175]   --->   Operation 209 'load' 'x_32_load' <Predicate = true> <Delay = 0.67> <CoreInst = "RAM">   --->   Core 83 'RAM' <Latency = 1> <II = 1> <Delay = 0.67> <Storage> <Opcode : 'load' 'store'> <Ports = 2> <Width = 8> <Depth = 64> <RAM>
ST_2 : Operation 210 [1/1] (0.00ns)   --->   "%sext_ln175_155 = sext i8 %x_32_load" [awn_int8.cpp:175]   --->   Operation 210 'sext' 'sext_ln175_155' <Predicate = true> <Delay = 0.00>
ST_2 : Operation 211 [1/2] (0.67ns)   --->   "%x_33_load = load i6 %x_33_addr" [awn_int8.cpp:175]   --->   Operation 211 'load' 'x_33_load' <Predicate = true> <Delay = 0.67> <CoreInst = "RAM">   --->   Core 83 'RAM' <Latency = 1> <II = 1> <Delay = 0.67> <Storage> <Opcode : 'load' 'store'> <Ports = 2> <Width = 8> <Depth = 64> <RAM>
ST_2 : Operation 212 [1/1] (0.00ns)   --->   "%sext_ln175_156 = sext i8 %x_33_load" [awn_int8.cpp:175]   --->   Operation 212 'sext' 'sext_ln175_156' <Predicate = true> <Delay = 0.00>
ST_2 : Operation 213 [1/2] (0.67ns)   --->   "%x_34_load = load i6 %x_34_addr" [awn_int8.cpp:175]   --->   Operation 213 'load' 'x_34_load' <Predicate = true> <Delay = 0.67> <CoreInst = "RAM">   --->   Core 83 'RAM' <Latency = 1> <II = 1> <Delay = 0.67> <Storage> <Opcode : 'load' 'store'> <Ports = 2> <Width = 8> <Depth = 64> <RAM>
ST_2 : Operation 214 [1/1] (0.00ns)   --->   "%sext_ln175_157 = sext i8 %x_34_load" [awn_int8.cpp:175]   --->   Operation 214 'sext' 'sext_ln175_157' <Predicate = true> <Delay = 0.00>
ST_2 : Operation 215 [1/2] (0.67ns)   --->   "%x_35_load = load i6 %x_35_addr" [awn_int8.cpp:175]   --->   Operation 215 'load' 'x_35_load' <Predicate = true> <Delay = 0.67> <CoreInst = "RAM">   --->   Core 83 'RAM' <Latency = 1> <II = 1> <Delay = 0.67> <Storage> <Opcode : 'load' 'store'> <Ports = 2> <Width = 8> <Depth = 64> <RAM>
ST_2 : Operation 216 [1/1] (0.00ns)   --->   "%sext_ln175_158 = sext i8 %x_35_load" [awn_int8.cpp:175]   --->   Operation 216 'sext' 'sext_ln175_158' <Predicate = true> <Delay = 0.00>
ST_2 : Operation 217 [1/2] (0.67ns)   --->   "%x_36_load = load i6 %x_36_addr" [awn_int8.cpp:175]   --->   Operation 217 'load' 'x_36_load' <Predicate = true> <Delay = 0.67> <CoreInst = "RAM">   --->   Core 83 'RAM' <Latency = 1> <II = 1> <Delay = 0.67> <Storage> <Opcode : 'load' 'store'> <Ports = 2> <Width = 8> <Depth = 64> <RAM>
ST_2 : Operation 218 [1/1] (0.00ns)   --->   "%sext_ln175_159 = sext i8 %x_36_load" [awn_int8.cpp:175]   --->   Operation 218 'sext' 'sext_ln175_159' <Predicate = true> <Delay = 0.00>
ST_2 : Operation 219 [1/2] (0.67ns)   --->   "%x_37_load = load i6 %x_37_addr" [awn_int8.cpp:175]   --->   Operation 219 'load' 'x_37_load' <Predicate = true> <Delay = 0.67> <CoreInst = "RAM">   --->   Core 83 'RAM' <Latency = 1> <II = 1> <Delay = 0.67> <Storage> <Opcode : 'load' 'store'> <Ports = 2> <Width = 8> <Depth = 64> <RAM>
ST_2 : Operation 220 [1/1] (0.00ns)   --->   "%sext_ln175_160 = sext i8 %x_37_load" [awn_int8.cpp:175]   --->   Operation 220 'sext' 'sext_ln175_160' <Predicate = true> <Delay = 0.00>
ST_2 : Operation 221 [1/2] (0.67ns)   --->   "%x_38_load = load i6 %x_38_addr" [awn_int8.cpp:175]   --->   Operation 221 'load' 'x_38_load' <Predicate = true> <Delay = 0.67> <CoreInst = "RAM">   --->   Core 83 'RAM' <Latency = 1> <II = 1> <Delay = 0.67> <Storage> <Opcode : 'load' 'store'> <Ports = 2> <Width = 8> <Depth = 64> <RAM>
ST_2 : Operation 222 [1/1] (0.00ns)   --->   "%sext_ln175_161 = sext i8 %x_38_load" [awn_int8.cpp:175]   --->   Operation 222 'sext' 'sext_ln175_161' <Predicate = true> <Delay = 0.00>
ST_2 : Operation 223 [1/2] (0.67ns)   --->   "%x_39_load = load i6 %x_39_addr" [awn_int8.cpp:175]   --->   Operation 223 'load' 'x_39_load' <Predicate = true> <Delay = 0.67> <CoreInst = "RAM">   --->   Core 83 'RAM' <Latency = 1> <II = 1> <Delay = 0.67> <Storage> <Opcode : 'load' 'store'> <Ports = 2> <Width = 8> <Depth = 64> <RAM>
ST_2 : Operation 224 [1/1] (0.00ns)   --->   "%sext_ln175_162 = sext i8 %x_39_load" [awn_int8.cpp:175]   --->   Operation 224 'sext' 'sext_ln175_162' <Predicate = true> <Delay = 0.00>
ST_2 : Operation 225 [1/2] (0.67ns)   --->   "%x_40_load = load i6 %x_40_addr" [awn_int8.cpp:175]   --->   Operation 225 'load' 'x_40_load' <Predicate = true> <Delay = 0.67> <CoreInst = "RAM">   --->   Core 83 'RAM' <Latency = 1> <II = 1> <Delay = 0.67> <Storage> <Opcode : 'load' 'store'> <Ports = 2> <Width = 8> <Depth = 64> <RAM>
ST_2 : Operation 226 [1/1] (0.00ns)   --->   "%sext_ln175_163 = sext i8 %x_40_load" [awn_int8.cpp:175]   --->   Operation 226 'sext' 'sext_ln175_163' <Predicate = true> <Delay = 0.00>
ST_2 : Operation 227 [1/2] (0.67ns)   --->   "%x_41_load = load i6 %x_41_addr" [awn_int8.cpp:175]   --->   Operation 227 'load' 'x_41_load' <Predicate = true> <Delay = 0.67> <CoreInst = "RAM">   --->   Core 83 'RAM' <Latency = 1> <II = 1> <Delay = 0.67> <Storage> <Opcode : 'load' 'store'> <Ports = 2> <Width = 8> <Depth = 64> <RAM>
ST_2 : Operation 228 [1/1] (0.00ns)   --->   "%sext_ln175_164 = sext i8 %x_41_load" [awn_int8.cpp:175]   --->   Operation 228 'sext' 'sext_ln175_164' <Predicate = true> <Delay = 0.00>
ST_2 : Operation 229 [1/2] (0.67ns)   --->   "%x_42_load = load i6 %x_42_addr" [awn_int8.cpp:175]   --->   Operation 229 'load' 'x_42_load' <Predicate = true> <Delay = 0.67> <CoreInst = "RAM">   --->   Core 83 'RAM' <Latency = 1> <II = 1> <Delay = 0.67> <Storage> <Opcode : 'load' 'store'> <Ports = 2> <Width = 8> <Depth = 64> <RAM>
ST_2 : Operation 230 [1/1] (0.00ns)   --->   "%sext_ln175_165 = sext i8 %x_42_load" [awn_int8.cpp:175]   --->   Operation 230 'sext' 'sext_ln175_165' <Predicate = true> <Delay = 0.00>
ST_2 : Operation 231 [1/2] (0.67ns)   --->   "%x_43_load = load i6 %x_43_addr" [awn_int8.cpp:175]   --->   Operation 231 'load' 'x_43_load' <Predicate = true> <Delay = 0.67> <CoreInst = "RAM">   --->   Core 83 'RAM' <Latency = 1> <II = 1> <Delay = 0.67> <Storage> <Opcode : 'load' 'store'> <Ports = 2> <Width = 8> <Depth = 64> <RAM>
ST_2 : Operation 232 [1/1] (0.00ns)   --->   "%sext_ln175_166 = sext i8 %x_43_load" [awn_int8.cpp:175]   --->   Operation 232 'sext' 'sext_ln175_166' <Predicate = true> <Delay = 0.00>
ST_2 : Operation 233 [1/2] (0.67ns)   --->   "%x_44_load = load i6 %x_44_addr" [awn_int8.cpp:175]   --->   Operation 233 'load' 'x_44_load' <Predicate = true> <Delay = 0.67> <CoreInst = "RAM">   --->   Core 83 'RAM' <Latency = 1> <II = 1> <Delay = 0.67> <Storage> <Opcode : 'load' 'store'> <Ports = 2> <Width = 8> <Depth = 64> <RAM>
ST_2 : Operation 234 [1/1] (0.00ns)   --->   "%sext_ln175_167 = sext i8 %x_44_load" [awn_int8.cpp:175]   --->   Operation 234 'sext' 'sext_ln175_167' <Predicate = true> <Delay = 0.00>
ST_2 : Operation 235 [1/2] (0.67ns)   --->   "%x_45_load = load i6 %x_45_addr" [awn_int8.cpp:175]   --->   Operation 235 'load' 'x_45_load' <Predicate = true> <Delay = 0.67> <CoreInst = "RAM">   --->   Core 83 'RAM' <Latency = 1> <II = 1> <Delay = 0.67> <Storage> <Opcode : 'load' 'store'> <Ports = 2> <Width = 8> <Depth = 64> <RAM>
ST_2 : Operation 236 [1/1] (0.00ns)   --->   "%sext_ln175_168 = sext i8 %x_45_load" [awn_int8.cpp:175]   --->   Operation 236 'sext' 'sext_ln175_168' <Predicate = true> <Delay = 0.00>
ST_2 : Operation 237 [1/2] (0.67ns)   --->   "%x_46_load = load i6 %x_46_addr" [awn_int8.cpp:175]   --->   Operation 237 'load' 'x_46_load' <Predicate = true> <Delay = 0.67> <CoreInst = "RAM">   --->   Core 83 'RAM' <Latency = 1> <II = 1> <Delay = 0.67> <Storage> <Opcode : 'load' 'store'> <Ports = 2> <Width = 8> <Depth = 64> <RAM>
ST_2 : Operation 238 [1/1] (0.00ns)   --->   "%sext_ln175_169 = sext i8 %x_46_load" [awn_int8.cpp:175]   --->   Operation 238 'sext' 'sext_ln175_169' <Predicate = true> <Delay = 0.00>
ST_2 : Operation 239 [1/2] (0.67ns)   --->   "%x_47_load = load i6 %x_47_addr" [awn_int8.cpp:175]   --->   Operation 239 'load' 'x_47_load' <Predicate = true> <Delay = 0.67> <CoreInst = "RAM">   --->   Core 83 'RAM' <Latency = 1> <II = 1> <Delay = 0.67> <Storage> <Opcode : 'load' 'store'> <Ports = 2> <Width = 8> <Depth = 64> <RAM>
ST_2 : Operation 240 [1/1] (0.00ns)   --->   "%sext_ln175_170 = sext i8 %x_47_load" [awn_int8.cpp:175]   --->   Operation 240 'sext' 'sext_ln175_170' <Predicate = true> <Delay = 0.00>
ST_2 : Operation 241 [1/2] (0.67ns)   --->   "%x_48_load = load i6 %x_48_addr" [awn_int8.cpp:175]   --->   Operation 241 'load' 'x_48_load' <Predicate = true> <Delay = 0.67> <CoreInst = "RAM">   --->   Core 83 'RAM' <Latency = 1> <II = 1> <Delay = 0.67> <Storage> <Opcode : 'load' 'store'> <Ports = 2> <Width = 8> <Depth = 64> <RAM>
ST_2 : Operation 242 [1/1] (0.00ns)   --->   "%sext_ln175_171 = sext i8 %x_48_load" [awn_int8.cpp:175]   --->   Operation 242 'sext' 'sext_ln175_171' <Predicate = true> <Delay = 0.00>
ST_2 : Operation 243 [1/2] (0.67ns)   --->   "%x_49_load = load i6 %x_49_addr" [awn_int8.cpp:175]   --->   Operation 243 'load' 'x_49_load' <Predicate = true> <Delay = 0.67> <CoreInst = "RAM">   --->   Core 83 'RAM' <Latency = 1> <II = 1> <Delay = 0.67> <Storage> <Opcode : 'load' 'store'> <Ports = 2> <Width = 8> <Depth = 64> <RAM>
ST_2 : Operation 244 [1/1] (0.00ns)   --->   "%sext_ln175_172 = sext i8 %x_49_load" [awn_int8.cpp:175]   --->   Operation 244 'sext' 'sext_ln175_172' <Predicate = true> <Delay = 0.00>
ST_2 : Operation 245 [1/2] (0.67ns)   --->   "%x_50_load = load i6 %x_50_addr" [awn_int8.cpp:175]   --->   Operation 245 'load' 'x_50_load' <Predicate = true> <Delay = 0.67> <CoreInst = "RAM">   --->   Core 83 'RAM' <Latency = 1> <II = 1> <Delay = 0.67> <Storage> <Opcode : 'load' 'store'> <Ports = 2> <Width = 8> <Depth = 64> <RAM>
ST_2 : Operation 246 [1/1] (0.00ns)   --->   "%sext_ln175_173 = sext i8 %x_50_load" [awn_int8.cpp:175]   --->   Operation 246 'sext' 'sext_ln175_173' <Predicate = true> <Delay = 0.00>
ST_2 : Operation 247 [1/2] (0.67ns)   --->   "%x_51_load = load i6 %x_51_addr" [awn_int8.cpp:175]   --->   Operation 247 'load' 'x_51_load' <Predicate = true> <Delay = 0.67> <CoreInst = "RAM">   --->   Core 83 'RAM' <Latency = 1> <II = 1> <Delay = 0.67> <Storage> <Opcode : 'load' 'store'> <Ports = 2> <Width = 8> <Depth = 64> <RAM>
ST_2 : Operation 248 [1/1] (0.00ns)   --->   "%sext_ln175_174 = sext i8 %x_51_load" [awn_int8.cpp:175]   --->   Operation 248 'sext' 'sext_ln175_174' <Predicate = true> <Delay = 0.00>
ST_2 : Operation 249 [1/2] (0.67ns)   --->   "%x_52_load = load i6 %x_52_addr" [awn_int8.cpp:175]   --->   Operation 249 'load' 'x_52_load' <Predicate = true> <Delay = 0.67> <CoreInst = "RAM">   --->   Core 83 'RAM' <Latency = 1> <II = 1> <Delay = 0.67> <Storage> <Opcode : 'load' 'store'> <Ports = 2> <Width = 8> <Depth = 64> <RAM>
ST_2 : Operation 250 [1/1] (0.00ns)   --->   "%sext_ln175_175 = sext i8 %x_52_load" [awn_int8.cpp:175]   --->   Operation 250 'sext' 'sext_ln175_175' <Predicate = true> <Delay = 0.00>
ST_2 : Operation 251 [1/2] (0.67ns)   --->   "%x_53_load = load i6 %x_53_addr" [awn_int8.cpp:175]   --->   Operation 251 'load' 'x_53_load' <Predicate = true> <Delay = 0.67> <CoreInst = "RAM">   --->   Core 83 'RAM' <Latency = 1> <II = 1> <Delay = 0.67> <Storage> <Opcode : 'load' 'store'> <Ports = 2> <Width = 8> <Depth = 64> <RAM>
ST_2 : Operation 252 [1/1] (0.00ns)   --->   "%sext_ln175_176 = sext i8 %x_53_load" [awn_int8.cpp:175]   --->   Operation 252 'sext' 'sext_ln175_176' <Predicate = true> <Delay = 0.00>
ST_2 : Operation 253 [1/2] (0.67ns)   --->   "%x_54_load = load i6 %x_54_addr" [awn_int8.cpp:175]   --->   Operation 253 'load' 'x_54_load' <Predicate = true> <Delay = 0.67> <CoreInst = "RAM">   --->   Core 83 'RAM' <Latency = 1> <II = 1> <Delay = 0.67> <Storage> <Opcode : 'load' 'store'> <Ports = 2> <Width = 8> <Depth = 64> <RAM>
ST_2 : Operation 254 [1/1] (0.00ns)   --->   "%sext_ln175_177 = sext i8 %x_54_load" [awn_int8.cpp:175]   --->   Operation 254 'sext' 'sext_ln175_177' <Predicate = true> <Delay = 0.00>
ST_2 : Operation 255 [1/2] (0.67ns)   --->   "%x_55_load = load i6 %x_55_addr" [awn_int8.cpp:175]   --->   Operation 255 'load' 'x_55_load' <Predicate = true> <Delay = 0.67> <CoreInst = "RAM">   --->   Core 83 'RAM' <Latency = 1> <II = 1> <Delay = 0.67> <Storage> <Opcode : 'load' 'store'> <Ports = 2> <Width = 8> <Depth = 64> <RAM>
ST_2 : Operation 256 [1/1] (0.00ns)   --->   "%sext_ln175_178 = sext i8 %x_55_load" [awn_int8.cpp:175]   --->   Operation 256 'sext' 'sext_ln175_178' <Predicate = true> <Delay = 0.00>
ST_2 : Operation 257 [1/2] (0.67ns)   --->   "%x_56_load = load i6 %x_56_addr" [awn_int8.cpp:175]   --->   Operation 257 'load' 'x_56_load' <Predicate = true> <Delay = 0.67> <CoreInst = "RAM">   --->   Core 83 'RAM' <Latency = 1> <II = 1> <Delay = 0.67> <Storage> <Opcode : 'load' 'store'> <Ports = 2> <Width = 8> <Depth = 64> <RAM>
ST_2 : Operation 258 [1/1] (0.00ns)   --->   "%sext_ln175_179 = sext i8 %x_56_load" [awn_int8.cpp:175]   --->   Operation 258 'sext' 'sext_ln175_179' <Predicate = true> <Delay = 0.00>
ST_2 : Operation 259 [1/2] (0.67ns)   --->   "%x_57_load = load i6 %x_57_addr" [awn_int8.cpp:175]   --->   Operation 259 'load' 'x_57_load' <Predicate = true> <Delay = 0.67> <CoreInst = "RAM">   --->   Core 83 'RAM' <Latency = 1> <II = 1> <Delay = 0.67> <Storage> <Opcode : 'load' 'store'> <Ports = 2> <Width = 8> <Depth = 64> <RAM>
ST_2 : Operation 260 [1/1] (0.00ns)   --->   "%sext_ln175_180 = sext i8 %x_57_load" [awn_int8.cpp:175]   --->   Operation 260 'sext' 'sext_ln175_180' <Predicate = true> <Delay = 0.00>
ST_2 : Operation 261 [1/2] (0.67ns)   --->   "%x_58_load = load i6 %x_58_addr" [awn_int8.cpp:175]   --->   Operation 261 'load' 'x_58_load' <Predicate = true> <Delay = 0.67> <CoreInst = "RAM">   --->   Core 83 'RAM' <Latency = 1> <II = 1> <Delay = 0.67> <Storage> <Opcode : 'load' 'store'> <Ports = 2> <Width = 8> <Depth = 64> <RAM>
ST_2 : Operation 262 [1/1] (0.00ns)   --->   "%sext_ln175_181 = sext i8 %x_58_load" [awn_int8.cpp:175]   --->   Operation 262 'sext' 'sext_ln175_181' <Predicate = true> <Delay = 0.00>
ST_2 : Operation 263 [1/2] (0.67ns)   --->   "%x_59_load = load i6 %x_59_addr" [awn_int8.cpp:175]   --->   Operation 263 'load' 'x_59_load' <Predicate = true> <Delay = 0.67> <CoreInst = "RAM">   --->   Core 83 'RAM' <Latency = 1> <II = 1> <Delay = 0.67> <Storage> <Opcode : 'load' 'store'> <Ports = 2> <Width = 8> <Depth = 64> <RAM>
ST_2 : Operation 264 [1/1] (0.00ns)   --->   "%sext_ln175_182 = sext i8 %x_59_load" [awn_int8.cpp:175]   --->   Operation 264 'sext' 'sext_ln175_182' <Predicate = true> <Delay = 0.00>
ST_2 : Operation 265 [1/2] (0.67ns)   --->   "%x_60_load = load i6 %x_60_addr" [awn_int8.cpp:175]   --->   Operation 265 'load' 'x_60_load' <Predicate = true> <Delay = 0.67> <CoreInst = "RAM">   --->   Core 83 'RAM' <Latency = 1> <II = 1> <Delay = 0.67> <Storage> <Opcode : 'load' 'store'> <Ports = 2> <Width = 8> <Depth = 64> <RAM>
ST_2 : Operation 266 [1/1] (0.00ns)   --->   "%sext_ln175_183 = sext i8 %x_60_load" [awn_int8.cpp:175]   --->   Operation 266 'sext' 'sext_ln175_183' <Predicate = true> <Delay = 0.00>
ST_2 : Operation 267 [1/2] (0.67ns)   --->   "%x_61_load = load i6 %x_61_addr" [awn_int8.cpp:175]   --->   Operation 267 'load' 'x_61_load' <Predicate = true> <Delay = 0.67> <CoreInst = "RAM">   --->   Core 83 'RAM' <Latency = 1> <II = 1> <Delay = 0.67> <Storage> <Opcode : 'load' 'store'> <Ports = 2> <Width = 8> <Depth = 64> <RAM>
ST_2 : Operation 268 [1/1] (0.00ns)   --->   "%sext_ln175_184 = sext i8 %x_61_load" [awn_int8.cpp:175]   --->   Operation 268 'sext' 'sext_ln175_184' <Predicate = true> <Delay = 0.00>
ST_2 : Operation 269 [1/2] (0.67ns)   --->   "%x_62_load = load i6 %x_62_addr" [awn_int8.cpp:175]   --->   Operation 269 'load' 'x_62_load' <Predicate = true> <Delay = 0.67> <CoreInst = "RAM">   --->   Core 83 'RAM' <Latency = 1> <II = 1> <Delay = 0.67> <Storage> <Opcode : 'load' 'store'> <Ports = 2> <Width = 8> <Depth = 64> <RAM>
ST_2 : Operation 270 [1/1] (0.00ns)   --->   "%sext_ln175_185 = sext i8 %x_62_load" [awn_int8.cpp:175]   --->   Operation 270 'sext' 'sext_ln175_185' <Predicate = true> <Delay = 0.00>
ST_2 : Operation 271 [1/2] (0.67ns)   --->   "%x_63_load = load i6 %x_63_addr" [awn_int8.cpp:175]   --->   Operation 271 'load' 'x_63_load' <Predicate = true> <Delay = 0.67> <CoreInst = "RAM">   --->   Core 83 'RAM' <Latency = 1> <II = 1> <Delay = 0.67> <Storage> <Opcode : 'load' 'store'> <Ports = 2> <Width = 8> <Depth = 64> <RAM>
ST_2 : Operation 272 [1/1] (0.00ns)   --->   "%sext_ln175_186 = sext i8 %x_63_load" [awn_int8.cpp:175]   --->   Operation 272 'sext' 'sext_ln175_186' <Predicate = true> <Delay = 0.00>
ST_2 : Operation 273 [1/1] (0.76ns)   --->   "%add_ln175 = add i9 %sext_ln175, i9 %sext_ln174" [awn_int8.cpp:175]   --->   Operation 273 'add' 'add_ln175' <Predicate = true> <Delay = 0.76> <CoreInst = "Adder">   --->   Core 1 'Adder' <Latency = 0> <II = 1> <Delay = 0.76> <FuncUnit> <Opcode : 'add' 'sub'> <InPorts = 2> <OutPorts = 1>
ST_2 : Operation 274 [1/1] (0.00ns)   --->   "%sext_ln175_187 = sext i9 %add_ln175" [awn_int8.cpp:175]   --->   Operation 274 'sext' 'sext_ln175_187' <Predicate = true> <Delay = 0.00>
ST_2 : Operation 275 [1/1] (0.76ns)   --->   "%add_ln175_63 = add i9 %sext_ln175_125, i9 %sext_ln175_126" [awn_int8.cpp:175]   --->   Operation 275 'add' 'add_ln175_63' <Predicate = true> <Delay = 0.76> <CoreInst = "Adder">   --->   Core 1 'Adder' <Latency = 0> <II = 1> <Delay = 0.76> <FuncUnit> <Opcode : 'add' 'sub'> <InPorts = 2> <OutPorts = 1>
ST_2 : Operation 276 [1/1] (0.00ns)   --->   "%sext_ln175_188 = sext i9 %add_ln175_63" [awn_int8.cpp:175]   --->   Operation 276 'sext' 'sext_ln175_188' <Predicate = true> <Delay = 0.00>
ST_2 : Operation 277 [1/1] (0.77ns)   --->   "%add_ln175_64 = add i10 %sext_ln175_188, i10 %sext_ln175_187" [awn_int8.cpp:175]   --->   Operation 277 'add' 'add_ln175_64' <Predicate = true> <Delay = 0.77> <CoreInst = "Adder">   --->   Core 1 'Adder' <Latency = 0> <II = 1> <Delay = 0.77> <FuncUnit> <Opcode : 'add' 'sub'> <InPorts = 2> <OutPorts = 1>
ST_2 : Operation 278 [1/1] (0.00ns)   --->   "%sext_ln175_189 = sext i10 %add_ln175_64" [awn_int8.cpp:175]   --->   Operation 278 'sext' 'sext_ln175_189' <Predicate = true> <Delay = 0.00>
ST_2 : Operation 279 [1/1] (0.76ns)   --->   "%add_ln175_65 = add i9 %sext_ln175_127, i9 %sext_ln175_128" [awn_int8.cpp:175]   --->   Operation 279 'add' 'add_ln175_65' <Predicate = true> <Delay = 0.76> <CoreInst = "Adder">   --->   Core 1 'Adder' <Latency = 0> <II = 1> <Delay = 0.76> <FuncUnit> <Opcode : 'add' 'sub'> <InPorts = 2> <OutPorts = 1>
ST_2 : Operation 280 [1/1] (0.00ns)   --->   "%sext_ln175_190 = sext i9 %add_ln175_65" [awn_int8.cpp:175]   --->   Operation 280 'sext' 'sext_ln175_190' <Predicate = true> <Delay = 0.00>
ST_2 : Operation 281 [1/1] (0.76ns)   --->   "%add_ln175_66 = add i9 %sext_ln175_129, i9 %sext_ln175_130" [awn_int8.cpp:175]   --->   Operation 281 'add' 'add_ln175_66' <Predicate = true> <Delay = 0.76> <CoreInst = "Adder">   --->   Core 1 'Adder' <Latency = 0> <II = 1> <Delay = 0.76> <FuncUnit> <Opcode : 'add' 'sub'> <InPorts = 2> <OutPorts = 1>
ST_2 : Operation 282 [1/1] (0.00ns)   --->   "%sext_ln175_191 = sext i9 %add_ln175_66" [awn_int8.cpp:175]   --->   Operation 282 'sext' 'sext_ln175_191' <Predicate = true> <Delay = 0.00>
ST_2 : Operation 283 [1/1] (0.77ns)   --->   "%add_ln175_67 = add i10 %sext_ln175_191, i10 %sext_ln175_190" [awn_int8.cpp:175]   --->   Operation 283 'add' 'add_ln175_67' <Predicate = true> <Delay = 0.77> <CoreInst = "Adder">   --->   Core 1 'Adder' <Latency = 0> <II = 1> <Delay = 0.77> <FuncUnit> <Opcode : 'add' 'sub'> <InPorts = 2> <OutPorts = 1>
ST_2 : Operation 284 [1/1] (0.00ns)   --->   "%sext_ln175_192 = sext i10 %add_ln175_67" [awn_int8.cpp:175]   --->   Operation 284 'sext' 'sext_ln175_192' <Predicate = true> <Delay = 0.00>
ST_2 : Operation 285 [1/1] (0.78ns)   --->   "%add_ln175_68 = add i11 %sext_ln175_192, i11 %sext_ln175_189" [awn_int8.cpp:175]   --->   Operation 285 'add' 'add_ln175_68' <Predicate = true> <Delay = 0.78> <CoreInst = "Adder">   --->   Core 1 'Adder' <Latency = 0> <II = 1> <Delay = 0.78> <FuncUnit> <Opcode : 'add' 'sub'> <InPorts = 2> <OutPorts = 1>
ST_2 : Operation 286 [1/1] (0.76ns)   --->   "%add_ln175_69 = add i9 %sext_ln175_131, i9 %sext_ln175_132" [awn_int8.cpp:175]   --->   Operation 286 'add' 'add_ln175_69' <Predicate = true> <Delay = 0.76> <CoreInst = "Adder">   --->   Core 1 'Adder' <Latency = 0> <II = 1> <Delay = 0.76> <FuncUnit> <Opcode : 'add' 'sub'> <InPorts = 2> <OutPorts = 1>
ST_2 : Operation 287 [1/1] (0.00ns)   --->   "%sext_ln175_194 = sext i9 %add_ln175_69" [awn_int8.cpp:175]   --->   Operation 287 'sext' 'sext_ln175_194' <Predicate = true> <Delay = 0.00>
ST_2 : Operation 288 [1/1] (0.76ns)   --->   "%add_ln175_70 = add i9 %sext_ln175_133, i9 %sext_ln175_134" [awn_int8.cpp:175]   --->   Operation 288 'add' 'add_ln175_70' <Predicate = true> <Delay = 0.76> <CoreInst = "Adder">   --->   Core 1 'Adder' <Latency = 0> <II = 1> <Delay = 0.76> <FuncUnit> <Opcode : 'add' 'sub'> <InPorts = 2> <OutPorts = 1>
ST_2 : Operation 289 [1/1] (0.00ns)   --->   "%sext_ln175_195 = sext i9 %add_ln175_70" [awn_int8.cpp:175]   --->   Operation 289 'sext' 'sext_ln175_195' <Predicate = true> <Delay = 0.00>
ST_2 : Operation 290 [1/1] (0.77ns)   --->   "%add_ln175_71 = add i10 %sext_ln175_195, i10 %sext_ln175_194" [awn_int8.cpp:175]   --->   Operation 290 'add' 'add_ln175_71' <Predicate = true> <Delay = 0.77> <CoreInst = "Adder">   --->   Core 1 'Adder' <Latency = 0> <II = 1> <Delay = 0.77> <FuncUnit> <Opcode : 'add' 'sub'> <InPorts = 2> <OutPorts = 1>
ST_2 : Operation 291 [1/1] (0.00ns)   --->   "%sext_ln175_196 = sext i10 %add_ln175_71" [awn_int8.cpp:175]   --->   Operation 291 'sext' 'sext_ln175_196' <Predicate = true> <Delay = 0.00>
ST_2 : Operation 292 [1/1] (0.76ns)   --->   "%add_ln175_72 = add i9 %sext_ln175_135, i9 %sext_ln175_136" [awn_int8.cpp:175]   --->   Operation 292 'add' 'add_ln175_72' <Predicate = true> <Delay = 0.76> <CoreInst = "Adder">   --->   Core 1 'Adder' <Latency = 0> <II = 1> <Delay = 0.76> <FuncUnit> <Opcode : 'add' 'sub'> <InPorts = 2> <OutPorts = 1>
ST_2 : Operation 293 [1/1] (0.00ns)   --->   "%sext_ln175_197 = sext i9 %add_ln175_72" [awn_int8.cpp:175]   --->   Operation 293 'sext' 'sext_ln175_197' <Predicate = true> <Delay = 0.00>
ST_2 : Operation 294 [1/1] (0.76ns)   --->   "%add_ln175_73 = add i9 %sext_ln175_137, i9 %sext_ln175_138" [awn_int8.cpp:175]   --->   Operation 294 'add' 'add_ln175_73' <Predicate = true> <Delay = 0.76> <CoreInst = "Adder">   --->   Core 1 'Adder' <Latency = 0> <II = 1> <Delay = 0.76> <FuncUnit> <Opcode : 'add' 'sub'> <InPorts = 2> <OutPorts = 1>
ST_2 : Operation 295 [1/1] (0.00ns)   --->   "%sext_ln175_198 = sext i9 %add_ln175_73" [awn_int8.cpp:175]   --->   Operation 295 'sext' 'sext_ln175_198' <Predicate = true> <Delay = 0.00>
ST_2 : Operation 296 [1/1] (0.77ns)   --->   "%add_ln175_74 = add i10 %sext_ln175_198, i10 %sext_ln175_197" [awn_int8.cpp:175]   --->   Operation 296 'add' 'add_ln175_74' <Predicate = true> <Delay = 0.77> <CoreInst = "Adder">   --->   Core 1 'Adder' <Latency = 0> <II = 1> <Delay = 0.77> <FuncUnit> <Opcode : 'add' 'sub'> <InPorts = 2> <OutPorts = 1>
ST_2 : Operation 297 [1/1] (0.00ns)   --->   "%sext_ln175_199 = sext i10 %add_ln175_74" [awn_int8.cpp:175]   --->   Operation 297 'sext' 'sext_ln175_199' <Predicate = true> <Delay = 0.00>
ST_2 : Operation 298 [1/1] (0.78ns)   --->   "%add_ln175_75 = add i11 %sext_ln175_199, i11 %sext_ln175_196" [awn_int8.cpp:175]   --->   Operation 298 'add' 'add_ln175_75' <Predicate = true> <Delay = 0.78> <CoreInst = "Adder">   --->   Core 1 'Adder' <Latency = 0> <II = 1> <Delay = 0.78> <FuncUnit> <Opcode : 'add' 'sub'> <InPorts = 2> <OutPorts = 1>
ST_2 : Operation 299 [1/1] (0.76ns)   --->   "%add_ln175_77 = add i9 %sext_ln175_139, i9 %sext_ln175_140" [awn_int8.cpp:175]   --->   Operation 299 'add' 'add_ln175_77' <Predicate = true> <Delay = 0.76> <CoreInst = "Adder">   --->   Core 1 'Adder' <Latency = 0> <II = 1> <Delay = 0.76> <FuncUnit> <Opcode : 'add' 'sub'> <InPorts = 2> <OutPorts = 1>
ST_2 : Operation 300 [1/1] (0.00ns)   --->   "%sext_ln175_202 = sext i9 %add_ln175_77" [awn_int8.cpp:175]   --->   Operation 300 'sext' 'sext_ln175_202' <Predicate = true> <Delay = 0.00>
ST_2 : Operation 301 [1/1] (0.76ns)   --->   "%add_ln175_78 = add i9 %sext_ln175_141, i9 %sext_ln175_142" [awn_int8.cpp:175]   --->   Operation 301 'add' 'add_ln175_78' <Predicate = true> <Delay = 0.76> <CoreInst = "Adder">   --->   Core 1 'Adder' <Latency = 0> <II = 1> <Delay = 0.76> <FuncUnit> <Opcode : 'add' 'sub'> <InPorts = 2> <OutPorts = 1>
ST_2 : Operation 302 [1/1] (0.00ns)   --->   "%sext_ln175_203 = sext i9 %add_ln175_78" [awn_int8.cpp:175]   --->   Operation 302 'sext' 'sext_ln175_203' <Predicate = true> <Delay = 0.00>
ST_2 : Operation 303 [1/1] (0.77ns)   --->   "%add_ln175_79 = add i10 %sext_ln175_203, i10 %sext_ln175_202" [awn_int8.cpp:175]   --->   Operation 303 'add' 'add_ln175_79' <Predicate = true> <Delay = 0.77> <CoreInst = "Adder">   --->   Core 1 'Adder' <Latency = 0> <II = 1> <Delay = 0.77> <FuncUnit> <Opcode : 'add' 'sub'> <InPorts = 2> <OutPorts = 1>
ST_2 : Operation 304 [1/1] (0.00ns)   --->   "%sext_ln175_204 = sext i10 %add_ln175_79" [awn_int8.cpp:175]   --->   Operation 304 'sext' 'sext_ln175_204' <Predicate = true> <Delay = 0.00>
ST_2 : Operation 305 [1/1] (0.76ns)   --->   "%add_ln175_80 = add i9 %sext_ln175_143, i9 %sext_ln175_144" [awn_int8.cpp:175]   --->   Operation 305 'add' 'add_ln175_80' <Predicate = true> <Delay = 0.76> <CoreInst = "Adder">   --->   Core 1 'Adder' <Latency = 0> <II = 1> <Delay = 0.76> <FuncUnit> <Opcode : 'add' 'sub'> <InPorts = 2> <OutPorts = 1>
ST_2 : Operation 306 [1/1] (0.00ns)   --->   "%sext_ln175_205 = sext i9 %add_ln175_80" [awn_int8.cpp:175]   --->   Operation 306 'sext' 'sext_ln175_205' <Predicate = true> <Delay = 0.00>
ST_2 : Operation 307 [1/1] (0.76ns)   --->   "%add_ln175_81 = add i9 %sext_ln175_145, i9 %sext_ln175_146" [awn_int8.cpp:175]   --->   Operation 307 'add' 'add_ln175_81' <Predicate = true> <Delay = 0.76> <CoreInst = "Adder">   --->   Core 1 'Adder' <Latency = 0> <II = 1> <Delay = 0.76> <FuncUnit> <Opcode : 'add' 'sub'> <InPorts = 2> <OutPorts = 1>
ST_2 : Operation 308 [1/1] (0.00ns)   --->   "%sext_ln175_206 = sext i9 %add_ln175_81" [awn_int8.cpp:175]   --->   Operation 308 'sext' 'sext_ln175_206' <Predicate = true> <Delay = 0.00>
ST_2 : Operation 309 [1/1] (0.77ns)   --->   "%add_ln175_82 = add i10 %sext_ln175_206, i10 %sext_ln175_205" [awn_int8.cpp:175]   --->   Operation 309 'add' 'add_ln175_82' <Predicate = true> <Delay = 0.77> <CoreInst = "Adder">   --->   Core 1 'Adder' <Latency = 0> <II = 1> <Delay = 0.77> <FuncUnit> <Opcode : 'add' 'sub'> <InPorts = 2> <OutPorts = 1>
ST_2 : Operation 310 [1/1] (0.00ns)   --->   "%sext_ln175_207 = sext i10 %add_ln175_82" [awn_int8.cpp:175]   --->   Operation 310 'sext' 'sext_ln175_207' <Predicate = true> <Delay = 0.00>
ST_2 : Operation 311 [1/1] (0.78ns)   --->   "%add_ln175_83 = add i11 %sext_ln175_207, i11 %sext_ln175_204" [awn_int8.cpp:175]   --->   Operation 311 'add' 'add_ln175_83' <Predicate = true> <Delay = 0.78> <CoreInst = "Adder">   --->   Core 1 'Adder' <Latency = 0> <II = 1> <Delay = 0.78> <FuncUnit> <Opcode : 'add' 'sub'> <InPorts = 2> <OutPorts = 1>
ST_2 : Operation 312 [1/1] (0.76ns)   --->   "%add_ln175_84 = add i9 %sext_ln175_147, i9 %sext_ln175_148" [awn_int8.cpp:175]   --->   Operation 312 'add' 'add_ln175_84' <Predicate = true> <Delay = 0.76> <CoreInst = "Adder">   --->   Core 1 'Adder' <Latency = 0> <II = 1> <Delay = 0.76> <FuncUnit> <Opcode : 'add' 'sub'> <InPorts = 2> <OutPorts = 1>
ST_2 : Operation 313 [1/1] (0.00ns)   --->   "%sext_ln175_209 = sext i9 %add_ln175_84" [awn_int8.cpp:175]   --->   Operation 313 'sext' 'sext_ln175_209' <Predicate = true> <Delay = 0.00>
ST_2 : Operation 314 [1/1] (0.76ns)   --->   "%add_ln175_85 = add i9 %sext_ln175_149, i9 %sext_ln175_150" [awn_int8.cpp:175]   --->   Operation 314 'add' 'add_ln175_85' <Predicate = true> <Delay = 0.76> <CoreInst = "Adder">   --->   Core 1 'Adder' <Latency = 0> <II = 1> <Delay = 0.76> <FuncUnit> <Opcode : 'add' 'sub'> <InPorts = 2> <OutPorts = 1>
ST_2 : Operation 315 [1/1] (0.00ns)   --->   "%sext_ln175_210 = sext i9 %add_ln175_85" [awn_int8.cpp:175]   --->   Operation 315 'sext' 'sext_ln175_210' <Predicate = true> <Delay = 0.00>
ST_2 : Operation 316 [1/1] (0.77ns)   --->   "%add_ln175_86 = add i10 %sext_ln175_210, i10 %sext_ln175_209" [awn_int8.cpp:175]   --->   Operation 316 'add' 'add_ln175_86' <Predicate = true> <Delay = 0.77> <CoreInst = "Adder">   --->   Core 1 'Adder' <Latency = 0> <II = 1> <Delay = 0.77> <FuncUnit> <Opcode : 'add' 'sub'> <InPorts = 2> <OutPorts = 1>
ST_2 : Operation 317 [1/1] (0.00ns)   --->   "%sext_ln175_211 = sext i10 %add_ln175_86" [awn_int8.cpp:175]   --->   Operation 317 'sext' 'sext_ln175_211' <Predicate = true> <Delay = 0.00>
ST_2 : Operation 318 [1/1] (0.76ns)   --->   "%add_ln175_87 = add i9 %sext_ln175_151, i9 %sext_ln175_152" [awn_int8.cpp:175]   --->   Operation 318 'add' 'add_ln175_87' <Predicate = true> <Delay = 0.76> <CoreInst = "Adder">   --->   Core 1 'Adder' <Latency = 0> <II = 1> <Delay = 0.76> <FuncUnit> <Opcode : 'add' 'sub'> <InPorts = 2> <OutPorts = 1>
ST_2 : Operation 319 [1/1] (0.00ns)   --->   "%sext_ln175_212 = sext i9 %add_ln175_87" [awn_int8.cpp:175]   --->   Operation 319 'sext' 'sext_ln175_212' <Predicate = true> <Delay = 0.00>
ST_2 : Operation 320 [1/1] (0.76ns)   --->   "%add_ln175_88 = add i9 %sext_ln175_153, i9 %sext_ln175_154" [awn_int8.cpp:175]   --->   Operation 320 'add' 'add_ln175_88' <Predicate = true> <Delay = 0.76> <CoreInst = "Adder">   --->   Core 1 'Adder' <Latency = 0> <II = 1> <Delay = 0.76> <FuncUnit> <Opcode : 'add' 'sub'> <InPorts = 2> <OutPorts = 1>
ST_2 : Operation 321 [1/1] (0.00ns)   --->   "%sext_ln175_213 = sext i9 %add_ln175_88" [awn_int8.cpp:175]   --->   Operation 321 'sext' 'sext_ln175_213' <Predicate = true> <Delay = 0.00>
ST_2 : Operation 322 [1/1] (0.77ns)   --->   "%add_ln175_89 = add i10 %sext_ln175_213, i10 %sext_ln175_212" [awn_int8.cpp:175]   --->   Operation 322 'add' 'add_ln175_89' <Predicate = true> <Delay = 0.77> <CoreInst = "Adder">   --->   Core 1 'Adder' <Latency = 0> <II = 1> <Delay = 0.77> <FuncUnit> <Opcode : 'add' 'sub'> <InPorts = 2> <OutPorts = 1>
ST_2 : Operation 323 [1/1] (0.00ns)   --->   "%sext_ln175_214 = sext i10 %add_ln175_89" [awn_int8.cpp:175]   --->   Operation 323 'sext' 'sext_ln175_214' <Predicate = true> <Delay = 0.00>
ST_2 : Operation 324 [1/1] (0.78ns)   --->   "%add_ln175_90 = add i11 %sext_ln175_214, i11 %sext_ln175_211" [awn_int8.cpp:175]   --->   Operation 324 'add' 'add_ln175_90' <Predicate = true> <Delay = 0.78> <CoreInst = "Adder">   --->   Core 1 'Adder' <Latency = 0> <II = 1> <Delay = 0.78> <FuncUnit> <Opcode : 'add' 'sub'> <InPorts = 2> <OutPorts = 1>
ST_2 : Operation 325 [1/1] (0.76ns)   --->   "%add_ln175_93 = add i9 %sext_ln175_155, i9 %sext_ln175_156" [awn_int8.cpp:175]   --->   Operation 325 'add' 'add_ln175_93' <Predicate = true> <Delay = 0.76> <CoreInst = "Adder">   --->   Core 1 'Adder' <Latency = 0> <II = 1> <Delay = 0.76> <FuncUnit> <Opcode : 'add' 'sub'> <InPorts = 2> <OutPorts = 1>
ST_2 : Operation 326 [1/1] (0.00ns)   --->   "%sext_ln175_218 = sext i9 %add_ln175_93" [awn_int8.cpp:175]   --->   Operation 326 'sext' 'sext_ln175_218' <Predicate = true> <Delay = 0.00>
ST_2 : Operation 327 [1/1] (0.76ns)   --->   "%add_ln175_94 = add i9 %sext_ln175_157, i9 %sext_ln175_158" [awn_int8.cpp:175]   --->   Operation 327 'add' 'add_ln175_94' <Predicate = true> <Delay = 0.76> <CoreInst = "Adder">   --->   Core 1 'Adder' <Latency = 0> <II = 1> <Delay = 0.76> <FuncUnit> <Opcode : 'add' 'sub'> <InPorts = 2> <OutPorts = 1>
ST_2 : Operation 328 [1/1] (0.00ns)   --->   "%sext_ln175_219 = sext i9 %add_ln175_94" [awn_int8.cpp:175]   --->   Operation 328 'sext' 'sext_ln175_219' <Predicate = true> <Delay = 0.00>
ST_2 : Operation 329 [1/1] (0.77ns)   --->   "%add_ln175_95 = add i10 %sext_ln175_219, i10 %sext_ln175_218" [awn_int8.cpp:175]   --->   Operation 329 'add' 'add_ln175_95' <Predicate = true> <Delay = 0.77> <CoreInst = "Adder">   --->   Core 1 'Adder' <Latency = 0> <II = 1> <Delay = 0.77> <FuncUnit> <Opcode : 'add' 'sub'> <InPorts = 2> <OutPorts = 1>
ST_2 : Operation 330 [1/1] (0.00ns)   --->   "%sext_ln175_220 = sext i10 %add_ln175_95" [awn_int8.cpp:175]   --->   Operation 330 'sext' 'sext_ln175_220' <Predicate = true> <Delay = 0.00>
ST_2 : Operation 331 [1/1] (0.76ns)   --->   "%add_ln175_96 = add i9 %sext_ln175_159, i9 %sext_ln175_160" [awn_int8.cpp:175]   --->   Operation 331 'add' 'add_ln175_96' <Predicate = true> <Delay = 0.76> <CoreInst = "Adder">   --->   Core 1 'Adder' <Latency = 0> <II = 1> <Delay = 0.76> <FuncUnit> <Opcode : 'add' 'sub'> <InPorts = 2> <OutPorts = 1>
ST_2 : Operation 332 [1/1] (0.00ns)   --->   "%sext_ln175_221 = sext i9 %add_ln175_96" [awn_int8.cpp:175]   --->   Operation 332 'sext' 'sext_ln175_221' <Predicate = true> <Delay = 0.00>
ST_2 : Operation 333 [1/1] (0.76ns)   --->   "%add_ln175_97 = add i9 %sext_ln175_161, i9 %sext_ln175_162" [awn_int8.cpp:175]   --->   Operation 333 'add' 'add_ln175_97' <Predicate = true> <Delay = 0.76> <CoreInst = "Adder">   --->   Core 1 'Adder' <Latency = 0> <II = 1> <Delay = 0.76> <FuncUnit> <Opcode : 'add' 'sub'> <InPorts = 2> <OutPorts = 1>
ST_2 : Operation 334 [1/1] (0.00ns)   --->   "%sext_ln175_222 = sext i9 %add_ln175_97" [awn_int8.cpp:175]   --->   Operation 334 'sext' 'sext_ln175_222' <Predicate = true> <Delay = 0.00>
ST_2 : Operation 335 [1/1] (0.77ns)   --->   "%add_ln175_98 = add i10 %sext_ln175_222, i10 %sext_ln175_221" [awn_int8.cpp:175]   --->   Operation 335 'add' 'add_ln175_98' <Predicate = true> <Delay = 0.77> <CoreInst = "Adder">   --->   Core 1 'Adder' <Latency = 0> <II = 1> <Delay = 0.77> <FuncUnit> <Opcode : 'add' 'sub'> <InPorts = 2> <OutPorts = 1>
ST_2 : Operation 336 [1/1] (0.00ns)   --->   "%sext_ln175_223 = sext i10 %add_ln175_98" [awn_int8.cpp:175]   --->   Operation 336 'sext' 'sext_ln175_223' <Predicate = true> <Delay = 0.00>
ST_2 : Operation 337 [1/1] (0.78ns)   --->   "%add_ln175_99 = add i11 %sext_ln175_223, i11 %sext_ln175_220" [awn_int8.cpp:175]   --->   Operation 337 'add' 'add_ln175_99' <Predicate = true> <Delay = 0.78> <CoreInst = "Adder">   --->   Core 1 'Adder' <Latency = 0> <II = 1> <Delay = 0.78> <FuncUnit> <Opcode : 'add' 'sub'> <InPorts = 2> <OutPorts = 1>
ST_2 : Operation 338 [1/1] (0.76ns)   --->   "%add_ln175_100 = add i9 %sext_ln175_163, i9 %sext_ln175_164" [awn_int8.cpp:175]   --->   Operation 338 'add' 'add_ln175_100' <Predicate = true> <Delay = 0.76> <CoreInst = "Adder">   --->   Core 1 'Adder' <Latency = 0> <II = 1> <Delay = 0.76> <FuncUnit> <Opcode : 'add' 'sub'> <InPorts = 2> <OutPorts = 1>
ST_2 : Operation 339 [1/1] (0.00ns)   --->   "%sext_ln175_225 = sext i9 %add_ln175_100" [awn_int8.cpp:175]   --->   Operation 339 'sext' 'sext_ln175_225' <Predicate = true> <Delay = 0.00>
ST_2 : Operation 340 [1/1] (0.76ns)   --->   "%add_ln175_101 = add i9 %sext_ln175_165, i9 %sext_ln175_166" [awn_int8.cpp:175]   --->   Operation 340 'add' 'add_ln175_101' <Predicate = true> <Delay = 0.76> <CoreInst = "Adder">   --->   Core 1 'Adder' <Latency = 0> <II = 1> <Delay = 0.76> <FuncUnit> <Opcode : 'add' 'sub'> <InPorts = 2> <OutPorts = 1>
ST_2 : Operation 341 [1/1] (0.00ns)   --->   "%sext_ln175_226 = sext i9 %add_ln175_101" [awn_int8.cpp:175]   --->   Operation 341 'sext' 'sext_ln175_226' <Predicate = true> <Delay = 0.00>
ST_2 : Operation 342 [1/1] (0.77ns)   --->   "%add_ln175_102 = add i10 %sext_ln175_226, i10 %sext_ln175_225" [awn_int8.cpp:175]   --->   Operation 342 'add' 'add_ln175_102' <Predicate = true> <Delay = 0.77> <CoreInst = "Adder">   --->   Core 1 'Adder' <Latency = 0> <II = 1> <Delay = 0.77> <FuncUnit> <Opcode : 'add' 'sub'> <InPorts = 2> <OutPorts = 1>
ST_2 : Operation 343 [1/1] (0.00ns)   --->   "%sext_ln175_227 = sext i10 %add_ln175_102" [awn_int8.cpp:175]   --->   Operation 343 'sext' 'sext_ln175_227' <Predicate = true> <Delay = 0.00>
ST_2 : Operation 344 [1/1] (0.76ns)   --->   "%add_ln175_103 = add i9 %sext_ln175_167, i9 %sext_ln175_168" [awn_int8.cpp:175]   --->   Operation 344 'add' 'add_ln175_103' <Predicate = true> <Delay = 0.76> <CoreInst = "Adder">   --->   Core 1 'Adder' <Latency = 0> <II = 1> <Delay = 0.76> <FuncUnit> <Opcode : 'add' 'sub'> <InPorts = 2> <OutPorts = 1>
ST_2 : Operation 345 [1/1] (0.00ns)   --->   "%sext_ln175_228 = sext i9 %add_ln175_103" [awn_int8.cpp:175]   --->   Operation 345 'sext' 'sext_ln175_228' <Predicate = true> <Delay = 0.00>
ST_2 : Operation 346 [1/1] (0.76ns)   --->   "%add_ln175_104 = add i9 %sext_ln175_169, i9 %sext_ln175_170" [awn_int8.cpp:175]   --->   Operation 346 'add' 'add_ln175_104' <Predicate = true> <Delay = 0.76> <CoreInst = "Adder">   --->   Core 1 'Adder' <Latency = 0> <II = 1> <Delay = 0.76> <FuncUnit> <Opcode : 'add' 'sub'> <InPorts = 2> <OutPorts = 1>
ST_2 : Operation 347 [1/1] (0.00ns)   --->   "%sext_ln175_229 = sext i9 %add_ln175_104" [awn_int8.cpp:175]   --->   Operation 347 'sext' 'sext_ln175_229' <Predicate = true> <Delay = 0.00>
ST_2 : Operation 348 [1/1] (0.77ns)   --->   "%add_ln175_105 = add i10 %sext_ln175_229, i10 %sext_ln175_228" [awn_int8.cpp:175]   --->   Operation 348 'add' 'add_ln175_105' <Predicate = true> <Delay = 0.77> <CoreInst = "Adder">   --->   Core 1 'Adder' <Latency = 0> <II = 1> <Delay = 0.77> <FuncUnit> <Opcode : 'add' 'sub'> <InPorts = 2> <OutPorts = 1>
ST_2 : Operation 349 [1/1] (0.00ns)   --->   "%sext_ln175_230 = sext i10 %add_ln175_105" [awn_int8.cpp:175]   --->   Operation 349 'sext' 'sext_ln175_230' <Predicate = true> <Delay = 0.00>
ST_2 : Operation 350 [1/1] (0.78ns)   --->   "%add_ln175_106 = add i11 %sext_ln175_230, i11 %sext_ln175_227" [awn_int8.cpp:175]   --->   Operation 350 'add' 'add_ln175_106' <Predicate = true> <Delay = 0.78> <CoreInst = "Adder">   --->   Core 1 'Adder' <Latency = 0> <II = 1> <Delay = 0.78> <FuncUnit> <Opcode : 'add' 'sub'> <InPorts = 2> <OutPorts = 1>
ST_2 : Operation 351 [1/1] (0.76ns)   --->   "%add_ln175_108 = add i9 %sext_ln175_171, i9 %sext_ln175_172" [awn_int8.cpp:175]   --->   Operation 351 'add' 'add_ln175_108' <Predicate = true> <Delay = 0.76> <CoreInst = "Adder">   --->   Core 1 'Adder' <Latency = 0> <II = 1> <Delay = 0.76> <FuncUnit> <Opcode : 'add' 'sub'> <InPorts = 2> <OutPorts = 1>
ST_2 : Operation 352 [1/1] (0.00ns)   --->   "%sext_ln175_233 = sext i9 %add_ln175_108" [awn_int8.cpp:175]   --->   Operation 352 'sext' 'sext_ln175_233' <Predicate = true> <Delay = 0.00>
ST_2 : Operation 353 [1/1] (0.76ns)   --->   "%add_ln175_109 = add i9 %sext_ln175_173, i9 %sext_ln175_174" [awn_int8.cpp:175]   --->   Operation 353 'add' 'add_ln175_109' <Predicate = true> <Delay = 0.76> <CoreInst = "Adder">   --->   Core 1 'Adder' <Latency = 0> <II = 1> <Delay = 0.76> <FuncUnit> <Opcode : 'add' 'sub'> <InPorts = 2> <OutPorts = 1>
ST_2 : Operation 354 [1/1] (0.00ns)   --->   "%sext_ln175_234 = sext i9 %add_ln175_109" [awn_int8.cpp:175]   --->   Operation 354 'sext' 'sext_ln175_234' <Predicate = true> <Delay = 0.00>
ST_2 : Operation 355 [1/1] (0.77ns)   --->   "%add_ln175_110 = add i10 %sext_ln175_234, i10 %sext_ln175_233" [awn_int8.cpp:175]   --->   Operation 355 'add' 'add_ln175_110' <Predicate = true> <Delay = 0.77> <CoreInst = "Adder">   --->   Core 1 'Adder' <Latency = 0> <II = 1> <Delay = 0.77> <FuncUnit> <Opcode : 'add' 'sub'> <InPorts = 2> <OutPorts = 1>
ST_2 : Operation 356 [1/1] (0.00ns)   --->   "%sext_ln175_235 = sext i10 %add_ln175_110" [awn_int8.cpp:175]   --->   Operation 356 'sext' 'sext_ln175_235' <Predicate = true> <Delay = 0.00>
ST_2 : Operation 357 [1/1] (0.76ns)   --->   "%add_ln175_111 = add i9 %sext_ln175_175, i9 %sext_ln175_176" [awn_int8.cpp:175]   --->   Operation 357 'add' 'add_ln175_111' <Predicate = true> <Delay = 0.76> <CoreInst = "Adder">   --->   Core 1 'Adder' <Latency = 0> <II = 1> <Delay = 0.76> <FuncUnit> <Opcode : 'add' 'sub'> <InPorts = 2> <OutPorts = 1>
ST_2 : Operation 358 [1/1] (0.00ns)   --->   "%sext_ln175_236 = sext i9 %add_ln175_111" [awn_int8.cpp:175]   --->   Operation 358 'sext' 'sext_ln175_236' <Predicate = true> <Delay = 0.00>
ST_2 : Operation 359 [1/1] (0.76ns)   --->   "%add_ln175_112 = add i9 %sext_ln175_177, i9 %sext_ln175_178" [awn_int8.cpp:175]   --->   Operation 359 'add' 'add_ln175_112' <Predicate = true> <Delay = 0.76> <CoreInst = "Adder">   --->   Core 1 'Adder' <Latency = 0> <II = 1> <Delay = 0.76> <FuncUnit> <Opcode : 'add' 'sub'> <InPorts = 2> <OutPorts = 1>
ST_2 : Operation 360 [1/1] (0.00ns)   --->   "%sext_ln175_237 = sext i9 %add_ln175_112" [awn_int8.cpp:175]   --->   Operation 360 'sext' 'sext_ln175_237' <Predicate = true> <Delay = 0.00>
ST_2 : Operation 361 [1/1] (0.77ns)   --->   "%add_ln175_113 = add i10 %sext_ln175_237, i10 %sext_ln175_236" [awn_int8.cpp:175]   --->   Operation 361 'add' 'add_ln175_113' <Predicate = true> <Delay = 0.77> <CoreInst = "Adder">   --->   Core 1 'Adder' <Latency = 0> <II = 1> <Delay = 0.77> <FuncUnit> <Opcode : 'add' 'sub'> <InPorts = 2> <OutPorts = 1>
ST_2 : Operation 362 [1/1] (0.00ns)   --->   "%sext_ln175_238 = sext i10 %add_ln175_113" [awn_int8.cpp:175]   --->   Operation 362 'sext' 'sext_ln175_238' <Predicate = true> <Delay = 0.00>
ST_2 : Operation 363 [1/1] (0.78ns)   --->   "%add_ln175_114 = add i11 %sext_ln175_238, i11 %sext_ln175_235" [awn_int8.cpp:175]   --->   Operation 363 'add' 'add_ln175_114' <Predicate = true> <Delay = 0.78> <CoreInst = "Adder">   --->   Core 1 'Adder' <Latency = 0> <II = 1> <Delay = 0.78> <FuncUnit> <Opcode : 'add' 'sub'> <InPorts = 2> <OutPorts = 1>
ST_2 : Operation 364 [1/1] (0.76ns)   --->   "%add_ln175_115 = add i9 %sext_ln175_179, i9 %sext_ln175_180" [awn_int8.cpp:175]   --->   Operation 364 'add' 'add_ln175_115' <Predicate = true> <Delay = 0.76> <CoreInst = "Adder">   --->   Core 1 'Adder' <Latency = 0> <II = 1> <Delay = 0.76> <FuncUnit> <Opcode : 'add' 'sub'> <InPorts = 2> <OutPorts = 1>
ST_2 : Operation 365 [1/1] (0.00ns)   --->   "%sext_ln175_240 = sext i9 %add_ln175_115" [awn_int8.cpp:175]   --->   Operation 365 'sext' 'sext_ln175_240' <Predicate = true> <Delay = 0.00>
ST_2 : Operation 366 [1/1] (0.76ns)   --->   "%add_ln175_116 = add i9 %sext_ln175_181, i9 %sext_ln175_182" [awn_int8.cpp:175]   --->   Operation 366 'add' 'add_ln175_116' <Predicate = true> <Delay = 0.76> <CoreInst = "Adder">   --->   Core 1 'Adder' <Latency = 0> <II = 1> <Delay = 0.76> <FuncUnit> <Opcode : 'add' 'sub'> <InPorts = 2> <OutPorts = 1>
ST_2 : Operation 367 [1/1] (0.00ns)   --->   "%sext_ln175_241 = sext i9 %add_ln175_116" [awn_int8.cpp:175]   --->   Operation 367 'sext' 'sext_ln175_241' <Predicate = true> <Delay = 0.00>
ST_2 : Operation 368 [1/1] (0.77ns)   --->   "%add_ln175_117 = add i10 %sext_ln175_241, i10 %sext_ln175_240" [awn_int8.cpp:175]   --->   Operation 368 'add' 'add_ln175_117' <Predicate = true> <Delay = 0.77> <CoreInst = "Adder">   --->   Core 1 'Adder' <Latency = 0> <II = 1> <Delay = 0.77> <FuncUnit> <Opcode : 'add' 'sub'> <InPorts = 2> <OutPorts = 1>
ST_2 : Operation 369 [1/1] (0.00ns)   --->   "%sext_ln175_242 = sext i10 %add_ln175_117" [awn_int8.cpp:175]   --->   Operation 369 'sext' 'sext_ln175_242' <Predicate = true> <Delay = 0.00>
ST_2 : Operation 370 [1/1] (0.76ns)   --->   "%add_ln175_118 = add i9 %sext_ln175_183, i9 %sext_ln175_184" [awn_int8.cpp:175]   --->   Operation 370 'add' 'add_ln175_118' <Predicate = true> <Delay = 0.76> <CoreInst = "Adder">   --->   Core 1 'Adder' <Latency = 0> <II = 1> <Delay = 0.76> <FuncUnit> <Opcode : 'add' 'sub'> <InPorts = 2> <OutPorts = 1>
ST_2 : Operation 371 [1/1] (0.00ns)   --->   "%sext_ln175_243 = sext i9 %add_ln175_118" [awn_int8.cpp:175]   --->   Operation 371 'sext' 'sext_ln175_243' <Predicate = true> <Delay = 0.00>
ST_2 : Operation 372 [1/1] (0.76ns)   --->   "%add_ln175_119 = add i9 %sext_ln175_185, i9 %sext_ln175_186" [awn_int8.cpp:175]   --->   Operation 372 'add' 'add_ln175_119' <Predicate = true> <Delay = 0.76> <CoreInst = "Adder">   --->   Core 1 'Adder' <Latency = 0> <II = 1> <Delay = 0.76> <FuncUnit> <Opcode : 'add' 'sub'> <InPorts = 2> <OutPorts = 1>
ST_2 : Operation 373 [1/1] (0.00ns)   --->   "%sext_ln175_244 = sext i9 %add_ln175_119" [awn_int8.cpp:175]   --->   Operation 373 'sext' 'sext_ln175_244' <Predicate = true> <Delay = 0.00>
ST_2 : Operation 374 [1/1] (0.77ns)   --->   "%add_ln175_120 = add i10 %sext_ln175_244, i10 %sext_ln175_243" [awn_int8.cpp:175]   --->   Operation 374 'add' 'add_ln175_120' <Predicate = true> <Delay = 0.77> <CoreInst = "Adder">   --->   Core 1 'Adder' <Latency = 0> <II = 1> <Delay = 0.77> <FuncUnit> <Opcode : 'add' 'sub'> <InPorts = 2> <OutPorts = 1>
ST_2 : Operation 375 [1/1] (0.00ns)   --->   "%sext_ln175_245 = sext i10 %add_ln175_120" [awn_int8.cpp:175]   --->   Operation 375 'sext' 'sext_ln175_245' <Predicate = true> <Delay = 0.00>
ST_2 : Operation 376 [1/1] (0.78ns)   --->   "%add_ln175_121 = add i11 %sext_ln175_245, i11 %sext_ln175_242" [awn_int8.cpp:175]   --->   Operation 376 'add' 'add_ln175_121' <Predicate = true> <Delay = 0.78> <CoreInst = "Adder">   --->   Core 1 'Adder' <Latency = 0> <II = 1> <Delay = 0.78> <FuncUnit> <Opcode : 'add' 'sub'> <InPorts = 2> <OutPorts = 1>

State 3 <SV = 2> <Delay = 2.42>
ST_3 : Operation 377 [1/1] (0.00ns)   --->   "%sext_ln175_193 = sext i11 %add_ln175_68" [awn_int8.cpp:175]   --->   Operation 377 'sext' 'sext_ln175_193' <Predicate = true> <Delay = 0.00>
ST_3 : Operation 378 [1/1] (0.00ns)   --->   "%sext_ln175_200 = sext i11 %add_ln175_75" [awn_int8.cpp:175]   --->   Operation 378 'sext' 'sext_ln175_200' <Predicate = true> <Delay = 0.00>
ST_3 : Operation 379 [1/1] (0.79ns)   --->   "%add_ln175_76 = add i12 %sext_ln175_200, i12 %sext_ln175_193" [awn_int8.cpp:175]   --->   Operation 379 'add' 'add_ln175_76' <Predicate = true> <Delay = 0.79> <CoreInst = "Adder">   --->   Core 1 'Adder' <Latency = 0> <II = 1> <Delay = 0.79> <FuncUnit> <Opcode : 'add' 'sub'> <InPorts = 2> <OutPorts = 1>
ST_3 : Operation 380 [1/1] (0.00ns)   --->   "%sext_ln175_201 = sext i12 %add_ln175_76" [awn_int8.cpp:175]   --->   Operation 380 'sext' 'sext_ln175_201' <Predicate = true> <Delay = 0.00>
ST_3 : Operation 381 [1/1] (0.00ns)   --->   "%sext_ln175_208 = sext i11 %add_ln175_83" [awn_int8.cpp:175]   --->   Operation 381 'sext' 'sext_ln175_208' <Predicate = true> <Delay = 0.00>
ST_3 : Operation 382 [1/1] (0.00ns)   --->   "%sext_ln175_215 = sext i11 %add_ln175_90" [awn_int8.cpp:175]   --->   Operation 382 'sext' 'sext_ln175_215' <Predicate = true> <Delay = 0.00>
ST_3 : Operation 383 [1/1] (0.79ns)   --->   "%add_ln175_91 = add i12 %sext_ln175_215, i12 %sext_ln175_208" [awn_int8.cpp:175]   --->   Operation 383 'add' 'add_ln175_91' <Predicate = true> <Delay = 0.79> <CoreInst = "Adder">   --->   Core 1 'Adder' <Latency = 0> <II = 1> <Delay = 0.79> <FuncUnit> <Opcode : 'add' 'sub'> <InPorts = 2> <OutPorts = 1>
ST_3 : Operation 384 [1/1] (0.00ns)   --->   "%sext_ln175_216 = sext i12 %add_ln175_91" [awn_int8.cpp:175]   --->   Operation 384 'sext' 'sext_ln175_216' <Predicate = true> <Delay = 0.00>
ST_3 : Operation 385 [1/1] (0.80ns)   --->   "%add_ln175_92 = add i13 %sext_ln175_216, i13 %sext_ln175_201" [awn_int8.cpp:175]   --->   Operation 385 'add' 'add_ln175_92' <Predicate = true> <Delay = 0.80> <CoreInst = "Adder">   --->   Core 1 'Adder' <Latency = 0> <II = 1> <Delay = 0.80> <FuncUnit> <Opcode : 'add' 'sub'> <InPorts = 2> <OutPorts = 1>
ST_3 : Operation 386 [1/1] (0.00ns)   --->   "%sext_ln175_217 = sext i13 %add_ln175_92" [awn_int8.cpp:175]   --->   Operation 386 'sext' 'sext_ln175_217' <Predicate = true> <Delay = 0.00>
ST_3 : Operation 387 [1/1] (0.00ns)   --->   "%sext_ln175_224 = sext i11 %add_ln175_99" [awn_int8.cpp:175]   --->   Operation 387 'sext' 'sext_ln175_224' <Predicate = true> <Delay = 0.00>
ST_3 : Operation 388 [1/1] (0.00ns)   --->   "%sext_ln175_231 = sext i11 %add_ln175_106" [awn_int8.cpp:175]   --->   Operation 388 'sext' 'sext_ln175_231' <Predicate = true> <Delay = 0.00>
ST_3 : Operation 389 [1/1] (0.79ns)   --->   "%add_ln175_107 = add i12 %sext_ln175_231, i12 %sext_ln175_224" [awn_int8.cpp:175]   --->   Operation 389 'add' 'add_ln175_107' <Predicate = true> <Delay = 0.79> <CoreInst = "Adder">   --->   Core 1 'Adder' <Latency = 0> <II = 1> <Delay = 0.79> <FuncUnit> <Opcode : 'add' 'sub'> <InPorts = 2> <OutPorts = 1>
ST_3 : Operation 390 [1/1] (0.00ns)   --->   "%sext_ln175_232 = sext i12 %add_ln175_107" [awn_int8.cpp:175]   --->   Operation 390 'sext' 'sext_ln175_232' <Predicate = true> <Delay = 0.00>
ST_3 : Operation 391 [1/1] (0.00ns)   --->   "%sext_ln175_239 = sext i11 %add_ln175_114" [awn_int8.cpp:175]   --->   Operation 391 'sext' 'sext_ln175_239' <Predicate = true> <Delay = 0.00>
ST_3 : Operation 392 [1/1] (0.00ns)   --->   "%sext_ln175_246 = sext i11 %add_ln175_121" [awn_int8.cpp:175]   --->   Operation 392 'sext' 'sext_ln175_246' <Predicate = true> <Delay = 0.00>
ST_3 : Operation 393 [1/1] (0.79ns)   --->   "%add_ln175_122 = add i12 %sext_ln175_246, i12 %sext_ln175_239" [awn_int8.cpp:175]   --->   Operation 393 'add' 'add_ln175_122' <Predicate = true> <Delay = 0.79> <CoreInst = "Adder">   --->   Core 1 'Adder' <Latency = 0> <II = 1> <Delay = 0.79> <FuncUnit> <Opcode : 'add' 'sub'> <InPorts = 2> <OutPorts = 1>
ST_3 : Operation 394 [1/1] (0.00ns)   --->   "%sext_ln175_247 = sext i12 %add_ln175_122" [awn_int8.cpp:175]   --->   Operation 394 'sext' 'sext_ln175_247' <Predicate = true> <Delay = 0.00>
ST_3 : Operation 395 [1/1] (0.80ns)   --->   "%add_ln175_123 = add i13 %sext_ln175_247, i13 %sext_ln175_232" [awn_int8.cpp:175]   --->   Operation 395 'add' 'add_ln175_123' <Predicate = true> <Delay = 0.80> <CoreInst = "Adder">   --->   Core 1 'Adder' <Latency = 0> <II = 1> <Delay = 0.80> <FuncUnit> <Opcode : 'add' 'sub'> <InPorts = 2> <OutPorts = 1>
ST_3 : Operation 396 [1/1] (0.00ns)   --->   "%sext_ln175_248 = sext i13 %add_ln175_123" [awn_int8.cpp:175]   --->   Operation 396 'sext' 'sext_ln175_248' <Predicate = true> <Delay = 0.00>
ST_3 : Operation 397 [1/1] (0.82ns)   --->   "%acc_5 = add i14 %sext_ln175_248, i14 %sext_ln175_217" [awn_int8.cpp:175]   --->   Operation 397 'add' 'acc_5' <Predicate = true> <Delay = 0.82> <CoreInst = "Adder">   --->   Core 1 'Adder' <Latency = 0> <II = 1> <Delay = 0.82> <FuncUnit> <Opcode : 'add' 'sub'> <InPorts = 2> <OutPorts = 1>

State 4 <SV = 3> <Delay = 3.42>
ST_4 : Operation 398 [1/1] (0.00ns)   --->   "%sext_ln17 = sext i14 %acc_5" [awn_int8.cpp:17->awn_int8.cpp:30->awn_int8.cpp:176]   --->   Operation 398 'sext' 'sext_ln17' <Predicate = true> <Delay = 0.00>
ST_4 : Operation 399 [1/1] (3.42ns)   --->   "%mul_ln17 = mul i45 %sext_ln17, i45 1233165625" [awn_int8.cpp:17->awn_int8.cpp:30->awn_int8.cpp:176]   --->   Operation 399 'mul' 'mul_ln17' <Predicate = true> <Delay = 3.42> <CoreInst = "Multiplier">   --->   Core 3 'Multiplier' <Latency = 0> <II = 1> <Delay = 3.42> <FuncUnit> <Opcode : 'mul'> <InPorts = 2> <OutPorts = 1>
ST_4 : Operation 415 [1/1] (0.00ns)   --->   "%ret_ln178 = ret" [awn_int8.cpp:178]   --->   Operation 415 'ret' 'ret_ln178' <Predicate = (icmp_ln172)> <Delay = 0.00>

State 5 <SV = 4> <Delay = 2.92>
ST_5 : Operation 400 [1/1] (0.00ns)   --->   "%specpipeline_ln173 = specpipeline void @_ssdm_op_SpecPipeline, i32 1, i32 0, i32 0, i32 0, void @empty_3" [awn_int8.cpp:173]   --->   Operation 400 'specpipeline' 'specpipeline_ln173' <Predicate = true> <Delay = 0.00>
ST_5 : Operation 401 [1/1] (0.00ns)   --->   "%speclooptripcount_ln172 = speclooptripcount void @_ssdm_op_SpecLoopTripCount, i64 64, i64 64, i64 64" [awn_int8.cpp:172]   --->   Operation 401 'speclooptripcount' 'speclooptripcount_ln172' <Predicate = true> <Delay = 0.00>
ST_5 : Operation 402 [1/1] (0.00ns)   --->   "%specloopname_ln172 = specloopname void @_ssdm_op_SpecLoopName, void @empty_14" [awn_int8.cpp:172]   --->   Operation 402 'specloopname' 'specloopname_ln172' <Predicate = true> <Delay = 0.00>
ST_5 : Operation 403 [1/1] (1.06ns)   --->   "%sum = add i45 %mul_ln17, i45 17179869184" [awn_int8.cpp:19->awn_int8.cpp:30->awn_int8.cpp:176]   --->   Operation 403 'add' 'sum' <Predicate = true> <Delay = 1.06> <CoreInst = "Adder">   --->   Core 1 'Adder' <Latency = 0> <II = 1> <Delay = 1.06> <FuncUnit> <Opcode : 'add' 'sub'> <InPorts = 2> <OutPorts = 1>
ST_5 : Operation 404 [1/1] (0.00ns)   --->   "%trunc_ln = partselect i10 @_ssdm_op_PartSelect.i10.i45.i32.i32, i45 %sum, i32 35, i32 44" [awn_int8.cpp:20->awn_int8.cpp:30->awn_int8.cpp:176]   --->   Operation 404 'partselect' 'trunc_ln' <Predicate = true> <Delay = 0.00>
ST_5 : Operation 405 [1/1] (0.00ns)   --->   "%tmp = partselect i3 @_ssdm_op_PartSelect.i3.i45.i32.i32, i45 %sum, i32 42, i32 44" [awn_int8.cpp:24->awn_int8.cpp:30->awn_int8.cpp:176]   --->   Operation 405 'partselect' 'tmp' <Predicate = true> <Delay = 0.00>
ST_5 : Operation 406 [1/1] (0.67ns)   --->   "%icmp_ln24 = icmp_sgt  i3 %tmp, i3 0" [awn_int8.cpp:24->awn_int8.cpp:30->awn_int8.cpp:176]   --->   Operation 406 'icmp' 'icmp_ln24' <Predicate = true> <Delay = 0.67> <CoreInst = "Cmp">   --->   Core 9 'Cmp' <Latency = 0> <II = 1> <Delay = 0.67> <FuncUnit> <Opcode : 'icmp'> <InPorts = 2> <OutPorts = 1>
ST_5 : Operation 407 [1/1] (0.78ns)   --->   "%icmp_ln25 = icmp_slt  i10 %trunc_ln, i10 896" [awn_int8.cpp:25->awn_int8.cpp:30->awn_int8.cpp:176]   --->   Operation 407 'icmp' 'icmp_ln25' <Predicate = true> <Delay = 0.78> <CoreInst = "Cmp">   --->   Core 9 'Cmp' <Latency = 0> <II = 1> <Delay = 0.78> <FuncUnit> <Opcode : 'icmp'> <InPorts = 2> <OutPorts = 1>
ST_5 : Operation 408 [1/1] (0.00ns) (grouped into LUT with out node select_ln24)   --->   "%trunc_ln2 = partselect i8 @_ssdm_op_PartSelect.i8.i45.i32.i32, i45 %sum, i32 35, i32 42" [awn_int8.cpp:26->awn_int8.cpp:30->awn_int8.cpp:176]   --->   Operation 408 'partselect' 'trunc_ln2' <Predicate = true> <Delay = 0.00>
ST_5 : Operation 409 [1/1] (0.00ns) (grouped into LUT with out node select_ln24)   --->   "%select_ln24_11 = select i1 %icmp_ln24, i8 127, i8 128" [awn_int8.cpp:24->awn_int8.cpp:30->awn_int8.cpp:176]   --->   Operation 409 'select' 'select_ln24_11' <Predicate = true> <Delay = 0.00> <CoreInst = "Sel">   --->   Core 73 'Sel' <Latency = 0> <II = 1> <Delay = 0.39> <FuncUnit> <Opcode : 'select'> <InPorts = 3> <OutPorts = 1>
ST_5 : Operation 410 [1/1] (0.00ns) (grouped into LUT with out node select_ln24)   --->   "%or_ln24 = or i1 %icmp_ln24, i1 %icmp_ln25" [awn_int8.cpp:24->awn_int8.cpp:30->awn_int8.cpp:176]   --->   Operation 410 'or' 'or_ln24' <Predicate = true> <Delay = 0.00> <CoreInst = "LogicGate">   --->   Core 74 'LogicGate' <Latency = 0> <II = 1> <Delay = 0.28> <FuncUnit> <Opcode : 'and' 'or' 'xor'> <InPorts = 2> <OutPorts = 1>
ST_5 : Operation 411 [1/1] (0.39ns) (out node of the LUT)   --->   "%select_ln24 = select i1 %or_ln24, i8 %select_ln24_11, i8 %trunc_ln2" [awn_int8.cpp:24->awn_int8.cpp:30->awn_int8.cpp:176]   --->   Operation 411 'select' 'select_ln24' <Predicate = true> <Delay = 0.39> <CoreInst = "Sel">   --->   Core 73 'Sel' <Latency = 0> <II = 1> <Delay = 0.39> <FuncUnit> <Opcode : 'select'> <InPorts = 3> <OutPorts = 1>
ST_5 : Operation 412 [1/1] (0.00ns)   --->   "%y_addr = getelementptr i8 %y, i64 0, i64 %zext_ln172" [awn_int8.cpp:176]   --->   Operation 412 'getelementptr' 'y_addr' <Predicate = true> <Delay = 0.00>
ST_5 : Operation 413 [1/1] (0.67ns)   --->   "%store_ln176 = store i8 %select_ln24, i6 %y_addr" [awn_int8.cpp:176]   --->   Operation 413 'store' 'store_ln176' <Predicate = true> <Delay = 0.67> <CoreInst = "RAM">   --->   Core 83 'RAM' <Latency = 1> <II = 1> <Delay = 0.67> <Storage> <Opcode : 'load' 'store'> <Ports = 2> <Width = 8> <Depth = 64> <RAM>
ST_5 : Operation 414 [1/1] (0.00ns)   --->   "%br_ln172 = br void %VITIS_LOOP_175_2" [awn_int8.cpp:172]   --->   Operation 414 'br' 'br_ln172' <Predicate = true> <Delay = 0.00>


============================================================
+ Verbose Summary: Binding
============================================================
STG Binding: 
---------------- STG Properties BEGIN ----------------
- Is combinational: 0
- Is one-state seq: 0
- Is datapath-only: 0
- Is pipelined: 0
- Is top level: 0
Port [ Return ] is wired: 1; IO mode=ap_ctrl_hs:ce=0
Port [ x_0]:  wired=1; compound=1; hidden=0; nouse=0; global=0; static=0; extern=0; dir=0; type=1; pingpong=0; private_global=0; MemPort=[13]; IO mode=ap_memory:ce=0
Port [ x_1]:  wired=1; compound=1; hidden=0; nouse=0; global=0; static=0; extern=0; dir=0; type=1; pingpong=0; private_global=0; MemPort=[13]; IO mode=ap_memory:ce=0
Port [ x_2]:  wired=1; compound=1; hidden=0; nouse=0; global=0; static=0; extern=0; dir=0; type=1; pingpong=0; private_global=0; MemPort=[13]; IO mode=ap_memory:ce=0
Port [ x_3]:  wired=1; compound=1; hidden=0; nouse=0; global=0; static=0; extern=0; dir=0; type=1; pingpong=0; private_global=0; MemPort=[13]; IO mode=ap_memory:ce=0
Port [ x_4]:  wired=1; compound=1; hidden=0; nouse=0; global=0; static=0; extern=0; dir=0; type=1; pingpong=0; private_global=0; MemPort=[13]; IO mode=ap_memory:ce=0
Port [ x_5]:  wired=1; compound=1; hidden=0; nouse=0; global=0; static=0; extern=0; dir=0; type=1; pingpong=0; private_global=0; MemPort=[13]; IO mode=ap_memory:ce=0
Port [ x_6]:  wired=1; compound=1; hidden=0; nouse=0; global=0; static=0; extern=0; dir=0; type=1; pingpong=0; private_global=0; MemPort=[13]; IO mode=ap_memory:ce=0
Port [ x_7]:  wired=1; compound=1; hidden=0; nouse=0; global=0; static=0; extern=0; dir=0; type=1; pingpong=0; private_global=0; MemPort=[13]; IO mode=ap_memory:ce=0
Port [ x_8]:  wired=1; compound=1; hidden=0; nouse=0; global=0; static=0; extern=0; dir=0; type=1; pingpong=0; private_global=0; MemPort=[13]; IO mode=ap_memory:ce=0
Port [ x_9]:  wired=1; compound=1; hidden=0; nouse=0; global=0; static=0; extern=0; dir=0; type=1; pingpong=0; private_global=0; MemPort=[13]; IO mode=ap_memory:ce=0
Port [ x_10]:  wired=1; compound=1; hidden=0; nouse=0; global=0; static=0; extern=0; dir=0; type=1; pingpong=0; private_global=0; MemPort=[13]; IO mode=ap_memory:ce=0
Port [ x_11]:  wired=1; compound=1; hidden=0; nouse=0; global=0; static=0; extern=0; dir=0; type=1; pingpong=0; private_global=0; MemPort=[13]; IO mode=ap_memory:ce=0
Port [ x_12]:  wired=1; compound=1; hidden=0; nouse=0; global=0; static=0; extern=0; dir=0; type=1; pingpong=0; private_global=0; MemPort=[13]; IO mode=ap_memory:ce=0
Port [ x_13]:  wired=1; compound=1; hidden=0; nouse=0; global=0; static=0; extern=0; dir=0; type=1; pingpong=0; private_global=0; MemPort=[13]; IO mode=ap_memory:ce=0
Port [ x_14]:  wired=1; compound=1; hidden=0; nouse=0; global=0; static=0; extern=0; dir=0; type=1; pingpong=0; private_global=0; MemPort=[13]; IO mode=ap_memory:ce=0
Port [ x_15]:  wired=1; compound=1; hidden=0; nouse=0; global=0; static=0; extern=0; dir=0; type=1; pingpong=0; private_global=0; MemPort=[13]; IO mode=ap_memory:ce=0
Port [ x_16]:  wired=1; compound=1; hidden=0; nouse=0; global=0; static=0; extern=0; dir=0; type=1; pingpong=0; private_global=0; MemPort=[13]; IO mode=ap_memory:ce=0
Port [ x_17]:  wired=1; compound=1; hidden=0; nouse=0; global=0; static=0; extern=0; dir=0; type=1; pingpong=0; private_global=0; MemPort=[13]; IO mode=ap_memory:ce=0
Port [ x_18]:  wired=1; compound=1; hidden=0; nouse=0; global=0; static=0; extern=0; dir=0; type=1; pingpong=0; private_global=0; MemPort=[13]; IO mode=ap_memory:ce=0
Port [ x_19]:  wired=1; compound=1; hidden=0; nouse=0; global=0; static=0; extern=0; dir=0; type=1; pingpong=0; private_global=0; MemPort=[13]; IO mode=ap_memory:ce=0
Port [ x_20]:  wired=1; compound=1; hidden=0; nouse=0; global=0; static=0; extern=0; dir=0; type=1; pingpong=0; private_global=0; MemPort=[13]; IO mode=ap_memory:ce=0
Port [ x_21]:  wired=1; compound=1; hidden=0; nouse=0; global=0; static=0; extern=0; dir=0; type=1; pingpong=0; private_global=0; MemPort=[13]; IO mode=ap_memory:ce=0
Port [ x_22]:  wired=1; compound=1; hidden=0; nouse=0; global=0; static=0; extern=0; dir=0; type=1; pingpong=0; private_global=0; MemPort=[13]; IO mode=ap_memory:ce=0
Port [ x_23]:  wired=1; compound=1; hidden=0; nouse=0; global=0; static=0; extern=0; dir=0; type=1; pingpong=0; private_global=0; MemPort=[13]; IO mode=ap_memory:ce=0
Port [ x_24]:  wired=1; compound=1; hidden=0; nouse=0; global=0; static=0; extern=0; dir=0; type=1; pingpong=0; private_global=0; MemPort=[13]; IO mode=ap_memory:ce=0
Port [ x_25]:  wired=1; compound=1; hidden=0; nouse=0; global=0; static=0; extern=0; dir=0; type=1; pingpong=0; private_global=0; MemPort=[13]; IO mode=ap_memory:ce=0
Port [ x_26]:  wired=1; compound=1; hidden=0; nouse=0; global=0; static=0; extern=0; dir=0; type=1; pingpong=0; private_global=0; MemPort=[13]; IO mode=ap_memory:ce=0
Port [ x_27]:  wired=1; compound=1; hidden=0; nouse=0; global=0; static=0; extern=0; dir=0; type=1; pingpong=0; private_global=0; MemPort=[13]; IO mode=ap_memory:ce=0
Port [ x_28]:  wired=1; compound=1; hidden=0; nouse=0; global=0; static=0; extern=0; dir=0; type=1; pingpong=0; private_global=0; MemPort=[13]; IO mode=ap_memory:ce=0
Port [ x_29]:  wired=1; compound=1; hidden=0; nouse=0; global=0; static=0; extern=0; dir=0; type=1; pingpong=0; private_global=0; MemPort=[13]; IO mode=ap_memory:ce=0
Port [ x_30]:  wired=1; compound=1; hidden=0; nouse=0; global=0; static=0; extern=0; dir=0; type=1; pingpong=0; private_global=0; MemPort=[13]; IO mode=ap_memory:ce=0
Port [ x_31]:  wired=1; compound=1; hidden=0; nouse=0; global=0; static=0; extern=0; dir=0; type=1; pingpong=0; private_global=0; MemPort=[13]; IO mode=ap_memory:ce=0
Port [ x_32]:  wired=1; compound=1; hidden=0; nouse=0; global=0; static=0; extern=0; dir=0; type=1; pingpong=0; private_global=0; MemPort=[13]; IO mode=ap_memory:ce=0
Port [ x_33]:  wired=1; compound=1; hidden=0; nouse=0; global=0; static=0; extern=0; dir=0; type=1; pingpong=0; private_global=0; MemPort=[13]; IO mode=ap_memory:ce=0
Port [ x_34]:  wired=1; compound=1; hidden=0; nouse=0; global=0; static=0; extern=0; dir=0; type=1; pingpong=0; private_global=0; MemPort=[13]; IO mode=ap_memory:ce=0
Port [ x_35]:  wired=1; compound=1; hidden=0; nouse=0; global=0; static=0; extern=0; dir=0; type=1; pingpong=0; private_global=0; MemPort=[13]; IO mode=ap_memory:ce=0
Port [ x_36]:  wired=1; compound=1; hidden=0; nouse=0; global=0; static=0; extern=0; dir=0; type=1; pingpong=0; private_global=0; MemPort=[13]; IO mode=ap_memory:ce=0
Port [ x_37]:  wired=1; compound=1; hidden=0; nouse=0; global=0; static=0; extern=0; dir=0; type=1; pingpong=0; private_global=0; MemPort=[13]; IO mode=ap_memory:ce=0
Port [ x_38]:  wired=1; compound=1; hidden=0; nouse=0; global=0; static=0; extern=0; dir=0; type=1; pingpong=0; private_global=0; MemPort=[13]; IO mode=ap_memory:ce=0
Port [ x_39]:  wired=1; compound=1; hidden=0; nouse=0; global=0; static=0; extern=0; dir=0; type=1; pingpong=0; private_global=0; MemPort=[13]; IO mode=ap_memory:ce=0
Port [ x_40]:  wired=1; compound=1; hidden=0; nouse=0; global=0; static=0; extern=0; dir=0; type=1; pingpong=0; private_global=0; MemPort=[13]; IO mode=ap_memory:ce=0
Port [ x_41]:  wired=1; compound=1; hidden=0; nouse=0; global=0; static=0; extern=0; dir=0; type=1; pingpong=0; private_global=0; MemPort=[13]; IO mode=ap_memory:ce=0
Port [ x_42]:  wired=1; compound=1; hidden=0; nouse=0; global=0; static=0; extern=0; dir=0; type=1; pingpong=0; private_global=0; MemPort=[13]; IO mode=ap_memory:ce=0
Port [ x_43]:  wired=1; compound=1; hidden=0; nouse=0; global=0; static=0; extern=0; dir=0; type=1; pingpong=0; private_global=0; MemPort=[13]; IO mode=ap_memory:ce=0
Port [ x_44]:  wired=1; compound=1; hidden=0; nouse=0; global=0; static=0; extern=0; dir=0; type=1; pingpong=0; private_global=0; MemPort=[13]; IO mode=ap_memory:ce=0
Port [ x_45]:  wired=1; compound=1; hidden=0; nouse=0; global=0; static=0; extern=0; dir=0; type=1; pingpong=0; private_global=0; MemPort=[13]; IO mode=ap_memory:ce=0
Port [ x_46]:  wired=1; compound=1; hidden=0; nouse=0; global=0; static=0; extern=0; dir=0; type=1; pingpong=0; private_global=0; MemPort=[13]; IO mode=ap_memory:ce=0
Port [ x_47]:  wired=1; compound=1; hidden=0; nouse=0; global=0; static=0; extern=0; dir=0; type=1; pingpong=0; private_global=0; MemPort=[13]; IO mode=ap_memory:ce=0
Port [ x_48]:  wired=1; compound=1; hidden=0; nouse=0; global=0; static=0; extern=0; dir=0; type=1; pingpong=0; private_global=0; MemPort=[13]; IO mode=ap_memory:ce=0
Port [ x_49]:  wired=1; compound=1; hidden=0; nouse=0; global=0; static=0; extern=0; dir=0; type=1; pingpong=0; private_global=0; MemPort=[13]; IO mode=ap_memory:ce=0
Port [ x_50]:  wired=1; compound=1; hidden=0; nouse=0; global=0; static=0; extern=0; dir=0; type=1; pingpong=0; private_global=0; MemPort=[13]; IO mode=ap_memory:ce=0
Port [ x_51]:  wired=1; compound=1; hidden=0; nouse=0; global=0; static=0; extern=0; dir=0; type=1; pingpong=0; private_global=0; MemPort=[13]; IO mode=ap_memory:ce=0
Port [ x_52]:  wired=1; compound=1; hidden=0; nouse=0; global=0; static=0; extern=0; dir=0; type=1; pingpong=0; private_global=0; MemPort=[13]; IO mode=ap_memory:ce=0
Port [ x_53]:  wired=1; compound=1; hidden=0; nouse=0; global=0; static=0; extern=0; dir=0; type=1; pingpong=0; private_global=0; MemPort=[13]; IO mode=ap_memory:ce=0
Port [ x_54]:  wired=1; compound=1; hidden=0; nouse=0; global=0; static=0; extern=0; dir=0; type=1; pingpong=0; private_global=0; MemPort=[13]; IO mode=ap_memory:ce=0
Port [ x_55]:  wired=1; compound=1; hidden=0; nouse=0; global=0; static=0; extern=0; dir=0; type=1; pingpong=0; private_global=0; MemPort=[13]; IO mode=ap_memory:ce=0
Port [ x_56]:  wired=1; compound=1; hidden=0; nouse=0; global=0; static=0; extern=0; dir=0; type=1; pingpong=0; private_global=0; MemPort=[13]; IO mode=ap_memory:ce=0
Port [ x_57]:  wired=1; compound=1; hidden=0; nouse=0; global=0; static=0; extern=0; dir=0; type=1; pingpong=0; private_global=0; MemPort=[13]; IO mode=ap_memory:ce=0
Port [ x_58]:  wired=1; compound=1; hidden=0; nouse=0; global=0; static=0; extern=0; dir=0; type=1; pingpong=0; private_global=0; MemPort=[13]; IO mode=ap_memory:ce=0
Port [ x_59]:  wired=1; compound=1; hidden=0; nouse=0; global=0; static=0; extern=0; dir=0; type=1; pingpong=0; private_global=0; MemPort=[13]; IO mode=ap_memory:ce=0
Port [ x_60]:  wired=1; compound=1; hidden=0; nouse=0; global=0; static=0; extern=0; dir=0; type=1; pingpong=0; private_global=0; MemPort=[13]; IO mode=ap_memory:ce=0
Port [ x_61]:  wired=1; compound=1; hidden=0; nouse=0; global=0; static=0; extern=0; dir=0; type=1; pingpong=0; private_global=0; MemPort=[13]; IO mode=ap_memory:ce=0
Port [ x_62]:  wired=1; compound=1; hidden=0; nouse=0; global=0; static=0; extern=0; dir=0; type=1; pingpong=0; private_global=0; MemPort=[13]; IO mode=ap_memory:ce=0
Port [ x_63]:  wired=1; compound=1; hidden=0; nouse=0; global=0; static=0; extern=0; dir=0; type=1; pingpong=0; private_global=0; MemPort=[13]; IO mode=ap_memory:ce=0
Port [ y]:  wired=1; compound=1; hidden=0; nouse=0; global=0; static=0; extern=0; dir=1; type=1; pingpong=0; private_global=0; MemPort=[03]; IO mode=ap_memory:ce=0
---------------- STG Properties END ------------------

---------------- Datapath Model BEGIN ----------------

<LifeTime>
<method=bitvector/>
c                       (alloca           ) [ 010000]
store_ln172             (store            ) [ 000000]
br_ln172                (br               ) [ 000000]
c_3                     (load             ) [ 000000]
icmp_ln172              (icmp             ) [ 011110]
add_ln172               (add              ) [ 000000]
br_ln172                (br               ) [ 000000]
zext_ln172              (zext             ) [ 011111]
x_0_addr                (getelementptr    ) [ 011000]
x_1_addr                (getelementptr    ) [ 011000]
x_2_addr                (getelementptr    ) [ 011000]
x_3_addr                (getelementptr    ) [ 011000]
x_4_addr                (getelementptr    ) [ 011000]
x_5_addr                (getelementptr    ) [ 011000]
x_6_addr                (getelementptr    ) [ 011000]
x_7_addr                (getelementptr    ) [ 011000]
x_8_addr                (getelementptr    ) [ 011000]
x_9_addr                (getelementptr    ) [ 011000]
x_10_addr               (getelementptr    ) [ 011000]
x_11_addr               (getelementptr    ) [ 011000]
x_12_addr               (getelementptr    ) [ 011000]
x_13_addr               (getelementptr    ) [ 011000]
x_14_addr               (getelementptr    ) [ 011000]
x_15_addr               (getelementptr    ) [ 011000]
x_16_addr               (getelementptr    ) [ 011000]
x_17_addr               (getelementptr    ) [ 011000]
x_18_addr               (getelementptr    ) [ 011000]
x_19_addr               (getelementptr    ) [ 011000]
x_20_addr               (getelementptr    ) [ 011000]
x_21_addr               (getelementptr    ) [ 011000]
x_22_addr               (getelementptr    ) [ 011000]
x_23_addr               (getelementptr    ) [ 011000]
x_24_addr               (getelementptr    ) [ 011000]
x_25_addr               (getelementptr    ) [ 011000]
x_26_addr               (getelementptr    ) [ 011000]
x_27_addr               (getelementptr    ) [ 011000]
x_28_addr               (getelementptr    ) [ 011000]
x_29_addr               (getelementptr    ) [ 011000]
x_30_addr               (getelementptr    ) [ 011000]
x_31_addr               (getelementptr    ) [ 011000]
x_32_addr               (getelementptr    ) [ 011000]
x_33_addr               (getelementptr    ) [ 011000]
x_34_addr               (getelementptr    ) [ 011000]
x_35_addr               (getelementptr    ) [ 011000]
x_36_addr               (getelementptr    ) [ 011000]
x_37_addr               (getelementptr    ) [ 011000]
x_38_addr               (getelementptr    ) [ 011000]
x_39_addr               (getelementptr    ) [ 011000]
x_40_addr               (getelementptr    ) [ 011000]
x_41_addr               (getelementptr    ) [ 011000]
x_42_addr               (getelementptr    ) [ 011000]
x_43_addr               (getelementptr    ) [ 011000]
x_44_addr               (getelementptr    ) [ 011000]
x_45_addr               (getelementptr    ) [ 011000]
x_46_addr               (getelementptr    ) [ 011000]
x_47_addr               (getelementptr    ) [ 011000]
x_48_addr               (getelementptr    ) [ 011000]
x_49_addr               (getelementptr    ) [ 011000]
x_50_addr               (getelementptr    ) [ 011000]
x_51_addr               (getelementptr    ) [ 011000]
x_52_addr               (getelementptr    ) [ 011000]
x_53_addr               (getelementptr    ) [ 011000]
x_54_addr               (getelementptr    ) [ 011000]
x_55_addr               (getelementptr    ) [ 011000]
x_56_addr               (getelementptr    ) [ 011000]
x_57_addr               (getelementptr    ) [ 011000]
x_58_addr               (getelementptr    ) [ 011000]
x_59_addr               (getelementptr    ) [ 011000]
x_60_addr               (getelementptr    ) [ 011000]
x_61_addr               (getelementptr    ) [ 011000]
x_62_addr               (getelementptr    ) [ 011000]
x_63_addr               (getelementptr    ) [ 011000]
store_ln172             (store            ) [ 000000]
acc                     (load             ) [ 000000]
sext_ln174              (sext             ) [ 000000]
x_1_load                (load             ) [ 000000]
sext_ln175              (sext             ) [ 000000]
x_2_load                (load             ) [ 000000]
sext_ln175_125          (sext             ) [ 000000]
x_3_load                (load             ) [ 000000]
sext_ln175_126          (sext             ) [ 000000]
x_4_load                (load             ) [ 000000]
sext_ln175_127          (sext             ) [ 000000]
x_5_load                (load             ) [ 000000]
sext_ln175_128          (sext             ) [ 000000]
x_6_load                (load             ) [ 000000]
sext_ln175_129          (sext             ) [ 000000]
x_7_load                (load             ) [ 000000]
sext_ln175_130          (sext             ) [ 000000]
x_8_load                (load             ) [ 000000]
sext_ln175_131          (sext             ) [ 000000]
x_9_load                (load             ) [ 000000]
sext_ln175_132          (sext             ) [ 000000]
x_10_load               (load             ) [ 000000]
sext_ln175_133          (sext             ) [ 000000]
x_11_load               (load             ) [ 000000]
sext_ln175_134          (sext             ) [ 000000]
x_12_load               (load             ) [ 000000]
sext_ln175_135          (sext             ) [ 000000]
x_13_load               (load             ) [ 000000]
sext_ln175_136          (sext             ) [ 000000]
x_14_load               (load             ) [ 000000]
sext_ln175_137          (sext             ) [ 000000]
x_15_load               (load             ) [ 000000]
sext_ln175_138          (sext             ) [ 000000]
x_16_load               (load             ) [ 000000]
sext_ln175_139          (sext             ) [ 000000]
x_17_load               (load             ) [ 000000]
sext_ln175_140          (sext             ) [ 000000]
x_18_load               (load             ) [ 000000]
sext_ln175_141          (sext             ) [ 000000]
x_19_load               (load             ) [ 000000]
sext_ln175_142          (sext             ) [ 000000]
x_20_load               (load             ) [ 000000]
sext_ln175_143          (sext             ) [ 000000]
x_21_load               (load             ) [ 000000]
sext_ln175_144          (sext             ) [ 000000]
x_22_load               (load             ) [ 000000]
sext_ln175_145          (sext             ) [ 000000]
x_23_load               (load             ) [ 000000]
sext_ln175_146          (sext             ) [ 000000]
x_24_load               (load             ) [ 000000]
sext_ln175_147          (sext             ) [ 000000]
x_25_load               (load             ) [ 000000]
sext_ln175_148          (sext             ) [ 000000]
x_26_load               (load             ) [ 000000]
sext_ln175_149          (sext             ) [ 000000]
x_27_load               (load             ) [ 000000]
sext_ln175_150          (sext             ) [ 000000]
x_28_load               (load             ) [ 000000]
sext_ln175_151          (sext             ) [ 000000]
x_29_load               (load             ) [ 000000]
sext_ln175_152          (sext             ) [ 000000]
x_30_load               (load             ) [ 000000]
sext_ln175_153          (sext             ) [ 000000]
x_31_load               (load             ) [ 000000]
sext_ln175_154          (sext             ) [ 000000]
x_32_load               (load             ) [ 000000]
sext_ln175_155          (sext             ) [ 000000]
x_33_load               (load             ) [ 000000]
sext_ln175_156          (sext             ) [ 000000]
x_34_load               (load             ) [ 000000]
sext_ln175_157          (sext             ) [ 000000]
x_35_load               (load             ) [ 000000]
sext_ln175_158          (sext             ) [ 000000]
x_36_load               (load             ) [ 000000]
sext_ln175_159          (sext             ) [ 000000]
x_37_load               (load             ) [ 000000]
sext_ln175_160          (sext             ) [ 000000]
x_38_load               (load             ) [ 000000]
sext_ln175_161          (sext             ) [ 000000]
x_39_load               (load             ) [ 000000]
sext_ln175_162          (sext             ) [ 000000]
x_40_load               (load             ) [ 000000]
sext_ln175_163          (sext             ) [ 000000]
x_41_load               (load             ) [ 000000]
sext_ln175_164          (sext             ) [ 000000]
x_42_load               (load             ) [ 000000]
sext_ln175_165          (sext             ) [ 000000]
x_43_load               (load             ) [ 000000]
sext_ln175_166          (sext             ) [ 000000]
x_44_load               (load             ) [ 000000]
sext_ln175_167          (sext             ) [ 000000]
x_45_load               (load             ) [ 000000]
sext_ln175_168          (sext             ) [ 000000]
x_46_load               (load             ) [ 000000]
sext_ln175_169          (sext             ) [ 000000]
x_47_load               (load             ) [ 000000]
sext_ln175_170          (sext             ) [ 000000]
x_48_load               (load             ) [ 000000]
sext_ln175_171          (sext             ) [ 000000]
x_49_load               (load             ) [ 000000]
sext_ln175_172          (sext             ) [ 000000]
x_50_load               (load             ) [ 000000]
sext_ln175_173          (sext             ) [ 000000]
x_51_load               (load             ) [ 000000]
sext_ln175_174          (sext             ) [ 000000]
x_52_load               (load             ) [ 000000]
sext_ln175_175          (sext             ) [ 000000]
x_53_load               (load             ) [ 000000]
sext_ln175_176          (sext             ) [ 000000]
x_54_load               (load             ) [ 000000]
sext_ln175_177          (sext             ) [ 000000]
x_55_load               (load             ) [ 000000]
sext_ln175_178          (sext             ) [ 000000]
x_56_load               (load             ) [ 000000]
sext_ln175_179          (sext             ) [ 000000]
x_57_load               (load             ) [ 000000]
sext_ln175_180          (sext             ) [ 000000]
x_58_load               (load             ) [ 000000]
sext_ln175_181          (sext             ) [ 000000]
x_59_load               (load             ) [ 000000]
sext_ln175_182          (sext             ) [ 000000]
x_60_load               (load             ) [ 000000]
sext_ln175_183          (sext             ) [ 000000]
x_61_load               (load             ) [ 000000]
sext_ln175_184          (sext             ) [ 000000]
x_62_load               (load             ) [ 000000]
sext_ln175_185          (sext             ) [ 000000]
x_63_load               (load             ) [ 000000]
sext_ln175_186          (sext             ) [ 000000]
add_ln175               (add              ) [ 000000]
sext_ln175_187          (sext             ) [ 000000]
add_ln175_63            (add              ) [ 000000]
sext_ln175_188          (sext             ) [ 000000]
add_ln175_64            (add              ) [ 000000]
sext_ln175_189          (sext             ) [ 000000]
add_ln175_65            (add              ) [ 000000]
sext_ln175_190          (sext             ) [ 000000]
add_ln175_66            (add              ) [ 000000]
sext_ln175_191          (sext             ) [ 000000]
add_ln175_67            (add              ) [ 000000]
sext_ln175_192          (sext             ) [ 000000]
add_ln175_68            (add              ) [ 010100]
add_ln175_69            (add              ) [ 000000]
sext_ln175_194          (sext             ) [ 000000]
add_ln175_70            (add              ) [ 000000]
sext_ln175_195          (sext             ) [ 000000]
add_ln175_71            (add              ) [ 000000]
sext_ln175_196          (sext             ) [ 000000]
add_ln175_72            (add              ) [ 000000]
sext_ln175_197          (sext             ) [ 000000]
add_ln175_73            (add              ) [ 000000]
sext_ln175_198          (sext             ) [ 000000]
add_ln175_74            (add              ) [ 000000]
sext_ln175_199          (sext             ) [ 000000]
add_ln175_75            (add              ) [ 010100]
add_ln175_77            (add              ) [ 000000]
sext_ln175_202          (sext             ) [ 000000]
add_ln175_78            (add              ) [ 000000]
sext_ln175_203          (sext             ) [ 000000]
add_ln175_79            (add              ) [ 000000]
sext_ln175_204          (sext             ) [ 000000]
add_ln175_80            (add              ) [ 000000]
sext_ln175_205          (sext             ) [ 000000]
add_ln175_81            (add              ) [ 000000]
sext_ln175_206          (sext             ) [ 000000]
add_ln175_82            (add              ) [ 000000]
sext_ln175_207          (sext             ) [ 000000]
add_ln175_83            (add              ) [ 010100]
add_ln175_84            (add              ) [ 000000]
sext_ln175_209          (sext             ) [ 000000]
add_ln175_85            (add              ) [ 000000]
sext_ln175_210          (sext             ) [ 000000]
add_ln175_86            (add              ) [ 000000]
sext_ln175_211          (sext             ) [ 000000]
add_ln175_87            (add              ) [ 000000]
sext_ln175_212          (sext             ) [ 000000]
add_ln175_88            (add              ) [ 000000]
sext_ln175_213          (sext             ) [ 000000]
add_ln175_89            (add              ) [ 000000]
sext_ln175_214          (sext             ) [ 000000]
add_ln175_90            (add              ) [ 010100]
add_ln175_93            (add              ) [ 000000]
sext_ln175_218          (sext             ) [ 000000]
add_ln175_94            (add              ) [ 000000]
sext_ln175_219          (sext             ) [ 000000]
add_ln175_95            (add              ) [ 000000]
sext_ln175_220          (sext             ) [ 000000]
add_ln175_96            (add              ) [ 000000]
sext_ln175_221          (sext             ) [ 000000]
add_ln175_97            (add              ) [ 000000]
sext_ln175_222          (sext             ) [ 000000]
add_ln175_98            (add              ) [ 000000]
sext_ln175_223          (sext             ) [ 000000]
add_ln175_99            (add              ) [ 010100]
add_ln175_100           (add              ) [ 000000]
sext_ln175_225          (sext             ) [ 000000]
add_ln175_101           (add              ) [ 000000]
sext_ln175_226          (sext             ) [ 000000]
add_ln175_102           (add              ) [ 000000]
sext_ln175_227          (sext             ) [ 000000]
add_ln175_103           (add              ) [ 000000]
sext_ln175_228          (sext             ) [ 000000]
add_ln175_104           (add              ) [ 000000]
sext_ln175_229          (sext             ) [ 000000]
add_ln175_105           (add              ) [ 000000]
sext_ln175_230          (sext             ) [ 000000]
add_ln175_106           (add              ) [ 010100]
add_ln175_108           (add              ) [ 000000]
sext_ln175_233          (sext             ) [ 000000]
add_ln175_109           (add              ) [ 000000]
sext_ln175_234          (sext             ) [ 000000]
add_ln175_110           (add              ) [ 000000]
sext_ln175_235          (sext             ) [ 000000]
add_ln175_111           (add              ) [ 000000]
sext_ln175_236          (sext             ) [ 000000]
add_ln175_112           (add              ) [ 000000]
sext_ln175_237          (sext             ) [ 000000]
add_ln175_113           (add              ) [ 000000]
sext_ln175_238          (sext             ) [ 000000]
add_ln175_114           (add              ) [ 010100]
add_ln175_115           (add              ) [ 000000]
sext_ln175_240          (sext             ) [ 000000]
add_ln175_116           (add              ) [ 000000]
sext_ln175_241          (sext             ) [ 000000]
add_ln175_117           (add              ) [ 000000]
sext_ln175_242          (sext             ) [ 000000]
add_ln175_118           (add              ) [ 000000]
sext_ln175_243          (sext             ) [ 000000]
add_ln175_119           (add              ) [ 000000]
sext_ln175_244          (sext             ) [ 000000]
add_ln175_120           (add              ) [ 000000]
sext_ln175_245          (sext             ) [ 000000]
add_ln175_121           (add              ) [ 010100]
sext_ln175_193          (sext             ) [ 000000]
sext_ln175_200          (sext             ) [ 000000]
add_ln175_76            (add              ) [ 000000]
sext_ln175_201          (sext             ) [ 000000]
sext_ln175_208          (sext             ) [ 000000]
sext_ln175_215          (sext             ) [ 000000]
add_ln175_91            (add              ) [ 000000]
sext_ln175_216          (sext             ) [ 000000]
add_ln175_92            (add              ) [ 000000]
sext_ln175_217          (sext             ) [ 000000]
sext_ln175_224          (sext             ) [ 000000]
sext_ln175_231          (sext             ) [ 000000]
add_ln175_107           (add              ) [ 000000]
sext_ln175_232          (sext             ) [ 000000]
sext_ln175_239          (sext             ) [ 000000]
sext_ln175_246          (sext             ) [ 000000]
add_ln175_122           (add              ) [ 000000]
sext_ln175_247          (sext             ) [ 000000]
add_ln175_123           (add              ) [ 000000]
sext_ln175_248          (sext             ) [ 000000]
acc_5                   (add              ) [ 010010]
sext_ln17               (sext             ) [ 000000]
mul_ln17                (mul              ) [ 010001]
specpipeline_ln173      (specpipeline     ) [ 000000]
speclooptripcount_ln172 (speclooptripcount) [ 000000]
specloopname_ln172      (specloopname     ) [ 000000]
sum                     (add              ) [ 000000]
trunc_ln                (partselect       ) [ 000000]
tmp                     (partselect       ) [ 000000]
icmp_ln24               (icmp             ) [ 000000]
icmp_ln25               (icmp             ) [ 000000]
trunc_ln2               (partselect       ) [ 000000]
select_ln24_11          (select           ) [ 000000]
or_ln24                 (or               ) [ 000000]
select_ln24             (select           ) [ 000000]
y_addr                  (getelementptr    ) [ 000000]
store_ln176             (store            ) [ 000000]
br_ln172                (br               ) [ 000000]
ret_ln178               (ret              ) [ 000000]
</LifeTime>

<model>

<comp_list>
<comp id="0" class="1000" name="x_0">
<pin_list>
<pin id="1" dir="1" index="0" bw="1" slack="0"/>
</pin_list>
<bind>
<StgValue><ssdm name="x_0"/><MemPortTyVec>1 3 </MemPortTyVec>
</StgValue>
</bind>
</comp>

<comp id="2" class="1000" name="x_1">
<pin_list>
<pin id="3" dir="1" index="0" bw="1" slack="0"/>
</pin_list>
<bind>
<StgValue><ssdm name="x_1"/><MemPortTyVec>1 3 </MemPortTyVec>
</StgValue>
</bind>
</comp>

<comp id="4" class="1000" name="x_2">
<pin_list>
<pin id="5" dir="1" index="0" bw="1" slack="0"/>
</pin_list>
<bind>
<StgValue><ssdm name="x_2"/><MemPortTyVec>1 3 </MemPortTyVec>
</StgValue>
</bind>
</comp>

<comp id="6" class="1000" name="x_3">
<pin_list>
<pin id="7" dir="1" index="0" bw="1" slack="0"/>
</pin_list>
<bind>
<StgValue><ssdm name="x_3"/><MemPortTyVec>1 3 </MemPortTyVec>
</StgValue>
</bind>
</comp>

<comp id="8" class="1000" name="x_4">
<pin_list>
<pin id="9" dir="1" index="0" bw="1" slack="0"/>
</pin_list>
<bind>
<StgValue><ssdm name="x_4"/><MemPortTyVec>1 3 </MemPortTyVec>
</StgValue>
</bind>
</comp>

<comp id="10" class="1000" name="x_5">
<pin_list>
<pin id="11" dir="1" index="0" bw="1" slack="0"/>
</pin_list>
<bind>
<StgValue><ssdm name="x_5"/><MemPortTyVec>1 3 </MemPortTyVec>
</StgValue>
</bind>
</comp>

<comp id="12" class="1000" name="x_6">
<pin_list>
<pin id="13" dir="1" index="0" bw="1" slack="0"/>
</pin_list>
<bind>
<StgValue><ssdm name="x_6"/><MemPortTyVec>1 3 </MemPortTyVec>
</StgValue>
</bind>
</comp>

<comp id="14" class="1000" name="x_7">
<pin_list>
<pin id="15" dir="1" index="0" bw="1" slack="0"/>
</pin_list>
<bind>
<StgValue><ssdm name="x_7"/><MemPortTyVec>1 3 </MemPortTyVec>
</StgValue>
</bind>
</comp>

<comp id="16" class="1000" name="x_8">
<pin_list>
<pin id="17" dir="1" index="0" bw="1" slack="0"/>
</pin_list>
<bind>
<StgValue><ssdm name="x_8"/><MemPortTyVec>1 3 </MemPortTyVec>
</StgValue>
</bind>
</comp>

<comp id="18" class="1000" name="x_9">
<pin_list>
<pin id="19" dir="1" index="0" bw="1" slack="0"/>
</pin_list>
<bind>
<StgValue><ssdm name="x_9"/><MemPortTyVec>1 3 </MemPortTyVec>
</StgValue>
</bind>
</comp>

<comp id="20" class="1000" name="x_10">
<pin_list>
<pin id="21" dir="1" index="0" bw="1" slack="0"/>
</pin_list>
<bind>
<StgValue><ssdm name="x_10"/><MemPortTyVec>1 3 </MemPortTyVec>
</StgValue>
</bind>
</comp>

<comp id="22" class="1000" name="x_11">
<pin_list>
<pin id="23" dir="1" index="0" bw="1" slack="0"/>
</pin_list>
<bind>
<StgValue><ssdm name="x_11"/><MemPortTyVec>1 3 </MemPortTyVec>
</StgValue>
</bind>
</comp>

<comp id="24" class="1000" name="x_12">
<pin_list>
<pin id="25" dir="1" index="0" bw="1" slack="0"/>
</pin_list>
<bind>
<StgValue><ssdm name="x_12"/><MemPortTyVec>1 3 </MemPortTyVec>
</StgValue>
</bind>
</comp>

<comp id="26" class="1000" name="x_13">
<pin_list>
<pin id="27" dir="1" index="0" bw="1" slack="0"/>
</pin_list>
<bind>
<StgValue><ssdm name="x_13"/><MemPortTyVec>1 3 </MemPortTyVec>
</StgValue>
</bind>
</comp>

<comp id="28" class="1000" name="x_14">
<pin_list>
<pin id="29" dir="1" index="0" bw="1" slack="0"/>
</pin_list>
<bind>
<StgValue><ssdm name="x_14"/><MemPortTyVec>1 3 </MemPortTyVec>
</StgValue>
</bind>
</comp>

<comp id="30" class="1000" name="x_15">
<pin_list>
<pin id="31" dir="1" index="0" bw="1" slack="0"/>
</pin_list>
<bind>
<StgValue><ssdm name="x_15"/><MemPortTyVec>1 3 </MemPortTyVec>
</StgValue>
</bind>
</comp>

<comp id="32" class="1000" name="x_16">
<pin_list>
<pin id="33" dir="1" index="0" bw="1" slack="0"/>
</pin_list>
<bind>
<StgValue><ssdm name="x_16"/><MemPortTyVec>1 3 </MemPortTyVec>
</StgValue>
</bind>
</comp>

<comp id="34" class="1000" name="x_17">
<pin_list>
<pin id="35" dir="1" index="0" bw="1" slack="0"/>
</pin_list>
<bind>
<StgValue><ssdm name="x_17"/><MemPortTyVec>1 3 </MemPortTyVec>
</StgValue>
</bind>
</comp>

<comp id="36" class="1000" name="x_18">
<pin_list>
<pin id="37" dir="1" index="0" bw="1" slack="0"/>
</pin_list>
<bind>
<StgValue><ssdm name="x_18"/><MemPortTyVec>1 3 </MemPortTyVec>
</StgValue>
</bind>
</comp>

<comp id="38" class="1000" name="x_19">
<pin_list>
<pin id="39" dir="1" index="0" bw="1" slack="0"/>
</pin_list>
<bind>
<StgValue><ssdm name="x_19"/><MemPortTyVec>1 3 </MemPortTyVec>
</StgValue>
</bind>
</comp>

<comp id="40" class="1000" name="x_20">
<pin_list>
<pin id="41" dir="1" index="0" bw="1" slack="0"/>
</pin_list>
<bind>
<StgValue><ssdm name="x_20"/><MemPortTyVec>1 3 </MemPortTyVec>
</StgValue>
</bind>
</comp>

<comp id="42" class="1000" name="x_21">
<pin_list>
<pin id="43" dir="1" index="0" bw="1" slack="0"/>
</pin_list>
<bind>
<StgValue><ssdm name="x_21"/><MemPortTyVec>1 3 </MemPortTyVec>
</StgValue>
</bind>
</comp>

<comp id="44" class="1000" name="x_22">
<pin_list>
<pin id="45" dir="1" index="0" bw="1" slack="0"/>
</pin_list>
<bind>
<StgValue><ssdm name="x_22"/><MemPortTyVec>1 3 </MemPortTyVec>
</StgValue>
</bind>
</comp>

<comp id="46" class="1000" name="x_23">
<pin_list>
<pin id="47" dir="1" index="0" bw="1" slack="0"/>
</pin_list>
<bind>
<StgValue><ssdm name="x_23"/><MemPortTyVec>1 3 </MemPortTyVec>
</StgValue>
</bind>
</comp>

<comp id="48" class="1000" name="x_24">
<pin_list>
<pin id="49" dir="1" index="0" bw="1" slack="0"/>
</pin_list>
<bind>
<StgValue><ssdm name="x_24"/><MemPortTyVec>1 3 </MemPortTyVec>
</StgValue>
</bind>
</comp>

<comp id="50" class="1000" name="x_25">
<pin_list>
<pin id="51" dir="1" index="0" bw="1" slack="0"/>
</pin_list>
<bind>
<StgValue><ssdm name="x_25"/><MemPortTyVec>1 3 </MemPortTyVec>
</StgValue>
</bind>
</comp>

<comp id="52" class="1000" name="x_26">
<pin_list>
<pin id="53" dir="1" index="0" bw="1" slack="0"/>
</pin_list>
<bind>
<StgValue><ssdm name="x_26"/><MemPortTyVec>1 3 </MemPortTyVec>
</StgValue>
</bind>
</comp>

<comp id="54" class="1000" name="x_27">
<pin_list>
<pin id="55" dir="1" index="0" bw="1" slack="0"/>
</pin_list>
<bind>
<StgValue><ssdm name="x_27"/><MemPortTyVec>1 3 </MemPortTyVec>
</StgValue>
</bind>
</comp>

<comp id="56" class="1000" name="x_28">
<pin_list>
<pin id="57" dir="1" index="0" bw="1" slack="0"/>
</pin_list>
<bind>
<StgValue><ssdm name="x_28"/><MemPortTyVec>1 3 </MemPortTyVec>
</StgValue>
</bind>
</comp>

<comp id="58" class="1000" name="x_29">
<pin_list>
<pin id="59" dir="1" index="0" bw="1" slack="0"/>
</pin_list>
<bind>
<StgValue><ssdm name="x_29"/><MemPortTyVec>1 3 </MemPortTyVec>
</StgValue>
</bind>
</comp>

<comp id="60" class="1000" name="x_30">
<pin_list>
<pin id="61" dir="1" index="0" bw="1" slack="0"/>
</pin_list>
<bind>
<StgValue><ssdm name="x_30"/><MemPortTyVec>1 3 </MemPortTyVec>
</StgValue>
</bind>
</comp>

<comp id="62" class="1000" name="x_31">
<pin_list>
<pin id="63" dir="1" index="0" bw="1" slack="0"/>
</pin_list>
<bind>
<StgValue><ssdm name="x_31"/><MemPortTyVec>1 3 </MemPortTyVec>
</StgValue>
</bind>
</comp>

<comp id="64" class="1000" name="x_32">
<pin_list>
<pin id="65" dir="1" index="0" bw="1" slack="0"/>
</pin_list>
<bind>
<StgValue><ssdm name="x_32"/><MemPortTyVec>1 3 </MemPortTyVec>
</StgValue>
</bind>
</comp>

<comp id="66" class="1000" name="x_33">
<pin_list>
<pin id="67" dir="1" index="0" bw="1" slack="0"/>
</pin_list>
<bind>
<StgValue><ssdm name="x_33"/><MemPortTyVec>1 3 </MemPortTyVec>
</StgValue>
</bind>
</comp>

<comp id="68" class="1000" name="x_34">
<pin_list>
<pin id="69" dir="1" index="0" bw="1" slack="0"/>
</pin_list>
<bind>
<StgValue><ssdm name="x_34"/><MemPortTyVec>1 3 </MemPortTyVec>
</StgValue>
</bind>
</comp>

<comp id="70" class="1000" name="x_35">
<pin_list>
<pin id="71" dir="1" index="0" bw="1" slack="0"/>
</pin_list>
<bind>
<StgValue><ssdm name="x_35"/><MemPortTyVec>1 3 </MemPortTyVec>
</StgValue>
</bind>
</comp>

<comp id="72" class="1000" name="x_36">
<pin_list>
<pin id="73" dir="1" index="0" bw="1" slack="0"/>
</pin_list>
<bind>
<StgValue><ssdm name="x_36"/><MemPortTyVec>1 3 </MemPortTyVec>
</StgValue>
</bind>
</comp>

<comp id="74" class="1000" name="x_37">
<pin_list>
<pin id="75" dir="1" index="0" bw="1" slack="0"/>
</pin_list>
<bind>
<StgValue><ssdm name="x_37"/><MemPortTyVec>1 3 </MemPortTyVec>
</StgValue>
</bind>
</comp>

<comp id="76" class="1000" name="x_38">
<pin_list>
<pin id="77" dir="1" index="0" bw="1" slack="0"/>
</pin_list>
<bind>
<StgValue><ssdm name="x_38"/><MemPortTyVec>1 3 </MemPortTyVec>
</StgValue>
</bind>
</comp>

<comp id="78" class="1000" name="x_39">
<pin_list>
<pin id="79" dir="1" index="0" bw="1" slack="0"/>
</pin_list>
<bind>
<StgValue><ssdm name="x_39"/><MemPortTyVec>1 3 </MemPortTyVec>
</StgValue>
</bind>
</comp>

<comp id="80" class="1000" name="x_40">
<pin_list>
<pin id="81" dir="1" index="0" bw="1" slack="0"/>
</pin_list>
<bind>
<StgValue><ssdm name="x_40"/><MemPortTyVec>1 3 </MemPortTyVec>
</StgValue>
</bind>
</comp>

<comp id="82" class="1000" name="x_41">
<pin_list>
<pin id="83" dir="1" index="0" bw="1" slack="0"/>
</pin_list>
<bind>
<StgValue><ssdm name="x_41"/><MemPortTyVec>1 3 </MemPortTyVec>
</StgValue>
</bind>
</comp>

<comp id="84" class="1000" name="x_42">
<pin_list>
<pin id="85" dir="1" index="0" bw="1" slack="0"/>
</pin_list>
<bind>
<StgValue><ssdm name="x_42"/><MemPortTyVec>1 3 </MemPortTyVec>
</StgValue>
</bind>
</comp>

<comp id="86" class="1000" name="x_43">
<pin_list>
<pin id="87" dir="1" index="0" bw="1" slack="0"/>
</pin_list>
<bind>
<StgValue><ssdm name="x_43"/><MemPortTyVec>1 3 </MemPortTyVec>
</StgValue>
</bind>
</comp>

<comp id="88" class="1000" name="x_44">
<pin_list>
<pin id="89" dir="1" index="0" bw="1" slack="0"/>
</pin_list>
<bind>
<StgValue><ssdm name="x_44"/><MemPortTyVec>1 3 </MemPortTyVec>
</StgValue>
</bind>
</comp>

<comp id="90" class="1000" name="x_45">
<pin_list>
<pin id="91" dir="1" index="0" bw="1" slack="0"/>
</pin_list>
<bind>
<StgValue><ssdm name="x_45"/><MemPortTyVec>1 3 </MemPortTyVec>
</StgValue>
</bind>
</comp>

<comp id="92" class="1000" name="x_46">
<pin_list>
<pin id="93" dir="1" index="0" bw="1" slack="0"/>
</pin_list>
<bind>
<StgValue><ssdm name="x_46"/><MemPortTyVec>1 3 </MemPortTyVec>
</StgValue>
</bind>
</comp>

<comp id="94" class="1000" name="x_47">
<pin_list>
<pin id="95" dir="1" index="0" bw="1" slack="0"/>
</pin_list>
<bind>
<StgValue><ssdm name="x_47"/><MemPortTyVec>1 3 </MemPortTyVec>
</StgValue>
</bind>
</comp>

<comp id="96" class="1000" name="x_48">
<pin_list>
<pin id="97" dir="1" index="0" bw="1" slack="0"/>
</pin_list>
<bind>
<StgValue><ssdm name="x_48"/><MemPortTyVec>1 3 </MemPortTyVec>
</StgValue>
</bind>
</comp>

<comp id="98" class="1000" name="x_49">
<pin_list>
<pin id="99" dir="1" index="0" bw="1" slack="0"/>
</pin_list>
<bind>
<StgValue><ssdm name="x_49"/><MemPortTyVec>1 3 </MemPortTyVec>
</StgValue>
</bind>
</comp>

<comp id="100" class="1000" name="x_50">
<pin_list>
<pin id="101" dir="1" index="0" bw="1" slack="0"/>
</pin_list>
<bind>
<StgValue><ssdm name="x_50"/><MemPortTyVec>1 3 </MemPortTyVec>
</StgValue>
</bind>
</comp>

<comp id="102" class="1000" name="x_51">
<pin_list>
<pin id="103" dir="1" index="0" bw="1" slack="0"/>
</pin_list>
<bind>
<StgValue><ssdm name="x_51"/><MemPortTyVec>1 3 </MemPortTyVec>
</StgValue>
</bind>
</comp>

<comp id="104" class="1000" name="x_52">
<pin_list>
<pin id="105" dir="1" index="0" bw="1" slack="0"/>
</pin_list>
<bind>
<StgValue><ssdm name="x_52"/><MemPortTyVec>1 3 </MemPortTyVec>
</StgValue>
</bind>
</comp>

<comp id="106" class="1000" name="x_53">
<pin_list>
<pin id="107" dir="1" index="0" bw="1" slack="0"/>
</pin_list>
<bind>
<StgValue><ssdm name="x_53"/><MemPortTyVec>1 3 </MemPortTyVec>
</StgValue>
</bind>
</comp>

<comp id="108" class="1000" name="x_54">
<pin_list>
<pin id="109" dir="1" index="0" bw="1" slack="0"/>
</pin_list>
<bind>
<StgValue><ssdm name="x_54"/><MemPortTyVec>1 3 </MemPortTyVec>
</StgValue>
</bind>
</comp>

<comp id="110" class="1000" name="x_55">
<pin_list>
<pin id="111" dir="1" index="0" bw="1" slack="0"/>
</pin_list>
<bind>
<StgValue><ssdm name="x_55"/><MemPortTyVec>1 3 </MemPortTyVec>
</StgValue>
</bind>
</comp>

<comp id="112" class="1000" name="x_56">
<pin_list>
<pin id="113" dir="1" index="0" bw="1" slack="0"/>
</pin_list>
<bind>
<StgValue><ssdm name="x_56"/><MemPortTyVec>1 3 </MemPortTyVec>
</StgValue>
</bind>
</comp>

<comp id="114" class="1000" name="x_57">
<pin_list>
<pin id="115" dir="1" index="0" bw="1" slack="0"/>
</pin_list>
<bind>
<StgValue><ssdm name="x_57"/><MemPortTyVec>1 3 </MemPortTyVec>
</StgValue>
</bind>
</comp>

<comp id="116" class="1000" name="x_58">
<pin_list>
<pin id="117" dir="1" index="0" bw="1" slack="0"/>
</pin_list>
<bind>
<StgValue><ssdm name="x_58"/><MemPortTyVec>1 3 </MemPortTyVec>
</StgValue>
</bind>
</comp>

<comp id="118" class="1000" name="x_59">
<pin_list>
<pin id="119" dir="1" index="0" bw="1" slack="0"/>
</pin_list>
<bind>
<StgValue><ssdm name="x_59"/><MemPortTyVec>1 3 </MemPortTyVec>
</StgValue>
</bind>
</comp>

<comp id="120" class="1000" name="x_60">
<pin_list>
<pin id="121" dir="1" index="0" bw="1" slack="0"/>
</pin_list>
<bind>
<StgValue><ssdm name="x_60"/><MemPortTyVec>1 3 </MemPortTyVec>
</StgValue>
</bind>
</comp>

<comp id="122" class="1000" name="x_61">
<pin_list>
<pin id="123" dir="1" index="0" bw="1" slack="0"/>
</pin_list>
<bind>
<StgValue><ssdm name="x_61"/><MemPortTyVec>1 3 </MemPortTyVec>
</StgValue>
</bind>
</comp>

<comp id="124" class="1000" name="x_62">
<pin_list>
<pin id="125" dir="1" index="0" bw="1" slack="0"/>
</pin_list>
<bind>
<StgValue><ssdm name="x_62"/><MemPortTyVec>1 3 </MemPortTyVec>
</StgValue>
</bind>
</comp>

<comp id="126" class="1000" name="x_63">
<pin_list>
<pin id="127" dir="1" index="0" bw="1" slack="0"/>
</pin_list>
<bind>
<StgValue><ssdm name="x_63"/><MemPortTyVec>1 3 </MemPortTyVec>
</StgValue>
</bind>
</comp>

<comp id="128" class="1000" name="y">
<pin_list>
<pin id="129" dir="1" index="0" bw="1" slack="0"/>
</pin_list>
<bind>
<StgValue><ssdm name="y"/><MemPortTyVec>0 3 </MemPortTyVec>
</StgValue>
</bind>
</comp>

<comp id="130" class="1001" name="const_130">
<pin_list>
<pin id="131" dir="1" index="0" bw="1" slack="0"/>
</pin_list>
<bind>
<StgValue><ssdm name=""/></StgValue>
</bind>
</comp>

<comp id="132" class="1001" name="const_132">
<pin_list>
<pin id="133" dir="1" index="0" bw="1" slack="0"/>
</pin_list>
<bind>
<StgValue><ssdm name=""/></StgValue>
</bind>
</comp>

<comp id="134" class="1001" name="const_134">
<pin_list>
<pin id="135" dir="1" index="0" bw="1" slack="0"/>
</pin_list>
<bind>
<StgValue><ssdm name=""/></StgValue>
</bind>
</comp>

<comp id="136" class="1001" name="const_136">
<pin_list>
<pin id="137" dir="1" index="0" bw="1" slack="0"/>
</pin_list>
<bind>
<StgValue><ssdm name=""/></StgValue>
</bind>
</comp>

<comp id="138" class="1001" name="const_138">
<pin_list>
<pin id="139" dir="1" index="0" bw="1" slack="0"/>
</pin_list>
<bind>
<StgValue><ssdm name=""/></StgValue>
</bind>
</comp>

<comp id="140" class="1001" name="const_140">
<pin_list>
<pin id="141" dir="1" index="0" bw="1" slack="0"/>
</pin_list>
<bind>
<StgValue><ssdm name=""/></StgValue>
</bind>
</comp>

<comp id="142" class="1001" name="const_142">
<pin_list>
<pin id="143" dir="1" index="0" bw="1" slack="2147483647"/>
</pin_list>
<bind>
<StgValue><ssdm name="_ssdm_op_SpecPipeline"/></StgValue>
</bind>
</comp>

<comp id="144" class="1001" name="const_144">
<pin_list>
<pin id="145" dir="1" index="0" bw="1" slack="2147483647"/>
</pin_list>
<bind>
<StgValue><ssdm name=""/></StgValue>
</bind>
</comp>

<comp id="146" class="1001" name="const_146">
<pin_list>
<pin id="147" dir="1" index="0" bw="1" slack="2147483647"/>
</pin_list>
<bind>
<StgValue><ssdm name="empty_3"/></StgValue>
</bind>
</comp>

<comp id="148" class="1001" name="const_148">
<pin_list>
<pin id="149" dir="1" index="0" bw="1" slack="2147483647"/>
</pin_list>
<bind>
<StgValue><ssdm name="_ssdm_op_SpecLoopTripCount"/></StgValue>
</bind>
</comp>

<comp id="150" class="1001" name="const_150">
<pin_list>
<pin id="151" dir="1" index="0" bw="1" slack="2147483647"/>
</pin_list>
<bind>
<StgValue><ssdm name=""/></StgValue>
</bind>
</comp>

<comp id="152" class="1001" name="const_152">
<pin_list>
<pin id="153" dir="1" index="0" bw="1" slack="2147483647"/>
</pin_list>
<bind>
<StgValue><ssdm name="_ssdm_op_SpecLoopName"/></StgValue>
</bind>
</comp>

<comp id="154" class="1001" name="const_154">
<pin_list>
<pin id="155" dir="1" index="0" bw="1" slack="2147483647"/>
</pin_list>
<bind>
<StgValue><ssdm name="empty_14"/></StgValue>
</bind>
</comp>

<comp id="156" class="1001" name="const_156">
<pin_list>
<pin id="157" dir="1" index="0" bw="1" slack="0"/>
</pin_list>
<bind>
<StgValue><ssdm name=""/></StgValue>
</bind>
</comp>

<comp id="158" class="1001" name="const_158">
<pin_list>
<pin id="159" dir="1" index="0" bw="1" slack="0"/>
</pin_list>
<bind>
<StgValue><ssdm name="_ssdm_op_PartSelect.i10.i45.i32.i32"/></StgValue>
</bind>
</comp>

<comp id="160" class="1001" name="const_160">
<pin_list>
<pin id="161" dir="1" index="0" bw="1" slack="0"/>
</pin_list>
<bind>
<StgValue><ssdm name=""/></StgValue>
</bind>
</comp>

<comp id="162" class="1001" name="const_162">
<pin_list>
<pin id="163" dir="1" index="0" bw="1" slack="0"/>
</pin_list>
<bind>
<StgValue><ssdm name=""/></StgValue>
</bind>
</comp>

<comp id="164" class="1001" name="const_164">
<pin_list>
<pin id="165" dir="1" index="0" bw="1" slack="0"/>
</pin_list>
<bind>
<StgValue><ssdm name="_ssdm_op_PartSelect.i3.i45.i32.i32"/></StgValue>
</bind>
</comp>

<comp id="166" class="1001" name="const_166">
<pin_list>
<pin id="167" dir="1" index="0" bw="1" slack="0"/>
</pin_list>
<bind>
<StgValue><ssdm name=""/></StgValue>
</bind>
</comp>

<comp id="168" class="1001" name="const_168">
<pin_list>
<pin id="169" dir="1" index="0" bw="1" slack="0"/>
</pin_list>
<bind>
<StgValue><ssdm name=""/></StgValue>
</bind>
</comp>

<comp id="170" class="1001" name="const_170">
<pin_list>
<pin id="171" dir="1" index="0" bw="1" slack="0"/>
</pin_list>
<bind>
<StgValue><ssdm name=""/></StgValue>
</bind>
</comp>

<comp id="172" class="1001" name="const_172">
<pin_list>
<pin id="173" dir="1" index="0" bw="1" slack="0"/>
</pin_list>
<bind>
<StgValue><ssdm name="_ssdm_op_PartSelect.i8.i45.i32.i32"/></StgValue>
</bind>
</comp>

<comp id="174" class="1001" name="const_174">
<pin_list>
<pin id="175" dir="1" index="0" bw="1" slack="0"/>
</pin_list>
<bind>
<StgValue><ssdm name=""/></StgValue>
</bind>
</comp>

<comp id="176" class="1001" name="const_176">
<pin_list>
<pin id="177" dir="1" index="0" bw="1" slack="0"/>
</pin_list>
<bind>
<StgValue><ssdm name=""/></StgValue>
</bind>
</comp>

<comp id="178" class="1004" name="c_fu_178">
<pin_list>
<pin id="179" dir="0" index="0" bw="1" slack="0"/>
<pin id="180" dir="1" index="1" bw="7" slack="0"/>
</pin_list>
<bind>
<opcode="alloca(26) " fcode="alloca"/>
<opset="c/1 "/>
</bind>
</comp>

<comp id="182" class="1004" name="x_0_addr_gep_fu_182">
<pin_list>
<pin id="183" dir="0" index="0" bw="8" slack="0"/>
<pin id="184" dir="0" index="1" bw="1" slack="0"/>
<pin id="185" dir="0" index="2" bw="7" slack="0"/>
<pin id="186" dir="1" index="3" bw="6" slack="0"/>
</pin_list>
<bind>
<opcode="getelementptr(29) " fcode="getelementptr"/>
<opset="x_0_addr/1 "/>
</bind>
</comp>

<comp id="189" class="1004" name="x_1_addr_gep_fu_189">
<pin_list>
<pin id="190" dir="0" index="0" bw="8" slack="0"/>
<pin id="191" dir="0" index="1" bw="1" slack="0"/>
<pin id="192" dir="0" index="2" bw="7" slack="0"/>
<pin id="193" dir="1" index="3" bw="6" slack="0"/>
</pin_list>
<bind>
<opcode="getelementptr(29) " fcode="getelementptr"/>
<opset="x_1_addr/1 "/>
</bind>
</comp>

<comp id="196" class="1004" name="x_2_addr_gep_fu_196">
<pin_list>
<pin id="197" dir="0" index="0" bw="8" slack="0"/>
<pin id="198" dir="0" index="1" bw="1" slack="0"/>
<pin id="199" dir="0" index="2" bw="7" slack="0"/>
<pin id="200" dir="1" index="3" bw="6" slack="0"/>
</pin_list>
<bind>
<opcode="getelementptr(29) " fcode="getelementptr"/>
<opset="x_2_addr/1 "/>
</bind>
</comp>

<comp id="203" class="1004" name="x_3_addr_gep_fu_203">
<pin_list>
<pin id="204" dir="0" index="0" bw="8" slack="0"/>
<pin id="205" dir="0" index="1" bw="1" slack="0"/>
<pin id="206" dir="0" index="2" bw="7" slack="0"/>
<pin id="207" dir="1" index="3" bw="6" slack="0"/>
</pin_list>
<bind>
<opcode="getelementptr(29) " fcode="getelementptr"/>
<opset="x_3_addr/1 "/>
</bind>
</comp>

<comp id="210" class="1004" name="x_4_addr_gep_fu_210">
<pin_list>
<pin id="211" dir="0" index="0" bw="8" slack="0"/>
<pin id="212" dir="0" index="1" bw="1" slack="0"/>
<pin id="213" dir="0" index="2" bw="7" slack="0"/>
<pin id="214" dir="1" index="3" bw="6" slack="0"/>
</pin_list>
<bind>
<opcode="getelementptr(29) " fcode="getelementptr"/>
<opset="x_4_addr/1 "/>
</bind>
</comp>

<comp id="217" class="1004" name="x_5_addr_gep_fu_217">
<pin_list>
<pin id="218" dir="0" index="0" bw="8" slack="0"/>
<pin id="219" dir="0" index="1" bw="1" slack="0"/>
<pin id="220" dir="0" index="2" bw="7" slack="0"/>
<pin id="221" dir="1" index="3" bw="6" slack="0"/>
</pin_list>
<bind>
<opcode="getelementptr(29) " fcode="getelementptr"/>
<opset="x_5_addr/1 "/>
</bind>
</comp>

<comp id="224" class="1004" name="x_6_addr_gep_fu_224">
<pin_list>
<pin id="225" dir="0" index="0" bw="8" slack="0"/>
<pin id="226" dir="0" index="1" bw="1" slack="0"/>
<pin id="227" dir="0" index="2" bw="7" slack="0"/>
<pin id="228" dir="1" index="3" bw="6" slack="0"/>
</pin_list>
<bind>
<opcode="getelementptr(29) " fcode="getelementptr"/>
<opset="x_6_addr/1 "/>
</bind>
</comp>

<comp id="231" class="1004" name="x_7_addr_gep_fu_231">
<pin_list>
<pin id="232" dir="0" index="0" bw="8" slack="0"/>
<pin id="233" dir="0" index="1" bw="1" slack="0"/>
<pin id="234" dir="0" index="2" bw="7" slack="0"/>
<pin id="235" dir="1" index="3" bw="6" slack="0"/>
</pin_list>
<bind>
<opcode="getelementptr(29) " fcode="getelementptr"/>
<opset="x_7_addr/1 "/>
</bind>
</comp>

<comp id="238" class="1004" name="x_8_addr_gep_fu_238">
<pin_list>
<pin id="239" dir="0" index="0" bw="8" slack="0"/>
<pin id="240" dir="0" index="1" bw="1" slack="0"/>
<pin id="241" dir="0" index="2" bw="7" slack="0"/>
<pin id="242" dir="1" index="3" bw="6" slack="0"/>
</pin_list>
<bind>
<opcode="getelementptr(29) " fcode="getelementptr"/>
<opset="x_8_addr/1 "/>
</bind>
</comp>

<comp id="245" class="1004" name="x_9_addr_gep_fu_245">
<pin_list>
<pin id="246" dir="0" index="0" bw="8" slack="0"/>
<pin id="247" dir="0" index="1" bw="1" slack="0"/>
<pin id="248" dir="0" index="2" bw="7" slack="0"/>
<pin id="249" dir="1" index="3" bw="6" slack="0"/>
</pin_list>
<bind>
<opcode="getelementptr(29) " fcode="getelementptr"/>
<opset="x_9_addr/1 "/>
</bind>
</comp>

<comp id="252" class="1004" name="x_10_addr_gep_fu_252">
<pin_list>
<pin id="253" dir="0" index="0" bw="8" slack="0"/>
<pin id="254" dir="0" index="1" bw="1" slack="0"/>
<pin id="255" dir="0" index="2" bw="7" slack="0"/>
<pin id="256" dir="1" index="3" bw="6" slack="0"/>
</pin_list>
<bind>
<opcode="getelementptr(29) " fcode="getelementptr"/>
<opset="x_10_addr/1 "/>
</bind>
</comp>

<comp id="259" class="1004" name="x_11_addr_gep_fu_259">
<pin_list>
<pin id="260" dir="0" index="0" bw="8" slack="0"/>
<pin id="261" dir="0" index="1" bw="1" slack="0"/>
<pin id="262" dir="0" index="2" bw="7" slack="0"/>
<pin id="263" dir="1" index="3" bw="6" slack="0"/>
</pin_list>
<bind>
<opcode="getelementptr(29) " fcode="getelementptr"/>
<opset="x_11_addr/1 "/>
</bind>
</comp>

<comp id="266" class="1004" name="x_12_addr_gep_fu_266">
<pin_list>
<pin id="267" dir="0" index="0" bw="8" slack="0"/>
<pin id="268" dir="0" index="1" bw="1" slack="0"/>
<pin id="269" dir="0" index="2" bw="7" slack="0"/>
<pin id="270" dir="1" index="3" bw="6" slack="0"/>
</pin_list>
<bind>
<opcode="getelementptr(29) " fcode="getelementptr"/>
<opset="x_12_addr/1 "/>
</bind>
</comp>

<comp id="273" class="1004" name="x_13_addr_gep_fu_273">
<pin_list>
<pin id="274" dir="0" index="0" bw="8" slack="0"/>
<pin id="275" dir="0" index="1" bw="1" slack="0"/>
<pin id="276" dir="0" index="2" bw="7" slack="0"/>
<pin id="277" dir="1" index="3" bw="6" slack="0"/>
</pin_list>
<bind>
<opcode="getelementptr(29) " fcode="getelementptr"/>
<opset="x_13_addr/1 "/>
</bind>
</comp>

<comp id="280" class="1004" name="x_14_addr_gep_fu_280">
<pin_list>
<pin id="281" dir="0" index="0" bw="8" slack="0"/>
<pin id="282" dir="0" index="1" bw="1" slack="0"/>
<pin id="283" dir="0" index="2" bw="7" slack="0"/>
<pin id="284" dir="1" index="3" bw="6" slack="0"/>
</pin_list>
<bind>
<opcode="getelementptr(29) " fcode="getelementptr"/>
<opset="x_14_addr/1 "/>
</bind>
</comp>

<comp id="287" class="1004" name="x_15_addr_gep_fu_287">
<pin_list>
<pin id="288" dir="0" index="0" bw="8" slack="0"/>
<pin id="289" dir="0" index="1" bw="1" slack="0"/>
<pin id="290" dir="0" index="2" bw="7" slack="0"/>
<pin id="291" dir="1" index="3" bw="6" slack="0"/>
</pin_list>
<bind>
<opcode="getelementptr(29) " fcode="getelementptr"/>
<opset="x_15_addr/1 "/>
</bind>
</comp>

<comp id="294" class="1004" name="x_16_addr_gep_fu_294">
<pin_list>
<pin id="295" dir="0" index="0" bw="8" slack="0"/>
<pin id="296" dir="0" index="1" bw="1" slack="0"/>
<pin id="297" dir="0" index="2" bw="7" slack="0"/>
<pin id="298" dir="1" index="3" bw="6" slack="0"/>
</pin_list>
<bind>
<opcode="getelementptr(29) " fcode="getelementptr"/>
<opset="x_16_addr/1 "/>
</bind>
</comp>

<comp id="301" class="1004" name="x_17_addr_gep_fu_301">
<pin_list>
<pin id="302" dir="0" index="0" bw="8" slack="0"/>
<pin id="303" dir="0" index="1" bw="1" slack="0"/>
<pin id="304" dir="0" index="2" bw="7" slack="0"/>
<pin id="305" dir="1" index="3" bw="6" slack="0"/>
</pin_list>
<bind>
<opcode="getelementptr(29) " fcode="getelementptr"/>
<opset="x_17_addr/1 "/>
</bind>
</comp>

<comp id="308" class="1004" name="x_18_addr_gep_fu_308">
<pin_list>
<pin id="309" dir="0" index="0" bw="8" slack="0"/>
<pin id="310" dir="0" index="1" bw="1" slack="0"/>
<pin id="311" dir="0" index="2" bw="7" slack="0"/>
<pin id="312" dir="1" index="3" bw="6" slack="0"/>
</pin_list>
<bind>
<opcode="getelementptr(29) " fcode="getelementptr"/>
<opset="x_18_addr/1 "/>
</bind>
</comp>

<comp id="315" class="1004" name="x_19_addr_gep_fu_315">
<pin_list>
<pin id="316" dir="0" index="0" bw="8" slack="0"/>
<pin id="317" dir="0" index="1" bw="1" slack="0"/>
<pin id="318" dir="0" index="2" bw="7" slack="0"/>
<pin id="319" dir="1" index="3" bw="6" slack="0"/>
</pin_list>
<bind>
<opcode="getelementptr(29) " fcode="getelementptr"/>
<opset="x_19_addr/1 "/>
</bind>
</comp>

<comp id="322" class="1004" name="x_20_addr_gep_fu_322">
<pin_list>
<pin id="323" dir="0" index="0" bw="8" slack="0"/>
<pin id="324" dir="0" index="1" bw="1" slack="0"/>
<pin id="325" dir="0" index="2" bw="7" slack="0"/>
<pin id="326" dir="1" index="3" bw="6" slack="0"/>
</pin_list>
<bind>
<opcode="getelementptr(29) " fcode="getelementptr"/>
<opset="x_20_addr/1 "/>
</bind>
</comp>

<comp id="329" class="1004" name="x_21_addr_gep_fu_329">
<pin_list>
<pin id="330" dir="0" index="0" bw="8" slack="0"/>
<pin id="331" dir="0" index="1" bw="1" slack="0"/>
<pin id="332" dir="0" index="2" bw="7" slack="0"/>
<pin id="333" dir="1" index="3" bw="6" slack="0"/>
</pin_list>
<bind>
<opcode="getelementptr(29) " fcode="getelementptr"/>
<opset="x_21_addr/1 "/>
</bind>
</comp>

<comp id="336" class="1004" name="x_22_addr_gep_fu_336">
<pin_list>
<pin id="337" dir="0" index="0" bw="8" slack="0"/>
<pin id="338" dir="0" index="1" bw="1" slack="0"/>
<pin id="339" dir="0" index="2" bw="7" slack="0"/>
<pin id="340" dir="1" index="3" bw="6" slack="0"/>
</pin_list>
<bind>
<opcode="getelementptr(29) " fcode="getelementptr"/>
<opset="x_22_addr/1 "/>
</bind>
</comp>

<comp id="343" class="1004" name="x_23_addr_gep_fu_343">
<pin_list>
<pin id="344" dir="0" index="0" bw="8" slack="0"/>
<pin id="345" dir="0" index="1" bw="1" slack="0"/>
<pin id="346" dir="0" index="2" bw="7" slack="0"/>
<pin id="347" dir="1" index="3" bw="6" slack="0"/>
</pin_list>
<bind>
<opcode="getelementptr(29) " fcode="getelementptr"/>
<opset="x_23_addr/1 "/>
</bind>
</comp>

<comp id="350" class="1004" name="x_24_addr_gep_fu_350">
<pin_list>
<pin id="351" dir="0" index="0" bw="8" slack="0"/>
<pin id="352" dir="0" index="1" bw="1" slack="0"/>
<pin id="353" dir="0" index="2" bw="7" slack="0"/>
<pin id="354" dir="1" index="3" bw="6" slack="0"/>
</pin_list>
<bind>
<opcode="getelementptr(29) " fcode="getelementptr"/>
<opset="x_24_addr/1 "/>
</bind>
</comp>

<comp id="357" class="1004" name="x_25_addr_gep_fu_357">
<pin_list>
<pin id="358" dir="0" index="0" bw="8" slack="0"/>
<pin id="359" dir="0" index="1" bw="1" slack="0"/>
<pin id="360" dir="0" index="2" bw="7" slack="0"/>
<pin id="361" dir="1" index="3" bw="6" slack="0"/>
</pin_list>
<bind>
<opcode="getelementptr(29) " fcode="getelementptr"/>
<opset="x_25_addr/1 "/>
</bind>
</comp>

<comp id="364" class="1004" name="x_26_addr_gep_fu_364">
<pin_list>
<pin id="365" dir="0" index="0" bw="8" slack="0"/>
<pin id="366" dir="0" index="1" bw="1" slack="0"/>
<pin id="367" dir="0" index="2" bw="7" slack="0"/>
<pin id="368" dir="1" index="3" bw="6" slack="0"/>
</pin_list>
<bind>
<opcode="getelementptr(29) " fcode="getelementptr"/>
<opset="x_26_addr/1 "/>
</bind>
</comp>

<comp id="371" class="1004" name="x_27_addr_gep_fu_371">
<pin_list>
<pin id="372" dir="0" index="0" bw="8" slack="0"/>
<pin id="373" dir="0" index="1" bw="1" slack="0"/>
<pin id="374" dir="0" index="2" bw="7" slack="0"/>
<pin id="375" dir="1" index="3" bw="6" slack="0"/>
</pin_list>
<bind>
<opcode="getelementptr(29) " fcode="getelementptr"/>
<opset="x_27_addr/1 "/>
</bind>
</comp>

<comp id="378" class="1004" name="x_28_addr_gep_fu_378">
<pin_list>
<pin id="379" dir="0" index="0" bw="8" slack="0"/>
<pin id="380" dir="0" index="1" bw="1" slack="0"/>
<pin id="381" dir="0" index="2" bw="7" slack="0"/>
<pin id="382" dir="1" index="3" bw="6" slack="0"/>
</pin_list>
<bind>
<opcode="getelementptr(29) " fcode="getelementptr"/>
<opset="x_28_addr/1 "/>
</bind>
</comp>

<comp id="385" class="1004" name="x_29_addr_gep_fu_385">
<pin_list>
<pin id="386" dir="0" index="0" bw="8" slack="0"/>
<pin id="387" dir="0" index="1" bw="1" slack="0"/>
<pin id="388" dir="0" index="2" bw="7" slack="0"/>
<pin id="389" dir="1" index="3" bw="6" slack="0"/>
</pin_list>
<bind>
<opcode="getelementptr(29) " fcode="getelementptr"/>
<opset="x_29_addr/1 "/>
</bind>
</comp>

<comp id="392" class="1004" name="x_30_addr_gep_fu_392">
<pin_list>
<pin id="393" dir="0" index="0" bw="8" slack="0"/>
<pin id="394" dir="0" index="1" bw="1" slack="0"/>
<pin id="395" dir="0" index="2" bw="7" slack="0"/>
<pin id="396" dir="1" index="3" bw="6" slack="0"/>
</pin_list>
<bind>
<opcode="getelementptr(29) " fcode="getelementptr"/>
<opset="x_30_addr/1 "/>
</bind>
</comp>

<comp id="399" class="1004" name="x_31_addr_gep_fu_399">
<pin_list>
<pin id="400" dir="0" index="0" bw="8" slack="0"/>
<pin id="401" dir="0" index="1" bw="1" slack="0"/>
<pin id="402" dir="0" index="2" bw="7" slack="0"/>
<pin id="403" dir="1" index="3" bw="6" slack="0"/>
</pin_list>
<bind>
<opcode="getelementptr(29) " fcode="getelementptr"/>
<opset="x_31_addr/1 "/>
</bind>
</comp>

<comp id="406" class="1004" name="x_32_addr_gep_fu_406">
<pin_list>
<pin id="407" dir="0" index="0" bw="8" slack="0"/>
<pin id="408" dir="0" index="1" bw="1" slack="0"/>
<pin id="409" dir="0" index="2" bw="7" slack="0"/>
<pin id="410" dir="1" index="3" bw="6" slack="0"/>
</pin_list>
<bind>
<opcode="getelementptr(29) " fcode="getelementptr"/>
<opset="x_32_addr/1 "/>
</bind>
</comp>

<comp id="413" class="1004" name="x_33_addr_gep_fu_413">
<pin_list>
<pin id="414" dir="0" index="0" bw="8" slack="0"/>
<pin id="415" dir="0" index="1" bw="1" slack="0"/>
<pin id="416" dir="0" index="2" bw="7" slack="0"/>
<pin id="417" dir="1" index="3" bw="6" slack="0"/>
</pin_list>
<bind>
<opcode="getelementptr(29) " fcode="getelementptr"/>
<opset="x_33_addr/1 "/>
</bind>
</comp>

<comp id="420" class="1004" name="x_34_addr_gep_fu_420">
<pin_list>
<pin id="421" dir="0" index="0" bw="8" slack="0"/>
<pin id="422" dir="0" index="1" bw="1" slack="0"/>
<pin id="423" dir="0" index="2" bw="7" slack="0"/>
<pin id="424" dir="1" index="3" bw="6" slack="0"/>
</pin_list>
<bind>
<opcode="getelementptr(29) " fcode="getelementptr"/>
<opset="x_34_addr/1 "/>
</bind>
</comp>

<comp id="427" class="1004" name="x_35_addr_gep_fu_427">
<pin_list>
<pin id="428" dir="0" index="0" bw="8" slack="0"/>
<pin id="429" dir="0" index="1" bw="1" slack="0"/>
<pin id="430" dir="0" index="2" bw="7" slack="0"/>
<pin id="431" dir="1" index="3" bw="6" slack="0"/>
</pin_list>
<bind>
<opcode="getelementptr(29) " fcode="getelementptr"/>
<opset="x_35_addr/1 "/>
</bind>
</comp>

<comp id="434" class="1004" name="x_36_addr_gep_fu_434">
<pin_list>
<pin id="435" dir="0" index="0" bw="8" slack="0"/>
<pin id="436" dir="0" index="1" bw="1" slack="0"/>
<pin id="437" dir="0" index="2" bw="7" slack="0"/>
<pin id="438" dir="1" index="3" bw="6" slack="0"/>
</pin_list>
<bind>
<opcode="getelementptr(29) " fcode="getelementptr"/>
<opset="x_36_addr/1 "/>
</bind>
</comp>

<comp id="441" class="1004" name="x_37_addr_gep_fu_441">
<pin_list>
<pin id="442" dir="0" index="0" bw="8" slack="0"/>
<pin id="443" dir="0" index="1" bw="1" slack="0"/>
<pin id="444" dir="0" index="2" bw="7" slack="0"/>
<pin id="445" dir="1" index="3" bw="6" slack="0"/>
</pin_list>
<bind>
<opcode="getelementptr(29) " fcode="getelementptr"/>
<opset="x_37_addr/1 "/>
</bind>
</comp>

<comp id="448" class="1004" name="x_38_addr_gep_fu_448">
<pin_list>
<pin id="449" dir="0" index="0" bw="8" slack="0"/>
<pin id="450" dir="0" index="1" bw="1" slack="0"/>
<pin id="451" dir="0" index="2" bw="7" slack="0"/>
<pin id="452" dir="1" index="3" bw="6" slack="0"/>
</pin_list>
<bind>
<opcode="getelementptr(29) " fcode="getelementptr"/>
<opset="x_38_addr/1 "/>
</bind>
</comp>

<comp id="455" class="1004" name="x_39_addr_gep_fu_455">
<pin_list>
<pin id="456" dir="0" index="0" bw="8" slack="0"/>
<pin id="457" dir="0" index="1" bw="1" slack="0"/>
<pin id="458" dir="0" index="2" bw="7" slack="0"/>
<pin id="459" dir="1" index="3" bw="6" slack="0"/>
</pin_list>
<bind>
<opcode="getelementptr(29) " fcode="getelementptr"/>
<opset="x_39_addr/1 "/>
</bind>
</comp>

<comp id="462" class="1004" name="x_40_addr_gep_fu_462">
<pin_list>
<pin id="463" dir="0" index="0" bw="8" slack="0"/>
<pin id="464" dir="0" index="1" bw="1" slack="0"/>
<pin id="465" dir="0" index="2" bw="7" slack="0"/>
<pin id="466" dir="1" index="3" bw="6" slack="0"/>
</pin_list>
<bind>
<opcode="getelementptr(29) " fcode="getelementptr"/>
<opset="x_40_addr/1 "/>
</bind>
</comp>

<comp id="469" class="1004" name="x_41_addr_gep_fu_469">
<pin_list>
<pin id="470" dir="0" index="0" bw="8" slack="0"/>
<pin id="471" dir="0" index="1" bw="1" slack="0"/>
<pin id="472" dir="0" index="2" bw="7" slack="0"/>
<pin id="473" dir="1" index="3" bw="6" slack="0"/>
</pin_list>
<bind>
<opcode="getelementptr(29) " fcode="getelementptr"/>
<opset="x_41_addr/1 "/>
</bind>
</comp>

<comp id="476" class="1004" name="x_42_addr_gep_fu_476">
<pin_list>
<pin id="477" dir="0" index="0" bw="8" slack="0"/>
<pin id="478" dir="0" index="1" bw="1" slack="0"/>
<pin id="479" dir="0" index="2" bw="7" slack="0"/>
<pin id="480" dir="1" index="3" bw="6" slack="0"/>
</pin_list>
<bind>
<opcode="getelementptr(29) " fcode="getelementptr"/>
<opset="x_42_addr/1 "/>
</bind>
</comp>

<comp id="483" class="1004" name="x_43_addr_gep_fu_483">
<pin_list>
<pin id="484" dir="0" index="0" bw="8" slack="0"/>
<pin id="485" dir="0" index="1" bw="1" slack="0"/>
<pin id="486" dir="0" index="2" bw="7" slack="0"/>
<pin id="487" dir="1" index="3" bw="6" slack="0"/>
</pin_list>
<bind>
<opcode="getelementptr(29) " fcode="getelementptr"/>
<opset="x_43_addr/1 "/>
</bind>
</comp>

<comp id="490" class="1004" name="x_44_addr_gep_fu_490">
<pin_list>
<pin id="491" dir="0" index="0" bw="8" slack="0"/>
<pin id="492" dir="0" index="1" bw="1" slack="0"/>
<pin id="493" dir="0" index="2" bw="7" slack="0"/>
<pin id="494" dir="1" index="3" bw="6" slack="0"/>
</pin_list>
<bind>
<opcode="getelementptr(29) " fcode="getelementptr"/>
<opset="x_44_addr/1 "/>
</bind>
</comp>

<comp id="497" class="1004" name="x_45_addr_gep_fu_497">
<pin_list>
<pin id="498" dir="0" index="0" bw="8" slack="0"/>
<pin id="499" dir="0" index="1" bw="1" slack="0"/>
<pin id="500" dir="0" index="2" bw="7" slack="0"/>
<pin id="501" dir="1" index="3" bw="6" slack="0"/>
</pin_list>
<bind>
<opcode="getelementptr(29) " fcode="getelementptr"/>
<opset="x_45_addr/1 "/>
</bind>
</comp>

<comp id="504" class="1004" name="x_46_addr_gep_fu_504">
<pin_list>
<pin id="505" dir="0" index="0" bw="8" slack="0"/>
<pin id="506" dir="0" index="1" bw="1" slack="0"/>
<pin id="507" dir="0" index="2" bw="7" slack="0"/>
<pin id="508" dir="1" index="3" bw="6" slack="0"/>
</pin_list>
<bind>
<opcode="getelementptr(29) " fcode="getelementptr"/>
<opset="x_46_addr/1 "/>
</bind>
</comp>

<comp id="511" class="1004" name="x_47_addr_gep_fu_511">
<pin_list>
<pin id="512" dir="0" index="0" bw="8" slack="0"/>
<pin id="513" dir="0" index="1" bw="1" slack="0"/>
<pin id="514" dir="0" index="2" bw="7" slack="0"/>
<pin id="515" dir="1" index="3" bw="6" slack="0"/>
</pin_list>
<bind>
<opcode="getelementptr(29) " fcode="getelementptr"/>
<opset="x_47_addr/1 "/>
</bind>
</comp>

<comp id="518" class="1004" name="x_48_addr_gep_fu_518">
<pin_list>
<pin id="519" dir="0" index="0" bw="8" slack="0"/>
<pin id="520" dir="0" index="1" bw="1" slack="0"/>
<pin id="521" dir="0" index="2" bw="7" slack="0"/>
<pin id="522" dir="1" index="3" bw="6" slack="0"/>
</pin_list>
<bind>
<opcode="getelementptr(29) " fcode="getelementptr"/>
<opset="x_48_addr/1 "/>
</bind>
</comp>

<comp id="525" class="1004" name="x_49_addr_gep_fu_525">
<pin_list>
<pin id="526" dir="0" index="0" bw="8" slack="0"/>
<pin id="527" dir="0" index="1" bw="1" slack="0"/>
<pin id="528" dir="0" index="2" bw="7" slack="0"/>
<pin id="529" dir="1" index="3" bw="6" slack="0"/>
</pin_list>
<bind>
<opcode="getelementptr(29) " fcode="getelementptr"/>
<opset="x_49_addr/1 "/>
</bind>
</comp>

<comp id="532" class="1004" name="x_50_addr_gep_fu_532">
<pin_list>
<pin id="533" dir="0" index="0" bw="8" slack="0"/>
<pin id="534" dir="0" index="1" bw="1" slack="0"/>
<pin id="535" dir="0" index="2" bw="7" slack="0"/>
<pin id="536" dir="1" index="3" bw="6" slack="0"/>
</pin_list>
<bind>
<opcode="getelementptr(29) " fcode="getelementptr"/>
<opset="x_50_addr/1 "/>
</bind>
</comp>

<comp id="539" class="1004" name="x_51_addr_gep_fu_539">
<pin_list>
<pin id="540" dir="0" index="0" bw="8" slack="0"/>
<pin id="541" dir="0" index="1" bw="1" slack="0"/>
<pin id="542" dir="0" index="2" bw="7" slack="0"/>
<pin id="543" dir="1" index="3" bw="6" slack="0"/>
</pin_list>
<bind>
<opcode="getelementptr(29) " fcode="getelementptr"/>
<opset="x_51_addr/1 "/>
</bind>
</comp>

<comp id="546" class="1004" name="x_52_addr_gep_fu_546">
<pin_list>
<pin id="547" dir="0" index="0" bw="8" slack="0"/>
<pin id="548" dir="0" index="1" bw="1" slack="0"/>
<pin id="549" dir="0" index="2" bw="7" slack="0"/>
<pin id="550" dir="1" index="3" bw="6" slack="0"/>
</pin_list>
<bind>
<opcode="getelementptr(29) " fcode="getelementptr"/>
<opset="x_52_addr/1 "/>
</bind>
</comp>

<comp id="553" class="1004" name="x_53_addr_gep_fu_553">
<pin_list>
<pin id="554" dir="0" index="0" bw="8" slack="0"/>
<pin id="555" dir="0" index="1" bw="1" slack="0"/>
<pin id="556" dir="0" index="2" bw="7" slack="0"/>
<pin id="557" dir="1" index="3" bw="6" slack="0"/>
</pin_list>
<bind>
<opcode="getelementptr(29) " fcode="getelementptr"/>
<opset="x_53_addr/1 "/>
</bind>
</comp>

<comp id="560" class="1004" name="x_54_addr_gep_fu_560">
<pin_list>
<pin id="561" dir="0" index="0" bw="8" slack="0"/>
<pin id="562" dir="0" index="1" bw="1" slack="0"/>
<pin id="563" dir="0" index="2" bw="7" slack="0"/>
<pin id="564" dir="1" index="3" bw="6" slack="0"/>
</pin_list>
<bind>
<opcode="getelementptr(29) " fcode="getelementptr"/>
<opset="x_54_addr/1 "/>
</bind>
</comp>

<comp id="567" class="1004" name="x_55_addr_gep_fu_567">
<pin_list>
<pin id="568" dir="0" index="0" bw="8" slack="0"/>
<pin id="569" dir="0" index="1" bw="1" slack="0"/>
<pin id="570" dir="0" index="2" bw="7" slack="0"/>
<pin id="571" dir="1" index="3" bw="6" slack="0"/>
</pin_list>
<bind>
<opcode="getelementptr(29) " fcode="getelementptr"/>
<opset="x_55_addr/1 "/>
</bind>
</comp>

<comp id="574" class="1004" name="x_56_addr_gep_fu_574">
<pin_list>
<pin id="575" dir="0" index="0" bw="8" slack="0"/>
<pin id="576" dir="0" index="1" bw="1" slack="0"/>
<pin id="577" dir="0" index="2" bw="7" slack="0"/>
<pin id="578" dir="1" index="3" bw="6" slack="0"/>
</pin_list>
<bind>
<opcode="getelementptr(29) " fcode="getelementptr"/>
<opset="x_56_addr/1 "/>
</bind>
</comp>

<comp id="581" class="1004" name="x_57_addr_gep_fu_581">
<pin_list>
<pin id="582" dir="0" index="0" bw="8" slack="0"/>
<pin id="583" dir="0" index="1" bw="1" slack="0"/>
<pin id="584" dir="0" index="2" bw="7" slack="0"/>
<pin id="585" dir="1" index="3" bw="6" slack="0"/>
</pin_list>
<bind>
<opcode="getelementptr(29) " fcode="getelementptr"/>
<opset="x_57_addr/1 "/>
</bind>
</comp>

<comp id="588" class="1004" name="x_58_addr_gep_fu_588">
<pin_list>
<pin id="589" dir="0" index="0" bw="8" slack="0"/>
<pin id="590" dir="0" index="1" bw="1" slack="0"/>
<pin id="591" dir="0" index="2" bw="7" slack="0"/>
<pin id="592" dir="1" index="3" bw="6" slack="0"/>
</pin_list>
<bind>
<opcode="getelementptr(29) " fcode="getelementptr"/>
<opset="x_58_addr/1 "/>
</bind>
</comp>

<comp id="595" class="1004" name="x_59_addr_gep_fu_595">
<pin_list>
<pin id="596" dir="0" index="0" bw="8" slack="0"/>
<pin id="597" dir="0" index="1" bw="1" slack="0"/>
<pin id="598" dir="0" index="2" bw="7" slack="0"/>
<pin id="599" dir="1" index="3" bw="6" slack="0"/>
</pin_list>
<bind>
<opcode="getelementptr(29) " fcode="getelementptr"/>
<opset="x_59_addr/1 "/>
</bind>
</comp>

<comp id="602" class="1004" name="x_60_addr_gep_fu_602">
<pin_list>
<pin id="603" dir="0" index="0" bw="8" slack="0"/>
<pin id="604" dir="0" index="1" bw="1" slack="0"/>
<pin id="605" dir="0" index="2" bw="7" slack="0"/>
<pin id="606" dir="1" index="3" bw="6" slack="0"/>
</pin_list>
<bind>
<opcode="getelementptr(29) " fcode="getelementptr"/>
<opset="x_60_addr/1 "/>
</bind>
</comp>

<comp id="609" class="1004" name="x_61_addr_gep_fu_609">
<pin_list>
<pin id="610" dir="0" index="0" bw="8" slack="0"/>
<pin id="611" dir="0" index="1" bw="1" slack="0"/>
<pin id="612" dir="0" index="2" bw="7" slack="0"/>
<pin id="613" dir="1" index="3" bw="6" slack="0"/>
</pin_list>
<bind>
<opcode="getelementptr(29) " fcode="getelementptr"/>
<opset="x_61_addr/1 "/>
</bind>
</comp>

<comp id="616" class="1004" name="x_62_addr_gep_fu_616">
<pin_list>
<pin id="617" dir="0" index="0" bw="8" slack="0"/>
<pin id="618" dir="0" index="1" bw="1" slack="0"/>
<pin id="619" dir="0" index="2" bw="7" slack="0"/>
<pin id="620" dir="1" index="3" bw="6" slack="0"/>
</pin_list>
<bind>
<opcode="getelementptr(29) " fcode="getelementptr"/>
<opset="x_62_addr/1 "/>
</bind>
</comp>

<comp id="623" class="1004" name="x_63_addr_gep_fu_623">
<pin_list>
<pin id="624" dir="0" index="0" bw="8" slack="0"/>
<pin id="625" dir="0" index="1" bw="1" slack="0"/>
<pin id="626" dir="0" index="2" bw="7" slack="0"/>
<pin id="627" dir="1" index="3" bw="6" slack="0"/>
</pin_list>
<bind>
<opcode="getelementptr(29) " fcode="getelementptr"/>
<opset="x_63_addr/1 "/>
</bind>
</comp>

<comp id="630" class="1004" name="grp_access_fu_630">
<pin_list>
<pin id="631" dir="0" index="0" bw="6" slack="0"/>
<pin id="632" dir="0" index="1" bw="8" slack="2147483647"/>
<pin id="633" dir="0" index="2" bw="0" slack="2147483647"/>
<pin id="634" dir="1" index="3" bw="8" slack="0"/>
</pin_list>
<bind>
<opcode="load(27) " fcode="load"/>
<opset="acc/1 "/>
</bind>
</comp>

<comp id="636" class="1004" name="grp_access_fu_636">
<pin_list>
<pin id="637" dir="0" index="0" bw="6" slack="0"/>
<pin id="638" dir="0" index="1" bw="8" slack="2147483647"/>
<pin id="639" dir="0" index="2" bw="0" slack="2147483647"/>
<pin id="640" dir="1" index="3" bw="8" slack="0"/>
</pin_list>
<bind>
<opcode="load(27) " fcode="load"/>
<opset="x_1_load/1 "/>
</bind>
</comp>

<comp id="642" class="1004" name="grp_access_fu_642">
<pin_list>
<pin id="643" dir="0" index="0" bw="6" slack="0"/>
<pin id="644" dir="0" index="1" bw="8" slack="2147483647"/>
<pin id="645" dir="0" index="2" bw="0" slack="2147483647"/>
<pin id="646" dir="1" index="3" bw="8" slack="0"/>
</pin_list>
<bind>
<opcode="load(27) " fcode="load"/>
<opset="x_2_load/1 "/>
</bind>
</comp>

<comp id="648" class="1004" name="grp_access_fu_648">
<pin_list>
<pin id="649" dir="0" index="0" bw="6" slack="0"/>
<pin id="650" dir="0" index="1" bw="8" slack="2147483647"/>
<pin id="651" dir="0" index="2" bw="0" slack="2147483647"/>
<pin id="652" dir="1" index="3" bw="8" slack="0"/>
</pin_list>
<bind>
<opcode="load(27) " fcode="load"/>
<opset="x_3_load/1 "/>
</bind>
</comp>

<comp id="654" class="1004" name="grp_access_fu_654">
<pin_list>
<pin id="655" dir="0" index="0" bw="6" slack="0"/>
<pin id="656" dir="0" index="1" bw="8" slack="2147483647"/>
<pin id="657" dir="0" index="2" bw="0" slack="2147483647"/>
<pin id="658" dir="1" index="3" bw="8" slack="0"/>
</pin_list>
<bind>
<opcode="load(27) " fcode="load"/>
<opset="x_4_load/1 "/>
</bind>
</comp>

<comp id="660" class="1004" name="grp_access_fu_660">
<pin_list>
<pin id="661" dir="0" index="0" bw="6" slack="0"/>
<pin id="662" dir="0" index="1" bw="8" slack="2147483647"/>
<pin id="663" dir="0" index="2" bw="0" slack="2147483647"/>
<pin id="664" dir="1" index="3" bw="8" slack="0"/>
</pin_list>
<bind>
<opcode="load(27) " fcode="load"/>
<opset="x_5_load/1 "/>
</bind>
</comp>

<comp id="666" class="1004" name="grp_access_fu_666">
<pin_list>
<pin id="667" dir="0" index="0" bw="6" slack="0"/>
<pin id="668" dir="0" index="1" bw="8" slack="2147483647"/>
<pin id="669" dir="0" index="2" bw="0" slack="2147483647"/>
<pin id="670" dir="1" index="3" bw="8" slack="0"/>
</pin_list>
<bind>
<opcode="load(27) " fcode="load"/>
<opset="x_6_load/1 "/>
</bind>
</comp>

<comp id="672" class="1004" name="grp_access_fu_672">
<pin_list>
<pin id="673" dir="0" index="0" bw="6" slack="0"/>
<pin id="674" dir="0" index="1" bw="8" slack="2147483647"/>
<pin id="675" dir="0" index="2" bw="0" slack="2147483647"/>
<pin id="676" dir="1" index="3" bw="8" slack="0"/>
</pin_list>
<bind>
<opcode="load(27) " fcode="load"/>
<opset="x_7_load/1 "/>
</bind>
</comp>

<comp id="678" class="1004" name="grp_access_fu_678">
<pin_list>
<pin id="679" dir="0" index="0" bw="6" slack="0"/>
<pin id="680" dir="0" index="1" bw="8" slack="2147483647"/>
<pin id="681" dir="0" index="2" bw="0" slack="2147483647"/>
<pin id="682" dir="1" index="3" bw="8" slack="0"/>
</pin_list>
<bind>
<opcode="load(27) " fcode="load"/>
<opset="x_8_load/1 "/>
</bind>
</comp>

<comp id="684" class="1004" name="grp_access_fu_684">
<pin_list>
<pin id="685" dir="0" index="0" bw="6" slack="0"/>
<pin id="686" dir="0" index="1" bw="8" slack="2147483647"/>
<pin id="687" dir="0" index="2" bw="0" slack="2147483647"/>
<pin id="688" dir="1" index="3" bw="8" slack="0"/>
</pin_list>
<bind>
<opcode="load(27) " fcode="load"/>
<opset="x_9_load/1 "/>
</bind>
</comp>

<comp id="690" class="1004" name="grp_access_fu_690">
<pin_list>
<pin id="691" dir="0" index="0" bw="6" slack="0"/>
<pin id="692" dir="0" index="1" bw="8" slack="2147483647"/>
<pin id="693" dir="0" index="2" bw="0" slack="2147483647"/>
<pin id="694" dir="1" index="3" bw="8" slack="0"/>
</pin_list>
<bind>
<opcode="load(27) " fcode="load"/>
<opset="x_10_load/1 "/>
</bind>
</comp>

<comp id="696" class="1004" name="grp_access_fu_696">
<pin_list>
<pin id="697" dir="0" index="0" bw="6" slack="0"/>
<pin id="698" dir="0" index="1" bw="8" slack="2147483647"/>
<pin id="699" dir="0" index="2" bw="0" slack="2147483647"/>
<pin id="700" dir="1" index="3" bw="8" slack="0"/>
</pin_list>
<bind>
<opcode="load(27) " fcode="load"/>
<opset="x_11_load/1 "/>
</bind>
</comp>

<comp id="702" class="1004" name="grp_access_fu_702">
<pin_list>
<pin id="703" dir="0" index="0" bw="6" slack="0"/>
<pin id="704" dir="0" index="1" bw="8" slack="2147483647"/>
<pin id="705" dir="0" index="2" bw="0" slack="2147483647"/>
<pin id="706" dir="1" index="3" bw="8" slack="0"/>
</pin_list>
<bind>
<opcode="load(27) " fcode="load"/>
<opset="x_12_load/1 "/>
</bind>
</comp>

<comp id="708" class="1004" name="grp_access_fu_708">
<pin_list>
<pin id="709" dir="0" index="0" bw="6" slack="0"/>
<pin id="710" dir="0" index="1" bw="8" slack="2147483647"/>
<pin id="711" dir="0" index="2" bw="0" slack="2147483647"/>
<pin id="712" dir="1" index="3" bw="8" slack="0"/>
</pin_list>
<bind>
<opcode="load(27) " fcode="load"/>
<opset="x_13_load/1 "/>
</bind>
</comp>

<comp id="714" class="1004" name="grp_access_fu_714">
<pin_list>
<pin id="715" dir="0" index="0" bw="6" slack="0"/>
<pin id="716" dir="0" index="1" bw="8" slack="2147483647"/>
<pin id="717" dir="0" index="2" bw="0" slack="2147483647"/>
<pin id="718" dir="1" index="3" bw="8" slack="0"/>
</pin_list>
<bind>
<opcode="load(27) " fcode="load"/>
<opset="x_14_load/1 "/>
</bind>
</comp>

<comp id="720" class="1004" name="grp_access_fu_720">
<pin_list>
<pin id="721" dir="0" index="0" bw="6" slack="0"/>
<pin id="722" dir="0" index="1" bw="8" slack="2147483647"/>
<pin id="723" dir="0" index="2" bw="0" slack="2147483647"/>
<pin id="724" dir="1" index="3" bw="8" slack="0"/>
</pin_list>
<bind>
<opcode="load(27) " fcode="load"/>
<opset="x_15_load/1 "/>
</bind>
</comp>

<comp id="726" class="1004" name="grp_access_fu_726">
<pin_list>
<pin id="727" dir="0" index="0" bw="6" slack="0"/>
<pin id="728" dir="0" index="1" bw="8" slack="2147483647"/>
<pin id="729" dir="0" index="2" bw="0" slack="2147483647"/>
<pin id="730" dir="1" index="3" bw="8" slack="0"/>
</pin_list>
<bind>
<opcode="load(27) " fcode="load"/>
<opset="x_16_load/1 "/>
</bind>
</comp>

<comp id="732" class="1004" name="grp_access_fu_732">
<pin_list>
<pin id="733" dir="0" index="0" bw="6" slack="0"/>
<pin id="734" dir="0" index="1" bw="8" slack="2147483647"/>
<pin id="735" dir="0" index="2" bw="0" slack="2147483647"/>
<pin id="736" dir="1" index="3" bw="8" slack="0"/>
</pin_list>
<bind>
<opcode="load(27) " fcode="load"/>
<opset="x_17_load/1 "/>
</bind>
</comp>

<comp id="738" class="1004" name="grp_access_fu_738">
<pin_list>
<pin id="739" dir="0" index="0" bw="6" slack="0"/>
<pin id="740" dir="0" index="1" bw="8" slack="2147483647"/>
<pin id="741" dir="0" index="2" bw="0" slack="2147483647"/>
<pin id="742" dir="1" index="3" bw="8" slack="0"/>
</pin_list>
<bind>
<opcode="load(27) " fcode="load"/>
<opset="x_18_load/1 "/>
</bind>
</comp>

<comp id="744" class="1004" name="grp_access_fu_744">
<pin_list>
<pin id="745" dir="0" index="0" bw="6" slack="0"/>
<pin id="746" dir="0" index="1" bw="8" slack="2147483647"/>
<pin id="747" dir="0" index="2" bw="0" slack="2147483647"/>
<pin id="748" dir="1" index="3" bw="8" slack="0"/>
</pin_list>
<bind>
<opcode="load(27) " fcode="load"/>
<opset="x_19_load/1 "/>
</bind>
</comp>

<comp id="750" class="1004" name="grp_access_fu_750">
<pin_list>
<pin id="751" dir="0" index="0" bw="6" slack="0"/>
<pin id="752" dir="0" index="1" bw="8" slack="2147483647"/>
<pin id="753" dir="0" index="2" bw="0" slack="2147483647"/>
<pin id="754" dir="1" index="3" bw="8" slack="0"/>
</pin_list>
<bind>
<opcode="load(27) " fcode="load"/>
<opset="x_20_load/1 "/>
</bind>
</comp>

<comp id="756" class="1004" name="grp_access_fu_756">
<pin_list>
<pin id="757" dir="0" index="0" bw="6" slack="0"/>
<pin id="758" dir="0" index="1" bw="8" slack="2147483647"/>
<pin id="759" dir="0" index="2" bw="0" slack="2147483647"/>
<pin id="760" dir="1" index="3" bw="8" slack="0"/>
</pin_list>
<bind>
<opcode="load(27) " fcode="load"/>
<opset="x_21_load/1 "/>
</bind>
</comp>

<comp id="762" class="1004" name="grp_access_fu_762">
<pin_list>
<pin id="763" dir="0" index="0" bw="6" slack="0"/>
<pin id="764" dir="0" index="1" bw="8" slack="2147483647"/>
<pin id="765" dir="0" index="2" bw="0" slack="2147483647"/>
<pin id="766" dir="1" index="3" bw="8" slack="0"/>
</pin_list>
<bind>
<opcode="load(27) " fcode="load"/>
<opset="x_22_load/1 "/>
</bind>
</comp>

<comp id="768" class="1004" name="grp_access_fu_768">
<pin_list>
<pin id="769" dir="0" index="0" bw="6" slack="0"/>
<pin id="770" dir="0" index="1" bw="8" slack="2147483647"/>
<pin id="771" dir="0" index="2" bw="0" slack="2147483647"/>
<pin id="772" dir="1" index="3" bw="8" slack="0"/>
</pin_list>
<bind>
<opcode="load(27) " fcode="load"/>
<opset="x_23_load/1 "/>
</bind>
</comp>

<comp id="774" class="1004" name="grp_access_fu_774">
<pin_list>
<pin id="775" dir="0" index="0" bw="6" slack="0"/>
<pin id="776" dir="0" index="1" bw="8" slack="2147483647"/>
<pin id="777" dir="0" index="2" bw="0" slack="2147483647"/>
<pin id="778" dir="1" index="3" bw="8" slack="0"/>
</pin_list>
<bind>
<opcode="load(27) " fcode="load"/>
<opset="x_24_load/1 "/>
</bind>
</comp>

<comp id="780" class="1004" name="grp_access_fu_780">
<pin_list>
<pin id="781" dir="0" index="0" bw="6" slack="0"/>
<pin id="782" dir="0" index="1" bw="8" slack="2147483647"/>
<pin id="783" dir="0" index="2" bw="0" slack="2147483647"/>
<pin id="784" dir="1" index="3" bw="8" slack="0"/>
</pin_list>
<bind>
<opcode="load(27) " fcode="load"/>
<opset="x_25_load/1 "/>
</bind>
</comp>

<comp id="786" class="1004" name="grp_access_fu_786">
<pin_list>
<pin id="787" dir="0" index="0" bw="6" slack="0"/>
<pin id="788" dir="0" index="1" bw="8" slack="2147483647"/>
<pin id="789" dir="0" index="2" bw="0" slack="2147483647"/>
<pin id="790" dir="1" index="3" bw="8" slack="0"/>
</pin_list>
<bind>
<opcode="load(27) " fcode="load"/>
<opset="x_26_load/1 "/>
</bind>
</comp>

<comp id="792" class="1004" name="grp_access_fu_792">
<pin_list>
<pin id="793" dir="0" index="0" bw="6" slack="0"/>
<pin id="794" dir="0" index="1" bw="8" slack="2147483647"/>
<pin id="795" dir="0" index="2" bw="0" slack="2147483647"/>
<pin id="796" dir="1" index="3" bw="8" slack="0"/>
</pin_list>
<bind>
<opcode="load(27) " fcode="load"/>
<opset="x_27_load/1 "/>
</bind>
</comp>

<comp id="798" class="1004" name="grp_access_fu_798">
<pin_list>
<pin id="799" dir="0" index="0" bw="6" slack="0"/>
<pin id="800" dir="0" index="1" bw="8" slack="2147483647"/>
<pin id="801" dir="0" index="2" bw="0" slack="2147483647"/>
<pin id="802" dir="1" index="3" bw="8" slack="0"/>
</pin_list>
<bind>
<opcode="load(27) " fcode="load"/>
<opset="x_28_load/1 "/>
</bind>
</comp>

<comp id="804" class="1004" name="grp_access_fu_804">
<pin_list>
<pin id="805" dir="0" index="0" bw="6" slack="0"/>
<pin id="806" dir="0" index="1" bw="8" slack="2147483647"/>
<pin id="807" dir="0" index="2" bw="0" slack="2147483647"/>
<pin id="808" dir="1" index="3" bw="8" slack="0"/>
</pin_list>
<bind>
<opcode="load(27) " fcode="load"/>
<opset="x_29_load/1 "/>
</bind>
</comp>

<comp id="810" class="1004" name="grp_access_fu_810">
<pin_list>
<pin id="811" dir="0" index="0" bw="6" slack="0"/>
<pin id="812" dir="0" index="1" bw="8" slack="2147483647"/>
<pin id="813" dir="0" index="2" bw="0" slack="2147483647"/>
<pin id="814" dir="1" index="3" bw="8" slack="0"/>
</pin_list>
<bind>
<opcode="load(27) " fcode="load"/>
<opset="x_30_load/1 "/>
</bind>
</comp>

<comp id="816" class="1004" name="grp_access_fu_816">
<pin_list>
<pin id="817" dir="0" index="0" bw="6" slack="0"/>
<pin id="818" dir="0" index="1" bw="8" slack="2147483647"/>
<pin id="819" dir="0" index="2" bw="0" slack="2147483647"/>
<pin id="820" dir="1" index="3" bw="8" slack="0"/>
</pin_list>
<bind>
<opcode="load(27) " fcode="load"/>
<opset="x_31_load/1 "/>
</bind>
</comp>

<comp id="822" class="1004" name="grp_access_fu_822">
<pin_list>
<pin id="823" dir="0" index="0" bw="6" slack="0"/>
<pin id="824" dir="0" index="1" bw="8" slack="2147483647"/>
<pin id="825" dir="0" index="2" bw="0" slack="2147483647"/>
<pin id="826" dir="1" index="3" bw="8" slack="0"/>
</pin_list>
<bind>
<opcode="load(27) " fcode="load"/>
<opset="x_32_load/1 "/>
</bind>
</comp>

<comp id="828" class="1004" name="grp_access_fu_828">
<pin_list>
<pin id="829" dir="0" index="0" bw="6" slack="0"/>
<pin id="830" dir="0" index="1" bw="8" slack="2147483647"/>
<pin id="831" dir="0" index="2" bw="0" slack="2147483647"/>
<pin id="832" dir="1" index="3" bw="8" slack="0"/>
</pin_list>
<bind>
<opcode="load(27) " fcode="load"/>
<opset="x_33_load/1 "/>
</bind>
</comp>

<comp id="834" class="1004" name="grp_access_fu_834">
<pin_list>
<pin id="835" dir="0" index="0" bw="6" slack="0"/>
<pin id="836" dir="0" index="1" bw="8" slack="2147483647"/>
<pin id="837" dir="0" index="2" bw="0" slack="2147483647"/>
<pin id="838" dir="1" index="3" bw="8" slack="0"/>
</pin_list>
<bind>
<opcode="load(27) " fcode="load"/>
<opset="x_34_load/1 "/>
</bind>
</comp>

<comp id="840" class="1004" name="grp_access_fu_840">
<pin_list>
<pin id="841" dir="0" index="0" bw="6" slack="0"/>
<pin id="842" dir="0" index="1" bw="8" slack="2147483647"/>
<pin id="843" dir="0" index="2" bw="0" slack="2147483647"/>
<pin id="844" dir="1" index="3" bw="8" slack="0"/>
</pin_list>
<bind>
<opcode="load(27) " fcode="load"/>
<opset="x_35_load/1 "/>
</bind>
</comp>

<comp id="846" class="1004" name="grp_access_fu_846">
<pin_list>
<pin id="847" dir="0" index="0" bw="6" slack="0"/>
<pin id="848" dir="0" index="1" bw="8" slack="2147483647"/>
<pin id="849" dir="0" index="2" bw="0" slack="2147483647"/>
<pin id="850" dir="1" index="3" bw="8" slack="0"/>
</pin_list>
<bind>
<opcode="load(27) " fcode="load"/>
<opset="x_36_load/1 "/>
</bind>
</comp>

<comp id="852" class="1004" name="grp_access_fu_852">
<pin_list>
<pin id="853" dir="0" index="0" bw="6" slack="0"/>
<pin id="854" dir="0" index="1" bw="8" slack="2147483647"/>
<pin id="855" dir="0" index="2" bw="0" slack="2147483647"/>
<pin id="856" dir="1" index="3" bw="8" slack="0"/>
</pin_list>
<bind>
<opcode="load(27) " fcode="load"/>
<opset="x_37_load/1 "/>
</bind>
</comp>

<comp id="858" class="1004" name="grp_access_fu_858">
<pin_list>
<pin id="859" dir="0" index="0" bw="6" slack="0"/>
<pin id="860" dir="0" index="1" bw="8" slack="2147483647"/>
<pin id="861" dir="0" index="2" bw="0" slack="2147483647"/>
<pin id="862" dir="1" index="3" bw="8" slack="0"/>
</pin_list>
<bind>
<opcode="load(27) " fcode="load"/>
<opset="x_38_load/1 "/>
</bind>
</comp>

<comp id="864" class="1004" name="grp_access_fu_864">
<pin_list>
<pin id="865" dir="0" index="0" bw="6" slack="0"/>
<pin id="866" dir="0" index="1" bw="8" slack="2147483647"/>
<pin id="867" dir="0" index="2" bw="0" slack="2147483647"/>
<pin id="868" dir="1" index="3" bw="8" slack="0"/>
</pin_list>
<bind>
<opcode="load(27) " fcode="load"/>
<opset="x_39_load/1 "/>
</bind>
</comp>

<comp id="870" class="1004" name="grp_access_fu_870">
<pin_list>
<pin id="871" dir="0" index="0" bw="6" slack="0"/>
<pin id="872" dir="0" index="1" bw="8" slack="2147483647"/>
<pin id="873" dir="0" index="2" bw="0" slack="2147483647"/>
<pin id="874" dir="1" index="3" bw="8" slack="0"/>
</pin_list>
<bind>
<opcode="load(27) " fcode="load"/>
<opset="x_40_load/1 "/>
</bind>
</comp>

<comp id="876" class="1004" name="grp_access_fu_876">
<pin_list>
<pin id="877" dir="0" index="0" bw="6" slack="0"/>
<pin id="878" dir="0" index="1" bw="8" slack="2147483647"/>
<pin id="879" dir="0" index="2" bw="0" slack="2147483647"/>
<pin id="880" dir="1" index="3" bw="8" slack="0"/>
</pin_list>
<bind>
<opcode="load(27) " fcode="load"/>
<opset="x_41_load/1 "/>
</bind>
</comp>

<comp id="882" class="1004" name="grp_access_fu_882">
<pin_list>
<pin id="883" dir="0" index="0" bw="6" slack="0"/>
<pin id="884" dir="0" index="1" bw="8" slack="2147483647"/>
<pin id="885" dir="0" index="2" bw="0" slack="2147483647"/>
<pin id="886" dir="1" index="3" bw="8" slack="0"/>
</pin_list>
<bind>
<opcode="load(27) " fcode="load"/>
<opset="x_42_load/1 "/>
</bind>
</comp>

<comp id="888" class="1004" name="grp_access_fu_888">
<pin_list>
<pin id="889" dir="0" index="0" bw="6" slack="0"/>
<pin id="890" dir="0" index="1" bw="8" slack="2147483647"/>
<pin id="891" dir="0" index="2" bw="0" slack="2147483647"/>
<pin id="892" dir="1" index="3" bw="8" slack="0"/>
</pin_list>
<bind>
<opcode="load(27) " fcode="load"/>
<opset="x_43_load/1 "/>
</bind>
</comp>

<comp id="894" class="1004" name="grp_access_fu_894">
<pin_list>
<pin id="895" dir="0" index="0" bw="6" slack="0"/>
<pin id="896" dir="0" index="1" bw="8" slack="2147483647"/>
<pin id="897" dir="0" index="2" bw="0" slack="2147483647"/>
<pin id="898" dir="1" index="3" bw="8" slack="0"/>
</pin_list>
<bind>
<opcode="load(27) " fcode="load"/>
<opset="x_44_load/1 "/>
</bind>
</comp>

<comp id="900" class="1004" name="grp_access_fu_900">
<pin_list>
<pin id="901" dir="0" index="0" bw="6" slack="0"/>
<pin id="902" dir="0" index="1" bw="8" slack="2147483647"/>
<pin id="903" dir="0" index="2" bw="0" slack="2147483647"/>
<pin id="904" dir="1" index="3" bw="8" slack="0"/>
</pin_list>
<bind>
<opcode="load(27) " fcode="load"/>
<opset="x_45_load/1 "/>
</bind>
</comp>

<comp id="906" class="1004" name="grp_access_fu_906">
<pin_list>
<pin id="907" dir="0" index="0" bw="6" slack="0"/>
<pin id="908" dir="0" index="1" bw="8" slack="2147483647"/>
<pin id="909" dir="0" index="2" bw="0" slack="2147483647"/>
<pin id="910" dir="1" index="3" bw="8" slack="0"/>
</pin_list>
<bind>
<opcode="load(27) " fcode="load"/>
<opset="x_46_load/1 "/>
</bind>
</comp>

<comp id="912" class="1004" name="grp_access_fu_912">
<pin_list>
<pin id="913" dir="0" index="0" bw="6" slack="0"/>
<pin id="914" dir="0" index="1" bw="8" slack="2147483647"/>
<pin id="915" dir="0" index="2" bw="0" slack="2147483647"/>
<pin id="916" dir="1" index="3" bw="8" slack="0"/>
</pin_list>
<bind>
<opcode="load(27) " fcode="load"/>
<opset="x_47_load/1 "/>
</bind>
</comp>

<comp id="918" class="1004" name="grp_access_fu_918">
<pin_list>
<pin id="919" dir="0" index="0" bw="6" slack="0"/>
<pin id="920" dir="0" index="1" bw="8" slack="2147483647"/>
<pin id="921" dir="0" index="2" bw="0" slack="2147483647"/>
<pin id="922" dir="1" index="3" bw="8" slack="0"/>
</pin_list>
<bind>
<opcode="load(27) " fcode="load"/>
<opset="x_48_load/1 "/>
</bind>
</comp>

<comp id="924" class="1004" name="grp_access_fu_924">
<pin_list>
<pin id="925" dir="0" index="0" bw="6" slack="0"/>
<pin id="926" dir="0" index="1" bw="8" slack="2147483647"/>
<pin id="927" dir="0" index="2" bw="0" slack="2147483647"/>
<pin id="928" dir="1" index="3" bw="8" slack="0"/>
</pin_list>
<bind>
<opcode="load(27) " fcode="load"/>
<opset="x_49_load/1 "/>
</bind>
</comp>

<comp id="930" class="1004" name="grp_access_fu_930">
<pin_list>
<pin id="931" dir="0" index="0" bw="6" slack="0"/>
<pin id="932" dir="0" index="1" bw="8" slack="2147483647"/>
<pin id="933" dir="0" index="2" bw="0" slack="2147483647"/>
<pin id="934" dir="1" index="3" bw="8" slack="0"/>
</pin_list>
<bind>
<opcode="load(27) " fcode="load"/>
<opset="x_50_load/1 "/>
</bind>
</comp>

<comp id="936" class="1004" name="grp_access_fu_936">
<pin_list>
<pin id="937" dir="0" index="0" bw="6" slack="0"/>
<pin id="938" dir="0" index="1" bw="8" slack="2147483647"/>
<pin id="939" dir="0" index="2" bw="0" slack="2147483647"/>
<pin id="940" dir="1" index="3" bw="8" slack="0"/>
</pin_list>
<bind>
<opcode="load(27) " fcode="load"/>
<opset="x_51_load/1 "/>
</bind>
</comp>

<comp id="942" class="1004" name="grp_access_fu_942">
<pin_list>
<pin id="943" dir="0" index="0" bw="6" slack="0"/>
<pin id="944" dir="0" index="1" bw="8" slack="2147483647"/>
<pin id="945" dir="0" index="2" bw="0" slack="2147483647"/>
<pin id="946" dir="1" index="3" bw="8" slack="0"/>
</pin_list>
<bind>
<opcode="load(27) " fcode="load"/>
<opset="x_52_load/1 "/>
</bind>
</comp>

<comp id="948" class="1004" name="grp_access_fu_948">
<pin_list>
<pin id="949" dir="0" index="0" bw="6" slack="0"/>
<pin id="950" dir="0" index="1" bw="8" slack="2147483647"/>
<pin id="951" dir="0" index="2" bw="0" slack="2147483647"/>
<pin id="952" dir="1" index="3" bw="8" slack="0"/>
</pin_list>
<bind>
<opcode="load(27) " fcode="load"/>
<opset="x_53_load/1 "/>
</bind>
</comp>

<comp id="954" class="1004" name="grp_access_fu_954">
<pin_list>
<pin id="955" dir="0" index="0" bw="6" slack="0"/>
<pin id="956" dir="0" index="1" bw="8" slack="2147483647"/>
<pin id="957" dir="0" index="2" bw="0" slack="2147483647"/>
<pin id="958" dir="1" index="3" bw="8" slack="0"/>
</pin_list>
<bind>
<opcode="load(27) " fcode="load"/>
<opset="x_54_load/1 "/>
</bind>
</comp>

<comp id="960" class="1004" name="grp_access_fu_960">
<pin_list>
<pin id="961" dir="0" index="0" bw="6" slack="0"/>
<pin id="962" dir="0" index="1" bw="8" slack="2147483647"/>
<pin id="963" dir="0" index="2" bw="0" slack="2147483647"/>
<pin id="964" dir="1" index="3" bw="8" slack="0"/>
</pin_list>
<bind>
<opcode="load(27) " fcode="load"/>
<opset="x_55_load/1 "/>
</bind>
</comp>

<comp id="966" class="1004" name="grp_access_fu_966">
<pin_list>
<pin id="967" dir="0" index="0" bw="6" slack="0"/>
<pin id="968" dir="0" index="1" bw="8" slack="2147483647"/>
<pin id="969" dir="0" index="2" bw="0" slack="2147483647"/>
<pin id="970" dir="1" index="3" bw="8" slack="0"/>
</pin_list>
<bind>
<opcode="load(27) " fcode="load"/>
<opset="x_56_load/1 "/>
</bind>
</comp>

<comp id="972" class="1004" name="grp_access_fu_972">
<pin_list>
<pin id="973" dir="0" index="0" bw="6" slack="0"/>
<pin id="974" dir="0" index="1" bw="8" slack="2147483647"/>
<pin id="975" dir="0" index="2" bw="0" slack="2147483647"/>
<pin id="976" dir="1" index="3" bw="8" slack="0"/>
</pin_list>
<bind>
<opcode="load(27) " fcode="load"/>
<opset="x_57_load/1 "/>
</bind>
</comp>

<comp id="978" class="1004" name="grp_access_fu_978">
<pin_list>
<pin id="979" dir="0" index="0" bw="6" slack="0"/>
<pin id="980" dir="0" index="1" bw="8" slack="2147483647"/>
<pin id="981" dir="0" index="2" bw="0" slack="2147483647"/>
<pin id="982" dir="1" index="3" bw="8" slack="0"/>
</pin_list>
<bind>
<opcode="load(27) " fcode="load"/>
<opset="x_58_load/1 "/>
</bind>
</comp>

<comp id="984" class="1004" name="grp_access_fu_984">
<pin_list>
<pin id="985" dir="0" index="0" bw="6" slack="0"/>
<pin id="986" dir="0" index="1" bw="8" slack="2147483647"/>
<pin id="987" dir="0" index="2" bw="0" slack="2147483647"/>
<pin id="988" dir="1" index="3" bw="8" slack="0"/>
</pin_list>
<bind>
<opcode="load(27) " fcode="load"/>
<opset="x_59_load/1 "/>
</bind>
</comp>

<comp id="990" class="1004" name="grp_access_fu_990">
<pin_list>
<pin id="991" dir="0" index="0" bw="6" slack="0"/>
<pin id="992" dir="0" index="1" bw="8" slack="2147483647"/>
<pin id="993" dir="0" index="2" bw="0" slack="2147483647"/>
<pin id="994" dir="1" index="3" bw="8" slack="0"/>
</pin_list>
<bind>
<opcode="load(27) " fcode="load"/>
<opset="x_60_load/1 "/>
</bind>
</comp>

<comp id="996" class="1004" name="grp_access_fu_996">
<pin_list>
<pin id="997" dir="0" index="0" bw="6" slack="0"/>
<pin id="998" dir="0" index="1" bw="8" slack="2147483647"/>
<pin id="999" dir="0" index="2" bw="0" slack="2147483647"/>
<pin id="1000" dir="1" index="3" bw="8" slack="0"/>
</pin_list>
<bind>
<opcode="load(27) " fcode="load"/>
<opset="x_61_load/1 "/>
</bind>
</comp>

<comp id="1002" class="1004" name="grp_access_fu_1002">
<pin_list>
<pin id="1003" dir="0" index="0" bw="6" slack="0"/>
<pin id="1004" dir="0" index="1" bw="8" slack="2147483647"/>
<pin id="1005" dir="0" index="2" bw="0" slack="2147483647"/>
<pin id="1006" dir="1" index="3" bw="8" slack="0"/>
</pin_list>
<bind>
<opcode="load(27) " fcode="load"/>
<opset="x_62_load/1 "/>
</bind>
</comp>

<comp id="1008" class="1004" name="grp_access_fu_1008">
<pin_list>
<pin id="1009" dir="0" index="0" bw="6" slack="0"/>
<pin id="1010" dir="0" index="1" bw="8" slack="2147483647"/>
<pin id="1011" dir="0" index="2" bw="0" slack="2147483647"/>
<pin id="1012" dir="1" index="3" bw="8" slack="0"/>
</pin_list>
<bind>
<opcode="load(27) " fcode="load"/>
<opset="x_63_load/1 "/>
</bind>
</comp>

<comp id="1014" class="1004" name="y_addr_gep_fu_1014">
<pin_list>
<pin id="1015" dir="0" index="0" bw="8" slack="0"/>
<pin id="1016" dir="0" index="1" bw="1" slack="0"/>
<pin id="1017" dir="0" index="2" bw="7" slack="4"/>
<pin id="1018" dir="1" index="3" bw="6" slack="0"/>
</pin_list>
<bind>
<opcode="getelementptr(29) " fcode="getelementptr"/>
<opset="y_addr/5 "/>
</bind>
</comp>

<comp id="1021" class="1004" name="store_ln176_access_fu_1021">
<pin_list>
<pin id="1022" dir="0" index="0" bw="6" slack="0"/>
<pin id="1023" dir="0" index="1" bw="8" slack="0"/>
<pin id="1024" dir="0" index="2" bw="0" slack="2147483647"/>
<pin id="1025" dir="1" index="3" bw="8" slack="2147483647"/>
</pin_list>
<bind>
<opcode="store(28) " fcode="store"/>
<opset="store_ln176/5 "/>
</bind>
</comp>

<comp id="1027" class="1004" name="mul_ln17_fu_1027">
<pin_list>
<pin id="1028" dir="0" index="0" bw="14" slack="0"/>
<pin id="1029" dir="0" index="1" bw="32" slack="0"/>
<pin id="1030" dir="1" index="2" bw="45" slack="1"/>
</pin_list>
<bind>
<opcode="mul(12) " fcode="mul"/>
<opset="mul_ln17/4 "/>
</bind>
</comp>

<comp id="1032" class="1004" name="store_ln172_store_fu_1032">
<pin_list>
<pin id="1033" dir="0" index="0" bw="1" slack="0"/>
<pin id="1034" dir="0" index="1" bw="7" slack="0"/>
<pin id="1035" dir="1" index="2" bw="0" slack="2147483647"/>
</pin_list>
<bind>
<opcode="store(28) " fcode="store"/>
<opset="store_ln172/1 "/>
</bind>
</comp>

<comp id="1037" class="1004" name="c_3_load_fu_1037">
<pin_list>
<pin id="1038" dir="0" index="0" bw="7" slack="0"/>
<pin id="1039" dir="1" index="1" bw="7" slack="0"/>
</pin_list>
<bind>
<opcode="load(27) " fcode="load"/>
<opset="c_3/1 "/>
</bind>
</comp>

<comp id="1040" class="1004" name="icmp_ln172_fu_1040">
<pin_list>
<pin id="1041" dir="0" index="0" bw="7" slack="0"/>
<pin id="1042" dir="0" index="1" bw="7" slack="0"/>
<pin id="1043" dir="1" index="2" bw="1" slack="3"/>
</pin_list>
<bind>
<opcode="icmp(45) " fcode="icmp"/>
<opset="icmp_ln172/1 "/>
</bind>
</comp>

<comp id="1046" class="1004" name="add_ln172_fu_1046">
<pin_list>
<pin id="1047" dir="0" index="0" bw="7" slack="0"/>
<pin id="1048" dir="0" index="1" bw="1" slack="0"/>
<pin id="1049" dir="1" index="2" bw="7" slack="0"/>
</pin_list>
<bind>
<opcode="add(8) " fcode="add"/>
<opset="add_ln172/1 "/>
</bind>
</comp>

<comp id="1052" class="1004" name="zext_ln172_fu_1052">
<pin_list>
<pin id="1053" dir="0" index="0" bw="7" slack="0"/>
<pin id="1054" dir="1" index="1" bw="64" slack="0"/>
</pin_list>
<bind>
<opcode="zext(34) " fcode="zext"/>
<opset="zext_ln172/1 "/>
</bind>
</comp>

<comp id="1120" class="1004" name="store_ln172_store_fu_1120">
<pin_list>
<pin id="1121" dir="0" index="0" bw="7" slack="0"/>
<pin id="1122" dir="0" index="1" bw="7" slack="0"/>
<pin id="1123" dir="1" index="2" bw="0" slack="2147483647"/>
</pin_list>
<bind>
<opcode="store(28) " fcode="store"/>
<opset="store_ln172/1 "/>
</bind>
</comp>

<comp id="1125" class="1004" name="sext_ln174_fu_1125">
<pin_list>
<pin id="1126" dir="0" index="0" bw="8" slack="0"/>
<pin id="1127" dir="1" index="1" bw="9" slack="0"/>
</pin_list>
<bind>
<opcode="sext(35) " fcode="sext"/>
<opset="sext_ln174/2 "/>
</bind>
</comp>

<comp id="1129" class="1004" name="sext_ln175_fu_1129">
<pin_list>
<pin id="1130" dir="0" index="0" bw="8" slack="0"/>
<pin id="1131" dir="1" index="1" bw="9" slack="0"/>
</pin_list>
<bind>
<opcode="sext(35) " fcode="sext"/>
<opset="sext_ln175/2 "/>
</bind>
</comp>

<comp id="1133" class="1004" name="sext_ln175_125_fu_1133">
<pin_list>
<pin id="1134" dir="0" index="0" bw="8" slack="0"/>
<pin id="1135" dir="1" index="1" bw="9" slack="0"/>
</pin_list>
<bind>
<opcode="sext(35) " fcode="sext"/>
<opset="sext_ln175_125/2 "/>
</bind>
</comp>

<comp id="1137" class="1004" name="sext_ln175_126_fu_1137">
<pin_list>
<pin id="1138" dir="0" index="0" bw="8" slack="0"/>
<pin id="1139" dir="1" index="1" bw="9" slack="0"/>
</pin_list>
<bind>
<opcode="sext(35) " fcode="sext"/>
<opset="sext_ln175_126/2 "/>
</bind>
</comp>

<comp id="1141" class="1004" name="sext_ln175_127_fu_1141">
<pin_list>
<pin id="1142" dir="0" index="0" bw="8" slack="0"/>
<pin id="1143" dir="1" index="1" bw="9" slack="0"/>
</pin_list>
<bind>
<opcode="sext(35) " fcode="sext"/>
<opset="sext_ln175_127/2 "/>
</bind>
</comp>

<comp id="1145" class="1004" name="sext_ln175_128_fu_1145">
<pin_list>
<pin id="1146" dir="0" index="0" bw="8" slack="0"/>
<pin id="1147" dir="1" index="1" bw="9" slack="0"/>
</pin_list>
<bind>
<opcode="sext(35) " fcode="sext"/>
<opset="sext_ln175_128/2 "/>
</bind>
</comp>

<comp id="1149" class="1004" name="sext_ln175_129_fu_1149">
<pin_list>
<pin id="1150" dir="0" index="0" bw="8" slack="0"/>
<pin id="1151" dir="1" index="1" bw="9" slack="0"/>
</pin_list>
<bind>
<opcode="sext(35) " fcode="sext"/>
<opset="sext_ln175_129/2 "/>
</bind>
</comp>

<comp id="1153" class="1004" name="sext_ln175_130_fu_1153">
<pin_list>
<pin id="1154" dir="0" index="0" bw="8" slack="0"/>
<pin id="1155" dir="1" index="1" bw="9" slack="0"/>
</pin_list>
<bind>
<opcode="sext(35) " fcode="sext"/>
<opset="sext_ln175_130/2 "/>
</bind>
</comp>

<comp id="1157" class="1004" name="sext_ln175_131_fu_1157">
<pin_list>
<pin id="1158" dir="0" index="0" bw="8" slack="0"/>
<pin id="1159" dir="1" index="1" bw="9" slack="0"/>
</pin_list>
<bind>
<opcode="sext(35) " fcode="sext"/>
<opset="sext_ln175_131/2 "/>
</bind>
</comp>

<comp id="1161" class="1004" name="sext_ln175_132_fu_1161">
<pin_list>
<pin id="1162" dir="0" index="0" bw="8" slack="0"/>
<pin id="1163" dir="1" index="1" bw="9" slack="0"/>
</pin_list>
<bind>
<opcode="sext(35) " fcode="sext"/>
<opset="sext_ln175_132/2 "/>
</bind>
</comp>

<comp id="1165" class="1004" name="sext_ln175_133_fu_1165">
<pin_list>
<pin id="1166" dir="0" index="0" bw="8" slack="0"/>
<pin id="1167" dir="1" index="1" bw="9" slack="0"/>
</pin_list>
<bind>
<opcode="sext(35) " fcode="sext"/>
<opset="sext_ln175_133/2 "/>
</bind>
</comp>

<comp id="1169" class="1004" name="sext_ln175_134_fu_1169">
<pin_list>
<pin id="1170" dir="0" index="0" bw="8" slack="0"/>
<pin id="1171" dir="1" index="1" bw="9" slack="0"/>
</pin_list>
<bind>
<opcode="sext(35) " fcode="sext"/>
<opset="sext_ln175_134/2 "/>
</bind>
</comp>

<comp id="1173" class="1004" name="sext_ln175_135_fu_1173">
<pin_list>
<pin id="1174" dir="0" index="0" bw="8" slack="0"/>
<pin id="1175" dir="1" index="1" bw="9" slack="0"/>
</pin_list>
<bind>
<opcode="sext(35) " fcode="sext"/>
<opset="sext_ln175_135/2 "/>
</bind>
</comp>

<comp id="1177" class="1004" name="sext_ln175_136_fu_1177">
<pin_list>
<pin id="1178" dir="0" index="0" bw="8" slack="0"/>
<pin id="1179" dir="1" index="1" bw="9" slack="0"/>
</pin_list>
<bind>
<opcode="sext(35) " fcode="sext"/>
<opset="sext_ln175_136/2 "/>
</bind>
</comp>

<comp id="1181" class="1004" name="sext_ln175_137_fu_1181">
<pin_list>
<pin id="1182" dir="0" index="0" bw="8" slack="0"/>
<pin id="1183" dir="1" index="1" bw="9" slack="0"/>
</pin_list>
<bind>
<opcode="sext(35) " fcode="sext"/>
<opset="sext_ln175_137/2 "/>
</bind>
</comp>

<comp id="1185" class="1004" name="sext_ln175_138_fu_1185">
<pin_list>
<pin id="1186" dir="0" index="0" bw="8" slack="0"/>
<pin id="1187" dir="1" index="1" bw="9" slack="0"/>
</pin_list>
<bind>
<opcode="sext(35) " fcode="sext"/>
<opset="sext_ln175_138/2 "/>
</bind>
</comp>

<comp id="1189" class="1004" name="sext_ln175_139_fu_1189">
<pin_list>
<pin id="1190" dir="0" index="0" bw="8" slack="0"/>
<pin id="1191" dir="1" index="1" bw="9" slack="0"/>
</pin_list>
<bind>
<opcode="sext(35) " fcode="sext"/>
<opset="sext_ln175_139/2 "/>
</bind>
</comp>

<comp id="1193" class="1004" name="sext_ln175_140_fu_1193">
<pin_list>
<pin id="1194" dir="0" index="0" bw="8" slack="0"/>
<pin id="1195" dir="1" index="1" bw="9" slack="0"/>
</pin_list>
<bind>
<opcode="sext(35) " fcode="sext"/>
<opset="sext_ln175_140/2 "/>
</bind>
</comp>

<comp id="1197" class="1004" name="sext_ln175_141_fu_1197">
<pin_list>
<pin id="1198" dir="0" index="0" bw="8" slack="0"/>
<pin id="1199" dir="1" index="1" bw="9" slack="0"/>
</pin_list>
<bind>
<opcode="sext(35) " fcode="sext"/>
<opset="sext_ln175_141/2 "/>
</bind>
</comp>

<comp id="1201" class="1004" name="sext_ln175_142_fu_1201">
<pin_list>
<pin id="1202" dir="0" index="0" bw="8" slack="0"/>
<pin id="1203" dir="1" index="1" bw="9" slack="0"/>
</pin_list>
<bind>
<opcode="sext(35) " fcode="sext"/>
<opset="sext_ln175_142/2 "/>
</bind>
</comp>

<comp id="1205" class="1004" name="sext_ln175_143_fu_1205">
<pin_list>
<pin id="1206" dir="0" index="0" bw="8" slack="0"/>
<pin id="1207" dir="1" index="1" bw="9" slack="0"/>
</pin_list>
<bind>
<opcode="sext(35) " fcode="sext"/>
<opset="sext_ln175_143/2 "/>
</bind>
</comp>

<comp id="1209" class="1004" name="sext_ln175_144_fu_1209">
<pin_list>
<pin id="1210" dir="0" index="0" bw="8" slack="0"/>
<pin id="1211" dir="1" index="1" bw="9" slack="0"/>
</pin_list>
<bind>
<opcode="sext(35) " fcode="sext"/>
<opset="sext_ln175_144/2 "/>
</bind>
</comp>

<comp id="1213" class="1004" name="sext_ln175_145_fu_1213">
<pin_list>
<pin id="1214" dir="0" index="0" bw="8" slack="0"/>
<pin id="1215" dir="1" index="1" bw="9" slack="0"/>
</pin_list>
<bind>
<opcode="sext(35) " fcode="sext"/>
<opset="sext_ln175_145/2 "/>
</bind>
</comp>

<comp id="1217" class="1004" name="sext_ln175_146_fu_1217">
<pin_list>
<pin id="1218" dir="0" index="0" bw="8" slack="0"/>
<pin id="1219" dir="1" index="1" bw="9" slack="0"/>
</pin_list>
<bind>
<opcode="sext(35) " fcode="sext"/>
<opset="sext_ln175_146/2 "/>
</bind>
</comp>

<comp id="1221" class="1004" name="sext_ln175_147_fu_1221">
<pin_list>
<pin id="1222" dir="0" index="0" bw="8" slack="0"/>
<pin id="1223" dir="1" index="1" bw="9" slack="0"/>
</pin_list>
<bind>
<opcode="sext(35) " fcode="sext"/>
<opset="sext_ln175_147/2 "/>
</bind>
</comp>

<comp id="1225" class="1004" name="sext_ln175_148_fu_1225">
<pin_list>
<pin id="1226" dir="0" index="0" bw="8" slack="0"/>
<pin id="1227" dir="1" index="1" bw="9" slack="0"/>
</pin_list>
<bind>
<opcode="sext(35) " fcode="sext"/>
<opset="sext_ln175_148/2 "/>
</bind>
</comp>

<comp id="1229" class="1004" name="sext_ln175_149_fu_1229">
<pin_list>
<pin id="1230" dir="0" index="0" bw="8" slack="0"/>
<pin id="1231" dir="1" index="1" bw="9" slack="0"/>
</pin_list>
<bind>
<opcode="sext(35) " fcode="sext"/>
<opset="sext_ln175_149/2 "/>
</bind>
</comp>

<comp id="1233" class="1004" name="sext_ln175_150_fu_1233">
<pin_list>
<pin id="1234" dir="0" index="0" bw="8" slack="0"/>
<pin id="1235" dir="1" index="1" bw="9" slack="0"/>
</pin_list>
<bind>
<opcode="sext(35) " fcode="sext"/>
<opset="sext_ln175_150/2 "/>
</bind>
</comp>

<comp id="1237" class="1004" name="sext_ln175_151_fu_1237">
<pin_list>
<pin id="1238" dir="0" index="0" bw="8" slack="0"/>
<pin id="1239" dir="1" index="1" bw="9" slack="0"/>
</pin_list>
<bind>
<opcode="sext(35) " fcode="sext"/>
<opset="sext_ln175_151/2 "/>
</bind>
</comp>

<comp id="1241" class="1004" name="sext_ln175_152_fu_1241">
<pin_list>
<pin id="1242" dir="0" index="0" bw="8" slack="0"/>
<pin id="1243" dir="1" index="1" bw="9" slack="0"/>
</pin_list>
<bind>
<opcode="sext(35) " fcode="sext"/>
<opset="sext_ln175_152/2 "/>
</bind>
</comp>

<comp id="1245" class="1004" name="sext_ln175_153_fu_1245">
<pin_list>
<pin id="1246" dir="0" index="0" bw="8" slack="0"/>
<pin id="1247" dir="1" index="1" bw="9" slack="0"/>
</pin_list>
<bind>
<opcode="sext(35) " fcode="sext"/>
<opset="sext_ln175_153/2 "/>
</bind>
</comp>

<comp id="1249" class="1004" name="sext_ln175_154_fu_1249">
<pin_list>
<pin id="1250" dir="0" index="0" bw="8" slack="0"/>
<pin id="1251" dir="1" index="1" bw="9" slack="0"/>
</pin_list>
<bind>
<opcode="sext(35) " fcode="sext"/>
<opset="sext_ln175_154/2 "/>
</bind>
</comp>

<comp id="1253" class="1004" name="sext_ln175_155_fu_1253">
<pin_list>
<pin id="1254" dir="0" index="0" bw="8" slack="0"/>
<pin id="1255" dir="1" index="1" bw="9" slack="0"/>
</pin_list>
<bind>
<opcode="sext(35) " fcode="sext"/>
<opset="sext_ln175_155/2 "/>
</bind>
</comp>

<comp id="1257" class="1004" name="sext_ln175_156_fu_1257">
<pin_list>
<pin id="1258" dir="0" index="0" bw="8" slack="0"/>
<pin id="1259" dir="1" index="1" bw="9" slack="0"/>
</pin_list>
<bind>
<opcode="sext(35) " fcode="sext"/>
<opset="sext_ln175_156/2 "/>
</bind>
</comp>

<comp id="1261" class="1004" name="sext_ln175_157_fu_1261">
<pin_list>
<pin id="1262" dir="0" index="0" bw="8" slack="0"/>
<pin id="1263" dir="1" index="1" bw="9" slack="0"/>
</pin_list>
<bind>
<opcode="sext(35) " fcode="sext"/>
<opset="sext_ln175_157/2 "/>
</bind>
</comp>

<comp id="1265" class="1004" name="sext_ln175_158_fu_1265">
<pin_list>
<pin id="1266" dir="0" index="0" bw="8" slack="0"/>
<pin id="1267" dir="1" index="1" bw="9" slack="0"/>
</pin_list>
<bind>
<opcode="sext(35) " fcode="sext"/>
<opset="sext_ln175_158/2 "/>
</bind>
</comp>

<comp id="1269" class="1004" name="sext_ln175_159_fu_1269">
<pin_list>
<pin id="1270" dir="0" index="0" bw="8" slack="0"/>
<pin id="1271" dir="1" index="1" bw="9" slack="0"/>
</pin_list>
<bind>
<opcode="sext(35) " fcode="sext"/>
<opset="sext_ln175_159/2 "/>
</bind>
</comp>

<comp id="1273" class="1004" name="sext_ln175_160_fu_1273">
<pin_list>
<pin id="1274" dir="0" index="0" bw="8" slack="0"/>
<pin id="1275" dir="1" index="1" bw="9" slack="0"/>
</pin_list>
<bind>
<opcode="sext(35) " fcode="sext"/>
<opset="sext_ln175_160/2 "/>
</bind>
</comp>

<comp id="1277" class="1004" name="sext_ln175_161_fu_1277">
<pin_list>
<pin id="1278" dir="0" index="0" bw="8" slack="0"/>
<pin id="1279" dir="1" index="1" bw="9" slack="0"/>
</pin_list>
<bind>
<opcode="sext(35) " fcode="sext"/>
<opset="sext_ln175_161/2 "/>
</bind>
</comp>

<comp id="1281" class="1004" name="sext_ln175_162_fu_1281">
<pin_list>
<pin id="1282" dir="0" index="0" bw="8" slack="0"/>
<pin id="1283" dir="1" index="1" bw="9" slack="0"/>
</pin_list>
<bind>
<opcode="sext(35) " fcode="sext"/>
<opset="sext_ln175_162/2 "/>
</bind>
</comp>

<comp id="1285" class="1004" name="sext_ln175_163_fu_1285">
<pin_list>
<pin id="1286" dir="0" index="0" bw="8" slack="0"/>
<pin id="1287" dir="1" index="1" bw="9" slack="0"/>
</pin_list>
<bind>
<opcode="sext(35) " fcode="sext"/>
<opset="sext_ln175_163/2 "/>
</bind>
</comp>

<comp id="1289" class="1004" name="sext_ln175_164_fu_1289">
<pin_list>
<pin id="1290" dir="0" index="0" bw="8" slack="0"/>
<pin id="1291" dir="1" index="1" bw="9" slack="0"/>
</pin_list>
<bind>
<opcode="sext(35) " fcode="sext"/>
<opset="sext_ln175_164/2 "/>
</bind>
</comp>

<comp id="1293" class="1004" name="sext_ln175_165_fu_1293">
<pin_list>
<pin id="1294" dir="0" index="0" bw="8" slack="0"/>
<pin id="1295" dir="1" index="1" bw="9" slack="0"/>
</pin_list>
<bind>
<opcode="sext(35) " fcode="sext"/>
<opset="sext_ln175_165/2 "/>
</bind>
</comp>

<comp id="1297" class="1004" name="sext_ln175_166_fu_1297">
<pin_list>
<pin id="1298" dir="0" index="0" bw="8" slack="0"/>
<pin id="1299" dir="1" index="1" bw="9" slack="0"/>
</pin_list>
<bind>
<opcode="sext(35) " fcode="sext"/>
<opset="sext_ln175_166/2 "/>
</bind>
</comp>

<comp id="1301" class="1004" name="sext_ln175_167_fu_1301">
<pin_list>
<pin id="1302" dir="0" index="0" bw="8" slack="0"/>
<pin id="1303" dir="1" index="1" bw="9" slack="0"/>
</pin_list>
<bind>
<opcode="sext(35) " fcode="sext"/>
<opset="sext_ln175_167/2 "/>
</bind>
</comp>

<comp id="1305" class="1004" name="sext_ln175_168_fu_1305">
<pin_list>
<pin id="1306" dir="0" index="0" bw="8" slack="0"/>
<pin id="1307" dir="1" index="1" bw="9" slack="0"/>
</pin_list>
<bind>
<opcode="sext(35) " fcode="sext"/>
<opset="sext_ln175_168/2 "/>
</bind>
</comp>

<comp id="1309" class="1004" name="sext_ln175_169_fu_1309">
<pin_list>
<pin id="1310" dir="0" index="0" bw="8" slack="0"/>
<pin id="1311" dir="1" index="1" bw="9" slack="0"/>
</pin_list>
<bind>
<opcode="sext(35) " fcode="sext"/>
<opset="sext_ln175_169/2 "/>
</bind>
</comp>

<comp id="1313" class="1004" name="sext_ln175_170_fu_1313">
<pin_list>
<pin id="1314" dir="0" index="0" bw="8" slack="0"/>
<pin id="1315" dir="1" index="1" bw="9" slack="0"/>
</pin_list>
<bind>
<opcode="sext(35) " fcode="sext"/>
<opset="sext_ln175_170/2 "/>
</bind>
</comp>

<comp id="1317" class="1004" name="sext_ln175_171_fu_1317">
<pin_list>
<pin id="1318" dir="0" index="0" bw="8" slack="0"/>
<pin id="1319" dir="1" index="1" bw="9" slack="0"/>
</pin_list>
<bind>
<opcode="sext(35) " fcode="sext"/>
<opset="sext_ln175_171/2 "/>
</bind>
</comp>

<comp id="1321" class="1004" name="sext_ln175_172_fu_1321">
<pin_list>
<pin id="1322" dir="0" index="0" bw="8" slack="0"/>
<pin id="1323" dir="1" index="1" bw="9" slack="0"/>
</pin_list>
<bind>
<opcode="sext(35) " fcode="sext"/>
<opset="sext_ln175_172/2 "/>
</bind>
</comp>

<comp id="1325" class="1004" name="sext_ln175_173_fu_1325">
<pin_list>
<pin id="1326" dir="0" index="0" bw="8" slack="0"/>
<pin id="1327" dir="1" index="1" bw="9" slack="0"/>
</pin_list>
<bind>
<opcode="sext(35) " fcode="sext"/>
<opset="sext_ln175_173/2 "/>
</bind>
</comp>

<comp id="1329" class="1004" name="sext_ln175_174_fu_1329">
<pin_list>
<pin id="1330" dir="0" index="0" bw="8" slack="0"/>
<pin id="1331" dir="1" index="1" bw="9" slack="0"/>
</pin_list>
<bind>
<opcode="sext(35) " fcode="sext"/>
<opset="sext_ln175_174/2 "/>
</bind>
</comp>

<comp id="1333" class="1004" name="sext_ln175_175_fu_1333">
<pin_list>
<pin id="1334" dir="0" index="0" bw="8" slack="0"/>
<pin id="1335" dir="1" index="1" bw="9" slack="0"/>
</pin_list>
<bind>
<opcode="sext(35) " fcode="sext"/>
<opset="sext_ln175_175/2 "/>
</bind>
</comp>

<comp id="1337" class="1004" name="sext_ln175_176_fu_1337">
<pin_list>
<pin id="1338" dir="0" index="0" bw="8" slack="0"/>
<pin id="1339" dir="1" index="1" bw="9" slack="0"/>
</pin_list>
<bind>
<opcode="sext(35) " fcode="sext"/>
<opset="sext_ln175_176/2 "/>
</bind>
</comp>

<comp id="1341" class="1004" name="sext_ln175_177_fu_1341">
<pin_list>
<pin id="1342" dir="0" index="0" bw="8" slack="0"/>
<pin id="1343" dir="1" index="1" bw="9" slack="0"/>
</pin_list>
<bind>
<opcode="sext(35) " fcode="sext"/>
<opset="sext_ln175_177/2 "/>
</bind>
</comp>

<comp id="1345" class="1004" name="sext_ln175_178_fu_1345">
<pin_list>
<pin id="1346" dir="0" index="0" bw="8" slack="0"/>
<pin id="1347" dir="1" index="1" bw="9" slack="0"/>
</pin_list>
<bind>
<opcode="sext(35) " fcode="sext"/>
<opset="sext_ln175_178/2 "/>
</bind>
</comp>

<comp id="1349" class="1004" name="sext_ln175_179_fu_1349">
<pin_list>
<pin id="1350" dir="0" index="0" bw="8" slack="0"/>
<pin id="1351" dir="1" index="1" bw="9" slack="0"/>
</pin_list>
<bind>
<opcode="sext(35) " fcode="sext"/>
<opset="sext_ln175_179/2 "/>
</bind>
</comp>

<comp id="1353" class="1004" name="sext_ln175_180_fu_1353">
<pin_list>
<pin id="1354" dir="0" index="0" bw="8" slack="0"/>
<pin id="1355" dir="1" index="1" bw="9" slack="0"/>
</pin_list>
<bind>
<opcode="sext(35) " fcode="sext"/>
<opset="sext_ln175_180/2 "/>
</bind>
</comp>

<comp id="1357" class="1004" name="sext_ln175_181_fu_1357">
<pin_list>
<pin id="1358" dir="0" index="0" bw="8" slack="0"/>
<pin id="1359" dir="1" index="1" bw="9" slack="0"/>
</pin_list>
<bind>
<opcode="sext(35) " fcode="sext"/>
<opset="sext_ln175_181/2 "/>
</bind>
</comp>

<comp id="1361" class="1004" name="sext_ln175_182_fu_1361">
<pin_list>
<pin id="1362" dir="0" index="0" bw="8" slack="0"/>
<pin id="1363" dir="1" index="1" bw="9" slack="0"/>
</pin_list>
<bind>
<opcode="sext(35) " fcode="sext"/>
<opset="sext_ln175_182/2 "/>
</bind>
</comp>

<comp id="1365" class="1004" name="sext_ln175_183_fu_1365">
<pin_list>
<pin id="1366" dir="0" index="0" bw="8" slack="0"/>
<pin id="1367" dir="1" index="1" bw="9" slack="0"/>
</pin_list>
<bind>
<opcode="sext(35) " fcode="sext"/>
<opset="sext_ln175_183/2 "/>
</bind>
</comp>

<comp id="1369" class="1004" name="sext_ln175_184_fu_1369">
<pin_list>
<pin id="1370" dir="0" index="0" bw="8" slack="0"/>
<pin id="1371" dir="1" index="1" bw="9" slack="0"/>
</pin_list>
<bind>
<opcode="sext(35) " fcode="sext"/>
<opset="sext_ln175_184/2 "/>
</bind>
</comp>

<comp id="1373" class="1004" name="sext_ln175_185_fu_1373">
<pin_list>
<pin id="1374" dir="0" index="0" bw="8" slack="0"/>
<pin id="1375" dir="1" index="1" bw="9" slack="0"/>
</pin_list>
<bind>
<opcode="sext(35) " fcode="sext"/>
<opset="sext_ln175_185/2 "/>
</bind>
</comp>

<comp id="1377" class="1004" name="sext_ln175_186_fu_1377">
<pin_list>
<pin id="1378" dir="0" index="0" bw="8" slack="0"/>
<pin id="1379" dir="1" index="1" bw="9" slack="0"/>
</pin_list>
<bind>
<opcode="sext(35) " fcode="sext"/>
<opset="sext_ln175_186/2 "/>
</bind>
</comp>

<comp id="1381" class="1004" name="add_ln175_fu_1381">
<pin_list>
<pin id="1382" dir="0" index="0" bw="8" slack="0"/>
<pin id="1383" dir="0" index="1" bw="8" slack="0"/>
<pin id="1384" dir="1" index="2" bw="9" slack="0"/>
</pin_list>
<bind>
<opcode="add(8) " fcode="add"/>
<opset="add_ln175/2 "/>
</bind>
</comp>

<comp id="1387" class="1004" name="sext_ln175_187_fu_1387">
<pin_list>
<pin id="1388" dir="0" index="0" bw="9" slack="0"/>
<pin id="1389" dir="1" index="1" bw="10" slack="0"/>
</pin_list>
<bind>
<opcode="sext(35) " fcode="sext"/>
<opset="sext_ln175_187/2 "/>
</bind>
</comp>

<comp id="1391" class="1004" name="add_ln175_63_fu_1391">
<pin_list>
<pin id="1392" dir="0" index="0" bw="8" slack="0"/>
<pin id="1393" dir="0" index="1" bw="8" slack="0"/>
<pin id="1394" dir="1" index="2" bw="9" slack="0"/>
</pin_list>
<bind>
<opcode="add(8) " fcode="add"/>
<opset="add_ln175_63/2 "/>
</bind>
</comp>

<comp id="1397" class="1004" name="sext_ln175_188_fu_1397">
<pin_list>
<pin id="1398" dir="0" index="0" bw="9" slack="0"/>
<pin id="1399" dir="1" index="1" bw="10" slack="0"/>
</pin_list>
<bind>
<opcode="sext(35) " fcode="sext"/>
<opset="sext_ln175_188/2 "/>
</bind>
</comp>

<comp id="1401" class="1004" name="add_ln175_64_fu_1401">
<pin_list>
<pin id="1402" dir="0" index="0" bw="9" slack="0"/>
<pin id="1403" dir="0" index="1" bw="9" slack="0"/>
<pin id="1404" dir="1" index="2" bw="10" slack="0"/>
</pin_list>
<bind>
<opcode="add(8) " fcode="add"/>
<opset="add_ln175_64/2 "/>
</bind>
</comp>

<comp id="1407" class="1004" name="sext_ln175_189_fu_1407">
<pin_list>
<pin id="1408" dir="0" index="0" bw="10" slack="0"/>
<pin id="1409" dir="1" index="1" bw="11" slack="0"/>
</pin_list>
<bind>
<opcode="sext(35) " fcode="sext"/>
<opset="sext_ln175_189/2 "/>
</bind>
</comp>

<comp id="1411" class="1004" name="add_ln175_65_fu_1411">
<pin_list>
<pin id="1412" dir="0" index="0" bw="8" slack="0"/>
<pin id="1413" dir="0" index="1" bw="8" slack="0"/>
<pin id="1414" dir="1" index="2" bw="9" slack="0"/>
</pin_list>
<bind>
<opcode="add(8) " fcode="add"/>
<opset="add_ln175_65/2 "/>
</bind>
</comp>

<comp id="1417" class="1004" name="sext_ln175_190_fu_1417">
<pin_list>
<pin id="1418" dir="0" index="0" bw="9" slack="0"/>
<pin id="1419" dir="1" index="1" bw="10" slack="0"/>
</pin_list>
<bind>
<opcode="sext(35) " fcode="sext"/>
<opset="sext_ln175_190/2 "/>
</bind>
</comp>

<comp id="1421" class="1004" name="add_ln175_66_fu_1421">
<pin_list>
<pin id="1422" dir="0" index="0" bw="8" slack="0"/>
<pin id="1423" dir="0" index="1" bw="8" slack="0"/>
<pin id="1424" dir="1" index="2" bw="9" slack="0"/>
</pin_list>
<bind>
<opcode="add(8) " fcode="add"/>
<opset="add_ln175_66/2 "/>
</bind>
</comp>

<comp id="1427" class="1004" name="sext_ln175_191_fu_1427">
<pin_list>
<pin id="1428" dir="0" index="0" bw="9" slack="0"/>
<pin id="1429" dir="1" index="1" bw="10" slack="0"/>
</pin_list>
<bind>
<opcode="sext(35) " fcode="sext"/>
<opset="sext_ln175_191/2 "/>
</bind>
</comp>

<comp id="1431" class="1004" name="add_ln175_67_fu_1431">
<pin_list>
<pin id="1432" dir="0" index="0" bw="9" slack="0"/>
<pin id="1433" dir="0" index="1" bw="9" slack="0"/>
<pin id="1434" dir="1" index="2" bw="10" slack="0"/>
</pin_list>
<bind>
<opcode="add(8) " fcode="add"/>
<opset="add_ln175_67/2 "/>
</bind>
</comp>

<comp id="1437" class="1004" name="sext_ln175_192_fu_1437">
<pin_list>
<pin id="1438" dir="0" index="0" bw="10" slack="0"/>
<pin id="1439" dir="1" index="1" bw="11" slack="0"/>
</pin_list>
<bind>
<opcode="sext(35) " fcode="sext"/>
<opset="sext_ln175_192/2 "/>
</bind>
</comp>

<comp id="1441" class="1004" name="add_ln175_68_fu_1441">
<pin_list>
<pin id="1442" dir="0" index="0" bw="10" slack="0"/>
<pin id="1443" dir="0" index="1" bw="10" slack="0"/>
<pin id="1444" dir="1" index="2" bw="11" slack="1"/>
</pin_list>
<bind>
<opcode="add(8) " fcode="add"/>
<opset="add_ln175_68/2 "/>
</bind>
</comp>

<comp id="1447" class="1004" name="add_ln175_69_fu_1447">
<pin_list>
<pin id="1448" dir="0" index="0" bw="8" slack="0"/>
<pin id="1449" dir="0" index="1" bw="8" slack="0"/>
<pin id="1450" dir="1" index="2" bw="9" slack="0"/>
</pin_list>
<bind>
<opcode="add(8) " fcode="add"/>
<opset="add_ln175_69/2 "/>
</bind>
</comp>

<comp id="1453" class="1004" name="sext_ln175_194_fu_1453">
<pin_list>
<pin id="1454" dir="0" index="0" bw="9" slack="0"/>
<pin id="1455" dir="1" index="1" bw="10" slack="0"/>
</pin_list>
<bind>
<opcode="sext(35) " fcode="sext"/>
<opset="sext_ln175_194/2 "/>
</bind>
</comp>

<comp id="1457" class="1004" name="add_ln175_70_fu_1457">
<pin_list>
<pin id="1458" dir="0" index="0" bw="8" slack="0"/>
<pin id="1459" dir="0" index="1" bw="8" slack="0"/>
<pin id="1460" dir="1" index="2" bw="9" slack="0"/>
</pin_list>
<bind>
<opcode="add(8) " fcode="add"/>
<opset="add_ln175_70/2 "/>
</bind>
</comp>

<comp id="1463" class="1004" name="sext_ln175_195_fu_1463">
<pin_list>
<pin id="1464" dir="0" index="0" bw="9" slack="0"/>
<pin id="1465" dir="1" index="1" bw="10" slack="0"/>
</pin_list>
<bind>
<opcode="sext(35) " fcode="sext"/>
<opset="sext_ln175_195/2 "/>
</bind>
</comp>

<comp id="1467" class="1004" name="add_ln175_71_fu_1467">
<pin_list>
<pin id="1468" dir="0" index="0" bw="9" slack="0"/>
<pin id="1469" dir="0" index="1" bw="9" slack="0"/>
<pin id="1470" dir="1" index="2" bw="10" slack="0"/>
</pin_list>
<bind>
<opcode="add(8) " fcode="add"/>
<opset="add_ln175_71/2 "/>
</bind>
</comp>

<comp id="1473" class="1004" name="sext_ln175_196_fu_1473">
<pin_list>
<pin id="1474" dir="0" index="0" bw="10" slack="0"/>
<pin id="1475" dir="1" index="1" bw="11" slack="0"/>
</pin_list>
<bind>
<opcode="sext(35) " fcode="sext"/>
<opset="sext_ln175_196/2 "/>
</bind>
</comp>

<comp id="1477" class="1004" name="add_ln175_72_fu_1477">
<pin_list>
<pin id="1478" dir="0" index="0" bw="8" slack="0"/>
<pin id="1479" dir="0" index="1" bw="8" slack="0"/>
<pin id="1480" dir="1" index="2" bw="9" slack="0"/>
</pin_list>
<bind>
<opcode="add(8) " fcode="add"/>
<opset="add_ln175_72/2 "/>
</bind>
</comp>

<comp id="1483" class="1004" name="sext_ln175_197_fu_1483">
<pin_list>
<pin id="1484" dir="0" index="0" bw="9" slack="0"/>
<pin id="1485" dir="1" index="1" bw="10" slack="0"/>
</pin_list>
<bind>
<opcode="sext(35) " fcode="sext"/>
<opset="sext_ln175_197/2 "/>
</bind>
</comp>

<comp id="1487" class="1004" name="add_ln175_73_fu_1487">
<pin_list>
<pin id="1488" dir="0" index="0" bw="8" slack="0"/>
<pin id="1489" dir="0" index="1" bw="8" slack="0"/>
<pin id="1490" dir="1" index="2" bw="9" slack="0"/>
</pin_list>
<bind>
<opcode="add(8) " fcode="add"/>
<opset="add_ln175_73/2 "/>
</bind>
</comp>

<comp id="1493" class="1004" name="sext_ln175_198_fu_1493">
<pin_list>
<pin id="1494" dir="0" index="0" bw="9" slack="0"/>
<pin id="1495" dir="1" index="1" bw="10" slack="0"/>
</pin_list>
<bind>
<opcode="sext(35) " fcode="sext"/>
<opset="sext_ln175_198/2 "/>
</bind>
</comp>

<comp id="1497" class="1004" name="add_ln175_74_fu_1497">
<pin_list>
<pin id="1498" dir="0" index="0" bw="9" slack="0"/>
<pin id="1499" dir="0" index="1" bw="9" slack="0"/>
<pin id="1500" dir="1" index="2" bw="10" slack="0"/>
</pin_list>
<bind>
<opcode="add(8) " fcode="add"/>
<opset="add_ln175_74/2 "/>
</bind>
</comp>

<comp id="1503" class="1004" name="sext_ln175_199_fu_1503">
<pin_list>
<pin id="1504" dir="0" index="0" bw="10" slack="0"/>
<pin id="1505" dir="1" index="1" bw="11" slack="0"/>
</pin_list>
<bind>
<opcode="sext(35) " fcode="sext"/>
<opset="sext_ln175_199/2 "/>
</bind>
</comp>

<comp id="1507" class="1004" name="add_ln175_75_fu_1507">
<pin_list>
<pin id="1508" dir="0" index="0" bw="10" slack="0"/>
<pin id="1509" dir="0" index="1" bw="10" slack="0"/>
<pin id="1510" dir="1" index="2" bw="11" slack="1"/>
</pin_list>
<bind>
<opcode="add(8) " fcode="add"/>
<opset="add_ln175_75/2 "/>
</bind>
</comp>

<comp id="1513" class="1004" name="add_ln175_77_fu_1513">
<pin_list>
<pin id="1514" dir="0" index="0" bw="8" slack="0"/>
<pin id="1515" dir="0" index="1" bw="8" slack="0"/>
<pin id="1516" dir="1" index="2" bw="9" slack="0"/>
</pin_list>
<bind>
<opcode="add(8) " fcode="add"/>
<opset="add_ln175_77/2 "/>
</bind>
</comp>

<comp id="1519" class="1004" name="sext_ln175_202_fu_1519">
<pin_list>
<pin id="1520" dir="0" index="0" bw="9" slack="0"/>
<pin id="1521" dir="1" index="1" bw="10" slack="0"/>
</pin_list>
<bind>
<opcode="sext(35) " fcode="sext"/>
<opset="sext_ln175_202/2 "/>
</bind>
</comp>

<comp id="1523" class="1004" name="add_ln175_78_fu_1523">
<pin_list>
<pin id="1524" dir="0" index="0" bw="8" slack="0"/>
<pin id="1525" dir="0" index="1" bw="8" slack="0"/>
<pin id="1526" dir="1" index="2" bw="9" slack="0"/>
</pin_list>
<bind>
<opcode="add(8) " fcode="add"/>
<opset="add_ln175_78/2 "/>
</bind>
</comp>

<comp id="1529" class="1004" name="sext_ln175_203_fu_1529">
<pin_list>
<pin id="1530" dir="0" index="0" bw="9" slack="0"/>
<pin id="1531" dir="1" index="1" bw="10" slack="0"/>
</pin_list>
<bind>
<opcode="sext(35) " fcode="sext"/>
<opset="sext_ln175_203/2 "/>
</bind>
</comp>

<comp id="1533" class="1004" name="add_ln175_79_fu_1533">
<pin_list>
<pin id="1534" dir="0" index="0" bw="9" slack="0"/>
<pin id="1535" dir="0" index="1" bw="9" slack="0"/>
<pin id="1536" dir="1" index="2" bw="10" slack="0"/>
</pin_list>
<bind>
<opcode="add(8) " fcode="add"/>
<opset="add_ln175_79/2 "/>
</bind>
</comp>

<comp id="1539" class="1004" name="sext_ln175_204_fu_1539">
<pin_list>
<pin id="1540" dir="0" index="0" bw="10" slack="0"/>
<pin id="1541" dir="1" index="1" bw="11" slack="0"/>
</pin_list>
<bind>
<opcode="sext(35) " fcode="sext"/>
<opset="sext_ln175_204/2 "/>
</bind>
</comp>

<comp id="1543" class="1004" name="add_ln175_80_fu_1543">
<pin_list>
<pin id="1544" dir="0" index="0" bw="8" slack="0"/>
<pin id="1545" dir="0" index="1" bw="8" slack="0"/>
<pin id="1546" dir="1" index="2" bw="9" slack="0"/>
</pin_list>
<bind>
<opcode="add(8) " fcode="add"/>
<opset="add_ln175_80/2 "/>
</bind>
</comp>

<comp id="1549" class="1004" name="sext_ln175_205_fu_1549">
<pin_list>
<pin id="1550" dir="0" index="0" bw="9" slack="0"/>
<pin id="1551" dir="1" index="1" bw="10" slack="0"/>
</pin_list>
<bind>
<opcode="sext(35) " fcode="sext"/>
<opset="sext_ln175_205/2 "/>
</bind>
</comp>

<comp id="1553" class="1004" name="add_ln175_81_fu_1553">
<pin_list>
<pin id="1554" dir="0" index="0" bw="8" slack="0"/>
<pin id="1555" dir="0" index="1" bw="8" slack="0"/>
<pin id="1556" dir="1" index="2" bw="9" slack="0"/>
</pin_list>
<bind>
<opcode="add(8) " fcode="add"/>
<opset="add_ln175_81/2 "/>
</bind>
</comp>

<comp id="1559" class="1004" name="sext_ln175_206_fu_1559">
<pin_list>
<pin id="1560" dir="0" index="0" bw="9" slack="0"/>
<pin id="1561" dir="1" index="1" bw="10" slack="0"/>
</pin_list>
<bind>
<opcode="sext(35) " fcode="sext"/>
<opset="sext_ln175_206/2 "/>
</bind>
</comp>

<comp id="1563" class="1004" name="add_ln175_82_fu_1563">
<pin_list>
<pin id="1564" dir="0" index="0" bw="9" slack="0"/>
<pin id="1565" dir="0" index="1" bw="9" slack="0"/>
<pin id="1566" dir="1" index="2" bw="10" slack="0"/>
</pin_list>
<bind>
<opcode="add(8) " fcode="add"/>
<opset="add_ln175_82/2 "/>
</bind>
</comp>

<comp id="1569" class="1004" name="sext_ln175_207_fu_1569">
<pin_list>
<pin id="1570" dir="0" index="0" bw="10" slack="0"/>
<pin id="1571" dir="1" index="1" bw="11" slack="0"/>
</pin_list>
<bind>
<opcode="sext(35) " fcode="sext"/>
<opset="sext_ln175_207/2 "/>
</bind>
</comp>

<comp id="1573" class="1004" name="add_ln175_83_fu_1573">
<pin_list>
<pin id="1574" dir="0" index="0" bw="10" slack="0"/>
<pin id="1575" dir="0" index="1" bw="10" slack="0"/>
<pin id="1576" dir="1" index="2" bw="11" slack="1"/>
</pin_list>
<bind>
<opcode="add(8) " fcode="add"/>
<opset="add_ln175_83/2 "/>
</bind>
</comp>

<comp id="1579" class="1004" name="add_ln175_84_fu_1579">
<pin_list>
<pin id="1580" dir="0" index="0" bw="8" slack="0"/>
<pin id="1581" dir="0" index="1" bw="8" slack="0"/>
<pin id="1582" dir="1" index="2" bw="9" slack="0"/>
</pin_list>
<bind>
<opcode="add(8) " fcode="add"/>
<opset="add_ln175_84/2 "/>
</bind>
</comp>

<comp id="1585" class="1004" name="sext_ln175_209_fu_1585">
<pin_list>
<pin id="1586" dir="0" index="0" bw="9" slack="0"/>
<pin id="1587" dir="1" index="1" bw="10" slack="0"/>
</pin_list>
<bind>
<opcode="sext(35) " fcode="sext"/>
<opset="sext_ln175_209/2 "/>
</bind>
</comp>

<comp id="1589" class="1004" name="add_ln175_85_fu_1589">
<pin_list>
<pin id="1590" dir="0" index="0" bw="8" slack="0"/>
<pin id="1591" dir="0" index="1" bw="8" slack="0"/>
<pin id="1592" dir="1" index="2" bw="9" slack="0"/>
</pin_list>
<bind>
<opcode="add(8) " fcode="add"/>
<opset="add_ln175_85/2 "/>
</bind>
</comp>

<comp id="1595" class="1004" name="sext_ln175_210_fu_1595">
<pin_list>
<pin id="1596" dir="0" index="0" bw="9" slack="0"/>
<pin id="1597" dir="1" index="1" bw="10" slack="0"/>
</pin_list>
<bind>
<opcode="sext(35) " fcode="sext"/>
<opset="sext_ln175_210/2 "/>
</bind>
</comp>

<comp id="1599" class="1004" name="add_ln175_86_fu_1599">
<pin_list>
<pin id="1600" dir="0" index="0" bw="9" slack="0"/>
<pin id="1601" dir="0" index="1" bw="9" slack="0"/>
<pin id="1602" dir="1" index="2" bw="10" slack="0"/>
</pin_list>
<bind>
<opcode="add(8) " fcode="add"/>
<opset="add_ln175_86/2 "/>
</bind>
</comp>

<comp id="1605" class="1004" name="sext_ln175_211_fu_1605">
<pin_list>
<pin id="1606" dir="0" index="0" bw="10" slack="0"/>
<pin id="1607" dir="1" index="1" bw="11" slack="0"/>
</pin_list>
<bind>
<opcode="sext(35) " fcode="sext"/>
<opset="sext_ln175_211/2 "/>
</bind>
</comp>

<comp id="1609" class="1004" name="add_ln175_87_fu_1609">
<pin_list>
<pin id="1610" dir="0" index="0" bw="8" slack="0"/>
<pin id="1611" dir="0" index="1" bw="8" slack="0"/>
<pin id="1612" dir="1" index="2" bw="9" slack="0"/>
</pin_list>
<bind>
<opcode="add(8) " fcode="add"/>
<opset="add_ln175_87/2 "/>
</bind>
</comp>

<comp id="1615" class="1004" name="sext_ln175_212_fu_1615">
<pin_list>
<pin id="1616" dir="0" index="0" bw="9" slack="0"/>
<pin id="1617" dir="1" index="1" bw="10" slack="0"/>
</pin_list>
<bind>
<opcode="sext(35) " fcode="sext"/>
<opset="sext_ln175_212/2 "/>
</bind>
</comp>

<comp id="1619" class="1004" name="add_ln175_88_fu_1619">
<pin_list>
<pin id="1620" dir="0" index="0" bw="8" slack="0"/>
<pin id="1621" dir="0" index="1" bw="8" slack="0"/>
<pin id="1622" dir="1" index="2" bw="9" slack="0"/>
</pin_list>
<bind>
<opcode="add(8) " fcode="add"/>
<opset="add_ln175_88/2 "/>
</bind>
</comp>

<comp id="1625" class="1004" name="sext_ln175_213_fu_1625">
<pin_list>
<pin id="1626" dir="0" index="0" bw="9" slack="0"/>
<pin id="1627" dir="1" index="1" bw="10" slack="0"/>
</pin_list>
<bind>
<opcode="sext(35) " fcode="sext"/>
<opset="sext_ln175_213/2 "/>
</bind>
</comp>

<comp id="1629" class="1004" name="add_ln175_89_fu_1629">
<pin_list>
<pin id="1630" dir="0" index="0" bw="9" slack="0"/>
<pin id="1631" dir="0" index="1" bw="9" slack="0"/>
<pin id="1632" dir="1" index="2" bw="10" slack="0"/>
</pin_list>
<bind>
<opcode="add(8) " fcode="add"/>
<opset="add_ln175_89/2 "/>
</bind>
</comp>

<comp id="1635" class="1004" name="sext_ln175_214_fu_1635">
<pin_list>
<pin id="1636" dir="0" index="0" bw="10" slack="0"/>
<pin id="1637" dir="1" index="1" bw="11" slack="0"/>
</pin_list>
<bind>
<opcode="sext(35) " fcode="sext"/>
<opset="sext_ln175_214/2 "/>
</bind>
</comp>

<comp id="1639" class="1004" name="add_ln175_90_fu_1639">
<pin_list>
<pin id="1640" dir="0" index="0" bw="10" slack="0"/>
<pin id="1641" dir="0" index="1" bw="10" slack="0"/>
<pin id="1642" dir="1" index="2" bw="11" slack="1"/>
</pin_list>
<bind>
<opcode="add(8) " fcode="add"/>
<opset="add_ln175_90/2 "/>
</bind>
</comp>

<comp id="1645" class="1004" name="add_ln175_93_fu_1645">
<pin_list>
<pin id="1646" dir="0" index="0" bw="8" slack="0"/>
<pin id="1647" dir="0" index="1" bw="8" slack="0"/>
<pin id="1648" dir="1" index="2" bw="9" slack="0"/>
</pin_list>
<bind>
<opcode="add(8) " fcode="add"/>
<opset="add_ln175_93/2 "/>
</bind>
</comp>

<comp id="1651" class="1004" name="sext_ln175_218_fu_1651">
<pin_list>
<pin id="1652" dir="0" index="0" bw="9" slack="0"/>
<pin id="1653" dir="1" index="1" bw="10" slack="0"/>
</pin_list>
<bind>
<opcode="sext(35) " fcode="sext"/>
<opset="sext_ln175_218/2 "/>
</bind>
</comp>

<comp id="1655" class="1004" name="add_ln175_94_fu_1655">
<pin_list>
<pin id="1656" dir="0" index="0" bw="8" slack="0"/>
<pin id="1657" dir="0" index="1" bw="8" slack="0"/>
<pin id="1658" dir="1" index="2" bw="9" slack="0"/>
</pin_list>
<bind>
<opcode="add(8) " fcode="add"/>
<opset="add_ln175_94/2 "/>
</bind>
</comp>

<comp id="1661" class="1004" name="sext_ln175_219_fu_1661">
<pin_list>
<pin id="1662" dir="0" index="0" bw="9" slack="0"/>
<pin id="1663" dir="1" index="1" bw="10" slack="0"/>
</pin_list>
<bind>
<opcode="sext(35) " fcode="sext"/>
<opset="sext_ln175_219/2 "/>
</bind>
</comp>

<comp id="1665" class="1004" name="add_ln175_95_fu_1665">
<pin_list>
<pin id="1666" dir="0" index="0" bw="9" slack="0"/>
<pin id="1667" dir="0" index="1" bw="9" slack="0"/>
<pin id="1668" dir="1" index="2" bw="10" slack="0"/>
</pin_list>
<bind>
<opcode="add(8) " fcode="add"/>
<opset="add_ln175_95/2 "/>
</bind>
</comp>

<comp id="1671" class="1004" name="sext_ln175_220_fu_1671">
<pin_list>
<pin id="1672" dir="0" index="0" bw="10" slack="0"/>
<pin id="1673" dir="1" index="1" bw="11" slack="0"/>
</pin_list>
<bind>
<opcode="sext(35) " fcode="sext"/>
<opset="sext_ln175_220/2 "/>
</bind>
</comp>

<comp id="1675" class="1004" name="add_ln175_96_fu_1675">
<pin_list>
<pin id="1676" dir="0" index="0" bw="8" slack="0"/>
<pin id="1677" dir="0" index="1" bw="8" slack="0"/>
<pin id="1678" dir="1" index="2" bw="9" slack="0"/>
</pin_list>
<bind>
<opcode="add(8) " fcode="add"/>
<opset="add_ln175_96/2 "/>
</bind>
</comp>

<comp id="1681" class="1004" name="sext_ln175_221_fu_1681">
<pin_list>
<pin id="1682" dir="0" index="0" bw="9" slack="0"/>
<pin id="1683" dir="1" index="1" bw="10" slack="0"/>
</pin_list>
<bind>
<opcode="sext(35) " fcode="sext"/>
<opset="sext_ln175_221/2 "/>
</bind>
</comp>

<comp id="1685" class="1004" name="add_ln175_97_fu_1685">
<pin_list>
<pin id="1686" dir="0" index="0" bw="8" slack="0"/>
<pin id="1687" dir="0" index="1" bw="8" slack="0"/>
<pin id="1688" dir="1" index="2" bw="9" slack="0"/>
</pin_list>
<bind>
<opcode="add(8) " fcode="add"/>
<opset="add_ln175_97/2 "/>
</bind>
</comp>

<comp id="1691" class="1004" name="sext_ln175_222_fu_1691">
<pin_list>
<pin id="1692" dir="0" index="0" bw="9" slack="0"/>
<pin id="1693" dir="1" index="1" bw="10" slack="0"/>
</pin_list>
<bind>
<opcode="sext(35) " fcode="sext"/>
<opset="sext_ln175_222/2 "/>
</bind>
</comp>

<comp id="1695" class="1004" name="add_ln175_98_fu_1695">
<pin_list>
<pin id="1696" dir="0" index="0" bw="9" slack="0"/>
<pin id="1697" dir="0" index="1" bw="9" slack="0"/>
<pin id="1698" dir="1" index="2" bw="10" slack="0"/>
</pin_list>
<bind>
<opcode="add(8) " fcode="add"/>
<opset="add_ln175_98/2 "/>
</bind>
</comp>

<comp id="1701" class="1004" name="sext_ln175_223_fu_1701">
<pin_list>
<pin id="1702" dir="0" index="0" bw="10" slack="0"/>
<pin id="1703" dir="1" index="1" bw="11" slack="0"/>
</pin_list>
<bind>
<opcode="sext(35) " fcode="sext"/>
<opset="sext_ln175_223/2 "/>
</bind>
</comp>

<comp id="1705" class="1004" name="add_ln175_99_fu_1705">
<pin_list>
<pin id="1706" dir="0" index="0" bw="10" slack="0"/>
<pin id="1707" dir="0" index="1" bw="10" slack="0"/>
<pin id="1708" dir="1" index="2" bw="11" slack="1"/>
</pin_list>
<bind>
<opcode="add(8) " fcode="add"/>
<opset="add_ln175_99/2 "/>
</bind>
</comp>

<comp id="1711" class="1004" name="add_ln175_100_fu_1711">
<pin_list>
<pin id="1712" dir="0" index="0" bw="8" slack="0"/>
<pin id="1713" dir="0" index="1" bw="8" slack="0"/>
<pin id="1714" dir="1" index="2" bw="9" slack="0"/>
</pin_list>
<bind>
<opcode="add(8) " fcode="add"/>
<opset="add_ln175_100/2 "/>
</bind>
</comp>

<comp id="1717" class="1004" name="sext_ln175_225_fu_1717">
<pin_list>
<pin id="1718" dir="0" index="0" bw="9" slack="0"/>
<pin id="1719" dir="1" index="1" bw="10" slack="0"/>
</pin_list>
<bind>
<opcode="sext(35) " fcode="sext"/>
<opset="sext_ln175_225/2 "/>
</bind>
</comp>

<comp id="1721" class="1004" name="add_ln175_101_fu_1721">
<pin_list>
<pin id="1722" dir="0" index="0" bw="8" slack="0"/>
<pin id="1723" dir="0" index="1" bw="8" slack="0"/>
<pin id="1724" dir="1" index="2" bw="9" slack="0"/>
</pin_list>
<bind>
<opcode="add(8) " fcode="add"/>
<opset="add_ln175_101/2 "/>
</bind>
</comp>

<comp id="1727" class="1004" name="sext_ln175_226_fu_1727">
<pin_list>
<pin id="1728" dir="0" index="0" bw="9" slack="0"/>
<pin id="1729" dir="1" index="1" bw="10" slack="0"/>
</pin_list>
<bind>
<opcode="sext(35) " fcode="sext"/>
<opset="sext_ln175_226/2 "/>
</bind>
</comp>

<comp id="1731" class="1004" name="add_ln175_102_fu_1731">
<pin_list>
<pin id="1732" dir="0" index="0" bw="9" slack="0"/>
<pin id="1733" dir="0" index="1" bw="9" slack="0"/>
<pin id="1734" dir="1" index="2" bw="10" slack="0"/>
</pin_list>
<bind>
<opcode="add(8) " fcode="add"/>
<opset="add_ln175_102/2 "/>
</bind>
</comp>

<comp id="1737" class="1004" name="sext_ln175_227_fu_1737">
<pin_list>
<pin id="1738" dir="0" index="0" bw="10" slack="0"/>
<pin id="1739" dir="1" index="1" bw="11" slack="0"/>
</pin_list>
<bind>
<opcode="sext(35) " fcode="sext"/>
<opset="sext_ln175_227/2 "/>
</bind>
</comp>

<comp id="1741" class="1004" name="add_ln175_103_fu_1741">
<pin_list>
<pin id="1742" dir="0" index="0" bw="8" slack="0"/>
<pin id="1743" dir="0" index="1" bw="8" slack="0"/>
<pin id="1744" dir="1" index="2" bw="9" slack="0"/>
</pin_list>
<bind>
<opcode="add(8) " fcode="add"/>
<opset="add_ln175_103/2 "/>
</bind>
</comp>

<comp id="1747" class="1004" name="sext_ln175_228_fu_1747">
<pin_list>
<pin id="1748" dir="0" index="0" bw="9" slack="0"/>
<pin id="1749" dir="1" index="1" bw="10" slack="0"/>
</pin_list>
<bind>
<opcode="sext(35) " fcode="sext"/>
<opset="sext_ln175_228/2 "/>
</bind>
</comp>

<comp id="1751" class="1004" name="add_ln175_104_fu_1751">
<pin_list>
<pin id="1752" dir="0" index="0" bw="8" slack="0"/>
<pin id="1753" dir="0" index="1" bw="8" slack="0"/>
<pin id="1754" dir="1" index="2" bw="9" slack="0"/>
</pin_list>
<bind>
<opcode="add(8) " fcode="add"/>
<opset="add_ln175_104/2 "/>
</bind>
</comp>

<comp id="1757" class="1004" name="sext_ln175_229_fu_1757">
<pin_list>
<pin id="1758" dir="0" index="0" bw="9" slack="0"/>
<pin id="1759" dir="1" index="1" bw="10" slack="0"/>
</pin_list>
<bind>
<opcode="sext(35) " fcode="sext"/>
<opset="sext_ln175_229/2 "/>
</bind>
</comp>

<comp id="1761" class="1004" name="add_ln175_105_fu_1761">
<pin_list>
<pin id="1762" dir="0" index="0" bw="9" slack="0"/>
<pin id="1763" dir="0" index="1" bw="9" slack="0"/>
<pin id="1764" dir="1" index="2" bw="10" slack="0"/>
</pin_list>
<bind>
<opcode="add(8) " fcode="add"/>
<opset="add_ln175_105/2 "/>
</bind>
</comp>

<comp id="1767" class="1004" name="sext_ln175_230_fu_1767">
<pin_list>
<pin id="1768" dir="0" index="0" bw="10" slack="0"/>
<pin id="1769" dir="1" index="1" bw="11" slack="0"/>
</pin_list>
<bind>
<opcode="sext(35) " fcode="sext"/>
<opset="sext_ln175_230/2 "/>
</bind>
</comp>

<comp id="1771" class="1004" name="add_ln175_106_fu_1771">
<pin_list>
<pin id="1772" dir="0" index="0" bw="10" slack="0"/>
<pin id="1773" dir="0" index="1" bw="10" slack="0"/>
<pin id="1774" dir="1" index="2" bw="11" slack="1"/>
</pin_list>
<bind>
<opcode="add(8) " fcode="add"/>
<opset="add_ln175_106/2 "/>
</bind>
</comp>

<comp id="1777" class="1004" name="add_ln175_108_fu_1777">
<pin_list>
<pin id="1778" dir="0" index="0" bw="8" slack="0"/>
<pin id="1779" dir="0" index="1" bw="8" slack="0"/>
<pin id="1780" dir="1" index="2" bw="9" slack="0"/>
</pin_list>
<bind>
<opcode="add(8) " fcode="add"/>
<opset="add_ln175_108/2 "/>
</bind>
</comp>

<comp id="1783" class="1004" name="sext_ln175_233_fu_1783">
<pin_list>
<pin id="1784" dir="0" index="0" bw="9" slack="0"/>
<pin id="1785" dir="1" index="1" bw="10" slack="0"/>
</pin_list>
<bind>
<opcode="sext(35) " fcode="sext"/>
<opset="sext_ln175_233/2 "/>
</bind>
</comp>

<comp id="1787" class="1004" name="add_ln175_109_fu_1787">
<pin_list>
<pin id="1788" dir="0" index="0" bw="8" slack="0"/>
<pin id="1789" dir="0" index="1" bw="8" slack="0"/>
<pin id="1790" dir="1" index="2" bw="9" slack="0"/>
</pin_list>
<bind>
<opcode="add(8) " fcode="add"/>
<opset="add_ln175_109/2 "/>
</bind>
</comp>

<comp id="1793" class="1004" name="sext_ln175_234_fu_1793">
<pin_list>
<pin id="1794" dir="0" index="0" bw="9" slack="0"/>
<pin id="1795" dir="1" index="1" bw="10" slack="0"/>
</pin_list>
<bind>
<opcode="sext(35) " fcode="sext"/>
<opset="sext_ln175_234/2 "/>
</bind>
</comp>

<comp id="1797" class="1004" name="add_ln175_110_fu_1797">
<pin_list>
<pin id="1798" dir="0" index="0" bw="9" slack="0"/>
<pin id="1799" dir="0" index="1" bw="9" slack="0"/>
<pin id="1800" dir="1" index="2" bw="10" slack="0"/>
</pin_list>
<bind>
<opcode="add(8) " fcode="add"/>
<opset="add_ln175_110/2 "/>
</bind>
</comp>

<comp id="1803" class="1004" name="sext_ln175_235_fu_1803">
<pin_list>
<pin id="1804" dir="0" index="0" bw="10" slack="0"/>
<pin id="1805" dir="1" index="1" bw="11" slack="0"/>
</pin_list>
<bind>
<opcode="sext(35) " fcode="sext"/>
<opset="sext_ln175_235/2 "/>
</bind>
</comp>

<comp id="1807" class="1004" name="add_ln175_111_fu_1807">
<pin_list>
<pin id="1808" dir="0" index="0" bw="8" slack="0"/>
<pin id="1809" dir="0" index="1" bw="8" slack="0"/>
<pin id="1810" dir="1" index="2" bw="9" slack="0"/>
</pin_list>
<bind>
<opcode="add(8) " fcode="add"/>
<opset="add_ln175_111/2 "/>
</bind>
</comp>

<comp id="1813" class="1004" name="sext_ln175_236_fu_1813">
<pin_list>
<pin id="1814" dir="0" index="0" bw="9" slack="0"/>
<pin id="1815" dir="1" index="1" bw="10" slack="0"/>
</pin_list>
<bind>
<opcode="sext(35) " fcode="sext"/>
<opset="sext_ln175_236/2 "/>
</bind>
</comp>

<comp id="1817" class="1004" name="add_ln175_112_fu_1817">
<pin_list>
<pin id="1818" dir="0" index="0" bw="8" slack="0"/>
<pin id="1819" dir="0" index="1" bw="8" slack="0"/>
<pin id="1820" dir="1" index="2" bw="9" slack="0"/>
</pin_list>
<bind>
<opcode="add(8) " fcode="add"/>
<opset="add_ln175_112/2 "/>
</bind>
</comp>

<comp id="1823" class="1004" name="sext_ln175_237_fu_1823">
<pin_list>
<pin id="1824" dir="0" index="0" bw="9" slack="0"/>
<pin id="1825" dir="1" index="1" bw="10" slack="0"/>
</pin_list>
<bind>
<opcode="sext(35) " fcode="sext"/>
<opset="sext_ln175_237/2 "/>
</bind>
</comp>

<comp id="1827" class="1004" name="add_ln175_113_fu_1827">
<pin_list>
<pin id="1828" dir="0" index="0" bw="9" slack="0"/>
<pin id="1829" dir="0" index="1" bw="9" slack="0"/>
<pin id="1830" dir="1" index="2" bw="10" slack="0"/>
</pin_list>
<bind>
<opcode="add(8) " fcode="add"/>
<opset="add_ln175_113/2 "/>
</bind>
</comp>

<comp id="1833" class="1004" name="sext_ln175_238_fu_1833">
<pin_list>
<pin id="1834" dir="0" index="0" bw="10" slack="0"/>
<pin id="1835" dir="1" index="1" bw="11" slack="0"/>
</pin_list>
<bind>
<opcode="sext(35) " fcode="sext"/>
<opset="sext_ln175_238/2 "/>
</bind>
</comp>

<comp id="1837" class="1004" name="add_ln175_114_fu_1837">
<pin_list>
<pin id="1838" dir="0" index="0" bw="10" slack="0"/>
<pin id="1839" dir="0" index="1" bw="10" slack="0"/>
<pin id="1840" dir="1" index="2" bw="11" slack="1"/>
</pin_list>
<bind>
<opcode="add(8) " fcode="add"/>
<opset="add_ln175_114/2 "/>
</bind>
</comp>

<comp id="1843" class="1004" name="add_ln175_115_fu_1843">
<pin_list>
<pin id="1844" dir="0" index="0" bw="8" slack="0"/>
<pin id="1845" dir="0" index="1" bw="8" slack="0"/>
<pin id="1846" dir="1" index="2" bw="9" slack="0"/>
</pin_list>
<bind>
<opcode="add(8) " fcode="add"/>
<opset="add_ln175_115/2 "/>
</bind>
</comp>

<comp id="1849" class="1004" name="sext_ln175_240_fu_1849">
<pin_list>
<pin id="1850" dir="0" index="0" bw="9" slack="0"/>
<pin id="1851" dir="1" index="1" bw="10" slack="0"/>
</pin_list>
<bind>
<opcode="sext(35) " fcode="sext"/>
<opset="sext_ln175_240/2 "/>
</bind>
</comp>

<comp id="1853" class="1004" name="add_ln175_116_fu_1853">
<pin_list>
<pin id="1854" dir="0" index="0" bw="8" slack="0"/>
<pin id="1855" dir="0" index="1" bw="8" slack="0"/>
<pin id="1856" dir="1" index="2" bw="9" slack="0"/>
</pin_list>
<bind>
<opcode="add(8) " fcode="add"/>
<opset="add_ln175_116/2 "/>
</bind>
</comp>

<comp id="1859" class="1004" name="sext_ln175_241_fu_1859">
<pin_list>
<pin id="1860" dir="0" index="0" bw="9" slack="0"/>
<pin id="1861" dir="1" index="1" bw="10" slack="0"/>
</pin_list>
<bind>
<opcode="sext(35) " fcode="sext"/>
<opset="sext_ln175_241/2 "/>
</bind>
</comp>

<comp id="1863" class="1004" name="add_ln175_117_fu_1863">
<pin_list>
<pin id="1864" dir="0" index="0" bw="9" slack="0"/>
<pin id="1865" dir="0" index="1" bw="9" slack="0"/>
<pin id="1866" dir="1" index="2" bw="10" slack="0"/>
</pin_list>
<bind>
<opcode="add(8) " fcode="add"/>
<opset="add_ln175_117/2 "/>
</bind>
</comp>

<comp id="1869" class="1004" name="sext_ln175_242_fu_1869">
<pin_list>
<pin id="1870" dir="0" index="0" bw="10" slack="0"/>
<pin id="1871" dir="1" index="1" bw="11" slack="0"/>
</pin_list>
<bind>
<opcode="sext(35) " fcode="sext"/>
<opset="sext_ln175_242/2 "/>
</bind>
</comp>

<comp id="1873" class="1004" name="add_ln175_118_fu_1873">
<pin_list>
<pin id="1874" dir="0" index="0" bw="8" slack="0"/>
<pin id="1875" dir="0" index="1" bw="8" slack="0"/>
<pin id="1876" dir="1" index="2" bw="9" slack="0"/>
</pin_list>
<bind>
<opcode="add(8) " fcode="add"/>
<opset="add_ln175_118/2 "/>
</bind>
</comp>

<comp id="1879" class="1004" name="sext_ln175_243_fu_1879">
<pin_list>
<pin id="1880" dir="0" index="0" bw="9" slack="0"/>
<pin id="1881" dir="1" index="1" bw="10" slack="0"/>
</pin_list>
<bind>
<opcode="sext(35) " fcode="sext"/>
<opset="sext_ln175_243/2 "/>
</bind>
</comp>

<comp id="1883" class="1004" name="add_ln175_119_fu_1883">
<pin_list>
<pin id="1884" dir="0" index="0" bw="8" slack="0"/>
<pin id="1885" dir="0" index="1" bw="8" slack="0"/>
<pin id="1886" dir="1" index="2" bw="9" slack="0"/>
</pin_list>
<bind>
<opcode="add(8) " fcode="add"/>
<opset="add_ln175_119/2 "/>
</bind>
</comp>

<comp id="1889" class="1004" name="sext_ln175_244_fu_1889">
<pin_list>
<pin id="1890" dir="0" index="0" bw="9" slack="0"/>
<pin id="1891" dir="1" index="1" bw="10" slack="0"/>
</pin_list>
<bind>
<opcode="sext(35) " fcode="sext"/>
<opset="sext_ln175_244/2 "/>
</bind>
</comp>

<comp id="1893" class="1004" name="add_ln175_120_fu_1893">
<pin_list>
<pin id="1894" dir="0" index="0" bw="9" slack="0"/>
<pin id="1895" dir="0" index="1" bw="9" slack="0"/>
<pin id="1896" dir="1" index="2" bw="10" slack="0"/>
</pin_list>
<bind>
<opcode="add(8) " fcode="add"/>
<opset="add_ln175_120/2 "/>
</bind>
</comp>

<comp id="1899" class="1004" name="sext_ln175_245_fu_1899">
<pin_list>
<pin id="1900" dir="0" index="0" bw="10" slack="0"/>
<pin id="1901" dir="1" index="1" bw="11" slack="0"/>
</pin_list>
<bind>
<opcode="sext(35) " fcode="sext"/>
<opset="sext_ln175_245/2 "/>
</bind>
</comp>

<comp id="1903" class="1004" name="add_ln175_121_fu_1903">
<pin_list>
<pin id="1904" dir="0" index="0" bw="10" slack="0"/>
<pin id="1905" dir="0" index="1" bw="10" slack="0"/>
<pin id="1906" dir="1" index="2" bw="11" slack="1"/>
</pin_list>
<bind>
<opcode="add(8) " fcode="add"/>
<opset="add_ln175_121/2 "/>
</bind>
</comp>

<comp id="1909" class="1004" name="sext_ln175_193_fu_1909">
<pin_list>
<pin id="1910" dir="0" index="0" bw="11" slack="1"/>
<pin id="1911" dir="1" index="1" bw="12" slack="0"/>
</pin_list>
<bind>
<opcode="sext(35) " fcode="sext"/>
<opset="sext_ln175_193/3 "/>
</bind>
</comp>

<comp id="1912" class="1004" name="sext_ln175_200_fu_1912">
<pin_list>
<pin id="1913" dir="0" index="0" bw="11" slack="1"/>
<pin id="1914" dir="1" index="1" bw="12" slack="0"/>
</pin_list>
<bind>
<opcode="sext(35) " fcode="sext"/>
<opset="sext_ln175_200/3 "/>
</bind>
</comp>

<comp id="1915" class="1004" name="add_ln175_76_fu_1915">
<pin_list>
<pin id="1916" dir="0" index="0" bw="11" slack="0"/>
<pin id="1917" dir="0" index="1" bw="11" slack="0"/>
<pin id="1918" dir="1" index="2" bw="12" slack="0"/>
</pin_list>
<bind>
<opcode="add(8) " fcode="add"/>
<opset="add_ln175_76/3 "/>
</bind>
</comp>

<comp id="1921" class="1004" name="sext_ln175_201_fu_1921">
<pin_list>
<pin id="1922" dir="0" index="0" bw="12" slack="0"/>
<pin id="1923" dir="1" index="1" bw="13" slack="0"/>
</pin_list>
<bind>
<opcode="sext(35) " fcode="sext"/>
<opset="sext_ln175_201/3 "/>
</bind>
</comp>

<comp id="1925" class="1004" name="sext_ln175_208_fu_1925">
<pin_list>
<pin id="1926" dir="0" index="0" bw="11" slack="1"/>
<pin id="1927" dir="1" index="1" bw="12" slack="0"/>
</pin_list>
<bind>
<opcode="sext(35) " fcode="sext"/>
<opset="sext_ln175_208/3 "/>
</bind>
</comp>

<comp id="1928" class="1004" name="sext_ln175_215_fu_1928">
<pin_list>
<pin id="1929" dir="0" index="0" bw="11" slack="1"/>
<pin id="1930" dir="1" index="1" bw="12" slack="0"/>
</pin_list>
<bind>
<opcode="sext(35) " fcode="sext"/>
<opset="sext_ln175_215/3 "/>
</bind>
</comp>

<comp id="1931" class="1004" name="add_ln175_91_fu_1931">
<pin_list>
<pin id="1932" dir="0" index="0" bw="11" slack="0"/>
<pin id="1933" dir="0" index="1" bw="11" slack="0"/>
<pin id="1934" dir="1" index="2" bw="12" slack="0"/>
</pin_list>
<bind>
<opcode="add(8) " fcode="add"/>
<opset="add_ln175_91/3 "/>
</bind>
</comp>

<comp id="1937" class="1004" name="sext_ln175_216_fu_1937">
<pin_list>
<pin id="1938" dir="0" index="0" bw="12" slack="0"/>
<pin id="1939" dir="1" index="1" bw="13" slack="0"/>
</pin_list>
<bind>
<opcode="sext(35) " fcode="sext"/>
<opset="sext_ln175_216/3 "/>
</bind>
</comp>

<comp id="1941" class="1004" name="add_ln175_92_fu_1941">
<pin_list>
<pin id="1942" dir="0" index="0" bw="12" slack="0"/>
<pin id="1943" dir="0" index="1" bw="12" slack="0"/>
<pin id="1944" dir="1" index="2" bw="13" slack="0"/>
</pin_list>
<bind>
<opcode="add(8) " fcode="add"/>
<opset="add_ln175_92/3 "/>
</bind>
</comp>

<comp id="1947" class="1004" name="sext_ln175_217_fu_1947">
<pin_list>
<pin id="1948" dir="0" index="0" bw="13" slack="0"/>
<pin id="1949" dir="1" index="1" bw="14" slack="0"/>
</pin_list>
<bind>
<opcode="sext(35) " fcode="sext"/>
<opset="sext_ln175_217/3 "/>
</bind>
</comp>

<comp id="1951" class="1004" name="sext_ln175_224_fu_1951">
<pin_list>
<pin id="1952" dir="0" index="0" bw="11" slack="1"/>
<pin id="1953" dir="1" index="1" bw="12" slack="0"/>
</pin_list>
<bind>
<opcode="sext(35) " fcode="sext"/>
<opset="sext_ln175_224/3 "/>
</bind>
</comp>

<comp id="1954" class="1004" name="sext_ln175_231_fu_1954">
<pin_list>
<pin id="1955" dir="0" index="0" bw="11" slack="1"/>
<pin id="1956" dir="1" index="1" bw="12" slack="0"/>
</pin_list>
<bind>
<opcode="sext(35) " fcode="sext"/>
<opset="sext_ln175_231/3 "/>
</bind>
</comp>

<comp id="1957" class="1004" name="add_ln175_107_fu_1957">
<pin_list>
<pin id="1958" dir="0" index="0" bw="11" slack="0"/>
<pin id="1959" dir="0" index="1" bw="11" slack="0"/>
<pin id="1960" dir="1" index="2" bw="12" slack="0"/>
</pin_list>
<bind>
<opcode="add(8) " fcode="add"/>
<opset="add_ln175_107/3 "/>
</bind>
</comp>

<comp id="1963" class="1004" name="sext_ln175_232_fu_1963">
<pin_list>
<pin id="1964" dir="0" index="0" bw="12" slack="0"/>
<pin id="1965" dir="1" index="1" bw="13" slack="0"/>
</pin_list>
<bind>
<opcode="sext(35) " fcode="sext"/>
<opset="sext_ln175_232/3 "/>
</bind>
</comp>

<comp id="1967" class="1004" name="sext_ln175_239_fu_1967">
<pin_list>
<pin id="1968" dir="0" index="0" bw="11" slack="1"/>
<pin id="1969" dir="1" index="1" bw="12" slack="0"/>
</pin_list>
<bind>
<opcode="sext(35) " fcode="sext"/>
<opset="sext_ln175_239/3 "/>
</bind>
</comp>

<comp id="1970" class="1004" name="sext_ln175_246_fu_1970">
<pin_list>
<pin id="1971" dir="0" index="0" bw="11" slack="1"/>
<pin id="1972" dir="1" index="1" bw="12" slack="0"/>
</pin_list>
<bind>
<opcode="sext(35) " fcode="sext"/>
<opset="sext_ln175_246/3 "/>
</bind>
</comp>

<comp id="1973" class="1004" name="add_ln175_122_fu_1973">
<pin_list>
<pin id="1974" dir="0" index="0" bw="11" slack="0"/>
<pin id="1975" dir="0" index="1" bw="11" slack="0"/>
<pin id="1976" dir="1" index="2" bw="12" slack="0"/>
</pin_list>
<bind>
<opcode="add(8) " fcode="add"/>
<opset="add_ln175_122/3 "/>
</bind>
</comp>

<comp id="1979" class="1004" name="sext_ln175_247_fu_1979">
<pin_list>
<pin id="1980" dir="0" index="0" bw="12" slack="0"/>
<pin id="1981" dir="1" index="1" bw="13" slack="0"/>
</pin_list>
<bind>
<opcode="sext(35) " fcode="sext"/>
<opset="sext_ln175_247/3 "/>
</bind>
</comp>

<comp id="1983" class="1004" name="add_ln175_123_fu_1983">
<pin_list>
<pin id="1984" dir="0" index="0" bw="12" slack="0"/>
<pin id="1985" dir="0" index="1" bw="12" slack="0"/>
<pin id="1986" dir="1" index="2" bw="13" slack="0"/>
</pin_list>
<bind>
<opcode="add(8) " fcode="add"/>
<opset="add_ln175_123/3 "/>
</bind>
</comp>

<comp id="1989" class="1004" name="sext_ln175_248_fu_1989">
<pin_list>
<pin id="1990" dir="0" index="0" bw="13" slack="0"/>
<pin id="1991" dir="1" index="1" bw="14" slack="0"/>
</pin_list>
<bind>
<opcode="sext(35) " fcode="sext"/>
<opset="sext_ln175_248/3 "/>
</bind>
</comp>

<comp id="1993" class="1004" name="acc_5_fu_1993">
<pin_list>
<pin id="1994" dir="0" index="0" bw="13" slack="0"/>
<pin id="1995" dir="0" index="1" bw="13" slack="0"/>
<pin id="1996" dir="1" index="2" bw="14" slack="1"/>
</pin_list>
<bind>
<opcode="add(8) " fcode="add"/>
<opset="acc_5/3 "/>
</bind>
</comp>

<comp id="1999" class="1004" name="sext_ln17_fu_1999">
<pin_list>
<pin id="2000" dir="0" index="0" bw="14" slack="1"/>
<pin id="2001" dir="1" index="1" bw="45" slack="0"/>
</pin_list>
<bind>
<opcode="sext(35) " fcode="sext"/>
<opset="sext_ln17/4 "/>
</bind>
</comp>

<comp id="2003" class="1004" name="sum_fu_2003">
<pin_list>
<pin id="2004" dir="0" index="0" bw="45" slack="1"/>
<pin id="2005" dir="0" index="1" bw="36" slack="0"/>
<pin id="2006" dir="1" index="2" bw="45" slack="0"/>
</pin_list>
<bind>
<opcode="add(8) " fcode="add"/>
<opset="sum/5 "/>
</bind>
</comp>

<comp id="2008" class="1004" name="trunc_ln_fu_2008">
<pin_list>
<pin id="2009" dir="0" index="0" bw="10" slack="0"/>
<pin id="2010" dir="0" index="1" bw="45" slack="0"/>
<pin id="2011" dir="0" index="2" bw="7" slack="0"/>
<pin id="2012" dir="0" index="3" bw="7" slack="0"/>
<pin id="2013" dir="1" index="4" bw="10" slack="0"/>
</pin_list>
<bind>
<opcode="partselect(1002) " fcode="partselect"/>
<opset="trunc_ln/5 "/>
</bind>
</comp>

<comp id="2018" class="1004" name="tmp_fu_2018">
<pin_list>
<pin id="2019" dir="0" index="0" bw="3" slack="0"/>
<pin id="2020" dir="0" index="1" bw="45" slack="0"/>
<pin id="2021" dir="0" index="2" bw="7" slack="0"/>
<pin id="2022" dir="0" index="3" bw="7" slack="0"/>
<pin id="2023" dir="1" index="4" bw="3" slack="0"/>
</pin_list>
<bind>
<opcode="partselect(1002) " fcode="partselect"/>
<opset="tmp/5 "/>
</bind>
</comp>

<comp id="2028" class="1004" name="icmp_ln24_fu_2028">
<pin_list>
<pin id="2029" dir="0" index="0" bw="3" slack="0"/>
<pin id="2030" dir="0" index="1" bw="1" slack="0"/>
<pin id="2031" dir="1" index="2" bw="1" slack="0"/>
</pin_list>
<bind>
<opcode="icmp(45) " fcode="icmp"/>
<opset="icmp_ln24/5 "/>
</bind>
</comp>

<comp id="2034" class="1004" name="icmp_ln25_fu_2034">
<pin_list>
<pin id="2035" dir="0" index="0" bw="10" slack="0"/>
<pin id="2036" dir="0" index="1" bw="8" slack="0"/>
<pin id="2037" dir="1" index="2" bw="1" slack="0"/>
</pin_list>
<bind>
<opcode="icmp(45) " fcode="icmp"/>
<opset="icmp_ln25/5 "/>
</bind>
</comp>

<comp id="2040" class="1004" name="trunc_ln2_fu_2040">
<pin_list>
<pin id="2041" dir="0" index="0" bw="8" slack="0"/>
<pin id="2042" dir="0" index="1" bw="45" slack="0"/>
<pin id="2043" dir="0" index="2" bw="7" slack="0"/>
<pin id="2044" dir="0" index="3" bw="7" slack="0"/>
<pin id="2045" dir="1" index="4" bw="8" slack="0"/>
</pin_list>
<bind>
<opcode="partselect(1002) " fcode="partselect"/>
<opset="trunc_ln2/5 "/>
</bind>
</comp>

<comp id="2050" class="1004" name="select_ln24_11_fu_2050">
<pin_list>
<pin id="2051" dir="0" index="0" bw="1" slack="0"/>
<pin id="2052" dir="0" index="1" bw="8" slack="0"/>
<pin id="2053" dir="0" index="2" bw="8" slack="0"/>
<pin id="2054" dir="1" index="3" bw="8" slack="0"/>
</pin_list>
<bind>
<opcode="select(49) " fcode="select"/>
<opset="select_ln24_11/5 "/>
</bind>
</comp>

<comp id="2058" class="1004" name="or_ln24_fu_2058">
<pin_list>
<pin id="2059" dir="0" index="0" bw="1" slack="0"/>
<pin id="2060" dir="0" index="1" bw="1" slack="0"/>
<pin id="2061" dir="1" index="2" bw="1" slack="0"/>
</pin_list>
<bind>
<opcode="or(24) " fcode="or"/>
<opset="or_ln24/5 "/>
</bind>
</comp>

<comp id="2064" class="1004" name="select_ln24_fu_2064">
<pin_list>
<pin id="2065" dir="0" index="0" bw="1" slack="0"/>
<pin id="2066" dir="0" index="1" bw="8" slack="0"/>
<pin id="2067" dir="0" index="2" bw="8" slack="0"/>
<pin id="2068" dir="1" index="3" bw="8" slack="0"/>
</pin_list>
<bind>
<opcode="select(49) " fcode="select"/>
<opset="select_ln24/5 "/>
</bind>
</comp>

<comp id="2073" class="1005" name="c_reg_2073">
<pin_list>
<pin id="2074" dir="0" index="0" bw="7" slack="0"/>
<pin id="2075" dir="1" index="1" bw="7" slack="0"/>
</pin_list>
<bind>
<opset="c "/>
</bind>
</comp>

<comp id="2080" class="1005" name="icmp_ln172_reg_2080">
<pin_list>
<pin id="2081" dir="0" index="0" bw="1" slack="3"/>
<pin id="2082" dir="1" index="1" bw="1" slack="2147483647"/>
</pin_list>
<bind>
<opset="icmp_ln172 "/>
</bind>
</comp>

<comp id="2084" class="1005" name="zext_ln172_reg_2084">
<pin_list>
<pin id="2085" dir="0" index="0" bw="64" slack="4"/>
<pin id="2086" dir="1" index="1" bw="64" slack="4"/>
</pin_list>
<bind>
<opset="zext_ln172 "/>
</bind>
</comp>

<comp id="2089" class="1005" name="x_0_addr_reg_2089">
<pin_list>
<pin id="2090" dir="0" index="0" bw="6" slack="1"/>
<pin id="2091" dir="1" index="1" bw="6" slack="1"/>
</pin_list>
<bind>
<opset="x_0_addr "/>
</bind>
</comp>

<comp id="2094" class="1005" name="x_1_addr_reg_2094">
<pin_list>
<pin id="2095" dir="0" index="0" bw="6" slack="1"/>
<pin id="2096" dir="1" index="1" bw="6" slack="1"/>
</pin_list>
<bind>
<opset="x_1_addr "/>
</bind>
</comp>

<comp id="2099" class="1005" name="x_2_addr_reg_2099">
<pin_list>
<pin id="2100" dir="0" index="0" bw="6" slack="1"/>
<pin id="2101" dir="1" index="1" bw="6" slack="1"/>
</pin_list>
<bind>
<opset="x_2_addr "/>
</bind>
</comp>

<comp id="2104" class="1005" name="x_3_addr_reg_2104">
<pin_list>
<pin id="2105" dir="0" index="0" bw="6" slack="1"/>
<pin id="2106" dir="1" index="1" bw="6" slack="1"/>
</pin_list>
<bind>
<opset="x_3_addr "/>
</bind>
</comp>

<comp id="2109" class="1005" name="x_4_addr_reg_2109">
<pin_list>
<pin id="2110" dir="0" index="0" bw="6" slack="1"/>
<pin id="2111" dir="1" index="1" bw="6" slack="1"/>
</pin_list>
<bind>
<opset="x_4_addr "/>
</bind>
</comp>

<comp id="2114" class="1005" name="x_5_addr_reg_2114">
<pin_list>
<pin id="2115" dir="0" index="0" bw="6" slack="1"/>
<pin id="2116" dir="1" index="1" bw="6" slack="1"/>
</pin_list>
<bind>
<opset="x_5_addr "/>
</bind>
</comp>

<comp id="2119" class="1005" name="x_6_addr_reg_2119">
<pin_list>
<pin id="2120" dir="0" index="0" bw="6" slack="1"/>
<pin id="2121" dir="1" index="1" bw="6" slack="1"/>
</pin_list>
<bind>
<opset="x_6_addr "/>
</bind>
</comp>

<comp id="2124" class="1005" name="x_7_addr_reg_2124">
<pin_list>
<pin id="2125" dir="0" index="0" bw="6" slack="1"/>
<pin id="2126" dir="1" index="1" bw="6" slack="1"/>
</pin_list>
<bind>
<opset="x_7_addr "/>
</bind>
</comp>

<comp id="2129" class="1005" name="x_8_addr_reg_2129">
<pin_list>
<pin id="2130" dir="0" index="0" bw="6" slack="1"/>
<pin id="2131" dir="1" index="1" bw="6" slack="1"/>
</pin_list>
<bind>
<opset="x_8_addr "/>
</bind>
</comp>

<comp id="2134" class="1005" name="x_9_addr_reg_2134">
<pin_list>
<pin id="2135" dir="0" index="0" bw="6" slack="1"/>
<pin id="2136" dir="1" index="1" bw="6" slack="1"/>
</pin_list>
<bind>
<opset="x_9_addr "/>
</bind>
</comp>

<comp id="2139" class="1005" name="x_10_addr_reg_2139">
<pin_list>
<pin id="2140" dir="0" index="0" bw="6" slack="1"/>
<pin id="2141" dir="1" index="1" bw="6" slack="1"/>
</pin_list>
<bind>
<opset="x_10_addr "/>
</bind>
</comp>

<comp id="2144" class="1005" name="x_11_addr_reg_2144">
<pin_list>
<pin id="2145" dir="0" index="0" bw="6" slack="1"/>
<pin id="2146" dir="1" index="1" bw="6" slack="1"/>
</pin_list>
<bind>
<opset="x_11_addr "/>
</bind>
</comp>

<comp id="2149" class="1005" name="x_12_addr_reg_2149">
<pin_list>
<pin id="2150" dir="0" index="0" bw="6" slack="1"/>
<pin id="2151" dir="1" index="1" bw="6" slack="1"/>
</pin_list>
<bind>
<opset="x_12_addr "/>
</bind>
</comp>

<comp id="2154" class="1005" name="x_13_addr_reg_2154">
<pin_list>
<pin id="2155" dir="0" index="0" bw="6" slack="1"/>
<pin id="2156" dir="1" index="1" bw="6" slack="1"/>
</pin_list>
<bind>
<opset="x_13_addr "/>
</bind>
</comp>

<comp id="2159" class="1005" name="x_14_addr_reg_2159">
<pin_list>
<pin id="2160" dir="0" index="0" bw="6" slack="1"/>
<pin id="2161" dir="1" index="1" bw="6" slack="1"/>
</pin_list>
<bind>
<opset="x_14_addr "/>
</bind>
</comp>

<comp id="2164" class="1005" name="x_15_addr_reg_2164">
<pin_list>
<pin id="2165" dir="0" index="0" bw="6" slack="1"/>
<pin id="2166" dir="1" index="1" bw="6" slack="1"/>
</pin_list>
<bind>
<opset="x_15_addr "/>
</bind>
</comp>

<comp id="2169" class="1005" name="x_16_addr_reg_2169">
<pin_list>
<pin id="2170" dir="0" index="0" bw="6" slack="1"/>
<pin id="2171" dir="1" index="1" bw="6" slack="1"/>
</pin_list>
<bind>
<opset="x_16_addr "/>
</bind>
</comp>

<comp id="2174" class="1005" name="x_17_addr_reg_2174">
<pin_list>
<pin id="2175" dir="0" index="0" bw="6" slack="1"/>
<pin id="2176" dir="1" index="1" bw="6" slack="1"/>
</pin_list>
<bind>
<opset="x_17_addr "/>
</bind>
</comp>

<comp id="2179" class="1005" name="x_18_addr_reg_2179">
<pin_list>
<pin id="2180" dir="0" index="0" bw="6" slack="1"/>
<pin id="2181" dir="1" index="1" bw="6" slack="1"/>
</pin_list>
<bind>
<opset="x_18_addr "/>
</bind>
</comp>

<comp id="2184" class="1005" name="x_19_addr_reg_2184">
<pin_list>
<pin id="2185" dir="0" index="0" bw="6" slack="1"/>
<pin id="2186" dir="1" index="1" bw="6" slack="1"/>
</pin_list>
<bind>
<opset="x_19_addr "/>
</bind>
</comp>

<comp id="2189" class="1005" name="x_20_addr_reg_2189">
<pin_list>
<pin id="2190" dir="0" index="0" bw="6" slack="1"/>
<pin id="2191" dir="1" index="1" bw="6" slack="1"/>
</pin_list>
<bind>
<opset="x_20_addr "/>
</bind>
</comp>

<comp id="2194" class="1005" name="x_21_addr_reg_2194">
<pin_list>
<pin id="2195" dir="0" index="0" bw="6" slack="1"/>
<pin id="2196" dir="1" index="1" bw="6" slack="1"/>
</pin_list>
<bind>
<opset="x_21_addr "/>
</bind>
</comp>

<comp id="2199" class="1005" name="x_22_addr_reg_2199">
<pin_list>
<pin id="2200" dir="0" index="0" bw="6" slack="1"/>
<pin id="2201" dir="1" index="1" bw="6" slack="1"/>
</pin_list>
<bind>
<opset="x_22_addr "/>
</bind>
</comp>

<comp id="2204" class="1005" name="x_23_addr_reg_2204">
<pin_list>
<pin id="2205" dir="0" index="0" bw="6" slack="1"/>
<pin id="2206" dir="1" index="1" bw="6" slack="1"/>
</pin_list>
<bind>
<opset="x_23_addr "/>
</bind>
</comp>

<comp id="2209" class="1005" name="x_24_addr_reg_2209">
<pin_list>
<pin id="2210" dir="0" index="0" bw="6" slack="1"/>
<pin id="2211" dir="1" index="1" bw="6" slack="1"/>
</pin_list>
<bind>
<opset="x_24_addr "/>
</bind>
</comp>

<comp id="2214" class="1005" name="x_25_addr_reg_2214">
<pin_list>
<pin id="2215" dir="0" index="0" bw="6" slack="1"/>
<pin id="2216" dir="1" index="1" bw="6" slack="1"/>
</pin_list>
<bind>
<opset="x_25_addr "/>
</bind>
</comp>

<comp id="2219" class="1005" name="x_26_addr_reg_2219">
<pin_list>
<pin id="2220" dir="0" index="0" bw="6" slack="1"/>
<pin id="2221" dir="1" index="1" bw="6" slack="1"/>
</pin_list>
<bind>
<opset="x_26_addr "/>
</bind>
</comp>

<comp id="2224" class="1005" name="x_27_addr_reg_2224">
<pin_list>
<pin id="2225" dir="0" index="0" bw="6" slack="1"/>
<pin id="2226" dir="1" index="1" bw="6" slack="1"/>
</pin_list>
<bind>
<opset="x_27_addr "/>
</bind>
</comp>

<comp id="2229" class="1005" name="x_28_addr_reg_2229">
<pin_list>
<pin id="2230" dir="0" index="0" bw="6" slack="1"/>
<pin id="2231" dir="1" index="1" bw="6" slack="1"/>
</pin_list>
<bind>
<opset="x_28_addr "/>
</bind>
</comp>

<comp id="2234" class="1005" name="x_29_addr_reg_2234">
<pin_list>
<pin id="2235" dir="0" index="0" bw="6" slack="1"/>
<pin id="2236" dir="1" index="1" bw="6" slack="1"/>
</pin_list>
<bind>
<opset="x_29_addr "/>
</bind>
</comp>

<comp id="2239" class="1005" name="x_30_addr_reg_2239">
<pin_list>
<pin id="2240" dir="0" index="0" bw="6" slack="1"/>
<pin id="2241" dir="1" index="1" bw="6" slack="1"/>
</pin_list>
<bind>
<opset="x_30_addr "/>
</bind>
</comp>

<comp id="2244" class="1005" name="x_31_addr_reg_2244">
<pin_list>
<pin id="2245" dir="0" index="0" bw="6" slack="1"/>
<pin id="2246" dir="1" index="1" bw="6" slack="1"/>
</pin_list>
<bind>
<opset="x_31_addr "/>
</bind>
</comp>

<comp id="2249" class="1005" name="x_32_addr_reg_2249">
<pin_list>
<pin id="2250" dir="0" index="0" bw="6" slack="1"/>
<pin id="2251" dir="1" index="1" bw="6" slack="1"/>
</pin_list>
<bind>
<opset="x_32_addr "/>
</bind>
</comp>

<comp id="2254" class="1005" name="x_33_addr_reg_2254">
<pin_list>
<pin id="2255" dir="0" index="0" bw="6" slack="1"/>
<pin id="2256" dir="1" index="1" bw="6" slack="1"/>
</pin_list>
<bind>
<opset="x_33_addr "/>
</bind>
</comp>

<comp id="2259" class="1005" name="x_34_addr_reg_2259">
<pin_list>
<pin id="2260" dir="0" index="0" bw="6" slack="1"/>
<pin id="2261" dir="1" index="1" bw="6" slack="1"/>
</pin_list>
<bind>
<opset="x_34_addr "/>
</bind>
</comp>

<comp id="2264" class="1005" name="x_35_addr_reg_2264">
<pin_list>
<pin id="2265" dir="0" index="0" bw="6" slack="1"/>
<pin id="2266" dir="1" index="1" bw="6" slack="1"/>
</pin_list>
<bind>
<opset="x_35_addr "/>
</bind>
</comp>

<comp id="2269" class="1005" name="x_36_addr_reg_2269">
<pin_list>
<pin id="2270" dir="0" index="0" bw="6" slack="1"/>
<pin id="2271" dir="1" index="1" bw="6" slack="1"/>
</pin_list>
<bind>
<opset="x_36_addr "/>
</bind>
</comp>

<comp id="2274" class="1005" name="x_37_addr_reg_2274">
<pin_list>
<pin id="2275" dir="0" index="0" bw="6" slack="1"/>
<pin id="2276" dir="1" index="1" bw="6" slack="1"/>
</pin_list>
<bind>
<opset="x_37_addr "/>
</bind>
</comp>

<comp id="2279" class="1005" name="x_38_addr_reg_2279">
<pin_list>
<pin id="2280" dir="0" index="0" bw="6" slack="1"/>
<pin id="2281" dir="1" index="1" bw="6" slack="1"/>
</pin_list>
<bind>
<opset="x_38_addr "/>
</bind>
</comp>

<comp id="2284" class="1005" name="x_39_addr_reg_2284">
<pin_list>
<pin id="2285" dir="0" index="0" bw="6" slack="1"/>
<pin id="2286" dir="1" index="1" bw="6" slack="1"/>
</pin_list>
<bind>
<opset="x_39_addr "/>
</bind>
</comp>

<comp id="2289" class="1005" name="x_40_addr_reg_2289">
<pin_list>
<pin id="2290" dir="0" index="0" bw="6" slack="1"/>
<pin id="2291" dir="1" index="1" bw="6" slack="1"/>
</pin_list>
<bind>
<opset="x_40_addr "/>
</bind>
</comp>

<comp id="2294" class="1005" name="x_41_addr_reg_2294">
<pin_list>
<pin id="2295" dir="0" index="0" bw="6" slack="1"/>
<pin id="2296" dir="1" index="1" bw="6" slack="1"/>
</pin_list>
<bind>
<opset="x_41_addr "/>
</bind>
</comp>

<comp id="2299" class="1005" name="x_42_addr_reg_2299">
<pin_list>
<pin id="2300" dir="0" index="0" bw="6" slack="1"/>
<pin id="2301" dir="1" index="1" bw="6" slack="1"/>
</pin_list>
<bind>
<opset="x_42_addr "/>
</bind>
</comp>

<comp id="2304" class="1005" name="x_43_addr_reg_2304">
<pin_list>
<pin id="2305" dir="0" index="0" bw="6" slack="1"/>
<pin id="2306" dir="1" index="1" bw="6" slack="1"/>
</pin_list>
<bind>
<opset="x_43_addr "/>
</bind>
</comp>

<comp id="2309" class="1005" name="x_44_addr_reg_2309">
<pin_list>
<pin id="2310" dir="0" index="0" bw="6" slack="1"/>
<pin id="2311" dir="1" index="1" bw="6" slack="1"/>
</pin_list>
<bind>
<opset="x_44_addr "/>
</bind>
</comp>

<comp id="2314" class="1005" name="x_45_addr_reg_2314">
<pin_list>
<pin id="2315" dir="0" index="0" bw="6" slack="1"/>
<pin id="2316" dir="1" index="1" bw="6" slack="1"/>
</pin_list>
<bind>
<opset="x_45_addr "/>
</bind>
</comp>

<comp id="2319" class="1005" name="x_46_addr_reg_2319">
<pin_list>
<pin id="2320" dir="0" index="0" bw="6" slack="1"/>
<pin id="2321" dir="1" index="1" bw="6" slack="1"/>
</pin_list>
<bind>
<opset="x_46_addr "/>
</bind>
</comp>

<comp id="2324" class="1005" name="x_47_addr_reg_2324">
<pin_list>
<pin id="2325" dir="0" index="0" bw="6" slack="1"/>
<pin id="2326" dir="1" index="1" bw="6" slack="1"/>
</pin_list>
<bind>
<opset="x_47_addr "/>
</bind>
</comp>

<comp id="2329" class="1005" name="x_48_addr_reg_2329">
<pin_list>
<pin id="2330" dir="0" index="0" bw="6" slack="1"/>
<pin id="2331" dir="1" index="1" bw="6" slack="1"/>
</pin_list>
<bind>
<opset="x_48_addr "/>
</bind>
</comp>

<comp id="2334" class="1005" name="x_49_addr_reg_2334">
<pin_list>
<pin id="2335" dir="0" index="0" bw="6" slack="1"/>
<pin id="2336" dir="1" index="1" bw="6" slack="1"/>
</pin_list>
<bind>
<opset="x_49_addr "/>
</bind>
</comp>

<comp id="2339" class="1005" name="x_50_addr_reg_2339">
<pin_list>
<pin id="2340" dir="0" index="0" bw="6" slack="1"/>
<pin id="2341" dir="1" index="1" bw="6" slack="1"/>
</pin_list>
<bind>
<opset="x_50_addr "/>
</bind>
</comp>

<comp id="2344" class="1005" name="x_51_addr_reg_2344">
<pin_list>
<pin id="2345" dir="0" index="0" bw="6" slack="1"/>
<pin id="2346" dir="1" index="1" bw="6" slack="1"/>
</pin_list>
<bind>
<opset="x_51_addr "/>
</bind>
</comp>

<comp id="2349" class="1005" name="x_52_addr_reg_2349">
<pin_list>
<pin id="2350" dir="0" index="0" bw="6" slack="1"/>
<pin id="2351" dir="1" index="1" bw="6" slack="1"/>
</pin_list>
<bind>
<opset="x_52_addr "/>
</bind>
</comp>

<comp id="2354" class="1005" name="x_53_addr_reg_2354">
<pin_list>
<pin id="2355" dir="0" index="0" bw="6" slack="1"/>
<pin id="2356" dir="1" index="1" bw="6" slack="1"/>
</pin_list>
<bind>
<opset="x_53_addr "/>
</bind>
</comp>

<comp id="2359" class="1005" name="x_54_addr_reg_2359">
<pin_list>
<pin id="2360" dir="0" index="0" bw="6" slack="1"/>
<pin id="2361" dir="1" index="1" bw="6" slack="1"/>
</pin_list>
<bind>
<opset="x_54_addr "/>
</bind>
</comp>

<comp id="2364" class="1005" name="x_55_addr_reg_2364">
<pin_list>
<pin id="2365" dir="0" index="0" bw="6" slack="1"/>
<pin id="2366" dir="1" index="1" bw="6" slack="1"/>
</pin_list>
<bind>
<opset="x_55_addr "/>
</bind>
</comp>

<comp id="2369" class="1005" name="x_56_addr_reg_2369">
<pin_list>
<pin id="2370" dir="0" index="0" bw="6" slack="1"/>
<pin id="2371" dir="1" index="1" bw="6" slack="1"/>
</pin_list>
<bind>
<opset="x_56_addr "/>
</bind>
</comp>

<comp id="2374" class="1005" name="x_57_addr_reg_2374">
<pin_list>
<pin id="2375" dir="0" index="0" bw="6" slack="1"/>
<pin id="2376" dir="1" index="1" bw="6" slack="1"/>
</pin_list>
<bind>
<opset="x_57_addr "/>
</bind>
</comp>

<comp id="2379" class="1005" name="x_58_addr_reg_2379">
<pin_list>
<pin id="2380" dir="0" index="0" bw="6" slack="1"/>
<pin id="2381" dir="1" index="1" bw="6" slack="1"/>
</pin_list>
<bind>
<opset="x_58_addr "/>
</bind>
</comp>

<comp id="2384" class="1005" name="x_59_addr_reg_2384">
<pin_list>
<pin id="2385" dir="0" index="0" bw="6" slack="1"/>
<pin id="2386" dir="1" index="1" bw="6" slack="1"/>
</pin_list>
<bind>
<opset="x_59_addr "/>
</bind>
</comp>

<comp id="2389" class="1005" name="x_60_addr_reg_2389">
<pin_list>
<pin id="2390" dir="0" index="0" bw="6" slack="1"/>
<pin id="2391" dir="1" index="1" bw="6" slack="1"/>
</pin_list>
<bind>
<opset="x_60_addr "/>
</bind>
</comp>

<comp id="2394" class="1005" name="x_61_addr_reg_2394">
<pin_list>
<pin id="2395" dir="0" index="0" bw="6" slack="1"/>
<pin id="2396" dir="1" index="1" bw="6" slack="1"/>
</pin_list>
<bind>
<opset="x_61_addr "/>
</bind>
</comp>

<comp id="2399" class="1005" name="x_62_addr_reg_2399">
<pin_list>
<pin id="2400" dir="0" index="0" bw="6" slack="1"/>
<pin id="2401" dir="1" index="1" bw="6" slack="1"/>
</pin_list>
<bind>
<opset="x_62_addr "/>
</bind>
</comp>

<comp id="2404" class="1005" name="x_63_addr_reg_2404">
<pin_list>
<pin id="2405" dir="0" index="0" bw="6" slack="1"/>
<pin id="2406" dir="1" index="1" bw="6" slack="1"/>
</pin_list>
<bind>
<opset="x_63_addr "/>
</bind>
</comp>

<comp id="2409" class="1005" name="add_ln175_68_reg_2409">
<pin_list>
<pin id="2410" dir="0" index="0" bw="11" slack="1"/>
<pin id="2411" dir="1" index="1" bw="11" slack="1"/>
</pin_list>
<bind>
<opset="add_ln175_68 "/>
</bind>
</comp>

<comp id="2414" class="1005" name="add_ln175_75_reg_2414">
<pin_list>
<pin id="2415" dir="0" index="0" bw="11" slack="1"/>
<pin id="2416" dir="1" index="1" bw="11" slack="1"/>
</pin_list>
<bind>
<opset="add_ln175_75 "/>
</bind>
</comp>

<comp id="2419" class="1005" name="add_ln175_83_reg_2419">
<pin_list>
<pin id="2420" dir="0" index="0" bw="11" slack="1"/>
<pin id="2421" dir="1" index="1" bw="11" slack="1"/>
</pin_list>
<bind>
<opset="add_ln175_83 "/>
</bind>
</comp>

<comp id="2424" class="1005" name="add_ln175_90_reg_2424">
<pin_list>
<pin id="2425" dir="0" index="0" bw="11" slack="1"/>
<pin id="2426" dir="1" index="1" bw="11" slack="1"/>
</pin_list>
<bind>
<opset="add_ln175_90 "/>
</bind>
</comp>

<comp id="2429" class="1005" name="add_ln175_99_reg_2429">
<pin_list>
<pin id="2430" dir="0" index="0" bw="11" slack="1"/>
<pin id="2431" dir="1" index="1" bw="11" slack="1"/>
</pin_list>
<bind>
<opset="add_ln175_99 "/>
</bind>
</comp>

<comp id="2434" class="1005" name="add_ln175_106_reg_2434">
<pin_list>
<pin id="2435" dir="0" index="0" bw="11" slack="1"/>
<pin id="2436" dir="1" index="1" bw="11" slack="1"/>
</pin_list>
<bind>
<opset="add_ln175_106 "/>
</bind>
</comp>

<comp id="2439" class="1005" name="add_ln175_114_reg_2439">
<pin_list>
<pin id="2440" dir="0" index="0" bw="11" slack="1"/>
<pin id="2441" dir="1" index="1" bw="11" slack="1"/>
</pin_list>
<bind>
<opset="add_ln175_114 "/>
</bind>
</comp>

<comp id="2444" class="1005" name="add_ln175_121_reg_2444">
<pin_list>
<pin id="2445" dir="0" index="0" bw="11" slack="1"/>
<pin id="2446" dir="1" index="1" bw="11" slack="1"/>
</pin_list>
<bind>
<opset="add_ln175_121 "/>
</bind>
</comp>

<comp id="2449" class="1005" name="acc_5_reg_2449">
<pin_list>
<pin id="2450" dir="0" index="0" bw="14" slack="1"/>
<pin id="2451" dir="1" index="1" bw="14" slack="1"/>
</pin_list>
<bind>
<opset="acc_5 "/>
</bind>
</comp>

<comp id="2454" class="1005" name="mul_ln17_reg_2454">
<pin_list>
<pin id="2455" dir="0" index="0" bw="45" slack="1"/>
<pin id="2456" dir="1" index="1" bw="45" slack="1"/>
</pin_list>
<bind>
<opset="mul_ln17 "/>
</bind>
</comp>

</comp_list>

<net_list>
<net id="181"><net_src comp="130" pin="0"/><net_sink comp="178" pin=0"/></net>

<net id="187"><net_src comp="0" pin="0"/><net_sink comp="182" pin=0"/></net>

<net id="188"><net_src comp="138" pin="0"/><net_sink comp="182" pin=1"/></net>

<net id="194"><net_src comp="2" pin="0"/><net_sink comp="189" pin=0"/></net>

<net id="195"><net_src comp="138" pin="0"/><net_sink comp="189" pin=1"/></net>

<net id="201"><net_src comp="4" pin="0"/><net_sink comp="196" pin=0"/></net>

<net id="202"><net_src comp="138" pin="0"/><net_sink comp="196" pin=1"/></net>

<net id="208"><net_src comp="6" pin="0"/><net_sink comp="203" pin=0"/></net>

<net id="209"><net_src comp="138" pin="0"/><net_sink comp="203" pin=1"/></net>

<net id="215"><net_src comp="8" pin="0"/><net_sink comp="210" pin=0"/></net>

<net id="216"><net_src comp="138" pin="0"/><net_sink comp="210" pin=1"/></net>

<net id="222"><net_src comp="10" pin="0"/><net_sink comp="217" pin=0"/></net>

<net id="223"><net_src comp="138" pin="0"/><net_sink comp="217" pin=1"/></net>

<net id="229"><net_src comp="12" pin="0"/><net_sink comp="224" pin=0"/></net>

<net id="230"><net_src comp="138" pin="0"/><net_sink comp="224" pin=1"/></net>

<net id="236"><net_src comp="14" pin="0"/><net_sink comp="231" pin=0"/></net>

<net id="237"><net_src comp="138" pin="0"/><net_sink comp="231" pin=1"/></net>

<net id="243"><net_src comp="16" pin="0"/><net_sink comp="238" pin=0"/></net>

<net id="244"><net_src comp="138" pin="0"/><net_sink comp="238" pin=1"/></net>

<net id="250"><net_src comp="18" pin="0"/><net_sink comp="245" pin=0"/></net>

<net id="251"><net_src comp="138" pin="0"/><net_sink comp="245" pin=1"/></net>

<net id="257"><net_src comp="20" pin="0"/><net_sink comp="252" pin=0"/></net>

<net id="258"><net_src comp="138" pin="0"/><net_sink comp="252" pin=1"/></net>

<net id="264"><net_src comp="22" pin="0"/><net_sink comp="259" pin=0"/></net>

<net id="265"><net_src comp="138" pin="0"/><net_sink comp="259" pin=1"/></net>

<net id="271"><net_src comp="24" pin="0"/><net_sink comp="266" pin=0"/></net>

<net id="272"><net_src comp="138" pin="0"/><net_sink comp="266" pin=1"/></net>

<net id="278"><net_src comp="26" pin="0"/><net_sink comp="273" pin=0"/></net>

<net id="279"><net_src comp="138" pin="0"/><net_sink comp="273" pin=1"/></net>

<net id="285"><net_src comp="28" pin="0"/><net_sink comp="280" pin=0"/></net>

<net id="286"><net_src comp="138" pin="0"/><net_sink comp="280" pin=1"/></net>

<net id="292"><net_src comp="30" pin="0"/><net_sink comp="287" pin=0"/></net>

<net id="293"><net_src comp="138" pin="0"/><net_sink comp="287" pin=1"/></net>

<net id="299"><net_src comp="32" pin="0"/><net_sink comp="294" pin=0"/></net>

<net id="300"><net_src comp="138" pin="0"/><net_sink comp="294" pin=1"/></net>

<net id="306"><net_src comp="34" pin="0"/><net_sink comp="301" pin=0"/></net>

<net id="307"><net_src comp="138" pin="0"/><net_sink comp="301" pin=1"/></net>

<net id="313"><net_src comp="36" pin="0"/><net_sink comp="308" pin=0"/></net>

<net id="314"><net_src comp="138" pin="0"/><net_sink comp="308" pin=1"/></net>

<net id="320"><net_src comp="38" pin="0"/><net_sink comp="315" pin=0"/></net>

<net id="321"><net_src comp="138" pin="0"/><net_sink comp="315" pin=1"/></net>

<net id="327"><net_src comp="40" pin="0"/><net_sink comp="322" pin=0"/></net>

<net id="328"><net_src comp="138" pin="0"/><net_sink comp="322" pin=1"/></net>

<net id="334"><net_src comp="42" pin="0"/><net_sink comp="329" pin=0"/></net>

<net id="335"><net_src comp="138" pin="0"/><net_sink comp="329" pin=1"/></net>

<net id="341"><net_src comp="44" pin="0"/><net_sink comp="336" pin=0"/></net>

<net id="342"><net_src comp="138" pin="0"/><net_sink comp="336" pin=1"/></net>

<net id="348"><net_src comp="46" pin="0"/><net_sink comp="343" pin=0"/></net>

<net id="349"><net_src comp="138" pin="0"/><net_sink comp="343" pin=1"/></net>

<net id="355"><net_src comp="48" pin="0"/><net_sink comp="350" pin=0"/></net>

<net id="356"><net_src comp="138" pin="0"/><net_sink comp="350" pin=1"/></net>

<net id="362"><net_src comp="50" pin="0"/><net_sink comp="357" pin=0"/></net>

<net id="363"><net_src comp="138" pin="0"/><net_sink comp="357" pin=1"/></net>

<net id="369"><net_src comp="52" pin="0"/><net_sink comp="364" pin=0"/></net>

<net id="370"><net_src comp="138" pin="0"/><net_sink comp="364" pin=1"/></net>

<net id="376"><net_src comp="54" pin="0"/><net_sink comp="371" pin=0"/></net>

<net id="377"><net_src comp="138" pin="0"/><net_sink comp="371" pin=1"/></net>

<net id="383"><net_src comp="56" pin="0"/><net_sink comp="378" pin=0"/></net>

<net id="384"><net_src comp="138" pin="0"/><net_sink comp="378" pin=1"/></net>

<net id="390"><net_src comp="58" pin="0"/><net_sink comp="385" pin=0"/></net>

<net id="391"><net_src comp="138" pin="0"/><net_sink comp="385" pin=1"/></net>

<net id="397"><net_src comp="60" pin="0"/><net_sink comp="392" pin=0"/></net>

<net id="398"><net_src comp="138" pin="0"/><net_sink comp="392" pin=1"/></net>

<net id="404"><net_src comp="62" pin="0"/><net_sink comp="399" pin=0"/></net>

<net id="405"><net_src comp="138" pin="0"/><net_sink comp="399" pin=1"/></net>

<net id="411"><net_src comp="64" pin="0"/><net_sink comp="406" pin=0"/></net>

<net id="412"><net_src comp="138" pin="0"/><net_sink comp="406" pin=1"/></net>

<net id="418"><net_src comp="66" pin="0"/><net_sink comp="413" pin=0"/></net>

<net id="419"><net_src comp="138" pin="0"/><net_sink comp="413" pin=1"/></net>

<net id="425"><net_src comp="68" pin="0"/><net_sink comp="420" pin=0"/></net>

<net id="426"><net_src comp="138" pin="0"/><net_sink comp="420" pin=1"/></net>

<net id="432"><net_src comp="70" pin="0"/><net_sink comp="427" pin=0"/></net>

<net id="433"><net_src comp="138" pin="0"/><net_sink comp="427" pin=1"/></net>

<net id="439"><net_src comp="72" pin="0"/><net_sink comp="434" pin=0"/></net>

<net id="440"><net_src comp="138" pin="0"/><net_sink comp="434" pin=1"/></net>

<net id="446"><net_src comp="74" pin="0"/><net_sink comp="441" pin=0"/></net>

<net id="447"><net_src comp="138" pin="0"/><net_sink comp="441" pin=1"/></net>

<net id="453"><net_src comp="76" pin="0"/><net_sink comp="448" pin=0"/></net>

<net id="454"><net_src comp="138" pin="0"/><net_sink comp="448" pin=1"/></net>

<net id="460"><net_src comp="78" pin="0"/><net_sink comp="455" pin=0"/></net>

<net id="461"><net_src comp="138" pin="0"/><net_sink comp="455" pin=1"/></net>

<net id="467"><net_src comp="80" pin="0"/><net_sink comp="462" pin=0"/></net>

<net id="468"><net_src comp="138" pin="0"/><net_sink comp="462" pin=1"/></net>

<net id="474"><net_src comp="82" pin="0"/><net_sink comp="469" pin=0"/></net>

<net id="475"><net_src comp="138" pin="0"/><net_sink comp="469" pin=1"/></net>

<net id="481"><net_src comp="84" pin="0"/><net_sink comp="476" pin=0"/></net>

<net id="482"><net_src comp="138" pin="0"/><net_sink comp="476" pin=1"/></net>

<net id="488"><net_src comp="86" pin="0"/><net_sink comp="483" pin=0"/></net>

<net id="489"><net_src comp="138" pin="0"/><net_sink comp="483" pin=1"/></net>

<net id="495"><net_src comp="88" pin="0"/><net_sink comp="490" pin=0"/></net>

<net id="496"><net_src comp="138" pin="0"/><net_sink comp="490" pin=1"/></net>

<net id="502"><net_src comp="90" pin="0"/><net_sink comp="497" pin=0"/></net>

<net id="503"><net_src comp="138" pin="0"/><net_sink comp="497" pin=1"/></net>

<net id="509"><net_src comp="92" pin="0"/><net_sink comp="504" pin=0"/></net>

<net id="510"><net_src comp="138" pin="0"/><net_sink comp="504" pin=1"/></net>

<net id="516"><net_src comp="94" pin="0"/><net_sink comp="511" pin=0"/></net>

<net id="517"><net_src comp="138" pin="0"/><net_sink comp="511" pin=1"/></net>

<net id="523"><net_src comp="96" pin="0"/><net_sink comp="518" pin=0"/></net>

<net id="524"><net_src comp="138" pin="0"/><net_sink comp="518" pin=1"/></net>

<net id="530"><net_src comp="98" pin="0"/><net_sink comp="525" pin=0"/></net>

<net id="531"><net_src comp="138" pin="0"/><net_sink comp="525" pin=1"/></net>

<net id="537"><net_src comp="100" pin="0"/><net_sink comp="532" pin=0"/></net>

<net id="538"><net_src comp="138" pin="0"/><net_sink comp="532" pin=1"/></net>

<net id="544"><net_src comp="102" pin="0"/><net_sink comp="539" pin=0"/></net>

<net id="545"><net_src comp="138" pin="0"/><net_sink comp="539" pin=1"/></net>

<net id="551"><net_src comp="104" pin="0"/><net_sink comp="546" pin=0"/></net>

<net id="552"><net_src comp="138" pin="0"/><net_sink comp="546" pin=1"/></net>

<net id="558"><net_src comp="106" pin="0"/><net_sink comp="553" pin=0"/></net>

<net id="559"><net_src comp="138" pin="0"/><net_sink comp="553" pin=1"/></net>

<net id="565"><net_src comp="108" pin="0"/><net_sink comp="560" pin=0"/></net>

<net id="566"><net_src comp="138" pin="0"/><net_sink comp="560" pin=1"/></net>

<net id="572"><net_src comp="110" pin="0"/><net_sink comp="567" pin=0"/></net>

<net id="573"><net_src comp="138" pin="0"/><net_sink comp="567" pin=1"/></net>

<net id="579"><net_src comp="112" pin="0"/><net_sink comp="574" pin=0"/></net>

<net id="580"><net_src comp="138" pin="0"/><net_sink comp="574" pin=1"/></net>

<net id="586"><net_src comp="114" pin="0"/><net_sink comp="581" pin=0"/></net>

<net id="587"><net_src comp="138" pin="0"/><net_sink comp="581" pin=1"/></net>

<net id="593"><net_src comp="116" pin="0"/><net_sink comp="588" pin=0"/></net>

<net id="594"><net_src comp="138" pin="0"/><net_sink comp="588" pin=1"/></net>

<net id="600"><net_src comp="118" pin="0"/><net_sink comp="595" pin=0"/></net>

<net id="601"><net_src comp="138" pin="0"/><net_sink comp="595" pin=1"/></net>

<net id="607"><net_src comp="120" pin="0"/><net_sink comp="602" pin=0"/></net>

<net id="608"><net_src comp="138" pin="0"/><net_sink comp="602" pin=1"/></net>

<net id="614"><net_src comp="122" pin="0"/><net_sink comp="609" pin=0"/></net>

<net id="615"><net_src comp="138" pin="0"/><net_sink comp="609" pin=1"/></net>

<net id="621"><net_src comp="124" pin="0"/><net_sink comp="616" pin=0"/></net>

<net id="622"><net_src comp="138" pin="0"/><net_sink comp="616" pin=1"/></net>

<net id="628"><net_src comp="126" pin="0"/><net_sink comp="623" pin=0"/></net>

<net id="629"><net_src comp="138" pin="0"/><net_sink comp="623" pin=1"/></net>

<net id="635"><net_src comp="182" pin="3"/><net_sink comp="630" pin=0"/></net>

<net id="641"><net_src comp="189" pin="3"/><net_sink comp="636" pin=0"/></net>

<net id="647"><net_src comp="196" pin="3"/><net_sink comp="642" pin=0"/></net>

<net id="653"><net_src comp="203" pin="3"/><net_sink comp="648" pin=0"/></net>

<net id="659"><net_src comp="210" pin="3"/><net_sink comp="654" pin=0"/></net>

<net id="665"><net_src comp="217" pin="3"/><net_sink comp="660" pin=0"/></net>

<net id="671"><net_src comp="224" pin="3"/><net_sink comp="666" pin=0"/></net>

<net id="677"><net_src comp="231" pin="3"/><net_sink comp="672" pin=0"/></net>

<net id="683"><net_src comp="238" pin="3"/><net_sink comp="678" pin=0"/></net>

<net id="689"><net_src comp="245" pin="3"/><net_sink comp="684" pin=0"/></net>

<net id="695"><net_src comp="252" pin="3"/><net_sink comp="690" pin=0"/></net>

<net id="701"><net_src comp="259" pin="3"/><net_sink comp="696" pin=0"/></net>

<net id="707"><net_src comp="266" pin="3"/><net_sink comp="702" pin=0"/></net>

<net id="713"><net_src comp="273" pin="3"/><net_sink comp="708" pin=0"/></net>

<net id="719"><net_src comp="280" pin="3"/><net_sink comp="714" pin=0"/></net>

<net id="725"><net_src comp="287" pin="3"/><net_sink comp="720" pin=0"/></net>

<net id="731"><net_src comp="294" pin="3"/><net_sink comp="726" pin=0"/></net>

<net id="737"><net_src comp="301" pin="3"/><net_sink comp="732" pin=0"/></net>

<net id="743"><net_src comp="308" pin="3"/><net_sink comp="738" pin=0"/></net>

<net id="749"><net_src comp="315" pin="3"/><net_sink comp="744" pin=0"/></net>

<net id="755"><net_src comp="322" pin="3"/><net_sink comp="750" pin=0"/></net>

<net id="761"><net_src comp="329" pin="3"/><net_sink comp="756" pin=0"/></net>

<net id="767"><net_src comp="336" pin="3"/><net_sink comp="762" pin=0"/></net>

<net id="773"><net_src comp="343" pin="3"/><net_sink comp="768" pin=0"/></net>

<net id="779"><net_src comp="350" pin="3"/><net_sink comp="774" pin=0"/></net>

<net id="785"><net_src comp="357" pin="3"/><net_sink comp="780" pin=0"/></net>

<net id="791"><net_src comp="364" pin="3"/><net_sink comp="786" pin=0"/></net>

<net id="797"><net_src comp="371" pin="3"/><net_sink comp="792" pin=0"/></net>

<net id="803"><net_src comp="378" pin="3"/><net_sink comp="798" pin=0"/></net>

<net id="809"><net_src comp="385" pin="3"/><net_sink comp="804" pin=0"/></net>

<net id="815"><net_src comp="392" pin="3"/><net_sink comp="810" pin=0"/></net>

<net id="821"><net_src comp="399" pin="3"/><net_sink comp="816" pin=0"/></net>

<net id="827"><net_src comp="406" pin="3"/><net_sink comp="822" pin=0"/></net>

<net id="833"><net_src comp="413" pin="3"/><net_sink comp="828" pin=0"/></net>

<net id="839"><net_src comp="420" pin="3"/><net_sink comp="834" pin=0"/></net>

<net id="845"><net_src comp="427" pin="3"/><net_sink comp="840" pin=0"/></net>

<net id="851"><net_src comp="434" pin="3"/><net_sink comp="846" pin=0"/></net>

<net id="857"><net_src comp="441" pin="3"/><net_sink comp="852" pin=0"/></net>

<net id="863"><net_src comp="448" pin="3"/><net_sink comp="858" pin=0"/></net>

<net id="869"><net_src comp="455" pin="3"/><net_sink comp="864" pin=0"/></net>

<net id="875"><net_src comp="462" pin="3"/><net_sink comp="870" pin=0"/></net>

<net id="881"><net_src comp="469" pin="3"/><net_sink comp="876" pin=0"/></net>

<net id="887"><net_src comp="476" pin="3"/><net_sink comp="882" pin=0"/></net>

<net id="893"><net_src comp="483" pin="3"/><net_sink comp="888" pin=0"/></net>

<net id="899"><net_src comp="490" pin="3"/><net_sink comp="894" pin=0"/></net>

<net id="905"><net_src comp="497" pin="3"/><net_sink comp="900" pin=0"/></net>

<net id="911"><net_src comp="504" pin="3"/><net_sink comp="906" pin=0"/></net>

<net id="917"><net_src comp="511" pin="3"/><net_sink comp="912" pin=0"/></net>

<net id="923"><net_src comp="518" pin="3"/><net_sink comp="918" pin=0"/></net>

<net id="929"><net_src comp="525" pin="3"/><net_sink comp="924" pin=0"/></net>

<net id="935"><net_src comp="532" pin="3"/><net_sink comp="930" pin=0"/></net>

<net id="941"><net_src comp="539" pin="3"/><net_sink comp="936" pin=0"/></net>

<net id="947"><net_src comp="546" pin="3"/><net_sink comp="942" pin=0"/></net>

<net id="953"><net_src comp="553" pin="3"/><net_sink comp="948" pin=0"/></net>

<net id="959"><net_src comp="560" pin="3"/><net_sink comp="954" pin=0"/></net>

<net id="965"><net_src comp="567" pin="3"/><net_sink comp="960" pin=0"/></net>

<net id="971"><net_src comp="574" pin="3"/><net_sink comp="966" pin=0"/></net>

<net id="977"><net_src comp="581" pin="3"/><net_sink comp="972" pin=0"/></net>

<net id="983"><net_src comp="588" pin="3"/><net_sink comp="978" pin=0"/></net>

<net id="989"><net_src comp="595" pin="3"/><net_sink comp="984" pin=0"/></net>

<net id="995"><net_src comp="602" pin="3"/><net_sink comp="990" pin=0"/></net>

<net id="1001"><net_src comp="609" pin="3"/><net_sink comp="996" pin=0"/></net>

<net id="1007"><net_src comp="616" pin="3"/><net_sink comp="1002" pin=0"/></net>

<net id="1013"><net_src comp="623" pin="3"/><net_sink comp="1008" pin=0"/></net>

<net id="1019"><net_src comp="128" pin="0"/><net_sink comp="1014" pin=0"/></net>

<net id="1020"><net_src comp="138" pin="0"/><net_sink comp="1014" pin=1"/></net>

<net id="1026"><net_src comp="1014" pin="3"/><net_sink comp="1021" pin=0"/></net>

<net id="1031"><net_src comp="140" pin="0"/><net_sink comp="1027" pin=1"/></net>

<net id="1036"><net_src comp="132" pin="0"/><net_sink comp="1032" pin=0"/></net>

<net id="1044"><net_src comp="1037" pin="1"/><net_sink comp="1040" pin=0"/></net>

<net id="1045"><net_src comp="134" pin="0"/><net_sink comp="1040" pin=1"/></net>

<net id="1050"><net_src comp="1037" pin="1"/><net_sink comp="1046" pin=0"/></net>

<net id="1051"><net_src comp="136" pin="0"/><net_sink comp="1046" pin=1"/></net>

<net id="1055"><net_src comp="1037" pin="1"/><net_sink comp="1052" pin=0"/></net>

<net id="1056"><net_src comp="1052" pin="1"/><net_sink comp="182" pin=2"/></net>

<net id="1057"><net_src comp="1052" pin="1"/><net_sink comp="189" pin=2"/></net>

<net id="1058"><net_src comp="1052" pin="1"/><net_sink comp="196" pin=2"/></net>

<net id="1059"><net_src comp="1052" pin="1"/><net_sink comp="203" pin=2"/></net>

<net id="1060"><net_src comp="1052" pin="1"/><net_sink comp="210" pin=2"/></net>

<net id="1061"><net_src comp="1052" pin="1"/><net_sink comp="217" pin=2"/></net>

<net id="1062"><net_src comp="1052" pin="1"/><net_sink comp="224" pin=2"/></net>

<net id="1063"><net_src comp="1052" pin="1"/><net_sink comp="231" pin=2"/></net>

<net id="1064"><net_src comp="1052" pin="1"/><net_sink comp="238" pin=2"/></net>

<net id="1065"><net_src comp="1052" pin="1"/><net_sink comp="245" pin=2"/></net>

<net id="1066"><net_src comp="1052" pin="1"/><net_sink comp="252" pin=2"/></net>

<net id="1067"><net_src comp="1052" pin="1"/><net_sink comp="259" pin=2"/></net>

<net id="1068"><net_src comp="1052" pin="1"/><net_sink comp="266" pin=2"/></net>

<net id="1069"><net_src comp="1052" pin="1"/><net_sink comp="273" pin=2"/></net>

<net id="1070"><net_src comp="1052" pin="1"/><net_sink comp="280" pin=2"/></net>

<net id="1071"><net_src comp="1052" pin="1"/><net_sink comp="287" pin=2"/></net>

<net id="1072"><net_src comp="1052" pin="1"/><net_sink comp="294" pin=2"/></net>

<net id="1073"><net_src comp="1052" pin="1"/><net_sink comp="301" pin=2"/></net>

<net id="1074"><net_src comp="1052" pin="1"/><net_sink comp="308" pin=2"/></net>

<net id="1075"><net_src comp="1052" pin="1"/><net_sink comp="315" pin=2"/></net>

<net id="1076"><net_src comp="1052" pin="1"/><net_sink comp="322" pin=2"/></net>

<net id="1077"><net_src comp="1052" pin="1"/><net_sink comp="329" pin=2"/></net>

<net id="1078"><net_src comp="1052" pin="1"/><net_sink comp="336" pin=2"/></net>

<net id="1079"><net_src comp="1052" pin="1"/><net_sink comp="343" pin=2"/></net>

<net id="1080"><net_src comp="1052" pin="1"/><net_sink comp="350" pin=2"/></net>

<net id="1081"><net_src comp="1052" pin="1"/><net_sink comp="357" pin=2"/></net>

<net id="1082"><net_src comp="1052" pin="1"/><net_sink comp="364" pin=2"/></net>

<net id="1083"><net_src comp="1052" pin="1"/><net_sink comp="371" pin=2"/></net>

<net id="1084"><net_src comp="1052" pin="1"/><net_sink comp="378" pin=2"/></net>

<net id="1085"><net_src comp="1052" pin="1"/><net_sink comp="385" pin=2"/></net>

<net id="1086"><net_src comp="1052" pin="1"/><net_sink comp="392" pin=2"/></net>

<net id="1087"><net_src comp="1052" pin="1"/><net_sink comp="399" pin=2"/></net>

<net id="1088"><net_src comp="1052" pin="1"/><net_sink comp="406" pin=2"/></net>

<net id="1089"><net_src comp="1052" pin="1"/><net_sink comp="413" pin=2"/></net>

<net id="1090"><net_src comp="1052" pin="1"/><net_sink comp="420" pin=2"/></net>

<net id="1091"><net_src comp="1052" pin="1"/><net_sink comp="427" pin=2"/></net>

<net id="1092"><net_src comp="1052" pin="1"/><net_sink comp="434" pin=2"/></net>

<net id="1093"><net_src comp="1052" pin="1"/><net_sink comp="441" pin=2"/></net>

<net id="1094"><net_src comp="1052" pin="1"/><net_sink comp="448" pin=2"/></net>

<net id="1095"><net_src comp="1052" pin="1"/><net_sink comp="455" pin=2"/></net>

<net id="1096"><net_src comp="1052" pin="1"/><net_sink comp="462" pin=2"/></net>

<net id="1097"><net_src comp="1052" pin="1"/><net_sink comp="469" pin=2"/></net>

<net id="1098"><net_src comp="1052" pin="1"/><net_sink comp="476" pin=2"/></net>

<net id="1099"><net_src comp="1052" pin="1"/><net_sink comp="483" pin=2"/></net>

<net id="1100"><net_src comp="1052" pin="1"/><net_sink comp="490" pin=2"/></net>

<net id="1101"><net_src comp="1052" pin="1"/><net_sink comp="497" pin=2"/></net>

<net id="1102"><net_src comp="1052" pin="1"/><net_sink comp="504" pin=2"/></net>

<net id="1103"><net_src comp="1052" pin="1"/><net_sink comp="511" pin=2"/></net>

<net id="1104"><net_src comp="1052" pin="1"/><net_sink comp="518" pin=2"/></net>

<net id="1105"><net_src comp="1052" pin="1"/><net_sink comp="525" pin=2"/></net>

<net id="1106"><net_src comp="1052" pin="1"/><net_sink comp="532" pin=2"/></net>

<net id="1107"><net_src comp="1052" pin="1"/><net_sink comp="539" pin=2"/></net>

<net id="1108"><net_src comp="1052" pin="1"/><net_sink comp="546" pin=2"/></net>

<net id="1109"><net_src comp="1052" pin="1"/><net_sink comp="553" pin=2"/></net>

<net id="1110"><net_src comp="1052" pin="1"/><net_sink comp="560" pin=2"/></net>

<net id="1111"><net_src comp="1052" pin="1"/><net_sink comp="567" pin=2"/></net>

<net id="1112"><net_src comp="1052" pin="1"/><net_sink comp="574" pin=2"/></net>

<net id="1113"><net_src comp="1052" pin="1"/><net_sink comp="581" pin=2"/></net>

<net id="1114"><net_src comp="1052" pin="1"/><net_sink comp="588" pin=2"/></net>

<net id="1115"><net_src comp="1052" pin="1"/><net_sink comp="595" pin=2"/></net>

<net id="1116"><net_src comp="1052" pin="1"/><net_sink comp="602" pin=2"/></net>

<net id="1117"><net_src comp="1052" pin="1"/><net_sink comp="609" pin=2"/></net>

<net id="1118"><net_src comp="1052" pin="1"/><net_sink comp="616" pin=2"/></net>

<net id="1119"><net_src comp="1052" pin="1"/><net_sink comp="623" pin=2"/></net>

<net id="1124"><net_src comp="1046" pin="2"/><net_sink comp="1120" pin=0"/></net>

<net id="1128"><net_src comp="630" pin="3"/><net_sink comp="1125" pin=0"/></net>

<net id="1132"><net_src comp="636" pin="3"/><net_sink comp="1129" pin=0"/></net>

<net id="1136"><net_src comp="642" pin="3"/><net_sink comp="1133" pin=0"/></net>

<net id="1140"><net_src comp="648" pin="3"/><net_sink comp="1137" pin=0"/></net>

<net id="1144"><net_src comp="654" pin="3"/><net_sink comp="1141" pin=0"/></net>

<net id="1148"><net_src comp="660" pin="3"/><net_sink comp="1145" pin=0"/></net>

<net id="1152"><net_src comp="666" pin="3"/><net_sink comp="1149" pin=0"/></net>

<net id="1156"><net_src comp="672" pin="3"/><net_sink comp="1153" pin=0"/></net>

<net id="1160"><net_src comp="678" pin="3"/><net_sink comp="1157" pin=0"/></net>

<net id="1164"><net_src comp="684" pin="3"/><net_sink comp="1161" pin=0"/></net>

<net id="1168"><net_src comp="690" pin="3"/><net_sink comp="1165" pin=0"/></net>

<net id="1172"><net_src comp="696" pin="3"/><net_sink comp="1169" pin=0"/></net>

<net id="1176"><net_src comp="702" pin="3"/><net_sink comp="1173" pin=0"/></net>

<net id="1180"><net_src comp="708" pin="3"/><net_sink comp="1177" pin=0"/></net>

<net id="1184"><net_src comp="714" pin="3"/><net_sink comp="1181" pin=0"/></net>

<net id="1188"><net_src comp="720" pin="3"/><net_sink comp="1185" pin=0"/></net>

<net id="1192"><net_src comp="726" pin="3"/><net_sink comp="1189" pin=0"/></net>

<net id="1196"><net_src comp="732" pin="3"/><net_sink comp="1193" pin=0"/></net>

<net id="1200"><net_src comp="738" pin="3"/><net_sink comp="1197" pin=0"/></net>

<net id="1204"><net_src comp="744" pin="3"/><net_sink comp="1201" pin=0"/></net>

<net id="1208"><net_src comp="750" pin="3"/><net_sink comp="1205" pin=0"/></net>

<net id="1212"><net_src comp="756" pin="3"/><net_sink comp="1209" pin=0"/></net>

<net id="1216"><net_src comp="762" pin="3"/><net_sink comp="1213" pin=0"/></net>

<net id="1220"><net_src comp="768" pin="3"/><net_sink comp="1217" pin=0"/></net>

<net id="1224"><net_src comp="774" pin="3"/><net_sink comp="1221" pin=0"/></net>

<net id="1228"><net_src comp="780" pin="3"/><net_sink comp="1225" pin=0"/></net>

<net id="1232"><net_src comp="786" pin="3"/><net_sink comp="1229" pin=0"/></net>

<net id="1236"><net_src comp="792" pin="3"/><net_sink comp="1233" pin=0"/></net>

<net id="1240"><net_src comp="798" pin="3"/><net_sink comp="1237" pin=0"/></net>

<net id="1244"><net_src comp="804" pin="3"/><net_sink comp="1241" pin=0"/></net>

<net id="1248"><net_src comp="810" pin="3"/><net_sink comp="1245" pin=0"/></net>

<net id="1252"><net_src comp="816" pin="3"/><net_sink comp="1249" pin=0"/></net>

<net id="1256"><net_src comp="822" pin="3"/><net_sink comp="1253" pin=0"/></net>

<net id="1260"><net_src comp="828" pin="3"/><net_sink comp="1257" pin=0"/></net>

<net id="1264"><net_src comp="834" pin="3"/><net_sink comp="1261" pin=0"/></net>

<net id="1268"><net_src comp="840" pin="3"/><net_sink comp="1265" pin=0"/></net>

<net id="1272"><net_src comp="846" pin="3"/><net_sink comp="1269" pin=0"/></net>

<net id="1276"><net_src comp="852" pin="3"/><net_sink comp="1273" pin=0"/></net>

<net id="1280"><net_src comp="858" pin="3"/><net_sink comp="1277" pin=0"/></net>

<net id="1284"><net_src comp="864" pin="3"/><net_sink comp="1281" pin=0"/></net>

<net id="1288"><net_src comp="870" pin="3"/><net_sink comp="1285" pin=0"/></net>

<net id="1292"><net_src comp="876" pin="3"/><net_sink comp="1289" pin=0"/></net>

<net id="1296"><net_src comp="882" pin="3"/><net_sink comp="1293" pin=0"/></net>

<net id="1300"><net_src comp="888" pin="3"/><net_sink comp="1297" pin=0"/></net>

<net id="1304"><net_src comp="894" pin="3"/><net_sink comp="1301" pin=0"/></net>

<net id="1308"><net_src comp="900" pin="3"/><net_sink comp="1305" pin=0"/></net>

<net id="1312"><net_src comp="906" pin="3"/><net_sink comp="1309" pin=0"/></net>

<net id="1316"><net_src comp="912" pin="3"/><net_sink comp="1313" pin=0"/></net>

<net id="1320"><net_src comp="918" pin="3"/><net_sink comp="1317" pin=0"/></net>

<net id="1324"><net_src comp="924" pin="3"/><net_sink comp="1321" pin=0"/></net>

<net id="1328"><net_src comp="930" pin="3"/><net_sink comp="1325" pin=0"/></net>

<net id="1332"><net_src comp="936" pin="3"/><net_sink comp="1329" pin=0"/></net>

<net id="1336"><net_src comp="942" pin="3"/><net_sink comp="1333" pin=0"/></net>

<net id="1340"><net_src comp="948" pin="3"/><net_sink comp="1337" pin=0"/></net>

<net id="1344"><net_src comp="954" pin="3"/><net_sink comp="1341" pin=0"/></net>

<net id="1348"><net_src comp="960" pin="3"/><net_sink comp="1345" pin=0"/></net>

<net id="1352"><net_src comp="966" pin="3"/><net_sink comp="1349" pin=0"/></net>

<net id="1356"><net_src comp="972" pin="3"/><net_sink comp="1353" pin=0"/></net>

<net id="1360"><net_src comp="978" pin="3"/><net_sink comp="1357" pin=0"/></net>

<net id="1364"><net_src comp="984" pin="3"/><net_sink comp="1361" pin=0"/></net>

<net id="1368"><net_src comp="990" pin="3"/><net_sink comp="1365" pin=0"/></net>

<net id="1372"><net_src comp="996" pin="3"/><net_sink comp="1369" pin=0"/></net>

<net id="1376"><net_src comp="1002" pin="3"/><net_sink comp="1373" pin=0"/></net>

<net id="1380"><net_src comp="1008" pin="3"/><net_sink comp="1377" pin=0"/></net>

<net id="1385"><net_src comp="1129" pin="1"/><net_sink comp="1381" pin=0"/></net>

<net id="1386"><net_src comp="1125" pin="1"/><net_sink comp="1381" pin=1"/></net>

<net id="1390"><net_src comp="1381" pin="2"/><net_sink comp="1387" pin=0"/></net>

<net id="1395"><net_src comp="1133" pin="1"/><net_sink comp="1391" pin=0"/></net>

<net id="1396"><net_src comp="1137" pin="1"/><net_sink comp="1391" pin=1"/></net>

<net id="1400"><net_src comp="1391" pin="2"/><net_sink comp="1397" pin=0"/></net>

<net id="1405"><net_src comp="1397" pin="1"/><net_sink comp="1401" pin=0"/></net>

<net id="1406"><net_src comp="1387" pin="1"/><net_sink comp="1401" pin=1"/></net>

<net id="1410"><net_src comp="1401" pin="2"/><net_sink comp="1407" pin=0"/></net>

<net id="1415"><net_src comp="1141" pin="1"/><net_sink comp="1411" pin=0"/></net>

<net id="1416"><net_src comp="1145" pin="1"/><net_sink comp="1411" pin=1"/></net>

<net id="1420"><net_src comp="1411" pin="2"/><net_sink comp="1417" pin=0"/></net>

<net id="1425"><net_src comp="1149" pin="1"/><net_sink comp="1421" pin=0"/></net>

<net id="1426"><net_src comp="1153" pin="1"/><net_sink comp="1421" pin=1"/></net>

<net id="1430"><net_src comp="1421" pin="2"/><net_sink comp="1427" pin=0"/></net>

<net id="1435"><net_src comp="1427" pin="1"/><net_sink comp="1431" pin=0"/></net>

<net id="1436"><net_src comp="1417" pin="1"/><net_sink comp="1431" pin=1"/></net>

<net id="1440"><net_src comp="1431" pin="2"/><net_sink comp="1437" pin=0"/></net>

<net id="1445"><net_src comp="1437" pin="1"/><net_sink comp="1441" pin=0"/></net>

<net id="1446"><net_src comp="1407" pin="1"/><net_sink comp="1441" pin=1"/></net>

<net id="1451"><net_src comp="1157" pin="1"/><net_sink comp="1447" pin=0"/></net>

<net id="1452"><net_src comp="1161" pin="1"/><net_sink comp="1447" pin=1"/></net>

<net id="1456"><net_src comp="1447" pin="2"/><net_sink comp="1453" pin=0"/></net>

<net id="1461"><net_src comp="1165" pin="1"/><net_sink comp="1457" pin=0"/></net>

<net id="1462"><net_src comp="1169" pin="1"/><net_sink comp="1457" pin=1"/></net>

<net id="1466"><net_src comp="1457" pin="2"/><net_sink comp="1463" pin=0"/></net>

<net id="1471"><net_src comp="1463" pin="1"/><net_sink comp="1467" pin=0"/></net>

<net id="1472"><net_src comp="1453" pin="1"/><net_sink comp="1467" pin=1"/></net>

<net id="1476"><net_src comp="1467" pin="2"/><net_sink comp="1473" pin=0"/></net>

<net id="1481"><net_src comp="1173" pin="1"/><net_sink comp="1477" pin=0"/></net>

<net id="1482"><net_src comp="1177" pin="1"/><net_sink comp="1477" pin=1"/></net>

<net id="1486"><net_src comp="1477" pin="2"/><net_sink comp="1483" pin=0"/></net>

<net id="1491"><net_src comp="1181" pin="1"/><net_sink comp="1487" pin=0"/></net>

<net id="1492"><net_src comp="1185" pin="1"/><net_sink comp="1487" pin=1"/></net>

<net id="1496"><net_src comp="1487" pin="2"/><net_sink comp="1493" pin=0"/></net>

<net id="1501"><net_src comp="1493" pin="1"/><net_sink comp="1497" pin=0"/></net>

<net id="1502"><net_src comp="1483" pin="1"/><net_sink comp="1497" pin=1"/></net>

<net id="1506"><net_src comp="1497" pin="2"/><net_sink comp="1503" pin=0"/></net>

<net id="1511"><net_src comp="1503" pin="1"/><net_sink comp="1507" pin=0"/></net>

<net id="1512"><net_src comp="1473" pin="1"/><net_sink comp="1507" pin=1"/></net>

<net id="1517"><net_src comp="1189" pin="1"/><net_sink comp="1513" pin=0"/></net>

<net id="1518"><net_src comp="1193" pin="1"/><net_sink comp="1513" pin=1"/></net>

<net id="1522"><net_src comp="1513" pin="2"/><net_sink comp="1519" pin=0"/></net>

<net id="1527"><net_src comp="1197" pin="1"/><net_sink comp="1523" pin=0"/></net>

<net id="1528"><net_src comp="1201" pin="1"/><net_sink comp="1523" pin=1"/></net>

<net id="1532"><net_src comp="1523" pin="2"/><net_sink comp="1529" pin=0"/></net>

<net id="1537"><net_src comp="1529" pin="1"/><net_sink comp="1533" pin=0"/></net>

<net id="1538"><net_src comp="1519" pin="1"/><net_sink comp="1533" pin=1"/></net>

<net id="1542"><net_src comp="1533" pin="2"/><net_sink comp="1539" pin=0"/></net>

<net id="1547"><net_src comp="1205" pin="1"/><net_sink comp="1543" pin=0"/></net>

<net id="1548"><net_src comp="1209" pin="1"/><net_sink comp="1543" pin=1"/></net>

<net id="1552"><net_src comp="1543" pin="2"/><net_sink comp="1549" pin=0"/></net>

<net id="1557"><net_src comp="1213" pin="1"/><net_sink comp="1553" pin=0"/></net>

<net id="1558"><net_src comp="1217" pin="1"/><net_sink comp="1553" pin=1"/></net>

<net id="1562"><net_src comp="1553" pin="2"/><net_sink comp="1559" pin=0"/></net>

<net id="1567"><net_src comp="1559" pin="1"/><net_sink comp="1563" pin=0"/></net>

<net id="1568"><net_src comp="1549" pin="1"/><net_sink comp="1563" pin=1"/></net>

<net id="1572"><net_src comp="1563" pin="2"/><net_sink comp="1569" pin=0"/></net>

<net id="1577"><net_src comp="1569" pin="1"/><net_sink comp="1573" pin=0"/></net>

<net id="1578"><net_src comp="1539" pin="1"/><net_sink comp="1573" pin=1"/></net>

<net id="1583"><net_src comp="1221" pin="1"/><net_sink comp="1579" pin=0"/></net>

<net id="1584"><net_src comp="1225" pin="1"/><net_sink comp="1579" pin=1"/></net>

<net id="1588"><net_src comp="1579" pin="2"/><net_sink comp="1585" pin=0"/></net>

<net id="1593"><net_src comp="1229" pin="1"/><net_sink comp="1589" pin=0"/></net>

<net id="1594"><net_src comp="1233" pin="1"/><net_sink comp="1589" pin=1"/></net>

<net id="1598"><net_src comp="1589" pin="2"/><net_sink comp="1595" pin=0"/></net>

<net id="1603"><net_src comp="1595" pin="1"/><net_sink comp="1599" pin=0"/></net>

<net id="1604"><net_src comp="1585" pin="1"/><net_sink comp="1599" pin=1"/></net>

<net id="1608"><net_src comp="1599" pin="2"/><net_sink comp="1605" pin=0"/></net>

<net id="1613"><net_src comp="1237" pin="1"/><net_sink comp="1609" pin=0"/></net>

<net id="1614"><net_src comp="1241" pin="1"/><net_sink comp="1609" pin=1"/></net>

<net id="1618"><net_src comp="1609" pin="2"/><net_sink comp="1615" pin=0"/></net>

<net id="1623"><net_src comp="1245" pin="1"/><net_sink comp="1619" pin=0"/></net>

<net id="1624"><net_src comp="1249" pin="1"/><net_sink comp="1619" pin=1"/></net>

<net id="1628"><net_src comp="1619" pin="2"/><net_sink comp="1625" pin=0"/></net>

<net id="1633"><net_src comp="1625" pin="1"/><net_sink comp="1629" pin=0"/></net>

<net id="1634"><net_src comp="1615" pin="1"/><net_sink comp="1629" pin=1"/></net>

<net id="1638"><net_src comp="1629" pin="2"/><net_sink comp="1635" pin=0"/></net>

<net id="1643"><net_src comp="1635" pin="1"/><net_sink comp="1639" pin=0"/></net>

<net id="1644"><net_src comp="1605" pin="1"/><net_sink comp="1639" pin=1"/></net>

<net id="1649"><net_src comp="1253" pin="1"/><net_sink comp="1645" pin=0"/></net>

<net id="1650"><net_src comp="1257" pin="1"/><net_sink comp="1645" pin=1"/></net>

<net id="1654"><net_src comp="1645" pin="2"/><net_sink comp="1651" pin=0"/></net>

<net id="1659"><net_src comp="1261" pin="1"/><net_sink comp="1655" pin=0"/></net>

<net id="1660"><net_src comp="1265" pin="1"/><net_sink comp="1655" pin=1"/></net>

<net id="1664"><net_src comp="1655" pin="2"/><net_sink comp="1661" pin=0"/></net>

<net id="1669"><net_src comp="1661" pin="1"/><net_sink comp="1665" pin=0"/></net>

<net id="1670"><net_src comp="1651" pin="1"/><net_sink comp="1665" pin=1"/></net>

<net id="1674"><net_src comp="1665" pin="2"/><net_sink comp="1671" pin=0"/></net>

<net id="1679"><net_src comp="1269" pin="1"/><net_sink comp="1675" pin=0"/></net>

<net id="1680"><net_src comp="1273" pin="1"/><net_sink comp="1675" pin=1"/></net>

<net id="1684"><net_src comp="1675" pin="2"/><net_sink comp="1681" pin=0"/></net>

<net id="1689"><net_src comp="1277" pin="1"/><net_sink comp="1685" pin=0"/></net>

<net id="1690"><net_src comp="1281" pin="1"/><net_sink comp="1685" pin=1"/></net>

<net id="1694"><net_src comp="1685" pin="2"/><net_sink comp="1691" pin=0"/></net>

<net id="1699"><net_src comp="1691" pin="1"/><net_sink comp="1695" pin=0"/></net>

<net id="1700"><net_src comp="1681" pin="1"/><net_sink comp="1695" pin=1"/></net>

<net id="1704"><net_src comp="1695" pin="2"/><net_sink comp="1701" pin=0"/></net>

<net id="1709"><net_src comp="1701" pin="1"/><net_sink comp="1705" pin=0"/></net>

<net id="1710"><net_src comp="1671" pin="1"/><net_sink comp="1705" pin=1"/></net>

<net id="1715"><net_src comp="1285" pin="1"/><net_sink comp="1711" pin=0"/></net>

<net id="1716"><net_src comp="1289" pin="1"/><net_sink comp="1711" pin=1"/></net>

<net id="1720"><net_src comp="1711" pin="2"/><net_sink comp="1717" pin=0"/></net>

<net id="1725"><net_src comp="1293" pin="1"/><net_sink comp="1721" pin=0"/></net>

<net id="1726"><net_src comp="1297" pin="1"/><net_sink comp="1721" pin=1"/></net>

<net id="1730"><net_src comp="1721" pin="2"/><net_sink comp="1727" pin=0"/></net>

<net id="1735"><net_src comp="1727" pin="1"/><net_sink comp="1731" pin=0"/></net>

<net id="1736"><net_src comp="1717" pin="1"/><net_sink comp="1731" pin=1"/></net>

<net id="1740"><net_src comp="1731" pin="2"/><net_sink comp="1737" pin=0"/></net>

<net id="1745"><net_src comp="1301" pin="1"/><net_sink comp="1741" pin=0"/></net>

<net id="1746"><net_src comp="1305" pin="1"/><net_sink comp="1741" pin=1"/></net>

<net id="1750"><net_src comp="1741" pin="2"/><net_sink comp="1747" pin=0"/></net>

<net id="1755"><net_src comp="1309" pin="1"/><net_sink comp="1751" pin=0"/></net>

<net id="1756"><net_src comp="1313" pin="1"/><net_sink comp="1751" pin=1"/></net>

<net id="1760"><net_src comp="1751" pin="2"/><net_sink comp="1757" pin=0"/></net>

<net id="1765"><net_src comp="1757" pin="1"/><net_sink comp="1761" pin=0"/></net>

<net id="1766"><net_src comp="1747" pin="1"/><net_sink comp="1761" pin=1"/></net>

<net id="1770"><net_src comp="1761" pin="2"/><net_sink comp="1767" pin=0"/></net>

<net id="1775"><net_src comp="1767" pin="1"/><net_sink comp="1771" pin=0"/></net>

<net id="1776"><net_src comp="1737" pin="1"/><net_sink comp="1771" pin=1"/></net>

<net id="1781"><net_src comp="1317" pin="1"/><net_sink comp="1777" pin=0"/></net>

<net id="1782"><net_src comp="1321" pin="1"/><net_sink comp="1777" pin=1"/></net>

<net id="1786"><net_src comp="1777" pin="2"/><net_sink comp="1783" pin=0"/></net>

<net id="1791"><net_src comp="1325" pin="1"/><net_sink comp="1787" pin=0"/></net>

<net id="1792"><net_src comp="1329" pin="1"/><net_sink comp="1787" pin=1"/></net>

<net id="1796"><net_src comp="1787" pin="2"/><net_sink comp="1793" pin=0"/></net>

<net id="1801"><net_src comp="1793" pin="1"/><net_sink comp="1797" pin=0"/></net>

<net id="1802"><net_src comp="1783" pin="1"/><net_sink comp="1797" pin=1"/></net>

<net id="1806"><net_src comp="1797" pin="2"/><net_sink comp="1803" pin=0"/></net>

<net id="1811"><net_src comp="1333" pin="1"/><net_sink comp="1807" pin=0"/></net>

<net id="1812"><net_src comp="1337" pin="1"/><net_sink comp="1807" pin=1"/></net>

<net id="1816"><net_src comp="1807" pin="2"/><net_sink comp="1813" pin=0"/></net>

<net id="1821"><net_src comp="1341" pin="1"/><net_sink comp="1817" pin=0"/></net>

<net id="1822"><net_src comp="1345" pin="1"/><net_sink comp="1817" pin=1"/></net>

<net id="1826"><net_src comp="1817" pin="2"/><net_sink comp="1823" pin=0"/></net>

<net id="1831"><net_src comp="1823" pin="1"/><net_sink comp="1827" pin=0"/></net>

<net id="1832"><net_src comp="1813" pin="1"/><net_sink comp="1827" pin=1"/></net>

<net id="1836"><net_src comp="1827" pin="2"/><net_sink comp="1833" pin=0"/></net>

<net id="1841"><net_src comp="1833" pin="1"/><net_sink comp="1837" pin=0"/></net>

<net id="1842"><net_src comp="1803" pin="1"/><net_sink comp="1837" pin=1"/></net>

<net id="1847"><net_src comp="1349" pin="1"/><net_sink comp="1843" pin=0"/></net>

<net id="1848"><net_src comp="1353" pin="1"/><net_sink comp="1843" pin=1"/></net>

<net id="1852"><net_src comp="1843" pin="2"/><net_sink comp="1849" pin=0"/></net>

<net id="1857"><net_src comp="1357" pin="1"/><net_sink comp="1853" pin=0"/></net>

<net id="1858"><net_src comp="1361" pin="1"/><net_sink comp="1853" pin=1"/></net>

<net id="1862"><net_src comp="1853" pin="2"/><net_sink comp="1859" pin=0"/></net>

<net id="1867"><net_src comp="1859" pin="1"/><net_sink comp="1863" pin=0"/></net>

<net id="1868"><net_src comp="1849" pin="1"/><net_sink comp="1863" pin=1"/></net>

<net id="1872"><net_src comp="1863" pin="2"/><net_sink comp="1869" pin=0"/></net>

<net id="1877"><net_src comp="1365" pin="1"/><net_sink comp="1873" pin=0"/></net>

<net id="1878"><net_src comp="1369" pin="1"/><net_sink comp="1873" pin=1"/></net>

<net id="1882"><net_src comp="1873" pin="2"/><net_sink comp="1879" pin=0"/></net>

<net id="1887"><net_src comp="1373" pin="1"/><net_sink comp="1883" pin=0"/></net>

<net id="1888"><net_src comp="1377" pin="1"/><net_sink comp="1883" pin=1"/></net>

<net id="1892"><net_src comp="1883" pin="2"/><net_sink comp="1889" pin=0"/></net>

<net id="1897"><net_src comp="1889" pin="1"/><net_sink comp="1893" pin=0"/></net>

<net id="1898"><net_src comp="1879" pin="1"/><net_sink comp="1893" pin=1"/></net>

<net id="1902"><net_src comp="1893" pin="2"/><net_sink comp="1899" pin=0"/></net>

<net id="1907"><net_src comp="1899" pin="1"/><net_sink comp="1903" pin=0"/></net>

<net id="1908"><net_src comp="1869" pin="1"/><net_sink comp="1903" pin=1"/></net>

<net id="1919"><net_src comp="1912" pin="1"/><net_sink comp="1915" pin=0"/></net>

<net id="1920"><net_src comp="1909" pin="1"/><net_sink comp="1915" pin=1"/></net>

<net id="1924"><net_src comp="1915" pin="2"/><net_sink comp="1921" pin=0"/></net>

<net id="1935"><net_src comp="1928" pin="1"/><net_sink comp="1931" pin=0"/></net>

<net id="1936"><net_src comp="1925" pin="1"/><net_sink comp="1931" pin=1"/></net>

<net id="1940"><net_src comp="1931" pin="2"/><net_sink comp="1937" pin=0"/></net>

<net id="1945"><net_src comp="1937" pin="1"/><net_sink comp="1941" pin=0"/></net>

<net id="1946"><net_src comp="1921" pin="1"/><net_sink comp="1941" pin=1"/></net>

<net id="1950"><net_src comp="1941" pin="2"/><net_sink comp="1947" pin=0"/></net>

<net id="1961"><net_src comp="1954" pin="1"/><net_sink comp="1957" pin=0"/></net>

<net id="1962"><net_src comp="1951" pin="1"/><net_sink comp="1957" pin=1"/></net>

<net id="1966"><net_src comp="1957" pin="2"/><net_sink comp="1963" pin=0"/></net>

<net id="1977"><net_src comp="1970" pin="1"/><net_sink comp="1973" pin=0"/></net>

<net id="1978"><net_src comp="1967" pin="1"/><net_sink comp="1973" pin=1"/></net>

<net id="1982"><net_src comp="1973" pin="2"/><net_sink comp="1979" pin=0"/></net>

<net id="1987"><net_src comp="1979" pin="1"/><net_sink comp="1983" pin=0"/></net>

<net id="1988"><net_src comp="1963" pin="1"/><net_sink comp="1983" pin=1"/></net>

<net id="1992"><net_src comp="1983" pin="2"/><net_sink comp="1989" pin=0"/></net>

<net id="1997"><net_src comp="1989" pin="1"/><net_sink comp="1993" pin=0"/></net>

<net id="1998"><net_src comp="1947" pin="1"/><net_sink comp="1993" pin=1"/></net>

<net id="2002"><net_src comp="1999" pin="1"/><net_sink comp="1027" pin=0"/></net>

<net id="2007"><net_src comp="156" pin="0"/><net_sink comp="2003" pin=1"/></net>

<net id="2014"><net_src comp="158" pin="0"/><net_sink comp="2008" pin=0"/></net>

<net id="2015"><net_src comp="2003" pin="2"/><net_sink comp="2008" pin=1"/></net>

<net id="2016"><net_src comp="160" pin="0"/><net_sink comp="2008" pin=2"/></net>

<net id="2017"><net_src comp="162" pin="0"/><net_sink comp="2008" pin=3"/></net>

<net id="2024"><net_src comp="164" pin="0"/><net_sink comp="2018" pin=0"/></net>

<net id="2025"><net_src comp="2003" pin="2"/><net_sink comp="2018" pin=1"/></net>

<net id="2026"><net_src comp="166" pin="0"/><net_sink comp="2018" pin=2"/></net>

<net id="2027"><net_src comp="162" pin="0"/><net_sink comp="2018" pin=3"/></net>

<net id="2032"><net_src comp="2018" pin="4"/><net_sink comp="2028" pin=0"/></net>

<net id="2033"><net_src comp="168" pin="0"/><net_sink comp="2028" pin=1"/></net>

<net id="2038"><net_src comp="2008" pin="4"/><net_sink comp="2034" pin=0"/></net>

<net id="2039"><net_src comp="170" pin="0"/><net_sink comp="2034" pin=1"/></net>

<net id="2046"><net_src comp="172" pin="0"/><net_sink comp="2040" pin=0"/></net>

<net id="2047"><net_src comp="2003" pin="2"/><net_sink comp="2040" pin=1"/></net>

<net id="2048"><net_src comp="160" pin="0"/><net_sink comp="2040" pin=2"/></net>

<net id="2049"><net_src comp="166" pin="0"/><net_sink comp="2040" pin=3"/></net>

<net id="2055"><net_src comp="2028" pin="2"/><net_sink comp="2050" pin=0"/></net>

<net id="2056"><net_src comp="174" pin="0"/><net_sink comp="2050" pin=1"/></net>

<net id="2057"><net_src comp="176" pin="0"/><net_sink comp="2050" pin=2"/></net>

<net id="2062"><net_src comp="2028" pin="2"/><net_sink comp="2058" pin=0"/></net>

<net id="2063"><net_src comp="2034" pin="2"/><net_sink comp="2058" pin=1"/></net>

<net id="2069"><net_src comp="2058" pin="2"/><net_sink comp="2064" pin=0"/></net>

<net id="2070"><net_src comp="2050" pin="3"/><net_sink comp="2064" pin=1"/></net>

<net id="2071"><net_src comp="2040" pin="4"/><net_sink comp="2064" pin=2"/></net>

<net id="2072"><net_src comp="2064" pin="3"/><net_sink comp="1021" pin=1"/></net>

<net id="2076"><net_src comp="178" pin="1"/><net_sink comp="2073" pin=0"/></net>

<net id="2077"><net_src comp="2073" pin="1"/><net_sink comp="1032" pin=1"/></net>

<net id="2078"><net_src comp="2073" pin="1"/><net_sink comp="1037" pin=0"/></net>

<net id="2079"><net_src comp="2073" pin="1"/><net_sink comp="1120" pin=1"/></net>

<net id="2083"><net_src comp="1040" pin="2"/><net_sink comp="2080" pin=0"/></net>

<net id="2087"><net_src comp="1052" pin="1"/><net_sink comp="2084" pin=0"/></net>

<net id="2088"><net_src comp="2084" pin="1"/><net_sink comp="1014" pin=2"/></net>

<net id="2092"><net_src comp="182" pin="3"/><net_sink comp="2089" pin=0"/></net>

<net id="2093"><net_src comp="2089" pin="1"/><net_sink comp="630" pin=0"/></net>

<net id="2097"><net_src comp="189" pin="3"/><net_sink comp="2094" pin=0"/></net>

<net id="2098"><net_src comp="2094" pin="1"/><net_sink comp="636" pin=0"/></net>

<net id="2102"><net_src comp="196" pin="3"/><net_sink comp="2099" pin=0"/></net>

<net id="2103"><net_src comp="2099" pin="1"/><net_sink comp="642" pin=0"/></net>

<net id="2107"><net_src comp="203" pin="3"/><net_sink comp="2104" pin=0"/></net>

<net id="2108"><net_src comp="2104" pin="1"/><net_sink comp="648" pin=0"/></net>

<net id="2112"><net_src comp="210" pin="3"/><net_sink comp="2109" pin=0"/></net>

<net id="2113"><net_src comp="2109" pin="1"/><net_sink comp="654" pin=0"/></net>

<net id="2117"><net_src comp="217" pin="3"/><net_sink comp="2114" pin=0"/></net>

<net id="2118"><net_src comp="2114" pin="1"/><net_sink comp="660" pin=0"/></net>

<net id="2122"><net_src comp="224" pin="3"/><net_sink comp="2119" pin=0"/></net>

<net id="2123"><net_src comp="2119" pin="1"/><net_sink comp="666" pin=0"/></net>

<net id="2127"><net_src comp="231" pin="3"/><net_sink comp="2124" pin=0"/></net>

<net id="2128"><net_src comp="2124" pin="1"/><net_sink comp="672" pin=0"/></net>

<net id="2132"><net_src comp="238" pin="3"/><net_sink comp="2129" pin=0"/></net>

<net id="2133"><net_src comp="2129" pin="1"/><net_sink comp="678" pin=0"/></net>

<net id="2137"><net_src comp="245" pin="3"/><net_sink comp="2134" pin=0"/></net>

<net id="2138"><net_src comp="2134" pin="1"/><net_sink comp="684" pin=0"/></net>

<net id="2142"><net_src comp="252" pin="3"/><net_sink comp="2139" pin=0"/></net>

<net id="2143"><net_src comp="2139" pin="1"/><net_sink comp="690" pin=0"/></net>

<net id="2147"><net_src comp="259" pin="3"/><net_sink comp="2144" pin=0"/></net>

<net id="2148"><net_src comp="2144" pin="1"/><net_sink comp="696" pin=0"/></net>

<net id="2152"><net_src comp="266" pin="3"/><net_sink comp="2149" pin=0"/></net>

<net id="2153"><net_src comp="2149" pin="1"/><net_sink comp="702" pin=0"/></net>

<net id="2157"><net_src comp="273" pin="3"/><net_sink comp="2154" pin=0"/></net>

<net id="2158"><net_src comp="2154" pin="1"/><net_sink comp="708" pin=0"/></net>

<net id="2162"><net_src comp="280" pin="3"/><net_sink comp="2159" pin=0"/></net>

<net id="2163"><net_src comp="2159" pin="1"/><net_sink comp="714" pin=0"/></net>

<net id="2167"><net_src comp="287" pin="3"/><net_sink comp="2164" pin=0"/></net>

<net id="2168"><net_src comp="2164" pin="1"/><net_sink comp="720" pin=0"/></net>

<net id="2172"><net_src comp="294" pin="3"/><net_sink comp="2169" pin=0"/></net>

<net id="2173"><net_src comp="2169" pin="1"/><net_sink comp="726" pin=0"/></net>

<net id="2177"><net_src comp="301" pin="3"/><net_sink comp="2174" pin=0"/></net>

<net id="2178"><net_src comp="2174" pin="1"/><net_sink comp="732" pin=0"/></net>

<net id="2182"><net_src comp="308" pin="3"/><net_sink comp="2179" pin=0"/></net>

<net id="2183"><net_src comp="2179" pin="1"/><net_sink comp="738" pin=0"/></net>

<net id="2187"><net_src comp="315" pin="3"/><net_sink comp="2184" pin=0"/></net>

<net id="2188"><net_src comp="2184" pin="1"/><net_sink comp="744" pin=0"/></net>

<net id="2192"><net_src comp="322" pin="3"/><net_sink comp="2189" pin=0"/></net>

<net id="2193"><net_src comp="2189" pin="1"/><net_sink comp="750" pin=0"/></net>

<net id="2197"><net_src comp="329" pin="3"/><net_sink comp="2194" pin=0"/></net>

<net id="2198"><net_src comp="2194" pin="1"/><net_sink comp="756" pin=0"/></net>

<net id="2202"><net_src comp="336" pin="3"/><net_sink comp="2199" pin=0"/></net>

<net id="2203"><net_src comp="2199" pin="1"/><net_sink comp="762" pin=0"/></net>

<net id="2207"><net_src comp="343" pin="3"/><net_sink comp="2204" pin=0"/></net>

<net id="2208"><net_src comp="2204" pin="1"/><net_sink comp="768" pin=0"/></net>

<net id="2212"><net_src comp="350" pin="3"/><net_sink comp="2209" pin=0"/></net>

<net id="2213"><net_src comp="2209" pin="1"/><net_sink comp="774" pin=0"/></net>

<net id="2217"><net_src comp="357" pin="3"/><net_sink comp="2214" pin=0"/></net>

<net id="2218"><net_src comp="2214" pin="1"/><net_sink comp="780" pin=0"/></net>

<net id="2222"><net_src comp="364" pin="3"/><net_sink comp="2219" pin=0"/></net>

<net id="2223"><net_src comp="2219" pin="1"/><net_sink comp="786" pin=0"/></net>

<net id="2227"><net_src comp="371" pin="3"/><net_sink comp="2224" pin=0"/></net>

<net id="2228"><net_src comp="2224" pin="1"/><net_sink comp="792" pin=0"/></net>

<net id="2232"><net_src comp="378" pin="3"/><net_sink comp="2229" pin=0"/></net>

<net id="2233"><net_src comp="2229" pin="1"/><net_sink comp="798" pin=0"/></net>

<net id="2237"><net_src comp="385" pin="3"/><net_sink comp="2234" pin=0"/></net>

<net id="2238"><net_src comp="2234" pin="1"/><net_sink comp="804" pin=0"/></net>

<net id="2242"><net_src comp="392" pin="3"/><net_sink comp="2239" pin=0"/></net>

<net id="2243"><net_src comp="2239" pin="1"/><net_sink comp="810" pin=0"/></net>

<net id="2247"><net_src comp="399" pin="3"/><net_sink comp="2244" pin=0"/></net>

<net id="2248"><net_src comp="2244" pin="1"/><net_sink comp="816" pin=0"/></net>

<net id="2252"><net_src comp="406" pin="3"/><net_sink comp="2249" pin=0"/></net>

<net id="2253"><net_src comp="2249" pin="1"/><net_sink comp="822" pin=0"/></net>

<net id="2257"><net_src comp="413" pin="3"/><net_sink comp="2254" pin=0"/></net>

<net id="2258"><net_src comp="2254" pin="1"/><net_sink comp="828" pin=0"/></net>

<net id="2262"><net_src comp="420" pin="3"/><net_sink comp="2259" pin=0"/></net>

<net id="2263"><net_src comp="2259" pin="1"/><net_sink comp="834" pin=0"/></net>

<net id="2267"><net_src comp="427" pin="3"/><net_sink comp="2264" pin=0"/></net>

<net id="2268"><net_src comp="2264" pin="1"/><net_sink comp="840" pin=0"/></net>

<net id="2272"><net_src comp="434" pin="3"/><net_sink comp="2269" pin=0"/></net>

<net id="2273"><net_src comp="2269" pin="1"/><net_sink comp="846" pin=0"/></net>

<net id="2277"><net_src comp="441" pin="3"/><net_sink comp="2274" pin=0"/></net>

<net id="2278"><net_src comp="2274" pin="1"/><net_sink comp="852" pin=0"/></net>

<net id="2282"><net_src comp="448" pin="3"/><net_sink comp="2279" pin=0"/></net>

<net id="2283"><net_src comp="2279" pin="1"/><net_sink comp="858" pin=0"/></net>

<net id="2287"><net_src comp="455" pin="3"/><net_sink comp="2284" pin=0"/></net>

<net id="2288"><net_src comp="2284" pin="1"/><net_sink comp="864" pin=0"/></net>

<net id="2292"><net_src comp="462" pin="3"/><net_sink comp="2289" pin=0"/></net>

<net id="2293"><net_src comp="2289" pin="1"/><net_sink comp="870" pin=0"/></net>

<net id="2297"><net_src comp="469" pin="3"/><net_sink comp="2294" pin=0"/></net>

<net id="2298"><net_src comp="2294" pin="1"/><net_sink comp="876" pin=0"/></net>

<net id="2302"><net_src comp="476" pin="3"/><net_sink comp="2299" pin=0"/></net>

<net id="2303"><net_src comp="2299" pin="1"/><net_sink comp="882" pin=0"/></net>

<net id="2307"><net_src comp="483" pin="3"/><net_sink comp="2304" pin=0"/></net>

<net id="2308"><net_src comp="2304" pin="1"/><net_sink comp="888" pin=0"/></net>

<net id="2312"><net_src comp="490" pin="3"/><net_sink comp="2309" pin=0"/></net>

<net id="2313"><net_src comp="2309" pin="1"/><net_sink comp="894" pin=0"/></net>

<net id="2317"><net_src comp="497" pin="3"/><net_sink comp="2314" pin=0"/></net>

<net id="2318"><net_src comp="2314" pin="1"/><net_sink comp="900" pin=0"/></net>

<net id="2322"><net_src comp="504" pin="3"/><net_sink comp="2319" pin=0"/></net>

<net id="2323"><net_src comp="2319" pin="1"/><net_sink comp="906" pin=0"/></net>

<net id="2327"><net_src comp="511" pin="3"/><net_sink comp="2324" pin=0"/></net>

<net id="2328"><net_src comp="2324" pin="1"/><net_sink comp="912" pin=0"/></net>

<net id="2332"><net_src comp="518" pin="3"/><net_sink comp="2329" pin=0"/></net>

<net id="2333"><net_src comp="2329" pin="1"/><net_sink comp="918" pin=0"/></net>

<net id="2337"><net_src comp="525" pin="3"/><net_sink comp="2334" pin=0"/></net>

<net id="2338"><net_src comp="2334" pin="1"/><net_sink comp="924" pin=0"/></net>

<net id="2342"><net_src comp="532" pin="3"/><net_sink comp="2339" pin=0"/></net>

<net id="2343"><net_src comp="2339" pin="1"/><net_sink comp="930" pin=0"/></net>

<net id="2347"><net_src comp="539" pin="3"/><net_sink comp="2344" pin=0"/></net>

<net id="2348"><net_src comp="2344" pin="1"/><net_sink comp="936" pin=0"/></net>

<net id="2352"><net_src comp="546" pin="3"/><net_sink comp="2349" pin=0"/></net>

<net id="2353"><net_src comp="2349" pin="1"/><net_sink comp="942" pin=0"/></net>

<net id="2357"><net_src comp="553" pin="3"/><net_sink comp="2354" pin=0"/></net>

<net id="2358"><net_src comp="2354" pin="1"/><net_sink comp="948" pin=0"/></net>

<net id="2362"><net_src comp="560" pin="3"/><net_sink comp="2359" pin=0"/></net>

<net id="2363"><net_src comp="2359" pin="1"/><net_sink comp="954" pin=0"/></net>

<net id="2367"><net_src comp="567" pin="3"/><net_sink comp="2364" pin=0"/></net>

<net id="2368"><net_src comp="2364" pin="1"/><net_sink comp="960" pin=0"/></net>

<net id="2372"><net_src comp="574" pin="3"/><net_sink comp="2369" pin=0"/></net>

<net id="2373"><net_src comp="2369" pin="1"/><net_sink comp="966" pin=0"/></net>

<net id="2377"><net_src comp="581" pin="3"/><net_sink comp="2374" pin=0"/></net>

<net id="2378"><net_src comp="2374" pin="1"/><net_sink comp="972" pin=0"/></net>

<net id="2382"><net_src comp="588" pin="3"/><net_sink comp="2379" pin=0"/></net>

<net id="2383"><net_src comp="2379" pin="1"/><net_sink comp="978" pin=0"/></net>

<net id="2387"><net_src comp="595" pin="3"/><net_sink comp="2384" pin=0"/></net>

<net id="2388"><net_src comp="2384" pin="1"/><net_sink comp="984" pin=0"/></net>

<net id="2392"><net_src comp="602" pin="3"/><net_sink comp="2389" pin=0"/></net>

<net id="2393"><net_src comp="2389" pin="1"/><net_sink comp="990" pin=0"/></net>

<net id="2397"><net_src comp="609" pin="3"/><net_sink comp="2394" pin=0"/></net>

<net id="2398"><net_src comp="2394" pin="1"/><net_sink comp="996" pin=0"/></net>

<net id="2402"><net_src comp="616" pin="3"/><net_sink comp="2399" pin=0"/></net>

<net id="2403"><net_src comp="2399" pin="1"/><net_sink comp="1002" pin=0"/></net>

<net id="2407"><net_src comp="623" pin="3"/><net_sink comp="2404" pin=0"/></net>

<net id="2408"><net_src comp="2404" pin="1"/><net_sink comp="1008" pin=0"/></net>

<net id="2412"><net_src comp="1441" pin="2"/><net_sink comp="2409" pin=0"/></net>

<net id="2413"><net_src comp="2409" pin="1"/><net_sink comp="1909" pin=0"/></net>

<net id="2417"><net_src comp="1507" pin="2"/><net_sink comp="2414" pin=0"/></net>

<net id="2418"><net_src comp="2414" pin="1"/><net_sink comp="1912" pin=0"/></net>

<net id="2422"><net_src comp="1573" pin="2"/><net_sink comp="2419" pin=0"/></net>

<net id="2423"><net_src comp="2419" pin="1"/><net_sink comp="1925" pin=0"/></net>

<net id="2427"><net_src comp="1639" pin="2"/><net_sink comp="2424" pin=0"/></net>

<net id="2428"><net_src comp="2424" pin="1"/><net_sink comp="1928" pin=0"/></net>

<net id="2432"><net_src comp="1705" pin="2"/><net_sink comp="2429" pin=0"/></net>

<net id="2433"><net_src comp="2429" pin="1"/><net_sink comp="1951" pin=0"/></net>

<net id="2437"><net_src comp="1771" pin="2"/><net_sink comp="2434" pin=0"/></net>

<net id="2438"><net_src comp="2434" pin="1"/><net_sink comp="1954" pin=0"/></net>

<net id="2442"><net_src comp="1837" pin="2"/><net_sink comp="2439" pin=0"/></net>

<net id="2443"><net_src comp="2439" pin="1"/><net_sink comp="1967" pin=0"/></net>

<net id="2447"><net_src comp="1903" pin="2"/><net_sink comp="2444" pin=0"/></net>

<net id="2448"><net_src comp="2444" pin="1"/><net_sink comp="1970" pin=0"/></net>

<net id="2452"><net_src comp="1993" pin="2"/><net_sink comp="2449" pin=0"/></net>

<net id="2453"><net_src comp="2449" pin="1"/><net_sink comp="1999" pin=0"/></net>

<net id="2457"><net_src comp="1027" pin="2"/><net_sink comp="2454" pin=0"/></net>

<net id="2458"><net_src comp="2454" pin="1"/><net_sink comp="2003" pin=0"/></net>

</net_list>

</model> 
---------------- Datapath Model END ------------------

* FSMD analyzer results:
  - Output states:
	Port: y | {5 }
 - Input state : 
	Port: avgpool_64 : x_0 | {1 2 }
	Port: avgpool_64 : x_1 | {1 2 }
	Port: avgpool_64 : x_2 | {1 2 }
	Port: avgpool_64 : x_3 | {1 2 }
	Port: avgpool_64 : x_4 | {1 2 }
	Port: avgpool_64 : x_5 | {1 2 }
	Port: avgpool_64 : x_6 | {1 2 }
	Port: avgpool_64 : x_7 | {1 2 }
	Port: avgpool_64 : x_8 | {1 2 }
	Port: avgpool_64 : x_9 | {1 2 }
	Port: avgpool_64 : x_10 | {1 2 }
	Port: avgpool_64 : x_11 | {1 2 }
	Port: avgpool_64 : x_12 | {1 2 }
	Port: avgpool_64 : x_13 | {1 2 }
	Port: avgpool_64 : x_14 | {1 2 }
	Port: avgpool_64 : x_15 | {1 2 }
	Port: avgpool_64 : x_16 | {1 2 }
	Port: avgpool_64 : x_17 | {1 2 }
	Port: avgpool_64 : x_18 | {1 2 }
	Port: avgpool_64 : x_19 | {1 2 }
	Port: avgpool_64 : x_20 | {1 2 }
	Port: avgpool_64 : x_21 | {1 2 }
	Port: avgpool_64 : x_22 | {1 2 }
	Port: avgpool_64 : x_23 | {1 2 }
	Port: avgpool_64 : x_24 | {1 2 }
	Port: avgpool_64 : x_25 | {1 2 }
	Port: avgpool_64 : x_26 | {1 2 }
	Port: avgpool_64 : x_27 | {1 2 }
	Port: avgpool_64 : x_28 | {1 2 }
	Port: avgpool_64 : x_29 | {1 2 }
	Port: avgpool_64 : x_30 | {1 2 }
	Port: avgpool_64 : x_31 | {1 2 }
	Port: avgpool_64 : x_32 | {1 2 }
	Port: avgpool_64 : x_33 | {1 2 }
	Port: avgpool_64 : x_34 | {1 2 }
	Port: avgpool_64 : x_35 | {1 2 }
	Port: avgpool_64 : x_36 | {1 2 }
	Port: avgpool_64 : x_37 | {1 2 }
	Port: avgpool_64 : x_38 | {1 2 }
	Port: avgpool_64 : x_39 | {1 2 }
	Port: avgpool_64 : x_40 | {1 2 }
	Port: avgpool_64 : x_41 | {1 2 }
	Port: avgpool_64 : x_42 | {1 2 }
	Port: avgpool_64 : x_43 | {1 2 }
	Port: avgpool_64 : x_44 | {1 2 }
	Port: avgpool_64 : x_45 | {1 2 }
	Port: avgpool_64 : x_46 | {1 2 }
	Port: avgpool_64 : x_47 | {1 2 }
	Port: avgpool_64 : x_48 | {1 2 }
	Port: avgpool_64 : x_49 | {1 2 }
	Port: avgpool_64 : x_50 | {1 2 }
	Port: avgpool_64 : x_51 | {1 2 }
	Port: avgpool_64 : x_52 | {1 2 }
	Port: avgpool_64 : x_53 | {1 2 }
	Port: avgpool_64 : x_54 | {1 2 }
	Port: avgpool_64 : x_55 | {1 2 }
	Port: avgpool_64 : x_56 | {1 2 }
	Port: avgpool_64 : x_57 | {1 2 }
	Port: avgpool_64 : x_58 | {1 2 }
	Port: avgpool_64 : x_59 | {1 2 }
	Port: avgpool_64 : x_60 | {1 2 }
	Port: avgpool_64 : x_61 | {1 2 }
	Port: avgpool_64 : x_62 | {1 2 }
	Port: avgpool_64 : x_63 | {1 2 }
  - Chain level:
	State 1
		store_ln172 : 1
		c_3 : 1
		icmp_ln172 : 2
		add_ln172 : 2
		br_ln172 : 3
		zext_ln172 : 2
		x_0_addr : 3
		x_1_addr : 3
		x_2_addr : 3
		x_3_addr : 3
		x_4_addr : 3
		x_5_addr : 3
		x_6_addr : 3
		x_7_addr : 3
		x_8_addr : 3
		x_9_addr : 3
		x_10_addr : 3
		x_11_addr : 3
		x_12_addr : 3
		x_13_addr : 3
		x_14_addr : 3
		x_15_addr : 3
		x_16_addr : 3
		x_17_addr : 3
		x_18_addr : 3
		x_19_addr : 3
		x_20_addr : 3
		x_21_addr : 3
		x_22_addr : 3
		x_23_addr : 3
		x_24_addr : 3
		x_25_addr : 3
		x_26_addr : 3
		x_27_addr : 3
		x_28_addr : 3
		x_29_addr : 3
		x_30_addr : 3
		x_31_addr : 3
		x_32_addr : 3
		x_33_addr : 3
		x_34_addr : 3
		x_35_addr : 3
		x_36_addr : 3
		x_37_addr : 3
		x_38_addr : 3
		x_39_addr : 3
		x_40_addr : 3
		x_41_addr : 3
		x_42_addr : 3
		x_43_addr : 3
		x_44_addr : 3
		x_45_addr : 3
		x_46_addr : 3
		x_47_addr : 3
		x_48_addr : 3
		x_49_addr : 3
		x_50_addr : 3
		x_51_addr : 3
		x_52_addr : 3
		x_53_addr : 3
		x_54_addr : 3
		x_55_addr : 3
		x_56_addr : 3
		x_57_addr : 3
		x_58_addr : 3
		x_59_addr : 3
		x_60_addr : 3
		x_61_addr : 3
		x_62_addr : 3
		x_63_addr : 3
		acc : 4
		x_1_load : 4
		x_2_load : 4
		x_3_load : 4
		x_4_load : 4
		x_5_load : 4
		x_6_load : 4
		x_7_load : 4
		x_8_load : 4
		x_9_load : 4
		x_10_load : 4
		x_11_load : 4
		x_12_load : 4
		x_13_load : 4
		x_14_load : 4
		x_15_load : 4
		x_16_load : 4
		x_17_load : 4
		x_18_load : 4
		x_19_load : 4
		x_20_load : 4
		x_21_load : 4
		x_22_load : 4
		x_23_load : 4
		x_24_load : 4
		x_25_load : 4
		x_26_load : 4
		x_27_load : 4
		x_28_load : 4
		x_29_load : 4
		x_30_load : 4
		x_31_load : 4
		x_32_load : 4
		x_33_load : 4
		x_34_load : 4
		x_35_load : 4
		x_36_load : 4
		x_37_load : 4
		x_38_load : 4
		x_39_load : 4
		x_40_load : 4
		x_41_load : 4
		x_42_load : 4
		x_43_load : 4
		x_44_load : 4
		x_45_load : 4
		x_46_load : 4
		x_47_load : 4
		x_48_load : 4
		x_49_load : 4
		x_50_load : 4
		x_51_load : 4
		x_52_load : 4
		x_53_load : 4
		x_54_load : 4
		x_55_load : 4
		x_56_load : 4
		x_57_load : 4
		x_58_load : 4
		x_59_load : 4
		x_60_load : 4
		x_61_load : 4
		x_62_load : 4
		x_63_load : 4
		store_ln172 : 3
	State 2
		sext_ln174 : 1
		sext_ln175 : 1
		sext_ln175_125 : 1
		sext_ln175_126 : 1
		sext_ln175_127 : 1
		sext_ln175_128 : 1
		sext_ln175_129 : 1
		sext_ln175_130 : 1
		sext_ln175_131 : 1
		sext_ln175_132 : 1
		sext_ln175_133 : 1
		sext_ln175_134 : 1
		sext_ln175_135 : 1
		sext_ln175_136 : 1
		sext_ln175_137 : 1
		sext_ln175_138 : 1
		sext_ln175_139 : 1
		sext_ln175_140 : 1
		sext_ln175_141 : 1
		sext_ln175_142 : 1
		sext_ln175_143 : 1
		sext_ln175_144 : 1
		sext_ln175_145 : 1
		sext_ln175_146 : 1
		sext_ln175_147 : 1
		sext_ln175_148 : 1
		sext_ln175_149 : 1
		sext_ln175_150 : 1
		sext_ln175_151 : 1
		sext_ln175_152 : 1
		sext_ln175_153 : 1
		sext_ln175_154 : 1
		sext_ln175_155 : 1
		sext_ln175_156 : 1
		sext_ln175_157 : 1
		sext_ln175_158 : 1
		sext_ln175_159 : 1
		sext_ln175_160 : 1
		sext_ln175_161 : 1
		sext_ln175_162 : 1
		sext_ln175_163 : 1
		sext_ln175_164 : 1
		sext_ln175_165 : 1
		sext_ln175_166 : 1
		sext_ln175_167 : 1
		sext_ln175_168 : 1
		sext_ln175_169 : 1
		sext_ln175_170 : 1
		sext_ln175_171 : 1
		sext_ln175_172 : 1
		sext_ln175_173 : 1
		sext_ln175_174 : 1
		sext_ln175_175 : 1
		sext_ln175_176 : 1
		sext_ln175_177 : 1
		sext_ln175_178 : 1
		sext_ln175_179 : 1
		sext_ln175_180 : 1
		sext_ln175_181 : 1
		sext_ln175_182 : 1
		sext_ln175_183 : 1
		sext_ln175_184 : 1
		sext_ln175_185 : 1
		sext_ln175_186 : 1
		add_ln175 : 2
		sext_ln175_187 : 3
		add_ln175_63 : 2
		sext_ln175_188 : 3
		add_ln175_64 : 4
		sext_ln175_189 : 5
		add_ln175_65 : 2
		sext_ln175_190 : 3
		add_ln175_66 : 2
		sext_ln175_191 : 3
		add_ln175_67 : 4
		sext_ln175_192 : 5
		add_ln175_68 : 6
		add_ln175_69 : 2
		sext_ln175_194 : 3
		add_ln175_70 : 2
		sext_ln175_195 : 3
		add_ln175_71 : 4
		sext_ln175_196 : 5
		add_ln175_72 : 2
		sext_ln175_197 : 3
		add_ln175_73 : 2
		sext_ln175_198 : 3
		add_ln175_74 : 4
		sext_ln175_199 : 5
		add_ln175_75 : 6
		add_ln175_77 : 2
		sext_ln175_202 : 3
		add_ln175_78 : 2
		sext_ln175_203 : 3
		add_ln175_79 : 4
		sext_ln175_204 : 5
		add_ln175_80 : 2
		sext_ln175_205 : 3
		add_ln175_81 : 2
		sext_ln175_206 : 3
		add_ln175_82 : 4
		sext_ln175_207 : 5
		add_ln175_83 : 6
		add_ln175_84 : 2
		sext_ln175_209 : 3
		add_ln175_85 : 2
		sext_ln175_210 : 3
		add_ln175_86 : 4
		sext_ln175_211 : 5
		add_ln175_87 : 2
		sext_ln175_212 : 3
		add_ln175_88 : 2
		sext_ln175_213 : 3
		add_ln175_89 : 4
		sext_ln175_214 : 5
		add_ln175_90 : 6
		add_ln175_93 : 2
		sext_ln175_218 : 3
		add_ln175_94 : 2
		sext_ln175_219 : 3
		add_ln175_95 : 4
		sext_ln175_220 : 5
		add_ln175_96 : 2
		sext_ln175_221 : 3
		add_ln175_97 : 2
		sext_ln175_222 : 3
		add_ln175_98 : 4
		sext_ln175_223 : 5
		add_ln175_99 : 6
		add_ln175_100 : 2
		sext_ln175_225 : 3
		add_ln175_101 : 2
		sext_ln175_226 : 3
		add_ln175_102 : 4
		sext_ln175_227 : 5
		add_ln175_103 : 2
		sext_ln175_228 : 3
		add_ln175_104 : 2
		sext_ln175_229 : 3
		add_ln175_105 : 4
		sext_ln175_230 : 5
		add_ln175_106 : 6
		add_ln175_108 : 2
		sext_ln175_233 : 3
		add_ln175_109 : 2
		sext_ln175_234 : 3
		add_ln175_110 : 4
		sext_ln175_235 : 5
		add_ln175_111 : 2
		sext_ln175_236 : 3
		add_ln175_112 : 2
		sext_ln175_237 : 3
		add_ln175_113 : 4
		sext_ln175_238 : 5
		add_ln175_114 : 6
		add_ln175_115 : 2
		sext_ln175_240 : 3
		add_ln175_116 : 2
		sext_ln175_241 : 3
		add_ln175_117 : 4
		sext_ln175_242 : 5
		add_ln175_118 : 2
		sext_ln175_243 : 3
		add_ln175_119 : 2
		sext_ln175_244 : 3
		add_ln175_120 : 4
		sext_ln175_245 : 5
		add_ln175_121 : 6
	State 3
		add_ln175_76 : 1
		sext_ln175_201 : 2
		add_ln175_91 : 1
		sext_ln175_216 : 2
		add_ln175_92 : 3
		sext_ln175_217 : 4
		add_ln175_107 : 1
		sext_ln175_232 : 2
		add_ln175_122 : 1
		sext_ln175_247 : 2
		add_ln175_123 : 3
		sext_ln175_248 : 4
		acc_5 : 5
	State 4
		mul_ln17 : 1
	State 5
		trunc_ln : 1
		tmp : 1
		icmp_ln24 : 2
		icmp_ln25 : 2
		trunc_ln2 : 1
		select_ln24_11 : 3
		or_ln24 : 3
		select_ln24 : 3
		store_ln176 : 4


============================================================
+ Verbose Summary: Datapath Resource usage 
============================================================

* Functional unit list:
|----------|------------------------|---------|---------|---------|
| Operation|     Functional Unit    |   DSP   |    FF   |   LUT   |
|----------|------------------------|---------|---------|---------|
|          |    add_ln172_fu_1046   |    0    |    0    |    14   |
|          |    add_ln175_fu_1381   |    0    |    0    |    15   |
|          |  add_ln175_63_fu_1391  |    0    |    0    |    15   |
|          |  add_ln175_64_fu_1401  |    0    |    0    |    16   |
|          |  add_ln175_65_fu_1411  |    0    |    0    |    15   |
|          |  add_ln175_66_fu_1421  |    0    |    0    |    15   |
|          |  add_ln175_67_fu_1431  |    0    |    0    |    16   |
|          |  add_ln175_68_fu_1441  |    0    |    0    |    17   |
|          |  add_ln175_69_fu_1447  |    0    |    0    |    15   |
|          |  add_ln175_70_fu_1457  |    0    |    0    |    15   |
|          |  add_ln175_71_fu_1467  |    0    |    0    |    16   |
|          |  add_ln175_72_fu_1477  |    0    |    0    |    15   |
|          |  add_ln175_73_fu_1487  |    0    |    0    |    15   |
|          |  add_ln175_74_fu_1497  |    0    |    0    |    16   |
|          |  add_ln175_75_fu_1507  |    0    |    0    |    17   |
|          |  add_ln175_77_fu_1513  |    0    |    0    |    15   |
|          |  add_ln175_78_fu_1523  |    0    |    0    |    15   |
|          |  add_ln175_79_fu_1533  |    0    |    0    |    16   |
|          |  add_ln175_80_fu_1543  |    0    |    0    |    15   |
|          |  add_ln175_81_fu_1553  |    0    |    0    |    15   |
|          |  add_ln175_82_fu_1563  |    0    |    0    |    16   |
|          |  add_ln175_83_fu_1573  |    0    |    0    |    17   |
|          |  add_ln175_84_fu_1579  |    0    |    0    |    15   |
|          |  add_ln175_85_fu_1589  |    0    |    0    |    15   |
|          |  add_ln175_86_fu_1599  |    0    |    0    |    16   |
|          |  add_ln175_87_fu_1609  |    0    |    0    |    15   |
|          |  add_ln175_88_fu_1619  |    0    |    0    |    15   |
|          |  add_ln175_89_fu_1629  |    0    |    0    |    16   |
|          |  add_ln175_90_fu_1639  |    0    |    0    |    17   |
|          |  add_ln175_93_fu_1645  |    0    |    0    |    15   |
|          |  add_ln175_94_fu_1655  |    0    |    0    |    15   |
|          |  add_ln175_95_fu_1665  |    0    |    0    |    16   |
|    add   |  add_ln175_96_fu_1675  |    0    |    0    |    15   |
|          |  add_ln175_97_fu_1685  |    0    |    0    |    15   |
|          |  add_ln175_98_fu_1695  |    0    |    0    |    16   |
|          |  add_ln175_99_fu_1705  |    0    |    0    |    17   |
|          |  add_ln175_100_fu_1711 |    0    |    0    |    15   |
|          |  add_ln175_101_fu_1721 |    0    |    0    |    15   |
|          |  add_ln175_102_fu_1731 |    0    |    0    |    16   |
|          |  add_ln175_103_fu_1741 |    0    |    0    |    15   |
|          |  add_ln175_104_fu_1751 |    0    |    0    |    15   |
|          |  add_ln175_105_fu_1761 |    0    |    0    |    16   |
|          |  add_ln175_106_fu_1771 |    0    |    0    |    17   |
|          |  add_ln175_108_fu_1777 |    0    |    0    |    15   |
|          |  add_ln175_109_fu_1787 |    0    |    0    |    15   |
|          |  add_ln175_110_fu_1797 |    0    |    0    |    16   |
|          |  add_ln175_111_fu_1807 |    0    |    0    |    15   |
|          |  add_ln175_112_fu_1817 |    0    |    0    |    15   |
|          |  add_ln175_113_fu_1827 |    0    |    0    |    16   |
|          |  add_ln175_114_fu_1837 |    0    |    0    |    17   |
|          |  add_ln175_115_fu_1843 |    0    |    0    |    15   |
|          |  add_ln175_116_fu_1853 |    0    |    0    |    15   |
|          |  add_ln175_117_fu_1863 |    0    |    0    |    16   |
|          |  add_ln175_118_fu_1873 |    0    |    0    |    15   |
|          |  add_ln175_119_fu_1883 |    0    |    0    |    15   |
|          |  add_ln175_120_fu_1893 |    0    |    0    |    16   |
|          |  add_ln175_121_fu_1903 |    0    |    0    |    17   |
|          |  add_ln175_76_fu_1915  |    0    |    0    |    18   |
|          |  add_ln175_91_fu_1931  |    0    |    0    |    18   |
|          |  add_ln175_92_fu_1941  |    0    |    0    |    19   |
|          |  add_ln175_107_fu_1957 |    0    |    0    |    18   |
|          |  add_ln175_122_fu_1973 |    0    |    0    |    18   |
|          |  add_ln175_123_fu_1983 |    0    |    0    |    19   |
|          |      acc_5_fu_1993     |    0    |    0    |    20   |
|          |       sum_fu_2003      |    0    |    0    |    52   |
|----------|------------------------|---------|---------|---------|
|          |   icmp_ln172_fu_1040   |    0    |    0    |    14   |
|   icmp   |    icmp_ln24_fu_2028   |    0    |    0    |    10   |
|          |    icmp_ln25_fu_2034   |    0    |    0    |    17   |
|----------|------------------------|---------|---------|---------|
|    mul   |    mul_ln17_fu_1027    |    2    |    0    |    20   |
|----------|------------------------|---------|---------|---------|
|  select  | select_ln24_11_fu_2050 |    0    |    0    |    8    |
|          |   select_ln24_fu_2064  |    0    |    0    |    8    |
|----------|------------------------|---------|---------|---------|
|    or    |     or_ln24_fu_2058    |    0    |    0    |    2    |
|----------|------------------------|---------|---------|---------|
|   zext   |   zext_ln172_fu_1052   |    0    |    0    |    0    |
|----------|------------------------|---------|---------|---------|
|          |   sext_ln174_fu_1125   |    0    |    0    |    0    |
|          |   sext_ln175_fu_1129   |    0    |    0    |    0    |
|          | sext_ln175_125_fu_1133 |    0    |    0    |    0    |
|          | sext_ln175_126_fu_1137 |    0    |    0    |    0    |
|          | sext_ln175_127_fu_1141 |    0    |    0    |    0    |
|          | sext_ln175_128_fu_1145 |    0    |    0    |    0    |
|          | sext_ln175_129_fu_1149 |    0    |    0    |    0    |
|          | sext_ln175_130_fu_1153 |    0    |    0    |    0    |
|          | sext_ln175_131_fu_1157 |    0    |    0    |    0    |
|          | sext_ln175_132_fu_1161 |    0    |    0    |    0    |
|          | sext_ln175_133_fu_1165 |    0    |    0    |    0    |
|          | sext_ln175_134_fu_1169 |    0    |    0    |    0    |
|          | sext_ln175_135_fu_1173 |    0    |    0    |    0    |
|          | sext_ln175_136_fu_1177 |    0    |    0    |    0    |
|          | sext_ln175_137_fu_1181 |    0    |    0    |    0    |
|          | sext_ln175_138_fu_1185 |    0    |    0    |    0    |
|          | sext_ln175_139_fu_1189 |    0    |    0    |    0    |
|          | sext_ln175_140_fu_1193 |    0    |    0    |    0    |
|          | sext_ln175_141_fu_1197 |    0    |    0    |    0    |
|          | sext_ln175_142_fu_1201 |    0    |    0    |    0    |
|          | sext_ln175_143_fu_1205 |    0    |    0    |    0    |
|          | sext_ln175_144_fu_1209 |    0    |    0    |    0    |
|          | sext_ln175_145_fu_1213 |    0    |    0    |    0    |
|          | sext_ln175_146_fu_1217 |    0    |    0    |    0    |
|          | sext_ln175_147_fu_1221 |    0    |    0    |    0    |
|          | sext_ln175_148_fu_1225 |    0    |    0    |    0    |
|          | sext_ln175_149_fu_1229 |    0    |    0    |    0    |
|          | sext_ln175_150_fu_1233 |    0    |    0    |    0    |
|          | sext_ln175_151_fu_1237 |    0    |    0    |    0    |
|          | sext_ln175_152_fu_1241 |    0    |    0    |    0    |
|          | sext_ln175_153_fu_1245 |    0    |    0    |    0    |
|          | sext_ln175_154_fu_1249 |    0    |    0    |    0    |
|          | sext_ln175_155_fu_1253 |    0    |    0    |    0    |
|          | sext_ln175_156_fu_1257 |    0    |    0    |    0    |
|          | sext_ln175_157_fu_1261 |    0    |    0    |    0    |
|          | sext_ln175_158_fu_1265 |    0    |    0    |    0    |
|          | sext_ln175_159_fu_1269 |    0    |    0    |    0    |
|          | sext_ln175_160_fu_1273 |    0    |    0    |    0    |
|          | sext_ln175_161_fu_1277 |    0    |    0    |    0    |
|          | sext_ln175_162_fu_1281 |    0    |    0    |    0    |
|          | sext_ln175_163_fu_1285 |    0    |    0    |    0    |
|          | sext_ln175_164_fu_1289 |    0    |    0    |    0    |
|          | sext_ln175_165_fu_1293 |    0    |    0    |    0    |
|          | sext_ln175_166_fu_1297 |    0    |    0    |    0    |
|          | sext_ln175_167_fu_1301 |    0    |    0    |    0    |
|          | sext_ln175_168_fu_1305 |    0    |    0    |    0    |
|          | sext_ln175_169_fu_1309 |    0    |    0    |    0    |
|          | sext_ln175_170_fu_1313 |    0    |    0    |    0    |
|          | sext_ln175_171_fu_1317 |    0    |    0    |    0    |
|          | sext_ln175_172_fu_1321 |    0    |    0    |    0    |
|          | sext_ln175_173_fu_1325 |    0    |    0    |    0    |
|          | sext_ln175_174_fu_1329 |    0    |    0    |    0    |
|          | sext_ln175_175_fu_1333 |    0    |    0    |    0    |
|          | sext_ln175_176_fu_1337 |    0    |    0    |    0    |
|          | sext_ln175_177_fu_1341 |    0    |    0    |    0    |
|          | sext_ln175_178_fu_1345 |    0    |    0    |    0    |
|          | sext_ln175_179_fu_1349 |    0    |    0    |    0    |
|          | sext_ln175_180_fu_1353 |    0    |    0    |    0    |
|          | sext_ln175_181_fu_1357 |    0    |    0    |    0    |
|          | sext_ln175_182_fu_1361 |    0    |    0    |    0    |
|          | sext_ln175_183_fu_1365 |    0    |    0    |    0    |
|          | sext_ln175_184_fu_1369 |    0    |    0    |    0    |
|          | sext_ln175_185_fu_1373 |    0    |    0    |    0    |
|   sext   | sext_ln175_186_fu_1377 |    0    |    0    |    0    |
|          | sext_ln175_187_fu_1387 |    0    |    0    |    0    |
|          | sext_ln175_188_fu_1397 |    0    |    0    |    0    |
|          | sext_ln175_189_fu_1407 |    0    |    0    |    0    |
|          | sext_ln175_190_fu_1417 |    0    |    0    |    0    |
|          | sext_ln175_191_fu_1427 |    0    |    0    |    0    |
|          | sext_ln175_192_fu_1437 |    0    |    0    |    0    |
|          | sext_ln175_194_fu_1453 |    0    |    0    |    0    |
|          | sext_ln175_195_fu_1463 |    0    |    0    |    0    |
|          | sext_ln175_196_fu_1473 |    0    |    0    |    0    |
|          | sext_ln175_197_fu_1483 |    0    |    0    |    0    |
|          | sext_ln175_198_fu_1493 |    0    |    0    |    0    |
|          | sext_ln175_199_fu_1503 |    0    |    0    |    0    |
|          | sext_ln175_202_fu_1519 |    0    |    0    |    0    |
|          | sext_ln175_203_fu_1529 |    0    |    0    |    0    |
|          | sext_ln175_204_fu_1539 |    0    |    0    |    0    |
|          | sext_ln175_205_fu_1549 |    0    |    0    |    0    |
|          | sext_ln175_206_fu_1559 |    0    |    0    |    0    |
|          | sext_ln175_207_fu_1569 |    0    |    0    |    0    |
|          | sext_ln175_209_fu_1585 |    0    |    0    |    0    |
|          | sext_ln175_210_fu_1595 |    0    |    0    |    0    |
|          | sext_ln175_211_fu_1605 |    0    |    0    |    0    |
|          | sext_ln175_212_fu_1615 |    0    |    0    |    0    |
|          | sext_ln175_213_fu_1625 |    0    |    0    |    0    |
|          | sext_ln175_214_fu_1635 |    0    |    0    |    0    |
|          | sext_ln175_218_fu_1651 |    0    |    0    |    0    |
|          | sext_ln175_219_fu_1661 |    0    |    0    |    0    |
|          | sext_ln175_220_fu_1671 |    0    |    0    |    0    |
|          | sext_ln175_221_fu_1681 |    0    |    0    |    0    |
|          | sext_ln175_222_fu_1691 |    0    |    0    |    0    |
|          | sext_ln175_223_fu_1701 |    0    |    0    |    0    |
|          | sext_ln175_225_fu_1717 |    0    |    0    |    0    |
|          | sext_ln175_226_fu_1727 |    0    |    0    |    0    |
|          | sext_ln175_227_fu_1737 |    0    |    0    |    0    |
|          | sext_ln175_228_fu_1747 |    0    |    0    |    0    |
|          | sext_ln175_229_fu_1757 |    0    |    0    |    0    |
|          | sext_ln175_230_fu_1767 |    0    |    0    |    0    |
|          | sext_ln175_233_fu_1783 |    0    |    0    |    0    |
|          | sext_ln175_234_fu_1793 |    0    |    0    |    0    |
|          | sext_ln175_235_fu_1803 |    0    |    0    |    0    |
|          | sext_ln175_236_fu_1813 |    0    |    0    |    0    |
|          | sext_ln175_237_fu_1823 |    0    |    0    |    0    |
|          | sext_ln175_238_fu_1833 |    0    |    0    |    0    |
|          | sext_ln175_240_fu_1849 |    0    |    0    |    0    |
|          | sext_ln175_241_fu_1859 |    0    |    0    |    0    |
|          | sext_ln175_242_fu_1869 |    0    |    0    |    0    |
|          | sext_ln175_243_fu_1879 |    0    |    0    |    0    |
|          | sext_ln175_244_fu_1889 |    0    |    0    |    0    |
|          | sext_ln175_245_fu_1899 |    0    |    0    |    0    |
|          | sext_ln175_193_fu_1909 |    0    |    0    |    0    |
|          | sext_ln175_200_fu_1912 |    0    |    0    |    0    |
|          | sext_ln175_201_fu_1921 |    0    |    0    |    0    |
|          | sext_ln175_208_fu_1925 |    0    |    0    |    0    |
|          | sext_ln175_215_fu_1928 |    0    |    0    |    0    |
|          | sext_ln175_216_fu_1937 |    0    |    0    |    0    |
|          | sext_ln175_217_fu_1947 |    0    |    0    |    0    |
|          | sext_ln175_224_fu_1951 |    0    |    0    |    0    |
|          | sext_ln175_231_fu_1954 |    0    |    0    |    0    |
|          | sext_ln175_232_fu_1963 |    0    |    0    |    0    |
|          | sext_ln175_239_fu_1967 |    0    |    0    |    0    |
|          | sext_ln175_246_fu_1970 |    0    |    0    |    0    |
|          | sext_ln175_247_fu_1979 |    0    |    0    |    0    |
|          | sext_ln175_248_fu_1989 |    0    |    0    |    0    |
|          |    sext_ln17_fu_1999   |    0    |    0    |    0    |
|----------|------------------------|---------|---------|---------|
|          |    trunc_ln_fu_2008    |    0    |    0    |    0    |
|partselect|       tmp_fu_2018      |    0    |    0    |    0    |
|          |    trunc_ln2_fu_2040   |    0    |    0    |    0    |
|----------|------------------------|---------|---------|---------|
|   Total  |                        |    2    |    0    |   1147  |
|----------|------------------------|---------|---------|---------|

Memories:
N/A

* Register list:
+----------------------+--------+
|                      |   FF   |
+----------------------+--------+
|    acc_5_reg_2449    |   14   |
|add_ln175_106_reg_2434|   11   |
|add_ln175_114_reg_2439|   11   |
|add_ln175_121_reg_2444|   11   |
| add_ln175_68_reg_2409|   11   |
| add_ln175_75_reg_2414|   11   |
| add_ln175_83_reg_2419|   11   |
| add_ln175_90_reg_2424|   11   |
| add_ln175_99_reg_2429|   11   |
|      c_reg_2073      |    7   |
|  icmp_ln172_reg_2080 |    1   |
|   mul_ln17_reg_2454  |   45   |
|   x_0_addr_reg_2089  |    6   |
|  x_10_addr_reg_2139  |    6   |
|  x_11_addr_reg_2144  |    6   |
|  x_12_addr_reg_2149  |    6   |
|  x_13_addr_reg_2154  |    6   |
|  x_14_addr_reg_2159  |    6   |
|  x_15_addr_reg_2164  |    6   |
|  x_16_addr_reg_2169  |    6   |
|  x_17_addr_reg_2174  |    6   |
|  x_18_addr_reg_2179  |    6   |
|  x_19_addr_reg_2184  |    6   |
|   x_1_addr_reg_2094  |    6   |
|  x_20_addr_reg_2189  |    6   |
|  x_21_addr_reg_2194  |    6   |
|  x_22_addr_reg_2199  |    6   |
|  x_23_addr_reg_2204  |    6   |
|  x_24_addr_reg_2209  |    6   |
|  x_25_addr_reg_2214  |    6   |
|  x_26_addr_reg_2219  |    6   |
|  x_27_addr_reg_2224  |    6   |
|  x_28_addr_reg_2229  |    6   |
|  x_29_addr_reg_2234  |    6   |
|   x_2_addr_reg_2099  |    6   |
|  x_30_addr_reg_2239  |    6   |
|  x_31_addr_reg_2244  |    6   |
|  x_32_addr_reg_2249  |    6   |
|  x_33_addr_reg_2254  |    6   |
|  x_34_addr_reg_2259  |    6   |
|  x_35_addr_reg_2264  |    6   |
|  x_36_addr_reg_2269  |    6   |
|  x_37_addr_reg_2274  |    6   |
|  x_38_addr_reg_2279  |    6   |
|  x_39_addr_reg_2284  |    6   |
|   x_3_addr_reg_2104  |    6   |
|  x_40_addr_reg_2289  |    6   |
|  x_41_addr_reg_2294  |    6   |
|  x_42_addr_reg_2299  |    6   |
|  x_43_addr_reg_2304  |    6   |
|  x_44_addr_reg_2309  |    6   |
|  x_45_addr_reg_2314  |    6   |
|  x_46_addr_reg_2319  |    6   |
|  x_47_addr_reg_2324  |    6   |
|  x_48_addr_reg_2329  |    6   |
|  x_49_addr_reg_2334  |    6   |
|   x_4_addr_reg_2109  |    6   |
|  x_50_addr_reg_2339  |    6   |
|  x_51_addr_reg_2344  |    6   |
|  x_52_addr_reg_2349  |    6   |
|  x_53_addr_reg_2354  |    6   |
|  x_54_addr_reg_2359  |    6   |
|  x_55_addr_reg_2364  |    6   |
|  x_56_addr_reg_2369  |    6   |
|  x_57_addr_reg_2374  |    6   |
|  x_58_addr_reg_2379  |    6   |
|  x_59_addr_reg_2384  |    6   |
|   x_5_addr_reg_2114  |    6   |
|  x_60_addr_reg_2389  |    6   |
|  x_61_addr_reg_2394  |    6   |
|  x_62_addr_reg_2399  |    6   |
|  x_63_addr_reg_2404  |    6   |
|   x_6_addr_reg_2119  |    6   |
|   x_7_addr_reg_2124  |    6   |
|   x_8_addr_reg_2129  |    6   |
|   x_9_addr_reg_2134  |    6   |
|  zext_ln172_reg_2084 |   64   |
+----------------------+--------+
|         Total        |   603  |
+----------------------+--------+

* Multiplexer (MUX) list: 
|--------------------|------|------|------|--------||---------||---------|
|        Comp        |  Pin | Size |  BW  | S x BW ||  Delay  ||   LUT   |
|--------------------|------|------|------|--------||---------||---------|
|  grp_access_fu_630 |  p0  |   2  |   6  |   12   ||    9    |
|  grp_access_fu_636 |  p0  |   2  |   6  |   12   ||    9    |
|  grp_access_fu_642 |  p0  |   2  |   6  |   12   ||    9    |
|  grp_access_fu_648 |  p0  |   2  |   6  |   12   ||    9    |
|  grp_access_fu_654 |  p0  |   2  |   6  |   12   ||    9    |
|  grp_access_fu_660 |  p0  |   2  |   6  |   12   ||    9    |
|  grp_access_fu_666 |  p0  |   2  |   6  |   12   ||    9    |
|  grp_access_fu_672 |  p0  |   2  |   6  |   12   ||    9    |
|  grp_access_fu_678 |  p0  |   2  |   6  |   12   ||    9    |
|  grp_access_fu_684 |  p0  |   2  |   6  |   12   ||    9    |
|  grp_access_fu_690 |  p0  |   2  |   6  |   12   ||    9    |
|  grp_access_fu_696 |  p0  |   2  |   6  |   12   ||    9    |
|  grp_access_fu_702 |  p0  |   2  |   6  |   12   ||    9    |
|  grp_access_fu_708 |  p0  |   2  |   6  |   12   ||    9    |
|  grp_access_fu_714 |  p0  |   2  |   6  |   12   ||    9    |
|  grp_access_fu_720 |  p0  |   2  |   6  |   12   ||    9    |
|  grp_access_fu_726 |  p0  |   2  |   6  |   12   ||    9    |
|  grp_access_fu_732 |  p0  |   2  |   6  |   12   ||    9    |
|  grp_access_fu_738 |  p0  |   2  |   6  |   12   ||    9    |
|  grp_access_fu_744 |  p0  |   2  |   6  |   12   ||    9    |
|  grp_access_fu_750 |  p0  |   2  |   6  |   12   ||    9    |
|  grp_access_fu_756 |  p0  |   2  |   6  |   12   ||    9    |
|  grp_access_fu_762 |  p0  |   2  |   6  |   12   ||    9    |
|  grp_access_fu_768 |  p0  |   2  |   6  |   12   ||    9    |
|  grp_access_fu_774 |  p0  |   2  |   6  |   12   ||    9    |
|  grp_access_fu_780 |  p0  |   2  |   6  |   12   ||    9    |
|  grp_access_fu_786 |  p0  |   2  |   6  |   12   ||    9    |
|  grp_access_fu_792 |  p0  |   2  |   6  |   12   ||    9    |
|  grp_access_fu_798 |  p0  |   2  |   6  |   12   ||    9    |
|  grp_access_fu_804 |  p0  |   2  |   6  |   12   ||    9    |
|  grp_access_fu_810 |  p0  |   2  |   6  |   12   ||    9    |
|  grp_access_fu_816 |  p0  |   2  |   6  |   12   ||    9    |
|  grp_access_fu_822 |  p0  |   2  |   6  |   12   ||    9    |
|  grp_access_fu_828 |  p0  |   2  |   6  |   12   ||    9    |
|  grp_access_fu_834 |  p0  |   2  |   6  |   12   ||    9    |
|  grp_access_fu_840 |  p0  |   2  |   6  |   12   ||    9    |
|  grp_access_fu_846 |  p0  |   2  |   6  |   12   ||    9    |
|  grp_access_fu_852 |  p0  |   2  |   6  |   12   ||    9    |
|  grp_access_fu_858 |  p0  |   2  |   6  |   12   ||    9    |
|  grp_access_fu_864 |  p0  |   2  |   6  |   12   ||    9    |
|  grp_access_fu_870 |  p0  |   2  |   6  |   12   ||    9    |
|  grp_access_fu_876 |  p0  |   2  |   6  |   12   ||    9    |
|  grp_access_fu_882 |  p0  |   2  |   6  |   12   ||    9    |
|  grp_access_fu_888 |  p0  |   2  |   6  |   12   ||    9    |
|  grp_access_fu_894 |  p0  |   2  |   6  |   12   ||    9    |
|  grp_access_fu_900 |  p0  |   2  |   6  |   12   ||    9    |
|  grp_access_fu_906 |  p0  |   2  |   6  |   12   ||    9    |
|  grp_access_fu_912 |  p0  |   2  |   6  |   12   ||    9    |
|  grp_access_fu_918 |  p0  |   2  |   6  |   12   ||    9    |
|  grp_access_fu_924 |  p0  |   2  |   6  |   12   ||    9    |
|  grp_access_fu_930 |  p0  |   2  |   6  |   12   ||    9    |
|  grp_access_fu_936 |  p0  |   2  |   6  |   12   ||    9    |
|  grp_access_fu_942 |  p0  |   2  |   6  |   12   ||    9    |
|  grp_access_fu_948 |  p0  |   2  |   6  |   12   ||    9    |
|  grp_access_fu_954 |  p0  |   2  |   6  |   12   ||    9    |
|  grp_access_fu_960 |  p0  |   2  |   6  |   12   ||    9    |
|  grp_access_fu_966 |  p0  |   2  |   6  |   12   ||    9    |
|  grp_access_fu_972 |  p0  |   2  |   6  |   12   ||    9    |
|  grp_access_fu_978 |  p0  |   2  |   6  |   12   ||    9    |
|  grp_access_fu_984 |  p0  |   2  |   6  |   12   ||    9    |
|  grp_access_fu_990 |  p0  |   2  |   6  |   12   ||    9    |
|  grp_access_fu_996 |  p0  |   2  |   6  |   12   ||    9    |
| grp_access_fu_1002 |  p0  |   2  |   6  |   12   ||    9    |
| grp_access_fu_1008 |  p0  |   2  |   6  |   12   ||    9    |
|--------------------|------|------|------|--------||---------||---------|
|        Total       |      |      |      |   768  ||  27.328 ||   576   |
|--------------------|------|------|------|--------||---------||---------|



* Summary:
+-----------+--------+--------+--------+--------+
|           |   DSP  |  Delay |   FF   |   LUT  |
+-----------+--------+--------+--------+--------+
|  Function |    2   |    -   |    0   |  1147  |
|   Memory  |    -   |    -   |    -   |    -   |
|Multiplexer|    -   |   27   |    -   |   576  |
|  Register |    -   |    -   |   603  |    -   |
+-----------+--------+--------+--------+--------+
|   Total   |    2   |   27   |   603  |  1723  |
+-----------+--------+--------+--------+--------+
