

================================================================
== Vitis HLS Report for 'avgpool_64'
================================================================
* Date:           Sat May 30 20:39:12 2026

* Version:        2023.2 (Build 4023990 on Oct 11 2023)
* Project:        proj_awn_int8
* Solution:       solution1 (Vivado IP Flow Target)
* Product family: zynquplus
* Target device:  xczu7ev-ffvc1156-2-e


================================================================
== Performance Estimates
================================================================
+ Timing: 
    * Summary: 
    +--------+---------+----------+------------+
    |  Clock |  Target | Estimated| Uncertainty|
    +--------+---------+----------+------------+
    |ap_clk  |  5.00 ns|  3.420 ns|     1.35 ns|
    +--------+---------+----------+------------+

+ Latency: 
    * Summary: 
    +---------+---------+----------+----------+-----+-----+---------+
    |  Latency (cycles) |  Latency (absolute) |  Interval | Pipeline|
    |   min   |   max   |    min   |    max   | min | max |   Type  |
    +---------+---------+----------+----------+-----+-----+---------+
    |       69|       69|  0.345 us|  0.345 us|   69|   69|       no|
    +---------+---------+----------+----------+-----+-----+---------+

    + Detail: 
        * Instance: 
        N/A

        * Loop: 
        +--------------------+---------+---------+----------+-----------+-----------+------+----------+
        |                    |  Latency (cycles) | Iteration|  Initiation Interval  | Trip |          |
        |      Loop Name     |   min   |   max   |  Latency |  achieved |   target  | Count| Pipelined|
        +--------------------+---------+---------+----------+-----------+-----------+------+----------+
        |- VITIS_LOOP_172_1  |       67|       67|         5|          1|          1|    64|       yes|
        +--------------------+---------+---------+----------+-----------+-----------+------+----------+

============================================================
+ Verbose Summary: Synthesis Manager
============================================================
InlineROM: 1
ExposeGlobal: 0
============================================================
+ Verbose Summary: CDFG Model
============================================================
IsTopModel: 0
ResetActiveHigh: 1
IsCombinational: 0
IsDatapathOnly: 0
HasWiredReturn: 1
HasMFsm: 2
HasVarLatency: 1
IsPipeline: 0
IsRtlPipelined: 0
IsInstanceOverlapped: 0
IsDontTouch: 0
HasImplIP: 0
IsGatedGlobalClock: 0

+ Individual pipeline summary: 
  * Pipeline-0: initiation interval (II) = 1, depth = 5


============================================================
+ Verbose Summary: Schedule
============================================================
* Number of FSM states : 5
* Pipeline : 1
  Pipeline-0 : II = 1, D = 5, States = { 1 2 3 4 5 }
* Dataflow Pipeline: 0

* FSM state transitions: 
1 --> 2 
2 --> 3 
3 --> 4 
4 --> 5 
5 --> 

* FSM state operations: 

State 1 <SV = 0> <Delay = 1.62>
ST_1 : Operation 8 [1/1] (0.00ns)   --->   "%c = alloca i32 1" [awn_int8.cpp:172]   --->   Operation 8 'alloca' 'c' <Predicate = true> <Delay = 0.00>
ST_1 : Operation 9 [1/1] (0.42ns)   --->   "%store_ln172 = store i7 0, i7 %c" [awn_int8.cpp:172]   --->   Operation 9 'store' 'store_ln172' <Predicate = true> <Delay = 0.42>
ST_1 : Operation 10 [1/1] (0.00ns)   --->   "%br_ln172 = br void %VITIS_LOOP_175_2" [awn_int8.cpp:172]   --->   Operation 10 'br' 'br_ln172' <Predicate = true> <Delay = 0.00>
ST_1 : Operation 11 [1/1] (0.00ns)   --->   "%c_3 = load i7 %c" [awn_int8.cpp:172]   --->   Operation 11 'load' 'c_3' <Predicate = true> <Delay = 0.00>
ST_1 : Operation 12 [1/1] (0.77ns)   --->   "%icmp_ln172 = icmp_eq  i7 %c_3, i7 64" [awn_int8.cpp:172]   --->   Operation 12 'icmp' 'icmp_ln172' <Predicate = true> <Delay = 0.77> <CoreInst = "Cmp">   --->   Core 9 'Cmp' <Latency = 0> <II = 1> <Delay = 0.77> <FuncUnit> <Opcode : 'icmp'> <InPorts = 2> <OutPorts = 1>
ST_1 : Operation 13 [1/1] (0.77ns)   --->   "%add_ln172 = add i7 %c_3, i7 1" [awn_int8.cpp:172]   --->   Operation 13 'add' 'add_ln172' <Predicate = true> <Delay = 0.77> <CoreInst = "Adder">   --->   Core 1 'Adder' <Latency = 0> <II = 1> <Delay = 0.77> <FuncUnit> <Opcode : 'add' 'sub'> <InPorts = 2> <OutPorts = 1>
ST_1 : Operation 14 [1/1] (0.00ns)   --->   "%br_ln172 = br i1 %icmp_ln172, void %VITIS_LOOP_175_2.split, void %for.end11" [awn_int8.cpp:172]   --->   Operation 14 'br' 'br_ln172' <Predicate = true> <Delay = 0.00>
ST_1 : Operation 15 [1/1] (0.00ns)   --->   "%zext_ln172 = zext i7 %c_3" [awn_int8.cpp:172]   --->   Operation 15 'zext' 'zext_ln172' <Predicate = (!icmp_ln172)> <Delay = 0.00>
ST_1 : Operation 16 [1/1] (0.00ns)   --->   "%x_0_addr = getelementptr i8 %x_0, i64 0, i64 %zext_ln172" [awn_int8.cpp:175]   --->   Operation 16 'getelementptr' 'x_0_addr' <Predicate = (!icmp_ln172)> <Delay = 0.00>
ST_1 : Operation 17 [1/1] (0.00ns)   --->   "%x_1_addr = getelementptr i8 %x_1, i64 0, i64 %zext_ln172" [awn_int8.cpp:175]   --->   Operation 17 'getelementptr' 'x_1_addr' <Predicate = (!icmp_ln172)> <Delay = 0.00>
ST_1 : Operation 18 [1/1] (0.00ns)   --->   "%x_2_addr = getelementptr i8 %x_2, i64 0, i64 %zext_ln172" [awn_int8.cpp:175]   --->   Operation 18 'getelementptr' 'x_2_addr' <Predicate = (!icmp_ln172)> <Delay = 0.00>
ST_1 : Operation 19 [1/1] (0.00ns)   --->   "%x_3_addr = getelementptr i8 %x_3, i64 0, i64 %zext_ln172" [awn_int8.cpp:175]   --->   Operation 19 'getelementptr' 'x_3_addr' <Predicate = (!icmp_ln172)> <Delay = 0.00>
ST_1 : Operation 20 [1/1] (0.00ns)   --->   "%x_4_addr = getelementptr i8 %x_4, i64 0, i64 %zext_ln172" [awn_int8.cpp:175]   --->   Operation 20 'getelementptr' 'x_4_addr' <Predicate = (!icmp_ln172)> <Delay = 0.00>
ST_1 : Operation 21 [1/1] (0.00ns)   --->   "%x_5_addr = getelementptr i8 %x_5, i64 0, i64 %zext_ln172" [awn_int8.cpp:175]   --->   Operation 21 'getelementptr' 'x_5_addr' <Predicate = (!icmp_ln172)> <Delay = 0.00>
ST_1 : Operation 22 [1/1] (0.00ns)   --->   "%x_6_addr = getelementptr i8 %x_6, i64 0, i64 %zext_ln172" [awn_int8.cpp:175]   --->   Operation 22 'getelementptr' 'x_6_addr' <Predicate = (!icmp_ln172)> <Delay = 0.00>
ST_1 : Operation 23 [1/1] (0.00ns)   --->   "%x_7_addr = getelementptr i8 %x_7, i64 0, i64 %zext_ln172" [awn_int8.cpp:175]   --->   Operation 23 'getelementptr' 'x_7_addr' <Predicate = (!icmp_ln172)> <Delay = 0.00>
ST_1 : Operation 24 [1/1] (0.00ns)   --->   "%x_8_addr = getelementptr i8 %x_8, i64 0, i64 %zext_ln172" [awn_int8.cpp:175]   --->   Operation 24 'getelementptr' 'x_8_addr' <Predicate = (!icmp_ln172)> <Delay = 0.00>
ST_1 : Operation 25 [1/1] (0.00ns)   --->   "%x_9_addr = getelementptr i8 %x_9, i64 0, i64 %zext_ln172" [awn_int8.cpp:175]   --->   Operation 25 'getelementptr' 'x_9_addr' <Predicate = (!icmp_ln172)> <Delay = 0.00>
ST_1 : Operation 26 [1/1] (0.00ns)   --->   "%x_10_addr = getelementptr i8 %x_10, i64 0, i64 %zext_ln172" [awn_int8.cpp:175]   --->   Operation 26 'getelementptr' 'x_10_addr' <Predicate = (!icmp_ln172)> <Delay = 0.00>
ST_1 : Operation 27 [1/1] (0.00ns)   --->   "%x_11_addr = getelementptr i8 %x_11, i64 0, i64 %zext_ln172" [awn_int8.cpp:175]   --->   Operation 27 'getelementptr' 'x_11_addr' <Predicate = (!icmp_ln172)> <Delay = 0.00>
ST_1 : Operation 28 [1/1] (0.00ns)   --->   "%x_12_addr = getelementptr i8 %x_12, i64 0, i64 %zext_ln172" [awn_int8.cpp:175]   --->   Operation 28 'getelementptr' 'x_12_addr' <Predicate = (!icmp_ln172)> <Delay = 0.00>
ST_1 : Operation 29 [1/1] (0.00ns)   --->   "%x_13_addr = getelementptr i8 %x_13, i64 0, i64 %zext_ln172" [awn_int8.cpp:175]   --->   Operation 29 'getelementptr' 'x_13_addr' <Predicate = (!icmp_ln172)> <Delay = 0.00>
ST_1 : Operation 30 [1/1] (0.00ns)   --->   "%x_14_addr = getelementptr i8 %x_14, i64 0, i64 %zext_ln172" [awn_int8.cpp:175]   --->   Operation 30 'getelementptr' 'x_14_addr' <Predicate = (!icmp_ln172)> <Delay = 0.00>
ST_1 : Operation 31 [1/1] (0.00ns)   --->   "%x_15_addr = getelementptr i8 %x_15, i64 0, i64 %zext_ln172" [awn_int8.cpp:175]   --->   Operation 31 'getelementptr' 'x_15_addr' <Predicate = (!icmp_ln172)> <Delay = 0.00>
ST_1 : Operation 32 [1/1] (0.00ns)   --->   "%x_16_addr = getelementptr i8 %x_16, i64 0, i64 %zext_ln172" [awn_int8.cpp:175]   --->   Operation 32 'getelementptr' 'x_16_addr' <Predicate = (!icmp_ln172)> <Delay = 0.00>
ST_1 : Operation 33 [1/1] (0.00ns)   --->   "%x_17_addr = getelementptr i8 %x_17, i64 0, i64 %zext_ln172" [awn_int8.cpp:175]   --->   Operation 33 'getelementptr' 'x_17_addr' <Predicate = (!icmp_ln172)> <Delay = 0.00>
ST_1 : Operation 34 [1/1] (0.00ns)   --->   "%x_18_addr = getelementptr i8 %x_18, i64 0, i64 %zext_ln172" [awn_int8.cpp:175]   --->   Operation 34 'getelementptr' 'x_18_addr' <Predicate = (!icmp_ln172)> <Delay = 0.00>
ST_1 : Operation 35 [1/1] (0.00ns)   --->   "%x_19_addr = getelementptr i8 %x_19, i64 0, i64 %zext_ln172" [awn_int8.cpp:175]   --->   Operation 35 'getelementptr' 'x_19_addr' <Predicate = (!icmp_ln172)> <Delay = 0.00>
ST_1 : Operation 36 [1/1] (0.00ns)   --->   "%x_20_addr = getelementptr i8 %x_20, i64 0, i64 %zext_ln172" [awn_int8.cpp:175]   --->   Operation 36 'getelementptr' 'x_20_addr' <Predicate = (!icmp_ln172)> <Delay = 0.00>
ST_1 : Operation 37 [1/1] (0.00ns)   --->   "%x_21_addr = getelementptr i8 %x_21, i64 0, i64 %zext_ln172" [awn_int8.cpp:175]   --->   Operation 37 'getelementptr' 'x_21_addr' <Predicate = (!icmp_ln172)> <Delay = 0.00>
ST_1 : Operation 38 [1/1] (0.00ns)   --->   "%x_22_addr = getelementptr i8 %x_22, i64 0, i64 %zext_ln172" [awn_int8.cpp:175]   --->   Operation 38 'getelementptr' 'x_22_addr' <Predicate = (!icmp_ln172)> <Delay = 0.00>
ST_1 : Operation 39 [1/1] (0.00ns)   --->   "%x_23_addr = getelementptr i8 %x_23, i64 0, i64 %zext_ln172" [awn_int8.cpp:175]   --->   Operation 39 'getelementptr' 'x_23_addr' <Predicate = (!icmp_ln172)> <Delay = 0.00>
ST_1 : Operation 40 [1/1] (0.00ns)   --->   "%x_24_addr = getelementptr i8 %x_24, i64 0, i64 %zext_ln172" [awn_int8.cpp:175]   --->   Operation 40 'getelementptr' 'x_24_addr' <Predicate = (!icmp_ln172)> <Delay = 0.00>
ST_1 : Operation 41 [1/1] (0.00ns)   --->   "%x_25_addr = getelementptr i8 %x_25, i64 0, i64 %zext_ln172" [awn_int8.cpp:175]   --->   Operation 41 'getelementptr' 'x_25_addr' <Predicate = (!icmp_ln172)> <Delay = 0.00>
ST_1 : Operation 42 [1/1] (0.00ns)   --->   "%x_26_addr = getelementptr i8 %x_26, i64 0, i64 %zext_ln172" [awn_int8.cpp:175]   --->   Operation 42 'getelementptr' 'x_26_addr' <Predicate = (!icmp_ln172)> <Delay = 0.00>
ST_1 : Operation 43 [1/1] (0.00ns)   --->   "%x_27_addr = getelementptr i8 %x_27, i64 0, i64 %zext_ln172" [awn_int8.cpp:175]   --->   Operation 43 'getelementptr' 'x_27_addr' <Predicate = (!icmp_ln172)> <Delay = 0.00>
ST_1 : Operation 44 [1/1] (0.00ns)   --->   "%x_28_addr = getelementptr i8 %x_28, i64 0, i64 %zext_ln172" [awn_int8.cpp:175]   --->   Operation 44 'getelementptr' 'x_28_addr' <Predicate = (!icmp_ln172)> <Delay = 0.00>
ST_1 : Operation 45 [1/1] (0.00ns)   --->   "%x_29_addr = getelementptr i8 %x_29, i64 0, i64 %zext_ln172" [awn_int8.cpp:175]   --->   Operation 45 'getelementptr' 'x_29_addr' <Predicate = (!icmp_ln172)> <Delay = 0.00>
ST_1 : Operation 46 [1/1] (0.00ns)   --->   "%x_30_addr = getelementptr i8 %x_30, i64 0, i64 %zext_ln172" [awn_int8.cpp:175]   --->   Operation 46 'getelementptr' 'x_30_addr' <Predicate = (!icmp_ln172)> <Delay = 0.00>
ST_1 : Operation 47 [1/1] (0.00ns)   --->   "%x_31_addr = getelementptr i8 %x_31, i64 0, i64 %zext_ln172" [awn_int8.cpp:175]   --->   Operation 47 'getelementptr' 'x_31_addr' <Predicate = (!icmp_ln172)> <Delay = 0.00>
ST_1 : Operation 48 [1/1] (0.00ns)   --->   "%x_32_addr = getelementptr i8 %x_32, i64 0, i64 %zext_ln172" [awn_int8.cpp:175]   --->   Operation 48 'getelementptr' 'x_32_addr' <Predicate = (!icmp_ln172)> <Delay = 0.00>
ST_1 : Operation 49 [1/1] (0.00ns)   --->   "%x_33_addr = getelementptr i8 %x_33, i64 0, i64 %zext_ln172" [awn_int8.cpp:175]   --->   Operation 49 'getelementptr' 'x_33_addr' <Predicate = (!icmp_ln172)> <Delay = 0.00>
ST_1 : Operation 50 [1/1] (0.00ns)   --->   "%x_34_addr = getelementptr i8 %x_34, i64 0, i64 %zext_ln172" [awn_int8.cpp:175]   --->   Operation 50 'getelementptr' 'x_34_addr' <Predicate = (!icmp_ln172)> <Delay = 0.00>
ST_1 : Operation 51 [1/1] (0.00ns)   --->   "%x_35_addr = getelementptr i8 %x_35, i64 0, i64 %zext_ln172" [awn_int8.cpp:175]   --->   Operation 51 'getelementptr' 'x_35_addr' <Predicate = (!icmp_ln172)> <Delay = 0.00>
ST_1 : Operation 52 [1/1] (0.00ns)   --->   "%x_36_addr = getelementptr i8 %x_36, i64 0, i64 %zext_ln172" [awn_int8.cpp:175]   --->   Operation 52 'getelementptr' 'x_36_addr' <Predicate = (!icmp_ln172)> <Delay = 0.00>
ST_1 : Operation 53 [1/1] (0.00ns)   --->   "%x_37_addr = getelementptr i8 %x_37, i64 0, i64 %zext_ln172" [awn_int8.cpp:175]   --->   Operation 53 'getelementptr' 'x_37_addr' <Predicate = (!icmp_ln172)> <Delay = 0.00>
ST_1 : Operation 54 [1/1] (0.00ns)   --->   "%x_38_addr = getelementptr i8 %x_38, i64 0, i64 %zext_ln172" [awn_int8.cpp:175]   --->   Operation 54 'getelementptr' 'x_38_addr' <Predicate = (!icmp_ln172)> <Delay = 0.00>
ST_1 : Operation 55 [1/1] (0.00ns)   --->   "%x_39_addr = getelementptr i8 %x_39, i64 0, i64 %zext_ln172" [awn_int8.cpp:175]   --->   Operation 55 'getelementptr' 'x_39_addr' <Predicate = (!icmp_ln172)> <Delay = 0.00>
ST_1 : Operation 56 [1/1] (0.00ns)   --->   "%x_40_addr = getelementptr i8 %x_40, i64 0, i64 %zext_ln172" [awn_int8.cpp:175]   --->   Operation 56 'getelementptr' 'x_40_addr' <Predicate = (!icmp_ln172)> <Delay = 0.00>
ST_1 : Operation 57 [1/1] (0.00ns)   --->   "%x_41_addr = getelementptr i8 %x_41, i64 0, i64 %zext_ln172" [awn_int8.cpp:175]   --->   Operation 57 'getelementptr' 'x_41_addr' <Predicate = (!icmp_ln172)> <Delay = 0.00>
ST_1 : Operation 58 [1/1] (0.00ns)   --->   "%x_42_addr = getelementptr i8 %x_42, i64 0, i64 %zext_ln172" [awn_int8.cpp:175]   --->   Operation 58 'getelementptr' 'x_42_addr' <Predicate = (!icmp_ln172)> <Delay = 0.00>
ST_1 : Operation 59 [1/1] (0.00ns)   --->   "%x_43_addr = getelementptr i8 %x_43, i64 0, i64 %zext_ln172" [awn_int8.cpp:175]   --->   Operation 59 'getelementptr' 'x_43_addr' <Predicate = (!icmp_ln172)> <Delay = 0.00>
ST_1 : Operation 60 [1/1] (0.00ns)   --->   "%x_44_addr = getelementptr i8 %x_44, i64 0, i64 %zext_ln172" [awn_int8.cpp:175]   --->   Operation 60 'getelementptr' 'x_44_addr' <Predicate = (!icmp_ln172)> <Delay = 0.00>
ST_1 : Operation 61 [1/1] (0.00ns)   --->   "%x_45_addr = getelementptr i8 %x_45, i64 0, i64 %zext_ln172" [awn_int8.cpp:175]   --->   Operation 61 'getelementptr' 'x_45_addr' <Predicate = (!icmp_ln172)> <Delay = 0.00>
ST_1 : Operation 62 [1/1] (0.00ns)   --->   "%x_46_addr = getelementptr i8 %x_46, i64 0, i64 %zext_ln172" [awn_int8.cpp:175]   --->   Operation 62 'getelementptr' 'x_46_addr' <Predicate = (!icmp_ln172)> <Delay = 0.00>
ST_1 : Operation 63 [1/1] (0.00ns)   --->   "%x_47_addr = getelementptr i8 %x_47, i64 0, i64 %zext_ln172" [awn_int8.cpp:175]   --->   Operation 63 'getelementptr' 'x_47_addr' <Predicate = (!icmp_ln172)> <Delay = 0.00>
ST_1 : Operation 64 [1/1] (0.00ns)   --->   "%x_48_addr = getelementptr i8 %x_48, i64 0, i64 %zext_ln172" [awn_int8.cpp:175]   --->   Operation 64 'getelementptr' 'x_48_addr' <Predicate = (!icmp_ln172)> <Delay = 0.00>
ST_1 : Operation 65 [1/1] (0.00ns)   --->   "%x_49_addr = getelementptr i8 %x_49, i64 0, i64 %zext_ln172" [awn_int8.cpp:175]   --->   Operation 65 'getelementptr' 'x_49_addr' <Predicate = (!icmp_ln172)> <Delay = 0.00>
ST_1 : Operation 66 [1/1] (0.00ns)   --->   "%x_50_addr = getelementptr i8 %x_50, i64 0, i64 %zext_ln172" [awn_int8.cpp:175]   --->   Operation 66 'getelementptr' 'x_50_addr' <Predicate = (!icmp_ln172)> <Delay = 0.00>
ST_1 : Operation 67 [1/1] (0.00ns)   --->   "%x_51_addr = getelementptr i8 %x_51, i64 0, i64 %zext_ln172" [awn_int8.cpp:175]   --->   Operation 67 'getelementptr' 'x_51_addr' <Predicate = (!icmp_ln172)> <Delay = 0.00>
ST_1 : Operation 68 [1/1] (0.00ns)   --->   "%x_52_addr = getelementptr i8 %x_52, i64 0, i64 %zext_ln172" [awn_int8.cpp:175]   --->   Operation 68 'getelementptr' 'x_52_addr' <Predicate = (!icmp_ln172)> <Delay = 0.00>
ST_1 : Operation 69 [1/1] (0.00ns)   --->   "%x_53_addr = getelementptr i8 %x_53, i64 0, i64 %zext_ln172" [awn_int8.cpp:175]   --->   Operation 69 'getelementptr' 'x_53_addr' <Predicate = (!icmp_ln172)> <Delay = 0.00>
ST_1 : Operation 70 [1/1] (0.00ns)   --->   "%x_54_addr = getelementptr i8 %x_54, i64 0, i64 %zext_ln172" [awn_int8.cpp:175]   --->   Operation 70 'getelementptr' 'x_54_addr' <Predicate = (!icmp_ln172)> <Delay = 0.00>
ST_1 : Operation 71 [1/1] (0.00ns)   --->   "%x_55_addr = getelementptr i8 %x_55, i64 0, i64 %zext_ln172" [awn_int8.cpp:175]   --->   Operation 71 'getelementptr' 'x_55_addr' <Predicate = (!icmp_ln172)> <Delay = 0.00>
ST_1 : Operation 72 [1/1] (0.00ns)   --->   "%x_56_addr = getelementptr i8 %x_56, i64 0, i64 %zext_ln172" [awn_int8.cpp:175]   --->   Operation 72 'getelementptr' 'x_56_addr' <Predicate = (!icmp_ln172)> <Delay = 0.00>
ST_1 : Operation 73 [1/1] (0.00ns)   --->   "%x_57_addr = getelementptr i8 %x_57, i64 0, i64 %zext_ln172" [awn_int8.cpp:175]   --->   Operation 73 'getelementptr' 'x_57_addr' <Predicate = (!icmp_ln172)> <Delay = 0.00>
ST_1 : Operation 74 [1/1] (0.00ns)   --->   "%x_58_addr = getelementptr i8 %x_58, i64 0, i64 %zext_ln172" [awn_int8.cpp:175]   --->   Operation 74 'getelementptr' 'x_58_addr' <Predicate = (!icmp_ln172)> <Delay = 0.00>
ST_1 : Operation 75 [1/1] (0.00ns)   --->   "%x_59_addr = getelementptr i8 %x_59, i64 0, i64 %zext_ln172" [awn_int8.cpp:175]   --->   Operation 75 'getelementptr' 'x_59_addr' <Predicate = (!icmp_ln172)> <Delay = 0.00>
ST_1 : Operation 76 [1/1] (0.00ns)   --->   "%x_60_addr = getelementptr i8 %x_60, i64 0, i64 %zext_ln172" [awn_int8.cpp:175]   --->   Operation 76 'getelementptr' 'x_60_addr' <Predicate = (!icmp_ln172)> <Delay = 0.00>
ST_1 : Operation 77 [1/1] (0.00ns)   --->   "%x_61_addr = getelementptr i8 %x_61, i64 0, i64 %zext_ln172" [awn_int8.cpp:175]   --->   Operation 77 'getelementptr' 'x_61_addr' <Predicate = (!icmp_ln172)> <Delay = 0.00>
ST_1 : Operation 78 [1/1] (0.00ns)   --->   "%x_62_addr = getelementptr i8 %x_62, i64 0, i64 %zext_ln172" [awn_int8.cpp:175]   --->   Operation 78 'getelementptr' 'x_62_addr' <Predicate = (!icmp_ln172)> <Delay = 0.00>
ST_1 : Operation 79 [1/1] (0.00ns)   --->   "%x_63_addr = getelementptr i8 %x_63, i64 0, i64 %zext_ln172" [awn_int8.cpp:175]   --->   Operation 79 'getelementptr' 'x_63_addr' <Predicate = (!icmp_ln172)> <Delay = 0.00>
ST_1 : Operation 80 [2/2] (0.67ns)   --->   "%acc = load i6 %x_0_addr" [awn_int8.cpp:175]   --->   Operation 80 'load' 'acc' <Predicate = (!icmp_ln172)> <Delay = 0.67> <CoreInst = "RAM">   --->   Core 83 'RAM' <Latency = 1> <II = 1> <Delay = 0.67> <Storage> <Opcode : 'load' 'store'> <Ports = 2> <Width = 8> <Depth = 64> <RAM>
ST_1 : Operation 81 [2/2] (0.67ns)   --->   "%x_1_load = load i6 %x_1_addr" [awn_int8.cpp:175]   --->   Operation 81 'load' 'x_1_load' <Predicate = (!icmp_ln172)> <Delay = 0.67> <CoreInst = "RAM">   --->   Core 83 'RAM' <Latency = 1> <II = 1> <Delay = 0.67> <Storage> <Opcode : 'load' 'store'> <Ports = 2> <Width = 8> <Depth = 64> <RAM>
ST_1 : Operation 82 [2/2] (0.67ns)   --->   "%x_2_load = load i6 %x_2_addr" [awn_int8.cpp:175]   --->   Operation 82 'load' 'x_2_load' <Predicate = (!icmp_ln172)> <Delay = 0.67> <CoreInst = "RAM">   --->   Core 83 'RAM' <Latency = 1> <II = 1> <Delay = 0.67> <Storage> <Opcode : 'load' 'store'> <Ports = 2> <Width = 8> <Depth = 64> <RAM>
ST_1 : Operation 83 [2/2] (0.67ns)   --->   "%x_3_load = load i6 %x_3_addr" [awn_int8.cpp:175]   --->   Operation 83 'load' 'x_3_load' <Predicate = (!icmp_ln172)> <Delay = 0.67> <CoreInst = "RAM">   --->   Core 83 'RAM' <Latency = 1> <II = 1> <Delay = 0.67> <Storage> <Opcode : 'load' 'store'> <Ports = 2> <Width = 8> <Depth = 64> <RAM>
ST_1 : Operation 84 [2/2] (0.67ns)   --->   "%x_4_load = load i6 %x_4_addr" [awn_int8.cpp:175]   --->   Operation 84 'load' 'x_4_load' <Predicate = (!icmp_ln172)> <Delay = 0.67> <CoreInst = "RAM">   --->   Core 83 'RAM' <Latency = 1> <II = 1> <Delay = 0.67> <Storage> <Opcode : 'load' 'store'> <Ports = 2> <Width = 8> <Depth = 64> <RAM>
ST_1 : Operation 85 [2/2] (0.67ns)   --->   "%x_5_load = load i6 %x_5_addr" [awn_int8.cpp:175]   --->   Operation 85 'load' 'x_5_load' <Predicate = (!icmp_ln172)> <Delay = 0.67> <CoreInst = "RAM">   --->   Core 83 'RAM' <Latency = 1> <II = 1> <Delay = 0.67> <Storage> <Opcode : 'load' 'store'> <Ports = 2> <Width = 8> <Depth = 64> <RAM>
ST_1 : Operation 86 [2/2] (0.67ns)   --->   "%x_6_load = load i6 %x_6_addr" [awn_int8.cpp:175]   --->   Operation 86 'load' 'x_6_load' <Predicate = (!icmp_ln172)> <Delay = 0.67> <CoreInst = "RAM">   --->   Core 83 'RAM' <Latency = 1> <II = 1> <Delay = 0.67> <Storage> <Opcode : 'load' 'store'> <Ports = 2> <Width = 8> <Depth = 64> <RAM>
ST_1 : Operation 87 [2/2] (0.67ns)   --->   "%x_7_load = load i6 %x_7_addr" [awn_int8.cpp:175]   --->   Operation 87 'load' 'x_7_load' <Predicate = (!icmp_ln172)> <Delay = 0.67> <CoreInst = "RAM">   --->   Core 83 'RAM' <Latency = 1> <II = 1> <Delay = 0.67> <Storage> <Opcode : 'load' 'store'> <Ports = 2> <Width = 8> <Depth = 64> <RAM>
ST_1 : Operation 88 [2/2] (0.67ns)   --->   "%x_8_load = load i6 %x_8_addr" [awn_int8.cpp:175]   --->   Operation 88 'load' 'x_8_load' <Predicate = (!icmp_ln172)> <Delay = 0.67> <CoreInst = "RAM">   --->   Core 83 'RAM' <Latency = 1> <II = 1> <Delay = 0.67> <Storage> <Opcode : 'load' 'store'> <Ports = 2> <Width = 8> <Depth = 64> <RAM>
ST_1 : Operation 89 [2/2] (0.67ns)   --->   "%x_9_load = load i6 %x_9_addr" [awn_int8.cpp:175]   --->   Operation 89 'load' 'x_9_load' <Predicate = (!icmp_ln172)> <Delay = 0.67> <CoreInst = "RAM">   --->   Core 83 'RAM' <Latency = 1> <II = 1> <Delay = 0.67> <Storage> <Opcode : 'load' 'store'> <Ports = 2> <Width = 8> <Depth = 64> <RAM>
ST_1 : Operation 90 [2/2] (0.67ns)   --->   "%x_10_load = load i6 %x_10_addr" [awn_int8.cpp:175]   --->   Operation 90 'load' 'x_10_load' <Predicate = (!icmp_ln172)> <Delay = 0.67> <CoreInst = "RAM">   --->   Core 83 'RAM' <Latency = 1> <II = 1> <Delay = 0.67> <Storage> <Opcode : 'load' 'store'> <Ports = 2> <Width = 8> <Depth = 64> <RAM>
ST_1 : Operation 91 [2/2] (0.67ns)   --->   "%x_11_load = load i6 %x_11_addr" [awn_int8.cpp:175]   --->   Operation 91 'load' 'x_11_load' <Predicate = (!icmp_ln172)> <Delay = 0.67> <CoreInst = "RAM">   --->   Core 83 'RAM' <Latency = 1> <II = 1> <Delay = 0.67> <Storage> <Opcode : 'load' 'store'> <Ports = 2> <Width = 8> <Depth = 64> <RAM>
ST_1 : Operation 92 [2/2] (0.67ns)   --->   "%x_12_load = load i6 %x_12_addr" [awn_int8.cpp:175]   --->   Operation 92 'load' 'x_12_load' <Predicate = (!icmp_ln172)> <Delay = 0.67> <CoreInst = "RAM">   --->   Core 83 'RAM' <Latency = 1> <II = 1> <Delay = 0.67> <Storage> <Opcode : 'load' 'store'> <Ports = 2> <Width = 8> <Depth = 64> <RAM>
ST_1 : Operation 93 [2/2] (0.67ns)   --->   "%x_13_load = load i6 %x_13_addr" [awn_int8.cpp:175]   --->   Operation 93 'load' 'x_13_load' <Predicate = (!icmp_ln172)> <Delay = 0.67> <CoreInst = "RAM">   --->   Core 83 'RAM' <Latency = 1> <II = 1> <Delay = 0.67> <Storage> <Opcode : 'load' 'store'> <Ports = 2> <Width = 8> <Depth = 64> <RAM>
ST_1 : Operation 94 [2/2] (0.67ns)   --->   "%x_14_load = load i6 %x_14_addr" [awn_int8.cpp:175]   --->   Operation 94 'load' 'x_14_load' <Predicate = (!icmp_ln172)> <Delay = 0.67> <CoreInst = "RAM">   --->   Core 83 'RAM' <Latency = 1> <II = 1> <Delay = 0.67> <Storage> <Opcode : 'load' 'store'> <Ports = 2> <Width = 8> <Depth = 64> <RAM>
ST_1 : Operation 95 [2/2] (0.67ns)   --->   "%x_15_load = load i6 %x_15_addr" [awn_int8.cpp:175]   --->   Operation 95 'load' 'x_15_load' <Predicate = (!icmp_ln172)> <Delay = 0.67> <CoreInst = "RAM">   --->   Core 83 'RAM' <Latency = 1> <II = 1> <Delay = 0.67> <Storage> <Opcode : 'load' 'store'> <Ports = 2> <Width = 8> <Depth = 64> <RAM>
ST_1 : Operation 96 [2/2] (0.67ns)   --->   "%x_16_load = load i6 %x_16_addr" [awn_int8.cpp:175]   --->   Operation 96 'load' 'x_16_load' <Predicate = (!icmp_ln172)> <Delay = 0.67> <CoreInst = "RAM">   --->   Core 83 'RAM' <Latency = 1> <II = 1> <Delay = 0.67> <Storage> <Opcode : 'load' 'store'> <Ports = 2> <Width = 8> <Depth = 64> <RAM>
ST_1 : Operation 97 [2/2] (0.67ns)   --->   "%x_17_load = load i6 %x_17_addr" [awn_int8.cpp:175]   --->   Operation 97 'load' 'x_17_load' <Predicate = (!icmp_ln172)> <Delay = 0.67> <CoreInst = "RAM">   --->   Core 83 'RAM' <Latency = 1> <II = 1> <Delay = 0.67> <Storage> <Opcode : 'load' 'store'> <Ports = 2> <Width = 8> <Depth = 64> <RAM>
ST_1 : Operation 98 [2/2] (0.67ns)   --->   "%x_18_load = load i6 %x_18_addr" [awn_int8.cpp:175]   --->   Operation 98 'load' 'x_18_load' <Predicate = (!icmp_ln172)> <Delay = 0.67> <CoreInst = "RAM">   --->   Core 83 'RAM' <Latency = 1> <II = 1> <Delay = 0.67> <Storage> <Opcode : 'load' 'store'> <Ports = 2> <Width = 8> <Depth = 64> <RAM>
ST_1 : Operation 99 [2/2] (0.67ns)   --->   "%x_19_load = load i6 %x_19_addr" [awn_int8.cpp:175]   --->   Operation 99 'load' 'x_19_load' <Predicate = (!icmp_ln172)> <Delay = 0.67> <CoreInst = "RAM">   --->   Core 83 'RAM' <Latency = 1> <II = 1> <Delay = 0.67> <Storage> <Opcode : 'load' 'store'> <Ports = 2> <Width = 8> <Depth = 64> <RAM>
ST_1 : Operation 100 [2/2] (0.67ns)   --->   "%x_20_load = load i6 %x_20_addr" [awn_int8.cpp:175]   --->   Operation 100 'load' 'x_20_load' <Predicate = (!icmp_ln172)> <Delay = 0.67> <CoreInst = "RAM">   --->   Core 83 'RAM' <Latency = 1> <II = 1> <Delay = 0.67> <Storage> <Opcode : 'load' 'store'> <Ports = 2> <Width = 8> <Depth = 64> <RAM>
ST_1 : Operation 101 [2/2] (0.67ns)   --->   "%x_21_load = load i6 %x_21_addr" [awn_int8.cpp:175]   --->   Operation 101 'load' 'x_21_load' <Predicate = (!icmp_ln172)> <Delay = 0.67> <CoreInst = "RAM">   --->   Core 83 'RAM' <Latency = 1> <II = 1> <Delay = 0.67> <Storage> <Opcode : 'load' 'store'> <Ports = 2> <Width = 8> <Depth = 64> <RAM>
ST_1 : Operation 102 [2/2] (0.67ns)   --->   "%x_22_load = load i6 %x_22_addr" [awn_int8.cpp:175]   --->   Operation 102 'load' 'x_22_load' <Predicate = (!icmp_ln172)> <Delay = 0.67> <CoreInst = "RAM">   --->   Core 83 'RAM' <Latency = 1> <II = 1> <Delay = 0.67> <Storage> <Opcode : 'load' 'store'> <Ports = 2> <Width = 8> <Depth = 64> <RAM>
ST_1 : Operation 103 [2/2] (0.67ns)   --->   "%x_23_load = load i6 %x_23_addr" [awn_int8.cpp:175]   --->   Operation 103 'load' 'x_23_load' <Predicate = (!icmp_ln172)> <Delay = 0.67> <CoreInst = "RAM">   --->   Core 83 'RAM' <Latency = 1> <II = 1> <Delay = 0.67> <Storage> <Opcode : 'load' 'store'> <Ports = 2> <Width = 8> <Depth = 64> <RAM>
ST_1 : Operation 104 [2/2] (0.67ns)   --->   "%x_24_load = load i6 %x_24_addr" [awn_int8.cpp:175]   --->   Operation 104 'load' 'x_24_load' <Predicate = (!icmp_ln172)> <Delay = 0.67> <CoreInst = "RAM">   --->   Core 83 'RAM' <Latency = 1> <II = 1> <Delay = 0.67> <Storage> <Opcode : 'load' 'store'> <Ports = 2> <Width = 8> <Depth = 64> <RAM>
ST_1 : Operation 105 [2/2] (0.67ns)   --->   "%x_25_load = load i6 %x_25_addr" [awn_int8.cpp:175]   --->   Operation 105 'load' 'x_25_load' <Predicate = (!icmp_ln172)> <Delay = 0.67> <CoreInst = "RAM">   --->   Core 83 'RAM' <Latency = 1> <II = 1> <Delay = 0.67> <Storage> <Opcode : 'load' 'store'> <Ports = 2> <Width = 8> <Depth = 64> <RAM>
ST_1 : Operation 106 [2/2] (0.67ns)   --->   "%x_26_load = load i6 %x_26_addr" [awn_int8.cpp:175]   --->   Operation 106 'load' 'x_26_load' <Predicate = (!icmp_ln172)> <Delay = 0.67> <CoreInst = "RAM">   --->   Core 83 'RAM' <Latency = 1> <II = 1> <Delay = 0.67> <Storage> <Opcode : 'load' 'store'> <Ports = 2> <Width = 8> <Depth = 64> <RAM>
ST_1 : Operation 107 [2/2] (0.67ns)   --->   "%x_27_load = load i6 %x_27_addr" [awn_int8.cpp:175]   --->   Operation 107 'load' 'x_27_load' <Predicate = (!icmp_ln172)> <Delay = 0.67> <CoreInst = "RAM">   --->   Core 83 'RAM' <Latency = 1> <II = 1> <Delay = 0.67> <Storage> <Opcode : 'load' 'store'> <Ports = 2> <Width = 8> <Depth = 64> <RAM>
ST_1 : Operation 108 [2/2] (0.67ns)   --->   "%x_28_load = load i6 %x_28_addr" [awn_int8.cpp:175]   --->   Operation 108 'load' 'x_28_load' <Predicate = (!icmp_ln172)> <Delay = 0.67> <CoreInst = "RAM">   --->   Core 83 'RAM' <Latency = 1> <II = 1> <Delay = 0.67> <Storage> <Opcode : 'load' 'store'> <Ports = 2> <Width = 8> <Depth = 64> <RAM>
ST_1 : Operation 109 [2/2] (0.67ns)   --->   "%x_29_load = load i6 %x_29_addr" [awn_int8.cpp:175]   --->   Operation 109 'load' 'x_29_load' <Predicate = (!icmp_ln172)> <Delay = 0.67> <CoreInst = "RAM">   --->   Core 83 'RAM' <Latency = 1> <II = 1> <Delay = 0.67> <Storage> <Opcode : 'load' 'store'> <Ports = 2> <Width = 8> <Depth = 64> <RAM>
ST_1 : Operation 110 [2/2] (0.67ns)   --->   "%x_30_load = load i6 %x_30_addr" [awn_int8.cpp:175]   --->   Operation 110 'load' 'x_30_load' <Predicate = (!icmp_ln172)> <Delay = 0.67> <CoreInst = "RAM">   --->   Core 83 'RAM' <Latency = 1> <II = 1> <Delay = 0.67> <Storage> <Opcode : 'load' 'store'> <Ports = 2> <Width = 8> <Depth = 64> <RAM>
ST_1 : Operation 111 [2/2] (0.67ns)   --->   "%x_31_load = load i6 %x_31_addr" [awn_int8.cpp:175]   --->   Operation 111 'load' 'x_31_load' <Predicate = (!icmp_ln172)> <Delay = 0.67> <CoreInst = "RAM">   --->   Core 83 'RAM' <Latency = 1> <II = 1> <Delay = 0.67> <Storage> <Opcode : 'load' 'store'> <Ports = 2> <Width = 8> <Depth = 64> <RAM>
ST_1 : Operation 112 [2/2] (0.67ns)   --->   "%x_32_load = load i6 %x_32_addr" [awn_int8.cpp:175]   --->   Operation 112 'load' 'x_32_load' <Predicate = (!icmp_ln172)> <Delay = 0.67> <CoreInst = "RAM">   --->   Core 83 'RAM' <Latency = 1> <II = 1> <Delay = 0.67> <Storage> <Opcode : 'load' 'store'> <Ports = 2> <Width = 8> <Depth = 64> <RAM>
ST_1 : Operation 113 [2/2] (0.67ns)   --->   "%x_33_load = load i6 %x_33_addr" [awn_int8.cpp:175]   --->   Operation 113 'load' 'x_33_load' <Predicate = (!icmp_ln172)> <Delay = 0.67> <CoreInst = "RAM">   --->   Core 83 'RAM' <Latency = 1> <II = 1> <Delay = 0.67> <Storage> <Opcode : 'load' 'store'> <Ports = 2> <Width = 8> <Depth = 64> <RAM>
ST_1 : Operation 114 [2/2] (0.67ns)   --->   "%x_34_load = load i6 %x_34_addr" [awn_int8.cpp:175]   --->   Operation 114 'load' 'x_34_load' <Predicate = (!icmp_ln172)> <Delay = 0.67> <CoreInst = "RAM">   --->   Core 83 'RAM' <Latency = 1> <II = 1> <Delay = 0.67> <Storage> <Opcode : 'load' 'store'> <Ports = 2> <Width = 8> <Depth = 64> <RAM>
ST_1 : Operation 115 [2/2] (0.67ns)   --->   "%x_35_load = load i6 %x_35_addr" [awn_int8.cpp:175]   --->   Operation 115 'load' 'x_35_load' <Predicate = (!icmp_ln172)> <Delay = 0.67> <CoreInst = "RAM">   --->   Core 83 'RAM' <Latency = 1> <II = 1> <Delay = 0.67> <Storage> <Opcode : 'load' 'store'> <Ports = 2> <Width = 8> <Depth = 64> <RAM>
ST_1 : Operation 116 [2/2] (0.67ns)   --->   "%x_36_load = load i6 %x_36_addr" [awn_int8.cpp:175]   --->   Operation 116 'load' 'x_36_load' <Predicate = (!icmp_ln172)> <Delay = 0.67> <CoreInst = "RAM">   --->   Core 83 'RAM' <Latency = 1> <II = 1> <Delay = 0.67> <Storage> <Opcode : 'load' 'store'> <Ports = 2> <Width = 8> <Depth = 64> <RAM>
ST_1 : Operation 117 [2/2] (0.67ns)   --->   "%x_37_load = load i6 %x_37_addr" [awn_int8.cpp:175]   --->   Operation 117 'load' 'x_37_load' <Predicate = (!icmp_ln172)> <Delay = 0.67> <CoreInst = "RAM">   --->   Core 83 'RAM' <Latency = 1> <II = 1> <Delay = 0.67> <Storage> <Opcode : 'load' 'store'> <Ports = 2> <Width = 8> <Depth = 64> <RAM>
ST_1 : Operation 118 [2/2] (0.67ns)   --->   "%x_38_load = load i6 %x_38_addr" [awn_int8.cpp:175]   --->   Operation 118 'load' 'x_38_load' <Predicate = (!icmp_ln172)> <Delay = 0.67> <CoreInst = "RAM">   --->   Core 83 'RAM' <Latency = 1> <II = 1> <Delay = 0.67> <Storage> <Opcode : 'load' 'store'> <Ports = 2> <Width = 8> <Depth = 64> <RAM>
ST_1 : Operation 119 [2/2] (0.67ns)   --->   "%x_39_load = load i6 %x_39_addr" [awn_int8.cpp:175]   --->   Operation 119 'load' 'x_39_load' <Predicate = (!icmp_ln172)> <Delay = 0.67> <CoreInst = "RAM">   --->   Core 83 'RAM' <Latency = 1> <II = 1> <Delay = 0.67> <Storage> <Opcode : 'load' 'store'> <Ports = 2> <Width = 8> <Depth = 64> <RAM>
ST_1 : Operation 120 [2/2] (0.67ns)   --->   "%x_40_load = load i6 %x_40_addr" [awn_int8.cpp:175]   --->   Operation 120 'load' 'x_40_load' <Predicate = (!icmp_ln172)> <Delay = 0.67> <CoreInst = "RAM">   --->   Core 83 'RAM' <Latency = 1> <II = 1> <Delay = 0.67> <Storage> <Opcode : 'load' 'store'> <Ports = 2> <Width = 8> <Depth = 64> <RAM>
ST_1 : Operation 121 [2/2] (0.67ns)   --->   "%x_41_load = load i6 %x_41_addr" [awn_int8.cpp:175]   --->   Operation 121 'load' 'x_41_load' <Predicate = (!icmp_ln172)> <Delay = 0.67> <CoreInst = "RAM">   --->   Core 83 'RAM' <Latency = 1> <II = 1> <Delay = 0.67> <Storage> <Opcode : 'load' 'store'> <Ports = 2> <Width = 8> <Depth = 64> <RAM>
ST_1 : Operation 122 [2/2] (0.67ns)   --->   "%x_42_load = load i6 %x_42_addr" [awn_int8.cpp:175]   --->   Operation 122 'load' 'x_42_load' <Predicate = (!icmp_ln172)> <Delay = 0.67> <CoreInst = "RAM">   --->   Core 83 'RAM' <Latency = 1> <II = 1> <Delay = 0.67> <Storage> <Opcode : 'load' 'store'> <Ports = 2> <Width = 8> <Depth = 64> <RAM>
ST_1 : Operation 123 [2/2] (0.67ns)   --->   "%x_43_load = load i6 %x_43_addr" [awn_int8.cpp:175]   --->   Operation 123 'load' 'x_43_load' <Predicate = (!icmp_ln172)> <Delay = 0.67> <CoreInst = "RAM">   --->   Core 83 'RAM' <Latency = 1> <II = 1> <Delay = 0.67> <Storage> <Opcode : 'load' 'store'> <Ports = 2> <Width = 8> <Depth = 64> <RAM>
ST_1 : Operation 124 [2/2] (0.67ns)   --->   "%x_44_load = load i6 %x_44_addr" [awn_int8.cpp:175]   --->   Operation 124 'load' 'x_44_load' <Predicate = (!icmp_ln172)> <Delay = 0.67> <CoreInst = "RAM">   --->   Core 83 'RAM' <Latency = 1> <II = 1> <Delay = 0.67> <Storage> <Opcode : 'load' 'store'> <Ports = 2> <Width = 8> <Depth = 64> <RAM>
ST_1 : Operation 125 [2/2] (0.67ns)   --->   "%x_45_load = load i6 %x_45_addr" [awn_int8.cpp:175]   --->   Operation 125 'load' 'x_45_load' <Predicate = (!icmp_ln172)> <Delay = 0.67> <CoreInst = "RAM">   --->   Core 83 'RAM' <Latency = 1> <II = 1> <Delay = 0.67> <Storage> <Opcode : 'load' 'store'> <Ports = 2> <Width = 8> <Depth = 64> <RAM>
ST_1 : Operation 126 [2/2] (0.67ns)   --->   "%x_46_load = load i6 %x_46_addr" [awn_int8.cpp:175]   --->   Operation 126 'load' 'x_46_load' <Predicate = (!icmp_ln172)> <Delay = 0.67> <CoreInst = "RAM">   --->   Core 83 'RAM' <Latency = 1> <II = 1> <Delay = 0.67> <Storage> <Opcode : 'load' 'store'> <Ports = 2> <Width = 8> <Depth = 64> <RAM>
ST_1 : Operation 127 [2/2] (0.67ns)   --->   "%x_47_load = load i6 %x_47_addr" [awn_int8.cpp:175]   --->   Operation 127 'load' 'x_47_load' <Predicate = (!icmp_ln172)> <Delay = 0.67> <CoreInst = "RAM">   --->   Core 83 'RAM' <Latency = 1> <II = 1> <Delay = 0.67> <Storage> <Opcode : 'load' 'store'> <Ports = 2> <Width = 8> <Depth = 64> <RAM>
ST_1 : Operation 128 [2/2] (0.67ns)   --->   "%x_48_load = load i6 %x_48_addr" [awn_int8.cpp:175]   --->   Operation 128 'load' 'x_48_load' <Predicate = (!icmp_ln172)> <Delay = 0.67> <CoreInst = "RAM">   --->   Core 83 'RAM' <Latency = 1> <II = 1> <Delay = 0.67> <Storage> <Opcode : 'load' 'store'> <Ports = 2> <Width = 8> <Depth = 64> <RAM>
ST_1 : Operation 129 [2/2] (0.67ns)   --->   "%x_49_load = load i6 %x_49_addr" [awn_int8.cpp:175]   --->   Operation 129 'load' 'x_49_load' <Predicate = (!icmp_ln172)> <Delay = 0.67> <CoreInst = "RAM">   --->   Core 83 'RAM' <Latency = 1> <II = 1> <Delay = 0.67> <Storage> <Opcode : 'load' 'store'> <Ports = 2> <Width = 8> <Depth = 64> <RAM>
ST_1 : Operation 130 [2/2] (0.67ns)   --->   "%x_50_load = load i6 %x_50_addr" [awn_int8.cpp:175]   --->   Operation 130 'load' 'x_50_load' <Predicate = (!icmp_ln172)> <Delay = 0.67> <CoreInst = "RAM">   --->   Core 83 'RAM' <Latency = 1> <II = 1> <Delay = 0.67> <Storage> <Opcode : 'load' 'store'> <Ports = 2> <Width = 8> <Depth = 64> <RAM>
ST_1 : Operation 131 [2/2] (0.67ns)   --->   "%x_51_load = load i6 %x_51_addr" [awn_int8.cpp:175]   --->   Operation 131 'load' 'x_51_load' <Predicate = (!icmp_ln172)> <Delay = 0.67> <CoreInst = "RAM">   --->   Core 83 'RAM' <Latency = 1> <II = 1> <Delay = 0.67> <Storage> <Opcode : 'load' 'store'> <Ports = 2> <Width = 8> <Depth = 64> <RAM>
ST_1 : Operation 132 [2/2] (0.67ns)   --->   "%x_52_load = load i6 %x_52_addr" [awn_int8.cpp:175]   --->   Operation 132 'load' 'x_52_load' <Predicate = (!icmp_ln172)> <Delay = 0.67> <CoreInst = "RAM">   --->   Core 83 'RAM' <Latency = 1> <II = 1> <Delay = 0.67> <Storage> <Opcode : 'load' 'store'> <Ports = 2> <Width = 8> <Depth = 64> <RAM>
ST_1 : Operation 133 [2/2] (0.67ns)   --->   "%x_53_load = load i6 %x_53_addr" [awn_int8.cpp:175]   --->   Operation 133 'load' 'x_53_load' <Predicate = (!icmp_ln172)> <Delay = 0.67> <CoreInst = "RAM">   --->   Core 83 'RAM' <Latency = 1> <II = 1> <Delay = 0.67> <Storage> <Opcode : 'load' 'store'> <Ports = 2> <Width = 8> <Depth = 64> <RAM>
ST_1 : Operation 134 [2/2] (0.67ns)   --->   "%x_54_load = load i6 %x_54_addr" [awn_int8.cpp:175]   --->   Operation 134 'load' 'x_54_load' <Predicate = (!icmp_ln172)> <Delay = 0.67> <CoreInst = "RAM">   --->   Core 83 'RAM' <Latency = 1> <II = 1> <Delay = 0.67> <Storage> <Opcode : 'load' 'store'> <Ports = 2> <Width = 8> <Depth = 64> <RAM>
ST_1 : Operation 135 [2/2] (0.67ns)   --->   "%x_55_load = load i6 %x_55_addr" [awn_int8.cpp:175]   --->   Operation 135 'load' 'x_55_load' <Predicate = (!icmp_ln172)> <Delay = 0.67> <CoreInst = "RAM">   --->   Core 83 'RAM' <Latency = 1> <II = 1> <Delay = 0.67> <Storage> <Opcode : 'load' 'store'> <Ports = 2> <Width = 8> <Depth = 64> <RAM>
ST_1 : Operation 136 [2/2] (0.67ns)   --->   "%x_56_load = load i6 %x_56_addr" [awn_int8.cpp:175]   --->   Operation 136 'load' 'x_56_load' <Predicate = (!icmp_ln172)> <Delay = 0.67> <CoreInst = "RAM">   --->   Core 83 'RAM' <Latency = 1> <II = 1> <Delay = 0.67> <Storage> <Opcode : 'load' 'store'> <Ports = 2> <Width = 8> <Depth = 64> <RAM>
ST_1 : Operation 137 [2/2] (0.67ns)   --->   "%x_57_load = load i6 %x_57_addr" [awn_int8.cpp:175]   --->   Operation 137 'load' 'x_57_load' <Predicate = (!icmp_ln172)> <Delay = 0.67> <CoreInst = "RAM">   --->   Core 83 'RAM' <Latency = 1> <II = 1> <Delay = 0.67> <Storage> <Opcode : 'load' 'store'> <Ports = 2> <Width = 8> <Depth = 64> <RAM>
ST_1 : Operation 138 [2/2] (0.67ns)   --->   "%x_58_load = load i6 %x_58_addr" [awn_int8.cpp:175]   --->   Operation 138 'load' 'x_58_load' <Predicate = (!icmp_ln172)> <Delay = 0.67> <CoreInst = "RAM">   --->   Core 83 'RAM' <Latency = 1> <II = 1> <Delay = 0.67> <Storage> <Opcode : 'load' 'store'> <Ports = 2> <Width = 8> <Depth = 64> <RAM>
ST_1 : Operation 139 [2/2] (0.67ns)   --->   "%x_59_load = load i6 %x_59_addr" [awn_int8.cpp:175]   --->   Operation 139 'load' 'x_59_load' <Predicate = (!icmp_ln172)> <Delay = 0.67> <CoreInst = "RAM">   --->   Core 83 'RAM' <Latency = 1> <II = 1> <Delay = 0.67> <Storage> <Opcode : 'load' 'store'> <Ports = 2> <Width = 8> <Depth = 64> <RAM>
ST_1 : Operation 140 [2/2] (0.67ns)   --->   "%x_60_load = load i6 %x_60_addr" [awn_int8.cpp:175]   --->   Operation 140 'load' 'x_60_load' <Predicate = (!icmp_ln172)> <Delay = 0.67> <CoreInst = "RAM">   --->   Core 83 'RAM' <Latency = 1> <II = 1> <Delay = 0.67> <Storage> <Opcode : 'load' 'store'> <Ports = 2> <Width = 8> <Depth = 64> <RAM>
ST_1 : Operation 141 [2/2] (0.67ns)   --->   "%x_61_load = load i6 %x_61_addr" [awn_int8.cpp:175]   --->   Operation 141 'load' 'x_61_load' <Predicate = (!icmp_ln172)> <Delay = 0.67> <CoreInst = "RAM">   --->   Core 83 'RAM' <Latency = 1> <II = 1> <Delay = 0.67> <Storage> <Opcode : 'load' 'store'> <Ports = 2> <Width = 8> <Depth = 64> <RAM>
ST_1 : Operation 142 [2/2] (0.67ns)   --->   "%x_62_load = load i6 %x_62_addr" [awn_int8.cpp:175]   --->   Operation 142 'load' 'x_62_load' <Predicate = (!icmp_ln172)> <Delay = 0.67> <CoreInst = "RAM">   --->   Core 83 'RAM' <Latency = 1> <II = 1> <Delay = 0.67> <Storage> <Opcode : 'load' 'store'> <Ports = 2> <Width = 8> <Depth = 64> <RAM>
ST_1 : Operation 143 [2/2] (0.67ns)   --->   "%x_63_load = load i6 %x_63_addr" [awn_int8.cpp:175]   --->   Operation 143 'load' 'x_63_load' <Predicate = (!icmp_ln172)> <Delay = 0.67> <CoreInst = "RAM">   --->   Core 83 'RAM' <Latency = 1> <II = 1> <Delay = 0.67> <Storage> <Opcode : 'load' 'store'> <Ports = 2> <Width = 8> <Depth = 64> <RAM>
ST_1 : Operation 144 [1/1] (0.42ns)   --->   "%store_ln172 = store i7 %add_ln172, i7 %c" [awn_int8.cpp:172]   --->   Operation 144 'store' 'store_ln172' <Predicate = (!icmp_ln172)> <Delay = 0.42>

State 2 <SV = 1> <Delay = 3.00>
ST_2 : Operation 145 [1/2] (0.67ns)   --->   "%acc = load i6 %x_0_addr" [awn_int8.cpp:175]   --->   Operation 145 'load' 'acc' <Predicate = true> <Delay = 0.67> <CoreInst = "RAM">   --->   Core 83 'RAM' <Latency = 1> <II = 1> <Delay = 0.67> <Storage> <Opcode : 'load' 'store'> <Ports = 2> <Width = 8> <Depth = 64> <RAM>
ST_2 : Operation 146 [1/1] (0.00ns)   --->   "%sext_ln174 = sext i8 %acc" [awn_int8.cpp:174]   --->   Operation 146 'sext' 'sext_ln174' <Predicate = true> <Delay = 0.00>
ST_2 : Operation 147 [1/2] (0.67ns)   --->   "%x_1_load = load i6 %x_1_addr" [awn_int8.cpp:175]   --->   Operation 147 'load' 'x_1_load' <Predicate = true> <Delay = 0.67> <CoreInst = "RAM">   --->   Core 83 'RAM' <Latency = 1> <II = 1> <Delay = 0.67> <Storage> <Opcode : 'load' 'store'> <Ports = 2> <Width = 8> <Depth = 64> <RAM>
ST_2 : Operation 148 [1/1] (0.00ns)   --->   "%sext_ln175 = sext i8 %x_1_load" [awn_int8.cpp:175]   --->   Operation 148 'sext' 'sext_ln175' <Predicate = true> <Delay = 0.00>
ST_2 : Operation 149 [1/2] (0.67ns)   --->   "%x_2_load = load i6 %x_2_addr" [awn_int8.cpp:175]   --->   Operation 149 'load' 'x_2_load' <Predicate = true> <Delay = 0.67> <CoreInst = "RAM">   --->   Core 83 'RAM' <Latency = 1> <II = 1> <Delay = 0.67> <Storage> <Opcode : 'load' 'store'> <Ports = 2> <Width = 8> <Depth = 64> <RAM>
ST_2 : Operation 150 [1/1] (0.00ns)   --->   "%sext_ln175_125 = sext i8 %x_2_load" [awn_int8.cpp:175]   --->   Operation 150 'sext' 'sext_ln175_125' <Predicate = true> <Delay = 0.00>
ST_2 : Operation 151 [1/2] (0.67ns)   --->   "%x_3_load = load i6 %x_3_addr" [awn_int8.cpp:175]   --->   Operation 151 'load' 'x_3_load' <Predicate = true> <Delay = 0.67> <CoreInst = "RAM">   --->   Core 83 'RAM' <Latency = 1> <II = 1> <Delay = 0.67> <Storage> <Opcode : 'load' 'store'> <Ports = 2> <Width = 8> <Depth = 64> <RAM>
ST_2 : Operation 152 [1/1] (0.00ns)   --->   "%sext_ln175_126 = sext i8 %x_3_load" [awn_int8.cpp:175]   --->   Operation 152 'sext' 'sext_ln175_126' <Predicate = true> <Delay = 0.00>
ST_2 : Operation 153 [1/2] (0.67ns)   --->   "%x_4_load = load i6 %x_4_addr" [awn_int8.cpp:175]   --->   Operation 153 'load' 'x_4_load' <Predicate = true> <Delay = 0.67> <CoreInst = "RAM">   --->   Core 83 'RAM' <Latency = 1> <II = 1> <Delay = 0.67> <Storage> <Opcode : 'load' 'store'> <Ports = 2> <Width = 8> <Depth = 64> <RAM>
ST_2 : Operation 154 [1/1] (0.00ns)   --->   "%sext_ln175_127 = sext i8 %x_4_load" [awn_int8.cpp:175]   --->   Operation 154 'sext' 'sext_ln175_127' <Predicate = true> <Delay = 0.00>
ST_2 : Operation 155 [1/2] (0.67ns)   --->   "%x_5_load = load i6 %x_5_addr" [awn_int8.cpp:175]   --->   Operation 155 'load' 'x_5_load' <Predicate = true> <Delay = 0.67> <CoreInst = "RAM">   --->   Core 83 'RAM' <Latency = 1> <II = 1> <Delay = 0.67> <Storage> <Opcode : 'load' 'store'> <Ports = 2> <Width = 8> <Depth = 64> <RAM>
ST_2 : Operation 156 [1/1] (0.00ns)   --->   "%sext_ln175_128 = sext i8 %x_5_load" [awn_int8.cpp:175]   --->   Operation 156 'sext' 'sext_ln175_128' <Predicate = true> <Delay = 0.00>
ST_2 : Operation 157 [1/2] (0.67ns)   --->   "%x_6_load = load i6 %x_6_addr" [awn_int8.cpp:175]   --->   Operation 157 'load' 'x_6_load' <Predicate = true> <Delay = 0.67> <CoreInst = "RAM">   --->   Core 83 'RAM' <Latency = 1> <II = 1> <Delay = 0.67> <Storage> <Opcode : 'load' 'store'> <Ports = 2> <Width = 8> <Depth = 64> <RAM>
ST_2 : Operation 158 [1/1] (0.00ns)   --->   "%sext_ln175_129 = sext i8 %x_6_load" [awn_int8.cpp:175]   --->   Operation 158 'sext' 'sext_ln175_129' <Predicate = true> <Delay = 0.00>
ST_2 : Operation 159 [1/2] (0.67ns)   --->   "%x_7_load = load i6 %x_7_addr" [awn_int8.cpp:175]   --->   Operation 159 'load' 'x_7_load' <Predicate = true> <Delay = 0.67> <CoreInst = "RAM">   --->   Core 83 'RAM' <Latency = 1> <II = 1> <Delay = 0.67> <Storage> <Opcode : 'load' 'store'> <Ports = 2> <Width = 8> <Depth = 64> <RAM>
ST_2 : Operation 160 [1/1] (0.00ns)   --->   "%sext_ln175_130 = sext i8 %x_7_load" [awn_int8.cpp:175]   --->   Operation 160 'sext' 'sext_ln175_130' <Predicate = true> <Delay = 0.00>
ST_2 : Operation 161 [1/2] (0.67ns)   --->   "%x_8_load = load i6 %x_8_addr" [awn_int8.cpp:175]   --->   Operation 161 'load' 'x_8_load' <Predicate = true> <Delay = 0.67> <CoreInst = "RAM">   --->   Core 83 'RAM' <Latency = 1> <II = 1> <Delay = 0.67> <Storage> <Opcode : 'load' 'store'> <Ports = 2> <Width = 8> <Depth = 64> <RAM>
ST_2 : Operation 162 [1/1] (0.00ns)   --->   "%sext_ln175_131 = sext i8 %x_8_load" [awn_int8.cpp:175]   --->   Operation 162 'sext' 'sext_ln175_131' <Predicate = true> <Delay = 0.00>
ST_2 : Operation 163 [1/2] (0.67ns)   --->   "%x_9_load = load i6 %x_9_addr" [awn_int8.cpp:175]   --->   Operation 163 'load' 'x_9_load' <Predicate = true> <Delay = 0.67> <CoreInst = "RAM">   --->   Core 83 'RAM' <Latency = 1> <II = 1> <Delay = 0.67> <Storage> <Opcode : 'load' 'store'> <Ports = 2> <Width = 8> <Depth = 64> <RAM>
ST_2 : Operation 164 [1/1] (0.00ns)   --->   "%sext_ln175_132 = sext i8 %x_9_load" [awn_int8.cpp:175]   --->   Operation 164 'sext' 'sext_ln175_132' <Predicate = true> <Delay = 0.00>
ST_2 : Operation 165 [1/2] (0.67ns)   --->   "%x_10_load = load i6 %x_10_addr" [awn_int8.cpp:175]   --->   Operation 165 'load' 'x_10_load' <Predicate = true> <Delay = 0.67> <CoreInst = "RAM">   --->   Core 83 'RAM' <Latency = 1> <II = 1> <Delay = 0.67> <Storage> <Opcode : 'load' 'store'> <Ports = 2> <Width = 8> <Depth = 64> <RAM>
ST_2 : Operation 166 [1/1] (0.00ns)   --->   "%sext_ln175_133 = sext i8 %x_10_load" [awn_int8.cpp:175]   --->   Operation 166 'sext' 'sext_ln175_133' <Predicate = true> <Delay = 0.00>
ST_2 : Operation 167 [1/2] (0.67ns)   --->   "%x_11_load = load i6 %x_11_addr" [awn_int8.cpp:175]   --->   Operation 167 'load' 'x_11_load' <Predicate = true> <Delay = 0.67> <CoreInst = "RAM">   --->   Core 83 'RAM' <Latency = 1> <II = 1> <Delay = 0.67> <Storage> <Opcode : 'load' 'store'> <Ports = 2> <Width = 8> <Depth = 64> <RAM>
ST_2 : Operation 168 [1/1] (0.00ns)   --->   "%sext_ln175_134 = sext i8 %x_11_load" [awn_int8.cpp:175]   --->   Operation 168 'sext' 'sext_ln175_134' <Predicate = true> <Delay = 0.00>
ST_2 : Operation 169 [1/2] (0.67ns)   --->   "%x_12_load = load i6 %x_12_addr" [awn_int8.cpp:175]   --->   Operation 169 'load' 'x_12_load' <Predicate = true> <Delay = 0.67> <CoreInst = "RAM">   --->   Core 83 'RAM' <Latency = 1> <II = 1> <Delay = 0.67> <Storage> <Opcode : 'load' 'store'> <Ports = 2> <Width = 8> <Depth = 64> <RAM>
ST_2 : Operation 170 [1/1] (0.00ns)   --->   "%sext_ln175_135 = sext i8 %x_12_load" [awn_int8.cpp:175]   --->   Operation 170 'sext' 'sext_ln175_135' <Predicate = true> <Delay = 0.00>
ST_2 : Operation 171 [1/2] (0.67ns)   --->   "%x_13_load = load i6 %x_13_addr" [awn_int8.cpp:175]   --->   Operation 171 'load' 'x_13_load' <Predicate = true> <Delay = 0.67> <CoreInst = "RAM">   --->   Core 83 'RAM' <Latency = 1> <II = 1> <Delay = 0.67> <Storage> <Opcode : 'load' 'store'> <Ports = 2> <Width = 8> <Depth = 64> <RAM>
ST_2 : Operation 172 [1/1] (0.00ns)   --->   "%sext_ln175_136 = sext i8 %x_13_load" [awn_int8.cpp:175]   --->   Operation 172 'sext' 'sext_ln175_136' <Predicate = true> <Delay = 0.00>
ST_2 : Operation 173 [1/2] (0.67ns)   --->   "%x_14_load = load i6 %x_14_addr" [awn_int8.cpp:175]   --->   Operation 173 'load' 'x_14_load' <Predicate = true> <Delay = 0.67> <CoreInst = "RAM">   --->   Core 83 'RAM' <Latency = 1> <II = 1> <Delay = 0.67> <Storage> <Opcode : 'load' 'store'> <Ports = 2> <Width = 8> <Depth = 64> <RAM>
ST_2 : Operation 174 [1/1] (0.00ns)   --->   "%sext_ln175_137 = sext i8 %x_14_load" [awn_int8.cpp:175]   --->   Operation 174 'sext' 'sext_ln175_137' <Predicate = true> <Delay = 0.00>
ST_2 : Operation 175 [1/2] (0.67ns)   --->   "%x_15_load = load i6 %x_15_addr" [awn_int8.cpp:175]   --->   Operation 175 'load' 'x_15_load' <Predicate = true> <Delay = 0.67> <CoreInst = "RAM">   --->   Core 83 'RAM' <Latency = 1> <II = 1> <Delay = 0.67> <Storage> <Opcode : 'load' 'store'> <Ports = 2> <Width = 8> <Depth = 64> <RAM>
ST_2 : Operation 176 [1/1] (0.00ns)   --->   "%sext_ln175_138 = sext i8 %x_15_load" [awn_int8.cpp:175]   --->   Operation 176 'sext' 'sext_ln175_138' <Predicate = true> <Delay = 0.00>
ST_2 : Operation 177 [1/2] (0.67ns)   --->   "%x_16_load = load i6 %x_16_addr" [awn_int8.cpp:175]   --->   Operation 177 'load' 'x_16_load' <Predicate = true> <Delay = 0.67> <CoreInst = "RAM">   --->   Core 83 'RAM' <Latency = 1> <II = 1> <Delay = 0.67> <Storage> <Opcode : 'load' 'store'> <Ports = 2> <Width = 8> <Depth = 64> <RAM>
ST_2 : Operation 178 [1/1] (0.00ns)   --->   "%sext_ln175_139 = sext i8 %x_16_load" [awn_int8.cpp:175]   --->   Operation 178 'sext' 'sext_ln175_139' <Predicate = true> <Delay = 0.00>
ST_2 : Operation 179 [1/2] (0.67ns)   --->   "%x_17_load = load i6 %x_17_addr" [awn_int8.cpp:175]   --->   Operation 179 'load' 'x_17_load' <Predicate = true> <Delay = 0.67> <CoreInst = "RAM">   --->   Core 83 'RAM' <Latency = 1> <II = 1> <Delay = 0.67> <Storage> <Opcode : 'load' 'store'> <Ports = 2> <Width = 8> <Depth = 64> <RAM>
ST_2 : Operation 180 [1/1] (0.00ns)   --->   "%sext_ln175_140 = sext i8 %x_17_load" [awn_int8.cpp:175]   --->   Operation 180 'sext' 'sext_ln175_140' <Predicate = true> <Delay = 0.00>
ST_2 : Operation 181 [1/2] (0.67ns)   --->   "%x_18_load = load i6 %x_18_addr" [awn_int8.cpp:175]   --->   Operation 181 'load' 'x_18_load' <Predicate = true> <Delay = 0.67> <CoreInst = "RAM">   --->   Core 83 'RAM' <Latency = 1> <II = 1> <Delay = 0.67> <Storage> <Opcode : 'load' 'store'> <Ports = 2> <Width = 8> <Depth = 64> <RAM>
ST_2 : Operation 182 [1/1] (0.00ns)   --->   "%sext_ln175_141 = sext i8 %x_18_load" [awn_int8.cpp:175]   --->   Operation 182 'sext' 'sext_ln175_141' <Predicate = true> <Delay = 0.00>
ST_2 : Operation 183 [1/2] (0.67ns)   --->   "%x_19_load = load i6 %x_19_addr" [awn_int8.cpp:175]   --->   Operation 183 'load' 'x_19_load' <Predicate = true> <Delay = 0.67> <CoreInst = "RAM">   --->   Core 83 'RAM' <Latency = 1> <II = 1> <Delay = 0.67> <Storage> <Opcode : 'load' 'store'> <Ports = 2> <Width = 8> <Depth = 64> <RAM>
ST_2 : Operation 184 [1/1] (0.00ns)   --->   "%sext_ln175_142 = sext i8 %x_19_load" [awn_int8.cpp:175]   --->   Operation 184 'sext' 'sext_ln175_142' <Predicate = true> <Delay = 0.00>
ST_2 : Operation 185 [1/2] (0.67ns)   --->   "%x_20_load = load i6 %x_20_addr" [awn_int8.cpp:175]   --->   Operation 185 'load' 'x_20_load' <Predicate = true> <Delay = 0.67> <CoreInst = "RAM">   --->   Core 83 'RAM' <Latency = 1> <II = 1> <Delay = 0.67> <Storage> <Opcode : 'load' 'store'> <Ports = 2> <Width = 8> <Depth = 64> <RAM>
ST_2 : Operation 186 [1/1] (0.00ns)   --->   "%sext_ln175_143 = sext i8 %x_20_load" [awn_int8.cpp:175]   --->   Operation 186 'sext' 'sext_ln175_143' <Predicate = true> <Delay = 0.00>
ST_2 : Operation 187 [1/2] (0.67ns)   --->   "%x_21_load = load i6 %x_21_addr" [awn_int8.cpp:175]   --->   Operation 187 'load' 'x_21_load' <Predicate = true> <Delay = 0.67> <CoreInst = "RAM">   --->   Core 83 'RAM' <Latency = 1> <II = 1> <Delay = 0.67> <Storage> <Opcode : 'load' 'store'> <Ports = 2> <Width = 8> <Depth = 64> <RAM>
ST_2 : Operation 188 [1/1] (0.00ns)   --->   "%sext_ln175_144 = sext i8 %x_21_load" [awn_int8.cpp:175]   --->   Operation 188 'sext' 'sext_ln175_144' <Predicate = true> <Delay = 0.00>
ST_2 : Operation 189 [1/2] (0.67ns)   --->   "%x_22_load = load i6 %x_22_addr" [awn_int8.cpp:175]   --->   Operation 189 'load' 'x_22_load' <Predicate = true> <Delay = 0.67> <CoreInst = "RAM">   --->   Core 83 'RAM' <Latency = 1> <II = 1> <Delay = 0.67> <Storage> <Opcode : 'load' 'store'> <Ports = 2> <Width = 8> <Depth = 64> <RAM>
ST_2 : Operation 190 [1/1] (0.00ns)   --->   "%sext_ln175_145 = sext i8 %x_22_load" [awn_int8.cpp:175]   --->   Operation 190 'sext' 'sext_ln175_145' <Predicate = true> <Delay = 0.00>
ST_2 : Operation 191 [1/2] (0.67ns)   --->   "%x_23_load = load i6 %x_23_addr" [awn_int8.cpp:175]   --->   Operation 191 'load' 'x_23_load' <Predicate = true> <Delay = 0.67> <CoreInst = "RAM">   --->   Core 83 'RAM' <Latency = 1> <II = 1> <Delay = 0.67> <Storage> <Opcode : 'load' 'store'> <Ports = 2> <Width = 8> <Depth = 64> <RAM>
ST_2 : Operation 192 [1/1] (0.00ns)   --->   "%sext_ln175_146 = sext i8 %x_23_load" [awn_int8.cpp:175]   --->   Operation 192 'sext' 'sext_ln175_146' <Predicate = true> <Delay = 0.00>
ST_2 : Operation 193 [1/2] (0.67ns)   --->   "%x_24_load = load i6 %x_24_addr" [awn_int8.cpp:175]   --->   Operation 193 'load' 'x_24_load' <Predicate = true> <Delay = 0.67> <CoreInst = "RAM">   --->   Core 83 'RAM' <Latency = 1> <II = 1> <Delay = 0.67> <Storage> <Opcode : 'load' 'store'> <Ports = 2> <Width = 8> <Depth = 64> <RAM>
ST_2 : Operation 194 [1/1] (0.00ns)   --->   "%sext_ln175_147 = sext i8 %x_24_load" [awn_int8.cpp:175]   --->   Operation 194 'sext' 'sext_ln175_147' <Predicate = true> <Delay = 0.00>
ST_2 : Operation 195 [1/2] (0.67ns)   --->   "%x_25_load = load i6 %x_25_addr" [awn_int8.cpp:175]   --->   Operation 195 'load' 'x_25_load' <Predicate = true> <Delay = 0.67> <CoreInst = "RAM">   --->   Core 83 'RAM' <Latency = 1> <II = 1> <Delay = 0.67> <Storage> <Opcode : 'load' 'store'> <Ports = 2> <Width = 8> <Depth = 64> <RAM>
ST_2 : Operation 196 [1/1] (0.00ns)   --->   "%sext_ln175_148 = sext i8 %x_25_load" [awn_int8.cpp:175]   --->   Operation 196 'sext' 'sext_ln175_148' <Predicate = true> <Delay = 0.00>
ST_2 : Operation 197 [1/2] (0.67ns)   --->   "%x_26_load = load i6 %x_26_addr" [awn_int8.cpp:175]   --->   Operation 197 'load' 'x_26_load' <Predicate = true> <Delay = 0.67> <CoreInst = "RAM">   --->   Core 83 'RAM' <Latency = 1> <II = 1> <Delay = 0.67> <Storage> <Opcode : 'load' 'store'> <Ports = 2> <Width = 8> <Depth = 64> <RAM>
ST_2 : Operation 198 [1/1] (0.00ns)   --->   "%sext_ln175_149 = sext i8 %x_26_load" [awn_int8.cpp:175]   --->   Operation 198 'sext' 'sext_ln175_149' <Predicate = true> <Delay = 0.00>
ST_2 : Operation 199 [1/2] (0.67ns)   --->   "%x_27_load = load i6 %x_27_addr" [awn_int8.cpp:175]   --->   Operation 199 'load' 'x_27_load' <Predicate = true> <Delay = 0.67> <CoreInst = "RAM">   --->   Core 83 'RAM' <Latency = 1> <II = 1> <Delay = 0.67> <Storage> <Opcode : 'load' 'store'> <Ports = 2> <Width = 8> <Depth = 64> <RAM>
ST_2 : Operation 200 [1/1] (0.00ns)   --->   "%sext_ln175_150 = sext i8 %x_27_load" [awn_int8.cpp:175]   --->   Operation 200 'sext' 'sext_ln175_150' <Predicate = true> <Delay = 0.00>
ST_2 : Operation 201 [1/2] (0.67ns)   --->   "%x_28_load = load i6 %x_28_addr" [awn_int8.cpp:175]   --->   Operation 201 'load' 'x_28_load' <Predicate = true> <Delay = 0.67> <CoreInst = "RAM">   --->   Core 83 'RAM' <Latency = 1> <II = 1> <Delay = 0.67> <Storage> <Opcode : 'load' 'store'> <Ports = 2> <Width = 8> <Depth = 64> <RAM>
ST_2 : Operation 202 [1/1] (0.00ns)   --->   "%sext_ln175_151 = sext i8 %x_28_load" [awn_int8.cpp:175]   --->   Operation 202 'sext' 'sext_ln175_151' <Predicate = true> <Delay = 0.00>
ST_2 : Operation 203 [1/2] (0.67ns)   --->   "%x_29_load = load i6 %x_29_addr" [awn_int8.cpp:175]   --->   Operation 203 'load' 'x_29_load' <Predicate = true> <Delay = 0.67> <CoreInst = "RAM">   --->   Core 83 'RAM' <Latency = 1> <II = 1> <Delay = 0.67> <Storage> <Opcode : 'load' 'store'> <Ports = 2> <Width = 8> <Depth = 64> <RAM>
ST_2 : Operation 204 [1/1] (0.00ns)   --->   "%sext_ln175_152 = sext i8 %x_29_load" [awn_int8.cpp:175]   --->   Operation 204 'sext' 'sext_ln175_152' <Predicate = true> <Delay = 0.00>
ST_2 : Operation 205 [1/2] (0.67ns)   --->   "%x_30_load = load i6 %x_30_addr" [awn_int8.cpp:175]   --->   Operation 205 'load' 'x_30_load' <Predicate = true> <Delay = 0.67> <CoreInst = "RAM">   --->   Core 83 'RAM' <Latency = 1> <II = 1> <Delay = 0.67> <Storage> <Opcode : 'load' 'store'> <Ports = 2> <Width = 8> <Depth = 64> <RAM>
ST_2 : Operation 206 [1/1] (0.00ns)   --->   "%sext_ln175_153 = sext i8 %x_30_load" [awn_int8.cpp:175]   --->   Operation 206 'sext' 'sext_ln175_153' <Predicate = true> <Delay = 0.00>
ST_2 : Operation 207 [1/2] (0.67ns)   --->   "%x_31_load = load i6 %x_31_addr" [awn_int8.cpp:175]   --->   Operation 207 'load' 'x_31_load' <Predicate = true> <Delay = 0.67> <CoreInst = "RAM">   --->   Core 83 'RAM' <Latency = 1> <II = 1> <Delay = 0.67> <Storage> <Opcode : 'load' 'store'> <Ports = 2> <Width = 8> <Depth = 64> <RAM>
ST_2 : Operation 208 [1/1] (0.00ns)   --->   "%sext_ln175_154 = sext i8 %x_31_load" [awn_int8.cpp:175]   --->   Operation 208 'sext' 'sext_ln175_154' <Predicate = true> <Delay = 0.00>
ST_2 : Operation 209 [1/2] (0.67ns)   --->   "%x_32_load = load i6 %x_32_addr" [awn_int8.cpp:175]   --->   Operation 209 'load' 'x_32_load' <Predicate = true> <Delay = 0.67> <CoreInst = "RAM">   --->   Core 83 'RAM' <Latency = 1> <II = 1> <Delay = 0.67> <Storage> <Opcode : 'load' 'store'> <Ports = 2> <Width = 8> <Depth = 64> <RAM>
ST_2 : Operation 210 [1/1] (0.00ns)   --->   "%sext_ln175_155 = sext i8 %x_32_load" [awn_int8.cpp:175]   --->   Operation 210 'sext' 'sext_ln175_155' <Predicate = true> <Delay = 0.00>
ST_2 : Operation 211 [1/2] (0.67ns)   --->   "%x_33_load = load i6 %x_33_addr" [awn_int8.cpp:175]   --->   Operation 211 'load' 'x_33_load' <Predicate = true> <Delay = 0.67> <CoreInst = "RAM">   --->   Core 83 'RAM' <Latency = 1> <II = 1> <Delay = 0.67> <Storage> <Opcode : 'load' 'store'> <Ports = 2> <Width = 8> <Depth = 64> <RAM>
ST_2 : Operation 212 [1/1] (0.00ns)   --->   "%sext_ln175_156 = sext i8 %x_33_load" [awn_int8.cpp:175]   --->   Operation 212 'sext' 'sext_ln175_156' <Predicate = true> <Delay = 0.00>
ST_2 : Operation 213 [1/2] (0.67ns)   --->   "%x_34_load = load i6 %x_34_addr" [awn_int8.cpp:175]   --->   Operation 213 'load' 'x_34_load' <Predicate = true> <Delay = 0.67> <CoreInst = "RAM">   --->   Core 83 'RAM' <Latency = 1> <II = 1> <Delay = 0.67> <Storage> <Opcode : 'load' 'store'> <Ports = 2> <Width = 8> <Depth = 64> <RAM>
ST_2 : Operation 214 [1/1] (0.00ns)   --->   "%sext_ln175_157 = sext i8 %x_34_load" [awn_int8.cpp:175]   --->   Operation 214 'sext' 'sext_ln175_157' <Predicate = true> <Delay = 0.00>
ST_2 : Operation 215 [1/2] (0.67ns)   --->   "%x_35_load = load i6 %x_35_addr" [awn_int8.cpp:175]   --->   Operation 215 'load' 'x_35_load' <Predicate = true> <Delay = 0.67> <CoreInst = "RAM">   --->   Core 83 'RAM' <Latency = 1> <II = 1> <Delay = 0.67> <Storage> <Opcode : 'load' 'store'> <Ports = 2> <Width = 8> <Depth = 64> <RAM>
ST_2 : Operation 216 [1/1] (0.00ns)   --->   "%sext_ln175_158 = sext i8 %x_35_load" [awn_int8.cpp:175]   --->   Operation 216 'sext' 'sext_ln175_158' <Predicate = true> <Delay = 0.00>
ST_2 : Operation 217 [1/2] (0.67ns)   --->   "%x_36_load = load i6 %x_36_addr" [awn_int8.cpp:175]   --->   Operation 217 'load' 'x_36_load' <Predicate = true> <Delay = 0.67> <CoreInst = "RAM">   --->   Core 83 'RAM' <Latency = 1> <II = 1> <Delay = 0.67> <Storage> <Opcode : 'load' 'store'> <Ports = 2> <Width = 8> <Depth = 64> <RAM>
ST_2 : Operation 218 [1/1] (0.00ns)   --->   "%sext_ln175_159 = sext i8 %x_36_load" [awn_int8.cpp:175]   --->   Operation 218 'sext' 'sext_ln175_159' <Predicate = true> <Delay = 0.00>
ST_2 : Operation 219 [1/2] (0.67ns)   --->   "%x_37_load = load i6 %x_37_addr" [awn_int8.cpp:175]   --->   Operation 219 'load' 'x_37_load' <Predicate = true> <Delay = 0.67> <CoreInst = "RAM">   --->   Core 83 'RAM' <Latency = 1> <II = 1> <Delay = 0.67> <Storage> <Opcode : 'load' 'store'> <Ports = 2> <Width = 8> <Depth = 64> <RAM>
ST_2 : Operation 220 [1/1] (0.00ns)   --->   "%sext_ln175_160 = sext i8 %x_37_load" [awn_int8.cpp:175]   --->   Operation 220 'sext' 'sext_ln175_160' <Predicate = true> <Delay = 0.00>
ST_2 : Operation 221 [1/2] (0.67ns)   --->   "%x_38_load = load i6 %x_38_addr" [awn_int8.cpp:175]   --->   Operation 221 'load' 'x_38_load' <Predicate = true> <Delay = 0.67> <CoreInst = "RAM">   --->   Core 83 'RAM' <Latency = 1> <II = 1> <Delay = 0.67> <Storage> <Opcode : 'load' 'store'> <Ports = 2> <Width = 8> <Depth = 64> <RAM>
ST_2 : Operation 222 [1/1] (0.00ns)   --->   "%sext_ln175_161 = sext i8 %x_38_load" [awn_int8.cpp:175]   --->   Operation 222 'sext' 'sext_ln175_161' <Predicate = true> <Delay = 0.00>
ST_2 : Operation 223 [1/2] (0.67ns)   --->   "%x_39_load = load i6 %x_39_addr" [awn_int8.cpp:175]   --->   Operation 223 'load' 'x_39_load' <Predicate = true> <Delay = 0.67> <CoreInst = "RAM">   --->   Core 83 'RAM' <Latency = 1> <II = 1> <Delay = 0.67> <Storage> <Opcode : 'load' 'store'> <Ports = 2> <Width = 8> <Depth = 64> <RAM>
ST_2 : Operation 224 [1/1] (0.00ns)   --->   "%sext_ln175_162 = sext i8 %x_39_load" [awn_int8.cpp:175]   --->   Operation 224 'sext' 'sext_ln175_162' <Predicate = true> <Delay = 0.00>
ST_2 : Operation 225 [1/2] (0.67ns)   --->   "%x_40_load = load i6 %x_40_addr" [awn_int8.cpp:175]   --->   Operation 225 'load' 'x_40_load' <Predicate = true> <Delay = 0.67> <CoreInst = "RAM">   --->   Core 83 'RAM' <Latency = 1> <II = 1> <Delay = 0.67> <Storage> <Opcode : 'load' 'store'> <Ports = 2> <Width = 8> <Depth = 64> <RAM>
ST_2 : Operation 226 [1/1] (0.00ns)   --->   "%sext_ln175_163 = sext i8 %x_40_load" [awn_int8.cpp:175]   --->   Operation 226 'sext' 'sext_ln175_163' <Predicate = true> <Delay = 0.00>
ST_2 : Operation 227 [1/2] (0.67ns)   --->   "%x_41_load = load i6 %x_41_addr" [awn_int8.cpp:175]   --->   Operation 227 'load' 'x_41_load' <Predicate = true> <Delay = 0.67> <CoreInst = "RAM">   --->   Core 83 'RAM' <Latency = 1> <II = 1> <Delay = 0.67> <Storage> <Opcode : 'load' 'store'> <Ports = 2> <Width = 8> <Depth = 64> <RAM>
ST_2 : Operation 228 [1/1] (0.00ns)   --->   "%sext_ln175_164 = sext i8 %x_41_load" [awn_int8.cpp:175]   --->   Operation 228 'sext' 'sext_ln175_164' <Predicate = true> <Delay = 0.00>
ST_2 : Operation 229 [1/2] (0.67ns)   --->   "%x_42_load = load i6 %x_42_addr" [awn_int8.cpp:175]   --->   Operation 229 'load' 'x_42_load' <Predicate = true> <Delay = 0.67> <CoreInst = "RAM">   --->   Core 83 'RAM' <Latency = 1> <II = 1> <Delay = 0.67> <Storage> <Opcode : 'load' 'store'> <Ports = 2> <Width = 8> <Depth = 64> <RAM>
ST_2 : Operation 230 [1/1] (0.00ns)   --->   "%sext_ln175_165 = sext i8 %x_42_load" [awn_int8.cpp:175]   --->   Operation 230 'sext' 'sext_ln175_165' <Predicate = true> <Delay = 0.00>
ST_2 : Operation 231 [1/2] (0.67ns)   --->   "%x_43_load = load i6 %x_43_addr" [awn_int8.cpp:175]   --->   Operation 231 'load' 'x_43_load' <Predicate = true> <Delay = 0.67> <CoreInst = "RAM">   --->   Core 83 'RAM' <Latency = 1> <II = 1> <Delay = 0.67> <Storage> <Opcode : 'load' 'store'> <Ports = 2> <Width = 8> <Depth = 64> <RAM>
ST_2 : Operation 232 [1/1] (0.00ns)   --->   "%sext_ln175_166 = sext i8 %x_43_load" [awn_int8.cpp:175]   --->   Operation 232 'sext' 'sext_ln175_166' <Predicate = true> <Delay = 0.00>
ST_2 : Operation 233 [1/2] (0.67ns)   --->   "%x_44_load = load i6 %x_44_addr" [awn_int8.cpp:175]   --->   Operation 233 'load' 'x_44_load' <Predicate = true> <Delay = 0.67> <CoreInst = "RAM">   --->   Core 83 'RAM' <Latency = 1> <II = 1> <Delay = 0.67> <Storage> <Opcode : 'load' 'store'> <Ports = 2> <Width = 8> <Depth = 64> <RAM>
ST_2 : Operation 234 [1/1] (0.00ns)   --->   "%sext_ln175_167 = sext i8 %x_44_load" [awn_int8.cpp:175]   --->   Operation 234 'sext' 'sext_ln175_167' <Predicate = true> <Delay = 0.00>
ST_2 : Operation 235 [1/2] (0.67ns)   --->   "%x_45_load = load i6 %x_45_addr" [awn_int8.cpp:175]   --->   Operation 235 'load' 'x_45_load' <Predicate = true> <Delay = 0.67> <CoreInst = "RAM">   --->   Core 83 'RAM' <Latency = 1> <II = 1> <Delay = 0.67> <Storage> <Opcode : 'load' 'store'> <Ports = 2> <Width = 8> <Depth = 64> <RAM>
ST_2 : Operation 236 [1/1] (0.00ns)   --->   "%sext_ln175_168 = sext i8 %x_45_load" [awn_int8.cpp:175]   --->   Operation 236 'sext' 'sext_ln175_168' <Predicate = true> <Delay = 0.00>
ST_2 : Operation 237 [1/2] (0.67ns)   --->   "%x_46_load = load i6 %x_46_addr" [awn_int8.cpp:175]   --->   Operation 237 'load' 'x_46_load' <Predicate = true> <Delay = 0.67> <CoreInst = "RAM">   --->   Core 83 'RAM' <Latency = 1> <II = 1> <Delay = 0.67> <Storage> <Opcode : 'load' 'store'> <Ports = 2> <Width = 8> <Depth = 64> <RAM>
ST_2 : Operation 238 [1/1] (0.00ns)   --->   "%sext_ln175_169 = sext i8 %x_46_load" [awn_int8.cpp:175]   --->   Operation 238 'sext' 'sext_ln175_169' <Predicate = true> <Delay = 0.00>
ST_2 : Operation 239 [1/2] (0.67ns)   --->   "%x_47_load = load i6 %x_47_addr" [awn_int8.cpp:175]   --->   Operation 239 'load' 'x_47_load' <Predicate = true> <Delay = 0.67> <CoreInst = "RAM">   --->   Core 83 'RAM' <Latency = 1> <II = 1> <Delay = 0.67> <Storage> <Opcode : 'load' 'store'> <Ports = 2> <Width = 8> <Depth = 64> <RAM>
ST_2 : Operation 240 [1/1] (0.00ns)   --->   "%sext_ln175_170 = sext i8 %x_47_load" [awn_int8.cpp:175]   --->   Operation 240 'sext' 'sext_ln175_170' <Predicate = true> <Delay = 0.00>
ST_2 : Operation 241 [1/2] (0.67ns)   --->   "%x_48_load = load i6 %x_48_addr" [awn_int8.cpp:175]   --->   Operation 241 'load' 'x_48_load' <Predicate = true> <Delay = 0.67> <CoreInst = "RAM">   --->   Core 83 'RAM' <Latency = 1> <II = 1> <Delay = 0.67> <Storage> <Opcode : 'load' 'store'> <Ports = 2> <Width = 8> <Depth = 64> <RAM>
ST_2 : Operation 242 [1/1] (0.00ns)   --->   "%sext_ln175_171 = sext i8 %x_48_load" [awn_int8.cpp:175]   --->   Operation 242 'sext' 'sext_ln175_171' <Predicate = true> <Delay = 0.00>
ST_2 : Operation 243 [1/2] (0.67ns)   --->   "%x_49_load = load i6 %x_49_addr" [awn_int8.cpp:175]   --->   Operation 243 'load' 'x_49_load' <Predicate = true> <Delay = 0.67> <CoreInst = "RAM">   --->   Core 83 'RAM' <Latency = 1> <II = 1> <Delay = 0.67> <Storage> <Opcode : 'load' 'store'> <Ports = 2> <Width = 8> <Depth = 64> <RAM>
ST_2 : Operation 244 [1/1] (0.00ns)   --->   "%sext_ln175_172 = sext i8 %x_49_load" [awn_int8.cpp:175]   --->   Operation 244 'sext' 'sext_ln175_172' <Predicate = true> <Delay = 0.00>
ST_2 : Operation 245 [1/2] (0.67ns)   --->   "%x_50_load = load i6 %x_50_addr" [awn_int8.cpp:175]   --->   Operation 245 'load' 'x_50_load' <Predicate = true> <Delay = 0.67> <CoreInst = "RAM">   --->   Core 83 'RAM' <Latency = 1> <II = 1> <Delay = 0.67> <Storage> <Opcode : 'load' 'store'> <Ports = 2> <Width = 8> <Depth = 64> <RAM>
ST_2 : Operation 246 [1/1] (0.00ns)   --->   "%sext_ln175_173 = sext i8 %x_50_load" [awn_int8.cpp:175]   --->   Operation 246 'sext' 'sext_ln175_173' <Predicate = true> <Delay = 0.00>
ST_2 : Operation 247 [1/2] (0.67ns)   --->   "%x_51_load = load i6 %x_51_addr" [awn_int8.cpp:175]   --->   Operation 247 'load' 'x_51_load' <Predicate = true> <Delay = 0.67> <CoreInst = "RAM">   --->   Core 83 'RAM' <Latency = 1> <II = 1> <Delay = 0.67> <Storage> <Opcode : 'load' 'store'> <Ports = 2> <Width = 8> <Depth = 64> <RAM>
ST_2 : Operation 248 [1/1] (0.00ns)   --->   "%sext_ln175_174 = sext i8 %x_51_load" [awn_int8.cpp:175]   --->   Operation 248 'sext' 'sext_ln175_174' <Predicate = true> <Delay = 0.00>
ST_2 : Operation 249 [1/2] (0.67ns)   --->   "%x_52_load = load i6 %x_52_addr" [awn_int8.cpp:175]   --->   Operation 249 'load' 'x_52_load' <Predicate = true> <Delay = 0.67> <CoreInst = "RAM">   --->   Core 83 'RAM' <Latency = 1> <II = 1> <Delay = 0.67> <Storage> <Opcode : 'load' 'store'> <Ports = 2> <Width = 8> <Depth = 64> <RAM>
ST_2 : Operation 250 [1/1] (0.00ns)   --->   "%sext_ln175_175 = sext i8 %x_52_load" [awn_int8.cpp:175]   --->   Operation 250 'sext' 'sext_ln175_175' <Predicate = true> <Delay = 0.00>
ST_2 : Operation 251 [1/2] (0.67ns)   --->   "%x_53_load = load i6 %x_53_addr" [awn_int8.cpp:175]   --->   Operation 251 'load' 'x_53_load' <Predicate = true> <Delay = 0.67> <CoreInst = "RAM">   --->   Core 83 'RAM' <Latency = 1> <II = 1> <Delay = 0.67> <Storage> <Opcode : 'load' 'store'> <Ports = 2> <Width = 8> <Depth = 64> <RAM>
ST_2 : Operation 252 [1/1] (0.00ns)   --->   "%sext_ln175_176 = sext i8 %x_53_load" [awn_int8.cpp:175]   --->   Operation 252 'sext' 'sext_ln175_176' <Predicate = true> <Delay = 0.00>
ST_2 : Operation 253 [1/2] (0.67ns)   --->   "%x_54_load = load i6 %x_54_addr" [awn_int8.cpp:175]   --->   Operation 253 'load' 'x_54_load' <Predicate = true> <Delay = 0.67> <CoreInst = "RAM">   --->   Core 83 'RAM' <Latency = 1> <II = 1> <Delay = 0.67> <Storage> <Opcode : 'load' 'store'> <Ports = 2> <Width = 8> <Depth = 64> <RAM>
ST_2 : Operation 254 [1/1] (0.00ns)   --->   "%sext_ln175_177 = sext i8 %x_54_load" [awn_int8.cpp:175]   --->   Operation 254 'sext' 'sext_ln175_177' <Predicate = true> <Delay = 0.00>
ST_2 : Operation 255 [1/2] (0.67ns)   --->   "%x_55_load = load i6 %x_55_addr" [awn_int8.cpp:175]   --->   Operation 255 'load' 'x_55_load' <Predicate = true> <Delay = 0.67> <CoreInst = "RAM">   --->   Core 83 'RAM' <Latency = 1> <II = 1> <Delay = 0.67> <Storage> <Opcode : 'load' 'store'> <Ports = 2> <Width = 8> <Depth = 64> <RAM>
ST_2 : Operation 256 [1/1] (0.00ns)   --->   "%sext_ln175_178 = sext i8 %x_55_load" [awn_int8.cpp:175]   --->   Operation 256 'sext' 'sext_ln175_178' <Predicate = true> <Delay = 0.00>
ST_2 : Operation 257 [1/2] (0.67ns)   --->   "%x_56_load = load i6 %x_56_addr" [awn_int8.cpp:175]   --->   Operation 257 'load' 'x_56_load' <Predicate = true> <Delay = 0.67> <CoreInst = "RAM">   --->   Core 83 'RAM' <Latency = 1> <II = 1> <Delay = 0.67> <Storage> <Opcode : 'load' 'store'> <Ports = 2> <Width = 8> <Depth = 64> <RAM>
ST_2 : Operation 258 [1/1] (0.00ns)   --->   "%sext_ln175_179 = sext i8 %x_56_load" [awn_int8.cpp:175]   --->   Operation 258 'sext' 'sext_ln175_179' <Predicate = true> <Delay = 0.00>
ST_2 : Operation 259 [1/2] (0.67ns)   --->   "%x_57_load = load i6 %x_57_addr" [awn_int8.cpp:175]   --->   Operation 259 'load' 'x_57_load' <Predicate = true> <Delay = 0.67> <CoreInst = "RAM">   --->   Core 83 'RAM' <Latency = 1> <II = 1> <Delay = 0.67> <Storage> <Opcode : 'load' 'store'> <Ports = 2> <Width = 8> <Depth = 64> <RAM>
ST_2 : Operation 260 [1/1] (0.00ns)   --->   "%sext_ln175_180 = sext i8 %x_57_load" [awn_int8.cpp:175]   --->   Operation 260 'sext' 'sext_ln175_180' <Predicate = true> <Delay = 0.00>
ST_2 : Operation 261 [1/2] (0.67ns)   --->   "%x_58_load = load i6 %x_58_addr" [awn_int8.cpp:175]   --->   Operation 261 'load' 'x_58_load' <Predicate = true> <Delay = 0.67> <CoreInst = "RAM">   --->   Core 83 'RAM' <Latency = 1> <II = 1> <Delay = 0.67> <Storage> <Opcode : 'load' 'store'> <Ports = 2> <Width = 8> <Depth = 64> <RAM>
ST_2 : Operation 262 [1/1] (0.00ns)   --->   "%sext_ln175_181 = sext i8 %x_58_load" [awn_int8.cpp:175]   --->   Operation 262 'sext' 'sext_ln175_181' <Predicate = true> <Delay = 0.00>
ST_2 : Operation 263 [1/2] (0.67ns)   --->   "%x_59_load = load i6 %x_59_addr" [awn_int8.cpp:175]   --->   Operation 263 'load' 'x_59_load' <Predicate = true> <Delay = 0.67> <CoreInst = "RAM">   --->   Core 83 'RAM' <Latency = 1> <II = 1> <Delay = 0.67> <Storage> <Opcode : 'load' 'store'> <Ports = 2> <Width = 8> <Depth = 64> <RAM>
ST_2 : Operation 264 [1/1] (0.00ns)   --->   "%sext_ln175_182 = sext i8 %x_59_load" [awn_int8.cpp:175]   --->   Operation 264 'sext' 'sext_ln175_182' <Predicate = true> <Delay = 0.00>
ST_2 : Operation 265 [1/2] (0.67ns)   --->   "%x_60_load = load i6 %x_60_addr" [awn_int8.cpp:175]   --->   Operation 265 'load' 'x_60_load' <Predicate = true> <Delay = 0.67> <CoreInst = "RAM">   --->   Core 83 'RAM' <Latency = 1> <II = 1> <Delay = 0.67> <Storage> <Opcode : 'load' 'store'> <Ports = 2> <Width = 8> <Depth = 64> <RAM>
ST_2 : Operation 266 [1/1] (0.00ns)   --->   "%sext_ln175_183 = sext i8 %x_60_load" [awn_int8.cpp:175]   --->   Operation 266 'sext' 'sext_ln175_183' <Predicate = true> <Delay = 0.00>
ST_2 : Operation 267 [1/2] (0.67ns)   --->   "%x_61_load = load i6 %x_61_addr" [awn_int8.cpp:175]   --->   Operation 267 'load' 'x_61_load' <Predicate = true> <Delay = 0.67> <CoreInst = "RAM">   --->   Core 83 'RAM' <Latency = 1> <II = 1> <Delay = 0.67> <Storage> <Opcode : 'load' 'store'> <Ports = 2> <Width = 8> <Depth = 64> <RAM>
ST_2 : Operation 268 [1/1] (0.00ns)   --->   "%sext_ln175_184 = sext i8 %x_61_load" [awn_int8.cpp:175]   --->   Operation 268 'sext' 'sext_ln175_184' <Predicate = true> <Delay = 0.00>
ST_2 : Operation 269 [1/2] (0.67ns)   --->   "%x_62_load = load i6 %x_62_addr" [awn_int8.cpp:175]   --->   Operation 269 'load' 'x_62_load' <Predicate = true> <Delay = 0.67> <CoreInst = "RAM">   --->   Core 83 'RAM' <Latency = 1> <II = 1> <Delay = 0.67> <Storage> <Opcode : 'load' 'store'> <Ports = 2> <Width = 8> <Depth = 64> <RAM>
ST_2 : Operation 270 [1/1] (0.00ns)   --->   "%sext_ln175_185 = sext i8 %x_62_load" [awn_int8.cpp:175]   --->   Operation 270 'sext' 'sext_ln175_185' <Predicate = true> <Delay = 0.00>
ST_2 : Operation 271 [1/2] (0.67ns)   --->   "%x_63_load = load i6 %x_63_addr" [awn_int8.cpp:175]   --->   Operation 271 'load' 'x_63_load' <Predicate = true> <Delay = 0.67> <CoreInst = "RAM">   --->   Core 83 'RAM' <Latency = 1> <II = 1> <Delay = 0.67> <Storage> <Opcode : 'load' 'store'> <Ports = 2> <Width = 8> <Depth = 64> <RAM>
ST_2 : Operation 272 [1/1] (0.00ns)   --->   "%sext_ln175_186 = sext i8 %x_63_load" [awn_int8.cpp:175]   --->   Operation 272 'sext' 'sext_ln175_186' <Predicate = true> <Delay = 0.00>
ST_2 : Operation 273 [1/1] (0.76ns)   --->   "%add_ln175 = add i9 %sext_ln175, i9 %sext_ln174" [awn_int8.cpp:175]   --->   Operation 273 'add' 'add_ln175' <Predicate = true> <Delay = 0.76> <CoreInst = "Adder">   --->   Core 1 'Adder' <Latency = 0> <II = 1> <Delay = 0.76> <FuncUnit> <Opcode : 'add' 'sub'> <InPorts = 2> <OutPorts = 1>
ST_2 : Operation 274 [1/1] (0.00ns)   --->   "%sext_ln175_187 = sext i9 %add_ln175" [awn_int8.cpp:175]   --->   Operation 274 'sext' 'sext_ln175_187' <Predicate = true> <Delay = 0.00>
ST_2 : Operation 275 [1/1] (0.76ns)   --->   "%add_ln175_63 = add i9 %sext_ln175_125, i9 %sext_ln175_126" [awn_int8.cpp:175]   --->   Operation 275 'add' 'add_ln175_63' <Predicate = true> <Delay = 0.76> <CoreInst = "Adder">   --->   Core 1 'Adder' <Latency = 0> <II = 1> <Delay = 0.76> <FuncUnit> <Opcode : 'add' 'sub'> <InPorts = 2> <OutPorts = 1>
ST_2 : Operation 276 [1/1] (0.00ns)   --->   "%sext_ln175_188 = sext i9 %add_ln175_63" [awn_int8.cpp:175]   --->   Operation 276 'sext' 'sext_ln175_188' <Predicate = true> <Delay = 0.00>
ST_2 : Operation 277 [1/1] (0.77ns)   --->   "%add_ln175_64 = add i10 %sext_ln175_188, i10 %sext_ln175_187" [awn_int8.cpp:175]   --->   Operation 277 'add' 'add_ln175_64' <Predicate = true> <Delay = 0.77> <CoreInst = "Adder">   --->   Core 1 'Adder' <Latency = 0> <II = 1> <Delay = 0.77> <FuncUnit> <Opcode : 'add' 'sub'> <InPorts = 2> <OutPorts = 1>
ST_2 : Operation 278 [1/1] (0.00ns)   --->   "%sext_ln175_189 = sext i10 %add_ln175_64" [awn_int8.cpp:175]   --->   Operation 278 'sext' 'sext_ln175_189' <Predicate = true> <Delay = 0.00>
ST_2 : Operation 279 [1/1] (0.76ns)   --->   "%add_ln175_65 = add i9 %sext_ln175_127, i9 %sext_ln175_128" [awn_int8.cpp:175]   --->   Operation 279 'add' 'add_ln175_65' <Predicate = true> <Delay = 0.76> <CoreInst = "Adder">   --->   Core 1 'Adder' <Latency = 0> <II = 1> <Delay = 0.76> <FuncUnit> <Opcode : 'add' 'sub'> <InPorts = 2> <OutPorts = 1>
ST_2 : Operation 280 [1/1] (0.00ns)   --->   "%sext_ln175_190 = sext i9 %add_ln175_65" [awn_int8.cpp:175]   --->   Operation 280 'sext' 'sext_ln175_190' <Predicate = true> <Delay = 0.00>
ST_2 : Operation 281 [1/1] (0.76ns)   --->   "%add_ln175_66 = add i9 %sext_ln175_129, i9 %sext_ln175_130" [awn_int8.cpp:175]   --->   Operation 281 'add' 'add_ln175_66' <Predicate = true> <Delay = 0.76> <CoreInst = "Adder">   --->   Core 1 'Adder' <Latency = 0> <II = 1> <Delay = 0.76> <FuncUnit> <Opcode : 'add' 'sub'> <InPorts = 2> <OutPorts = 1>
ST_2 : Operation 282 [1/1] (0.00ns)   --->   "%sext_ln175_191 = sext i9 %add_ln175_66" [awn_int8.cpp:175]   --->   Operation 282 'sext' 'sext_ln175_191' <Predicate = true> <Delay = 0.00>
ST_2 : Operation 283 [1/1] (0.77ns)   --->   "%add_ln175_67 = add i10 %sext_ln175_191, i10 %sext_ln175_190" [awn_int8.cpp:175]   --->   Operation 283 'add' 'add_ln175_67' <Predicate = true> <Delay = 0.77> <CoreInst = "Adder">   --->   Core 1 'Adder' <Latency = 0> <II = 1> <Delay = 0.77> <FuncUnit> <Opcode : 'add' 'sub'> <InPorts = 2> <OutPorts = 1>
ST_2 : Operation 284 [1/1] (0.00ns)   --->   "%sext_ln175_192 = sext i10 %add_ln175_67" [awn_int8.cpp:175]   --->   Operation 284 'sext' 'sext_ln175_192' <Predicate = true> <Delay = 0.00>
ST_2 : Operation 285 [1/1] (0.78ns)   --->   "%add_ln175_68 = add i11 %sext_ln175_192, i11 %sext_ln175_189" [awn_int8.cpp:175]   --->   Operation 285 'add' 'add_ln175_68' <Predicate = true> <Delay = 0.78> <CoreInst = "Adder">   --->   Core 1 'Adder' <Latency = 0> <II = 1> <Delay = 0.78> <FuncUnit> <Opcode : 'add' 'sub'> <InPorts = 2> <OutPorts = 1>
ST_2 : Operation 286 [1/1] (0.76ns)   --->   "%add_ln175_69 = add i9 %sext_ln175_131, i9 %sext_ln175_132" [awn_int8.cpp:175]   --->   Operation 286 'add' 'add_ln175_69' <Predicate = true> <Delay = 0.76> <CoreInst = "Adder">   --->   Core 1 'Adder' <Latency = 0> <II = 1> <Delay = 0.76> <FuncUnit> <Opcode : 'add' 'sub'> <InPorts = 2> <OutPorts = 1>
ST_2 : Operation 287 [1/1] (0.00ns)   --->   "%sext_ln175_194 = sext i9 %add_ln175_69" [awn_int8.cpp:175]   --->   Operation 287 'sext' 'sext_ln175_194' <Predicate = true> <Delay = 0.00>
ST_2 : Operation 288 [1/1] (0.76ns)   --->   "%add_ln175_70 = add i9 %sext_ln175_133, i9 %sext_ln175_134" [awn_int8.cpp:175]   --->   Operation 288 'add' 'add_ln175_70' <Predicate = true> <Delay = 0.76> <CoreInst = "Adder">   --->   Core 1 'Adder' <Latency = 0> <II = 1> <Delay = 0.76> <FuncUnit> <Opcode : 'add' 'sub'> <InPorts = 2> <OutPorts = 1>
ST_2 : Operation 289 [1/1] (0.00ns)   --->   "%sext_ln175_195 = sext i9 %add_ln175_70" [awn_int8.cpp:175]   --->   Operation 289 'sext' 'sext_ln175_195' <Predicate = true> <Delay = 0.00>
ST_2 : Operation 290 [1/1] (0.77ns)   --->   "%add_ln175_71 = add i10 %sext_ln175_195, i10 %sext_ln175_194" [awn_int8.cpp:175]   --->   Operation 290 'add' 'add_ln175_71' <Predicate = true> <Delay = 0.77> <CoreInst = "Adder">   --->   Core 1 'Adder' <Latency = 0> <II = 1> <Delay = 0.77> <FuncUnit> <Opcode : 'add' 'sub'> <InPorts = 2> <OutPorts = 1>
ST_2 : Operation 291 [1/1] (0.00ns)   --->   "%sext_ln175_196 = sext i10 %add_ln175_71" [awn_int8.cpp:175]   --->   Operation 291 'sext' 'sext_ln175_196' <Predicate = true> <Delay = 0.00>
ST_2 : Operation 292 [1/1] (0.76ns)   --->   "%add_ln175_72 = add i9 %sext_ln175_135, i9 %sext_ln175_136" [awn_int8.cpp:175]   --->   Operation 292 'add' 'add_ln175_72' <Predicate = true> <Delay = 0.76> <CoreInst = "Adder">   --->   Core 1 'Adder' <Latency = 0> <II = 1> <Delay = 0.76> <FuncUnit> <Opcode : 'add' 'sub'> <InPorts = 2> <OutPorts = 1>
ST_2 : Operation 293 [1/1] (0.00ns)   --->   "%sext_ln175_197 = sext i9 %add_ln175_72" [awn_int8.cpp:175]   --->   Operation 293 'sext' 'sext_ln175_197' <Predicate = true> <Delay = 0.00>
ST_2 : Operation 294 [1/1] (0.76ns)   --->   "%add_ln175_73 = add i9 %sext_ln175_137, i9 %sext_ln175_138" [awn_int8.cpp:175]   --->   Operation 294 'add' 'add_ln175_73' <Predicate = true> <Delay = 0.76> <CoreInst = "Adder">   --->   Core 1 'Adder' <Latency = 0> <II = 1> <Delay = 0.76> <FuncUnit> <Opcode : 'add' 'sub'> <InPorts = 2> <OutPorts = 1>
ST_2 : Operation 295 [1/1] (0.00ns)   --->   "%sext_ln175_198 = sext i9 %add_ln175_73" [awn_int8.cpp:175]   --->   Operation 295 'sext' 'sext_ln175_198' <Predicate = true> <Delay = 0.00>
ST_2 : Operation 296 [1/1] (0.77ns)   --->   "%add_ln175_74 = add i10 %sext_ln175_198, i10 %sext_ln175_197" [awn_int8.cpp:175]   --->   Operation 296 'add' 'add_ln175_74' <Predicate = true> <Delay = 0.77> <CoreInst = "Adder">   --->   Core 1 'Adder' <Latency = 0> <II = 1> <Delay = 0.77> <FuncUnit> <Opcode : 'add' 'sub'> <InPorts = 2> <OutPorts = 1>
ST_2 : Operation 297 [1/1] (0.00ns)   --->   "%sext_ln175_199 = sext i10 %add_ln175_74" [awn_int8.cpp:175]   --->   Operation 297 'sext' 'sext_ln175_199' <Predicate = true> <Delay = 0.00>
ST_2 : Operation 298 [1/1] (0.78ns)   --->   "%add_ln175_75 = add i11 %sext_ln175_199, i11 %sext_ln175_196" [awn_int8.cpp:175]   --->   Operation 298 'add' 'add_ln175_75' <Predicate = true> <Delay = 0.78> <CoreInst = "Adder">   --->   Core 1 'Adder' <Latency = 0> <II = 1> <Delay = 0.78> <FuncUnit> <Opcode : 'add' 'sub'> <InPorts = 2> <OutPorts = 1>
ST_2 : Operation 299 [1/1] (0.76ns)   --->   "%add_ln175_77 = add i9 %sext_ln175_139, i9 %sext_ln175_140" [awn_int8.cpp:175]   --->   Operation 299 'add' 'add_ln175_77' <Predicate = true> <Delay = 0.76> <CoreInst = "Adder">   --->   Core 1 'Adder' <Latency = 0> <II = 1> <Delay = 0.76> <FuncUnit> <Opcode : 'add' 'sub'> <InPorts = 2> <OutPorts = 1>
ST_2 : Operation 300 [1/1] (0.00ns)   --->   "%sext_ln175_202 = sext i9 %add_ln175_77" [awn_int8.cpp:175]   --->   Operation 300 'sext' 'sext_ln175_202' <Predicate = true> <Delay = 0.00>
ST_2 : Operation 301 [1/1] (0.76ns)   --->   "%add_ln175_78 = add i9 %sext_ln175_141, i9 %sext_ln175_142" [awn_int8.cpp:175]   --->   Operation 301 'add' 'add_ln175_78' <Predicate = true> <Delay = 0.76> <CoreInst = "Adder">   --->   Core 1 'Adder' <Latency = 0> <II = 1> <Delay = 0.76> <FuncUnit> <Opcode : 'add' 'sub'> <InPorts = 2> <OutPorts = 1>
ST_2 : Operation 302 [1/1] (0.00ns)   --->   "%sext_ln175_203 = sext i9 %add_ln175_78" [awn_int8.cpp:175]   --->   Operation 302 'sext' 'sext_ln175_203' <Predicate = true> <Delay = 0.00>
ST_2 : Operation 303 [1/1] (0.77ns)   --->   "%add_ln175_79 = add i10 %sext_ln175_203, i10 %sext_ln175_202" [awn_int8.cpp:175]   --->   Operation 303 'add' 'add_ln175_79' <Predicate = true> <Delay = 0.77> <CoreInst = "Adder">   --->   Core 1 'Adder' <Latency = 0> <II = 1> <Delay = 0.77> <FuncUnit> <Opcode : 'add' 'sub'> <InPorts = 2> <OutPorts = 1>
ST_2 : Operation 304 [1/1] (0.00ns)   --->   "%sext_ln175_204 = sext i10 %add_ln175_79" [awn_int8.cpp:175]   --->   Operation 304 'sext' 'sext_ln175_204' <Predicate = true> <Delay = 0.00>
ST_2 : Operation 305 [1/1] (0.76ns)   --->   "%add_ln175_80 = add i9 %sext_ln175_143, i9 %sext_ln175_144" [awn_int8.cpp:175]   --->   Operation 305 'add' 'add_ln175_80' <Predicate = true> <Delay = 0.76> <CoreInst = "Adder">   --->   Core 1 'Adder' <Latency = 0> <II = 1> <Delay = 0.76> <FuncUnit> <Opcode : 'add' 'sub'> <InPorts = 2> <OutPorts = 1>
ST_2 : Operation 306 [1/1] (0.00ns)   --->   "%sext_ln175_205 = sext i9 %add_ln175_80" [awn_int8.cpp:175]   --->   Operation 306 'sext' 'sext_ln175_205' <Predicate = true> <Delay = 0.00>
ST_2 : Operation 307 [1/1] (0.76ns)   --->   "%add_ln175_81 = add i9 %sext_ln175_145, i9 %sext_ln175_146" [awn_int8.cpp:175]   --->   Operation 307 'add' 'add_ln175_81' <Predicate = true> <Delay = 0.76> <CoreInst = "Adder">   --->   Core 1 'Adder' <Latency = 0> <II = 1> <Delay = 0.76> <FuncUnit> <Opcode : 'add' 'sub'> <InPorts = 2> <OutPorts = 1>
ST_2 : Operation 308 [1/1] (0.00ns)   --->   "%sext_ln175_206 = sext i9 %add_ln175_81" [awn_int8.cpp:175]   --->   Operation 308 'sext' 'sext_ln175_206' <Predicate = true> <Delay = 0.00>
ST_2 : Operation 309 [1/1] (0.77ns)   --->   "%add_ln175_82 = add i10 %sext_ln175_206, i10 %sext_ln175_205" [awn_int8.cpp:175]   --->   Operation 309 'add' 'add_ln175_82' <Predicate = true> <Delay = 0.77> <CoreInst = "Adder">   --->   Core 1 'Adder' <Latency = 0> <II = 1> <Delay = 0.77> <FuncUnit> <Opcode : 'add' 'sub'> <InPorts = 2> <OutPorts = 1>
ST_2 : Operation 310 [1/1] (0.00ns)   --->   "%sext_ln175_207 = sext i10 %add_ln175_82" [awn_int8.cpp:175]   --->   Operation 310 'sext' 'sext_ln175_207' <Predicate = true> <Delay = 0.00>
ST_2 : Operation 311 [1/1] (0.78ns)   --->   "%add_ln175_83 = add i11 %sext_ln175_207, i11 %sext_ln175_204" [awn_int8.cpp:175]   --->   Operation 311 'add' 'add_ln175_83' <Predicate = true> <Delay = 0.78> <CoreInst = "Adder">   --->   Core 1 'Adder' <Latency = 0> <II = 1> <Delay = 0.78> <FuncUnit> <Opcode : 'add' 'sub'> <InPorts = 2> <OutPorts = 1>
ST_2 : Operation 312 [1/1] (0.76ns)   --->   "%add_ln175_84 = add i9 %sext_ln175_147, i9 %sext_ln175_148" [awn_int8.cpp:175]   --->   Operation 312 'add' 'add_ln175_84' <Predicate = true> <Delay = 0.76> <CoreInst = "Adder">   --->   Core 1 'Adder' <Latency = 0> <II = 1> <Delay = 0.76> <FuncUnit> <Opcode : 'add' 'sub'> <InPorts = 2> <OutPorts = 1>
ST_2 : Operation 313 [1/1] (0.00ns)   --->   "%sext_ln175_209 = sext i9 %add_ln175_84" [awn_int8.cpp:175]   --->   Operation 313 'sext' 'sext_ln175_209' <Predicate = true> <Delay = 0.00>
ST_2 : Operation 314 [1/1] (0.76ns)   --->   "%add_ln175_85 = add i9 %sext_ln175_149, i9 %sext_ln175_150" [awn_int8.cpp:175]   --->   Operation 314 'add' 'add_ln175_85' <Predicate = true> <Delay = 0.76> <CoreInst = "Adder">   --->   Core 1 'Adder' <Latency = 0> <II = 1> <Delay = 0.76> <FuncUnit> <Opcode : 'add' 'sub'> <InPorts = 2> <OutPorts = 1>
ST_2 : Operation 315 [1/1] (0.00ns)   --->   "%sext_ln175_210 = sext i9 %add_ln175_85" [awn_int8.cpp:175]   --->   Operation 315 'sext' 'sext_ln175_210' <Predicate = true> <Delay = 0.00>
ST_2 : Operation 316 [1/1] (0.77ns)   --->   "%add_ln175_86 = add i10 %sext_ln175_210, i10 %sext_ln175_209" [awn_int8.cpp:175]   --->   Operation 316 'add' 'add_ln175_86' <Predicate = true> <Delay = 0.77> <CoreInst = "Adder">   --->   Core 1 'Adder' <Latency = 0> <II = 1> <Delay = 0.77> <FuncUnit> <Opcode : 'add' 'sub'> <InPorts = 2> <OutPorts = 1>
ST_2 : Operation 317 [1/1] (0.00ns)   --->   "%sext_ln175_211 = sext i10 %add_ln175_86" [awn_int8.cpp:175]   --->   Operation 317 'sext' 'sext_ln175_211' <Predicate = true> <Delay = 0.00>
ST_2 : Operation 318 [1/1] (0.76ns)   --->   "%add_ln175_87 = add i9 %sext_ln175_151, i9 %sext_ln175_152" [awn_int8.cpp:175]   --->   Operation 318 'add' 'add_ln175_87' <Predicate = true> <Delay = 0.76> <CoreInst = "Adder">   --->   Core 1 'Adder' <Latency = 0> <II = 1> <Delay = 0.76> <FuncUnit> <Opcode : 'add' 'sub'> <InPorts = 2> <OutPorts = 1>
ST_2 : Operation 319 [1/1] (0.00ns)   --->   "%sext_ln175_212 = sext i9 %add_ln175_87" [awn_int8.cpp:175]   --->   Operation 319 'sext' 'sext_ln175_212' <Predicate = true> <Delay = 0.00>
ST_2 : Operation 320 [1/1] (0.76ns)   --->   "%add_ln175_88 = add i9 %sext_ln175_153, i9 %sext_ln175_154" [awn_int8.cpp:175]   --->   Operation 320 'add' 'add_ln175_88' <Predicate = true> <Delay = 0.76> <CoreInst = "Adder">   --->   Core 1 'Adder' <Latency = 0> <II = 1> <Delay = 0.76> <FuncUnit> <Opcode : 'add' 'sub'> <InPorts = 2> <OutPorts = 1>
ST_2 : Operation 321 [1/1] (0.00ns)   --->   "%sext_ln175_213 = sext i9 %add_ln175_88" [awn_int8.cpp:175]   --->   Operation 321 'sext' 'sext_ln175_213' <Predicate = true> <Delay = 0.00>
ST_2 : Operation 322 [1/1] (0.77ns)   --->   "%add_ln175_89 = add i10 %sext_ln175_213, i10 %sext_ln175_212" [awn_int8.cpp:175]   --->   Operation 322 'add' 'add_ln175_89' <Predicate = true> <Delay = 0.77> <CoreInst = "Adder">   --->   Core 1 'Adder' <Latency = 0> <II = 1> <Delay = 0.77> <FuncUnit> <Opcode : 'add' 'sub'> <InPorts = 2> <OutPorts = 1>
ST_2 : Operation 323 [1/1] (0.00ns)   --->   "%sext_ln175_214 = sext i10 %add_ln175_89" [awn_int8.cpp:175]   --->   Operation 323 'sext' 'sext_ln175_214' <Predicate = true> <Delay = 0.00>
ST_2 : Operation 324 [1/1] (0.78ns)   --->   "%add_ln175_90 = add i11 %sext_ln175_214, i11 %sext_ln175_211" [awn_int8.cpp:175]   --->   Operation 324 'add' 'add_ln175_90' <Predicate = true> <Delay = 0.78> <CoreInst = "Adder">   --->   Core 1 'Adder' <Latency = 0> <II = 1> <Delay = 0.78> <FuncUnit> <Opcode : 'add' 'sub'> <InPorts = 2> <OutPorts = 1>
ST_2 : Operation 325 [1/1] (0.76ns)   --->   "%add_ln175_93 = add i9 %sext_ln175_155, i9 %sext_ln175_156" [awn_int8.cpp:175]   --->   Operation 325 'add' 'add_ln175_93' <Predicate = true> <Delay = 0.76> <CoreInst = "Adder">   --->   Core 1 'Adder' <Latency = 0> <II = 1> <Delay = 0.76> <FuncUnit> <Opcode : 'add' 'sub'> <InPorts = 2> <OutPorts = 1>
ST_2 : Operation 326 [1/1] (0.00ns)   --->   "%sext_ln175_218 = sext i9 %add_ln175_93" [awn_int8.cpp:175]   --->   Operation 326 'sext' 'sext_ln175_218' <Predicate = true> <Delay = 0.00>
ST_2 : Operation 327 [1/1] (0.76ns)   --->   "%add_ln175_94 = add i9 %sext_ln175_157, i9 %sext_ln175_158" [awn_int8.cpp:175]   --->   Operation 327 'add' 'add_ln175_94' <Predicate = true> <Delay = 0.76> <CoreInst = "Adder">   --->   Core 1 'Adder' <Latency = 0> <II = 1> <Delay = 0.76> <FuncUnit> <Opcode : 'add' 'sub'> <InPorts = 2> <OutPorts = 1>
ST_2 : Operation 328 [1/1] (0.00ns)   --->   "%sext_ln175_219 = sext i9 %add_ln175_94" [awn_int8.cpp:175]   --->   Operation 328 'sext' 'sext_ln175_219' <Predicate = true> <Delay = 0.00>
ST_2 : Operation 329 [1/1] (0.77ns)   --->   "%add_ln175_95 = add i10 %sext_ln175_219, i10 %sext_ln175_218" [awn_int8.cpp:175]   --->   Operation 329 'add' 'add_ln175_95' <Predicate = true> <Delay = 0.77> <CoreInst = "Adder">   --->   Core 1 'Adder' <Latency = 0> <II = 1> <Delay = 0.77> <FuncUnit> <Opcode : 'add' 'sub'> <InPorts = 2> <OutPorts = 1>
ST_2 : Operation 330 [1/1] (0.00ns)   --->   "%sext_ln175_220 = sext i10 %add_ln175_95" [awn_int8.cpp:175]   --->   Operation 330 'sext' 'sext_ln175_220' <Predicate = true> <Delay = 0.00>
ST_2 : Operation 331 [1/1] (0.76ns)   --->   "%add_ln175_96 = add i9 %sext_ln175_159, i9 %sext_ln175_160" [awn_int8.cpp:175]   --->   Operation 331 'add' 'add_ln175_96' <Predicate = true> <Delay = 0.76> <CoreInst = "Adder">   --->   Core 1 'Adder' <Latency = 0> <II = 1> <Delay = 0.76> <FuncUnit> <Opcode : 'add' 'sub'> <InPorts = 2> <OutPorts = 1>
ST_2 : Operation 332 [1/1] (0.00ns)   --->   "%sext_ln175_221 = sext i9 %add_ln175_96" [awn_int8.cpp:175]   --->   Operation 332 'sext' 'sext_ln175_221' <Predicate = true> <Delay = 0.00>
ST_2 : Operation 333 [1/1] (0.76ns)   --->   "%add_ln175_97 = add i9 %sext_ln175_161, i9 %sext_ln175_162" [awn_int8.cpp:175]   --->   Operation 333 'add' 'add_ln175_97' <Predicate = true> <Delay = 0.76> <CoreInst = "Adder">   --->   Core 1 'Adder' <Latency = 0> <II = 1> <Delay = 0.76> <FuncUnit> <Opcode : 'add' 'sub'> <InPorts = 2> <OutPorts = 1>
ST_2 : Operation 334 [1/1] (0.00ns)   --->   "%sext_ln175_222 = sext i9 %add_ln175_97" [awn_int8.cpp:175]   --->   Operation 334 'sext' 'sext_ln175_222' <Predicate = true> <Delay = 0.00>
ST_2 : Operation 335 [1/1] (0.77ns)   --->   "%add_ln175_98 = add i10 %sext_ln175_222, i10 %sext_ln175_221" [awn_int8.cpp:175]   --->   Operation 335 'add' 'add_ln175_98' <Predicate = true> <Delay = 0.77> <CoreInst = "Adder">   --->   Core 1 'Adder' <Latency = 0> <II = 1> <Delay = 0.77> <FuncUnit> <Opcode : 'add' 'sub'> <InPorts = 2> <OutPorts = 1>
ST_2 : Operation 336 [1/1] (0.00ns)   --->   "%sext_ln175_223 = sext i10 %add_ln175_98" [awn_int8.cpp:175]   --->   Operation 336 'sext' 'sext_ln175_223' <Predicate = true> <Delay = 0.00>
ST_2 : Operation 337 [1/1] (0.78ns)   --->   "%add_ln175_99 = add i11 %sext_ln175_223, i11 %sext_ln175_220" [awn_int8.cpp:175]   --->   Operation 337 'add' 'add_ln175_99' <Predicate = true> <Delay = 0.78> <CoreInst = "Adder">   --->   Core 1 'Adder' <Latency = 0> <II = 1> <Delay = 0.78> <FuncUnit> <Opcode : 'add' 'sub'> <InPorts = 2> <OutPorts = 1>
ST_2 : Operation 338 [1/1] (0.76ns)   --->   "%add_ln175_100 = add i9 %sext_ln175_163, i9 %sext_ln175_164" [awn_int8.cpp:175]   --->   Operation 338 'add' 'add_ln175_100' <Predicate = true> <Delay = 0.76> <CoreInst = "Adder">   --->   Core 1 'Adder' <Latency = 0> <II = 1> <Delay = 0.76> <FuncUnit> <Opcode : 'add' 'sub'> <InPorts = 2> <OutPorts = 1>
ST_2 : Operation 339 [1/1] (0.00ns)   --->   "%sext_ln175_225 = sext i9 %add_ln175_100" [awn_int8.cpp:175]   --->   Operation 339 'sext' 'sext_ln175_225' <Predicate = true> <Delay = 0.00>
ST_2 : Operation 340 [1/1] (0.76ns)   --->   "%add_ln175_101 = add i9 %sext_ln175_165, i9 %sext_ln175_166" [awn_int8.cpp:175]   --->   Operation 340 'add' 'add_ln175_101' <Predicate = true> <Delay = 0.76> <CoreInst = "Adder">   --->   Core 1 'Adder' <Latency = 0> <II = 1> <Delay = 0.76> <FuncUnit> <Opcode : 'add' 'sub'> <InPorts = 2> <OutPorts = 1>
ST_2 : Operation 341 [1/1] (0.00ns)   --->   "%sext_ln175_226 = sext i9 %add_ln175_101" [awn_int8.cpp:175]   --->   Operation 341 'sext' 'sext_ln175_226' <Predicate = true> <Delay = 0.00>
ST_2 : Operation 342 [1/1] (0.77ns)   --->   "%add_ln175_102 = add i10 %sext_ln175_226, i10 %sext_ln175_225" [awn_int8.cpp:175]   --->   Operation 342 'add' 'add_ln175_102' <Predicate = true> <Delay = 0.77> <CoreInst = "Adder">   --->   Core 1 'Adder' <Latency = 0> <II = 1> <Delay = 0.77> <FuncUnit> <Opcode : 'add' 'sub'> <InPorts = 2> <OutPorts = 1>
ST_2 : Operation 343 [1/1] (0.00ns)   --->   "%sext_ln175_227 = sext i10 %add_ln175_102" [awn_int8.cpp:175]   --->   Operation 343 'sext' 'sext_ln175_227' <Predicate = true> <Delay = 0.00>
ST_2 : Operation 344 [1/1] (0.76ns)   --->   "%add_ln175_103 = add i9 %sext_ln175_167, i9 %sext_ln175_168" [awn_int8.cpp:175]   --->   Operation 344 'add' 'add_ln175_103' <Predicate = true> <Delay = 0.76> <CoreInst = "Adder">   --->   Core 1 'Adder' <Latency = 0> <II = 1> <Delay = 0.76> <FuncUnit> <Opcode : 'add' 'sub'> <InPorts = 2> <OutPorts = 1>
ST_2 : Operation 345 [1/1] (0.00ns)   --->   "%sext_ln175_228 = sext i9 %add_ln175_103" [awn_int8.cpp:175]   --->   Operation 345 'sext' 'sext_ln175_228' <Predicate = true> <Delay = 0.00>
ST_2 : Operation 346 [1/1] (0.76ns)   --->   "%add_ln175_104 = add i9 %sext_ln175_169, i9 %sext_ln175_170" [awn_int8.cpp:175]   --->   Operation 346 'add' 'add_ln175_104' <Predicate = true> <Delay = 0.76> <CoreInst = "Adder">   --->   Core 1 'Adder' <Latency = 0> <II = 1> <Delay = 0.76> <FuncUnit> <Opcode : 'add' 'sub'> <InPorts = 2> <OutPorts = 1>
ST_2 : Operation 347 [1/1] (0.00ns)   --->   "%sext_ln175_229 = sext i9 %add_ln175_104" [awn_int8.cpp:175]   --->   Operation 347 'sext' 'sext_ln175_229' <Predicate = true> <Delay = 0.00>
ST_2 : Operation 348 [1/1] (0.77ns)   --->   "%add_ln175_105 = add i10 %sext_ln175_229, i10 %sext_ln175_228" [awn_int8.cpp:175]   --->   Operation 348 'add' 'add_ln175_105' <Predicate = true> <Delay = 0.77> <CoreInst = "Adder">   --->   Core 1 'Adder' <Latency = 0> <II = 1> <Delay = 0.77> <FuncUnit> <Opcode : 'add' 'sub'> <InPorts = 2> <OutPorts = 1>
ST_2 : Operation 349 [1/1] (0.00ns)   --->   "%sext_ln175_230 = sext i10 %add_ln175_105" [awn_int8.cpp:175]   --->   Operation 349 'sext' 'sext_ln175_230' <Predicate = true> <Delay = 0.00>
ST_2 : Operation 350 [1/1] (0.78ns)   --->   "%add_ln175_106 = add i11 %sext_ln175_230, i11 %sext_ln175_227" [awn_int8.cpp:175]   --->   Operation 350 'add' 'add_ln175_106' <Predicate = true> <Delay = 0.78> <CoreInst = "Adder">   --->   Core 1 'Adder' <Latency = 0> <II = 1> <Delay = 0.78> <FuncUnit> <Opcode : 'add' 'sub'> <InPorts = 2> <OutPorts = 1>
ST_2 : Operation 351 [1/1] (0.76ns)   --->   "%add_ln175_108 = add i9 %sext_ln175_171, i9 %sext_ln175_172" [awn_int8.cpp:175]   --->   Operation 351 'add' 'add_ln175_108' <Predicate = true> <Delay = 0.76> <CoreInst = "Adder">   --->   Core 1 'Adder' <Latency = 0> <II = 1> <Delay = 0.76> <FuncUnit> <Opcode : 'add' 'sub'> <InPorts = 2> <OutPorts = 1>
ST_2 : Operation 352 [1/1] (0.00ns)   --->   "%sext_ln175_233 = sext i9 %add_ln175_108" [awn_int8.cpp:175]   --->   Operation 352 'sext' 'sext_ln175_233' <Predicate = true> <Delay = 0.00>
ST_2 : Operation 353 [1/1] (0.76ns)   --->   "%add_ln175_109 = add i9 %sext_ln175_173, i9 %sext_ln175_174" [awn_int8.cpp:175]   --->   Operation 353 'add' 'add_ln175_109' <Predicate = true> <Delay = 0.76> <CoreInst = "Adder">   --->   Core 1 'Adder' <Latency = 0> <II = 1> <Delay = 0.76> <FuncUnit> <Opcode : 'add' 'sub'> <InPorts = 2> <OutPorts = 1>
ST_2 : Operation 354 [1/1] (0.00ns)   --->   "%sext_ln175_234 = sext i9 %add_ln175_109" [awn_int8.cpp:175]   --->   Operation 354 'sext' 'sext_ln175_234' <Predicate = true> <Delay = 0.00>
ST_2 : Operation 355 [1/1] (0.77ns)   --->   "%add_ln175_110 = add i10 %sext_ln175_234, i10 %sext_ln175_233" [awn_int8.cpp:175]   --->   Operation 355 'add' 'add_ln175_110' <Predicate = true> <Delay = 0.77> <CoreInst = "Adder">   --->   Core 1 'Adder' <Latency = 0> <II = 1> <Delay = 0.77> <FuncUnit> <Opcode : 'add' 'sub'> <InPorts = 2> <OutPorts = 1>
ST_2 : Operation 356 [1/1] (0.00ns)   --->   "%sext_ln175_235 = sext i10 %add_ln175_110" [awn_int8.cpp:175]   --->   Operation 356 'sext' 'sext_ln175_235' <Predicate = true> <Delay = 0.00>
ST_2 : Operation 357 [1/1] (0.76ns)   --->   "%add_ln175_111 = add i9 %sext_ln175_175, i9 %sext_ln175_176" [awn_int8.cpp:175]   --->   Operation 357 'add' 'add_ln175_111' <Predicate = true> <Delay = 0.76> <CoreInst = "Adder">   --->   Core 1 'Adder' <Latency = 0> <II = 1> <Delay = 0.76> <FuncUnit> <Opcode : 'add' 'sub'> <InPorts = 2> <OutPorts = 1>
ST_2 : Operation 358 [1/1] (0.00ns)   --->   "%sext_ln175_236 = sext i9 %add_ln175_111" [awn_int8.cpp:175]   --->   Operation 358 'sext' 'sext_ln175_236' <Predicate = true> <Delay = 0.00>
ST_2 : Operation 359 [1/1] (0.76ns)   --->   "%add_ln175_112 = add i9 %sext_ln175_177, i9 %sext_ln175_178" [awn_int8.cpp:175]   --->   Operation 359 'add' 'add_ln175_112' <Predicate = true> <Delay = 0.76> <CoreInst = "Adder">   --->   Core 1 'Adder' <Latency = 0> <II = 1> <Delay = 0.76> <FuncUnit> <Opcode : 'add' 'sub'> <InPorts = 2> <OutPorts = 1>
ST_2 : Operation 360 [1/1] (0.00ns)   --->   "%sext_ln175_237 = sext i9 %add_ln175_112" [awn_int8.cpp:175]   --->   Operation 360 'sext' 'sext_ln175_237' <Predicate = true> <Delay = 0.00>
ST_2 : Operation 361 [1/1] (0.77ns)   --->   "%add_ln175_113 = add i10 %sext_ln175_237, i10 %sext_ln175_236" [awn_int8.cpp:175]   --->   Operation 361 'add' 'add_ln175_113' <Predicate = true> <Delay = 0.77> <CoreInst = "Adder">   --->   Core 1 'Adder' <Latency = 0> <II = 1> <Delay = 0.77> <FuncUnit> <Opcode : 'add' 'sub'> <InPorts = 2> <OutPorts = 1>
ST_2 : Operation 362 [1/1] (0.00ns)   --->   "%sext_ln175_238 = sext i10 %add_ln175_113" [awn_int8.cpp:175]   --->   Operation 362 'sext' 'sext_ln175_238' <Predicate = true> <Delay = 0.00>
ST_2 : Operation 363 [1/1] (0.78ns)   --->   "%add_ln175_114 = add i11 %sext_ln175_238, i11 %sext_ln175_235" [awn_int8.cpp:175]   --->   Operation 363 'add' 'add_ln175_114' <Predicate = true> <Delay = 0.78> <CoreInst = "Adder">   --->   Core 1 'Adder' <Latency = 0> <II = 1> <Delay = 0.78> <FuncUnit> <Opcode : 'add' 'sub'> <InPorts = 2> <OutPorts = 1>
ST_2 : Operation 364 [1/1] (0.76ns)   --->   "%add_ln175_115 = add i9 %sext_ln175_179, i9 %sext_ln175_180" [awn_int8.cpp:175]   --->   Operation 364 'add' 'add_ln175_115' <Predicate = true> <Delay = 0.76> <CoreInst = "Adder">   --->   Core 1 'Adder' <Latency = 0> <II = 1> <Delay = 0.76> <FuncUnit> <Opcode : 'add' 'sub'> <InPorts = 2> <OutPorts = 1>
ST_2 : Operation 365 [1/1] (0.00ns)   --->   "%sext_ln175_240 = sext i9 %add_ln175_115" [awn_int8.cpp:175]   --->   Operation 365 'sext' 'sext_ln175_240' <Predicate = true> <Delay = 0.00>
ST_2 : Operation 366 [1/1] (0.76ns)   --->   "%add_ln175_116 = add i9 %sext_ln175_181, i9 %sext_ln175_182" [awn_int8.cpp:175]   --->   Operation 366 'add' 'add_ln175_116' <Predicate = true> <Delay = 0.76> <CoreInst = "Adder">   --->   Core 1 'Adder' <Latency = 0> <II = 1> <Delay = 0.76> <FuncUnit> <Opcode : 'add' 'sub'> <InPorts = 2> <OutPorts = 1>
ST_2 : Operation 367 [1/1] (0.00ns)   --->   "%sext_ln175_241 = sext i9 %add_ln175_116" [awn_int8.cpp:175]   --->   Operation 367 'sext' 'sext_ln175_241' <Predicate = true> <Delay = 0.00>
ST_2 : Operation 368 [1/1] (0.77ns)   --->   "%add_ln175_117 = add i10 %sext_ln175_241, i10 %sext_ln175_240" [awn_int8.cpp:175]   --->   Operation 368 'add' 'add_ln175_117' <Predicate = true> <Delay = 0.77> <CoreInst = "Adder">   --->   Core 1 'Adder' <Latency = 0> <II = 1> <Delay = 0.77> <FuncUnit> <Opcode : 'add' 'sub'> <InPorts = 2> <OutPorts = 1>
ST_2 : Operation 369 [1/1] (0.00ns)   --->   "%sext_ln175_242 = sext i10 %add_ln175_117" [awn_int8.cpp:175]   --->   Operation 369 'sext' 'sext_ln175_242' <Predicate = true> <Delay = 0.00>
ST_2 : Operation 370 [1/1] (0.76ns)   --->   "%add_ln175_118 = add i9 %sext_ln175_183, i9 %sext_ln175_184" [awn_int8.cpp:175]   --->   Operation 370 'add' 'add_ln175_118' <Predicate = true> <Delay = 0.76> <CoreInst = "Adder">   --->   Core 1 'Adder' <Latency = 0> <II = 1> <Delay = 0.76> <FuncUnit> <Opcode : 'add' 'sub'> <InPorts = 2> <OutPorts = 1>
ST_2 : Operation 371 [1/1] (0.00ns)   --->   "%sext_ln175_243 = sext i9 %add_ln175_118" [awn_int8.cpp:175]   --->   Operation 371 'sext' 'sext_ln175_243' <Predicate = true> <Delay = 0.00>
ST_2 : Operation 372 [1/1] (0.76ns)   --->   "%add_ln175_119 = add i9 %sext_ln175_185, i9 %sext_ln175_186" [awn_int8.cpp:175]   --->   Operation 372 'add' 'add_ln175_119' <Predicate = true> <Delay = 0.76> <CoreInst = "Adder">   --->   Core 1 'Adder' <Latency = 0> <II = 1> <Delay = 0.76> <FuncUnit> <Opcode : 'add' 'sub'> <InPorts = 2> <OutPorts = 1>
ST_2 : Operation 373 [1/1] (0.00ns)   --->   "%sext_ln175_244 = sext i9 %add_ln175_119" [awn_int8.cpp:175]   --->   Operation 373 'sext' 'sext_ln175_244' <Predicate = true> <Delay = 0.00>
ST_2 : Operation 374 [1/1] (0.77ns)   --->   "%add_ln175_120 = add i10 %sext_ln175_244, i10 %sext_ln175_243" [awn_int8.cpp:175]   --->   Operation 374 'add' 'add_ln175_120' <Predicate = true> <Delay = 0.77> <CoreInst = "Adder">   --->   Core 1 'Adder' <Latency = 0> <II = 1> <Delay = 0.77> <FuncUnit> <Opcode : 'add' 'sub'> <InPorts = 2> <OutPorts = 1>
ST_2 : Operation 375 [1/1] (0.00ns)   --->   "%sext_ln175_245 = sext i10 %add_ln175_120" [awn_int8.cpp:175]   --->   Operation 375 'sext' 'sext_ln175_245' <Predicate = true> <Delay = 0.00>
ST_2 : Operation 376 [1/1] (0.78ns)   --->   "%add_ln175_121 = add i11 %sext_ln175_245, i11 %sext_ln175_242" [awn_int8.cpp:175]   --->   Operation 376 'add' 'add_ln175_121' <Predicate = true> <Delay = 0.78> <CoreInst = "Adder">   --->   Core 1 'Adder' <Latency = 0> <II = 1> <Delay = 0.78> <FuncUnit> <Opcode : 'add' 'sub'> <InPorts = 2> <OutPorts = 1>

State 3 <SV = 2> <Delay = 2.42>
ST_3 : Operation 377 [1/1] (0.00ns)   --->   "%sext_ln175_193 = sext i11 %add_ln175_68" [awn_int8.cpp:175]   --->   Operation 377 'sext' 'sext_ln175_193' <Predicate = true> <Delay = 0.00>
ST_3 : Operation 378 [1/1] (0.00ns)   --->   "%sext_ln175_200 = sext i11 %add_ln175_75" [awn_int8.cpp:175]   --->   Operation 378 'sext' 'sext_ln175_200' <Predicate = true> <Delay = 0.00>
ST_3 : Operation 379 [1/1] (0.79ns)   --->   "%add_ln175_76 = add i12 %sext_ln175_200, i12 %sext_ln175_193" [awn_int8.cpp:175]   --->   Operation 379 'add' 'add_ln175_76' <Predicate = true> <Delay = 0.79> <CoreInst = "Adder">   --->   Core 1 'Adder' <Latency = 0> <II = 1> <Delay = 0.79> <FuncUnit> <Opcode : 'add' 'sub'> <InPorts = 2> <OutPorts = 1>
ST_3 : Operation 380 [1/1] (0.00ns)   --->   "%sext_ln175_201 = sext i12 %add_ln175_76" [awn_int8.cpp:175]   --->   Operation 380 'sext' 'sext_ln175_201' <Predicate = true> <Delay = 0.00>
ST_3 : Operation 381 [1/1] (0.00ns)   --->   "%sext_ln175_208 = sext i11 %add_ln175_83" [awn_int8.cpp:175]   --->   Operation 381 'sext' 'sext_ln175_208' <Predicate = true> <Delay = 0.00>
ST_3 : Operation 382 [1/1] (0.00ns)   --->   "%sext_ln175_215 = sext i11 %add_ln175_90" [awn_int8.cpp:175]   --->   Operation 382 'sext' 'sext_ln175_215' <Predicate = true> <Delay = 0.00>
ST_3 : Operation 383 [1/1] (0.79ns)   --->   "%add_ln175_91 = add i12 %sext_ln175_215, i12 %sext_ln175_208" [awn_int8.cpp:175]   --->   Operation 383 'add' 'add_ln175_91' <Predicate = true> <Delay = 0.79> <CoreInst = "Adder">   --->   Core 1 'Adder' <Latency = 0> <II = 1> <Delay = 0.79> <FuncUnit> <Opcode : 'add' 'sub'> <InPorts = 2> <OutPorts = 1>
ST_3 : Operation 384 [1/1] (0.00ns)   --->   "%sext_ln175_216 = sext i12 %add_ln175_91" [awn_int8.cpp:175]   --->   Operation 384 'sext' 'sext_ln175_216' <Predicate = true> <Delay = 0.00>
ST_3 : Operation 385 [1/1] (0.80ns)   --->   "%add_ln175_92 = add i13 %sext_ln175_216, i13 %sext_ln175_201" [awn_int8.cpp:175]   --->   Operation 385 'add' 'add_ln175_92' <Predicate = true> <Delay = 0.80> <CoreInst = "Adder">   --->   Core 1 'Adder' <Latency = 0> <II = 1> <Delay = 0.80> <FuncUnit> <Opcode : 'add' 'sub'> <InPorts = 2> <OutPorts = 1>
ST_3 : Operation 386 [1/1] (0.00ns)   --->   "%sext_ln175_217 = sext i13 %add_ln175_92" [awn_int8.cpp:175]   --->   Operation 386 'sext' 'sext_ln175_217' <Predicate = true> <Delay = 0.00>
ST_3 : Operation 387 [1/1] (0.00ns)   --->   "%sext_ln175_224 = sext i11 %add_ln175_99" [awn_int8.cpp:175]   --->   Operation 387 'sext' 'sext_ln175_224' <Predicate = true> <Delay = 0.00>
ST_3 : Operation 388 [1/1] (0.00ns)   --->   "%sext_ln175_231 = sext i11 %add_ln175_106" [awn_int8.cpp:175]   --->   Operation 388 'sext' 'sext_ln175_231' <Predicate = true> <Delay = 0.00>
ST_3 : Operation 389 [1/1] (0.79ns)   --->   "%add_ln175_107 = add i12 %sext_ln175_231, i12 %sext_ln175_224" [awn_int8.cpp:175]   --->   Operation 389 'add' 'add_ln175_107' <Predicate = true> <Delay = 0.79> <CoreInst = "Adder">   --->   Core 1 'Adder' <Latency = 0> <II = 1> <Delay = 0.79> <FuncUnit> <Opcode : 'add' 'sub'> <InPorts = 2> <OutPorts = 1>
ST_3 : Operation 390 [1/1] (0.00ns)   --->   "%sext_ln175_232 = sext i12 %add_ln175_107" [awn_int8.cpp:175]   --->   Operation 390 'sext' 'sext_ln175_232' <Predicate = true> <Delay = 0.00>
ST_3 : Operation 391 [1/1] (0.00ns)   --->   "%sext_ln175_239 = sext i11 %add_ln175_114" [awn_int8.cpp:175]   --->   Operation 391 'sext' 'sext_ln175_239' <Predicate = true> <Delay = 0.00>
ST_3 : Operation 392 [1/1] (0.00ns)   --->   "%sext_ln175_246 = sext i11 %add_ln175_121" [awn_int8.cpp:175]   --->   Operation 392 'sext' 'sext_ln175_246' <Predicate = true> <Delay = 0.00>
ST_3 : Operation 393 [1/1] (0.79ns)   --->   "%add_ln175_122 = add i12 %sext_ln175_246, i12 %sext_ln175_239" [awn_int8.cpp:175]   --->   Operation 393 'add' 'add_ln175_122' <Predicate = true> <Delay = 0.79> <CoreInst = "Adder">   --->   Core 1 'Adder' <Latency = 0> <II = 1> <Delay = 0.79> <FuncUnit> <Opcode : 'add' 'sub'> <InPorts = 2> <OutPorts = 1>
ST_3 : Operation 394 [1/1] (0.00ns)   --->   "%sext_ln175_247 = sext i12 %add_ln175_122" [awn_int8.cpp:175]   --->   Operation 394 'sext' 'sext_ln175_247' <Predicate = true> <Delay = 0.00>
ST_3 : Operation 395 [1/1] (0.80ns)   --->   "%add_ln175_123 = add i13 %sext_ln175_247, i13 %sext_ln175_232" [awn_int8.cpp:175]   --->   Operation 395 'add' 'add_ln175_123' <Predicate = true> <Delay = 0.80> <CoreInst = "Adder">   --->   Core 1 'Adder' <Latency = 0> <II = 1> <Delay = 0.80> <FuncUnit> <Opcode : 'add' 'sub'> <InPorts = 2> <OutPorts = 1>
ST_3 : Operation 396 [1/1] (0.00ns)   --->   "%sext_ln175_248 = sext i13 %add_ln175_123" [awn_int8.cpp:175]   --->   Operation 396 'sext' 'sext_ln175_248' <Predicate = true> <Delay = 0.00>
ST_3 : Operation 397 [1/1] (0.82ns)   --->   "%acc_5 = add i14 %sext_ln175_248, i14 %sext_ln175_217" [awn_int8.cpp:175]   --->   Operation 397 'add' 'acc_5' <Predicate = true> <Delay = 0.82> <CoreInst = "Adder">   --->   Core 1 'Adder' <Latency = 0> <II = 1> <Delay = 0.82> <FuncUnit> <Opcode : 'add' 'sub'> <InPorts = 2> <OutPorts = 1>

State 4 <SV = 3> <Delay = 3.42>
ST_4 : Operation 398 [1/1] (0.00ns)   --->   "%sext_ln17 = sext i14 %acc_5" [awn_int8.cpp:17->awn_int8.cpp:30->awn_int8.cpp:176]   --->   Operation 398 'sext' 'sext_ln17' <Predicate = true> <Delay = 0.00>
ST_4 : Operation 399 [1/1] (3.42ns)   --->   "%mul_ln17 = mul i45 %sext_ln17, i45 1233165625" [awn_int8.cpp:17->awn_int8.cpp:30->awn_int8.cpp:176]   --->   Operation 399 'mul' 'mul_ln17' <Predicate = true> <Delay = 3.42> <CoreInst = "Multiplier">   --->   Core 3 'Multiplier' <Latency = 0> <II = 1> <Delay = 3.42> <FuncUnit> <Opcode : 'mul'> <InPorts = 2> <OutPorts = 1>
ST_4 : Operation 415 [1/1] (0.00ns)   --->   "%ret_ln178 = ret" [awn_int8.cpp:178]   --->   Operation 415 'ret' 'ret_ln178' <Predicate = (icmp_ln172)> <Delay = 0.00>

State 5 <SV = 4> <Delay = 2.92>
ST_5 : Operation 400 [1/1] (0.00ns)   --->   "%specpipeline_ln173 = specpipeline void @_ssdm_op_SpecPipeline, i32 1, i32 0, i32 0, i32 0, void @empty_3" [awn_int8.cpp:173]   --->   Operation 400 'specpipeline' 'specpipeline_ln173' <Predicate = true> <Delay = 0.00>
ST_5 : Operation 401 [1/1] (0.00ns)   --->   "%speclooptripcount_ln172 = speclooptripcount void @_ssdm_op_SpecLoopTripCount, i64 64, i64 64, i64 64" [awn_int8.cpp:172]   --->   Operation 401 'speclooptripcount' 'speclooptripcount_ln172' <Predicate = true> <Delay = 0.00>
ST_5 : Operation 402 [1/1] (0.00ns)   --->   "%specloopname_ln172 = specloopname void @_ssdm_op_SpecLoopName, void @empty_14" [awn_int8.cpp:172]   --->   Operation 402 'specloopname' 'specloopname_ln172' <Predicate = true> <Delay = 0.00>
ST_5 : Operation 403 [1/1] (1.06ns)   --->   "%sum = add i45 %mul_ln17, i45 17179869184" [awn_int8.cpp:19->awn_int8.cpp:30->awn_int8.cpp:176]   --->   Operation 403 'add' 'sum' <Predicate = true> <Delay = 1.06> <CoreInst = "Adder">   --->   Core 1 'Adder' <Latency = 0> <II = 1> <Delay = 1.06> <FuncUnit> <Opcode : 'add' 'sub'> <InPorts = 2> <OutPorts = 1>
ST_5 : Operation 404 [1/1] (0.00ns)   --->   "%trunc_ln = partselect i10 @_ssdm_op_PartSelect.i10.i45.i32.i32, i45 %sum, i32 35, i32 44" [awn_int8.cpp:20->awn_int8.cpp:30->awn_int8.cpp:176]   --->   Operation 404 'partselect' 'trunc_ln' <Predicate = true> <Delay = 0.00>
ST_5 : Operation 405 [1/1] (0.00ns)   --->   "%tmp = partselect i3 @_ssdm_op_PartSelect.i3.i45.i32.i32, i45 %sum, i32 42, i32 44" [awn_int8.cpp:24->awn_int8.cpp:30->awn_int8.cpp:176]   --->   Operation 405 'partselect' 'tmp' <Predicate = true> <Delay = 0.00>
ST_5 : Operation 406 [1/1] (0.67ns)   --->   "%icmp_ln24 = icmp_sgt  i3 %tmp, i3 0" [awn_int8.cpp:24->awn_int8.cpp:30->awn_int8.cpp:176]   --->   Operation 406 'icmp' 'icmp_ln24' <Predicate = true> <Delay = 0.67> <CoreInst = "Cmp">   --->   Core 9 'Cmp' <Latency = 0> <II = 1> <Delay = 0.67> <FuncUnit> <Opcode : 'icmp'> <InPorts = 2> <OutPorts = 1>
ST_5 : Operation 407 [1/1] (0.78ns)   --->   "%icmp_ln25 = icmp_slt  i10 %trunc_ln, i10 896" [awn_int8.cpp:25->awn_int8.cpp:30->awn_int8.cpp:176]   --->   Operation 407 'icmp' 'icmp_ln25' <Predicate = true> <Delay = 0.78> <CoreInst = "Cmp">   --->   Core 9 'Cmp' <Latency = 0> <II = 1> <Delay = 0.78> <FuncUnit> <Opcode : 'icmp'> <InPorts = 2> <OutPorts = 1>
ST_5 : Operation 408 [1/1] (0.00ns) (grouped into LUT with out node select_ln24)   --->   "%trunc_ln2 = partselect i8 @_ssdm_op_PartSelect.i8.i45.i32.i32, i45 %sum, i32 35, i32 42" [awn_int8.cpp:26->awn_int8.cpp:30->awn_int8.cpp:176]   --->   Operation 408 'partselect' 'trunc_ln2' <Predicate = true> <Delay = 0.00>
ST_5 : Operation 409 [1/1] (0.00ns) (grouped into LUT with out node select_ln24)   --->   "%select_ln24_11 = select i1 %icmp_ln24, i8 127, i8 128" [awn_int8.cpp:24->awn_int8.cpp:30->awn_int8.cpp:176]   --->   Operation 409 'select' 'select_ln24_11' <Predicate = true> <Delay = 0.00> <CoreInst = "Sel">   --->   Core 73 'Sel' <Latency = 0> <II = 1> <Delay = 0.39> <FuncUnit> <Opcode : 'select'> <InPorts = 3> <OutPorts = 1>
ST_5 : Operation 410 [1/1] (0.00ns) (grouped into LUT with out node select_ln24)   --->   "%or_ln24 = or i1 %icmp_ln24, i1 %icmp_ln25" [awn_int8.cpp:24->awn_int8.cpp:30->awn_int8.cpp:176]   --->   Operation 410 'or' 'or_ln24' <Predicate = true> <Delay = 0.00> <CoreInst = "LogicGate">   --->   Core 74 'LogicGate' <Latency = 0> <II = 1> <Delay = 0.28> <FuncUnit> <Opcode : 'and' 'or' 'xor'> <InPorts = 2> <OutPorts = 1>
ST_5 : Operation 411 [1/1] (0.39ns) (out node of the LUT)   --->   "%select_ln24 = select i1 %or_ln24, i8 %select_ln24_11, i8 %trunc_ln2" [awn_int8.cpp:24->awn_int8.cpp:30->awn_int8.cpp:176]   --->   Operation 411 'select' 'select_ln24' <Predicate = true> <Delay = 0.39> <CoreInst = "Sel">   --->   Core 73 'Sel' <Latency = 0> <II = 1> <Delay = 0.39> <FuncUnit> <Opcode : 'select'> <InPorts = 3> <OutPorts = 1>
ST_5 : Operation 412 [1/1] (0.00ns)   --->   "%y_addr = getelementptr i8 %y, i64 0, i64 %zext_ln172" [awn_int8.cpp:176]   --->   Operation 412 'getelementptr' 'y_addr' <Predicate = true> <Delay = 0.00>
ST_5 : Operation 413 [1/1] (0.67ns)   --->   "%store_ln176 = store i8 %select_ln24, i6 %y_addr" [awn_int8.cpp:176]   --->   Operation 413 'store' 'store_ln176' <Predicate = true> <Delay = 0.67> <CoreInst = "RAM">   --->   Core 83 'RAM' <Latency = 1> <II = 1> <Delay = 0.67> <Storage> <Opcode : 'load' 'store'> <Ports = 2> <Width = 8> <Depth = 64> <RAM>
ST_5 : Operation 414 [1/1] (0.00ns)   --->   "%br_ln172 = br void %VITIS_LOOP_175_2" [awn_int8.cpp:172]   --->   Operation 414 'br' 'br_ln172' <Predicate = true> <Delay = 0.00>


============================================================
+ Verbose Summary: Timing violations
============================================================
Target clock period: 5.000ns, clock uncertainty: 1.350ns.

 <State 1>: 1.627ns
The critical path consists of the following:
	'store' operation 0 bit ('store_ln172', awn_int8.cpp:172) of constant 0 on local variable 'c', awn_int8.cpp:172 [67]  (0.427 ns)
	'load' operation 7 bit ('c', awn_int8.cpp:172) on local variable 'c', awn_int8.cpp:172 [70]  (0.000 ns)
	'icmp' operation 1 bit ('icmp_ln172', awn_int8.cpp:172) [71]  (0.773 ns)
	'store' operation 0 bit ('store_ln172', awn_int8.cpp:172) of variable 'add_ln172', awn_int8.cpp:172 on local variable 'c', awn_int8.cpp:172 [409]  (0.427 ns)

 <State 2>: 3.005ns
The critical path consists of the following:
	'load' operation 8 bit ('acc', awn_int8.cpp:175) on array 'x_0' [143]  (0.677 ns)
	'add' operation 9 bit ('add_ln175', awn_int8.cpp:175) [271]  (0.765 ns)
	'add' operation 10 bit ('add_ln175_64', awn_int8.cpp:175) [275]  (0.776 ns)
	'add' operation 11 bit ('add_ln175_68', awn_int8.cpp:175) [283]  (0.787 ns)

 <State 3>: 2.427ns
The critical path consists of the following:
	'add' operation 12 bit ('add_ln175_76', awn_int8.cpp:175) [299]  (0.798 ns)
	'add' operation 13 bit ('add_ln175_92', awn_int8.cpp:175) [331]  (0.809 ns)
	'add' operation 14 bit ('acc', awn_int8.cpp:175) [395]  (0.820 ns)

 <State 4>: 3.420ns
The critical path consists of the following:
	'mul' operation 45 bit ('mul_ln17', awn_int8.cpp:17->awn_int8.cpp:30->awn_int8.cpp:176) [397]  (3.420 ns)

 <State 5>: 2.926ns
The critical path consists of the following:
	'add' operation 45 bit ('sum', awn_int8.cpp:19->awn_int8.cpp:30->awn_int8.cpp:176) [398]  (1.069 ns)
	'icmp' operation 1 bit ('icmp_ln25', awn_int8.cpp:25->awn_int8.cpp:30->awn_int8.cpp:176) [402]  (0.787 ns)
	'or' operation 1 bit ('or_ln24', awn_int8.cpp:24->awn_int8.cpp:30->awn_int8.cpp:176) [405]  (0.000 ns)
	'select' operation 8 bit ('select_ln24', awn_int8.cpp:24->awn_int8.cpp:30->awn_int8.cpp:176) [406]  (0.393 ns)
	'store' operation 0 bit ('store_ln176', awn_int8.cpp:176) of variable 'select_ln24', awn_int8.cpp:24->awn_int8.cpp:30->awn_int8.cpp:176 on array 'y' [408]  (0.677 ns)


============================================================
+ Verbose Summary: Binding
============================================================
N/A
* FSMD analyzer results:
  - Output states:
 - Input state : 
  - Chain level:
	State 1
	State 2
	State 3
	State 4
	State 5


============================================================
+ Verbose Summary: Datapath Resource usage 
============================================================
N/A
