

================================================================
== Vitis HLS Report for 'awn_forward_Pipeline_VITIS_LOOP_232_5_VITIS_LOOP_233_6'
================================================================
* Date:           Sat May 30 20:39:11 2026

* Version:        2023.2 (Build 4023990 on Oct 11 2023)
* Project:        proj_awn_int8
* Solution:       solution1 (Vivado IP Flow Target)
* Product family: zynquplus
* Target device:  xczu7ev-ffvc1156-2-e


================================================================
== Performance Estimates
================================================================
+ Timing: 
    * Summary: 
    +--------+---------+----------+------------+
    |  Clock |  Target | Estimated| Uncertainty|
    +--------+---------+----------+------------+
    |ap_clk  |  5.00 ns|  3.640 ns|     1.35 ns|
    +--------+---------+----------+------------+

+ Latency: 
    * Summary: 
    +---------+---------+-----------+-----------+------+------+---------+
    |  Latency (cycles) |   Latency (absolute)  |   Interval  | Pipeline|
    |   min   |   max   |    min    |    max    |  min |  max |   Type  |
    +---------+---------+-----------+-----------+------+------+---------+
    |     4100|     4100|  20.500 us|  20.500 us|  4100|  4100|       no|
    +---------+---------+-----------+-----------+------+------+---------+

    + Detail: 
        * Instance: 
        N/A

        * Loop: 
        +-------------------------------------+---------+---------+----------+-----------+-----------+------+----------+
        |                                     |  Latency (cycles) | Iteration|  Initiation Interval  | Trip |          |
        |              Loop Name              |   min   |   max   |  Latency |  achieved |   target  | Count| Pipelined|
        +-------------------------------------+---------+---------+----------+-----------+-----------+------+----------+
        |- VITIS_LOOP_232_5_VITIS_LOOP_233_6  |     4098|     4098|         4|          1|          1|  4096|       yes|
        +-------------------------------------+---------+---------+----------+-----------+-----------+------+----------+

============================================================
+ Verbose Summary: Synthesis Manager
============================================================
InlineROM: 1
ExposeGlobal: 0
============================================================
+ Verbose Summary: CDFG Model
============================================================
IsTopModel: 0
ResetActiveHigh: 1
IsCombinational: 0
IsDatapathOnly: 0
HasWiredReturn: 1
HasMFsm: 2
HasVarLatency: 1
IsPipeline: 0
IsRtlPipelined: 0
IsInstanceOverlapped: 0
IsDontTouch: 0
HasImplIP: 0
IsGatedGlobalClock: 0

+ Individual pipeline summary: 
  * Pipeline-0: initiation interval (II) = 1, depth = 4


============================================================
+ Verbose Summary: Schedule
============================================================
* Number of FSM states : 4
* Pipeline : 1
  Pipeline-0 : II = 1, D = 4, States = { 1 2 3 4 }
* Dataflow Pipeline: 0

* FSM state transitions: 
1 --> 2 
2 --> 3 
3 --> 4 
4 --> 

* FSM state operations: 

State 1 <SV = 0> <Delay = 2.76>
ST_1 : Operation 7 [1/1] (0.00ns)   --->   "%t = alloca i32 1" [awn_int8.cpp:233]   --->   Operation 7 'alloca' 't' <Predicate = true> <Delay = 0.00>
ST_1 : Operation 8 [1/1] (0.00ns)   --->   "%ch = alloca i32 1" [awn_int8.cpp:232]   --->   Operation 8 'alloca' 'ch' <Predicate = true> <Delay = 0.00>
ST_1 : Operation 9 [1/1] (0.00ns)   --->   "%indvar_flatten13 = alloca i32 1"   --->   Operation 9 'alloca' 'indvar_flatten13' <Predicate = true> <Delay = 0.00>
ST_1 : Operation 10 [1/1] (0.42ns)   --->   "%store_ln0 = store i13 0, i13 %indvar_flatten13"   --->   Operation 10 'store' 'store_ln0' <Predicate = true> <Delay = 0.42>
ST_1 : Operation 11 [1/1] (0.42ns)   --->   "%store_ln232 = store i7 0, i7 %ch" [awn_int8.cpp:232]   --->   Operation 11 'store' 'store_ln232' <Predicate = true> <Delay = 0.42>
ST_1 : Operation 12 [1/1] (0.42ns)   --->   "%store_ln233 = store i7 0, i7 %t" [awn_int8.cpp:233]   --->   Operation 12 'store' 'store_ln233' <Predicate = true> <Delay = 0.42>
ST_1 : Operation 13 [1/1] (0.00ns)   --->   "%br_ln0 = br void %for.inc87"   --->   Operation 13 'br' 'br_ln0' <Predicate = true> <Delay = 0.00>
ST_1 : Operation 14 [1/1] (0.00ns)   --->   "%indvar_flatten13_load = load i13 %indvar_flatten13" [awn_int8.cpp:232]   --->   Operation 14 'load' 'indvar_flatten13_load' <Predicate = true> <Delay = 0.00>
ST_1 : Operation 15 [1/1] (0.82ns)   --->   "%icmp_ln232 = icmp_eq  i13 %indvar_flatten13_load, i13 4096" [awn_int8.cpp:232]   --->   Operation 15 'icmp' 'icmp_ln232' <Predicate = true> <Delay = 0.82> <CoreInst = "Cmp">   --->   Core 9 'Cmp' <Latency = 0> <II = 1> <Delay = 0.82> <FuncUnit> <Opcode : 'icmp'> <InPorts = 2> <OutPorts = 1>
ST_1 : Operation 16 [1/1] (0.82ns)   --->   "%add_ln232_1 = add i13 %indvar_flatten13_load, i13 1" [awn_int8.cpp:232]   --->   Operation 16 'add' 'add_ln232_1' <Predicate = true> <Delay = 0.82> <CoreInst = "Adder">   --->   Core 1 'Adder' <Latency = 0> <II = 1> <Delay = 0.82> <FuncUnit> <Opcode : 'add' 'sub'> <InPorts = 2> <OutPorts = 1>
ST_1 : Operation 17 [1/1] (0.00ns)   --->   "%br_ln232 = br i1 %icmp_ln232, void %for.inc90, void %for.end92.exitStub" [awn_int8.cpp:232]   --->   Operation 17 'br' 'br_ln232' <Predicate = true> <Delay = 0.00>
ST_1 : Operation 18 [1/1] (0.00ns)   --->   "%t_load = load i7 %t" [awn_int8.cpp:233]   --->   Operation 18 'load' 't_load' <Predicate = (!icmp_ln232)> <Delay = 0.00>
ST_1 : Operation 19 [1/1] (0.77ns)   --->   "%icmp_ln233 = icmp_eq  i7 %t_load, i7 64" [awn_int8.cpp:233]   --->   Operation 19 'icmp' 'icmp_ln233' <Predicate = (!icmp_ln232)> <Delay = 0.77> <CoreInst = "Cmp">   --->   Core 9 'Cmp' <Latency = 0> <II = 1> <Delay = 0.77> <FuncUnit> <Opcode : 'icmp'> <InPorts = 2> <OutPorts = 1>
ST_1 : Operation 20 [1/1] (0.36ns)   --->   "%select_ln232 = select i1 %icmp_ln233, i7 0, i7 %t_load" [awn_int8.cpp:232]   --->   Operation 20 'select' 'select_ln232' <Predicate = (!icmp_ln232)> <Delay = 0.36> <CoreInst = "Sel">   --->   Core 73 'Sel' <Latency = 0> <II = 1> <Delay = 0.36> <FuncUnit> <Opcode : 'select'> <InPorts = 3> <OutPorts = 1>
ST_1 : Operation 21 [1/1] (0.00ns)   --->   "%zext_ln233 = zext i7 %select_ln232" [awn_int8.cpp:233]   --->   Operation 21 'zext' 'zext_ln233' <Predicate = (!icmp_ln232)> <Delay = 0.00>
ST_1 : Operation 22 [1/1] (0.00ns)   --->   "%trunc_ln233 = trunc i7 %select_ln232" [awn_int8.cpp:233]   --->   Operation 22 'trunc' 'trunc_ln233' <Predicate = (!icmp_ln232)> <Delay = 0.00>
ST_1 : Operation 23 [1/1] (0.00ns)   --->   "%odd_q_addr = getelementptr i8 %odd_q, i64 0, i64 %zext_ln233" [awn_int8.cpp:234]   --->   Operation 23 'getelementptr' 'odd_q_addr' <Predicate = (!icmp_ln232)> <Delay = 0.00>
ST_1 : Operation 24 [1/1] (0.00ns)   --->   "%odd_q_1_addr = getelementptr i8 %odd_q_1, i64 0, i64 %zext_ln233" [awn_int8.cpp:234]   --->   Operation 24 'getelementptr' 'odd_q_1_addr' <Predicate = (!icmp_ln232)> <Delay = 0.00>
ST_1 : Operation 25 [1/1] (0.00ns)   --->   "%odd_q_2_addr = getelementptr i8 %odd_q_2, i64 0, i64 %zext_ln233" [awn_int8.cpp:234]   --->   Operation 25 'getelementptr' 'odd_q_2_addr' <Predicate = (!icmp_ln232)> <Delay = 0.00>
ST_1 : Operation 26 [1/1] (0.00ns)   --->   "%odd_q_3_addr = getelementptr i8 %odd_q_3, i64 0, i64 %zext_ln233" [awn_int8.cpp:234]   --->   Operation 26 'getelementptr' 'odd_q_3_addr' <Predicate = (!icmp_ln232)> <Delay = 0.00>
ST_1 : Operation 27 [1/1] (0.00ns)   --->   "%odd_q_4_addr = getelementptr i8 %odd_q_4, i64 0, i64 %zext_ln233" [awn_int8.cpp:234]   --->   Operation 27 'getelementptr' 'odd_q_4_addr' <Predicate = (!icmp_ln232)> <Delay = 0.00>
ST_1 : Operation 28 [1/1] (0.00ns)   --->   "%odd_q_5_addr = getelementptr i8 %odd_q_5, i64 0, i64 %zext_ln233" [awn_int8.cpp:234]   --->   Operation 28 'getelementptr' 'odd_q_5_addr' <Predicate = (!icmp_ln232)> <Delay = 0.00>
ST_1 : Operation 29 [1/1] (0.00ns)   --->   "%odd_q_6_addr = getelementptr i8 %odd_q_6, i64 0, i64 %zext_ln233" [awn_int8.cpp:234]   --->   Operation 29 'getelementptr' 'odd_q_6_addr' <Predicate = (!icmp_ln232)> <Delay = 0.00>
ST_1 : Operation 30 [1/1] (0.00ns)   --->   "%odd_q_7_addr = getelementptr i8 %odd_q_7, i64 0, i64 %zext_ln233" [awn_int8.cpp:234]   --->   Operation 30 'getelementptr' 'odd_q_7_addr' <Predicate = (!icmp_ln232)> <Delay = 0.00>
ST_1 : Operation 31 [1/1] (0.00ns)   --->   "%odd_q_8_addr = getelementptr i8 %odd_q_8, i64 0, i64 %zext_ln233" [awn_int8.cpp:234]   --->   Operation 31 'getelementptr' 'odd_q_8_addr' <Predicate = (!icmp_ln232)> <Delay = 0.00>
ST_1 : Operation 32 [1/1] (0.00ns)   --->   "%odd_q_9_addr = getelementptr i8 %odd_q_9, i64 0, i64 %zext_ln233" [awn_int8.cpp:234]   --->   Operation 32 'getelementptr' 'odd_q_9_addr' <Predicate = (!icmp_ln232)> <Delay = 0.00>
ST_1 : Operation 33 [1/1] (0.00ns)   --->   "%odd_q_10_addr = getelementptr i8 %odd_q_10, i64 0, i64 %zext_ln233" [awn_int8.cpp:234]   --->   Operation 33 'getelementptr' 'odd_q_10_addr' <Predicate = (!icmp_ln232)> <Delay = 0.00>
ST_1 : Operation 34 [1/1] (0.00ns)   --->   "%odd_q_11_addr = getelementptr i8 %odd_q_11, i64 0, i64 %zext_ln233" [awn_int8.cpp:234]   --->   Operation 34 'getelementptr' 'odd_q_11_addr' <Predicate = (!icmp_ln232)> <Delay = 0.00>
ST_1 : Operation 35 [1/1] (0.00ns)   --->   "%odd_q_12_addr = getelementptr i8 %odd_q_12, i64 0, i64 %zext_ln233" [awn_int8.cpp:234]   --->   Operation 35 'getelementptr' 'odd_q_12_addr' <Predicate = (!icmp_ln232)> <Delay = 0.00>
ST_1 : Operation 36 [1/1] (0.00ns)   --->   "%odd_q_13_addr = getelementptr i8 %odd_q_13, i64 0, i64 %zext_ln233" [awn_int8.cpp:234]   --->   Operation 36 'getelementptr' 'odd_q_13_addr' <Predicate = (!icmp_ln232)> <Delay = 0.00>
ST_1 : Operation 37 [1/1] (0.00ns)   --->   "%odd_q_14_addr = getelementptr i8 %odd_q_14, i64 0, i64 %zext_ln233" [awn_int8.cpp:234]   --->   Operation 37 'getelementptr' 'odd_q_14_addr' <Predicate = (!icmp_ln232)> <Delay = 0.00>
ST_1 : Operation 38 [1/1] (0.00ns)   --->   "%odd_q_15_addr = getelementptr i8 %odd_q_15, i64 0, i64 %zext_ln233" [awn_int8.cpp:234]   --->   Operation 38 'getelementptr' 'odd_q_15_addr' <Predicate = (!icmp_ln232)> <Delay = 0.00>
ST_1 : Operation 39 [1/1] (0.00ns)   --->   "%odd_q_16_addr = getelementptr i8 %odd_q_16, i64 0, i64 %zext_ln233" [awn_int8.cpp:234]   --->   Operation 39 'getelementptr' 'odd_q_16_addr' <Predicate = (!icmp_ln232)> <Delay = 0.00>
ST_1 : Operation 40 [1/1] (0.00ns)   --->   "%odd_q_17_addr = getelementptr i8 %odd_q_17, i64 0, i64 %zext_ln233" [awn_int8.cpp:234]   --->   Operation 40 'getelementptr' 'odd_q_17_addr' <Predicate = (!icmp_ln232)> <Delay = 0.00>
ST_1 : Operation 41 [1/1] (0.00ns)   --->   "%odd_q_18_addr = getelementptr i8 %odd_q_18, i64 0, i64 %zext_ln233" [awn_int8.cpp:234]   --->   Operation 41 'getelementptr' 'odd_q_18_addr' <Predicate = (!icmp_ln232)> <Delay = 0.00>
ST_1 : Operation 42 [1/1] (0.00ns)   --->   "%odd_q_19_addr = getelementptr i8 %odd_q_19, i64 0, i64 %zext_ln233" [awn_int8.cpp:234]   --->   Operation 42 'getelementptr' 'odd_q_19_addr' <Predicate = (!icmp_ln232)> <Delay = 0.00>
ST_1 : Operation 43 [1/1] (0.00ns)   --->   "%odd_q_20_addr = getelementptr i8 %odd_q_20, i64 0, i64 %zext_ln233" [awn_int8.cpp:234]   --->   Operation 43 'getelementptr' 'odd_q_20_addr' <Predicate = (!icmp_ln232)> <Delay = 0.00>
ST_1 : Operation 44 [1/1] (0.00ns)   --->   "%odd_q_21_addr = getelementptr i8 %odd_q_21, i64 0, i64 %zext_ln233" [awn_int8.cpp:234]   --->   Operation 44 'getelementptr' 'odd_q_21_addr' <Predicate = (!icmp_ln232)> <Delay = 0.00>
ST_1 : Operation 45 [1/1] (0.00ns)   --->   "%odd_q_22_addr = getelementptr i8 %odd_q_22, i64 0, i64 %zext_ln233" [awn_int8.cpp:234]   --->   Operation 45 'getelementptr' 'odd_q_22_addr' <Predicate = (!icmp_ln232)> <Delay = 0.00>
ST_1 : Operation 46 [1/1] (0.00ns)   --->   "%odd_q_23_addr = getelementptr i8 %odd_q_23, i64 0, i64 %zext_ln233" [awn_int8.cpp:234]   --->   Operation 46 'getelementptr' 'odd_q_23_addr' <Predicate = (!icmp_ln232)> <Delay = 0.00>
ST_1 : Operation 47 [1/1] (0.00ns)   --->   "%odd_q_24_addr = getelementptr i8 %odd_q_24, i64 0, i64 %zext_ln233" [awn_int8.cpp:234]   --->   Operation 47 'getelementptr' 'odd_q_24_addr' <Predicate = (!icmp_ln232)> <Delay = 0.00>
ST_1 : Operation 48 [1/1] (0.00ns)   --->   "%odd_q_25_addr = getelementptr i8 %odd_q_25, i64 0, i64 %zext_ln233" [awn_int8.cpp:234]   --->   Operation 48 'getelementptr' 'odd_q_25_addr' <Predicate = (!icmp_ln232)> <Delay = 0.00>
ST_1 : Operation 49 [1/1] (0.00ns)   --->   "%odd_q_26_addr = getelementptr i8 %odd_q_26, i64 0, i64 %zext_ln233" [awn_int8.cpp:234]   --->   Operation 49 'getelementptr' 'odd_q_26_addr' <Predicate = (!icmp_ln232)> <Delay = 0.00>
ST_1 : Operation 50 [1/1] (0.00ns)   --->   "%odd_q_27_addr = getelementptr i8 %odd_q_27, i64 0, i64 %zext_ln233" [awn_int8.cpp:234]   --->   Operation 50 'getelementptr' 'odd_q_27_addr' <Predicate = (!icmp_ln232)> <Delay = 0.00>
ST_1 : Operation 51 [1/1] (0.00ns)   --->   "%odd_q_28_addr = getelementptr i8 %odd_q_28, i64 0, i64 %zext_ln233" [awn_int8.cpp:234]   --->   Operation 51 'getelementptr' 'odd_q_28_addr' <Predicate = (!icmp_ln232)> <Delay = 0.00>
ST_1 : Operation 52 [1/1] (0.00ns)   --->   "%odd_q_29_addr = getelementptr i8 %odd_q_29, i64 0, i64 %zext_ln233" [awn_int8.cpp:234]   --->   Operation 52 'getelementptr' 'odd_q_29_addr' <Predicate = (!icmp_ln232)> <Delay = 0.00>
ST_1 : Operation 53 [1/1] (0.00ns)   --->   "%odd_q_30_addr = getelementptr i8 %odd_q_30, i64 0, i64 %zext_ln233" [awn_int8.cpp:234]   --->   Operation 53 'getelementptr' 'odd_q_30_addr' <Predicate = (!icmp_ln232)> <Delay = 0.00>
ST_1 : Operation 54 [1/1] (0.00ns)   --->   "%odd_q_31_addr = getelementptr i8 %odd_q_31, i64 0, i64 %zext_ln233" [awn_int8.cpp:234]   --->   Operation 54 'getelementptr' 'odd_q_31_addr' <Predicate = (!icmp_ln232)> <Delay = 0.00>
ST_1 : Operation 55 [1/1] (0.00ns)   --->   "%odd_q_32_addr = getelementptr i8 %odd_q_32, i64 0, i64 %zext_ln233" [awn_int8.cpp:234]   --->   Operation 55 'getelementptr' 'odd_q_32_addr' <Predicate = (!icmp_ln232)> <Delay = 0.00>
ST_1 : Operation 56 [1/1] (0.00ns)   --->   "%odd_q_33_addr = getelementptr i8 %odd_q_33, i64 0, i64 %zext_ln233" [awn_int8.cpp:234]   --->   Operation 56 'getelementptr' 'odd_q_33_addr' <Predicate = (!icmp_ln232)> <Delay = 0.00>
ST_1 : Operation 57 [1/1] (0.00ns)   --->   "%odd_q_34_addr = getelementptr i8 %odd_q_34, i64 0, i64 %zext_ln233" [awn_int8.cpp:234]   --->   Operation 57 'getelementptr' 'odd_q_34_addr' <Predicate = (!icmp_ln232)> <Delay = 0.00>
ST_1 : Operation 58 [1/1] (0.00ns)   --->   "%odd_q_35_addr = getelementptr i8 %odd_q_35, i64 0, i64 %zext_ln233" [awn_int8.cpp:234]   --->   Operation 58 'getelementptr' 'odd_q_35_addr' <Predicate = (!icmp_ln232)> <Delay = 0.00>
ST_1 : Operation 59 [1/1] (0.00ns)   --->   "%odd_q_36_addr = getelementptr i8 %odd_q_36, i64 0, i64 %zext_ln233" [awn_int8.cpp:234]   --->   Operation 59 'getelementptr' 'odd_q_36_addr' <Predicate = (!icmp_ln232)> <Delay = 0.00>
ST_1 : Operation 60 [1/1] (0.00ns)   --->   "%odd_q_37_addr = getelementptr i8 %odd_q_37, i64 0, i64 %zext_ln233" [awn_int8.cpp:234]   --->   Operation 60 'getelementptr' 'odd_q_37_addr' <Predicate = (!icmp_ln232)> <Delay = 0.00>
ST_1 : Operation 61 [1/1] (0.00ns)   --->   "%odd_q_38_addr = getelementptr i8 %odd_q_38, i64 0, i64 %zext_ln233" [awn_int8.cpp:234]   --->   Operation 61 'getelementptr' 'odd_q_38_addr' <Predicate = (!icmp_ln232)> <Delay = 0.00>
ST_1 : Operation 62 [1/1] (0.00ns)   --->   "%odd_q_39_addr = getelementptr i8 %odd_q_39, i64 0, i64 %zext_ln233" [awn_int8.cpp:234]   --->   Operation 62 'getelementptr' 'odd_q_39_addr' <Predicate = (!icmp_ln232)> <Delay = 0.00>
ST_1 : Operation 63 [1/1] (0.00ns)   --->   "%odd_q_40_addr = getelementptr i8 %odd_q_40, i64 0, i64 %zext_ln233" [awn_int8.cpp:234]   --->   Operation 63 'getelementptr' 'odd_q_40_addr' <Predicate = (!icmp_ln232)> <Delay = 0.00>
ST_1 : Operation 64 [1/1] (0.00ns)   --->   "%odd_q_41_addr = getelementptr i8 %odd_q_41, i64 0, i64 %zext_ln233" [awn_int8.cpp:234]   --->   Operation 64 'getelementptr' 'odd_q_41_addr' <Predicate = (!icmp_ln232)> <Delay = 0.00>
ST_1 : Operation 65 [1/1] (0.00ns)   --->   "%odd_q_42_addr = getelementptr i8 %odd_q_42, i64 0, i64 %zext_ln233" [awn_int8.cpp:234]   --->   Operation 65 'getelementptr' 'odd_q_42_addr' <Predicate = (!icmp_ln232)> <Delay = 0.00>
ST_1 : Operation 66 [1/1] (0.00ns)   --->   "%odd_q_43_addr = getelementptr i8 %odd_q_43, i64 0, i64 %zext_ln233" [awn_int8.cpp:234]   --->   Operation 66 'getelementptr' 'odd_q_43_addr' <Predicate = (!icmp_ln232)> <Delay = 0.00>
ST_1 : Operation 67 [1/1] (0.00ns)   --->   "%odd_q_44_addr = getelementptr i8 %odd_q_44, i64 0, i64 %zext_ln233" [awn_int8.cpp:234]   --->   Operation 67 'getelementptr' 'odd_q_44_addr' <Predicate = (!icmp_ln232)> <Delay = 0.00>
ST_1 : Operation 68 [1/1] (0.00ns)   --->   "%odd_q_45_addr = getelementptr i8 %odd_q_45, i64 0, i64 %zext_ln233" [awn_int8.cpp:234]   --->   Operation 68 'getelementptr' 'odd_q_45_addr' <Predicate = (!icmp_ln232)> <Delay = 0.00>
ST_1 : Operation 69 [1/1] (0.00ns)   --->   "%odd_q_46_addr = getelementptr i8 %odd_q_46, i64 0, i64 %zext_ln233" [awn_int8.cpp:234]   --->   Operation 69 'getelementptr' 'odd_q_46_addr' <Predicate = (!icmp_ln232)> <Delay = 0.00>
ST_1 : Operation 70 [1/1] (0.00ns)   --->   "%odd_q_47_addr = getelementptr i8 %odd_q_47, i64 0, i64 %zext_ln233" [awn_int8.cpp:234]   --->   Operation 70 'getelementptr' 'odd_q_47_addr' <Predicate = (!icmp_ln232)> <Delay = 0.00>
ST_1 : Operation 71 [1/1] (0.00ns)   --->   "%odd_q_48_addr = getelementptr i8 %odd_q_48, i64 0, i64 %zext_ln233" [awn_int8.cpp:234]   --->   Operation 71 'getelementptr' 'odd_q_48_addr' <Predicate = (!icmp_ln232)> <Delay = 0.00>
ST_1 : Operation 72 [1/1] (0.00ns)   --->   "%odd_q_49_addr = getelementptr i8 %odd_q_49, i64 0, i64 %zext_ln233" [awn_int8.cpp:234]   --->   Operation 72 'getelementptr' 'odd_q_49_addr' <Predicate = (!icmp_ln232)> <Delay = 0.00>
ST_1 : Operation 73 [1/1] (0.00ns)   --->   "%odd_q_50_addr = getelementptr i8 %odd_q_50, i64 0, i64 %zext_ln233" [awn_int8.cpp:234]   --->   Operation 73 'getelementptr' 'odd_q_50_addr' <Predicate = (!icmp_ln232)> <Delay = 0.00>
ST_1 : Operation 74 [1/1] (0.00ns)   --->   "%odd_q_51_addr = getelementptr i8 %odd_q_51, i64 0, i64 %zext_ln233" [awn_int8.cpp:234]   --->   Operation 74 'getelementptr' 'odd_q_51_addr' <Predicate = (!icmp_ln232)> <Delay = 0.00>
ST_1 : Operation 75 [1/1] (0.00ns)   --->   "%odd_q_52_addr = getelementptr i8 %odd_q_52, i64 0, i64 %zext_ln233" [awn_int8.cpp:234]   --->   Operation 75 'getelementptr' 'odd_q_52_addr' <Predicate = (!icmp_ln232)> <Delay = 0.00>
ST_1 : Operation 76 [1/1] (0.00ns)   --->   "%odd_q_53_addr = getelementptr i8 %odd_q_53, i64 0, i64 %zext_ln233" [awn_int8.cpp:234]   --->   Operation 76 'getelementptr' 'odd_q_53_addr' <Predicate = (!icmp_ln232)> <Delay = 0.00>
ST_1 : Operation 77 [1/1] (0.00ns)   --->   "%odd_q_54_addr = getelementptr i8 %odd_q_54, i64 0, i64 %zext_ln233" [awn_int8.cpp:234]   --->   Operation 77 'getelementptr' 'odd_q_54_addr' <Predicate = (!icmp_ln232)> <Delay = 0.00>
ST_1 : Operation 78 [1/1] (0.00ns)   --->   "%odd_q_55_addr = getelementptr i8 %odd_q_55, i64 0, i64 %zext_ln233" [awn_int8.cpp:234]   --->   Operation 78 'getelementptr' 'odd_q_55_addr' <Predicate = (!icmp_ln232)> <Delay = 0.00>
ST_1 : Operation 79 [1/1] (0.00ns)   --->   "%odd_q_56_addr = getelementptr i8 %odd_q_56, i64 0, i64 %zext_ln233" [awn_int8.cpp:234]   --->   Operation 79 'getelementptr' 'odd_q_56_addr' <Predicate = (!icmp_ln232)> <Delay = 0.00>
ST_1 : Operation 80 [1/1] (0.00ns)   --->   "%odd_q_57_addr = getelementptr i8 %odd_q_57, i64 0, i64 %zext_ln233" [awn_int8.cpp:234]   --->   Operation 80 'getelementptr' 'odd_q_57_addr' <Predicate = (!icmp_ln232)> <Delay = 0.00>
ST_1 : Operation 81 [1/1] (0.00ns)   --->   "%odd_q_58_addr = getelementptr i8 %odd_q_58, i64 0, i64 %zext_ln233" [awn_int8.cpp:234]   --->   Operation 81 'getelementptr' 'odd_q_58_addr' <Predicate = (!icmp_ln232)> <Delay = 0.00>
ST_1 : Operation 82 [1/1] (0.00ns)   --->   "%odd_q_59_addr = getelementptr i8 %odd_q_59, i64 0, i64 %zext_ln233" [awn_int8.cpp:234]   --->   Operation 82 'getelementptr' 'odd_q_59_addr' <Predicate = (!icmp_ln232)> <Delay = 0.00>
ST_1 : Operation 83 [1/1] (0.00ns)   --->   "%odd_q_60_addr = getelementptr i8 %odd_q_60, i64 0, i64 %zext_ln233" [awn_int8.cpp:234]   --->   Operation 83 'getelementptr' 'odd_q_60_addr' <Predicate = (!icmp_ln232)> <Delay = 0.00>
ST_1 : Operation 84 [1/1] (0.00ns)   --->   "%odd_q_61_addr = getelementptr i8 %odd_q_61, i64 0, i64 %zext_ln233" [awn_int8.cpp:234]   --->   Operation 84 'getelementptr' 'odd_q_61_addr' <Predicate = (!icmp_ln232)> <Delay = 0.00>
ST_1 : Operation 85 [1/1] (0.00ns)   --->   "%odd_q_62_addr = getelementptr i8 %odd_q_62, i64 0, i64 %zext_ln233" [awn_int8.cpp:234]   --->   Operation 85 'getelementptr' 'odd_q_62_addr' <Predicate = (!icmp_ln232)> <Delay = 0.00>
ST_1 : Operation 86 [1/1] (0.00ns)   --->   "%odd_q_63_addr = getelementptr i8 %odd_q_63, i64 0, i64 %zext_ln233" [awn_int8.cpp:234]   --->   Operation 86 'getelementptr' 'odd_q_63_addr' <Predicate = (!icmp_ln232)> <Delay = 0.00>
ST_1 : Operation 87 [2/2] (0.67ns)   --->   "%odd_q_load = load i6 %odd_q_addr" [awn_int8.cpp:234]   --->   Operation 87 'load' 'odd_q_load' <Predicate = (!icmp_ln232)> <Delay = 0.67> <CoreInst = "RAM">   --->   Core 83 'RAM' <Latency = 1> <II = 1> <Delay = 0.67> <Storage> <Opcode : 'load' 'store'> <Ports = 2> <Width = 8> <Depth = 64> <RAM>
ST_1 : Operation 88 [2/2] (0.67ns)   --->   "%odd_q_1_load = load i6 %odd_q_1_addr" [awn_int8.cpp:234]   --->   Operation 88 'load' 'odd_q_1_load' <Predicate = (!icmp_ln232)> <Delay = 0.67> <CoreInst = "RAM">   --->   Core 83 'RAM' <Latency = 1> <II = 1> <Delay = 0.67> <Storage> <Opcode : 'load' 'store'> <Ports = 2> <Width = 8> <Depth = 64> <RAM>
ST_1 : Operation 89 [2/2] (0.67ns)   --->   "%odd_q_2_load = load i6 %odd_q_2_addr" [awn_int8.cpp:234]   --->   Operation 89 'load' 'odd_q_2_load' <Predicate = (!icmp_ln232)> <Delay = 0.67> <CoreInst = "RAM">   --->   Core 83 'RAM' <Latency = 1> <II = 1> <Delay = 0.67> <Storage> <Opcode : 'load' 'store'> <Ports = 2> <Width = 8> <Depth = 64> <RAM>
ST_1 : Operation 90 [2/2] (0.67ns)   --->   "%odd_q_3_load = load i6 %odd_q_3_addr" [awn_int8.cpp:234]   --->   Operation 90 'load' 'odd_q_3_load' <Predicate = (!icmp_ln232)> <Delay = 0.67> <CoreInst = "RAM">   --->   Core 83 'RAM' <Latency = 1> <II = 1> <Delay = 0.67> <Storage> <Opcode : 'load' 'store'> <Ports = 2> <Width = 8> <Depth = 64> <RAM>
ST_1 : Operation 91 [2/2] (0.67ns)   --->   "%odd_q_4_load = load i6 %odd_q_4_addr" [awn_int8.cpp:234]   --->   Operation 91 'load' 'odd_q_4_load' <Predicate = (!icmp_ln232)> <Delay = 0.67> <CoreInst = "RAM">   --->   Core 83 'RAM' <Latency = 1> <II = 1> <Delay = 0.67> <Storage> <Opcode : 'load' 'store'> <Ports = 2> <Width = 8> <Depth = 64> <RAM>
ST_1 : Operation 92 [2/2] (0.67ns)   --->   "%odd_q_5_load = load i6 %odd_q_5_addr" [awn_int8.cpp:234]   --->   Operation 92 'load' 'odd_q_5_load' <Predicate = (!icmp_ln232)> <Delay = 0.67> <CoreInst = "RAM">   --->   Core 83 'RAM' <Latency = 1> <II = 1> <Delay = 0.67> <Storage> <Opcode : 'load' 'store'> <Ports = 2> <Width = 8> <Depth = 64> <RAM>
ST_1 : Operation 93 [2/2] (0.67ns)   --->   "%odd_q_6_load = load i6 %odd_q_6_addr" [awn_int8.cpp:234]   --->   Operation 93 'load' 'odd_q_6_load' <Predicate = (!icmp_ln232)> <Delay = 0.67> <CoreInst = "RAM">   --->   Core 83 'RAM' <Latency = 1> <II = 1> <Delay = 0.67> <Storage> <Opcode : 'load' 'store'> <Ports = 2> <Width = 8> <Depth = 64> <RAM>
ST_1 : Operation 94 [2/2] (0.67ns)   --->   "%odd_q_7_load = load i6 %odd_q_7_addr" [awn_int8.cpp:234]   --->   Operation 94 'load' 'odd_q_7_load' <Predicate = (!icmp_ln232)> <Delay = 0.67> <CoreInst = "RAM">   --->   Core 83 'RAM' <Latency = 1> <II = 1> <Delay = 0.67> <Storage> <Opcode : 'load' 'store'> <Ports = 2> <Width = 8> <Depth = 64> <RAM>
ST_1 : Operation 95 [2/2] (0.67ns)   --->   "%odd_q_8_load = load i6 %odd_q_8_addr" [awn_int8.cpp:234]   --->   Operation 95 'load' 'odd_q_8_load' <Predicate = (!icmp_ln232)> <Delay = 0.67> <CoreInst = "RAM">   --->   Core 83 'RAM' <Latency = 1> <II = 1> <Delay = 0.67> <Storage> <Opcode : 'load' 'store'> <Ports = 2> <Width = 8> <Depth = 64> <RAM>
ST_1 : Operation 96 [2/2] (0.67ns)   --->   "%odd_q_9_load = load i6 %odd_q_9_addr" [awn_int8.cpp:234]   --->   Operation 96 'load' 'odd_q_9_load' <Predicate = (!icmp_ln232)> <Delay = 0.67> <CoreInst = "RAM">   --->   Core 83 'RAM' <Latency = 1> <II = 1> <Delay = 0.67> <Storage> <Opcode : 'load' 'store'> <Ports = 2> <Width = 8> <Depth = 64> <RAM>
ST_1 : Operation 97 [2/2] (0.67ns)   --->   "%odd_q_10_load = load i6 %odd_q_10_addr" [awn_int8.cpp:234]   --->   Operation 97 'load' 'odd_q_10_load' <Predicate = (!icmp_ln232)> <Delay = 0.67> <CoreInst = "RAM">   --->   Core 83 'RAM' <Latency = 1> <II = 1> <Delay = 0.67> <Storage> <Opcode : 'load' 'store'> <Ports = 2> <Width = 8> <Depth = 64> <RAM>
ST_1 : Operation 98 [2/2] (0.67ns)   --->   "%odd_q_11_load = load i6 %odd_q_11_addr" [awn_int8.cpp:234]   --->   Operation 98 'load' 'odd_q_11_load' <Predicate = (!icmp_ln232)> <Delay = 0.67> <CoreInst = "RAM">   --->   Core 83 'RAM' <Latency = 1> <II = 1> <Delay = 0.67> <Storage> <Opcode : 'load' 'store'> <Ports = 2> <Width = 8> <Depth = 64> <RAM>
ST_1 : Operation 99 [2/2] (0.67ns)   --->   "%odd_q_12_load = load i6 %odd_q_12_addr" [awn_int8.cpp:234]   --->   Operation 99 'load' 'odd_q_12_load' <Predicate = (!icmp_ln232)> <Delay = 0.67> <CoreInst = "RAM">   --->   Core 83 'RAM' <Latency = 1> <II = 1> <Delay = 0.67> <Storage> <Opcode : 'load' 'store'> <Ports = 2> <Width = 8> <Depth = 64> <RAM>
ST_1 : Operation 100 [2/2] (0.67ns)   --->   "%odd_q_13_load = load i6 %odd_q_13_addr" [awn_int8.cpp:234]   --->   Operation 100 'load' 'odd_q_13_load' <Predicate = (!icmp_ln232)> <Delay = 0.67> <CoreInst = "RAM">   --->   Core 83 'RAM' <Latency = 1> <II = 1> <Delay = 0.67> <Storage> <Opcode : 'load' 'store'> <Ports = 2> <Width = 8> <Depth = 64> <RAM>
ST_1 : Operation 101 [2/2] (0.67ns)   --->   "%odd_q_14_load = load i6 %odd_q_14_addr" [awn_int8.cpp:234]   --->   Operation 101 'load' 'odd_q_14_load' <Predicate = (!icmp_ln232)> <Delay = 0.67> <CoreInst = "RAM">   --->   Core 83 'RAM' <Latency = 1> <II = 1> <Delay = 0.67> <Storage> <Opcode : 'load' 'store'> <Ports = 2> <Width = 8> <Depth = 64> <RAM>
ST_1 : Operation 102 [2/2] (0.67ns)   --->   "%odd_q_15_load = load i6 %odd_q_15_addr" [awn_int8.cpp:234]   --->   Operation 102 'load' 'odd_q_15_load' <Predicate = (!icmp_ln232)> <Delay = 0.67> <CoreInst = "RAM">   --->   Core 83 'RAM' <Latency = 1> <II = 1> <Delay = 0.67> <Storage> <Opcode : 'load' 'store'> <Ports = 2> <Width = 8> <Depth = 64> <RAM>
ST_1 : Operation 103 [2/2] (0.67ns)   --->   "%odd_q_16_load = load i6 %odd_q_16_addr" [awn_int8.cpp:234]   --->   Operation 103 'load' 'odd_q_16_load' <Predicate = (!icmp_ln232)> <Delay = 0.67> <CoreInst = "RAM">   --->   Core 83 'RAM' <Latency = 1> <II = 1> <Delay = 0.67> <Storage> <Opcode : 'load' 'store'> <Ports = 2> <Width = 8> <Depth = 64> <RAM>
ST_1 : Operation 104 [2/2] (0.67ns)   --->   "%odd_q_17_load = load i6 %odd_q_17_addr" [awn_int8.cpp:234]   --->   Operation 104 'load' 'odd_q_17_load' <Predicate = (!icmp_ln232)> <Delay = 0.67> <CoreInst = "RAM">   --->   Core 83 'RAM' <Latency = 1> <II = 1> <Delay = 0.67> <Storage> <Opcode : 'load' 'store'> <Ports = 2> <Width = 8> <Depth = 64> <RAM>
ST_1 : Operation 105 [2/2] (0.67ns)   --->   "%odd_q_18_load = load i6 %odd_q_18_addr" [awn_int8.cpp:234]   --->   Operation 105 'load' 'odd_q_18_load' <Predicate = (!icmp_ln232)> <Delay = 0.67> <CoreInst = "RAM">   --->   Core 83 'RAM' <Latency = 1> <II = 1> <Delay = 0.67> <Storage> <Opcode : 'load' 'store'> <Ports = 2> <Width = 8> <Depth = 64> <RAM>
ST_1 : Operation 106 [2/2] (0.67ns)   --->   "%odd_q_19_load = load i6 %odd_q_19_addr" [awn_int8.cpp:234]   --->   Operation 106 'load' 'odd_q_19_load' <Predicate = (!icmp_ln232)> <Delay = 0.67> <CoreInst = "RAM">   --->   Core 83 'RAM' <Latency = 1> <II = 1> <Delay = 0.67> <Storage> <Opcode : 'load' 'store'> <Ports = 2> <Width = 8> <Depth = 64> <RAM>
ST_1 : Operation 107 [2/2] (0.67ns)   --->   "%odd_q_20_load = load i6 %odd_q_20_addr" [awn_int8.cpp:234]   --->   Operation 107 'load' 'odd_q_20_load' <Predicate = (!icmp_ln232)> <Delay = 0.67> <CoreInst = "RAM">   --->   Core 83 'RAM' <Latency = 1> <II = 1> <Delay = 0.67> <Storage> <Opcode : 'load' 'store'> <Ports = 2> <Width = 8> <Depth = 64> <RAM>
ST_1 : Operation 108 [2/2] (0.67ns)   --->   "%odd_q_21_load = load i6 %odd_q_21_addr" [awn_int8.cpp:234]   --->   Operation 108 'load' 'odd_q_21_load' <Predicate = (!icmp_ln232)> <Delay = 0.67> <CoreInst = "RAM">   --->   Core 83 'RAM' <Latency = 1> <II = 1> <Delay = 0.67> <Storage> <Opcode : 'load' 'store'> <Ports = 2> <Width = 8> <Depth = 64> <RAM>
ST_1 : Operation 109 [2/2] (0.67ns)   --->   "%odd_q_22_load = load i6 %odd_q_22_addr" [awn_int8.cpp:234]   --->   Operation 109 'load' 'odd_q_22_load' <Predicate = (!icmp_ln232)> <Delay = 0.67> <CoreInst = "RAM">   --->   Core 83 'RAM' <Latency = 1> <II = 1> <Delay = 0.67> <Storage> <Opcode : 'load' 'store'> <Ports = 2> <Width = 8> <Depth = 64> <RAM>
ST_1 : Operation 110 [2/2] (0.67ns)   --->   "%odd_q_23_load = load i6 %odd_q_23_addr" [awn_int8.cpp:234]   --->   Operation 110 'load' 'odd_q_23_load' <Predicate = (!icmp_ln232)> <Delay = 0.67> <CoreInst = "RAM">   --->   Core 83 'RAM' <Latency = 1> <II = 1> <Delay = 0.67> <Storage> <Opcode : 'load' 'store'> <Ports = 2> <Width = 8> <Depth = 64> <RAM>
ST_1 : Operation 111 [2/2] (0.67ns)   --->   "%odd_q_24_load = load i6 %odd_q_24_addr" [awn_int8.cpp:234]   --->   Operation 111 'load' 'odd_q_24_load' <Predicate = (!icmp_ln232)> <Delay = 0.67> <CoreInst = "RAM">   --->   Core 83 'RAM' <Latency = 1> <II = 1> <Delay = 0.67> <Storage> <Opcode : 'load' 'store'> <Ports = 2> <Width = 8> <Depth = 64> <RAM>
ST_1 : Operation 112 [2/2] (0.67ns)   --->   "%odd_q_25_load = load i6 %odd_q_25_addr" [awn_int8.cpp:234]   --->   Operation 112 'load' 'odd_q_25_load' <Predicate = (!icmp_ln232)> <Delay = 0.67> <CoreInst = "RAM">   --->   Core 83 'RAM' <Latency = 1> <II = 1> <Delay = 0.67> <Storage> <Opcode : 'load' 'store'> <Ports = 2> <Width = 8> <Depth = 64> <RAM>
ST_1 : Operation 113 [2/2] (0.67ns)   --->   "%odd_q_26_load = load i6 %odd_q_26_addr" [awn_int8.cpp:234]   --->   Operation 113 'load' 'odd_q_26_load' <Predicate = (!icmp_ln232)> <Delay = 0.67> <CoreInst = "RAM">   --->   Core 83 'RAM' <Latency = 1> <II = 1> <Delay = 0.67> <Storage> <Opcode : 'load' 'store'> <Ports = 2> <Width = 8> <Depth = 64> <RAM>
ST_1 : Operation 114 [2/2] (0.67ns)   --->   "%odd_q_27_load = load i6 %odd_q_27_addr" [awn_int8.cpp:234]   --->   Operation 114 'load' 'odd_q_27_load' <Predicate = (!icmp_ln232)> <Delay = 0.67> <CoreInst = "RAM">   --->   Core 83 'RAM' <Latency = 1> <II = 1> <Delay = 0.67> <Storage> <Opcode : 'load' 'store'> <Ports = 2> <Width = 8> <Depth = 64> <RAM>
ST_1 : Operation 115 [2/2] (0.67ns)   --->   "%odd_q_28_load = load i6 %odd_q_28_addr" [awn_int8.cpp:234]   --->   Operation 115 'load' 'odd_q_28_load' <Predicate = (!icmp_ln232)> <Delay = 0.67> <CoreInst = "RAM">   --->   Core 83 'RAM' <Latency = 1> <II = 1> <Delay = 0.67> <Storage> <Opcode : 'load' 'store'> <Ports = 2> <Width = 8> <Depth = 64> <RAM>
ST_1 : Operation 116 [2/2] (0.67ns)   --->   "%odd_q_29_load = load i6 %odd_q_29_addr" [awn_int8.cpp:234]   --->   Operation 116 'load' 'odd_q_29_load' <Predicate = (!icmp_ln232)> <Delay = 0.67> <CoreInst = "RAM">   --->   Core 83 'RAM' <Latency = 1> <II = 1> <Delay = 0.67> <Storage> <Opcode : 'load' 'store'> <Ports = 2> <Width = 8> <Depth = 64> <RAM>
ST_1 : Operation 117 [2/2] (0.67ns)   --->   "%odd_q_30_load = load i6 %odd_q_30_addr" [awn_int8.cpp:234]   --->   Operation 117 'load' 'odd_q_30_load' <Predicate = (!icmp_ln232)> <Delay = 0.67> <CoreInst = "RAM">   --->   Core 83 'RAM' <Latency = 1> <II = 1> <Delay = 0.67> <Storage> <Opcode : 'load' 'store'> <Ports = 2> <Width = 8> <Depth = 64> <RAM>
ST_1 : Operation 118 [2/2] (0.67ns)   --->   "%odd_q_31_load = load i6 %odd_q_31_addr" [awn_int8.cpp:234]   --->   Operation 118 'load' 'odd_q_31_load' <Predicate = (!icmp_ln232)> <Delay = 0.67> <CoreInst = "RAM">   --->   Core 83 'RAM' <Latency = 1> <II = 1> <Delay = 0.67> <Storage> <Opcode : 'load' 'store'> <Ports = 2> <Width = 8> <Depth = 64> <RAM>
ST_1 : Operation 119 [2/2] (0.67ns)   --->   "%odd_q_32_load = load i6 %odd_q_32_addr" [awn_int8.cpp:234]   --->   Operation 119 'load' 'odd_q_32_load' <Predicate = (!icmp_ln232)> <Delay = 0.67> <CoreInst = "RAM">   --->   Core 83 'RAM' <Latency = 1> <II = 1> <Delay = 0.67> <Storage> <Opcode : 'load' 'store'> <Ports = 2> <Width = 8> <Depth = 64> <RAM>
ST_1 : Operation 120 [2/2] (0.67ns)   --->   "%odd_q_33_load = load i6 %odd_q_33_addr" [awn_int8.cpp:234]   --->   Operation 120 'load' 'odd_q_33_load' <Predicate = (!icmp_ln232)> <Delay = 0.67> <CoreInst = "RAM">   --->   Core 83 'RAM' <Latency = 1> <II = 1> <Delay = 0.67> <Storage> <Opcode : 'load' 'store'> <Ports = 2> <Width = 8> <Depth = 64> <RAM>
ST_1 : Operation 121 [2/2] (0.67ns)   --->   "%odd_q_34_load = load i6 %odd_q_34_addr" [awn_int8.cpp:234]   --->   Operation 121 'load' 'odd_q_34_load' <Predicate = (!icmp_ln232)> <Delay = 0.67> <CoreInst = "RAM">   --->   Core 83 'RAM' <Latency = 1> <II = 1> <Delay = 0.67> <Storage> <Opcode : 'load' 'store'> <Ports = 2> <Width = 8> <Depth = 64> <RAM>
ST_1 : Operation 122 [2/2] (0.67ns)   --->   "%odd_q_35_load = load i6 %odd_q_35_addr" [awn_int8.cpp:234]   --->   Operation 122 'load' 'odd_q_35_load' <Predicate = (!icmp_ln232)> <Delay = 0.67> <CoreInst = "RAM">   --->   Core 83 'RAM' <Latency = 1> <II = 1> <Delay = 0.67> <Storage> <Opcode : 'load' 'store'> <Ports = 2> <Width = 8> <Depth = 64> <RAM>
ST_1 : Operation 123 [2/2] (0.67ns)   --->   "%odd_q_36_load = load i6 %odd_q_36_addr" [awn_int8.cpp:234]   --->   Operation 123 'load' 'odd_q_36_load' <Predicate = (!icmp_ln232)> <Delay = 0.67> <CoreInst = "RAM">   --->   Core 83 'RAM' <Latency = 1> <II = 1> <Delay = 0.67> <Storage> <Opcode : 'load' 'store'> <Ports = 2> <Width = 8> <Depth = 64> <RAM>
ST_1 : Operation 124 [2/2] (0.67ns)   --->   "%odd_q_37_load = load i6 %odd_q_37_addr" [awn_int8.cpp:234]   --->   Operation 124 'load' 'odd_q_37_load' <Predicate = (!icmp_ln232)> <Delay = 0.67> <CoreInst = "RAM">   --->   Core 83 'RAM' <Latency = 1> <II = 1> <Delay = 0.67> <Storage> <Opcode : 'load' 'store'> <Ports = 2> <Width = 8> <Depth = 64> <RAM>
ST_1 : Operation 125 [2/2] (0.67ns)   --->   "%odd_q_38_load = load i6 %odd_q_38_addr" [awn_int8.cpp:234]   --->   Operation 125 'load' 'odd_q_38_load' <Predicate = (!icmp_ln232)> <Delay = 0.67> <CoreInst = "RAM">   --->   Core 83 'RAM' <Latency = 1> <II = 1> <Delay = 0.67> <Storage> <Opcode : 'load' 'store'> <Ports = 2> <Width = 8> <Depth = 64> <RAM>
ST_1 : Operation 126 [2/2] (0.67ns)   --->   "%odd_q_39_load = load i6 %odd_q_39_addr" [awn_int8.cpp:234]   --->   Operation 126 'load' 'odd_q_39_load' <Predicate = (!icmp_ln232)> <Delay = 0.67> <CoreInst = "RAM">   --->   Core 83 'RAM' <Latency = 1> <II = 1> <Delay = 0.67> <Storage> <Opcode : 'load' 'store'> <Ports = 2> <Width = 8> <Depth = 64> <RAM>
ST_1 : Operation 127 [2/2] (0.67ns)   --->   "%odd_q_40_load = load i6 %odd_q_40_addr" [awn_int8.cpp:234]   --->   Operation 127 'load' 'odd_q_40_load' <Predicate = (!icmp_ln232)> <Delay = 0.67> <CoreInst = "RAM">   --->   Core 83 'RAM' <Latency = 1> <II = 1> <Delay = 0.67> <Storage> <Opcode : 'load' 'store'> <Ports = 2> <Width = 8> <Depth = 64> <RAM>
ST_1 : Operation 128 [2/2] (0.67ns)   --->   "%odd_q_41_load = load i6 %odd_q_41_addr" [awn_int8.cpp:234]   --->   Operation 128 'load' 'odd_q_41_load' <Predicate = (!icmp_ln232)> <Delay = 0.67> <CoreInst = "RAM">   --->   Core 83 'RAM' <Latency = 1> <II = 1> <Delay = 0.67> <Storage> <Opcode : 'load' 'store'> <Ports = 2> <Width = 8> <Depth = 64> <RAM>
ST_1 : Operation 129 [2/2] (0.67ns)   --->   "%odd_q_42_load = load i6 %odd_q_42_addr" [awn_int8.cpp:234]   --->   Operation 129 'load' 'odd_q_42_load' <Predicate = (!icmp_ln232)> <Delay = 0.67> <CoreInst = "RAM">   --->   Core 83 'RAM' <Latency = 1> <II = 1> <Delay = 0.67> <Storage> <Opcode : 'load' 'store'> <Ports = 2> <Width = 8> <Depth = 64> <RAM>
ST_1 : Operation 130 [2/2] (0.67ns)   --->   "%odd_q_43_load = load i6 %odd_q_43_addr" [awn_int8.cpp:234]   --->   Operation 130 'load' 'odd_q_43_load' <Predicate = (!icmp_ln232)> <Delay = 0.67> <CoreInst = "RAM">   --->   Core 83 'RAM' <Latency = 1> <II = 1> <Delay = 0.67> <Storage> <Opcode : 'load' 'store'> <Ports = 2> <Width = 8> <Depth = 64> <RAM>
ST_1 : Operation 131 [2/2] (0.67ns)   --->   "%odd_q_44_load = load i6 %odd_q_44_addr" [awn_int8.cpp:234]   --->   Operation 131 'load' 'odd_q_44_load' <Predicate = (!icmp_ln232)> <Delay = 0.67> <CoreInst = "RAM">   --->   Core 83 'RAM' <Latency = 1> <II = 1> <Delay = 0.67> <Storage> <Opcode : 'load' 'store'> <Ports = 2> <Width = 8> <Depth = 64> <RAM>
ST_1 : Operation 132 [2/2] (0.67ns)   --->   "%odd_q_45_load = load i6 %odd_q_45_addr" [awn_int8.cpp:234]   --->   Operation 132 'load' 'odd_q_45_load' <Predicate = (!icmp_ln232)> <Delay = 0.67> <CoreInst = "RAM">   --->   Core 83 'RAM' <Latency = 1> <II = 1> <Delay = 0.67> <Storage> <Opcode : 'load' 'store'> <Ports = 2> <Width = 8> <Depth = 64> <RAM>
ST_1 : Operation 133 [2/2] (0.67ns)   --->   "%odd_q_46_load = load i6 %odd_q_46_addr" [awn_int8.cpp:234]   --->   Operation 133 'load' 'odd_q_46_load' <Predicate = (!icmp_ln232)> <Delay = 0.67> <CoreInst = "RAM">   --->   Core 83 'RAM' <Latency = 1> <II = 1> <Delay = 0.67> <Storage> <Opcode : 'load' 'store'> <Ports = 2> <Width = 8> <Depth = 64> <RAM>
ST_1 : Operation 134 [2/2] (0.67ns)   --->   "%odd_q_47_load = load i6 %odd_q_47_addr" [awn_int8.cpp:234]   --->   Operation 134 'load' 'odd_q_47_load' <Predicate = (!icmp_ln232)> <Delay = 0.67> <CoreInst = "RAM">   --->   Core 83 'RAM' <Latency = 1> <II = 1> <Delay = 0.67> <Storage> <Opcode : 'load' 'store'> <Ports = 2> <Width = 8> <Depth = 64> <RAM>
ST_1 : Operation 135 [2/2] (0.67ns)   --->   "%odd_q_48_load = load i6 %odd_q_48_addr" [awn_int8.cpp:234]   --->   Operation 135 'load' 'odd_q_48_load' <Predicate = (!icmp_ln232)> <Delay = 0.67> <CoreInst = "RAM">   --->   Core 83 'RAM' <Latency = 1> <II = 1> <Delay = 0.67> <Storage> <Opcode : 'load' 'store'> <Ports = 2> <Width = 8> <Depth = 64> <RAM>
ST_1 : Operation 136 [2/2] (0.67ns)   --->   "%odd_q_49_load = load i6 %odd_q_49_addr" [awn_int8.cpp:234]   --->   Operation 136 'load' 'odd_q_49_load' <Predicate = (!icmp_ln232)> <Delay = 0.67> <CoreInst = "RAM">   --->   Core 83 'RAM' <Latency = 1> <II = 1> <Delay = 0.67> <Storage> <Opcode : 'load' 'store'> <Ports = 2> <Width = 8> <Depth = 64> <RAM>
ST_1 : Operation 137 [2/2] (0.67ns)   --->   "%odd_q_50_load = load i6 %odd_q_50_addr" [awn_int8.cpp:234]   --->   Operation 137 'load' 'odd_q_50_load' <Predicate = (!icmp_ln232)> <Delay = 0.67> <CoreInst = "RAM">   --->   Core 83 'RAM' <Latency = 1> <II = 1> <Delay = 0.67> <Storage> <Opcode : 'load' 'store'> <Ports = 2> <Width = 8> <Depth = 64> <RAM>
ST_1 : Operation 138 [2/2] (0.67ns)   --->   "%odd_q_51_load = load i6 %odd_q_51_addr" [awn_int8.cpp:234]   --->   Operation 138 'load' 'odd_q_51_load' <Predicate = (!icmp_ln232)> <Delay = 0.67> <CoreInst = "RAM">   --->   Core 83 'RAM' <Latency = 1> <II = 1> <Delay = 0.67> <Storage> <Opcode : 'load' 'store'> <Ports = 2> <Width = 8> <Depth = 64> <RAM>
ST_1 : Operation 139 [2/2] (0.67ns)   --->   "%odd_q_52_load = load i6 %odd_q_52_addr" [awn_int8.cpp:234]   --->   Operation 139 'load' 'odd_q_52_load' <Predicate = (!icmp_ln232)> <Delay = 0.67> <CoreInst = "RAM">   --->   Core 83 'RAM' <Latency = 1> <II = 1> <Delay = 0.67> <Storage> <Opcode : 'load' 'store'> <Ports = 2> <Width = 8> <Depth = 64> <RAM>
ST_1 : Operation 140 [2/2] (0.67ns)   --->   "%odd_q_53_load = load i6 %odd_q_53_addr" [awn_int8.cpp:234]   --->   Operation 140 'load' 'odd_q_53_load' <Predicate = (!icmp_ln232)> <Delay = 0.67> <CoreInst = "RAM">   --->   Core 83 'RAM' <Latency = 1> <II = 1> <Delay = 0.67> <Storage> <Opcode : 'load' 'store'> <Ports = 2> <Width = 8> <Depth = 64> <RAM>
ST_1 : Operation 141 [2/2] (0.67ns)   --->   "%odd_q_54_load = load i6 %odd_q_54_addr" [awn_int8.cpp:234]   --->   Operation 141 'load' 'odd_q_54_load' <Predicate = (!icmp_ln232)> <Delay = 0.67> <CoreInst = "RAM">   --->   Core 83 'RAM' <Latency = 1> <II = 1> <Delay = 0.67> <Storage> <Opcode : 'load' 'store'> <Ports = 2> <Width = 8> <Depth = 64> <RAM>
ST_1 : Operation 142 [2/2] (0.67ns)   --->   "%odd_q_55_load = load i6 %odd_q_55_addr" [awn_int8.cpp:234]   --->   Operation 142 'load' 'odd_q_55_load' <Predicate = (!icmp_ln232)> <Delay = 0.67> <CoreInst = "RAM">   --->   Core 83 'RAM' <Latency = 1> <II = 1> <Delay = 0.67> <Storage> <Opcode : 'load' 'store'> <Ports = 2> <Width = 8> <Depth = 64> <RAM>
ST_1 : Operation 143 [2/2] (0.67ns)   --->   "%odd_q_56_load = load i6 %odd_q_56_addr" [awn_int8.cpp:234]   --->   Operation 143 'load' 'odd_q_56_load' <Predicate = (!icmp_ln232)> <Delay = 0.67> <CoreInst = "RAM">   --->   Core 83 'RAM' <Latency = 1> <II = 1> <Delay = 0.67> <Storage> <Opcode : 'load' 'store'> <Ports = 2> <Width = 8> <Depth = 64> <RAM>
ST_1 : Operation 144 [2/2] (0.67ns)   --->   "%odd_q_57_load = load i6 %odd_q_57_addr" [awn_int8.cpp:234]   --->   Operation 144 'load' 'odd_q_57_load' <Predicate = (!icmp_ln232)> <Delay = 0.67> <CoreInst = "RAM">   --->   Core 83 'RAM' <Latency = 1> <II = 1> <Delay = 0.67> <Storage> <Opcode : 'load' 'store'> <Ports = 2> <Width = 8> <Depth = 64> <RAM>
ST_1 : Operation 145 [2/2] (0.67ns)   --->   "%odd_q_58_load = load i6 %odd_q_58_addr" [awn_int8.cpp:234]   --->   Operation 145 'load' 'odd_q_58_load' <Predicate = (!icmp_ln232)> <Delay = 0.67> <CoreInst = "RAM">   --->   Core 83 'RAM' <Latency = 1> <II = 1> <Delay = 0.67> <Storage> <Opcode : 'load' 'store'> <Ports = 2> <Width = 8> <Depth = 64> <RAM>
ST_1 : Operation 146 [2/2] (0.67ns)   --->   "%odd_q_59_load = load i6 %odd_q_59_addr" [awn_int8.cpp:234]   --->   Operation 146 'load' 'odd_q_59_load' <Predicate = (!icmp_ln232)> <Delay = 0.67> <CoreInst = "RAM">   --->   Core 83 'RAM' <Latency = 1> <II = 1> <Delay = 0.67> <Storage> <Opcode : 'load' 'store'> <Ports = 2> <Width = 8> <Depth = 64> <RAM>
ST_1 : Operation 147 [2/2] (0.67ns)   --->   "%odd_q_60_load = load i6 %odd_q_60_addr" [awn_int8.cpp:234]   --->   Operation 147 'load' 'odd_q_60_load' <Predicate = (!icmp_ln232)> <Delay = 0.67> <CoreInst = "RAM">   --->   Core 83 'RAM' <Latency = 1> <II = 1> <Delay = 0.67> <Storage> <Opcode : 'load' 'store'> <Ports = 2> <Width = 8> <Depth = 64> <RAM>
ST_1 : Operation 148 [2/2] (0.67ns)   --->   "%odd_q_61_load = load i6 %odd_q_61_addr" [awn_int8.cpp:234]   --->   Operation 148 'load' 'odd_q_61_load' <Predicate = (!icmp_ln232)> <Delay = 0.67> <CoreInst = "RAM">   --->   Core 83 'RAM' <Latency = 1> <II = 1> <Delay = 0.67> <Storage> <Opcode : 'load' 'store'> <Ports = 2> <Width = 8> <Depth = 64> <RAM>
ST_1 : Operation 149 [2/2] (0.67ns)   --->   "%odd_q_62_load = load i6 %odd_q_62_addr" [awn_int8.cpp:234]   --->   Operation 149 'load' 'odd_q_62_load' <Predicate = (!icmp_ln232)> <Delay = 0.67> <CoreInst = "RAM">   --->   Core 83 'RAM' <Latency = 1> <II = 1> <Delay = 0.67> <Storage> <Opcode : 'load' 'store'> <Ports = 2> <Width = 8> <Depth = 64> <RAM>
ST_1 : Operation 150 [2/2] (0.67ns)   --->   "%odd_q_63_load = load i6 %odd_q_63_addr" [awn_int8.cpp:234]   --->   Operation 150 'load' 'odd_q_63_load' <Predicate = (!icmp_ln232)> <Delay = 0.67> <CoreInst = "RAM">   --->   Core 83 'RAM' <Latency = 1> <II = 1> <Delay = 0.67> <Storage> <Opcode : 'load' 'store'> <Ports = 2> <Width = 8> <Depth = 64> <RAM>
ST_1 : Operation 151 [1/1] (0.74ns)   --->   "%switch_ln235 = switch i6 %trunc_ln233, void %arrayidx863.case.63, i6 0, void %arrayidx863.case.0, i6 1, void %arrayidx863.case.1, i6 2, void %arrayidx863.case.2, i6 3, void %arrayidx863.case.3, i6 4, void %arrayidx863.case.4, i6 5, void %arrayidx863.case.5, i6 6, void %arrayidx863.case.6, i6 7, void %arrayidx863.case.7, i6 8, void %arrayidx863.case.8, i6 9, void %arrayidx863.case.9, i6 10, void %arrayidx863.case.10, i6 11, void %arrayidx863.case.11, i6 12, void %arrayidx863.case.12, i6 13, void %arrayidx863.case.13, i6 14, void %arrayidx863.case.14, i6 15, void %arrayidx863.case.15, i6 16, void %arrayidx863.case.16, i6 17, void %arrayidx863.case.17, i6 18, void %arrayidx863.case.18, i6 19, void %arrayidx863.case.19, i6 20, void %arrayidx863.case.20, i6 21, void %arrayidx863.case.21, i6 22, void %arrayidx863.case.22, i6 23, void %arrayidx863.case.23, i6 24, void %arrayidx863.case.24, i6 25, void %arrayidx863.case.25, i6 26, void %arrayidx863.case.26, i6 27, void %arrayidx863.case.27, i6 28, void %arrayidx863.case.28, i6 29, void %arrayidx863.case.29, i6 30, void %arrayidx863.case.30, i6 31, void %arrayidx863.case.31, i6 32, void %arrayidx863.case.32, i6 33, void %arrayidx863.case.33, i6 34, void %arrayidx863.case.34, i6 35, void %arrayidx863.case.35, i6 36, void %arrayidx863.case.36, i6 37, void %arrayidx863.case.37, i6 38, void %arrayidx863.case.38, i6 39, void %arrayidx863.case.39, i6 40, void %arrayidx863.case.40, i6 41, void %arrayidx863.case.41, i6 42, void %arrayidx863.case.42, i6 43, void %arrayidx863.case.43, i6 44, void %arrayidx863.case.44, i6 45, void %arrayidx863.case.45, i6 46, void %arrayidx863.case.46, i6 47, void %arrayidx863.case.47, i6 48, void %arrayidx863.case.48, i6 49, void %arrayidx863.case.49, i6 50, void %arrayidx863.case.50, i6 51, void %arrayidx863.case.51, i6 52, void %arrayidx863.case.52, i6 53, void %arrayidx863.case.53, i6 54, void %arrayidx863.case.54, i6 55, void %arrayidx863.case.55, i6 56, void %arrayidx863.case.56, i6 57, void %arrayidx863.case.57, i6 58, void %arrayidx863.case.58, i6 59, void %arrayidx863.case.59, i6 60, void %arrayidx863.case.60, i6 61, void %arrayidx863.case.61, i6 62, void %arrayidx863.case.62" [awn_int8.cpp:235]   --->   Operation 151 'switch' 'switch_ln235' <Predicate = (!icmp_ln232)> <Delay = 0.74>
ST_1 : Operation 152 [1/1] (0.77ns)   --->   "%add_ln233 = add i7 %select_ln232, i7 1" [awn_int8.cpp:233]   --->   Operation 152 'add' 'add_ln233' <Predicate = (!icmp_ln232)> <Delay = 0.77> <CoreInst = "Adder">   --->   Core 1 'Adder' <Latency = 0> <II = 1> <Delay = 0.77> <FuncUnit> <Opcode : 'add' 'sub'> <InPorts = 2> <OutPorts = 1>
ST_1 : Operation 153 [1/1] (0.42ns)   --->   "%store_ln232 = store i13 %add_ln232_1, i13 %indvar_flatten13" [awn_int8.cpp:232]   --->   Operation 153 'store' 'store_ln232' <Predicate = (!icmp_ln232)> <Delay = 0.42>
ST_1 : Operation 154 [1/1] (0.42ns)   --->   "%store_ln233 = store i7 %add_ln233, i7 %t" [awn_int8.cpp:233]   --->   Operation 154 'store' 'store_ln233' <Predicate = (!icmp_ln232)> <Delay = 0.42>

State 2 <SV = 1> <Delay = 3.17>
ST_2 : Operation 155 [1/1] (0.00ns)   --->   "%ch_load = load i7 %ch" [awn_int8.cpp:232]   --->   Operation 155 'load' 'ch_load' <Predicate = true> <Delay = 0.00>
ST_2 : Operation 156 [1/1] (0.77ns)   --->   "%add_ln232 = add i7 %ch_load, i7 1" [awn_int8.cpp:232]   --->   Operation 156 'add' 'add_ln232' <Predicate = (icmp_ln233)> <Delay = 0.77> <CoreInst = "Adder">   --->   Core 1 'Adder' <Latency = 0> <II = 1> <Delay = 0.77> <FuncUnit> <Opcode : 'add' 'sub'> <InPorts = 2> <OutPorts = 1>
ST_2 : Operation 157 [1/1] (0.36ns)   --->   "%select_ln232_1 = select i1 %icmp_ln233, i7 %add_ln232, i7 %ch_load" [awn_int8.cpp:232]   --->   Operation 157 'select' 'select_ln232_1' <Predicate = true> <Delay = 0.36> <CoreInst = "Sel">   --->   Core 73 'Sel' <Latency = 0> <II = 1> <Delay = 0.36> <FuncUnit> <Opcode : 'select'> <InPorts = 3> <OutPorts = 1>
ST_2 : Operation 158 [1/1] (0.00ns)   --->   "%trunc_ln232 = trunc i7 %select_ln232_1" [awn_int8.cpp:232]   --->   Operation 158 'trunc' 'trunc_ln232' <Predicate = true> <Delay = 0.00>
ST_2 : Operation 159 [1/1] (0.00ns)   --->   "%tmp_255 = bitconcatenate i12 @_ssdm_op_BitConcatenate.i12.i6.i6, i6 %trunc_ln232, i6 0" [awn_int8.cpp:235]   --->   Operation 159 'bitconcatenate' 'tmp_255' <Predicate = true> <Delay = 0.00>
ST_2 : Operation 160 [1/1] (0.00ns)   --->   "%zext_ln235_1 = zext i7 %select_ln232" [awn_int8.cpp:235]   --->   Operation 160 'zext' 'zext_ln235_1' <Predicate = true> <Delay = 0.00>
ST_2 : Operation 161 [1/1] (0.80ns)   --->   "%add_ln235 = add i12 %tmp_255, i12 %zext_ln235_1" [awn_int8.cpp:235]   --->   Operation 161 'add' 'add_ln235' <Predicate = true> <Delay = 0.80> <CoreInst = "Adder">   --->   Core 1 'Adder' <Latency = 0> <II = 1> <Delay = 0.80> <FuncUnit> <Opcode : 'add' 'sub'> <InPorts = 2> <OutPorts = 1>
ST_2 : Operation 162 [1/1] (0.00ns)   --->   "%zext_ln235_2 = zext i12 %add_ln235" [awn_int8.cpp:235]   --->   Operation 162 'zext' 'zext_ln235_2' <Predicate = true> <Delay = 0.00>
ST_2 : Operation 163 [1/1] (0.00ns)   --->   "%p_tanh_addr = getelementptr i1 %p_tanh, i64 0, i64 %zext_ln235_2" [awn_int8.cpp:235]   --->   Operation 163 'getelementptr' 'p_tanh_addr' <Predicate = true> <Delay = 0.00>
ST_2 : Operation 164 [1/2] (0.67ns)   --->   "%odd_q_load = load i6 %odd_q_addr" [awn_int8.cpp:234]   --->   Operation 164 'load' 'odd_q_load' <Predicate = true> <Delay = 0.67> <CoreInst = "RAM">   --->   Core 83 'RAM' <Latency = 1> <II = 1> <Delay = 0.67> <Storage> <Opcode : 'load' 'store'> <Ports = 2> <Width = 8> <Depth = 64> <RAM>
ST_2 : Operation 165 [1/2] (0.67ns)   --->   "%odd_q_1_load = load i6 %odd_q_1_addr" [awn_int8.cpp:234]   --->   Operation 165 'load' 'odd_q_1_load' <Predicate = true> <Delay = 0.67> <CoreInst = "RAM">   --->   Core 83 'RAM' <Latency = 1> <II = 1> <Delay = 0.67> <Storage> <Opcode : 'load' 'store'> <Ports = 2> <Width = 8> <Depth = 64> <RAM>
ST_2 : Operation 166 [1/2] (0.67ns)   --->   "%odd_q_2_load = load i6 %odd_q_2_addr" [awn_int8.cpp:234]   --->   Operation 166 'load' 'odd_q_2_load' <Predicate = true> <Delay = 0.67> <CoreInst = "RAM">   --->   Core 83 'RAM' <Latency = 1> <II = 1> <Delay = 0.67> <Storage> <Opcode : 'load' 'store'> <Ports = 2> <Width = 8> <Depth = 64> <RAM>
ST_2 : Operation 167 [1/2] (0.67ns)   --->   "%odd_q_3_load = load i6 %odd_q_3_addr" [awn_int8.cpp:234]   --->   Operation 167 'load' 'odd_q_3_load' <Predicate = true> <Delay = 0.67> <CoreInst = "RAM">   --->   Core 83 'RAM' <Latency = 1> <II = 1> <Delay = 0.67> <Storage> <Opcode : 'load' 'store'> <Ports = 2> <Width = 8> <Depth = 64> <RAM>
ST_2 : Operation 168 [1/2] (0.67ns)   --->   "%odd_q_4_load = load i6 %odd_q_4_addr" [awn_int8.cpp:234]   --->   Operation 168 'load' 'odd_q_4_load' <Predicate = true> <Delay = 0.67> <CoreInst = "RAM">   --->   Core 83 'RAM' <Latency = 1> <II = 1> <Delay = 0.67> <Storage> <Opcode : 'load' 'store'> <Ports = 2> <Width = 8> <Depth = 64> <RAM>
ST_2 : Operation 169 [1/2] (0.67ns)   --->   "%odd_q_5_load = load i6 %odd_q_5_addr" [awn_int8.cpp:234]   --->   Operation 169 'load' 'odd_q_5_load' <Predicate = true> <Delay = 0.67> <CoreInst = "RAM">   --->   Core 83 'RAM' <Latency = 1> <II = 1> <Delay = 0.67> <Storage> <Opcode : 'load' 'store'> <Ports = 2> <Width = 8> <Depth = 64> <RAM>
ST_2 : Operation 170 [1/2] (0.67ns)   --->   "%odd_q_6_load = load i6 %odd_q_6_addr" [awn_int8.cpp:234]   --->   Operation 170 'load' 'odd_q_6_load' <Predicate = true> <Delay = 0.67> <CoreInst = "RAM">   --->   Core 83 'RAM' <Latency = 1> <II = 1> <Delay = 0.67> <Storage> <Opcode : 'load' 'store'> <Ports = 2> <Width = 8> <Depth = 64> <RAM>
ST_2 : Operation 171 [1/2] (0.67ns)   --->   "%odd_q_7_load = load i6 %odd_q_7_addr" [awn_int8.cpp:234]   --->   Operation 171 'load' 'odd_q_7_load' <Predicate = true> <Delay = 0.67> <CoreInst = "RAM">   --->   Core 83 'RAM' <Latency = 1> <II = 1> <Delay = 0.67> <Storage> <Opcode : 'load' 'store'> <Ports = 2> <Width = 8> <Depth = 64> <RAM>
ST_2 : Operation 172 [1/2] (0.67ns)   --->   "%odd_q_8_load = load i6 %odd_q_8_addr" [awn_int8.cpp:234]   --->   Operation 172 'load' 'odd_q_8_load' <Predicate = true> <Delay = 0.67> <CoreInst = "RAM">   --->   Core 83 'RAM' <Latency = 1> <II = 1> <Delay = 0.67> <Storage> <Opcode : 'load' 'store'> <Ports = 2> <Width = 8> <Depth = 64> <RAM>
ST_2 : Operation 173 [1/2] (0.67ns)   --->   "%odd_q_9_load = load i6 %odd_q_9_addr" [awn_int8.cpp:234]   --->   Operation 173 'load' 'odd_q_9_load' <Predicate = true> <Delay = 0.67> <CoreInst = "RAM">   --->   Core 83 'RAM' <Latency = 1> <II = 1> <Delay = 0.67> <Storage> <Opcode : 'load' 'store'> <Ports = 2> <Width = 8> <Depth = 64> <RAM>
ST_2 : Operation 174 [1/2] (0.67ns)   --->   "%odd_q_10_load = load i6 %odd_q_10_addr" [awn_int8.cpp:234]   --->   Operation 174 'load' 'odd_q_10_load' <Predicate = true> <Delay = 0.67> <CoreInst = "RAM">   --->   Core 83 'RAM' <Latency = 1> <II = 1> <Delay = 0.67> <Storage> <Opcode : 'load' 'store'> <Ports = 2> <Width = 8> <Depth = 64> <RAM>
ST_2 : Operation 175 [1/2] (0.67ns)   --->   "%odd_q_11_load = load i6 %odd_q_11_addr" [awn_int8.cpp:234]   --->   Operation 175 'load' 'odd_q_11_load' <Predicate = true> <Delay = 0.67> <CoreInst = "RAM">   --->   Core 83 'RAM' <Latency = 1> <II = 1> <Delay = 0.67> <Storage> <Opcode : 'load' 'store'> <Ports = 2> <Width = 8> <Depth = 64> <RAM>
ST_2 : Operation 176 [1/2] (0.67ns)   --->   "%odd_q_12_load = load i6 %odd_q_12_addr" [awn_int8.cpp:234]   --->   Operation 176 'load' 'odd_q_12_load' <Predicate = true> <Delay = 0.67> <CoreInst = "RAM">   --->   Core 83 'RAM' <Latency = 1> <II = 1> <Delay = 0.67> <Storage> <Opcode : 'load' 'store'> <Ports = 2> <Width = 8> <Depth = 64> <RAM>
ST_2 : Operation 177 [1/2] (0.67ns)   --->   "%odd_q_13_load = load i6 %odd_q_13_addr" [awn_int8.cpp:234]   --->   Operation 177 'load' 'odd_q_13_load' <Predicate = true> <Delay = 0.67> <CoreInst = "RAM">   --->   Core 83 'RAM' <Latency = 1> <II = 1> <Delay = 0.67> <Storage> <Opcode : 'load' 'store'> <Ports = 2> <Width = 8> <Depth = 64> <RAM>
ST_2 : Operation 178 [1/2] (0.67ns)   --->   "%odd_q_14_load = load i6 %odd_q_14_addr" [awn_int8.cpp:234]   --->   Operation 178 'load' 'odd_q_14_load' <Predicate = true> <Delay = 0.67> <CoreInst = "RAM">   --->   Core 83 'RAM' <Latency = 1> <II = 1> <Delay = 0.67> <Storage> <Opcode : 'load' 'store'> <Ports = 2> <Width = 8> <Depth = 64> <RAM>
ST_2 : Operation 179 [1/2] (0.67ns)   --->   "%odd_q_15_load = load i6 %odd_q_15_addr" [awn_int8.cpp:234]   --->   Operation 179 'load' 'odd_q_15_load' <Predicate = true> <Delay = 0.67> <CoreInst = "RAM">   --->   Core 83 'RAM' <Latency = 1> <II = 1> <Delay = 0.67> <Storage> <Opcode : 'load' 'store'> <Ports = 2> <Width = 8> <Depth = 64> <RAM>
ST_2 : Operation 180 [1/2] (0.67ns)   --->   "%odd_q_16_load = load i6 %odd_q_16_addr" [awn_int8.cpp:234]   --->   Operation 180 'load' 'odd_q_16_load' <Predicate = true> <Delay = 0.67> <CoreInst = "RAM">   --->   Core 83 'RAM' <Latency = 1> <II = 1> <Delay = 0.67> <Storage> <Opcode : 'load' 'store'> <Ports = 2> <Width = 8> <Depth = 64> <RAM>
ST_2 : Operation 181 [1/2] (0.67ns)   --->   "%odd_q_17_load = load i6 %odd_q_17_addr" [awn_int8.cpp:234]   --->   Operation 181 'load' 'odd_q_17_load' <Predicate = true> <Delay = 0.67> <CoreInst = "RAM">   --->   Core 83 'RAM' <Latency = 1> <II = 1> <Delay = 0.67> <Storage> <Opcode : 'load' 'store'> <Ports = 2> <Width = 8> <Depth = 64> <RAM>
ST_2 : Operation 182 [1/2] (0.67ns)   --->   "%odd_q_18_load = load i6 %odd_q_18_addr" [awn_int8.cpp:234]   --->   Operation 182 'load' 'odd_q_18_load' <Predicate = true> <Delay = 0.67> <CoreInst = "RAM">   --->   Core 83 'RAM' <Latency = 1> <II = 1> <Delay = 0.67> <Storage> <Opcode : 'load' 'store'> <Ports = 2> <Width = 8> <Depth = 64> <RAM>
ST_2 : Operation 183 [1/2] (0.67ns)   --->   "%odd_q_19_load = load i6 %odd_q_19_addr" [awn_int8.cpp:234]   --->   Operation 183 'load' 'odd_q_19_load' <Predicate = true> <Delay = 0.67> <CoreInst = "RAM">   --->   Core 83 'RAM' <Latency = 1> <II = 1> <Delay = 0.67> <Storage> <Opcode : 'load' 'store'> <Ports = 2> <Width = 8> <Depth = 64> <RAM>
ST_2 : Operation 184 [1/2] (0.67ns)   --->   "%odd_q_20_load = load i6 %odd_q_20_addr" [awn_int8.cpp:234]   --->   Operation 184 'load' 'odd_q_20_load' <Predicate = true> <Delay = 0.67> <CoreInst = "RAM">   --->   Core 83 'RAM' <Latency = 1> <II = 1> <Delay = 0.67> <Storage> <Opcode : 'load' 'store'> <Ports = 2> <Width = 8> <Depth = 64> <RAM>
ST_2 : Operation 185 [1/2] (0.67ns)   --->   "%odd_q_21_load = load i6 %odd_q_21_addr" [awn_int8.cpp:234]   --->   Operation 185 'load' 'odd_q_21_load' <Predicate = true> <Delay = 0.67> <CoreInst = "RAM">   --->   Core 83 'RAM' <Latency = 1> <II = 1> <Delay = 0.67> <Storage> <Opcode : 'load' 'store'> <Ports = 2> <Width = 8> <Depth = 64> <RAM>
ST_2 : Operation 186 [1/2] (0.67ns)   --->   "%odd_q_22_load = load i6 %odd_q_22_addr" [awn_int8.cpp:234]   --->   Operation 186 'load' 'odd_q_22_load' <Predicate = true> <Delay = 0.67> <CoreInst = "RAM">   --->   Core 83 'RAM' <Latency = 1> <II = 1> <Delay = 0.67> <Storage> <Opcode : 'load' 'store'> <Ports = 2> <Width = 8> <Depth = 64> <RAM>
ST_2 : Operation 187 [1/2] (0.67ns)   --->   "%odd_q_23_load = load i6 %odd_q_23_addr" [awn_int8.cpp:234]   --->   Operation 187 'load' 'odd_q_23_load' <Predicate = true> <Delay = 0.67> <CoreInst = "RAM">   --->   Core 83 'RAM' <Latency = 1> <II = 1> <Delay = 0.67> <Storage> <Opcode : 'load' 'store'> <Ports = 2> <Width = 8> <Depth = 64> <RAM>
ST_2 : Operation 188 [1/2] (0.67ns)   --->   "%odd_q_24_load = load i6 %odd_q_24_addr" [awn_int8.cpp:234]   --->   Operation 188 'load' 'odd_q_24_load' <Predicate = true> <Delay = 0.67> <CoreInst = "RAM">   --->   Core 83 'RAM' <Latency = 1> <II = 1> <Delay = 0.67> <Storage> <Opcode : 'load' 'store'> <Ports = 2> <Width = 8> <Depth = 64> <RAM>
ST_2 : Operation 189 [1/2] (0.67ns)   --->   "%odd_q_25_load = load i6 %odd_q_25_addr" [awn_int8.cpp:234]   --->   Operation 189 'load' 'odd_q_25_load' <Predicate = true> <Delay = 0.67> <CoreInst = "RAM">   --->   Core 83 'RAM' <Latency = 1> <II = 1> <Delay = 0.67> <Storage> <Opcode : 'load' 'store'> <Ports = 2> <Width = 8> <Depth = 64> <RAM>
ST_2 : Operation 190 [1/2] (0.67ns)   --->   "%odd_q_26_load = load i6 %odd_q_26_addr" [awn_int8.cpp:234]   --->   Operation 190 'load' 'odd_q_26_load' <Predicate = true> <Delay = 0.67> <CoreInst = "RAM">   --->   Core 83 'RAM' <Latency = 1> <II = 1> <Delay = 0.67> <Storage> <Opcode : 'load' 'store'> <Ports = 2> <Width = 8> <Depth = 64> <RAM>
ST_2 : Operation 191 [1/2] (0.67ns)   --->   "%odd_q_27_load = load i6 %odd_q_27_addr" [awn_int8.cpp:234]   --->   Operation 191 'load' 'odd_q_27_load' <Predicate = true> <Delay = 0.67> <CoreInst = "RAM">   --->   Core 83 'RAM' <Latency = 1> <II = 1> <Delay = 0.67> <Storage> <Opcode : 'load' 'store'> <Ports = 2> <Width = 8> <Depth = 64> <RAM>
ST_2 : Operation 192 [1/2] (0.67ns)   --->   "%odd_q_28_load = load i6 %odd_q_28_addr" [awn_int8.cpp:234]   --->   Operation 192 'load' 'odd_q_28_load' <Predicate = true> <Delay = 0.67> <CoreInst = "RAM">   --->   Core 83 'RAM' <Latency = 1> <II = 1> <Delay = 0.67> <Storage> <Opcode : 'load' 'store'> <Ports = 2> <Width = 8> <Depth = 64> <RAM>
ST_2 : Operation 193 [1/2] (0.67ns)   --->   "%odd_q_29_load = load i6 %odd_q_29_addr" [awn_int8.cpp:234]   --->   Operation 193 'load' 'odd_q_29_load' <Predicate = true> <Delay = 0.67> <CoreInst = "RAM">   --->   Core 83 'RAM' <Latency = 1> <II = 1> <Delay = 0.67> <Storage> <Opcode : 'load' 'store'> <Ports = 2> <Width = 8> <Depth = 64> <RAM>
ST_2 : Operation 194 [1/2] (0.67ns)   --->   "%odd_q_30_load = load i6 %odd_q_30_addr" [awn_int8.cpp:234]   --->   Operation 194 'load' 'odd_q_30_load' <Predicate = true> <Delay = 0.67> <CoreInst = "RAM">   --->   Core 83 'RAM' <Latency = 1> <II = 1> <Delay = 0.67> <Storage> <Opcode : 'load' 'store'> <Ports = 2> <Width = 8> <Depth = 64> <RAM>
ST_2 : Operation 195 [1/2] (0.67ns)   --->   "%odd_q_31_load = load i6 %odd_q_31_addr" [awn_int8.cpp:234]   --->   Operation 195 'load' 'odd_q_31_load' <Predicate = true> <Delay = 0.67> <CoreInst = "RAM">   --->   Core 83 'RAM' <Latency = 1> <II = 1> <Delay = 0.67> <Storage> <Opcode : 'load' 'store'> <Ports = 2> <Width = 8> <Depth = 64> <RAM>
ST_2 : Operation 196 [1/2] (0.67ns)   --->   "%odd_q_32_load = load i6 %odd_q_32_addr" [awn_int8.cpp:234]   --->   Operation 196 'load' 'odd_q_32_load' <Predicate = true> <Delay = 0.67> <CoreInst = "RAM">   --->   Core 83 'RAM' <Latency = 1> <II = 1> <Delay = 0.67> <Storage> <Opcode : 'load' 'store'> <Ports = 2> <Width = 8> <Depth = 64> <RAM>
ST_2 : Operation 197 [1/2] (0.67ns)   --->   "%odd_q_33_load = load i6 %odd_q_33_addr" [awn_int8.cpp:234]   --->   Operation 197 'load' 'odd_q_33_load' <Predicate = true> <Delay = 0.67> <CoreInst = "RAM">   --->   Core 83 'RAM' <Latency = 1> <II = 1> <Delay = 0.67> <Storage> <Opcode : 'load' 'store'> <Ports = 2> <Width = 8> <Depth = 64> <RAM>
ST_2 : Operation 198 [1/2] (0.67ns)   --->   "%odd_q_34_load = load i6 %odd_q_34_addr" [awn_int8.cpp:234]   --->   Operation 198 'load' 'odd_q_34_load' <Predicate = true> <Delay = 0.67> <CoreInst = "RAM">   --->   Core 83 'RAM' <Latency = 1> <II = 1> <Delay = 0.67> <Storage> <Opcode : 'load' 'store'> <Ports = 2> <Width = 8> <Depth = 64> <RAM>
ST_2 : Operation 199 [1/2] (0.67ns)   --->   "%odd_q_35_load = load i6 %odd_q_35_addr" [awn_int8.cpp:234]   --->   Operation 199 'load' 'odd_q_35_load' <Predicate = true> <Delay = 0.67> <CoreInst = "RAM">   --->   Core 83 'RAM' <Latency = 1> <II = 1> <Delay = 0.67> <Storage> <Opcode : 'load' 'store'> <Ports = 2> <Width = 8> <Depth = 64> <RAM>
ST_2 : Operation 200 [1/2] (0.67ns)   --->   "%odd_q_36_load = load i6 %odd_q_36_addr" [awn_int8.cpp:234]   --->   Operation 200 'load' 'odd_q_36_load' <Predicate = true> <Delay = 0.67> <CoreInst = "RAM">   --->   Core 83 'RAM' <Latency = 1> <II = 1> <Delay = 0.67> <Storage> <Opcode : 'load' 'store'> <Ports = 2> <Width = 8> <Depth = 64> <RAM>
ST_2 : Operation 201 [1/2] (0.67ns)   --->   "%odd_q_37_load = load i6 %odd_q_37_addr" [awn_int8.cpp:234]   --->   Operation 201 'load' 'odd_q_37_load' <Predicate = true> <Delay = 0.67> <CoreInst = "RAM">   --->   Core 83 'RAM' <Latency = 1> <II = 1> <Delay = 0.67> <Storage> <Opcode : 'load' 'store'> <Ports = 2> <Width = 8> <Depth = 64> <RAM>
ST_2 : Operation 202 [1/2] (0.67ns)   --->   "%odd_q_38_load = load i6 %odd_q_38_addr" [awn_int8.cpp:234]   --->   Operation 202 'load' 'odd_q_38_load' <Predicate = true> <Delay = 0.67> <CoreInst = "RAM">   --->   Core 83 'RAM' <Latency = 1> <II = 1> <Delay = 0.67> <Storage> <Opcode : 'load' 'store'> <Ports = 2> <Width = 8> <Depth = 64> <RAM>
ST_2 : Operation 203 [1/2] (0.67ns)   --->   "%odd_q_39_load = load i6 %odd_q_39_addr" [awn_int8.cpp:234]   --->   Operation 203 'load' 'odd_q_39_load' <Predicate = true> <Delay = 0.67> <CoreInst = "RAM">   --->   Core 83 'RAM' <Latency = 1> <II = 1> <Delay = 0.67> <Storage> <Opcode : 'load' 'store'> <Ports = 2> <Width = 8> <Depth = 64> <RAM>
ST_2 : Operation 204 [1/2] (0.67ns)   --->   "%odd_q_40_load = load i6 %odd_q_40_addr" [awn_int8.cpp:234]   --->   Operation 204 'load' 'odd_q_40_load' <Predicate = true> <Delay = 0.67> <CoreInst = "RAM">   --->   Core 83 'RAM' <Latency = 1> <II = 1> <Delay = 0.67> <Storage> <Opcode : 'load' 'store'> <Ports = 2> <Width = 8> <Depth = 64> <RAM>
ST_2 : Operation 205 [1/2] (0.67ns)   --->   "%odd_q_41_load = load i6 %odd_q_41_addr" [awn_int8.cpp:234]   --->   Operation 205 'load' 'odd_q_41_load' <Predicate = true> <Delay = 0.67> <CoreInst = "RAM">   --->   Core 83 'RAM' <Latency = 1> <II = 1> <Delay = 0.67> <Storage> <Opcode : 'load' 'store'> <Ports = 2> <Width = 8> <Depth = 64> <RAM>
ST_2 : Operation 206 [1/2] (0.67ns)   --->   "%odd_q_42_load = load i6 %odd_q_42_addr" [awn_int8.cpp:234]   --->   Operation 206 'load' 'odd_q_42_load' <Predicate = true> <Delay = 0.67> <CoreInst = "RAM">   --->   Core 83 'RAM' <Latency = 1> <II = 1> <Delay = 0.67> <Storage> <Opcode : 'load' 'store'> <Ports = 2> <Width = 8> <Depth = 64> <RAM>
ST_2 : Operation 207 [1/2] (0.67ns)   --->   "%odd_q_43_load = load i6 %odd_q_43_addr" [awn_int8.cpp:234]   --->   Operation 207 'load' 'odd_q_43_load' <Predicate = true> <Delay = 0.67> <CoreInst = "RAM">   --->   Core 83 'RAM' <Latency = 1> <II = 1> <Delay = 0.67> <Storage> <Opcode : 'load' 'store'> <Ports = 2> <Width = 8> <Depth = 64> <RAM>
ST_2 : Operation 208 [1/2] (0.67ns)   --->   "%odd_q_44_load = load i6 %odd_q_44_addr" [awn_int8.cpp:234]   --->   Operation 208 'load' 'odd_q_44_load' <Predicate = true> <Delay = 0.67> <CoreInst = "RAM">   --->   Core 83 'RAM' <Latency = 1> <II = 1> <Delay = 0.67> <Storage> <Opcode : 'load' 'store'> <Ports = 2> <Width = 8> <Depth = 64> <RAM>
ST_2 : Operation 209 [1/2] (0.67ns)   --->   "%odd_q_45_load = load i6 %odd_q_45_addr" [awn_int8.cpp:234]   --->   Operation 209 'load' 'odd_q_45_load' <Predicate = true> <Delay = 0.67> <CoreInst = "RAM">   --->   Core 83 'RAM' <Latency = 1> <II = 1> <Delay = 0.67> <Storage> <Opcode : 'load' 'store'> <Ports = 2> <Width = 8> <Depth = 64> <RAM>
ST_2 : Operation 210 [1/2] (0.67ns)   --->   "%odd_q_46_load = load i6 %odd_q_46_addr" [awn_int8.cpp:234]   --->   Operation 210 'load' 'odd_q_46_load' <Predicate = true> <Delay = 0.67> <CoreInst = "RAM">   --->   Core 83 'RAM' <Latency = 1> <II = 1> <Delay = 0.67> <Storage> <Opcode : 'load' 'store'> <Ports = 2> <Width = 8> <Depth = 64> <RAM>
ST_2 : Operation 211 [1/2] (0.67ns)   --->   "%odd_q_47_load = load i6 %odd_q_47_addr" [awn_int8.cpp:234]   --->   Operation 211 'load' 'odd_q_47_load' <Predicate = true> <Delay = 0.67> <CoreInst = "RAM">   --->   Core 83 'RAM' <Latency = 1> <II = 1> <Delay = 0.67> <Storage> <Opcode : 'load' 'store'> <Ports = 2> <Width = 8> <Depth = 64> <RAM>
ST_2 : Operation 212 [1/2] (0.67ns)   --->   "%odd_q_48_load = load i6 %odd_q_48_addr" [awn_int8.cpp:234]   --->   Operation 212 'load' 'odd_q_48_load' <Predicate = true> <Delay = 0.67> <CoreInst = "RAM">   --->   Core 83 'RAM' <Latency = 1> <II = 1> <Delay = 0.67> <Storage> <Opcode : 'load' 'store'> <Ports = 2> <Width = 8> <Depth = 64> <RAM>
ST_2 : Operation 213 [1/2] (0.67ns)   --->   "%odd_q_49_load = load i6 %odd_q_49_addr" [awn_int8.cpp:234]   --->   Operation 213 'load' 'odd_q_49_load' <Predicate = true> <Delay = 0.67> <CoreInst = "RAM">   --->   Core 83 'RAM' <Latency = 1> <II = 1> <Delay = 0.67> <Storage> <Opcode : 'load' 'store'> <Ports = 2> <Width = 8> <Depth = 64> <RAM>
ST_2 : Operation 214 [1/2] (0.67ns)   --->   "%odd_q_50_load = load i6 %odd_q_50_addr" [awn_int8.cpp:234]   --->   Operation 214 'load' 'odd_q_50_load' <Predicate = true> <Delay = 0.67> <CoreInst = "RAM">   --->   Core 83 'RAM' <Latency = 1> <II = 1> <Delay = 0.67> <Storage> <Opcode : 'load' 'store'> <Ports = 2> <Width = 8> <Depth = 64> <RAM>
ST_2 : Operation 215 [1/2] (0.67ns)   --->   "%odd_q_51_load = load i6 %odd_q_51_addr" [awn_int8.cpp:234]   --->   Operation 215 'load' 'odd_q_51_load' <Predicate = true> <Delay = 0.67> <CoreInst = "RAM">   --->   Core 83 'RAM' <Latency = 1> <II = 1> <Delay = 0.67> <Storage> <Opcode : 'load' 'store'> <Ports = 2> <Width = 8> <Depth = 64> <RAM>
ST_2 : Operation 216 [1/2] (0.67ns)   --->   "%odd_q_52_load = load i6 %odd_q_52_addr" [awn_int8.cpp:234]   --->   Operation 216 'load' 'odd_q_52_load' <Predicate = true> <Delay = 0.67> <CoreInst = "RAM">   --->   Core 83 'RAM' <Latency = 1> <II = 1> <Delay = 0.67> <Storage> <Opcode : 'load' 'store'> <Ports = 2> <Width = 8> <Depth = 64> <RAM>
ST_2 : Operation 217 [1/2] (0.67ns)   --->   "%odd_q_53_load = load i6 %odd_q_53_addr" [awn_int8.cpp:234]   --->   Operation 217 'load' 'odd_q_53_load' <Predicate = true> <Delay = 0.67> <CoreInst = "RAM">   --->   Core 83 'RAM' <Latency = 1> <II = 1> <Delay = 0.67> <Storage> <Opcode : 'load' 'store'> <Ports = 2> <Width = 8> <Depth = 64> <RAM>
ST_2 : Operation 218 [1/2] (0.67ns)   --->   "%odd_q_54_load = load i6 %odd_q_54_addr" [awn_int8.cpp:234]   --->   Operation 218 'load' 'odd_q_54_load' <Predicate = true> <Delay = 0.67> <CoreInst = "RAM">   --->   Core 83 'RAM' <Latency = 1> <II = 1> <Delay = 0.67> <Storage> <Opcode : 'load' 'store'> <Ports = 2> <Width = 8> <Depth = 64> <RAM>
ST_2 : Operation 219 [1/2] (0.67ns)   --->   "%odd_q_55_load = load i6 %odd_q_55_addr" [awn_int8.cpp:234]   --->   Operation 219 'load' 'odd_q_55_load' <Predicate = true> <Delay = 0.67> <CoreInst = "RAM">   --->   Core 83 'RAM' <Latency = 1> <II = 1> <Delay = 0.67> <Storage> <Opcode : 'load' 'store'> <Ports = 2> <Width = 8> <Depth = 64> <RAM>
ST_2 : Operation 220 [1/2] (0.67ns)   --->   "%odd_q_56_load = load i6 %odd_q_56_addr" [awn_int8.cpp:234]   --->   Operation 220 'load' 'odd_q_56_load' <Predicate = true> <Delay = 0.67> <CoreInst = "RAM">   --->   Core 83 'RAM' <Latency = 1> <II = 1> <Delay = 0.67> <Storage> <Opcode : 'load' 'store'> <Ports = 2> <Width = 8> <Depth = 64> <RAM>
ST_2 : Operation 221 [1/2] (0.67ns)   --->   "%odd_q_57_load = load i6 %odd_q_57_addr" [awn_int8.cpp:234]   --->   Operation 221 'load' 'odd_q_57_load' <Predicate = true> <Delay = 0.67> <CoreInst = "RAM">   --->   Core 83 'RAM' <Latency = 1> <II = 1> <Delay = 0.67> <Storage> <Opcode : 'load' 'store'> <Ports = 2> <Width = 8> <Depth = 64> <RAM>
ST_2 : Operation 222 [1/2] (0.67ns)   --->   "%odd_q_58_load = load i6 %odd_q_58_addr" [awn_int8.cpp:234]   --->   Operation 222 'load' 'odd_q_58_load' <Predicate = true> <Delay = 0.67> <CoreInst = "RAM">   --->   Core 83 'RAM' <Latency = 1> <II = 1> <Delay = 0.67> <Storage> <Opcode : 'load' 'store'> <Ports = 2> <Width = 8> <Depth = 64> <RAM>
ST_2 : Operation 223 [1/2] (0.67ns)   --->   "%odd_q_59_load = load i6 %odd_q_59_addr" [awn_int8.cpp:234]   --->   Operation 223 'load' 'odd_q_59_load' <Predicate = true> <Delay = 0.67> <CoreInst = "RAM">   --->   Core 83 'RAM' <Latency = 1> <II = 1> <Delay = 0.67> <Storage> <Opcode : 'load' 'store'> <Ports = 2> <Width = 8> <Depth = 64> <RAM>
ST_2 : Operation 224 [1/2] (0.67ns)   --->   "%odd_q_60_load = load i6 %odd_q_60_addr" [awn_int8.cpp:234]   --->   Operation 224 'load' 'odd_q_60_load' <Predicate = true> <Delay = 0.67> <CoreInst = "RAM">   --->   Core 83 'RAM' <Latency = 1> <II = 1> <Delay = 0.67> <Storage> <Opcode : 'load' 'store'> <Ports = 2> <Width = 8> <Depth = 64> <RAM>
ST_2 : Operation 225 [1/2] (0.67ns)   --->   "%odd_q_61_load = load i6 %odd_q_61_addr" [awn_int8.cpp:234]   --->   Operation 225 'load' 'odd_q_61_load' <Predicate = true> <Delay = 0.67> <CoreInst = "RAM">   --->   Core 83 'RAM' <Latency = 1> <II = 1> <Delay = 0.67> <Storage> <Opcode : 'load' 'store'> <Ports = 2> <Width = 8> <Depth = 64> <RAM>
ST_2 : Operation 226 [1/2] (0.67ns)   --->   "%odd_q_62_load = load i6 %odd_q_62_addr" [awn_int8.cpp:234]   --->   Operation 226 'load' 'odd_q_62_load' <Predicate = true> <Delay = 0.67> <CoreInst = "RAM">   --->   Core 83 'RAM' <Latency = 1> <II = 1> <Delay = 0.67> <Storage> <Opcode : 'load' 'store'> <Ports = 2> <Width = 8> <Depth = 64> <RAM>
ST_2 : Operation 227 [1/2] (0.67ns)   --->   "%odd_q_63_load = load i6 %odd_q_63_addr" [awn_int8.cpp:234]   --->   Operation 227 'load' 'odd_q_63_load' <Predicate = true> <Delay = 0.67> <CoreInst = "RAM">   --->   Core 83 'RAM' <Latency = 1> <II = 1> <Delay = 0.67> <Storage> <Opcode : 'load' 'store'> <Ports = 2> <Width = 8> <Depth = 64> <RAM>
ST_2 : Operation 228 [1/1] (0.85ns)   --->   "%tmp_s = sparsemux i8 @_ssdm_op_SparseMux.ap_auto.64i8.i8.i6, i6 0, i8 %odd_q_load, i6 1, i8 %odd_q_1_load, i6 2, i8 %odd_q_2_load, i6 3, i8 %odd_q_3_load, i6 4, i8 %odd_q_4_load, i6 5, i8 %odd_q_5_load, i6 6, i8 %odd_q_6_load, i6 7, i8 %odd_q_7_load, i6 8, i8 %odd_q_8_load, i6 9, i8 %odd_q_9_load, i6 10, i8 %odd_q_10_load, i6 11, i8 %odd_q_11_load, i6 12, i8 %odd_q_12_load, i6 13, i8 %odd_q_13_load, i6 14, i8 %odd_q_14_load, i6 15, i8 %odd_q_15_load, i6 16, i8 %odd_q_16_load, i6 17, i8 %odd_q_17_load, i6 18, i8 %odd_q_18_load, i6 19, i8 %odd_q_19_load, i6 20, i8 %odd_q_20_load, i6 21, i8 %odd_q_21_load, i6 22, i8 %odd_q_22_load, i6 23, i8 %odd_q_23_load, i6 24, i8 %odd_q_24_load, i6 25, i8 %odd_q_25_load, i6 26, i8 %odd_q_26_load, i6 27, i8 %odd_q_27_load, i6 28, i8 %odd_q_28_load, i6 29, i8 %odd_q_29_load, i6 30, i8 %odd_q_30_load, i6 31, i8 %odd_q_31_load, i6 32, i8 %odd_q_32_load, i6 33, i8 %odd_q_33_load, i6 34, i8 %odd_q_34_load, i6 35, i8 %odd_q_35_load, i6 36, i8 %odd_q_36_load, i6 37, i8 %odd_q_37_load, i6 38, i8 %odd_q_38_load, i6 39, i8 %odd_q_39_load, i6 40, i8 %odd_q_40_load, i6 41, i8 %odd_q_41_load, i6 42, i8 %odd_q_42_load, i6 43, i8 %odd_q_43_load, i6 44, i8 %odd_q_44_load, i6 45, i8 %odd_q_45_load, i6 46, i8 %odd_q_46_load, i6 47, i8 %odd_q_47_load, i6 48, i8 %odd_q_48_load, i6 49, i8 %odd_q_49_load, i6 50, i8 %odd_q_50_load, i6 51, i8 %odd_q_51_load, i6 52, i8 %odd_q_52_load, i6 53, i8 %odd_q_53_load, i6 54, i8 %odd_q_54_load, i6 55, i8 %odd_q_55_load, i6 56, i8 %odd_q_56_load, i6 57, i8 %odd_q_57_load, i6 58, i8 %odd_q_58_load, i6 59, i8 %odd_q_59_load, i6 60, i8 %odd_q_60_load, i6 61, i8 %odd_q_61_load, i6 62, i8 %odd_q_62_load, i6 63, i8 %odd_q_63_load, i8 0, i6 %trunc_ln232" [awn_int8.cpp:234]   --->   Operation 228 'sparsemux' 'tmp_s' <Predicate = true> <Delay = 0.85> <CoreInst = "SparseMux">   --->   Core 147 'SparseMux' <Latency = 0> <II = 1> <Delay = 0.85> <FuncUnit> <Opcode : 'sparsemux'> <InPorts = 2> <OutPorts = 1>
ST_2 : Operation 229 [2/2] (1.23ns)   --->   "%p_tanh_load = load i12 %p_tanh_addr" [awn_int8.cpp:235]   --->   Operation 229 'load' 'p_tanh_load' <Predicate = true> <Delay = 1.23> <CoreInst = "RAM">   --->   Core 83 'RAM' <Latency = 1> <II = 1> <Delay = 1.23> <Storage> <Opcode : 'load' 'store'> <Ports = 2> <Width = 1> <Depth = 4096> <RAM>
ST_2 : Operation 230 [1/1] (0.42ns)   --->   "%store_ln232 = store i7 %select_ln232_1, i7 %ch" [awn_int8.cpp:232]   --->   Operation 230 'store' 'store_ln232' <Predicate = true> <Delay = 0.42>
ST_2 : Operation 231 [1/1] (0.00ns)   --->   "%br_ln233 = br void %for.inc87" [awn_int8.cpp:233]   --->   Operation 231 'br' 'br_ln233' <Predicate = true> <Delay = 0.00>

State 3 <SV = 2> <Delay = 3.42>
ST_3 : Operation 232 [1/1] (0.00ns)   --->   "%sext_ln17 = sext i8 %tmp_s" [awn_int8.cpp:17->awn_int8.cpp:30->awn_int8.cpp:234]   --->   Operation 232 'sext' 'sext_ln17' <Predicate = true> <Delay = 0.00>
ST_3 : Operation 233 [1/1] (3.42ns)   --->   "%mul_ln17 = mul i38 %sext_ln17, i38 1075385354" [awn_int8.cpp:17->awn_int8.cpp:30->awn_int8.cpp:234]   --->   Operation 233 'mul' 'mul_ln17' <Predicate = true> <Delay = 3.42> <CoreInst = "Multiplier">   --->   Core 3 'Multiplier' <Latency = 0> <II = 1> <Delay = 3.42> <FuncUnit> <Opcode : 'mul'> <InPorts = 2> <OutPorts = 1>
ST_3 : Operation 234 [1/2] (1.23ns)   --->   "%p_tanh_load = load i12 %p_tanh_addr" [awn_int8.cpp:235]   --->   Operation 234 'load' 'p_tanh_load' <Predicate = true> <Delay = 1.23> <CoreInst = "RAM">   --->   Core 83 'RAM' <Latency = 1> <II = 1> <Delay = 1.23> <Storage> <Opcode : 'load' 'store'> <Ports = 2> <Width = 1> <Depth = 4096> <RAM>
ST_3 : Operation 443 [1/1] (0.00ns)   --->   "%ret_ln0 = ret"   --->   Operation 443 'ret' 'ret_ln0' <Predicate = (icmp_ln232)> <Delay = 0.00>

State 4 <SV = 3> <Delay = 3.64>
ST_4 : Operation 235 [1/1] (0.00ns)   --->   "%specloopname_ln0 = specloopname void @_ssdm_op_SpecLoopName, void @VITIS_LOOP_232_5_VITIS_LOOP_233_6_str"   --->   Operation 235 'specloopname' 'specloopname_ln0' <Predicate = true> <Delay = 0.00>
ST_4 : Operation 236 [1/1] (0.00ns)   --->   "%speclooptripcount_ln0 = speclooptripcount void @_ssdm_op_SpecLoopTripCount, i64 4096, i64 4096, i64 4096"   --->   Operation 236 'speclooptripcount' 'speclooptripcount_ln0' <Predicate = true> <Delay = 0.00>
ST_4 : Operation 237 [1/1] (0.00ns)   --->   "%zext_ln232 = zext i7 %select_ln232_1" [awn_int8.cpp:232]   --->   Operation 237 'zext' 'zext_ln232' <Predicate = true> <Delay = 0.00>
ST_4 : Operation 238 [1/1] (0.00ns)   --->   "%d_q_addr = getelementptr i8 %d_q, i64 0, i64 %zext_ln232" [awn_int8.cpp:235]   --->   Operation 238 'getelementptr' 'd_q_addr' <Predicate = true> <Delay = 0.00>
ST_4 : Operation 239 [1/1] (0.00ns)   --->   "%d_q_1_addr = getelementptr i8 %d_q_1, i64 0, i64 %zext_ln232" [awn_int8.cpp:235]   --->   Operation 239 'getelementptr' 'd_q_1_addr' <Predicate = true> <Delay = 0.00>
ST_4 : Operation 240 [1/1] (0.00ns)   --->   "%d_q_2_addr = getelementptr i8 %d_q_2, i64 0, i64 %zext_ln232" [awn_int8.cpp:235]   --->   Operation 240 'getelementptr' 'd_q_2_addr' <Predicate = true> <Delay = 0.00>
ST_4 : Operation 241 [1/1] (0.00ns)   --->   "%d_q_3_addr = getelementptr i8 %d_q_3, i64 0, i64 %zext_ln232" [awn_int8.cpp:235]   --->   Operation 241 'getelementptr' 'd_q_3_addr' <Predicate = true> <Delay = 0.00>
ST_4 : Operation 242 [1/1] (0.00ns)   --->   "%d_q_4_addr = getelementptr i8 %d_q_4, i64 0, i64 %zext_ln232" [awn_int8.cpp:235]   --->   Operation 242 'getelementptr' 'd_q_4_addr' <Predicate = true> <Delay = 0.00>
ST_4 : Operation 243 [1/1] (0.00ns)   --->   "%d_q_5_addr = getelementptr i8 %d_q_5, i64 0, i64 %zext_ln232" [awn_int8.cpp:235]   --->   Operation 243 'getelementptr' 'd_q_5_addr' <Predicate = true> <Delay = 0.00>
ST_4 : Operation 244 [1/1] (0.00ns)   --->   "%d_q_6_addr = getelementptr i8 %d_q_6, i64 0, i64 %zext_ln232" [awn_int8.cpp:235]   --->   Operation 244 'getelementptr' 'd_q_6_addr' <Predicate = true> <Delay = 0.00>
ST_4 : Operation 245 [1/1] (0.00ns)   --->   "%d_q_7_addr = getelementptr i8 %d_q_7, i64 0, i64 %zext_ln232" [awn_int8.cpp:235]   --->   Operation 245 'getelementptr' 'd_q_7_addr' <Predicate = true> <Delay = 0.00>
ST_4 : Operation 246 [1/1] (0.00ns)   --->   "%d_q_8_addr = getelementptr i8 %d_q_8, i64 0, i64 %zext_ln232" [awn_int8.cpp:235]   --->   Operation 246 'getelementptr' 'd_q_8_addr' <Predicate = true> <Delay = 0.00>
ST_4 : Operation 247 [1/1] (0.00ns)   --->   "%d_q_9_addr = getelementptr i8 %d_q_9, i64 0, i64 %zext_ln232" [awn_int8.cpp:235]   --->   Operation 247 'getelementptr' 'd_q_9_addr' <Predicate = true> <Delay = 0.00>
ST_4 : Operation 248 [1/1] (0.00ns)   --->   "%d_q_10_addr = getelementptr i8 %d_q_10, i64 0, i64 %zext_ln232" [awn_int8.cpp:235]   --->   Operation 248 'getelementptr' 'd_q_10_addr' <Predicate = true> <Delay = 0.00>
ST_4 : Operation 249 [1/1] (0.00ns)   --->   "%d_q_11_addr = getelementptr i8 %d_q_11, i64 0, i64 %zext_ln232" [awn_int8.cpp:235]   --->   Operation 249 'getelementptr' 'd_q_11_addr' <Predicate = true> <Delay = 0.00>
ST_4 : Operation 250 [1/1] (0.00ns)   --->   "%d_q_12_addr = getelementptr i8 %d_q_12, i64 0, i64 %zext_ln232" [awn_int8.cpp:235]   --->   Operation 250 'getelementptr' 'd_q_12_addr' <Predicate = true> <Delay = 0.00>
ST_4 : Operation 251 [1/1] (0.00ns)   --->   "%d_q_13_addr = getelementptr i8 %d_q_13, i64 0, i64 %zext_ln232" [awn_int8.cpp:235]   --->   Operation 251 'getelementptr' 'd_q_13_addr' <Predicate = true> <Delay = 0.00>
ST_4 : Operation 252 [1/1] (0.00ns)   --->   "%d_q_14_addr = getelementptr i8 %d_q_14, i64 0, i64 %zext_ln232" [awn_int8.cpp:235]   --->   Operation 252 'getelementptr' 'd_q_14_addr' <Predicate = true> <Delay = 0.00>
ST_4 : Operation 253 [1/1] (0.00ns)   --->   "%d_q_15_addr = getelementptr i8 %d_q_15, i64 0, i64 %zext_ln232" [awn_int8.cpp:235]   --->   Operation 253 'getelementptr' 'd_q_15_addr' <Predicate = true> <Delay = 0.00>
ST_4 : Operation 254 [1/1] (0.00ns)   --->   "%d_q_16_addr = getelementptr i8 %d_q_16, i64 0, i64 %zext_ln232" [awn_int8.cpp:235]   --->   Operation 254 'getelementptr' 'd_q_16_addr' <Predicate = true> <Delay = 0.00>
ST_4 : Operation 255 [1/1] (0.00ns)   --->   "%d_q_17_addr = getelementptr i8 %d_q_17, i64 0, i64 %zext_ln232" [awn_int8.cpp:235]   --->   Operation 255 'getelementptr' 'd_q_17_addr' <Predicate = true> <Delay = 0.00>
ST_4 : Operation 256 [1/1] (0.00ns)   --->   "%d_q_18_addr = getelementptr i8 %d_q_18, i64 0, i64 %zext_ln232" [awn_int8.cpp:235]   --->   Operation 256 'getelementptr' 'd_q_18_addr' <Predicate = true> <Delay = 0.00>
ST_4 : Operation 257 [1/1] (0.00ns)   --->   "%d_q_19_addr = getelementptr i8 %d_q_19, i64 0, i64 %zext_ln232" [awn_int8.cpp:235]   --->   Operation 257 'getelementptr' 'd_q_19_addr' <Predicate = true> <Delay = 0.00>
ST_4 : Operation 258 [1/1] (0.00ns)   --->   "%d_q_20_addr = getelementptr i8 %d_q_20, i64 0, i64 %zext_ln232" [awn_int8.cpp:235]   --->   Operation 258 'getelementptr' 'd_q_20_addr' <Predicate = true> <Delay = 0.00>
ST_4 : Operation 259 [1/1] (0.00ns)   --->   "%d_q_21_addr = getelementptr i8 %d_q_21, i64 0, i64 %zext_ln232" [awn_int8.cpp:235]   --->   Operation 259 'getelementptr' 'd_q_21_addr' <Predicate = true> <Delay = 0.00>
ST_4 : Operation 260 [1/1] (0.00ns)   --->   "%d_q_22_addr = getelementptr i8 %d_q_22, i64 0, i64 %zext_ln232" [awn_int8.cpp:235]   --->   Operation 260 'getelementptr' 'd_q_22_addr' <Predicate = true> <Delay = 0.00>
ST_4 : Operation 261 [1/1] (0.00ns)   --->   "%d_q_23_addr = getelementptr i8 %d_q_23, i64 0, i64 %zext_ln232" [awn_int8.cpp:235]   --->   Operation 261 'getelementptr' 'd_q_23_addr' <Predicate = true> <Delay = 0.00>
ST_4 : Operation 262 [1/1] (0.00ns)   --->   "%d_q_24_addr = getelementptr i8 %d_q_24, i64 0, i64 %zext_ln232" [awn_int8.cpp:235]   --->   Operation 262 'getelementptr' 'd_q_24_addr' <Predicate = true> <Delay = 0.00>
ST_4 : Operation 263 [1/1] (0.00ns)   --->   "%d_q_25_addr = getelementptr i8 %d_q_25, i64 0, i64 %zext_ln232" [awn_int8.cpp:235]   --->   Operation 263 'getelementptr' 'd_q_25_addr' <Predicate = true> <Delay = 0.00>
ST_4 : Operation 264 [1/1] (0.00ns)   --->   "%d_q_26_addr = getelementptr i8 %d_q_26, i64 0, i64 %zext_ln232" [awn_int8.cpp:235]   --->   Operation 264 'getelementptr' 'd_q_26_addr' <Predicate = true> <Delay = 0.00>
ST_4 : Operation 265 [1/1] (0.00ns)   --->   "%d_q_27_addr = getelementptr i8 %d_q_27, i64 0, i64 %zext_ln232" [awn_int8.cpp:235]   --->   Operation 265 'getelementptr' 'd_q_27_addr' <Predicate = true> <Delay = 0.00>
ST_4 : Operation 266 [1/1] (0.00ns)   --->   "%d_q_28_addr = getelementptr i8 %d_q_28, i64 0, i64 %zext_ln232" [awn_int8.cpp:235]   --->   Operation 266 'getelementptr' 'd_q_28_addr' <Predicate = true> <Delay = 0.00>
ST_4 : Operation 267 [1/1] (0.00ns)   --->   "%d_q_29_addr = getelementptr i8 %d_q_29, i64 0, i64 %zext_ln232" [awn_int8.cpp:235]   --->   Operation 267 'getelementptr' 'd_q_29_addr' <Predicate = true> <Delay = 0.00>
ST_4 : Operation 268 [1/1] (0.00ns)   --->   "%d_q_30_addr = getelementptr i8 %d_q_30, i64 0, i64 %zext_ln232" [awn_int8.cpp:235]   --->   Operation 268 'getelementptr' 'd_q_30_addr' <Predicate = true> <Delay = 0.00>
ST_4 : Operation 269 [1/1] (0.00ns)   --->   "%d_q_31_addr = getelementptr i8 %d_q_31, i64 0, i64 %zext_ln232" [awn_int8.cpp:235]   --->   Operation 269 'getelementptr' 'd_q_31_addr' <Predicate = true> <Delay = 0.00>
ST_4 : Operation 270 [1/1] (0.00ns)   --->   "%d_q_32_addr = getelementptr i8 %d_q_32, i64 0, i64 %zext_ln232" [awn_int8.cpp:235]   --->   Operation 270 'getelementptr' 'd_q_32_addr' <Predicate = true> <Delay = 0.00>
ST_4 : Operation 271 [1/1] (0.00ns)   --->   "%d_q_33_addr = getelementptr i8 %d_q_33, i64 0, i64 %zext_ln232" [awn_int8.cpp:235]   --->   Operation 271 'getelementptr' 'd_q_33_addr' <Predicate = true> <Delay = 0.00>
ST_4 : Operation 272 [1/1] (0.00ns)   --->   "%d_q_34_addr = getelementptr i8 %d_q_34, i64 0, i64 %zext_ln232" [awn_int8.cpp:235]   --->   Operation 272 'getelementptr' 'd_q_34_addr' <Predicate = true> <Delay = 0.00>
ST_4 : Operation 273 [1/1] (0.00ns)   --->   "%d_q_35_addr = getelementptr i8 %d_q_35, i64 0, i64 %zext_ln232" [awn_int8.cpp:235]   --->   Operation 273 'getelementptr' 'd_q_35_addr' <Predicate = true> <Delay = 0.00>
ST_4 : Operation 274 [1/1] (0.00ns)   --->   "%d_q_36_addr = getelementptr i8 %d_q_36, i64 0, i64 %zext_ln232" [awn_int8.cpp:235]   --->   Operation 274 'getelementptr' 'd_q_36_addr' <Predicate = true> <Delay = 0.00>
ST_4 : Operation 275 [1/1] (0.00ns)   --->   "%d_q_37_addr = getelementptr i8 %d_q_37, i64 0, i64 %zext_ln232" [awn_int8.cpp:235]   --->   Operation 275 'getelementptr' 'd_q_37_addr' <Predicate = true> <Delay = 0.00>
ST_4 : Operation 276 [1/1] (0.00ns)   --->   "%d_q_38_addr = getelementptr i8 %d_q_38, i64 0, i64 %zext_ln232" [awn_int8.cpp:235]   --->   Operation 276 'getelementptr' 'd_q_38_addr' <Predicate = true> <Delay = 0.00>
ST_4 : Operation 277 [1/1] (0.00ns)   --->   "%d_q_39_addr = getelementptr i8 %d_q_39, i64 0, i64 %zext_ln232" [awn_int8.cpp:235]   --->   Operation 277 'getelementptr' 'd_q_39_addr' <Predicate = true> <Delay = 0.00>
ST_4 : Operation 278 [1/1] (0.00ns)   --->   "%d_q_40_addr = getelementptr i8 %d_q_40, i64 0, i64 %zext_ln232" [awn_int8.cpp:235]   --->   Operation 278 'getelementptr' 'd_q_40_addr' <Predicate = true> <Delay = 0.00>
ST_4 : Operation 279 [1/1] (0.00ns)   --->   "%d_q_41_addr = getelementptr i8 %d_q_41, i64 0, i64 %zext_ln232" [awn_int8.cpp:235]   --->   Operation 279 'getelementptr' 'd_q_41_addr' <Predicate = true> <Delay = 0.00>
ST_4 : Operation 280 [1/1] (0.00ns)   --->   "%d_q_42_addr = getelementptr i8 %d_q_42, i64 0, i64 %zext_ln232" [awn_int8.cpp:235]   --->   Operation 280 'getelementptr' 'd_q_42_addr' <Predicate = true> <Delay = 0.00>
ST_4 : Operation 281 [1/1] (0.00ns)   --->   "%d_q_43_addr = getelementptr i8 %d_q_43, i64 0, i64 %zext_ln232" [awn_int8.cpp:235]   --->   Operation 281 'getelementptr' 'd_q_43_addr' <Predicate = true> <Delay = 0.00>
ST_4 : Operation 282 [1/1] (0.00ns)   --->   "%d_q_44_addr = getelementptr i8 %d_q_44, i64 0, i64 %zext_ln232" [awn_int8.cpp:235]   --->   Operation 282 'getelementptr' 'd_q_44_addr' <Predicate = true> <Delay = 0.00>
ST_4 : Operation 283 [1/1] (0.00ns)   --->   "%d_q_45_addr = getelementptr i8 %d_q_45, i64 0, i64 %zext_ln232" [awn_int8.cpp:235]   --->   Operation 283 'getelementptr' 'd_q_45_addr' <Predicate = true> <Delay = 0.00>
ST_4 : Operation 284 [1/1] (0.00ns)   --->   "%d_q_46_addr = getelementptr i8 %d_q_46, i64 0, i64 %zext_ln232" [awn_int8.cpp:235]   --->   Operation 284 'getelementptr' 'd_q_46_addr' <Predicate = true> <Delay = 0.00>
ST_4 : Operation 285 [1/1] (0.00ns)   --->   "%d_q_47_addr = getelementptr i8 %d_q_47, i64 0, i64 %zext_ln232" [awn_int8.cpp:235]   --->   Operation 285 'getelementptr' 'd_q_47_addr' <Predicate = true> <Delay = 0.00>
ST_4 : Operation 286 [1/1] (0.00ns)   --->   "%d_q_48_addr = getelementptr i8 %d_q_48, i64 0, i64 %zext_ln232" [awn_int8.cpp:235]   --->   Operation 286 'getelementptr' 'd_q_48_addr' <Predicate = true> <Delay = 0.00>
ST_4 : Operation 287 [1/1] (0.00ns)   --->   "%d_q_49_addr = getelementptr i8 %d_q_49, i64 0, i64 %zext_ln232" [awn_int8.cpp:235]   --->   Operation 287 'getelementptr' 'd_q_49_addr' <Predicate = true> <Delay = 0.00>
ST_4 : Operation 288 [1/1] (0.00ns)   --->   "%d_q_50_addr = getelementptr i8 %d_q_50, i64 0, i64 %zext_ln232" [awn_int8.cpp:235]   --->   Operation 288 'getelementptr' 'd_q_50_addr' <Predicate = true> <Delay = 0.00>
ST_4 : Operation 289 [1/1] (0.00ns)   --->   "%d_q_51_addr = getelementptr i8 %d_q_51, i64 0, i64 %zext_ln232" [awn_int8.cpp:235]   --->   Operation 289 'getelementptr' 'd_q_51_addr' <Predicate = true> <Delay = 0.00>
ST_4 : Operation 290 [1/1] (0.00ns)   --->   "%d_q_52_addr = getelementptr i8 %d_q_52, i64 0, i64 %zext_ln232" [awn_int8.cpp:235]   --->   Operation 290 'getelementptr' 'd_q_52_addr' <Predicate = true> <Delay = 0.00>
ST_4 : Operation 291 [1/1] (0.00ns)   --->   "%d_q_53_addr = getelementptr i8 %d_q_53, i64 0, i64 %zext_ln232" [awn_int8.cpp:235]   --->   Operation 291 'getelementptr' 'd_q_53_addr' <Predicate = true> <Delay = 0.00>
ST_4 : Operation 292 [1/1] (0.00ns)   --->   "%d_q_54_addr = getelementptr i8 %d_q_54, i64 0, i64 %zext_ln232" [awn_int8.cpp:235]   --->   Operation 292 'getelementptr' 'd_q_54_addr' <Predicate = true> <Delay = 0.00>
ST_4 : Operation 293 [1/1] (0.00ns)   --->   "%d_q_55_addr = getelementptr i8 %d_q_55, i64 0, i64 %zext_ln232" [awn_int8.cpp:235]   --->   Operation 293 'getelementptr' 'd_q_55_addr' <Predicate = true> <Delay = 0.00>
ST_4 : Operation 294 [1/1] (0.00ns)   --->   "%d_q_56_addr = getelementptr i8 %d_q_56, i64 0, i64 %zext_ln232" [awn_int8.cpp:235]   --->   Operation 294 'getelementptr' 'd_q_56_addr' <Predicate = true> <Delay = 0.00>
ST_4 : Operation 295 [1/1] (0.00ns)   --->   "%d_q_57_addr = getelementptr i8 %d_q_57, i64 0, i64 %zext_ln232" [awn_int8.cpp:235]   --->   Operation 295 'getelementptr' 'd_q_57_addr' <Predicate = true> <Delay = 0.00>
ST_4 : Operation 296 [1/1] (0.00ns)   --->   "%d_q_58_addr = getelementptr i8 %d_q_58, i64 0, i64 %zext_ln232" [awn_int8.cpp:235]   --->   Operation 296 'getelementptr' 'd_q_58_addr' <Predicate = true> <Delay = 0.00>
ST_4 : Operation 297 [1/1] (0.00ns)   --->   "%d_q_59_addr = getelementptr i8 %d_q_59, i64 0, i64 %zext_ln232" [awn_int8.cpp:235]   --->   Operation 297 'getelementptr' 'd_q_59_addr' <Predicate = true> <Delay = 0.00>
ST_4 : Operation 298 [1/1] (0.00ns)   --->   "%d_q_60_addr = getelementptr i8 %d_q_60, i64 0, i64 %zext_ln232" [awn_int8.cpp:235]   --->   Operation 298 'getelementptr' 'd_q_60_addr' <Predicate = true> <Delay = 0.00>
ST_4 : Operation 299 [1/1] (0.00ns)   --->   "%d_q_61_addr = getelementptr i8 %d_q_61, i64 0, i64 %zext_ln232" [awn_int8.cpp:235]   --->   Operation 299 'getelementptr' 'd_q_61_addr' <Predicate = true> <Delay = 0.00>
ST_4 : Operation 300 [1/1] (0.00ns)   --->   "%d_q_62_addr = getelementptr i8 %d_q_62, i64 0, i64 %zext_ln232" [awn_int8.cpp:235]   --->   Operation 300 'getelementptr' 'd_q_62_addr' <Predicate = true> <Delay = 0.00>
ST_4 : Operation 301 [1/1] (0.00ns)   --->   "%d_q_63_addr = getelementptr i8 %d_q_63, i64 0, i64 %zext_ln232" [awn_int8.cpp:235]   --->   Operation 301 'getelementptr' 'd_q_63_addr' <Predicate = true> <Delay = 0.00>
ST_4 : Operation 302 [1/1] (0.00ns)   --->   "%specpipeline_ln233 = specpipeline void @_ssdm_op_SpecPipeline, i32 4294967295, i32 0, i32 0, i32 0, void @empty_3" [awn_int8.cpp:233]   --->   Operation 302 'specpipeline' 'specpipeline_ln233' <Predicate = true> <Delay = 0.00>
ST_4 : Operation 303 [1/1] (1.02ns)   --->   "%sum = add i38 %mul_ln17, i38 536870912" [awn_int8.cpp:19->awn_int8.cpp:30->awn_int8.cpp:234]   --->   Operation 303 'add' 'sum' <Predicate = true> <Delay = 1.02> <CoreInst = "Adder">   --->   Core 1 'Adder' <Latency = 0> <II = 1> <Delay = 1.02> <FuncUnit> <Opcode : 'add' 'sub'> <InPorts = 2> <OutPorts = 1>
ST_4 : Operation 304 [1/1] (0.00ns)   --->   "%orq = partselect i8 @_ssdm_op_PartSelect.i8.i38.i32.i32, i38 %sum, i32 30, i32 37" [awn_int8.cpp:20->awn_int8.cpp:30->awn_int8.cpp:234]   --->   Operation 304 'partselect' 'orq' <Predicate = true> <Delay = 0.00>
ST_4 : Operation 305 [1/1] (0.00ns)   --->   "%sext_ln235 = sext i8 %orq" [awn_int8.cpp:235]   --->   Operation 305 'sext' 'sext_ln235' <Predicate = true> <Delay = 0.00>
ST_4 : Operation 306 [1/1] (0.00ns)   --->   "%zext_ln235 = zext i1 %p_tanh_load" [awn_int8.cpp:235]   --->   Operation 306 'zext' 'zext_ln235' <Predicate = true> <Delay = 0.00>
ST_4 : Operation 307 [1/1] (0.76ns)   --->   "%sub_ln235 = sub i9 %sext_ln235, i9 %zext_ln235" [awn_int8.cpp:235]   --->   Operation 307 'sub' 'sub_ln235' <Predicate = true> <Delay = 0.76> <CoreInst = "Adder">   --->   Core 1 'Adder' <Latency = 0> <II = 1> <Delay = 0.76> <FuncUnit> <Opcode : 'add' 'sub'> <InPorts = 2> <OutPorts = 1>
ST_4 : Operation 308 [1/1] (0.00ns)   --->   "%tmp = partselect i2 @_ssdm_op_PartSelect.i2.i9.i32.i32, i9 %sub_ln235, i32 7, i32 8" [awn_int8.cpp:24->awn_int8.cpp:235]   --->   Operation 308 'partselect' 'tmp' <Predicate = true> <Delay = 0.00>
ST_4 : Operation 309 [1/1] (0.54ns)   --->   "%icmp_ln24 = icmp_eq  i2 %tmp, i2 1" [awn_int8.cpp:24->awn_int8.cpp:235]   --->   Operation 309 'icmp' 'icmp_ln24' <Predicate = true> <Delay = 0.54> <CoreInst = "Cmp">   --->   Core 9 'Cmp' <Latency = 0> <II = 1> <Delay = 0.54> <FuncUnit> <Opcode : 'icmp'> <InPorts = 2> <OutPorts = 1>
ST_4 : Operation 310 [1/1] (0.77ns)   --->   "%icmp_ln25 = icmp_slt  i9 %sub_ln235, i9 384" [awn_int8.cpp:25->awn_int8.cpp:235]   --->   Operation 310 'icmp' 'icmp_ln25' <Predicate = true> <Delay = 0.77> <CoreInst = "Cmp">   --->   Core 9 'Cmp' <Latency = 0> <II = 1> <Delay = 0.77> <FuncUnit> <Opcode : 'icmp'> <InPorts = 2> <OutPorts = 1>
ST_4 : Operation 311 [1/1] (0.00ns) (grouped into LUT with out node select_ln24_1)   --->   "%trunc_ln26 = trunc i9 %sub_ln235" [awn_int8.cpp:26->awn_int8.cpp:235]   --->   Operation 311 'trunc' 'trunc_ln26' <Predicate = true> <Delay = 0.00>
ST_4 : Operation 312 [1/1] (0.00ns) (grouped into LUT with out node select_ln24_1)   --->   "%select_ln24_6 = select i1 %icmp_ln24, i8 127, i8 128" [awn_int8.cpp:24->awn_int8.cpp:235]   --->   Operation 312 'select' 'select_ln24_6' <Predicate = true> <Delay = 0.00> <CoreInst = "Sel">   --->   Core 73 'Sel' <Latency = 0> <II = 1> <Delay = 0.39> <FuncUnit> <Opcode : 'select'> <InPorts = 3> <OutPorts = 1>
ST_4 : Operation 313 [1/1] (0.00ns) (grouped into LUT with out node select_ln24_1)   --->   "%or_ln24 = or i1 %icmp_ln24, i1 %icmp_ln25" [awn_int8.cpp:24->awn_int8.cpp:235]   --->   Operation 313 'or' 'or_ln24' <Predicate = true> <Delay = 0.00> <CoreInst = "LogicGate">   --->   Core 74 'LogicGate' <Latency = 0> <II = 1> <Delay = 0.28> <FuncUnit> <Opcode : 'and' 'or' 'xor'> <InPorts = 2> <OutPorts = 1>
ST_4 : Operation 314 [1/1] (0.39ns) (out node of the LUT)   --->   "%select_ln24_1 = select i1 %or_ln24, i8 %select_ln24_6, i8 %trunc_ln26" [awn_int8.cpp:24->awn_int8.cpp:235]   --->   Operation 314 'select' 'select_ln24_1' <Predicate = true> <Delay = 0.39> <CoreInst = "Sel">   --->   Core 73 'Sel' <Latency = 0> <II = 1> <Delay = 0.39> <FuncUnit> <Opcode : 'select'> <InPorts = 3> <OutPorts = 1>
ST_4 : Operation 315 [1/1] (0.67ns)   --->   "%store_ln235 = store i8 %select_ln24_1, i6 %d_q_62_addr" [awn_int8.cpp:235]   --->   Operation 315 'store' 'store_ln235' <Predicate = (trunc_ln233 == 62)> <Delay = 0.67> <CoreInst = "RAM">   --->   Core 83 'RAM' <Latency = 1> <II = 1> <Delay = 0.67> <Storage> <Opcode : 'load' 'store'> <Ports = 2> <Width = 8> <Depth = 64> <RAM>
ST_4 : Operation 316 [1/1] (0.00ns)   --->   "%br_ln235 = br void %arrayidx863.exit" [awn_int8.cpp:235]   --->   Operation 316 'br' 'br_ln235' <Predicate = (trunc_ln233 == 62)> <Delay = 0.00>
ST_4 : Operation 317 [1/1] (0.67ns)   --->   "%store_ln235 = store i8 %select_ln24_1, i6 %d_q_61_addr" [awn_int8.cpp:235]   --->   Operation 317 'store' 'store_ln235' <Predicate = (trunc_ln233 == 61)> <Delay = 0.67> <CoreInst = "RAM">   --->   Core 83 'RAM' <Latency = 1> <II = 1> <Delay = 0.67> <Storage> <Opcode : 'load' 'store'> <Ports = 2> <Width = 8> <Depth = 64> <RAM>
ST_4 : Operation 318 [1/1] (0.00ns)   --->   "%br_ln235 = br void %arrayidx863.exit" [awn_int8.cpp:235]   --->   Operation 318 'br' 'br_ln235' <Predicate = (trunc_ln233 == 61)> <Delay = 0.00>
ST_4 : Operation 319 [1/1] (0.67ns)   --->   "%store_ln235 = store i8 %select_ln24_1, i6 %d_q_60_addr" [awn_int8.cpp:235]   --->   Operation 319 'store' 'store_ln235' <Predicate = (trunc_ln233 == 60)> <Delay = 0.67> <CoreInst = "RAM">   --->   Core 83 'RAM' <Latency = 1> <II = 1> <Delay = 0.67> <Storage> <Opcode : 'load' 'store'> <Ports = 2> <Width = 8> <Depth = 64> <RAM>
ST_4 : Operation 320 [1/1] (0.00ns)   --->   "%br_ln235 = br void %arrayidx863.exit" [awn_int8.cpp:235]   --->   Operation 320 'br' 'br_ln235' <Predicate = (trunc_ln233 == 60)> <Delay = 0.00>
ST_4 : Operation 321 [1/1] (0.67ns)   --->   "%store_ln235 = store i8 %select_ln24_1, i6 %d_q_59_addr" [awn_int8.cpp:235]   --->   Operation 321 'store' 'store_ln235' <Predicate = (trunc_ln233 == 59)> <Delay = 0.67> <CoreInst = "RAM">   --->   Core 83 'RAM' <Latency = 1> <II = 1> <Delay = 0.67> <Storage> <Opcode : 'load' 'store'> <Ports = 2> <Width = 8> <Depth = 64> <RAM>
ST_4 : Operation 322 [1/1] (0.00ns)   --->   "%br_ln235 = br void %arrayidx863.exit" [awn_int8.cpp:235]   --->   Operation 322 'br' 'br_ln235' <Predicate = (trunc_ln233 == 59)> <Delay = 0.00>
ST_4 : Operation 323 [1/1] (0.67ns)   --->   "%store_ln235 = store i8 %select_ln24_1, i6 %d_q_58_addr" [awn_int8.cpp:235]   --->   Operation 323 'store' 'store_ln235' <Predicate = (trunc_ln233 == 58)> <Delay = 0.67> <CoreInst = "RAM">   --->   Core 83 'RAM' <Latency = 1> <II = 1> <Delay = 0.67> <Storage> <Opcode : 'load' 'store'> <Ports = 2> <Width = 8> <Depth = 64> <RAM>
ST_4 : Operation 324 [1/1] (0.00ns)   --->   "%br_ln235 = br void %arrayidx863.exit" [awn_int8.cpp:235]   --->   Operation 324 'br' 'br_ln235' <Predicate = (trunc_ln233 == 58)> <Delay = 0.00>
ST_4 : Operation 325 [1/1] (0.67ns)   --->   "%store_ln235 = store i8 %select_ln24_1, i6 %d_q_57_addr" [awn_int8.cpp:235]   --->   Operation 325 'store' 'store_ln235' <Predicate = (trunc_ln233 == 57)> <Delay = 0.67> <CoreInst = "RAM">   --->   Core 83 'RAM' <Latency = 1> <II = 1> <Delay = 0.67> <Storage> <Opcode : 'load' 'store'> <Ports = 2> <Width = 8> <Depth = 64> <RAM>
ST_4 : Operation 326 [1/1] (0.00ns)   --->   "%br_ln235 = br void %arrayidx863.exit" [awn_int8.cpp:235]   --->   Operation 326 'br' 'br_ln235' <Predicate = (trunc_ln233 == 57)> <Delay = 0.00>
ST_4 : Operation 327 [1/1] (0.67ns)   --->   "%store_ln235 = store i8 %select_ln24_1, i6 %d_q_56_addr" [awn_int8.cpp:235]   --->   Operation 327 'store' 'store_ln235' <Predicate = (trunc_ln233 == 56)> <Delay = 0.67> <CoreInst = "RAM">   --->   Core 83 'RAM' <Latency = 1> <II = 1> <Delay = 0.67> <Storage> <Opcode : 'load' 'store'> <Ports = 2> <Width = 8> <Depth = 64> <RAM>
ST_4 : Operation 328 [1/1] (0.00ns)   --->   "%br_ln235 = br void %arrayidx863.exit" [awn_int8.cpp:235]   --->   Operation 328 'br' 'br_ln235' <Predicate = (trunc_ln233 == 56)> <Delay = 0.00>
ST_4 : Operation 329 [1/1] (0.67ns)   --->   "%store_ln235 = store i8 %select_ln24_1, i6 %d_q_55_addr" [awn_int8.cpp:235]   --->   Operation 329 'store' 'store_ln235' <Predicate = (trunc_ln233 == 55)> <Delay = 0.67> <CoreInst = "RAM">   --->   Core 83 'RAM' <Latency = 1> <II = 1> <Delay = 0.67> <Storage> <Opcode : 'load' 'store'> <Ports = 2> <Width = 8> <Depth = 64> <RAM>
ST_4 : Operation 330 [1/1] (0.00ns)   --->   "%br_ln235 = br void %arrayidx863.exit" [awn_int8.cpp:235]   --->   Operation 330 'br' 'br_ln235' <Predicate = (trunc_ln233 == 55)> <Delay = 0.00>
ST_4 : Operation 331 [1/1] (0.67ns)   --->   "%store_ln235 = store i8 %select_ln24_1, i6 %d_q_54_addr" [awn_int8.cpp:235]   --->   Operation 331 'store' 'store_ln235' <Predicate = (trunc_ln233 == 54)> <Delay = 0.67> <CoreInst = "RAM">   --->   Core 83 'RAM' <Latency = 1> <II = 1> <Delay = 0.67> <Storage> <Opcode : 'load' 'store'> <Ports = 2> <Width = 8> <Depth = 64> <RAM>
ST_4 : Operation 332 [1/1] (0.00ns)   --->   "%br_ln235 = br void %arrayidx863.exit" [awn_int8.cpp:235]   --->   Operation 332 'br' 'br_ln235' <Predicate = (trunc_ln233 == 54)> <Delay = 0.00>
ST_4 : Operation 333 [1/1] (0.67ns)   --->   "%store_ln235 = store i8 %select_ln24_1, i6 %d_q_53_addr" [awn_int8.cpp:235]   --->   Operation 333 'store' 'store_ln235' <Predicate = (trunc_ln233 == 53)> <Delay = 0.67> <CoreInst = "RAM">   --->   Core 83 'RAM' <Latency = 1> <II = 1> <Delay = 0.67> <Storage> <Opcode : 'load' 'store'> <Ports = 2> <Width = 8> <Depth = 64> <RAM>
ST_4 : Operation 334 [1/1] (0.00ns)   --->   "%br_ln235 = br void %arrayidx863.exit" [awn_int8.cpp:235]   --->   Operation 334 'br' 'br_ln235' <Predicate = (trunc_ln233 == 53)> <Delay = 0.00>
ST_4 : Operation 335 [1/1] (0.67ns)   --->   "%store_ln235 = store i8 %select_ln24_1, i6 %d_q_52_addr" [awn_int8.cpp:235]   --->   Operation 335 'store' 'store_ln235' <Predicate = (trunc_ln233 == 52)> <Delay = 0.67> <CoreInst = "RAM">   --->   Core 83 'RAM' <Latency = 1> <II = 1> <Delay = 0.67> <Storage> <Opcode : 'load' 'store'> <Ports = 2> <Width = 8> <Depth = 64> <RAM>
ST_4 : Operation 336 [1/1] (0.00ns)   --->   "%br_ln235 = br void %arrayidx863.exit" [awn_int8.cpp:235]   --->   Operation 336 'br' 'br_ln235' <Predicate = (trunc_ln233 == 52)> <Delay = 0.00>
ST_4 : Operation 337 [1/1] (0.67ns)   --->   "%store_ln235 = store i8 %select_ln24_1, i6 %d_q_51_addr" [awn_int8.cpp:235]   --->   Operation 337 'store' 'store_ln235' <Predicate = (trunc_ln233 == 51)> <Delay = 0.67> <CoreInst = "RAM">   --->   Core 83 'RAM' <Latency = 1> <II = 1> <Delay = 0.67> <Storage> <Opcode : 'load' 'store'> <Ports = 2> <Width = 8> <Depth = 64> <RAM>
ST_4 : Operation 338 [1/1] (0.00ns)   --->   "%br_ln235 = br void %arrayidx863.exit" [awn_int8.cpp:235]   --->   Operation 338 'br' 'br_ln235' <Predicate = (trunc_ln233 == 51)> <Delay = 0.00>
ST_4 : Operation 339 [1/1] (0.67ns)   --->   "%store_ln235 = store i8 %select_ln24_1, i6 %d_q_50_addr" [awn_int8.cpp:235]   --->   Operation 339 'store' 'store_ln235' <Predicate = (trunc_ln233 == 50)> <Delay = 0.67> <CoreInst = "RAM">   --->   Core 83 'RAM' <Latency = 1> <II = 1> <Delay = 0.67> <Storage> <Opcode : 'load' 'store'> <Ports = 2> <Width = 8> <Depth = 64> <RAM>
ST_4 : Operation 340 [1/1] (0.00ns)   --->   "%br_ln235 = br void %arrayidx863.exit" [awn_int8.cpp:235]   --->   Operation 340 'br' 'br_ln235' <Predicate = (trunc_ln233 == 50)> <Delay = 0.00>
ST_4 : Operation 341 [1/1] (0.67ns)   --->   "%store_ln235 = store i8 %select_ln24_1, i6 %d_q_49_addr" [awn_int8.cpp:235]   --->   Operation 341 'store' 'store_ln235' <Predicate = (trunc_ln233 == 49)> <Delay = 0.67> <CoreInst = "RAM">   --->   Core 83 'RAM' <Latency = 1> <II = 1> <Delay = 0.67> <Storage> <Opcode : 'load' 'store'> <Ports = 2> <Width = 8> <Depth = 64> <RAM>
ST_4 : Operation 342 [1/1] (0.00ns)   --->   "%br_ln235 = br void %arrayidx863.exit" [awn_int8.cpp:235]   --->   Operation 342 'br' 'br_ln235' <Predicate = (trunc_ln233 == 49)> <Delay = 0.00>
ST_4 : Operation 343 [1/1] (0.67ns)   --->   "%store_ln235 = store i8 %select_ln24_1, i6 %d_q_48_addr" [awn_int8.cpp:235]   --->   Operation 343 'store' 'store_ln235' <Predicate = (trunc_ln233 == 48)> <Delay = 0.67> <CoreInst = "RAM">   --->   Core 83 'RAM' <Latency = 1> <II = 1> <Delay = 0.67> <Storage> <Opcode : 'load' 'store'> <Ports = 2> <Width = 8> <Depth = 64> <RAM>
ST_4 : Operation 344 [1/1] (0.00ns)   --->   "%br_ln235 = br void %arrayidx863.exit" [awn_int8.cpp:235]   --->   Operation 344 'br' 'br_ln235' <Predicate = (trunc_ln233 == 48)> <Delay = 0.00>
ST_4 : Operation 345 [1/1] (0.67ns)   --->   "%store_ln235 = store i8 %select_ln24_1, i6 %d_q_47_addr" [awn_int8.cpp:235]   --->   Operation 345 'store' 'store_ln235' <Predicate = (trunc_ln233 == 47)> <Delay = 0.67> <CoreInst = "RAM">   --->   Core 83 'RAM' <Latency = 1> <II = 1> <Delay = 0.67> <Storage> <Opcode : 'load' 'store'> <Ports = 2> <Width = 8> <Depth = 64> <RAM>
ST_4 : Operation 346 [1/1] (0.00ns)   --->   "%br_ln235 = br void %arrayidx863.exit" [awn_int8.cpp:235]   --->   Operation 346 'br' 'br_ln235' <Predicate = (trunc_ln233 == 47)> <Delay = 0.00>
ST_4 : Operation 347 [1/1] (0.67ns)   --->   "%store_ln235 = store i8 %select_ln24_1, i6 %d_q_46_addr" [awn_int8.cpp:235]   --->   Operation 347 'store' 'store_ln235' <Predicate = (trunc_ln233 == 46)> <Delay = 0.67> <CoreInst = "RAM">   --->   Core 83 'RAM' <Latency = 1> <II = 1> <Delay = 0.67> <Storage> <Opcode : 'load' 'store'> <Ports = 2> <Width = 8> <Depth = 64> <RAM>
ST_4 : Operation 348 [1/1] (0.00ns)   --->   "%br_ln235 = br void %arrayidx863.exit" [awn_int8.cpp:235]   --->   Operation 348 'br' 'br_ln235' <Predicate = (trunc_ln233 == 46)> <Delay = 0.00>
ST_4 : Operation 349 [1/1] (0.67ns)   --->   "%store_ln235 = store i8 %select_ln24_1, i6 %d_q_45_addr" [awn_int8.cpp:235]   --->   Operation 349 'store' 'store_ln235' <Predicate = (trunc_ln233 == 45)> <Delay = 0.67> <CoreInst = "RAM">   --->   Core 83 'RAM' <Latency = 1> <II = 1> <Delay = 0.67> <Storage> <Opcode : 'load' 'store'> <Ports = 2> <Width = 8> <Depth = 64> <RAM>
ST_4 : Operation 350 [1/1] (0.00ns)   --->   "%br_ln235 = br void %arrayidx863.exit" [awn_int8.cpp:235]   --->   Operation 350 'br' 'br_ln235' <Predicate = (trunc_ln233 == 45)> <Delay = 0.00>
ST_4 : Operation 351 [1/1] (0.67ns)   --->   "%store_ln235 = store i8 %select_ln24_1, i6 %d_q_44_addr" [awn_int8.cpp:235]   --->   Operation 351 'store' 'store_ln235' <Predicate = (trunc_ln233 == 44)> <Delay = 0.67> <CoreInst = "RAM">   --->   Core 83 'RAM' <Latency = 1> <II = 1> <Delay = 0.67> <Storage> <Opcode : 'load' 'store'> <Ports = 2> <Width = 8> <Depth = 64> <RAM>
ST_4 : Operation 352 [1/1] (0.00ns)   --->   "%br_ln235 = br void %arrayidx863.exit" [awn_int8.cpp:235]   --->   Operation 352 'br' 'br_ln235' <Predicate = (trunc_ln233 == 44)> <Delay = 0.00>
ST_4 : Operation 353 [1/1] (0.67ns)   --->   "%store_ln235 = store i8 %select_ln24_1, i6 %d_q_43_addr" [awn_int8.cpp:235]   --->   Operation 353 'store' 'store_ln235' <Predicate = (trunc_ln233 == 43)> <Delay = 0.67> <CoreInst = "RAM">   --->   Core 83 'RAM' <Latency = 1> <II = 1> <Delay = 0.67> <Storage> <Opcode : 'load' 'store'> <Ports = 2> <Width = 8> <Depth = 64> <RAM>
ST_4 : Operation 354 [1/1] (0.00ns)   --->   "%br_ln235 = br void %arrayidx863.exit" [awn_int8.cpp:235]   --->   Operation 354 'br' 'br_ln235' <Predicate = (trunc_ln233 == 43)> <Delay = 0.00>
ST_4 : Operation 355 [1/1] (0.67ns)   --->   "%store_ln235 = store i8 %select_ln24_1, i6 %d_q_42_addr" [awn_int8.cpp:235]   --->   Operation 355 'store' 'store_ln235' <Predicate = (trunc_ln233 == 42)> <Delay = 0.67> <CoreInst = "RAM">   --->   Core 83 'RAM' <Latency = 1> <II = 1> <Delay = 0.67> <Storage> <Opcode : 'load' 'store'> <Ports = 2> <Width = 8> <Depth = 64> <RAM>
ST_4 : Operation 356 [1/1] (0.00ns)   --->   "%br_ln235 = br void %arrayidx863.exit" [awn_int8.cpp:235]   --->   Operation 356 'br' 'br_ln235' <Predicate = (trunc_ln233 == 42)> <Delay = 0.00>
ST_4 : Operation 357 [1/1] (0.67ns)   --->   "%store_ln235 = store i8 %select_ln24_1, i6 %d_q_41_addr" [awn_int8.cpp:235]   --->   Operation 357 'store' 'store_ln235' <Predicate = (trunc_ln233 == 41)> <Delay = 0.67> <CoreInst = "RAM">   --->   Core 83 'RAM' <Latency = 1> <II = 1> <Delay = 0.67> <Storage> <Opcode : 'load' 'store'> <Ports = 2> <Width = 8> <Depth = 64> <RAM>
ST_4 : Operation 358 [1/1] (0.00ns)   --->   "%br_ln235 = br void %arrayidx863.exit" [awn_int8.cpp:235]   --->   Operation 358 'br' 'br_ln235' <Predicate = (trunc_ln233 == 41)> <Delay = 0.00>
ST_4 : Operation 359 [1/1] (0.67ns)   --->   "%store_ln235 = store i8 %select_ln24_1, i6 %d_q_40_addr" [awn_int8.cpp:235]   --->   Operation 359 'store' 'store_ln235' <Predicate = (trunc_ln233 == 40)> <Delay = 0.67> <CoreInst = "RAM">   --->   Core 83 'RAM' <Latency = 1> <II = 1> <Delay = 0.67> <Storage> <Opcode : 'load' 'store'> <Ports = 2> <Width = 8> <Depth = 64> <RAM>
ST_4 : Operation 360 [1/1] (0.00ns)   --->   "%br_ln235 = br void %arrayidx863.exit" [awn_int8.cpp:235]   --->   Operation 360 'br' 'br_ln235' <Predicate = (trunc_ln233 == 40)> <Delay = 0.00>
ST_4 : Operation 361 [1/1] (0.67ns)   --->   "%store_ln235 = store i8 %select_ln24_1, i6 %d_q_39_addr" [awn_int8.cpp:235]   --->   Operation 361 'store' 'store_ln235' <Predicate = (trunc_ln233 == 39)> <Delay = 0.67> <CoreInst = "RAM">   --->   Core 83 'RAM' <Latency = 1> <II = 1> <Delay = 0.67> <Storage> <Opcode : 'load' 'store'> <Ports = 2> <Width = 8> <Depth = 64> <RAM>
ST_4 : Operation 362 [1/1] (0.00ns)   --->   "%br_ln235 = br void %arrayidx863.exit" [awn_int8.cpp:235]   --->   Operation 362 'br' 'br_ln235' <Predicate = (trunc_ln233 == 39)> <Delay = 0.00>
ST_4 : Operation 363 [1/1] (0.67ns)   --->   "%store_ln235 = store i8 %select_ln24_1, i6 %d_q_38_addr" [awn_int8.cpp:235]   --->   Operation 363 'store' 'store_ln235' <Predicate = (trunc_ln233 == 38)> <Delay = 0.67> <CoreInst = "RAM">   --->   Core 83 'RAM' <Latency = 1> <II = 1> <Delay = 0.67> <Storage> <Opcode : 'load' 'store'> <Ports = 2> <Width = 8> <Depth = 64> <RAM>
ST_4 : Operation 364 [1/1] (0.00ns)   --->   "%br_ln235 = br void %arrayidx863.exit" [awn_int8.cpp:235]   --->   Operation 364 'br' 'br_ln235' <Predicate = (trunc_ln233 == 38)> <Delay = 0.00>
ST_4 : Operation 365 [1/1] (0.67ns)   --->   "%store_ln235 = store i8 %select_ln24_1, i6 %d_q_37_addr" [awn_int8.cpp:235]   --->   Operation 365 'store' 'store_ln235' <Predicate = (trunc_ln233 == 37)> <Delay = 0.67> <CoreInst = "RAM">   --->   Core 83 'RAM' <Latency = 1> <II = 1> <Delay = 0.67> <Storage> <Opcode : 'load' 'store'> <Ports = 2> <Width = 8> <Depth = 64> <RAM>
ST_4 : Operation 366 [1/1] (0.00ns)   --->   "%br_ln235 = br void %arrayidx863.exit" [awn_int8.cpp:235]   --->   Operation 366 'br' 'br_ln235' <Predicate = (trunc_ln233 == 37)> <Delay = 0.00>
ST_4 : Operation 367 [1/1] (0.67ns)   --->   "%store_ln235 = store i8 %select_ln24_1, i6 %d_q_36_addr" [awn_int8.cpp:235]   --->   Operation 367 'store' 'store_ln235' <Predicate = (trunc_ln233 == 36)> <Delay = 0.67> <CoreInst = "RAM">   --->   Core 83 'RAM' <Latency = 1> <II = 1> <Delay = 0.67> <Storage> <Opcode : 'load' 'store'> <Ports = 2> <Width = 8> <Depth = 64> <RAM>
ST_4 : Operation 368 [1/1] (0.00ns)   --->   "%br_ln235 = br void %arrayidx863.exit" [awn_int8.cpp:235]   --->   Operation 368 'br' 'br_ln235' <Predicate = (trunc_ln233 == 36)> <Delay = 0.00>
ST_4 : Operation 369 [1/1] (0.67ns)   --->   "%store_ln235 = store i8 %select_ln24_1, i6 %d_q_35_addr" [awn_int8.cpp:235]   --->   Operation 369 'store' 'store_ln235' <Predicate = (trunc_ln233 == 35)> <Delay = 0.67> <CoreInst = "RAM">   --->   Core 83 'RAM' <Latency = 1> <II = 1> <Delay = 0.67> <Storage> <Opcode : 'load' 'store'> <Ports = 2> <Width = 8> <Depth = 64> <RAM>
ST_4 : Operation 370 [1/1] (0.00ns)   --->   "%br_ln235 = br void %arrayidx863.exit" [awn_int8.cpp:235]   --->   Operation 370 'br' 'br_ln235' <Predicate = (trunc_ln233 == 35)> <Delay = 0.00>
ST_4 : Operation 371 [1/1] (0.67ns)   --->   "%store_ln235 = store i8 %select_ln24_1, i6 %d_q_34_addr" [awn_int8.cpp:235]   --->   Operation 371 'store' 'store_ln235' <Predicate = (trunc_ln233 == 34)> <Delay = 0.67> <CoreInst = "RAM">   --->   Core 83 'RAM' <Latency = 1> <II = 1> <Delay = 0.67> <Storage> <Opcode : 'load' 'store'> <Ports = 2> <Width = 8> <Depth = 64> <RAM>
ST_4 : Operation 372 [1/1] (0.00ns)   --->   "%br_ln235 = br void %arrayidx863.exit" [awn_int8.cpp:235]   --->   Operation 372 'br' 'br_ln235' <Predicate = (trunc_ln233 == 34)> <Delay = 0.00>
ST_4 : Operation 373 [1/1] (0.67ns)   --->   "%store_ln235 = store i8 %select_ln24_1, i6 %d_q_33_addr" [awn_int8.cpp:235]   --->   Operation 373 'store' 'store_ln235' <Predicate = (trunc_ln233 == 33)> <Delay = 0.67> <CoreInst = "RAM">   --->   Core 83 'RAM' <Latency = 1> <II = 1> <Delay = 0.67> <Storage> <Opcode : 'load' 'store'> <Ports = 2> <Width = 8> <Depth = 64> <RAM>
ST_4 : Operation 374 [1/1] (0.00ns)   --->   "%br_ln235 = br void %arrayidx863.exit" [awn_int8.cpp:235]   --->   Operation 374 'br' 'br_ln235' <Predicate = (trunc_ln233 == 33)> <Delay = 0.00>
ST_4 : Operation 375 [1/1] (0.67ns)   --->   "%store_ln235 = store i8 %select_ln24_1, i6 %d_q_32_addr" [awn_int8.cpp:235]   --->   Operation 375 'store' 'store_ln235' <Predicate = (trunc_ln233 == 32)> <Delay = 0.67> <CoreInst = "RAM">   --->   Core 83 'RAM' <Latency = 1> <II = 1> <Delay = 0.67> <Storage> <Opcode : 'load' 'store'> <Ports = 2> <Width = 8> <Depth = 64> <RAM>
ST_4 : Operation 376 [1/1] (0.00ns)   --->   "%br_ln235 = br void %arrayidx863.exit" [awn_int8.cpp:235]   --->   Operation 376 'br' 'br_ln235' <Predicate = (trunc_ln233 == 32)> <Delay = 0.00>
ST_4 : Operation 377 [1/1] (0.67ns)   --->   "%store_ln235 = store i8 %select_ln24_1, i6 %d_q_31_addr" [awn_int8.cpp:235]   --->   Operation 377 'store' 'store_ln235' <Predicate = (trunc_ln233 == 31)> <Delay = 0.67> <CoreInst = "RAM">   --->   Core 83 'RAM' <Latency = 1> <II = 1> <Delay = 0.67> <Storage> <Opcode : 'load' 'store'> <Ports = 2> <Width = 8> <Depth = 64> <RAM>
ST_4 : Operation 378 [1/1] (0.00ns)   --->   "%br_ln235 = br void %arrayidx863.exit" [awn_int8.cpp:235]   --->   Operation 378 'br' 'br_ln235' <Predicate = (trunc_ln233 == 31)> <Delay = 0.00>
ST_4 : Operation 379 [1/1] (0.67ns)   --->   "%store_ln235 = store i8 %select_ln24_1, i6 %d_q_30_addr" [awn_int8.cpp:235]   --->   Operation 379 'store' 'store_ln235' <Predicate = (trunc_ln233 == 30)> <Delay = 0.67> <CoreInst = "RAM">   --->   Core 83 'RAM' <Latency = 1> <II = 1> <Delay = 0.67> <Storage> <Opcode : 'load' 'store'> <Ports = 2> <Width = 8> <Depth = 64> <RAM>
ST_4 : Operation 380 [1/1] (0.00ns)   --->   "%br_ln235 = br void %arrayidx863.exit" [awn_int8.cpp:235]   --->   Operation 380 'br' 'br_ln235' <Predicate = (trunc_ln233 == 30)> <Delay = 0.00>
ST_4 : Operation 381 [1/1] (0.67ns)   --->   "%store_ln235 = store i8 %select_ln24_1, i6 %d_q_29_addr" [awn_int8.cpp:235]   --->   Operation 381 'store' 'store_ln235' <Predicate = (trunc_ln233 == 29)> <Delay = 0.67> <CoreInst = "RAM">   --->   Core 83 'RAM' <Latency = 1> <II = 1> <Delay = 0.67> <Storage> <Opcode : 'load' 'store'> <Ports = 2> <Width = 8> <Depth = 64> <RAM>
ST_4 : Operation 382 [1/1] (0.00ns)   --->   "%br_ln235 = br void %arrayidx863.exit" [awn_int8.cpp:235]   --->   Operation 382 'br' 'br_ln235' <Predicate = (trunc_ln233 == 29)> <Delay = 0.00>
ST_4 : Operation 383 [1/1] (0.67ns)   --->   "%store_ln235 = store i8 %select_ln24_1, i6 %d_q_28_addr" [awn_int8.cpp:235]   --->   Operation 383 'store' 'store_ln235' <Predicate = (trunc_ln233 == 28)> <Delay = 0.67> <CoreInst = "RAM">   --->   Core 83 'RAM' <Latency = 1> <II = 1> <Delay = 0.67> <Storage> <Opcode : 'load' 'store'> <Ports = 2> <Width = 8> <Depth = 64> <RAM>
ST_4 : Operation 384 [1/1] (0.00ns)   --->   "%br_ln235 = br void %arrayidx863.exit" [awn_int8.cpp:235]   --->   Operation 384 'br' 'br_ln235' <Predicate = (trunc_ln233 == 28)> <Delay = 0.00>
ST_4 : Operation 385 [1/1] (0.67ns)   --->   "%store_ln235 = store i8 %select_ln24_1, i6 %d_q_27_addr" [awn_int8.cpp:235]   --->   Operation 385 'store' 'store_ln235' <Predicate = (trunc_ln233 == 27)> <Delay = 0.67> <CoreInst = "RAM">   --->   Core 83 'RAM' <Latency = 1> <II = 1> <Delay = 0.67> <Storage> <Opcode : 'load' 'store'> <Ports = 2> <Width = 8> <Depth = 64> <RAM>
ST_4 : Operation 386 [1/1] (0.00ns)   --->   "%br_ln235 = br void %arrayidx863.exit" [awn_int8.cpp:235]   --->   Operation 386 'br' 'br_ln235' <Predicate = (trunc_ln233 == 27)> <Delay = 0.00>
ST_4 : Operation 387 [1/1] (0.67ns)   --->   "%store_ln235 = store i8 %select_ln24_1, i6 %d_q_26_addr" [awn_int8.cpp:235]   --->   Operation 387 'store' 'store_ln235' <Predicate = (trunc_ln233 == 26)> <Delay = 0.67> <CoreInst = "RAM">   --->   Core 83 'RAM' <Latency = 1> <II = 1> <Delay = 0.67> <Storage> <Opcode : 'load' 'store'> <Ports = 2> <Width = 8> <Depth = 64> <RAM>
ST_4 : Operation 388 [1/1] (0.00ns)   --->   "%br_ln235 = br void %arrayidx863.exit" [awn_int8.cpp:235]   --->   Operation 388 'br' 'br_ln235' <Predicate = (trunc_ln233 == 26)> <Delay = 0.00>
ST_4 : Operation 389 [1/1] (0.67ns)   --->   "%store_ln235 = store i8 %select_ln24_1, i6 %d_q_25_addr" [awn_int8.cpp:235]   --->   Operation 389 'store' 'store_ln235' <Predicate = (trunc_ln233 == 25)> <Delay = 0.67> <CoreInst = "RAM">   --->   Core 83 'RAM' <Latency = 1> <II = 1> <Delay = 0.67> <Storage> <Opcode : 'load' 'store'> <Ports = 2> <Width = 8> <Depth = 64> <RAM>
ST_4 : Operation 390 [1/1] (0.00ns)   --->   "%br_ln235 = br void %arrayidx863.exit" [awn_int8.cpp:235]   --->   Operation 390 'br' 'br_ln235' <Predicate = (trunc_ln233 == 25)> <Delay = 0.00>
ST_4 : Operation 391 [1/1] (0.67ns)   --->   "%store_ln235 = store i8 %select_ln24_1, i6 %d_q_24_addr" [awn_int8.cpp:235]   --->   Operation 391 'store' 'store_ln235' <Predicate = (trunc_ln233 == 24)> <Delay = 0.67> <CoreInst = "RAM">   --->   Core 83 'RAM' <Latency = 1> <II = 1> <Delay = 0.67> <Storage> <Opcode : 'load' 'store'> <Ports = 2> <Width = 8> <Depth = 64> <RAM>
ST_4 : Operation 392 [1/1] (0.00ns)   --->   "%br_ln235 = br void %arrayidx863.exit" [awn_int8.cpp:235]   --->   Operation 392 'br' 'br_ln235' <Predicate = (trunc_ln233 == 24)> <Delay = 0.00>
ST_4 : Operation 393 [1/1] (0.67ns)   --->   "%store_ln235 = store i8 %select_ln24_1, i6 %d_q_23_addr" [awn_int8.cpp:235]   --->   Operation 393 'store' 'store_ln235' <Predicate = (trunc_ln233 == 23)> <Delay = 0.67> <CoreInst = "RAM">   --->   Core 83 'RAM' <Latency = 1> <II = 1> <Delay = 0.67> <Storage> <Opcode : 'load' 'store'> <Ports = 2> <Width = 8> <Depth = 64> <RAM>
ST_4 : Operation 394 [1/1] (0.00ns)   --->   "%br_ln235 = br void %arrayidx863.exit" [awn_int8.cpp:235]   --->   Operation 394 'br' 'br_ln235' <Predicate = (trunc_ln233 == 23)> <Delay = 0.00>
ST_4 : Operation 395 [1/1] (0.67ns)   --->   "%store_ln235 = store i8 %select_ln24_1, i6 %d_q_22_addr" [awn_int8.cpp:235]   --->   Operation 395 'store' 'store_ln235' <Predicate = (trunc_ln233 == 22)> <Delay = 0.67> <CoreInst = "RAM">   --->   Core 83 'RAM' <Latency = 1> <II = 1> <Delay = 0.67> <Storage> <Opcode : 'load' 'store'> <Ports = 2> <Width = 8> <Depth = 64> <RAM>
ST_4 : Operation 396 [1/1] (0.00ns)   --->   "%br_ln235 = br void %arrayidx863.exit" [awn_int8.cpp:235]   --->   Operation 396 'br' 'br_ln235' <Predicate = (trunc_ln233 == 22)> <Delay = 0.00>
ST_4 : Operation 397 [1/1] (0.67ns)   --->   "%store_ln235 = store i8 %select_ln24_1, i6 %d_q_21_addr" [awn_int8.cpp:235]   --->   Operation 397 'store' 'store_ln235' <Predicate = (trunc_ln233 == 21)> <Delay = 0.67> <CoreInst = "RAM">   --->   Core 83 'RAM' <Latency = 1> <II = 1> <Delay = 0.67> <Storage> <Opcode : 'load' 'store'> <Ports = 2> <Width = 8> <Depth = 64> <RAM>
ST_4 : Operation 398 [1/1] (0.00ns)   --->   "%br_ln235 = br void %arrayidx863.exit" [awn_int8.cpp:235]   --->   Operation 398 'br' 'br_ln235' <Predicate = (trunc_ln233 == 21)> <Delay = 0.00>
ST_4 : Operation 399 [1/1] (0.67ns)   --->   "%store_ln235 = store i8 %select_ln24_1, i6 %d_q_20_addr" [awn_int8.cpp:235]   --->   Operation 399 'store' 'store_ln235' <Predicate = (trunc_ln233 == 20)> <Delay = 0.67> <CoreInst = "RAM">   --->   Core 83 'RAM' <Latency = 1> <II = 1> <Delay = 0.67> <Storage> <Opcode : 'load' 'store'> <Ports = 2> <Width = 8> <Depth = 64> <RAM>
ST_4 : Operation 400 [1/1] (0.00ns)   --->   "%br_ln235 = br void %arrayidx863.exit" [awn_int8.cpp:235]   --->   Operation 400 'br' 'br_ln235' <Predicate = (trunc_ln233 == 20)> <Delay = 0.00>
ST_4 : Operation 401 [1/1] (0.67ns)   --->   "%store_ln235 = store i8 %select_ln24_1, i6 %d_q_19_addr" [awn_int8.cpp:235]   --->   Operation 401 'store' 'store_ln235' <Predicate = (trunc_ln233 == 19)> <Delay = 0.67> <CoreInst = "RAM">   --->   Core 83 'RAM' <Latency = 1> <II = 1> <Delay = 0.67> <Storage> <Opcode : 'load' 'store'> <Ports = 2> <Width = 8> <Depth = 64> <RAM>
ST_4 : Operation 402 [1/1] (0.00ns)   --->   "%br_ln235 = br void %arrayidx863.exit" [awn_int8.cpp:235]   --->   Operation 402 'br' 'br_ln235' <Predicate = (trunc_ln233 == 19)> <Delay = 0.00>
ST_4 : Operation 403 [1/1] (0.67ns)   --->   "%store_ln235 = store i8 %select_ln24_1, i6 %d_q_18_addr" [awn_int8.cpp:235]   --->   Operation 403 'store' 'store_ln235' <Predicate = (trunc_ln233 == 18)> <Delay = 0.67> <CoreInst = "RAM">   --->   Core 83 'RAM' <Latency = 1> <II = 1> <Delay = 0.67> <Storage> <Opcode : 'load' 'store'> <Ports = 2> <Width = 8> <Depth = 64> <RAM>
ST_4 : Operation 404 [1/1] (0.00ns)   --->   "%br_ln235 = br void %arrayidx863.exit" [awn_int8.cpp:235]   --->   Operation 404 'br' 'br_ln235' <Predicate = (trunc_ln233 == 18)> <Delay = 0.00>
ST_4 : Operation 405 [1/1] (0.67ns)   --->   "%store_ln235 = store i8 %select_ln24_1, i6 %d_q_17_addr" [awn_int8.cpp:235]   --->   Operation 405 'store' 'store_ln235' <Predicate = (trunc_ln233 == 17)> <Delay = 0.67> <CoreInst = "RAM">   --->   Core 83 'RAM' <Latency = 1> <II = 1> <Delay = 0.67> <Storage> <Opcode : 'load' 'store'> <Ports = 2> <Width = 8> <Depth = 64> <RAM>
ST_4 : Operation 406 [1/1] (0.00ns)   --->   "%br_ln235 = br void %arrayidx863.exit" [awn_int8.cpp:235]   --->   Operation 406 'br' 'br_ln235' <Predicate = (trunc_ln233 == 17)> <Delay = 0.00>
ST_4 : Operation 407 [1/1] (0.67ns)   --->   "%store_ln235 = store i8 %select_ln24_1, i6 %d_q_16_addr" [awn_int8.cpp:235]   --->   Operation 407 'store' 'store_ln235' <Predicate = (trunc_ln233 == 16)> <Delay = 0.67> <CoreInst = "RAM">   --->   Core 83 'RAM' <Latency = 1> <II = 1> <Delay = 0.67> <Storage> <Opcode : 'load' 'store'> <Ports = 2> <Width = 8> <Depth = 64> <RAM>
ST_4 : Operation 408 [1/1] (0.00ns)   --->   "%br_ln235 = br void %arrayidx863.exit" [awn_int8.cpp:235]   --->   Operation 408 'br' 'br_ln235' <Predicate = (trunc_ln233 == 16)> <Delay = 0.00>
ST_4 : Operation 409 [1/1] (0.67ns)   --->   "%store_ln235 = store i8 %select_ln24_1, i6 %d_q_15_addr" [awn_int8.cpp:235]   --->   Operation 409 'store' 'store_ln235' <Predicate = (trunc_ln233 == 15)> <Delay = 0.67> <CoreInst = "RAM">   --->   Core 83 'RAM' <Latency = 1> <II = 1> <Delay = 0.67> <Storage> <Opcode : 'load' 'store'> <Ports = 2> <Width = 8> <Depth = 64> <RAM>
ST_4 : Operation 410 [1/1] (0.00ns)   --->   "%br_ln235 = br void %arrayidx863.exit" [awn_int8.cpp:235]   --->   Operation 410 'br' 'br_ln235' <Predicate = (trunc_ln233 == 15)> <Delay = 0.00>
ST_4 : Operation 411 [1/1] (0.67ns)   --->   "%store_ln235 = store i8 %select_ln24_1, i6 %d_q_14_addr" [awn_int8.cpp:235]   --->   Operation 411 'store' 'store_ln235' <Predicate = (trunc_ln233 == 14)> <Delay = 0.67> <CoreInst = "RAM">   --->   Core 83 'RAM' <Latency = 1> <II = 1> <Delay = 0.67> <Storage> <Opcode : 'load' 'store'> <Ports = 2> <Width = 8> <Depth = 64> <RAM>
ST_4 : Operation 412 [1/1] (0.00ns)   --->   "%br_ln235 = br void %arrayidx863.exit" [awn_int8.cpp:235]   --->   Operation 412 'br' 'br_ln235' <Predicate = (trunc_ln233 == 14)> <Delay = 0.00>
ST_4 : Operation 413 [1/1] (0.67ns)   --->   "%store_ln235 = store i8 %select_ln24_1, i6 %d_q_13_addr" [awn_int8.cpp:235]   --->   Operation 413 'store' 'store_ln235' <Predicate = (trunc_ln233 == 13)> <Delay = 0.67> <CoreInst = "RAM">   --->   Core 83 'RAM' <Latency = 1> <II = 1> <Delay = 0.67> <Storage> <Opcode : 'load' 'store'> <Ports = 2> <Width = 8> <Depth = 64> <RAM>
ST_4 : Operation 414 [1/1] (0.00ns)   --->   "%br_ln235 = br void %arrayidx863.exit" [awn_int8.cpp:235]   --->   Operation 414 'br' 'br_ln235' <Predicate = (trunc_ln233 == 13)> <Delay = 0.00>
ST_4 : Operation 415 [1/1] (0.67ns)   --->   "%store_ln235 = store i8 %select_ln24_1, i6 %d_q_12_addr" [awn_int8.cpp:235]   --->   Operation 415 'store' 'store_ln235' <Predicate = (trunc_ln233 == 12)> <Delay = 0.67> <CoreInst = "RAM">   --->   Core 83 'RAM' <Latency = 1> <II = 1> <Delay = 0.67> <Storage> <Opcode : 'load' 'store'> <Ports = 2> <Width = 8> <Depth = 64> <RAM>
ST_4 : Operation 416 [1/1] (0.00ns)   --->   "%br_ln235 = br void %arrayidx863.exit" [awn_int8.cpp:235]   --->   Operation 416 'br' 'br_ln235' <Predicate = (trunc_ln233 == 12)> <Delay = 0.00>
ST_4 : Operation 417 [1/1] (0.67ns)   --->   "%store_ln235 = store i8 %select_ln24_1, i6 %d_q_11_addr" [awn_int8.cpp:235]   --->   Operation 417 'store' 'store_ln235' <Predicate = (trunc_ln233 == 11)> <Delay = 0.67> <CoreInst = "RAM">   --->   Core 83 'RAM' <Latency = 1> <II = 1> <Delay = 0.67> <Storage> <Opcode : 'load' 'store'> <Ports = 2> <Width = 8> <Depth = 64> <RAM>
ST_4 : Operation 418 [1/1] (0.00ns)   --->   "%br_ln235 = br void %arrayidx863.exit" [awn_int8.cpp:235]   --->   Operation 418 'br' 'br_ln235' <Predicate = (trunc_ln233 == 11)> <Delay = 0.00>
ST_4 : Operation 419 [1/1] (0.67ns)   --->   "%store_ln235 = store i8 %select_ln24_1, i6 %d_q_10_addr" [awn_int8.cpp:235]   --->   Operation 419 'store' 'store_ln235' <Predicate = (trunc_ln233 == 10)> <Delay = 0.67> <CoreInst = "RAM">   --->   Core 83 'RAM' <Latency = 1> <II = 1> <Delay = 0.67> <Storage> <Opcode : 'load' 'store'> <Ports = 2> <Width = 8> <Depth = 64> <RAM>
ST_4 : Operation 420 [1/1] (0.00ns)   --->   "%br_ln235 = br void %arrayidx863.exit" [awn_int8.cpp:235]   --->   Operation 420 'br' 'br_ln235' <Predicate = (trunc_ln233 == 10)> <Delay = 0.00>
ST_4 : Operation 421 [1/1] (0.67ns)   --->   "%store_ln235 = store i8 %select_ln24_1, i6 %d_q_9_addr" [awn_int8.cpp:235]   --->   Operation 421 'store' 'store_ln235' <Predicate = (trunc_ln233 == 9)> <Delay = 0.67> <CoreInst = "RAM">   --->   Core 83 'RAM' <Latency = 1> <II = 1> <Delay = 0.67> <Storage> <Opcode : 'load' 'store'> <Ports = 2> <Width = 8> <Depth = 64> <RAM>
ST_4 : Operation 422 [1/1] (0.00ns)   --->   "%br_ln235 = br void %arrayidx863.exit" [awn_int8.cpp:235]   --->   Operation 422 'br' 'br_ln235' <Predicate = (trunc_ln233 == 9)> <Delay = 0.00>
ST_4 : Operation 423 [1/1] (0.67ns)   --->   "%store_ln235 = store i8 %select_ln24_1, i6 %d_q_8_addr" [awn_int8.cpp:235]   --->   Operation 423 'store' 'store_ln235' <Predicate = (trunc_ln233 == 8)> <Delay = 0.67> <CoreInst = "RAM">   --->   Core 83 'RAM' <Latency = 1> <II = 1> <Delay = 0.67> <Storage> <Opcode : 'load' 'store'> <Ports = 2> <Width = 8> <Depth = 64> <RAM>
ST_4 : Operation 424 [1/1] (0.00ns)   --->   "%br_ln235 = br void %arrayidx863.exit" [awn_int8.cpp:235]   --->   Operation 424 'br' 'br_ln235' <Predicate = (trunc_ln233 == 8)> <Delay = 0.00>
ST_4 : Operation 425 [1/1] (0.67ns)   --->   "%store_ln235 = store i8 %select_ln24_1, i6 %d_q_7_addr" [awn_int8.cpp:235]   --->   Operation 425 'store' 'store_ln235' <Predicate = (trunc_ln233 == 7)> <Delay = 0.67> <CoreInst = "RAM">   --->   Core 83 'RAM' <Latency = 1> <II = 1> <Delay = 0.67> <Storage> <Opcode : 'load' 'store'> <Ports = 2> <Width = 8> <Depth = 64> <RAM>
ST_4 : Operation 426 [1/1] (0.00ns)   --->   "%br_ln235 = br void %arrayidx863.exit" [awn_int8.cpp:235]   --->   Operation 426 'br' 'br_ln235' <Predicate = (trunc_ln233 == 7)> <Delay = 0.00>
ST_4 : Operation 427 [1/1] (0.67ns)   --->   "%store_ln235 = store i8 %select_ln24_1, i6 %d_q_6_addr" [awn_int8.cpp:235]   --->   Operation 427 'store' 'store_ln235' <Predicate = (trunc_ln233 == 6)> <Delay = 0.67> <CoreInst = "RAM">   --->   Core 83 'RAM' <Latency = 1> <II = 1> <Delay = 0.67> <Storage> <Opcode : 'load' 'store'> <Ports = 2> <Width = 8> <Depth = 64> <RAM>
ST_4 : Operation 428 [1/1] (0.00ns)   --->   "%br_ln235 = br void %arrayidx863.exit" [awn_int8.cpp:235]   --->   Operation 428 'br' 'br_ln235' <Predicate = (trunc_ln233 == 6)> <Delay = 0.00>
ST_4 : Operation 429 [1/1] (0.67ns)   --->   "%store_ln235 = store i8 %select_ln24_1, i6 %d_q_5_addr" [awn_int8.cpp:235]   --->   Operation 429 'store' 'store_ln235' <Predicate = (trunc_ln233 == 5)> <Delay = 0.67> <CoreInst = "RAM">   --->   Core 83 'RAM' <Latency = 1> <II = 1> <Delay = 0.67> <Storage> <Opcode : 'load' 'store'> <Ports = 2> <Width = 8> <Depth = 64> <RAM>
ST_4 : Operation 430 [1/1] (0.00ns)   --->   "%br_ln235 = br void %arrayidx863.exit" [awn_int8.cpp:235]   --->   Operation 430 'br' 'br_ln235' <Predicate = (trunc_ln233 == 5)> <Delay = 0.00>
ST_4 : Operation 431 [1/1] (0.67ns)   --->   "%store_ln235 = store i8 %select_ln24_1, i6 %d_q_4_addr" [awn_int8.cpp:235]   --->   Operation 431 'store' 'store_ln235' <Predicate = (trunc_ln233 == 4)> <Delay = 0.67> <CoreInst = "RAM">   --->   Core 83 'RAM' <Latency = 1> <II = 1> <Delay = 0.67> <Storage> <Opcode : 'load' 'store'> <Ports = 2> <Width = 8> <Depth = 64> <RAM>
ST_4 : Operation 432 [1/1] (0.00ns)   --->   "%br_ln235 = br void %arrayidx863.exit" [awn_int8.cpp:235]   --->   Operation 432 'br' 'br_ln235' <Predicate = (trunc_ln233 == 4)> <Delay = 0.00>
ST_4 : Operation 433 [1/1] (0.67ns)   --->   "%store_ln235 = store i8 %select_ln24_1, i6 %d_q_3_addr" [awn_int8.cpp:235]   --->   Operation 433 'store' 'store_ln235' <Predicate = (trunc_ln233 == 3)> <Delay = 0.67> <CoreInst = "RAM">   --->   Core 83 'RAM' <Latency = 1> <II = 1> <Delay = 0.67> <Storage> <Opcode : 'load' 'store'> <Ports = 2> <Width = 8> <Depth = 64> <RAM>
ST_4 : Operation 434 [1/1] (0.00ns)   --->   "%br_ln235 = br void %arrayidx863.exit" [awn_int8.cpp:235]   --->   Operation 434 'br' 'br_ln235' <Predicate = (trunc_ln233 == 3)> <Delay = 0.00>
ST_4 : Operation 435 [1/1] (0.67ns)   --->   "%store_ln235 = store i8 %select_ln24_1, i6 %d_q_2_addr" [awn_int8.cpp:235]   --->   Operation 435 'store' 'store_ln235' <Predicate = (trunc_ln233 == 2)> <Delay = 0.67> <CoreInst = "RAM">   --->   Core 83 'RAM' <Latency = 1> <II = 1> <Delay = 0.67> <Storage> <Opcode : 'load' 'store'> <Ports = 2> <Width = 8> <Depth = 64> <RAM>
ST_4 : Operation 436 [1/1] (0.00ns)   --->   "%br_ln235 = br void %arrayidx863.exit" [awn_int8.cpp:235]   --->   Operation 436 'br' 'br_ln235' <Predicate = (trunc_ln233 == 2)> <Delay = 0.00>
ST_4 : Operation 437 [1/1] (0.67ns)   --->   "%store_ln235 = store i8 %select_ln24_1, i6 %d_q_1_addr" [awn_int8.cpp:235]   --->   Operation 437 'store' 'store_ln235' <Predicate = (trunc_ln233 == 1)> <Delay = 0.67> <CoreInst = "RAM">   --->   Core 83 'RAM' <Latency = 1> <II = 1> <Delay = 0.67> <Storage> <Opcode : 'load' 'store'> <Ports = 2> <Width = 8> <Depth = 64> <RAM>
ST_4 : Operation 438 [1/1] (0.00ns)   --->   "%br_ln235 = br void %arrayidx863.exit" [awn_int8.cpp:235]   --->   Operation 438 'br' 'br_ln235' <Predicate = (trunc_ln233 == 1)> <Delay = 0.00>
ST_4 : Operation 439 [1/1] (0.67ns)   --->   "%store_ln235 = store i8 %select_ln24_1, i6 %d_q_addr" [awn_int8.cpp:235]   --->   Operation 439 'store' 'store_ln235' <Predicate = (trunc_ln233 == 0)> <Delay = 0.67> <CoreInst = "RAM">   --->   Core 83 'RAM' <Latency = 1> <II = 1> <Delay = 0.67> <Storage> <Opcode : 'load' 'store'> <Ports = 2> <Width = 8> <Depth = 64> <RAM>
ST_4 : Operation 440 [1/1] (0.00ns)   --->   "%br_ln235 = br void %arrayidx863.exit" [awn_int8.cpp:235]   --->   Operation 440 'br' 'br_ln235' <Predicate = (trunc_ln233 == 0)> <Delay = 0.00>
ST_4 : Operation 441 [1/1] (0.67ns)   --->   "%store_ln235 = store i8 %select_ln24_1, i6 %d_q_63_addr" [awn_int8.cpp:235]   --->   Operation 441 'store' 'store_ln235' <Predicate = (trunc_ln233 == 63)> <Delay = 0.67> <CoreInst = "RAM">   --->   Core 83 'RAM' <Latency = 1> <II = 1> <Delay = 0.67> <Storage> <Opcode : 'load' 'store'> <Ports = 2> <Width = 8> <Depth = 64> <RAM>
ST_4 : Operation 442 [1/1] (0.00ns)   --->   "%br_ln235 = br void %arrayidx863.exit" [awn_int8.cpp:235]   --->   Operation 442 'br' 'br_ln235' <Predicate = (trunc_ln233 == 63)> <Delay = 0.00>


============================================================
+ Verbose Summary: Timing violations
============================================================
Target clock period: 5.000ns, clock uncertainty: 1.350ns.

 <State 1>: 2.760ns
The critical path consists of the following:
	'store' operation 0 bit ('store_ln233', awn_int8.cpp:233) of constant 0 on local variable 't', awn_int8.cpp:233 [135]  (0.427 ns)
	'load' operation 7 bit ('t_load', awn_int8.cpp:233) on local variable 't', awn_int8.cpp:233 [143]  (0.000 ns)
	'icmp' operation 1 bit ('icmp_ln233', awn_int8.cpp:233) [148]  (0.773 ns)
	'select' operation 7 bit ('select_ln232', awn_int8.cpp:232) [149]  (0.360 ns)
	'add' operation 7 bit ('add_ln233', awn_int8.cpp:233) [563]  (0.773 ns)
	'store' operation 0 bit ('store_ln233', awn_int8.cpp:233) of variable 'add_ln233', awn_int8.cpp:233 on local variable 't', awn_int8.cpp:233 [566]  (0.427 ns)

 <State 2>: 3.179ns
The critical path consists of the following:
	'load' operation 7 bit ('ch_load', awn_int8.cpp:232) on local variable 'ch', awn_int8.cpp:232 [144]  (0.000 ns)
	'add' operation 7 bit ('add_ln232', awn_int8.cpp:232) [145]  (0.773 ns)
	'select' operation 7 bit ('select_ln232_1', awn_int8.cpp:232) [150]  (0.360 ns)
	'add' operation 12 bit ('add_ln235', awn_int8.cpp:235) [220]  (0.809 ns)
	'getelementptr' operation 12 bit ('p_tanh_addr', awn_int8.cpp:235) [222]  (0.000 ns)
	'load' operation 1 bit ('p_tanh_load', awn_int8.cpp:235) on array 'p_tanh' [359]  (1.237 ns)

 <State 3>: 3.420ns
The critical path consists of the following:
	'mul' operation 38 bit ('mul_ln17', awn_int8.cpp:17->awn_int8.cpp:30->awn_int8.cpp:234) [355]  (3.420 ns)

 <State 4>: 3.640ns
The critical path consists of the following:
	'add' operation 38 bit ('sum', awn_int8.cpp:19->awn_int8.cpp:30->awn_int8.cpp:234) [356]  (1.030 ns)
	'sub' operation 9 bit ('v', awn_int8.cpp:235) [361]  (0.765 ns)
	'icmp' operation 1 bit ('icmp_ln25', awn_int8.cpp:25->awn_int8.cpp:235) [364]  (0.776 ns)
	'or' operation 1 bit ('or_ln24', awn_int8.cpp:24->awn_int8.cpp:235) [367]  (0.000 ns)
	'select' operation 8 bit ('select_ln24_1', awn_int8.cpp:24->awn_int8.cpp:235) [368]  (0.393 ns)
	'store' operation 0 bit ('store_ln235', awn_int8.cpp:235) of variable 'select_ln24_1', awn_int8.cpp:24->awn_int8.cpp:235 on array 'd_q_44' [425]  (0.677 ns)


============================================================
+ Verbose Summary: Binding
============================================================
N/A
* FSMD analyzer results:
  - Output states:
 - Input state : 
  - Chain level:
	State 1
	State 2
	State 3
	State 4


============================================================
+ Verbose Summary: Datapath Resource usage 
============================================================
N/A
