

================================================================
== Vitis HLS Report for 'conv1_block'
================================================================
* Date:           Sat May 30 20:31:26 2026

* Version:        2023.2 (Build 4023990 on Oct 11 2023)
* Project:        proj_awn_int8
* Solution:       solution1 (Vivado IP Flow Target)
* Product family: zynquplus
* Target device:  xczu7ev-ffvc1156-2-e


================================================================
== Performance Estimates
================================================================
+ Timing: 
    * Summary: 
    +--------+---------+----------+------------+
    |  Clock |  Target | Estimated| Uncertainty|
    +--------+---------+----------+------------+
    |ap_clk  |  5.00 ns|  3.595 ns|     1.35 ns|
    +--------+---------+----------+------------+

+ Latency: 
    * Summary: 
    +---------+---------+----------+----------+-------+-------+---------+
    |  Latency (cycles) |  Latency (absolute) |    Interval   | Pipeline|
    |   min   |   max   |    min   |    max   |  min  |  max  |   Type  |
    +---------+---------+----------+----------+-------+-------+---------+
    |    32782|    32782|  0.164 ms|  0.164 ms|  32782|  32782|       no|
    +---------+---------+----------+----------+-------+-------+---------+

    + Detail: 
        * Instance: 
        N/A

        * Loop: 
        +-----------------------------------+---------+---------+----------+-----------+-----------+------+----------+
        |                                   |  Latency (cycles) | Iteration|  Initiation Interval  | Trip |          |
        |             Loop Name             |   min   |   max   |  Latency |  achieved |   target  | Count| Pipelined|
        +-----------------------------------+---------+---------+----------+-----------+-----------+------+----------+
        |- VITIS_LOOP_53_1_VITIS_LOOP_54_2  |    32780|    32780|        17|          4|          1|  8192|       yes|
        +-----------------------------------+---------+---------+----------+-----------+-----------+------+----------+

============================================================
+ Verbose Summary: Synthesis Manager
============================================================
InlineROM: 1
ExposeGlobal: 0
============================================================
+ Verbose Summary: CDFG Model
============================================================
IsTopModel: 0
ResetActiveHigh: 1
IsCombinational: 0
IsDatapathOnly: 0
HasWiredReturn: 1
HasMFsm: 2
HasVarLatency: 1
IsPipeline: 0
IsRtlPipelined: 0
IsInstanceOverlapped: 0
IsDontTouch: 0
HasImplIP: 0
IsGatedGlobalClock: 0

+ Individual pipeline summary: 
  * Pipeline-0: initiation interval (II) = 4, depth = 17


============================================================
+ Verbose Summary: Schedule
============================================================
* Number of FSM states : 17
* Pipeline : 1
  Pipeline-0 : II = 4, D = 17, States = { 1 2 3 4 5 6 7 8 9 10 11 12 13 14 15 16 17 }
* Dataflow Pipeline: 0

* FSM state transitions: 
1 --> 2 
2 --> 3 
3 --> 4 
4 --> 5 
5 --> 6 
6 --> 7 
7 --> 8 
8 --> 9 
9 --> 10 
10 --> 11 
11 --> 12 
12 --> 13 
13 --> 14 
14 --> 15 
15 --> 16 
16 --> 17 
17 --> 

* FSM state operations: 

State 1 <SV = 0> <Delay = 3.59>
ST_1 : Operation 20 [1/1] (0.00ns)   --->   "%w_in = alloca i32 1" [awn_int8.cpp:59]   --->   Operation 20 'alloca' 'w_in' <Predicate = true> <Delay = 0.00>
ST_1 : Operation 21 [1/1] (0.00ns)   --->   "%oc = alloca i32 1" [awn_int8.cpp:53]   --->   Operation 21 'alloca' 'oc' <Predicate = true> <Delay = 0.00>
ST_1 : Operation 22 [1/1] (0.00ns)   --->   "%indvar_flatten = alloca i32 1"   --->   Operation 22 'alloca' 'indvar_flatten' <Predicate = true> <Delay = 0.00>
ST_1 : Operation 23 [1/1] (0.00ns)   --->   "%specinterface_ln0 = specinterface void @_ssdm_op_SpecInterface, i8 %x_q_1, void @empty_1, i32 0, i32 0, void @empty_3, i32 4294967295, i32 0, void @empty_3, void @empty_3, void @empty_3, i32 0, i32 0, i32 0, i32 0, void @empty_3, void @empty_3, i32 4294967295, i32 0"   --->   Operation 23 'specinterface' 'specinterface_ln0' <Predicate = true> <Delay = 0.00>
ST_1 : Operation 24 [1/1] (0.00ns)   --->   "%specinterface_ln0 = specinterface void @_ssdm_op_SpecInterface, i8 %x_q_0, void @empty_1, i32 0, i32 0, void @empty_3, i32 4294967295, i32 0, void @empty_3, void @empty_3, void @empty_3, i32 0, i32 0, i32 0, i32 0, void @empty_3, void @empty_3, i32 4294967295, i32 0"   --->   Operation 24 'specinterface' 'specinterface_ln0' <Predicate = true> <Delay = 0.00>
ST_1 : Operation 25 [1/1] (0.42ns)   --->   "%store_ln0 = store i14 0, i14 %indvar_flatten"   --->   Operation 25 'store' 'store_ln0' <Predicate = true> <Delay = 0.42>
ST_1 : Operation 26 [1/1] (0.42ns)   --->   "%store_ln53 = store i7 0, i7 %oc" [awn_int8.cpp:53]   --->   Operation 26 'store' 'store_ln53' <Predicate = true> <Delay = 0.42>
ST_1 : Operation 27 [1/1] (0.42ns)   --->   "%store_ln59 = store i8 0, i8 %w_in" [awn_int8.cpp:59]   --->   Operation 27 'store' 'store_ln59' <Predicate = true> <Delay = 0.42>
ST_1 : Operation 28 [1/1] (0.00ns)   --->   "%br_ln53 = br void %VITIS_LOOP_57_3" [awn_int8.cpp:53]   --->   Operation 28 'br' 'br_ln53' <Predicate = true> <Delay = 0.00>
ST_1 : Operation 29 [1/1] (0.00ns)   --->   "%indvar_flatten_load = load i14 %indvar_flatten" [awn_int8.cpp:53]   --->   Operation 29 'load' 'indvar_flatten_load' <Predicate = true> <Delay = 0.00>
ST_1 : Operation 30 [1/1] (0.83ns)   --->   "%icmp_ln53 = icmp_eq  i14 %indvar_flatten_load, i14 8192" [awn_int8.cpp:53]   --->   Operation 30 'icmp' 'icmp_ln53' <Predicate = true> <Delay = 0.83> <CoreInst = "Cmp">   --->   Core 9 'Cmp' <Latency = 0> <II = 1> <Delay = 0.83> <FuncUnit> <Opcode : 'icmp'> <InPorts = 2> <OutPorts = 1>
ST_1 : Operation 31 [1/1] (0.83ns)   --->   "%add_ln53_1 = add i14 %indvar_flatten_load, i14 1" [awn_int8.cpp:53]   --->   Operation 31 'add' 'add_ln53_1' <Predicate = true> <Delay = 0.83> <CoreInst = "Adder">   --->   Core 1 'Adder' <Latency = 0> <II = 1> <Delay = 0.83> <FuncUnit> <Opcode : 'add' 'sub'> <InPorts = 2> <OutPorts = 1>
ST_1 : Operation 32 [1/1] (0.00ns)   --->   "%br_ln53 = br i1 %icmp_ln53, void %for.inc39, void %for.end41" [awn_int8.cpp:53]   --->   Operation 32 'br' 'br_ln53' <Predicate = true> <Delay = 0.00>
ST_1 : Operation 33 [1/1] (0.00ns)   --->   "%w_in_load = load i8 %w_in" [awn_int8.cpp:54]   --->   Operation 33 'load' 'w_in_load' <Predicate = (!icmp_ln53)> <Delay = 0.00>
ST_1 : Operation 34 [1/1] (0.00ns)   --->   "%oc_load = load i7 %oc" [awn_int8.cpp:53]   --->   Operation 34 'load' 'oc_load' <Predicate = (!icmp_ln53)> <Delay = 0.00>
ST_1 : Operation 35 [1/1] (0.77ns)   --->   "%add_ln53 = add i7 %oc_load, i7 1" [awn_int8.cpp:53]   --->   Operation 35 'add' 'add_ln53' <Predicate = (!icmp_ln53)> <Delay = 0.77> <CoreInst = "Adder">   --->   Core 1 'Adder' <Latency = 0> <II = 1> <Delay = 0.77> <FuncUnit> <Opcode : 'add' 'sub'> <InPorts = 2> <OutPorts = 1>
ST_1 : Operation 36 [1/1] (0.76ns)   --->   "%icmp_ln54 = icmp_eq  i8 %w_in_load, i8 128" [awn_int8.cpp:54]   --->   Operation 36 'icmp' 'icmp_ln54' <Predicate = (!icmp_ln53)> <Delay = 0.76> <CoreInst = "Cmp">   --->   Core 9 'Cmp' <Latency = 0> <II = 1> <Delay = 0.76> <FuncUnit> <Opcode : 'icmp'> <InPorts = 2> <OutPorts = 1>
ST_1 : Operation 37 [1/1] (0.39ns)   --->   "%select_ln53 = select i1 %icmp_ln54, i8 0, i8 %w_in_load" [awn_int8.cpp:53]   --->   Operation 37 'select' 'select_ln53' <Predicate = (!icmp_ln53)> <Delay = 0.39> <CoreInst = "Sel">   --->   Core 73 'Sel' <Latency = 0> <II = 1> <Delay = 0.39> <FuncUnit> <Opcode : 'select'> <InPorts = 3> <OutPorts = 1>
ST_1 : Operation 38 [1/1] (0.36ns)   --->   "%select_ln53_1 = select i1 %icmp_ln54, i7 %add_ln53, i7 %oc_load" [awn_int8.cpp:53]   --->   Operation 38 'select' 'select_ln53_1' <Predicate = (!icmp_ln53)> <Delay = 0.36> <CoreInst = "Sel">   --->   Core 73 'Sel' <Latency = 0> <II = 1> <Delay = 0.36> <FuncUnit> <Opcode : 'select'> <InPorts = 3> <OutPorts = 1>
ST_1 : Operation 39 [1/1] (0.00ns)   --->   "%zext_ln53 = zext i7 %select_ln53_1" [awn_int8.cpp:53]   --->   Operation 39 'zext' 'zext_ln53' <Predicate = (!icmp_ln53)> <Delay = 0.00>
ST_1 : Operation 40 [1/1] (0.00ns)   --->   "%trunc_ln53 = trunc i7 %select_ln53_1" [awn_int8.cpp:53]   --->   Operation 40 'trunc' 'trunc_ln53' <Predicate = (!icmp_ln53)> <Delay = 0.00>
ST_1 : Operation 41 [1/1] (0.00ns)   --->   "%p_ZL2W1_0_0_0_addr = getelementptr i8 %p_ZL2W1_0_0_0, i64 0, i64 %zext_ln53" [awn_int8.cpp:53]   --->   Operation 41 'getelementptr' 'p_ZL2W1_0_0_0_addr' <Predicate = (!icmp_ln53)> <Delay = 0.00>
ST_1 : Operation 42 [1/1] (0.00ns)   --->   "%p_ZL2W1_0_1_0_addr = getelementptr i8 %p_ZL2W1_0_1_0, i64 0, i64 %zext_ln53" [awn_int8.cpp:53]   --->   Operation 42 'getelementptr' 'p_ZL2W1_0_1_0_addr' <Predicate = (!icmp_ln53)> <Delay = 0.00>
ST_1 : Operation 43 [1/1] (0.00ns)   --->   "%p_ZL2W1_0_2_0_addr = getelementptr i8 %p_ZL2W1_0_2_0, i64 0, i64 %zext_ln53" [awn_int8.cpp:53]   --->   Operation 43 'getelementptr' 'p_ZL2W1_0_2_0_addr' <Predicate = (!icmp_ln53)> <Delay = 0.00>
ST_1 : Operation 44 [1/1] (0.00ns)   --->   "%p_ZL2W1_0_3_0_addr = getelementptr i8 %p_ZL2W1_0_3_0, i64 0, i64 %zext_ln53" [awn_int8.cpp:53]   --->   Operation 44 'getelementptr' 'p_ZL2W1_0_3_0_addr' <Predicate = (!icmp_ln53)> <Delay = 0.00>
ST_1 : Operation 45 [1/1] (0.00ns)   --->   "%p_ZL2W1_0_4_0_addr = getelementptr i8 %p_ZL2W1_0_4_0, i64 0, i64 %zext_ln53" [awn_int8.cpp:53]   --->   Operation 45 'getelementptr' 'p_ZL2W1_0_4_0_addr' <Predicate = (!icmp_ln53)> <Delay = 0.00>
ST_1 : Operation 46 [1/1] (0.00ns)   --->   "%p_ZL2W1_0_5_0_addr = getelementptr i8 %p_ZL2W1_0_5_0, i64 0, i64 %zext_ln53" [awn_int8.cpp:53]   --->   Operation 46 'getelementptr' 'p_ZL2W1_0_5_0_addr' <Predicate = (!icmp_ln53)> <Delay = 0.00>
ST_1 : Operation 47 [1/1] (0.00ns)   --->   "%p_ZL2W1_0_6_0_addr = getelementptr i8 %p_ZL2W1_0_6_0, i64 0, i64 %zext_ln53" [awn_int8.cpp:53]   --->   Operation 47 'getelementptr' 'p_ZL2W1_0_6_0_addr' <Predicate = (!icmp_ln53)> <Delay = 0.00>
ST_1 : Operation 48 [1/1] (0.00ns)   --->   "%p_ZL2W1_1_0_0_addr = getelementptr i8 %p_ZL2W1_1_0_0, i64 0, i64 %zext_ln53" [awn_int8.cpp:53]   --->   Operation 48 'getelementptr' 'p_ZL2W1_1_0_0_addr' <Predicate = (!icmp_ln53)> <Delay = 0.00>
ST_1 : Operation 49 [1/1] (0.00ns)   --->   "%p_ZL2W1_1_1_0_addr = getelementptr i8 %p_ZL2W1_1_1_0, i64 0, i64 %zext_ln53" [awn_int8.cpp:53]   --->   Operation 49 'getelementptr' 'p_ZL2W1_1_1_0_addr' <Predicate = (!icmp_ln53)> <Delay = 0.00>
ST_1 : Operation 50 [1/1] (0.00ns)   --->   "%p_ZL2W1_1_2_0_addr = getelementptr i8 %p_ZL2W1_1_2_0, i64 0, i64 %zext_ln53" [awn_int8.cpp:53]   --->   Operation 50 'getelementptr' 'p_ZL2W1_1_2_0_addr' <Predicate = (!icmp_ln53)> <Delay = 0.00>
ST_1 : Operation 51 [1/1] (0.00ns)   --->   "%p_ZL2W1_1_3_0_addr = getelementptr i8 %p_ZL2W1_1_3_0, i64 0, i64 %zext_ln53" [awn_int8.cpp:53]   --->   Operation 51 'getelementptr' 'p_ZL2W1_1_3_0_addr' <Predicate = (!icmp_ln53)> <Delay = 0.00>
ST_1 : Operation 52 [1/1] (0.00ns)   --->   "%p_ZL2W1_1_4_0_addr = getelementptr i8 %p_ZL2W1_1_4_0, i64 0, i64 %zext_ln53" [awn_int8.cpp:53]   --->   Operation 52 'getelementptr' 'p_ZL2W1_1_4_0_addr' <Predicate = (!icmp_ln53)> <Delay = 0.00>
ST_1 : Operation 53 [1/1] (0.00ns)   --->   "%p_ZL2W1_1_5_0_addr = getelementptr i8 %p_ZL2W1_1_5_0, i64 0, i64 %zext_ln53" [awn_int8.cpp:53]   --->   Operation 53 'getelementptr' 'p_ZL2W1_1_5_0_addr' <Predicate = (!icmp_ln53)> <Delay = 0.00>
ST_1 : Operation 54 [1/1] (0.00ns)   --->   "%p_ZL2W1_1_6_0_addr = getelementptr i8 %p_ZL2W1_1_6_0, i64 0, i64 %zext_ln53" [awn_int8.cpp:53]   --->   Operation 54 'getelementptr' 'p_ZL2W1_1_6_0_addr' <Predicate = (!icmp_ln53)> <Delay = 0.00>
ST_1 : Operation 55 [2/2] (0.67ns)   --->   "%p_ZL2W1_0_0_0_load = load i6 %p_ZL2W1_0_0_0_addr" [awn_int8.cpp:53]   --->   Operation 55 'load' 'p_ZL2W1_0_0_0_load' <Predicate = (!icmp_ln53)> <Delay = 0.67> <CoreInst = "ROM">   --->   Core 101 'ROM' <Latency = 1> <II = 1> <Delay = 0.67> <Storage> <Opcode : 'load'> <Ports = 0> <Width = 8> <Depth = 64> <ROM>
ST_1 : Operation 56 [2/2] (0.67ns)   --->   "%p_ZL2W1_0_1_0_load = load i6 %p_ZL2W1_0_1_0_addr" [awn_int8.cpp:53]   --->   Operation 56 'load' 'p_ZL2W1_0_1_0_load' <Predicate = (!icmp_ln53)> <Delay = 0.67> <CoreInst = "ROM">   --->   Core 101 'ROM' <Latency = 1> <II = 1> <Delay = 0.67> <Storage> <Opcode : 'load'> <Ports = 0> <Width = 8> <Depth = 64> <ROM>
ST_1 : Operation 57 [2/2] (0.67ns)   --->   "%p_ZL2W1_0_2_0_load = load i6 %p_ZL2W1_0_2_0_addr" [awn_int8.cpp:53]   --->   Operation 57 'load' 'p_ZL2W1_0_2_0_load' <Predicate = (!icmp_ln53)> <Delay = 0.67> <CoreInst = "ROM">   --->   Core 101 'ROM' <Latency = 1> <II = 1> <Delay = 0.67> <Storage> <Opcode : 'load'> <Ports = 0> <Width = 8> <Depth = 64> <ROM>
ST_1 : Operation 58 [2/2] (0.67ns)   --->   "%p_ZL2W1_0_3_0_load = load i6 %p_ZL2W1_0_3_0_addr" [awn_int8.cpp:53]   --->   Operation 58 'load' 'p_ZL2W1_0_3_0_load' <Predicate = (!icmp_ln53)> <Delay = 0.67> <CoreInst = "ROM">   --->   Core 101 'ROM' <Latency = 1> <II = 1> <Delay = 0.67> <Storage> <Opcode : 'load'> <Ports = 0> <Width = 8> <Depth = 64> <ROM>
ST_1 : Operation 59 [2/2] (0.67ns)   --->   "%p_ZL2W1_0_4_0_load = load i6 %p_ZL2W1_0_4_0_addr" [awn_int8.cpp:53]   --->   Operation 59 'load' 'p_ZL2W1_0_4_0_load' <Predicate = (!icmp_ln53)> <Delay = 0.67> <CoreInst = "ROM">   --->   Core 101 'ROM' <Latency = 1> <II = 1> <Delay = 0.67> <Storage> <Opcode : 'load'> <Ports = 0> <Width = 8> <Depth = 64> <ROM>
ST_1 : Operation 60 [2/2] (0.67ns)   --->   "%p_ZL2W1_0_5_0_load = load i6 %p_ZL2W1_0_5_0_addr" [awn_int8.cpp:53]   --->   Operation 60 'load' 'p_ZL2W1_0_5_0_load' <Predicate = (!icmp_ln53)> <Delay = 0.67> <CoreInst = "ROM">   --->   Core 101 'ROM' <Latency = 1> <II = 1> <Delay = 0.67> <Storage> <Opcode : 'load'> <Ports = 0> <Width = 8> <Depth = 64> <ROM>
ST_1 : Operation 61 [2/2] (0.67ns)   --->   "%p_ZL2W1_0_6_0_load = load i6 %p_ZL2W1_0_6_0_addr" [awn_int8.cpp:53]   --->   Operation 61 'load' 'p_ZL2W1_0_6_0_load' <Predicate = (!icmp_ln53)> <Delay = 0.67> <CoreInst = "ROM">   --->   Core 101 'ROM' <Latency = 1> <II = 1> <Delay = 0.67> <Storage> <Opcode : 'load'> <Ports = 0> <Width = 8> <Depth = 64> <ROM>
ST_1 : Operation 62 [2/2] (0.67ns)   --->   "%p_ZL2W1_1_0_0_load = load i6 %p_ZL2W1_1_0_0_addr" [awn_int8.cpp:53]   --->   Operation 62 'load' 'p_ZL2W1_1_0_0_load' <Predicate = (!icmp_ln53)> <Delay = 0.67> <CoreInst = "ROM">   --->   Core 101 'ROM' <Latency = 1> <II = 1> <Delay = 0.67> <Storage> <Opcode : 'load'> <Ports = 0> <Width = 8> <Depth = 64> <ROM>
ST_1 : Operation 63 [2/2] (0.67ns)   --->   "%p_ZL2W1_1_1_0_load = load i6 %p_ZL2W1_1_1_0_addr" [awn_int8.cpp:53]   --->   Operation 63 'load' 'p_ZL2W1_1_1_0_load' <Predicate = (!icmp_ln53)> <Delay = 0.67> <CoreInst = "ROM">   --->   Core 101 'ROM' <Latency = 1> <II = 1> <Delay = 0.67> <Storage> <Opcode : 'load'> <Ports = 0> <Width = 8> <Depth = 64> <ROM>
ST_1 : Operation 64 [2/2] (0.67ns)   --->   "%p_ZL2W1_1_2_0_load = load i6 %p_ZL2W1_1_2_0_addr" [awn_int8.cpp:53]   --->   Operation 64 'load' 'p_ZL2W1_1_2_0_load' <Predicate = (!icmp_ln53)> <Delay = 0.67> <CoreInst = "ROM">   --->   Core 101 'ROM' <Latency = 1> <II = 1> <Delay = 0.67> <Storage> <Opcode : 'load'> <Ports = 0> <Width = 8> <Depth = 64> <ROM>
ST_1 : Operation 65 [2/2] (0.67ns)   --->   "%p_ZL2W1_1_3_0_load = load i6 %p_ZL2W1_1_3_0_addr" [awn_int8.cpp:53]   --->   Operation 65 'load' 'p_ZL2W1_1_3_0_load' <Predicate = (!icmp_ln53)> <Delay = 0.67> <CoreInst = "ROM">   --->   Core 101 'ROM' <Latency = 1> <II = 1> <Delay = 0.67> <Storage> <Opcode : 'load'> <Ports = 0> <Width = 8> <Depth = 64> <ROM>
ST_1 : Operation 66 [2/2] (0.67ns)   --->   "%p_ZL2W1_1_4_0_load = load i6 %p_ZL2W1_1_4_0_addr" [awn_int8.cpp:53]   --->   Operation 66 'load' 'p_ZL2W1_1_4_0_load' <Predicate = (!icmp_ln53)> <Delay = 0.67> <CoreInst = "ROM">   --->   Core 101 'ROM' <Latency = 1> <II = 1> <Delay = 0.67> <Storage> <Opcode : 'load'> <Ports = 0> <Width = 8> <Depth = 64> <ROM>
ST_1 : Operation 67 [2/2] (0.67ns)   --->   "%p_ZL2W1_1_5_0_load = load i6 %p_ZL2W1_1_5_0_addr" [awn_int8.cpp:53]   --->   Operation 67 'load' 'p_ZL2W1_1_5_0_load' <Predicate = (!icmp_ln53)> <Delay = 0.67> <CoreInst = "ROM">   --->   Core 101 'ROM' <Latency = 1> <II = 1> <Delay = 0.67> <Storage> <Opcode : 'load'> <Ports = 0> <Width = 8> <Depth = 64> <ROM>
ST_1 : Operation 68 [2/2] (0.67ns)   --->   "%p_ZL2W1_1_6_0_load = load i6 %p_ZL2W1_1_6_0_addr" [awn_int8.cpp:53]   --->   Operation 68 'load' 'p_ZL2W1_1_6_0_load' <Predicate = (!icmp_ln53)> <Delay = 0.67> <CoreInst = "ROM">   --->   Core 101 'ROM' <Latency = 1> <II = 1> <Delay = 0.67> <Storage> <Opcode : 'load'> <Ports = 0> <Width = 8> <Depth = 64> <ROM>
ST_1 : Operation 69 [1/1] (0.00ns)   --->   "%zext_ln54 = zext i8 %select_ln53" [awn_int8.cpp:54]   --->   Operation 69 'zext' 'zext_ln54' <Predicate = (!icmp_ln53)> <Delay = 0.00>
ST_1 : Operation 70 [1/1] (0.00ns)   --->   "%trunc_ln54 = trunc i8 %select_ln53" [awn_int8.cpp:54]   --->   Operation 70 'trunc' 'trunc_ln54' <Predicate = (!icmp_ln53)> <Delay = 0.00>
ST_1 : Operation 71 [12/12] (1.89ns)   --->   "%urem_ln56 = urem i8 %select_ln53, i8 5" [awn_int8.cpp:56]   --->   Operation 71 'urem' 'urem_ln56' <Predicate = (!icmp_ln53)> <Delay = 1.89> <CoreInst = "Divider">   --->   Core 6 'Divider' <Latency = 11> <II = 1> <Delay = 1.89> <FuncUnit> <Opcode : 'udiv' 'sdiv' 'urem' 'srem'> <InPorts = 2> <OutPorts = 1>
ST_1 : Operation 72 [1/1] (0.76ns)   --->   "%empty = add i8 %select_ln53, i8 253" [awn_int8.cpp:53]   --->   Operation 72 'add' 'empty' <Predicate = (!icmp_ln53)> <Delay = 0.76> <CoreInst = "Adder">   --->   Core 1 'Adder' <Latency = 0> <II = 1> <Delay = 0.76> <FuncUnit> <Opcode : 'add' 'sub'> <InPorts = 2> <OutPorts = 1>
ST_1 : Operation 73 [1/1] (0.00ns)   --->   "%zext_ln60 = zext i8 %empty" [awn_int8.cpp:60]   --->   Operation 73 'zext' 'zext_ln60' <Predicate = (!icmp_ln53)> <Delay = 0.00>
ST_1 : Operation 74 [1/1] (0.00ns)   --->   "%tmp_265 = bitselect i1 @_ssdm_op_BitSelect.i1.i8.i32, i8 %empty, i32 7" [awn_int8.cpp:60]   --->   Operation 74 'bitselect' 'tmp_265' <Predicate = (!icmp_ln53)> <Delay = 0.00>
ST_1 : Operation 75 [1/1] (0.76ns)   --->   "%add_ln59 = add i8 %select_ln53, i8 254" [awn_int8.cpp:59]   --->   Operation 75 'add' 'add_ln59' <Predicate = (!icmp_ln53)> <Delay = 0.76> <CoreInst = "Adder">   --->   Core 1 'Adder' <Latency = 0> <II = 1> <Delay = 0.76> <FuncUnit> <Opcode : 'add' 'sub'> <InPorts = 2> <OutPorts = 1>
ST_1 : Operation 76 [1/1] (0.00ns)   --->   "%zext_ln60_1 = zext i8 %add_ln59" [awn_int8.cpp:60]   --->   Operation 76 'zext' 'zext_ln60_1' <Predicate = (!icmp_ln53)> <Delay = 0.00>
ST_1 : Operation 77 [1/1] (0.00ns)   --->   "%tmp_266 = bitselect i1 @_ssdm_op_BitSelect.i1.i8.i32, i8 %add_ln59, i32 7" [awn_int8.cpp:60]   --->   Operation 77 'bitselect' 'tmp_266' <Predicate = (!icmp_ln53)> <Delay = 0.00>
ST_1 : Operation 78 [1/1] (0.00ns)   --->   "%x_q_0_addr_1 = getelementptr i8 %x_q_0, i64 0, i64 %zext_ln60_1" [awn_int8.cpp:61]   --->   Operation 78 'getelementptr' 'x_q_0_addr_1' <Predicate = (!icmp_ln53)> <Delay = 0.00>
ST_1 : Operation 79 [2/2] (1.23ns)   --->   "%x_q_0_load_1 = load i7 %x_q_0_addr_1" [awn_int8.cpp:61]   --->   Operation 79 'load' 'x_q_0_load_1' <Predicate = (!icmp_ln53)> <Delay = 1.23> <CoreInst = "RAM">   --->   Core 83 'RAM' <Latency = 1> <II = 1> <Delay = 1.23> <Storage> <Opcode : 'load' 'store'> <Ports = 2> <Width = 8> <Depth = 128> <RAM>
ST_1 : Operation 80 [1/1] (0.77ns)   --->   "%add_ln59_1 = add i7 %trunc_ln54, i7 127" [awn_int8.cpp:59]   --->   Operation 80 'add' 'add_ln59_1' <Predicate = (!icmp_ln53)> <Delay = 0.77> <CoreInst = "Adder">   --->   Core 1 'Adder' <Latency = 0> <II = 1> <Delay = 0.77> <FuncUnit> <Opcode : 'add' 'sub'> <InPorts = 2> <OutPorts = 1>
ST_1 : Operation 81 [1/1] (0.00ns)   --->   "%zext_ln60_2 = zext i7 %add_ln59_1" [awn_int8.cpp:60]   --->   Operation 81 'zext' 'zext_ln60_2' <Predicate = (!icmp_ln53)> <Delay = 0.00>
ST_1 : Operation 82 [1/1] (0.00ns)   --->   "%x_q_0_addr_3 = getelementptr i8 %x_q_0, i64 0, i64 %zext_ln54" [awn_int8.cpp:61]   --->   Operation 82 'getelementptr' 'x_q_0_addr_3' <Predicate = (!icmp_ln53)> <Delay = 0.00>
ST_1 : Operation 83 [2/2] (1.23ns)   --->   "%xv_322 = load i7 %x_q_0_addr_3" [awn_int8.cpp:61]   --->   Operation 83 'load' 'xv_322' <Predicate = (!icmp_ln53)> <Delay = 1.23> <CoreInst = "RAM">   --->   Core 83 'RAM' <Latency = 1> <II = 1> <Delay = 1.23> <Storage> <Opcode : 'load' 'store'> <Ports = 2> <Width = 8> <Depth = 128> <RAM>
ST_1 : Operation 84 [1/1] (0.00ns)   --->   "%x_q_1_addr = getelementptr i8 %x_q_1, i64 0, i64 %zext_ln60" [awn_int8.cpp:61]   --->   Operation 84 'getelementptr' 'x_q_1_addr' <Predicate = (!icmp_ln53)> <Delay = 0.00>
ST_1 : Operation 85 [2/2] (1.23ns)   --->   "%x_q_1_load = load i7 %x_q_1_addr" [awn_int8.cpp:61]   --->   Operation 85 'load' 'x_q_1_load' <Predicate = (!icmp_ln53)> <Delay = 1.23> <CoreInst = "RAM">   --->   Core 83 'RAM' <Latency = 1> <II = 1> <Delay = 1.23> <Storage> <Opcode : 'load' 'store'> <Ports = 2> <Width = 8> <Depth = 128> <RAM>
ST_1 : Operation 86 [1/1] (0.00ns)   --->   "%x_q_1_addr_2 = getelementptr i8 %x_q_1, i64 0, i64 %zext_ln60_2" [awn_int8.cpp:61]   --->   Operation 86 'getelementptr' 'x_q_1_addr_2' <Predicate = (!icmp_ln53)> <Delay = 0.00>
ST_1 : Operation 87 [2/2] (1.23ns)   --->   "%x_q_1_load_2 = load i7 %x_q_1_addr_2" [awn_int8.cpp:61]   --->   Operation 87 'load' 'x_q_1_load_2' <Predicate = (!icmp_ln53)> <Delay = 1.23> <CoreInst = "RAM">   --->   Core 83 'RAM' <Latency = 1> <II = 1> <Delay = 1.23> <Storage> <Opcode : 'load' 'store'> <Ports = 2> <Width = 8> <Depth = 128> <RAM>
ST_1 : Operation 88 [1/1] (0.42ns)   --->   "%store_ln53 = store i14 %add_ln53_1, i14 %indvar_flatten" [awn_int8.cpp:53]   --->   Operation 88 'store' 'store_ln53' <Predicate = (!icmp_ln53)> <Delay = 0.42>
ST_1 : Operation 89 [1/1] (0.42ns)   --->   "%store_ln53 = store i7 %select_ln53_1, i7 %oc" [awn_int8.cpp:53]   --->   Operation 89 'store' 'store_ln53' <Predicate = (!icmp_ln53)> <Delay = 0.42>

State 2 <SV = 1> <Delay = 2.62>
ST_2 : Operation 90 [1/2] (0.67ns)   --->   "%p_ZL2W1_0_0_0_load = load i6 %p_ZL2W1_0_0_0_addr" [awn_int8.cpp:53]   --->   Operation 90 'load' 'p_ZL2W1_0_0_0_load' <Predicate = (!icmp_ln53)> <Delay = 0.67> <CoreInst = "ROM">   --->   Core 101 'ROM' <Latency = 1> <II = 1> <Delay = 0.67> <Storage> <Opcode : 'load'> <Ports = 0> <Width = 8> <Depth = 64> <ROM>
ST_2 : Operation 91 [1/2] (0.67ns)   --->   "%p_ZL2W1_0_1_0_load = load i6 %p_ZL2W1_0_1_0_addr" [awn_int8.cpp:53]   --->   Operation 91 'load' 'p_ZL2W1_0_1_0_load' <Predicate = (!icmp_ln53)> <Delay = 0.67> <CoreInst = "ROM">   --->   Core 101 'ROM' <Latency = 1> <II = 1> <Delay = 0.67> <Storage> <Opcode : 'load'> <Ports = 0> <Width = 8> <Depth = 64> <ROM>
ST_2 : Operation 92 [1/1] (0.00ns)   --->   "%p_ZL2W1_0_1_0_load_cast = sext i8 %p_ZL2W1_0_1_0_load" [awn_int8.cpp:53]   --->   Operation 92 'sext' 'p_ZL2W1_0_1_0_load_cast' <Predicate = (!icmp_ln53)> <Delay = 0.00>
ST_2 : Operation 93 [1/2] (0.67ns)   --->   "%p_ZL2W1_0_2_0_load = load i6 %p_ZL2W1_0_2_0_addr" [awn_int8.cpp:53]   --->   Operation 93 'load' 'p_ZL2W1_0_2_0_load' <Predicate = (!icmp_ln53)> <Delay = 0.67> <CoreInst = "ROM">   --->   Core 101 'ROM' <Latency = 1> <II = 1> <Delay = 0.67> <Storage> <Opcode : 'load'> <Ports = 0> <Width = 8> <Depth = 64> <ROM>
ST_2 : Operation 94 [1/2] (0.67ns)   --->   "%p_ZL2W1_0_3_0_load = load i6 %p_ZL2W1_0_3_0_addr" [awn_int8.cpp:53]   --->   Operation 94 'load' 'p_ZL2W1_0_3_0_load' <Predicate = (!icmp_ln53)> <Delay = 0.67> <CoreInst = "ROM">   --->   Core 101 'ROM' <Latency = 1> <II = 1> <Delay = 0.67> <Storage> <Opcode : 'load'> <Ports = 0> <Width = 8> <Depth = 64> <ROM>
ST_2 : Operation 95 [1/2] (0.67ns)   --->   "%p_ZL2W1_0_4_0_load = load i6 %p_ZL2W1_0_4_0_addr" [awn_int8.cpp:53]   --->   Operation 95 'load' 'p_ZL2W1_0_4_0_load' <Predicate = (!icmp_ln53)> <Delay = 0.67> <CoreInst = "ROM">   --->   Core 101 'ROM' <Latency = 1> <II = 1> <Delay = 0.67> <Storage> <Opcode : 'load'> <Ports = 0> <Width = 8> <Depth = 64> <ROM>
ST_2 : Operation 96 [1/2] (0.67ns)   --->   "%p_ZL2W1_0_5_0_load = load i6 %p_ZL2W1_0_5_0_addr" [awn_int8.cpp:53]   --->   Operation 96 'load' 'p_ZL2W1_0_5_0_load' <Predicate = (!icmp_ln53)> <Delay = 0.67> <CoreInst = "ROM">   --->   Core 101 'ROM' <Latency = 1> <II = 1> <Delay = 0.67> <Storage> <Opcode : 'load'> <Ports = 0> <Width = 8> <Depth = 64> <ROM>
ST_2 : Operation 97 [1/2] (0.67ns)   --->   "%p_ZL2W1_0_6_0_load = load i6 %p_ZL2W1_0_6_0_addr" [awn_int8.cpp:53]   --->   Operation 97 'load' 'p_ZL2W1_0_6_0_load' <Predicate = (!icmp_ln53)> <Delay = 0.67> <CoreInst = "ROM">   --->   Core 101 'ROM' <Latency = 1> <II = 1> <Delay = 0.67> <Storage> <Opcode : 'load'> <Ports = 0> <Width = 8> <Depth = 64> <ROM>
ST_2 : Operation 98 [1/2] (0.67ns)   --->   "%p_ZL2W1_1_0_0_load = load i6 %p_ZL2W1_1_0_0_addr" [awn_int8.cpp:53]   --->   Operation 98 'load' 'p_ZL2W1_1_0_0_load' <Predicate = (!icmp_ln53)> <Delay = 0.67> <CoreInst = "ROM">   --->   Core 101 'ROM' <Latency = 1> <II = 1> <Delay = 0.67> <Storage> <Opcode : 'load'> <Ports = 0> <Width = 8> <Depth = 64> <ROM>
ST_2 : Operation 99 [1/2] (0.67ns)   --->   "%p_ZL2W1_1_1_0_load = load i6 %p_ZL2W1_1_1_0_addr" [awn_int8.cpp:53]   --->   Operation 99 'load' 'p_ZL2W1_1_1_0_load' <Predicate = (!icmp_ln53)> <Delay = 0.67> <CoreInst = "ROM">   --->   Core 101 'ROM' <Latency = 1> <II = 1> <Delay = 0.67> <Storage> <Opcode : 'load'> <Ports = 0> <Width = 8> <Depth = 64> <ROM>
ST_2 : Operation 100 [1/2] (0.67ns)   --->   "%p_ZL2W1_1_2_0_load = load i6 %p_ZL2W1_1_2_0_addr" [awn_int8.cpp:53]   --->   Operation 100 'load' 'p_ZL2W1_1_2_0_load' <Predicate = (!icmp_ln53)> <Delay = 0.67> <CoreInst = "ROM">   --->   Core 101 'ROM' <Latency = 1> <II = 1> <Delay = 0.67> <Storage> <Opcode : 'load'> <Ports = 0> <Width = 8> <Depth = 64> <ROM>
ST_2 : Operation 101 [1/2] (0.67ns)   --->   "%p_ZL2W1_1_3_0_load = load i6 %p_ZL2W1_1_3_0_addr" [awn_int8.cpp:53]   --->   Operation 101 'load' 'p_ZL2W1_1_3_0_load' <Predicate = (!icmp_ln53)> <Delay = 0.67> <CoreInst = "ROM">   --->   Core 101 'ROM' <Latency = 1> <II = 1> <Delay = 0.67> <Storage> <Opcode : 'load'> <Ports = 0> <Width = 8> <Depth = 64> <ROM>
ST_2 : Operation 102 [1/2] (0.67ns)   --->   "%p_ZL2W1_1_4_0_load = load i6 %p_ZL2W1_1_4_0_addr" [awn_int8.cpp:53]   --->   Operation 102 'load' 'p_ZL2W1_1_4_0_load' <Predicate = (!icmp_ln53)> <Delay = 0.67> <CoreInst = "ROM">   --->   Core 101 'ROM' <Latency = 1> <II = 1> <Delay = 0.67> <Storage> <Opcode : 'load'> <Ports = 0> <Width = 8> <Depth = 64> <ROM>
ST_2 : Operation 103 [1/2] (0.67ns)   --->   "%p_ZL2W1_1_5_0_load = load i6 %p_ZL2W1_1_5_0_addr" [awn_int8.cpp:53]   --->   Operation 103 'load' 'p_ZL2W1_1_5_0_load' <Predicate = (!icmp_ln53)> <Delay = 0.67> <CoreInst = "ROM">   --->   Core 101 'ROM' <Latency = 1> <II = 1> <Delay = 0.67> <Storage> <Opcode : 'load'> <Ports = 0> <Width = 8> <Depth = 64> <ROM>
ST_2 : Operation 104 [1/2] (0.67ns)   --->   "%p_ZL2W1_1_6_0_load = load i6 %p_ZL2W1_1_6_0_addr" [awn_int8.cpp:53]   --->   Operation 104 'load' 'p_ZL2W1_1_6_0_load' <Predicate = (!icmp_ln53)> <Delay = 0.67> <CoreInst = "ROM">   --->   Core 101 'ROM' <Latency = 1> <II = 1> <Delay = 0.67> <Storage> <Opcode : 'load'> <Ports = 0> <Width = 8> <Depth = 64> <ROM>
ST_2 : Operation 105 [11/12] (1.89ns)   --->   "%urem_ln56 = urem i8 %select_ln53, i8 5" [awn_int8.cpp:56]   --->   Operation 105 'urem' 'urem_ln56' <Predicate = (!icmp_ln53)> <Delay = 1.89> <CoreInst = "Divider">   --->   Core 6 'Divider' <Latency = 11> <II = 1> <Delay = 1.89> <FuncUnit> <Opcode : 'udiv' 'sdiv' 'urem' 'srem'> <InPorts = 2> <OutPorts = 1>
ST_2 : Operation 106 [1/1] (0.00ns)   --->   "%x_q_0_addr = getelementptr i8 %x_q_0, i64 0, i64 %zext_ln60" [awn_int8.cpp:61]   --->   Operation 106 'getelementptr' 'x_q_0_addr' <Predicate = (!icmp_ln53 & !tmp_265)> <Delay = 0.00>
ST_2 : Operation 107 [2/2] (1.23ns)   --->   "%x_q_0_load = load i7 %x_q_0_addr" [awn_int8.cpp:61]   --->   Operation 107 'load' 'x_q_0_load' <Predicate = (!icmp_ln53 & !tmp_265)> <Delay = 1.23> <CoreInst = "RAM">   --->   Core 83 'RAM' <Latency = 1> <II = 1> <Delay = 1.23> <Storage> <Opcode : 'load' 'store'> <Ports = 2> <Width = 8> <Depth = 128> <RAM>
ST_2 : Operation 108 [1/2] (1.23ns)   --->   "%x_q_0_load_1 = load i7 %x_q_0_addr_1" [awn_int8.cpp:61]   --->   Operation 108 'load' 'x_q_0_load_1' <Predicate = (!icmp_ln53)> <Delay = 1.23> <CoreInst = "RAM">   --->   Core 83 'RAM' <Latency = 1> <II = 1> <Delay = 1.23> <Storage> <Opcode : 'load' 'store'> <Ports = 2> <Width = 8> <Depth = 128> <RAM>
ST_2 : Operation 109 [1/1] (0.39ns)   --->   "%xv_320 = select i1 %tmp_266, i8 0, i8 %x_q_0_load_1" [awn_int8.cpp:60]   --->   Operation 109 'select' 'xv_320' <Predicate = (!icmp_ln53)> <Delay = 0.39> <CoreInst = "Sel">   --->   Core 73 'Sel' <Latency = 0> <II = 1> <Delay = 0.39> <FuncUnit> <Opcode : 'select'> <InPorts = 3> <OutPorts = 1>
ST_2 : Operation 110 [1/1] (0.00ns)   --->   "%sext_ln62_1 = sext i8 %xv_320" [awn_int8.cpp:62]   --->   Operation 110 'sext' 'sext_ln62_1' <Predicate = (!icmp_ln53)> <Delay = 0.00>
ST_2 : Operation 111 [3/3] (0.99ns) (grouped into DSP with root node add_ln62)   --->   "%mul_ln62_1 = mul i16 %sext_ln62_1, i16 %p_ZL2W1_0_1_0_load_cast" [awn_int8.cpp:62]   --->   Operation 111 'mul' 'mul_ln62_1' <Predicate = (!icmp_ln53)> <Delay = 0.99> <CoreInst = "DSP48">   --->   Core 127 'DSP48' <Latency = 3> <II = 1> <Delay = 0.53> <IPBlock> <Opcode : '' 'add' 'sub' 'mul' 'select'> <InPorts = 0> <OutPorts = 1> <Sync> <CReg>
ST_2 : Operation 112 [1/2] (1.23ns)   --->   "%xv_322 = load i7 %x_q_0_addr_3" [awn_int8.cpp:61]   --->   Operation 112 'load' 'xv_322' <Predicate = (!icmp_ln53)> <Delay = 1.23> <CoreInst = "RAM">   --->   Core 83 'RAM' <Latency = 1> <II = 1> <Delay = 1.23> <Storage> <Opcode : 'load' 'store'> <Ports = 2> <Width = 8> <Depth = 128> <RAM>
ST_2 : Operation 113 [1/1] (0.76ns)   --->   "%add_ln54 = add i8 %select_ln53, i8 1" [awn_int8.cpp:54]   --->   Operation 113 'add' 'add_ln54' <Predicate = (!icmp_ln53)> <Delay = 0.76> <CoreInst = "Adder">   --->   Core 1 'Adder' <Latency = 0> <II = 1> <Delay = 0.76> <FuncUnit> <Opcode : 'add' 'sub'> <InPorts = 2> <OutPorts = 1>
ST_2 : Operation 114 [1/1] (0.00ns)   --->   "%zext_ln60_3 = zext i8 %add_ln54" [awn_int8.cpp:60]   --->   Operation 114 'zext' 'zext_ln60_3' <Predicate = (!icmp_ln53)> <Delay = 0.00>
ST_2 : Operation 115 [1/1] (0.00ns)   --->   "%tmp_267 = bitselect i1 @_ssdm_op_BitSelect.i1.i8.i32, i8 %add_ln54, i32 7" [awn_int8.cpp:60]   --->   Operation 115 'bitselect' 'tmp_267' <Predicate = (!icmp_ln53)> <Delay = 0.00>
ST_2 : Operation 116 [1/1] (0.76ns)   --->   "%add_ln59_2 = add i8 %select_ln53, i8 2" [awn_int8.cpp:59]   --->   Operation 116 'add' 'add_ln59_2' <Predicate = (!icmp_ln53)> <Delay = 0.76> <CoreInst = "Adder">   --->   Core 1 'Adder' <Latency = 0> <II = 1> <Delay = 0.76> <FuncUnit> <Opcode : 'add' 'sub'> <InPorts = 2> <OutPorts = 1>
ST_2 : Operation 117 [1/1] (0.00ns)   --->   "%zext_ln60_4 = zext i8 %add_ln59_2" [awn_int8.cpp:60]   --->   Operation 117 'zext' 'zext_ln60_4' <Predicate = (!icmp_ln53)> <Delay = 0.00>
ST_2 : Operation 118 [1/1] (0.00ns)   --->   "%tmp_268 = bitselect i1 @_ssdm_op_BitSelect.i1.i8.i32, i8 %add_ln59_2, i32 7" [awn_int8.cpp:60]   --->   Operation 118 'bitselect' 'tmp_268' <Predicate = (!icmp_ln53)> <Delay = 0.00>
ST_2 : Operation 119 [1/1] (0.00ns)   --->   "%x_q_0_addr_5 = getelementptr i8 %x_q_0, i64 0, i64 %zext_ln60_4" [awn_int8.cpp:61]   --->   Operation 119 'getelementptr' 'x_q_0_addr_5' <Predicate = (!icmp_ln53)> <Delay = 0.00>
ST_2 : Operation 120 [2/2] (1.23ns)   --->   "%x_q_0_load_5 = load i7 %x_q_0_addr_5" [awn_int8.cpp:61]   --->   Operation 120 'load' 'x_q_0_load_5' <Predicate = (!icmp_ln53)> <Delay = 1.23> <CoreInst = "RAM">   --->   Core 83 'RAM' <Latency = 1> <II = 1> <Delay = 1.23> <Storage> <Opcode : 'load' 'store'> <Ports = 2> <Width = 8> <Depth = 128> <RAM>
ST_2 : Operation 121 [1/1] (0.76ns)   --->   "%add_ln59_3 = add i8 %select_ln53, i8 3" [awn_int8.cpp:59]   --->   Operation 121 'add' 'add_ln59_3' <Predicate = (!icmp_ln53)> <Delay = 0.76> <CoreInst = "Adder">   --->   Core 1 'Adder' <Latency = 0> <II = 1> <Delay = 0.76> <FuncUnit> <Opcode : 'add' 'sub'> <InPorts = 2> <OutPorts = 1>
ST_2 : Operation 122 [1/1] (0.00ns)   --->   "%zext_ln60_5 = zext i8 %add_ln59_3" [awn_int8.cpp:60]   --->   Operation 122 'zext' 'zext_ln60_5' <Predicate = (!icmp_ln53)> <Delay = 0.00>
ST_2 : Operation 123 [1/1] (0.00ns)   --->   "%tmp_269 = bitselect i1 @_ssdm_op_BitSelect.i1.i8.i32, i8 %add_ln59_3, i32 7" [awn_int8.cpp:60]   --->   Operation 123 'bitselect' 'tmp_269' <Predicate = (!icmp_ln53)> <Delay = 0.00>
ST_2 : Operation 124 [1/2] (1.23ns)   --->   "%x_q_1_load = load i7 %x_q_1_addr" [awn_int8.cpp:61]   --->   Operation 124 'load' 'x_q_1_load' <Predicate = (!icmp_ln53)> <Delay = 1.23> <CoreInst = "RAM">   --->   Core 83 'RAM' <Latency = 1> <II = 1> <Delay = 1.23> <Storage> <Opcode : 'load' 'store'> <Ports = 2> <Width = 8> <Depth = 128> <RAM>
ST_2 : Operation 125 [1/2] (1.23ns)   --->   "%x_q_1_load_2 = load i7 %x_q_1_addr_2" [awn_int8.cpp:61]   --->   Operation 125 'load' 'x_q_1_load_2' <Predicate = (!icmp_ln53)> <Delay = 1.23> <CoreInst = "RAM">   --->   Core 83 'RAM' <Latency = 1> <II = 1> <Delay = 1.23> <Storage> <Opcode : 'load' 'store'> <Ports = 2> <Width = 8> <Depth = 128> <RAM>
ST_2 : Operation 126 [1/1] (0.00ns)   --->   "%x_q_1_addr_4 = getelementptr i8 %x_q_1, i64 0, i64 %zext_ln60_3" [awn_int8.cpp:61]   --->   Operation 126 'getelementptr' 'x_q_1_addr_4' <Predicate = (!icmp_ln53)> <Delay = 0.00>
ST_2 : Operation 127 [2/2] (1.23ns)   --->   "%x_q_1_load_4 = load i7 %x_q_1_addr_4" [awn_int8.cpp:61]   --->   Operation 127 'load' 'x_q_1_load_4' <Predicate = (!icmp_ln53)> <Delay = 1.23> <CoreInst = "RAM">   --->   Core 83 'RAM' <Latency = 1> <II = 1> <Delay = 1.23> <Storage> <Opcode : 'load' 'store'> <Ports = 2> <Width = 8> <Depth = 128> <RAM>
ST_2 : Operation 128 [1/1] (0.00ns)   --->   "%x_q_1_addr_6 = getelementptr i8 %x_q_1, i64 0, i64 %zext_ln60_5" [awn_int8.cpp:61]   --->   Operation 128 'getelementptr' 'x_q_1_addr_6' <Predicate = (!icmp_ln53)> <Delay = 0.00>
ST_2 : Operation 129 [2/2] (1.23ns)   --->   "%x_q_1_load_6 = load i7 %x_q_1_addr_6" [awn_int8.cpp:61]   --->   Operation 129 'load' 'x_q_1_load_6' <Predicate = (!icmp_ln53)> <Delay = 1.23> <CoreInst = "RAM">   --->   Core 83 'RAM' <Latency = 1> <II = 1> <Delay = 1.23> <Storage> <Opcode : 'load' 'store'> <Ports = 2> <Width = 8> <Depth = 128> <RAM>
ST_2 : Operation 130 [1/1] (0.42ns)   --->   "%store_ln59 = store i8 %add_ln54, i8 %w_in" [awn_int8.cpp:59]   --->   Operation 130 'store' 'store_ln59' <Predicate = (!icmp_ln53)> <Delay = 0.42>
ST_2 : Operation 131 [1/1] (0.00ns)   --->   "%br_ln54 = br void %VITIS_LOOP_57_3" [awn_int8.cpp:54]   --->   Operation 131 'br' 'br_ln54' <Predicate = (!icmp_ln53)> <Delay = 0.00>

State 3 <SV = 2> <Delay = 3.28>
ST_3 : Operation 132 [1/1] (0.00ns)   --->   "%p_ZL2W1_0_0_0_load_cast = sext i8 %p_ZL2W1_0_0_0_load" [awn_int8.cpp:53]   --->   Operation 132 'sext' 'p_ZL2W1_0_0_0_load_cast' <Predicate = (!icmp_ln53)> <Delay = 0.00>
ST_3 : Operation 133 [1/1] (0.00ns)   --->   "%p_ZL2W1_0_3_0_load_cast = sext i8 %p_ZL2W1_0_3_0_load" [awn_int8.cpp:53]   --->   Operation 133 'sext' 'p_ZL2W1_0_3_0_load_cast' <Predicate = (!icmp_ln53)> <Delay = 0.00>
ST_3 : Operation 134 [1/1] (0.00ns)   --->   "%p_ZL2W1_0_5_0_load_cast = sext i8 %p_ZL2W1_0_5_0_load" [awn_int8.cpp:53]   --->   Operation 134 'sext' 'p_ZL2W1_0_5_0_load_cast' <Predicate = (!icmp_ln53)> <Delay = 0.00>
ST_3 : Operation 135 [10/12] (1.89ns)   --->   "%urem_ln56 = urem i8 %select_ln53, i8 5" [awn_int8.cpp:56]   --->   Operation 135 'urem' 'urem_ln56' <Predicate = (!icmp_ln53)> <Delay = 1.89> <CoreInst = "Divider">   --->   Core 6 'Divider' <Latency = 11> <II = 1> <Delay = 1.89> <FuncUnit> <Opcode : 'udiv' 'sdiv' 'urem' 'srem'> <InPorts = 2> <OutPorts = 1>
ST_3 : Operation 136 [1/2] (1.23ns)   --->   "%x_q_0_load = load i7 %x_q_0_addr" [awn_int8.cpp:61]   --->   Operation 136 'load' 'x_q_0_load' <Predicate = (!icmp_ln53 & !tmp_265)> <Delay = 1.23> <CoreInst = "RAM">   --->   Core 83 'RAM' <Latency = 1> <II = 1> <Delay = 1.23> <Storage> <Opcode : 'load' 'store'> <Ports = 2> <Width = 8> <Depth = 128> <RAM>
ST_3 : Operation 137 [1/1] (0.39ns)   --->   "%xv = select i1 %tmp_265, i8 0, i8 %x_q_0_load" [awn_int8.cpp:60]   --->   Operation 137 'select' 'xv' <Predicate = (!icmp_ln53)> <Delay = 0.39> <CoreInst = "Sel">   --->   Core 73 'Sel' <Latency = 0> <II = 1> <Delay = 0.39> <FuncUnit> <Opcode : 'select'> <InPorts = 3> <OutPorts = 1>
ST_3 : Operation 138 [1/1] (0.00ns)   --->   "%sext_ln62 = sext i8 %xv" [awn_int8.cpp:62]   --->   Operation 138 'sext' 'sext_ln62' <Predicate = (!icmp_ln53)> <Delay = 0.00>
ST_3 : Operation 139 [1/1] (1.65ns)   --->   "%mul_ln62 = mul i16 %sext_ln62, i16 %p_ZL2W1_0_0_0_load_cast" [awn_int8.cpp:62]   --->   Operation 139 'mul' 'mul_ln62' <Predicate = (!icmp_ln53)> <Delay = 1.65> <CoreInst = "Multiplier">   --->   Core 3 'Multiplier' <Latency = 0> <II = 1> <Delay = 1.65> <FuncUnit> <Opcode : 'mul'> <InPorts = 2> <OutPorts = 1>
ST_3 : Operation 140 [2/3] (0.99ns) (grouped into DSP with root node add_ln62)   --->   "%mul_ln62_1 = mul i16 %sext_ln62_1, i16 %p_ZL2W1_0_1_0_load_cast" [awn_int8.cpp:62]   --->   Operation 140 'mul' 'mul_ln62_1' <Predicate = (!icmp_ln53)> <Delay = 0.99> <CoreInst = "DSP48">   --->   Core 127 'DSP48' <Latency = 3> <II = 1> <Delay = 0.53> <IPBlock> <Opcode : '' 'add' 'sub' 'mul' 'select'> <InPorts = 0> <OutPorts = 1> <Sync> <CReg>
ST_3 : Operation 141 [1/1] (0.00ns)   --->   "%x_q_0_addr_2 = getelementptr i8 %x_q_0, i64 0, i64 %zext_ln60_2" [awn_int8.cpp:61]   --->   Operation 141 'getelementptr' 'x_q_0_addr_2' <Predicate = (!icmp_ln53)> <Delay = 0.00>
ST_3 : Operation 142 [2/2] (1.23ns)   --->   "%x_q_0_load_2 = load i7 %x_q_0_addr_2" [awn_int8.cpp:61]   --->   Operation 142 'load' 'x_q_0_load_2' <Predicate = (!icmp_ln53)> <Delay = 1.23> <CoreInst = "RAM">   --->   Core 83 'RAM' <Latency = 1> <II = 1> <Delay = 1.23> <Storage> <Opcode : 'load' 'store'> <Ports = 2> <Width = 8> <Depth = 128> <RAM>
ST_3 : Operation 143 [1/1] (0.00ns)   --->   "%sext_ln62_2 = sext i8 %xv_322" [awn_int8.cpp:62]   --->   Operation 143 'sext' 'sext_ln62_2' <Predicate = (!icmp_ln53)> <Delay = 0.00>
ST_3 : Operation 144 [3/3] (0.99ns) (grouped into DSP with root node add_ln62_2)   --->   "%mul_ln62_3 = mul i16 %sext_ln62_2, i16 %p_ZL2W1_0_3_0_load_cast" [awn_int8.cpp:62]   --->   Operation 144 'mul' 'mul_ln62_3' <Predicate = (!icmp_ln53)> <Delay = 0.99> <CoreInst = "DSP48">   --->   Core 127 'DSP48' <Latency = 3> <II = 1> <Delay = 0.53> <IPBlock> <Opcode : '' 'add' 'sub' 'mul' 'select'> <InPorts = 0> <OutPorts = 1> <Sync> <CReg>
ST_3 : Operation 145 [1/1] (0.00ns)   --->   "%x_q_0_addr_4 = getelementptr i8 %x_q_0, i64 0, i64 %zext_ln60_3" [awn_int8.cpp:61]   --->   Operation 145 'getelementptr' 'x_q_0_addr_4' <Predicate = (!icmp_ln53 & !tmp_267)> <Delay = 0.00>
ST_3 : Operation 146 [2/2] (1.23ns)   --->   "%x_q_0_load_4 = load i7 %x_q_0_addr_4" [awn_int8.cpp:61]   --->   Operation 146 'load' 'x_q_0_load_4' <Predicate = (!icmp_ln53 & !tmp_267)> <Delay = 1.23> <CoreInst = "RAM">   --->   Core 83 'RAM' <Latency = 1> <II = 1> <Delay = 1.23> <Storage> <Opcode : 'load' 'store'> <Ports = 2> <Width = 8> <Depth = 128> <RAM>
ST_3 : Operation 147 [1/2] (1.23ns)   --->   "%x_q_0_load_5 = load i7 %x_q_0_addr_5" [awn_int8.cpp:61]   --->   Operation 147 'load' 'x_q_0_load_5' <Predicate = (!icmp_ln53)> <Delay = 1.23> <CoreInst = "RAM">   --->   Core 83 'RAM' <Latency = 1> <II = 1> <Delay = 1.23> <Storage> <Opcode : 'load' 'store'> <Ports = 2> <Width = 8> <Depth = 128> <RAM>
ST_3 : Operation 148 [1/1] (0.39ns)   --->   "%xv_324 = select i1 %tmp_268, i8 0, i8 %x_q_0_load_5" [awn_int8.cpp:60]   --->   Operation 148 'select' 'xv_324' <Predicate = (!icmp_ln53)> <Delay = 0.39> <CoreInst = "Sel">   --->   Core 73 'Sel' <Latency = 0> <II = 1> <Delay = 0.39> <FuncUnit> <Opcode : 'select'> <InPorts = 3> <OutPorts = 1>
ST_3 : Operation 149 [1/1] (0.00ns)   --->   "%sext_ln62_4 = sext i8 %xv_324" [awn_int8.cpp:62]   --->   Operation 149 'sext' 'sext_ln62_4' <Predicate = (!icmp_ln53)> <Delay = 0.00>
ST_3 : Operation 150 [3/3] (0.99ns) (grouped into DSP with root node add_ln62_3)   --->   "%mul_ln62_5 = mul i16 %sext_ln62_4, i16 %p_ZL2W1_0_5_0_load_cast" [awn_int8.cpp:62]   --->   Operation 150 'mul' 'mul_ln62_5' <Predicate = (!icmp_ln53)> <Delay = 0.99> <CoreInst = "DSP48">   --->   Core 127 'DSP48' <Latency = 3> <II = 1> <Delay = 0.53> <IPBlock> <Opcode : '' 'add' 'sub' 'mul' 'select'> <InPorts = 0> <OutPorts = 1> <Sync> <CReg>
ST_3 : Operation 151 [1/1] (0.39ns)   --->   "%xv_326 = select i1 %tmp_265, i8 0, i8 %x_q_1_load" [awn_int8.cpp:60]   --->   Operation 151 'select' 'xv_326' <Predicate = (!icmp_ln53)> <Delay = 0.39> <CoreInst = "Sel">   --->   Core 73 'Sel' <Latency = 0> <II = 1> <Delay = 0.39> <FuncUnit> <Opcode : 'select'> <InPorts = 3> <OutPorts = 1>
ST_3 : Operation 152 [1/1] (0.00ns)   --->   "%x_q_1_addr_1 = getelementptr i8 %x_q_1, i64 0, i64 %zext_ln60_1" [awn_int8.cpp:61]   --->   Operation 152 'getelementptr' 'x_q_1_addr_1' <Predicate = (!icmp_ln53 & !tmp_266)> <Delay = 0.00>
ST_3 : Operation 153 [2/2] (1.23ns)   --->   "%x_q_1_load_1 = load i7 %x_q_1_addr_1" [awn_int8.cpp:61]   --->   Operation 153 'load' 'x_q_1_load_1' <Predicate = (!icmp_ln53 & !tmp_266)> <Delay = 1.23> <CoreInst = "RAM">   --->   Core 83 'RAM' <Latency = 1> <II = 1> <Delay = 1.23> <Storage> <Opcode : 'load' 'store'> <Ports = 2> <Width = 8> <Depth = 128> <RAM>
ST_3 : Operation 154 [1/2] (1.23ns)   --->   "%x_q_1_load_4 = load i7 %x_q_1_addr_4" [awn_int8.cpp:61]   --->   Operation 154 'load' 'x_q_1_load_4' <Predicate = (!icmp_ln53)> <Delay = 1.23> <CoreInst = "RAM">   --->   Core 83 'RAM' <Latency = 1> <II = 1> <Delay = 1.23> <Storage> <Opcode : 'load' 'store'> <Ports = 2> <Width = 8> <Depth = 128> <RAM>
ST_3 : Operation 155 [1/1] (0.00ns)   --->   "%x_q_1_addr_5 = getelementptr i8 %x_q_1, i64 0, i64 %zext_ln60_4" [awn_int8.cpp:61]   --->   Operation 155 'getelementptr' 'x_q_1_addr_5' <Predicate = (!icmp_ln53 & !tmp_268)> <Delay = 0.00>
ST_3 : Operation 156 [2/2] (1.23ns)   --->   "%x_q_1_load_5 = load i7 %x_q_1_addr_5" [awn_int8.cpp:61]   --->   Operation 156 'load' 'x_q_1_load_5' <Predicate = (!icmp_ln53 & !tmp_268)> <Delay = 1.23> <CoreInst = "RAM">   --->   Core 83 'RAM' <Latency = 1> <II = 1> <Delay = 1.23> <Storage> <Opcode : 'load' 'store'> <Ports = 2> <Width = 8> <Depth = 128> <RAM>
ST_3 : Operation 157 [1/2] (1.23ns)   --->   "%x_q_1_load_6 = load i7 %x_q_1_addr_6" [awn_int8.cpp:61]   --->   Operation 157 'load' 'x_q_1_load_6' <Predicate = (!icmp_ln53)> <Delay = 1.23> <CoreInst = "RAM">   --->   Core 83 'RAM' <Latency = 1> <II = 1> <Delay = 1.23> <Storage> <Opcode : 'load' 'store'> <Ports = 2> <Width = 8> <Depth = 128> <RAM>

State 4 <SV = 3> <Delay = 3.28>
ST_4 : Operation 158 [1/1] (0.00ns)   --->   "%p_ZL2W1_0_2_0_load_cast = sext i8 %p_ZL2W1_0_2_0_load" [awn_int8.cpp:53]   --->   Operation 158 'sext' 'p_ZL2W1_0_2_0_load_cast' <Predicate = (!icmp_ln53)> <Delay = 0.00>
ST_4 : Operation 159 [1/1] (0.00ns)   --->   "%p_ZL2W1_0_4_0_load_cast = sext i8 %p_ZL2W1_0_4_0_load" [awn_int8.cpp:53]   --->   Operation 159 'sext' 'p_ZL2W1_0_4_0_load_cast' <Predicate = (!icmp_ln53)> <Delay = 0.00>
ST_4 : Operation 160 [1/1] (0.00ns)   --->   "%p_ZL2W1_1_0_0_load_cast = sext i8 %p_ZL2W1_1_0_0_load" [awn_int8.cpp:53]   --->   Operation 160 'sext' 'p_ZL2W1_1_0_0_load_cast' <Predicate = (!icmp_ln53)> <Delay = 0.00>
ST_4 : Operation 161 [1/1] (0.00ns)   --->   "%p_ZL2W1_1_1_0_load_cast = sext i8 %p_ZL2W1_1_1_0_load" [awn_int8.cpp:53]   --->   Operation 161 'sext' 'p_ZL2W1_1_1_0_load_cast' <Predicate = (!icmp_ln53)> <Delay = 0.00>
ST_4 : Operation 162 [1/1] (0.00ns)   --->   "%p_ZL2W1_1_2_0_load_cast = sext i8 %p_ZL2W1_1_2_0_load" [awn_int8.cpp:53]   --->   Operation 162 'sext' 'p_ZL2W1_1_2_0_load_cast' <Predicate = (!icmp_ln53)> <Delay = 0.00>
ST_4 : Operation 163 [9/12] (1.89ns)   --->   "%urem_ln56 = urem i8 %select_ln53, i8 5" [awn_int8.cpp:56]   --->   Operation 163 'urem' 'urem_ln56' <Predicate = (!icmp_ln53)> <Delay = 1.89> <CoreInst = "Divider">   --->   Core 6 'Divider' <Latency = 11> <II = 1> <Delay = 1.89> <FuncUnit> <Opcode : 'udiv' 'sdiv' 'urem' 'srem'> <InPorts = 2> <OutPorts = 1>
ST_4 : Operation 164 [1/3] (0.00ns) (grouped into DSP with root node add_ln62)   --->   "%mul_ln62_1 = mul i16 %sext_ln62_1, i16 %p_ZL2W1_0_1_0_load_cast" [awn_int8.cpp:62]   --->   Operation 164 'mul' 'mul_ln62_1' <Predicate = (!icmp_ln53)> <Delay = 0.00> <CoreInst = "DSP48">   --->   Core 127 'DSP48' <Latency = 3> <II = 1> <Delay = 0.53> <IPBlock> <Opcode : '' 'add' 'sub' 'mul' 'select'> <InPorts = 0> <OutPorts = 1> <Sync> <CReg>
ST_4 : Operation 165 [1/1] (0.76ns)   --->   "%icmp_ln60 = icmp_ne  i8 %select_ln53, i8 0" [awn_int8.cpp:60]   --->   Operation 165 'icmp' 'icmp_ln60' <Predicate = (!icmp_ln53)> <Delay = 0.76> <CoreInst = "Cmp">   --->   Core 9 'Cmp' <Latency = 0> <II = 1> <Delay = 0.76> <FuncUnit> <Opcode : 'icmp'> <InPorts = 2> <OutPorts = 1>
ST_4 : Operation 166 [1/2] (1.23ns)   --->   "%x_q_0_load_2 = load i7 %x_q_0_addr_2" [awn_int8.cpp:61]   --->   Operation 166 'load' 'x_q_0_load_2' <Predicate = (!icmp_ln53)> <Delay = 1.23> <CoreInst = "RAM">   --->   Core 83 'RAM' <Latency = 1> <II = 1> <Delay = 1.23> <Storage> <Opcode : 'load' 'store'> <Ports = 2> <Width = 8> <Depth = 128> <RAM>
ST_4 : Operation 167 [1/1] (0.39ns)   --->   "%xv_321 = select i1 %icmp_ln60, i8 %x_q_0_load_2, i8 0" [awn_int8.cpp:60]   --->   Operation 167 'select' 'xv_321' <Predicate = (!icmp_ln53)> <Delay = 0.39> <CoreInst = "Sel">   --->   Core 73 'Sel' <Latency = 0> <II = 1> <Delay = 0.39> <FuncUnit> <Opcode : 'select'> <InPorts = 3> <OutPorts = 1>
ST_4 : Operation 168 [1/1] (0.00ns)   --->   "%sext_ln59 = sext i8 %xv_321" [awn_int8.cpp:59]   --->   Operation 168 'sext' 'sext_ln59' <Predicate = (!icmp_ln53)> <Delay = 0.00>
ST_4 : Operation 169 [1/1] (1.65ns)   --->   "%mul_ln62_2 = mul i16 %sext_ln59, i16 %p_ZL2W1_0_2_0_load_cast" [awn_int8.cpp:62]   --->   Operation 169 'mul' 'mul_ln62_2' <Predicate = (!icmp_ln53)> <Delay = 1.65> <CoreInst = "Multiplier">   --->   Core 3 'Multiplier' <Latency = 0> <II = 1> <Delay = 1.65> <FuncUnit> <Opcode : 'mul'> <InPorts = 2> <OutPorts = 1>
ST_4 : Operation 170 [2/3] (0.99ns) (grouped into DSP with root node add_ln62_2)   --->   "%mul_ln62_3 = mul i16 %sext_ln62_2, i16 %p_ZL2W1_0_3_0_load_cast" [awn_int8.cpp:62]   --->   Operation 170 'mul' 'mul_ln62_3' <Predicate = (!icmp_ln53)> <Delay = 0.99> <CoreInst = "DSP48">   --->   Core 127 'DSP48' <Latency = 3> <II = 1> <Delay = 0.53> <IPBlock> <Opcode : '' 'add' 'sub' 'mul' 'select'> <InPorts = 0> <OutPorts = 1> <Sync> <CReg>
ST_4 : Operation 171 [1/2] (1.23ns)   --->   "%x_q_0_load_4 = load i7 %x_q_0_addr_4" [awn_int8.cpp:61]   --->   Operation 171 'load' 'x_q_0_load_4' <Predicate = (!icmp_ln53 & !tmp_267)> <Delay = 1.23> <CoreInst = "RAM">   --->   Core 83 'RAM' <Latency = 1> <II = 1> <Delay = 1.23> <Storage> <Opcode : 'load' 'store'> <Ports = 2> <Width = 8> <Depth = 128> <RAM>
ST_4 : Operation 172 [1/1] (0.39ns)   --->   "%xv_323 = select i1 %tmp_267, i8 0, i8 %x_q_0_load_4" [awn_int8.cpp:60]   --->   Operation 172 'select' 'xv_323' <Predicate = (!icmp_ln53)> <Delay = 0.39> <CoreInst = "Sel">   --->   Core 73 'Sel' <Latency = 0> <II = 1> <Delay = 0.39> <FuncUnit> <Opcode : 'select'> <InPorts = 3> <OutPorts = 1>
ST_4 : Operation 173 [1/1] (0.00ns)   --->   "%sext_ln62_3 = sext i8 %xv_323" [awn_int8.cpp:62]   --->   Operation 173 'sext' 'sext_ln62_3' <Predicate = (!icmp_ln53)> <Delay = 0.00>
ST_4 : Operation 174 [1/1] (1.65ns)   --->   "%mul_ln62_4 = mul i16 %sext_ln62_3, i16 %p_ZL2W1_0_4_0_load_cast" [awn_int8.cpp:62]   --->   Operation 174 'mul' 'mul_ln62_4' <Predicate = (!icmp_ln53)> <Delay = 1.65> <CoreInst = "Multiplier">   --->   Core 3 'Multiplier' <Latency = 0> <II = 1> <Delay = 1.65> <FuncUnit> <Opcode : 'mul'> <InPorts = 2> <OutPorts = 1>
ST_4 : Operation 175 [2/3] (0.99ns) (grouped into DSP with root node add_ln62_3)   --->   "%mul_ln62_5 = mul i16 %sext_ln62_4, i16 %p_ZL2W1_0_5_0_load_cast" [awn_int8.cpp:62]   --->   Operation 175 'mul' 'mul_ln62_5' <Predicate = (!icmp_ln53)> <Delay = 0.99> <CoreInst = "DSP48">   --->   Core 127 'DSP48' <Latency = 3> <II = 1> <Delay = 0.53> <IPBlock> <Opcode : '' 'add' 'sub' 'mul' 'select'> <InPorts = 0> <OutPorts = 1> <Sync> <CReg>
ST_4 : Operation 176 [1/1] (0.00ns)   --->   "%x_q_0_addr_6 = getelementptr i8 %x_q_0, i64 0, i64 %zext_ln60_5" [awn_int8.cpp:61]   --->   Operation 176 'getelementptr' 'x_q_0_addr_6' <Predicate = (!icmp_ln53 & !tmp_269)> <Delay = 0.00>
ST_4 : Operation 177 [2/2] (1.23ns)   --->   "%x_q_0_load_6 = load i7 %x_q_0_addr_6" [awn_int8.cpp:61]   --->   Operation 177 'load' 'x_q_0_load_6' <Predicate = (!icmp_ln53 & !tmp_269)> <Delay = 1.23> <CoreInst = "RAM">   --->   Core 83 'RAM' <Latency = 1> <II = 1> <Delay = 1.23> <Storage> <Opcode : 'load' 'store'> <Ports = 2> <Width = 8> <Depth = 128> <RAM>
ST_4 : Operation 178 [1/1] (0.00ns)   --->   "%sext_ln62_6 = sext i8 %xv_326" [awn_int8.cpp:62]   --->   Operation 178 'sext' 'sext_ln62_6' <Predicate = (!icmp_ln53)> <Delay = 0.00>
ST_4 : Operation 179 [3/3] (0.99ns) (grouped into DSP with root node add_ln62_6)   --->   "%mul_ln62_7 = mul i16 %sext_ln62_6, i16 %p_ZL2W1_1_0_0_load_cast" [awn_int8.cpp:62]   --->   Operation 179 'mul' 'mul_ln62_7' <Predicate = (!icmp_ln53)> <Delay = 0.99> <CoreInst = "DSP48">   --->   Core 127 'DSP48' <Latency = 3> <II = 1> <Delay = 0.53> <IPBlock> <Opcode : '' 'add' 'sub' 'mul' 'select'> <InPorts = 0> <OutPorts = 1> <Sync> <CReg>
ST_4 : Operation 180 [1/2] (1.23ns)   --->   "%x_q_1_load_1 = load i7 %x_q_1_addr_1" [awn_int8.cpp:61]   --->   Operation 180 'load' 'x_q_1_load_1' <Predicate = (!icmp_ln53 & !tmp_266)> <Delay = 1.23> <CoreInst = "RAM">   --->   Core 83 'RAM' <Latency = 1> <II = 1> <Delay = 1.23> <Storage> <Opcode : 'load' 'store'> <Ports = 2> <Width = 8> <Depth = 128> <RAM>
ST_4 : Operation 181 [1/1] (0.39ns)   --->   "%xv_327 = select i1 %tmp_266, i8 0, i8 %x_q_1_load_1" [awn_int8.cpp:60]   --->   Operation 181 'select' 'xv_327' <Predicate = (!icmp_ln53)> <Delay = 0.39> <CoreInst = "Sel">   --->   Core 73 'Sel' <Latency = 0> <II = 1> <Delay = 0.39> <FuncUnit> <Opcode : 'select'> <InPorts = 3> <OutPorts = 1>
ST_4 : Operation 182 [1/1] (0.00ns)   --->   "%sext_ln62_7 = sext i8 %xv_327" [awn_int8.cpp:62]   --->   Operation 182 'sext' 'sext_ln62_7' <Predicate = (!icmp_ln53)> <Delay = 0.00>
ST_4 : Operation 183 [1/1] (1.65ns)   --->   "%mul_ln62_8 = mul i16 %sext_ln62_7, i16 %p_ZL2W1_1_1_0_load_cast" [awn_int8.cpp:62]   --->   Operation 183 'mul' 'mul_ln62_8' <Predicate = (!icmp_ln53)> <Delay = 1.65> <CoreInst = "Multiplier">   --->   Core 3 'Multiplier' <Latency = 0> <II = 1> <Delay = 1.65> <FuncUnit> <Opcode : 'mul'> <InPorts = 2> <OutPorts = 1>
ST_4 : Operation 184 [1/1] (0.39ns)   --->   "%xv_328 = select i1 %icmp_ln60, i8 %x_q_1_load_2, i8 0" [awn_int8.cpp:60]   --->   Operation 184 'select' 'xv_328' <Predicate = (!icmp_ln53)> <Delay = 0.39> <CoreInst = "Sel">   --->   Core 73 'Sel' <Latency = 0> <II = 1> <Delay = 0.39> <FuncUnit> <Opcode : 'select'> <InPorts = 3> <OutPorts = 1>
ST_4 : Operation 185 [1/1] (0.00ns)   --->   "%sext_ln59_1 = sext i8 %xv_328" [awn_int8.cpp:59]   --->   Operation 185 'sext' 'sext_ln59_1' <Predicate = (!icmp_ln53)> <Delay = 0.00>
ST_4 : Operation 186 [1/1] (0.00ns)   --->   "%x_q_1_addr_3 = getelementptr i8 %x_q_1, i64 0, i64 %zext_ln54" [awn_int8.cpp:61]   --->   Operation 186 'getelementptr' 'x_q_1_addr_3' <Predicate = (!icmp_ln53)> <Delay = 0.00>
ST_4 : Operation 187 [2/2] (1.23ns)   --->   "%xv_329 = load i7 %x_q_1_addr_3" [awn_int8.cpp:61]   --->   Operation 187 'load' 'xv_329' <Predicate = (!icmp_ln53)> <Delay = 1.23> <CoreInst = "RAM">   --->   Core 83 'RAM' <Latency = 1> <II = 1> <Delay = 1.23> <Storage> <Opcode : 'load' 'store'> <Ports = 2> <Width = 8> <Depth = 128> <RAM>
ST_4 : Operation 188 [3/3] (0.99ns) (grouped into DSP with root node add_ln62_7)   --->   "%mul_ln62_9 = mul i16 %sext_ln59_1, i16 %p_ZL2W1_1_2_0_load_cast" [awn_int8.cpp:62]   --->   Operation 188 'mul' 'mul_ln62_9' <Predicate = (!icmp_ln53)> <Delay = 0.99> <CoreInst = "DSP48">   --->   Core 127 'DSP48' <Latency = 3> <II = 1> <Delay = 0.53> <IPBlock> <Opcode : '' 'add' 'sub' 'mul' 'select'> <InPorts = 0> <OutPorts = 1> <Sync> <CReg>
ST_4 : Operation 189 [1/1] (0.39ns)   --->   "%xv_330 = select i1 %tmp_267, i8 0, i8 %x_q_1_load_4" [awn_int8.cpp:60]   --->   Operation 189 'select' 'xv_330' <Predicate = (!icmp_ln53)> <Delay = 0.39> <CoreInst = "Sel">   --->   Core 73 'Sel' <Latency = 0> <II = 1> <Delay = 0.39> <FuncUnit> <Opcode : 'select'> <InPorts = 3> <OutPorts = 1>
ST_4 : Operation 190 [1/2] (1.23ns)   --->   "%x_q_1_load_5 = load i7 %x_q_1_addr_5" [awn_int8.cpp:61]   --->   Operation 190 'load' 'x_q_1_load_5' <Predicate = (!icmp_ln53 & !tmp_268)> <Delay = 1.23> <CoreInst = "RAM">   --->   Core 83 'RAM' <Latency = 1> <II = 1> <Delay = 1.23> <Storage> <Opcode : 'load' 'store'> <Ports = 2> <Width = 8> <Depth = 128> <RAM>
ST_4 : Operation 191 [1/1] (0.39ns)   --->   "%xv_331 = select i1 %tmp_268, i8 0, i8 %x_q_1_load_5" [awn_int8.cpp:60]   --->   Operation 191 'select' 'xv_331' <Predicate = (!icmp_ln53)> <Delay = 0.39> <CoreInst = "Sel">   --->   Core 73 'Sel' <Latency = 0> <II = 1> <Delay = 0.39> <FuncUnit> <Opcode : 'select'> <InPorts = 3> <OutPorts = 1>
ST_4 : Operation 192 [2/2] (0.64ns) (root node of the DSP)   --->   "%add_ln62 = add i16 %mul_ln62, i16 %mul_ln62_1" [awn_int8.cpp:62]   --->   Operation 192 'add' 'add_ln62' <Predicate = (!icmp_ln53)> <Delay = 0.64> <CoreInst = "DSP48">   --->   Core 127 'DSP48' <Latency = 3> <II = 1> <Delay = 0.53> <IPBlock> <Opcode : '' 'add' 'sub' 'mul' 'select'> <InPorts = 0> <OutPorts = 1> <Sync> <CReg>

State 5 <SV = 4> <Delay = 3.28>
ST_5 : Operation 193 [1/1] (0.00ns)   --->   "%b1_addr = getelementptr i7 %b1, i64 0, i64 %zext_ln53" [awn_int8.cpp:53]   --->   Operation 193 'getelementptr' 'b1_addr' <Predicate = true> <Delay = 0.00>
ST_5 : Operation 194 [2/2] (0.67ns)   --->   "%acc = load i6 %b1_addr" [awn_int8.cpp:53]   --->   Operation 194 'load' 'acc' <Predicate = true> <Delay = 0.67> <CoreInst = "ROM">   --->   Core 101 'ROM' <Latency = 1> <II = 1> <Delay = 0.67> <Storage> <Opcode : 'load'> <Ports = 0> <Width = 7> <Depth = 64> <ROM>
ST_5 : Operation 195 [1/1] (0.00ns)   --->   "%p_ZL2W1_0_6_0_load_cast = sext i8 %p_ZL2W1_0_6_0_load" [awn_int8.cpp:53]   --->   Operation 195 'sext' 'p_ZL2W1_0_6_0_load_cast' <Predicate = true> <Delay = 0.00>
ST_5 : Operation 196 [1/1] (0.00ns)   --->   "%p_ZL2W1_1_3_0_load_cast = sext i8 %p_ZL2W1_1_3_0_load" [awn_int8.cpp:53]   --->   Operation 196 'sext' 'p_ZL2W1_1_3_0_load_cast' <Predicate = true> <Delay = 0.00>
ST_5 : Operation 197 [1/1] (0.00ns)   --->   "%p_ZL2W1_1_4_0_load_cast = sext i8 %p_ZL2W1_1_4_0_load" [awn_int8.cpp:53]   --->   Operation 197 'sext' 'p_ZL2W1_1_4_0_load_cast' <Predicate = true> <Delay = 0.00>
ST_5 : Operation 198 [1/1] (0.00ns)   --->   "%p_ZL2W1_1_5_0_load_cast = sext i8 %p_ZL2W1_1_5_0_load" [awn_int8.cpp:53]   --->   Operation 198 'sext' 'p_ZL2W1_1_5_0_load_cast' <Predicate = true> <Delay = 0.00>
ST_5 : Operation 199 [1/1] (0.00ns)   --->   "%sext_ln54 = sext i8 %p_ZL2W1_1_6_0_load" [awn_int8.cpp:54]   --->   Operation 199 'sext' 'sext_ln54' <Predicate = true> <Delay = 0.00>
ST_5 : Operation 200 [8/12] (1.89ns)   --->   "%urem_ln56 = urem i8 %select_ln53, i8 5" [awn_int8.cpp:56]   --->   Operation 200 'urem' 'urem_ln56' <Predicate = true> <Delay = 1.89> <CoreInst = "Divider">   --->   Core 6 'Divider' <Latency = 11> <II = 1> <Delay = 1.89> <FuncUnit> <Opcode : 'udiv' 'sdiv' 'urem' 'srem'> <InPorts = 2> <OutPorts = 1>
ST_5 : Operation 201 [1/3] (0.00ns) (grouped into DSP with root node add_ln62_2)   --->   "%mul_ln62_3 = mul i16 %sext_ln62_2, i16 %p_ZL2W1_0_3_0_load_cast" [awn_int8.cpp:62]   --->   Operation 201 'mul' 'mul_ln62_3' <Predicate = true> <Delay = 0.00> <CoreInst = "DSP48">   --->   Core 127 'DSP48' <Latency = 3> <II = 1> <Delay = 0.53> <IPBlock> <Opcode : '' 'add' 'sub' 'mul' 'select'> <InPorts = 0> <OutPorts = 1> <Sync> <CReg>
ST_5 : Operation 202 [1/3] (0.00ns) (grouped into DSP with root node add_ln62_3)   --->   "%mul_ln62_5 = mul i16 %sext_ln62_4, i16 %p_ZL2W1_0_5_0_load_cast" [awn_int8.cpp:62]   --->   Operation 202 'mul' 'mul_ln62_5' <Predicate = true> <Delay = 0.00> <CoreInst = "DSP48">   --->   Core 127 'DSP48' <Latency = 3> <II = 1> <Delay = 0.53> <IPBlock> <Opcode : '' 'add' 'sub' 'mul' 'select'> <InPorts = 0> <OutPorts = 1> <Sync> <CReg>
ST_5 : Operation 203 [1/2] (1.23ns)   --->   "%x_q_0_load_6 = load i7 %x_q_0_addr_6" [awn_int8.cpp:61]   --->   Operation 203 'load' 'x_q_0_load_6' <Predicate = (!tmp_269)> <Delay = 1.23> <CoreInst = "RAM">   --->   Core 83 'RAM' <Latency = 1> <II = 1> <Delay = 1.23> <Storage> <Opcode : 'load' 'store'> <Ports = 2> <Width = 8> <Depth = 128> <RAM>
ST_5 : Operation 204 [1/1] (0.39ns)   --->   "%xv_325 = select i1 %tmp_269, i8 0, i8 %x_q_0_load_6" [awn_int8.cpp:60]   --->   Operation 204 'select' 'xv_325' <Predicate = true> <Delay = 0.39> <CoreInst = "Sel">   --->   Core 73 'Sel' <Latency = 0> <II = 1> <Delay = 0.39> <FuncUnit> <Opcode : 'select'> <InPorts = 3> <OutPorts = 1>
ST_5 : Operation 205 [1/1] (0.00ns)   --->   "%sext_ln62_5 = sext i8 %xv_325" [awn_int8.cpp:62]   --->   Operation 205 'sext' 'sext_ln62_5' <Predicate = true> <Delay = 0.00>
ST_5 : Operation 206 [1/1] (1.65ns)   --->   "%mul_ln62_6 = mul i16 %sext_ln62_5, i16 %p_ZL2W1_0_6_0_load_cast" [awn_int8.cpp:62]   --->   Operation 206 'mul' 'mul_ln62_6' <Predicate = true> <Delay = 1.65> <CoreInst = "Multiplier">   --->   Core 3 'Multiplier' <Latency = 0> <II = 1> <Delay = 1.65> <FuncUnit> <Opcode : 'mul'> <InPorts = 2> <OutPorts = 1>
ST_5 : Operation 207 [2/3] (0.99ns) (grouped into DSP with root node add_ln62_6)   --->   "%mul_ln62_7 = mul i16 %sext_ln62_6, i16 %p_ZL2W1_1_0_0_load_cast" [awn_int8.cpp:62]   --->   Operation 207 'mul' 'mul_ln62_7' <Predicate = true> <Delay = 0.99> <CoreInst = "DSP48">   --->   Core 127 'DSP48' <Latency = 3> <II = 1> <Delay = 0.53> <IPBlock> <Opcode : '' 'add' 'sub' 'mul' 'select'> <InPorts = 0> <OutPorts = 1> <Sync> <CReg>
ST_5 : Operation 208 [1/2] (1.23ns)   --->   "%xv_329 = load i7 %x_q_1_addr_3" [awn_int8.cpp:61]   --->   Operation 208 'load' 'xv_329' <Predicate = true> <Delay = 1.23> <CoreInst = "RAM">   --->   Core 83 'RAM' <Latency = 1> <II = 1> <Delay = 1.23> <Storage> <Opcode : 'load' 'store'> <Ports = 2> <Width = 8> <Depth = 128> <RAM>
ST_5 : Operation 209 [1/1] (0.00ns)   --->   "%sext_ln62_8 = sext i8 %xv_329" [awn_int8.cpp:62]   --->   Operation 209 'sext' 'sext_ln62_8' <Predicate = true> <Delay = 0.00>
ST_5 : Operation 210 [2/3] (0.99ns) (grouped into DSP with root node add_ln62_7)   --->   "%mul_ln62_9 = mul i16 %sext_ln59_1, i16 %p_ZL2W1_1_2_0_load_cast" [awn_int8.cpp:62]   --->   Operation 210 'mul' 'mul_ln62_9' <Predicate = true> <Delay = 0.99> <CoreInst = "DSP48">   --->   Core 127 'DSP48' <Latency = 3> <II = 1> <Delay = 0.53> <IPBlock> <Opcode : '' 'add' 'sub' 'mul' 'select'> <InPorts = 0> <OutPorts = 1> <Sync> <CReg>
ST_5 : Operation 211 [1/1] (1.65ns)   --->   "%mul_ln62_10 = mul i16 %sext_ln62_8, i16 %p_ZL2W1_1_3_0_load_cast" [awn_int8.cpp:62]   --->   Operation 211 'mul' 'mul_ln62_10' <Predicate = true> <Delay = 1.65> <CoreInst = "Multiplier">   --->   Core 3 'Multiplier' <Latency = 0> <II = 1> <Delay = 1.65> <FuncUnit> <Opcode : 'mul'> <InPorts = 2> <OutPorts = 1>
ST_5 : Operation 212 [1/1] (0.00ns)   --->   "%sext_ln62_9 = sext i8 %xv_330" [awn_int8.cpp:62]   --->   Operation 212 'sext' 'sext_ln62_9' <Predicate = true> <Delay = 0.00>
ST_5 : Operation 213 [3/3] (0.99ns) (grouped into DSP with root node add_ln62_9)   --->   "%mul_ln62_11 = mul i16 %sext_ln62_9, i16 %p_ZL2W1_1_4_0_load_cast" [awn_int8.cpp:62]   --->   Operation 213 'mul' 'mul_ln62_11' <Predicate = true> <Delay = 0.99> <CoreInst = "DSP48">   --->   Core 127 'DSP48' <Latency = 3> <II = 1> <Delay = 0.53> <IPBlock> <Opcode : '' 'add' 'sub' 'mul' 'select'> <InPorts = 0> <OutPorts = 1> <Sync> <CReg>
ST_5 : Operation 214 [1/1] (0.00ns)   --->   "%sext_ln62_10 = sext i8 %xv_331" [awn_int8.cpp:62]   --->   Operation 214 'sext' 'sext_ln62_10' <Predicate = true> <Delay = 0.00>
ST_5 : Operation 215 [1/1] (1.65ns)   --->   "%mul_ln62_12 = mul i16 %sext_ln62_10, i16 %p_ZL2W1_1_5_0_load_cast" [awn_int8.cpp:62]   --->   Operation 215 'mul' 'mul_ln62_12' <Predicate = true> <Delay = 1.65> <CoreInst = "Multiplier">   --->   Core 3 'Multiplier' <Latency = 0> <II = 1> <Delay = 1.65> <FuncUnit> <Opcode : 'mul'> <InPorts = 2> <OutPorts = 1>
ST_5 : Operation 216 [1/1] (0.39ns)   --->   "%xv_332 = select i1 %tmp_269, i8 0, i8 %x_q_1_load_6" [awn_int8.cpp:60]   --->   Operation 216 'select' 'xv_332' <Predicate = true> <Delay = 0.39> <CoreInst = "Sel">   --->   Core 73 'Sel' <Latency = 0> <II = 1> <Delay = 0.39> <FuncUnit> <Opcode : 'select'> <InPorts = 3> <OutPorts = 1>
ST_5 : Operation 217 [1/1] (0.00ns)   --->   "%sext_ln62_11 = sext i8 %xv_332" [awn_int8.cpp:62]   --->   Operation 217 'sext' 'sext_ln62_11' <Predicate = true> <Delay = 0.00>
ST_5 : Operation 218 [3/3] (0.99ns) (grouped into DSP with root node add_ln62_10)   --->   "%mul_ln62_13 = mul i16 %sext_ln62_11, i16 %sext_ln54" [awn_int8.cpp:62]   --->   Operation 218 'mul' 'mul_ln62_13' <Predicate = true> <Delay = 0.99> <CoreInst = "DSP48">   --->   Core 127 'DSP48' <Latency = 3> <II = 1> <Delay = 0.53> <IPBlock> <Opcode : '' 'add' 'sub' 'mul' 'select'> <InPorts = 0> <OutPorts = 1> <Sync> <CReg>
ST_5 : Operation 219 [1/2] (0.64ns) (root node of the DSP)   --->   "%add_ln62 = add i16 %mul_ln62, i16 %mul_ln62_1" [awn_int8.cpp:62]   --->   Operation 219 'add' 'add_ln62' <Predicate = true> <Delay = 0.64> <CoreInst = "DSP48">   --->   Core 127 'DSP48' <Latency = 3> <II = 1> <Delay = 0.53> <IPBlock> <Opcode : '' 'add' 'sub' 'mul' 'select'> <InPorts = 0> <OutPorts = 1> <Sync> <CReg>
ST_5 : Operation 220 [2/2] (0.64ns) (root node of the DSP)   --->   "%add_ln62_2 = add i16 %mul_ln62_2, i16 %mul_ln62_3" [awn_int8.cpp:62]   --->   Operation 220 'add' 'add_ln62_2' <Predicate = true> <Delay = 0.64> <CoreInst = "DSP48">   --->   Core 127 'DSP48' <Latency = 3> <II = 1> <Delay = 0.53> <IPBlock> <Opcode : '' 'add' 'sub' 'mul' 'select'> <InPorts = 0> <OutPorts = 1> <Sync> <CReg>
ST_5 : Operation 221 [2/2] (0.64ns) (root node of the DSP)   --->   "%add_ln62_3 = add i16 %mul_ln62_4, i16 %mul_ln62_5" [awn_int8.cpp:62]   --->   Operation 221 'add' 'add_ln62_3' <Predicate = true> <Delay = 0.64> <CoreInst = "DSP48">   --->   Core 127 'DSP48' <Latency = 3> <II = 1> <Delay = 0.53> <IPBlock> <Opcode : '' 'add' 'sub' 'mul' 'select'> <InPorts = 0> <OutPorts = 1> <Sync> <CReg>

State 6 <SV = 5> <Delay = 2.39>
ST_6 : Operation 222 [1/2] (0.67ns)   --->   "%acc = load i6 %b1_addr" [awn_int8.cpp:53]   --->   Operation 222 'load' 'acc' <Predicate = true> <Delay = 0.67> <CoreInst = "ROM">   --->   Core 101 'ROM' <Latency = 1> <II = 1> <Delay = 0.67> <Storage> <Opcode : 'load'> <Ports = 0> <Width = 7> <Depth = 64> <ROM>
ST_6 : Operation 223 [1/1] (0.00ns)   --->   "%acc_cast = sext i7 %acc" [awn_int8.cpp:53]   --->   Operation 223 'sext' 'acc_cast' <Predicate = true> <Delay = 0.00>
ST_6 : Operation 224 [7/12] (1.89ns)   --->   "%urem_ln56 = urem i8 %select_ln53, i8 5" [awn_int8.cpp:56]   --->   Operation 224 'urem' 'urem_ln56' <Predicate = true> <Delay = 1.89> <CoreInst = "Divider">   --->   Core 6 'Divider' <Latency = 11> <II = 1> <Delay = 1.89> <FuncUnit> <Opcode : 'udiv' 'sdiv' 'urem' 'srem'> <InPorts = 2> <OutPorts = 1>
ST_6 : Operation 225 [1/3] (0.00ns) (grouped into DSP with root node add_ln62_6)   --->   "%mul_ln62_7 = mul i16 %sext_ln62_6, i16 %p_ZL2W1_1_0_0_load_cast" [awn_int8.cpp:62]   --->   Operation 225 'mul' 'mul_ln62_7' <Predicate = true> <Delay = 0.00> <CoreInst = "DSP48">   --->   Core 127 'DSP48' <Latency = 3> <II = 1> <Delay = 0.53> <IPBlock> <Opcode : '' 'add' 'sub' 'mul' 'select'> <InPorts = 0> <OutPorts = 1> <Sync> <CReg>
ST_6 : Operation 226 [1/3] (0.00ns) (grouped into DSP with root node add_ln62_7)   --->   "%mul_ln62_9 = mul i16 %sext_ln59_1, i16 %p_ZL2W1_1_2_0_load_cast" [awn_int8.cpp:62]   --->   Operation 226 'mul' 'mul_ln62_9' <Predicate = true> <Delay = 0.00> <CoreInst = "DSP48">   --->   Core 127 'DSP48' <Latency = 3> <II = 1> <Delay = 0.53> <IPBlock> <Opcode : '' 'add' 'sub' 'mul' 'select'> <InPorts = 0> <OutPorts = 1> <Sync> <CReg>
ST_6 : Operation 227 [2/3] (0.99ns) (grouped into DSP with root node add_ln62_9)   --->   "%mul_ln62_11 = mul i16 %sext_ln62_9, i16 %p_ZL2W1_1_4_0_load_cast" [awn_int8.cpp:62]   --->   Operation 227 'mul' 'mul_ln62_11' <Predicate = true> <Delay = 0.99> <CoreInst = "DSP48">   --->   Core 127 'DSP48' <Latency = 3> <II = 1> <Delay = 0.53> <IPBlock> <Opcode : '' 'add' 'sub' 'mul' 'select'> <InPorts = 0> <OutPorts = 1> <Sync> <CReg>
ST_6 : Operation 228 [2/3] (0.99ns) (grouped into DSP with root node add_ln62_10)   --->   "%mul_ln62_13 = mul i16 %sext_ln62_11, i16 %sext_ln54" [awn_int8.cpp:62]   --->   Operation 228 'mul' 'mul_ln62_13' <Predicate = true> <Delay = 0.99> <CoreInst = "DSP48">   --->   Core 127 'DSP48' <Latency = 3> <II = 1> <Delay = 0.53> <IPBlock> <Opcode : '' 'add' 'sub' 'mul' 'select'> <InPorts = 0> <OutPorts = 1> <Sync> <CReg>
ST_6 : Operation 229 [1/1] (0.85ns)   --->   "%add_ln62_1 = add i16 %add_ln62, i16 %acc_cast" [awn_int8.cpp:62]   --->   Operation 229 'add' 'add_ln62_1' <Predicate = true> <Delay = 0.85> <CoreInst = "Adder">   --->   Core 1 'Adder' <Latency = 0> <II = 1> <Delay = 0.85> <FuncUnit> <Opcode : 'add' 'sub'> <InPorts = 2> <OutPorts = 1>
ST_6 : Operation 230 [1/1] (0.00ns)   --->   "%sext_ln62_12 = sext i16 %add_ln62_1" [awn_int8.cpp:62]   --->   Operation 230 'sext' 'sext_ln62_12' <Predicate = true> <Delay = 0.00>
ST_6 : Operation 231 [1/2] (0.64ns) (root node of the DSP)   --->   "%add_ln62_2 = add i16 %mul_ln62_2, i16 %mul_ln62_3" [awn_int8.cpp:62]   --->   Operation 231 'add' 'add_ln62_2' <Predicate = true> <Delay = 0.64> <CoreInst = "DSP48">   --->   Core 127 'DSP48' <Latency = 3> <II = 1> <Delay = 0.53> <IPBlock> <Opcode : '' 'add' 'sub' 'mul' 'select'> <InPorts = 0> <OutPorts = 1> <Sync> <CReg>
ST_6 : Operation 232 [1/1] (0.00ns)   --->   "%sext_ln62_13 = sext i16 %add_ln62_2" [awn_int8.cpp:62]   --->   Operation 232 'sext' 'sext_ln62_13' <Predicate = true> <Delay = 0.00>
ST_6 : Operation 233 [1/2] (0.64ns) (root node of the DSP)   --->   "%add_ln62_3 = add i16 %mul_ln62_4, i16 %mul_ln62_5" [awn_int8.cpp:62]   --->   Operation 233 'add' 'add_ln62_3' <Predicate = true> <Delay = 0.64> <CoreInst = "DSP48">   --->   Core 127 'DSP48' <Latency = 3> <II = 1> <Delay = 0.53> <IPBlock> <Opcode : '' 'add' 'sub' 'mul' 'select'> <InPorts = 0> <OutPorts = 1> <Sync> <CReg>
ST_6 : Operation 234 [1/1] (0.00ns)   --->   "%sext_ln62_14 = sext i16 %add_ln62_3" [awn_int8.cpp:62]   --->   Operation 234 'sext' 'sext_ln62_14' <Predicate = true> <Delay = 0.00>
ST_6 : Operation 235 [1/1] (0.85ns)   --->   "%add_ln62_4 = add i17 %sext_ln62_14, i17 %sext_ln62_13" [awn_int8.cpp:62]   --->   Operation 235 'add' 'add_ln62_4' <Predicate = true> <Delay = 0.85> <CoreInst = "Adder">   --->   Core 1 'Adder' <Latency = 0> <II = 1> <Delay = 0.85> <FuncUnit> <Opcode : 'add' 'sub'> <InPorts = 2> <OutPorts = 1>
ST_6 : Operation 236 [1/1] (0.00ns)   --->   "%sext_ln62_15 = sext i17 %add_ln62_4" [awn_int8.cpp:62]   --->   Operation 236 'sext' 'sext_ln62_15' <Predicate = true> <Delay = 0.00>
ST_6 : Operation 237 [1/1] (0.86ns)   --->   "%add_ln62_5 = add i18 %sext_ln62_15, i18 %sext_ln62_12" [awn_int8.cpp:62]   --->   Operation 237 'add' 'add_ln62_5' <Predicate = true> <Delay = 0.86> <CoreInst = "Adder">   --->   Core 1 'Adder' <Latency = 0> <II = 1> <Delay = 0.86> <FuncUnit> <Opcode : 'add' 'sub'> <InPorts = 2> <OutPorts = 1>
ST_6 : Operation 238 [2/2] (0.64ns) (root node of the DSP)   --->   "%add_ln62_6 = add i16 %mul_ln62_6, i16 %mul_ln62_7" [awn_int8.cpp:62]   --->   Operation 238 'add' 'add_ln62_6' <Predicate = true> <Delay = 0.64> <CoreInst = "DSP48">   --->   Core 127 'DSP48' <Latency = 3> <II = 1> <Delay = 0.53> <IPBlock> <Opcode : '' 'add' 'sub' 'mul' 'select'> <InPorts = 0> <OutPorts = 1> <Sync> <CReg>
ST_6 : Operation 239 [2/2] (0.64ns) (root node of the DSP)   --->   "%add_ln62_7 = add i16 %mul_ln62_8, i16 %mul_ln62_9" [awn_int8.cpp:62]   --->   Operation 239 'add' 'add_ln62_7' <Predicate = true> <Delay = 0.64> <CoreInst = "DSP48">   --->   Core 127 'DSP48' <Latency = 3> <II = 1> <Delay = 0.53> <IPBlock> <Opcode : '' 'add' 'sub' 'mul' 'select'> <InPorts = 0> <OutPorts = 1> <Sync> <CReg>

State 7 <SV = 6> <Delay = 1.89>
ST_7 : Operation 240 [6/12] (1.89ns)   --->   "%urem_ln56 = urem i8 %select_ln53, i8 5" [awn_int8.cpp:56]   --->   Operation 240 'urem' 'urem_ln56' <Predicate = true> <Delay = 1.89> <CoreInst = "Divider">   --->   Core 6 'Divider' <Latency = 11> <II = 1> <Delay = 1.89> <FuncUnit> <Opcode : 'udiv' 'sdiv' 'urem' 'srem'> <InPorts = 2> <OutPorts = 1>
ST_7 : Operation 241 [1/3] (0.00ns) (grouped into DSP with root node add_ln62_9)   --->   "%mul_ln62_11 = mul i16 %sext_ln62_9, i16 %p_ZL2W1_1_4_0_load_cast" [awn_int8.cpp:62]   --->   Operation 241 'mul' 'mul_ln62_11' <Predicate = true> <Delay = 0.00> <CoreInst = "DSP48">   --->   Core 127 'DSP48' <Latency = 3> <II = 1> <Delay = 0.53> <IPBlock> <Opcode : '' 'add' 'sub' 'mul' 'select'> <InPorts = 0> <OutPorts = 1> <Sync> <CReg>
ST_7 : Operation 242 [1/3] (0.00ns) (grouped into DSP with root node add_ln62_10)   --->   "%mul_ln62_13 = mul i16 %sext_ln62_11, i16 %sext_ln54" [awn_int8.cpp:62]   --->   Operation 242 'mul' 'mul_ln62_13' <Predicate = true> <Delay = 0.00> <CoreInst = "DSP48">   --->   Core 127 'DSP48' <Latency = 3> <II = 1> <Delay = 0.53> <IPBlock> <Opcode : '' 'add' 'sub' 'mul' 'select'> <InPorts = 0> <OutPorts = 1> <Sync> <CReg>
ST_7 : Operation 243 [1/2] (0.64ns) (root node of the DSP)   --->   "%add_ln62_6 = add i16 %mul_ln62_6, i16 %mul_ln62_7" [awn_int8.cpp:62]   --->   Operation 243 'add' 'add_ln62_6' <Predicate = true> <Delay = 0.64> <CoreInst = "DSP48">   --->   Core 127 'DSP48' <Latency = 3> <II = 1> <Delay = 0.53> <IPBlock> <Opcode : '' 'add' 'sub' 'mul' 'select'> <InPorts = 0> <OutPorts = 1> <Sync> <CReg>
ST_7 : Operation 244 [1/1] (0.00ns)   --->   "%sext_ln62_17 = sext i16 %add_ln62_6" [awn_int8.cpp:62]   --->   Operation 244 'sext' 'sext_ln62_17' <Predicate = true> <Delay = 0.00>
ST_7 : Operation 245 [1/2] (0.64ns) (root node of the DSP)   --->   "%add_ln62_7 = add i16 %mul_ln62_8, i16 %mul_ln62_9" [awn_int8.cpp:62]   --->   Operation 245 'add' 'add_ln62_7' <Predicate = true> <Delay = 0.64> <CoreInst = "DSP48">   --->   Core 127 'DSP48' <Latency = 3> <II = 1> <Delay = 0.53> <IPBlock> <Opcode : '' 'add' 'sub' 'mul' 'select'> <InPorts = 0> <OutPorts = 1> <Sync> <CReg>
ST_7 : Operation 246 [1/1] (0.00ns)   --->   "%sext_ln62_18 = sext i16 %add_ln62_7" [awn_int8.cpp:62]   --->   Operation 246 'sext' 'sext_ln62_18' <Predicate = true> <Delay = 0.00>
ST_7 : Operation 247 [1/1] (0.85ns)   --->   "%add_ln62_8 = add i17 %sext_ln62_18, i17 %sext_ln62_17" [awn_int8.cpp:62]   --->   Operation 247 'add' 'add_ln62_8' <Predicate = true> <Delay = 0.85> <CoreInst = "Adder">   --->   Core 1 'Adder' <Latency = 0> <II = 1> <Delay = 0.85> <FuncUnit> <Opcode : 'add' 'sub'> <InPorts = 2> <OutPorts = 1>
ST_7 : Operation 248 [2/2] (0.64ns) (root node of the DSP)   --->   "%add_ln62_9 = add i16 %mul_ln62_10, i16 %mul_ln62_11" [awn_int8.cpp:62]   --->   Operation 248 'add' 'add_ln62_9' <Predicate = true> <Delay = 0.64> <CoreInst = "DSP48">   --->   Core 127 'DSP48' <Latency = 3> <II = 1> <Delay = 0.53> <IPBlock> <Opcode : '' 'add' 'sub' 'mul' 'select'> <InPorts = 0> <OutPorts = 1> <Sync> <CReg>
ST_7 : Operation 249 [2/2] (0.64ns) (root node of the DSP)   --->   "%add_ln62_10 = add i16 %mul_ln62_12, i16 %mul_ln62_13" [awn_int8.cpp:62]   --->   Operation 249 'add' 'add_ln62_10' <Predicate = true> <Delay = 0.64> <CoreInst = "DSP48">   --->   Core 127 'DSP48' <Latency = 3> <II = 1> <Delay = 0.53> <IPBlock> <Opcode : '' 'add' 'sub' 'mul' 'select'> <InPorts = 0> <OutPorts = 1> <Sync> <CReg>

State 8 <SV = 7> <Delay = 3.23>
ST_8 : Operation 250 [5/12] (1.89ns)   --->   "%urem_ln56 = urem i8 %select_ln53, i8 5" [awn_int8.cpp:56]   --->   Operation 250 'urem' 'urem_ln56' <Predicate = true> <Delay = 1.89> <CoreInst = "Divider">   --->   Core 6 'Divider' <Latency = 11> <II = 1> <Delay = 1.89> <FuncUnit> <Opcode : 'udiv' 'sdiv' 'urem' 'srem'> <InPorts = 2> <OutPorts = 1>
ST_8 : Operation 251 [1/1] (0.00ns)   --->   "%sext_ln62_16 = sext i18 %add_ln62_5" [awn_int8.cpp:62]   --->   Operation 251 'sext' 'sext_ln62_16' <Predicate = true> <Delay = 0.00>
ST_8 : Operation 252 [1/1] (0.00ns)   --->   "%sext_ln62_19 = sext i17 %add_ln62_8" [awn_int8.cpp:62]   --->   Operation 252 'sext' 'sext_ln62_19' <Predicate = true> <Delay = 0.00>
ST_8 : Operation 253 [1/2] (0.64ns) (root node of the DSP)   --->   "%add_ln62_9 = add i16 %mul_ln62_10, i16 %mul_ln62_11" [awn_int8.cpp:62]   --->   Operation 253 'add' 'add_ln62_9' <Predicate = true> <Delay = 0.64> <CoreInst = "DSP48">   --->   Core 127 'DSP48' <Latency = 3> <II = 1> <Delay = 0.53> <IPBlock> <Opcode : '' 'add' 'sub' 'mul' 'select'> <InPorts = 0> <OutPorts = 1> <Sync> <CReg>
ST_8 : Operation 254 [1/1] (0.00ns)   --->   "%sext_ln62_20 = sext i16 %add_ln62_9" [awn_int8.cpp:62]   --->   Operation 254 'sext' 'sext_ln62_20' <Predicate = true> <Delay = 0.00>
ST_8 : Operation 255 [1/2] (0.64ns) (root node of the DSP)   --->   "%add_ln62_10 = add i16 %mul_ln62_12, i16 %mul_ln62_13" [awn_int8.cpp:62]   --->   Operation 255 'add' 'add_ln62_10' <Predicate = true> <Delay = 0.64> <CoreInst = "DSP48">   --->   Core 127 'DSP48' <Latency = 3> <II = 1> <Delay = 0.53> <IPBlock> <Opcode : '' 'add' 'sub' 'mul' 'select'> <InPorts = 0> <OutPorts = 1> <Sync> <CReg>
ST_8 : Operation 256 [1/1] (0.00ns)   --->   "%sext_ln62_21 = sext i16 %add_ln62_10" [awn_int8.cpp:62]   --->   Operation 256 'sext' 'sext_ln62_21' <Predicate = true> <Delay = 0.00>
ST_8 : Operation 257 [1/1] (0.85ns)   --->   "%add_ln62_11 = add i17 %sext_ln62_21, i17 %sext_ln62_20" [awn_int8.cpp:62]   --->   Operation 257 'add' 'add_ln62_11' <Predicate = true> <Delay = 0.85> <CoreInst = "Adder">   --->   Core 1 'Adder' <Latency = 0> <II = 1> <Delay = 0.85> <FuncUnit> <Opcode : 'add' 'sub'> <InPorts = 2> <OutPorts = 1>
ST_8 : Operation 258 [1/1] (0.00ns)   --->   "%sext_ln62_22 = sext i17 %add_ln62_11" [awn_int8.cpp:62]   --->   Operation 258 'sext' 'sext_ln62_22' <Predicate = true> <Delay = 0.00>
ST_8 : Operation 259 [1/1] (0.86ns)   --->   "%add_ln62_12 = add i18 %sext_ln62_22, i18 %sext_ln62_19" [awn_int8.cpp:62]   --->   Operation 259 'add' 'add_ln62_12' <Predicate = true> <Delay = 0.86> <CoreInst = "Adder">   --->   Core 1 'Adder' <Latency = 0> <II = 1> <Delay = 0.86> <FuncUnit> <Opcode : 'add' 'sub'> <InPorts = 2> <OutPorts = 1>
ST_8 : Operation 260 [1/1] (0.00ns)   --->   "%sext_ln62_23 = sext i18 %add_ln62_12" [awn_int8.cpp:62]   --->   Operation 260 'sext' 'sext_ln62_23' <Predicate = true> <Delay = 0.00>
ST_8 : Operation 261 [1/1] (0.87ns)   --->   "%acc_3 = add i19 %sext_ln62_23, i19 %sext_ln62_16" [awn_int8.cpp:62]   --->   Operation 261 'add' 'acc_3' <Predicate = true> <Delay = 0.87> <CoreInst = "Adder">   --->   Core 1 'Adder' <Latency = 0> <II = 1> <Delay = 0.87> <FuncUnit> <Opcode : 'add' 'sub'> <InPorts = 2> <OutPorts = 1>

State 9 <SV = 8> <Delay = 1.89>
ST_9 : Operation 262 [4/12] (1.89ns)   --->   "%urem_ln56 = urem i8 %select_ln53, i8 5" [awn_int8.cpp:56]   --->   Operation 262 'urem' 'urem_ln56' <Predicate = true> <Delay = 1.89> <CoreInst = "Divider">   --->   Core 6 'Divider' <Latency = 11> <II = 1> <Delay = 1.89> <FuncUnit> <Opcode : 'udiv' 'sdiv' 'urem' 'srem'> <InPorts = 2> <OutPorts = 1>

State 10 <SV = 9> <Delay = 3.42>
ST_10 : Operation 263 [3/12] (1.89ns)   --->   "%urem_ln56 = urem i8 %select_ln53, i8 5" [awn_int8.cpp:56]   --->   Operation 263 'urem' 'urem_ln56' <Predicate = true> <Delay = 1.89> <CoreInst = "Divider">   --->   Core 6 'Divider' <Latency = 11> <II = 1> <Delay = 1.89> <FuncUnit> <Opcode : 'udiv' 'sdiv' 'urem' 'srem'> <InPorts = 2> <OutPorts = 1>
ST_10 : Operation 264 [1/1] (0.00ns)   --->   "%sext_ln17 = sext i19 %acc_3" [awn_int8.cpp:17->awn_int8.cpp:30->awn_int8.cpp:65]   --->   Operation 264 'sext' 'sext_ln17' <Predicate = true> <Delay = 0.00>
ST_10 : Operation 265 [1/1] (3.42ns)   --->   "%mul_ln17 = mul i49 %sext_ln17, i49 1306723902" [awn_int8.cpp:17->awn_int8.cpp:30->awn_int8.cpp:65]   --->   Operation 265 'mul' 'mul_ln17' <Predicate = true> <Delay = 3.42> <CoreInst = "Multiplier">   --->   Core 3 'Multiplier' <Latency = 0> <II = 1> <Delay = 3.42> <FuncUnit> <Opcode : 'mul'> <InPorts = 2> <OutPorts = 1>

State 11 <SV = 10> <Delay = 2.28>
ST_11 : Operation 266 [2/12] (1.89ns)   --->   "%urem_ln56 = urem i8 %select_ln53, i8 5" [awn_int8.cpp:56]   --->   Operation 266 'urem' 'urem_ln56' <Predicate = true> <Delay = 1.89> <CoreInst = "Divider">   --->   Core 6 'Divider' <Latency = 11> <II = 1> <Delay = 1.89> <FuncUnit> <Opcode : 'udiv' 'sdiv' 'urem' 'srem'> <InPorts = 2> <OutPorts = 1>
ST_11 : Operation 267 [1/1] (1.09ns)   --->   "%sum = add i49 %mul_ln17, i49 137438953472" [awn_int8.cpp:19->awn_int8.cpp:30->awn_int8.cpp:65]   --->   Operation 267 'add' 'sum' <Predicate = true> <Delay = 1.09> <CoreInst = "Adder">   --->   Core 1 'Adder' <Latency = 0> <II = 1> <Delay = 1.09> <FuncUnit> <Opcode : 'add' 'sub'> <InPorts = 2> <OutPorts = 1>
ST_11 : Operation 268 [1/1] (0.00ns)   --->   "%trunc_ln6 = partselect i11 @_ssdm_op_PartSelect.i11.i49.i32.i32, i49 %sum, i32 38, i32 48" [awn_int8.cpp:20->awn_int8.cpp:30->awn_int8.cpp:65]   --->   Operation 268 'partselect' 'trunc_ln6' <Predicate = true> <Delay = 0.00>
ST_11 : Operation 269 [1/1] (0.00ns)   --->   "%tmp_270 = partselect i4 @_ssdm_op_PartSelect.i4.i49.i32.i32, i49 %sum, i32 45, i32 48" [awn_int8.cpp:24->awn_int8.cpp:30->awn_int8.cpp:65]   --->   Operation 269 'partselect' 'tmp_270' <Predicate = true> <Delay = 0.00>
ST_11 : Operation 270 [1/1] (0.79ns)   --->   "%icmp_ln24 = icmp_sgt  i4 %tmp_270, i4 0" [awn_int8.cpp:24->awn_int8.cpp:30->awn_int8.cpp:65]   --->   Operation 270 'icmp' 'icmp_ln24' <Predicate = true> <Delay = 0.79> <CoreInst = "Cmp">   --->   Core 9 'Cmp' <Latency = 0> <II = 1> <Delay = 0.79> <FuncUnit> <Opcode : 'icmp'> <InPorts = 2> <OutPorts = 1>
ST_11 : Operation 271 [1/1] (0.79ns)   --->   "%icmp_ln25 = icmp_slt  i11 %trunc_ln6, i11 1920" [awn_int8.cpp:25->awn_int8.cpp:30->awn_int8.cpp:65]   --->   Operation 271 'icmp' 'icmp_ln25' <Predicate = true> <Delay = 0.79> <CoreInst = "Cmp">   --->   Core 9 'Cmp' <Latency = 0> <II = 1> <Delay = 0.79> <FuncUnit> <Opcode : 'icmp'> <InPorts = 2> <OutPorts = 1>
ST_11 : Operation 272 [1/1] (0.00ns) (grouped into LUT with out node r)   --->   "%trunc_ln7 = partselect i8 @_ssdm_op_PartSelect.i8.i49.i32.i32, i49 %sum, i32 38, i32 45" [awn_int8.cpp:26->awn_int8.cpp:30->awn_int8.cpp:65]   --->   Operation 272 'partselect' 'trunc_ln7' <Predicate = true> <Delay = 0.00>
ST_11 : Operation 273 [1/1] (0.00ns) (grouped into LUT with out node r)   --->   "%select_ln24 = select i1 %icmp_ln24, i8 127, i8 128" [awn_int8.cpp:24->awn_int8.cpp:30->awn_int8.cpp:65]   --->   Operation 273 'select' 'select_ln24' <Predicate = true> <Delay = 0.00> <CoreInst = "Sel">   --->   Core 73 'Sel' <Latency = 0> <II = 1> <Delay = 0.39> <FuncUnit> <Opcode : 'select'> <InPorts = 3> <OutPorts = 1>
ST_11 : Operation 274 [1/1] (0.00ns) (grouped into LUT with out node r)   --->   "%or_ln24 = or i1 %icmp_ln24, i1 %icmp_ln25" [awn_int8.cpp:24->awn_int8.cpp:30->awn_int8.cpp:65]   --->   Operation 274 'or' 'or_ln24' <Predicate = true> <Delay = 0.00> <CoreInst = "LogicGate">   --->   Core 74 'LogicGate' <Latency = 0> <II = 1> <Delay = 0.28> <FuncUnit> <Opcode : 'and' 'or' 'xor'> <InPorts = 2> <OutPorts = 1>
ST_11 : Operation 275 [1/1] (0.39ns) (out node of the LUT)   --->   "%r = select i1 %or_ln24, i8 %select_ln24, i8 %trunc_ln7" [awn_int8.cpp:24->awn_int8.cpp:30->awn_int8.cpp:65]   --->   Operation 275 'select' 'r' <Predicate = true> <Delay = 0.39> <CoreInst = "Sel">   --->   Core 73 'Sel' <Latency = 0> <II = 1> <Delay = 0.39> <FuncUnit> <Opcode : 'select'> <InPorts = 3> <OutPorts = 1>
ST_11 : Operation 276 [1/1] (0.00ns)   --->   "%tmp_271 = bitselect i1 @_ssdm_op_BitSelect.i1.i8.i32, i8 %r, i32 7" [awn_int8.cpp:35->awn_int8.cpp:66]   --->   Operation 276 'bitselect' 'tmp_271' <Predicate = true> <Delay = 0.00>

State 12 <SV = 11> <Delay = 2.62>
ST_12 : Operation 277 [1/12] (1.89ns)   --->   "%urem_ln56 = urem i8 %select_ln53, i8 5" [awn_int8.cpp:56]   --->   Operation 277 'urem' 'urem_ln56' <Predicate = true> <Delay = 1.89> <CoreInst = "Divider">   --->   Core 6 'Divider' <Latency = 11> <II = 1> <Delay = 1.89> <FuncUnit> <Opcode : 'udiv' 'sdiv' 'urem' 'srem'> <InPorts = 2> <OutPorts = 1>
ST_12 : Operation 278 [1/1] (0.00ns)   --->   "%trunc_ln56 = trunc i3 %urem_ln56" [awn_int8.cpp:56]   --->   Operation 278 'trunc' 'trunc_ln56' <Predicate = true> <Delay = 0.00>
ST_12 : Operation 279 [1/1] (0.73ns)   --->   "%switch_ln66 = switch i3 %trunc_ln56, void %arrayidx3513.case.4, i3 0, void %arrayidx3513.case.0, i3 1, void %arrayidx3513.case.1, i3 2, void %arrayidx3513.case.2, i3 3, void %arrayidx3513.case.3" [awn_int8.cpp:66]   --->   Operation 279 'switch' 'switch_ln66' <Predicate = true> <Delay = 0.73>
ST_12 : Operation 280 [1/1] (0.74ns)   --->   "%switch_ln66 = switch i6 %trunc_ln53, void %arrayidx3513_3.case.63, i6 0, void %arrayidx3513_3.case.0, i6 1, void %arrayidx3513_3.case.1, i6 2, void %arrayidx3513_3.case.2, i6 3, void %arrayidx3513_3.case.3, i6 4, void %arrayidx3513_3.case.4, i6 5, void %arrayidx3513_3.case.5, i6 6, void %arrayidx3513_3.case.6, i6 7, void %arrayidx3513_3.case.7, i6 8, void %arrayidx3513_3.case.8, i6 9, void %arrayidx3513_3.case.9, i6 10, void %arrayidx3513_3.case.10, i6 11, void %arrayidx3513_3.case.11, i6 12, void %arrayidx3513_3.case.12, i6 13, void %arrayidx3513_3.case.13, i6 14, void %arrayidx3513_3.case.14, i6 15, void %arrayidx3513_3.case.15, i6 16, void %arrayidx3513_3.case.16, i6 17, void %arrayidx3513_3.case.17, i6 18, void %arrayidx3513_3.case.18, i6 19, void %arrayidx3513_3.case.19, i6 20, void %arrayidx3513_3.case.20, i6 21, void %arrayidx3513_3.case.21, i6 22, void %arrayidx3513_3.case.22, i6 23, void %arrayidx3513_3.case.23, i6 24, void %arrayidx3513_3.case.24, i6 25, void %arrayidx3513_3.case.25, i6 26, void %arrayidx3513_3.case.26, i6 27, void %arrayidx3513_3.case.27, i6 28, void %arrayidx3513_3.case.28, i6 29, void %arrayidx3513_3.case.29, i6 30, void %arrayidx3513_3.case.30, i6 31, void %arrayidx3513_3.case.31, i6 32, void %arrayidx3513_3.case.32, i6 33, void %arrayidx3513_3.case.33, i6 34, void %arrayidx3513_3.case.34, i6 35, void %arrayidx3513_3.case.35, i6 36, void %arrayidx3513_3.case.36, i6 37, void %arrayidx3513_3.case.37, i6 38, void %arrayidx3513_3.case.38, i6 39, void %arrayidx3513_3.case.39, i6 40, void %arrayidx3513_3.case.40, i6 41, void %arrayidx3513_3.case.41, i6 42, void %arrayidx3513_3.case.42, i6 43, void %arrayidx3513_3.case.43, i6 44, void %arrayidx3513_3.case.44, i6 45, void %arrayidx3513_3.case.45, i6 46, void %arrayidx3513_3.case.46, i6 47, void %arrayidx3513_3.case.47, i6 48, void %arrayidx3513_3.case.48, i6 49, void %arrayidx3513_3.case.49, i6 50, void %arrayidx3513_3.case.50, i6 51, void %arrayidx3513_3.case.51, i6 52, void %arrayidx3513_3.case.52, i6 53, void %arrayidx3513_3.case.53, i6 54, void %arrayidx3513_3.case.54, i6 55, void %arrayidx3513_3.case.55, i6 56, void %arrayidx3513_3.case.56, i6 57, void %arrayidx3513_3.case.57, i6 58, void %arrayidx3513_3.case.58, i6 59, void %arrayidx3513_3.case.59, i6 60, void %arrayidx3513_3.case.60, i6 61, void %arrayidx3513_3.case.61, i6 62, void %arrayidx3513_3.case.62" [awn_int8.cpp:66]   --->   Operation 280 'switch' 'switch_ln66' <Predicate = (trunc_ln56 == 3)> <Delay = 0.74>
ST_12 : Operation 281 [1/1] (0.74ns)   --->   "%switch_ln66 = switch i6 %trunc_ln53, void %arrayidx3513_2.case.63, i6 0, void %arrayidx3513_2.case.0, i6 1, void %arrayidx3513_2.case.1, i6 2, void %arrayidx3513_2.case.2, i6 3, void %arrayidx3513_2.case.3, i6 4, void %arrayidx3513_2.case.4, i6 5, void %arrayidx3513_2.case.5, i6 6, void %arrayidx3513_2.case.6, i6 7, void %arrayidx3513_2.case.7, i6 8, void %arrayidx3513_2.case.8, i6 9, void %arrayidx3513_2.case.9, i6 10, void %arrayidx3513_2.case.10, i6 11, void %arrayidx3513_2.case.11, i6 12, void %arrayidx3513_2.case.12, i6 13, void %arrayidx3513_2.case.13, i6 14, void %arrayidx3513_2.case.14, i6 15, void %arrayidx3513_2.case.15, i6 16, void %arrayidx3513_2.case.16, i6 17, void %arrayidx3513_2.case.17, i6 18, void %arrayidx3513_2.case.18, i6 19, void %arrayidx3513_2.case.19, i6 20, void %arrayidx3513_2.case.20, i6 21, void %arrayidx3513_2.case.21, i6 22, void %arrayidx3513_2.case.22, i6 23, void %arrayidx3513_2.case.23, i6 24, void %arrayidx3513_2.case.24, i6 25, void %arrayidx3513_2.case.25, i6 26, void %arrayidx3513_2.case.26, i6 27, void %arrayidx3513_2.case.27, i6 28, void %arrayidx3513_2.case.28, i6 29, void %arrayidx3513_2.case.29, i6 30, void %arrayidx3513_2.case.30, i6 31, void %arrayidx3513_2.case.31, i6 32, void %arrayidx3513_2.case.32, i6 33, void %arrayidx3513_2.case.33, i6 34, void %arrayidx3513_2.case.34, i6 35, void %arrayidx3513_2.case.35, i6 36, void %arrayidx3513_2.case.36, i6 37, void %arrayidx3513_2.case.37, i6 38, void %arrayidx3513_2.case.38, i6 39, void %arrayidx3513_2.case.39, i6 40, void %arrayidx3513_2.case.40, i6 41, void %arrayidx3513_2.case.41, i6 42, void %arrayidx3513_2.case.42, i6 43, void %arrayidx3513_2.case.43, i6 44, void %arrayidx3513_2.case.44, i6 45, void %arrayidx3513_2.case.45, i6 46, void %arrayidx3513_2.case.46, i6 47, void %arrayidx3513_2.case.47, i6 48, void %arrayidx3513_2.case.48, i6 49, void %arrayidx3513_2.case.49, i6 50, void %arrayidx3513_2.case.50, i6 51, void %arrayidx3513_2.case.51, i6 52, void %arrayidx3513_2.case.52, i6 53, void %arrayidx3513_2.case.53, i6 54, void %arrayidx3513_2.case.54, i6 55, void %arrayidx3513_2.case.55, i6 56, void %arrayidx3513_2.case.56, i6 57, void %arrayidx3513_2.case.57, i6 58, void %arrayidx3513_2.case.58, i6 59, void %arrayidx3513_2.case.59, i6 60, void %arrayidx3513_2.case.60, i6 61, void %arrayidx3513_2.case.61, i6 62, void %arrayidx3513_2.case.62" [awn_int8.cpp:66]   --->   Operation 281 'switch' 'switch_ln66' <Predicate = (trunc_ln56 == 2)> <Delay = 0.74>
ST_12 : Operation 282 [1/1] (0.74ns)   --->   "%switch_ln66 = switch i6 %trunc_ln53, void %arrayidx3513_1.case.63, i6 0, void %arrayidx3513_1.case.0, i6 1, void %arrayidx3513_1.case.1, i6 2, void %arrayidx3513_1.case.2, i6 3, void %arrayidx3513_1.case.3, i6 4, void %arrayidx3513_1.case.4, i6 5, void %arrayidx3513_1.case.5, i6 6, void %arrayidx3513_1.case.6, i6 7, void %arrayidx3513_1.case.7, i6 8, void %arrayidx3513_1.case.8, i6 9, void %arrayidx3513_1.case.9, i6 10, void %arrayidx3513_1.case.10, i6 11, void %arrayidx3513_1.case.11, i6 12, void %arrayidx3513_1.case.12, i6 13, void %arrayidx3513_1.case.13, i6 14, void %arrayidx3513_1.case.14, i6 15, void %arrayidx3513_1.case.15, i6 16, void %arrayidx3513_1.case.16, i6 17, void %arrayidx3513_1.case.17, i6 18, void %arrayidx3513_1.case.18, i6 19, void %arrayidx3513_1.case.19, i6 20, void %arrayidx3513_1.case.20, i6 21, void %arrayidx3513_1.case.21, i6 22, void %arrayidx3513_1.case.22, i6 23, void %arrayidx3513_1.case.23, i6 24, void %arrayidx3513_1.case.24, i6 25, void %arrayidx3513_1.case.25, i6 26, void %arrayidx3513_1.case.26, i6 27, void %arrayidx3513_1.case.27, i6 28, void %arrayidx3513_1.case.28, i6 29, void %arrayidx3513_1.case.29, i6 30, void %arrayidx3513_1.case.30, i6 31, void %arrayidx3513_1.case.31, i6 32, void %arrayidx3513_1.case.32, i6 33, void %arrayidx3513_1.case.33, i6 34, void %arrayidx3513_1.case.34, i6 35, void %arrayidx3513_1.case.35, i6 36, void %arrayidx3513_1.case.36, i6 37, void %arrayidx3513_1.case.37, i6 38, void %arrayidx3513_1.case.38, i6 39, void %arrayidx3513_1.case.39, i6 40, void %arrayidx3513_1.case.40, i6 41, void %arrayidx3513_1.case.41, i6 42, void %arrayidx3513_1.case.42, i6 43, void %arrayidx3513_1.case.43, i6 44, void %arrayidx3513_1.case.44, i6 45, void %arrayidx3513_1.case.45, i6 46, void %arrayidx3513_1.case.46, i6 47, void %arrayidx3513_1.case.47, i6 48, void %arrayidx3513_1.case.48, i6 49, void %arrayidx3513_1.case.49, i6 50, void %arrayidx3513_1.case.50, i6 51, void %arrayidx3513_1.case.51, i6 52, void %arrayidx3513_1.case.52, i6 53, void %arrayidx3513_1.case.53, i6 54, void %arrayidx3513_1.case.54, i6 55, void %arrayidx3513_1.case.55, i6 56, void %arrayidx3513_1.case.56, i6 57, void %arrayidx3513_1.case.57, i6 58, void %arrayidx3513_1.case.58, i6 59, void %arrayidx3513_1.case.59, i6 60, void %arrayidx3513_1.case.60, i6 61, void %arrayidx3513_1.case.61, i6 62, void %arrayidx3513_1.case.62" [awn_int8.cpp:66]   --->   Operation 282 'switch' 'switch_ln66' <Predicate = (trunc_ln56 == 1)> <Delay = 0.74>
ST_12 : Operation 283 [1/1] (0.74ns)   --->   "%switch_ln66 = switch i6 %trunc_ln53, void %arrayidx3513_0.case.63, i6 0, void %arrayidx3513_0.case.0, i6 1, void %arrayidx3513_0.case.1, i6 2, void %arrayidx3513_0.case.2, i6 3, void %arrayidx3513_0.case.3, i6 4, void %arrayidx3513_0.case.4, i6 5, void %arrayidx3513_0.case.5, i6 6, void %arrayidx3513_0.case.6, i6 7, void %arrayidx3513_0.case.7, i6 8, void %arrayidx3513_0.case.8, i6 9, void %arrayidx3513_0.case.9, i6 10, void %arrayidx3513_0.case.10, i6 11, void %arrayidx3513_0.case.11, i6 12, void %arrayidx3513_0.case.12, i6 13, void %arrayidx3513_0.case.13, i6 14, void %arrayidx3513_0.case.14, i6 15, void %arrayidx3513_0.case.15, i6 16, void %arrayidx3513_0.case.16, i6 17, void %arrayidx3513_0.case.17, i6 18, void %arrayidx3513_0.case.18, i6 19, void %arrayidx3513_0.case.19, i6 20, void %arrayidx3513_0.case.20, i6 21, void %arrayidx3513_0.case.21, i6 22, void %arrayidx3513_0.case.22, i6 23, void %arrayidx3513_0.case.23, i6 24, void %arrayidx3513_0.case.24, i6 25, void %arrayidx3513_0.case.25, i6 26, void %arrayidx3513_0.case.26, i6 27, void %arrayidx3513_0.case.27, i6 28, void %arrayidx3513_0.case.28, i6 29, void %arrayidx3513_0.case.29, i6 30, void %arrayidx3513_0.case.30, i6 31, void %arrayidx3513_0.case.31, i6 32, void %arrayidx3513_0.case.32, i6 33, void %arrayidx3513_0.case.33, i6 34, void %arrayidx3513_0.case.34, i6 35, void %arrayidx3513_0.case.35, i6 36, void %arrayidx3513_0.case.36, i6 37, void %arrayidx3513_0.case.37, i6 38, void %arrayidx3513_0.case.38, i6 39, void %arrayidx3513_0.case.39, i6 40, void %arrayidx3513_0.case.40, i6 41, void %arrayidx3513_0.case.41, i6 42, void %arrayidx3513_0.case.42, i6 43, void %arrayidx3513_0.case.43, i6 44, void %arrayidx3513_0.case.44, i6 45, void %arrayidx3513_0.case.45, i6 46, void %arrayidx3513_0.case.46, i6 47, void %arrayidx3513_0.case.47, i6 48, void %arrayidx3513_0.case.48, i6 49, void %arrayidx3513_0.case.49, i6 50, void %arrayidx3513_0.case.50, i6 51, void %arrayidx3513_0.case.51, i6 52, void %arrayidx3513_0.case.52, i6 53, void %arrayidx3513_0.case.53, i6 54, void %arrayidx3513_0.case.54, i6 55, void %arrayidx3513_0.case.55, i6 56, void %arrayidx3513_0.case.56, i6 57, void %arrayidx3513_0.case.57, i6 58, void %arrayidx3513_0.case.58, i6 59, void %arrayidx3513_0.case.59, i6 60, void %arrayidx3513_0.case.60, i6 61, void %arrayidx3513_0.case.61, i6 62, void %arrayidx3513_0.case.62" [awn_int8.cpp:66]   --->   Operation 283 'switch' 'switch_ln66' <Predicate = (trunc_ln56 == 0)> <Delay = 0.74>
ST_12 : Operation 284 [1/1] (0.74ns)   --->   "%switch_ln66 = switch i6 %trunc_ln53, void %arrayidx3513_4.case.63, i6 0, void %arrayidx3513_4.case.0, i6 1, void %arrayidx3513_4.case.1, i6 2, void %arrayidx3513_4.case.2, i6 3, void %arrayidx3513_4.case.3, i6 4, void %arrayidx3513_4.case.4, i6 5, void %arrayidx3513_4.case.5, i6 6, void %arrayidx3513_4.case.6, i6 7, void %arrayidx3513_4.case.7, i6 8, void %arrayidx3513_4.case.8, i6 9, void %arrayidx3513_4.case.9, i6 10, void %arrayidx3513_4.case.10, i6 11, void %arrayidx3513_4.case.11, i6 12, void %arrayidx3513_4.case.12, i6 13, void %arrayidx3513_4.case.13, i6 14, void %arrayidx3513_4.case.14, i6 15, void %arrayidx3513_4.case.15, i6 16, void %arrayidx3513_4.case.16, i6 17, void %arrayidx3513_4.case.17, i6 18, void %arrayidx3513_4.case.18, i6 19, void %arrayidx3513_4.case.19, i6 20, void %arrayidx3513_4.case.20, i6 21, void %arrayidx3513_4.case.21, i6 22, void %arrayidx3513_4.case.22, i6 23, void %arrayidx3513_4.case.23, i6 24, void %arrayidx3513_4.case.24, i6 25, void %arrayidx3513_4.case.25, i6 26, void %arrayidx3513_4.case.26, i6 27, void %arrayidx3513_4.case.27, i6 28, void %arrayidx3513_4.case.28, i6 29, void %arrayidx3513_4.case.29, i6 30, void %arrayidx3513_4.case.30, i6 31, void %arrayidx3513_4.case.31, i6 32, void %arrayidx3513_4.case.32, i6 33, void %arrayidx3513_4.case.33, i6 34, void %arrayidx3513_4.case.34, i6 35, void %arrayidx3513_4.case.35, i6 36, void %arrayidx3513_4.case.36, i6 37, void %arrayidx3513_4.case.37, i6 38, void %arrayidx3513_4.case.38, i6 39, void %arrayidx3513_4.case.39, i6 40, void %arrayidx3513_4.case.40, i6 41, void %arrayidx3513_4.case.41, i6 42, void %arrayidx3513_4.case.42, i6 43, void %arrayidx3513_4.case.43, i6 44, void %arrayidx3513_4.case.44, i6 45, void %arrayidx3513_4.case.45, i6 46, void %arrayidx3513_4.case.46, i6 47, void %arrayidx3513_4.case.47, i6 48, void %arrayidx3513_4.case.48, i6 49, void %arrayidx3513_4.case.49, i6 50, void %arrayidx3513_4.case.50, i6 51, void %arrayidx3513_4.case.51, i6 52, void %arrayidx3513_4.case.52, i6 53, void %arrayidx3513_4.case.53, i6 54, void %arrayidx3513_4.case.54, i6 55, void %arrayidx3513_4.case.55, i6 56, void %arrayidx3513_4.case.56, i6 57, void %arrayidx3513_4.case.57, i6 58, void %arrayidx3513_4.case.58, i6 59, void %arrayidx3513_4.case.59, i6 60, void %arrayidx3513_4.case.60, i6 61, void %arrayidx3513_4.case.61, i6 62, void %arrayidx3513_4.case.62" [awn_int8.cpp:66]   --->   Operation 284 'switch' 'switch_ln66' <Predicate = (trunc_ln56 != 0 & trunc_ln56 != 1 & trunc_ln56 != 2 & trunc_ln56 != 3)> <Delay = 0.74>

State 13 <SV = 12> <Delay = 0.00>
ST_13 : Operation 1266 [1/1] (0.00ns)   --->   "%ret_ln69 = ret" [awn_int8.cpp:69]   --->   Operation 1266 'ret' 'ret_ln69' <Predicate = (icmp_ln53)> <Delay = 0.00>

State 14 <SV = 13> <Delay = 2.11>
ST_14 : Operation 285 [1/1] (0.00ns)   --->   "%zext_ln56_1 = zext i8 %select_ln53" [awn_int8.cpp:56]   --->   Operation 285 'zext' 'zext_ln56_1' <Predicate = true> <Delay = 0.00>
ST_14 : Operation 286 [1/1] (2.11ns)   --->   "%mul_ln56 = mul i17 %zext_ln56_1, i17 410" [awn_int8.cpp:56]   --->   Operation 286 'mul' 'mul_ln56' <Predicate = true> <Delay = 2.11> <CoreInst = "Multiplier">   --->   Core 3 'Multiplier' <Latency = 0> <II = 1> <Delay = 2.11> <FuncUnit> <Opcode : 'mul'> <InPorts = 2> <OutPorts = 1>
ST_14 : Operation 287 [1/1] (0.00ns)   --->   "%tmp = partselect i6 @_ssdm_op_PartSelect.i6.i17.i32.i32, i17 %mul_ln56, i32 11, i32 16" [awn_int8.cpp:56]   --->   Operation 287 'partselect' 'tmp' <Predicate = true> <Delay = 0.00>
ST_14 : Operation 288 [1/1] (0.00ns)   --->   "%sext_ln36 = sext i8 %r" [awn_int8.cpp:36->awn_int8.cpp:66]   --->   Operation 288 'sext' 'sext_ln36' <Predicate = (tmp_271)> <Delay = 0.00>
ST_14 : Operation 289 [3/3] (0.99ns) (grouped into DSP with root node add_ln36)   --->   "%mul_ln36 = mul i17 %sext_ln36, i17 328" [awn_int8.cpp:36->awn_int8.cpp:66]   --->   Operation 289 'mul' 'mul_ln36' <Predicate = (tmp_271)> <Delay = 0.99> <CoreInst = "DSP48">   --->   Core 127 'DSP48' <Latency = 3> <II = 1> <Delay = 0.53> <IPBlock> <Opcode : '' 'add' 'sub' 'mul' 'select'> <InPorts = 0> <OutPorts = 1> <Sync> <CReg>

State 15 <SV = 14> <Delay = 0.99>
ST_15 : Operation 290 [2/3] (0.99ns) (grouped into DSP with root node add_ln36)   --->   "%mul_ln36 = mul i17 %sext_ln36, i17 328" [awn_int8.cpp:36->awn_int8.cpp:66]   --->   Operation 290 'mul' 'mul_ln36' <Predicate = (tmp_271)> <Delay = 0.99> <CoreInst = "DSP48">   --->   Core 127 'DSP48' <Latency = 3> <II = 1> <Delay = 0.53> <IPBlock> <Opcode : '' 'add' 'sub' 'mul' 'select'> <InPorts = 0> <OutPorts = 1> <Sync> <CReg>

State 16 <SV = 15> <Delay = 0.64>
ST_16 : Operation 291 [1/3] (0.00ns) (grouped into DSP with root node add_ln36)   --->   "%mul_ln36 = mul i17 %sext_ln36, i17 328" [awn_int8.cpp:36->awn_int8.cpp:66]   --->   Operation 291 'mul' 'mul_ln36' <Predicate = (tmp_271)> <Delay = 0.00> <CoreInst = "DSP48">   --->   Core 127 'DSP48' <Latency = 3> <II = 1> <Delay = 0.53> <IPBlock> <Opcode : '' 'add' 'sub' 'mul' 'select'> <InPorts = 0> <OutPorts = 1> <Sync> <CReg>
ST_16 : Operation 292 [2/2] (0.64ns) (root node of the DSP)   --->   "%add_ln36 = add i17 %mul_ln36, i17 16384" [awn_int8.cpp:36->awn_int8.cpp:66]   --->   Operation 292 'add' 'add_ln36' <Predicate = (tmp_271)> <Delay = 0.64> <CoreInst = "DSP48">   --->   Core 127 'DSP48' <Latency = 3> <II = 1> <Delay = 0.53> <IPBlock> <Opcode : '' 'add' 'sub' 'mul' 'select'> <InPorts = 0> <OutPorts = 1> <Sync> <CReg>
ST_16 : Operation 293 [1/1] (0.00ns)   --->   "%br_ln66 = br void %arrayidx3513_3.exit" [awn_int8.cpp:66]   --->   Operation 293 'br' 'br_ln66' <Predicate = (trunc_ln56 == 3 & trunc_ln53 == 62)> <Delay = 0.00>
ST_16 : Operation 294 [1/1] (0.00ns)   --->   "%br_ln66 = br void %arrayidx3513_3.exit" [awn_int8.cpp:66]   --->   Operation 294 'br' 'br_ln66' <Predicate = (trunc_ln56 == 3 & trunc_ln53 == 61)> <Delay = 0.00>
ST_16 : Operation 295 [1/1] (0.00ns)   --->   "%br_ln66 = br void %arrayidx3513_3.exit" [awn_int8.cpp:66]   --->   Operation 295 'br' 'br_ln66' <Predicate = (trunc_ln56 == 3 & trunc_ln53 == 60)> <Delay = 0.00>
ST_16 : Operation 296 [1/1] (0.00ns)   --->   "%br_ln66 = br void %arrayidx3513_3.exit" [awn_int8.cpp:66]   --->   Operation 296 'br' 'br_ln66' <Predicate = (trunc_ln56 == 3 & trunc_ln53 == 59)> <Delay = 0.00>
ST_16 : Operation 297 [1/1] (0.00ns)   --->   "%br_ln66 = br void %arrayidx3513_3.exit" [awn_int8.cpp:66]   --->   Operation 297 'br' 'br_ln66' <Predicate = (trunc_ln56 == 3 & trunc_ln53 == 58)> <Delay = 0.00>
ST_16 : Operation 298 [1/1] (0.00ns)   --->   "%br_ln66 = br void %arrayidx3513_3.exit" [awn_int8.cpp:66]   --->   Operation 298 'br' 'br_ln66' <Predicate = (trunc_ln56 == 3 & trunc_ln53 == 57)> <Delay = 0.00>
ST_16 : Operation 299 [1/1] (0.00ns)   --->   "%br_ln66 = br void %arrayidx3513_3.exit" [awn_int8.cpp:66]   --->   Operation 299 'br' 'br_ln66' <Predicate = (trunc_ln56 == 3 & trunc_ln53 == 56)> <Delay = 0.00>
ST_16 : Operation 300 [1/1] (0.00ns)   --->   "%br_ln66 = br void %arrayidx3513_3.exit" [awn_int8.cpp:66]   --->   Operation 300 'br' 'br_ln66' <Predicate = (trunc_ln56 == 3 & trunc_ln53 == 55)> <Delay = 0.00>
ST_16 : Operation 301 [1/1] (0.00ns)   --->   "%br_ln66 = br void %arrayidx3513_3.exit" [awn_int8.cpp:66]   --->   Operation 301 'br' 'br_ln66' <Predicate = (trunc_ln56 == 3 & trunc_ln53 == 54)> <Delay = 0.00>
ST_16 : Operation 302 [1/1] (0.00ns)   --->   "%br_ln66 = br void %arrayidx3513_3.exit" [awn_int8.cpp:66]   --->   Operation 302 'br' 'br_ln66' <Predicate = (trunc_ln56 == 3 & trunc_ln53 == 53)> <Delay = 0.00>
ST_16 : Operation 303 [1/1] (0.00ns)   --->   "%br_ln66 = br void %arrayidx3513_3.exit" [awn_int8.cpp:66]   --->   Operation 303 'br' 'br_ln66' <Predicate = (trunc_ln56 == 3 & trunc_ln53 == 52)> <Delay = 0.00>
ST_16 : Operation 304 [1/1] (0.00ns)   --->   "%br_ln66 = br void %arrayidx3513_3.exit" [awn_int8.cpp:66]   --->   Operation 304 'br' 'br_ln66' <Predicate = (trunc_ln56 == 3 & trunc_ln53 == 51)> <Delay = 0.00>
ST_16 : Operation 305 [1/1] (0.00ns)   --->   "%br_ln66 = br void %arrayidx3513_3.exit" [awn_int8.cpp:66]   --->   Operation 305 'br' 'br_ln66' <Predicate = (trunc_ln56 == 3 & trunc_ln53 == 50)> <Delay = 0.00>
ST_16 : Operation 306 [1/1] (0.00ns)   --->   "%br_ln66 = br void %arrayidx3513_3.exit" [awn_int8.cpp:66]   --->   Operation 306 'br' 'br_ln66' <Predicate = (trunc_ln56 == 3 & trunc_ln53 == 49)> <Delay = 0.00>
ST_16 : Operation 307 [1/1] (0.00ns)   --->   "%br_ln66 = br void %arrayidx3513_3.exit" [awn_int8.cpp:66]   --->   Operation 307 'br' 'br_ln66' <Predicate = (trunc_ln56 == 3 & trunc_ln53 == 48)> <Delay = 0.00>
ST_16 : Operation 308 [1/1] (0.00ns)   --->   "%br_ln66 = br void %arrayidx3513_3.exit" [awn_int8.cpp:66]   --->   Operation 308 'br' 'br_ln66' <Predicate = (trunc_ln56 == 3 & trunc_ln53 == 47)> <Delay = 0.00>
ST_16 : Operation 309 [1/1] (0.00ns)   --->   "%br_ln66 = br void %arrayidx3513_3.exit" [awn_int8.cpp:66]   --->   Operation 309 'br' 'br_ln66' <Predicate = (trunc_ln56 == 3 & trunc_ln53 == 46)> <Delay = 0.00>
ST_16 : Operation 310 [1/1] (0.00ns)   --->   "%br_ln66 = br void %arrayidx3513_3.exit" [awn_int8.cpp:66]   --->   Operation 310 'br' 'br_ln66' <Predicate = (trunc_ln56 == 3 & trunc_ln53 == 45)> <Delay = 0.00>
ST_16 : Operation 311 [1/1] (0.00ns)   --->   "%br_ln66 = br void %arrayidx3513_3.exit" [awn_int8.cpp:66]   --->   Operation 311 'br' 'br_ln66' <Predicate = (trunc_ln56 == 3 & trunc_ln53 == 44)> <Delay = 0.00>
ST_16 : Operation 312 [1/1] (0.00ns)   --->   "%br_ln66 = br void %arrayidx3513_3.exit" [awn_int8.cpp:66]   --->   Operation 312 'br' 'br_ln66' <Predicate = (trunc_ln56 == 3 & trunc_ln53 == 43)> <Delay = 0.00>
ST_16 : Operation 313 [1/1] (0.00ns)   --->   "%br_ln66 = br void %arrayidx3513_3.exit" [awn_int8.cpp:66]   --->   Operation 313 'br' 'br_ln66' <Predicate = (trunc_ln56 == 3 & trunc_ln53 == 42)> <Delay = 0.00>
ST_16 : Operation 314 [1/1] (0.00ns)   --->   "%br_ln66 = br void %arrayidx3513_3.exit" [awn_int8.cpp:66]   --->   Operation 314 'br' 'br_ln66' <Predicate = (trunc_ln56 == 3 & trunc_ln53 == 41)> <Delay = 0.00>
ST_16 : Operation 315 [1/1] (0.00ns)   --->   "%br_ln66 = br void %arrayidx3513_3.exit" [awn_int8.cpp:66]   --->   Operation 315 'br' 'br_ln66' <Predicate = (trunc_ln56 == 3 & trunc_ln53 == 40)> <Delay = 0.00>
ST_16 : Operation 316 [1/1] (0.00ns)   --->   "%br_ln66 = br void %arrayidx3513_3.exit" [awn_int8.cpp:66]   --->   Operation 316 'br' 'br_ln66' <Predicate = (trunc_ln56 == 3 & trunc_ln53 == 39)> <Delay = 0.00>
ST_16 : Operation 317 [1/1] (0.00ns)   --->   "%br_ln66 = br void %arrayidx3513_3.exit" [awn_int8.cpp:66]   --->   Operation 317 'br' 'br_ln66' <Predicate = (trunc_ln56 == 3 & trunc_ln53 == 38)> <Delay = 0.00>
ST_16 : Operation 318 [1/1] (0.00ns)   --->   "%br_ln66 = br void %arrayidx3513_3.exit" [awn_int8.cpp:66]   --->   Operation 318 'br' 'br_ln66' <Predicate = (trunc_ln56 == 3 & trunc_ln53 == 37)> <Delay = 0.00>
ST_16 : Operation 319 [1/1] (0.00ns)   --->   "%br_ln66 = br void %arrayidx3513_3.exit" [awn_int8.cpp:66]   --->   Operation 319 'br' 'br_ln66' <Predicate = (trunc_ln56 == 3 & trunc_ln53 == 36)> <Delay = 0.00>
ST_16 : Operation 320 [1/1] (0.00ns)   --->   "%br_ln66 = br void %arrayidx3513_3.exit" [awn_int8.cpp:66]   --->   Operation 320 'br' 'br_ln66' <Predicate = (trunc_ln56 == 3 & trunc_ln53 == 35)> <Delay = 0.00>
ST_16 : Operation 321 [1/1] (0.00ns)   --->   "%br_ln66 = br void %arrayidx3513_3.exit" [awn_int8.cpp:66]   --->   Operation 321 'br' 'br_ln66' <Predicate = (trunc_ln56 == 3 & trunc_ln53 == 34)> <Delay = 0.00>
ST_16 : Operation 322 [1/1] (0.00ns)   --->   "%br_ln66 = br void %arrayidx3513_3.exit" [awn_int8.cpp:66]   --->   Operation 322 'br' 'br_ln66' <Predicate = (trunc_ln56 == 3 & trunc_ln53 == 33)> <Delay = 0.00>
ST_16 : Operation 323 [1/1] (0.00ns)   --->   "%br_ln66 = br void %arrayidx3513_3.exit" [awn_int8.cpp:66]   --->   Operation 323 'br' 'br_ln66' <Predicate = (trunc_ln56 == 3 & trunc_ln53 == 32)> <Delay = 0.00>
ST_16 : Operation 324 [1/1] (0.00ns)   --->   "%br_ln66 = br void %arrayidx3513_3.exit" [awn_int8.cpp:66]   --->   Operation 324 'br' 'br_ln66' <Predicate = (trunc_ln56 == 3 & trunc_ln53 == 31)> <Delay = 0.00>
ST_16 : Operation 325 [1/1] (0.00ns)   --->   "%br_ln66 = br void %arrayidx3513_3.exit" [awn_int8.cpp:66]   --->   Operation 325 'br' 'br_ln66' <Predicate = (trunc_ln56 == 3 & trunc_ln53 == 30)> <Delay = 0.00>
ST_16 : Operation 326 [1/1] (0.00ns)   --->   "%br_ln66 = br void %arrayidx3513_3.exit" [awn_int8.cpp:66]   --->   Operation 326 'br' 'br_ln66' <Predicate = (trunc_ln56 == 3 & trunc_ln53 == 29)> <Delay = 0.00>
ST_16 : Operation 327 [1/1] (0.00ns)   --->   "%br_ln66 = br void %arrayidx3513_3.exit" [awn_int8.cpp:66]   --->   Operation 327 'br' 'br_ln66' <Predicate = (trunc_ln56 == 3 & trunc_ln53 == 28)> <Delay = 0.00>
ST_16 : Operation 328 [1/1] (0.00ns)   --->   "%br_ln66 = br void %arrayidx3513_3.exit" [awn_int8.cpp:66]   --->   Operation 328 'br' 'br_ln66' <Predicate = (trunc_ln56 == 3 & trunc_ln53 == 27)> <Delay = 0.00>
ST_16 : Operation 329 [1/1] (0.00ns)   --->   "%br_ln66 = br void %arrayidx3513_3.exit" [awn_int8.cpp:66]   --->   Operation 329 'br' 'br_ln66' <Predicate = (trunc_ln56 == 3 & trunc_ln53 == 26)> <Delay = 0.00>
ST_16 : Operation 330 [1/1] (0.00ns)   --->   "%br_ln66 = br void %arrayidx3513_3.exit" [awn_int8.cpp:66]   --->   Operation 330 'br' 'br_ln66' <Predicate = (trunc_ln56 == 3 & trunc_ln53 == 25)> <Delay = 0.00>
ST_16 : Operation 331 [1/1] (0.00ns)   --->   "%br_ln66 = br void %arrayidx3513_3.exit" [awn_int8.cpp:66]   --->   Operation 331 'br' 'br_ln66' <Predicate = (trunc_ln56 == 3 & trunc_ln53 == 24)> <Delay = 0.00>
ST_16 : Operation 332 [1/1] (0.00ns)   --->   "%br_ln66 = br void %arrayidx3513_3.exit" [awn_int8.cpp:66]   --->   Operation 332 'br' 'br_ln66' <Predicate = (trunc_ln56 == 3 & trunc_ln53 == 23)> <Delay = 0.00>
ST_16 : Operation 333 [1/1] (0.00ns)   --->   "%br_ln66 = br void %arrayidx3513_3.exit" [awn_int8.cpp:66]   --->   Operation 333 'br' 'br_ln66' <Predicate = (trunc_ln56 == 3 & trunc_ln53 == 22)> <Delay = 0.00>
ST_16 : Operation 334 [1/1] (0.00ns)   --->   "%br_ln66 = br void %arrayidx3513_3.exit" [awn_int8.cpp:66]   --->   Operation 334 'br' 'br_ln66' <Predicate = (trunc_ln56 == 3 & trunc_ln53 == 21)> <Delay = 0.00>
ST_16 : Operation 335 [1/1] (0.00ns)   --->   "%br_ln66 = br void %arrayidx3513_3.exit" [awn_int8.cpp:66]   --->   Operation 335 'br' 'br_ln66' <Predicate = (trunc_ln56 == 3 & trunc_ln53 == 20)> <Delay = 0.00>
ST_16 : Operation 336 [1/1] (0.00ns)   --->   "%br_ln66 = br void %arrayidx3513_3.exit" [awn_int8.cpp:66]   --->   Operation 336 'br' 'br_ln66' <Predicate = (trunc_ln56 == 3 & trunc_ln53 == 19)> <Delay = 0.00>
ST_16 : Operation 337 [1/1] (0.00ns)   --->   "%br_ln66 = br void %arrayidx3513_3.exit" [awn_int8.cpp:66]   --->   Operation 337 'br' 'br_ln66' <Predicate = (trunc_ln56 == 3 & trunc_ln53 == 18)> <Delay = 0.00>
ST_16 : Operation 338 [1/1] (0.00ns)   --->   "%br_ln66 = br void %arrayidx3513_3.exit" [awn_int8.cpp:66]   --->   Operation 338 'br' 'br_ln66' <Predicate = (trunc_ln56 == 3 & trunc_ln53 == 17)> <Delay = 0.00>
ST_16 : Operation 339 [1/1] (0.00ns)   --->   "%br_ln66 = br void %arrayidx3513_3.exit" [awn_int8.cpp:66]   --->   Operation 339 'br' 'br_ln66' <Predicate = (trunc_ln56 == 3 & trunc_ln53 == 16)> <Delay = 0.00>
ST_16 : Operation 340 [1/1] (0.00ns)   --->   "%br_ln66 = br void %arrayidx3513_3.exit" [awn_int8.cpp:66]   --->   Operation 340 'br' 'br_ln66' <Predicate = (trunc_ln56 == 3 & trunc_ln53 == 15)> <Delay = 0.00>
ST_16 : Operation 341 [1/1] (0.00ns)   --->   "%br_ln66 = br void %arrayidx3513_3.exit" [awn_int8.cpp:66]   --->   Operation 341 'br' 'br_ln66' <Predicate = (trunc_ln56 == 3 & trunc_ln53 == 14)> <Delay = 0.00>
ST_16 : Operation 342 [1/1] (0.00ns)   --->   "%br_ln66 = br void %arrayidx3513_3.exit" [awn_int8.cpp:66]   --->   Operation 342 'br' 'br_ln66' <Predicate = (trunc_ln56 == 3 & trunc_ln53 == 13)> <Delay = 0.00>
ST_16 : Operation 343 [1/1] (0.00ns)   --->   "%br_ln66 = br void %arrayidx3513_3.exit" [awn_int8.cpp:66]   --->   Operation 343 'br' 'br_ln66' <Predicate = (trunc_ln56 == 3 & trunc_ln53 == 12)> <Delay = 0.00>
ST_16 : Operation 344 [1/1] (0.00ns)   --->   "%br_ln66 = br void %arrayidx3513_3.exit" [awn_int8.cpp:66]   --->   Operation 344 'br' 'br_ln66' <Predicate = (trunc_ln56 == 3 & trunc_ln53 == 11)> <Delay = 0.00>
ST_16 : Operation 345 [1/1] (0.00ns)   --->   "%br_ln66 = br void %arrayidx3513_3.exit" [awn_int8.cpp:66]   --->   Operation 345 'br' 'br_ln66' <Predicate = (trunc_ln56 == 3 & trunc_ln53 == 10)> <Delay = 0.00>
ST_16 : Operation 346 [1/1] (0.00ns)   --->   "%br_ln66 = br void %arrayidx3513_3.exit" [awn_int8.cpp:66]   --->   Operation 346 'br' 'br_ln66' <Predicate = (trunc_ln56 == 3 & trunc_ln53 == 9)> <Delay = 0.00>
ST_16 : Operation 347 [1/1] (0.00ns)   --->   "%br_ln66 = br void %arrayidx3513_3.exit" [awn_int8.cpp:66]   --->   Operation 347 'br' 'br_ln66' <Predicate = (trunc_ln56 == 3 & trunc_ln53 == 8)> <Delay = 0.00>
ST_16 : Operation 348 [1/1] (0.00ns)   --->   "%br_ln66 = br void %arrayidx3513_3.exit" [awn_int8.cpp:66]   --->   Operation 348 'br' 'br_ln66' <Predicate = (trunc_ln56 == 3 & trunc_ln53 == 7)> <Delay = 0.00>
ST_16 : Operation 349 [1/1] (0.00ns)   --->   "%br_ln66 = br void %arrayidx3513_3.exit" [awn_int8.cpp:66]   --->   Operation 349 'br' 'br_ln66' <Predicate = (trunc_ln56 == 3 & trunc_ln53 == 6)> <Delay = 0.00>
ST_16 : Operation 350 [1/1] (0.00ns)   --->   "%br_ln66 = br void %arrayidx3513_3.exit" [awn_int8.cpp:66]   --->   Operation 350 'br' 'br_ln66' <Predicate = (trunc_ln56 == 3 & trunc_ln53 == 5)> <Delay = 0.00>
ST_16 : Operation 351 [1/1] (0.00ns)   --->   "%br_ln66 = br void %arrayidx3513_3.exit" [awn_int8.cpp:66]   --->   Operation 351 'br' 'br_ln66' <Predicate = (trunc_ln56 == 3 & trunc_ln53 == 4)> <Delay = 0.00>
ST_16 : Operation 352 [1/1] (0.00ns)   --->   "%br_ln66 = br void %arrayidx3513_3.exit" [awn_int8.cpp:66]   --->   Operation 352 'br' 'br_ln66' <Predicate = (trunc_ln56 == 3 & trunc_ln53 == 3)> <Delay = 0.00>
ST_16 : Operation 353 [1/1] (0.00ns)   --->   "%br_ln66 = br void %arrayidx3513_3.exit" [awn_int8.cpp:66]   --->   Operation 353 'br' 'br_ln66' <Predicate = (trunc_ln56 == 3 & trunc_ln53 == 2)> <Delay = 0.00>
ST_16 : Operation 354 [1/1] (0.00ns)   --->   "%br_ln66 = br void %arrayidx3513_3.exit" [awn_int8.cpp:66]   --->   Operation 354 'br' 'br_ln66' <Predicate = (trunc_ln56 == 3 & trunc_ln53 == 1)> <Delay = 0.00>
ST_16 : Operation 355 [1/1] (0.00ns)   --->   "%br_ln66 = br void %arrayidx3513_3.exit" [awn_int8.cpp:66]   --->   Operation 355 'br' 'br_ln66' <Predicate = (trunc_ln56 == 3 & trunc_ln53 == 0)> <Delay = 0.00>
ST_16 : Operation 356 [1/1] (0.00ns)   --->   "%br_ln66 = br void %arrayidx3513_3.exit" [awn_int8.cpp:66]   --->   Operation 356 'br' 'br_ln66' <Predicate = (trunc_ln56 == 3 & trunc_ln53 == 63)> <Delay = 0.00>
ST_16 : Operation 357 [1/1] (0.00ns)   --->   "%br_ln66 = br void %arrayidx3513_2.exit" [awn_int8.cpp:66]   --->   Operation 357 'br' 'br_ln66' <Predicate = (trunc_ln56 == 2 & trunc_ln53 == 62)> <Delay = 0.00>
ST_16 : Operation 358 [1/1] (0.00ns)   --->   "%br_ln66 = br void %arrayidx3513_2.exit" [awn_int8.cpp:66]   --->   Operation 358 'br' 'br_ln66' <Predicate = (trunc_ln56 == 2 & trunc_ln53 == 61)> <Delay = 0.00>
ST_16 : Operation 359 [1/1] (0.00ns)   --->   "%br_ln66 = br void %arrayidx3513_2.exit" [awn_int8.cpp:66]   --->   Operation 359 'br' 'br_ln66' <Predicate = (trunc_ln56 == 2 & trunc_ln53 == 60)> <Delay = 0.00>
ST_16 : Operation 360 [1/1] (0.00ns)   --->   "%br_ln66 = br void %arrayidx3513_2.exit" [awn_int8.cpp:66]   --->   Operation 360 'br' 'br_ln66' <Predicate = (trunc_ln56 == 2 & trunc_ln53 == 59)> <Delay = 0.00>
ST_16 : Operation 361 [1/1] (0.00ns)   --->   "%br_ln66 = br void %arrayidx3513_2.exit" [awn_int8.cpp:66]   --->   Operation 361 'br' 'br_ln66' <Predicate = (trunc_ln56 == 2 & trunc_ln53 == 58)> <Delay = 0.00>
ST_16 : Operation 362 [1/1] (0.00ns)   --->   "%br_ln66 = br void %arrayidx3513_2.exit" [awn_int8.cpp:66]   --->   Operation 362 'br' 'br_ln66' <Predicate = (trunc_ln56 == 2 & trunc_ln53 == 57)> <Delay = 0.00>
ST_16 : Operation 363 [1/1] (0.00ns)   --->   "%br_ln66 = br void %arrayidx3513_2.exit" [awn_int8.cpp:66]   --->   Operation 363 'br' 'br_ln66' <Predicate = (trunc_ln56 == 2 & trunc_ln53 == 56)> <Delay = 0.00>
ST_16 : Operation 364 [1/1] (0.00ns)   --->   "%br_ln66 = br void %arrayidx3513_2.exit" [awn_int8.cpp:66]   --->   Operation 364 'br' 'br_ln66' <Predicate = (trunc_ln56 == 2 & trunc_ln53 == 55)> <Delay = 0.00>
ST_16 : Operation 365 [1/1] (0.00ns)   --->   "%br_ln66 = br void %arrayidx3513_2.exit" [awn_int8.cpp:66]   --->   Operation 365 'br' 'br_ln66' <Predicate = (trunc_ln56 == 2 & trunc_ln53 == 54)> <Delay = 0.00>
ST_16 : Operation 366 [1/1] (0.00ns)   --->   "%br_ln66 = br void %arrayidx3513_2.exit" [awn_int8.cpp:66]   --->   Operation 366 'br' 'br_ln66' <Predicate = (trunc_ln56 == 2 & trunc_ln53 == 53)> <Delay = 0.00>
ST_16 : Operation 367 [1/1] (0.00ns)   --->   "%br_ln66 = br void %arrayidx3513_2.exit" [awn_int8.cpp:66]   --->   Operation 367 'br' 'br_ln66' <Predicate = (trunc_ln56 == 2 & trunc_ln53 == 52)> <Delay = 0.00>
ST_16 : Operation 368 [1/1] (0.00ns)   --->   "%br_ln66 = br void %arrayidx3513_2.exit" [awn_int8.cpp:66]   --->   Operation 368 'br' 'br_ln66' <Predicate = (trunc_ln56 == 2 & trunc_ln53 == 51)> <Delay = 0.00>
ST_16 : Operation 369 [1/1] (0.00ns)   --->   "%br_ln66 = br void %arrayidx3513_2.exit" [awn_int8.cpp:66]   --->   Operation 369 'br' 'br_ln66' <Predicate = (trunc_ln56 == 2 & trunc_ln53 == 50)> <Delay = 0.00>
ST_16 : Operation 370 [1/1] (0.00ns)   --->   "%br_ln66 = br void %arrayidx3513_2.exit" [awn_int8.cpp:66]   --->   Operation 370 'br' 'br_ln66' <Predicate = (trunc_ln56 == 2 & trunc_ln53 == 49)> <Delay = 0.00>
ST_16 : Operation 371 [1/1] (0.00ns)   --->   "%br_ln66 = br void %arrayidx3513_2.exit" [awn_int8.cpp:66]   --->   Operation 371 'br' 'br_ln66' <Predicate = (trunc_ln56 == 2 & trunc_ln53 == 48)> <Delay = 0.00>
ST_16 : Operation 372 [1/1] (0.00ns)   --->   "%br_ln66 = br void %arrayidx3513_2.exit" [awn_int8.cpp:66]   --->   Operation 372 'br' 'br_ln66' <Predicate = (trunc_ln56 == 2 & trunc_ln53 == 47)> <Delay = 0.00>
ST_16 : Operation 373 [1/1] (0.00ns)   --->   "%br_ln66 = br void %arrayidx3513_2.exit" [awn_int8.cpp:66]   --->   Operation 373 'br' 'br_ln66' <Predicate = (trunc_ln56 == 2 & trunc_ln53 == 46)> <Delay = 0.00>
ST_16 : Operation 374 [1/1] (0.00ns)   --->   "%br_ln66 = br void %arrayidx3513_2.exit" [awn_int8.cpp:66]   --->   Operation 374 'br' 'br_ln66' <Predicate = (trunc_ln56 == 2 & trunc_ln53 == 45)> <Delay = 0.00>
ST_16 : Operation 375 [1/1] (0.00ns)   --->   "%br_ln66 = br void %arrayidx3513_2.exit" [awn_int8.cpp:66]   --->   Operation 375 'br' 'br_ln66' <Predicate = (trunc_ln56 == 2 & trunc_ln53 == 44)> <Delay = 0.00>
ST_16 : Operation 376 [1/1] (0.00ns)   --->   "%br_ln66 = br void %arrayidx3513_2.exit" [awn_int8.cpp:66]   --->   Operation 376 'br' 'br_ln66' <Predicate = (trunc_ln56 == 2 & trunc_ln53 == 43)> <Delay = 0.00>
ST_16 : Operation 377 [1/1] (0.00ns)   --->   "%br_ln66 = br void %arrayidx3513_2.exit" [awn_int8.cpp:66]   --->   Operation 377 'br' 'br_ln66' <Predicate = (trunc_ln56 == 2 & trunc_ln53 == 42)> <Delay = 0.00>
ST_16 : Operation 378 [1/1] (0.00ns)   --->   "%br_ln66 = br void %arrayidx3513_2.exit" [awn_int8.cpp:66]   --->   Operation 378 'br' 'br_ln66' <Predicate = (trunc_ln56 == 2 & trunc_ln53 == 41)> <Delay = 0.00>
ST_16 : Operation 379 [1/1] (0.00ns)   --->   "%br_ln66 = br void %arrayidx3513_2.exit" [awn_int8.cpp:66]   --->   Operation 379 'br' 'br_ln66' <Predicate = (trunc_ln56 == 2 & trunc_ln53 == 40)> <Delay = 0.00>
ST_16 : Operation 380 [1/1] (0.00ns)   --->   "%br_ln66 = br void %arrayidx3513_2.exit" [awn_int8.cpp:66]   --->   Operation 380 'br' 'br_ln66' <Predicate = (trunc_ln56 == 2 & trunc_ln53 == 39)> <Delay = 0.00>
ST_16 : Operation 381 [1/1] (0.00ns)   --->   "%br_ln66 = br void %arrayidx3513_2.exit" [awn_int8.cpp:66]   --->   Operation 381 'br' 'br_ln66' <Predicate = (trunc_ln56 == 2 & trunc_ln53 == 38)> <Delay = 0.00>
ST_16 : Operation 382 [1/1] (0.00ns)   --->   "%br_ln66 = br void %arrayidx3513_2.exit" [awn_int8.cpp:66]   --->   Operation 382 'br' 'br_ln66' <Predicate = (trunc_ln56 == 2 & trunc_ln53 == 37)> <Delay = 0.00>
ST_16 : Operation 383 [1/1] (0.00ns)   --->   "%br_ln66 = br void %arrayidx3513_2.exit" [awn_int8.cpp:66]   --->   Operation 383 'br' 'br_ln66' <Predicate = (trunc_ln56 == 2 & trunc_ln53 == 36)> <Delay = 0.00>
ST_16 : Operation 384 [1/1] (0.00ns)   --->   "%br_ln66 = br void %arrayidx3513_2.exit" [awn_int8.cpp:66]   --->   Operation 384 'br' 'br_ln66' <Predicate = (trunc_ln56 == 2 & trunc_ln53 == 35)> <Delay = 0.00>
ST_16 : Operation 385 [1/1] (0.00ns)   --->   "%br_ln66 = br void %arrayidx3513_2.exit" [awn_int8.cpp:66]   --->   Operation 385 'br' 'br_ln66' <Predicate = (trunc_ln56 == 2 & trunc_ln53 == 34)> <Delay = 0.00>
ST_16 : Operation 386 [1/1] (0.00ns)   --->   "%br_ln66 = br void %arrayidx3513_2.exit" [awn_int8.cpp:66]   --->   Operation 386 'br' 'br_ln66' <Predicate = (trunc_ln56 == 2 & trunc_ln53 == 33)> <Delay = 0.00>
ST_16 : Operation 387 [1/1] (0.00ns)   --->   "%br_ln66 = br void %arrayidx3513_2.exit" [awn_int8.cpp:66]   --->   Operation 387 'br' 'br_ln66' <Predicate = (trunc_ln56 == 2 & trunc_ln53 == 32)> <Delay = 0.00>
ST_16 : Operation 388 [1/1] (0.00ns)   --->   "%br_ln66 = br void %arrayidx3513_2.exit" [awn_int8.cpp:66]   --->   Operation 388 'br' 'br_ln66' <Predicate = (trunc_ln56 == 2 & trunc_ln53 == 31)> <Delay = 0.00>
ST_16 : Operation 389 [1/1] (0.00ns)   --->   "%br_ln66 = br void %arrayidx3513_2.exit" [awn_int8.cpp:66]   --->   Operation 389 'br' 'br_ln66' <Predicate = (trunc_ln56 == 2 & trunc_ln53 == 30)> <Delay = 0.00>
ST_16 : Operation 390 [1/1] (0.00ns)   --->   "%br_ln66 = br void %arrayidx3513_2.exit" [awn_int8.cpp:66]   --->   Operation 390 'br' 'br_ln66' <Predicate = (trunc_ln56 == 2 & trunc_ln53 == 29)> <Delay = 0.00>
ST_16 : Operation 391 [1/1] (0.00ns)   --->   "%br_ln66 = br void %arrayidx3513_2.exit" [awn_int8.cpp:66]   --->   Operation 391 'br' 'br_ln66' <Predicate = (trunc_ln56 == 2 & trunc_ln53 == 28)> <Delay = 0.00>
ST_16 : Operation 392 [1/1] (0.00ns)   --->   "%br_ln66 = br void %arrayidx3513_2.exit" [awn_int8.cpp:66]   --->   Operation 392 'br' 'br_ln66' <Predicate = (trunc_ln56 == 2 & trunc_ln53 == 27)> <Delay = 0.00>
ST_16 : Operation 393 [1/1] (0.00ns)   --->   "%br_ln66 = br void %arrayidx3513_2.exit" [awn_int8.cpp:66]   --->   Operation 393 'br' 'br_ln66' <Predicate = (trunc_ln56 == 2 & trunc_ln53 == 26)> <Delay = 0.00>
ST_16 : Operation 394 [1/1] (0.00ns)   --->   "%br_ln66 = br void %arrayidx3513_2.exit" [awn_int8.cpp:66]   --->   Operation 394 'br' 'br_ln66' <Predicate = (trunc_ln56 == 2 & trunc_ln53 == 25)> <Delay = 0.00>
ST_16 : Operation 395 [1/1] (0.00ns)   --->   "%br_ln66 = br void %arrayidx3513_2.exit" [awn_int8.cpp:66]   --->   Operation 395 'br' 'br_ln66' <Predicate = (trunc_ln56 == 2 & trunc_ln53 == 24)> <Delay = 0.00>
ST_16 : Operation 396 [1/1] (0.00ns)   --->   "%br_ln66 = br void %arrayidx3513_2.exit" [awn_int8.cpp:66]   --->   Operation 396 'br' 'br_ln66' <Predicate = (trunc_ln56 == 2 & trunc_ln53 == 23)> <Delay = 0.00>
ST_16 : Operation 397 [1/1] (0.00ns)   --->   "%br_ln66 = br void %arrayidx3513_2.exit" [awn_int8.cpp:66]   --->   Operation 397 'br' 'br_ln66' <Predicate = (trunc_ln56 == 2 & trunc_ln53 == 22)> <Delay = 0.00>
ST_16 : Operation 398 [1/1] (0.00ns)   --->   "%br_ln66 = br void %arrayidx3513_2.exit" [awn_int8.cpp:66]   --->   Operation 398 'br' 'br_ln66' <Predicate = (trunc_ln56 == 2 & trunc_ln53 == 21)> <Delay = 0.00>
ST_16 : Operation 399 [1/1] (0.00ns)   --->   "%br_ln66 = br void %arrayidx3513_2.exit" [awn_int8.cpp:66]   --->   Operation 399 'br' 'br_ln66' <Predicate = (trunc_ln56 == 2 & trunc_ln53 == 20)> <Delay = 0.00>
ST_16 : Operation 400 [1/1] (0.00ns)   --->   "%br_ln66 = br void %arrayidx3513_2.exit" [awn_int8.cpp:66]   --->   Operation 400 'br' 'br_ln66' <Predicate = (trunc_ln56 == 2 & trunc_ln53 == 19)> <Delay = 0.00>
ST_16 : Operation 401 [1/1] (0.00ns)   --->   "%br_ln66 = br void %arrayidx3513_2.exit" [awn_int8.cpp:66]   --->   Operation 401 'br' 'br_ln66' <Predicate = (trunc_ln56 == 2 & trunc_ln53 == 18)> <Delay = 0.00>
ST_16 : Operation 402 [1/1] (0.00ns)   --->   "%br_ln66 = br void %arrayidx3513_2.exit" [awn_int8.cpp:66]   --->   Operation 402 'br' 'br_ln66' <Predicate = (trunc_ln56 == 2 & trunc_ln53 == 17)> <Delay = 0.00>
ST_16 : Operation 403 [1/1] (0.00ns)   --->   "%br_ln66 = br void %arrayidx3513_2.exit" [awn_int8.cpp:66]   --->   Operation 403 'br' 'br_ln66' <Predicate = (trunc_ln56 == 2 & trunc_ln53 == 16)> <Delay = 0.00>
ST_16 : Operation 404 [1/1] (0.00ns)   --->   "%br_ln66 = br void %arrayidx3513_2.exit" [awn_int8.cpp:66]   --->   Operation 404 'br' 'br_ln66' <Predicate = (trunc_ln56 == 2 & trunc_ln53 == 15)> <Delay = 0.00>
ST_16 : Operation 405 [1/1] (0.00ns)   --->   "%br_ln66 = br void %arrayidx3513_2.exit" [awn_int8.cpp:66]   --->   Operation 405 'br' 'br_ln66' <Predicate = (trunc_ln56 == 2 & trunc_ln53 == 14)> <Delay = 0.00>
ST_16 : Operation 406 [1/1] (0.00ns)   --->   "%br_ln66 = br void %arrayidx3513_2.exit" [awn_int8.cpp:66]   --->   Operation 406 'br' 'br_ln66' <Predicate = (trunc_ln56 == 2 & trunc_ln53 == 13)> <Delay = 0.00>
ST_16 : Operation 407 [1/1] (0.00ns)   --->   "%br_ln66 = br void %arrayidx3513_2.exit" [awn_int8.cpp:66]   --->   Operation 407 'br' 'br_ln66' <Predicate = (trunc_ln56 == 2 & trunc_ln53 == 12)> <Delay = 0.00>
ST_16 : Operation 408 [1/1] (0.00ns)   --->   "%br_ln66 = br void %arrayidx3513_2.exit" [awn_int8.cpp:66]   --->   Operation 408 'br' 'br_ln66' <Predicate = (trunc_ln56 == 2 & trunc_ln53 == 11)> <Delay = 0.00>
ST_16 : Operation 409 [1/1] (0.00ns)   --->   "%br_ln66 = br void %arrayidx3513_2.exit" [awn_int8.cpp:66]   --->   Operation 409 'br' 'br_ln66' <Predicate = (trunc_ln56 == 2 & trunc_ln53 == 10)> <Delay = 0.00>
ST_16 : Operation 410 [1/1] (0.00ns)   --->   "%br_ln66 = br void %arrayidx3513_2.exit" [awn_int8.cpp:66]   --->   Operation 410 'br' 'br_ln66' <Predicate = (trunc_ln56 == 2 & trunc_ln53 == 9)> <Delay = 0.00>
ST_16 : Operation 411 [1/1] (0.00ns)   --->   "%br_ln66 = br void %arrayidx3513_2.exit" [awn_int8.cpp:66]   --->   Operation 411 'br' 'br_ln66' <Predicate = (trunc_ln56 == 2 & trunc_ln53 == 8)> <Delay = 0.00>
ST_16 : Operation 412 [1/1] (0.00ns)   --->   "%br_ln66 = br void %arrayidx3513_2.exit" [awn_int8.cpp:66]   --->   Operation 412 'br' 'br_ln66' <Predicate = (trunc_ln56 == 2 & trunc_ln53 == 7)> <Delay = 0.00>
ST_16 : Operation 413 [1/1] (0.00ns)   --->   "%br_ln66 = br void %arrayidx3513_2.exit" [awn_int8.cpp:66]   --->   Operation 413 'br' 'br_ln66' <Predicate = (trunc_ln56 == 2 & trunc_ln53 == 6)> <Delay = 0.00>
ST_16 : Operation 414 [1/1] (0.00ns)   --->   "%br_ln66 = br void %arrayidx3513_2.exit" [awn_int8.cpp:66]   --->   Operation 414 'br' 'br_ln66' <Predicate = (trunc_ln56 == 2 & trunc_ln53 == 5)> <Delay = 0.00>
ST_16 : Operation 415 [1/1] (0.00ns)   --->   "%br_ln66 = br void %arrayidx3513_2.exit" [awn_int8.cpp:66]   --->   Operation 415 'br' 'br_ln66' <Predicate = (trunc_ln56 == 2 & trunc_ln53 == 4)> <Delay = 0.00>
ST_16 : Operation 416 [1/1] (0.00ns)   --->   "%br_ln66 = br void %arrayidx3513_2.exit" [awn_int8.cpp:66]   --->   Operation 416 'br' 'br_ln66' <Predicate = (trunc_ln56 == 2 & trunc_ln53 == 3)> <Delay = 0.00>
ST_16 : Operation 417 [1/1] (0.00ns)   --->   "%br_ln66 = br void %arrayidx3513_2.exit" [awn_int8.cpp:66]   --->   Operation 417 'br' 'br_ln66' <Predicate = (trunc_ln56 == 2 & trunc_ln53 == 2)> <Delay = 0.00>
ST_16 : Operation 418 [1/1] (0.00ns)   --->   "%br_ln66 = br void %arrayidx3513_2.exit" [awn_int8.cpp:66]   --->   Operation 418 'br' 'br_ln66' <Predicate = (trunc_ln56 == 2 & trunc_ln53 == 1)> <Delay = 0.00>
ST_16 : Operation 419 [1/1] (0.00ns)   --->   "%br_ln66 = br void %arrayidx3513_2.exit" [awn_int8.cpp:66]   --->   Operation 419 'br' 'br_ln66' <Predicate = (trunc_ln56 == 2 & trunc_ln53 == 0)> <Delay = 0.00>
ST_16 : Operation 420 [1/1] (0.00ns)   --->   "%br_ln66 = br void %arrayidx3513_2.exit" [awn_int8.cpp:66]   --->   Operation 420 'br' 'br_ln66' <Predicate = (trunc_ln56 == 2 & trunc_ln53 == 63)> <Delay = 0.00>
ST_16 : Operation 421 [1/1] (0.00ns)   --->   "%br_ln66 = br void %arrayidx3513_1.exit" [awn_int8.cpp:66]   --->   Operation 421 'br' 'br_ln66' <Predicate = (trunc_ln56 == 1 & trunc_ln53 == 62)> <Delay = 0.00>
ST_16 : Operation 422 [1/1] (0.00ns)   --->   "%br_ln66 = br void %arrayidx3513_1.exit" [awn_int8.cpp:66]   --->   Operation 422 'br' 'br_ln66' <Predicate = (trunc_ln56 == 1 & trunc_ln53 == 61)> <Delay = 0.00>
ST_16 : Operation 423 [1/1] (0.00ns)   --->   "%br_ln66 = br void %arrayidx3513_1.exit" [awn_int8.cpp:66]   --->   Operation 423 'br' 'br_ln66' <Predicate = (trunc_ln56 == 1 & trunc_ln53 == 60)> <Delay = 0.00>
ST_16 : Operation 424 [1/1] (0.00ns)   --->   "%br_ln66 = br void %arrayidx3513_1.exit" [awn_int8.cpp:66]   --->   Operation 424 'br' 'br_ln66' <Predicate = (trunc_ln56 == 1 & trunc_ln53 == 59)> <Delay = 0.00>
ST_16 : Operation 425 [1/1] (0.00ns)   --->   "%br_ln66 = br void %arrayidx3513_1.exit" [awn_int8.cpp:66]   --->   Operation 425 'br' 'br_ln66' <Predicate = (trunc_ln56 == 1 & trunc_ln53 == 58)> <Delay = 0.00>
ST_16 : Operation 426 [1/1] (0.00ns)   --->   "%br_ln66 = br void %arrayidx3513_1.exit" [awn_int8.cpp:66]   --->   Operation 426 'br' 'br_ln66' <Predicate = (trunc_ln56 == 1 & trunc_ln53 == 57)> <Delay = 0.00>
ST_16 : Operation 427 [1/1] (0.00ns)   --->   "%br_ln66 = br void %arrayidx3513_1.exit" [awn_int8.cpp:66]   --->   Operation 427 'br' 'br_ln66' <Predicate = (trunc_ln56 == 1 & trunc_ln53 == 56)> <Delay = 0.00>
ST_16 : Operation 428 [1/1] (0.00ns)   --->   "%br_ln66 = br void %arrayidx3513_1.exit" [awn_int8.cpp:66]   --->   Operation 428 'br' 'br_ln66' <Predicate = (trunc_ln56 == 1 & trunc_ln53 == 55)> <Delay = 0.00>
ST_16 : Operation 429 [1/1] (0.00ns)   --->   "%br_ln66 = br void %arrayidx3513_1.exit" [awn_int8.cpp:66]   --->   Operation 429 'br' 'br_ln66' <Predicate = (trunc_ln56 == 1 & trunc_ln53 == 54)> <Delay = 0.00>
ST_16 : Operation 430 [1/1] (0.00ns)   --->   "%br_ln66 = br void %arrayidx3513_1.exit" [awn_int8.cpp:66]   --->   Operation 430 'br' 'br_ln66' <Predicate = (trunc_ln56 == 1 & trunc_ln53 == 53)> <Delay = 0.00>
ST_16 : Operation 431 [1/1] (0.00ns)   --->   "%br_ln66 = br void %arrayidx3513_1.exit" [awn_int8.cpp:66]   --->   Operation 431 'br' 'br_ln66' <Predicate = (trunc_ln56 == 1 & trunc_ln53 == 52)> <Delay = 0.00>
ST_16 : Operation 432 [1/1] (0.00ns)   --->   "%br_ln66 = br void %arrayidx3513_1.exit" [awn_int8.cpp:66]   --->   Operation 432 'br' 'br_ln66' <Predicate = (trunc_ln56 == 1 & trunc_ln53 == 51)> <Delay = 0.00>
ST_16 : Operation 433 [1/1] (0.00ns)   --->   "%br_ln66 = br void %arrayidx3513_1.exit" [awn_int8.cpp:66]   --->   Operation 433 'br' 'br_ln66' <Predicate = (trunc_ln56 == 1 & trunc_ln53 == 50)> <Delay = 0.00>
ST_16 : Operation 434 [1/1] (0.00ns)   --->   "%br_ln66 = br void %arrayidx3513_1.exit" [awn_int8.cpp:66]   --->   Operation 434 'br' 'br_ln66' <Predicate = (trunc_ln56 == 1 & trunc_ln53 == 49)> <Delay = 0.00>
ST_16 : Operation 435 [1/1] (0.00ns)   --->   "%br_ln66 = br void %arrayidx3513_1.exit" [awn_int8.cpp:66]   --->   Operation 435 'br' 'br_ln66' <Predicate = (trunc_ln56 == 1 & trunc_ln53 == 48)> <Delay = 0.00>
ST_16 : Operation 436 [1/1] (0.00ns)   --->   "%br_ln66 = br void %arrayidx3513_1.exit" [awn_int8.cpp:66]   --->   Operation 436 'br' 'br_ln66' <Predicate = (trunc_ln56 == 1 & trunc_ln53 == 47)> <Delay = 0.00>
ST_16 : Operation 437 [1/1] (0.00ns)   --->   "%br_ln66 = br void %arrayidx3513_1.exit" [awn_int8.cpp:66]   --->   Operation 437 'br' 'br_ln66' <Predicate = (trunc_ln56 == 1 & trunc_ln53 == 46)> <Delay = 0.00>
ST_16 : Operation 438 [1/1] (0.00ns)   --->   "%br_ln66 = br void %arrayidx3513_1.exit" [awn_int8.cpp:66]   --->   Operation 438 'br' 'br_ln66' <Predicate = (trunc_ln56 == 1 & trunc_ln53 == 45)> <Delay = 0.00>
ST_16 : Operation 439 [1/1] (0.00ns)   --->   "%br_ln66 = br void %arrayidx3513_1.exit" [awn_int8.cpp:66]   --->   Operation 439 'br' 'br_ln66' <Predicate = (trunc_ln56 == 1 & trunc_ln53 == 44)> <Delay = 0.00>
ST_16 : Operation 440 [1/1] (0.00ns)   --->   "%br_ln66 = br void %arrayidx3513_1.exit" [awn_int8.cpp:66]   --->   Operation 440 'br' 'br_ln66' <Predicate = (trunc_ln56 == 1 & trunc_ln53 == 43)> <Delay = 0.00>
ST_16 : Operation 441 [1/1] (0.00ns)   --->   "%br_ln66 = br void %arrayidx3513_1.exit" [awn_int8.cpp:66]   --->   Operation 441 'br' 'br_ln66' <Predicate = (trunc_ln56 == 1 & trunc_ln53 == 42)> <Delay = 0.00>
ST_16 : Operation 442 [1/1] (0.00ns)   --->   "%br_ln66 = br void %arrayidx3513_1.exit" [awn_int8.cpp:66]   --->   Operation 442 'br' 'br_ln66' <Predicate = (trunc_ln56 == 1 & trunc_ln53 == 41)> <Delay = 0.00>
ST_16 : Operation 443 [1/1] (0.00ns)   --->   "%br_ln66 = br void %arrayidx3513_1.exit" [awn_int8.cpp:66]   --->   Operation 443 'br' 'br_ln66' <Predicate = (trunc_ln56 == 1 & trunc_ln53 == 40)> <Delay = 0.00>
ST_16 : Operation 444 [1/1] (0.00ns)   --->   "%br_ln66 = br void %arrayidx3513_1.exit" [awn_int8.cpp:66]   --->   Operation 444 'br' 'br_ln66' <Predicate = (trunc_ln56 == 1 & trunc_ln53 == 39)> <Delay = 0.00>
ST_16 : Operation 445 [1/1] (0.00ns)   --->   "%br_ln66 = br void %arrayidx3513_1.exit" [awn_int8.cpp:66]   --->   Operation 445 'br' 'br_ln66' <Predicate = (trunc_ln56 == 1 & trunc_ln53 == 38)> <Delay = 0.00>
ST_16 : Operation 446 [1/1] (0.00ns)   --->   "%br_ln66 = br void %arrayidx3513_1.exit" [awn_int8.cpp:66]   --->   Operation 446 'br' 'br_ln66' <Predicate = (trunc_ln56 == 1 & trunc_ln53 == 37)> <Delay = 0.00>
ST_16 : Operation 447 [1/1] (0.00ns)   --->   "%br_ln66 = br void %arrayidx3513_1.exit" [awn_int8.cpp:66]   --->   Operation 447 'br' 'br_ln66' <Predicate = (trunc_ln56 == 1 & trunc_ln53 == 36)> <Delay = 0.00>
ST_16 : Operation 448 [1/1] (0.00ns)   --->   "%br_ln66 = br void %arrayidx3513_1.exit" [awn_int8.cpp:66]   --->   Operation 448 'br' 'br_ln66' <Predicate = (trunc_ln56 == 1 & trunc_ln53 == 35)> <Delay = 0.00>
ST_16 : Operation 449 [1/1] (0.00ns)   --->   "%br_ln66 = br void %arrayidx3513_1.exit" [awn_int8.cpp:66]   --->   Operation 449 'br' 'br_ln66' <Predicate = (trunc_ln56 == 1 & trunc_ln53 == 34)> <Delay = 0.00>
ST_16 : Operation 450 [1/1] (0.00ns)   --->   "%br_ln66 = br void %arrayidx3513_1.exit" [awn_int8.cpp:66]   --->   Operation 450 'br' 'br_ln66' <Predicate = (trunc_ln56 == 1 & trunc_ln53 == 33)> <Delay = 0.00>
ST_16 : Operation 451 [1/1] (0.00ns)   --->   "%br_ln66 = br void %arrayidx3513_1.exit" [awn_int8.cpp:66]   --->   Operation 451 'br' 'br_ln66' <Predicate = (trunc_ln56 == 1 & trunc_ln53 == 32)> <Delay = 0.00>
ST_16 : Operation 452 [1/1] (0.00ns)   --->   "%br_ln66 = br void %arrayidx3513_1.exit" [awn_int8.cpp:66]   --->   Operation 452 'br' 'br_ln66' <Predicate = (trunc_ln56 == 1 & trunc_ln53 == 31)> <Delay = 0.00>
ST_16 : Operation 453 [1/1] (0.00ns)   --->   "%br_ln66 = br void %arrayidx3513_1.exit" [awn_int8.cpp:66]   --->   Operation 453 'br' 'br_ln66' <Predicate = (trunc_ln56 == 1 & trunc_ln53 == 30)> <Delay = 0.00>
ST_16 : Operation 454 [1/1] (0.00ns)   --->   "%br_ln66 = br void %arrayidx3513_1.exit" [awn_int8.cpp:66]   --->   Operation 454 'br' 'br_ln66' <Predicate = (trunc_ln56 == 1 & trunc_ln53 == 29)> <Delay = 0.00>
ST_16 : Operation 455 [1/1] (0.00ns)   --->   "%br_ln66 = br void %arrayidx3513_1.exit" [awn_int8.cpp:66]   --->   Operation 455 'br' 'br_ln66' <Predicate = (trunc_ln56 == 1 & trunc_ln53 == 28)> <Delay = 0.00>
ST_16 : Operation 456 [1/1] (0.00ns)   --->   "%br_ln66 = br void %arrayidx3513_1.exit" [awn_int8.cpp:66]   --->   Operation 456 'br' 'br_ln66' <Predicate = (trunc_ln56 == 1 & trunc_ln53 == 27)> <Delay = 0.00>
ST_16 : Operation 457 [1/1] (0.00ns)   --->   "%br_ln66 = br void %arrayidx3513_1.exit" [awn_int8.cpp:66]   --->   Operation 457 'br' 'br_ln66' <Predicate = (trunc_ln56 == 1 & trunc_ln53 == 26)> <Delay = 0.00>
ST_16 : Operation 458 [1/1] (0.00ns)   --->   "%br_ln66 = br void %arrayidx3513_1.exit" [awn_int8.cpp:66]   --->   Operation 458 'br' 'br_ln66' <Predicate = (trunc_ln56 == 1 & trunc_ln53 == 25)> <Delay = 0.00>
ST_16 : Operation 459 [1/1] (0.00ns)   --->   "%br_ln66 = br void %arrayidx3513_1.exit" [awn_int8.cpp:66]   --->   Operation 459 'br' 'br_ln66' <Predicate = (trunc_ln56 == 1 & trunc_ln53 == 24)> <Delay = 0.00>
ST_16 : Operation 460 [1/1] (0.00ns)   --->   "%br_ln66 = br void %arrayidx3513_1.exit" [awn_int8.cpp:66]   --->   Operation 460 'br' 'br_ln66' <Predicate = (trunc_ln56 == 1 & trunc_ln53 == 23)> <Delay = 0.00>
ST_16 : Operation 461 [1/1] (0.00ns)   --->   "%br_ln66 = br void %arrayidx3513_1.exit" [awn_int8.cpp:66]   --->   Operation 461 'br' 'br_ln66' <Predicate = (trunc_ln56 == 1 & trunc_ln53 == 22)> <Delay = 0.00>
ST_16 : Operation 462 [1/1] (0.00ns)   --->   "%br_ln66 = br void %arrayidx3513_1.exit" [awn_int8.cpp:66]   --->   Operation 462 'br' 'br_ln66' <Predicate = (trunc_ln56 == 1 & trunc_ln53 == 21)> <Delay = 0.00>
ST_16 : Operation 463 [1/1] (0.00ns)   --->   "%br_ln66 = br void %arrayidx3513_1.exit" [awn_int8.cpp:66]   --->   Operation 463 'br' 'br_ln66' <Predicate = (trunc_ln56 == 1 & trunc_ln53 == 20)> <Delay = 0.00>
ST_16 : Operation 464 [1/1] (0.00ns)   --->   "%br_ln66 = br void %arrayidx3513_1.exit" [awn_int8.cpp:66]   --->   Operation 464 'br' 'br_ln66' <Predicate = (trunc_ln56 == 1 & trunc_ln53 == 19)> <Delay = 0.00>
ST_16 : Operation 465 [1/1] (0.00ns)   --->   "%br_ln66 = br void %arrayidx3513_1.exit" [awn_int8.cpp:66]   --->   Operation 465 'br' 'br_ln66' <Predicate = (trunc_ln56 == 1 & trunc_ln53 == 18)> <Delay = 0.00>
ST_16 : Operation 466 [1/1] (0.00ns)   --->   "%br_ln66 = br void %arrayidx3513_1.exit" [awn_int8.cpp:66]   --->   Operation 466 'br' 'br_ln66' <Predicate = (trunc_ln56 == 1 & trunc_ln53 == 17)> <Delay = 0.00>
ST_16 : Operation 467 [1/1] (0.00ns)   --->   "%br_ln66 = br void %arrayidx3513_1.exit" [awn_int8.cpp:66]   --->   Operation 467 'br' 'br_ln66' <Predicate = (trunc_ln56 == 1 & trunc_ln53 == 16)> <Delay = 0.00>
ST_16 : Operation 468 [1/1] (0.00ns)   --->   "%br_ln66 = br void %arrayidx3513_1.exit" [awn_int8.cpp:66]   --->   Operation 468 'br' 'br_ln66' <Predicate = (trunc_ln56 == 1 & trunc_ln53 == 15)> <Delay = 0.00>
ST_16 : Operation 469 [1/1] (0.00ns)   --->   "%br_ln66 = br void %arrayidx3513_1.exit" [awn_int8.cpp:66]   --->   Operation 469 'br' 'br_ln66' <Predicate = (trunc_ln56 == 1 & trunc_ln53 == 14)> <Delay = 0.00>
ST_16 : Operation 470 [1/1] (0.00ns)   --->   "%br_ln66 = br void %arrayidx3513_1.exit" [awn_int8.cpp:66]   --->   Operation 470 'br' 'br_ln66' <Predicate = (trunc_ln56 == 1 & trunc_ln53 == 13)> <Delay = 0.00>
ST_16 : Operation 471 [1/1] (0.00ns)   --->   "%br_ln66 = br void %arrayidx3513_1.exit" [awn_int8.cpp:66]   --->   Operation 471 'br' 'br_ln66' <Predicate = (trunc_ln56 == 1 & trunc_ln53 == 12)> <Delay = 0.00>
ST_16 : Operation 472 [1/1] (0.00ns)   --->   "%br_ln66 = br void %arrayidx3513_1.exit" [awn_int8.cpp:66]   --->   Operation 472 'br' 'br_ln66' <Predicate = (trunc_ln56 == 1 & trunc_ln53 == 11)> <Delay = 0.00>
ST_16 : Operation 473 [1/1] (0.00ns)   --->   "%br_ln66 = br void %arrayidx3513_1.exit" [awn_int8.cpp:66]   --->   Operation 473 'br' 'br_ln66' <Predicate = (trunc_ln56 == 1 & trunc_ln53 == 10)> <Delay = 0.00>
ST_16 : Operation 474 [1/1] (0.00ns)   --->   "%br_ln66 = br void %arrayidx3513_1.exit" [awn_int8.cpp:66]   --->   Operation 474 'br' 'br_ln66' <Predicate = (trunc_ln56 == 1 & trunc_ln53 == 9)> <Delay = 0.00>
ST_16 : Operation 475 [1/1] (0.00ns)   --->   "%br_ln66 = br void %arrayidx3513_1.exit" [awn_int8.cpp:66]   --->   Operation 475 'br' 'br_ln66' <Predicate = (trunc_ln56 == 1 & trunc_ln53 == 8)> <Delay = 0.00>
ST_16 : Operation 476 [1/1] (0.00ns)   --->   "%br_ln66 = br void %arrayidx3513_1.exit" [awn_int8.cpp:66]   --->   Operation 476 'br' 'br_ln66' <Predicate = (trunc_ln56 == 1 & trunc_ln53 == 7)> <Delay = 0.00>
ST_16 : Operation 477 [1/1] (0.00ns)   --->   "%br_ln66 = br void %arrayidx3513_1.exit" [awn_int8.cpp:66]   --->   Operation 477 'br' 'br_ln66' <Predicate = (trunc_ln56 == 1 & trunc_ln53 == 6)> <Delay = 0.00>
ST_16 : Operation 478 [1/1] (0.00ns)   --->   "%br_ln66 = br void %arrayidx3513_1.exit" [awn_int8.cpp:66]   --->   Operation 478 'br' 'br_ln66' <Predicate = (trunc_ln56 == 1 & trunc_ln53 == 5)> <Delay = 0.00>
ST_16 : Operation 479 [1/1] (0.00ns)   --->   "%br_ln66 = br void %arrayidx3513_1.exit" [awn_int8.cpp:66]   --->   Operation 479 'br' 'br_ln66' <Predicate = (trunc_ln56 == 1 & trunc_ln53 == 4)> <Delay = 0.00>
ST_16 : Operation 480 [1/1] (0.00ns)   --->   "%br_ln66 = br void %arrayidx3513_1.exit" [awn_int8.cpp:66]   --->   Operation 480 'br' 'br_ln66' <Predicate = (trunc_ln56 == 1 & trunc_ln53 == 3)> <Delay = 0.00>
ST_16 : Operation 481 [1/1] (0.00ns)   --->   "%br_ln66 = br void %arrayidx3513_1.exit" [awn_int8.cpp:66]   --->   Operation 481 'br' 'br_ln66' <Predicate = (trunc_ln56 == 1 & trunc_ln53 == 2)> <Delay = 0.00>
ST_16 : Operation 482 [1/1] (0.00ns)   --->   "%br_ln66 = br void %arrayidx3513_1.exit" [awn_int8.cpp:66]   --->   Operation 482 'br' 'br_ln66' <Predicate = (trunc_ln56 == 1 & trunc_ln53 == 1)> <Delay = 0.00>
ST_16 : Operation 483 [1/1] (0.00ns)   --->   "%br_ln66 = br void %arrayidx3513_1.exit" [awn_int8.cpp:66]   --->   Operation 483 'br' 'br_ln66' <Predicate = (trunc_ln56 == 1 & trunc_ln53 == 0)> <Delay = 0.00>
ST_16 : Operation 484 [1/1] (0.00ns)   --->   "%br_ln66 = br void %arrayidx3513_1.exit" [awn_int8.cpp:66]   --->   Operation 484 'br' 'br_ln66' <Predicate = (trunc_ln56 == 1 & trunc_ln53 == 63)> <Delay = 0.00>
ST_16 : Operation 485 [1/1] (0.00ns)   --->   "%br_ln66 = br void %arrayidx3513_0.exit" [awn_int8.cpp:66]   --->   Operation 485 'br' 'br_ln66' <Predicate = (trunc_ln56 == 0 & trunc_ln53 == 62)> <Delay = 0.00>
ST_16 : Operation 486 [1/1] (0.00ns)   --->   "%br_ln66 = br void %arrayidx3513_0.exit" [awn_int8.cpp:66]   --->   Operation 486 'br' 'br_ln66' <Predicate = (trunc_ln56 == 0 & trunc_ln53 == 61)> <Delay = 0.00>
ST_16 : Operation 487 [1/1] (0.00ns)   --->   "%br_ln66 = br void %arrayidx3513_0.exit" [awn_int8.cpp:66]   --->   Operation 487 'br' 'br_ln66' <Predicate = (trunc_ln56 == 0 & trunc_ln53 == 60)> <Delay = 0.00>
ST_16 : Operation 488 [1/1] (0.00ns)   --->   "%br_ln66 = br void %arrayidx3513_0.exit" [awn_int8.cpp:66]   --->   Operation 488 'br' 'br_ln66' <Predicate = (trunc_ln56 == 0 & trunc_ln53 == 59)> <Delay = 0.00>
ST_16 : Operation 489 [1/1] (0.00ns)   --->   "%br_ln66 = br void %arrayidx3513_0.exit" [awn_int8.cpp:66]   --->   Operation 489 'br' 'br_ln66' <Predicate = (trunc_ln56 == 0 & trunc_ln53 == 58)> <Delay = 0.00>
ST_16 : Operation 490 [1/1] (0.00ns)   --->   "%br_ln66 = br void %arrayidx3513_0.exit" [awn_int8.cpp:66]   --->   Operation 490 'br' 'br_ln66' <Predicate = (trunc_ln56 == 0 & trunc_ln53 == 57)> <Delay = 0.00>
ST_16 : Operation 491 [1/1] (0.00ns)   --->   "%br_ln66 = br void %arrayidx3513_0.exit" [awn_int8.cpp:66]   --->   Operation 491 'br' 'br_ln66' <Predicate = (trunc_ln56 == 0 & trunc_ln53 == 56)> <Delay = 0.00>
ST_16 : Operation 492 [1/1] (0.00ns)   --->   "%br_ln66 = br void %arrayidx3513_0.exit" [awn_int8.cpp:66]   --->   Operation 492 'br' 'br_ln66' <Predicate = (trunc_ln56 == 0 & trunc_ln53 == 55)> <Delay = 0.00>
ST_16 : Operation 493 [1/1] (0.00ns)   --->   "%br_ln66 = br void %arrayidx3513_0.exit" [awn_int8.cpp:66]   --->   Operation 493 'br' 'br_ln66' <Predicate = (trunc_ln56 == 0 & trunc_ln53 == 54)> <Delay = 0.00>
ST_16 : Operation 494 [1/1] (0.00ns)   --->   "%br_ln66 = br void %arrayidx3513_0.exit" [awn_int8.cpp:66]   --->   Operation 494 'br' 'br_ln66' <Predicate = (trunc_ln56 == 0 & trunc_ln53 == 53)> <Delay = 0.00>
ST_16 : Operation 495 [1/1] (0.00ns)   --->   "%br_ln66 = br void %arrayidx3513_0.exit" [awn_int8.cpp:66]   --->   Operation 495 'br' 'br_ln66' <Predicate = (trunc_ln56 == 0 & trunc_ln53 == 52)> <Delay = 0.00>
ST_16 : Operation 496 [1/1] (0.00ns)   --->   "%br_ln66 = br void %arrayidx3513_0.exit" [awn_int8.cpp:66]   --->   Operation 496 'br' 'br_ln66' <Predicate = (trunc_ln56 == 0 & trunc_ln53 == 51)> <Delay = 0.00>
ST_16 : Operation 497 [1/1] (0.00ns)   --->   "%br_ln66 = br void %arrayidx3513_0.exit" [awn_int8.cpp:66]   --->   Operation 497 'br' 'br_ln66' <Predicate = (trunc_ln56 == 0 & trunc_ln53 == 50)> <Delay = 0.00>
ST_16 : Operation 498 [1/1] (0.00ns)   --->   "%br_ln66 = br void %arrayidx3513_0.exit" [awn_int8.cpp:66]   --->   Operation 498 'br' 'br_ln66' <Predicate = (trunc_ln56 == 0 & trunc_ln53 == 49)> <Delay = 0.00>
ST_16 : Operation 499 [1/1] (0.00ns)   --->   "%br_ln66 = br void %arrayidx3513_0.exit" [awn_int8.cpp:66]   --->   Operation 499 'br' 'br_ln66' <Predicate = (trunc_ln56 == 0 & trunc_ln53 == 48)> <Delay = 0.00>
ST_16 : Operation 500 [1/1] (0.00ns)   --->   "%br_ln66 = br void %arrayidx3513_0.exit" [awn_int8.cpp:66]   --->   Operation 500 'br' 'br_ln66' <Predicate = (trunc_ln56 == 0 & trunc_ln53 == 47)> <Delay = 0.00>
ST_16 : Operation 501 [1/1] (0.00ns)   --->   "%br_ln66 = br void %arrayidx3513_0.exit" [awn_int8.cpp:66]   --->   Operation 501 'br' 'br_ln66' <Predicate = (trunc_ln56 == 0 & trunc_ln53 == 46)> <Delay = 0.00>
ST_16 : Operation 502 [1/1] (0.00ns)   --->   "%br_ln66 = br void %arrayidx3513_0.exit" [awn_int8.cpp:66]   --->   Operation 502 'br' 'br_ln66' <Predicate = (trunc_ln56 == 0 & trunc_ln53 == 45)> <Delay = 0.00>
ST_16 : Operation 503 [1/1] (0.00ns)   --->   "%br_ln66 = br void %arrayidx3513_0.exit" [awn_int8.cpp:66]   --->   Operation 503 'br' 'br_ln66' <Predicate = (trunc_ln56 == 0 & trunc_ln53 == 44)> <Delay = 0.00>
ST_16 : Operation 504 [1/1] (0.00ns)   --->   "%br_ln66 = br void %arrayidx3513_0.exit" [awn_int8.cpp:66]   --->   Operation 504 'br' 'br_ln66' <Predicate = (trunc_ln56 == 0 & trunc_ln53 == 43)> <Delay = 0.00>
ST_16 : Operation 505 [1/1] (0.00ns)   --->   "%br_ln66 = br void %arrayidx3513_0.exit" [awn_int8.cpp:66]   --->   Operation 505 'br' 'br_ln66' <Predicate = (trunc_ln56 == 0 & trunc_ln53 == 42)> <Delay = 0.00>
ST_16 : Operation 506 [1/1] (0.00ns)   --->   "%br_ln66 = br void %arrayidx3513_0.exit" [awn_int8.cpp:66]   --->   Operation 506 'br' 'br_ln66' <Predicate = (trunc_ln56 == 0 & trunc_ln53 == 41)> <Delay = 0.00>
ST_16 : Operation 507 [1/1] (0.00ns)   --->   "%br_ln66 = br void %arrayidx3513_0.exit" [awn_int8.cpp:66]   --->   Operation 507 'br' 'br_ln66' <Predicate = (trunc_ln56 == 0 & trunc_ln53 == 40)> <Delay = 0.00>
ST_16 : Operation 508 [1/1] (0.00ns)   --->   "%br_ln66 = br void %arrayidx3513_0.exit" [awn_int8.cpp:66]   --->   Operation 508 'br' 'br_ln66' <Predicate = (trunc_ln56 == 0 & trunc_ln53 == 39)> <Delay = 0.00>
ST_16 : Operation 509 [1/1] (0.00ns)   --->   "%br_ln66 = br void %arrayidx3513_0.exit" [awn_int8.cpp:66]   --->   Operation 509 'br' 'br_ln66' <Predicate = (trunc_ln56 == 0 & trunc_ln53 == 38)> <Delay = 0.00>
ST_16 : Operation 510 [1/1] (0.00ns)   --->   "%br_ln66 = br void %arrayidx3513_0.exit" [awn_int8.cpp:66]   --->   Operation 510 'br' 'br_ln66' <Predicate = (trunc_ln56 == 0 & trunc_ln53 == 37)> <Delay = 0.00>
ST_16 : Operation 511 [1/1] (0.00ns)   --->   "%br_ln66 = br void %arrayidx3513_0.exit" [awn_int8.cpp:66]   --->   Operation 511 'br' 'br_ln66' <Predicate = (trunc_ln56 == 0 & trunc_ln53 == 36)> <Delay = 0.00>
ST_16 : Operation 512 [1/1] (0.00ns)   --->   "%br_ln66 = br void %arrayidx3513_0.exit" [awn_int8.cpp:66]   --->   Operation 512 'br' 'br_ln66' <Predicate = (trunc_ln56 == 0 & trunc_ln53 == 35)> <Delay = 0.00>
ST_16 : Operation 513 [1/1] (0.00ns)   --->   "%br_ln66 = br void %arrayidx3513_0.exit" [awn_int8.cpp:66]   --->   Operation 513 'br' 'br_ln66' <Predicate = (trunc_ln56 == 0 & trunc_ln53 == 34)> <Delay = 0.00>
ST_16 : Operation 514 [1/1] (0.00ns)   --->   "%br_ln66 = br void %arrayidx3513_0.exit" [awn_int8.cpp:66]   --->   Operation 514 'br' 'br_ln66' <Predicate = (trunc_ln56 == 0 & trunc_ln53 == 33)> <Delay = 0.00>
ST_16 : Operation 515 [1/1] (0.00ns)   --->   "%br_ln66 = br void %arrayidx3513_0.exit" [awn_int8.cpp:66]   --->   Operation 515 'br' 'br_ln66' <Predicate = (trunc_ln56 == 0 & trunc_ln53 == 32)> <Delay = 0.00>
ST_16 : Operation 516 [1/1] (0.00ns)   --->   "%br_ln66 = br void %arrayidx3513_0.exit" [awn_int8.cpp:66]   --->   Operation 516 'br' 'br_ln66' <Predicate = (trunc_ln56 == 0 & trunc_ln53 == 31)> <Delay = 0.00>
ST_16 : Operation 517 [1/1] (0.00ns)   --->   "%br_ln66 = br void %arrayidx3513_0.exit" [awn_int8.cpp:66]   --->   Operation 517 'br' 'br_ln66' <Predicate = (trunc_ln56 == 0 & trunc_ln53 == 30)> <Delay = 0.00>
ST_16 : Operation 518 [1/1] (0.00ns)   --->   "%br_ln66 = br void %arrayidx3513_0.exit" [awn_int8.cpp:66]   --->   Operation 518 'br' 'br_ln66' <Predicate = (trunc_ln56 == 0 & trunc_ln53 == 29)> <Delay = 0.00>
ST_16 : Operation 519 [1/1] (0.00ns)   --->   "%br_ln66 = br void %arrayidx3513_0.exit" [awn_int8.cpp:66]   --->   Operation 519 'br' 'br_ln66' <Predicate = (trunc_ln56 == 0 & trunc_ln53 == 28)> <Delay = 0.00>
ST_16 : Operation 520 [1/1] (0.00ns)   --->   "%br_ln66 = br void %arrayidx3513_0.exit" [awn_int8.cpp:66]   --->   Operation 520 'br' 'br_ln66' <Predicate = (trunc_ln56 == 0 & trunc_ln53 == 27)> <Delay = 0.00>
ST_16 : Operation 521 [1/1] (0.00ns)   --->   "%br_ln66 = br void %arrayidx3513_0.exit" [awn_int8.cpp:66]   --->   Operation 521 'br' 'br_ln66' <Predicate = (trunc_ln56 == 0 & trunc_ln53 == 26)> <Delay = 0.00>
ST_16 : Operation 522 [1/1] (0.00ns)   --->   "%br_ln66 = br void %arrayidx3513_0.exit" [awn_int8.cpp:66]   --->   Operation 522 'br' 'br_ln66' <Predicate = (trunc_ln56 == 0 & trunc_ln53 == 25)> <Delay = 0.00>
ST_16 : Operation 523 [1/1] (0.00ns)   --->   "%br_ln66 = br void %arrayidx3513_0.exit" [awn_int8.cpp:66]   --->   Operation 523 'br' 'br_ln66' <Predicate = (trunc_ln56 == 0 & trunc_ln53 == 24)> <Delay = 0.00>
ST_16 : Operation 524 [1/1] (0.00ns)   --->   "%br_ln66 = br void %arrayidx3513_0.exit" [awn_int8.cpp:66]   --->   Operation 524 'br' 'br_ln66' <Predicate = (trunc_ln56 == 0 & trunc_ln53 == 23)> <Delay = 0.00>
ST_16 : Operation 525 [1/1] (0.00ns)   --->   "%br_ln66 = br void %arrayidx3513_0.exit" [awn_int8.cpp:66]   --->   Operation 525 'br' 'br_ln66' <Predicate = (trunc_ln56 == 0 & trunc_ln53 == 22)> <Delay = 0.00>
ST_16 : Operation 526 [1/1] (0.00ns)   --->   "%br_ln66 = br void %arrayidx3513_0.exit" [awn_int8.cpp:66]   --->   Operation 526 'br' 'br_ln66' <Predicate = (trunc_ln56 == 0 & trunc_ln53 == 21)> <Delay = 0.00>
ST_16 : Operation 527 [1/1] (0.00ns)   --->   "%br_ln66 = br void %arrayidx3513_0.exit" [awn_int8.cpp:66]   --->   Operation 527 'br' 'br_ln66' <Predicate = (trunc_ln56 == 0 & trunc_ln53 == 20)> <Delay = 0.00>
ST_16 : Operation 528 [1/1] (0.00ns)   --->   "%br_ln66 = br void %arrayidx3513_0.exit" [awn_int8.cpp:66]   --->   Operation 528 'br' 'br_ln66' <Predicate = (trunc_ln56 == 0 & trunc_ln53 == 19)> <Delay = 0.00>
ST_16 : Operation 529 [1/1] (0.00ns)   --->   "%br_ln66 = br void %arrayidx3513_0.exit" [awn_int8.cpp:66]   --->   Operation 529 'br' 'br_ln66' <Predicate = (trunc_ln56 == 0 & trunc_ln53 == 18)> <Delay = 0.00>
ST_16 : Operation 530 [1/1] (0.00ns)   --->   "%br_ln66 = br void %arrayidx3513_0.exit" [awn_int8.cpp:66]   --->   Operation 530 'br' 'br_ln66' <Predicate = (trunc_ln56 == 0 & trunc_ln53 == 17)> <Delay = 0.00>
ST_16 : Operation 531 [1/1] (0.00ns)   --->   "%br_ln66 = br void %arrayidx3513_0.exit" [awn_int8.cpp:66]   --->   Operation 531 'br' 'br_ln66' <Predicate = (trunc_ln56 == 0 & trunc_ln53 == 16)> <Delay = 0.00>
ST_16 : Operation 532 [1/1] (0.00ns)   --->   "%br_ln66 = br void %arrayidx3513_0.exit" [awn_int8.cpp:66]   --->   Operation 532 'br' 'br_ln66' <Predicate = (trunc_ln56 == 0 & trunc_ln53 == 15)> <Delay = 0.00>
ST_16 : Operation 533 [1/1] (0.00ns)   --->   "%br_ln66 = br void %arrayidx3513_0.exit" [awn_int8.cpp:66]   --->   Operation 533 'br' 'br_ln66' <Predicate = (trunc_ln56 == 0 & trunc_ln53 == 14)> <Delay = 0.00>
ST_16 : Operation 534 [1/1] (0.00ns)   --->   "%br_ln66 = br void %arrayidx3513_0.exit" [awn_int8.cpp:66]   --->   Operation 534 'br' 'br_ln66' <Predicate = (trunc_ln56 == 0 & trunc_ln53 == 13)> <Delay = 0.00>
ST_16 : Operation 535 [1/1] (0.00ns)   --->   "%br_ln66 = br void %arrayidx3513_0.exit" [awn_int8.cpp:66]   --->   Operation 535 'br' 'br_ln66' <Predicate = (trunc_ln56 == 0 & trunc_ln53 == 12)> <Delay = 0.00>
ST_16 : Operation 536 [1/1] (0.00ns)   --->   "%br_ln66 = br void %arrayidx3513_0.exit" [awn_int8.cpp:66]   --->   Operation 536 'br' 'br_ln66' <Predicate = (trunc_ln56 == 0 & trunc_ln53 == 11)> <Delay = 0.00>
ST_16 : Operation 537 [1/1] (0.00ns)   --->   "%br_ln66 = br void %arrayidx3513_0.exit" [awn_int8.cpp:66]   --->   Operation 537 'br' 'br_ln66' <Predicate = (trunc_ln56 == 0 & trunc_ln53 == 10)> <Delay = 0.00>
ST_16 : Operation 538 [1/1] (0.00ns)   --->   "%br_ln66 = br void %arrayidx3513_0.exit" [awn_int8.cpp:66]   --->   Operation 538 'br' 'br_ln66' <Predicate = (trunc_ln56 == 0 & trunc_ln53 == 9)> <Delay = 0.00>
ST_16 : Operation 539 [1/1] (0.00ns)   --->   "%br_ln66 = br void %arrayidx3513_0.exit" [awn_int8.cpp:66]   --->   Operation 539 'br' 'br_ln66' <Predicate = (trunc_ln56 == 0 & trunc_ln53 == 8)> <Delay = 0.00>
ST_16 : Operation 540 [1/1] (0.00ns)   --->   "%br_ln66 = br void %arrayidx3513_0.exit" [awn_int8.cpp:66]   --->   Operation 540 'br' 'br_ln66' <Predicate = (trunc_ln56 == 0 & trunc_ln53 == 7)> <Delay = 0.00>
ST_16 : Operation 541 [1/1] (0.00ns)   --->   "%br_ln66 = br void %arrayidx3513_0.exit" [awn_int8.cpp:66]   --->   Operation 541 'br' 'br_ln66' <Predicate = (trunc_ln56 == 0 & trunc_ln53 == 6)> <Delay = 0.00>
ST_16 : Operation 542 [1/1] (0.00ns)   --->   "%br_ln66 = br void %arrayidx3513_0.exit" [awn_int8.cpp:66]   --->   Operation 542 'br' 'br_ln66' <Predicate = (trunc_ln56 == 0 & trunc_ln53 == 5)> <Delay = 0.00>
ST_16 : Operation 543 [1/1] (0.00ns)   --->   "%br_ln66 = br void %arrayidx3513_0.exit" [awn_int8.cpp:66]   --->   Operation 543 'br' 'br_ln66' <Predicate = (trunc_ln56 == 0 & trunc_ln53 == 4)> <Delay = 0.00>
ST_16 : Operation 544 [1/1] (0.00ns)   --->   "%br_ln66 = br void %arrayidx3513_0.exit" [awn_int8.cpp:66]   --->   Operation 544 'br' 'br_ln66' <Predicate = (trunc_ln56 == 0 & trunc_ln53 == 3)> <Delay = 0.00>
ST_16 : Operation 545 [1/1] (0.00ns)   --->   "%br_ln66 = br void %arrayidx3513_0.exit" [awn_int8.cpp:66]   --->   Operation 545 'br' 'br_ln66' <Predicate = (trunc_ln56 == 0 & trunc_ln53 == 2)> <Delay = 0.00>
ST_16 : Operation 546 [1/1] (0.00ns)   --->   "%br_ln66 = br void %arrayidx3513_0.exit" [awn_int8.cpp:66]   --->   Operation 546 'br' 'br_ln66' <Predicate = (trunc_ln56 == 0 & trunc_ln53 == 1)> <Delay = 0.00>
ST_16 : Operation 547 [1/1] (0.00ns)   --->   "%br_ln66 = br void %arrayidx3513_0.exit" [awn_int8.cpp:66]   --->   Operation 547 'br' 'br_ln66' <Predicate = (trunc_ln56 == 0 & trunc_ln53 == 0)> <Delay = 0.00>
ST_16 : Operation 548 [1/1] (0.00ns)   --->   "%br_ln66 = br void %arrayidx3513_0.exit" [awn_int8.cpp:66]   --->   Operation 548 'br' 'br_ln66' <Predicate = (trunc_ln56 == 0 & trunc_ln53 == 63)> <Delay = 0.00>
ST_16 : Operation 549 [1/1] (0.00ns)   --->   "%br_ln66 = br void %arrayidx3513_4.exit" [awn_int8.cpp:66]   --->   Operation 549 'br' 'br_ln66' <Predicate = (trunc_ln56 != 0 & trunc_ln56 != 1 & trunc_ln56 != 2 & trunc_ln56 != 3 & trunc_ln53 == 62)> <Delay = 0.00>
ST_16 : Operation 550 [1/1] (0.00ns)   --->   "%br_ln66 = br void %arrayidx3513_4.exit" [awn_int8.cpp:66]   --->   Operation 550 'br' 'br_ln66' <Predicate = (trunc_ln56 != 0 & trunc_ln56 != 1 & trunc_ln56 != 2 & trunc_ln56 != 3 & trunc_ln53 == 61)> <Delay = 0.00>
ST_16 : Operation 551 [1/1] (0.00ns)   --->   "%br_ln66 = br void %arrayidx3513_4.exit" [awn_int8.cpp:66]   --->   Operation 551 'br' 'br_ln66' <Predicate = (trunc_ln56 != 0 & trunc_ln56 != 1 & trunc_ln56 != 2 & trunc_ln56 != 3 & trunc_ln53 == 60)> <Delay = 0.00>
ST_16 : Operation 552 [1/1] (0.00ns)   --->   "%br_ln66 = br void %arrayidx3513_4.exit" [awn_int8.cpp:66]   --->   Operation 552 'br' 'br_ln66' <Predicate = (trunc_ln56 != 0 & trunc_ln56 != 1 & trunc_ln56 != 2 & trunc_ln56 != 3 & trunc_ln53 == 59)> <Delay = 0.00>
ST_16 : Operation 553 [1/1] (0.00ns)   --->   "%br_ln66 = br void %arrayidx3513_4.exit" [awn_int8.cpp:66]   --->   Operation 553 'br' 'br_ln66' <Predicate = (trunc_ln56 != 0 & trunc_ln56 != 1 & trunc_ln56 != 2 & trunc_ln56 != 3 & trunc_ln53 == 58)> <Delay = 0.00>
ST_16 : Operation 554 [1/1] (0.00ns)   --->   "%br_ln66 = br void %arrayidx3513_4.exit" [awn_int8.cpp:66]   --->   Operation 554 'br' 'br_ln66' <Predicate = (trunc_ln56 != 0 & trunc_ln56 != 1 & trunc_ln56 != 2 & trunc_ln56 != 3 & trunc_ln53 == 57)> <Delay = 0.00>
ST_16 : Operation 555 [1/1] (0.00ns)   --->   "%br_ln66 = br void %arrayidx3513_4.exit" [awn_int8.cpp:66]   --->   Operation 555 'br' 'br_ln66' <Predicate = (trunc_ln56 != 0 & trunc_ln56 != 1 & trunc_ln56 != 2 & trunc_ln56 != 3 & trunc_ln53 == 56)> <Delay = 0.00>
ST_16 : Operation 556 [1/1] (0.00ns)   --->   "%br_ln66 = br void %arrayidx3513_4.exit" [awn_int8.cpp:66]   --->   Operation 556 'br' 'br_ln66' <Predicate = (trunc_ln56 != 0 & trunc_ln56 != 1 & trunc_ln56 != 2 & trunc_ln56 != 3 & trunc_ln53 == 55)> <Delay = 0.00>
ST_16 : Operation 557 [1/1] (0.00ns)   --->   "%br_ln66 = br void %arrayidx3513_4.exit" [awn_int8.cpp:66]   --->   Operation 557 'br' 'br_ln66' <Predicate = (trunc_ln56 != 0 & trunc_ln56 != 1 & trunc_ln56 != 2 & trunc_ln56 != 3 & trunc_ln53 == 54)> <Delay = 0.00>
ST_16 : Operation 558 [1/1] (0.00ns)   --->   "%br_ln66 = br void %arrayidx3513_4.exit" [awn_int8.cpp:66]   --->   Operation 558 'br' 'br_ln66' <Predicate = (trunc_ln56 != 0 & trunc_ln56 != 1 & trunc_ln56 != 2 & trunc_ln56 != 3 & trunc_ln53 == 53)> <Delay = 0.00>
ST_16 : Operation 559 [1/1] (0.00ns)   --->   "%br_ln66 = br void %arrayidx3513_4.exit" [awn_int8.cpp:66]   --->   Operation 559 'br' 'br_ln66' <Predicate = (trunc_ln56 != 0 & trunc_ln56 != 1 & trunc_ln56 != 2 & trunc_ln56 != 3 & trunc_ln53 == 52)> <Delay = 0.00>
ST_16 : Operation 560 [1/1] (0.00ns)   --->   "%br_ln66 = br void %arrayidx3513_4.exit" [awn_int8.cpp:66]   --->   Operation 560 'br' 'br_ln66' <Predicate = (trunc_ln56 != 0 & trunc_ln56 != 1 & trunc_ln56 != 2 & trunc_ln56 != 3 & trunc_ln53 == 51)> <Delay = 0.00>
ST_16 : Operation 561 [1/1] (0.00ns)   --->   "%br_ln66 = br void %arrayidx3513_4.exit" [awn_int8.cpp:66]   --->   Operation 561 'br' 'br_ln66' <Predicate = (trunc_ln56 != 0 & trunc_ln56 != 1 & trunc_ln56 != 2 & trunc_ln56 != 3 & trunc_ln53 == 50)> <Delay = 0.00>
ST_16 : Operation 562 [1/1] (0.00ns)   --->   "%br_ln66 = br void %arrayidx3513_4.exit" [awn_int8.cpp:66]   --->   Operation 562 'br' 'br_ln66' <Predicate = (trunc_ln56 != 0 & trunc_ln56 != 1 & trunc_ln56 != 2 & trunc_ln56 != 3 & trunc_ln53 == 49)> <Delay = 0.00>
ST_16 : Operation 563 [1/1] (0.00ns)   --->   "%br_ln66 = br void %arrayidx3513_4.exit" [awn_int8.cpp:66]   --->   Operation 563 'br' 'br_ln66' <Predicate = (trunc_ln56 != 0 & trunc_ln56 != 1 & trunc_ln56 != 2 & trunc_ln56 != 3 & trunc_ln53 == 48)> <Delay = 0.00>
ST_16 : Operation 564 [1/1] (0.00ns)   --->   "%br_ln66 = br void %arrayidx3513_4.exit" [awn_int8.cpp:66]   --->   Operation 564 'br' 'br_ln66' <Predicate = (trunc_ln56 != 0 & trunc_ln56 != 1 & trunc_ln56 != 2 & trunc_ln56 != 3 & trunc_ln53 == 47)> <Delay = 0.00>
ST_16 : Operation 565 [1/1] (0.00ns)   --->   "%br_ln66 = br void %arrayidx3513_4.exit" [awn_int8.cpp:66]   --->   Operation 565 'br' 'br_ln66' <Predicate = (trunc_ln56 != 0 & trunc_ln56 != 1 & trunc_ln56 != 2 & trunc_ln56 != 3 & trunc_ln53 == 46)> <Delay = 0.00>
ST_16 : Operation 566 [1/1] (0.00ns)   --->   "%br_ln66 = br void %arrayidx3513_4.exit" [awn_int8.cpp:66]   --->   Operation 566 'br' 'br_ln66' <Predicate = (trunc_ln56 != 0 & trunc_ln56 != 1 & trunc_ln56 != 2 & trunc_ln56 != 3 & trunc_ln53 == 45)> <Delay = 0.00>
ST_16 : Operation 567 [1/1] (0.00ns)   --->   "%br_ln66 = br void %arrayidx3513_4.exit" [awn_int8.cpp:66]   --->   Operation 567 'br' 'br_ln66' <Predicate = (trunc_ln56 != 0 & trunc_ln56 != 1 & trunc_ln56 != 2 & trunc_ln56 != 3 & trunc_ln53 == 44)> <Delay = 0.00>
ST_16 : Operation 568 [1/1] (0.00ns)   --->   "%br_ln66 = br void %arrayidx3513_4.exit" [awn_int8.cpp:66]   --->   Operation 568 'br' 'br_ln66' <Predicate = (trunc_ln56 != 0 & trunc_ln56 != 1 & trunc_ln56 != 2 & trunc_ln56 != 3 & trunc_ln53 == 43)> <Delay = 0.00>
ST_16 : Operation 569 [1/1] (0.00ns)   --->   "%br_ln66 = br void %arrayidx3513_4.exit" [awn_int8.cpp:66]   --->   Operation 569 'br' 'br_ln66' <Predicate = (trunc_ln56 != 0 & trunc_ln56 != 1 & trunc_ln56 != 2 & trunc_ln56 != 3 & trunc_ln53 == 42)> <Delay = 0.00>
ST_16 : Operation 570 [1/1] (0.00ns)   --->   "%br_ln66 = br void %arrayidx3513_4.exit" [awn_int8.cpp:66]   --->   Operation 570 'br' 'br_ln66' <Predicate = (trunc_ln56 != 0 & trunc_ln56 != 1 & trunc_ln56 != 2 & trunc_ln56 != 3 & trunc_ln53 == 41)> <Delay = 0.00>
ST_16 : Operation 571 [1/1] (0.00ns)   --->   "%br_ln66 = br void %arrayidx3513_4.exit" [awn_int8.cpp:66]   --->   Operation 571 'br' 'br_ln66' <Predicate = (trunc_ln56 != 0 & trunc_ln56 != 1 & trunc_ln56 != 2 & trunc_ln56 != 3 & trunc_ln53 == 40)> <Delay = 0.00>
ST_16 : Operation 572 [1/1] (0.00ns)   --->   "%br_ln66 = br void %arrayidx3513_4.exit" [awn_int8.cpp:66]   --->   Operation 572 'br' 'br_ln66' <Predicate = (trunc_ln56 != 0 & trunc_ln56 != 1 & trunc_ln56 != 2 & trunc_ln56 != 3 & trunc_ln53 == 39)> <Delay = 0.00>
ST_16 : Operation 573 [1/1] (0.00ns)   --->   "%br_ln66 = br void %arrayidx3513_4.exit" [awn_int8.cpp:66]   --->   Operation 573 'br' 'br_ln66' <Predicate = (trunc_ln56 != 0 & trunc_ln56 != 1 & trunc_ln56 != 2 & trunc_ln56 != 3 & trunc_ln53 == 38)> <Delay = 0.00>
ST_16 : Operation 574 [1/1] (0.00ns)   --->   "%br_ln66 = br void %arrayidx3513_4.exit" [awn_int8.cpp:66]   --->   Operation 574 'br' 'br_ln66' <Predicate = (trunc_ln56 != 0 & trunc_ln56 != 1 & trunc_ln56 != 2 & trunc_ln56 != 3 & trunc_ln53 == 37)> <Delay = 0.00>
ST_16 : Operation 575 [1/1] (0.00ns)   --->   "%br_ln66 = br void %arrayidx3513_4.exit" [awn_int8.cpp:66]   --->   Operation 575 'br' 'br_ln66' <Predicate = (trunc_ln56 != 0 & trunc_ln56 != 1 & trunc_ln56 != 2 & trunc_ln56 != 3 & trunc_ln53 == 36)> <Delay = 0.00>
ST_16 : Operation 576 [1/1] (0.00ns)   --->   "%br_ln66 = br void %arrayidx3513_4.exit" [awn_int8.cpp:66]   --->   Operation 576 'br' 'br_ln66' <Predicate = (trunc_ln56 != 0 & trunc_ln56 != 1 & trunc_ln56 != 2 & trunc_ln56 != 3 & trunc_ln53 == 35)> <Delay = 0.00>
ST_16 : Operation 577 [1/1] (0.00ns)   --->   "%br_ln66 = br void %arrayidx3513_4.exit" [awn_int8.cpp:66]   --->   Operation 577 'br' 'br_ln66' <Predicate = (trunc_ln56 != 0 & trunc_ln56 != 1 & trunc_ln56 != 2 & trunc_ln56 != 3 & trunc_ln53 == 34)> <Delay = 0.00>
ST_16 : Operation 578 [1/1] (0.00ns)   --->   "%br_ln66 = br void %arrayidx3513_4.exit" [awn_int8.cpp:66]   --->   Operation 578 'br' 'br_ln66' <Predicate = (trunc_ln56 != 0 & trunc_ln56 != 1 & trunc_ln56 != 2 & trunc_ln56 != 3 & trunc_ln53 == 33)> <Delay = 0.00>
ST_16 : Operation 579 [1/1] (0.00ns)   --->   "%br_ln66 = br void %arrayidx3513_4.exit" [awn_int8.cpp:66]   --->   Operation 579 'br' 'br_ln66' <Predicate = (trunc_ln56 != 0 & trunc_ln56 != 1 & trunc_ln56 != 2 & trunc_ln56 != 3 & trunc_ln53 == 32)> <Delay = 0.00>
ST_16 : Operation 580 [1/1] (0.00ns)   --->   "%br_ln66 = br void %arrayidx3513_4.exit" [awn_int8.cpp:66]   --->   Operation 580 'br' 'br_ln66' <Predicate = (trunc_ln56 != 0 & trunc_ln56 != 1 & trunc_ln56 != 2 & trunc_ln56 != 3 & trunc_ln53 == 31)> <Delay = 0.00>
ST_16 : Operation 581 [1/1] (0.00ns)   --->   "%br_ln66 = br void %arrayidx3513_4.exit" [awn_int8.cpp:66]   --->   Operation 581 'br' 'br_ln66' <Predicate = (trunc_ln56 != 0 & trunc_ln56 != 1 & trunc_ln56 != 2 & trunc_ln56 != 3 & trunc_ln53 == 30)> <Delay = 0.00>
ST_16 : Operation 582 [1/1] (0.00ns)   --->   "%br_ln66 = br void %arrayidx3513_4.exit" [awn_int8.cpp:66]   --->   Operation 582 'br' 'br_ln66' <Predicate = (trunc_ln56 != 0 & trunc_ln56 != 1 & trunc_ln56 != 2 & trunc_ln56 != 3 & trunc_ln53 == 29)> <Delay = 0.00>
ST_16 : Operation 583 [1/1] (0.00ns)   --->   "%br_ln66 = br void %arrayidx3513_4.exit" [awn_int8.cpp:66]   --->   Operation 583 'br' 'br_ln66' <Predicate = (trunc_ln56 != 0 & trunc_ln56 != 1 & trunc_ln56 != 2 & trunc_ln56 != 3 & trunc_ln53 == 28)> <Delay = 0.00>
ST_16 : Operation 584 [1/1] (0.00ns)   --->   "%br_ln66 = br void %arrayidx3513_4.exit" [awn_int8.cpp:66]   --->   Operation 584 'br' 'br_ln66' <Predicate = (trunc_ln56 != 0 & trunc_ln56 != 1 & trunc_ln56 != 2 & trunc_ln56 != 3 & trunc_ln53 == 27)> <Delay = 0.00>
ST_16 : Operation 585 [1/1] (0.00ns)   --->   "%br_ln66 = br void %arrayidx3513_4.exit" [awn_int8.cpp:66]   --->   Operation 585 'br' 'br_ln66' <Predicate = (trunc_ln56 != 0 & trunc_ln56 != 1 & trunc_ln56 != 2 & trunc_ln56 != 3 & trunc_ln53 == 26)> <Delay = 0.00>
ST_16 : Operation 586 [1/1] (0.00ns)   --->   "%br_ln66 = br void %arrayidx3513_4.exit" [awn_int8.cpp:66]   --->   Operation 586 'br' 'br_ln66' <Predicate = (trunc_ln56 != 0 & trunc_ln56 != 1 & trunc_ln56 != 2 & trunc_ln56 != 3 & trunc_ln53 == 25)> <Delay = 0.00>
ST_16 : Operation 587 [1/1] (0.00ns)   --->   "%br_ln66 = br void %arrayidx3513_4.exit" [awn_int8.cpp:66]   --->   Operation 587 'br' 'br_ln66' <Predicate = (trunc_ln56 != 0 & trunc_ln56 != 1 & trunc_ln56 != 2 & trunc_ln56 != 3 & trunc_ln53 == 24)> <Delay = 0.00>
ST_16 : Operation 588 [1/1] (0.00ns)   --->   "%br_ln66 = br void %arrayidx3513_4.exit" [awn_int8.cpp:66]   --->   Operation 588 'br' 'br_ln66' <Predicate = (trunc_ln56 != 0 & trunc_ln56 != 1 & trunc_ln56 != 2 & trunc_ln56 != 3 & trunc_ln53 == 23)> <Delay = 0.00>
ST_16 : Operation 589 [1/1] (0.00ns)   --->   "%br_ln66 = br void %arrayidx3513_4.exit" [awn_int8.cpp:66]   --->   Operation 589 'br' 'br_ln66' <Predicate = (trunc_ln56 != 0 & trunc_ln56 != 1 & trunc_ln56 != 2 & trunc_ln56 != 3 & trunc_ln53 == 22)> <Delay = 0.00>
ST_16 : Operation 590 [1/1] (0.00ns)   --->   "%br_ln66 = br void %arrayidx3513_4.exit" [awn_int8.cpp:66]   --->   Operation 590 'br' 'br_ln66' <Predicate = (trunc_ln56 != 0 & trunc_ln56 != 1 & trunc_ln56 != 2 & trunc_ln56 != 3 & trunc_ln53 == 21)> <Delay = 0.00>
ST_16 : Operation 591 [1/1] (0.00ns)   --->   "%br_ln66 = br void %arrayidx3513_4.exit" [awn_int8.cpp:66]   --->   Operation 591 'br' 'br_ln66' <Predicate = (trunc_ln56 != 0 & trunc_ln56 != 1 & trunc_ln56 != 2 & trunc_ln56 != 3 & trunc_ln53 == 20)> <Delay = 0.00>
ST_16 : Operation 592 [1/1] (0.00ns)   --->   "%br_ln66 = br void %arrayidx3513_4.exit" [awn_int8.cpp:66]   --->   Operation 592 'br' 'br_ln66' <Predicate = (trunc_ln56 != 0 & trunc_ln56 != 1 & trunc_ln56 != 2 & trunc_ln56 != 3 & trunc_ln53 == 19)> <Delay = 0.00>
ST_16 : Operation 593 [1/1] (0.00ns)   --->   "%br_ln66 = br void %arrayidx3513_4.exit" [awn_int8.cpp:66]   --->   Operation 593 'br' 'br_ln66' <Predicate = (trunc_ln56 != 0 & trunc_ln56 != 1 & trunc_ln56 != 2 & trunc_ln56 != 3 & trunc_ln53 == 18)> <Delay = 0.00>
ST_16 : Operation 594 [1/1] (0.00ns)   --->   "%br_ln66 = br void %arrayidx3513_4.exit" [awn_int8.cpp:66]   --->   Operation 594 'br' 'br_ln66' <Predicate = (trunc_ln56 != 0 & trunc_ln56 != 1 & trunc_ln56 != 2 & trunc_ln56 != 3 & trunc_ln53 == 17)> <Delay = 0.00>
ST_16 : Operation 595 [1/1] (0.00ns)   --->   "%br_ln66 = br void %arrayidx3513_4.exit" [awn_int8.cpp:66]   --->   Operation 595 'br' 'br_ln66' <Predicate = (trunc_ln56 != 0 & trunc_ln56 != 1 & trunc_ln56 != 2 & trunc_ln56 != 3 & trunc_ln53 == 16)> <Delay = 0.00>
ST_16 : Operation 596 [1/1] (0.00ns)   --->   "%br_ln66 = br void %arrayidx3513_4.exit" [awn_int8.cpp:66]   --->   Operation 596 'br' 'br_ln66' <Predicate = (trunc_ln56 != 0 & trunc_ln56 != 1 & trunc_ln56 != 2 & trunc_ln56 != 3 & trunc_ln53 == 15)> <Delay = 0.00>
ST_16 : Operation 597 [1/1] (0.00ns)   --->   "%br_ln66 = br void %arrayidx3513_4.exit" [awn_int8.cpp:66]   --->   Operation 597 'br' 'br_ln66' <Predicate = (trunc_ln56 != 0 & trunc_ln56 != 1 & trunc_ln56 != 2 & trunc_ln56 != 3 & trunc_ln53 == 14)> <Delay = 0.00>
ST_16 : Operation 598 [1/1] (0.00ns)   --->   "%br_ln66 = br void %arrayidx3513_4.exit" [awn_int8.cpp:66]   --->   Operation 598 'br' 'br_ln66' <Predicate = (trunc_ln56 != 0 & trunc_ln56 != 1 & trunc_ln56 != 2 & trunc_ln56 != 3 & trunc_ln53 == 13)> <Delay = 0.00>
ST_16 : Operation 599 [1/1] (0.00ns)   --->   "%br_ln66 = br void %arrayidx3513_4.exit" [awn_int8.cpp:66]   --->   Operation 599 'br' 'br_ln66' <Predicate = (trunc_ln56 != 0 & trunc_ln56 != 1 & trunc_ln56 != 2 & trunc_ln56 != 3 & trunc_ln53 == 12)> <Delay = 0.00>
ST_16 : Operation 600 [1/1] (0.00ns)   --->   "%br_ln66 = br void %arrayidx3513_4.exit" [awn_int8.cpp:66]   --->   Operation 600 'br' 'br_ln66' <Predicate = (trunc_ln56 != 0 & trunc_ln56 != 1 & trunc_ln56 != 2 & trunc_ln56 != 3 & trunc_ln53 == 11)> <Delay = 0.00>
ST_16 : Operation 601 [1/1] (0.00ns)   --->   "%br_ln66 = br void %arrayidx3513_4.exit" [awn_int8.cpp:66]   --->   Operation 601 'br' 'br_ln66' <Predicate = (trunc_ln56 != 0 & trunc_ln56 != 1 & trunc_ln56 != 2 & trunc_ln56 != 3 & trunc_ln53 == 10)> <Delay = 0.00>
ST_16 : Operation 602 [1/1] (0.00ns)   --->   "%br_ln66 = br void %arrayidx3513_4.exit" [awn_int8.cpp:66]   --->   Operation 602 'br' 'br_ln66' <Predicate = (trunc_ln56 != 0 & trunc_ln56 != 1 & trunc_ln56 != 2 & trunc_ln56 != 3 & trunc_ln53 == 9)> <Delay = 0.00>
ST_16 : Operation 603 [1/1] (0.00ns)   --->   "%br_ln66 = br void %arrayidx3513_4.exit" [awn_int8.cpp:66]   --->   Operation 603 'br' 'br_ln66' <Predicate = (trunc_ln56 != 0 & trunc_ln56 != 1 & trunc_ln56 != 2 & trunc_ln56 != 3 & trunc_ln53 == 8)> <Delay = 0.00>
ST_16 : Operation 604 [1/1] (0.00ns)   --->   "%br_ln66 = br void %arrayidx3513_4.exit" [awn_int8.cpp:66]   --->   Operation 604 'br' 'br_ln66' <Predicate = (trunc_ln56 != 0 & trunc_ln56 != 1 & trunc_ln56 != 2 & trunc_ln56 != 3 & trunc_ln53 == 7)> <Delay = 0.00>
ST_16 : Operation 605 [1/1] (0.00ns)   --->   "%br_ln66 = br void %arrayidx3513_4.exit" [awn_int8.cpp:66]   --->   Operation 605 'br' 'br_ln66' <Predicate = (trunc_ln56 != 0 & trunc_ln56 != 1 & trunc_ln56 != 2 & trunc_ln56 != 3 & trunc_ln53 == 6)> <Delay = 0.00>
ST_16 : Operation 606 [1/1] (0.00ns)   --->   "%br_ln66 = br void %arrayidx3513_4.exit" [awn_int8.cpp:66]   --->   Operation 606 'br' 'br_ln66' <Predicate = (trunc_ln56 != 0 & trunc_ln56 != 1 & trunc_ln56 != 2 & trunc_ln56 != 3 & trunc_ln53 == 5)> <Delay = 0.00>
ST_16 : Operation 607 [1/1] (0.00ns)   --->   "%br_ln66 = br void %arrayidx3513_4.exit" [awn_int8.cpp:66]   --->   Operation 607 'br' 'br_ln66' <Predicate = (trunc_ln56 != 0 & trunc_ln56 != 1 & trunc_ln56 != 2 & trunc_ln56 != 3 & trunc_ln53 == 4)> <Delay = 0.00>
ST_16 : Operation 608 [1/1] (0.00ns)   --->   "%br_ln66 = br void %arrayidx3513_4.exit" [awn_int8.cpp:66]   --->   Operation 608 'br' 'br_ln66' <Predicate = (trunc_ln56 != 0 & trunc_ln56 != 1 & trunc_ln56 != 2 & trunc_ln56 != 3 & trunc_ln53 == 3)> <Delay = 0.00>
ST_16 : Operation 609 [1/1] (0.00ns)   --->   "%br_ln66 = br void %arrayidx3513_4.exit" [awn_int8.cpp:66]   --->   Operation 609 'br' 'br_ln66' <Predicate = (trunc_ln56 != 0 & trunc_ln56 != 1 & trunc_ln56 != 2 & trunc_ln56 != 3 & trunc_ln53 == 2)> <Delay = 0.00>
ST_16 : Operation 610 [1/1] (0.00ns)   --->   "%br_ln66 = br void %arrayidx3513_4.exit" [awn_int8.cpp:66]   --->   Operation 610 'br' 'br_ln66' <Predicate = (trunc_ln56 != 0 & trunc_ln56 != 1 & trunc_ln56 != 2 & trunc_ln56 != 3 & trunc_ln53 == 1)> <Delay = 0.00>
ST_16 : Operation 611 [1/1] (0.00ns)   --->   "%br_ln66 = br void %arrayidx3513_4.exit" [awn_int8.cpp:66]   --->   Operation 611 'br' 'br_ln66' <Predicate = (trunc_ln56 != 0 & trunc_ln56 != 1 & trunc_ln56 != 2 & trunc_ln56 != 3 & trunc_ln53 == 0)> <Delay = 0.00>
ST_16 : Operation 612 [1/1] (0.00ns)   --->   "%br_ln66 = br void %arrayidx3513_4.exit" [awn_int8.cpp:66]   --->   Operation 612 'br' 'br_ln66' <Predicate = (trunc_ln56 != 0 & trunc_ln56 != 1 & trunc_ln56 != 2 & trunc_ln56 != 3 & trunc_ln53 == 63)> <Delay = 0.00>

State 17 <SV = 16> <Delay = 1.71>
ST_17 : Operation 613 [1/1] (0.00ns)   --->   "%specloopname_ln0 = specloopname void @_ssdm_op_SpecLoopName, void @VITIS_LOOP_53_1_VITIS_LOOP_54_2_str"   --->   Operation 613 'specloopname' 'specloopname_ln0' <Predicate = true> <Delay = 0.00>
ST_17 : Operation 614 [1/1] (0.00ns)   --->   "%speclooptripcount_ln0 = speclooptripcount void @_ssdm_op_SpecLoopTripCount, i64 8192, i64 8192, i64 8192"   --->   Operation 614 'speclooptripcount' 'speclooptripcount_ln0' <Predicate = true> <Delay = 0.00>
ST_17 : Operation 615 [1/1] (0.00ns)   --->   "%specpipeline_ln55 = specpipeline void @_ssdm_op_SpecPipeline, i32 1, i32 0, i32 0, i32 0, void @empty_3" [awn_int8.cpp:55]   --->   Operation 615 'specpipeline' 'specpipeline_ln55' <Predicate = true> <Delay = 0.00>
ST_17 : Operation 616 [1/1] (0.00ns)   --->   "%zext_ln56 = zext i6 %tmp" [awn_int8.cpp:56]   --->   Operation 616 'zext' 'zext_ln56' <Predicate = true> <Delay = 0.00>
ST_17 : Operation 617 [1/2] (0.64ns) (root node of the DSP)   --->   "%add_ln36 = add i17 %mul_ln36, i17 16384" [awn_int8.cpp:36->awn_int8.cpp:66]   --->   Operation 617 'add' 'add_ln36' <Predicate = (tmp_271)> <Delay = 0.64> <CoreInst = "DSP48">   --->   Core 127 'DSP48' <Latency = 3> <II = 1> <Delay = 0.53> <IPBlock> <Opcode : '' 'add' 'sub' 'mul' 'select'> <InPorts = 0> <OutPorts = 1> <Sync> <CReg>
ST_17 : Operation 618 [1/1] (0.00ns)   --->   "%trunc_ln8 = partselect i2 @_ssdm_op_PartSelect.i2.i17.i32.i32, i17 %add_ln36, i32 15, i32 16" [awn_int8.cpp:36->awn_int8.cpp:66]   --->   Operation 618 'partselect' 'trunc_ln8' <Predicate = (tmp_271)> <Delay = 0.00>
ST_17 : Operation 619 [1/1] (0.00ns)   --->   "%sext_ln26 = sext i2 %trunc_ln8" [awn_int8.cpp:26->awn_int8.cpp:37->awn_int8.cpp:66]   --->   Operation 619 'sext' 'sext_ln26' <Predicate = (tmp_271)> <Delay = 0.00>
ST_17 : Operation 620 [1/1] (0.39ns)   --->   "%select_ln35 = select i1 %tmp_271, i8 %sext_ln26, i8 %r" [awn_int8.cpp:35->awn_int8.cpp:66]   --->   Operation 620 'select' 'select_ln35' <Predicate = true> <Delay = 0.39> <CoreInst = "Sel">   --->   Core 73 'Sel' <Latency = 0> <II = 1> <Delay = 0.39> <FuncUnit> <Opcode : 'select'> <InPorts = 3> <OutPorts = 1>
ST_17 : Operation 621 [1/1] (0.00ns)   --->   "%y_0_0_addr = getelementptr i8 %y_0_0, i64 0, i64 %zext_ln56" [awn_int8.cpp:66]   --->   Operation 621 'getelementptr' 'y_0_0_addr' <Predicate = true> <Delay = 0.00>
ST_17 : Operation 622 [1/1] (0.00ns)   --->   "%y_0_1_addr = getelementptr i8 %y_0_1, i64 0, i64 %zext_ln56" [awn_int8.cpp:66]   --->   Operation 622 'getelementptr' 'y_0_1_addr' <Predicate = true> <Delay = 0.00>
ST_17 : Operation 623 [1/1] (0.00ns)   --->   "%y_0_2_addr = getelementptr i8 %y_0_2, i64 0, i64 %zext_ln56" [awn_int8.cpp:66]   --->   Operation 623 'getelementptr' 'y_0_2_addr' <Predicate = true> <Delay = 0.00>
ST_17 : Operation 624 [1/1] (0.00ns)   --->   "%y_0_3_addr = getelementptr i8 %y_0_3, i64 0, i64 %zext_ln56" [awn_int8.cpp:66]   --->   Operation 624 'getelementptr' 'y_0_3_addr' <Predicate = true> <Delay = 0.00>
ST_17 : Operation 625 [1/1] (0.00ns)   --->   "%y_0_4_addr = getelementptr i8 %y_0_4, i64 0, i64 %zext_ln56" [awn_int8.cpp:66]   --->   Operation 625 'getelementptr' 'y_0_4_addr' <Predicate = true> <Delay = 0.00>
ST_17 : Operation 626 [1/1] (0.00ns)   --->   "%y_0_5_addr = getelementptr i8 %y_0_5, i64 0, i64 %zext_ln56" [awn_int8.cpp:66]   --->   Operation 626 'getelementptr' 'y_0_5_addr' <Predicate = true> <Delay = 0.00>
ST_17 : Operation 627 [1/1] (0.00ns)   --->   "%y_0_6_addr = getelementptr i8 %y_0_6, i64 0, i64 %zext_ln56" [awn_int8.cpp:66]   --->   Operation 627 'getelementptr' 'y_0_6_addr' <Predicate = true> <Delay = 0.00>
ST_17 : Operation 628 [1/1] (0.00ns)   --->   "%y_0_7_addr = getelementptr i8 %y_0_7, i64 0, i64 %zext_ln56" [awn_int8.cpp:66]   --->   Operation 628 'getelementptr' 'y_0_7_addr' <Predicate = true> <Delay = 0.00>
ST_17 : Operation 629 [1/1] (0.00ns)   --->   "%y_0_8_addr = getelementptr i8 %y_0_8, i64 0, i64 %zext_ln56" [awn_int8.cpp:66]   --->   Operation 629 'getelementptr' 'y_0_8_addr' <Predicate = true> <Delay = 0.00>
ST_17 : Operation 630 [1/1] (0.00ns)   --->   "%y_0_9_addr = getelementptr i8 %y_0_9, i64 0, i64 %zext_ln56" [awn_int8.cpp:66]   --->   Operation 630 'getelementptr' 'y_0_9_addr' <Predicate = true> <Delay = 0.00>
ST_17 : Operation 631 [1/1] (0.00ns)   --->   "%y_0_10_addr = getelementptr i8 %y_0_10, i64 0, i64 %zext_ln56" [awn_int8.cpp:66]   --->   Operation 631 'getelementptr' 'y_0_10_addr' <Predicate = true> <Delay = 0.00>
ST_17 : Operation 632 [1/1] (0.00ns)   --->   "%y_0_11_addr = getelementptr i8 %y_0_11, i64 0, i64 %zext_ln56" [awn_int8.cpp:66]   --->   Operation 632 'getelementptr' 'y_0_11_addr' <Predicate = true> <Delay = 0.00>
ST_17 : Operation 633 [1/1] (0.00ns)   --->   "%y_0_12_addr = getelementptr i8 %y_0_12, i64 0, i64 %zext_ln56" [awn_int8.cpp:66]   --->   Operation 633 'getelementptr' 'y_0_12_addr' <Predicate = true> <Delay = 0.00>
ST_17 : Operation 634 [1/1] (0.00ns)   --->   "%y_0_13_addr = getelementptr i8 %y_0_13, i64 0, i64 %zext_ln56" [awn_int8.cpp:66]   --->   Operation 634 'getelementptr' 'y_0_13_addr' <Predicate = true> <Delay = 0.00>
ST_17 : Operation 635 [1/1] (0.00ns)   --->   "%y_0_14_addr = getelementptr i8 %y_0_14, i64 0, i64 %zext_ln56" [awn_int8.cpp:66]   --->   Operation 635 'getelementptr' 'y_0_14_addr' <Predicate = true> <Delay = 0.00>
ST_17 : Operation 636 [1/1] (0.00ns)   --->   "%y_0_15_addr = getelementptr i8 %y_0_15, i64 0, i64 %zext_ln56" [awn_int8.cpp:66]   --->   Operation 636 'getelementptr' 'y_0_15_addr' <Predicate = true> <Delay = 0.00>
ST_17 : Operation 637 [1/1] (0.00ns)   --->   "%y_0_16_addr = getelementptr i8 %y_0_16, i64 0, i64 %zext_ln56" [awn_int8.cpp:66]   --->   Operation 637 'getelementptr' 'y_0_16_addr' <Predicate = true> <Delay = 0.00>
ST_17 : Operation 638 [1/1] (0.00ns)   --->   "%y_0_17_addr = getelementptr i8 %y_0_17, i64 0, i64 %zext_ln56" [awn_int8.cpp:66]   --->   Operation 638 'getelementptr' 'y_0_17_addr' <Predicate = true> <Delay = 0.00>
ST_17 : Operation 639 [1/1] (0.00ns)   --->   "%y_0_18_addr = getelementptr i8 %y_0_18, i64 0, i64 %zext_ln56" [awn_int8.cpp:66]   --->   Operation 639 'getelementptr' 'y_0_18_addr' <Predicate = true> <Delay = 0.00>
ST_17 : Operation 640 [1/1] (0.00ns)   --->   "%y_0_19_addr = getelementptr i8 %y_0_19, i64 0, i64 %zext_ln56" [awn_int8.cpp:66]   --->   Operation 640 'getelementptr' 'y_0_19_addr' <Predicate = true> <Delay = 0.00>
ST_17 : Operation 641 [1/1] (0.00ns)   --->   "%y_0_20_addr = getelementptr i8 %y_0_20, i64 0, i64 %zext_ln56" [awn_int8.cpp:66]   --->   Operation 641 'getelementptr' 'y_0_20_addr' <Predicate = true> <Delay = 0.00>
ST_17 : Operation 642 [1/1] (0.00ns)   --->   "%y_0_21_addr = getelementptr i8 %y_0_21, i64 0, i64 %zext_ln56" [awn_int8.cpp:66]   --->   Operation 642 'getelementptr' 'y_0_21_addr' <Predicate = true> <Delay = 0.00>
ST_17 : Operation 643 [1/1] (0.00ns)   --->   "%y_0_22_addr = getelementptr i8 %y_0_22, i64 0, i64 %zext_ln56" [awn_int8.cpp:66]   --->   Operation 643 'getelementptr' 'y_0_22_addr' <Predicate = true> <Delay = 0.00>
ST_17 : Operation 644 [1/1] (0.00ns)   --->   "%y_0_23_addr = getelementptr i8 %y_0_23, i64 0, i64 %zext_ln56" [awn_int8.cpp:66]   --->   Operation 644 'getelementptr' 'y_0_23_addr' <Predicate = true> <Delay = 0.00>
ST_17 : Operation 645 [1/1] (0.00ns)   --->   "%y_0_24_addr = getelementptr i8 %y_0_24, i64 0, i64 %zext_ln56" [awn_int8.cpp:66]   --->   Operation 645 'getelementptr' 'y_0_24_addr' <Predicate = true> <Delay = 0.00>
ST_17 : Operation 646 [1/1] (0.00ns)   --->   "%y_0_25_addr = getelementptr i8 %y_0_25, i64 0, i64 %zext_ln56" [awn_int8.cpp:66]   --->   Operation 646 'getelementptr' 'y_0_25_addr' <Predicate = true> <Delay = 0.00>
ST_17 : Operation 647 [1/1] (0.00ns)   --->   "%y_0_26_addr = getelementptr i8 %y_0_26, i64 0, i64 %zext_ln56" [awn_int8.cpp:66]   --->   Operation 647 'getelementptr' 'y_0_26_addr' <Predicate = true> <Delay = 0.00>
ST_17 : Operation 648 [1/1] (0.00ns)   --->   "%y_0_27_addr = getelementptr i8 %y_0_27, i64 0, i64 %zext_ln56" [awn_int8.cpp:66]   --->   Operation 648 'getelementptr' 'y_0_27_addr' <Predicate = true> <Delay = 0.00>
ST_17 : Operation 649 [1/1] (0.00ns)   --->   "%y_0_28_addr = getelementptr i8 %y_0_28, i64 0, i64 %zext_ln56" [awn_int8.cpp:66]   --->   Operation 649 'getelementptr' 'y_0_28_addr' <Predicate = true> <Delay = 0.00>
ST_17 : Operation 650 [1/1] (0.00ns)   --->   "%y_0_29_addr = getelementptr i8 %y_0_29, i64 0, i64 %zext_ln56" [awn_int8.cpp:66]   --->   Operation 650 'getelementptr' 'y_0_29_addr' <Predicate = true> <Delay = 0.00>
ST_17 : Operation 651 [1/1] (0.00ns)   --->   "%y_0_30_addr = getelementptr i8 %y_0_30, i64 0, i64 %zext_ln56" [awn_int8.cpp:66]   --->   Operation 651 'getelementptr' 'y_0_30_addr' <Predicate = true> <Delay = 0.00>
ST_17 : Operation 652 [1/1] (0.00ns)   --->   "%y_0_31_addr = getelementptr i8 %y_0_31, i64 0, i64 %zext_ln56" [awn_int8.cpp:66]   --->   Operation 652 'getelementptr' 'y_0_31_addr' <Predicate = true> <Delay = 0.00>
ST_17 : Operation 653 [1/1] (0.00ns)   --->   "%y_0_32_addr = getelementptr i8 %y_0_32, i64 0, i64 %zext_ln56" [awn_int8.cpp:66]   --->   Operation 653 'getelementptr' 'y_0_32_addr' <Predicate = true> <Delay = 0.00>
ST_17 : Operation 654 [1/1] (0.00ns)   --->   "%y_0_33_addr = getelementptr i8 %y_0_33, i64 0, i64 %zext_ln56" [awn_int8.cpp:66]   --->   Operation 654 'getelementptr' 'y_0_33_addr' <Predicate = true> <Delay = 0.00>
ST_17 : Operation 655 [1/1] (0.00ns)   --->   "%y_0_34_addr = getelementptr i8 %y_0_34, i64 0, i64 %zext_ln56" [awn_int8.cpp:66]   --->   Operation 655 'getelementptr' 'y_0_34_addr' <Predicate = true> <Delay = 0.00>
ST_17 : Operation 656 [1/1] (0.00ns)   --->   "%y_0_35_addr = getelementptr i8 %y_0_35, i64 0, i64 %zext_ln56" [awn_int8.cpp:66]   --->   Operation 656 'getelementptr' 'y_0_35_addr' <Predicate = true> <Delay = 0.00>
ST_17 : Operation 657 [1/1] (0.00ns)   --->   "%y_0_36_addr = getelementptr i8 %y_0_36, i64 0, i64 %zext_ln56" [awn_int8.cpp:66]   --->   Operation 657 'getelementptr' 'y_0_36_addr' <Predicate = true> <Delay = 0.00>
ST_17 : Operation 658 [1/1] (0.00ns)   --->   "%y_0_37_addr = getelementptr i8 %y_0_37, i64 0, i64 %zext_ln56" [awn_int8.cpp:66]   --->   Operation 658 'getelementptr' 'y_0_37_addr' <Predicate = true> <Delay = 0.00>
ST_17 : Operation 659 [1/1] (0.00ns)   --->   "%y_0_38_addr = getelementptr i8 %y_0_38, i64 0, i64 %zext_ln56" [awn_int8.cpp:66]   --->   Operation 659 'getelementptr' 'y_0_38_addr' <Predicate = true> <Delay = 0.00>
ST_17 : Operation 660 [1/1] (0.00ns)   --->   "%y_0_39_addr = getelementptr i8 %y_0_39, i64 0, i64 %zext_ln56" [awn_int8.cpp:66]   --->   Operation 660 'getelementptr' 'y_0_39_addr' <Predicate = true> <Delay = 0.00>
ST_17 : Operation 661 [1/1] (0.00ns)   --->   "%y_0_40_addr = getelementptr i8 %y_0_40, i64 0, i64 %zext_ln56" [awn_int8.cpp:66]   --->   Operation 661 'getelementptr' 'y_0_40_addr' <Predicate = true> <Delay = 0.00>
ST_17 : Operation 662 [1/1] (0.00ns)   --->   "%y_0_41_addr = getelementptr i8 %y_0_41, i64 0, i64 %zext_ln56" [awn_int8.cpp:66]   --->   Operation 662 'getelementptr' 'y_0_41_addr' <Predicate = true> <Delay = 0.00>
ST_17 : Operation 663 [1/1] (0.00ns)   --->   "%y_0_42_addr = getelementptr i8 %y_0_42, i64 0, i64 %zext_ln56" [awn_int8.cpp:66]   --->   Operation 663 'getelementptr' 'y_0_42_addr' <Predicate = true> <Delay = 0.00>
ST_17 : Operation 664 [1/1] (0.00ns)   --->   "%y_0_43_addr = getelementptr i8 %y_0_43, i64 0, i64 %zext_ln56" [awn_int8.cpp:66]   --->   Operation 664 'getelementptr' 'y_0_43_addr' <Predicate = true> <Delay = 0.00>
ST_17 : Operation 665 [1/1] (0.00ns)   --->   "%y_0_44_addr = getelementptr i8 %y_0_44, i64 0, i64 %zext_ln56" [awn_int8.cpp:66]   --->   Operation 665 'getelementptr' 'y_0_44_addr' <Predicate = true> <Delay = 0.00>
ST_17 : Operation 666 [1/1] (0.00ns)   --->   "%y_0_45_addr = getelementptr i8 %y_0_45, i64 0, i64 %zext_ln56" [awn_int8.cpp:66]   --->   Operation 666 'getelementptr' 'y_0_45_addr' <Predicate = true> <Delay = 0.00>
ST_17 : Operation 667 [1/1] (0.00ns)   --->   "%y_0_46_addr = getelementptr i8 %y_0_46, i64 0, i64 %zext_ln56" [awn_int8.cpp:66]   --->   Operation 667 'getelementptr' 'y_0_46_addr' <Predicate = true> <Delay = 0.00>
ST_17 : Operation 668 [1/1] (0.00ns)   --->   "%y_0_47_addr = getelementptr i8 %y_0_47, i64 0, i64 %zext_ln56" [awn_int8.cpp:66]   --->   Operation 668 'getelementptr' 'y_0_47_addr' <Predicate = true> <Delay = 0.00>
ST_17 : Operation 669 [1/1] (0.00ns)   --->   "%y_0_48_addr = getelementptr i8 %y_0_48, i64 0, i64 %zext_ln56" [awn_int8.cpp:66]   --->   Operation 669 'getelementptr' 'y_0_48_addr' <Predicate = true> <Delay = 0.00>
ST_17 : Operation 670 [1/1] (0.00ns)   --->   "%y_0_49_addr = getelementptr i8 %y_0_49, i64 0, i64 %zext_ln56" [awn_int8.cpp:66]   --->   Operation 670 'getelementptr' 'y_0_49_addr' <Predicate = true> <Delay = 0.00>
ST_17 : Operation 671 [1/1] (0.00ns)   --->   "%y_0_50_addr = getelementptr i8 %y_0_50, i64 0, i64 %zext_ln56" [awn_int8.cpp:66]   --->   Operation 671 'getelementptr' 'y_0_50_addr' <Predicate = true> <Delay = 0.00>
ST_17 : Operation 672 [1/1] (0.00ns)   --->   "%y_0_51_addr = getelementptr i8 %y_0_51, i64 0, i64 %zext_ln56" [awn_int8.cpp:66]   --->   Operation 672 'getelementptr' 'y_0_51_addr' <Predicate = true> <Delay = 0.00>
ST_17 : Operation 673 [1/1] (0.00ns)   --->   "%y_0_52_addr = getelementptr i8 %y_0_52, i64 0, i64 %zext_ln56" [awn_int8.cpp:66]   --->   Operation 673 'getelementptr' 'y_0_52_addr' <Predicate = true> <Delay = 0.00>
ST_17 : Operation 674 [1/1] (0.00ns)   --->   "%y_0_53_addr = getelementptr i8 %y_0_53, i64 0, i64 %zext_ln56" [awn_int8.cpp:66]   --->   Operation 674 'getelementptr' 'y_0_53_addr' <Predicate = true> <Delay = 0.00>
ST_17 : Operation 675 [1/1] (0.00ns)   --->   "%y_0_54_addr = getelementptr i8 %y_0_54, i64 0, i64 %zext_ln56" [awn_int8.cpp:66]   --->   Operation 675 'getelementptr' 'y_0_54_addr' <Predicate = true> <Delay = 0.00>
ST_17 : Operation 676 [1/1] (0.00ns)   --->   "%y_0_55_addr = getelementptr i8 %y_0_55, i64 0, i64 %zext_ln56" [awn_int8.cpp:66]   --->   Operation 676 'getelementptr' 'y_0_55_addr' <Predicate = true> <Delay = 0.00>
ST_17 : Operation 677 [1/1] (0.00ns)   --->   "%y_0_56_addr = getelementptr i8 %y_0_56, i64 0, i64 %zext_ln56" [awn_int8.cpp:66]   --->   Operation 677 'getelementptr' 'y_0_56_addr' <Predicate = true> <Delay = 0.00>
ST_17 : Operation 678 [1/1] (0.00ns)   --->   "%y_0_57_addr = getelementptr i8 %y_0_57, i64 0, i64 %zext_ln56" [awn_int8.cpp:66]   --->   Operation 678 'getelementptr' 'y_0_57_addr' <Predicate = true> <Delay = 0.00>
ST_17 : Operation 679 [1/1] (0.00ns)   --->   "%y_0_58_addr = getelementptr i8 %y_0_58, i64 0, i64 %zext_ln56" [awn_int8.cpp:66]   --->   Operation 679 'getelementptr' 'y_0_58_addr' <Predicate = true> <Delay = 0.00>
ST_17 : Operation 680 [1/1] (0.00ns)   --->   "%y_0_59_addr = getelementptr i8 %y_0_59, i64 0, i64 %zext_ln56" [awn_int8.cpp:66]   --->   Operation 680 'getelementptr' 'y_0_59_addr' <Predicate = true> <Delay = 0.00>
ST_17 : Operation 681 [1/1] (0.00ns)   --->   "%y_0_60_addr = getelementptr i8 %y_0_60, i64 0, i64 %zext_ln56" [awn_int8.cpp:66]   --->   Operation 681 'getelementptr' 'y_0_60_addr' <Predicate = true> <Delay = 0.00>
ST_17 : Operation 682 [1/1] (0.00ns)   --->   "%y_0_61_addr = getelementptr i8 %y_0_61, i64 0, i64 %zext_ln56" [awn_int8.cpp:66]   --->   Operation 682 'getelementptr' 'y_0_61_addr' <Predicate = true> <Delay = 0.00>
ST_17 : Operation 683 [1/1] (0.00ns)   --->   "%y_0_62_addr = getelementptr i8 %y_0_62, i64 0, i64 %zext_ln56" [awn_int8.cpp:66]   --->   Operation 683 'getelementptr' 'y_0_62_addr' <Predicate = true> <Delay = 0.00>
ST_17 : Operation 684 [1/1] (0.00ns)   --->   "%y_0_63_addr = getelementptr i8 %y_0_63, i64 0, i64 %zext_ln56" [awn_int8.cpp:66]   --->   Operation 684 'getelementptr' 'y_0_63_addr' <Predicate = true> <Delay = 0.00>
ST_17 : Operation 685 [1/1] (0.00ns)   --->   "%y_1_0_addr = getelementptr i8 %y_1_0, i64 0, i64 %zext_ln56" [awn_int8.cpp:66]   --->   Operation 685 'getelementptr' 'y_1_0_addr' <Predicate = true> <Delay = 0.00>
ST_17 : Operation 686 [1/1] (0.00ns)   --->   "%y_1_1_addr = getelementptr i8 %y_1_1, i64 0, i64 %zext_ln56" [awn_int8.cpp:66]   --->   Operation 686 'getelementptr' 'y_1_1_addr' <Predicate = true> <Delay = 0.00>
ST_17 : Operation 687 [1/1] (0.00ns)   --->   "%y_1_2_addr = getelementptr i8 %y_1_2, i64 0, i64 %zext_ln56" [awn_int8.cpp:66]   --->   Operation 687 'getelementptr' 'y_1_2_addr' <Predicate = true> <Delay = 0.00>
ST_17 : Operation 688 [1/1] (0.00ns)   --->   "%y_1_3_addr = getelementptr i8 %y_1_3, i64 0, i64 %zext_ln56" [awn_int8.cpp:66]   --->   Operation 688 'getelementptr' 'y_1_3_addr' <Predicate = true> <Delay = 0.00>
ST_17 : Operation 689 [1/1] (0.00ns)   --->   "%y_1_4_addr = getelementptr i8 %y_1_4, i64 0, i64 %zext_ln56" [awn_int8.cpp:66]   --->   Operation 689 'getelementptr' 'y_1_4_addr' <Predicate = true> <Delay = 0.00>
ST_17 : Operation 690 [1/1] (0.00ns)   --->   "%y_1_5_addr = getelementptr i8 %y_1_5, i64 0, i64 %zext_ln56" [awn_int8.cpp:66]   --->   Operation 690 'getelementptr' 'y_1_5_addr' <Predicate = true> <Delay = 0.00>
ST_17 : Operation 691 [1/1] (0.00ns)   --->   "%y_1_6_addr = getelementptr i8 %y_1_6, i64 0, i64 %zext_ln56" [awn_int8.cpp:66]   --->   Operation 691 'getelementptr' 'y_1_6_addr' <Predicate = true> <Delay = 0.00>
ST_17 : Operation 692 [1/1] (0.00ns)   --->   "%y_1_7_addr = getelementptr i8 %y_1_7, i64 0, i64 %zext_ln56" [awn_int8.cpp:66]   --->   Operation 692 'getelementptr' 'y_1_7_addr' <Predicate = true> <Delay = 0.00>
ST_17 : Operation 693 [1/1] (0.00ns)   --->   "%y_1_8_addr = getelementptr i8 %y_1_8, i64 0, i64 %zext_ln56" [awn_int8.cpp:66]   --->   Operation 693 'getelementptr' 'y_1_8_addr' <Predicate = true> <Delay = 0.00>
ST_17 : Operation 694 [1/1] (0.00ns)   --->   "%y_1_9_addr = getelementptr i8 %y_1_9, i64 0, i64 %zext_ln56" [awn_int8.cpp:66]   --->   Operation 694 'getelementptr' 'y_1_9_addr' <Predicate = true> <Delay = 0.00>
ST_17 : Operation 695 [1/1] (0.00ns)   --->   "%y_1_10_addr = getelementptr i8 %y_1_10, i64 0, i64 %zext_ln56" [awn_int8.cpp:66]   --->   Operation 695 'getelementptr' 'y_1_10_addr' <Predicate = true> <Delay = 0.00>
ST_17 : Operation 696 [1/1] (0.00ns)   --->   "%y_1_11_addr = getelementptr i8 %y_1_11, i64 0, i64 %zext_ln56" [awn_int8.cpp:66]   --->   Operation 696 'getelementptr' 'y_1_11_addr' <Predicate = true> <Delay = 0.00>
ST_17 : Operation 697 [1/1] (0.00ns)   --->   "%y_1_12_addr = getelementptr i8 %y_1_12, i64 0, i64 %zext_ln56" [awn_int8.cpp:66]   --->   Operation 697 'getelementptr' 'y_1_12_addr' <Predicate = true> <Delay = 0.00>
ST_17 : Operation 698 [1/1] (0.00ns)   --->   "%y_1_13_addr = getelementptr i8 %y_1_13, i64 0, i64 %zext_ln56" [awn_int8.cpp:66]   --->   Operation 698 'getelementptr' 'y_1_13_addr' <Predicate = true> <Delay = 0.00>
ST_17 : Operation 699 [1/1] (0.00ns)   --->   "%y_1_14_addr = getelementptr i8 %y_1_14, i64 0, i64 %zext_ln56" [awn_int8.cpp:66]   --->   Operation 699 'getelementptr' 'y_1_14_addr' <Predicate = true> <Delay = 0.00>
ST_17 : Operation 700 [1/1] (0.00ns)   --->   "%y_1_15_addr = getelementptr i8 %y_1_15, i64 0, i64 %zext_ln56" [awn_int8.cpp:66]   --->   Operation 700 'getelementptr' 'y_1_15_addr' <Predicate = true> <Delay = 0.00>
ST_17 : Operation 701 [1/1] (0.00ns)   --->   "%y_1_16_addr = getelementptr i8 %y_1_16, i64 0, i64 %zext_ln56" [awn_int8.cpp:66]   --->   Operation 701 'getelementptr' 'y_1_16_addr' <Predicate = true> <Delay = 0.00>
ST_17 : Operation 702 [1/1] (0.00ns)   --->   "%y_1_17_addr = getelementptr i8 %y_1_17, i64 0, i64 %zext_ln56" [awn_int8.cpp:66]   --->   Operation 702 'getelementptr' 'y_1_17_addr' <Predicate = true> <Delay = 0.00>
ST_17 : Operation 703 [1/1] (0.00ns)   --->   "%y_1_18_addr = getelementptr i8 %y_1_18, i64 0, i64 %zext_ln56" [awn_int8.cpp:66]   --->   Operation 703 'getelementptr' 'y_1_18_addr' <Predicate = true> <Delay = 0.00>
ST_17 : Operation 704 [1/1] (0.00ns)   --->   "%y_1_19_addr = getelementptr i8 %y_1_19, i64 0, i64 %zext_ln56" [awn_int8.cpp:66]   --->   Operation 704 'getelementptr' 'y_1_19_addr' <Predicate = true> <Delay = 0.00>
ST_17 : Operation 705 [1/1] (0.00ns)   --->   "%y_1_20_addr = getelementptr i8 %y_1_20, i64 0, i64 %zext_ln56" [awn_int8.cpp:66]   --->   Operation 705 'getelementptr' 'y_1_20_addr' <Predicate = true> <Delay = 0.00>
ST_17 : Operation 706 [1/1] (0.00ns)   --->   "%y_1_21_addr = getelementptr i8 %y_1_21, i64 0, i64 %zext_ln56" [awn_int8.cpp:66]   --->   Operation 706 'getelementptr' 'y_1_21_addr' <Predicate = true> <Delay = 0.00>
ST_17 : Operation 707 [1/1] (0.00ns)   --->   "%y_1_22_addr = getelementptr i8 %y_1_22, i64 0, i64 %zext_ln56" [awn_int8.cpp:66]   --->   Operation 707 'getelementptr' 'y_1_22_addr' <Predicate = true> <Delay = 0.00>
ST_17 : Operation 708 [1/1] (0.00ns)   --->   "%y_1_23_addr = getelementptr i8 %y_1_23, i64 0, i64 %zext_ln56" [awn_int8.cpp:66]   --->   Operation 708 'getelementptr' 'y_1_23_addr' <Predicate = true> <Delay = 0.00>
ST_17 : Operation 709 [1/1] (0.00ns)   --->   "%y_1_24_addr = getelementptr i8 %y_1_24, i64 0, i64 %zext_ln56" [awn_int8.cpp:66]   --->   Operation 709 'getelementptr' 'y_1_24_addr' <Predicate = true> <Delay = 0.00>
ST_17 : Operation 710 [1/1] (0.00ns)   --->   "%y_1_25_addr = getelementptr i8 %y_1_25, i64 0, i64 %zext_ln56" [awn_int8.cpp:66]   --->   Operation 710 'getelementptr' 'y_1_25_addr' <Predicate = true> <Delay = 0.00>
ST_17 : Operation 711 [1/1] (0.00ns)   --->   "%y_1_26_addr = getelementptr i8 %y_1_26, i64 0, i64 %zext_ln56" [awn_int8.cpp:66]   --->   Operation 711 'getelementptr' 'y_1_26_addr' <Predicate = true> <Delay = 0.00>
ST_17 : Operation 712 [1/1] (0.00ns)   --->   "%y_1_27_addr = getelementptr i8 %y_1_27, i64 0, i64 %zext_ln56" [awn_int8.cpp:66]   --->   Operation 712 'getelementptr' 'y_1_27_addr' <Predicate = true> <Delay = 0.00>
ST_17 : Operation 713 [1/1] (0.00ns)   --->   "%y_1_28_addr = getelementptr i8 %y_1_28, i64 0, i64 %zext_ln56" [awn_int8.cpp:66]   --->   Operation 713 'getelementptr' 'y_1_28_addr' <Predicate = true> <Delay = 0.00>
ST_17 : Operation 714 [1/1] (0.00ns)   --->   "%y_1_29_addr = getelementptr i8 %y_1_29, i64 0, i64 %zext_ln56" [awn_int8.cpp:66]   --->   Operation 714 'getelementptr' 'y_1_29_addr' <Predicate = true> <Delay = 0.00>
ST_17 : Operation 715 [1/1] (0.00ns)   --->   "%y_1_30_addr = getelementptr i8 %y_1_30, i64 0, i64 %zext_ln56" [awn_int8.cpp:66]   --->   Operation 715 'getelementptr' 'y_1_30_addr' <Predicate = true> <Delay = 0.00>
ST_17 : Operation 716 [1/1] (0.00ns)   --->   "%y_1_31_addr = getelementptr i8 %y_1_31, i64 0, i64 %zext_ln56" [awn_int8.cpp:66]   --->   Operation 716 'getelementptr' 'y_1_31_addr' <Predicate = true> <Delay = 0.00>
ST_17 : Operation 717 [1/1] (0.00ns)   --->   "%y_1_32_addr = getelementptr i8 %y_1_32, i64 0, i64 %zext_ln56" [awn_int8.cpp:66]   --->   Operation 717 'getelementptr' 'y_1_32_addr' <Predicate = true> <Delay = 0.00>
ST_17 : Operation 718 [1/1] (0.00ns)   --->   "%y_1_33_addr = getelementptr i8 %y_1_33, i64 0, i64 %zext_ln56" [awn_int8.cpp:66]   --->   Operation 718 'getelementptr' 'y_1_33_addr' <Predicate = true> <Delay = 0.00>
ST_17 : Operation 719 [1/1] (0.00ns)   --->   "%y_1_34_addr = getelementptr i8 %y_1_34, i64 0, i64 %zext_ln56" [awn_int8.cpp:66]   --->   Operation 719 'getelementptr' 'y_1_34_addr' <Predicate = true> <Delay = 0.00>
ST_17 : Operation 720 [1/1] (0.00ns)   --->   "%y_1_35_addr = getelementptr i8 %y_1_35, i64 0, i64 %zext_ln56" [awn_int8.cpp:66]   --->   Operation 720 'getelementptr' 'y_1_35_addr' <Predicate = true> <Delay = 0.00>
ST_17 : Operation 721 [1/1] (0.00ns)   --->   "%y_1_36_addr = getelementptr i8 %y_1_36, i64 0, i64 %zext_ln56" [awn_int8.cpp:66]   --->   Operation 721 'getelementptr' 'y_1_36_addr' <Predicate = true> <Delay = 0.00>
ST_17 : Operation 722 [1/1] (0.00ns)   --->   "%y_1_37_addr = getelementptr i8 %y_1_37, i64 0, i64 %zext_ln56" [awn_int8.cpp:66]   --->   Operation 722 'getelementptr' 'y_1_37_addr' <Predicate = true> <Delay = 0.00>
ST_17 : Operation 723 [1/1] (0.00ns)   --->   "%y_1_38_addr = getelementptr i8 %y_1_38, i64 0, i64 %zext_ln56" [awn_int8.cpp:66]   --->   Operation 723 'getelementptr' 'y_1_38_addr' <Predicate = true> <Delay = 0.00>
ST_17 : Operation 724 [1/1] (0.00ns)   --->   "%y_1_39_addr = getelementptr i8 %y_1_39, i64 0, i64 %zext_ln56" [awn_int8.cpp:66]   --->   Operation 724 'getelementptr' 'y_1_39_addr' <Predicate = true> <Delay = 0.00>
ST_17 : Operation 725 [1/1] (0.00ns)   --->   "%y_1_40_addr = getelementptr i8 %y_1_40, i64 0, i64 %zext_ln56" [awn_int8.cpp:66]   --->   Operation 725 'getelementptr' 'y_1_40_addr' <Predicate = true> <Delay = 0.00>
ST_17 : Operation 726 [1/1] (0.00ns)   --->   "%y_1_41_addr = getelementptr i8 %y_1_41, i64 0, i64 %zext_ln56" [awn_int8.cpp:66]   --->   Operation 726 'getelementptr' 'y_1_41_addr' <Predicate = true> <Delay = 0.00>
ST_17 : Operation 727 [1/1] (0.00ns)   --->   "%y_1_42_addr = getelementptr i8 %y_1_42, i64 0, i64 %zext_ln56" [awn_int8.cpp:66]   --->   Operation 727 'getelementptr' 'y_1_42_addr' <Predicate = true> <Delay = 0.00>
ST_17 : Operation 728 [1/1] (0.00ns)   --->   "%y_1_43_addr = getelementptr i8 %y_1_43, i64 0, i64 %zext_ln56" [awn_int8.cpp:66]   --->   Operation 728 'getelementptr' 'y_1_43_addr' <Predicate = true> <Delay = 0.00>
ST_17 : Operation 729 [1/1] (0.00ns)   --->   "%y_1_44_addr = getelementptr i8 %y_1_44, i64 0, i64 %zext_ln56" [awn_int8.cpp:66]   --->   Operation 729 'getelementptr' 'y_1_44_addr' <Predicate = true> <Delay = 0.00>
ST_17 : Operation 730 [1/1] (0.00ns)   --->   "%y_1_45_addr = getelementptr i8 %y_1_45, i64 0, i64 %zext_ln56" [awn_int8.cpp:66]   --->   Operation 730 'getelementptr' 'y_1_45_addr' <Predicate = true> <Delay = 0.00>
ST_17 : Operation 731 [1/1] (0.00ns)   --->   "%y_1_46_addr = getelementptr i8 %y_1_46, i64 0, i64 %zext_ln56" [awn_int8.cpp:66]   --->   Operation 731 'getelementptr' 'y_1_46_addr' <Predicate = true> <Delay = 0.00>
ST_17 : Operation 732 [1/1] (0.00ns)   --->   "%y_1_47_addr = getelementptr i8 %y_1_47, i64 0, i64 %zext_ln56" [awn_int8.cpp:66]   --->   Operation 732 'getelementptr' 'y_1_47_addr' <Predicate = true> <Delay = 0.00>
ST_17 : Operation 733 [1/1] (0.00ns)   --->   "%y_1_48_addr = getelementptr i8 %y_1_48, i64 0, i64 %zext_ln56" [awn_int8.cpp:66]   --->   Operation 733 'getelementptr' 'y_1_48_addr' <Predicate = true> <Delay = 0.00>
ST_17 : Operation 734 [1/1] (0.00ns)   --->   "%y_1_49_addr = getelementptr i8 %y_1_49, i64 0, i64 %zext_ln56" [awn_int8.cpp:66]   --->   Operation 734 'getelementptr' 'y_1_49_addr' <Predicate = true> <Delay = 0.00>
ST_17 : Operation 735 [1/1] (0.00ns)   --->   "%y_1_50_addr = getelementptr i8 %y_1_50, i64 0, i64 %zext_ln56" [awn_int8.cpp:66]   --->   Operation 735 'getelementptr' 'y_1_50_addr' <Predicate = true> <Delay = 0.00>
ST_17 : Operation 736 [1/1] (0.00ns)   --->   "%y_1_51_addr = getelementptr i8 %y_1_51, i64 0, i64 %zext_ln56" [awn_int8.cpp:66]   --->   Operation 736 'getelementptr' 'y_1_51_addr' <Predicate = true> <Delay = 0.00>
ST_17 : Operation 737 [1/1] (0.00ns)   --->   "%y_1_52_addr = getelementptr i8 %y_1_52, i64 0, i64 %zext_ln56" [awn_int8.cpp:66]   --->   Operation 737 'getelementptr' 'y_1_52_addr' <Predicate = true> <Delay = 0.00>
ST_17 : Operation 738 [1/1] (0.00ns)   --->   "%y_1_53_addr = getelementptr i8 %y_1_53, i64 0, i64 %zext_ln56" [awn_int8.cpp:66]   --->   Operation 738 'getelementptr' 'y_1_53_addr' <Predicate = true> <Delay = 0.00>
ST_17 : Operation 739 [1/1] (0.00ns)   --->   "%y_1_54_addr = getelementptr i8 %y_1_54, i64 0, i64 %zext_ln56" [awn_int8.cpp:66]   --->   Operation 739 'getelementptr' 'y_1_54_addr' <Predicate = true> <Delay = 0.00>
ST_17 : Operation 740 [1/1] (0.00ns)   --->   "%y_1_55_addr = getelementptr i8 %y_1_55, i64 0, i64 %zext_ln56" [awn_int8.cpp:66]   --->   Operation 740 'getelementptr' 'y_1_55_addr' <Predicate = true> <Delay = 0.00>
ST_17 : Operation 741 [1/1] (0.00ns)   --->   "%y_1_56_addr = getelementptr i8 %y_1_56, i64 0, i64 %zext_ln56" [awn_int8.cpp:66]   --->   Operation 741 'getelementptr' 'y_1_56_addr' <Predicate = true> <Delay = 0.00>
ST_17 : Operation 742 [1/1] (0.00ns)   --->   "%y_1_57_addr = getelementptr i8 %y_1_57, i64 0, i64 %zext_ln56" [awn_int8.cpp:66]   --->   Operation 742 'getelementptr' 'y_1_57_addr' <Predicate = true> <Delay = 0.00>
ST_17 : Operation 743 [1/1] (0.00ns)   --->   "%y_1_58_addr = getelementptr i8 %y_1_58, i64 0, i64 %zext_ln56" [awn_int8.cpp:66]   --->   Operation 743 'getelementptr' 'y_1_58_addr' <Predicate = true> <Delay = 0.00>
ST_17 : Operation 744 [1/1] (0.00ns)   --->   "%y_1_59_addr = getelementptr i8 %y_1_59, i64 0, i64 %zext_ln56" [awn_int8.cpp:66]   --->   Operation 744 'getelementptr' 'y_1_59_addr' <Predicate = true> <Delay = 0.00>
ST_17 : Operation 745 [1/1] (0.00ns)   --->   "%y_1_60_addr = getelementptr i8 %y_1_60, i64 0, i64 %zext_ln56" [awn_int8.cpp:66]   --->   Operation 745 'getelementptr' 'y_1_60_addr' <Predicate = true> <Delay = 0.00>
ST_17 : Operation 746 [1/1] (0.00ns)   --->   "%y_1_61_addr = getelementptr i8 %y_1_61, i64 0, i64 %zext_ln56" [awn_int8.cpp:66]   --->   Operation 746 'getelementptr' 'y_1_61_addr' <Predicate = true> <Delay = 0.00>
ST_17 : Operation 747 [1/1] (0.00ns)   --->   "%y_1_62_addr = getelementptr i8 %y_1_62, i64 0, i64 %zext_ln56" [awn_int8.cpp:66]   --->   Operation 747 'getelementptr' 'y_1_62_addr' <Predicate = true> <Delay = 0.00>
ST_17 : Operation 748 [1/1] (0.00ns)   --->   "%y_1_63_addr = getelementptr i8 %y_1_63, i64 0, i64 %zext_ln56" [awn_int8.cpp:66]   --->   Operation 748 'getelementptr' 'y_1_63_addr' <Predicate = true> <Delay = 0.00>
ST_17 : Operation 749 [1/1] (0.00ns)   --->   "%y_2_0_addr = getelementptr i8 %y_2_0, i64 0, i64 %zext_ln56" [awn_int8.cpp:66]   --->   Operation 749 'getelementptr' 'y_2_0_addr' <Predicate = true> <Delay = 0.00>
ST_17 : Operation 750 [1/1] (0.00ns)   --->   "%y_2_1_addr = getelementptr i8 %y_2_1, i64 0, i64 %zext_ln56" [awn_int8.cpp:66]   --->   Operation 750 'getelementptr' 'y_2_1_addr' <Predicate = true> <Delay = 0.00>
ST_17 : Operation 751 [1/1] (0.00ns)   --->   "%y_2_2_addr = getelementptr i8 %y_2_2, i64 0, i64 %zext_ln56" [awn_int8.cpp:66]   --->   Operation 751 'getelementptr' 'y_2_2_addr' <Predicate = true> <Delay = 0.00>
ST_17 : Operation 752 [1/1] (0.00ns)   --->   "%y_2_3_addr = getelementptr i8 %y_2_3, i64 0, i64 %zext_ln56" [awn_int8.cpp:66]   --->   Operation 752 'getelementptr' 'y_2_3_addr' <Predicate = true> <Delay = 0.00>
ST_17 : Operation 753 [1/1] (0.00ns)   --->   "%y_2_4_addr = getelementptr i8 %y_2_4, i64 0, i64 %zext_ln56" [awn_int8.cpp:66]   --->   Operation 753 'getelementptr' 'y_2_4_addr' <Predicate = true> <Delay = 0.00>
ST_17 : Operation 754 [1/1] (0.00ns)   --->   "%y_2_5_addr = getelementptr i8 %y_2_5, i64 0, i64 %zext_ln56" [awn_int8.cpp:66]   --->   Operation 754 'getelementptr' 'y_2_5_addr' <Predicate = true> <Delay = 0.00>
ST_17 : Operation 755 [1/1] (0.00ns)   --->   "%y_2_6_addr = getelementptr i8 %y_2_6, i64 0, i64 %zext_ln56" [awn_int8.cpp:66]   --->   Operation 755 'getelementptr' 'y_2_6_addr' <Predicate = true> <Delay = 0.00>
ST_17 : Operation 756 [1/1] (0.00ns)   --->   "%y_2_7_addr = getelementptr i8 %y_2_7, i64 0, i64 %zext_ln56" [awn_int8.cpp:66]   --->   Operation 756 'getelementptr' 'y_2_7_addr' <Predicate = true> <Delay = 0.00>
ST_17 : Operation 757 [1/1] (0.00ns)   --->   "%y_2_8_addr = getelementptr i8 %y_2_8, i64 0, i64 %zext_ln56" [awn_int8.cpp:66]   --->   Operation 757 'getelementptr' 'y_2_8_addr' <Predicate = true> <Delay = 0.00>
ST_17 : Operation 758 [1/1] (0.00ns)   --->   "%y_2_9_addr = getelementptr i8 %y_2_9, i64 0, i64 %zext_ln56" [awn_int8.cpp:66]   --->   Operation 758 'getelementptr' 'y_2_9_addr' <Predicate = true> <Delay = 0.00>
ST_17 : Operation 759 [1/1] (0.00ns)   --->   "%y_2_10_addr = getelementptr i8 %y_2_10, i64 0, i64 %zext_ln56" [awn_int8.cpp:66]   --->   Operation 759 'getelementptr' 'y_2_10_addr' <Predicate = true> <Delay = 0.00>
ST_17 : Operation 760 [1/1] (0.00ns)   --->   "%y_2_11_addr = getelementptr i8 %y_2_11, i64 0, i64 %zext_ln56" [awn_int8.cpp:66]   --->   Operation 760 'getelementptr' 'y_2_11_addr' <Predicate = true> <Delay = 0.00>
ST_17 : Operation 761 [1/1] (0.00ns)   --->   "%y_2_12_addr = getelementptr i8 %y_2_12, i64 0, i64 %zext_ln56" [awn_int8.cpp:66]   --->   Operation 761 'getelementptr' 'y_2_12_addr' <Predicate = true> <Delay = 0.00>
ST_17 : Operation 762 [1/1] (0.00ns)   --->   "%y_2_13_addr = getelementptr i8 %y_2_13, i64 0, i64 %zext_ln56" [awn_int8.cpp:66]   --->   Operation 762 'getelementptr' 'y_2_13_addr' <Predicate = true> <Delay = 0.00>
ST_17 : Operation 763 [1/1] (0.00ns)   --->   "%y_2_14_addr = getelementptr i8 %y_2_14, i64 0, i64 %zext_ln56" [awn_int8.cpp:66]   --->   Operation 763 'getelementptr' 'y_2_14_addr' <Predicate = true> <Delay = 0.00>
ST_17 : Operation 764 [1/1] (0.00ns)   --->   "%y_2_15_addr = getelementptr i8 %y_2_15, i64 0, i64 %zext_ln56" [awn_int8.cpp:66]   --->   Operation 764 'getelementptr' 'y_2_15_addr' <Predicate = true> <Delay = 0.00>
ST_17 : Operation 765 [1/1] (0.00ns)   --->   "%y_2_16_addr = getelementptr i8 %y_2_16, i64 0, i64 %zext_ln56" [awn_int8.cpp:66]   --->   Operation 765 'getelementptr' 'y_2_16_addr' <Predicate = true> <Delay = 0.00>
ST_17 : Operation 766 [1/1] (0.00ns)   --->   "%y_2_17_addr = getelementptr i8 %y_2_17, i64 0, i64 %zext_ln56" [awn_int8.cpp:66]   --->   Operation 766 'getelementptr' 'y_2_17_addr' <Predicate = true> <Delay = 0.00>
ST_17 : Operation 767 [1/1] (0.00ns)   --->   "%y_2_18_addr = getelementptr i8 %y_2_18, i64 0, i64 %zext_ln56" [awn_int8.cpp:66]   --->   Operation 767 'getelementptr' 'y_2_18_addr' <Predicate = true> <Delay = 0.00>
ST_17 : Operation 768 [1/1] (0.00ns)   --->   "%y_2_19_addr = getelementptr i8 %y_2_19, i64 0, i64 %zext_ln56" [awn_int8.cpp:66]   --->   Operation 768 'getelementptr' 'y_2_19_addr' <Predicate = true> <Delay = 0.00>
ST_17 : Operation 769 [1/1] (0.00ns)   --->   "%y_2_20_addr = getelementptr i8 %y_2_20, i64 0, i64 %zext_ln56" [awn_int8.cpp:66]   --->   Operation 769 'getelementptr' 'y_2_20_addr' <Predicate = true> <Delay = 0.00>
ST_17 : Operation 770 [1/1] (0.00ns)   --->   "%y_2_21_addr = getelementptr i8 %y_2_21, i64 0, i64 %zext_ln56" [awn_int8.cpp:66]   --->   Operation 770 'getelementptr' 'y_2_21_addr' <Predicate = true> <Delay = 0.00>
ST_17 : Operation 771 [1/1] (0.00ns)   --->   "%y_2_22_addr = getelementptr i8 %y_2_22, i64 0, i64 %zext_ln56" [awn_int8.cpp:66]   --->   Operation 771 'getelementptr' 'y_2_22_addr' <Predicate = true> <Delay = 0.00>
ST_17 : Operation 772 [1/1] (0.00ns)   --->   "%y_2_23_addr = getelementptr i8 %y_2_23, i64 0, i64 %zext_ln56" [awn_int8.cpp:66]   --->   Operation 772 'getelementptr' 'y_2_23_addr' <Predicate = true> <Delay = 0.00>
ST_17 : Operation 773 [1/1] (0.00ns)   --->   "%y_2_24_addr = getelementptr i8 %y_2_24, i64 0, i64 %zext_ln56" [awn_int8.cpp:66]   --->   Operation 773 'getelementptr' 'y_2_24_addr' <Predicate = true> <Delay = 0.00>
ST_17 : Operation 774 [1/1] (0.00ns)   --->   "%y_2_25_addr = getelementptr i8 %y_2_25, i64 0, i64 %zext_ln56" [awn_int8.cpp:66]   --->   Operation 774 'getelementptr' 'y_2_25_addr' <Predicate = true> <Delay = 0.00>
ST_17 : Operation 775 [1/1] (0.00ns)   --->   "%y_2_26_addr = getelementptr i8 %y_2_26, i64 0, i64 %zext_ln56" [awn_int8.cpp:66]   --->   Operation 775 'getelementptr' 'y_2_26_addr' <Predicate = true> <Delay = 0.00>
ST_17 : Operation 776 [1/1] (0.00ns)   --->   "%y_2_27_addr = getelementptr i8 %y_2_27, i64 0, i64 %zext_ln56" [awn_int8.cpp:66]   --->   Operation 776 'getelementptr' 'y_2_27_addr' <Predicate = true> <Delay = 0.00>
ST_17 : Operation 777 [1/1] (0.00ns)   --->   "%y_2_28_addr = getelementptr i8 %y_2_28, i64 0, i64 %zext_ln56" [awn_int8.cpp:66]   --->   Operation 777 'getelementptr' 'y_2_28_addr' <Predicate = true> <Delay = 0.00>
ST_17 : Operation 778 [1/1] (0.00ns)   --->   "%y_2_29_addr = getelementptr i8 %y_2_29, i64 0, i64 %zext_ln56" [awn_int8.cpp:66]   --->   Operation 778 'getelementptr' 'y_2_29_addr' <Predicate = true> <Delay = 0.00>
ST_17 : Operation 779 [1/1] (0.00ns)   --->   "%y_2_30_addr = getelementptr i8 %y_2_30, i64 0, i64 %zext_ln56" [awn_int8.cpp:66]   --->   Operation 779 'getelementptr' 'y_2_30_addr' <Predicate = true> <Delay = 0.00>
ST_17 : Operation 780 [1/1] (0.00ns)   --->   "%y_2_31_addr = getelementptr i8 %y_2_31, i64 0, i64 %zext_ln56" [awn_int8.cpp:66]   --->   Operation 780 'getelementptr' 'y_2_31_addr' <Predicate = true> <Delay = 0.00>
ST_17 : Operation 781 [1/1] (0.00ns)   --->   "%y_2_32_addr = getelementptr i8 %y_2_32, i64 0, i64 %zext_ln56" [awn_int8.cpp:66]   --->   Operation 781 'getelementptr' 'y_2_32_addr' <Predicate = true> <Delay = 0.00>
ST_17 : Operation 782 [1/1] (0.00ns)   --->   "%y_2_33_addr = getelementptr i8 %y_2_33, i64 0, i64 %zext_ln56" [awn_int8.cpp:66]   --->   Operation 782 'getelementptr' 'y_2_33_addr' <Predicate = true> <Delay = 0.00>
ST_17 : Operation 783 [1/1] (0.00ns)   --->   "%y_2_34_addr = getelementptr i8 %y_2_34, i64 0, i64 %zext_ln56" [awn_int8.cpp:66]   --->   Operation 783 'getelementptr' 'y_2_34_addr' <Predicate = true> <Delay = 0.00>
ST_17 : Operation 784 [1/1] (0.00ns)   --->   "%y_2_35_addr = getelementptr i8 %y_2_35, i64 0, i64 %zext_ln56" [awn_int8.cpp:66]   --->   Operation 784 'getelementptr' 'y_2_35_addr' <Predicate = true> <Delay = 0.00>
ST_17 : Operation 785 [1/1] (0.00ns)   --->   "%y_2_36_addr = getelementptr i8 %y_2_36, i64 0, i64 %zext_ln56" [awn_int8.cpp:66]   --->   Operation 785 'getelementptr' 'y_2_36_addr' <Predicate = true> <Delay = 0.00>
ST_17 : Operation 786 [1/1] (0.00ns)   --->   "%y_2_37_addr = getelementptr i8 %y_2_37, i64 0, i64 %zext_ln56" [awn_int8.cpp:66]   --->   Operation 786 'getelementptr' 'y_2_37_addr' <Predicate = true> <Delay = 0.00>
ST_17 : Operation 787 [1/1] (0.00ns)   --->   "%y_2_38_addr = getelementptr i8 %y_2_38, i64 0, i64 %zext_ln56" [awn_int8.cpp:66]   --->   Operation 787 'getelementptr' 'y_2_38_addr' <Predicate = true> <Delay = 0.00>
ST_17 : Operation 788 [1/1] (0.00ns)   --->   "%y_2_39_addr = getelementptr i8 %y_2_39, i64 0, i64 %zext_ln56" [awn_int8.cpp:66]   --->   Operation 788 'getelementptr' 'y_2_39_addr' <Predicate = true> <Delay = 0.00>
ST_17 : Operation 789 [1/1] (0.00ns)   --->   "%y_2_40_addr = getelementptr i8 %y_2_40, i64 0, i64 %zext_ln56" [awn_int8.cpp:66]   --->   Operation 789 'getelementptr' 'y_2_40_addr' <Predicate = true> <Delay = 0.00>
ST_17 : Operation 790 [1/1] (0.00ns)   --->   "%y_2_41_addr = getelementptr i8 %y_2_41, i64 0, i64 %zext_ln56" [awn_int8.cpp:66]   --->   Operation 790 'getelementptr' 'y_2_41_addr' <Predicate = true> <Delay = 0.00>
ST_17 : Operation 791 [1/1] (0.00ns)   --->   "%y_2_42_addr = getelementptr i8 %y_2_42, i64 0, i64 %zext_ln56" [awn_int8.cpp:66]   --->   Operation 791 'getelementptr' 'y_2_42_addr' <Predicate = true> <Delay = 0.00>
ST_17 : Operation 792 [1/1] (0.00ns)   --->   "%y_2_43_addr = getelementptr i8 %y_2_43, i64 0, i64 %zext_ln56" [awn_int8.cpp:66]   --->   Operation 792 'getelementptr' 'y_2_43_addr' <Predicate = true> <Delay = 0.00>
ST_17 : Operation 793 [1/1] (0.00ns)   --->   "%y_2_44_addr = getelementptr i8 %y_2_44, i64 0, i64 %zext_ln56" [awn_int8.cpp:66]   --->   Operation 793 'getelementptr' 'y_2_44_addr' <Predicate = true> <Delay = 0.00>
ST_17 : Operation 794 [1/1] (0.00ns)   --->   "%y_2_45_addr = getelementptr i8 %y_2_45, i64 0, i64 %zext_ln56" [awn_int8.cpp:66]   --->   Operation 794 'getelementptr' 'y_2_45_addr' <Predicate = true> <Delay = 0.00>
ST_17 : Operation 795 [1/1] (0.00ns)   --->   "%y_2_46_addr = getelementptr i8 %y_2_46, i64 0, i64 %zext_ln56" [awn_int8.cpp:66]   --->   Operation 795 'getelementptr' 'y_2_46_addr' <Predicate = true> <Delay = 0.00>
ST_17 : Operation 796 [1/1] (0.00ns)   --->   "%y_2_47_addr = getelementptr i8 %y_2_47, i64 0, i64 %zext_ln56" [awn_int8.cpp:66]   --->   Operation 796 'getelementptr' 'y_2_47_addr' <Predicate = true> <Delay = 0.00>
ST_17 : Operation 797 [1/1] (0.00ns)   --->   "%y_2_48_addr = getelementptr i8 %y_2_48, i64 0, i64 %zext_ln56" [awn_int8.cpp:66]   --->   Operation 797 'getelementptr' 'y_2_48_addr' <Predicate = true> <Delay = 0.00>
ST_17 : Operation 798 [1/1] (0.00ns)   --->   "%y_2_49_addr = getelementptr i8 %y_2_49, i64 0, i64 %zext_ln56" [awn_int8.cpp:66]   --->   Operation 798 'getelementptr' 'y_2_49_addr' <Predicate = true> <Delay = 0.00>
ST_17 : Operation 799 [1/1] (0.00ns)   --->   "%y_2_50_addr = getelementptr i8 %y_2_50, i64 0, i64 %zext_ln56" [awn_int8.cpp:66]   --->   Operation 799 'getelementptr' 'y_2_50_addr' <Predicate = true> <Delay = 0.00>
ST_17 : Operation 800 [1/1] (0.00ns)   --->   "%y_2_51_addr = getelementptr i8 %y_2_51, i64 0, i64 %zext_ln56" [awn_int8.cpp:66]   --->   Operation 800 'getelementptr' 'y_2_51_addr' <Predicate = true> <Delay = 0.00>
ST_17 : Operation 801 [1/1] (0.00ns)   --->   "%y_2_52_addr = getelementptr i8 %y_2_52, i64 0, i64 %zext_ln56" [awn_int8.cpp:66]   --->   Operation 801 'getelementptr' 'y_2_52_addr' <Predicate = true> <Delay = 0.00>
ST_17 : Operation 802 [1/1] (0.00ns)   --->   "%y_2_53_addr = getelementptr i8 %y_2_53, i64 0, i64 %zext_ln56" [awn_int8.cpp:66]   --->   Operation 802 'getelementptr' 'y_2_53_addr' <Predicate = true> <Delay = 0.00>
ST_17 : Operation 803 [1/1] (0.00ns)   --->   "%y_2_54_addr = getelementptr i8 %y_2_54, i64 0, i64 %zext_ln56" [awn_int8.cpp:66]   --->   Operation 803 'getelementptr' 'y_2_54_addr' <Predicate = true> <Delay = 0.00>
ST_17 : Operation 804 [1/1] (0.00ns)   --->   "%y_2_55_addr = getelementptr i8 %y_2_55, i64 0, i64 %zext_ln56" [awn_int8.cpp:66]   --->   Operation 804 'getelementptr' 'y_2_55_addr' <Predicate = true> <Delay = 0.00>
ST_17 : Operation 805 [1/1] (0.00ns)   --->   "%y_2_56_addr = getelementptr i8 %y_2_56, i64 0, i64 %zext_ln56" [awn_int8.cpp:66]   --->   Operation 805 'getelementptr' 'y_2_56_addr' <Predicate = true> <Delay = 0.00>
ST_17 : Operation 806 [1/1] (0.00ns)   --->   "%y_2_57_addr = getelementptr i8 %y_2_57, i64 0, i64 %zext_ln56" [awn_int8.cpp:66]   --->   Operation 806 'getelementptr' 'y_2_57_addr' <Predicate = true> <Delay = 0.00>
ST_17 : Operation 807 [1/1] (0.00ns)   --->   "%y_2_58_addr = getelementptr i8 %y_2_58, i64 0, i64 %zext_ln56" [awn_int8.cpp:66]   --->   Operation 807 'getelementptr' 'y_2_58_addr' <Predicate = true> <Delay = 0.00>
ST_17 : Operation 808 [1/1] (0.00ns)   --->   "%y_2_59_addr = getelementptr i8 %y_2_59, i64 0, i64 %zext_ln56" [awn_int8.cpp:66]   --->   Operation 808 'getelementptr' 'y_2_59_addr' <Predicate = true> <Delay = 0.00>
ST_17 : Operation 809 [1/1] (0.00ns)   --->   "%y_2_60_addr = getelementptr i8 %y_2_60, i64 0, i64 %zext_ln56" [awn_int8.cpp:66]   --->   Operation 809 'getelementptr' 'y_2_60_addr' <Predicate = true> <Delay = 0.00>
ST_17 : Operation 810 [1/1] (0.00ns)   --->   "%y_2_61_addr = getelementptr i8 %y_2_61, i64 0, i64 %zext_ln56" [awn_int8.cpp:66]   --->   Operation 810 'getelementptr' 'y_2_61_addr' <Predicate = true> <Delay = 0.00>
ST_17 : Operation 811 [1/1] (0.00ns)   --->   "%y_2_62_addr = getelementptr i8 %y_2_62, i64 0, i64 %zext_ln56" [awn_int8.cpp:66]   --->   Operation 811 'getelementptr' 'y_2_62_addr' <Predicate = true> <Delay = 0.00>
ST_17 : Operation 812 [1/1] (0.00ns)   --->   "%y_2_63_addr = getelementptr i8 %y_2_63, i64 0, i64 %zext_ln56" [awn_int8.cpp:66]   --->   Operation 812 'getelementptr' 'y_2_63_addr' <Predicate = true> <Delay = 0.00>
ST_17 : Operation 813 [1/1] (0.00ns)   --->   "%y_3_0_addr = getelementptr i8 %y_3_0, i64 0, i64 %zext_ln56" [awn_int8.cpp:66]   --->   Operation 813 'getelementptr' 'y_3_0_addr' <Predicate = true> <Delay = 0.00>
ST_17 : Operation 814 [1/1] (0.00ns)   --->   "%y_3_1_addr = getelementptr i8 %y_3_1, i64 0, i64 %zext_ln56" [awn_int8.cpp:66]   --->   Operation 814 'getelementptr' 'y_3_1_addr' <Predicate = true> <Delay = 0.00>
ST_17 : Operation 815 [1/1] (0.00ns)   --->   "%y_3_2_addr = getelementptr i8 %y_3_2, i64 0, i64 %zext_ln56" [awn_int8.cpp:66]   --->   Operation 815 'getelementptr' 'y_3_2_addr' <Predicate = true> <Delay = 0.00>
ST_17 : Operation 816 [1/1] (0.00ns)   --->   "%y_3_3_addr = getelementptr i8 %y_3_3, i64 0, i64 %zext_ln56" [awn_int8.cpp:66]   --->   Operation 816 'getelementptr' 'y_3_3_addr' <Predicate = true> <Delay = 0.00>
ST_17 : Operation 817 [1/1] (0.00ns)   --->   "%y_3_4_addr = getelementptr i8 %y_3_4, i64 0, i64 %zext_ln56" [awn_int8.cpp:66]   --->   Operation 817 'getelementptr' 'y_3_4_addr' <Predicate = true> <Delay = 0.00>
ST_17 : Operation 818 [1/1] (0.00ns)   --->   "%y_3_5_addr = getelementptr i8 %y_3_5, i64 0, i64 %zext_ln56" [awn_int8.cpp:66]   --->   Operation 818 'getelementptr' 'y_3_5_addr' <Predicate = true> <Delay = 0.00>
ST_17 : Operation 819 [1/1] (0.00ns)   --->   "%y_3_6_addr = getelementptr i8 %y_3_6, i64 0, i64 %zext_ln56" [awn_int8.cpp:66]   --->   Operation 819 'getelementptr' 'y_3_6_addr' <Predicate = true> <Delay = 0.00>
ST_17 : Operation 820 [1/1] (0.00ns)   --->   "%y_3_7_addr = getelementptr i8 %y_3_7, i64 0, i64 %zext_ln56" [awn_int8.cpp:66]   --->   Operation 820 'getelementptr' 'y_3_7_addr' <Predicate = true> <Delay = 0.00>
ST_17 : Operation 821 [1/1] (0.00ns)   --->   "%y_3_8_addr = getelementptr i8 %y_3_8, i64 0, i64 %zext_ln56" [awn_int8.cpp:66]   --->   Operation 821 'getelementptr' 'y_3_8_addr' <Predicate = true> <Delay = 0.00>
ST_17 : Operation 822 [1/1] (0.00ns)   --->   "%y_3_9_addr = getelementptr i8 %y_3_9, i64 0, i64 %zext_ln56" [awn_int8.cpp:66]   --->   Operation 822 'getelementptr' 'y_3_9_addr' <Predicate = true> <Delay = 0.00>
ST_17 : Operation 823 [1/1] (0.00ns)   --->   "%y_3_10_addr = getelementptr i8 %y_3_10, i64 0, i64 %zext_ln56" [awn_int8.cpp:66]   --->   Operation 823 'getelementptr' 'y_3_10_addr' <Predicate = true> <Delay = 0.00>
ST_17 : Operation 824 [1/1] (0.00ns)   --->   "%y_3_11_addr = getelementptr i8 %y_3_11, i64 0, i64 %zext_ln56" [awn_int8.cpp:66]   --->   Operation 824 'getelementptr' 'y_3_11_addr' <Predicate = true> <Delay = 0.00>
ST_17 : Operation 825 [1/1] (0.00ns)   --->   "%y_3_12_addr = getelementptr i8 %y_3_12, i64 0, i64 %zext_ln56" [awn_int8.cpp:66]   --->   Operation 825 'getelementptr' 'y_3_12_addr' <Predicate = true> <Delay = 0.00>
ST_17 : Operation 826 [1/1] (0.00ns)   --->   "%y_3_13_addr = getelementptr i8 %y_3_13, i64 0, i64 %zext_ln56" [awn_int8.cpp:66]   --->   Operation 826 'getelementptr' 'y_3_13_addr' <Predicate = true> <Delay = 0.00>
ST_17 : Operation 827 [1/1] (0.00ns)   --->   "%y_3_14_addr = getelementptr i8 %y_3_14, i64 0, i64 %zext_ln56" [awn_int8.cpp:66]   --->   Operation 827 'getelementptr' 'y_3_14_addr' <Predicate = true> <Delay = 0.00>
ST_17 : Operation 828 [1/1] (0.00ns)   --->   "%y_3_15_addr = getelementptr i8 %y_3_15, i64 0, i64 %zext_ln56" [awn_int8.cpp:66]   --->   Operation 828 'getelementptr' 'y_3_15_addr' <Predicate = true> <Delay = 0.00>
ST_17 : Operation 829 [1/1] (0.00ns)   --->   "%y_3_16_addr = getelementptr i8 %y_3_16, i64 0, i64 %zext_ln56" [awn_int8.cpp:66]   --->   Operation 829 'getelementptr' 'y_3_16_addr' <Predicate = true> <Delay = 0.00>
ST_17 : Operation 830 [1/1] (0.00ns)   --->   "%y_3_17_addr = getelementptr i8 %y_3_17, i64 0, i64 %zext_ln56" [awn_int8.cpp:66]   --->   Operation 830 'getelementptr' 'y_3_17_addr' <Predicate = true> <Delay = 0.00>
ST_17 : Operation 831 [1/1] (0.00ns)   --->   "%y_3_18_addr = getelementptr i8 %y_3_18, i64 0, i64 %zext_ln56" [awn_int8.cpp:66]   --->   Operation 831 'getelementptr' 'y_3_18_addr' <Predicate = true> <Delay = 0.00>
ST_17 : Operation 832 [1/1] (0.00ns)   --->   "%y_3_19_addr = getelementptr i8 %y_3_19, i64 0, i64 %zext_ln56" [awn_int8.cpp:66]   --->   Operation 832 'getelementptr' 'y_3_19_addr' <Predicate = true> <Delay = 0.00>
ST_17 : Operation 833 [1/1] (0.00ns)   --->   "%y_3_20_addr = getelementptr i8 %y_3_20, i64 0, i64 %zext_ln56" [awn_int8.cpp:66]   --->   Operation 833 'getelementptr' 'y_3_20_addr' <Predicate = true> <Delay = 0.00>
ST_17 : Operation 834 [1/1] (0.00ns)   --->   "%y_3_21_addr = getelementptr i8 %y_3_21, i64 0, i64 %zext_ln56" [awn_int8.cpp:66]   --->   Operation 834 'getelementptr' 'y_3_21_addr' <Predicate = true> <Delay = 0.00>
ST_17 : Operation 835 [1/1] (0.00ns)   --->   "%y_3_22_addr = getelementptr i8 %y_3_22, i64 0, i64 %zext_ln56" [awn_int8.cpp:66]   --->   Operation 835 'getelementptr' 'y_3_22_addr' <Predicate = true> <Delay = 0.00>
ST_17 : Operation 836 [1/1] (0.00ns)   --->   "%y_3_23_addr = getelementptr i8 %y_3_23, i64 0, i64 %zext_ln56" [awn_int8.cpp:66]   --->   Operation 836 'getelementptr' 'y_3_23_addr' <Predicate = true> <Delay = 0.00>
ST_17 : Operation 837 [1/1] (0.00ns)   --->   "%y_3_24_addr = getelementptr i8 %y_3_24, i64 0, i64 %zext_ln56" [awn_int8.cpp:66]   --->   Operation 837 'getelementptr' 'y_3_24_addr' <Predicate = true> <Delay = 0.00>
ST_17 : Operation 838 [1/1] (0.00ns)   --->   "%y_3_25_addr = getelementptr i8 %y_3_25, i64 0, i64 %zext_ln56" [awn_int8.cpp:66]   --->   Operation 838 'getelementptr' 'y_3_25_addr' <Predicate = true> <Delay = 0.00>
ST_17 : Operation 839 [1/1] (0.00ns)   --->   "%y_3_26_addr = getelementptr i8 %y_3_26, i64 0, i64 %zext_ln56" [awn_int8.cpp:66]   --->   Operation 839 'getelementptr' 'y_3_26_addr' <Predicate = true> <Delay = 0.00>
ST_17 : Operation 840 [1/1] (0.00ns)   --->   "%y_3_27_addr = getelementptr i8 %y_3_27, i64 0, i64 %zext_ln56" [awn_int8.cpp:66]   --->   Operation 840 'getelementptr' 'y_3_27_addr' <Predicate = true> <Delay = 0.00>
ST_17 : Operation 841 [1/1] (0.00ns)   --->   "%y_3_28_addr = getelementptr i8 %y_3_28, i64 0, i64 %zext_ln56" [awn_int8.cpp:66]   --->   Operation 841 'getelementptr' 'y_3_28_addr' <Predicate = true> <Delay = 0.00>
ST_17 : Operation 842 [1/1] (0.00ns)   --->   "%y_3_29_addr = getelementptr i8 %y_3_29, i64 0, i64 %zext_ln56" [awn_int8.cpp:66]   --->   Operation 842 'getelementptr' 'y_3_29_addr' <Predicate = true> <Delay = 0.00>
ST_17 : Operation 843 [1/1] (0.00ns)   --->   "%y_3_30_addr = getelementptr i8 %y_3_30, i64 0, i64 %zext_ln56" [awn_int8.cpp:66]   --->   Operation 843 'getelementptr' 'y_3_30_addr' <Predicate = true> <Delay = 0.00>
ST_17 : Operation 844 [1/1] (0.00ns)   --->   "%y_3_31_addr = getelementptr i8 %y_3_31, i64 0, i64 %zext_ln56" [awn_int8.cpp:66]   --->   Operation 844 'getelementptr' 'y_3_31_addr' <Predicate = true> <Delay = 0.00>
ST_17 : Operation 845 [1/1] (0.00ns)   --->   "%y_3_32_addr = getelementptr i8 %y_3_32, i64 0, i64 %zext_ln56" [awn_int8.cpp:66]   --->   Operation 845 'getelementptr' 'y_3_32_addr' <Predicate = true> <Delay = 0.00>
ST_17 : Operation 846 [1/1] (0.00ns)   --->   "%y_3_33_addr = getelementptr i8 %y_3_33, i64 0, i64 %zext_ln56" [awn_int8.cpp:66]   --->   Operation 846 'getelementptr' 'y_3_33_addr' <Predicate = true> <Delay = 0.00>
ST_17 : Operation 847 [1/1] (0.00ns)   --->   "%y_3_34_addr = getelementptr i8 %y_3_34, i64 0, i64 %zext_ln56" [awn_int8.cpp:66]   --->   Operation 847 'getelementptr' 'y_3_34_addr' <Predicate = true> <Delay = 0.00>
ST_17 : Operation 848 [1/1] (0.00ns)   --->   "%y_3_35_addr = getelementptr i8 %y_3_35, i64 0, i64 %zext_ln56" [awn_int8.cpp:66]   --->   Operation 848 'getelementptr' 'y_3_35_addr' <Predicate = true> <Delay = 0.00>
ST_17 : Operation 849 [1/1] (0.00ns)   --->   "%y_3_36_addr = getelementptr i8 %y_3_36, i64 0, i64 %zext_ln56" [awn_int8.cpp:66]   --->   Operation 849 'getelementptr' 'y_3_36_addr' <Predicate = true> <Delay = 0.00>
ST_17 : Operation 850 [1/1] (0.00ns)   --->   "%y_3_37_addr = getelementptr i8 %y_3_37, i64 0, i64 %zext_ln56" [awn_int8.cpp:66]   --->   Operation 850 'getelementptr' 'y_3_37_addr' <Predicate = true> <Delay = 0.00>
ST_17 : Operation 851 [1/1] (0.00ns)   --->   "%y_3_38_addr = getelementptr i8 %y_3_38, i64 0, i64 %zext_ln56" [awn_int8.cpp:66]   --->   Operation 851 'getelementptr' 'y_3_38_addr' <Predicate = true> <Delay = 0.00>
ST_17 : Operation 852 [1/1] (0.00ns)   --->   "%y_3_39_addr = getelementptr i8 %y_3_39, i64 0, i64 %zext_ln56" [awn_int8.cpp:66]   --->   Operation 852 'getelementptr' 'y_3_39_addr' <Predicate = true> <Delay = 0.00>
ST_17 : Operation 853 [1/1] (0.00ns)   --->   "%y_3_40_addr = getelementptr i8 %y_3_40, i64 0, i64 %zext_ln56" [awn_int8.cpp:66]   --->   Operation 853 'getelementptr' 'y_3_40_addr' <Predicate = true> <Delay = 0.00>
ST_17 : Operation 854 [1/1] (0.00ns)   --->   "%y_3_41_addr = getelementptr i8 %y_3_41, i64 0, i64 %zext_ln56" [awn_int8.cpp:66]   --->   Operation 854 'getelementptr' 'y_3_41_addr' <Predicate = true> <Delay = 0.00>
ST_17 : Operation 855 [1/1] (0.00ns)   --->   "%y_3_42_addr = getelementptr i8 %y_3_42, i64 0, i64 %zext_ln56" [awn_int8.cpp:66]   --->   Operation 855 'getelementptr' 'y_3_42_addr' <Predicate = true> <Delay = 0.00>
ST_17 : Operation 856 [1/1] (0.00ns)   --->   "%y_3_43_addr = getelementptr i8 %y_3_43, i64 0, i64 %zext_ln56" [awn_int8.cpp:66]   --->   Operation 856 'getelementptr' 'y_3_43_addr' <Predicate = true> <Delay = 0.00>
ST_17 : Operation 857 [1/1] (0.00ns)   --->   "%y_3_44_addr = getelementptr i8 %y_3_44, i64 0, i64 %zext_ln56" [awn_int8.cpp:66]   --->   Operation 857 'getelementptr' 'y_3_44_addr' <Predicate = true> <Delay = 0.00>
ST_17 : Operation 858 [1/1] (0.00ns)   --->   "%y_3_45_addr = getelementptr i8 %y_3_45, i64 0, i64 %zext_ln56" [awn_int8.cpp:66]   --->   Operation 858 'getelementptr' 'y_3_45_addr' <Predicate = true> <Delay = 0.00>
ST_17 : Operation 859 [1/1] (0.00ns)   --->   "%y_3_46_addr = getelementptr i8 %y_3_46, i64 0, i64 %zext_ln56" [awn_int8.cpp:66]   --->   Operation 859 'getelementptr' 'y_3_46_addr' <Predicate = true> <Delay = 0.00>
ST_17 : Operation 860 [1/1] (0.00ns)   --->   "%y_3_47_addr = getelementptr i8 %y_3_47, i64 0, i64 %zext_ln56" [awn_int8.cpp:66]   --->   Operation 860 'getelementptr' 'y_3_47_addr' <Predicate = true> <Delay = 0.00>
ST_17 : Operation 861 [1/1] (0.00ns)   --->   "%y_3_48_addr = getelementptr i8 %y_3_48, i64 0, i64 %zext_ln56" [awn_int8.cpp:66]   --->   Operation 861 'getelementptr' 'y_3_48_addr' <Predicate = true> <Delay = 0.00>
ST_17 : Operation 862 [1/1] (0.00ns)   --->   "%y_3_49_addr = getelementptr i8 %y_3_49, i64 0, i64 %zext_ln56" [awn_int8.cpp:66]   --->   Operation 862 'getelementptr' 'y_3_49_addr' <Predicate = true> <Delay = 0.00>
ST_17 : Operation 863 [1/1] (0.00ns)   --->   "%y_3_50_addr = getelementptr i8 %y_3_50, i64 0, i64 %zext_ln56" [awn_int8.cpp:66]   --->   Operation 863 'getelementptr' 'y_3_50_addr' <Predicate = true> <Delay = 0.00>
ST_17 : Operation 864 [1/1] (0.00ns)   --->   "%y_3_51_addr = getelementptr i8 %y_3_51, i64 0, i64 %zext_ln56" [awn_int8.cpp:66]   --->   Operation 864 'getelementptr' 'y_3_51_addr' <Predicate = true> <Delay = 0.00>
ST_17 : Operation 865 [1/1] (0.00ns)   --->   "%y_3_52_addr = getelementptr i8 %y_3_52, i64 0, i64 %zext_ln56" [awn_int8.cpp:66]   --->   Operation 865 'getelementptr' 'y_3_52_addr' <Predicate = true> <Delay = 0.00>
ST_17 : Operation 866 [1/1] (0.00ns)   --->   "%y_3_53_addr = getelementptr i8 %y_3_53, i64 0, i64 %zext_ln56" [awn_int8.cpp:66]   --->   Operation 866 'getelementptr' 'y_3_53_addr' <Predicate = true> <Delay = 0.00>
ST_17 : Operation 867 [1/1] (0.00ns)   --->   "%y_3_54_addr = getelementptr i8 %y_3_54, i64 0, i64 %zext_ln56" [awn_int8.cpp:66]   --->   Operation 867 'getelementptr' 'y_3_54_addr' <Predicate = true> <Delay = 0.00>
ST_17 : Operation 868 [1/1] (0.00ns)   --->   "%y_3_55_addr = getelementptr i8 %y_3_55, i64 0, i64 %zext_ln56" [awn_int8.cpp:66]   --->   Operation 868 'getelementptr' 'y_3_55_addr' <Predicate = true> <Delay = 0.00>
ST_17 : Operation 869 [1/1] (0.00ns)   --->   "%y_3_56_addr = getelementptr i8 %y_3_56, i64 0, i64 %zext_ln56" [awn_int8.cpp:66]   --->   Operation 869 'getelementptr' 'y_3_56_addr' <Predicate = true> <Delay = 0.00>
ST_17 : Operation 870 [1/1] (0.00ns)   --->   "%y_3_57_addr = getelementptr i8 %y_3_57, i64 0, i64 %zext_ln56" [awn_int8.cpp:66]   --->   Operation 870 'getelementptr' 'y_3_57_addr' <Predicate = true> <Delay = 0.00>
ST_17 : Operation 871 [1/1] (0.00ns)   --->   "%y_3_58_addr = getelementptr i8 %y_3_58, i64 0, i64 %zext_ln56" [awn_int8.cpp:66]   --->   Operation 871 'getelementptr' 'y_3_58_addr' <Predicate = true> <Delay = 0.00>
ST_17 : Operation 872 [1/1] (0.00ns)   --->   "%y_3_59_addr = getelementptr i8 %y_3_59, i64 0, i64 %zext_ln56" [awn_int8.cpp:66]   --->   Operation 872 'getelementptr' 'y_3_59_addr' <Predicate = true> <Delay = 0.00>
ST_17 : Operation 873 [1/1] (0.00ns)   --->   "%y_3_60_addr = getelementptr i8 %y_3_60, i64 0, i64 %zext_ln56" [awn_int8.cpp:66]   --->   Operation 873 'getelementptr' 'y_3_60_addr' <Predicate = true> <Delay = 0.00>
ST_17 : Operation 874 [1/1] (0.00ns)   --->   "%y_3_61_addr = getelementptr i8 %y_3_61, i64 0, i64 %zext_ln56" [awn_int8.cpp:66]   --->   Operation 874 'getelementptr' 'y_3_61_addr' <Predicate = true> <Delay = 0.00>
ST_17 : Operation 875 [1/1] (0.00ns)   --->   "%y_3_62_addr = getelementptr i8 %y_3_62, i64 0, i64 %zext_ln56" [awn_int8.cpp:66]   --->   Operation 875 'getelementptr' 'y_3_62_addr' <Predicate = true> <Delay = 0.00>
ST_17 : Operation 876 [1/1] (0.00ns)   --->   "%y_3_63_addr = getelementptr i8 %y_3_63, i64 0, i64 %zext_ln56" [awn_int8.cpp:66]   --->   Operation 876 'getelementptr' 'y_3_63_addr' <Predicate = true> <Delay = 0.00>
ST_17 : Operation 877 [1/1] (0.00ns)   --->   "%y_4_0_addr = getelementptr i8 %y_4_0, i64 0, i64 %zext_ln56" [awn_int8.cpp:66]   --->   Operation 877 'getelementptr' 'y_4_0_addr' <Predicate = true> <Delay = 0.00>
ST_17 : Operation 878 [1/1] (0.00ns)   --->   "%y_4_1_addr = getelementptr i8 %y_4_1, i64 0, i64 %zext_ln56" [awn_int8.cpp:66]   --->   Operation 878 'getelementptr' 'y_4_1_addr' <Predicate = true> <Delay = 0.00>
ST_17 : Operation 879 [1/1] (0.00ns)   --->   "%y_4_2_addr = getelementptr i8 %y_4_2, i64 0, i64 %zext_ln56" [awn_int8.cpp:66]   --->   Operation 879 'getelementptr' 'y_4_2_addr' <Predicate = true> <Delay = 0.00>
ST_17 : Operation 880 [1/1] (0.00ns)   --->   "%y_4_3_addr = getelementptr i8 %y_4_3, i64 0, i64 %zext_ln56" [awn_int8.cpp:66]   --->   Operation 880 'getelementptr' 'y_4_3_addr' <Predicate = true> <Delay = 0.00>
ST_17 : Operation 881 [1/1] (0.00ns)   --->   "%y_4_4_addr = getelementptr i8 %y_4_4, i64 0, i64 %zext_ln56" [awn_int8.cpp:66]   --->   Operation 881 'getelementptr' 'y_4_4_addr' <Predicate = true> <Delay = 0.00>
ST_17 : Operation 882 [1/1] (0.00ns)   --->   "%y_4_5_addr = getelementptr i8 %y_4_5, i64 0, i64 %zext_ln56" [awn_int8.cpp:66]   --->   Operation 882 'getelementptr' 'y_4_5_addr' <Predicate = true> <Delay = 0.00>
ST_17 : Operation 883 [1/1] (0.00ns)   --->   "%y_4_6_addr = getelementptr i8 %y_4_6, i64 0, i64 %zext_ln56" [awn_int8.cpp:66]   --->   Operation 883 'getelementptr' 'y_4_6_addr' <Predicate = true> <Delay = 0.00>
ST_17 : Operation 884 [1/1] (0.00ns)   --->   "%y_4_7_addr = getelementptr i8 %y_4_7, i64 0, i64 %zext_ln56" [awn_int8.cpp:66]   --->   Operation 884 'getelementptr' 'y_4_7_addr' <Predicate = true> <Delay = 0.00>
ST_17 : Operation 885 [1/1] (0.00ns)   --->   "%y_4_8_addr = getelementptr i8 %y_4_8, i64 0, i64 %zext_ln56" [awn_int8.cpp:66]   --->   Operation 885 'getelementptr' 'y_4_8_addr' <Predicate = true> <Delay = 0.00>
ST_17 : Operation 886 [1/1] (0.00ns)   --->   "%y_4_9_addr = getelementptr i8 %y_4_9, i64 0, i64 %zext_ln56" [awn_int8.cpp:66]   --->   Operation 886 'getelementptr' 'y_4_9_addr' <Predicate = true> <Delay = 0.00>
ST_17 : Operation 887 [1/1] (0.00ns)   --->   "%y_4_10_addr = getelementptr i8 %y_4_10, i64 0, i64 %zext_ln56" [awn_int8.cpp:66]   --->   Operation 887 'getelementptr' 'y_4_10_addr' <Predicate = true> <Delay = 0.00>
ST_17 : Operation 888 [1/1] (0.00ns)   --->   "%y_4_11_addr = getelementptr i8 %y_4_11, i64 0, i64 %zext_ln56" [awn_int8.cpp:66]   --->   Operation 888 'getelementptr' 'y_4_11_addr' <Predicate = true> <Delay = 0.00>
ST_17 : Operation 889 [1/1] (0.00ns)   --->   "%y_4_12_addr = getelementptr i8 %y_4_12, i64 0, i64 %zext_ln56" [awn_int8.cpp:66]   --->   Operation 889 'getelementptr' 'y_4_12_addr' <Predicate = true> <Delay = 0.00>
ST_17 : Operation 890 [1/1] (0.00ns)   --->   "%y_4_13_addr = getelementptr i8 %y_4_13, i64 0, i64 %zext_ln56" [awn_int8.cpp:66]   --->   Operation 890 'getelementptr' 'y_4_13_addr' <Predicate = true> <Delay = 0.00>
ST_17 : Operation 891 [1/1] (0.00ns)   --->   "%y_4_14_addr = getelementptr i8 %y_4_14, i64 0, i64 %zext_ln56" [awn_int8.cpp:66]   --->   Operation 891 'getelementptr' 'y_4_14_addr' <Predicate = true> <Delay = 0.00>
ST_17 : Operation 892 [1/1] (0.00ns)   --->   "%y_4_15_addr = getelementptr i8 %y_4_15, i64 0, i64 %zext_ln56" [awn_int8.cpp:66]   --->   Operation 892 'getelementptr' 'y_4_15_addr' <Predicate = true> <Delay = 0.00>
ST_17 : Operation 893 [1/1] (0.00ns)   --->   "%y_4_16_addr = getelementptr i8 %y_4_16, i64 0, i64 %zext_ln56" [awn_int8.cpp:66]   --->   Operation 893 'getelementptr' 'y_4_16_addr' <Predicate = true> <Delay = 0.00>
ST_17 : Operation 894 [1/1] (0.00ns)   --->   "%y_4_17_addr = getelementptr i8 %y_4_17, i64 0, i64 %zext_ln56" [awn_int8.cpp:66]   --->   Operation 894 'getelementptr' 'y_4_17_addr' <Predicate = true> <Delay = 0.00>
ST_17 : Operation 895 [1/1] (0.00ns)   --->   "%y_4_18_addr = getelementptr i8 %y_4_18, i64 0, i64 %zext_ln56" [awn_int8.cpp:66]   --->   Operation 895 'getelementptr' 'y_4_18_addr' <Predicate = true> <Delay = 0.00>
ST_17 : Operation 896 [1/1] (0.00ns)   --->   "%y_4_19_addr = getelementptr i8 %y_4_19, i64 0, i64 %zext_ln56" [awn_int8.cpp:66]   --->   Operation 896 'getelementptr' 'y_4_19_addr' <Predicate = true> <Delay = 0.00>
ST_17 : Operation 897 [1/1] (0.00ns)   --->   "%y_4_20_addr = getelementptr i8 %y_4_20, i64 0, i64 %zext_ln56" [awn_int8.cpp:66]   --->   Operation 897 'getelementptr' 'y_4_20_addr' <Predicate = true> <Delay = 0.00>
ST_17 : Operation 898 [1/1] (0.00ns)   --->   "%y_4_21_addr = getelementptr i8 %y_4_21, i64 0, i64 %zext_ln56" [awn_int8.cpp:66]   --->   Operation 898 'getelementptr' 'y_4_21_addr' <Predicate = true> <Delay = 0.00>
ST_17 : Operation 899 [1/1] (0.00ns)   --->   "%y_4_22_addr = getelementptr i8 %y_4_22, i64 0, i64 %zext_ln56" [awn_int8.cpp:66]   --->   Operation 899 'getelementptr' 'y_4_22_addr' <Predicate = true> <Delay = 0.00>
ST_17 : Operation 900 [1/1] (0.00ns)   --->   "%y_4_23_addr = getelementptr i8 %y_4_23, i64 0, i64 %zext_ln56" [awn_int8.cpp:66]   --->   Operation 900 'getelementptr' 'y_4_23_addr' <Predicate = true> <Delay = 0.00>
ST_17 : Operation 901 [1/1] (0.00ns)   --->   "%y_4_24_addr = getelementptr i8 %y_4_24, i64 0, i64 %zext_ln56" [awn_int8.cpp:66]   --->   Operation 901 'getelementptr' 'y_4_24_addr' <Predicate = true> <Delay = 0.00>
ST_17 : Operation 902 [1/1] (0.00ns)   --->   "%y_4_25_addr = getelementptr i8 %y_4_25, i64 0, i64 %zext_ln56" [awn_int8.cpp:66]   --->   Operation 902 'getelementptr' 'y_4_25_addr' <Predicate = true> <Delay = 0.00>
ST_17 : Operation 903 [1/1] (0.00ns)   --->   "%y_4_26_addr = getelementptr i8 %y_4_26, i64 0, i64 %zext_ln56" [awn_int8.cpp:66]   --->   Operation 903 'getelementptr' 'y_4_26_addr' <Predicate = true> <Delay = 0.00>
ST_17 : Operation 904 [1/1] (0.00ns)   --->   "%y_4_27_addr = getelementptr i8 %y_4_27, i64 0, i64 %zext_ln56" [awn_int8.cpp:66]   --->   Operation 904 'getelementptr' 'y_4_27_addr' <Predicate = true> <Delay = 0.00>
ST_17 : Operation 905 [1/1] (0.00ns)   --->   "%y_4_28_addr = getelementptr i8 %y_4_28, i64 0, i64 %zext_ln56" [awn_int8.cpp:66]   --->   Operation 905 'getelementptr' 'y_4_28_addr' <Predicate = true> <Delay = 0.00>
ST_17 : Operation 906 [1/1] (0.00ns)   --->   "%y_4_29_addr = getelementptr i8 %y_4_29, i64 0, i64 %zext_ln56" [awn_int8.cpp:66]   --->   Operation 906 'getelementptr' 'y_4_29_addr' <Predicate = true> <Delay = 0.00>
ST_17 : Operation 907 [1/1] (0.00ns)   --->   "%y_4_30_addr = getelementptr i8 %y_4_30, i64 0, i64 %zext_ln56" [awn_int8.cpp:66]   --->   Operation 907 'getelementptr' 'y_4_30_addr' <Predicate = true> <Delay = 0.00>
ST_17 : Operation 908 [1/1] (0.00ns)   --->   "%y_4_31_addr = getelementptr i8 %y_4_31, i64 0, i64 %zext_ln56" [awn_int8.cpp:66]   --->   Operation 908 'getelementptr' 'y_4_31_addr' <Predicate = true> <Delay = 0.00>
ST_17 : Operation 909 [1/1] (0.00ns)   --->   "%y_4_32_addr = getelementptr i8 %y_4_32, i64 0, i64 %zext_ln56" [awn_int8.cpp:66]   --->   Operation 909 'getelementptr' 'y_4_32_addr' <Predicate = true> <Delay = 0.00>
ST_17 : Operation 910 [1/1] (0.00ns)   --->   "%y_4_33_addr = getelementptr i8 %y_4_33, i64 0, i64 %zext_ln56" [awn_int8.cpp:66]   --->   Operation 910 'getelementptr' 'y_4_33_addr' <Predicate = true> <Delay = 0.00>
ST_17 : Operation 911 [1/1] (0.00ns)   --->   "%y_4_34_addr = getelementptr i8 %y_4_34, i64 0, i64 %zext_ln56" [awn_int8.cpp:66]   --->   Operation 911 'getelementptr' 'y_4_34_addr' <Predicate = true> <Delay = 0.00>
ST_17 : Operation 912 [1/1] (0.00ns)   --->   "%y_4_35_addr = getelementptr i8 %y_4_35, i64 0, i64 %zext_ln56" [awn_int8.cpp:66]   --->   Operation 912 'getelementptr' 'y_4_35_addr' <Predicate = true> <Delay = 0.00>
ST_17 : Operation 913 [1/1] (0.00ns)   --->   "%y_4_36_addr = getelementptr i8 %y_4_36, i64 0, i64 %zext_ln56" [awn_int8.cpp:66]   --->   Operation 913 'getelementptr' 'y_4_36_addr' <Predicate = true> <Delay = 0.00>
ST_17 : Operation 914 [1/1] (0.00ns)   --->   "%y_4_37_addr = getelementptr i8 %y_4_37, i64 0, i64 %zext_ln56" [awn_int8.cpp:66]   --->   Operation 914 'getelementptr' 'y_4_37_addr' <Predicate = true> <Delay = 0.00>
ST_17 : Operation 915 [1/1] (0.00ns)   --->   "%y_4_38_addr = getelementptr i8 %y_4_38, i64 0, i64 %zext_ln56" [awn_int8.cpp:66]   --->   Operation 915 'getelementptr' 'y_4_38_addr' <Predicate = true> <Delay = 0.00>
ST_17 : Operation 916 [1/1] (0.00ns)   --->   "%y_4_39_addr = getelementptr i8 %y_4_39, i64 0, i64 %zext_ln56" [awn_int8.cpp:66]   --->   Operation 916 'getelementptr' 'y_4_39_addr' <Predicate = true> <Delay = 0.00>
ST_17 : Operation 917 [1/1] (0.00ns)   --->   "%y_4_40_addr = getelementptr i8 %y_4_40, i64 0, i64 %zext_ln56" [awn_int8.cpp:66]   --->   Operation 917 'getelementptr' 'y_4_40_addr' <Predicate = true> <Delay = 0.00>
ST_17 : Operation 918 [1/1] (0.00ns)   --->   "%y_4_41_addr = getelementptr i8 %y_4_41, i64 0, i64 %zext_ln56" [awn_int8.cpp:66]   --->   Operation 918 'getelementptr' 'y_4_41_addr' <Predicate = true> <Delay = 0.00>
ST_17 : Operation 919 [1/1] (0.00ns)   --->   "%y_4_42_addr = getelementptr i8 %y_4_42, i64 0, i64 %zext_ln56" [awn_int8.cpp:66]   --->   Operation 919 'getelementptr' 'y_4_42_addr' <Predicate = true> <Delay = 0.00>
ST_17 : Operation 920 [1/1] (0.00ns)   --->   "%y_4_43_addr = getelementptr i8 %y_4_43, i64 0, i64 %zext_ln56" [awn_int8.cpp:66]   --->   Operation 920 'getelementptr' 'y_4_43_addr' <Predicate = true> <Delay = 0.00>
ST_17 : Operation 921 [1/1] (0.00ns)   --->   "%y_4_44_addr = getelementptr i8 %y_4_44, i64 0, i64 %zext_ln56" [awn_int8.cpp:66]   --->   Operation 921 'getelementptr' 'y_4_44_addr' <Predicate = true> <Delay = 0.00>
ST_17 : Operation 922 [1/1] (0.00ns)   --->   "%y_4_45_addr = getelementptr i8 %y_4_45, i64 0, i64 %zext_ln56" [awn_int8.cpp:66]   --->   Operation 922 'getelementptr' 'y_4_45_addr' <Predicate = true> <Delay = 0.00>
ST_17 : Operation 923 [1/1] (0.00ns)   --->   "%y_4_46_addr = getelementptr i8 %y_4_46, i64 0, i64 %zext_ln56" [awn_int8.cpp:66]   --->   Operation 923 'getelementptr' 'y_4_46_addr' <Predicate = true> <Delay = 0.00>
ST_17 : Operation 924 [1/1] (0.00ns)   --->   "%y_4_47_addr = getelementptr i8 %y_4_47, i64 0, i64 %zext_ln56" [awn_int8.cpp:66]   --->   Operation 924 'getelementptr' 'y_4_47_addr' <Predicate = true> <Delay = 0.00>
ST_17 : Operation 925 [1/1] (0.00ns)   --->   "%y_4_48_addr = getelementptr i8 %y_4_48, i64 0, i64 %zext_ln56" [awn_int8.cpp:66]   --->   Operation 925 'getelementptr' 'y_4_48_addr' <Predicate = true> <Delay = 0.00>
ST_17 : Operation 926 [1/1] (0.00ns)   --->   "%y_4_49_addr = getelementptr i8 %y_4_49, i64 0, i64 %zext_ln56" [awn_int8.cpp:66]   --->   Operation 926 'getelementptr' 'y_4_49_addr' <Predicate = true> <Delay = 0.00>
ST_17 : Operation 927 [1/1] (0.00ns)   --->   "%y_4_50_addr = getelementptr i8 %y_4_50, i64 0, i64 %zext_ln56" [awn_int8.cpp:66]   --->   Operation 927 'getelementptr' 'y_4_50_addr' <Predicate = true> <Delay = 0.00>
ST_17 : Operation 928 [1/1] (0.00ns)   --->   "%y_4_51_addr = getelementptr i8 %y_4_51, i64 0, i64 %zext_ln56" [awn_int8.cpp:66]   --->   Operation 928 'getelementptr' 'y_4_51_addr' <Predicate = true> <Delay = 0.00>
ST_17 : Operation 929 [1/1] (0.00ns)   --->   "%y_4_52_addr = getelementptr i8 %y_4_52, i64 0, i64 %zext_ln56" [awn_int8.cpp:66]   --->   Operation 929 'getelementptr' 'y_4_52_addr' <Predicate = true> <Delay = 0.00>
ST_17 : Operation 930 [1/1] (0.00ns)   --->   "%y_4_53_addr = getelementptr i8 %y_4_53, i64 0, i64 %zext_ln56" [awn_int8.cpp:66]   --->   Operation 930 'getelementptr' 'y_4_53_addr' <Predicate = true> <Delay = 0.00>
ST_17 : Operation 931 [1/1] (0.00ns)   --->   "%y_4_54_addr = getelementptr i8 %y_4_54, i64 0, i64 %zext_ln56" [awn_int8.cpp:66]   --->   Operation 931 'getelementptr' 'y_4_54_addr' <Predicate = true> <Delay = 0.00>
ST_17 : Operation 932 [1/1] (0.00ns)   --->   "%y_4_55_addr = getelementptr i8 %y_4_55, i64 0, i64 %zext_ln56" [awn_int8.cpp:66]   --->   Operation 932 'getelementptr' 'y_4_55_addr' <Predicate = true> <Delay = 0.00>
ST_17 : Operation 933 [1/1] (0.00ns)   --->   "%y_4_56_addr = getelementptr i8 %y_4_56, i64 0, i64 %zext_ln56" [awn_int8.cpp:66]   --->   Operation 933 'getelementptr' 'y_4_56_addr' <Predicate = true> <Delay = 0.00>
ST_17 : Operation 934 [1/1] (0.00ns)   --->   "%y_4_57_addr = getelementptr i8 %y_4_57, i64 0, i64 %zext_ln56" [awn_int8.cpp:66]   --->   Operation 934 'getelementptr' 'y_4_57_addr' <Predicate = true> <Delay = 0.00>
ST_17 : Operation 935 [1/1] (0.00ns)   --->   "%y_4_58_addr = getelementptr i8 %y_4_58, i64 0, i64 %zext_ln56" [awn_int8.cpp:66]   --->   Operation 935 'getelementptr' 'y_4_58_addr' <Predicate = true> <Delay = 0.00>
ST_17 : Operation 936 [1/1] (0.00ns)   --->   "%y_4_59_addr = getelementptr i8 %y_4_59, i64 0, i64 %zext_ln56" [awn_int8.cpp:66]   --->   Operation 936 'getelementptr' 'y_4_59_addr' <Predicate = true> <Delay = 0.00>
ST_17 : Operation 937 [1/1] (0.00ns)   --->   "%y_4_60_addr = getelementptr i8 %y_4_60, i64 0, i64 %zext_ln56" [awn_int8.cpp:66]   --->   Operation 937 'getelementptr' 'y_4_60_addr' <Predicate = true> <Delay = 0.00>
ST_17 : Operation 938 [1/1] (0.00ns)   --->   "%y_4_61_addr = getelementptr i8 %y_4_61, i64 0, i64 %zext_ln56" [awn_int8.cpp:66]   --->   Operation 938 'getelementptr' 'y_4_61_addr' <Predicate = true> <Delay = 0.00>
ST_17 : Operation 939 [1/1] (0.00ns)   --->   "%y_4_62_addr = getelementptr i8 %y_4_62, i64 0, i64 %zext_ln56" [awn_int8.cpp:66]   --->   Operation 939 'getelementptr' 'y_4_62_addr' <Predicate = true> <Delay = 0.00>
ST_17 : Operation 940 [1/1] (0.00ns)   --->   "%y_4_63_addr = getelementptr i8 %y_4_63, i64 0, i64 %zext_ln56" [awn_int8.cpp:66]   --->   Operation 940 'getelementptr' 'y_4_63_addr' <Predicate = true> <Delay = 0.00>
ST_17 : Operation 941 [1/1] (0.67ns)   --->   "%store_ln66 = store i8 %select_ln35, i5 %y_3_62_addr" [awn_int8.cpp:66]   --->   Operation 941 'store' 'store_ln66' <Predicate = (trunc_ln56 == 3 & trunc_ln53 == 62)> <Delay = 0.67> <CoreInst = "RAM">   --->   Core 83 'RAM' <Latency = 1> <II = 1> <Delay = 0.67> <Storage> <Opcode : 'load' 'store'> <Ports = 2> <Width = 8> <Depth = 26> <RAM>
ST_17 : Operation 942 [1/1] (0.67ns)   --->   "%store_ln66 = store i8 %select_ln35, i5 %y_3_61_addr" [awn_int8.cpp:66]   --->   Operation 942 'store' 'store_ln66' <Predicate = (trunc_ln56 == 3 & trunc_ln53 == 61)> <Delay = 0.67> <CoreInst = "RAM">   --->   Core 83 'RAM' <Latency = 1> <II = 1> <Delay = 0.67> <Storage> <Opcode : 'load' 'store'> <Ports = 2> <Width = 8> <Depth = 26> <RAM>
ST_17 : Operation 943 [1/1] (0.67ns)   --->   "%store_ln66 = store i8 %select_ln35, i5 %y_3_60_addr" [awn_int8.cpp:66]   --->   Operation 943 'store' 'store_ln66' <Predicate = (trunc_ln56 == 3 & trunc_ln53 == 60)> <Delay = 0.67> <CoreInst = "RAM">   --->   Core 83 'RAM' <Latency = 1> <II = 1> <Delay = 0.67> <Storage> <Opcode : 'load' 'store'> <Ports = 2> <Width = 8> <Depth = 26> <RAM>
ST_17 : Operation 944 [1/1] (0.67ns)   --->   "%store_ln66 = store i8 %select_ln35, i5 %y_3_59_addr" [awn_int8.cpp:66]   --->   Operation 944 'store' 'store_ln66' <Predicate = (trunc_ln56 == 3 & trunc_ln53 == 59)> <Delay = 0.67> <CoreInst = "RAM">   --->   Core 83 'RAM' <Latency = 1> <II = 1> <Delay = 0.67> <Storage> <Opcode : 'load' 'store'> <Ports = 2> <Width = 8> <Depth = 26> <RAM>
ST_17 : Operation 945 [1/1] (0.67ns)   --->   "%store_ln66 = store i8 %select_ln35, i5 %y_3_58_addr" [awn_int8.cpp:66]   --->   Operation 945 'store' 'store_ln66' <Predicate = (trunc_ln56 == 3 & trunc_ln53 == 58)> <Delay = 0.67> <CoreInst = "RAM">   --->   Core 83 'RAM' <Latency = 1> <II = 1> <Delay = 0.67> <Storage> <Opcode : 'load' 'store'> <Ports = 2> <Width = 8> <Depth = 26> <RAM>
ST_17 : Operation 946 [1/1] (0.67ns)   --->   "%store_ln66 = store i8 %select_ln35, i5 %y_3_57_addr" [awn_int8.cpp:66]   --->   Operation 946 'store' 'store_ln66' <Predicate = (trunc_ln56 == 3 & trunc_ln53 == 57)> <Delay = 0.67> <CoreInst = "RAM">   --->   Core 83 'RAM' <Latency = 1> <II = 1> <Delay = 0.67> <Storage> <Opcode : 'load' 'store'> <Ports = 2> <Width = 8> <Depth = 26> <RAM>
ST_17 : Operation 947 [1/1] (0.67ns)   --->   "%store_ln66 = store i8 %select_ln35, i5 %y_3_56_addr" [awn_int8.cpp:66]   --->   Operation 947 'store' 'store_ln66' <Predicate = (trunc_ln56 == 3 & trunc_ln53 == 56)> <Delay = 0.67> <CoreInst = "RAM">   --->   Core 83 'RAM' <Latency = 1> <II = 1> <Delay = 0.67> <Storage> <Opcode : 'load' 'store'> <Ports = 2> <Width = 8> <Depth = 26> <RAM>
ST_17 : Operation 948 [1/1] (0.67ns)   --->   "%store_ln66 = store i8 %select_ln35, i5 %y_3_55_addr" [awn_int8.cpp:66]   --->   Operation 948 'store' 'store_ln66' <Predicate = (trunc_ln56 == 3 & trunc_ln53 == 55)> <Delay = 0.67> <CoreInst = "RAM">   --->   Core 83 'RAM' <Latency = 1> <II = 1> <Delay = 0.67> <Storage> <Opcode : 'load' 'store'> <Ports = 2> <Width = 8> <Depth = 26> <RAM>
ST_17 : Operation 949 [1/1] (0.67ns)   --->   "%store_ln66 = store i8 %select_ln35, i5 %y_3_54_addr" [awn_int8.cpp:66]   --->   Operation 949 'store' 'store_ln66' <Predicate = (trunc_ln56 == 3 & trunc_ln53 == 54)> <Delay = 0.67> <CoreInst = "RAM">   --->   Core 83 'RAM' <Latency = 1> <II = 1> <Delay = 0.67> <Storage> <Opcode : 'load' 'store'> <Ports = 2> <Width = 8> <Depth = 26> <RAM>
ST_17 : Operation 950 [1/1] (0.67ns)   --->   "%store_ln66 = store i8 %select_ln35, i5 %y_3_53_addr" [awn_int8.cpp:66]   --->   Operation 950 'store' 'store_ln66' <Predicate = (trunc_ln56 == 3 & trunc_ln53 == 53)> <Delay = 0.67> <CoreInst = "RAM">   --->   Core 83 'RAM' <Latency = 1> <II = 1> <Delay = 0.67> <Storage> <Opcode : 'load' 'store'> <Ports = 2> <Width = 8> <Depth = 26> <RAM>
ST_17 : Operation 951 [1/1] (0.67ns)   --->   "%store_ln66 = store i8 %select_ln35, i5 %y_3_52_addr" [awn_int8.cpp:66]   --->   Operation 951 'store' 'store_ln66' <Predicate = (trunc_ln56 == 3 & trunc_ln53 == 52)> <Delay = 0.67> <CoreInst = "RAM">   --->   Core 83 'RAM' <Latency = 1> <II = 1> <Delay = 0.67> <Storage> <Opcode : 'load' 'store'> <Ports = 2> <Width = 8> <Depth = 26> <RAM>
ST_17 : Operation 952 [1/1] (0.67ns)   --->   "%store_ln66 = store i8 %select_ln35, i5 %y_3_51_addr" [awn_int8.cpp:66]   --->   Operation 952 'store' 'store_ln66' <Predicate = (trunc_ln56 == 3 & trunc_ln53 == 51)> <Delay = 0.67> <CoreInst = "RAM">   --->   Core 83 'RAM' <Latency = 1> <II = 1> <Delay = 0.67> <Storage> <Opcode : 'load' 'store'> <Ports = 2> <Width = 8> <Depth = 26> <RAM>
ST_17 : Operation 953 [1/1] (0.67ns)   --->   "%store_ln66 = store i8 %select_ln35, i5 %y_3_50_addr" [awn_int8.cpp:66]   --->   Operation 953 'store' 'store_ln66' <Predicate = (trunc_ln56 == 3 & trunc_ln53 == 50)> <Delay = 0.67> <CoreInst = "RAM">   --->   Core 83 'RAM' <Latency = 1> <II = 1> <Delay = 0.67> <Storage> <Opcode : 'load' 'store'> <Ports = 2> <Width = 8> <Depth = 26> <RAM>
ST_17 : Operation 954 [1/1] (0.67ns)   --->   "%store_ln66 = store i8 %select_ln35, i5 %y_3_49_addr" [awn_int8.cpp:66]   --->   Operation 954 'store' 'store_ln66' <Predicate = (trunc_ln56 == 3 & trunc_ln53 == 49)> <Delay = 0.67> <CoreInst = "RAM">   --->   Core 83 'RAM' <Latency = 1> <II = 1> <Delay = 0.67> <Storage> <Opcode : 'load' 'store'> <Ports = 2> <Width = 8> <Depth = 26> <RAM>
ST_17 : Operation 955 [1/1] (0.67ns)   --->   "%store_ln66 = store i8 %select_ln35, i5 %y_3_48_addr" [awn_int8.cpp:66]   --->   Operation 955 'store' 'store_ln66' <Predicate = (trunc_ln56 == 3 & trunc_ln53 == 48)> <Delay = 0.67> <CoreInst = "RAM">   --->   Core 83 'RAM' <Latency = 1> <II = 1> <Delay = 0.67> <Storage> <Opcode : 'load' 'store'> <Ports = 2> <Width = 8> <Depth = 26> <RAM>
ST_17 : Operation 956 [1/1] (0.67ns)   --->   "%store_ln66 = store i8 %select_ln35, i5 %y_3_47_addr" [awn_int8.cpp:66]   --->   Operation 956 'store' 'store_ln66' <Predicate = (trunc_ln56 == 3 & trunc_ln53 == 47)> <Delay = 0.67> <CoreInst = "RAM">   --->   Core 83 'RAM' <Latency = 1> <II = 1> <Delay = 0.67> <Storage> <Opcode : 'load' 'store'> <Ports = 2> <Width = 8> <Depth = 26> <RAM>
ST_17 : Operation 957 [1/1] (0.67ns)   --->   "%store_ln66 = store i8 %select_ln35, i5 %y_3_46_addr" [awn_int8.cpp:66]   --->   Operation 957 'store' 'store_ln66' <Predicate = (trunc_ln56 == 3 & trunc_ln53 == 46)> <Delay = 0.67> <CoreInst = "RAM">   --->   Core 83 'RAM' <Latency = 1> <II = 1> <Delay = 0.67> <Storage> <Opcode : 'load' 'store'> <Ports = 2> <Width = 8> <Depth = 26> <RAM>
ST_17 : Operation 958 [1/1] (0.67ns)   --->   "%store_ln66 = store i8 %select_ln35, i5 %y_3_45_addr" [awn_int8.cpp:66]   --->   Operation 958 'store' 'store_ln66' <Predicate = (trunc_ln56 == 3 & trunc_ln53 == 45)> <Delay = 0.67> <CoreInst = "RAM">   --->   Core 83 'RAM' <Latency = 1> <II = 1> <Delay = 0.67> <Storage> <Opcode : 'load' 'store'> <Ports = 2> <Width = 8> <Depth = 26> <RAM>
ST_17 : Operation 959 [1/1] (0.67ns)   --->   "%store_ln66 = store i8 %select_ln35, i5 %y_3_44_addr" [awn_int8.cpp:66]   --->   Operation 959 'store' 'store_ln66' <Predicate = (trunc_ln56 == 3 & trunc_ln53 == 44)> <Delay = 0.67> <CoreInst = "RAM">   --->   Core 83 'RAM' <Latency = 1> <II = 1> <Delay = 0.67> <Storage> <Opcode : 'load' 'store'> <Ports = 2> <Width = 8> <Depth = 26> <RAM>
ST_17 : Operation 960 [1/1] (0.67ns)   --->   "%store_ln66 = store i8 %select_ln35, i5 %y_3_43_addr" [awn_int8.cpp:66]   --->   Operation 960 'store' 'store_ln66' <Predicate = (trunc_ln56 == 3 & trunc_ln53 == 43)> <Delay = 0.67> <CoreInst = "RAM">   --->   Core 83 'RAM' <Latency = 1> <II = 1> <Delay = 0.67> <Storage> <Opcode : 'load' 'store'> <Ports = 2> <Width = 8> <Depth = 26> <RAM>
ST_17 : Operation 961 [1/1] (0.67ns)   --->   "%store_ln66 = store i8 %select_ln35, i5 %y_3_42_addr" [awn_int8.cpp:66]   --->   Operation 961 'store' 'store_ln66' <Predicate = (trunc_ln56 == 3 & trunc_ln53 == 42)> <Delay = 0.67> <CoreInst = "RAM">   --->   Core 83 'RAM' <Latency = 1> <II = 1> <Delay = 0.67> <Storage> <Opcode : 'load' 'store'> <Ports = 2> <Width = 8> <Depth = 26> <RAM>
ST_17 : Operation 962 [1/1] (0.67ns)   --->   "%store_ln66 = store i8 %select_ln35, i5 %y_3_41_addr" [awn_int8.cpp:66]   --->   Operation 962 'store' 'store_ln66' <Predicate = (trunc_ln56 == 3 & trunc_ln53 == 41)> <Delay = 0.67> <CoreInst = "RAM">   --->   Core 83 'RAM' <Latency = 1> <II = 1> <Delay = 0.67> <Storage> <Opcode : 'load' 'store'> <Ports = 2> <Width = 8> <Depth = 26> <RAM>
ST_17 : Operation 963 [1/1] (0.67ns)   --->   "%store_ln66 = store i8 %select_ln35, i5 %y_3_40_addr" [awn_int8.cpp:66]   --->   Operation 963 'store' 'store_ln66' <Predicate = (trunc_ln56 == 3 & trunc_ln53 == 40)> <Delay = 0.67> <CoreInst = "RAM">   --->   Core 83 'RAM' <Latency = 1> <II = 1> <Delay = 0.67> <Storage> <Opcode : 'load' 'store'> <Ports = 2> <Width = 8> <Depth = 26> <RAM>
ST_17 : Operation 964 [1/1] (0.67ns)   --->   "%store_ln66 = store i8 %select_ln35, i5 %y_3_39_addr" [awn_int8.cpp:66]   --->   Operation 964 'store' 'store_ln66' <Predicate = (trunc_ln56 == 3 & trunc_ln53 == 39)> <Delay = 0.67> <CoreInst = "RAM">   --->   Core 83 'RAM' <Latency = 1> <II = 1> <Delay = 0.67> <Storage> <Opcode : 'load' 'store'> <Ports = 2> <Width = 8> <Depth = 26> <RAM>
ST_17 : Operation 965 [1/1] (0.67ns)   --->   "%store_ln66 = store i8 %select_ln35, i5 %y_3_38_addr" [awn_int8.cpp:66]   --->   Operation 965 'store' 'store_ln66' <Predicate = (trunc_ln56 == 3 & trunc_ln53 == 38)> <Delay = 0.67> <CoreInst = "RAM">   --->   Core 83 'RAM' <Latency = 1> <II = 1> <Delay = 0.67> <Storage> <Opcode : 'load' 'store'> <Ports = 2> <Width = 8> <Depth = 26> <RAM>
ST_17 : Operation 966 [1/1] (0.67ns)   --->   "%store_ln66 = store i8 %select_ln35, i5 %y_3_37_addr" [awn_int8.cpp:66]   --->   Operation 966 'store' 'store_ln66' <Predicate = (trunc_ln56 == 3 & trunc_ln53 == 37)> <Delay = 0.67> <CoreInst = "RAM">   --->   Core 83 'RAM' <Latency = 1> <II = 1> <Delay = 0.67> <Storage> <Opcode : 'load' 'store'> <Ports = 2> <Width = 8> <Depth = 26> <RAM>
ST_17 : Operation 967 [1/1] (0.67ns)   --->   "%store_ln66 = store i8 %select_ln35, i5 %y_3_36_addr" [awn_int8.cpp:66]   --->   Operation 967 'store' 'store_ln66' <Predicate = (trunc_ln56 == 3 & trunc_ln53 == 36)> <Delay = 0.67> <CoreInst = "RAM">   --->   Core 83 'RAM' <Latency = 1> <II = 1> <Delay = 0.67> <Storage> <Opcode : 'load' 'store'> <Ports = 2> <Width = 8> <Depth = 26> <RAM>
ST_17 : Operation 968 [1/1] (0.67ns)   --->   "%store_ln66 = store i8 %select_ln35, i5 %y_3_35_addr" [awn_int8.cpp:66]   --->   Operation 968 'store' 'store_ln66' <Predicate = (trunc_ln56 == 3 & trunc_ln53 == 35)> <Delay = 0.67> <CoreInst = "RAM">   --->   Core 83 'RAM' <Latency = 1> <II = 1> <Delay = 0.67> <Storage> <Opcode : 'load' 'store'> <Ports = 2> <Width = 8> <Depth = 26> <RAM>
ST_17 : Operation 969 [1/1] (0.67ns)   --->   "%store_ln66 = store i8 %select_ln35, i5 %y_3_34_addr" [awn_int8.cpp:66]   --->   Operation 969 'store' 'store_ln66' <Predicate = (trunc_ln56 == 3 & trunc_ln53 == 34)> <Delay = 0.67> <CoreInst = "RAM">   --->   Core 83 'RAM' <Latency = 1> <II = 1> <Delay = 0.67> <Storage> <Opcode : 'load' 'store'> <Ports = 2> <Width = 8> <Depth = 26> <RAM>
ST_17 : Operation 970 [1/1] (0.67ns)   --->   "%store_ln66 = store i8 %select_ln35, i5 %y_3_33_addr" [awn_int8.cpp:66]   --->   Operation 970 'store' 'store_ln66' <Predicate = (trunc_ln56 == 3 & trunc_ln53 == 33)> <Delay = 0.67> <CoreInst = "RAM">   --->   Core 83 'RAM' <Latency = 1> <II = 1> <Delay = 0.67> <Storage> <Opcode : 'load' 'store'> <Ports = 2> <Width = 8> <Depth = 26> <RAM>
ST_17 : Operation 971 [1/1] (0.67ns)   --->   "%store_ln66 = store i8 %select_ln35, i5 %y_3_32_addr" [awn_int8.cpp:66]   --->   Operation 971 'store' 'store_ln66' <Predicate = (trunc_ln56 == 3 & trunc_ln53 == 32)> <Delay = 0.67> <CoreInst = "RAM">   --->   Core 83 'RAM' <Latency = 1> <II = 1> <Delay = 0.67> <Storage> <Opcode : 'load' 'store'> <Ports = 2> <Width = 8> <Depth = 26> <RAM>
ST_17 : Operation 972 [1/1] (0.67ns)   --->   "%store_ln66 = store i8 %select_ln35, i5 %y_3_31_addr" [awn_int8.cpp:66]   --->   Operation 972 'store' 'store_ln66' <Predicate = (trunc_ln56 == 3 & trunc_ln53 == 31)> <Delay = 0.67> <CoreInst = "RAM">   --->   Core 83 'RAM' <Latency = 1> <II = 1> <Delay = 0.67> <Storage> <Opcode : 'load' 'store'> <Ports = 2> <Width = 8> <Depth = 26> <RAM>
ST_17 : Operation 973 [1/1] (0.67ns)   --->   "%store_ln66 = store i8 %select_ln35, i5 %y_3_30_addr" [awn_int8.cpp:66]   --->   Operation 973 'store' 'store_ln66' <Predicate = (trunc_ln56 == 3 & trunc_ln53 == 30)> <Delay = 0.67> <CoreInst = "RAM">   --->   Core 83 'RAM' <Latency = 1> <II = 1> <Delay = 0.67> <Storage> <Opcode : 'load' 'store'> <Ports = 2> <Width = 8> <Depth = 26> <RAM>
ST_17 : Operation 974 [1/1] (0.67ns)   --->   "%store_ln66 = store i8 %select_ln35, i5 %y_3_29_addr" [awn_int8.cpp:66]   --->   Operation 974 'store' 'store_ln66' <Predicate = (trunc_ln56 == 3 & trunc_ln53 == 29)> <Delay = 0.67> <CoreInst = "RAM">   --->   Core 83 'RAM' <Latency = 1> <II = 1> <Delay = 0.67> <Storage> <Opcode : 'load' 'store'> <Ports = 2> <Width = 8> <Depth = 26> <RAM>
ST_17 : Operation 975 [1/1] (0.67ns)   --->   "%store_ln66 = store i8 %select_ln35, i5 %y_3_28_addr" [awn_int8.cpp:66]   --->   Operation 975 'store' 'store_ln66' <Predicate = (trunc_ln56 == 3 & trunc_ln53 == 28)> <Delay = 0.67> <CoreInst = "RAM">   --->   Core 83 'RAM' <Latency = 1> <II = 1> <Delay = 0.67> <Storage> <Opcode : 'load' 'store'> <Ports = 2> <Width = 8> <Depth = 26> <RAM>
ST_17 : Operation 976 [1/1] (0.67ns)   --->   "%store_ln66 = store i8 %select_ln35, i5 %y_3_27_addr" [awn_int8.cpp:66]   --->   Operation 976 'store' 'store_ln66' <Predicate = (trunc_ln56 == 3 & trunc_ln53 == 27)> <Delay = 0.67> <CoreInst = "RAM">   --->   Core 83 'RAM' <Latency = 1> <II = 1> <Delay = 0.67> <Storage> <Opcode : 'load' 'store'> <Ports = 2> <Width = 8> <Depth = 26> <RAM>
ST_17 : Operation 977 [1/1] (0.67ns)   --->   "%store_ln66 = store i8 %select_ln35, i5 %y_3_26_addr" [awn_int8.cpp:66]   --->   Operation 977 'store' 'store_ln66' <Predicate = (trunc_ln56 == 3 & trunc_ln53 == 26)> <Delay = 0.67> <CoreInst = "RAM">   --->   Core 83 'RAM' <Latency = 1> <II = 1> <Delay = 0.67> <Storage> <Opcode : 'load' 'store'> <Ports = 2> <Width = 8> <Depth = 26> <RAM>
ST_17 : Operation 978 [1/1] (0.67ns)   --->   "%store_ln66 = store i8 %select_ln35, i5 %y_3_25_addr" [awn_int8.cpp:66]   --->   Operation 978 'store' 'store_ln66' <Predicate = (trunc_ln56 == 3 & trunc_ln53 == 25)> <Delay = 0.67> <CoreInst = "RAM">   --->   Core 83 'RAM' <Latency = 1> <II = 1> <Delay = 0.67> <Storage> <Opcode : 'load' 'store'> <Ports = 2> <Width = 8> <Depth = 26> <RAM>
ST_17 : Operation 979 [1/1] (0.67ns)   --->   "%store_ln66 = store i8 %select_ln35, i5 %y_3_24_addr" [awn_int8.cpp:66]   --->   Operation 979 'store' 'store_ln66' <Predicate = (trunc_ln56 == 3 & trunc_ln53 == 24)> <Delay = 0.67> <CoreInst = "RAM">   --->   Core 83 'RAM' <Latency = 1> <II = 1> <Delay = 0.67> <Storage> <Opcode : 'load' 'store'> <Ports = 2> <Width = 8> <Depth = 26> <RAM>
ST_17 : Operation 980 [1/1] (0.67ns)   --->   "%store_ln66 = store i8 %select_ln35, i5 %y_3_23_addr" [awn_int8.cpp:66]   --->   Operation 980 'store' 'store_ln66' <Predicate = (trunc_ln56 == 3 & trunc_ln53 == 23)> <Delay = 0.67> <CoreInst = "RAM">   --->   Core 83 'RAM' <Latency = 1> <II = 1> <Delay = 0.67> <Storage> <Opcode : 'load' 'store'> <Ports = 2> <Width = 8> <Depth = 26> <RAM>
ST_17 : Operation 981 [1/1] (0.67ns)   --->   "%store_ln66 = store i8 %select_ln35, i5 %y_3_22_addr" [awn_int8.cpp:66]   --->   Operation 981 'store' 'store_ln66' <Predicate = (trunc_ln56 == 3 & trunc_ln53 == 22)> <Delay = 0.67> <CoreInst = "RAM">   --->   Core 83 'RAM' <Latency = 1> <II = 1> <Delay = 0.67> <Storage> <Opcode : 'load' 'store'> <Ports = 2> <Width = 8> <Depth = 26> <RAM>
ST_17 : Operation 982 [1/1] (0.67ns)   --->   "%store_ln66 = store i8 %select_ln35, i5 %y_3_21_addr" [awn_int8.cpp:66]   --->   Operation 982 'store' 'store_ln66' <Predicate = (trunc_ln56 == 3 & trunc_ln53 == 21)> <Delay = 0.67> <CoreInst = "RAM">   --->   Core 83 'RAM' <Latency = 1> <II = 1> <Delay = 0.67> <Storage> <Opcode : 'load' 'store'> <Ports = 2> <Width = 8> <Depth = 26> <RAM>
ST_17 : Operation 983 [1/1] (0.67ns)   --->   "%store_ln66 = store i8 %select_ln35, i5 %y_3_20_addr" [awn_int8.cpp:66]   --->   Operation 983 'store' 'store_ln66' <Predicate = (trunc_ln56 == 3 & trunc_ln53 == 20)> <Delay = 0.67> <CoreInst = "RAM">   --->   Core 83 'RAM' <Latency = 1> <II = 1> <Delay = 0.67> <Storage> <Opcode : 'load' 'store'> <Ports = 2> <Width = 8> <Depth = 26> <RAM>
ST_17 : Operation 984 [1/1] (0.67ns)   --->   "%store_ln66 = store i8 %select_ln35, i5 %y_3_19_addr" [awn_int8.cpp:66]   --->   Operation 984 'store' 'store_ln66' <Predicate = (trunc_ln56 == 3 & trunc_ln53 == 19)> <Delay = 0.67> <CoreInst = "RAM">   --->   Core 83 'RAM' <Latency = 1> <II = 1> <Delay = 0.67> <Storage> <Opcode : 'load' 'store'> <Ports = 2> <Width = 8> <Depth = 26> <RAM>
ST_17 : Operation 985 [1/1] (0.67ns)   --->   "%store_ln66 = store i8 %select_ln35, i5 %y_3_18_addr" [awn_int8.cpp:66]   --->   Operation 985 'store' 'store_ln66' <Predicate = (trunc_ln56 == 3 & trunc_ln53 == 18)> <Delay = 0.67> <CoreInst = "RAM">   --->   Core 83 'RAM' <Latency = 1> <II = 1> <Delay = 0.67> <Storage> <Opcode : 'load' 'store'> <Ports = 2> <Width = 8> <Depth = 26> <RAM>
ST_17 : Operation 986 [1/1] (0.67ns)   --->   "%store_ln66 = store i8 %select_ln35, i5 %y_3_17_addr" [awn_int8.cpp:66]   --->   Operation 986 'store' 'store_ln66' <Predicate = (trunc_ln56 == 3 & trunc_ln53 == 17)> <Delay = 0.67> <CoreInst = "RAM">   --->   Core 83 'RAM' <Latency = 1> <II = 1> <Delay = 0.67> <Storage> <Opcode : 'load' 'store'> <Ports = 2> <Width = 8> <Depth = 26> <RAM>
ST_17 : Operation 987 [1/1] (0.67ns)   --->   "%store_ln66 = store i8 %select_ln35, i5 %y_3_16_addr" [awn_int8.cpp:66]   --->   Operation 987 'store' 'store_ln66' <Predicate = (trunc_ln56 == 3 & trunc_ln53 == 16)> <Delay = 0.67> <CoreInst = "RAM">   --->   Core 83 'RAM' <Latency = 1> <II = 1> <Delay = 0.67> <Storage> <Opcode : 'load' 'store'> <Ports = 2> <Width = 8> <Depth = 26> <RAM>
ST_17 : Operation 988 [1/1] (0.67ns)   --->   "%store_ln66 = store i8 %select_ln35, i5 %y_3_15_addr" [awn_int8.cpp:66]   --->   Operation 988 'store' 'store_ln66' <Predicate = (trunc_ln56 == 3 & trunc_ln53 == 15)> <Delay = 0.67> <CoreInst = "RAM">   --->   Core 83 'RAM' <Latency = 1> <II = 1> <Delay = 0.67> <Storage> <Opcode : 'load' 'store'> <Ports = 2> <Width = 8> <Depth = 26> <RAM>
ST_17 : Operation 989 [1/1] (0.67ns)   --->   "%store_ln66 = store i8 %select_ln35, i5 %y_3_14_addr" [awn_int8.cpp:66]   --->   Operation 989 'store' 'store_ln66' <Predicate = (trunc_ln56 == 3 & trunc_ln53 == 14)> <Delay = 0.67> <CoreInst = "RAM">   --->   Core 83 'RAM' <Latency = 1> <II = 1> <Delay = 0.67> <Storage> <Opcode : 'load' 'store'> <Ports = 2> <Width = 8> <Depth = 26> <RAM>
ST_17 : Operation 990 [1/1] (0.67ns)   --->   "%store_ln66 = store i8 %select_ln35, i5 %y_3_13_addr" [awn_int8.cpp:66]   --->   Operation 990 'store' 'store_ln66' <Predicate = (trunc_ln56 == 3 & trunc_ln53 == 13)> <Delay = 0.67> <CoreInst = "RAM">   --->   Core 83 'RAM' <Latency = 1> <II = 1> <Delay = 0.67> <Storage> <Opcode : 'load' 'store'> <Ports = 2> <Width = 8> <Depth = 26> <RAM>
ST_17 : Operation 991 [1/1] (0.67ns)   --->   "%store_ln66 = store i8 %select_ln35, i5 %y_3_12_addr" [awn_int8.cpp:66]   --->   Operation 991 'store' 'store_ln66' <Predicate = (trunc_ln56 == 3 & trunc_ln53 == 12)> <Delay = 0.67> <CoreInst = "RAM">   --->   Core 83 'RAM' <Latency = 1> <II = 1> <Delay = 0.67> <Storage> <Opcode : 'load' 'store'> <Ports = 2> <Width = 8> <Depth = 26> <RAM>
ST_17 : Operation 992 [1/1] (0.67ns)   --->   "%store_ln66 = store i8 %select_ln35, i5 %y_3_11_addr" [awn_int8.cpp:66]   --->   Operation 992 'store' 'store_ln66' <Predicate = (trunc_ln56 == 3 & trunc_ln53 == 11)> <Delay = 0.67> <CoreInst = "RAM">   --->   Core 83 'RAM' <Latency = 1> <II = 1> <Delay = 0.67> <Storage> <Opcode : 'load' 'store'> <Ports = 2> <Width = 8> <Depth = 26> <RAM>
ST_17 : Operation 993 [1/1] (0.67ns)   --->   "%store_ln66 = store i8 %select_ln35, i5 %y_3_10_addr" [awn_int8.cpp:66]   --->   Operation 993 'store' 'store_ln66' <Predicate = (trunc_ln56 == 3 & trunc_ln53 == 10)> <Delay = 0.67> <CoreInst = "RAM">   --->   Core 83 'RAM' <Latency = 1> <II = 1> <Delay = 0.67> <Storage> <Opcode : 'load' 'store'> <Ports = 2> <Width = 8> <Depth = 26> <RAM>
ST_17 : Operation 994 [1/1] (0.67ns)   --->   "%store_ln66 = store i8 %select_ln35, i5 %y_3_9_addr" [awn_int8.cpp:66]   --->   Operation 994 'store' 'store_ln66' <Predicate = (trunc_ln56 == 3 & trunc_ln53 == 9)> <Delay = 0.67> <CoreInst = "RAM">   --->   Core 83 'RAM' <Latency = 1> <II = 1> <Delay = 0.67> <Storage> <Opcode : 'load' 'store'> <Ports = 2> <Width = 8> <Depth = 26> <RAM>
ST_17 : Operation 995 [1/1] (0.67ns)   --->   "%store_ln66 = store i8 %select_ln35, i5 %y_3_8_addr" [awn_int8.cpp:66]   --->   Operation 995 'store' 'store_ln66' <Predicate = (trunc_ln56 == 3 & trunc_ln53 == 8)> <Delay = 0.67> <CoreInst = "RAM">   --->   Core 83 'RAM' <Latency = 1> <II = 1> <Delay = 0.67> <Storage> <Opcode : 'load' 'store'> <Ports = 2> <Width = 8> <Depth = 26> <RAM>
ST_17 : Operation 996 [1/1] (0.67ns)   --->   "%store_ln66 = store i8 %select_ln35, i5 %y_3_7_addr" [awn_int8.cpp:66]   --->   Operation 996 'store' 'store_ln66' <Predicate = (trunc_ln56 == 3 & trunc_ln53 == 7)> <Delay = 0.67> <CoreInst = "RAM">   --->   Core 83 'RAM' <Latency = 1> <II = 1> <Delay = 0.67> <Storage> <Opcode : 'load' 'store'> <Ports = 2> <Width = 8> <Depth = 26> <RAM>
ST_17 : Operation 997 [1/1] (0.67ns)   --->   "%store_ln66 = store i8 %select_ln35, i5 %y_3_6_addr" [awn_int8.cpp:66]   --->   Operation 997 'store' 'store_ln66' <Predicate = (trunc_ln56 == 3 & trunc_ln53 == 6)> <Delay = 0.67> <CoreInst = "RAM">   --->   Core 83 'RAM' <Latency = 1> <II = 1> <Delay = 0.67> <Storage> <Opcode : 'load' 'store'> <Ports = 2> <Width = 8> <Depth = 26> <RAM>
ST_17 : Operation 998 [1/1] (0.67ns)   --->   "%store_ln66 = store i8 %select_ln35, i5 %y_3_5_addr" [awn_int8.cpp:66]   --->   Operation 998 'store' 'store_ln66' <Predicate = (trunc_ln56 == 3 & trunc_ln53 == 5)> <Delay = 0.67> <CoreInst = "RAM">   --->   Core 83 'RAM' <Latency = 1> <II = 1> <Delay = 0.67> <Storage> <Opcode : 'load' 'store'> <Ports = 2> <Width = 8> <Depth = 26> <RAM>
ST_17 : Operation 999 [1/1] (0.67ns)   --->   "%store_ln66 = store i8 %select_ln35, i5 %y_3_4_addr" [awn_int8.cpp:66]   --->   Operation 999 'store' 'store_ln66' <Predicate = (trunc_ln56 == 3 & trunc_ln53 == 4)> <Delay = 0.67> <CoreInst = "RAM">   --->   Core 83 'RAM' <Latency = 1> <II = 1> <Delay = 0.67> <Storage> <Opcode : 'load' 'store'> <Ports = 2> <Width = 8> <Depth = 26> <RAM>
ST_17 : Operation 1000 [1/1] (0.67ns)   --->   "%store_ln66 = store i8 %select_ln35, i5 %y_3_3_addr" [awn_int8.cpp:66]   --->   Operation 1000 'store' 'store_ln66' <Predicate = (trunc_ln56 == 3 & trunc_ln53 == 3)> <Delay = 0.67> <CoreInst = "RAM">   --->   Core 83 'RAM' <Latency = 1> <II = 1> <Delay = 0.67> <Storage> <Opcode : 'load' 'store'> <Ports = 2> <Width = 8> <Depth = 26> <RAM>
ST_17 : Operation 1001 [1/1] (0.67ns)   --->   "%store_ln66 = store i8 %select_ln35, i5 %y_3_2_addr" [awn_int8.cpp:66]   --->   Operation 1001 'store' 'store_ln66' <Predicate = (trunc_ln56 == 3 & trunc_ln53 == 2)> <Delay = 0.67> <CoreInst = "RAM">   --->   Core 83 'RAM' <Latency = 1> <II = 1> <Delay = 0.67> <Storage> <Opcode : 'load' 'store'> <Ports = 2> <Width = 8> <Depth = 26> <RAM>
ST_17 : Operation 1002 [1/1] (0.67ns)   --->   "%store_ln66 = store i8 %select_ln35, i5 %y_3_1_addr" [awn_int8.cpp:66]   --->   Operation 1002 'store' 'store_ln66' <Predicate = (trunc_ln56 == 3 & trunc_ln53 == 1)> <Delay = 0.67> <CoreInst = "RAM">   --->   Core 83 'RAM' <Latency = 1> <II = 1> <Delay = 0.67> <Storage> <Opcode : 'load' 'store'> <Ports = 2> <Width = 8> <Depth = 26> <RAM>
ST_17 : Operation 1003 [1/1] (0.67ns)   --->   "%store_ln66 = store i8 %select_ln35, i5 %y_3_0_addr" [awn_int8.cpp:66]   --->   Operation 1003 'store' 'store_ln66' <Predicate = (trunc_ln56 == 3 & trunc_ln53 == 0)> <Delay = 0.67> <CoreInst = "RAM">   --->   Core 83 'RAM' <Latency = 1> <II = 1> <Delay = 0.67> <Storage> <Opcode : 'load' 'store'> <Ports = 2> <Width = 8> <Depth = 26> <RAM>
ST_17 : Operation 1004 [1/1] (0.67ns)   --->   "%store_ln66 = store i8 %select_ln35, i5 %y_3_63_addr" [awn_int8.cpp:66]   --->   Operation 1004 'store' 'store_ln66' <Predicate = (trunc_ln56 == 3 & trunc_ln53 == 63)> <Delay = 0.67> <CoreInst = "RAM">   --->   Core 83 'RAM' <Latency = 1> <II = 1> <Delay = 0.67> <Storage> <Opcode : 'load' 'store'> <Ports = 2> <Width = 8> <Depth = 26> <RAM>
ST_17 : Operation 1005 [1/1] (0.00ns)   --->   "%br_ln66 = br void %arrayidx3513.exit" [awn_int8.cpp:66]   --->   Operation 1005 'br' 'br_ln66' <Predicate = (trunc_ln56 == 3)> <Delay = 0.00>
ST_17 : Operation 1006 [1/1] (0.67ns)   --->   "%store_ln66 = store i8 %select_ln35, i5 %y_2_62_addr" [awn_int8.cpp:66]   --->   Operation 1006 'store' 'store_ln66' <Predicate = (trunc_ln56 == 2 & trunc_ln53 == 62)> <Delay = 0.67> <CoreInst = "RAM">   --->   Core 83 'RAM' <Latency = 1> <II = 1> <Delay = 0.67> <Storage> <Opcode : 'load' 'store'> <Ports = 2> <Width = 8> <Depth = 26> <RAM>
ST_17 : Operation 1007 [1/1] (0.67ns)   --->   "%store_ln66 = store i8 %select_ln35, i5 %y_2_61_addr" [awn_int8.cpp:66]   --->   Operation 1007 'store' 'store_ln66' <Predicate = (trunc_ln56 == 2 & trunc_ln53 == 61)> <Delay = 0.67> <CoreInst = "RAM">   --->   Core 83 'RAM' <Latency = 1> <II = 1> <Delay = 0.67> <Storage> <Opcode : 'load' 'store'> <Ports = 2> <Width = 8> <Depth = 26> <RAM>
ST_17 : Operation 1008 [1/1] (0.67ns)   --->   "%store_ln66 = store i8 %select_ln35, i5 %y_2_60_addr" [awn_int8.cpp:66]   --->   Operation 1008 'store' 'store_ln66' <Predicate = (trunc_ln56 == 2 & trunc_ln53 == 60)> <Delay = 0.67> <CoreInst = "RAM">   --->   Core 83 'RAM' <Latency = 1> <II = 1> <Delay = 0.67> <Storage> <Opcode : 'load' 'store'> <Ports = 2> <Width = 8> <Depth = 26> <RAM>
ST_17 : Operation 1009 [1/1] (0.67ns)   --->   "%store_ln66 = store i8 %select_ln35, i5 %y_2_59_addr" [awn_int8.cpp:66]   --->   Operation 1009 'store' 'store_ln66' <Predicate = (trunc_ln56 == 2 & trunc_ln53 == 59)> <Delay = 0.67> <CoreInst = "RAM">   --->   Core 83 'RAM' <Latency = 1> <II = 1> <Delay = 0.67> <Storage> <Opcode : 'load' 'store'> <Ports = 2> <Width = 8> <Depth = 26> <RAM>
ST_17 : Operation 1010 [1/1] (0.67ns)   --->   "%store_ln66 = store i8 %select_ln35, i5 %y_2_58_addr" [awn_int8.cpp:66]   --->   Operation 1010 'store' 'store_ln66' <Predicate = (trunc_ln56 == 2 & trunc_ln53 == 58)> <Delay = 0.67> <CoreInst = "RAM">   --->   Core 83 'RAM' <Latency = 1> <II = 1> <Delay = 0.67> <Storage> <Opcode : 'load' 'store'> <Ports = 2> <Width = 8> <Depth = 26> <RAM>
ST_17 : Operation 1011 [1/1] (0.67ns)   --->   "%store_ln66 = store i8 %select_ln35, i5 %y_2_57_addr" [awn_int8.cpp:66]   --->   Operation 1011 'store' 'store_ln66' <Predicate = (trunc_ln56 == 2 & trunc_ln53 == 57)> <Delay = 0.67> <CoreInst = "RAM">   --->   Core 83 'RAM' <Latency = 1> <II = 1> <Delay = 0.67> <Storage> <Opcode : 'load' 'store'> <Ports = 2> <Width = 8> <Depth = 26> <RAM>
ST_17 : Operation 1012 [1/1] (0.67ns)   --->   "%store_ln66 = store i8 %select_ln35, i5 %y_2_56_addr" [awn_int8.cpp:66]   --->   Operation 1012 'store' 'store_ln66' <Predicate = (trunc_ln56 == 2 & trunc_ln53 == 56)> <Delay = 0.67> <CoreInst = "RAM">   --->   Core 83 'RAM' <Latency = 1> <II = 1> <Delay = 0.67> <Storage> <Opcode : 'load' 'store'> <Ports = 2> <Width = 8> <Depth = 26> <RAM>
ST_17 : Operation 1013 [1/1] (0.67ns)   --->   "%store_ln66 = store i8 %select_ln35, i5 %y_2_55_addr" [awn_int8.cpp:66]   --->   Operation 1013 'store' 'store_ln66' <Predicate = (trunc_ln56 == 2 & trunc_ln53 == 55)> <Delay = 0.67> <CoreInst = "RAM">   --->   Core 83 'RAM' <Latency = 1> <II = 1> <Delay = 0.67> <Storage> <Opcode : 'load' 'store'> <Ports = 2> <Width = 8> <Depth = 26> <RAM>
ST_17 : Operation 1014 [1/1] (0.67ns)   --->   "%store_ln66 = store i8 %select_ln35, i5 %y_2_54_addr" [awn_int8.cpp:66]   --->   Operation 1014 'store' 'store_ln66' <Predicate = (trunc_ln56 == 2 & trunc_ln53 == 54)> <Delay = 0.67> <CoreInst = "RAM">   --->   Core 83 'RAM' <Latency = 1> <II = 1> <Delay = 0.67> <Storage> <Opcode : 'load' 'store'> <Ports = 2> <Width = 8> <Depth = 26> <RAM>
ST_17 : Operation 1015 [1/1] (0.67ns)   --->   "%store_ln66 = store i8 %select_ln35, i5 %y_2_53_addr" [awn_int8.cpp:66]   --->   Operation 1015 'store' 'store_ln66' <Predicate = (trunc_ln56 == 2 & trunc_ln53 == 53)> <Delay = 0.67> <CoreInst = "RAM">   --->   Core 83 'RAM' <Latency = 1> <II = 1> <Delay = 0.67> <Storage> <Opcode : 'load' 'store'> <Ports = 2> <Width = 8> <Depth = 26> <RAM>
ST_17 : Operation 1016 [1/1] (0.67ns)   --->   "%store_ln66 = store i8 %select_ln35, i5 %y_2_52_addr" [awn_int8.cpp:66]   --->   Operation 1016 'store' 'store_ln66' <Predicate = (trunc_ln56 == 2 & trunc_ln53 == 52)> <Delay = 0.67> <CoreInst = "RAM">   --->   Core 83 'RAM' <Latency = 1> <II = 1> <Delay = 0.67> <Storage> <Opcode : 'load' 'store'> <Ports = 2> <Width = 8> <Depth = 26> <RAM>
ST_17 : Operation 1017 [1/1] (0.67ns)   --->   "%store_ln66 = store i8 %select_ln35, i5 %y_2_51_addr" [awn_int8.cpp:66]   --->   Operation 1017 'store' 'store_ln66' <Predicate = (trunc_ln56 == 2 & trunc_ln53 == 51)> <Delay = 0.67> <CoreInst = "RAM">   --->   Core 83 'RAM' <Latency = 1> <II = 1> <Delay = 0.67> <Storage> <Opcode : 'load' 'store'> <Ports = 2> <Width = 8> <Depth = 26> <RAM>
ST_17 : Operation 1018 [1/1] (0.67ns)   --->   "%store_ln66 = store i8 %select_ln35, i5 %y_2_50_addr" [awn_int8.cpp:66]   --->   Operation 1018 'store' 'store_ln66' <Predicate = (trunc_ln56 == 2 & trunc_ln53 == 50)> <Delay = 0.67> <CoreInst = "RAM">   --->   Core 83 'RAM' <Latency = 1> <II = 1> <Delay = 0.67> <Storage> <Opcode : 'load' 'store'> <Ports = 2> <Width = 8> <Depth = 26> <RAM>
ST_17 : Operation 1019 [1/1] (0.67ns)   --->   "%store_ln66 = store i8 %select_ln35, i5 %y_2_49_addr" [awn_int8.cpp:66]   --->   Operation 1019 'store' 'store_ln66' <Predicate = (trunc_ln56 == 2 & trunc_ln53 == 49)> <Delay = 0.67> <CoreInst = "RAM">   --->   Core 83 'RAM' <Latency = 1> <II = 1> <Delay = 0.67> <Storage> <Opcode : 'load' 'store'> <Ports = 2> <Width = 8> <Depth = 26> <RAM>
ST_17 : Operation 1020 [1/1] (0.67ns)   --->   "%store_ln66 = store i8 %select_ln35, i5 %y_2_48_addr" [awn_int8.cpp:66]   --->   Operation 1020 'store' 'store_ln66' <Predicate = (trunc_ln56 == 2 & trunc_ln53 == 48)> <Delay = 0.67> <CoreInst = "RAM">   --->   Core 83 'RAM' <Latency = 1> <II = 1> <Delay = 0.67> <Storage> <Opcode : 'load' 'store'> <Ports = 2> <Width = 8> <Depth = 26> <RAM>
ST_17 : Operation 1021 [1/1] (0.67ns)   --->   "%store_ln66 = store i8 %select_ln35, i5 %y_2_47_addr" [awn_int8.cpp:66]   --->   Operation 1021 'store' 'store_ln66' <Predicate = (trunc_ln56 == 2 & trunc_ln53 == 47)> <Delay = 0.67> <CoreInst = "RAM">   --->   Core 83 'RAM' <Latency = 1> <II = 1> <Delay = 0.67> <Storage> <Opcode : 'load' 'store'> <Ports = 2> <Width = 8> <Depth = 26> <RAM>
ST_17 : Operation 1022 [1/1] (0.67ns)   --->   "%store_ln66 = store i8 %select_ln35, i5 %y_2_46_addr" [awn_int8.cpp:66]   --->   Operation 1022 'store' 'store_ln66' <Predicate = (trunc_ln56 == 2 & trunc_ln53 == 46)> <Delay = 0.67> <CoreInst = "RAM">   --->   Core 83 'RAM' <Latency = 1> <II = 1> <Delay = 0.67> <Storage> <Opcode : 'load' 'store'> <Ports = 2> <Width = 8> <Depth = 26> <RAM>
ST_17 : Operation 1023 [1/1] (0.67ns)   --->   "%store_ln66 = store i8 %select_ln35, i5 %y_2_45_addr" [awn_int8.cpp:66]   --->   Operation 1023 'store' 'store_ln66' <Predicate = (trunc_ln56 == 2 & trunc_ln53 == 45)> <Delay = 0.67> <CoreInst = "RAM">   --->   Core 83 'RAM' <Latency = 1> <II = 1> <Delay = 0.67> <Storage> <Opcode : 'load' 'store'> <Ports = 2> <Width = 8> <Depth = 26> <RAM>
ST_17 : Operation 1024 [1/1] (0.67ns)   --->   "%store_ln66 = store i8 %select_ln35, i5 %y_2_44_addr" [awn_int8.cpp:66]   --->   Operation 1024 'store' 'store_ln66' <Predicate = (trunc_ln56 == 2 & trunc_ln53 == 44)> <Delay = 0.67> <CoreInst = "RAM">   --->   Core 83 'RAM' <Latency = 1> <II = 1> <Delay = 0.67> <Storage> <Opcode : 'load' 'store'> <Ports = 2> <Width = 8> <Depth = 26> <RAM>
ST_17 : Operation 1025 [1/1] (0.67ns)   --->   "%store_ln66 = store i8 %select_ln35, i5 %y_2_43_addr" [awn_int8.cpp:66]   --->   Operation 1025 'store' 'store_ln66' <Predicate = (trunc_ln56 == 2 & trunc_ln53 == 43)> <Delay = 0.67> <CoreInst = "RAM">   --->   Core 83 'RAM' <Latency = 1> <II = 1> <Delay = 0.67> <Storage> <Opcode : 'load' 'store'> <Ports = 2> <Width = 8> <Depth = 26> <RAM>
ST_17 : Operation 1026 [1/1] (0.67ns)   --->   "%store_ln66 = store i8 %select_ln35, i5 %y_2_42_addr" [awn_int8.cpp:66]   --->   Operation 1026 'store' 'store_ln66' <Predicate = (trunc_ln56 == 2 & trunc_ln53 == 42)> <Delay = 0.67> <CoreInst = "RAM">   --->   Core 83 'RAM' <Latency = 1> <II = 1> <Delay = 0.67> <Storage> <Opcode : 'load' 'store'> <Ports = 2> <Width = 8> <Depth = 26> <RAM>
ST_17 : Operation 1027 [1/1] (0.67ns)   --->   "%store_ln66 = store i8 %select_ln35, i5 %y_2_41_addr" [awn_int8.cpp:66]   --->   Operation 1027 'store' 'store_ln66' <Predicate = (trunc_ln56 == 2 & trunc_ln53 == 41)> <Delay = 0.67> <CoreInst = "RAM">   --->   Core 83 'RAM' <Latency = 1> <II = 1> <Delay = 0.67> <Storage> <Opcode : 'load' 'store'> <Ports = 2> <Width = 8> <Depth = 26> <RAM>
ST_17 : Operation 1028 [1/1] (0.67ns)   --->   "%store_ln66 = store i8 %select_ln35, i5 %y_2_40_addr" [awn_int8.cpp:66]   --->   Operation 1028 'store' 'store_ln66' <Predicate = (trunc_ln56 == 2 & trunc_ln53 == 40)> <Delay = 0.67> <CoreInst = "RAM">   --->   Core 83 'RAM' <Latency = 1> <II = 1> <Delay = 0.67> <Storage> <Opcode : 'load' 'store'> <Ports = 2> <Width = 8> <Depth = 26> <RAM>
ST_17 : Operation 1029 [1/1] (0.67ns)   --->   "%store_ln66 = store i8 %select_ln35, i5 %y_2_39_addr" [awn_int8.cpp:66]   --->   Operation 1029 'store' 'store_ln66' <Predicate = (trunc_ln56 == 2 & trunc_ln53 == 39)> <Delay = 0.67> <CoreInst = "RAM">   --->   Core 83 'RAM' <Latency = 1> <II = 1> <Delay = 0.67> <Storage> <Opcode : 'load' 'store'> <Ports = 2> <Width = 8> <Depth = 26> <RAM>
ST_17 : Operation 1030 [1/1] (0.67ns)   --->   "%store_ln66 = store i8 %select_ln35, i5 %y_2_38_addr" [awn_int8.cpp:66]   --->   Operation 1030 'store' 'store_ln66' <Predicate = (trunc_ln56 == 2 & trunc_ln53 == 38)> <Delay = 0.67> <CoreInst = "RAM">   --->   Core 83 'RAM' <Latency = 1> <II = 1> <Delay = 0.67> <Storage> <Opcode : 'load' 'store'> <Ports = 2> <Width = 8> <Depth = 26> <RAM>
ST_17 : Operation 1031 [1/1] (0.67ns)   --->   "%store_ln66 = store i8 %select_ln35, i5 %y_2_37_addr" [awn_int8.cpp:66]   --->   Operation 1031 'store' 'store_ln66' <Predicate = (trunc_ln56 == 2 & trunc_ln53 == 37)> <Delay = 0.67> <CoreInst = "RAM">   --->   Core 83 'RAM' <Latency = 1> <II = 1> <Delay = 0.67> <Storage> <Opcode : 'load' 'store'> <Ports = 2> <Width = 8> <Depth = 26> <RAM>
ST_17 : Operation 1032 [1/1] (0.67ns)   --->   "%store_ln66 = store i8 %select_ln35, i5 %y_2_36_addr" [awn_int8.cpp:66]   --->   Operation 1032 'store' 'store_ln66' <Predicate = (trunc_ln56 == 2 & trunc_ln53 == 36)> <Delay = 0.67> <CoreInst = "RAM">   --->   Core 83 'RAM' <Latency = 1> <II = 1> <Delay = 0.67> <Storage> <Opcode : 'load' 'store'> <Ports = 2> <Width = 8> <Depth = 26> <RAM>
ST_17 : Operation 1033 [1/1] (0.67ns)   --->   "%store_ln66 = store i8 %select_ln35, i5 %y_2_35_addr" [awn_int8.cpp:66]   --->   Operation 1033 'store' 'store_ln66' <Predicate = (trunc_ln56 == 2 & trunc_ln53 == 35)> <Delay = 0.67> <CoreInst = "RAM">   --->   Core 83 'RAM' <Latency = 1> <II = 1> <Delay = 0.67> <Storage> <Opcode : 'load' 'store'> <Ports = 2> <Width = 8> <Depth = 26> <RAM>
ST_17 : Operation 1034 [1/1] (0.67ns)   --->   "%store_ln66 = store i8 %select_ln35, i5 %y_2_34_addr" [awn_int8.cpp:66]   --->   Operation 1034 'store' 'store_ln66' <Predicate = (trunc_ln56 == 2 & trunc_ln53 == 34)> <Delay = 0.67> <CoreInst = "RAM">   --->   Core 83 'RAM' <Latency = 1> <II = 1> <Delay = 0.67> <Storage> <Opcode : 'load' 'store'> <Ports = 2> <Width = 8> <Depth = 26> <RAM>
ST_17 : Operation 1035 [1/1] (0.67ns)   --->   "%store_ln66 = store i8 %select_ln35, i5 %y_2_33_addr" [awn_int8.cpp:66]   --->   Operation 1035 'store' 'store_ln66' <Predicate = (trunc_ln56 == 2 & trunc_ln53 == 33)> <Delay = 0.67> <CoreInst = "RAM">   --->   Core 83 'RAM' <Latency = 1> <II = 1> <Delay = 0.67> <Storage> <Opcode : 'load' 'store'> <Ports = 2> <Width = 8> <Depth = 26> <RAM>
ST_17 : Operation 1036 [1/1] (0.67ns)   --->   "%store_ln66 = store i8 %select_ln35, i5 %y_2_32_addr" [awn_int8.cpp:66]   --->   Operation 1036 'store' 'store_ln66' <Predicate = (trunc_ln56 == 2 & trunc_ln53 == 32)> <Delay = 0.67> <CoreInst = "RAM">   --->   Core 83 'RAM' <Latency = 1> <II = 1> <Delay = 0.67> <Storage> <Opcode : 'load' 'store'> <Ports = 2> <Width = 8> <Depth = 26> <RAM>
ST_17 : Operation 1037 [1/1] (0.67ns)   --->   "%store_ln66 = store i8 %select_ln35, i5 %y_2_31_addr" [awn_int8.cpp:66]   --->   Operation 1037 'store' 'store_ln66' <Predicate = (trunc_ln56 == 2 & trunc_ln53 == 31)> <Delay = 0.67> <CoreInst = "RAM">   --->   Core 83 'RAM' <Latency = 1> <II = 1> <Delay = 0.67> <Storage> <Opcode : 'load' 'store'> <Ports = 2> <Width = 8> <Depth = 26> <RAM>
ST_17 : Operation 1038 [1/1] (0.67ns)   --->   "%store_ln66 = store i8 %select_ln35, i5 %y_2_30_addr" [awn_int8.cpp:66]   --->   Operation 1038 'store' 'store_ln66' <Predicate = (trunc_ln56 == 2 & trunc_ln53 == 30)> <Delay = 0.67> <CoreInst = "RAM">   --->   Core 83 'RAM' <Latency = 1> <II = 1> <Delay = 0.67> <Storage> <Opcode : 'load' 'store'> <Ports = 2> <Width = 8> <Depth = 26> <RAM>
ST_17 : Operation 1039 [1/1] (0.67ns)   --->   "%store_ln66 = store i8 %select_ln35, i5 %y_2_29_addr" [awn_int8.cpp:66]   --->   Operation 1039 'store' 'store_ln66' <Predicate = (trunc_ln56 == 2 & trunc_ln53 == 29)> <Delay = 0.67> <CoreInst = "RAM">   --->   Core 83 'RAM' <Latency = 1> <II = 1> <Delay = 0.67> <Storage> <Opcode : 'load' 'store'> <Ports = 2> <Width = 8> <Depth = 26> <RAM>
ST_17 : Operation 1040 [1/1] (0.67ns)   --->   "%store_ln66 = store i8 %select_ln35, i5 %y_2_28_addr" [awn_int8.cpp:66]   --->   Operation 1040 'store' 'store_ln66' <Predicate = (trunc_ln56 == 2 & trunc_ln53 == 28)> <Delay = 0.67> <CoreInst = "RAM">   --->   Core 83 'RAM' <Latency = 1> <II = 1> <Delay = 0.67> <Storage> <Opcode : 'load' 'store'> <Ports = 2> <Width = 8> <Depth = 26> <RAM>
ST_17 : Operation 1041 [1/1] (0.67ns)   --->   "%store_ln66 = store i8 %select_ln35, i5 %y_2_27_addr" [awn_int8.cpp:66]   --->   Operation 1041 'store' 'store_ln66' <Predicate = (trunc_ln56 == 2 & trunc_ln53 == 27)> <Delay = 0.67> <CoreInst = "RAM">   --->   Core 83 'RAM' <Latency = 1> <II = 1> <Delay = 0.67> <Storage> <Opcode : 'load' 'store'> <Ports = 2> <Width = 8> <Depth = 26> <RAM>
ST_17 : Operation 1042 [1/1] (0.67ns)   --->   "%store_ln66 = store i8 %select_ln35, i5 %y_2_26_addr" [awn_int8.cpp:66]   --->   Operation 1042 'store' 'store_ln66' <Predicate = (trunc_ln56 == 2 & trunc_ln53 == 26)> <Delay = 0.67> <CoreInst = "RAM">   --->   Core 83 'RAM' <Latency = 1> <II = 1> <Delay = 0.67> <Storage> <Opcode : 'load' 'store'> <Ports = 2> <Width = 8> <Depth = 26> <RAM>
ST_17 : Operation 1043 [1/1] (0.67ns)   --->   "%store_ln66 = store i8 %select_ln35, i5 %y_2_25_addr" [awn_int8.cpp:66]   --->   Operation 1043 'store' 'store_ln66' <Predicate = (trunc_ln56 == 2 & trunc_ln53 == 25)> <Delay = 0.67> <CoreInst = "RAM">   --->   Core 83 'RAM' <Latency = 1> <II = 1> <Delay = 0.67> <Storage> <Opcode : 'load' 'store'> <Ports = 2> <Width = 8> <Depth = 26> <RAM>
ST_17 : Operation 1044 [1/1] (0.67ns)   --->   "%store_ln66 = store i8 %select_ln35, i5 %y_2_24_addr" [awn_int8.cpp:66]   --->   Operation 1044 'store' 'store_ln66' <Predicate = (trunc_ln56 == 2 & trunc_ln53 == 24)> <Delay = 0.67> <CoreInst = "RAM">   --->   Core 83 'RAM' <Latency = 1> <II = 1> <Delay = 0.67> <Storage> <Opcode : 'load' 'store'> <Ports = 2> <Width = 8> <Depth = 26> <RAM>
ST_17 : Operation 1045 [1/1] (0.67ns)   --->   "%store_ln66 = store i8 %select_ln35, i5 %y_2_23_addr" [awn_int8.cpp:66]   --->   Operation 1045 'store' 'store_ln66' <Predicate = (trunc_ln56 == 2 & trunc_ln53 == 23)> <Delay = 0.67> <CoreInst = "RAM">   --->   Core 83 'RAM' <Latency = 1> <II = 1> <Delay = 0.67> <Storage> <Opcode : 'load' 'store'> <Ports = 2> <Width = 8> <Depth = 26> <RAM>
ST_17 : Operation 1046 [1/1] (0.67ns)   --->   "%store_ln66 = store i8 %select_ln35, i5 %y_2_22_addr" [awn_int8.cpp:66]   --->   Operation 1046 'store' 'store_ln66' <Predicate = (trunc_ln56 == 2 & trunc_ln53 == 22)> <Delay = 0.67> <CoreInst = "RAM">   --->   Core 83 'RAM' <Latency = 1> <II = 1> <Delay = 0.67> <Storage> <Opcode : 'load' 'store'> <Ports = 2> <Width = 8> <Depth = 26> <RAM>
ST_17 : Operation 1047 [1/1] (0.67ns)   --->   "%store_ln66 = store i8 %select_ln35, i5 %y_2_21_addr" [awn_int8.cpp:66]   --->   Operation 1047 'store' 'store_ln66' <Predicate = (trunc_ln56 == 2 & trunc_ln53 == 21)> <Delay = 0.67> <CoreInst = "RAM">   --->   Core 83 'RAM' <Latency = 1> <II = 1> <Delay = 0.67> <Storage> <Opcode : 'load' 'store'> <Ports = 2> <Width = 8> <Depth = 26> <RAM>
ST_17 : Operation 1048 [1/1] (0.67ns)   --->   "%store_ln66 = store i8 %select_ln35, i5 %y_2_20_addr" [awn_int8.cpp:66]   --->   Operation 1048 'store' 'store_ln66' <Predicate = (trunc_ln56 == 2 & trunc_ln53 == 20)> <Delay = 0.67> <CoreInst = "RAM">   --->   Core 83 'RAM' <Latency = 1> <II = 1> <Delay = 0.67> <Storage> <Opcode : 'load' 'store'> <Ports = 2> <Width = 8> <Depth = 26> <RAM>
ST_17 : Operation 1049 [1/1] (0.67ns)   --->   "%store_ln66 = store i8 %select_ln35, i5 %y_2_19_addr" [awn_int8.cpp:66]   --->   Operation 1049 'store' 'store_ln66' <Predicate = (trunc_ln56 == 2 & trunc_ln53 == 19)> <Delay = 0.67> <CoreInst = "RAM">   --->   Core 83 'RAM' <Latency = 1> <II = 1> <Delay = 0.67> <Storage> <Opcode : 'load' 'store'> <Ports = 2> <Width = 8> <Depth = 26> <RAM>
ST_17 : Operation 1050 [1/1] (0.67ns)   --->   "%store_ln66 = store i8 %select_ln35, i5 %y_2_18_addr" [awn_int8.cpp:66]   --->   Operation 1050 'store' 'store_ln66' <Predicate = (trunc_ln56 == 2 & trunc_ln53 == 18)> <Delay = 0.67> <CoreInst = "RAM">   --->   Core 83 'RAM' <Latency = 1> <II = 1> <Delay = 0.67> <Storage> <Opcode : 'load' 'store'> <Ports = 2> <Width = 8> <Depth = 26> <RAM>
ST_17 : Operation 1051 [1/1] (0.67ns)   --->   "%store_ln66 = store i8 %select_ln35, i5 %y_2_17_addr" [awn_int8.cpp:66]   --->   Operation 1051 'store' 'store_ln66' <Predicate = (trunc_ln56 == 2 & trunc_ln53 == 17)> <Delay = 0.67> <CoreInst = "RAM">   --->   Core 83 'RAM' <Latency = 1> <II = 1> <Delay = 0.67> <Storage> <Opcode : 'load' 'store'> <Ports = 2> <Width = 8> <Depth = 26> <RAM>
ST_17 : Operation 1052 [1/1] (0.67ns)   --->   "%store_ln66 = store i8 %select_ln35, i5 %y_2_16_addr" [awn_int8.cpp:66]   --->   Operation 1052 'store' 'store_ln66' <Predicate = (trunc_ln56 == 2 & trunc_ln53 == 16)> <Delay = 0.67> <CoreInst = "RAM">   --->   Core 83 'RAM' <Latency = 1> <II = 1> <Delay = 0.67> <Storage> <Opcode : 'load' 'store'> <Ports = 2> <Width = 8> <Depth = 26> <RAM>
ST_17 : Operation 1053 [1/1] (0.67ns)   --->   "%store_ln66 = store i8 %select_ln35, i5 %y_2_15_addr" [awn_int8.cpp:66]   --->   Operation 1053 'store' 'store_ln66' <Predicate = (trunc_ln56 == 2 & trunc_ln53 == 15)> <Delay = 0.67> <CoreInst = "RAM">   --->   Core 83 'RAM' <Latency = 1> <II = 1> <Delay = 0.67> <Storage> <Opcode : 'load' 'store'> <Ports = 2> <Width = 8> <Depth = 26> <RAM>
ST_17 : Operation 1054 [1/1] (0.67ns)   --->   "%store_ln66 = store i8 %select_ln35, i5 %y_2_14_addr" [awn_int8.cpp:66]   --->   Operation 1054 'store' 'store_ln66' <Predicate = (trunc_ln56 == 2 & trunc_ln53 == 14)> <Delay = 0.67> <CoreInst = "RAM">   --->   Core 83 'RAM' <Latency = 1> <II = 1> <Delay = 0.67> <Storage> <Opcode : 'load' 'store'> <Ports = 2> <Width = 8> <Depth = 26> <RAM>
ST_17 : Operation 1055 [1/1] (0.67ns)   --->   "%store_ln66 = store i8 %select_ln35, i5 %y_2_13_addr" [awn_int8.cpp:66]   --->   Operation 1055 'store' 'store_ln66' <Predicate = (trunc_ln56 == 2 & trunc_ln53 == 13)> <Delay = 0.67> <CoreInst = "RAM">   --->   Core 83 'RAM' <Latency = 1> <II = 1> <Delay = 0.67> <Storage> <Opcode : 'load' 'store'> <Ports = 2> <Width = 8> <Depth = 26> <RAM>
ST_17 : Operation 1056 [1/1] (0.67ns)   --->   "%store_ln66 = store i8 %select_ln35, i5 %y_2_12_addr" [awn_int8.cpp:66]   --->   Operation 1056 'store' 'store_ln66' <Predicate = (trunc_ln56 == 2 & trunc_ln53 == 12)> <Delay = 0.67> <CoreInst = "RAM">   --->   Core 83 'RAM' <Latency = 1> <II = 1> <Delay = 0.67> <Storage> <Opcode : 'load' 'store'> <Ports = 2> <Width = 8> <Depth = 26> <RAM>
ST_17 : Operation 1057 [1/1] (0.67ns)   --->   "%store_ln66 = store i8 %select_ln35, i5 %y_2_11_addr" [awn_int8.cpp:66]   --->   Operation 1057 'store' 'store_ln66' <Predicate = (trunc_ln56 == 2 & trunc_ln53 == 11)> <Delay = 0.67> <CoreInst = "RAM">   --->   Core 83 'RAM' <Latency = 1> <II = 1> <Delay = 0.67> <Storage> <Opcode : 'load' 'store'> <Ports = 2> <Width = 8> <Depth = 26> <RAM>
ST_17 : Operation 1058 [1/1] (0.67ns)   --->   "%store_ln66 = store i8 %select_ln35, i5 %y_2_10_addr" [awn_int8.cpp:66]   --->   Operation 1058 'store' 'store_ln66' <Predicate = (trunc_ln56 == 2 & trunc_ln53 == 10)> <Delay = 0.67> <CoreInst = "RAM">   --->   Core 83 'RAM' <Latency = 1> <II = 1> <Delay = 0.67> <Storage> <Opcode : 'load' 'store'> <Ports = 2> <Width = 8> <Depth = 26> <RAM>
ST_17 : Operation 1059 [1/1] (0.67ns)   --->   "%store_ln66 = store i8 %select_ln35, i5 %y_2_9_addr" [awn_int8.cpp:66]   --->   Operation 1059 'store' 'store_ln66' <Predicate = (trunc_ln56 == 2 & trunc_ln53 == 9)> <Delay = 0.67> <CoreInst = "RAM">   --->   Core 83 'RAM' <Latency = 1> <II = 1> <Delay = 0.67> <Storage> <Opcode : 'load' 'store'> <Ports = 2> <Width = 8> <Depth = 26> <RAM>
ST_17 : Operation 1060 [1/1] (0.67ns)   --->   "%store_ln66 = store i8 %select_ln35, i5 %y_2_8_addr" [awn_int8.cpp:66]   --->   Operation 1060 'store' 'store_ln66' <Predicate = (trunc_ln56 == 2 & trunc_ln53 == 8)> <Delay = 0.67> <CoreInst = "RAM">   --->   Core 83 'RAM' <Latency = 1> <II = 1> <Delay = 0.67> <Storage> <Opcode : 'load' 'store'> <Ports = 2> <Width = 8> <Depth = 26> <RAM>
ST_17 : Operation 1061 [1/1] (0.67ns)   --->   "%store_ln66 = store i8 %select_ln35, i5 %y_2_7_addr" [awn_int8.cpp:66]   --->   Operation 1061 'store' 'store_ln66' <Predicate = (trunc_ln56 == 2 & trunc_ln53 == 7)> <Delay = 0.67> <CoreInst = "RAM">   --->   Core 83 'RAM' <Latency = 1> <II = 1> <Delay = 0.67> <Storage> <Opcode : 'load' 'store'> <Ports = 2> <Width = 8> <Depth = 26> <RAM>
ST_17 : Operation 1062 [1/1] (0.67ns)   --->   "%store_ln66 = store i8 %select_ln35, i5 %y_2_6_addr" [awn_int8.cpp:66]   --->   Operation 1062 'store' 'store_ln66' <Predicate = (trunc_ln56 == 2 & trunc_ln53 == 6)> <Delay = 0.67> <CoreInst = "RAM">   --->   Core 83 'RAM' <Latency = 1> <II = 1> <Delay = 0.67> <Storage> <Opcode : 'load' 'store'> <Ports = 2> <Width = 8> <Depth = 26> <RAM>
ST_17 : Operation 1063 [1/1] (0.67ns)   --->   "%store_ln66 = store i8 %select_ln35, i5 %y_2_5_addr" [awn_int8.cpp:66]   --->   Operation 1063 'store' 'store_ln66' <Predicate = (trunc_ln56 == 2 & trunc_ln53 == 5)> <Delay = 0.67> <CoreInst = "RAM">   --->   Core 83 'RAM' <Latency = 1> <II = 1> <Delay = 0.67> <Storage> <Opcode : 'load' 'store'> <Ports = 2> <Width = 8> <Depth = 26> <RAM>
ST_17 : Operation 1064 [1/1] (0.67ns)   --->   "%store_ln66 = store i8 %select_ln35, i5 %y_2_4_addr" [awn_int8.cpp:66]   --->   Operation 1064 'store' 'store_ln66' <Predicate = (trunc_ln56 == 2 & trunc_ln53 == 4)> <Delay = 0.67> <CoreInst = "RAM">   --->   Core 83 'RAM' <Latency = 1> <II = 1> <Delay = 0.67> <Storage> <Opcode : 'load' 'store'> <Ports = 2> <Width = 8> <Depth = 26> <RAM>
ST_17 : Operation 1065 [1/1] (0.67ns)   --->   "%store_ln66 = store i8 %select_ln35, i5 %y_2_3_addr" [awn_int8.cpp:66]   --->   Operation 1065 'store' 'store_ln66' <Predicate = (trunc_ln56 == 2 & trunc_ln53 == 3)> <Delay = 0.67> <CoreInst = "RAM">   --->   Core 83 'RAM' <Latency = 1> <II = 1> <Delay = 0.67> <Storage> <Opcode : 'load' 'store'> <Ports = 2> <Width = 8> <Depth = 26> <RAM>
ST_17 : Operation 1066 [1/1] (0.67ns)   --->   "%store_ln66 = store i8 %select_ln35, i5 %y_2_2_addr" [awn_int8.cpp:66]   --->   Operation 1066 'store' 'store_ln66' <Predicate = (trunc_ln56 == 2 & trunc_ln53 == 2)> <Delay = 0.67> <CoreInst = "RAM">   --->   Core 83 'RAM' <Latency = 1> <II = 1> <Delay = 0.67> <Storage> <Opcode : 'load' 'store'> <Ports = 2> <Width = 8> <Depth = 26> <RAM>
ST_17 : Operation 1067 [1/1] (0.67ns)   --->   "%store_ln66 = store i8 %select_ln35, i5 %y_2_1_addr" [awn_int8.cpp:66]   --->   Operation 1067 'store' 'store_ln66' <Predicate = (trunc_ln56 == 2 & trunc_ln53 == 1)> <Delay = 0.67> <CoreInst = "RAM">   --->   Core 83 'RAM' <Latency = 1> <II = 1> <Delay = 0.67> <Storage> <Opcode : 'load' 'store'> <Ports = 2> <Width = 8> <Depth = 26> <RAM>
ST_17 : Operation 1068 [1/1] (0.67ns)   --->   "%store_ln66 = store i8 %select_ln35, i5 %y_2_0_addr" [awn_int8.cpp:66]   --->   Operation 1068 'store' 'store_ln66' <Predicate = (trunc_ln56 == 2 & trunc_ln53 == 0)> <Delay = 0.67> <CoreInst = "RAM">   --->   Core 83 'RAM' <Latency = 1> <II = 1> <Delay = 0.67> <Storage> <Opcode : 'load' 'store'> <Ports = 2> <Width = 8> <Depth = 26> <RAM>
ST_17 : Operation 1069 [1/1] (0.67ns)   --->   "%store_ln66 = store i8 %select_ln35, i5 %y_2_63_addr" [awn_int8.cpp:66]   --->   Operation 1069 'store' 'store_ln66' <Predicate = (trunc_ln56 == 2 & trunc_ln53 == 63)> <Delay = 0.67> <CoreInst = "RAM">   --->   Core 83 'RAM' <Latency = 1> <II = 1> <Delay = 0.67> <Storage> <Opcode : 'load' 'store'> <Ports = 2> <Width = 8> <Depth = 26> <RAM>
ST_17 : Operation 1070 [1/1] (0.00ns)   --->   "%br_ln66 = br void %arrayidx3513.exit" [awn_int8.cpp:66]   --->   Operation 1070 'br' 'br_ln66' <Predicate = (trunc_ln56 == 2)> <Delay = 0.00>
ST_17 : Operation 1071 [1/1] (0.67ns)   --->   "%store_ln66 = store i8 %select_ln35, i5 %y_1_62_addr" [awn_int8.cpp:66]   --->   Operation 1071 'store' 'store_ln66' <Predicate = (trunc_ln56 == 1 & trunc_ln53 == 62)> <Delay = 0.67> <CoreInst = "RAM">   --->   Core 83 'RAM' <Latency = 1> <II = 1> <Delay = 0.67> <Storage> <Opcode : 'load' 'store'> <Ports = 2> <Width = 8> <Depth = 26> <RAM>
ST_17 : Operation 1072 [1/1] (0.67ns)   --->   "%store_ln66 = store i8 %select_ln35, i5 %y_1_61_addr" [awn_int8.cpp:66]   --->   Operation 1072 'store' 'store_ln66' <Predicate = (trunc_ln56 == 1 & trunc_ln53 == 61)> <Delay = 0.67> <CoreInst = "RAM">   --->   Core 83 'RAM' <Latency = 1> <II = 1> <Delay = 0.67> <Storage> <Opcode : 'load' 'store'> <Ports = 2> <Width = 8> <Depth = 26> <RAM>
ST_17 : Operation 1073 [1/1] (0.67ns)   --->   "%store_ln66 = store i8 %select_ln35, i5 %y_1_60_addr" [awn_int8.cpp:66]   --->   Operation 1073 'store' 'store_ln66' <Predicate = (trunc_ln56 == 1 & trunc_ln53 == 60)> <Delay = 0.67> <CoreInst = "RAM">   --->   Core 83 'RAM' <Latency = 1> <II = 1> <Delay = 0.67> <Storage> <Opcode : 'load' 'store'> <Ports = 2> <Width = 8> <Depth = 26> <RAM>
ST_17 : Operation 1074 [1/1] (0.67ns)   --->   "%store_ln66 = store i8 %select_ln35, i5 %y_1_59_addr" [awn_int8.cpp:66]   --->   Operation 1074 'store' 'store_ln66' <Predicate = (trunc_ln56 == 1 & trunc_ln53 == 59)> <Delay = 0.67> <CoreInst = "RAM">   --->   Core 83 'RAM' <Latency = 1> <II = 1> <Delay = 0.67> <Storage> <Opcode : 'load' 'store'> <Ports = 2> <Width = 8> <Depth = 26> <RAM>
ST_17 : Operation 1075 [1/1] (0.67ns)   --->   "%store_ln66 = store i8 %select_ln35, i5 %y_1_58_addr" [awn_int8.cpp:66]   --->   Operation 1075 'store' 'store_ln66' <Predicate = (trunc_ln56 == 1 & trunc_ln53 == 58)> <Delay = 0.67> <CoreInst = "RAM">   --->   Core 83 'RAM' <Latency = 1> <II = 1> <Delay = 0.67> <Storage> <Opcode : 'load' 'store'> <Ports = 2> <Width = 8> <Depth = 26> <RAM>
ST_17 : Operation 1076 [1/1] (0.67ns)   --->   "%store_ln66 = store i8 %select_ln35, i5 %y_1_57_addr" [awn_int8.cpp:66]   --->   Operation 1076 'store' 'store_ln66' <Predicate = (trunc_ln56 == 1 & trunc_ln53 == 57)> <Delay = 0.67> <CoreInst = "RAM">   --->   Core 83 'RAM' <Latency = 1> <II = 1> <Delay = 0.67> <Storage> <Opcode : 'load' 'store'> <Ports = 2> <Width = 8> <Depth = 26> <RAM>
ST_17 : Operation 1077 [1/1] (0.67ns)   --->   "%store_ln66 = store i8 %select_ln35, i5 %y_1_56_addr" [awn_int8.cpp:66]   --->   Operation 1077 'store' 'store_ln66' <Predicate = (trunc_ln56 == 1 & trunc_ln53 == 56)> <Delay = 0.67> <CoreInst = "RAM">   --->   Core 83 'RAM' <Latency = 1> <II = 1> <Delay = 0.67> <Storage> <Opcode : 'load' 'store'> <Ports = 2> <Width = 8> <Depth = 26> <RAM>
ST_17 : Operation 1078 [1/1] (0.67ns)   --->   "%store_ln66 = store i8 %select_ln35, i5 %y_1_55_addr" [awn_int8.cpp:66]   --->   Operation 1078 'store' 'store_ln66' <Predicate = (trunc_ln56 == 1 & trunc_ln53 == 55)> <Delay = 0.67> <CoreInst = "RAM">   --->   Core 83 'RAM' <Latency = 1> <II = 1> <Delay = 0.67> <Storage> <Opcode : 'load' 'store'> <Ports = 2> <Width = 8> <Depth = 26> <RAM>
ST_17 : Operation 1079 [1/1] (0.67ns)   --->   "%store_ln66 = store i8 %select_ln35, i5 %y_1_54_addr" [awn_int8.cpp:66]   --->   Operation 1079 'store' 'store_ln66' <Predicate = (trunc_ln56 == 1 & trunc_ln53 == 54)> <Delay = 0.67> <CoreInst = "RAM">   --->   Core 83 'RAM' <Latency = 1> <II = 1> <Delay = 0.67> <Storage> <Opcode : 'load' 'store'> <Ports = 2> <Width = 8> <Depth = 26> <RAM>
ST_17 : Operation 1080 [1/1] (0.67ns)   --->   "%store_ln66 = store i8 %select_ln35, i5 %y_1_53_addr" [awn_int8.cpp:66]   --->   Operation 1080 'store' 'store_ln66' <Predicate = (trunc_ln56 == 1 & trunc_ln53 == 53)> <Delay = 0.67> <CoreInst = "RAM">   --->   Core 83 'RAM' <Latency = 1> <II = 1> <Delay = 0.67> <Storage> <Opcode : 'load' 'store'> <Ports = 2> <Width = 8> <Depth = 26> <RAM>
ST_17 : Operation 1081 [1/1] (0.67ns)   --->   "%store_ln66 = store i8 %select_ln35, i5 %y_1_52_addr" [awn_int8.cpp:66]   --->   Operation 1081 'store' 'store_ln66' <Predicate = (trunc_ln56 == 1 & trunc_ln53 == 52)> <Delay = 0.67> <CoreInst = "RAM">   --->   Core 83 'RAM' <Latency = 1> <II = 1> <Delay = 0.67> <Storage> <Opcode : 'load' 'store'> <Ports = 2> <Width = 8> <Depth = 26> <RAM>
ST_17 : Operation 1082 [1/1] (0.67ns)   --->   "%store_ln66 = store i8 %select_ln35, i5 %y_1_51_addr" [awn_int8.cpp:66]   --->   Operation 1082 'store' 'store_ln66' <Predicate = (trunc_ln56 == 1 & trunc_ln53 == 51)> <Delay = 0.67> <CoreInst = "RAM">   --->   Core 83 'RAM' <Latency = 1> <II = 1> <Delay = 0.67> <Storage> <Opcode : 'load' 'store'> <Ports = 2> <Width = 8> <Depth = 26> <RAM>
ST_17 : Operation 1083 [1/1] (0.67ns)   --->   "%store_ln66 = store i8 %select_ln35, i5 %y_1_50_addr" [awn_int8.cpp:66]   --->   Operation 1083 'store' 'store_ln66' <Predicate = (trunc_ln56 == 1 & trunc_ln53 == 50)> <Delay = 0.67> <CoreInst = "RAM">   --->   Core 83 'RAM' <Latency = 1> <II = 1> <Delay = 0.67> <Storage> <Opcode : 'load' 'store'> <Ports = 2> <Width = 8> <Depth = 26> <RAM>
ST_17 : Operation 1084 [1/1] (0.67ns)   --->   "%store_ln66 = store i8 %select_ln35, i5 %y_1_49_addr" [awn_int8.cpp:66]   --->   Operation 1084 'store' 'store_ln66' <Predicate = (trunc_ln56 == 1 & trunc_ln53 == 49)> <Delay = 0.67> <CoreInst = "RAM">   --->   Core 83 'RAM' <Latency = 1> <II = 1> <Delay = 0.67> <Storage> <Opcode : 'load' 'store'> <Ports = 2> <Width = 8> <Depth = 26> <RAM>
ST_17 : Operation 1085 [1/1] (0.67ns)   --->   "%store_ln66 = store i8 %select_ln35, i5 %y_1_48_addr" [awn_int8.cpp:66]   --->   Operation 1085 'store' 'store_ln66' <Predicate = (trunc_ln56 == 1 & trunc_ln53 == 48)> <Delay = 0.67> <CoreInst = "RAM">   --->   Core 83 'RAM' <Latency = 1> <II = 1> <Delay = 0.67> <Storage> <Opcode : 'load' 'store'> <Ports = 2> <Width = 8> <Depth = 26> <RAM>
ST_17 : Operation 1086 [1/1] (0.67ns)   --->   "%store_ln66 = store i8 %select_ln35, i5 %y_1_47_addr" [awn_int8.cpp:66]   --->   Operation 1086 'store' 'store_ln66' <Predicate = (trunc_ln56 == 1 & trunc_ln53 == 47)> <Delay = 0.67> <CoreInst = "RAM">   --->   Core 83 'RAM' <Latency = 1> <II = 1> <Delay = 0.67> <Storage> <Opcode : 'load' 'store'> <Ports = 2> <Width = 8> <Depth = 26> <RAM>
ST_17 : Operation 1087 [1/1] (0.67ns)   --->   "%store_ln66 = store i8 %select_ln35, i5 %y_1_46_addr" [awn_int8.cpp:66]   --->   Operation 1087 'store' 'store_ln66' <Predicate = (trunc_ln56 == 1 & trunc_ln53 == 46)> <Delay = 0.67> <CoreInst = "RAM">   --->   Core 83 'RAM' <Latency = 1> <II = 1> <Delay = 0.67> <Storage> <Opcode : 'load' 'store'> <Ports = 2> <Width = 8> <Depth = 26> <RAM>
ST_17 : Operation 1088 [1/1] (0.67ns)   --->   "%store_ln66 = store i8 %select_ln35, i5 %y_1_45_addr" [awn_int8.cpp:66]   --->   Operation 1088 'store' 'store_ln66' <Predicate = (trunc_ln56 == 1 & trunc_ln53 == 45)> <Delay = 0.67> <CoreInst = "RAM">   --->   Core 83 'RAM' <Latency = 1> <II = 1> <Delay = 0.67> <Storage> <Opcode : 'load' 'store'> <Ports = 2> <Width = 8> <Depth = 26> <RAM>
ST_17 : Operation 1089 [1/1] (0.67ns)   --->   "%store_ln66 = store i8 %select_ln35, i5 %y_1_44_addr" [awn_int8.cpp:66]   --->   Operation 1089 'store' 'store_ln66' <Predicate = (trunc_ln56 == 1 & trunc_ln53 == 44)> <Delay = 0.67> <CoreInst = "RAM">   --->   Core 83 'RAM' <Latency = 1> <II = 1> <Delay = 0.67> <Storage> <Opcode : 'load' 'store'> <Ports = 2> <Width = 8> <Depth = 26> <RAM>
ST_17 : Operation 1090 [1/1] (0.67ns)   --->   "%store_ln66 = store i8 %select_ln35, i5 %y_1_43_addr" [awn_int8.cpp:66]   --->   Operation 1090 'store' 'store_ln66' <Predicate = (trunc_ln56 == 1 & trunc_ln53 == 43)> <Delay = 0.67> <CoreInst = "RAM">   --->   Core 83 'RAM' <Latency = 1> <II = 1> <Delay = 0.67> <Storage> <Opcode : 'load' 'store'> <Ports = 2> <Width = 8> <Depth = 26> <RAM>
ST_17 : Operation 1091 [1/1] (0.67ns)   --->   "%store_ln66 = store i8 %select_ln35, i5 %y_1_42_addr" [awn_int8.cpp:66]   --->   Operation 1091 'store' 'store_ln66' <Predicate = (trunc_ln56 == 1 & trunc_ln53 == 42)> <Delay = 0.67> <CoreInst = "RAM">   --->   Core 83 'RAM' <Latency = 1> <II = 1> <Delay = 0.67> <Storage> <Opcode : 'load' 'store'> <Ports = 2> <Width = 8> <Depth = 26> <RAM>
ST_17 : Operation 1092 [1/1] (0.67ns)   --->   "%store_ln66 = store i8 %select_ln35, i5 %y_1_41_addr" [awn_int8.cpp:66]   --->   Operation 1092 'store' 'store_ln66' <Predicate = (trunc_ln56 == 1 & trunc_ln53 == 41)> <Delay = 0.67> <CoreInst = "RAM">   --->   Core 83 'RAM' <Latency = 1> <II = 1> <Delay = 0.67> <Storage> <Opcode : 'load' 'store'> <Ports = 2> <Width = 8> <Depth = 26> <RAM>
ST_17 : Operation 1093 [1/1] (0.67ns)   --->   "%store_ln66 = store i8 %select_ln35, i5 %y_1_40_addr" [awn_int8.cpp:66]   --->   Operation 1093 'store' 'store_ln66' <Predicate = (trunc_ln56 == 1 & trunc_ln53 == 40)> <Delay = 0.67> <CoreInst = "RAM">   --->   Core 83 'RAM' <Latency = 1> <II = 1> <Delay = 0.67> <Storage> <Opcode : 'load' 'store'> <Ports = 2> <Width = 8> <Depth = 26> <RAM>
ST_17 : Operation 1094 [1/1] (0.67ns)   --->   "%store_ln66 = store i8 %select_ln35, i5 %y_1_39_addr" [awn_int8.cpp:66]   --->   Operation 1094 'store' 'store_ln66' <Predicate = (trunc_ln56 == 1 & trunc_ln53 == 39)> <Delay = 0.67> <CoreInst = "RAM">   --->   Core 83 'RAM' <Latency = 1> <II = 1> <Delay = 0.67> <Storage> <Opcode : 'load' 'store'> <Ports = 2> <Width = 8> <Depth = 26> <RAM>
ST_17 : Operation 1095 [1/1] (0.67ns)   --->   "%store_ln66 = store i8 %select_ln35, i5 %y_1_38_addr" [awn_int8.cpp:66]   --->   Operation 1095 'store' 'store_ln66' <Predicate = (trunc_ln56 == 1 & trunc_ln53 == 38)> <Delay = 0.67> <CoreInst = "RAM">   --->   Core 83 'RAM' <Latency = 1> <II = 1> <Delay = 0.67> <Storage> <Opcode : 'load' 'store'> <Ports = 2> <Width = 8> <Depth = 26> <RAM>
ST_17 : Operation 1096 [1/1] (0.67ns)   --->   "%store_ln66 = store i8 %select_ln35, i5 %y_1_37_addr" [awn_int8.cpp:66]   --->   Operation 1096 'store' 'store_ln66' <Predicate = (trunc_ln56 == 1 & trunc_ln53 == 37)> <Delay = 0.67> <CoreInst = "RAM">   --->   Core 83 'RAM' <Latency = 1> <II = 1> <Delay = 0.67> <Storage> <Opcode : 'load' 'store'> <Ports = 2> <Width = 8> <Depth = 26> <RAM>
ST_17 : Operation 1097 [1/1] (0.67ns)   --->   "%store_ln66 = store i8 %select_ln35, i5 %y_1_36_addr" [awn_int8.cpp:66]   --->   Operation 1097 'store' 'store_ln66' <Predicate = (trunc_ln56 == 1 & trunc_ln53 == 36)> <Delay = 0.67> <CoreInst = "RAM">   --->   Core 83 'RAM' <Latency = 1> <II = 1> <Delay = 0.67> <Storage> <Opcode : 'load' 'store'> <Ports = 2> <Width = 8> <Depth = 26> <RAM>
ST_17 : Operation 1098 [1/1] (0.67ns)   --->   "%store_ln66 = store i8 %select_ln35, i5 %y_1_35_addr" [awn_int8.cpp:66]   --->   Operation 1098 'store' 'store_ln66' <Predicate = (trunc_ln56 == 1 & trunc_ln53 == 35)> <Delay = 0.67> <CoreInst = "RAM">   --->   Core 83 'RAM' <Latency = 1> <II = 1> <Delay = 0.67> <Storage> <Opcode : 'load' 'store'> <Ports = 2> <Width = 8> <Depth = 26> <RAM>
ST_17 : Operation 1099 [1/1] (0.67ns)   --->   "%store_ln66 = store i8 %select_ln35, i5 %y_1_34_addr" [awn_int8.cpp:66]   --->   Operation 1099 'store' 'store_ln66' <Predicate = (trunc_ln56 == 1 & trunc_ln53 == 34)> <Delay = 0.67> <CoreInst = "RAM">   --->   Core 83 'RAM' <Latency = 1> <II = 1> <Delay = 0.67> <Storage> <Opcode : 'load' 'store'> <Ports = 2> <Width = 8> <Depth = 26> <RAM>
ST_17 : Operation 1100 [1/1] (0.67ns)   --->   "%store_ln66 = store i8 %select_ln35, i5 %y_1_33_addr" [awn_int8.cpp:66]   --->   Operation 1100 'store' 'store_ln66' <Predicate = (trunc_ln56 == 1 & trunc_ln53 == 33)> <Delay = 0.67> <CoreInst = "RAM">   --->   Core 83 'RAM' <Latency = 1> <II = 1> <Delay = 0.67> <Storage> <Opcode : 'load' 'store'> <Ports = 2> <Width = 8> <Depth = 26> <RAM>
ST_17 : Operation 1101 [1/1] (0.67ns)   --->   "%store_ln66 = store i8 %select_ln35, i5 %y_1_32_addr" [awn_int8.cpp:66]   --->   Operation 1101 'store' 'store_ln66' <Predicate = (trunc_ln56 == 1 & trunc_ln53 == 32)> <Delay = 0.67> <CoreInst = "RAM">   --->   Core 83 'RAM' <Latency = 1> <II = 1> <Delay = 0.67> <Storage> <Opcode : 'load' 'store'> <Ports = 2> <Width = 8> <Depth = 26> <RAM>
ST_17 : Operation 1102 [1/1] (0.67ns)   --->   "%store_ln66 = store i8 %select_ln35, i5 %y_1_31_addr" [awn_int8.cpp:66]   --->   Operation 1102 'store' 'store_ln66' <Predicate = (trunc_ln56 == 1 & trunc_ln53 == 31)> <Delay = 0.67> <CoreInst = "RAM">   --->   Core 83 'RAM' <Latency = 1> <II = 1> <Delay = 0.67> <Storage> <Opcode : 'load' 'store'> <Ports = 2> <Width = 8> <Depth = 26> <RAM>
ST_17 : Operation 1103 [1/1] (0.67ns)   --->   "%store_ln66 = store i8 %select_ln35, i5 %y_1_30_addr" [awn_int8.cpp:66]   --->   Operation 1103 'store' 'store_ln66' <Predicate = (trunc_ln56 == 1 & trunc_ln53 == 30)> <Delay = 0.67> <CoreInst = "RAM">   --->   Core 83 'RAM' <Latency = 1> <II = 1> <Delay = 0.67> <Storage> <Opcode : 'load' 'store'> <Ports = 2> <Width = 8> <Depth = 26> <RAM>
ST_17 : Operation 1104 [1/1] (0.67ns)   --->   "%store_ln66 = store i8 %select_ln35, i5 %y_1_29_addr" [awn_int8.cpp:66]   --->   Operation 1104 'store' 'store_ln66' <Predicate = (trunc_ln56 == 1 & trunc_ln53 == 29)> <Delay = 0.67> <CoreInst = "RAM">   --->   Core 83 'RAM' <Latency = 1> <II = 1> <Delay = 0.67> <Storage> <Opcode : 'load' 'store'> <Ports = 2> <Width = 8> <Depth = 26> <RAM>
ST_17 : Operation 1105 [1/1] (0.67ns)   --->   "%store_ln66 = store i8 %select_ln35, i5 %y_1_28_addr" [awn_int8.cpp:66]   --->   Operation 1105 'store' 'store_ln66' <Predicate = (trunc_ln56 == 1 & trunc_ln53 == 28)> <Delay = 0.67> <CoreInst = "RAM">   --->   Core 83 'RAM' <Latency = 1> <II = 1> <Delay = 0.67> <Storage> <Opcode : 'load' 'store'> <Ports = 2> <Width = 8> <Depth = 26> <RAM>
ST_17 : Operation 1106 [1/1] (0.67ns)   --->   "%store_ln66 = store i8 %select_ln35, i5 %y_1_27_addr" [awn_int8.cpp:66]   --->   Operation 1106 'store' 'store_ln66' <Predicate = (trunc_ln56 == 1 & trunc_ln53 == 27)> <Delay = 0.67> <CoreInst = "RAM">   --->   Core 83 'RAM' <Latency = 1> <II = 1> <Delay = 0.67> <Storage> <Opcode : 'load' 'store'> <Ports = 2> <Width = 8> <Depth = 26> <RAM>
ST_17 : Operation 1107 [1/1] (0.67ns)   --->   "%store_ln66 = store i8 %select_ln35, i5 %y_1_26_addr" [awn_int8.cpp:66]   --->   Operation 1107 'store' 'store_ln66' <Predicate = (trunc_ln56 == 1 & trunc_ln53 == 26)> <Delay = 0.67> <CoreInst = "RAM">   --->   Core 83 'RAM' <Latency = 1> <II = 1> <Delay = 0.67> <Storage> <Opcode : 'load' 'store'> <Ports = 2> <Width = 8> <Depth = 26> <RAM>
ST_17 : Operation 1108 [1/1] (0.67ns)   --->   "%store_ln66 = store i8 %select_ln35, i5 %y_1_25_addr" [awn_int8.cpp:66]   --->   Operation 1108 'store' 'store_ln66' <Predicate = (trunc_ln56 == 1 & trunc_ln53 == 25)> <Delay = 0.67> <CoreInst = "RAM">   --->   Core 83 'RAM' <Latency = 1> <II = 1> <Delay = 0.67> <Storage> <Opcode : 'load' 'store'> <Ports = 2> <Width = 8> <Depth = 26> <RAM>
ST_17 : Operation 1109 [1/1] (0.67ns)   --->   "%store_ln66 = store i8 %select_ln35, i5 %y_1_24_addr" [awn_int8.cpp:66]   --->   Operation 1109 'store' 'store_ln66' <Predicate = (trunc_ln56 == 1 & trunc_ln53 == 24)> <Delay = 0.67> <CoreInst = "RAM">   --->   Core 83 'RAM' <Latency = 1> <II = 1> <Delay = 0.67> <Storage> <Opcode : 'load' 'store'> <Ports = 2> <Width = 8> <Depth = 26> <RAM>
ST_17 : Operation 1110 [1/1] (0.67ns)   --->   "%store_ln66 = store i8 %select_ln35, i5 %y_1_23_addr" [awn_int8.cpp:66]   --->   Operation 1110 'store' 'store_ln66' <Predicate = (trunc_ln56 == 1 & trunc_ln53 == 23)> <Delay = 0.67> <CoreInst = "RAM">   --->   Core 83 'RAM' <Latency = 1> <II = 1> <Delay = 0.67> <Storage> <Opcode : 'load' 'store'> <Ports = 2> <Width = 8> <Depth = 26> <RAM>
ST_17 : Operation 1111 [1/1] (0.67ns)   --->   "%store_ln66 = store i8 %select_ln35, i5 %y_1_22_addr" [awn_int8.cpp:66]   --->   Operation 1111 'store' 'store_ln66' <Predicate = (trunc_ln56 == 1 & trunc_ln53 == 22)> <Delay = 0.67> <CoreInst = "RAM">   --->   Core 83 'RAM' <Latency = 1> <II = 1> <Delay = 0.67> <Storage> <Opcode : 'load' 'store'> <Ports = 2> <Width = 8> <Depth = 26> <RAM>
ST_17 : Operation 1112 [1/1] (0.67ns)   --->   "%store_ln66 = store i8 %select_ln35, i5 %y_1_21_addr" [awn_int8.cpp:66]   --->   Operation 1112 'store' 'store_ln66' <Predicate = (trunc_ln56 == 1 & trunc_ln53 == 21)> <Delay = 0.67> <CoreInst = "RAM">   --->   Core 83 'RAM' <Latency = 1> <II = 1> <Delay = 0.67> <Storage> <Opcode : 'load' 'store'> <Ports = 2> <Width = 8> <Depth = 26> <RAM>
ST_17 : Operation 1113 [1/1] (0.67ns)   --->   "%store_ln66 = store i8 %select_ln35, i5 %y_1_20_addr" [awn_int8.cpp:66]   --->   Operation 1113 'store' 'store_ln66' <Predicate = (trunc_ln56 == 1 & trunc_ln53 == 20)> <Delay = 0.67> <CoreInst = "RAM">   --->   Core 83 'RAM' <Latency = 1> <II = 1> <Delay = 0.67> <Storage> <Opcode : 'load' 'store'> <Ports = 2> <Width = 8> <Depth = 26> <RAM>
ST_17 : Operation 1114 [1/1] (0.67ns)   --->   "%store_ln66 = store i8 %select_ln35, i5 %y_1_19_addr" [awn_int8.cpp:66]   --->   Operation 1114 'store' 'store_ln66' <Predicate = (trunc_ln56 == 1 & trunc_ln53 == 19)> <Delay = 0.67> <CoreInst = "RAM">   --->   Core 83 'RAM' <Latency = 1> <II = 1> <Delay = 0.67> <Storage> <Opcode : 'load' 'store'> <Ports = 2> <Width = 8> <Depth = 26> <RAM>
ST_17 : Operation 1115 [1/1] (0.67ns)   --->   "%store_ln66 = store i8 %select_ln35, i5 %y_1_18_addr" [awn_int8.cpp:66]   --->   Operation 1115 'store' 'store_ln66' <Predicate = (trunc_ln56 == 1 & trunc_ln53 == 18)> <Delay = 0.67> <CoreInst = "RAM">   --->   Core 83 'RAM' <Latency = 1> <II = 1> <Delay = 0.67> <Storage> <Opcode : 'load' 'store'> <Ports = 2> <Width = 8> <Depth = 26> <RAM>
ST_17 : Operation 1116 [1/1] (0.67ns)   --->   "%store_ln66 = store i8 %select_ln35, i5 %y_1_17_addr" [awn_int8.cpp:66]   --->   Operation 1116 'store' 'store_ln66' <Predicate = (trunc_ln56 == 1 & trunc_ln53 == 17)> <Delay = 0.67> <CoreInst = "RAM">   --->   Core 83 'RAM' <Latency = 1> <II = 1> <Delay = 0.67> <Storage> <Opcode : 'load' 'store'> <Ports = 2> <Width = 8> <Depth = 26> <RAM>
ST_17 : Operation 1117 [1/1] (0.67ns)   --->   "%store_ln66 = store i8 %select_ln35, i5 %y_1_16_addr" [awn_int8.cpp:66]   --->   Operation 1117 'store' 'store_ln66' <Predicate = (trunc_ln56 == 1 & trunc_ln53 == 16)> <Delay = 0.67> <CoreInst = "RAM">   --->   Core 83 'RAM' <Latency = 1> <II = 1> <Delay = 0.67> <Storage> <Opcode : 'load' 'store'> <Ports = 2> <Width = 8> <Depth = 26> <RAM>
ST_17 : Operation 1118 [1/1] (0.67ns)   --->   "%store_ln66 = store i8 %select_ln35, i5 %y_1_15_addr" [awn_int8.cpp:66]   --->   Operation 1118 'store' 'store_ln66' <Predicate = (trunc_ln56 == 1 & trunc_ln53 == 15)> <Delay = 0.67> <CoreInst = "RAM">   --->   Core 83 'RAM' <Latency = 1> <II = 1> <Delay = 0.67> <Storage> <Opcode : 'load' 'store'> <Ports = 2> <Width = 8> <Depth = 26> <RAM>
ST_17 : Operation 1119 [1/1] (0.67ns)   --->   "%store_ln66 = store i8 %select_ln35, i5 %y_1_14_addr" [awn_int8.cpp:66]   --->   Operation 1119 'store' 'store_ln66' <Predicate = (trunc_ln56 == 1 & trunc_ln53 == 14)> <Delay = 0.67> <CoreInst = "RAM">   --->   Core 83 'RAM' <Latency = 1> <II = 1> <Delay = 0.67> <Storage> <Opcode : 'load' 'store'> <Ports = 2> <Width = 8> <Depth = 26> <RAM>
ST_17 : Operation 1120 [1/1] (0.67ns)   --->   "%store_ln66 = store i8 %select_ln35, i5 %y_1_13_addr" [awn_int8.cpp:66]   --->   Operation 1120 'store' 'store_ln66' <Predicate = (trunc_ln56 == 1 & trunc_ln53 == 13)> <Delay = 0.67> <CoreInst = "RAM">   --->   Core 83 'RAM' <Latency = 1> <II = 1> <Delay = 0.67> <Storage> <Opcode : 'load' 'store'> <Ports = 2> <Width = 8> <Depth = 26> <RAM>
ST_17 : Operation 1121 [1/1] (0.67ns)   --->   "%store_ln66 = store i8 %select_ln35, i5 %y_1_12_addr" [awn_int8.cpp:66]   --->   Operation 1121 'store' 'store_ln66' <Predicate = (trunc_ln56 == 1 & trunc_ln53 == 12)> <Delay = 0.67> <CoreInst = "RAM">   --->   Core 83 'RAM' <Latency = 1> <II = 1> <Delay = 0.67> <Storage> <Opcode : 'load' 'store'> <Ports = 2> <Width = 8> <Depth = 26> <RAM>
ST_17 : Operation 1122 [1/1] (0.67ns)   --->   "%store_ln66 = store i8 %select_ln35, i5 %y_1_11_addr" [awn_int8.cpp:66]   --->   Operation 1122 'store' 'store_ln66' <Predicate = (trunc_ln56 == 1 & trunc_ln53 == 11)> <Delay = 0.67> <CoreInst = "RAM">   --->   Core 83 'RAM' <Latency = 1> <II = 1> <Delay = 0.67> <Storage> <Opcode : 'load' 'store'> <Ports = 2> <Width = 8> <Depth = 26> <RAM>
ST_17 : Operation 1123 [1/1] (0.67ns)   --->   "%store_ln66 = store i8 %select_ln35, i5 %y_1_10_addr" [awn_int8.cpp:66]   --->   Operation 1123 'store' 'store_ln66' <Predicate = (trunc_ln56 == 1 & trunc_ln53 == 10)> <Delay = 0.67> <CoreInst = "RAM">   --->   Core 83 'RAM' <Latency = 1> <II = 1> <Delay = 0.67> <Storage> <Opcode : 'load' 'store'> <Ports = 2> <Width = 8> <Depth = 26> <RAM>
ST_17 : Operation 1124 [1/1] (0.67ns)   --->   "%store_ln66 = store i8 %select_ln35, i5 %y_1_9_addr" [awn_int8.cpp:66]   --->   Operation 1124 'store' 'store_ln66' <Predicate = (trunc_ln56 == 1 & trunc_ln53 == 9)> <Delay = 0.67> <CoreInst = "RAM">   --->   Core 83 'RAM' <Latency = 1> <II = 1> <Delay = 0.67> <Storage> <Opcode : 'load' 'store'> <Ports = 2> <Width = 8> <Depth = 26> <RAM>
ST_17 : Operation 1125 [1/1] (0.67ns)   --->   "%store_ln66 = store i8 %select_ln35, i5 %y_1_8_addr" [awn_int8.cpp:66]   --->   Operation 1125 'store' 'store_ln66' <Predicate = (trunc_ln56 == 1 & trunc_ln53 == 8)> <Delay = 0.67> <CoreInst = "RAM">   --->   Core 83 'RAM' <Latency = 1> <II = 1> <Delay = 0.67> <Storage> <Opcode : 'load' 'store'> <Ports = 2> <Width = 8> <Depth = 26> <RAM>
ST_17 : Operation 1126 [1/1] (0.67ns)   --->   "%store_ln66 = store i8 %select_ln35, i5 %y_1_7_addr" [awn_int8.cpp:66]   --->   Operation 1126 'store' 'store_ln66' <Predicate = (trunc_ln56 == 1 & trunc_ln53 == 7)> <Delay = 0.67> <CoreInst = "RAM">   --->   Core 83 'RAM' <Latency = 1> <II = 1> <Delay = 0.67> <Storage> <Opcode : 'load' 'store'> <Ports = 2> <Width = 8> <Depth = 26> <RAM>
ST_17 : Operation 1127 [1/1] (0.67ns)   --->   "%store_ln66 = store i8 %select_ln35, i5 %y_1_6_addr" [awn_int8.cpp:66]   --->   Operation 1127 'store' 'store_ln66' <Predicate = (trunc_ln56 == 1 & trunc_ln53 == 6)> <Delay = 0.67> <CoreInst = "RAM">   --->   Core 83 'RAM' <Latency = 1> <II = 1> <Delay = 0.67> <Storage> <Opcode : 'load' 'store'> <Ports = 2> <Width = 8> <Depth = 26> <RAM>
ST_17 : Operation 1128 [1/1] (0.67ns)   --->   "%store_ln66 = store i8 %select_ln35, i5 %y_1_5_addr" [awn_int8.cpp:66]   --->   Operation 1128 'store' 'store_ln66' <Predicate = (trunc_ln56 == 1 & trunc_ln53 == 5)> <Delay = 0.67> <CoreInst = "RAM">   --->   Core 83 'RAM' <Latency = 1> <II = 1> <Delay = 0.67> <Storage> <Opcode : 'load' 'store'> <Ports = 2> <Width = 8> <Depth = 26> <RAM>
ST_17 : Operation 1129 [1/1] (0.67ns)   --->   "%store_ln66 = store i8 %select_ln35, i5 %y_1_4_addr" [awn_int8.cpp:66]   --->   Operation 1129 'store' 'store_ln66' <Predicate = (trunc_ln56 == 1 & trunc_ln53 == 4)> <Delay = 0.67> <CoreInst = "RAM">   --->   Core 83 'RAM' <Latency = 1> <II = 1> <Delay = 0.67> <Storage> <Opcode : 'load' 'store'> <Ports = 2> <Width = 8> <Depth = 26> <RAM>
ST_17 : Operation 1130 [1/1] (0.67ns)   --->   "%store_ln66 = store i8 %select_ln35, i5 %y_1_3_addr" [awn_int8.cpp:66]   --->   Operation 1130 'store' 'store_ln66' <Predicate = (trunc_ln56 == 1 & trunc_ln53 == 3)> <Delay = 0.67> <CoreInst = "RAM">   --->   Core 83 'RAM' <Latency = 1> <II = 1> <Delay = 0.67> <Storage> <Opcode : 'load' 'store'> <Ports = 2> <Width = 8> <Depth = 26> <RAM>
ST_17 : Operation 1131 [1/1] (0.67ns)   --->   "%store_ln66 = store i8 %select_ln35, i5 %y_1_2_addr" [awn_int8.cpp:66]   --->   Operation 1131 'store' 'store_ln66' <Predicate = (trunc_ln56 == 1 & trunc_ln53 == 2)> <Delay = 0.67> <CoreInst = "RAM">   --->   Core 83 'RAM' <Latency = 1> <II = 1> <Delay = 0.67> <Storage> <Opcode : 'load' 'store'> <Ports = 2> <Width = 8> <Depth = 26> <RAM>
ST_17 : Operation 1132 [1/1] (0.67ns)   --->   "%store_ln66 = store i8 %select_ln35, i5 %y_1_1_addr" [awn_int8.cpp:66]   --->   Operation 1132 'store' 'store_ln66' <Predicate = (trunc_ln56 == 1 & trunc_ln53 == 1)> <Delay = 0.67> <CoreInst = "RAM">   --->   Core 83 'RAM' <Latency = 1> <II = 1> <Delay = 0.67> <Storage> <Opcode : 'load' 'store'> <Ports = 2> <Width = 8> <Depth = 26> <RAM>
ST_17 : Operation 1133 [1/1] (0.67ns)   --->   "%store_ln66 = store i8 %select_ln35, i5 %y_1_0_addr" [awn_int8.cpp:66]   --->   Operation 1133 'store' 'store_ln66' <Predicate = (trunc_ln56 == 1 & trunc_ln53 == 0)> <Delay = 0.67> <CoreInst = "RAM">   --->   Core 83 'RAM' <Latency = 1> <II = 1> <Delay = 0.67> <Storage> <Opcode : 'load' 'store'> <Ports = 2> <Width = 8> <Depth = 26> <RAM>
ST_17 : Operation 1134 [1/1] (0.67ns)   --->   "%store_ln66 = store i8 %select_ln35, i5 %y_1_63_addr" [awn_int8.cpp:66]   --->   Operation 1134 'store' 'store_ln66' <Predicate = (trunc_ln56 == 1 & trunc_ln53 == 63)> <Delay = 0.67> <CoreInst = "RAM">   --->   Core 83 'RAM' <Latency = 1> <II = 1> <Delay = 0.67> <Storage> <Opcode : 'load' 'store'> <Ports = 2> <Width = 8> <Depth = 26> <RAM>
ST_17 : Operation 1135 [1/1] (0.00ns)   --->   "%br_ln66 = br void %arrayidx3513.exit" [awn_int8.cpp:66]   --->   Operation 1135 'br' 'br_ln66' <Predicate = (trunc_ln56 == 1)> <Delay = 0.00>
ST_17 : Operation 1136 [1/1] (0.67ns)   --->   "%store_ln66 = store i8 %select_ln35, i5 %y_0_62_addr" [awn_int8.cpp:66]   --->   Operation 1136 'store' 'store_ln66' <Predicate = (trunc_ln56 == 0 & trunc_ln53 == 62)> <Delay = 0.67> <CoreInst = "RAM">   --->   Core 83 'RAM' <Latency = 1> <II = 1> <Delay = 0.67> <Storage> <Opcode : 'load' 'store'> <Ports = 2> <Width = 8> <Depth = 26> <RAM>
ST_17 : Operation 1137 [1/1] (0.67ns)   --->   "%store_ln66 = store i8 %select_ln35, i5 %y_0_61_addr" [awn_int8.cpp:66]   --->   Operation 1137 'store' 'store_ln66' <Predicate = (trunc_ln56 == 0 & trunc_ln53 == 61)> <Delay = 0.67> <CoreInst = "RAM">   --->   Core 83 'RAM' <Latency = 1> <II = 1> <Delay = 0.67> <Storage> <Opcode : 'load' 'store'> <Ports = 2> <Width = 8> <Depth = 26> <RAM>
ST_17 : Operation 1138 [1/1] (0.67ns)   --->   "%store_ln66 = store i8 %select_ln35, i5 %y_0_60_addr" [awn_int8.cpp:66]   --->   Operation 1138 'store' 'store_ln66' <Predicate = (trunc_ln56 == 0 & trunc_ln53 == 60)> <Delay = 0.67> <CoreInst = "RAM">   --->   Core 83 'RAM' <Latency = 1> <II = 1> <Delay = 0.67> <Storage> <Opcode : 'load' 'store'> <Ports = 2> <Width = 8> <Depth = 26> <RAM>
ST_17 : Operation 1139 [1/1] (0.67ns)   --->   "%store_ln66 = store i8 %select_ln35, i5 %y_0_59_addr" [awn_int8.cpp:66]   --->   Operation 1139 'store' 'store_ln66' <Predicate = (trunc_ln56 == 0 & trunc_ln53 == 59)> <Delay = 0.67> <CoreInst = "RAM">   --->   Core 83 'RAM' <Latency = 1> <II = 1> <Delay = 0.67> <Storage> <Opcode : 'load' 'store'> <Ports = 2> <Width = 8> <Depth = 26> <RAM>
ST_17 : Operation 1140 [1/1] (0.67ns)   --->   "%store_ln66 = store i8 %select_ln35, i5 %y_0_58_addr" [awn_int8.cpp:66]   --->   Operation 1140 'store' 'store_ln66' <Predicate = (trunc_ln56 == 0 & trunc_ln53 == 58)> <Delay = 0.67> <CoreInst = "RAM">   --->   Core 83 'RAM' <Latency = 1> <II = 1> <Delay = 0.67> <Storage> <Opcode : 'load' 'store'> <Ports = 2> <Width = 8> <Depth = 26> <RAM>
ST_17 : Operation 1141 [1/1] (0.67ns)   --->   "%store_ln66 = store i8 %select_ln35, i5 %y_0_57_addr" [awn_int8.cpp:66]   --->   Operation 1141 'store' 'store_ln66' <Predicate = (trunc_ln56 == 0 & trunc_ln53 == 57)> <Delay = 0.67> <CoreInst = "RAM">   --->   Core 83 'RAM' <Latency = 1> <II = 1> <Delay = 0.67> <Storage> <Opcode : 'load' 'store'> <Ports = 2> <Width = 8> <Depth = 26> <RAM>
ST_17 : Operation 1142 [1/1] (0.67ns)   --->   "%store_ln66 = store i8 %select_ln35, i5 %y_0_56_addr" [awn_int8.cpp:66]   --->   Operation 1142 'store' 'store_ln66' <Predicate = (trunc_ln56 == 0 & trunc_ln53 == 56)> <Delay = 0.67> <CoreInst = "RAM">   --->   Core 83 'RAM' <Latency = 1> <II = 1> <Delay = 0.67> <Storage> <Opcode : 'load' 'store'> <Ports = 2> <Width = 8> <Depth = 26> <RAM>
ST_17 : Operation 1143 [1/1] (0.67ns)   --->   "%store_ln66 = store i8 %select_ln35, i5 %y_0_55_addr" [awn_int8.cpp:66]   --->   Operation 1143 'store' 'store_ln66' <Predicate = (trunc_ln56 == 0 & trunc_ln53 == 55)> <Delay = 0.67> <CoreInst = "RAM">   --->   Core 83 'RAM' <Latency = 1> <II = 1> <Delay = 0.67> <Storage> <Opcode : 'load' 'store'> <Ports = 2> <Width = 8> <Depth = 26> <RAM>
ST_17 : Operation 1144 [1/1] (0.67ns)   --->   "%store_ln66 = store i8 %select_ln35, i5 %y_0_54_addr" [awn_int8.cpp:66]   --->   Operation 1144 'store' 'store_ln66' <Predicate = (trunc_ln56 == 0 & trunc_ln53 == 54)> <Delay = 0.67> <CoreInst = "RAM">   --->   Core 83 'RAM' <Latency = 1> <II = 1> <Delay = 0.67> <Storage> <Opcode : 'load' 'store'> <Ports = 2> <Width = 8> <Depth = 26> <RAM>
ST_17 : Operation 1145 [1/1] (0.67ns)   --->   "%store_ln66 = store i8 %select_ln35, i5 %y_0_53_addr" [awn_int8.cpp:66]   --->   Operation 1145 'store' 'store_ln66' <Predicate = (trunc_ln56 == 0 & trunc_ln53 == 53)> <Delay = 0.67> <CoreInst = "RAM">   --->   Core 83 'RAM' <Latency = 1> <II = 1> <Delay = 0.67> <Storage> <Opcode : 'load' 'store'> <Ports = 2> <Width = 8> <Depth = 26> <RAM>
ST_17 : Operation 1146 [1/1] (0.67ns)   --->   "%store_ln66 = store i8 %select_ln35, i5 %y_0_52_addr" [awn_int8.cpp:66]   --->   Operation 1146 'store' 'store_ln66' <Predicate = (trunc_ln56 == 0 & trunc_ln53 == 52)> <Delay = 0.67> <CoreInst = "RAM">   --->   Core 83 'RAM' <Latency = 1> <II = 1> <Delay = 0.67> <Storage> <Opcode : 'load' 'store'> <Ports = 2> <Width = 8> <Depth = 26> <RAM>
ST_17 : Operation 1147 [1/1] (0.67ns)   --->   "%store_ln66 = store i8 %select_ln35, i5 %y_0_51_addr" [awn_int8.cpp:66]   --->   Operation 1147 'store' 'store_ln66' <Predicate = (trunc_ln56 == 0 & trunc_ln53 == 51)> <Delay = 0.67> <CoreInst = "RAM">   --->   Core 83 'RAM' <Latency = 1> <II = 1> <Delay = 0.67> <Storage> <Opcode : 'load' 'store'> <Ports = 2> <Width = 8> <Depth = 26> <RAM>
ST_17 : Operation 1148 [1/1] (0.67ns)   --->   "%store_ln66 = store i8 %select_ln35, i5 %y_0_50_addr" [awn_int8.cpp:66]   --->   Operation 1148 'store' 'store_ln66' <Predicate = (trunc_ln56 == 0 & trunc_ln53 == 50)> <Delay = 0.67> <CoreInst = "RAM">   --->   Core 83 'RAM' <Latency = 1> <II = 1> <Delay = 0.67> <Storage> <Opcode : 'load' 'store'> <Ports = 2> <Width = 8> <Depth = 26> <RAM>
ST_17 : Operation 1149 [1/1] (0.67ns)   --->   "%store_ln66 = store i8 %select_ln35, i5 %y_0_49_addr" [awn_int8.cpp:66]   --->   Operation 1149 'store' 'store_ln66' <Predicate = (trunc_ln56 == 0 & trunc_ln53 == 49)> <Delay = 0.67> <CoreInst = "RAM">   --->   Core 83 'RAM' <Latency = 1> <II = 1> <Delay = 0.67> <Storage> <Opcode : 'load' 'store'> <Ports = 2> <Width = 8> <Depth = 26> <RAM>
ST_17 : Operation 1150 [1/1] (0.67ns)   --->   "%store_ln66 = store i8 %select_ln35, i5 %y_0_48_addr" [awn_int8.cpp:66]   --->   Operation 1150 'store' 'store_ln66' <Predicate = (trunc_ln56 == 0 & trunc_ln53 == 48)> <Delay = 0.67> <CoreInst = "RAM">   --->   Core 83 'RAM' <Latency = 1> <II = 1> <Delay = 0.67> <Storage> <Opcode : 'load' 'store'> <Ports = 2> <Width = 8> <Depth = 26> <RAM>
ST_17 : Operation 1151 [1/1] (0.67ns)   --->   "%store_ln66 = store i8 %select_ln35, i5 %y_0_47_addr" [awn_int8.cpp:66]   --->   Operation 1151 'store' 'store_ln66' <Predicate = (trunc_ln56 == 0 & trunc_ln53 == 47)> <Delay = 0.67> <CoreInst = "RAM">   --->   Core 83 'RAM' <Latency = 1> <II = 1> <Delay = 0.67> <Storage> <Opcode : 'load' 'store'> <Ports = 2> <Width = 8> <Depth = 26> <RAM>
ST_17 : Operation 1152 [1/1] (0.67ns)   --->   "%store_ln66 = store i8 %select_ln35, i5 %y_0_46_addr" [awn_int8.cpp:66]   --->   Operation 1152 'store' 'store_ln66' <Predicate = (trunc_ln56 == 0 & trunc_ln53 == 46)> <Delay = 0.67> <CoreInst = "RAM">   --->   Core 83 'RAM' <Latency = 1> <II = 1> <Delay = 0.67> <Storage> <Opcode : 'load' 'store'> <Ports = 2> <Width = 8> <Depth = 26> <RAM>
ST_17 : Operation 1153 [1/1] (0.67ns)   --->   "%store_ln66 = store i8 %select_ln35, i5 %y_0_45_addr" [awn_int8.cpp:66]   --->   Operation 1153 'store' 'store_ln66' <Predicate = (trunc_ln56 == 0 & trunc_ln53 == 45)> <Delay = 0.67> <CoreInst = "RAM">   --->   Core 83 'RAM' <Latency = 1> <II = 1> <Delay = 0.67> <Storage> <Opcode : 'load' 'store'> <Ports = 2> <Width = 8> <Depth = 26> <RAM>
ST_17 : Operation 1154 [1/1] (0.67ns)   --->   "%store_ln66 = store i8 %select_ln35, i5 %y_0_44_addr" [awn_int8.cpp:66]   --->   Operation 1154 'store' 'store_ln66' <Predicate = (trunc_ln56 == 0 & trunc_ln53 == 44)> <Delay = 0.67> <CoreInst = "RAM">   --->   Core 83 'RAM' <Latency = 1> <II = 1> <Delay = 0.67> <Storage> <Opcode : 'load' 'store'> <Ports = 2> <Width = 8> <Depth = 26> <RAM>
ST_17 : Operation 1155 [1/1] (0.67ns)   --->   "%store_ln66 = store i8 %select_ln35, i5 %y_0_43_addr" [awn_int8.cpp:66]   --->   Operation 1155 'store' 'store_ln66' <Predicate = (trunc_ln56 == 0 & trunc_ln53 == 43)> <Delay = 0.67> <CoreInst = "RAM">   --->   Core 83 'RAM' <Latency = 1> <II = 1> <Delay = 0.67> <Storage> <Opcode : 'load' 'store'> <Ports = 2> <Width = 8> <Depth = 26> <RAM>
ST_17 : Operation 1156 [1/1] (0.67ns)   --->   "%store_ln66 = store i8 %select_ln35, i5 %y_0_42_addr" [awn_int8.cpp:66]   --->   Operation 1156 'store' 'store_ln66' <Predicate = (trunc_ln56 == 0 & trunc_ln53 == 42)> <Delay = 0.67> <CoreInst = "RAM">   --->   Core 83 'RAM' <Latency = 1> <II = 1> <Delay = 0.67> <Storage> <Opcode : 'load' 'store'> <Ports = 2> <Width = 8> <Depth = 26> <RAM>
ST_17 : Operation 1157 [1/1] (0.67ns)   --->   "%store_ln66 = store i8 %select_ln35, i5 %y_0_41_addr" [awn_int8.cpp:66]   --->   Operation 1157 'store' 'store_ln66' <Predicate = (trunc_ln56 == 0 & trunc_ln53 == 41)> <Delay = 0.67> <CoreInst = "RAM">   --->   Core 83 'RAM' <Latency = 1> <II = 1> <Delay = 0.67> <Storage> <Opcode : 'load' 'store'> <Ports = 2> <Width = 8> <Depth = 26> <RAM>
ST_17 : Operation 1158 [1/1] (0.67ns)   --->   "%store_ln66 = store i8 %select_ln35, i5 %y_0_40_addr" [awn_int8.cpp:66]   --->   Operation 1158 'store' 'store_ln66' <Predicate = (trunc_ln56 == 0 & trunc_ln53 == 40)> <Delay = 0.67> <CoreInst = "RAM">   --->   Core 83 'RAM' <Latency = 1> <II = 1> <Delay = 0.67> <Storage> <Opcode : 'load' 'store'> <Ports = 2> <Width = 8> <Depth = 26> <RAM>
ST_17 : Operation 1159 [1/1] (0.67ns)   --->   "%store_ln66 = store i8 %select_ln35, i5 %y_0_39_addr" [awn_int8.cpp:66]   --->   Operation 1159 'store' 'store_ln66' <Predicate = (trunc_ln56 == 0 & trunc_ln53 == 39)> <Delay = 0.67> <CoreInst = "RAM">   --->   Core 83 'RAM' <Latency = 1> <II = 1> <Delay = 0.67> <Storage> <Opcode : 'load' 'store'> <Ports = 2> <Width = 8> <Depth = 26> <RAM>
ST_17 : Operation 1160 [1/1] (0.67ns)   --->   "%store_ln66 = store i8 %select_ln35, i5 %y_0_38_addr" [awn_int8.cpp:66]   --->   Operation 1160 'store' 'store_ln66' <Predicate = (trunc_ln56 == 0 & trunc_ln53 == 38)> <Delay = 0.67> <CoreInst = "RAM">   --->   Core 83 'RAM' <Latency = 1> <II = 1> <Delay = 0.67> <Storage> <Opcode : 'load' 'store'> <Ports = 2> <Width = 8> <Depth = 26> <RAM>
ST_17 : Operation 1161 [1/1] (0.67ns)   --->   "%store_ln66 = store i8 %select_ln35, i5 %y_0_37_addr" [awn_int8.cpp:66]   --->   Operation 1161 'store' 'store_ln66' <Predicate = (trunc_ln56 == 0 & trunc_ln53 == 37)> <Delay = 0.67> <CoreInst = "RAM">   --->   Core 83 'RAM' <Latency = 1> <II = 1> <Delay = 0.67> <Storage> <Opcode : 'load' 'store'> <Ports = 2> <Width = 8> <Depth = 26> <RAM>
ST_17 : Operation 1162 [1/1] (0.67ns)   --->   "%store_ln66 = store i8 %select_ln35, i5 %y_0_36_addr" [awn_int8.cpp:66]   --->   Operation 1162 'store' 'store_ln66' <Predicate = (trunc_ln56 == 0 & trunc_ln53 == 36)> <Delay = 0.67> <CoreInst = "RAM">   --->   Core 83 'RAM' <Latency = 1> <II = 1> <Delay = 0.67> <Storage> <Opcode : 'load' 'store'> <Ports = 2> <Width = 8> <Depth = 26> <RAM>
ST_17 : Operation 1163 [1/1] (0.67ns)   --->   "%store_ln66 = store i8 %select_ln35, i5 %y_0_35_addr" [awn_int8.cpp:66]   --->   Operation 1163 'store' 'store_ln66' <Predicate = (trunc_ln56 == 0 & trunc_ln53 == 35)> <Delay = 0.67> <CoreInst = "RAM">   --->   Core 83 'RAM' <Latency = 1> <II = 1> <Delay = 0.67> <Storage> <Opcode : 'load' 'store'> <Ports = 2> <Width = 8> <Depth = 26> <RAM>
ST_17 : Operation 1164 [1/1] (0.67ns)   --->   "%store_ln66 = store i8 %select_ln35, i5 %y_0_34_addr" [awn_int8.cpp:66]   --->   Operation 1164 'store' 'store_ln66' <Predicate = (trunc_ln56 == 0 & trunc_ln53 == 34)> <Delay = 0.67> <CoreInst = "RAM">   --->   Core 83 'RAM' <Latency = 1> <II = 1> <Delay = 0.67> <Storage> <Opcode : 'load' 'store'> <Ports = 2> <Width = 8> <Depth = 26> <RAM>
ST_17 : Operation 1165 [1/1] (0.67ns)   --->   "%store_ln66 = store i8 %select_ln35, i5 %y_0_33_addr" [awn_int8.cpp:66]   --->   Operation 1165 'store' 'store_ln66' <Predicate = (trunc_ln56 == 0 & trunc_ln53 == 33)> <Delay = 0.67> <CoreInst = "RAM">   --->   Core 83 'RAM' <Latency = 1> <II = 1> <Delay = 0.67> <Storage> <Opcode : 'load' 'store'> <Ports = 2> <Width = 8> <Depth = 26> <RAM>
ST_17 : Operation 1166 [1/1] (0.67ns)   --->   "%store_ln66 = store i8 %select_ln35, i5 %y_0_32_addr" [awn_int8.cpp:66]   --->   Operation 1166 'store' 'store_ln66' <Predicate = (trunc_ln56 == 0 & trunc_ln53 == 32)> <Delay = 0.67> <CoreInst = "RAM">   --->   Core 83 'RAM' <Latency = 1> <II = 1> <Delay = 0.67> <Storage> <Opcode : 'load' 'store'> <Ports = 2> <Width = 8> <Depth = 26> <RAM>
ST_17 : Operation 1167 [1/1] (0.67ns)   --->   "%store_ln66 = store i8 %select_ln35, i5 %y_0_31_addr" [awn_int8.cpp:66]   --->   Operation 1167 'store' 'store_ln66' <Predicate = (trunc_ln56 == 0 & trunc_ln53 == 31)> <Delay = 0.67> <CoreInst = "RAM">   --->   Core 83 'RAM' <Latency = 1> <II = 1> <Delay = 0.67> <Storage> <Opcode : 'load' 'store'> <Ports = 2> <Width = 8> <Depth = 26> <RAM>
ST_17 : Operation 1168 [1/1] (0.67ns)   --->   "%store_ln66 = store i8 %select_ln35, i5 %y_0_30_addr" [awn_int8.cpp:66]   --->   Operation 1168 'store' 'store_ln66' <Predicate = (trunc_ln56 == 0 & trunc_ln53 == 30)> <Delay = 0.67> <CoreInst = "RAM">   --->   Core 83 'RAM' <Latency = 1> <II = 1> <Delay = 0.67> <Storage> <Opcode : 'load' 'store'> <Ports = 2> <Width = 8> <Depth = 26> <RAM>
ST_17 : Operation 1169 [1/1] (0.67ns)   --->   "%store_ln66 = store i8 %select_ln35, i5 %y_0_29_addr" [awn_int8.cpp:66]   --->   Operation 1169 'store' 'store_ln66' <Predicate = (trunc_ln56 == 0 & trunc_ln53 == 29)> <Delay = 0.67> <CoreInst = "RAM">   --->   Core 83 'RAM' <Latency = 1> <II = 1> <Delay = 0.67> <Storage> <Opcode : 'load' 'store'> <Ports = 2> <Width = 8> <Depth = 26> <RAM>
ST_17 : Operation 1170 [1/1] (0.67ns)   --->   "%store_ln66 = store i8 %select_ln35, i5 %y_0_28_addr" [awn_int8.cpp:66]   --->   Operation 1170 'store' 'store_ln66' <Predicate = (trunc_ln56 == 0 & trunc_ln53 == 28)> <Delay = 0.67> <CoreInst = "RAM">   --->   Core 83 'RAM' <Latency = 1> <II = 1> <Delay = 0.67> <Storage> <Opcode : 'load' 'store'> <Ports = 2> <Width = 8> <Depth = 26> <RAM>
ST_17 : Operation 1171 [1/1] (0.67ns)   --->   "%store_ln66 = store i8 %select_ln35, i5 %y_0_27_addr" [awn_int8.cpp:66]   --->   Operation 1171 'store' 'store_ln66' <Predicate = (trunc_ln56 == 0 & trunc_ln53 == 27)> <Delay = 0.67> <CoreInst = "RAM">   --->   Core 83 'RAM' <Latency = 1> <II = 1> <Delay = 0.67> <Storage> <Opcode : 'load' 'store'> <Ports = 2> <Width = 8> <Depth = 26> <RAM>
ST_17 : Operation 1172 [1/1] (0.67ns)   --->   "%store_ln66 = store i8 %select_ln35, i5 %y_0_26_addr" [awn_int8.cpp:66]   --->   Operation 1172 'store' 'store_ln66' <Predicate = (trunc_ln56 == 0 & trunc_ln53 == 26)> <Delay = 0.67> <CoreInst = "RAM">   --->   Core 83 'RAM' <Latency = 1> <II = 1> <Delay = 0.67> <Storage> <Opcode : 'load' 'store'> <Ports = 2> <Width = 8> <Depth = 26> <RAM>
ST_17 : Operation 1173 [1/1] (0.67ns)   --->   "%store_ln66 = store i8 %select_ln35, i5 %y_0_25_addr" [awn_int8.cpp:66]   --->   Operation 1173 'store' 'store_ln66' <Predicate = (trunc_ln56 == 0 & trunc_ln53 == 25)> <Delay = 0.67> <CoreInst = "RAM">   --->   Core 83 'RAM' <Latency = 1> <II = 1> <Delay = 0.67> <Storage> <Opcode : 'load' 'store'> <Ports = 2> <Width = 8> <Depth = 26> <RAM>
ST_17 : Operation 1174 [1/1] (0.67ns)   --->   "%store_ln66 = store i8 %select_ln35, i5 %y_0_24_addr" [awn_int8.cpp:66]   --->   Operation 1174 'store' 'store_ln66' <Predicate = (trunc_ln56 == 0 & trunc_ln53 == 24)> <Delay = 0.67> <CoreInst = "RAM">   --->   Core 83 'RAM' <Latency = 1> <II = 1> <Delay = 0.67> <Storage> <Opcode : 'load' 'store'> <Ports = 2> <Width = 8> <Depth = 26> <RAM>
ST_17 : Operation 1175 [1/1] (0.67ns)   --->   "%store_ln66 = store i8 %select_ln35, i5 %y_0_23_addr" [awn_int8.cpp:66]   --->   Operation 1175 'store' 'store_ln66' <Predicate = (trunc_ln56 == 0 & trunc_ln53 == 23)> <Delay = 0.67> <CoreInst = "RAM">   --->   Core 83 'RAM' <Latency = 1> <II = 1> <Delay = 0.67> <Storage> <Opcode : 'load' 'store'> <Ports = 2> <Width = 8> <Depth = 26> <RAM>
ST_17 : Operation 1176 [1/1] (0.67ns)   --->   "%store_ln66 = store i8 %select_ln35, i5 %y_0_22_addr" [awn_int8.cpp:66]   --->   Operation 1176 'store' 'store_ln66' <Predicate = (trunc_ln56 == 0 & trunc_ln53 == 22)> <Delay = 0.67> <CoreInst = "RAM">   --->   Core 83 'RAM' <Latency = 1> <II = 1> <Delay = 0.67> <Storage> <Opcode : 'load' 'store'> <Ports = 2> <Width = 8> <Depth = 26> <RAM>
ST_17 : Operation 1177 [1/1] (0.67ns)   --->   "%store_ln66 = store i8 %select_ln35, i5 %y_0_21_addr" [awn_int8.cpp:66]   --->   Operation 1177 'store' 'store_ln66' <Predicate = (trunc_ln56 == 0 & trunc_ln53 == 21)> <Delay = 0.67> <CoreInst = "RAM">   --->   Core 83 'RAM' <Latency = 1> <II = 1> <Delay = 0.67> <Storage> <Opcode : 'load' 'store'> <Ports = 2> <Width = 8> <Depth = 26> <RAM>
ST_17 : Operation 1178 [1/1] (0.67ns)   --->   "%store_ln66 = store i8 %select_ln35, i5 %y_0_20_addr" [awn_int8.cpp:66]   --->   Operation 1178 'store' 'store_ln66' <Predicate = (trunc_ln56 == 0 & trunc_ln53 == 20)> <Delay = 0.67> <CoreInst = "RAM">   --->   Core 83 'RAM' <Latency = 1> <II = 1> <Delay = 0.67> <Storage> <Opcode : 'load' 'store'> <Ports = 2> <Width = 8> <Depth = 26> <RAM>
ST_17 : Operation 1179 [1/1] (0.67ns)   --->   "%store_ln66 = store i8 %select_ln35, i5 %y_0_19_addr" [awn_int8.cpp:66]   --->   Operation 1179 'store' 'store_ln66' <Predicate = (trunc_ln56 == 0 & trunc_ln53 == 19)> <Delay = 0.67> <CoreInst = "RAM">   --->   Core 83 'RAM' <Latency = 1> <II = 1> <Delay = 0.67> <Storage> <Opcode : 'load' 'store'> <Ports = 2> <Width = 8> <Depth = 26> <RAM>
ST_17 : Operation 1180 [1/1] (0.67ns)   --->   "%store_ln66 = store i8 %select_ln35, i5 %y_0_18_addr" [awn_int8.cpp:66]   --->   Operation 1180 'store' 'store_ln66' <Predicate = (trunc_ln56 == 0 & trunc_ln53 == 18)> <Delay = 0.67> <CoreInst = "RAM">   --->   Core 83 'RAM' <Latency = 1> <II = 1> <Delay = 0.67> <Storage> <Opcode : 'load' 'store'> <Ports = 2> <Width = 8> <Depth = 26> <RAM>
ST_17 : Operation 1181 [1/1] (0.67ns)   --->   "%store_ln66 = store i8 %select_ln35, i5 %y_0_17_addr" [awn_int8.cpp:66]   --->   Operation 1181 'store' 'store_ln66' <Predicate = (trunc_ln56 == 0 & trunc_ln53 == 17)> <Delay = 0.67> <CoreInst = "RAM">   --->   Core 83 'RAM' <Latency = 1> <II = 1> <Delay = 0.67> <Storage> <Opcode : 'load' 'store'> <Ports = 2> <Width = 8> <Depth = 26> <RAM>
ST_17 : Operation 1182 [1/1] (0.67ns)   --->   "%store_ln66 = store i8 %select_ln35, i5 %y_0_16_addr" [awn_int8.cpp:66]   --->   Operation 1182 'store' 'store_ln66' <Predicate = (trunc_ln56 == 0 & trunc_ln53 == 16)> <Delay = 0.67> <CoreInst = "RAM">   --->   Core 83 'RAM' <Latency = 1> <II = 1> <Delay = 0.67> <Storage> <Opcode : 'load' 'store'> <Ports = 2> <Width = 8> <Depth = 26> <RAM>
ST_17 : Operation 1183 [1/1] (0.67ns)   --->   "%store_ln66 = store i8 %select_ln35, i5 %y_0_15_addr" [awn_int8.cpp:66]   --->   Operation 1183 'store' 'store_ln66' <Predicate = (trunc_ln56 == 0 & trunc_ln53 == 15)> <Delay = 0.67> <CoreInst = "RAM">   --->   Core 83 'RAM' <Latency = 1> <II = 1> <Delay = 0.67> <Storage> <Opcode : 'load' 'store'> <Ports = 2> <Width = 8> <Depth = 26> <RAM>
ST_17 : Operation 1184 [1/1] (0.67ns)   --->   "%store_ln66 = store i8 %select_ln35, i5 %y_0_14_addr" [awn_int8.cpp:66]   --->   Operation 1184 'store' 'store_ln66' <Predicate = (trunc_ln56 == 0 & trunc_ln53 == 14)> <Delay = 0.67> <CoreInst = "RAM">   --->   Core 83 'RAM' <Latency = 1> <II = 1> <Delay = 0.67> <Storage> <Opcode : 'load' 'store'> <Ports = 2> <Width = 8> <Depth = 26> <RAM>
ST_17 : Operation 1185 [1/1] (0.67ns)   --->   "%store_ln66 = store i8 %select_ln35, i5 %y_0_13_addr" [awn_int8.cpp:66]   --->   Operation 1185 'store' 'store_ln66' <Predicate = (trunc_ln56 == 0 & trunc_ln53 == 13)> <Delay = 0.67> <CoreInst = "RAM">   --->   Core 83 'RAM' <Latency = 1> <II = 1> <Delay = 0.67> <Storage> <Opcode : 'load' 'store'> <Ports = 2> <Width = 8> <Depth = 26> <RAM>
ST_17 : Operation 1186 [1/1] (0.67ns)   --->   "%store_ln66 = store i8 %select_ln35, i5 %y_0_12_addr" [awn_int8.cpp:66]   --->   Operation 1186 'store' 'store_ln66' <Predicate = (trunc_ln56 == 0 & trunc_ln53 == 12)> <Delay = 0.67> <CoreInst = "RAM">   --->   Core 83 'RAM' <Latency = 1> <II = 1> <Delay = 0.67> <Storage> <Opcode : 'load' 'store'> <Ports = 2> <Width = 8> <Depth = 26> <RAM>
ST_17 : Operation 1187 [1/1] (0.67ns)   --->   "%store_ln66 = store i8 %select_ln35, i5 %y_0_11_addr" [awn_int8.cpp:66]   --->   Operation 1187 'store' 'store_ln66' <Predicate = (trunc_ln56 == 0 & trunc_ln53 == 11)> <Delay = 0.67> <CoreInst = "RAM">   --->   Core 83 'RAM' <Latency = 1> <II = 1> <Delay = 0.67> <Storage> <Opcode : 'load' 'store'> <Ports = 2> <Width = 8> <Depth = 26> <RAM>
ST_17 : Operation 1188 [1/1] (0.67ns)   --->   "%store_ln66 = store i8 %select_ln35, i5 %y_0_10_addr" [awn_int8.cpp:66]   --->   Operation 1188 'store' 'store_ln66' <Predicate = (trunc_ln56 == 0 & trunc_ln53 == 10)> <Delay = 0.67> <CoreInst = "RAM">   --->   Core 83 'RAM' <Latency = 1> <II = 1> <Delay = 0.67> <Storage> <Opcode : 'load' 'store'> <Ports = 2> <Width = 8> <Depth = 26> <RAM>
ST_17 : Operation 1189 [1/1] (0.67ns)   --->   "%store_ln66 = store i8 %select_ln35, i5 %y_0_9_addr" [awn_int8.cpp:66]   --->   Operation 1189 'store' 'store_ln66' <Predicate = (trunc_ln56 == 0 & trunc_ln53 == 9)> <Delay = 0.67> <CoreInst = "RAM">   --->   Core 83 'RAM' <Latency = 1> <II = 1> <Delay = 0.67> <Storage> <Opcode : 'load' 'store'> <Ports = 2> <Width = 8> <Depth = 26> <RAM>
ST_17 : Operation 1190 [1/1] (0.67ns)   --->   "%store_ln66 = store i8 %select_ln35, i5 %y_0_8_addr" [awn_int8.cpp:66]   --->   Operation 1190 'store' 'store_ln66' <Predicate = (trunc_ln56 == 0 & trunc_ln53 == 8)> <Delay = 0.67> <CoreInst = "RAM">   --->   Core 83 'RAM' <Latency = 1> <II = 1> <Delay = 0.67> <Storage> <Opcode : 'load' 'store'> <Ports = 2> <Width = 8> <Depth = 26> <RAM>
ST_17 : Operation 1191 [1/1] (0.67ns)   --->   "%store_ln66 = store i8 %select_ln35, i5 %y_0_7_addr" [awn_int8.cpp:66]   --->   Operation 1191 'store' 'store_ln66' <Predicate = (trunc_ln56 == 0 & trunc_ln53 == 7)> <Delay = 0.67> <CoreInst = "RAM">   --->   Core 83 'RAM' <Latency = 1> <II = 1> <Delay = 0.67> <Storage> <Opcode : 'load' 'store'> <Ports = 2> <Width = 8> <Depth = 26> <RAM>
ST_17 : Operation 1192 [1/1] (0.67ns)   --->   "%store_ln66 = store i8 %select_ln35, i5 %y_0_6_addr" [awn_int8.cpp:66]   --->   Operation 1192 'store' 'store_ln66' <Predicate = (trunc_ln56 == 0 & trunc_ln53 == 6)> <Delay = 0.67> <CoreInst = "RAM">   --->   Core 83 'RAM' <Latency = 1> <II = 1> <Delay = 0.67> <Storage> <Opcode : 'load' 'store'> <Ports = 2> <Width = 8> <Depth = 26> <RAM>
ST_17 : Operation 1193 [1/1] (0.67ns)   --->   "%store_ln66 = store i8 %select_ln35, i5 %y_0_5_addr" [awn_int8.cpp:66]   --->   Operation 1193 'store' 'store_ln66' <Predicate = (trunc_ln56 == 0 & trunc_ln53 == 5)> <Delay = 0.67> <CoreInst = "RAM">   --->   Core 83 'RAM' <Latency = 1> <II = 1> <Delay = 0.67> <Storage> <Opcode : 'load' 'store'> <Ports = 2> <Width = 8> <Depth = 26> <RAM>
ST_17 : Operation 1194 [1/1] (0.67ns)   --->   "%store_ln66 = store i8 %select_ln35, i5 %y_0_4_addr" [awn_int8.cpp:66]   --->   Operation 1194 'store' 'store_ln66' <Predicate = (trunc_ln56 == 0 & trunc_ln53 == 4)> <Delay = 0.67> <CoreInst = "RAM">   --->   Core 83 'RAM' <Latency = 1> <II = 1> <Delay = 0.67> <Storage> <Opcode : 'load' 'store'> <Ports = 2> <Width = 8> <Depth = 26> <RAM>
ST_17 : Operation 1195 [1/1] (0.67ns)   --->   "%store_ln66 = store i8 %select_ln35, i5 %y_0_3_addr" [awn_int8.cpp:66]   --->   Operation 1195 'store' 'store_ln66' <Predicate = (trunc_ln56 == 0 & trunc_ln53 == 3)> <Delay = 0.67> <CoreInst = "RAM">   --->   Core 83 'RAM' <Latency = 1> <II = 1> <Delay = 0.67> <Storage> <Opcode : 'load' 'store'> <Ports = 2> <Width = 8> <Depth = 26> <RAM>
ST_17 : Operation 1196 [1/1] (0.67ns)   --->   "%store_ln66 = store i8 %select_ln35, i5 %y_0_2_addr" [awn_int8.cpp:66]   --->   Operation 1196 'store' 'store_ln66' <Predicate = (trunc_ln56 == 0 & trunc_ln53 == 2)> <Delay = 0.67> <CoreInst = "RAM">   --->   Core 83 'RAM' <Latency = 1> <II = 1> <Delay = 0.67> <Storage> <Opcode : 'load' 'store'> <Ports = 2> <Width = 8> <Depth = 26> <RAM>
ST_17 : Operation 1197 [1/1] (0.67ns)   --->   "%store_ln66 = store i8 %select_ln35, i5 %y_0_1_addr" [awn_int8.cpp:66]   --->   Operation 1197 'store' 'store_ln66' <Predicate = (trunc_ln56 == 0 & trunc_ln53 == 1)> <Delay = 0.67> <CoreInst = "RAM">   --->   Core 83 'RAM' <Latency = 1> <II = 1> <Delay = 0.67> <Storage> <Opcode : 'load' 'store'> <Ports = 2> <Width = 8> <Depth = 26> <RAM>
ST_17 : Operation 1198 [1/1] (0.67ns)   --->   "%store_ln66 = store i8 %select_ln35, i5 %y_0_0_addr" [awn_int8.cpp:66]   --->   Operation 1198 'store' 'store_ln66' <Predicate = (trunc_ln56 == 0 & trunc_ln53 == 0)> <Delay = 0.67> <CoreInst = "RAM">   --->   Core 83 'RAM' <Latency = 1> <II = 1> <Delay = 0.67> <Storage> <Opcode : 'load' 'store'> <Ports = 2> <Width = 8> <Depth = 26> <RAM>
ST_17 : Operation 1199 [1/1] (0.67ns)   --->   "%store_ln66 = store i8 %select_ln35, i5 %y_0_63_addr" [awn_int8.cpp:66]   --->   Operation 1199 'store' 'store_ln66' <Predicate = (trunc_ln56 == 0 & trunc_ln53 == 63)> <Delay = 0.67> <CoreInst = "RAM">   --->   Core 83 'RAM' <Latency = 1> <II = 1> <Delay = 0.67> <Storage> <Opcode : 'load' 'store'> <Ports = 2> <Width = 8> <Depth = 26> <RAM>
ST_17 : Operation 1200 [1/1] (0.00ns)   --->   "%br_ln66 = br void %arrayidx3513.exit" [awn_int8.cpp:66]   --->   Operation 1200 'br' 'br_ln66' <Predicate = (trunc_ln56 == 0)> <Delay = 0.00>
ST_17 : Operation 1201 [1/1] (0.67ns)   --->   "%store_ln66 = store i8 %select_ln35, i5 %y_4_62_addr" [awn_int8.cpp:66]   --->   Operation 1201 'store' 'store_ln66' <Predicate = (trunc_ln56 != 0 & trunc_ln56 != 1 & trunc_ln56 != 2 & trunc_ln56 != 3 & trunc_ln53 == 62)> <Delay = 0.67> <CoreInst = "RAM">   --->   Core 83 'RAM' <Latency = 1> <II = 1> <Delay = 0.67> <Storage> <Opcode : 'load' 'store'> <Ports = 2> <Width = 8> <Depth = 26> <RAM>
ST_17 : Operation 1202 [1/1] (0.67ns)   --->   "%store_ln66 = store i8 %select_ln35, i5 %y_4_61_addr" [awn_int8.cpp:66]   --->   Operation 1202 'store' 'store_ln66' <Predicate = (trunc_ln56 != 0 & trunc_ln56 != 1 & trunc_ln56 != 2 & trunc_ln56 != 3 & trunc_ln53 == 61)> <Delay = 0.67> <CoreInst = "RAM">   --->   Core 83 'RAM' <Latency = 1> <II = 1> <Delay = 0.67> <Storage> <Opcode : 'load' 'store'> <Ports = 2> <Width = 8> <Depth = 26> <RAM>
ST_17 : Operation 1203 [1/1] (0.67ns)   --->   "%store_ln66 = store i8 %select_ln35, i5 %y_4_60_addr" [awn_int8.cpp:66]   --->   Operation 1203 'store' 'store_ln66' <Predicate = (trunc_ln56 != 0 & trunc_ln56 != 1 & trunc_ln56 != 2 & trunc_ln56 != 3 & trunc_ln53 == 60)> <Delay = 0.67> <CoreInst = "RAM">   --->   Core 83 'RAM' <Latency = 1> <II = 1> <Delay = 0.67> <Storage> <Opcode : 'load' 'store'> <Ports = 2> <Width = 8> <Depth = 26> <RAM>
ST_17 : Operation 1204 [1/1] (0.67ns)   --->   "%store_ln66 = store i8 %select_ln35, i5 %y_4_59_addr" [awn_int8.cpp:66]   --->   Operation 1204 'store' 'store_ln66' <Predicate = (trunc_ln56 != 0 & trunc_ln56 != 1 & trunc_ln56 != 2 & trunc_ln56 != 3 & trunc_ln53 == 59)> <Delay = 0.67> <CoreInst = "RAM">   --->   Core 83 'RAM' <Latency = 1> <II = 1> <Delay = 0.67> <Storage> <Opcode : 'load' 'store'> <Ports = 2> <Width = 8> <Depth = 26> <RAM>
ST_17 : Operation 1205 [1/1] (0.67ns)   --->   "%store_ln66 = store i8 %select_ln35, i5 %y_4_58_addr" [awn_int8.cpp:66]   --->   Operation 1205 'store' 'store_ln66' <Predicate = (trunc_ln56 != 0 & trunc_ln56 != 1 & trunc_ln56 != 2 & trunc_ln56 != 3 & trunc_ln53 == 58)> <Delay = 0.67> <CoreInst = "RAM">   --->   Core 83 'RAM' <Latency = 1> <II = 1> <Delay = 0.67> <Storage> <Opcode : 'load' 'store'> <Ports = 2> <Width = 8> <Depth = 26> <RAM>
ST_17 : Operation 1206 [1/1] (0.67ns)   --->   "%store_ln66 = store i8 %select_ln35, i5 %y_4_57_addr" [awn_int8.cpp:66]   --->   Operation 1206 'store' 'store_ln66' <Predicate = (trunc_ln56 != 0 & trunc_ln56 != 1 & trunc_ln56 != 2 & trunc_ln56 != 3 & trunc_ln53 == 57)> <Delay = 0.67> <CoreInst = "RAM">   --->   Core 83 'RAM' <Latency = 1> <II = 1> <Delay = 0.67> <Storage> <Opcode : 'load' 'store'> <Ports = 2> <Width = 8> <Depth = 26> <RAM>
ST_17 : Operation 1207 [1/1] (0.67ns)   --->   "%store_ln66 = store i8 %select_ln35, i5 %y_4_56_addr" [awn_int8.cpp:66]   --->   Operation 1207 'store' 'store_ln66' <Predicate = (trunc_ln56 != 0 & trunc_ln56 != 1 & trunc_ln56 != 2 & trunc_ln56 != 3 & trunc_ln53 == 56)> <Delay = 0.67> <CoreInst = "RAM">   --->   Core 83 'RAM' <Latency = 1> <II = 1> <Delay = 0.67> <Storage> <Opcode : 'load' 'store'> <Ports = 2> <Width = 8> <Depth = 26> <RAM>
ST_17 : Operation 1208 [1/1] (0.67ns)   --->   "%store_ln66 = store i8 %select_ln35, i5 %y_4_55_addr" [awn_int8.cpp:66]   --->   Operation 1208 'store' 'store_ln66' <Predicate = (trunc_ln56 != 0 & trunc_ln56 != 1 & trunc_ln56 != 2 & trunc_ln56 != 3 & trunc_ln53 == 55)> <Delay = 0.67> <CoreInst = "RAM">   --->   Core 83 'RAM' <Latency = 1> <II = 1> <Delay = 0.67> <Storage> <Opcode : 'load' 'store'> <Ports = 2> <Width = 8> <Depth = 26> <RAM>
ST_17 : Operation 1209 [1/1] (0.67ns)   --->   "%store_ln66 = store i8 %select_ln35, i5 %y_4_54_addr" [awn_int8.cpp:66]   --->   Operation 1209 'store' 'store_ln66' <Predicate = (trunc_ln56 != 0 & trunc_ln56 != 1 & trunc_ln56 != 2 & trunc_ln56 != 3 & trunc_ln53 == 54)> <Delay = 0.67> <CoreInst = "RAM">   --->   Core 83 'RAM' <Latency = 1> <II = 1> <Delay = 0.67> <Storage> <Opcode : 'load' 'store'> <Ports = 2> <Width = 8> <Depth = 26> <RAM>
ST_17 : Operation 1210 [1/1] (0.67ns)   --->   "%store_ln66 = store i8 %select_ln35, i5 %y_4_53_addr" [awn_int8.cpp:66]   --->   Operation 1210 'store' 'store_ln66' <Predicate = (trunc_ln56 != 0 & trunc_ln56 != 1 & trunc_ln56 != 2 & trunc_ln56 != 3 & trunc_ln53 == 53)> <Delay = 0.67> <CoreInst = "RAM">   --->   Core 83 'RAM' <Latency = 1> <II = 1> <Delay = 0.67> <Storage> <Opcode : 'load' 'store'> <Ports = 2> <Width = 8> <Depth = 26> <RAM>
ST_17 : Operation 1211 [1/1] (0.67ns)   --->   "%store_ln66 = store i8 %select_ln35, i5 %y_4_52_addr" [awn_int8.cpp:66]   --->   Operation 1211 'store' 'store_ln66' <Predicate = (trunc_ln56 != 0 & trunc_ln56 != 1 & trunc_ln56 != 2 & trunc_ln56 != 3 & trunc_ln53 == 52)> <Delay = 0.67> <CoreInst = "RAM">   --->   Core 83 'RAM' <Latency = 1> <II = 1> <Delay = 0.67> <Storage> <Opcode : 'load' 'store'> <Ports = 2> <Width = 8> <Depth = 26> <RAM>
ST_17 : Operation 1212 [1/1] (0.67ns)   --->   "%store_ln66 = store i8 %select_ln35, i5 %y_4_51_addr" [awn_int8.cpp:66]   --->   Operation 1212 'store' 'store_ln66' <Predicate = (trunc_ln56 != 0 & trunc_ln56 != 1 & trunc_ln56 != 2 & trunc_ln56 != 3 & trunc_ln53 == 51)> <Delay = 0.67> <CoreInst = "RAM">   --->   Core 83 'RAM' <Latency = 1> <II = 1> <Delay = 0.67> <Storage> <Opcode : 'load' 'store'> <Ports = 2> <Width = 8> <Depth = 26> <RAM>
ST_17 : Operation 1213 [1/1] (0.67ns)   --->   "%store_ln66 = store i8 %select_ln35, i5 %y_4_50_addr" [awn_int8.cpp:66]   --->   Operation 1213 'store' 'store_ln66' <Predicate = (trunc_ln56 != 0 & trunc_ln56 != 1 & trunc_ln56 != 2 & trunc_ln56 != 3 & trunc_ln53 == 50)> <Delay = 0.67> <CoreInst = "RAM">   --->   Core 83 'RAM' <Latency = 1> <II = 1> <Delay = 0.67> <Storage> <Opcode : 'load' 'store'> <Ports = 2> <Width = 8> <Depth = 26> <RAM>
ST_17 : Operation 1214 [1/1] (0.67ns)   --->   "%store_ln66 = store i8 %select_ln35, i5 %y_4_49_addr" [awn_int8.cpp:66]   --->   Operation 1214 'store' 'store_ln66' <Predicate = (trunc_ln56 != 0 & trunc_ln56 != 1 & trunc_ln56 != 2 & trunc_ln56 != 3 & trunc_ln53 == 49)> <Delay = 0.67> <CoreInst = "RAM">   --->   Core 83 'RAM' <Latency = 1> <II = 1> <Delay = 0.67> <Storage> <Opcode : 'load' 'store'> <Ports = 2> <Width = 8> <Depth = 26> <RAM>
ST_17 : Operation 1215 [1/1] (0.67ns)   --->   "%store_ln66 = store i8 %select_ln35, i5 %y_4_48_addr" [awn_int8.cpp:66]   --->   Operation 1215 'store' 'store_ln66' <Predicate = (trunc_ln56 != 0 & trunc_ln56 != 1 & trunc_ln56 != 2 & trunc_ln56 != 3 & trunc_ln53 == 48)> <Delay = 0.67> <CoreInst = "RAM">   --->   Core 83 'RAM' <Latency = 1> <II = 1> <Delay = 0.67> <Storage> <Opcode : 'load' 'store'> <Ports = 2> <Width = 8> <Depth = 26> <RAM>
ST_17 : Operation 1216 [1/1] (0.67ns)   --->   "%store_ln66 = store i8 %select_ln35, i5 %y_4_47_addr" [awn_int8.cpp:66]   --->   Operation 1216 'store' 'store_ln66' <Predicate = (trunc_ln56 != 0 & trunc_ln56 != 1 & trunc_ln56 != 2 & trunc_ln56 != 3 & trunc_ln53 == 47)> <Delay = 0.67> <CoreInst = "RAM">   --->   Core 83 'RAM' <Latency = 1> <II = 1> <Delay = 0.67> <Storage> <Opcode : 'load' 'store'> <Ports = 2> <Width = 8> <Depth = 26> <RAM>
ST_17 : Operation 1217 [1/1] (0.67ns)   --->   "%store_ln66 = store i8 %select_ln35, i5 %y_4_46_addr" [awn_int8.cpp:66]   --->   Operation 1217 'store' 'store_ln66' <Predicate = (trunc_ln56 != 0 & trunc_ln56 != 1 & trunc_ln56 != 2 & trunc_ln56 != 3 & trunc_ln53 == 46)> <Delay = 0.67> <CoreInst = "RAM">   --->   Core 83 'RAM' <Latency = 1> <II = 1> <Delay = 0.67> <Storage> <Opcode : 'load' 'store'> <Ports = 2> <Width = 8> <Depth = 26> <RAM>
ST_17 : Operation 1218 [1/1] (0.67ns)   --->   "%store_ln66 = store i8 %select_ln35, i5 %y_4_45_addr" [awn_int8.cpp:66]   --->   Operation 1218 'store' 'store_ln66' <Predicate = (trunc_ln56 != 0 & trunc_ln56 != 1 & trunc_ln56 != 2 & trunc_ln56 != 3 & trunc_ln53 == 45)> <Delay = 0.67> <CoreInst = "RAM">   --->   Core 83 'RAM' <Latency = 1> <II = 1> <Delay = 0.67> <Storage> <Opcode : 'load' 'store'> <Ports = 2> <Width = 8> <Depth = 26> <RAM>
ST_17 : Operation 1219 [1/1] (0.67ns)   --->   "%store_ln66 = store i8 %select_ln35, i5 %y_4_44_addr" [awn_int8.cpp:66]   --->   Operation 1219 'store' 'store_ln66' <Predicate = (trunc_ln56 != 0 & trunc_ln56 != 1 & trunc_ln56 != 2 & trunc_ln56 != 3 & trunc_ln53 == 44)> <Delay = 0.67> <CoreInst = "RAM">   --->   Core 83 'RAM' <Latency = 1> <II = 1> <Delay = 0.67> <Storage> <Opcode : 'load' 'store'> <Ports = 2> <Width = 8> <Depth = 26> <RAM>
ST_17 : Operation 1220 [1/1] (0.67ns)   --->   "%store_ln66 = store i8 %select_ln35, i5 %y_4_43_addr" [awn_int8.cpp:66]   --->   Operation 1220 'store' 'store_ln66' <Predicate = (trunc_ln56 != 0 & trunc_ln56 != 1 & trunc_ln56 != 2 & trunc_ln56 != 3 & trunc_ln53 == 43)> <Delay = 0.67> <CoreInst = "RAM">   --->   Core 83 'RAM' <Latency = 1> <II = 1> <Delay = 0.67> <Storage> <Opcode : 'load' 'store'> <Ports = 2> <Width = 8> <Depth = 26> <RAM>
ST_17 : Operation 1221 [1/1] (0.67ns)   --->   "%store_ln66 = store i8 %select_ln35, i5 %y_4_42_addr" [awn_int8.cpp:66]   --->   Operation 1221 'store' 'store_ln66' <Predicate = (trunc_ln56 != 0 & trunc_ln56 != 1 & trunc_ln56 != 2 & trunc_ln56 != 3 & trunc_ln53 == 42)> <Delay = 0.67> <CoreInst = "RAM">   --->   Core 83 'RAM' <Latency = 1> <II = 1> <Delay = 0.67> <Storage> <Opcode : 'load' 'store'> <Ports = 2> <Width = 8> <Depth = 26> <RAM>
ST_17 : Operation 1222 [1/1] (0.67ns)   --->   "%store_ln66 = store i8 %select_ln35, i5 %y_4_41_addr" [awn_int8.cpp:66]   --->   Operation 1222 'store' 'store_ln66' <Predicate = (trunc_ln56 != 0 & trunc_ln56 != 1 & trunc_ln56 != 2 & trunc_ln56 != 3 & trunc_ln53 == 41)> <Delay = 0.67> <CoreInst = "RAM">   --->   Core 83 'RAM' <Latency = 1> <II = 1> <Delay = 0.67> <Storage> <Opcode : 'load' 'store'> <Ports = 2> <Width = 8> <Depth = 26> <RAM>
ST_17 : Operation 1223 [1/1] (0.67ns)   --->   "%store_ln66 = store i8 %select_ln35, i5 %y_4_40_addr" [awn_int8.cpp:66]   --->   Operation 1223 'store' 'store_ln66' <Predicate = (trunc_ln56 != 0 & trunc_ln56 != 1 & trunc_ln56 != 2 & trunc_ln56 != 3 & trunc_ln53 == 40)> <Delay = 0.67> <CoreInst = "RAM">   --->   Core 83 'RAM' <Latency = 1> <II = 1> <Delay = 0.67> <Storage> <Opcode : 'load' 'store'> <Ports = 2> <Width = 8> <Depth = 26> <RAM>
ST_17 : Operation 1224 [1/1] (0.67ns)   --->   "%store_ln66 = store i8 %select_ln35, i5 %y_4_39_addr" [awn_int8.cpp:66]   --->   Operation 1224 'store' 'store_ln66' <Predicate = (trunc_ln56 != 0 & trunc_ln56 != 1 & trunc_ln56 != 2 & trunc_ln56 != 3 & trunc_ln53 == 39)> <Delay = 0.67> <CoreInst = "RAM">   --->   Core 83 'RAM' <Latency = 1> <II = 1> <Delay = 0.67> <Storage> <Opcode : 'load' 'store'> <Ports = 2> <Width = 8> <Depth = 26> <RAM>
ST_17 : Operation 1225 [1/1] (0.67ns)   --->   "%store_ln66 = store i8 %select_ln35, i5 %y_4_38_addr" [awn_int8.cpp:66]   --->   Operation 1225 'store' 'store_ln66' <Predicate = (trunc_ln56 != 0 & trunc_ln56 != 1 & trunc_ln56 != 2 & trunc_ln56 != 3 & trunc_ln53 == 38)> <Delay = 0.67> <CoreInst = "RAM">   --->   Core 83 'RAM' <Latency = 1> <II = 1> <Delay = 0.67> <Storage> <Opcode : 'load' 'store'> <Ports = 2> <Width = 8> <Depth = 26> <RAM>
ST_17 : Operation 1226 [1/1] (0.67ns)   --->   "%store_ln66 = store i8 %select_ln35, i5 %y_4_37_addr" [awn_int8.cpp:66]   --->   Operation 1226 'store' 'store_ln66' <Predicate = (trunc_ln56 != 0 & trunc_ln56 != 1 & trunc_ln56 != 2 & trunc_ln56 != 3 & trunc_ln53 == 37)> <Delay = 0.67> <CoreInst = "RAM">   --->   Core 83 'RAM' <Latency = 1> <II = 1> <Delay = 0.67> <Storage> <Opcode : 'load' 'store'> <Ports = 2> <Width = 8> <Depth = 26> <RAM>
ST_17 : Operation 1227 [1/1] (0.67ns)   --->   "%store_ln66 = store i8 %select_ln35, i5 %y_4_36_addr" [awn_int8.cpp:66]   --->   Operation 1227 'store' 'store_ln66' <Predicate = (trunc_ln56 != 0 & trunc_ln56 != 1 & trunc_ln56 != 2 & trunc_ln56 != 3 & trunc_ln53 == 36)> <Delay = 0.67> <CoreInst = "RAM">   --->   Core 83 'RAM' <Latency = 1> <II = 1> <Delay = 0.67> <Storage> <Opcode : 'load' 'store'> <Ports = 2> <Width = 8> <Depth = 26> <RAM>
ST_17 : Operation 1228 [1/1] (0.67ns)   --->   "%store_ln66 = store i8 %select_ln35, i5 %y_4_35_addr" [awn_int8.cpp:66]   --->   Operation 1228 'store' 'store_ln66' <Predicate = (trunc_ln56 != 0 & trunc_ln56 != 1 & trunc_ln56 != 2 & trunc_ln56 != 3 & trunc_ln53 == 35)> <Delay = 0.67> <CoreInst = "RAM">   --->   Core 83 'RAM' <Latency = 1> <II = 1> <Delay = 0.67> <Storage> <Opcode : 'load' 'store'> <Ports = 2> <Width = 8> <Depth = 26> <RAM>
ST_17 : Operation 1229 [1/1] (0.67ns)   --->   "%store_ln66 = store i8 %select_ln35, i5 %y_4_34_addr" [awn_int8.cpp:66]   --->   Operation 1229 'store' 'store_ln66' <Predicate = (trunc_ln56 != 0 & trunc_ln56 != 1 & trunc_ln56 != 2 & trunc_ln56 != 3 & trunc_ln53 == 34)> <Delay = 0.67> <CoreInst = "RAM">   --->   Core 83 'RAM' <Latency = 1> <II = 1> <Delay = 0.67> <Storage> <Opcode : 'load' 'store'> <Ports = 2> <Width = 8> <Depth = 26> <RAM>
ST_17 : Operation 1230 [1/1] (0.67ns)   --->   "%store_ln66 = store i8 %select_ln35, i5 %y_4_33_addr" [awn_int8.cpp:66]   --->   Operation 1230 'store' 'store_ln66' <Predicate = (trunc_ln56 != 0 & trunc_ln56 != 1 & trunc_ln56 != 2 & trunc_ln56 != 3 & trunc_ln53 == 33)> <Delay = 0.67> <CoreInst = "RAM">   --->   Core 83 'RAM' <Latency = 1> <II = 1> <Delay = 0.67> <Storage> <Opcode : 'load' 'store'> <Ports = 2> <Width = 8> <Depth = 26> <RAM>
ST_17 : Operation 1231 [1/1] (0.67ns)   --->   "%store_ln66 = store i8 %select_ln35, i5 %y_4_32_addr" [awn_int8.cpp:66]   --->   Operation 1231 'store' 'store_ln66' <Predicate = (trunc_ln56 != 0 & trunc_ln56 != 1 & trunc_ln56 != 2 & trunc_ln56 != 3 & trunc_ln53 == 32)> <Delay = 0.67> <CoreInst = "RAM">   --->   Core 83 'RAM' <Latency = 1> <II = 1> <Delay = 0.67> <Storage> <Opcode : 'load' 'store'> <Ports = 2> <Width = 8> <Depth = 26> <RAM>
ST_17 : Operation 1232 [1/1] (0.67ns)   --->   "%store_ln66 = store i8 %select_ln35, i5 %y_4_31_addr" [awn_int8.cpp:66]   --->   Operation 1232 'store' 'store_ln66' <Predicate = (trunc_ln56 != 0 & trunc_ln56 != 1 & trunc_ln56 != 2 & trunc_ln56 != 3 & trunc_ln53 == 31)> <Delay = 0.67> <CoreInst = "RAM">   --->   Core 83 'RAM' <Latency = 1> <II = 1> <Delay = 0.67> <Storage> <Opcode : 'load' 'store'> <Ports = 2> <Width = 8> <Depth = 26> <RAM>
ST_17 : Operation 1233 [1/1] (0.67ns)   --->   "%store_ln66 = store i8 %select_ln35, i5 %y_4_30_addr" [awn_int8.cpp:66]   --->   Operation 1233 'store' 'store_ln66' <Predicate = (trunc_ln56 != 0 & trunc_ln56 != 1 & trunc_ln56 != 2 & trunc_ln56 != 3 & trunc_ln53 == 30)> <Delay = 0.67> <CoreInst = "RAM">   --->   Core 83 'RAM' <Latency = 1> <II = 1> <Delay = 0.67> <Storage> <Opcode : 'load' 'store'> <Ports = 2> <Width = 8> <Depth = 26> <RAM>
ST_17 : Operation 1234 [1/1] (0.67ns)   --->   "%store_ln66 = store i8 %select_ln35, i5 %y_4_29_addr" [awn_int8.cpp:66]   --->   Operation 1234 'store' 'store_ln66' <Predicate = (trunc_ln56 != 0 & trunc_ln56 != 1 & trunc_ln56 != 2 & trunc_ln56 != 3 & trunc_ln53 == 29)> <Delay = 0.67> <CoreInst = "RAM">   --->   Core 83 'RAM' <Latency = 1> <II = 1> <Delay = 0.67> <Storage> <Opcode : 'load' 'store'> <Ports = 2> <Width = 8> <Depth = 26> <RAM>
ST_17 : Operation 1235 [1/1] (0.67ns)   --->   "%store_ln66 = store i8 %select_ln35, i5 %y_4_28_addr" [awn_int8.cpp:66]   --->   Operation 1235 'store' 'store_ln66' <Predicate = (trunc_ln56 != 0 & trunc_ln56 != 1 & trunc_ln56 != 2 & trunc_ln56 != 3 & trunc_ln53 == 28)> <Delay = 0.67> <CoreInst = "RAM">   --->   Core 83 'RAM' <Latency = 1> <II = 1> <Delay = 0.67> <Storage> <Opcode : 'load' 'store'> <Ports = 2> <Width = 8> <Depth = 26> <RAM>
ST_17 : Operation 1236 [1/1] (0.67ns)   --->   "%store_ln66 = store i8 %select_ln35, i5 %y_4_27_addr" [awn_int8.cpp:66]   --->   Operation 1236 'store' 'store_ln66' <Predicate = (trunc_ln56 != 0 & trunc_ln56 != 1 & trunc_ln56 != 2 & trunc_ln56 != 3 & trunc_ln53 == 27)> <Delay = 0.67> <CoreInst = "RAM">   --->   Core 83 'RAM' <Latency = 1> <II = 1> <Delay = 0.67> <Storage> <Opcode : 'load' 'store'> <Ports = 2> <Width = 8> <Depth = 26> <RAM>
ST_17 : Operation 1237 [1/1] (0.67ns)   --->   "%store_ln66 = store i8 %select_ln35, i5 %y_4_26_addr" [awn_int8.cpp:66]   --->   Operation 1237 'store' 'store_ln66' <Predicate = (trunc_ln56 != 0 & trunc_ln56 != 1 & trunc_ln56 != 2 & trunc_ln56 != 3 & trunc_ln53 == 26)> <Delay = 0.67> <CoreInst = "RAM">   --->   Core 83 'RAM' <Latency = 1> <II = 1> <Delay = 0.67> <Storage> <Opcode : 'load' 'store'> <Ports = 2> <Width = 8> <Depth = 26> <RAM>
ST_17 : Operation 1238 [1/1] (0.67ns)   --->   "%store_ln66 = store i8 %select_ln35, i5 %y_4_25_addr" [awn_int8.cpp:66]   --->   Operation 1238 'store' 'store_ln66' <Predicate = (trunc_ln56 != 0 & trunc_ln56 != 1 & trunc_ln56 != 2 & trunc_ln56 != 3 & trunc_ln53 == 25)> <Delay = 0.67> <CoreInst = "RAM">   --->   Core 83 'RAM' <Latency = 1> <II = 1> <Delay = 0.67> <Storage> <Opcode : 'load' 'store'> <Ports = 2> <Width = 8> <Depth = 26> <RAM>
ST_17 : Operation 1239 [1/1] (0.67ns)   --->   "%store_ln66 = store i8 %select_ln35, i5 %y_4_24_addr" [awn_int8.cpp:66]   --->   Operation 1239 'store' 'store_ln66' <Predicate = (trunc_ln56 != 0 & trunc_ln56 != 1 & trunc_ln56 != 2 & trunc_ln56 != 3 & trunc_ln53 == 24)> <Delay = 0.67> <CoreInst = "RAM">   --->   Core 83 'RAM' <Latency = 1> <II = 1> <Delay = 0.67> <Storage> <Opcode : 'load' 'store'> <Ports = 2> <Width = 8> <Depth = 26> <RAM>
ST_17 : Operation 1240 [1/1] (0.67ns)   --->   "%store_ln66 = store i8 %select_ln35, i5 %y_4_23_addr" [awn_int8.cpp:66]   --->   Operation 1240 'store' 'store_ln66' <Predicate = (trunc_ln56 != 0 & trunc_ln56 != 1 & trunc_ln56 != 2 & trunc_ln56 != 3 & trunc_ln53 == 23)> <Delay = 0.67> <CoreInst = "RAM">   --->   Core 83 'RAM' <Latency = 1> <II = 1> <Delay = 0.67> <Storage> <Opcode : 'load' 'store'> <Ports = 2> <Width = 8> <Depth = 26> <RAM>
ST_17 : Operation 1241 [1/1] (0.67ns)   --->   "%store_ln66 = store i8 %select_ln35, i5 %y_4_22_addr" [awn_int8.cpp:66]   --->   Operation 1241 'store' 'store_ln66' <Predicate = (trunc_ln56 != 0 & trunc_ln56 != 1 & trunc_ln56 != 2 & trunc_ln56 != 3 & trunc_ln53 == 22)> <Delay = 0.67> <CoreInst = "RAM">   --->   Core 83 'RAM' <Latency = 1> <II = 1> <Delay = 0.67> <Storage> <Opcode : 'load' 'store'> <Ports = 2> <Width = 8> <Depth = 26> <RAM>
ST_17 : Operation 1242 [1/1] (0.67ns)   --->   "%store_ln66 = store i8 %select_ln35, i5 %y_4_21_addr" [awn_int8.cpp:66]   --->   Operation 1242 'store' 'store_ln66' <Predicate = (trunc_ln56 != 0 & trunc_ln56 != 1 & trunc_ln56 != 2 & trunc_ln56 != 3 & trunc_ln53 == 21)> <Delay = 0.67> <CoreInst = "RAM">   --->   Core 83 'RAM' <Latency = 1> <II = 1> <Delay = 0.67> <Storage> <Opcode : 'load' 'store'> <Ports = 2> <Width = 8> <Depth = 26> <RAM>
ST_17 : Operation 1243 [1/1] (0.67ns)   --->   "%store_ln66 = store i8 %select_ln35, i5 %y_4_20_addr" [awn_int8.cpp:66]   --->   Operation 1243 'store' 'store_ln66' <Predicate = (trunc_ln56 != 0 & trunc_ln56 != 1 & trunc_ln56 != 2 & trunc_ln56 != 3 & trunc_ln53 == 20)> <Delay = 0.67> <CoreInst = "RAM">   --->   Core 83 'RAM' <Latency = 1> <II = 1> <Delay = 0.67> <Storage> <Opcode : 'load' 'store'> <Ports = 2> <Width = 8> <Depth = 26> <RAM>
ST_17 : Operation 1244 [1/1] (0.67ns)   --->   "%store_ln66 = store i8 %select_ln35, i5 %y_4_19_addr" [awn_int8.cpp:66]   --->   Operation 1244 'store' 'store_ln66' <Predicate = (trunc_ln56 != 0 & trunc_ln56 != 1 & trunc_ln56 != 2 & trunc_ln56 != 3 & trunc_ln53 == 19)> <Delay = 0.67> <CoreInst = "RAM">   --->   Core 83 'RAM' <Latency = 1> <II = 1> <Delay = 0.67> <Storage> <Opcode : 'load' 'store'> <Ports = 2> <Width = 8> <Depth = 26> <RAM>
ST_17 : Operation 1245 [1/1] (0.67ns)   --->   "%store_ln66 = store i8 %select_ln35, i5 %y_4_18_addr" [awn_int8.cpp:66]   --->   Operation 1245 'store' 'store_ln66' <Predicate = (trunc_ln56 != 0 & trunc_ln56 != 1 & trunc_ln56 != 2 & trunc_ln56 != 3 & trunc_ln53 == 18)> <Delay = 0.67> <CoreInst = "RAM">   --->   Core 83 'RAM' <Latency = 1> <II = 1> <Delay = 0.67> <Storage> <Opcode : 'load' 'store'> <Ports = 2> <Width = 8> <Depth = 26> <RAM>
ST_17 : Operation 1246 [1/1] (0.67ns)   --->   "%store_ln66 = store i8 %select_ln35, i5 %y_4_17_addr" [awn_int8.cpp:66]   --->   Operation 1246 'store' 'store_ln66' <Predicate = (trunc_ln56 != 0 & trunc_ln56 != 1 & trunc_ln56 != 2 & trunc_ln56 != 3 & trunc_ln53 == 17)> <Delay = 0.67> <CoreInst = "RAM">   --->   Core 83 'RAM' <Latency = 1> <II = 1> <Delay = 0.67> <Storage> <Opcode : 'load' 'store'> <Ports = 2> <Width = 8> <Depth = 26> <RAM>
ST_17 : Operation 1247 [1/1] (0.67ns)   --->   "%store_ln66 = store i8 %select_ln35, i5 %y_4_16_addr" [awn_int8.cpp:66]   --->   Operation 1247 'store' 'store_ln66' <Predicate = (trunc_ln56 != 0 & trunc_ln56 != 1 & trunc_ln56 != 2 & trunc_ln56 != 3 & trunc_ln53 == 16)> <Delay = 0.67> <CoreInst = "RAM">   --->   Core 83 'RAM' <Latency = 1> <II = 1> <Delay = 0.67> <Storage> <Opcode : 'load' 'store'> <Ports = 2> <Width = 8> <Depth = 26> <RAM>
ST_17 : Operation 1248 [1/1] (0.67ns)   --->   "%store_ln66 = store i8 %select_ln35, i5 %y_4_15_addr" [awn_int8.cpp:66]   --->   Operation 1248 'store' 'store_ln66' <Predicate = (trunc_ln56 != 0 & trunc_ln56 != 1 & trunc_ln56 != 2 & trunc_ln56 != 3 & trunc_ln53 == 15)> <Delay = 0.67> <CoreInst = "RAM">   --->   Core 83 'RAM' <Latency = 1> <II = 1> <Delay = 0.67> <Storage> <Opcode : 'load' 'store'> <Ports = 2> <Width = 8> <Depth = 26> <RAM>
ST_17 : Operation 1249 [1/1] (0.67ns)   --->   "%store_ln66 = store i8 %select_ln35, i5 %y_4_14_addr" [awn_int8.cpp:66]   --->   Operation 1249 'store' 'store_ln66' <Predicate = (trunc_ln56 != 0 & trunc_ln56 != 1 & trunc_ln56 != 2 & trunc_ln56 != 3 & trunc_ln53 == 14)> <Delay = 0.67> <CoreInst = "RAM">   --->   Core 83 'RAM' <Latency = 1> <II = 1> <Delay = 0.67> <Storage> <Opcode : 'load' 'store'> <Ports = 2> <Width = 8> <Depth = 26> <RAM>
ST_17 : Operation 1250 [1/1] (0.67ns)   --->   "%store_ln66 = store i8 %select_ln35, i5 %y_4_13_addr" [awn_int8.cpp:66]   --->   Operation 1250 'store' 'store_ln66' <Predicate = (trunc_ln56 != 0 & trunc_ln56 != 1 & trunc_ln56 != 2 & trunc_ln56 != 3 & trunc_ln53 == 13)> <Delay = 0.67> <CoreInst = "RAM">   --->   Core 83 'RAM' <Latency = 1> <II = 1> <Delay = 0.67> <Storage> <Opcode : 'load' 'store'> <Ports = 2> <Width = 8> <Depth = 26> <RAM>
ST_17 : Operation 1251 [1/1] (0.67ns)   --->   "%store_ln66 = store i8 %select_ln35, i5 %y_4_12_addr" [awn_int8.cpp:66]   --->   Operation 1251 'store' 'store_ln66' <Predicate = (trunc_ln56 != 0 & trunc_ln56 != 1 & trunc_ln56 != 2 & trunc_ln56 != 3 & trunc_ln53 == 12)> <Delay = 0.67> <CoreInst = "RAM">   --->   Core 83 'RAM' <Latency = 1> <II = 1> <Delay = 0.67> <Storage> <Opcode : 'load' 'store'> <Ports = 2> <Width = 8> <Depth = 26> <RAM>
ST_17 : Operation 1252 [1/1] (0.67ns)   --->   "%store_ln66 = store i8 %select_ln35, i5 %y_4_11_addr" [awn_int8.cpp:66]   --->   Operation 1252 'store' 'store_ln66' <Predicate = (trunc_ln56 != 0 & trunc_ln56 != 1 & trunc_ln56 != 2 & trunc_ln56 != 3 & trunc_ln53 == 11)> <Delay = 0.67> <CoreInst = "RAM">   --->   Core 83 'RAM' <Latency = 1> <II = 1> <Delay = 0.67> <Storage> <Opcode : 'load' 'store'> <Ports = 2> <Width = 8> <Depth = 26> <RAM>
ST_17 : Operation 1253 [1/1] (0.67ns)   --->   "%store_ln66 = store i8 %select_ln35, i5 %y_4_10_addr" [awn_int8.cpp:66]   --->   Operation 1253 'store' 'store_ln66' <Predicate = (trunc_ln56 != 0 & trunc_ln56 != 1 & trunc_ln56 != 2 & trunc_ln56 != 3 & trunc_ln53 == 10)> <Delay = 0.67> <CoreInst = "RAM">   --->   Core 83 'RAM' <Latency = 1> <II = 1> <Delay = 0.67> <Storage> <Opcode : 'load' 'store'> <Ports = 2> <Width = 8> <Depth = 26> <RAM>
ST_17 : Operation 1254 [1/1] (0.67ns)   --->   "%store_ln66 = store i8 %select_ln35, i5 %y_4_9_addr" [awn_int8.cpp:66]   --->   Operation 1254 'store' 'store_ln66' <Predicate = (trunc_ln56 != 0 & trunc_ln56 != 1 & trunc_ln56 != 2 & trunc_ln56 != 3 & trunc_ln53 == 9)> <Delay = 0.67> <CoreInst = "RAM">   --->   Core 83 'RAM' <Latency = 1> <II = 1> <Delay = 0.67> <Storage> <Opcode : 'load' 'store'> <Ports = 2> <Width = 8> <Depth = 26> <RAM>
ST_17 : Operation 1255 [1/1] (0.67ns)   --->   "%store_ln66 = store i8 %select_ln35, i5 %y_4_8_addr" [awn_int8.cpp:66]   --->   Operation 1255 'store' 'store_ln66' <Predicate = (trunc_ln56 != 0 & trunc_ln56 != 1 & trunc_ln56 != 2 & trunc_ln56 != 3 & trunc_ln53 == 8)> <Delay = 0.67> <CoreInst = "RAM">   --->   Core 83 'RAM' <Latency = 1> <II = 1> <Delay = 0.67> <Storage> <Opcode : 'load' 'store'> <Ports = 2> <Width = 8> <Depth = 26> <RAM>
ST_17 : Operation 1256 [1/1] (0.67ns)   --->   "%store_ln66 = store i8 %select_ln35, i5 %y_4_7_addr" [awn_int8.cpp:66]   --->   Operation 1256 'store' 'store_ln66' <Predicate = (trunc_ln56 != 0 & trunc_ln56 != 1 & trunc_ln56 != 2 & trunc_ln56 != 3 & trunc_ln53 == 7)> <Delay = 0.67> <CoreInst = "RAM">   --->   Core 83 'RAM' <Latency = 1> <II = 1> <Delay = 0.67> <Storage> <Opcode : 'load' 'store'> <Ports = 2> <Width = 8> <Depth = 26> <RAM>
ST_17 : Operation 1257 [1/1] (0.67ns)   --->   "%store_ln66 = store i8 %select_ln35, i5 %y_4_6_addr" [awn_int8.cpp:66]   --->   Operation 1257 'store' 'store_ln66' <Predicate = (trunc_ln56 != 0 & trunc_ln56 != 1 & trunc_ln56 != 2 & trunc_ln56 != 3 & trunc_ln53 == 6)> <Delay = 0.67> <CoreInst = "RAM">   --->   Core 83 'RAM' <Latency = 1> <II = 1> <Delay = 0.67> <Storage> <Opcode : 'load' 'store'> <Ports = 2> <Width = 8> <Depth = 26> <RAM>
ST_17 : Operation 1258 [1/1] (0.67ns)   --->   "%store_ln66 = store i8 %select_ln35, i5 %y_4_5_addr" [awn_int8.cpp:66]   --->   Operation 1258 'store' 'store_ln66' <Predicate = (trunc_ln56 != 0 & trunc_ln56 != 1 & trunc_ln56 != 2 & trunc_ln56 != 3 & trunc_ln53 == 5)> <Delay = 0.67> <CoreInst = "RAM">   --->   Core 83 'RAM' <Latency = 1> <II = 1> <Delay = 0.67> <Storage> <Opcode : 'load' 'store'> <Ports = 2> <Width = 8> <Depth = 26> <RAM>
ST_17 : Operation 1259 [1/1] (0.67ns)   --->   "%store_ln66 = store i8 %select_ln35, i5 %y_4_4_addr" [awn_int8.cpp:66]   --->   Operation 1259 'store' 'store_ln66' <Predicate = (trunc_ln56 != 0 & trunc_ln56 != 1 & trunc_ln56 != 2 & trunc_ln56 != 3 & trunc_ln53 == 4)> <Delay = 0.67> <CoreInst = "RAM">   --->   Core 83 'RAM' <Latency = 1> <II = 1> <Delay = 0.67> <Storage> <Opcode : 'load' 'store'> <Ports = 2> <Width = 8> <Depth = 26> <RAM>
ST_17 : Operation 1260 [1/1] (0.67ns)   --->   "%store_ln66 = store i8 %select_ln35, i5 %y_4_3_addr" [awn_int8.cpp:66]   --->   Operation 1260 'store' 'store_ln66' <Predicate = (trunc_ln56 != 0 & trunc_ln56 != 1 & trunc_ln56 != 2 & trunc_ln56 != 3 & trunc_ln53 == 3)> <Delay = 0.67> <CoreInst = "RAM">   --->   Core 83 'RAM' <Latency = 1> <II = 1> <Delay = 0.67> <Storage> <Opcode : 'load' 'store'> <Ports = 2> <Width = 8> <Depth = 26> <RAM>
ST_17 : Operation 1261 [1/1] (0.67ns)   --->   "%store_ln66 = store i8 %select_ln35, i5 %y_4_2_addr" [awn_int8.cpp:66]   --->   Operation 1261 'store' 'store_ln66' <Predicate = (trunc_ln56 != 0 & trunc_ln56 != 1 & trunc_ln56 != 2 & trunc_ln56 != 3 & trunc_ln53 == 2)> <Delay = 0.67> <CoreInst = "RAM">   --->   Core 83 'RAM' <Latency = 1> <II = 1> <Delay = 0.67> <Storage> <Opcode : 'load' 'store'> <Ports = 2> <Width = 8> <Depth = 26> <RAM>
ST_17 : Operation 1262 [1/1] (0.67ns)   --->   "%store_ln66 = store i8 %select_ln35, i5 %y_4_1_addr" [awn_int8.cpp:66]   --->   Operation 1262 'store' 'store_ln66' <Predicate = (trunc_ln56 != 0 & trunc_ln56 != 1 & trunc_ln56 != 2 & trunc_ln56 != 3 & trunc_ln53 == 1)> <Delay = 0.67> <CoreInst = "RAM">   --->   Core 83 'RAM' <Latency = 1> <II = 1> <Delay = 0.67> <Storage> <Opcode : 'load' 'store'> <Ports = 2> <Width = 8> <Depth = 26> <RAM>
ST_17 : Operation 1263 [1/1] (0.67ns)   --->   "%store_ln66 = store i8 %select_ln35, i5 %y_4_0_addr" [awn_int8.cpp:66]   --->   Operation 1263 'store' 'store_ln66' <Predicate = (trunc_ln56 != 0 & trunc_ln56 != 1 & trunc_ln56 != 2 & trunc_ln56 != 3 & trunc_ln53 == 0)> <Delay = 0.67> <CoreInst = "RAM">   --->   Core 83 'RAM' <Latency = 1> <II = 1> <Delay = 0.67> <Storage> <Opcode : 'load' 'store'> <Ports = 2> <Width = 8> <Depth = 26> <RAM>
ST_17 : Operation 1264 [1/1] (0.67ns)   --->   "%store_ln66 = store i8 %select_ln35, i5 %y_4_63_addr" [awn_int8.cpp:66]   --->   Operation 1264 'store' 'store_ln66' <Predicate = (trunc_ln56 != 0 & trunc_ln56 != 1 & trunc_ln56 != 2 & trunc_ln56 != 3 & trunc_ln53 == 63)> <Delay = 0.67> <CoreInst = "RAM">   --->   Core 83 'RAM' <Latency = 1> <II = 1> <Delay = 0.67> <Storage> <Opcode : 'load' 'store'> <Ports = 2> <Width = 8> <Depth = 26> <RAM>
ST_17 : Operation 1265 [1/1] (0.00ns)   --->   "%br_ln66 = br void %arrayidx3513.exit" [awn_int8.cpp:66]   --->   Operation 1265 'br' 'br_ln66' <Predicate = (trunc_ln56 != 0 & trunc_ln56 != 1 & trunc_ln56 != 2 & trunc_ln56 != 3)> <Delay = 0.00>


============================================================
+ Verbose Summary: Timing violations
============================================================
Target clock period: 5.000ns, clock uncertainty: 1.350ns.

 <State 1>: 3.595ns
The critical path consists of the following:
	'store' operation 0 bit ('store_ln59', awn_int8.cpp:59) of constant 0 on local variable 'w_in', awn_int8.cpp:59 [345]  (0.427 ns)
	'load' operation 8 bit ('w_in_load', awn_int8.cpp:54) on local variable 'w_in', awn_int8.cpp:59 [353]  (0.000 ns)
	'icmp' operation 1 bit ('icmp_ln54', awn_int8.cpp:54) [358]  (0.765 ns)
	'select' operation 8 bit ('select_ln53', awn_int8.cpp:53) [359]  (0.393 ns)
	'add' operation 7 bit ('add_ln59_1', awn_int8.cpp:59) [433]  (0.773 ns)
	'getelementptr' operation 7 bit ('x_q_1_addr_2', awn_int8.cpp:61) [479]  (0.000 ns)
	'load' operation 8 bit ('x_q_1_load_2', awn_int8.cpp:61) on array 'x_q_1' [480]  (1.237 ns)

 <State 2>: 2.626ns
The critical path consists of the following:
	'load' operation 8 bit ('x_q_0_load_1', awn_int8.cpp:61) on array 'x_q_0' [429]  (1.237 ns)
	'select' operation 8 bit ('xv', awn_int8.cpp:60) [430]  (0.393 ns)
	'mul' operation 16 bit of DSP[503] ('mul_ln62_1', awn_int8.cpp:62) [432]  (0.996 ns)

 <State 3>: 3.280ns
The critical path consists of the following:
	'load' operation 8 bit ('x_q_0_load', awn_int8.cpp:61) on array 'x_q_0' [421]  (1.237 ns)
	'select' operation 8 bit ('xv', awn_int8.cpp:60) [422]  (0.393 ns)
	'mul' operation 16 bit ('mul_ln62', awn_int8.cpp:62) [424]  (1.650 ns)

 <State 4>: 3.280ns
The critical path consists of the following:
	'load' operation 8 bit ('x_q_0_load_2', awn_int8.cpp:61) on array 'x_q_0' [437]  (1.237 ns)
	'select' operation 8 bit ('xv', awn_int8.cpp:60) [438]  (0.393 ns)
	'mul' operation 16 bit ('mul_ln62_2', awn_int8.cpp:62) [443]  (1.650 ns)

 <State 5>: 3.280ns
The critical path consists of the following:
	'load' operation 8 bit ('x_q_0_load_6', awn_int8.cpp:61) on array 'x_q_0' [465]  (1.237 ns)
	'select' operation 8 bit ('xv', awn_int8.cpp:60) [466]  (0.393 ns)
	'mul' operation 16 bit ('mul_ln62_6', awn_int8.cpp:62) [468]  (1.650 ns)

 <State 6>: 2.393ns
The critical path consists of the following:
	'load' operation 7 bit ('acc', awn_int8.cpp:53) on array 'b1' [364]  (0.677 ns)
	'add' operation 16 bit ('add_ln62_1', awn_int8.cpp:62) [504]  (0.853 ns)
	'add' operation 18 bit ('add_ln62_5', awn_int8.cpp:62) [512]  (0.863 ns)

 <State 7>: 1.890ns
The critical path consists of the following:
	'urem' operation 3 bit ('urem_ln56', awn_int8.cpp:56) [415]  (1.890 ns)

 <State 8>: 3.235ns
The critical path consists of the following:
	'add' operation 16 bit of DSP[520] ('add_ln62_9', awn_int8.cpp:62) [520]  (0.645 ns)
	'add' operation 17 bit ('add_ln62_11', awn_int8.cpp:62) [524]  (0.853 ns)
	'add' operation 18 bit ('add_ln62_12', awn_int8.cpp:62) [526]  (0.863 ns)
	'add' operation 19 bit ('acc', awn_int8.cpp:62) [528]  (0.873 ns)

 <State 9>: 1.890ns
The critical path consists of the following:
	'urem' operation 3 bit ('urem_ln56', awn_int8.cpp:56) [415]  (1.890 ns)

 <State 10>: 3.420ns
The critical path consists of the following:
	'mul' operation 49 bit ('mul_ln17', awn_int8.cpp:17->awn_int8.cpp:30->awn_int8.cpp:65) [530]  (3.420 ns)

 <State 11>: 2.288ns
The critical path consists of the following:
	'add' operation 49 bit ('sum', awn_int8.cpp:19->awn_int8.cpp:30->awn_int8.cpp:65) [531]  (1.097 ns)
	'icmp' operation 1 bit ('icmp_ln25', awn_int8.cpp:25->awn_int8.cpp:30->awn_int8.cpp:65) [535]  (0.798 ns)
	'or' operation 1 bit ('or_ln24', awn_int8.cpp:24->awn_int8.cpp:30->awn_int8.cpp:65) [538]  (0.000 ns)
	'select' operation 8 bit ('r', awn_int8.cpp:24->awn_int8.cpp:30->awn_int8.cpp:65) [539]  (0.393 ns)

 <State 12>: 2.628ns
The critical path consists of the following:
	'urem' operation 3 bit ('urem_ln56', awn_int8.cpp:56) [415]  (1.890 ns)
	blocking operation 0.738188 ns on control path)

 <State 13>: 0.000ns
The critical path consists of the following:

 <State 14>: 2.110ns
The critical path consists of the following:
	'mul' operation 17 bit ('mul_ln56', awn_int8.cpp:56) [412]  (2.110 ns)

 <State 15>: 0.996ns
The critical path consists of the following:
	'mul' operation 17 bit of DSP[543] ('mul_ln36', awn_int8.cpp:36->awn_int8.cpp:66) [542]  (0.996 ns)

 <State 16>: 0.645ns
The critical path consists of the following:
	'mul' operation 17 bit of DSP[543] ('mul_ln36', awn_int8.cpp:36->awn_int8.cpp:66) [542]  (0.000 ns)
	'add' operation 17 bit of DSP[543] ('add_ln36', awn_int8.cpp:36->awn_int8.cpp:66) [543]  (0.645 ns)

 <State 17>: 1.715ns
The critical path consists of the following:
	'add' operation 17 bit of DSP[543] ('add_ln36', awn_int8.cpp:36->awn_int8.cpp:66) [543]  (0.645 ns)
	'select' operation 8 bit ('select_ln35', awn_int8.cpp:35->awn_int8.cpp:66) [546]  (0.393 ns)
	'store' operation 0 bit ('store_ln66', awn_int8.cpp:66) of variable 'select_ln35', awn_int8.cpp:35->awn_int8.cpp:66 on array 'y_0_22' [1579]  (0.677 ns)


============================================================
+ Verbose Summary: Binding
============================================================
N/A
* FSMD analyzer results:
  - Output states:
 - Input state : 
  - Chain level:
	State 1
	State 2
	State 3
	State 4
	State 5
	State 6
	State 7
	State 8
	State 9
	State 10
	State 11
	State 12
	State 13
	State 14
	State 15
	State 16
	State 17


============================================================
+ Verbose Summary: Datapath Resource usage 
============================================================
N/A
