

================================================================
== Vitis HLS Report for 'linear_acc_128_32_s'
================================================================
* Date:           Sat May 30 20:43:18 2026

* Version:        2023.2 (Build 4023990 on Oct 11 2023)
* Project:        proj_awn_int8
* Solution:       solution1 (Vivado IP Flow Target)
* Product family: zynquplus
* Target device:  xczu7ev-ffvc1156-2-e


================================================================
== Performance Estimates
================================================================
+ Timing: 
    * Summary: 
    +--------+---------+----------+------------+
    |  Clock |  Target | Estimated| Uncertainty|
    +--------+---------+----------+------------+
    |ap_clk  |  5.00 ns|  3.532 ns|     1.35 ns|
    +--------+---------+----------+------------+

+ Latency: 
    * Summary: 
    +---------+---------+----------+----------+-----+-----+---------+
    |  Latency (cycles) |  Latency (absolute) |  Interval | Pipeline|
    |   min   |   max   |    min   |    max   | min | max |   Type  |
    +---------+---------+----------+----------+-----+-----+---------+
    |      151|      151|  0.755 us|  0.755 us|  151|  151|       no|
    +---------+---------+----------+----------+-----+-----+---------+

    + Detail: 
        * Instance: 
        +--------------------------------------------------------+---------------------------------------------+---------+---------+----------+----------+-----+-----+---------+
        |                                                        |                                             |  Latency (cycles) |  Latency (absolute) |  Interval | Pipeline|
        |                        Instance                        |                    Module                   |   min   |   max   |    min   |    max   | min | max |   Type  |
        +--------------------------------------------------------+---------------------------------------------+---------+---------+----------+----------+-----+-----+---------+
        |grp_linear_acc_128_32_Pipeline_VITIS_LOOP_186_1_fu_431  |linear_acc_128_32_Pipeline_VITIS_LOOP_186_1  |      134|      134|  0.670 us|  0.670 us|  134|  134|       no|
        +--------------------------------------------------------+---------------------------------------------+---------+---------+----------+----------+-----+-----+---------+

        * Loop: 
        N/A



================================================================
== Utilization Estimates
================================================================
* Summary: 
+-----------------+---------+------+--------+--------+-----+
|       Name      | BRAM_18K|  DSP |   FF   |   LUT  | URAM|
+-----------------+---------+------+--------+--------+-----+
|DSP              |        -|     -|       -|       -|    -|
|Expression       |        -|     -|       -|       -|    -|
|FIFO             |        -|     -|       -|       -|    -|
|Instance         |       30|    16|     367|    1140|    -|
|Memory           |        -|     -|       -|       -|    -|
|Multiplexer      |        -|     -|       -|     259|    -|
|Register         |        -|     -|     243|       -|    -|
+-----------------+---------+------+--------+--------+-----+
|Total            |       30|    16|     610|    1399|    0|
+-----------------+---------+------+--------+--------+-----+
|Available        |      624|  1728|  460800|  230400|   96|
+-----------------+---------+------+--------+--------+-----+
|Utilization (%)  |        4|    ~0|      ~0|      ~0|    0|
+-----------------+---------+------+--------+--------+-----+

+ Detail: 
    * Instance: 
    +--------------------------------------------------------+---------------------------------------------+---------+----+-----+------+-----+
    |                        Instance                        |                    Module                   | BRAM_18K| DSP|  FF |  LUT | URAM|
    +--------------------------------------------------------+---------------------------------------------+---------+----+-----+------+-----+
    |grp_linear_acc_128_32_Pipeline_VITIS_LOOP_186_1_fu_431  |linear_acc_128_32_Pipeline_VITIS_LOOP_186_1  |       30|  16|  367|  1140|    0|
    +--------------------------------------------------------+---------------------------------------------+---------+----+-----+------+-----+
    |Total                                                   |                                             |       30|  16|  367|  1140|    0|
    +--------------------------------------------------------+---------------------------------------------+---------+----+-----+------+-----+

    * DSP: 
    N/A

    * Memory: 
    N/A

    * FIFO: 
    N/A

    * Expression: 
    N/A

    * Multiplexer: 
    +------------+----+-----------+-----+-----------+
    |    Name    | LUT| Input Size| Bits| Total Bits|
    +------------+----+-----------+-----+-----------+
    |ap_NS_fsm   |  97|         19|    1|         19|
    |x_address0  |  81|         17|    5|         85|
    |x_address1  |  81|         17|    5|         85|
    +------------+----+-----------+-----+-----------+
    |Total       | 259|         53|   11|        189|
    +------------+----+-----------+-----+-----------+

    * Register: 
    +---------------------------------------------------------------------+----+----+-----+-----------+
    |                                 Name                                | FF | LUT| Bits| Const Bits|
    +---------------------------------------------------------------------+----+----+-----+-----------+
    |ap_CS_fsm                                                            |  18|   0|   18|          0|
    |grp_linear_acc_128_32_Pipeline_VITIS_LOOP_186_1_fu_431_ap_start_reg  |   1|   0|    1|          0|
    |x_load_255_reg_550                                                   |   7|   0|    7|          0|
    |x_load_256_reg_565                                                   |   7|   0|    7|          0|
    |x_load_257_reg_570                                                   |   7|   0|    7|          0|
    |x_load_258_reg_585                                                   |   7|   0|    7|          0|
    |x_load_259_reg_590                                                   |   7|   0|    7|          0|
    |x_load_260_reg_605                                                   |   7|   0|    7|          0|
    |x_load_261_reg_610                                                   |   7|   0|    7|          0|
    |x_load_262_reg_625                                                   |   7|   0|    7|          0|
    |x_load_263_reg_630                                                   |   7|   0|    7|          0|
    |x_load_264_reg_645                                                   |   7|   0|    7|          0|
    |x_load_265_reg_650                                                   |   7|   0|    7|          0|
    |x_load_266_reg_665                                                   |   7|   0|    7|          0|
    |x_load_267_reg_670                                                   |   7|   0|    7|          0|
    |x_load_268_reg_685                                                   |   7|   0|    7|          0|
    |x_load_269_reg_690                                                   |   7|   0|    7|          0|
    |x_load_270_reg_705                                                   |   7|   0|    7|          0|
    |x_load_271_reg_710                                                   |   7|   0|    7|          0|
    |x_load_272_reg_725                                                   |   7|   0|    7|          0|
    |x_load_273_reg_730                                                   |   7|   0|    7|          0|
    |x_load_274_reg_745                                                   |   7|   0|    7|          0|
    |x_load_275_reg_750                                                   |   7|   0|    7|          0|
    |x_load_276_reg_765                                                   |   7|   0|    7|          0|
    |x_load_277_reg_770                                                   |   7|   0|    7|          0|
    |x_load_278_reg_785                                                   |   7|   0|    7|          0|
    |x_load_279_reg_790                                                   |   7|   0|    7|          0|
    |x_load_280_reg_805                                                   |   7|   0|    7|          0|
    |x_load_281_reg_810                                                   |   7|   0|    7|          0|
    |x_load_282_reg_825                                                   |   7|   0|    7|          0|
    |x_load_283_reg_830                                                   |   7|   0|    7|          0|
    |x_load_284_reg_845                                                   |   7|   0|    7|          0|
    |x_load_285_reg_850                                                   |   7|   0|    7|          0|
    |x_load_reg_545                                                       |   7|   0|    7|          0|
    +---------------------------------------------------------------------+----+----+-----+-----------+
    |Total                                                                | 243|   0|  243|          0|
    +---------------------------------------------------------------------+----+----+-----+-----------+



================================================================
== Interface
================================================================
* Summary: 
+----------------+-----+-----+------------+---------------------+--------------+
|    RTL Ports   | Dir | Bits|  Protocol  |    Source Object    |    C Type    |
+----------------+-----+-----+------------+---------------------+--------------+
|ap_clk          |   in|    1|  ap_ctrl_hs|  linear_acc<128, 32>|  return value|
|ap_rst          |   in|    1|  ap_ctrl_hs|  linear_acc<128, 32>|  return value|
|ap_start        |   in|    1|  ap_ctrl_hs|  linear_acc<128, 32>|  return value|
|ap_done         |  out|    1|  ap_ctrl_hs|  linear_acc<128, 32>|  return value|
|ap_idle         |  out|    1|  ap_ctrl_hs|  linear_acc<128, 32>|  return value|
|ap_ready        |  out|    1|  ap_ctrl_hs|  linear_acc<128, 32>|  return value|
|x_address0      |  out|    5|   ap_memory|                    x|         array|
|x_ce0           |  out|    1|   ap_memory|                    x|         array|
|x_q0            |   in|    7|   ap_memory|                    x|         array|
|x_address1      |  out|    5|   ap_memory|                    x|         array|
|x_ce1           |  out|    1|   ap_memory|                    x|         array|
|x_q1            |   in|    7|   ap_memory|                    x|         array|
|out_r_address0  |  out|    7|   ap_memory|                out_r|         array|
|out_r_ce0       |  out|    1|   ap_memory|                out_r|         array|
|out_r_we0       |  out|    1|   ap_memory|                out_r|         array|
|out_r_d0        |  out|   20|   ap_memory|                out_r|         array|
+----------------+-----+-----+------------+---------------------+--------------+

============================================================
+ Verbose Summary: Synthesis Manager
============================================================
InlineROM: 1
ExposeGlobal: 0
============================================================
+ Verbose Summary: CDFG Model
============================================================
IsTopModel: 0
ResetActiveHigh: 1
IsCombinational: 2
IsDatapathOnly: 2
HasWiredReturn: 1
HasMFsm: 0
HasVarLatency: 1
IsPipeline: 0
IsRtlPipelined: 0
IsInstanceOverlapped: 0
IsDontTouch: 0
HasImplIP: 0
IsGatedGlobalClock: 0


============================================================
+ Verbose Summary: Schedule
============================================================
* Number of FSM states : 18
* Pipeline : 0
* Dataflow Pipeline: 0

* FSM state transitions: 
1 --> 2 
2 --> 3 
3 --> 4 
4 --> 5 
5 --> 6 
6 --> 7 
7 --> 8 
8 --> 9 
9 --> 10 
10 --> 11 
11 --> 12 
12 --> 13 
13 --> 14 
14 --> 15 
15 --> 16 
16 --> 17 
17 --> 18 
18 --> 

* FSM state operations: 

State 1 <SV = 0> <Delay = 0.67>
ST_1 : Operation 19 [1/1] (0.00ns)   --->   "%x_addr = getelementptr i7 %x, i64 0, i64 0" [awn_int8.cpp:182]   --->   Operation 19 'getelementptr' 'x_addr' <Predicate = true> <Delay = 0.00>
ST_1 : Operation 20 [2/2] (0.67ns)   --->   "%x_load = load i5 %x_addr" [awn_int8.cpp:182]   --->   Operation 20 'load' 'x_load' <Predicate = true> <Delay = 0.67> <CoreInst = "RAM">   --->   Core 83 'RAM' <Latency = 1> <II = 1> <Delay = 0.67> <Storage> <Opcode : 'load' 'store'> <Ports = 2> <Width = 7> <Depth = 32> <RAM>
ST_1 : Operation 21 [1/1] (0.00ns)   --->   "%x_addr_255 = getelementptr i7 %x, i64 0, i64 1"   --->   Operation 21 'getelementptr' 'x_addr_255' <Predicate = true> <Delay = 0.00>
ST_1 : Operation 22 [2/2] (0.67ns)   --->   "%x_load_255 = load i5 %x_addr_255"   --->   Operation 22 'load' 'x_load_255' <Predicate = true> <Delay = 0.67> <CoreInst = "RAM">   --->   Core 83 'RAM' <Latency = 1> <II = 1> <Delay = 0.67> <Storage> <Opcode : 'load' 'store'> <Ports = 2> <Width = 7> <Depth = 32> <RAM>

State 2 <SV = 1> <Delay = 0.67>
ST_2 : Operation 23 [1/2] (0.67ns)   --->   "%x_load = load i5 %x_addr" [awn_int8.cpp:182]   --->   Operation 23 'load' 'x_load' <Predicate = true> <Delay = 0.67> <CoreInst = "RAM">   --->   Core 83 'RAM' <Latency = 1> <II = 1> <Delay = 0.67> <Storage> <Opcode : 'load' 'store'> <Ports = 2> <Width = 7> <Depth = 32> <RAM>
ST_2 : Operation 24 [1/2] (0.67ns)   --->   "%x_load_255 = load i5 %x_addr_255"   --->   Operation 24 'load' 'x_load_255' <Predicate = true> <Delay = 0.67> <CoreInst = "RAM">   --->   Core 83 'RAM' <Latency = 1> <II = 1> <Delay = 0.67> <Storage> <Opcode : 'load' 'store'> <Ports = 2> <Width = 7> <Depth = 32> <RAM>
ST_2 : Operation 25 [1/1] (0.00ns)   --->   "%x_addr_256 = getelementptr i7 %x, i64 0, i64 2"   --->   Operation 25 'getelementptr' 'x_addr_256' <Predicate = true> <Delay = 0.00>
ST_2 : Operation 26 [2/2] (0.67ns)   --->   "%x_load_256 = load i5 %x_addr_256"   --->   Operation 26 'load' 'x_load_256' <Predicate = true> <Delay = 0.67> <CoreInst = "RAM">   --->   Core 83 'RAM' <Latency = 1> <II = 1> <Delay = 0.67> <Storage> <Opcode : 'load' 'store'> <Ports = 2> <Width = 7> <Depth = 32> <RAM>
ST_2 : Operation 27 [1/1] (0.00ns)   --->   "%x_addr_257 = getelementptr i7 %x, i64 0, i64 3"   --->   Operation 27 'getelementptr' 'x_addr_257' <Predicate = true> <Delay = 0.00>
ST_2 : Operation 28 [2/2] (0.67ns)   --->   "%x_load_257 = load i5 %x_addr_257"   --->   Operation 28 'load' 'x_load_257' <Predicate = true> <Delay = 0.67> <CoreInst = "RAM">   --->   Core 83 'RAM' <Latency = 1> <II = 1> <Delay = 0.67> <Storage> <Opcode : 'load' 'store'> <Ports = 2> <Width = 7> <Depth = 32> <RAM>

State 3 <SV = 2> <Delay = 0.67>
ST_3 : Operation 29 [1/2] (0.67ns)   --->   "%x_load_256 = load i5 %x_addr_256"   --->   Operation 29 'load' 'x_load_256' <Predicate = true> <Delay = 0.67> <CoreInst = "RAM">   --->   Core 83 'RAM' <Latency = 1> <II = 1> <Delay = 0.67> <Storage> <Opcode : 'load' 'store'> <Ports = 2> <Width = 7> <Depth = 32> <RAM>
ST_3 : Operation 30 [1/2] (0.67ns)   --->   "%x_load_257 = load i5 %x_addr_257"   --->   Operation 30 'load' 'x_load_257' <Predicate = true> <Delay = 0.67> <CoreInst = "RAM">   --->   Core 83 'RAM' <Latency = 1> <II = 1> <Delay = 0.67> <Storage> <Opcode : 'load' 'store'> <Ports = 2> <Width = 7> <Depth = 32> <RAM>
ST_3 : Operation 31 [1/1] (0.00ns)   --->   "%x_addr_258 = getelementptr i7 %x, i64 0, i64 4"   --->   Operation 31 'getelementptr' 'x_addr_258' <Predicate = true> <Delay = 0.00>
ST_3 : Operation 32 [2/2] (0.67ns)   --->   "%x_load_258 = load i5 %x_addr_258"   --->   Operation 32 'load' 'x_load_258' <Predicate = true> <Delay = 0.67> <CoreInst = "RAM">   --->   Core 83 'RAM' <Latency = 1> <II = 1> <Delay = 0.67> <Storage> <Opcode : 'load' 'store'> <Ports = 2> <Width = 7> <Depth = 32> <RAM>
ST_3 : Operation 33 [1/1] (0.00ns)   --->   "%x_addr_259 = getelementptr i7 %x, i64 0, i64 5"   --->   Operation 33 'getelementptr' 'x_addr_259' <Predicate = true> <Delay = 0.00>
ST_3 : Operation 34 [2/2] (0.67ns)   --->   "%x_load_259 = load i5 %x_addr_259"   --->   Operation 34 'load' 'x_load_259' <Predicate = true> <Delay = 0.67> <CoreInst = "RAM">   --->   Core 83 'RAM' <Latency = 1> <II = 1> <Delay = 0.67> <Storage> <Opcode : 'load' 'store'> <Ports = 2> <Width = 7> <Depth = 32> <RAM>

State 4 <SV = 3> <Delay = 0.67>
ST_4 : Operation 35 [1/2] (0.67ns)   --->   "%x_load_258 = load i5 %x_addr_258"   --->   Operation 35 'load' 'x_load_258' <Predicate = true> <Delay = 0.67> <CoreInst = "RAM">   --->   Core 83 'RAM' <Latency = 1> <II = 1> <Delay = 0.67> <Storage> <Opcode : 'load' 'store'> <Ports = 2> <Width = 7> <Depth = 32> <RAM>
ST_4 : Operation 36 [1/2] (0.67ns)   --->   "%x_load_259 = load i5 %x_addr_259"   --->   Operation 36 'load' 'x_load_259' <Predicate = true> <Delay = 0.67> <CoreInst = "RAM">   --->   Core 83 'RAM' <Latency = 1> <II = 1> <Delay = 0.67> <Storage> <Opcode : 'load' 'store'> <Ports = 2> <Width = 7> <Depth = 32> <RAM>
ST_4 : Operation 37 [1/1] (0.00ns)   --->   "%x_addr_260 = getelementptr i7 %x, i64 0, i64 6"   --->   Operation 37 'getelementptr' 'x_addr_260' <Predicate = true> <Delay = 0.00>
ST_4 : Operation 38 [2/2] (0.67ns)   --->   "%x_load_260 = load i5 %x_addr_260"   --->   Operation 38 'load' 'x_load_260' <Predicate = true> <Delay = 0.67> <CoreInst = "RAM">   --->   Core 83 'RAM' <Latency = 1> <II = 1> <Delay = 0.67> <Storage> <Opcode : 'load' 'store'> <Ports = 2> <Width = 7> <Depth = 32> <RAM>
ST_4 : Operation 39 [1/1] (0.00ns)   --->   "%x_addr_261 = getelementptr i7 %x, i64 0, i64 7"   --->   Operation 39 'getelementptr' 'x_addr_261' <Predicate = true> <Delay = 0.00>
ST_4 : Operation 40 [2/2] (0.67ns)   --->   "%x_load_261 = load i5 %x_addr_261"   --->   Operation 40 'load' 'x_load_261' <Predicate = true> <Delay = 0.67> <CoreInst = "RAM">   --->   Core 83 'RAM' <Latency = 1> <II = 1> <Delay = 0.67> <Storage> <Opcode : 'load' 'store'> <Ports = 2> <Width = 7> <Depth = 32> <RAM>

State 5 <SV = 4> <Delay = 0.67>
ST_5 : Operation 41 [1/2] (0.67ns)   --->   "%x_load_260 = load i5 %x_addr_260"   --->   Operation 41 'load' 'x_load_260' <Predicate = true> <Delay = 0.67> <CoreInst = "RAM">   --->   Core 83 'RAM' <Latency = 1> <II = 1> <Delay = 0.67> <Storage> <Opcode : 'load' 'store'> <Ports = 2> <Width = 7> <Depth = 32> <RAM>
ST_5 : Operation 42 [1/2] (0.67ns)   --->   "%x_load_261 = load i5 %x_addr_261"   --->   Operation 42 'load' 'x_load_261' <Predicate = true> <Delay = 0.67> <CoreInst = "RAM">   --->   Core 83 'RAM' <Latency = 1> <II = 1> <Delay = 0.67> <Storage> <Opcode : 'load' 'store'> <Ports = 2> <Width = 7> <Depth = 32> <RAM>
ST_5 : Operation 43 [1/1] (0.00ns)   --->   "%x_addr_262 = getelementptr i7 %x, i64 0, i64 8"   --->   Operation 43 'getelementptr' 'x_addr_262' <Predicate = true> <Delay = 0.00>
ST_5 : Operation 44 [2/2] (0.67ns)   --->   "%x_load_262 = load i5 %x_addr_262"   --->   Operation 44 'load' 'x_load_262' <Predicate = true> <Delay = 0.67> <CoreInst = "RAM">   --->   Core 83 'RAM' <Latency = 1> <II = 1> <Delay = 0.67> <Storage> <Opcode : 'load' 'store'> <Ports = 2> <Width = 7> <Depth = 32> <RAM>
ST_5 : Operation 45 [1/1] (0.00ns)   --->   "%x_addr_263 = getelementptr i7 %x, i64 0, i64 9"   --->   Operation 45 'getelementptr' 'x_addr_263' <Predicate = true> <Delay = 0.00>
ST_5 : Operation 46 [2/2] (0.67ns)   --->   "%x_load_263 = load i5 %x_addr_263"   --->   Operation 46 'load' 'x_load_263' <Predicate = true> <Delay = 0.67> <CoreInst = "RAM">   --->   Core 83 'RAM' <Latency = 1> <II = 1> <Delay = 0.67> <Storage> <Opcode : 'load' 'store'> <Ports = 2> <Width = 7> <Depth = 32> <RAM>

State 6 <SV = 5> <Delay = 0.67>
ST_6 : Operation 47 [1/2] (0.67ns)   --->   "%x_load_262 = load i5 %x_addr_262"   --->   Operation 47 'load' 'x_load_262' <Predicate = true> <Delay = 0.67> <CoreInst = "RAM">   --->   Core 83 'RAM' <Latency = 1> <II = 1> <Delay = 0.67> <Storage> <Opcode : 'load' 'store'> <Ports = 2> <Width = 7> <Depth = 32> <RAM>
ST_6 : Operation 48 [1/2] (0.67ns)   --->   "%x_load_263 = load i5 %x_addr_263"   --->   Operation 48 'load' 'x_load_263' <Predicate = true> <Delay = 0.67> <CoreInst = "RAM">   --->   Core 83 'RAM' <Latency = 1> <II = 1> <Delay = 0.67> <Storage> <Opcode : 'load' 'store'> <Ports = 2> <Width = 7> <Depth = 32> <RAM>
ST_6 : Operation 49 [1/1] (0.00ns)   --->   "%x_addr_264 = getelementptr i7 %x, i64 0, i64 10"   --->   Operation 49 'getelementptr' 'x_addr_264' <Predicate = true> <Delay = 0.00>
ST_6 : Operation 50 [2/2] (0.67ns)   --->   "%x_load_264 = load i5 %x_addr_264"   --->   Operation 50 'load' 'x_load_264' <Predicate = true> <Delay = 0.67> <CoreInst = "RAM">   --->   Core 83 'RAM' <Latency = 1> <II = 1> <Delay = 0.67> <Storage> <Opcode : 'load' 'store'> <Ports = 2> <Width = 7> <Depth = 32> <RAM>
ST_6 : Operation 51 [1/1] (0.00ns)   --->   "%x_addr_265 = getelementptr i7 %x, i64 0, i64 11"   --->   Operation 51 'getelementptr' 'x_addr_265' <Predicate = true> <Delay = 0.00>
ST_6 : Operation 52 [2/2] (0.67ns)   --->   "%x_load_265 = load i5 %x_addr_265"   --->   Operation 52 'load' 'x_load_265' <Predicate = true> <Delay = 0.67> <CoreInst = "RAM">   --->   Core 83 'RAM' <Latency = 1> <II = 1> <Delay = 0.67> <Storage> <Opcode : 'load' 'store'> <Ports = 2> <Width = 7> <Depth = 32> <RAM>

State 7 <SV = 6> <Delay = 0.67>
ST_7 : Operation 53 [1/2] (0.67ns)   --->   "%x_load_264 = load i5 %x_addr_264"   --->   Operation 53 'load' 'x_load_264' <Predicate = true> <Delay = 0.67> <CoreInst = "RAM">   --->   Core 83 'RAM' <Latency = 1> <II = 1> <Delay = 0.67> <Storage> <Opcode : 'load' 'store'> <Ports = 2> <Width = 7> <Depth = 32> <RAM>
ST_7 : Operation 54 [1/2] (0.67ns)   --->   "%x_load_265 = load i5 %x_addr_265"   --->   Operation 54 'load' 'x_load_265' <Predicate = true> <Delay = 0.67> <CoreInst = "RAM">   --->   Core 83 'RAM' <Latency = 1> <II = 1> <Delay = 0.67> <Storage> <Opcode : 'load' 'store'> <Ports = 2> <Width = 7> <Depth = 32> <RAM>
ST_7 : Operation 55 [1/1] (0.00ns)   --->   "%x_addr_266 = getelementptr i7 %x, i64 0, i64 12"   --->   Operation 55 'getelementptr' 'x_addr_266' <Predicate = true> <Delay = 0.00>
ST_7 : Operation 56 [2/2] (0.67ns)   --->   "%x_load_266 = load i5 %x_addr_266"   --->   Operation 56 'load' 'x_load_266' <Predicate = true> <Delay = 0.67> <CoreInst = "RAM">   --->   Core 83 'RAM' <Latency = 1> <II = 1> <Delay = 0.67> <Storage> <Opcode : 'load' 'store'> <Ports = 2> <Width = 7> <Depth = 32> <RAM>
ST_7 : Operation 57 [1/1] (0.00ns)   --->   "%x_addr_267 = getelementptr i7 %x, i64 0, i64 13"   --->   Operation 57 'getelementptr' 'x_addr_267' <Predicate = true> <Delay = 0.00>
ST_7 : Operation 58 [2/2] (0.67ns)   --->   "%x_load_267 = load i5 %x_addr_267"   --->   Operation 58 'load' 'x_load_267' <Predicate = true> <Delay = 0.67> <CoreInst = "RAM">   --->   Core 83 'RAM' <Latency = 1> <II = 1> <Delay = 0.67> <Storage> <Opcode : 'load' 'store'> <Ports = 2> <Width = 7> <Depth = 32> <RAM>

State 8 <SV = 7> <Delay = 0.67>
ST_8 : Operation 59 [1/2] (0.67ns)   --->   "%x_load_266 = load i5 %x_addr_266"   --->   Operation 59 'load' 'x_load_266' <Predicate = true> <Delay = 0.67> <CoreInst = "RAM">   --->   Core 83 'RAM' <Latency = 1> <II = 1> <Delay = 0.67> <Storage> <Opcode : 'load' 'store'> <Ports = 2> <Width = 7> <Depth = 32> <RAM>
ST_8 : Operation 60 [1/2] (0.67ns)   --->   "%x_load_267 = load i5 %x_addr_267"   --->   Operation 60 'load' 'x_load_267' <Predicate = true> <Delay = 0.67> <CoreInst = "RAM">   --->   Core 83 'RAM' <Latency = 1> <II = 1> <Delay = 0.67> <Storage> <Opcode : 'load' 'store'> <Ports = 2> <Width = 7> <Depth = 32> <RAM>
ST_8 : Operation 61 [1/1] (0.00ns)   --->   "%x_addr_268 = getelementptr i7 %x, i64 0, i64 14"   --->   Operation 61 'getelementptr' 'x_addr_268' <Predicate = true> <Delay = 0.00>
ST_8 : Operation 62 [2/2] (0.67ns)   --->   "%x_load_268 = load i5 %x_addr_268"   --->   Operation 62 'load' 'x_load_268' <Predicate = true> <Delay = 0.67> <CoreInst = "RAM">   --->   Core 83 'RAM' <Latency = 1> <II = 1> <Delay = 0.67> <Storage> <Opcode : 'load' 'store'> <Ports = 2> <Width = 7> <Depth = 32> <RAM>
ST_8 : Operation 63 [1/1] (0.00ns)   --->   "%x_addr_269 = getelementptr i7 %x, i64 0, i64 15"   --->   Operation 63 'getelementptr' 'x_addr_269' <Predicate = true> <Delay = 0.00>
ST_8 : Operation 64 [2/2] (0.67ns)   --->   "%x_load_269 = load i5 %x_addr_269"   --->   Operation 64 'load' 'x_load_269' <Predicate = true> <Delay = 0.67> <CoreInst = "RAM">   --->   Core 83 'RAM' <Latency = 1> <II = 1> <Delay = 0.67> <Storage> <Opcode : 'load' 'store'> <Ports = 2> <Width = 7> <Depth = 32> <RAM>

State 9 <SV = 8> <Delay = 0.67>
ST_9 : Operation 65 [1/2] (0.67ns)   --->   "%x_load_268 = load i5 %x_addr_268"   --->   Operation 65 'load' 'x_load_268' <Predicate = true> <Delay = 0.67> <CoreInst = "RAM">   --->   Core 83 'RAM' <Latency = 1> <II = 1> <Delay = 0.67> <Storage> <Opcode : 'load' 'store'> <Ports = 2> <Width = 7> <Depth = 32> <RAM>
ST_9 : Operation 66 [1/2] (0.67ns)   --->   "%x_load_269 = load i5 %x_addr_269"   --->   Operation 66 'load' 'x_load_269' <Predicate = true> <Delay = 0.67> <CoreInst = "RAM">   --->   Core 83 'RAM' <Latency = 1> <II = 1> <Delay = 0.67> <Storage> <Opcode : 'load' 'store'> <Ports = 2> <Width = 7> <Depth = 32> <RAM>
ST_9 : Operation 67 [1/1] (0.00ns)   --->   "%x_addr_270 = getelementptr i7 %x, i64 0, i64 16"   --->   Operation 67 'getelementptr' 'x_addr_270' <Predicate = true> <Delay = 0.00>
ST_9 : Operation 68 [2/2] (0.67ns)   --->   "%x_load_270 = load i5 %x_addr_270"   --->   Operation 68 'load' 'x_load_270' <Predicate = true> <Delay = 0.67> <CoreInst = "RAM">   --->   Core 83 'RAM' <Latency = 1> <II = 1> <Delay = 0.67> <Storage> <Opcode : 'load' 'store'> <Ports = 2> <Width = 7> <Depth = 32> <RAM>
ST_9 : Operation 69 [1/1] (0.00ns)   --->   "%x_addr_271 = getelementptr i7 %x, i64 0, i64 17"   --->   Operation 69 'getelementptr' 'x_addr_271' <Predicate = true> <Delay = 0.00>
ST_9 : Operation 70 [2/2] (0.67ns)   --->   "%x_load_271 = load i5 %x_addr_271"   --->   Operation 70 'load' 'x_load_271' <Predicate = true> <Delay = 0.67> <CoreInst = "RAM">   --->   Core 83 'RAM' <Latency = 1> <II = 1> <Delay = 0.67> <Storage> <Opcode : 'load' 'store'> <Ports = 2> <Width = 7> <Depth = 32> <RAM>

State 10 <SV = 9> <Delay = 0.67>
ST_10 : Operation 71 [1/2] (0.67ns)   --->   "%x_load_270 = load i5 %x_addr_270"   --->   Operation 71 'load' 'x_load_270' <Predicate = true> <Delay = 0.67> <CoreInst = "RAM">   --->   Core 83 'RAM' <Latency = 1> <II = 1> <Delay = 0.67> <Storage> <Opcode : 'load' 'store'> <Ports = 2> <Width = 7> <Depth = 32> <RAM>
ST_10 : Operation 72 [1/2] (0.67ns)   --->   "%x_load_271 = load i5 %x_addr_271"   --->   Operation 72 'load' 'x_load_271' <Predicate = true> <Delay = 0.67> <CoreInst = "RAM">   --->   Core 83 'RAM' <Latency = 1> <II = 1> <Delay = 0.67> <Storage> <Opcode : 'load' 'store'> <Ports = 2> <Width = 7> <Depth = 32> <RAM>
ST_10 : Operation 73 [1/1] (0.00ns)   --->   "%x_addr_272 = getelementptr i7 %x, i64 0, i64 18"   --->   Operation 73 'getelementptr' 'x_addr_272' <Predicate = true> <Delay = 0.00>
ST_10 : Operation 74 [2/2] (0.67ns)   --->   "%x_load_272 = load i5 %x_addr_272"   --->   Operation 74 'load' 'x_load_272' <Predicate = true> <Delay = 0.67> <CoreInst = "RAM">   --->   Core 83 'RAM' <Latency = 1> <II = 1> <Delay = 0.67> <Storage> <Opcode : 'load' 'store'> <Ports = 2> <Width = 7> <Depth = 32> <RAM>
ST_10 : Operation 75 [1/1] (0.00ns)   --->   "%x_addr_273 = getelementptr i7 %x, i64 0, i64 19"   --->   Operation 75 'getelementptr' 'x_addr_273' <Predicate = true> <Delay = 0.00>
ST_10 : Operation 76 [2/2] (0.67ns)   --->   "%x_load_273 = load i5 %x_addr_273"   --->   Operation 76 'load' 'x_load_273' <Predicate = true> <Delay = 0.67> <CoreInst = "RAM">   --->   Core 83 'RAM' <Latency = 1> <II = 1> <Delay = 0.67> <Storage> <Opcode : 'load' 'store'> <Ports = 2> <Width = 7> <Depth = 32> <RAM>

State 11 <SV = 10> <Delay = 0.67>
ST_11 : Operation 77 [1/2] (0.67ns)   --->   "%x_load_272 = load i5 %x_addr_272"   --->   Operation 77 'load' 'x_load_272' <Predicate = true> <Delay = 0.67> <CoreInst = "RAM">   --->   Core 83 'RAM' <Latency = 1> <II = 1> <Delay = 0.67> <Storage> <Opcode : 'load' 'store'> <Ports = 2> <Width = 7> <Depth = 32> <RAM>
ST_11 : Operation 78 [1/2] (0.67ns)   --->   "%x_load_273 = load i5 %x_addr_273"   --->   Operation 78 'load' 'x_load_273' <Predicate = true> <Delay = 0.67> <CoreInst = "RAM">   --->   Core 83 'RAM' <Latency = 1> <II = 1> <Delay = 0.67> <Storage> <Opcode : 'load' 'store'> <Ports = 2> <Width = 7> <Depth = 32> <RAM>
ST_11 : Operation 79 [1/1] (0.00ns)   --->   "%x_addr_274 = getelementptr i7 %x, i64 0, i64 20"   --->   Operation 79 'getelementptr' 'x_addr_274' <Predicate = true> <Delay = 0.00>
ST_11 : Operation 80 [2/2] (0.67ns)   --->   "%x_load_274 = load i5 %x_addr_274"   --->   Operation 80 'load' 'x_load_274' <Predicate = true> <Delay = 0.67> <CoreInst = "RAM">   --->   Core 83 'RAM' <Latency = 1> <II = 1> <Delay = 0.67> <Storage> <Opcode : 'load' 'store'> <Ports = 2> <Width = 7> <Depth = 32> <RAM>
ST_11 : Operation 81 [1/1] (0.00ns)   --->   "%x_addr_275 = getelementptr i7 %x, i64 0, i64 21"   --->   Operation 81 'getelementptr' 'x_addr_275' <Predicate = true> <Delay = 0.00>
ST_11 : Operation 82 [2/2] (0.67ns)   --->   "%x_load_275 = load i5 %x_addr_275"   --->   Operation 82 'load' 'x_load_275' <Predicate = true> <Delay = 0.67> <CoreInst = "RAM">   --->   Core 83 'RAM' <Latency = 1> <II = 1> <Delay = 0.67> <Storage> <Opcode : 'load' 'store'> <Ports = 2> <Width = 7> <Depth = 32> <RAM>

State 12 <SV = 11> <Delay = 0.67>
ST_12 : Operation 83 [1/2] (0.67ns)   --->   "%x_load_274 = load i5 %x_addr_274"   --->   Operation 83 'load' 'x_load_274' <Predicate = true> <Delay = 0.67> <CoreInst = "RAM">   --->   Core 83 'RAM' <Latency = 1> <II = 1> <Delay = 0.67> <Storage> <Opcode : 'load' 'store'> <Ports = 2> <Width = 7> <Depth = 32> <RAM>
ST_12 : Operation 84 [1/2] (0.67ns)   --->   "%x_load_275 = load i5 %x_addr_275"   --->   Operation 84 'load' 'x_load_275' <Predicate = true> <Delay = 0.67> <CoreInst = "RAM">   --->   Core 83 'RAM' <Latency = 1> <II = 1> <Delay = 0.67> <Storage> <Opcode : 'load' 'store'> <Ports = 2> <Width = 7> <Depth = 32> <RAM>
ST_12 : Operation 85 [1/1] (0.00ns)   --->   "%x_addr_276 = getelementptr i7 %x, i64 0, i64 22"   --->   Operation 85 'getelementptr' 'x_addr_276' <Predicate = true> <Delay = 0.00>
ST_12 : Operation 86 [2/2] (0.67ns)   --->   "%x_load_276 = load i5 %x_addr_276"   --->   Operation 86 'load' 'x_load_276' <Predicate = true> <Delay = 0.67> <CoreInst = "RAM">   --->   Core 83 'RAM' <Latency = 1> <II = 1> <Delay = 0.67> <Storage> <Opcode : 'load' 'store'> <Ports = 2> <Width = 7> <Depth = 32> <RAM>
ST_12 : Operation 87 [1/1] (0.00ns)   --->   "%x_addr_277 = getelementptr i7 %x, i64 0, i64 23"   --->   Operation 87 'getelementptr' 'x_addr_277' <Predicate = true> <Delay = 0.00>
ST_12 : Operation 88 [2/2] (0.67ns)   --->   "%x_load_277 = load i5 %x_addr_277"   --->   Operation 88 'load' 'x_load_277' <Predicate = true> <Delay = 0.67> <CoreInst = "RAM">   --->   Core 83 'RAM' <Latency = 1> <II = 1> <Delay = 0.67> <Storage> <Opcode : 'load' 'store'> <Ports = 2> <Width = 7> <Depth = 32> <RAM>

State 13 <SV = 12> <Delay = 0.67>
ST_13 : Operation 89 [1/2] (0.67ns)   --->   "%x_load_276 = load i5 %x_addr_276"   --->   Operation 89 'load' 'x_load_276' <Predicate = true> <Delay = 0.67> <CoreInst = "RAM">   --->   Core 83 'RAM' <Latency = 1> <II = 1> <Delay = 0.67> <Storage> <Opcode : 'load' 'store'> <Ports = 2> <Width = 7> <Depth = 32> <RAM>
ST_13 : Operation 90 [1/2] (0.67ns)   --->   "%x_load_277 = load i5 %x_addr_277"   --->   Operation 90 'load' 'x_load_277' <Predicate = true> <Delay = 0.67> <CoreInst = "RAM">   --->   Core 83 'RAM' <Latency = 1> <II = 1> <Delay = 0.67> <Storage> <Opcode : 'load' 'store'> <Ports = 2> <Width = 7> <Depth = 32> <RAM>
ST_13 : Operation 91 [1/1] (0.00ns)   --->   "%x_addr_278 = getelementptr i7 %x, i64 0, i64 24"   --->   Operation 91 'getelementptr' 'x_addr_278' <Predicate = true> <Delay = 0.00>
ST_13 : Operation 92 [2/2] (0.67ns)   --->   "%x_load_278 = load i5 %x_addr_278"   --->   Operation 92 'load' 'x_load_278' <Predicate = true> <Delay = 0.67> <CoreInst = "RAM">   --->   Core 83 'RAM' <Latency = 1> <II = 1> <Delay = 0.67> <Storage> <Opcode : 'load' 'store'> <Ports = 2> <Width = 7> <Depth = 32> <RAM>
ST_13 : Operation 93 [1/1] (0.00ns)   --->   "%x_addr_279 = getelementptr i7 %x, i64 0, i64 25"   --->   Operation 93 'getelementptr' 'x_addr_279' <Predicate = true> <Delay = 0.00>
ST_13 : Operation 94 [2/2] (0.67ns)   --->   "%x_load_279 = load i5 %x_addr_279"   --->   Operation 94 'load' 'x_load_279' <Predicate = true> <Delay = 0.67> <CoreInst = "RAM">   --->   Core 83 'RAM' <Latency = 1> <II = 1> <Delay = 0.67> <Storage> <Opcode : 'load' 'store'> <Ports = 2> <Width = 7> <Depth = 32> <RAM>

State 14 <SV = 13> <Delay = 0.67>
ST_14 : Operation 95 [1/2] (0.67ns)   --->   "%x_load_278 = load i5 %x_addr_278"   --->   Operation 95 'load' 'x_load_278' <Predicate = true> <Delay = 0.67> <CoreInst = "RAM">   --->   Core 83 'RAM' <Latency = 1> <II = 1> <Delay = 0.67> <Storage> <Opcode : 'load' 'store'> <Ports = 2> <Width = 7> <Depth = 32> <RAM>
ST_14 : Operation 96 [1/2] (0.67ns)   --->   "%x_load_279 = load i5 %x_addr_279"   --->   Operation 96 'load' 'x_load_279' <Predicate = true> <Delay = 0.67> <CoreInst = "RAM">   --->   Core 83 'RAM' <Latency = 1> <II = 1> <Delay = 0.67> <Storage> <Opcode : 'load' 'store'> <Ports = 2> <Width = 7> <Depth = 32> <RAM>
ST_14 : Operation 97 [1/1] (0.00ns)   --->   "%x_addr_280 = getelementptr i7 %x, i64 0, i64 26"   --->   Operation 97 'getelementptr' 'x_addr_280' <Predicate = true> <Delay = 0.00>
ST_14 : Operation 98 [2/2] (0.67ns)   --->   "%x_load_280 = load i5 %x_addr_280"   --->   Operation 98 'load' 'x_load_280' <Predicate = true> <Delay = 0.67> <CoreInst = "RAM">   --->   Core 83 'RAM' <Latency = 1> <II = 1> <Delay = 0.67> <Storage> <Opcode : 'load' 'store'> <Ports = 2> <Width = 7> <Depth = 32> <RAM>
ST_14 : Operation 99 [1/1] (0.00ns)   --->   "%x_addr_281 = getelementptr i7 %x, i64 0, i64 27"   --->   Operation 99 'getelementptr' 'x_addr_281' <Predicate = true> <Delay = 0.00>
ST_14 : Operation 100 [2/2] (0.67ns)   --->   "%x_load_281 = load i5 %x_addr_281"   --->   Operation 100 'load' 'x_load_281' <Predicate = true> <Delay = 0.67> <CoreInst = "RAM">   --->   Core 83 'RAM' <Latency = 1> <II = 1> <Delay = 0.67> <Storage> <Opcode : 'load' 'store'> <Ports = 2> <Width = 7> <Depth = 32> <RAM>

State 15 <SV = 14> <Delay = 0.67>
ST_15 : Operation 101 [1/2] (0.67ns)   --->   "%x_load_280 = load i5 %x_addr_280"   --->   Operation 101 'load' 'x_load_280' <Predicate = true> <Delay = 0.67> <CoreInst = "RAM">   --->   Core 83 'RAM' <Latency = 1> <II = 1> <Delay = 0.67> <Storage> <Opcode : 'load' 'store'> <Ports = 2> <Width = 7> <Depth = 32> <RAM>
ST_15 : Operation 102 [1/2] (0.67ns)   --->   "%x_load_281 = load i5 %x_addr_281"   --->   Operation 102 'load' 'x_load_281' <Predicate = true> <Delay = 0.67> <CoreInst = "RAM">   --->   Core 83 'RAM' <Latency = 1> <II = 1> <Delay = 0.67> <Storage> <Opcode : 'load' 'store'> <Ports = 2> <Width = 7> <Depth = 32> <RAM>
ST_15 : Operation 103 [1/1] (0.00ns)   --->   "%x_addr_282 = getelementptr i7 %x, i64 0, i64 28"   --->   Operation 103 'getelementptr' 'x_addr_282' <Predicate = true> <Delay = 0.00>
ST_15 : Operation 104 [2/2] (0.67ns)   --->   "%x_load_282 = load i5 %x_addr_282"   --->   Operation 104 'load' 'x_load_282' <Predicate = true> <Delay = 0.67> <CoreInst = "RAM">   --->   Core 83 'RAM' <Latency = 1> <II = 1> <Delay = 0.67> <Storage> <Opcode : 'load' 'store'> <Ports = 2> <Width = 7> <Depth = 32> <RAM>
ST_15 : Operation 105 [1/1] (0.00ns)   --->   "%x_addr_283 = getelementptr i7 %x, i64 0, i64 29"   --->   Operation 105 'getelementptr' 'x_addr_283' <Predicate = true> <Delay = 0.00>
ST_15 : Operation 106 [2/2] (0.67ns)   --->   "%x_load_283 = load i5 %x_addr_283"   --->   Operation 106 'load' 'x_load_283' <Predicate = true> <Delay = 0.67> <CoreInst = "RAM">   --->   Core 83 'RAM' <Latency = 1> <II = 1> <Delay = 0.67> <Storage> <Opcode : 'load' 'store'> <Ports = 2> <Width = 7> <Depth = 32> <RAM>

State 16 <SV = 15> <Delay = 0.67>
ST_16 : Operation 107 [1/2] (0.67ns)   --->   "%x_load_282 = load i5 %x_addr_282"   --->   Operation 107 'load' 'x_load_282' <Predicate = true> <Delay = 0.67> <CoreInst = "RAM">   --->   Core 83 'RAM' <Latency = 1> <II = 1> <Delay = 0.67> <Storage> <Opcode : 'load' 'store'> <Ports = 2> <Width = 7> <Depth = 32> <RAM>
ST_16 : Operation 108 [1/2] (0.67ns)   --->   "%x_load_283 = load i5 %x_addr_283"   --->   Operation 108 'load' 'x_load_283' <Predicate = true> <Delay = 0.67> <CoreInst = "RAM">   --->   Core 83 'RAM' <Latency = 1> <II = 1> <Delay = 0.67> <Storage> <Opcode : 'load' 'store'> <Ports = 2> <Width = 7> <Depth = 32> <RAM>
ST_16 : Operation 109 [1/1] (0.00ns)   --->   "%x_addr_284 = getelementptr i7 %x, i64 0, i64 30"   --->   Operation 109 'getelementptr' 'x_addr_284' <Predicate = true> <Delay = 0.00>
ST_16 : Operation 110 [2/2] (0.67ns)   --->   "%x_load_284 = load i5 %x_addr_284"   --->   Operation 110 'load' 'x_load_284' <Predicate = true> <Delay = 0.67> <CoreInst = "RAM">   --->   Core 83 'RAM' <Latency = 1> <II = 1> <Delay = 0.67> <Storage> <Opcode : 'load' 'store'> <Ports = 2> <Width = 7> <Depth = 32> <RAM>
ST_16 : Operation 111 [1/1] (0.00ns)   --->   "%x_addr_285 = getelementptr i7 %x, i64 0, i64 31"   --->   Operation 111 'getelementptr' 'x_addr_285' <Predicate = true> <Delay = 0.00>
ST_16 : Operation 112 [2/2] (0.67ns)   --->   "%x_load_285 = load i5 %x_addr_285"   --->   Operation 112 'load' 'x_load_285' <Predicate = true> <Delay = 0.67> <CoreInst = "RAM">   --->   Core 83 'RAM' <Latency = 1> <II = 1> <Delay = 0.67> <Storage> <Opcode : 'load' 'store'> <Ports = 2> <Width = 7> <Depth = 32> <RAM>

State 17 <SV = 16> <Delay = 0.67>
ST_17 : Operation 113 [1/2] (0.67ns)   --->   "%x_load_284 = load i5 %x_addr_284"   --->   Operation 113 'load' 'x_load_284' <Predicate = true> <Delay = 0.67> <CoreInst = "RAM">   --->   Core 83 'RAM' <Latency = 1> <II = 1> <Delay = 0.67> <Storage> <Opcode : 'load' 'store'> <Ports = 2> <Width = 7> <Depth = 32> <RAM>
ST_17 : Operation 114 [1/2] (0.67ns)   --->   "%x_load_285 = load i5 %x_addr_285"   --->   Operation 114 'load' 'x_load_285' <Predicate = true> <Delay = 0.67> <CoreInst = "RAM">   --->   Core 83 'RAM' <Latency = 1> <II = 1> <Delay = 0.67> <Storage> <Opcode : 'load' 'store'> <Ports = 2> <Width = 7> <Depth = 32> <RAM>
ST_17 : Operation 115 [2/2] (0.00ns)   --->   "%call_ln182 = call void @linear_acc<128, 32>_Pipeline_VITIS_LOOP_186_1, i7 %x_load_285, i7 %x_load_269, i7 %x_load_284, i7 %x_load_271, i7 %x_load_263, i7 %x_load_283, i7 %x_load_278, i7 %x_load_268, i7 %x_load, i7 %x_load_282, i7 %x_load_272, i7 %x_load_260, i7 %x_load_267, i7 %x_load_275, i7 %x_load_281, i7 %x_load_258, i7 %x_load_264, i7 %x_load_277, i7 %x_load_257, i7 %x_load_273, i7 %x_load_280, i7 %x_load_266, i7 %x_load_259, i7 %x_load_255, i7 %x_load_256, i7 %x_load_262, i7 %x_load_265, i7 %x_load_279, i7 %x_load_261, i7 %x_load_276, i7 %x_load_274, i7 %x_load_270, i20 %out_r, i8 %p_ZL4Wse3_0, i8 %p_ZL4Wse3_1, i8 %p_ZL4Wse3_2, i8 %p_ZL4Wse3_3, i8 %p_ZL4Wse3_4, i8 %p_ZL4Wse3_5, i8 %p_ZL4Wse3_6, i8 %p_ZL4Wse3_7, i8 %p_ZL4Wse3_8, i8 %p_ZL4Wse3_9, i7 %p_ZL4Wse3_10, i8 %p_ZL4Wse3_11, i8 %p_ZL4Wse3_12, i8 %p_ZL4Wse3_13, i8 %p_ZL4Wse3_14, i8 %p_ZL4Wse3_15, i8 %p_ZL4Wse3_16, i8 %p_ZL4Wse3_17, i8 %p_ZL4Wse3_18, i8 %p_ZL4Wse3_19, i7 %p_ZL4Wse3_20, i8 %p_ZL4Wse3_21, i8 %p_ZL4Wse3_22, i8 %p_ZL4Wse3_23, i8 %p_ZL4Wse3_24, i8 %p_ZL4Wse3_25, i8 %p_ZL4Wse3_26, i8 %p_ZL4Wse3_27, i8 %p_ZL4Wse3_28, i8 %p_ZL4Wse3_29, i8 %p_ZL4Wse3_30, i8 %p_ZL4Wse3_31" [awn_int8.cpp:182]   --->   Operation 115 'call' 'call_ln182' <Predicate = true> <Delay = 0.00> <CoreType = "Generic">   --->   Core 0 '' <Latency = 0> <II = 1> <Delay = 1.00> <Generic> <Opcode : >

State 18 <SV = 17> <Delay = 0.00>
ST_18 : Operation 116 [1/2] (0.00ns)   --->   "%call_ln182 = call void @linear_acc<128, 32>_Pipeline_VITIS_LOOP_186_1, i7 %x_load_285, i7 %x_load_269, i7 %x_load_284, i7 %x_load_271, i7 %x_load_263, i7 %x_load_283, i7 %x_load_278, i7 %x_load_268, i7 %x_load, i7 %x_load_282, i7 %x_load_272, i7 %x_load_260, i7 %x_load_267, i7 %x_load_275, i7 %x_load_281, i7 %x_load_258, i7 %x_load_264, i7 %x_load_277, i7 %x_load_257, i7 %x_load_273, i7 %x_load_280, i7 %x_load_266, i7 %x_load_259, i7 %x_load_255, i7 %x_load_256, i7 %x_load_262, i7 %x_load_265, i7 %x_load_279, i7 %x_load_261, i7 %x_load_276, i7 %x_load_274, i7 %x_load_270, i20 %out_r, i8 %p_ZL4Wse3_0, i8 %p_ZL4Wse3_1, i8 %p_ZL4Wse3_2, i8 %p_ZL4Wse3_3, i8 %p_ZL4Wse3_4, i8 %p_ZL4Wse3_5, i8 %p_ZL4Wse3_6, i8 %p_ZL4Wse3_7, i8 %p_ZL4Wse3_8, i8 %p_ZL4Wse3_9, i7 %p_ZL4Wse3_10, i8 %p_ZL4Wse3_11, i8 %p_ZL4Wse3_12, i8 %p_ZL4Wse3_13, i8 %p_ZL4Wse3_14, i8 %p_ZL4Wse3_15, i8 %p_ZL4Wse3_16, i8 %p_ZL4Wse3_17, i8 %p_ZL4Wse3_18, i8 %p_ZL4Wse3_19, i7 %p_ZL4Wse3_20, i8 %p_ZL4Wse3_21, i8 %p_ZL4Wse3_22, i8 %p_ZL4Wse3_23, i8 %p_ZL4Wse3_24, i8 %p_ZL4Wse3_25, i8 %p_ZL4Wse3_26, i8 %p_ZL4Wse3_27, i8 %p_ZL4Wse3_28, i8 %p_ZL4Wse3_29, i8 %p_ZL4Wse3_30, i8 %p_ZL4Wse3_31" [awn_int8.cpp:182]   --->   Operation 116 'call' 'call_ln182' <Predicate = true> <Delay = 0.00> <CoreType = "Generic">   --->   Core 0 '' <Latency = 0> <II = 1> <Delay = 1.00> <Generic> <Opcode : >
ST_18 : Operation 117 [1/1] (0.00ns)   --->   "%ret_ln194 = ret" [awn_int8.cpp:194]   --->   Operation 117 'ret' 'ret_ln194' <Predicate = true> <Delay = 0.00>


============================================================
+ Verbose Summary: Binding
============================================================
STG Binding: 
---------------- STG Properties BEGIN ----------------
- Is combinational: 0
- Is one-state seq: 0
- Is datapath-only: 0
- Is pipelined: 0
- Is top level: 0
Port [ Return ] is wired: 1; IO mode=ap_ctrl_hs:ce=0
Port [ x]:  wired=1; compound=1; hidden=0; nouse=0; global=0; static=0; extern=0; dir=0; type=1; pingpong=0; private_global=0; MemPort=[11]; IO mode=ap_memory:ce=0
Port [ out_r]:  wired=1; compound=1; hidden=0; nouse=0; global=0; static=0; extern=0; dir=1; type=1; pingpong=0; private_global=0; MemPort=[03]; IO mode=ap_memory:ce=0
Port [ p_ZL4Wse3_0]:  wired=0; compound=1; hidden=1; nouse=1; global=1; static=1; extern=0; dir=0; type=1; pingpong=0; private_global=0; MemPort=[1]; IO mode=ap_memory:ce=0
Port [ p_ZL4Wse3_1]:  wired=0; compound=1; hidden=1; nouse=1; global=1; static=1; extern=0; dir=0; type=1; pingpong=0; private_global=0; MemPort=[1]; IO mode=ap_memory:ce=0
Port [ p_ZL4Wse3_2]:  wired=0; compound=1; hidden=1; nouse=1; global=1; static=1; extern=0; dir=0; type=1; pingpong=0; private_global=0; MemPort=[1]; IO mode=ap_memory:ce=0
Port [ p_ZL4Wse3_3]:  wired=0; compound=1; hidden=1; nouse=1; global=1; static=1; extern=0; dir=0; type=1; pingpong=0; private_global=0; MemPort=[1]; IO mode=ap_memory:ce=0
Port [ p_ZL4Wse3_4]:  wired=0; compound=1; hidden=1; nouse=1; global=1; static=1; extern=0; dir=0; type=1; pingpong=0; private_global=0; MemPort=[1]; IO mode=ap_memory:ce=0
Port [ p_ZL4Wse3_5]:  wired=0; compound=1; hidden=1; nouse=1; global=1; static=1; extern=0; dir=0; type=1; pingpong=0; private_global=0; MemPort=[1]; IO mode=ap_memory:ce=0
Port [ p_ZL4Wse3_6]:  wired=0; compound=1; hidden=1; nouse=1; global=1; static=1; extern=0; dir=0; type=1; pingpong=0; private_global=0; MemPort=[1]; IO mode=ap_memory:ce=0
Port [ p_ZL4Wse3_7]:  wired=0; compound=1; hidden=1; nouse=1; global=1; static=1; extern=0; dir=0; type=1; pingpong=0; private_global=0; MemPort=[1]; IO mode=ap_memory:ce=0
Port [ p_ZL4Wse3_8]:  wired=0; compound=1; hidden=1; nouse=1; global=1; static=1; extern=0; dir=0; type=1; pingpong=0; private_global=0; MemPort=[1]; IO mode=ap_memory:ce=0
Port [ p_ZL4Wse3_9]:  wired=0; compound=1; hidden=1; nouse=1; global=1; static=1; extern=0; dir=0; type=1; pingpong=0; private_global=0; MemPort=[1]; IO mode=ap_memory:ce=0
Port [ p_ZL4Wse3_10]:  wired=0; compound=1; hidden=1; nouse=1; global=1; static=1; extern=0; dir=0; type=1; pingpong=0; private_global=0; MemPort=[1]; IO mode=ap_memory:ce=0
Port [ p_ZL4Wse3_11]:  wired=0; compound=1; hidden=1; nouse=1; global=1; static=1; extern=0; dir=0; type=1; pingpong=0; private_global=0; MemPort=[1]; IO mode=ap_memory:ce=0
Port [ p_ZL4Wse3_12]:  wired=0; compound=1; hidden=1; nouse=1; global=1; static=1; extern=0; dir=0; type=1; pingpong=0; private_global=0; MemPort=[1]; IO mode=ap_memory:ce=0
Port [ p_ZL4Wse3_13]:  wired=0; compound=1; hidden=1; nouse=1; global=1; static=1; extern=0; dir=0; type=1; pingpong=0; private_global=0; MemPort=[1]; IO mode=ap_memory:ce=0
Port [ p_ZL4Wse3_14]:  wired=0; compound=1; hidden=1; nouse=1; global=1; static=1; extern=0; dir=0; type=1; pingpong=0; private_global=0; MemPort=[1]; IO mode=ap_memory:ce=0
Port [ p_ZL4Wse3_15]:  wired=0; compound=1; hidden=1; nouse=1; global=1; static=1; extern=0; dir=0; type=1; pingpong=0; private_global=0; MemPort=[1]; IO mode=ap_memory:ce=0
Port [ p_ZL4Wse3_16]:  wired=0; compound=1; hidden=1; nouse=1; global=1; static=1; extern=0; dir=0; type=1; pingpong=0; private_global=0; MemPort=[1]; IO mode=ap_memory:ce=0
Port [ p_ZL4Wse3_17]:  wired=0; compound=1; hidden=1; nouse=1; global=1; static=1; extern=0; dir=0; type=1; pingpong=0; private_global=0; MemPort=[1]; IO mode=ap_memory:ce=0
Port [ p_ZL4Wse3_18]:  wired=0; compound=1; hidden=1; nouse=1; global=1; static=1; extern=0; dir=0; type=1; pingpong=0; private_global=0; MemPort=[1]; IO mode=ap_memory:ce=0
Port [ p_ZL4Wse3_19]:  wired=0; compound=1; hidden=1; nouse=1; global=1; static=1; extern=0; dir=0; type=1; pingpong=0; private_global=0; MemPort=[1]; IO mode=ap_memory:ce=0
Port [ p_ZL4Wse3_20]:  wired=0; compound=1; hidden=1; nouse=1; global=1; static=1; extern=0; dir=0; type=1; pingpong=0; private_global=0; MemPort=[1]; IO mode=ap_memory:ce=0
Port [ p_ZL4Wse3_21]:  wired=0; compound=1; hidden=1; nouse=1; global=1; static=1; extern=0; dir=0; type=1; pingpong=0; private_global=0; MemPort=[1]; IO mode=ap_memory:ce=0
Port [ p_ZL4Wse3_22]:  wired=0; compound=1; hidden=1; nouse=1; global=1; static=1; extern=0; dir=0; type=1; pingpong=0; private_global=0; MemPort=[1]; IO mode=ap_memory:ce=0
Port [ p_ZL4Wse3_23]:  wired=0; compound=1; hidden=1; nouse=1; global=1; static=1; extern=0; dir=0; type=1; pingpong=0; private_global=0; MemPort=[1]; IO mode=ap_memory:ce=0
Port [ p_ZL4Wse3_24]:  wired=0; compound=1; hidden=1; nouse=1; global=1; static=1; extern=0; dir=0; type=1; pingpong=0; private_global=0; MemPort=[1]; IO mode=ap_memory:ce=0
Port [ p_ZL4Wse3_25]:  wired=0; compound=1; hidden=1; nouse=1; global=1; static=1; extern=0; dir=0; type=1; pingpong=0; private_global=0; MemPort=[1]; IO mode=ap_memory:ce=0
Port [ p_ZL4Wse3_26]:  wired=0; compound=1; hidden=1; nouse=1; global=1; static=1; extern=0; dir=0; type=1; pingpong=0; private_global=0; MemPort=[1]; IO mode=ap_memory:ce=0
Port [ p_ZL4Wse3_27]:  wired=0; compound=1; hidden=1; nouse=1; global=1; static=1; extern=0; dir=0; type=1; pingpong=0; private_global=0; MemPort=[1]; IO mode=ap_memory:ce=0
Port [ p_ZL4Wse3_28]:  wired=0; compound=1; hidden=1; nouse=1; global=1; static=1; extern=0; dir=0; type=1; pingpong=0; private_global=0; MemPort=[1]; IO mode=ap_memory:ce=0
Port [ p_ZL4Wse3_29]:  wired=0; compound=1; hidden=1; nouse=1; global=1; static=1; extern=0; dir=0; type=1; pingpong=0; private_global=0; MemPort=[1]; IO mode=ap_memory:ce=0
Port [ p_ZL4Wse3_30]:  wired=0; compound=1; hidden=1; nouse=1; global=1; static=1; extern=0; dir=0; type=1; pingpong=0; private_global=0; MemPort=[1]; IO mode=ap_memory:ce=0
Port [ p_ZL4Wse3_31]:  wired=0; compound=1; hidden=1; nouse=1; global=1; static=1; extern=0; dir=0; type=1; pingpong=0; private_global=0; MemPort=[1]; IO mode=ap_memory:ce=0
---------------- STG Properties END ------------------

---------------- Datapath Model BEGIN ----------------

<LifeTime>
<method=bitvector/>
x_addr     (getelementptr) [ 0010000000000000000]
x_addr_255 (getelementptr) [ 0010000000000000000]
x_load     (load         ) [ 0001111111111111111]
x_load_255 (load         ) [ 0001111111111111111]
x_addr_256 (getelementptr) [ 0001000000000000000]
x_addr_257 (getelementptr) [ 0001000000000000000]
x_load_256 (load         ) [ 0000111111111111111]
x_load_257 (load         ) [ 0000111111111111111]
x_addr_258 (getelementptr) [ 0000100000000000000]
x_addr_259 (getelementptr) [ 0000100000000000000]
x_load_258 (load         ) [ 0000011111111111111]
x_load_259 (load         ) [ 0000011111111111111]
x_addr_260 (getelementptr) [ 0000010000000000000]
x_addr_261 (getelementptr) [ 0000010000000000000]
x_load_260 (load         ) [ 0000001111111111111]
x_load_261 (load         ) [ 0000001111111111111]
x_addr_262 (getelementptr) [ 0000001000000000000]
x_addr_263 (getelementptr) [ 0000001000000000000]
x_load_262 (load         ) [ 0000000111111111111]
x_load_263 (load         ) [ 0000000111111111111]
x_addr_264 (getelementptr) [ 0000000100000000000]
x_addr_265 (getelementptr) [ 0000000100000000000]
x_load_264 (load         ) [ 0000000011111111111]
x_load_265 (load         ) [ 0000000011111111111]
x_addr_266 (getelementptr) [ 0000000010000000000]
x_addr_267 (getelementptr) [ 0000000010000000000]
x_load_266 (load         ) [ 0000000001111111111]
x_load_267 (load         ) [ 0000000001111111111]
x_addr_268 (getelementptr) [ 0000000001000000000]
x_addr_269 (getelementptr) [ 0000000001000000000]
x_load_268 (load         ) [ 0000000000111111111]
x_load_269 (load         ) [ 0000000000111111111]
x_addr_270 (getelementptr) [ 0000000000100000000]
x_addr_271 (getelementptr) [ 0000000000100000000]
x_load_270 (load         ) [ 0000000000011111111]
x_load_271 (load         ) [ 0000000000011111111]
x_addr_272 (getelementptr) [ 0000000000010000000]
x_addr_273 (getelementptr) [ 0000000000010000000]
x_load_272 (load         ) [ 0000000000001111111]
x_load_273 (load         ) [ 0000000000001111111]
x_addr_274 (getelementptr) [ 0000000000001000000]
x_addr_275 (getelementptr) [ 0000000000001000000]
x_load_274 (load         ) [ 0000000000000111111]
x_load_275 (load         ) [ 0000000000000111111]
x_addr_276 (getelementptr) [ 0000000000000100000]
x_addr_277 (getelementptr) [ 0000000000000100000]
x_load_276 (load         ) [ 0000000000000011111]
x_load_277 (load         ) [ 0000000000000011111]
x_addr_278 (getelementptr) [ 0000000000000010000]
x_addr_279 (getelementptr) [ 0000000000000010000]
x_load_278 (load         ) [ 0000000000000001111]
x_load_279 (load         ) [ 0000000000000001111]
x_addr_280 (getelementptr) [ 0000000000000001000]
x_addr_281 (getelementptr) [ 0000000000000001000]
x_load_280 (load         ) [ 0000000000000000111]
x_load_281 (load         ) [ 0000000000000000111]
x_addr_282 (getelementptr) [ 0000000000000000100]
x_addr_283 (getelementptr) [ 0000000000000000100]
x_load_282 (load         ) [ 0000000000000000011]
x_load_283 (load         ) [ 0000000000000000011]
x_addr_284 (getelementptr) [ 0000000000000000010]
x_addr_285 (getelementptr) [ 0000000000000000010]
x_load_284 (load         ) [ 0000000000000000001]
x_load_285 (load         ) [ 0000000000000000001]
call_ln182 (call         ) [ 0000000000000000000]
ret_ln194  (ret          ) [ 0000000000000000000]
</LifeTime>

<model>

<comp_list>
<comp id="0" class="1000" name="x">
<pin_list>
<pin id="1" dir="1" index="0" bw="1" slack="0"/>
</pin_list>
<bind>
<StgValue><ssdm name="x"/><MemPortTyVec>1 1 </MemPortTyVec>
</StgValue>
</bind>
</comp>

<comp id="2" class="1000" name="out_r">
<pin_list>
<pin id="3" dir="1" index="0" bw="1" slack="0"/>
</pin_list>
<bind>
<StgValue><ssdm name="out_r"/><MemPortTyVec>0 3 </MemPortTyVec>
</StgValue>
</bind>
</comp>

<comp id="4" class="1000" name="p_ZL4Wse3_0">
<pin_list>
<pin id="5" dir="1" index="0" bw="1" slack="0"/>
</pin_list>
<bind>
<StgValue><ssdm name="p_ZL4Wse3_0"/><MemPortTyVec>1 </MemPortTyVec>
</StgValue>
</bind>
</comp>

<comp id="6" class="1000" name="p_ZL4Wse3_1">
<pin_list>
<pin id="7" dir="1" index="0" bw="1" slack="0"/>
</pin_list>
<bind>
<StgValue><ssdm name="p_ZL4Wse3_1"/><MemPortTyVec>1 </MemPortTyVec>
</StgValue>
</bind>
</comp>

<comp id="8" class="1000" name="p_ZL4Wse3_2">
<pin_list>
<pin id="9" dir="1" index="0" bw="1" slack="0"/>
</pin_list>
<bind>
<StgValue><ssdm name="p_ZL4Wse3_2"/><MemPortTyVec>1 </MemPortTyVec>
</StgValue>
</bind>
</comp>

<comp id="10" class="1000" name="p_ZL4Wse3_3">
<pin_list>
<pin id="11" dir="1" index="0" bw="1" slack="0"/>
</pin_list>
<bind>
<StgValue><ssdm name="p_ZL4Wse3_3"/><MemPortTyVec>1 </MemPortTyVec>
</StgValue>
</bind>
</comp>

<comp id="12" class="1000" name="p_ZL4Wse3_4">
<pin_list>
<pin id="13" dir="1" index="0" bw="1" slack="0"/>
</pin_list>
<bind>
<StgValue><ssdm name="p_ZL4Wse3_4"/><MemPortTyVec>1 </MemPortTyVec>
</StgValue>
</bind>
</comp>

<comp id="14" class="1000" name="p_ZL4Wse3_5">
<pin_list>
<pin id="15" dir="1" index="0" bw="1" slack="0"/>
</pin_list>
<bind>
<StgValue><ssdm name="p_ZL4Wse3_5"/><MemPortTyVec>1 </MemPortTyVec>
</StgValue>
</bind>
</comp>

<comp id="16" class="1000" name="p_ZL4Wse3_6">
<pin_list>
<pin id="17" dir="1" index="0" bw="1" slack="0"/>
</pin_list>
<bind>
<StgValue><ssdm name="p_ZL4Wse3_6"/><MemPortTyVec>1 </MemPortTyVec>
</StgValue>
</bind>
</comp>

<comp id="18" class="1000" name="p_ZL4Wse3_7">
<pin_list>
<pin id="19" dir="1" index="0" bw="1" slack="0"/>
</pin_list>
<bind>
<StgValue><ssdm name="p_ZL4Wse3_7"/><MemPortTyVec>1 </MemPortTyVec>
</StgValue>
</bind>
</comp>

<comp id="20" class="1000" name="p_ZL4Wse3_8">
<pin_list>
<pin id="21" dir="1" index="0" bw="1" slack="0"/>
</pin_list>
<bind>
<StgValue><ssdm name="p_ZL4Wse3_8"/><MemPortTyVec>1 </MemPortTyVec>
</StgValue>
</bind>
</comp>

<comp id="22" class="1000" name="p_ZL4Wse3_9">
<pin_list>
<pin id="23" dir="1" index="0" bw="1" slack="0"/>
</pin_list>
<bind>
<StgValue><ssdm name="p_ZL4Wse3_9"/><MemPortTyVec>1 </MemPortTyVec>
</StgValue>
</bind>
</comp>

<comp id="24" class="1000" name="p_ZL4Wse3_10">
<pin_list>
<pin id="25" dir="1" index="0" bw="1" slack="0"/>
</pin_list>
<bind>
<StgValue><ssdm name="p_ZL4Wse3_10"/><MemPortTyVec>1 </MemPortTyVec>
</StgValue>
</bind>
</comp>

<comp id="26" class="1000" name="p_ZL4Wse3_11">
<pin_list>
<pin id="27" dir="1" index="0" bw="1" slack="0"/>
</pin_list>
<bind>
<StgValue><ssdm name="p_ZL4Wse3_11"/><MemPortTyVec>1 </MemPortTyVec>
</StgValue>
</bind>
</comp>

<comp id="28" class="1000" name="p_ZL4Wse3_12">
<pin_list>
<pin id="29" dir="1" index="0" bw="1" slack="0"/>
</pin_list>
<bind>
<StgValue><ssdm name="p_ZL4Wse3_12"/><MemPortTyVec>1 </MemPortTyVec>
</StgValue>
</bind>
</comp>

<comp id="30" class="1000" name="p_ZL4Wse3_13">
<pin_list>
<pin id="31" dir="1" index="0" bw="1" slack="0"/>
</pin_list>
<bind>
<StgValue><ssdm name="p_ZL4Wse3_13"/><MemPortTyVec>1 </MemPortTyVec>
</StgValue>
</bind>
</comp>

<comp id="32" class="1000" name="p_ZL4Wse3_14">
<pin_list>
<pin id="33" dir="1" index="0" bw="1" slack="0"/>
</pin_list>
<bind>
<StgValue><ssdm name="p_ZL4Wse3_14"/><MemPortTyVec>1 </MemPortTyVec>
</StgValue>
</bind>
</comp>

<comp id="34" class="1000" name="p_ZL4Wse3_15">
<pin_list>
<pin id="35" dir="1" index="0" bw="1" slack="0"/>
</pin_list>
<bind>
<StgValue><ssdm name="p_ZL4Wse3_15"/><MemPortTyVec>1 </MemPortTyVec>
</StgValue>
</bind>
</comp>

<comp id="36" class="1000" name="p_ZL4Wse3_16">
<pin_list>
<pin id="37" dir="1" index="0" bw="1" slack="0"/>
</pin_list>
<bind>
<StgValue><ssdm name="p_ZL4Wse3_16"/><MemPortTyVec>1 </MemPortTyVec>
</StgValue>
</bind>
</comp>

<comp id="38" class="1000" name="p_ZL4Wse3_17">
<pin_list>
<pin id="39" dir="1" index="0" bw="1" slack="0"/>
</pin_list>
<bind>
<StgValue><ssdm name="p_ZL4Wse3_17"/><MemPortTyVec>1 </MemPortTyVec>
</StgValue>
</bind>
</comp>

<comp id="40" class="1000" name="p_ZL4Wse3_18">
<pin_list>
<pin id="41" dir="1" index="0" bw="1" slack="0"/>
</pin_list>
<bind>
<StgValue><ssdm name="p_ZL4Wse3_18"/><MemPortTyVec>1 </MemPortTyVec>
</StgValue>
</bind>
</comp>

<comp id="42" class="1000" name="p_ZL4Wse3_19">
<pin_list>
<pin id="43" dir="1" index="0" bw="1" slack="0"/>
</pin_list>
<bind>
<StgValue><ssdm name="p_ZL4Wse3_19"/><MemPortTyVec>1 </MemPortTyVec>
</StgValue>
</bind>
</comp>

<comp id="44" class="1000" name="p_ZL4Wse3_20">
<pin_list>
<pin id="45" dir="1" index="0" bw="1" slack="0"/>
</pin_list>
<bind>
<StgValue><ssdm name="p_ZL4Wse3_20"/><MemPortTyVec>1 </MemPortTyVec>
</StgValue>
</bind>
</comp>

<comp id="46" class="1000" name="p_ZL4Wse3_21">
<pin_list>
<pin id="47" dir="1" index="0" bw="1" slack="0"/>
</pin_list>
<bind>
<StgValue><ssdm name="p_ZL4Wse3_21"/><MemPortTyVec>1 </MemPortTyVec>
</StgValue>
</bind>
</comp>

<comp id="48" class="1000" name="p_ZL4Wse3_22">
<pin_list>
<pin id="49" dir="1" index="0" bw="1" slack="0"/>
</pin_list>
<bind>
<StgValue><ssdm name="p_ZL4Wse3_22"/><MemPortTyVec>1 </MemPortTyVec>
</StgValue>
</bind>
</comp>

<comp id="50" class="1000" name="p_ZL4Wse3_23">
<pin_list>
<pin id="51" dir="1" index="0" bw="1" slack="0"/>
</pin_list>
<bind>
<StgValue><ssdm name="p_ZL4Wse3_23"/><MemPortTyVec>1 </MemPortTyVec>
</StgValue>
</bind>
</comp>

<comp id="52" class="1000" name="p_ZL4Wse3_24">
<pin_list>
<pin id="53" dir="1" index="0" bw="1" slack="0"/>
</pin_list>
<bind>
<StgValue><ssdm name="p_ZL4Wse3_24"/><MemPortTyVec>1 </MemPortTyVec>
</StgValue>
</bind>
</comp>

<comp id="54" class="1000" name="p_ZL4Wse3_25">
<pin_list>
<pin id="55" dir="1" index="0" bw="1" slack="0"/>
</pin_list>
<bind>
<StgValue><ssdm name="p_ZL4Wse3_25"/><MemPortTyVec>1 </MemPortTyVec>
</StgValue>
</bind>
</comp>

<comp id="56" class="1000" name="p_ZL4Wse3_26">
<pin_list>
<pin id="57" dir="1" index="0" bw="1" slack="0"/>
</pin_list>
<bind>
<StgValue><ssdm name="p_ZL4Wse3_26"/><MemPortTyVec>1 </MemPortTyVec>
</StgValue>
</bind>
</comp>

<comp id="58" class="1000" name="p_ZL4Wse3_27">
<pin_list>
<pin id="59" dir="1" index="0" bw="1" slack="0"/>
</pin_list>
<bind>
<StgValue><ssdm name="p_ZL4Wse3_27"/><MemPortTyVec>1 </MemPortTyVec>
</StgValue>
</bind>
</comp>

<comp id="60" class="1000" name="p_ZL4Wse3_28">
<pin_list>
<pin id="61" dir="1" index="0" bw="1" slack="0"/>
</pin_list>
<bind>
<StgValue><ssdm name="p_ZL4Wse3_28"/><MemPortTyVec>1 </MemPortTyVec>
</StgValue>
</bind>
</comp>

<comp id="62" class="1000" name="p_ZL4Wse3_29">
<pin_list>
<pin id="63" dir="1" index="0" bw="1" slack="0"/>
</pin_list>
<bind>
<StgValue><ssdm name="p_ZL4Wse3_29"/><MemPortTyVec>1 </MemPortTyVec>
</StgValue>
</bind>
</comp>

<comp id="64" class="1000" name="p_ZL4Wse3_30">
<pin_list>
<pin id="65" dir="1" index="0" bw="1" slack="0"/>
</pin_list>
<bind>
<StgValue><ssdm name="p_ZL4Wse3_30"/><MemPortTyVec>1 </MemPortTyVec>
</StgValue>
</bind>
</comp>

<comp id="66" class="1000" name="p_ZL4Wse3_31">
<pin_list>
<pin id="67" dir="1" index="0" bw="1" slack="0"/>
</pin_list>
<bind>
<StgValue><ssdm name="p_ZL4Wse3_31"/><MemPortTyVec>1 </MemPortTyVec>
</StgValue>
</bind>
</comp>

<comp id="68" class="1001" name="const_68">
<pin_list>
<pin id="69" dir="1" index="0" bw="1" slack="0"/>
</pin_list>
<bind>
<StgValue><ssdm name=""/></StgValue>
</bind>
</comp>

<comp id="70" class="1001" name="const_70">
<pin_list>
<pin id="71" dir="1" index="0" bw="1" slack="0"/>
</pin_list>
<bind>
<StgValue><ssdm name=""/></StgValue>
</bind>
</comp>

<comp id="72" class="1001" name="const_72">
<pin_list>
<pin id="73" dir="1" index="0" bw="1" slack="0"/>
</pin_list>
<bind>
<StgValue><ssdm name=""/></StgValue>
</bind>
</comp>

<comp id="74" class="1001" name="const_74">
<pin_list>
<pin id="75" dir="1" index="0" bw="1" slack="0"/>
</pin_list>
<bind>
<StgValue><ssdm name=""/></StgValue>
</bind>
</comp>

<comp id="76" class="1001" name="const_76">
<pin_list>
<pin id="77" dir="1" index="0" bw="1" slack="0"/>
</pin_list>
<bind>
<StgValue><ssdm name=""/></StgValue>
</bind>
</comp>

<comp id="78" class="1001" name="const_78">
<pin_list>
<pin id="79" dir="1" index="0" bw="1" slack="0"/>
</pin_list>
<bind>
<StgValue><ssdm name=""/></StgValue>
</bind>
</comp>

<comp id="80" class="1001" name="const_80">
<pin_list>
<pin id="81" dir="1" index="0" bw="1" slack="0"/>
</pin_list>
<bind>
<StgValue><ssdm name=""/></StgValue>
</bind>
</comp>

<comp id="82" class="1001" name="const_82">
<pin_list>
<pin id="83" dir="1" index="0" bw="1" slack="0"/>
</pin_list>
<bind>
<StgValue><ssdm name=""/></StgValue>
</bind>
</comp>

<comp id="84" class="1001" name="const_84">
<pin_list>
<pin id="85" dir="1" index="0" bw="1" slack="0"/>
</pin_list>
<bind>
<StgValue><ssdm name=""/></StgValue>
</bind>
</comp>

<comp id="86" class="1001" name="const_86">
<pin_list>
<pin id="87" dir="1" index="0" bw="1" slack="0"/>
</pin_list>
<bind>
<StgValue><ssdm name=""/></StgValue>
</bind>
</comp>

<comp id="88" class="1001" name="const_88">
<pin_list>
<pin id="89" dir="1" index="0" bw="1" slack="0"/>
</pin_list>
<bind>
<StgValue><ssdm name=""/></StgValue>
</bind>
</comp>

<comp id="90" class="1001" name="const_90">
<pin_list>
<pin id="91" dir="1" index="0" bw="1" slack="0"/>
</pin_list>
<bind>
<StgValue><ssdm name=""/></StgValue>
</bind>
</comp>

<comp id="92" class="1001" name="const_92">
<pin_list>
<pin id="93" dir="1" index="0" bw="1" slack="0"/>
</pin_list>
<bind>
<StgValue><ssdm name=""/></StgValue>
</bind>
</comp>

<comp id="94" class="1001" name="const_94">
<pin_list>
<pin id="95" dir="1" index="0" bw="1" slack="0"/>
</pin_list>
<bind>
<StgValue><ssdm name=""/></StgValue>
</bind>
</comp>

<comp id="96" class="1001" name="const_96">
<pin_list>
<pin id="97" dir="1" index="0" bw="1" slack="0"/>
</pin_list>
<bind>
<StgValue><ssdm name=""/></StgValue>
</bind>
</comp>

<comp id="98" class="1001" name="const_98">
<pin_list>
<pin id="99" dir="1" index="0" bw="1" slack="0"/>
</pin_list>
<bind>
<StgValue><ssdm name=""/></StgValue>
</bind>
</comp>

<comp id="100" class="1001" name="const_100">
<pin_list>
<pin id="101" dir="1" index="0" bw="1" slack="0"/>
</pin_list>
<bind>
<StgValue><ssdm name=""/></StgValue>
</bind>
</comp>

<comp id="102" class="1001" name="const_102">
<pin_list>
<pin id="103" dir="1" index="0" bw="1" slack="0"/>
</pin_list>
<bind>
<StgValue><ssdm name=""/></StgValue>
</bind>
</comp>

<comp id="104" class="1001" name="const_104">
<pin_list>
<pin id="105" dir="1" index="0" bw="1" slack="0"/>
</pin_list>
<bind>
<StgValue><ssdm name=""/></StgValue>
</bind>
</comp>

<comp id="106" class="1001" name="const_106">
<pin_list>
<pin id="107" dir="1" index="0" bw="1" slack="0"/>
</pin_list>
<bind>
<StgValue><ssdm name=""/></StgValue>
</bind>
</comp>

<comp id="108" class="1001" name="const_108">
<pin_list>
<pin id="109" dir="1" index="0" bw="1" slack="0"/>
</pin_list>
<bind>
<StgValue><ssdm name=""/></StgValue>
</bind>
</comp>

<comp id="110" class="1001" name="const_110">
<pin_list>
<pin id="111" dir="1" index="0" bw="1" slack="0"/>
</pin_list>
<bind>
<StgValue><ssdm name=""/></StgValue>
</bind>
</comp>

<comp id="112" class="1001" name="const_112">
<pin_list>
<pin id="113" dir="1" index="0" bw="1" slack="0"/>
</pin_list>
<bind>
<StgValue><ssdm name=""/></StgValue>
</bind>
</comp>

<comp id="114" class="1001" name="const_114">
<pin_list>
<pin id="115" dir="1" index="0" bw="1" slack="0"/>
</pin_list>
<bind>
<StgValue><ssdm name=""/></StgValue>
</bind>
</comp>

<comp id="116" class="1001" name="const_116">
<pin_list>
<pin id="117" dir="1" index="0" bw="1" slack="0"/>
</pin_list>
<bind>
<StgValue><ssdm name=""/></StgValue>
</bind>
</comp>

<comp id="118" class="1001" name="const_118">
<pin_list>
<pin id="119" dir="1" index="0" bw="1" slack="0"/>
</pin_list>
<bind>
<StgValue><ssdm name=""/></StgValue>
</bind>
</comp>

<comp id="120" class="1001" name="const_120">
<pin_list>
<pin id="121" dir="1" index="0" bw="1" slack="0"/>
</pin_list>
<bind>
<StgValue><ssdm name=""/></StgValue>
</bind>
</comp>

<comp id="122" class="1001" name="const_122">
<pin_list>
<pin id="123" dir="1" index="0" bw="1" slack="0"/>
</pin_list>
<bind>
<StgValue><ssdm name=""/></StgValue>
</bind>
</comp>

<comp id="124" class="1001" name="const_124">
<pin_list>
<pin id="125" dir="1" index="0" bw="1" slack="0"/>
</pin_list>
<bind>
<StgValue><ssdm name=""/></StgValue>
</bind>
</comp>

<comp id="126" class="1001" name="const_126">
<pin_list>
<pin id="127" dir="1" index="0" bw="1" slack="0"/>
</pin_list>
<bind>
<StgValue><ssdm name=""/></StgValue>
</bind>
</comp>

<comp id="128" class="1001" name="const_128">
<pin_list>
<pin id="129" dir="1" index="0" bw="1" slack="0"/>
</pin_list>
<bind>
<StgValue><ssdm name=""/></StgValue>
</bind>
</comp>

<comp id="130" class="1001" name="const_130">
<pin_list>
<pin id="131" dir="1" index="0" bw="1" slack="0"/>
</pin_list>
<bind>
<StgValue><ssdm name=""/></StgValue>
</bind>
</comp>

<comp id="132" class="1001" name="const_132">
<pin_list>
<pin id="133" dir="1" index="0" bw="1" slack="0"/>
</pin_list>
<bind>
<StgValue><ssdm name="linear_acc<128, 32>_Pipeline_VITIS_LOOP_186_1"/></StgValue>
</bind>
</comp>

<comp id="134" class="1004" name="x_addr_gep_fu_134">
<pin_list>
<pin id="135" dir="0" index="0" bw="7" slack="0"/>
<pin id="136" dir="0" index="1" bw="1" slack="0"/>
<pin id="137" dir="0" index="2" bw="1" slack="0"/>
<pin id="138" dir="1" index="3" bw="5" slack="0"/>
</pin_list>
<bind>
<opcode="getelementptr(29) " fcode="getelementptr"/>
<opset="x_addr/1 "/>
</bind>
</comp>

<comp id="142" class="1004" name="grp_access_fu_142">
<pin_list>
<pin id="143" dir="0" index="0" bw="5" slack="0"/>
<pin id="144" dir="0" index="1" bw="7" slack="2147483647"/>
<pin id="145" dir="0" index="2" bw="0" slack="0"/>
<pin id="147" dir="0" index="4" bw="5" slack="2147483647"/>
<pin id="148" dir="0" index="5" bw="7" slack="2147483647"/>
<pin id="149" dir="0" index="6" bw="0" slack="2147483647"/>
<pin id="146" dir="1" index="3" bw="7" slack="0"/>
<pin id="150" dir="1" index="7" bw="7" slack="0"/>
</pin_list>
<bind>
<opcode="load(27) " fcode="load"/>
<opset="x_load/1 x_load_255/1 x_load_256/2 x_load_257/2 x_load_258/3 x_load_259/3 x_load_260/4 x_load_261/4 x_load_262/5 x_load_263/5 x_load_264/6 x_load_265/6 x_load_266/7 x_load_267/7 x_load_268/8 x_load_269/8 x_load_270/9 x_load_271/9 x_load_272/10 x_load_273/10 x_load_274/11 x_load_275/11 x_load_276/12 x_load_277/12 x_load_278/13 x_load_279/13 x_load_280/14 x_load_281/14 x_load_282/15 x_load_283/15 x_load_284/16 x_load_285/16 "/>
</bind>
</comp>

<comp id="152" class="1004" name="x_addr_255_gep_fu_152">
<pin_list>
<pin id="153" dir="0" index="0" bw="7" slack="0"/>
<pin id="154" dir="0" index="1" bw="1" slack="0"/>
<pin id="155" dir="0" index="2" bw="1" slack="0"/>
<pin id="156" dir="1" index="3" bw="5" slack="0"/>
</pin_list>
<bind>
<opcode="getelementptr(29) " fcode="getelementptr"/>
<opset="x_addr_255/1 "/>
</bind>
</comp>

<comp id="161" class="1004" name="x_addr_256_gep_fu_161">
<pin_list>
<pin id="162" dir="0" index="0" bw="7" slack="0"/>
<pin id="163" dir="0" index="1" bw="1" slack="0"/>
<pin id="164" dir="0" index="2" bw="3" slack="0"/>
<pin id="165" dir="1" index="3" bw="5" slack="0"/>
</pin_list>
<bind>
<opcode="getelementptr(29) " fcode="getelementptr"/>
<opset="x_addr_256/2 "/>
</bind>
</comp>

<comp id="170" class="1004" name="x_addr_257_gep_fu_170">
<pin_list>
<pin id="171" dir="0" index="0" bw="7" slack="0"/>
<pin id="172" dir="0" index="1" bw="1" slack="0"/>
<pin id="173" dir="0" index="2" bw="3" slack="0"/>
<pin id="174" dir="1" index="3" bw="5" slack="0"/>
</pin_list>
<bind>
<opcode="getelementptr(29) " fcode="getelementptr"/>
<opset="x_addr_257/2 "/>
</bind>
</comp>

<comp id="179" class="1004" name="x_addr_258_gep_fu_179">
<pin_list>
<pin id="180" dir="0" index="0" bw="7" slack="0"/>
<pin id="181" dir="0" index="1" bw="1" slack="0"/>
<pin id="182" dir="0" index="2" bw="4" slack="0"/>
<pin id="183" dir="1" index="3" bw="5" slack="0"/>
</pin_list>
<bind>
<opcode="getelementptr(29) " fcode="getelementptr"/>
<opset="x_addr_258/3 "/>
</bind>
</comp>

<comp id="188" class="1004" name="x_addr_259_gep_fu_188">
<pin_list>
<pin id="189" dir="0" index="0" bw="7" slack="0"/>
<pin id="190" dir="0" index="1" bw="1" slack="0"/>
<pin id="191" dir="0" index="2" bw="4" slack="0"/>
<pin id="192" dir="1" index="3" bw="5" slack="0"/>
</pin_list>
<bind>
<opcode="getelementptr(29) " fcode="getelementptr"/>
<opset="x_addr_259/3 "/>
</bind>
</comp>

<comp id="197" class="1004" name="x_addr_260_gep_fu_197">
<pin_list>
<pin id="198" dir="0" index="0" bw="7" slack="0"/>
<pin id="199" dir="0" index="1" bw="1" slack="0"/>
<pin id="200" dir="0" index="2" bw="4" slack="0"/>
<pin id="201" dir="1" index="3" bw="5" slack="0"/>
</pin_list>
<bind>
<opcode="getelementptr(29) " fcode="getelementptr"/>
<opset="x_addr_260/4 "/>
</bind>
</comp>

<comp id="206" class="1004" name="x_addr_261_gep_fu_206">
<pin_list>
<pin id="207" dir="0" index="0" bw="7" slack="0"/>
<pin id="208" dir="0" index="1" bw="1" slack="0"/>
<pin id="209" dir="0" index="2" bw="4" slack="0"/>
<pin id="210" dir="1" index="3" bw="5" slack="0"/>
</pin_list>
<bind>
<opcode="getelementptr(29) " fcode="getelementptr"/>
<opset="x_addr_261/4 "/>
</bind>
</comp>

<comp id="215" class="1004" name="x_addr_262_gep_fu_215">
<pin_list>
<pin id="216" dir="0" index="0" bw="7" slack="0"/>
<pin id="217" dir="0" index="1" bw="1" slack="0"/>
<pin id="218" dir="0" index="2" bw="5" slack="0"/>
<pin id="219" dir="1" index="3" bw="5" slack="0"/>
</pin_list>
<bind>
<opcode="getelementptr(29) " fcode="getelementptr"/>
<opset="x_addr_262/5 "/>
</bind>
</comp>

<comp id="224" class="1004" name="x_addr_263_gep_fu_224">
<pin_list>
<pin id="225" dir="0" index="0" bw="7" slack="0"/>
<pin id="226" dir="0" index="1" bw="1" slack="0"/>
<pin id="227" dir="0" index="2" bw="5" slack="0"/>
<pin id="228" dir="1" index="3" bw="5" slack="0"/>
</pin_list>
<bind>
<opcode="getelementptr(29) " fcode="getelementptr"/>
<opset="x_addr_263/5 "/>
</bind>
</comp>

<comp id="233" class="1004" name="x_addr_264_gep_fu_233">
<pin_list>
<pin id="234" dir="0" index="0" bw="7" slack="0"/>
<pin id="235" dir="0" index="1" bw="1" slack="0"/>
<pin id="236" dir="0" index="2" bw="5" slack="0"/>
<pin id="237" dir="1" index="3" bw="5" slack="0"/>
</pin_list>
<bind>
<opcode="getelementptr(29) " fcode="getelementptr"/>
<opset="x_addr_264/6 "/>
</bind>
</comp>

<comp id="242" class="1004" name="x_addr_265_gep_fu_242">
<pin_list>
<pin id="243" dir="0" index="0" bw="7" slack="0"/>
<pin id="244" dir="0" index="1" bw="1" slack="0"/>
<pin id="245" dir="0" index="2" bw="5" slack="0"/>
<pin id="246" dir="1" index="3" bw="5" slack="0"/>
</pin_list>
<bind>
<opcode="getelementptr(29) " fcode="getelementptr"/>
<opset="x_addr_265/6 "/>
</bind>
</comp>

<comp id="251" class="1004" name="x_addr_266_gep_fu_251">
<pin_list>
<pin id="252" dir="0" index="0" bw="7" slack="0"/>
<pin id="253" dir="0" index="1" bw="1" slack="0"/>
<pin id="254" dir="0" index="2" bw="5" slack="0"/>
<pin id="255" dir="1" index="3" bw="5" slack="0"/>
</pin_list>
<bind>
<opcode="getelementptr(29) " fcode="getelementptr"/>
<opset="x_addr_266/7 "/>
</bind>
</comp>

<comp id="260" class="1004" name="x_addr_267_gep_fu_260">
<pin_list>
<pin id="261" dir="0" index="0" bw="7" slack="0"/>
<pin id="262" dir="0" index="1" bw="1" slack="0"/>
<pin id="263" dir="0" index="2" bw="5" slack="0"/>
<pin id="264" dir="1" index="3" bw="5" slack="0"/>
</pin_list>
<bind>
<opcode="getelementptr(29) " fcode="getelementptr"/>
<opset="x_addr_267/7 "/>
</bind>
</comp>

<comp id="269" class="1004" name="x_addr_268_gep_fu_269">
<pin_list>
<pin id="270" dir="0" index="0" bw="7" slack="0"/>
<pin id="271" dir="0" index="1" bw="1" slack="0"/>
<pin id="272" dir="0" index="2" bw="5" slack="0"/>
<pin id="273" dir="1" index="3" bw="5" slack="0"/>
</pin_list>
<bind>
<opcode="getelementptr(29) " fcode="getelementptr"/>
<opset="x_addr_268/8 "/>
</bind>
</comp>

<comp id="278" class="1004" name="x_addr_269_gep_fu_278">
<pin_list>
<pin id="279" dir="0" index="0" bw="7" slack="0"/>
<pin id="280" dir="0" index="1" bw="1" slack="0"/>
<pin id="281" dir="0" index="2" bw="5" slack="0"/>
<pin id="282" dir="1" index="3" bw="5" slack="0"/>
</pin_list>
<bind>
<opcode="getelementptr(29) " fcode="getelementptr"/>
<opset="x_addr_269/8 "/>
</bind>
</comp>

<comp id="287" class="1004" name="x_addr_270_gep_fu_287">
<pin_list>
<pin id="288" dir="0" index="0" bw="7" slack="0"/>
<pin id="289" dir="0" index="1" bw="1" slack="0"/>
<pin id="290" dir="0" index="2" bw="6" slack="0"/>
<pin id="291" dir="1" index="3" bw="5" slack="0"/>
</pin_list>
<bind>
<opcode="getelementptr(29) " fcode="getelementptr"/>
<opset="x_addr_270/9 "/>
</bind>
</comp>

<comp id="296" class="1004" name="x_addr_271_gep_fu_296">
<pin_list>
<pin id="297" dir="0" index="0" bw="7" slack="0"/>
<pin id="298" dir="0" index="1" bw="1" slack="0"/>
<pin id="299" dir="0" index="2" bw="6" slack="0"/>
<pin id="300" dir="1" index="3" bw="5" slack="0"/>
</pin_list>
<bind>
<opcode="getelementptr(29) " fcode="getelementptr"/>
<opset="x_addr_271/9 "/>
</bind>
</comp>

<comp id="305" class="1004" name="x_addr_272_gep_fu_305">
<pin_list>
<pin id="306" dir="0" index="0" bw="7" slack="0"/>
<pin id="307" dir="0" index="1" bw="1" slack="0"/>
<pin id="308" dir="0" index="2" bw="6" slack="0"/>
<pin id="309" dir="1" index="3" bw="5" slack="0"/>
</pin_list>
<bind>
<opcode="getelementptr(29) " fcode="getelementptr"/>
<opset="x_addr_272/10 "/>
</bind>
</comp>

<comp id="314" class="1004" name="x_addr_273_gep_fu_314">
<pin_list>
<pin id="315" dir="0" index="0" bw="7" slack="0"/>
<pin id="316" dir="0" index="1" bw="1" slack="0"/>
<pin id="317" dir="0" index="2" bw="6" slack="0"/>
<pin id="318" dir="1" index="3" bw="5" slack="0"/>
</pin_list>
<bind>
<opcode="getelementptr(29) " fcode="getelementptr"/>
<opset="x_addr_273/10 "/>
</bind>
</comp>

<comp id="323" class="1004" name="x_addr_274_gep_fu_323">
<pin_list>
<pin id="324" dir="0" index="0" bw="7" slack="0"/>
<pin id="325" dir="0" index="1" bw="1" slack="0"/>
<pin id="326" dir="0" index="2" bw="6" slack="0"/>
<pin id="327" dir="1" index="3" bw="5" slack="0"/>
</pin_list>
<bind>
<opcode="getelementptr(29) " fcode="getelementptr"/>
<opset="x_addr_274/11 "/>
</bind>
</comp>

<comp id="332" class="1004" name="x_addr_275_gep_fu_332">
<pin_list>
<pin id="333" dir="0" index="0" bw="7" slack="0"/>
<pin id="334" dir="0" index="1" bw="1" slack="0"/>
<pin id="335" dir="0" index="2" bw="6" slack="0"/>
<pin id="336" dir="1" index="3" bw="5" slack="0"/>
</pin_list>
<bind>
<opcode="getelementptr(29) " fcode="getelementptr"/>
<opset="x_addr_275/11 "/>
</bind>
</comp>

<comp id="341" class="1004" name="x_addr_276_gep_fu_341">
<pin_list>
<pin id="342" dir="0" index="0" bw="7" slack="0"/>
<pin id="343" dir="0" index="1" bw="1" slack="0"/>
<pin id="344" dir="0" index="2" bw="6" slack="0"/>
<pin id="345" dir="1" index="3" bw="5" slack="0"/>
</pin_list>
<bind>
<opcode="getelementptr(29) " fcode="getelementptr"/>
<opset="x_addr_276/12 "/>
</bind>
</comp>

<comp id="350" class="1004" name="x_addr_277_gep_fu_350">
<pin_list>
<pin id="351" dir="0" index="0" bw="7" slack="0"/>
<pin id="352" dir="0" index="1" bw="1" slack="0"/>
<pin id="353" dir="0" index="2" bw="6" slack="0"/>
<pin id="354" dir="1" index="3" bw="5" slack="0"/>
</pin_list>
<bind>
<opcode="getelementptr(29) " fcode="getelementptr"/>
<opset="x_addr_277/12 "/>
</bind>
</comp>

<comp id="359" class="1004" name="x_addr_278_gep_fu_359">
<pin_list>
<pin id="360" dir="0" index="0" bw="7" slack="0"/>
<pin id="361" dir="0" index="1" bw="1" slack="0"/>
<pin id="362" dir="0" index="2" bw="6" slack="0"/>
<pin id="363" dir="1" index="3" bw="5" slack="0"/>
</pin_list>
<bind>
<opcode="getelementptr(29) " fcode="getelementptr"/>
<opset="x_addr_278/13 "/>
</bind>
</comp>

<comp id="368" class="1004" name="x_addr_279_gep_fu_368">
<pin_list>
<pin id="369" dir="0" index="0" bw="7" slack="0"/>
<pin id="370" dir="0" index="1" bw="1" slack="0"/>
<pin id="371" dir="0" index="2" bw="6" slack="0"/>
<pin id="372" dir="1" index="3" bw="5" slack="0"/>
</pin_list>
<bind>
<opcode="getelementptr(29) " fcode="getelementptr"/>
<opset="x_addr_279/13 "/>
</bind>
</comp>

<comp id="377" class="1004" name="x_addr_280_gep_fu_377">
<pin_list>
<pin id="378" dir="0" index="0" bw="7" slack="0"/>
<pin id="379" dir="0" index="1" bw="1" slack="0"/>
<pin id="380" dir="0" index="2" bw="6" slack="0"/>
<pin id="381" dir="1" index="3" bw="5" slack="0"/>
</pin_list>
<bind>
<opcode="getelementptr(29) " fcode="getelementptr"/>
<opset="x_addr_280/14 "/>
</bind>
</comp>

<comp id="386" class="1004" name="x_addr_281_gep_fu_386">
<pin_list>
<pin id="387" dir="0" index="0" bw="7" slack="0"/>
<pin id="388" dir="0" index="1" bw="1" slack="0"/>
<pin id="389" dir="0" index="2" bw="6" slack="0"/>
<pin id="390" dir="1" index="3" bw="5" slack="0"/>
</pin_list>
<bind>
<opcode="getelementptr(29) " fcode="getelementptr"/>
<opset="x_addr_281/14 "/>
</bind>
</comp>

<comp id="395" class="1004" name="x_addr_282_gep_fu_395">
<pin_list>
<pin id="396" dir="0" index="0" bw="7" slack="0"/>
<pin id="397" dir="0" index="1" bw="1" slack="0"/>
<pin id="398" dir="0" index="2" bw="6" slack="0"/>
<pin id="399" dir="1" index="3" bw="5" slack="0"/>
</pin_list>
<bind>
<opcode="getelementptr(29) " fcode="getelementptr"/>
<opset="x_addr_282/15 "/>
</bind>
</comp>

<comp id="404" class="1004" name="x_addr_283_gep_fu_404">
<pin_list>
<pin id="405" dir="0" index="0" bw="7" slack="0"/>
<pin id="406" dir="0" index="1" bw="1" slack="0"/>
<pin id="407" dir="0" index="2" bw="6" slack="0"/>
<pin id="408" dir="1" index="3" bw="5" slack="0"/>
</pin_list>
<bind>
<opcode="getelementptr(29) " fcode="getelementptr"/>
<opset="x_addr_283/15 "/>
</bind>
</comp>

<comp id="413" class="1004" name="x_addr_284_gep_fu_413">
<pin_list>
<pin id="414" dir="0" index="0" bw="7" slack="0"/>
<pin id="415" dir="0" index="1" bw="1" slack="0"/>
<pin id="416" dir="0" index="2" bw="6" slack="0"/>
<pin id="417" dir="1" index="3" bw="5" slack="0"/>
</pin_list>
<bind>
<opcode="getelementptr(29) " fcode="getelementptr"/>
<opset="x_addr_284/16 "/>
</bind>
</comp>

<comp id="422" class="1004" name="x_addr_285_gep_fu_422">
<pin_list>
<pin id="423" dir="0" index="0" bw="7" slack="0"/>
<pin id="424" dir="0" index="1" bw="1" slack="0"/>
<pin id="425" dir="0" index="2" bw="6" slack="0"/>
<pin id="426" dir="1" index="3" bw="5" slack="0"/>
</pin_list>
<bind>
<opcode="getelementptr(29) " fcode="getelementptr"/>
<opset="x_addr_285/16 "/>
</bind>
</comp>

<comp id="431" class="1004" name="grp_linear_acc_128_32_Pipeline_VITIS_LOOP_186_1_fu_431">
<pin_list>
<pin id="432" dir="0" index="0" bw="0" slack="0"/>
<pin id="433" dir="0" index="1" bw="7" slack="0"/>
<pin id="434" dir="0" index="2" bw="7" slack="8"/>
<pin id="435" dir="0" index="3" bw="7" slack="0"/>
<pin id="436" dir="0" index="4" bw="7" slack="7"/>
<pin id="437" dir="0" index="5" bw="7" slack="11"/>
<pin id="438" dir="0" index="6" bw="7" slack="1"/>
<pin id="439" dir="0" index="7" bw="7" slack="3"/>
<pin id="440" dir="0" index="8" bw="7" slack="8"/>
<pin id="441" dir="0" index="9" bw="7" slack="15"/>
<pin id="442" dir="0" index="10" bw="7" slack="1"/>
<pin id="443" dir="0" index="11" bw="7" slack="6"/>
<pin id="444" dir="0" index="12" bw="7" slack="12"/>
<pin id="445" dir="0" index="13" bw="7" slack="9"/>
<pin id="446" dir="0" index="14" bw="7" slack="5"/>
<pin id="447" dir="0" index="15" bw="7" slack="2"/>
<pin id="448" dir="0" index="16" bw="7" slack="13"/>
<pin id="449" dir="0" index="17" bw="7" slack="10"/>
<pin id="450" dir="0" index="18" bw="7" slack="4"/>
<pin id="451" dir="0" index="19" bw="7" slack="14"/>
<pin id="452" dir="0" index="20" bw="7" slack="6"/>
<pin id="453" dir="0" index="21" bw="7" slack="2"/>
<pin id="454" dir="0" index="22" bw="7" slack="9"/>
<pin id="455" dir="0" index="23" bw="7" slack="13"/>
<pin id="456" dir="0" index="24" bw="7" slack="15"/>
<pin id="457" dir="0" index="25" bw="7" slack="14"/>
<pin id="458" dir="0" index="26" bw="7" slack="11"/>
<pin id="459" dir="0" index="27" bw="7" slack="10"/>
<pin id="460" dir="0" index="28" bw="7" slack="3"/>
<pin id="461" dir="0" index="29" bw="7" slack="12"/>
<pin id="462" dir="0" index="30" bw="7" slack="4"/>
<pin id="463" dir="0" index="31" bw="7" slack="5"/>
<pin id="464" dir="0" index="32" bw="7" slack="7"/>
<pin id="465" dir="0" index="33" bw="20" slack="0"/>
<pin id="466" dir="0" index="34" bw="8" slack="0"/>
<pin id="467" dir="0" index="35" bw="8" slack="0"/>
<pin id="468" dir="0" index="36" bw="8" slack="0"/>
<pin id="469" dir="0" index="37" bw="8" slack="0"/>
<pin id="470" dir="0" index="38" bw="8" slack="0"/>
<pin id="471" dir="0" index="39" bw="8" slack="0"/>
<pin id="472" dir="0" index="40" bw="8" slack="0"/>
<pin id="473" dir="0" index="41" bw="8" slack="0"/>
<pin id="474" dir="0" index="42" bw="8" slack="0"/>
<pin id="475" dir="0" index="43" bw="8" slack="0"/>
<pin id="476" dir="0" index="44" bw="7" slack="0"/>
<pin id="477" dir="0" index="45" bw="8" slack="0"/>
<pin id="478" dir="0" index="46" bw="8" slack="0"/>
<pin id="479" dir="0" index="47" bw="8" slack="0"/>
<pin id="480" dir="0" index="48" bw="8" slack="0"/>
<pin id="481" dir="0" index="49" bw="8" slack="0"/>
<pin id="482" dir="0" index="50" bw="8" slack="0"/>
<pin id="483" dir="0" index="51" bw="8" slack="0"/>
<pin id="484" dir="0" index="52" bw="8" slack="0"/>
<pin id="485" dir="0" index="53" bw="8" slack="0"/>
<pin id="486" dir="0" index="54" bw="7" slack="0"/>
<pin id="487" dir="0" index="55" bw="8" slack="0"/>
<pin id="488" dir="0" index="56" bw="8" slack="0"/>
<pin id="489" dir="0" index="57" bw="8" slack="0"/>
<pin id="490" dir="0" index="58" bw="8" slack="0"/>
<pin id="491" dir="0" index="59" bw="8" slack="0"/>
<pin id="492" dir="0" index="60" bw="8" slack="0"/>
<pin id="493" dir="0" index="61" bw="8" slack="0"/>
<pin id="494" dir="0" index="62" bw="8" slack="0"/>
<pin id="495" dir="0" index="63" bw="8" slack="0"/>
<pin id="496" dir="0" index="64" bw="8" slack="0"/>
<pin id="497" dir="0" index="65" bw="8" slack="0"/>
<pin id="498" dir="1" index="66" bw="0" slack="2147483647"/>
</pin_list>
<bind>
<opcode="call(48) " fcode="call"/>
<opset="call_ln182/17 "/>
</bind>
</comp>

<comp id="535" class="1005" name="x_addr_reg_535">
<pin_list>
<pin id="536" dir="0" index="0" bw="5" slack="1"/>
<pin id="537" dir="1" index="1" bw="5" slack="1"/>
</pin_list>
<bind>
<opset="x_addr "/>
</bind>
</comp>

<comp id="540" class="1005" name="x_addr_255_reg_540">
<pin_list>
<pin id="541" dir="0" index="0" bw="5" slack="1"/>
<pin id="542" dir="1" index="1" bw="5" slack="1"/>
</pin_list>
<bind>
<opset="x_addr_255 "/>
</bind>
</comp>

<comp id="545" class="1005" name="x_load_reg_545">
<pin_list>
<pin id="546" dir="0" index="0" bw="7" slack="15"/>
<pin id="547" dir="1" index="1" bw="7" slack="15"/>
</pin_list>
<bind>
<opset="x_load "/>
</bind>
</comp>

<comp id="550" class="1005" name="x_load_255_reg_550">
<pin_list>
<pin id="551" dir="0" index="0" bw="7" slack="15"/>
<pin id="552" dir="1" index="1" bw="7" slack="15"/>
</pin_list>
<bind>
<opset="x_load_255 "/>
</bind>
</comp>

<comp id="555" class="1005" name="x_addr_256_reg_555">
<pin_list>
<pin id="556" dir="0" index="0" bw="5" slack="1"/>
<pin id="557" dir="1" index="1" bw="5" slack="1"/>
</pin_list>
<bind>
<opset="x_addr_256 "/>
</bind>
</comp>

<comp id="560" class="1005" name="x_addr_257_reg_560">
<pin_list>
<pin id="561" dir="0" index="0" bw="5" slack="1"/>
<pin id="562" dir="1" index="1" bw="5" slack="1"/>
</pin_list>
<bind>
<opset="x_addr_257 "/>
</bind>
</comp>

<comp id="565" class="1005" name="x_load_256_reg_565">
<pin_list>
<pin id="566" dir="0" index="0" bw="7" slack="14"/>
<pin id="567" dir="1" index="1" bw="7" slack="14"/>
</pin_list>
<bind>
<opset="x_load_256 "/>
</bind>
</comp>

<comp id="570" class="1005" name="x_load_257_reg_570">
<pin_list>
<pin id="571" dir="0" index="0" bw="7" slack="14"/>
<pin id="572" dir="1" index="1" bw="7" slack="14"/>
</pin_list>
<bind>
<opset="x_load_257 "/>
</bind>
</comp>

<comp id="575" class="1005" name="x_addr_258_reg_575">
<pin_list>
<pin id="576" dir="0" index="0" bw="5" slack="1"/>
<pin id="577" dir="1" index="1" bw="5" slack="1"/>
</pin_list>
<bind>
<opset="x_addr_258 "/>
</bind>
</comp>

<comp id="580" class="1005" name="x_addr_259_reg_580">
<pin_list>
<pin id="581" dir="0" index="0" bw="5" slack="1"/>
<pin id="582" dir="1" index="1" bw="5" slack="1"/>
</pin_list>
<bind>
<opset="x_addr_259 "/>
</bind>
</comp>

<comp id="585" class="1005" name="x_load_258_reg_585">
<pin_list>
<pin id="586" dir="0" index="0" bw="7" slack="13"/>
<pin id="587" dir="1" index="1" bw="7" slack="13"/>
</pin_list>
<bind>
<opset="x_load_258 "/>
</bind>
</comp>

<comp id="590" class="1005" name="x_load_259_reg_590">
<pin_list>
<pin id="591" dir="0" index="0" bw="7" slack="13"/>
<pin id="592" dir="1" index="1" bw="7" slack="13"/>
</pin_list>
<bind>
<opset="x_load_259 "/>
</bind>
</comp>

<comp id="595" class="1005" name="x_addr_260_reg_595">
<pin_list>
<pin id="596" dir="0" index="0" bw="5" slack="1"/>
<pin id="597" dir="1" index="1" bw="5" slack="1"/>
</pin_list>
<bind>
<opset="x_addr_260 "/>
</bind>
</comp>

<comp id="600" class="1005" name="x_addr_261_reg_600">
<pin_list>
<pin id="601" dir="0" index="0" bw="5" slack="1"/>
<pin id="602" dir="1" index="1" bw="5" slack="1"/>
</pin_list>
<bind>
<opset="x_addr_261 "/>
</bind>
</comp>

<comp id="605" class="1005" name="x_load_260_reg_605">
<pin_list>
<pin id="606" dir="0" index="0" bw="7" slack="12"/>
<pin id="607" dir="1" index="1" bw="7" slack="12"/>
</pin_list>
<bind>
<opset="x_load_260 "/>
</bind>
</comp>

<comp id="610" class="1005" name="x_load_261_reg_610">
<pin_list>
<pin id="611" dir="0" index="0" bw="7" slack="12"/>
<pin id="612" dir="1" index="1" bw="7" slack="12"/>
</pin_list>
<bind>
<opset="x_load_261 "/>
</bind>
</comp>

<comp id="615" class="1005" name="x_addr_262_reg_615">
<pin_list>
<pin id="616" dir="0" index="0" bw="5" slack="1"/>
<pin id="617" dir="1" index="1" bw="5" slack="1"/>
</pin_list>
<bind>
<opset="x_addr_262 "/>
</bind>
</comp>

<comp id="620" class="1005" name="x_addr_263_reg_620">
<pin_list>
<pin id="621" dir="0" index="0" bw="5" slack="1"/>
<pin id="622" dir="1" index="1" bw="5" slack="1"/>
</pin_list>
<bind>
<opset="x_addr_263 "/>
</bind>
</comp>

<comp id="625" class="1005" name="x_load_262_reg_625">
<pin_list>
<pin id="626" dir="0" index="0" bw="7" slack="11"/>
<pin id="627" dir="1" index="1" bw="7" slack="11"/>
</pin_list>
<bind>
<opset="x_load_262 "/>
</bind>
</comp>

<comp id="630" class="1005" name="x_load_263_reg_630">
<pin_list>
<pin id="631" dir="0" index="0" bw="7" slack="11"/>
<pin id="632" dir="1" index="1" bw="7" slack="11"/>
</pin_list>
<bind>
<opset="x_load_263 "/>
</bind>
</comp>

<comp id="635" class="1005" name="x_addr_264_reg_635">
<pin_list>
<pin id="636" dir="0" index="0" bw="5" slack="1"/>
<pin id="637" dir="1" index="1" bw="5" slack="1"/>
</pin_list>
<bind>
<opset="x_addr_264 "/>
</bind>
</comp>

<comp id="640" class="1005" name="x_addr_265_reg_640">
<pin_list>
<pin id="641" dir="0" index="0" bw="5" slack="1"/>
<pin id="642" dir="1" index="1" bw="5" slack="1"/>
</pin_list>
<bind>
<opset="x_addr_265 "/>
</bind>
</comp>

<comp id="645" class="1005" name="x_load_264_reg_645">
<pin_list>
<pin id="646" dir="0" index="0" bw="7" slack="10"/>
<pin id="647" dir="1" index="1" bw="7" slack="10"/>
</pin_list>
<bind>
<opset="x_load_264 "/>
</bind>
</comp>

<comp id="650" class="1005" name="x_load_265_reg_650">
<pin_list>
<pin id="651" dir="0" index="0" bw="7" slack="10"/>
<pin id="652" dir="1" index="1" bw="7" slack="10"/>
</pin_list>
<bind>
<opset="x_load_265 "/>
</bind>
</comp>

<comp id="655" class="1005" name="x_addr_266_reg_655">
<pin_list>
<pin id="656" dir="0" index="0" bw="5" slack="1"/>
<pin id="657" dir="1" index="1" bw="5" slack="1"/>
</pin_list>
<bind>
<opset="x_addr_266 "/>
</bind>
</comp>

<comp id="660" class="1005" name="x_addr_267_reg_660">
<pin_list>
<pin id="661" dir="0" index="0" bw="5" slack="1"/>
<pin id="662" dir="1" index="1" bw="5" slack="1"/>
</pin_list>
<bind>
<opset="x_addr_267 "/>
</bind>
</comp>

<comp id="665" class="1005" name="x_load_266_reg_665">
<pin_list>
<pin id="666" dir="0" index="0" bw="7" slack="9"/>
<pin id="667" dir="1" index="1" bw="7" slack="9"/>
</pin_list>
<bind>
<opset="x_load_266 "/>
</bind>
</comp>

<comp id="670" class="1005" name="x_load_267_reg_670">
<pin_list>
<pin id="671" dir="0" index="0" bw="7" slack="9"/>
<pin id="672" dir="1" index="1" bw="7" slack="9"/>
</pin_list>
<bind>
<opset="x_load_267 "/>
</bind>
</comp>

<comp id="675" class="1005" name="x_addr_268_reg_675">
<pin_list>
<pin id="676" dir="0" index="0" bw="5" slack="1"/>
<pin id="677" dir="1" index="1" bw="5" slack="1"/>
</pin_list>
<bind>
<opset="x_addr_268 "/>
</bind>
</comp>

<comp id="680" class="1005" name="x_addr_269_reg_680">
<pin_list>
<pin id="681" dir="0" index="0" bw="5" slack="1"/>
<pin id="682" dir="1" index="1" bw="5" slack="1"/>
</pin_list>
<bind>
<opset="x_addr_269 "/>
</bind>
</comp>

<comp id="685" class="1005" name="x_load_268_reg_685">
<pin_list>
<pin id="686" dir="0" index="0" bw="7" slack="8"/>
<pin id="687" dir="1" index="1" bw="7" slack="8"/>
</pin_list>
<bind>
<opset="x_load_268 "/>
</bind>
</comp>

<comp id="690" class="1005" name="x_load_269_reg_690">
<pin_list>
<pin id="691" dir="0" index="0" bw="7" slack="8"/>
<pin id="692" dir="1" index="1" bw="7" slack="8"/>
</pin_list>
<bind>
<opset="x_load_269 "/>
</bind>
</comp>

<comp id="695" class="1005" name="x_addr_270_reg_695">
<pin_list>
<pin id="696" dir="0" index="0" bw="5" slack="1"/>
<pin id="697" dir="1" index="1" bw="5" slack="1"/>
</pin_list>
<bind>
<opset="x_addr_270 "/>
</bind>
</comp>

<comp id="700" class="1005" name="x_addr_271_reg_700">
<pin_list>
<pin id="701" dir="0" index="0" bw="5" slack="1"/>
<pin id="702" dir="1" index="1" bw="5" slack="1"/>
</pin_list>
<bind>
<opset="x_addr_271 "/>
</bind>
</comp>

<comp id="705" class="1005" name="x_load_270_reg_705">
<pin_list>
<pin id="706" dir="0" index="0" bw="7" slack="7"/>
<pin id="707" dir="1" index="1" bw="7" slack="7"/>
</pin_list>
<bind>
<opset="x_load_270 "/>
</bind>
</comp>

<comp id="710" class="1005" name="x_load_271_reg_710">
<pin_list>
<pin id="711" dir="0" index="0" bw="7" slack="7"/>
<pin id="712" dir="1" index="1" bw="7" slack="7"/>
</pin_list>
<bind>
<opset="x_load_271 "/>
</bind>
</comp>

<comp id="715" class="1005" name="x_addr_272_reg_715">
<pin_list>
<pin id="716" dir="0" index="0" bw="5" slack="1"/>
<pin id="717" dir="1" index="1" bw="5" slack="1"/>
</pin_list>
<bind>
<opset="x_addr_272 "/>
</bind>
</comp>

<comp id="720" class="1005" name="x_addr_273_reg_720">
<pin_list>
<pin id="721" dir="0" index="0" bw="5" slack="1"/>
<pin id="722" dir="1" index="1" bw="5" slack="1"/>
</pin_list>
<bind>
<opset="x_addr_273 "/>
</bind>
</comp>

<comp id="725" class="1005" name="x_load_272_reg_725">
<pin_list>
<pin id="726" dir="0" index="0" bw="7" slack="6"/>
<pin id="727" dir="1" index="1" bw="7" slack="6"/>
</pin_list>
<bind>
<opset="x_load_272 "/>
</bind>
</comp>

<comp id="730" class="1005" name="x_load_273_reg_730">
<pin_list>
<pin id="731" dir="0" index="0" bw="7" slack="6"/>
<pin id="732" dir="1" index="1" bw="7" slack="6"/>
</pin_list>
<bind>
<opset="x_load_273 "/>
</bind>
</comp>

<comp id="735" class="1005" name="x_addr_274_reg_735">
<pin_list>
<pin id="736" dir="0" index="0" bw="5" slack="1"/>
<pin id="737" dir="1" index="1" bw="5" slack="1"/>
</pin_list>
<bind>
<opset="x_addr_274 "/>
</bind>
</comp>

<comp id="740" class="1005" name="x_addr_275_reg_740">
<pin_list>
<pin id="741" dir="0" index="0" bw="5" slack="1"/>
<pin id="742" dir="1" index="1" bw="5" slack="1"/>
</pin_list>
<bind>
<opset="x_addr_275 "/>
</bind>
</comp>

<comp id="745" class="1005" name="x_load_274_reg_745">
<pin_list>
<pin id="746" dir="0" index="0" bw="7" slack="5"/>
<pin id="747" dir="1" index="1" bw="7" slack="5"/>
</pin_list>
<bind>
<opset="x_load_274 "/>
</bind>
</comp>

<comp id="750" class="1005" name="x_load_275_reg_750">
<pin_list>
<pin id="751" dir="0" index="0" bw="7" slack="5"/>
<pin id="752" dir="1" index="1" bw="7" slack="5"/>
</pin_list>
<bind>
<opset="x_load_275 "/>
</bind>
</comp>

<comp id="755" class="1005" name="x_addr_276_reg_755">
<pin_list>
<pin id="756" dir="0" index="0" bw="5" slack="1"/>
<pin id="757" dir="1" index="1" bw="5" slack="1"/>
</pin_list>
<bind>
<opset="x_addr_276 "/>
</bind>
</comp>

<comp id="760" class="1005" name="x_addr_277_reg_760">
<pin_list>
<pin id="761" dir="0" index="0" bw="5" slack="1"/>
<pin id="762" dir="1" index="1" bw="5" slack="1"/>
</pin_list>
<bind>
<opset="x_addr_277 "/>
</bind>
</comp>

<comp id="765" class="1005" name="x_load_276_reg_765">
<pin_list>
<pin id="766" dir="0" index="0" bw="7" slack="4"/>
<pin id="767" dir="1" index="1" bw="7" slack="4"/>
</pin_list>
<bind>
<opset="x_load_276 "/>
</bind>
</comp>

<comp id="770" class="1005" name="x_load_277_reg_770">
<pin_list>
<pin id="771" dir="0" index="0" bw="7" slack="4"/>
<pin id="772" dir="1" index="1" bw="7" slack="4"/>
</pin_list>
<bind>
<opset="x_load_277 "/>
</bind>
</comp>

<comp id="775" class="1005" name="x_addr_278_reg_775">
<pin_list>
<pin id="776" dir="0" index="0" bw="5" slack="1"/>
<pin id="777" dir="1" index="1" bw="5" slack="1"/>
</pin_list>
<bind>
<opset="x_addr_278 "/>
</bind>
</comp>

<comp id="780" class="1005" name="x_addr_279_reg_780">
<pin_list>
<pin id="781" dir="0" index="0" bw="5" slack="1"/>
<pin id="782" dir="1" index="1" bw="5" slack="1"/>
</pin_list>
<bind>
<opset="x_addr_279 "/>
</bind>
</comp>

<comp id="785" class="1005" name="x_load_278_reg_785">
<pin_list>
<pin id="786" dir="0" index="0" bw="7" slack="3"/>
<pin id="787" dir="1" index="1" bw="7" slack="3"/>
</pin_list>
<bind>
<opset="x_load_278 "/>
</bind>
</comp>

<comp id="790" class="1005" name="x_load_279_reg_790">
<pin_list>
<pin id="791" dir="0" index="0" bw="7" slack="3"/>
<pin id="792" dir="1" index="1" bw="7" slack="3"/>
</pin_list>
<bind>
<opset="x_load_279 "/>
</bind>
</comp>

<comp id="795" class="1005" name="x_addr_280_reg_795">
<pin_list>
<pin id="796" dir="0" index="0" bw="5" slack="1"/>
<pin id="797" dir="1" index="1" bw="5" slack="1"/>
</pin_list>
<bind>
<opset="x_addr_280 "/>
</bind>
</comp>

<comp id="800" class="1005" name="x_addr_281_reg_800">
<pin_list>
<pin id="801" dir="0" index="0" bw="5" slack="1"/>
<pin id="802" dir="1" index="1" bw="5" slack="1"/>
</pin_list>
<bind>
<opset="x_addr_281 "/>
</bind>
</comp>

<comp id="805" class="1005" name="x_load_280_reg_805">
<pin_list>
<pin id="806" dir="0" index="0" bw="7" slack="2"/>
<pin id="807" dir="1" index="1" bw="7" slack="2"/>
</pin_list>
<bind>
<opset="x_load_280 "/>
</bind>
</comp>

<comp id="810" class="1005" name="x_load_281_reg_810">
<pin_list>
<pin id="811" dir="0" index="0" bw="7" slack="2"/>
<pin id="812" dir="1" index="1" bw="7" slack="2"/>
</pin_list>
<bind>
<opset="x_load_281 "/>
</bind>
</comp>

<comp id="815" class="1005" name="x_addr_282_reg_815">
<pin_list>
<pin id="816" dir="0" index="0" bw="5" slack="1"/>
<pin id="817" dir="1" index="1" bw="5" slack="1"/>
</pin_list>
<bind>
<opset="x_addr_282 "/>
</bind>
</comp>

<comp id="820" class="1005" name="x_addr_283_reg_820">
<pin_list>
<pin id="821" dir="0" index="0" bw="5" slack="1"/>
<pin id="822" dir="1" index="1" bw="5" slack="1"/>
</pin_list>
<bind>
<opset="x_addr_283 "/>
</bind>
</comp>

<comp id="825" class="1005" name="x_load_282_reg_825">
<pin_list>
<pin id="826" dir="0" index="0" bw="7" slack="1"/>
<pin id="827" dir="1" index="1" bw="7" slack="1"/>
</pin_list>
<bind>
<opset="x_load_282 "/>
</bind>
</comp>

<comp id="830" class="1005" name="x_load_283_reg_830">
<pin_list>
<pin id="831" dir="0" index="0" bw="7" slack="1"/>
<pin id="832" dir="1" index="1" bw="7" slack="1"/>
</pin_list>
<bind>
<opset="x_load_283 "/>
</bind>
</comp>

<comp id="835" class="1005" name="x_addr_284_reg_835">
<pin_list>
<pin id="836" dir="0" index="0" bw="5" slack="1"/>
<pin id="837" dir="1" index="1" bw="5" slack="1"/>
</pin_list>
<bind>
<opset="x_addr_284 "/>
</bind>
</comp>

<comp id="840" class="1005" name="x_addr_285_reg_840">
<pin_list>
<pin id="841" dir="0" index="0" bw="5" slack="1"/>
<pin id="842" dir="1" index="1" bw="5" slack="1"/>
</pin_list>
<bind>
<opset="x_addr_285 "/>
</bind>
</comp>

<comp id="845" class="1005" name="x_load_284_reg_845">
<pin_list>
<pin id="846" dir="0" index="0" bw="7" slack="1"/>
<pin id="847" dir="1" index="1" bw="7" slack="1"/>
</pin_list>
<bind>
<opset="x_load_284 "/>
</bind>
</comp>

<comp id="850" class="1005" name="x_load_285_reg_850">
<pin_list>
<pin id="851" dir="0" index="0" bw="7" slack="1"/>
<pin id="852" dir="1" index="1" bw="7" slack="1"/>
</pin_list>
<bind>
<opset="x_load_285 "/>
</bind>
</comp>

</comp_list>

<net_list>
<net id="139"><net_src comp="0" pin="0"/><net_sink comp="134" pin=0"/></net>

<net id="140"><net_src comp="68" pin="0"/><net_sink comp="134" pin=1"/></net>

<net id="141"><net_src comp="68" pin="0"/><net_sink comp="134" pin=2"/></net>

<net id="151"><net_src comp="134" pin="3"/><net_sink comp="142" pin=2"/></net>

<net id="157"><net_src comp="0" pin="0"/><net_sink comp="152" pin=0"/></net>

<net id="158"><net_src comp="68" pin="0"/><net_sink comp="152" pin=1"/></net>

<net id="159"><net_src comp="70" pin="0"/><net_sink comp="152" pin=2"/></net>

<net id="160"><net_src comp="152" pin="3"/><net_sink comp="142" pin=0"/></net>

<net id="166"><net_src comp="0" pin="0"/><net_sink comp="161" pin=0"/></net>

<net id="167"><net_src comp="68" pin="0"/><net_sink comp="161" pin=1"/></net>

<net id="168"><net_src comp="72" pin="0"/><net_sink comp="161" pin=2"/></net>

<net id="169"><net_src comp="161" pin="3"/><net_sink comp="142" pin=2"/></net>

<net id="175"><net_src comp="0" pin="0"/><net_sink comp="170" pin=0"/></net>

<net id="176"><net_src comp="68" pin="0"/><net_sink comp="170" pin=1"/></net>

<net id="177"><net_src comp="74" pin="0"/><net_sink comp="170" pin=2"/></net>

<net id="178"><net_src comp="170" pin="3"/><net_sink comp="142" pin=0"/></net>

<net id="184"><net_src comp="0" pin="0"/><net_sink comp="179" pin=0"/></net>

<net id="185"><net_src comp="68" pin="0"/><net_sink comp="179" pin=1"/></net>

<net id="186"><net_src comp="76" pin="0"/><net_sink comp="179" pin=2"/></net>

<net id="187"><net_src comp="179" pin="3"/><net_sink comp="142" pin=2"/></net>

<net id="193"><net_src comp="0" pin="0"/><net_sink comp="188" pin=0"/></net>

<net id="194"><net_src comp="68" pin="0"/><net_sink comp="188" pin=1"/></net>

<net id="195"><net_src comp="78" pin="0"/><net_sink comp="188" pin=2"/></net>

<net id="196"><net_src comp="188" pin="3"/><net_sink comp="142" pin=0"/></net>

<net id="202"><net_src comp="0" pin="0"/><net_sink comp="197" pin=0"/></net>

<net id="203"><net_src comp="68" pin="0"/><net_sink comp="197" pin=1"/></net>

<net id="204"><net_src comp="80" pin="0"/><net_sink comp="197" pin=2"/></net>

<net id="205"><net_src comp="197" pin="3"/><net_sink comp="142" pin=2"/></net>

<net id="211"><net_src comp="0" pin="0"/><net_sink comp="206" pin=0"/></net>

<net id="212"><net_src comp="68" pin="0"/><net_sink comp="206" pin=1"/></net>

<net id="213"><net_src comp="82" pin="0"/><net_sink comp="206" pin=2"/></net>

<net id="214"><net_src comp="206" pin="3"/><net_sink comp="142" pin=0"/></net>

<net id="220"><net_src comp="0" pin="0"/><net_sink comp="215" pin=0"/></net>

<net id="221"><net_src comp="68" pin="0"/><net_sink comp="215" pin=1"/></net>

<net id="222"><net_src comp="84" pin="0"/><net_sink comp="215" pin=2"/></net>

<net id="223"><net_src comp="215" pin="3"/><net_sink comp="142" pin=2"/></net>

<net id="229"><net_src comp="0" pin="0"/><net_sink comp="224" pin=0"/></net>

<net id="230"><net_src comp="68" pin="0"/><net_sink comp="224" pin=1"/></net>

<net id="231"><net_src comp="86" pin="0"/><net_sink comp="224" pin=2"/></net>

<net id="232"><net_src comp="224" pin="3"/><net_sink comp="142" pin=0"/></net>

<net id="238"><net_src comp="0" pin="0"/><net_sink comp="233" pin=0"/></net>

<net id="239"><net_src comp="68" pin="0"/><net_sink comp="233" pin=1"/></net>

<net id="240"><net_src comp="88" pin="0"/><net_sink comp="233" pin=2"/></net>

<net id="241"><net_src comp="233" pin="3"/><net_sink comp="142" pin=2"/></net>

<net id="247"><net_src comp="0" pin="0"/><net_sink comp="242" pin=0"/></net>

<net id="248"><net_src comp="68" pin="0"/><net_sink comp="242" pin=1"/></net>

<net id="249"><net_src comp="90" pin="0"/><net_sink comp="242" pin=2"/></net>

<net id="250"><net_src comp="242" pin="3"/><net_sink comp="142" pin=0"/></net>

<net id="256"><net_src comp="0" pin="0"/><net_sink comp="251" pin=0"/></net>

<net id="257"><net_src comp="68" pin="0"/><net_sink comp="251" pin=1"/></net>

<net id="258"><net_src comp="92" pin="0"/><net_sink comp="251" pin=2"/></net>

<net id="259"><net_src comp="251" pin="3"/><net_sink comp="142" pin=2"/></net>

<net id="265"><net_src comp="0" pin="0"/><net_sink comp="260" pin=0"/></net>

<net id="266"><net_src comp="68" pin="0"/><net_sink comp="260" pin=1"/></net>

<net id="267"><net_src comp="94" pin="0"/><net_sink comp="260" pin=2"/></net>

<net id="268"><net_src comp="260" pin="3"/><net_sink comp="142" pin=0"/></net>

<net id="274"><net_src comp="0" pin="0"/><net_sink comp="269" pin=0"/></net>

<net id="275"><net_src comp="68" pin="0"/><net_sink comp="269" pin=1"/></net>

<net id="276"><net_src comp="96" pin="0"/><net_sink comp="269" pin=2"/></net>

<net id="277"><net_src comp="269" pin="3"/><net_sink comp="142" pin=2"/></net>

<net id="283"><net_src comp="0" pin="0"/><net_sink comp="278" pin=0"/></net>

<net id="284"><net_src comp="68" pin="0"/><net_sink comp="278" pin=1"/></net>

<net id="285"><net_src comp="98" pin="0"/><net_sink comp="278" pin=2"/></net>

<net id="286"><net_src comp="278" pin="3"/><net_sink comp="142" pin=0"/></net>

<net id="292"><net_src comp="0" pin="0"/><net_sink comp="287" pin=0"/></net>

<net id="293"><net_src comp="68" pin="0"/><net_sink comp="287" pin=1"/></net>

<net id="294"><net_src comp="100" pin="0"/><net_sink comp="287" pin=2"/></net>

<net id="295"><net_src comp="287" pin="3"/><net_sink comp="142" pin=2"/></net>

<net id="301"><net_src comp="0" pin="0"/><net_sink comp="296" pin=0"/></net>

<net id="302"><net_src comp="68" pin="0"/><net_sink comp="296" pin=1"/></net>

<net id="303"><net_src comp="102" pin="0"/><net_sink comp="296" pin=2"/></net>

<net id="304"><net_src comp="296" pin="3"/><net_sink comp="142" pin=0"/></net>

<net id="310"><net_src comp="0" pin="0"/><net_sink comp="305" pin=0"/></net>

<net id="311"><net_src comp="68" pin="0"/><net_sink comp="305" pin=1"/></net>

<net id="312"><net_src comp="104" pin="0"/><net_sink comp="305" pin=2"/></net>

<net id="313"><net_src comp="305" pin="3"/><net_sink comp="142" pin=2"/></net>

<net id="319"><net_src comp="0" pin="0"/><net_sink comp="314" pin=0"/></net>

<net id="320"><net_src comp="68" pin="0"/><net_sink comp="314" pin=1"/></net>

<net id="321"><net_src comp="106" pin="0"/><net_sink comp="314" pin=2"/></net>

<net id="322"><net_src comp="314" pin="3"/><net_sink comp="142" pin=0"/></net>

<net id="328"><net_src comp="0" pin="0"/><net_sink comp="323" pin=0"/></net>

<net id="329"><net_src comp="68" pin="0"/><net_sink comp="323" pin=1"/></net>

<net id="330"><net_src comp="108" pin="0"/><net_sink comp="323" pin=2"/></net>

<net id="331"><net_src comp="323" pin="3"/><net_sink comp="142" pin=2"/></net>

<net id="337"><net_src comp="0" pin="0"/><net_sink comp="332" pin=0"/></net>

<net id="338"><net_src comp="68" pin="0"/><net_sink comp="332" pin=1"/></net>

<net id="339"><net_src comp="110" pin="0"/><net_sink comp="332" pin=2"/></net>

<net id="340"><net_src comp="332" pin="3"/><net_sink comp="142" pin=0"/></net>

<net id="346"><net_src comp="0" pin="0"/><net_sink comp="341" pin=0"/></net>

<net id="347"><net_src comp="68" pin="0"/><net_sink comp="341" pin=1"/></net>

<net id="348"><net_src comp="112" pin="0"/><net_sink comp="341" pin=2"/></net>

<net id="349"><net_src comp="341" pin="3"/><net_sink comp="142" pin=2"/></net>

<net id="355"><net_src comp="0" pin="0"/><net_sink comp="350" pin=0"/></net>

<net id="356"><net_src comp="68" pin="0"/><net_sink comp="350" pin=1"/></net>

<net id="357"><net_src comp="114" pin="0"/><net_sink comp="350" pin=2"/></net>

<net id="358"><net_src comp="350" pin="3"/><net_sink comp="142" pin=0"/></net>

<net id="364"><net_src comp="0" pin="0"/><net_sink comp="359" pin=0"/></net>

<net id="365"><net_src comp="68" pin="0"/><net_sink comp="359" pin=1"/></net>

<net id="366"><net_src comp="116" pin="0"/><net_sink comp="359" pin=2"/></net>

<net id="367"><net_src comp="359" pin="3"/><net_sink comp="142" pin=2"/></net>

<net id="373"><net_src comp="0" pin="0"/><net_sink comp="368" pin=0"/></net>

<net id="374"><net_src comp="68" pin="0"/><net_sink comp="368" pin=1"/></net>

<net id="375"><net_src comp="118" pin="0"/><net_sink comp="368" pin=2"/></net>

<net id="376"><net_src comp="368" pin="3"/><net_sink comp="142" pin=0"/></net>

<net id="382"><net_src comp="0" pin="0"/><net_sink comp="377" pin=0"/></net>

<net id="383"><net_src comp="68" pin="0"/><net_sink comp="377" pin=1"/></net>

<net id="384"><net_src comp="120" pin="0"/><net_sink comp="377" pin=2"/></net>

<net id="385"><net_src comp="377" pin="3"/><net_sink comp="142" pin=2"/></net>

<net id="391"><net_src comp="0" pin="0"/><net_sink comp="386" pin=0"/></net>

<net id="392"><net_src comp="68" pin="0"/><net_sink comp="386" pin=1"/></net>

<net id="393"><net_src comp="122" pin="0"/><net_sink comp="386" pin=2"/></net>

<net id="394"><net_src comp="386" pin="3"/><net_sink comp="142" pin=0"/></net>

<net id="400"><net_src comp="0" pin="0"/><net_sink comp="395" pin=0"/></net>

<net id="401"><net_src comp="68" pin="0"/><net_sink comp="395" pin=1"/></net>

<net id="402"><net_src comp="124" pin="0"/><net_sink comp="395" pin=2"/></net>

<net id="403"><net_src comp="395" pin="3"/><net_sink comp="142" pin=2"/></net>

<net id="409"><net_src comp="0" pin="0"/><net_sink comp="404" pin=0"/></net>

<net id="410"><net_src comp="68" pin="0"/><net_sink comp="404" pin=1"/></net>

<net id="411"><net_src comp="126" pin="0"/><net_sink comp="404" pin=2"/></net>

<net id="412"><net_src comp="404" pin="3"/><net_sink comp="142" pin=0"/></net>

<net id="418"><net_src comp="0" pin="0"/><net_sink comp="413" pin=0"/></net>

<net id="419"><net_src comp="68" pin="0"/><net_sink comp="413" pin=1"/></net>

<net id="420"><net_src comp="128" pin="0"/><net_sink comp="413" pin=2"/></net>

<net id="421"><net_src comp="413" pin="3"/><net_sink comp="142" pin=2"/></net>

<net id="427"><net_src comp="0" pin="0"/><net_sink comp="422" pin=0"/></net>

<net id="428"><net_src comp="68" pin="0"/><net_sink comp="422" pin=1"/></net>

<net id="429"><net_src comp="130" pin="0"/><net_sink comp="422" pin=2"/></net>

<net id="430"><net_src comp="422" pin="3"/><net_sink comp="142" pin=0"/></net>

<net id="499"><net_src comp="132" pin="0"/><net_sink comp="431" pin=0"/></net>

<net id="500"><net_src comp="142" pin="3"/><net_sink comp="431" pin=1"/></net>

<net id="501"><net_src comp="142" pin="7"/><net_sink comp="431" pin=3"/></net>

<net id="502"><net_src comp="2" pin="0"/><net_sink comp="431" pin=33"/></net>

<net id="503"><net_src comp="4" pin="0"/><net_sink comp="431" pin=34"/></net>

<net id="504"><net_src comp="6" pin="0"/><net_sink comp="431" pin=35"/></net>

<net id="505"><net_src comp="8" pin="0"/><net_sink comp="431" pin=36"/></net>

<net id="506"><net_src comp="10" pin="0"/><net_sink comp="431" pin=37"/></net>

<net id="507"><net_src comp="12" pin="0"/><net_sink comp="431" pin=38"/></net>

<net id="508"><net_src comp="14" pin="0"/><net_sink comp="431" pin=39"/></net>

<net id="509"><net_src comp="16" pin="0"/><net_sink comp="431" pin=40"/></net>

<net id="510"><net_src comp="18" pin="0"/><net_sink comp="431" pin=41"/></net>

<net id="511"><net_src comp="20" pin="0"/><net_sink comp="431" pin=42"/></net>

<net id="512"><net_src comp="22" pin="0"/><net_sink comp="431" pin=43"/></net>

<net id="513"><net_src comp="24" pin="0"/><net_sink comp="431" pin=44"/></net>

<net id="514"><net_src comp="26" pin="0"/><net_sink comp="431" pin=45"/></net>

<net id="515"><net_src comp="28" pin="0"/><net_sink comp="431" pin=46"/></net>

<net id="516"><net_src comp="30" pin="0"/><net_sink comp="431" pin=47"/></net>

<net id="517"><net_src comp="32" pin="0"/><net_sink comp="431" pin=48"/></net>

<net id="518"><net_src comp="34" pin="0"/><net_sink comp="431" pin=49"/></net>

<net id="519"><net_src comp="36" pin="0"/><net_sink comp="431" pin=50"/></net>

<net id="520"><net_src comp="38" pin="0"/><net_sink comp="431" pin=51"/></net>

<net id="521"><net_src comp="40" pin="0"/><net_sink comp="431" pin=52"/></net>

<net id="522"><net_src comp="42" pin="0"/><net_sink comp="431" pin=53"/></net>

<net id="523"><net_src comp="44" pin="0"/><net_sink comp="431" pin=54"/></net>

<net id="524"><net_src comp="46" pin="0"/><net_sink comp="431" pin=55"/></net>

<net id="525"><net_src comp="48" pin="0"/><net_sink comp="431" pin=56"/></net>

<net id="526"><net_src comp="50" pin="0"/><net_sink comp="431" pin=57"/></net>

<net id="527"><net_src comp="52" pin="0"/><net_sink comp="431" pin=58"/></net>

<net id="528"><net_src comp="54" pin="0"/><net_sink comp="431" pin=59"/></net>

<net id="529"><net_src comp="56" pin="0"/><net_sink comp="431" pin=60"/></net>

<net id="530"><net_src comp="58" pin="0"/><net_sink comp="431" pin=61"/></net>

<net id="531"><net_src comp="60" pin="0"/><net_sink comp="431" pin=62"/></net>

<net id="532"><net_src comp="62" pin="0"/><net_sink comp="431" pin=63"/></net>

<net id="533"><net_src comp="64" pin="0"/><net_sink comp="431" pin=64"/></net>

<net id="534"><net_src comp="66" pin="0"/><net_sink comp="431" pin=65"/></net>

<net id="538"><net_src comp="134" pin="3"/><net_sink comp="535" pin=0"/></net>

<net id="539"><net_src comp="535" pin="1"/><net_sink comp="142" pin=2"/></net>

<net id="543"><net_src comp="152" pin="3"/><net_sink comp="540" pin=0"/></net>

<net id="544"><net_src comp="540" pin="1"/><net_sink comp="142" pin=0"/></net>

<net id="548"><net_src comp="142" pin="7"/><net_sink comp="545" pin=0"/></net>

<net id="549"><net_src comp="545" pin="1"/><net_sink comp="431" pin=9"/></net>

<net id="553"><net_src comp="142" pin="3"/><net_sink comp="550" pin=0"/></net>

<net id="554"><net_src comp="550" pin="1"/><net_sink comp="431" pin=24"/></net>

<net id="558"><net_src comp="161" pin="3"/><net_sink comp="555" pin=0"/></net>

<net id="559"><net_src comp="555" pin="1"/><net_sink comp="142" pin=2"/></net>

<net id="563"><net_src comp="170" pin="3"/><net_sink comp="560" pin=0"/></net>

<net id="564"><net_src comp="560" pin="1"/><net_sink comp="142" pin=0"/></net>

<net id="568"><net_src comp="142" pin="7"/><net_sink comp="565" pin=0"/></net>

<net id="569"><net_src comp="565" pin="1"/><net_sink comp="431" pin=25"/></net>

<net id="573"><net_src comp="142" pin="3"/><net_sink comp="570" pin=0"/></net>

<net id="574"><net_src comp="570" pin="1"/><net_sink comp="431" pin=19"/></net>

<net id="578"><net_src comp="179" pin="3"/><net_sink comp="575" pin=0"/></net>

<net id="579"><net_src comp="575" pin="1"/><net_sink comp="142" pin=2"/></net>

<net id="583"><net_src comp="188" pin="3"/><net_sink comp="580" pin=0"/></net>

<net id="584"><net_src comp="580" pin="1"/><net_sink comp="142" pin=0"/></net>

<net id="588"><net_src comp="142" pin="7"/><net_sink comp="585" pin=0"/></net>

<net id="589"><net_src comp="585" pin="1"/><net_sink comp="431" pin=16"/></net>

<net id="593"><net_src comp="142" pin="3"/><net_sink comp="590" pin=0"/></net>

<net id="594"><net_src comp="590" pin="1"/><net_sink comp="431" pin=23"/></net>

<net id="598"><net_src comp="197" pin="3"/><net_sink comp="595" pin=0"/></net>

<net id="599"><net_src comp="595" pin="1"/><net_sink comp="142" pin=2"/></net>

<net id="603"><net_src comp="206" pin="3"/><net_sink comp="600" pin=0"/></net>

<net id="604"><net_src comp="600" pin="1"/><net_sink comp="142" pin=0"/></net>

<net id="608"><net_src comp="142" pin="7"/><net_sink comp="605" pin=0"/></net>

<net id="609"><net_src comp="605" pin="1"/><net_sink comp="431" pin=12"/></net>

<net id="613"><net_src comp="142" pin="3"/><net_sink comp="610" pin=0"/></net>

<net id="614"><net_src comp="610" pin="1"/><net_sink comp="431" pin=29"/></net>

<net id="618"><net_src comp="215" pin="3"/><net_sink comp="615" pin=0"/></net>

<net id="619"><net_src comp="615" pin="1"/><net_sink comp="142" pin=2"/></net>

<net id="623"><net_src comp="224" pin="3"/><net_sink comp="620" pin=0"/></net>

<net id="624"><net_src comp="620" pin="1"/><net_sink comp="142" pin=0"/></net>

<net id="628"><net_src comp="142" pin="7"/><net_sink comp="625" pin=0"/></net>

<net id="629"><net_src comp="625" pin="1"/><net_sink comp="431" pin=26"/></net>

<net id="633"><net_src comp="142" pin="3"/><net_sink comp="630" pin=0"/></net>

<net id="634"><net_src comp="630" pin="1"/><net_sink comp="431" pin=5"/></net>

<net id="638"><net_src comp="233" pin="3"/><net_sink comp="635" pin=0"/></net>

<net id="639"><net_src comp="635" pin="1"/><net_sink comp="142" pin=2"/></net>

<net id="643"><net_src comp="242" pin="3"/><net_sink comp="640" pin=0"/></net>

<net id="644"><net_src comp="640" pin="1"/><net_sink comp="142" pin=0"/></net>

<net id="648"><net_src comp="142" pin="7"/><net_sink comp="645" pin=0"/></net>

<net id="649"><net_src comp="645" pin="1"/><net_sink comp="431" pin=17"/></net>

<net id="653"><net_src comp="142" pin="3"/><net_sink comp="650" pin=0"/></net>

<net id="654"><net_src comp="650" pin="1"/><net_sink comp="431" pin=27"/></net>

<net id="658"><net_src comp="251" pin="3"/><net_sink comp="655" pin=0"/></net>

<net id="659"><net_src comp="655" pin="1"/><net_sink comp="142" pin=2"/></net>

<net id="663"><net_src comp="260" pin="3"/><net_sink comp="660" pin=0"/></net>

<net id="664"><net_src comp="660" pin="1"/><net_sink comp="142" pin=0"/></net>

<net id="668"><net_src comp="142" pin="7"/><net_sink comp="665" pin=0"/></net>

<net id="669"><net_src comp="665" pin="1"/><net_sink comp="431" pin=22"/></net>

<net id="673"><net_src comp="142" pin="3"/><net_sink comp="670" pin=0"/></net>

<net id="674"><net_src comp="670" pin="1"/><net_sink comp="431" pin=13"/></net>

<net id="678"><net_src comp="269" pin="3"/><net_sink comp="675" pin=0"/></net>

<net id="679"><net_src comp="675" pin="1"/><net_sink comp="142" pin=2"/></net>

<net id="683"><net_src comp="278" pin="3"/><net_sink comp="680" pin=0"/></net>

<net id="684"><net_src comp="680" pin="1"/><net_sink comp="142" pin=0"/></net>

<net id="688"><net_src comp="142" pin="7"/><net_sink comp="685" pin=0"/></net>

<net id="689"><net_src comp="685" pin="1"/><net_sink comp="431" pin=8"/></net>

<net id="693"><net_src comp="142" pin="3"/><net_sink comp="690" pin=0"/></net>

<net id="694"><net_src comp="690" pin="1"/><net_sink comp="431" pin=2"/></net>

<net id="698"><net_src comp="287" pin="3"/><net_sink comp="695" pin=0"/></net>

<net id="699"><net_src comp="695" pin="1"/><net_sink comp="142" pin=2"/></net>

<net id="703"><net_src comp="296" pin="3"/><net_sink comp="700" pin=0"/></net>

<net id="704"><net_src comp="700" pin="1"/><net_sink comp="142" pin=0"/></net>

<net id="708"><net_src comp="142" pin="7"/><net_sink comp="705" pin=0"/></net>

<net id="709"><net_src comp="705" pin="1"/><net_sink comp="431" pin=32"/></net>

<net id="713"><net_src comp="142" pin="3"/><net_sink comp="710" pin=0"/></net>

<net id="714"><net_src comp="710" pin="1"/><net_sink comp="431" pin=4"/></net>

<net id="718"><net_src comp="305" pin="3"/><net_sink comp="715" pin=0"/></net>

<net id="719"><net_src comp="715" pin="1"/><net_sink comp="142" pin=2"/></net>

<net id="723"><net_src comp="314" pin="3"/><net_sink comp="720" pin=0"/></net>

<net id="724"><net_src comp="720" pin="1"/><net_sink comp="142" pin=0"/></net>

<net id="728"><net_src comp="142" pin="7"/><net_sink comp="725" pin=0"/></net>

<net id="729"><net_src comp="725" pin="1"/><net_sink comp="431" pin=11"/></net>

<net id="733"><net_src comp="142" pin="3"/><net_sink comp="730" pin=0"/></net>

<net id="734"><net_src comp="730" pin="1"/><net_sink comp="431" pin=20"/></net>

<net id="738"><net_src comp="323" pin="3"/><net_sink comp="735" pin=0"/></net>

<net id="739"><net_src comp="735" pin="1"/><net_sink comp="142" pin=2"/></net>

<net id="743"><net_src comp="332" pin="3"/><net_sink comp="740" pin=0"/></net>

<net id="744"><net_src comp="740" pin="1"/><net_sink comp="142" pin=0"/></net>

<net id="748"><net_src comp="142" pin="7"/><net_sink comp="745" pin=0"/></net>

<net id="749"><net_src comp="745" pin="1"/><net_sink comp="431" pin=31"/></net>

<net id="753"><net_src comp="142" pin="3"/><net_sink comp="750" pin=0"/></net>

<net id="754"><net_src comp="750" pin="1"/><net_sink comp="431" pin=14"/></net>

<net id="758"><net_src comp="341" pin="3"/><net_sink comp="755" pin=0"/></net>

<net id="759"><net_src comp="755" pin="1"/><net_sink comp="142" pin=2"/></net>

<net id="763"><net_src comp="350" pin="3"/><net_sink comp="760" pin=0"/></net>

<net id="764"><net_src comp="760" pin="1"/><net_sink comp="142" pin=0"/></net>

<net id="768"><net_src comp="142" pin="7"/><net_sink comp="765" pin=0"/></net>

<net id="769"><net_src comp="765" pin="1"/><net_sink comp="431" pin=30"/></net>

<net id="773"><net_src comp="142" pin="3"/><net_sink comp="770" pin=0"/></net>

<net id="774"><net_src comp="770" pin="1"/><net_sink comp="431" pin=18"/></net>

<net id="778"><net_src comp="359" pin="3"/><net_sink comp="775" pin=0"/></net>

<net id="779"><net_src comp="775" pin="1"/><net_sink comp="142" pin=2"/></net>

<net id="783"><net_src comp="368" pin="3"/><net_sink comp="780" pin=0"/></net>

<net id="784"><net_src comp="780" pin="1"/><net_sink comp="142" pin=0"/></net>

<net id="788"><net_src comp="142" pin="7"/><net_sink comp="785" pin=0"/></net>

<net id="789"><net_src comp="785" pin="1"/><net_sink comp="431" pin=7"/></net>

<net id="793"><net_src comp="142" pin="3"/><net_sink comp="790" pin=0"/></net>

<net id="794"><net_src comp="790" pin="1"/><net_sink comp="431" pin=28"/></net>

<net id="798"><net_src comp="377" pin="3"/><net_sink comp="795" pin=0"/></net>

<net id="799"><net_src comp="795" pin="1"/><net_sink comp="142" pin=2"/></net>

<net id="803"><net_src comp="386" pin="3"/><net_sink comp="800" pin=0"/></net>

<net id="804"><net_src comp="800" pin="1"/><net_sink comp="142" pin=0"/></net>

<net id="808"><net_src comp="142" pin="7"/><net_sink comp="805" pin=0"/></net>

<net id="809"><net_src comp="805" pin="1"/><net_sink comp="431" pin=21"/></net>

<net id="813"><net_src comp="142" pin="3"/><net_sink comp="810" pin=0"/></net>

<net id="814"><net_src comp="810" pin="1"/><net_sink comp="431" pin=15"/></net>

<net id="818"><net_src comp="395" pin="3"/><net_sink comp="815" pin=0"/></net>

<net id="819"><net_src comp="815" pin="1"/><net_sink comp="142" pin=2"/></net>

<net id="823"><net_src comp="404" pin="3"/><net_sink comp="820" pin=0"/></net>

<net id="824"><net_src comp="820" pin="1"/><net_sink comp="142" pin=0"/></net>

<net id="828"><net_src comp="142" pin="7"/><net_sink comp="825" pin=0"/></net>

<net id="829"><net_src comp="825" pin="1"/><net_sink comp="431" pin=10"/></net>

<net id="833"><net_src comp="142" pin="3"/><net_sink comp="830" pin=0"/></net>

<net id="834"><net_src comp="830" pin="1"/><net_sink comp="431" pin=6"/></net>

<net id="838"><net_src comp="413" pin="3"/><net_sink comp="835" pin=0"/></net>

<net id="839"><net_src comp="835" pin="1"/><net_sink comp="142" pin=2"/></net>

<net id="843"><net_src comp="422" pin="3"/><net_sink comp="840" pin=0"/></net>

<net id="844"><net_src comp="840" pin="1"/><net_sink comp="142" pin=0"/></net>

<net id="848"><net_src comp="142" pin="7"/><net_sink comp="845" pin=0"/></net>

<net id="849"><net_src comp="845" pin="1"/><net_sink comp="431" pin=3"/></net>

<net id="853"><net_src comp="142" pin="3"/><net_sink comp="850" pin=0"/></net>

<net id="854"><net_src comp="850" pin="1"/><net_sink comp="431" pin=1"/></net>

</net_list>

</model> 
---------------- Datapath Model END ------------------

* FSMD analyzer results:
  - Output states:
	Port: out_r | {17 18 }
	Port: p_ZL4Wse3_0 | {}
	Port: p_ZL4Wse3_1 | {}
	Port: p_ZL4Wse3_2 | {}
	Port: p_ZL4Wse3_3 | {}
	Port: p_ZL4Wse3_4 | {}
	Port: p_ZL4Wse3_5 | {}
	Port: p_ZL4Wse3_6 | {}
	Port: p_ZL4Wse3_7 | {}
	Port: p_ZL4Wse3_8 | {}
	Port: p_ZL4Wse3_9 | {}
	Port: p_ZL4Wse3_10 | {}
	Port: p_ZL4Wse3_11 | {}
	Port: p_ZL4Wse3_12 | {}
	Port: p_ZL4Wse3_13 | {}
	Port: p_ZL4Wse3_14 | {}
	Port: p_ZL4Wse3_15 | {}
	Port: p_ZL4Wse3_16 | {}
	Port: p_ZL4Wse3_17 | {}
	Port: p_ZL4Wse3_18 | {}
	Port: p_ZL4Wse3_19 | {}
	Port: p_ZL4Wse3_20 | {}
	Port: p_ZL4Wse3_21 | {}
	Port: p_ZL4Wse3_22 | {}
	Port: p_ZL4Wse3_23 | {}
	Port: p_ZL4Wse3_24 | {}
	Port: p_ZL4Wse3_25 | {}
	Port: p_ZL4Wse3_26 | {}
	Port: p_ZL4Wse3_27 | {}
	Port: p_ZL4Wse3_28 | {}
	Port: p_ZL4Wse3_29 | {}
	Port: p_ZL4Wse3_30 | {}
	Port: p_ZL4Wse3_31 | {}
 - Input state : 
	Port: linear_acc<128, 32> : x | {1 2 3 4 5 6 7 8 9 10 11 12 13 14 15 16 17 }
	Port: linear_acc<128, 32> : p_ZL4Wse3_0 | {17 18 }
	Port: linear_acc<128, 32> : p_ZL4Wse3_1 | {17 18 }
	Port: linear_acc<128, 32> : p_ZL4Wse3_2 | {17 18 }
	Port: linear_acc<128, 32> : p_ZL4Wse3_3 | {17 18 }
	Port: linear_acc<128, 32> : p_ZL4Wse3_4 | {17 18 }
	Port: linear_acc<128, 32> : p_ZL4Wse3_5 | {17 18 }
	Port: linear_acc<128, 32> : p_ZL4Wse3_6 | {17 18 }
	Port: linear_acc<128, 32> : p_ZL4Wse3_7 | {17 18 }
	Port: linear_acc<128, 32> : p_ZL4Wse3_8 | {17 18 }
	Port: linear_acc<128, 32> : p_ZL4Wse3_9 | {17 18 }
	Port: linear_acc<128, 32> : p_ZL4Wse3_10 | {17 18 }
	Port: linear_acc<128, 32> : p_ZL4Wse3_11 | {17 18 }
	Port: linear_acc<128, 32> : p_ZL4Wse3_12 | {17 18 }
	Port: linear_acc<128, 32> : p_ZL4Wse3_13 | {17 18 }
	Port: linear_acc<128, 32> : p_ZL4Wse3_14 | {17 18 }
	Port: linear_acc<128, 32> : p_ZL4Wse3_15 | {17 18 }
	Port: linear_acc<128, 32> : p_ZL4Wse3_16 | {17 18 }
	Port: linear_acc<128, 32> : p_ZL4Wse3_17 | {17 18 }
	Port: linear_acc<128, 32> : p_ZL4Wse3_18 | {17 18 }
	Port: linear_acc<128, 32> : p_ZL4Wse3_19 | {17 18 }
	Port: linear_acc<128, 32> : p_ZL4Wse3_20 | {17 18 }
	Port: linear_acc<128, 32> : p_ZL4Wse3_21 | {17 18 }
	Port: linear_acc<128, 32> : p_ZL4Wse3_22 | {17 18 }
	Port: linear_acc<128, 32> : p_ZL4Wse3_23 | {17 18 }
	Port: linear_acc<128, 32> : p_ZL4Wse3_24 | {17 18 }
	Port: linear_acc<128, 32> : p_ZL4Wse3_25 | {17 18 }
	Port: linear_acc<128, 32> : p_ZL4Wse3_26 | {17 18 }
	Port: linear_acc<128, 32> : p_ZL4Wse3_27 | {17 18 }
	Port: linear_acc<128, 32> : p_ZL4Wse3_28 | {17 18 }
	Port: linear_acc<128, 32> : p_ZL4Wse3_29 | {17 18 }
	Port: linear_acc<128, 32> : p_ZL4Wse3_30 | {17 18 }
	Port: linear_acc<128, 32> : p_ZL4Wse3_31 | {17 18 }
  - Chain level:
	State 1
		x_load : 1
		x_load_255 : 1
	State 2
		x_load_256 : 1
		x_load_257 : 1
	State 3
		x_load_258 : 1
		x_load_259 : 1
	State 4
		x_load_260 : 1
		x_load_261 : 1
	State 5
		x_load_262 : 1
		x_load_263 : 1
	State 6
		x_load_264 : 1
		x_load_265 : 1
	State 7
		x_load_266 : 1
		x_load_267 : 1
	State 8
		x_load_268 : 1
		x_load_269 : 1
	State 9
		x_load_270 : 1
		x_load_271 : 1
	State 10
		x_load_272 : 1
		x_load_273 : 1
	State 11
		x_load_274 : 1
		x_load_275 : 1
	State 12
		x_load_276 : 1
		x_load_277 : 1
	State 13
		x_load_278 : 1
		x_load_279 : 1
	State 14
		x_load_280 : 1
		x_load_281 : 1
	State 15
		x_load_282 : 1
		x_load_283 : 1
	State 16
		x_load_284 : 1
		x_load_285 : 1
	State 17
		call_ln182 : 1
	State 18


============================================================
+ Verbose Summary: Datapath Resource usage 
============================================================

* Functional unit list:
|----------|--------------------------------------------------------|---------|---------|---------|---------|
| Operation|                     Functional Unit                    |   DSP   |  Delay  |    FF   |   LUT   |
|----------|--------------------------------------------------------|---------|---------|---------|---------|
|   call   | grp_linear_acc_128_32_Pipeline_VITIS_LOOP_186_1_fu_431 |    16   |  22.036 |   1305  |   1546  |
|----------|--------------------------------------------------------|---------|---------|---------|---------|
|   Total  |                                                        |    16   |  22.036 |   1305  |   1546  |
|----------|--------------------------------------------------------|---------|---------|---------|---------|

Memories:
N/A

* Register list:
+------------------+--------+
|                  |   FF   |
+------------------+--------+
|x_addr_255_reg_540|    5   |
|x_addr_256_reg_555|    5   |
|x_addr_257_reg_560|    5   |
|x_addr_258_reg_575|    5   |
|x_addr_259_reg_580|    5   |
|x_addr_260_reg_595|    5   |
|x_addr_261_reg_600|    5   |
|x_addr_262_reg_615|    5   |
|x_addr_263_reg_620|    5   |
|x_addr_264_reg_635|    5   |
|x_addr_265_reg_640|    5   |
|x_addr_266_reg_655|    5   |
|x_addr_267_reg_660|    5   |
|x_addr_268_reg_675|    5   |
|x_addr_269_reg_680|    5   |
|x_addr_270_reg_695|    5   |
|x_addr_271_reg_700|    5   |
|x_addr_272_reg_715|    5   |
|x_addr_273_reg_720|    5   |
|x_addr_274_reg_735|    5   |
|x_addr_275_reg_740|    5   |
|x_addr_276_reg_755|    5   |
|x_addr_277_reg_760|    5   |
|x_addr_278_reg_775|    5   |
|x_addr_279_reg_780|    5   |
|x_addr_280_reg_795|    5   |
|x_addr_281_reg_800|    5   |
|x_addr_282_reg_815|    5   |
|x_addr_283_reg_820|    5   |
|x_addr_284_reg_835|    5   |
|x_addr_285_reg_840|    5   |
|  x_addr_reg_535  |    5   |
|x_load_255_reg_550|    7   |
|x_load_256_reg_565|    7   |
|x_load_257_reg_570|    7   |
|x_load_258_reg_585|    7   |
|x_load_259_reg_590|    7   |
|x_load_260_reg_605|    7   |
|x_load_261_reg_610|    7   |
|x_load_262_reg_625|    7   |
|x_load_263_reg_630|    7   |
|x_load_264_reg_645|    7   |
|x_load_265_reg_650|    7   |
|x_load_266_reg_665|    7   |
|x_load_267_reg_670|    7   |
|x_load_268_reg_685|    7   |
|x_load_269_reg_690|    7   |
|x_load_270_reg_705|    7   |
|x_load_271_reg_710|    7   |
|x_load_272_reg_725|    7   |
|x_load_273_reg_730|    7   |
|x_load_274_reg_745|    7   |
|x_load_275_reg_750|    7   |
|x_load_276_reg_765|    7   |
|x_load_277_reg_770|    7   |
|x_load_278_reg_785|    7   |
|x_load_279_reg_790|    7   |
|x_load_280_reg_805|    7   |
|x_load_281_reg_810|    7   |
|x_load_282_reg_825|    7   |
|x_load_283_reg_830|    7   |
|x_load_284_reg_845|    7   |
|x_load_285_reg_850|    7   |
|  x_load_reg_545  |    7   |
+------------------+--------+
|       Total      |   384  |
+------------------+--------+

* Multiplexer (MUX) list: 
|--------------------------------------------------------|------|------|------|--------||---------||---------|
|                          Comp                          |  Pin | Size |  BW  | S x BW ||  Delay  ||   LUT   |
|--------------------------------------------------------|------|------|------|--------||---------||---------|
|                    grp_access_fu_142                   |  p0  |  32  |   5  |   160  ||   148   |
|                    grp_access_fu_142                   |  p2  |  32  |   0  |    0   ||   148   |
| grp_linear_acc_128_32_Pipeline_VITIS_LOOP_186_1_fu_431 |  p1  |   2  |   7  |   14   ||    9    |
| grp_linear_acc_128_32_Pipeline_VITIS_LOOP_186_1_fu_431 |  p3  |   2  |   7  |   14   ||    9    |
|--------------------------------------------------------|------|------|------|--------||---------||---------|
|                          Total                         |      |      |      |   188  || 2.43178 ||   314   |
|--------------------------------------------------------|------|------|------|--------||---------||---------|



* Summary:
+-----------+--------+--------+--------+--------+
|           |   DSP  |  Delay |   FF   |   LUT  |
+-----------+--------+--------+--------+--------+
|  Function |   16   |   22   |  1305  |  1546  |
|   Memory  |    -   |    -   |    -   |    -   |
|Multiplexer|    -   |    2   |    -   |   314  |
|  Register |    -   |    -   |   384  |    -   |
+-----------+--------+--------+--------+--------+
|   Total   |   16   |   24   |  1689  |  1860  |
+-----------+--------+--------+--------+--------+
