

================================================================
== Vitis HLS Report for 'linear_acc_320_128_s'
================================================================
* Date:           Sat May 30 20:40:59 2026

* Version:        2023.2 (Build 4023990 on Oct 11 2023)
* Project:        proj_awn_int8
* Solution:       solution1 (Vivado IP Flow Target)
* Product family: zynquplus
* Target device:  xczu7ev-ffvc1156-2-e


================================================================
== Performance Estimates
================================================================
+ Timing: 
    * Summary: 
    +--------+---------+----------+------------+
    |  Clock |  Target | Estimated| Uncertainty|
    +--------+---------+----------+------------+
    |ap_clk  |  5.00 ns|  3.532 ns|     1.35 ns|
    +--------+---------+----------+------------+

+ Latency: 
    * Summary: 
    +---------+---------+----------+----------+-----+-----+---------+
    |  Latency (cycles) |  Latency (absolute) |  Interval | Pipeline|
    |   min   |   max   |    min   |    max   | min | max |   Type  |
    +---------+---------+----------+----------+-----+-----+---------+
    |      393|      393|  1.965 us|  1.965 us|  393|  393|       no|
    +---------+---------+----------+----------+-----+-----+---------+

    + Detail: 
        * Instance: 
        +----------------------------------------------------------+----------------------------------------------+---------+---------+----------+----------+-----+-----+---------+
        |                                                          |                                              |  Latency (cycles) |  Latency (absolute) |  Interval | Pipeline|
        |                         Instance                         |                    Module                    |   min   |   max   |    min   |    max   | min | max |   Type  |
        +----------------------------------------------------------+----------------------------------------------+---------+---------+----------+----------+-----+-----+---------+
        |grp_linear_acc_320_128_Pipeline_VITIS_LOOP_186_1_fu_1681  |linear_acc_320_128_Pipeline_VITIS_LOOP_186_1  |      328|      328|  1.640 us|  1.640 us|  328|  328|       no|
        +----------------------------------------------------------+----------------------------------------------+---------+---------+----------+----------+-----+-----+---------+

        * Loop: 
        N/A

============================================================
+ Verbose Summary: Synthesis Manager
============================================================
InlineROM: 1
ExposeGlobal: 0
============================================================
+ Verbose Summary: CDFG Model
============================================================
IsTopModel: 0
ResetActiveHigh: 1
IsCombinational: 0
IsDatapathOnly: 0
HasWiredReturn: 1
HasMFsm: 0
HasVarLatency: 1
IsPipeline: 0
IsRtlPipelined: 0
IsInstanceOverlapped: 0
IsDontTouch: 0
HasImplIP: 0
IsGatedGlobalClock: 0


============================================================
+ Verbose Summary: Schedule
============================================================
* Number of FSM states : 66
* Pipeline : 0
* Dataflow Pipeline: 0

* FSM state transitions: 
1 --> 2 
2 --> 3 
3 --> 4 
4 --> 5 
5 --> 6 
6 --> 7 
7 --> 8 
8 --> 9 
9 --> 10 
10 --> 11 
11 --> 12 
12 --> 13 
13 --> 14 
14 --> 15 
15 --> 16 
16 --> 17 
17 --> 18 
18 --> 19 
19 --> 20 
20 --> 21 
21 --> 22 
22 --> 23 
23 --> 24 
24 --> 25 
25 --> 26 
26 --> 27 
27 --> 28 
28 --> 29 
29 --> 30 
30 --> 31 
31 --> 32 
32 --> 33 
33 --> 34 
34 --> 35 
35 --> 36 
36 --> 37 
37 --> 38 
38 --> 39 
39 --> 40 
40 --> 41 
41 --> 42 
42 --> 43 
43 --> 44 
44 --> 45 
45 --> 46 
46 --> 47 
47 --> 48 
48 --> 49 
49 --> 50 
50 --> 51 
51 --> 52 
52 --> 53 
53 --> 54 
54 --> 55 
55 --> 56 
56 --> 57 
57 --> 58 
58 --> 59 
59 --> 60 
60 --> 61 
61 --> 62 
62 --> 63 
63 --> 64 
64 --> 65 
65 --> 66 
66 --> 

* FSM state operations: 

State 1 <SV = 0> <Delay = 1.23>
ST_1 : Operation 67 [1/1] (0.00ns)   --->   "%x_addr = getelementptr i8 %x, i64 0, i64 0" [awn_int8.cpp:182]   --->   Operation 67 'getelementptr' 'x_addr' <Predicate = true> <Delay = 0.00>
ST_1 : Operation 68 [2/2] (1.23ns)   --->   "%x_load = load i7 %x_addr" [awn_int8.cpp:182]   --->   Operation 68 'load' 'x_load' <Predicate = true> <Delay = 1.23> <CoreInst = "RAM">   --->   Core 83 'RAM' <Latency = 1> <II = 1> <Delay = 1.23> <Storage> <Opcode : 'load' 'store'> <Ports = 2> <Width = 8> <Depth = 128> <RAM>
ST_1 : Operation 69 [1/1] (0.00ns)   --->   "%x_addr_1 = getelementptr i8 %x, i64 0, i64 1"   --->   Operation 69 'getelementptr' 'x_addr_1' <Predicate = true> <Delay = 0.00>
ST_1 : Operation 70 [2/2] (1.23ns)   --->   "%x_load_1 = load i7 %x_addr_1"   --->   Operation 70 'load' 'x_load_1' <Predicate = true> <Delay = 1.23> <CoreInst = "RAM">   --->   Core 83 'RAM' <Latency = 1> <II = 1> <Delay = 1.23> <Storage> <Opcode : 'load' 'store'> <Ports = 2> <Width = 8> <Depth = 128> <RAM>

State 2 <SV = 1> <Delay = 1.23>
ST_2 : Operation 71 [1/2] (1.23ns)   --->   "%x_load = load i7 %x_addr" [awn_int8.cpp:182]   --->   Operation 71 'load' 'x_load' <Predicate = true> <Delay = 1.23> <CoreInst = "RAM">   --->   Core 83 'RAM' <Latency = 1> <II = 1> <Delay = 1.23> <Storage> <Opcode : 'load' 'store'> <Ports = 2> <Width = 8> <Depth = 128> <RAM>
ST_2 : Operation 72 [1/2] (1.23ns)   --->   "%x_load_1 = load i7 %x_addr_1"   --->   Operation 72 'load' 'x_load_1' <Predicate = true> <Delay = 1.23> <CoreInst = "RAM">   --->   Core 83 'RAM' <Latency = 1> <II = 1> <Delay = 1.23> <Storage> <Opcode : 'load' 'store'> <Ports = 2> <Width = 8> <Depth = 128> <RAM>
ST_2 : Operation 73 [1/1] (0.00ns)   --->   "%x_addr_2 = getelementptr i8 %x, i64 0, i64 2"   --->   Operation 73 'getelementptr' 'x_addr_2' <Predicate = true> <Delay = 0.00>
ST_2 : Operation 74 [2/2] (1.23ns)   --->   "%x_load_2 = load i7 %x_addr_2"   --->   Operation 74 'load' 'x_load_2' <Predicate = true> <Delay = 1.23> <CoreInst = "RAM">   --->   Core 83 'RAM' <Latency = 1> <II = 1> <Delay = 1.23> <Storage> <Opcode : 'load' 'store'> <Ports = 2> <Width = 8> <Depth = 128> <RAM>
ST_2 : Operation 75 [1/1] (0.00ns)   --->   "%x_addr_3 = getelementptr i8 %x, i64 0, i64 3"   --->   Operation 75 'getelementptr' 'x_addr_3' <Predicate = true> <Delay = 0.00>
ST_2 : Operation 76 [2/2] (1.23ns)   --->   "%x_load_3 = load i7 %x_addr_3"   --->   Operation 76 'load' 'x_load_3' <Predicate = true> <Delay = 1.23> <CoreInst = "RAM">   --->   Core 83 'RAM' <Latency = 1> <II = 1> <Delay = 1.23> <Storage> <Opcode : 'load' 'store'> <Ports = 2> <Width = 8> <Depth = 128> <RAM>

State 3 <SV = 2> <Delay = 1.23>
ST_3 : Operation 77 [1/2] (1.23ns)   --->   "%x_load_2 = load i7 %x_addr_2"   --->   Operation 77 'load' 'x_load_2' <Predicate = true> <Delay = 1.23> <CoreInst = "RAM">   --->   Core 83 'RAM' <Latency = 1> <II = 1> <Delay = 1.23> <Storage> <Opcode : 'load' 'store'> <Ports = 2> <Width = 8> <Depth = 128> <RAM>
ST_3 : Operation 78 [1/2] (1.23ns)   --->   "%x_load_3 = load i7 %x_addr_3"   --->   Operation 78 'load' 'x_load_3' <Predicate = true> <Delay = 1.23> <CoreInst = "RAM">   --->   Core 83 'RAM' <Latency = 1> <II = 1> <Delay = 1.23> <Storage> <Opcode : 'load' 'store'> <Ports = 2> <Width = 8> <Depth = 128> <RAM>
ST_3 : Operation 79 [1/1] (0.00ns)   --->   "%x_addr_4 = getelementptr i8 %x, i64 0, i64 4"   --->   Operation 79 'getelementptr' 'x_addr_4' <Predicate = true> <Delay = 0.00>
ST_3 : Operation 80 [2/2] (1.23ns)   --->   "%x_load_4 = load i7 %x_addr_4"   --->   Operation 80 'load' 'x_load_4' <Predicate = true> <Delay = 1.23> <CoreInst = "RAM">   --->   Core 83 'RAM' <Latency = 1> <II = 1> <Delay = 1.23> <Storage> <Opcode : 'load' 'store'> <Ports = 2> <Width = 8> <Depth = 128> <RAM>
ST_3 : Operation 81 [1/1] (0.00ns)   --->   "%x_addr_5 = getelementptr i8 %x, i64 0, i64 5"   --->   Operation 81 'getelementptr' 'x_addr_5' <Predicate = true> <Delay = 0.00>
ST_3 : Operation 82 [2/2] (1.23ns)   --->   "%x_load_5 = load i7 %x_addr_5"   --->   Operation 82 'load' 'x_load_5' <Predicate = true> <Delay = 1.23> <CoreInst = "RAM">   --->   Core 83 'RAM' <Latency = 1> <II = 1> <Delay = 1.23> <Storage> <Opcode : 'load' 'store'> <Ports = 2> <Width = 8> <Depth = 128> <RAM>

State 4 <SV = 3> <Delay = 1.23>
ST_4 : Operation 83 [1/2] (1.23ns)   --->   "%x_load_4 = load i7 %x_addr_4"   --->   Operation 83 'load' 'x_load_4' <Predicate = true> <Delay = 1.23> <CoreInst = "RAM">   --->   Core 83 'RAM' <Latency = 1> <II = 1> <Delay = 1.23> <Storage> <Opcode : 'load' 'store'> <Ports = 2> <Width = 8> <Depth = 128> <RAM>
ST_4 : Operation 84 [1/2] (1.23ns)   --->   "%x_load_5 = load i7 %x_addr_5"   --->   Operation 84 'load' 'x_load_5' <Predicate = true> <Delay = 1.23> <CoreInst = "RAM">   --->   Core 83 'RAM' <Latency = 1> <II = 1> <Delay = 1.23> <Storage> <Opcode : 'load' 'store'> <Ports = 2> <Width = 8> <Depth = 128> <RAM>
ST_4 : Operation 85 [1/1] (0.00ns)   --->   "%x_addr_6 = getelementptr i8 %x, i64 0, i64 6"   --->   Operation 85 'getelementptr' 'x_addr_6' <Predicate = true> <Delay = 0.00>
ST_4 : Operation 86 [2/2] (1.23ns)   --->   "%x_load_6 = load i7 %x_addr_6"   --->   Operation 86 'load' 'x_load_6' <Predicate = true> <Delay = 1.23> <CoreInst = "RAM">   --->   Core 83 'RAM' <Latency = 1> <II = 1> <Delay = 1.23> <Storage> <Opcode : 'load' 'store'> <Ports = 2> <Width = 8> <Depth = 128> <RAM>
ST_4 : Operation 87 [1/1] (0.00ns)   --->   "%x_addr_7 = getelementptr i8 %x, i64 0, i64 7"   --->   Operation 87 'getelementptr' 'x_addr_7' <Predicate = true> <Delay = 0.00>
ST_4 : Operation 88 [2/2] (1.23ns)   --->   "%x_load_7 = load i7 %x_addr_7"   --->   Operation 88 'load' 'x_load_7' <Predicate = true> <Delay = 1.23> <CoreInst = "RAM">   --->   Core 83 'RAM' <Latency = 1> <II = 1> <Delay = 1.23> <Storage> <Opcode : 'load' 'store'> <Ports = 2> <Width = 8> <Depth = 128> <RAM>

State 5 <SV = 4> <Delay = 1.23>
ST_5 : Operation 89 [1/2] (1.23ns)   --->   "%x_load_6 = load i7 %x_addr_6"   --->   Operation 89 'load' 'x_load_6' <Predicate = true> <Delay = 1.23> <CoreInst = "RAM">   --->   Core 83 'RAM' <Latency = 1> <II = 1> <Delay = 1.23> <Storage> <Opcode : 'load' 'store'> <Ports = 2> <Width = 8> <Depth = 128> <RAM>
ST_5 : Operation 90 [1/2] (1.23ns)   --->   "%x_load_7 = load i7 %x_addr_7"   --->   Operation 90 'load' 'x_load_7' <Predicate = true> <Delay = 1.23> <CoreInst = "RAM">   --->   Core 83 'RAM' <Latency = 1> <II = 1> <Delay = 1.23> <Storage> <Opcode : 'load' 'store'> <Ports = 2> <Width = 8> <Depth = 128> <RAM>
ST_5 : Operation 91 [1/1] (0.00ns)   --->   "%x_addr_8 = getelementptr i8 %x, i64 0, i64 8"   --->   Operation 91 'getelementptr' 'x_addr_8' <Predicate = true> <Delay = 0.00>
ST_5 : Operation 92 [2/2] (1.23ns)   --->   "%x_load_8 = load i7 %x_addr_8"   --->   Operation 92 'load' 'x_load_8' <Predicate = true> <Delay = 1.23> <CoreInst = "RAM">   --->   Core 83 'RAM' <Latency = 1> <II = 1> <Delay = 1.23> <Storage> <Opcode : 'load' 'store'> <Ports = 2> <Width = 8> <Depth = 128> <RAM>
ST_5 : Operation 93 [1/1] (0.00ns)   --->   "%x_addr_9 = getelementptr i8 %x, i64 0, i64 9"   --->   Operation 93 'getelementptr' 'x_addr_9' <Predicate = true> <Delay = 0.00>
ST_5 : Operation 94 [2/2] (1.23ns)   --->   "%x_load_9 = load i7 %x_addr_9"   --->   Operation 94 'load' 'x_load_9' <Predicate = true> <Delay = 1.23> <CoreInst = "RAM">   --->   Core 83 'RAM' <Latency = 1> <II = 1> <Delay = 1.23> <Storage> <Opcode : 'load' 'store'> <Ports = 2> <Width = 8> <Depth = 128> <RAM>

State 6 <SV = 5> <Delay = 1.23>
ST_6 : Operation 95 [1/2] (1.23ns)   --->   "%x_load_8 = load i7 %x_addr_8"   --->   Operation 95 'load' 'x_load_8' <Predicate = true> <Delay = 1.23> <CoreInst = "RAM">   --->   Core 83 'RAM' <Latency = 1> <II = 1> <Delay = 1.23> <Storage> <Opcode : 'load' 'store'> <Ports = 2> <Width = 8> <Depth = 128> <RAM>
ST_6 : Operation 96 [1/2] (1.23ns)   --->   "%x_load_9 = load i7 %x_addr_9"   --->   Operation 96 'load' 'x_load_9' <Predicate = true> <Delay = 1.23> <CoreInst = "RAM">   --->   Core 83 'RAM' <Latency = 1> <II = 1> <Delay = 1.23> <Storage> <Opcode : 'load' 'store'> <Ports = 2> <Width = 8> <Depth = 128> <RAM>
ST_6 : Operation 97 [1/1] (0.00ns)   --->   "%x_addr_10 = getelementptr i8 %x, i64 0, i64 10"   --->   Operation 97 'getelementptr' 'x_addr_10' <Predicate = true> <Delay = 0.00>
ST_6 : Operation 98 [2/2] (1.23ns)   --->   "%x_load_10 = load i7 %x_addr_10"   --->   Operation 98 'load' 'x_load_10' <Predicate = true> <Delay = 1.23> <CoreInst = "RAM">   --->   Core 83 'RAM' <Latency = 1> <II = 1> <Delay = 1.23> <Storage> <Opcode : 'load' 'store'> <Ports = 2> <Width = 8> <Depth = 128> <RAM>
ST_6 : Operation 99 [1/1] (0.00ns)   --->   "%x_addr_11 = getelementptr i8 %x, i64 0, i64 11"   --->   Operation 99 'getelementptr' 'x_addr_11' <Predicate = true> <Delay = 0.00>
ST_6 : Operation 100 [2/2] (1.23ns)   --->   "%x_load_11 = load i7 %x_addr_11"   --->   Operation 100 'load' 'x_load_11' <Predicate = true> <Delay = 1.23> <CoreInst = "RAM">   --->   Core 83 'RAM' <Latency = 1> <II = 1> <Delay = 1.23> <Storage> <Opcode : 'load' 'store'> <Ports = 2> <Width = 8> <Depth = 128> <RAM>

State 7 <SV = 6> <Delay = 1.23>
ST_7 : Operation 101 [1/2] (1.23ns)   --->   "%x_load_10 = load i7 %x_addr_10"   --->   Operation 101 'load' 'x_load_10' <Predicate = true> <Delay = 1.23> <CoreInst = "RAM">   --->   Core 83 'RAM' <Latency = 1> <II = 1> <Delay = 1.23> <Storage> <Opcode : 'load' 'store'> <Ports = 2> <Width = 8> <Depth = 128> <RAM>
ST_7 : Operation 102 [1/2] (1.23ns)   --->   "%x_load_11 = load i7 %x_addr_11"   --->   Operation 102 'load' 'x_load_11' <Predicate = true> <Delay = 1.23> <CoreInst = "RAM">   --->   Core 83 'RAM' <Latency = 1> <II = 1> <Delay = 1.23> <Storage> <Opcode : 'load' 'store'> <Ports = 2> <Width = 8> <Depth = 128> <RAM>
ST_7 : Operation 103 [1/1] (0.00ns)   --->   "%x_addr_12 = getelementptr i8 %x, i64 0, i64 12"   --->   Operation 103 'getelementptr' 'x_addr_12' <Predicate = true> <Delay = 0.00>
ST_7 : Operation 104 [2/2] (1.23ns)   --->   "%x_load_12 = load i7 %x_addr_12"   --->   Operation 104 'load' 'x_load_12' <Predicate = true> <Delay = 1.23> <CoreInst = "RAM">   --->   Core 83 'RAM' <Latency = 1> <II = 1> <Delay = 1.23> <Storage> <Opcode : 'load' 'store'> <Ports = 2> <Width = 8> <Depth = 128> <RAM>
ST_7 : Operation 105 [1/1] (0.00ns)   --->   "%x_addr_13 = getelementptr i8 %x, i64 0, i64 13"   --->   Operation 105 'getelementptr' 'x_addr_13' <Predicate = true> <Delay = 0.00>
ST_7 : Operation 106 [2/2] (1.23ns)   --->   "%x_load_13 = load i7 %x_addr_13"   --->   Operation 106 'load' 'x_load_13' <Predicate = true> <Delay = 1.23> <CoreInst = "RAM">   --->   Core 83 'RAM' <Latency = 1> <II = 1> <Delay = 1.23> <Storage> <Opcode : 'load' 'store'> <Ports = 2> <Width = 8> <Depth = 128> <RAM>

State 8 <SV = 7> <Delay = 1.23>
ST_8 : Operation 107 [1/2] (1.23ns)   --->   "%x_load_12 = load i7 %x_addr_12"   --->   Operation 107 'load' 'x_load_12' <Predicate = true> <Delay = 1.23> <CoreInst = "RAM">   --->   Core 83 'RAM' <Latency = 1> <II = 1> <Delay = 1.23> <Storage> <Opcode : 'load' 'store'> <Ports = 2> <Width = 8> <Depth = 128> <RAM>
ST_8 : Operation 108 [1/2] (1.23ns)   --->   "%x_load_13 = load i7 %x_addr_13"   --->   Operation 108 'load' 'x_load_13' <Predicate = true> <Delay = 1.23> <CoreInst = "RAM">   --->   Core 83 'RAM' <Latency = 1> <II = 1> <Delay = 1.23> <Storage> <Opcode : 'load' 'store'> <Ports = 2> <Width = 8> <Depth = 128> <RAM>
ST_8 : Operation 109 [1/1] (0.00ns)   --->   "%x_addr_14 = getelementptr i8 %x, i64 0, i64 14"   --->   Operation 109 'getelementptr' 'x_addr_14' <Predicate = true> <Delay = 0.00>
ST_8 : Operation 110 [2/2] (1.23ns)   --->   "%x_load_14 = load i7 %x_addr_14"   --->   Operation 110 'load' 'x_load_14' <Predicate = true> <Delay = 1.23> <CoreInst = "RAM">   --->   Core 83 'RAM' <Latency = 1> <II = 1> <Delay = 1.23> <Storage> <Opcode : 'load' 'store'> <Ports = 2> <Width = 8> <Depth = 128> <RAM>
ST_8 : Operation 111 [1/1] (0.00ns)   --->   "%x_addr_15 = getelementptr i8 %x, i64 0, i64 15"   --->   Operation 111 'getelementptr' 'x_addr_15' <Predicate = true> <Delay = 0.00>
ST_8 : Operation 112 [2/2] (1.23ns)   --->   "%x_load_15 = load i7 %x_addr_15"   --->   Operation 112 'load' 'x_load_15' <Predicate = true> <Delay = 1.23> <CoreInst = "RAM">   --->   Core 83 'RAM' <Latency = 1> <II = 1> <Delay = 1.23> <Storage> <Opcode : 'load' 'store'> <Ports = 2> <Width = 8> <Depth = 128> <RAM>

State 9 <SV = 8> <Delay = 1.23>
ST_9 : Operation 113 [1/2] (1.23ns)   --->   "%x_load_14 = load i7 %x_addr_14"   --->   Operation 113 'load' 'x_load_14' <Predicate = true> <Delay = 1.23> <CoreInst = "RAM">   --->   Core 83 'RAM' <Latency = 1> <II = 1> <Delay = 1.23> <Storage> <Opcode : 'load' 'store'> <Ports = 2> <Width = 8> <Depth = 128> <RAM>
ST_9 : Operation 114 [1/2] (1.23ns)   --->   "%x_load_15 = load i7 %x_addr_15"   --->   Operation 114 'load' 'x_load_15' <Predicate = true> <Delay = 1.23> <CoreInst = "RAM">   --->   Core 83 'RAM' <Latency = 1> <II = 1> <Delay = 1.23> <Storage> <Opcode : 'load' 'store'> <Ports = 2> <Width = 8> <Depth = 128> <RAM>
ST_9 : Operation 115 [1/1] (0.00ns)   --->   "%x_addr_16 = getelementptr i8 %x, i64 0, i64 16"   --->   Operation 115 'getelementptr' 'x_addr_16' <Predicate = true> <Delay = 0.00>
ST_9 : Operation 116 [2/2] (1.23ns)   --->   "%x_load_16 = load i7 %x_addr_16"   --->   Operation 116 'load' 'x_load_16' <Predicate = true> <Delay = 1.23> <CoreInst = "RAM">   --->   Core 83 'RAM' <Latency = 1> <II = 1> <Delay = 1.23> <Storage> <Opcode : 'load' 'store'> <Ports = 2> <Width = 8> <Depth = 128> <RAM>
ST_9 : Operation 117 [1/1] (0.00ns)   --->   "%x_addr_17 = getelementptr i8 %x, i64 0, i64 17"   --->   Operation 117 'getelementptr' 'x_addr_17' <Predicate = true> <Delay = 0.00>
ST_9 : Operation 118 [2/2] (1.23ns)   --->   "%x_load_17 = load i7 %x_addr_17"   --->   Operation 118 'load' 'x_load_17' <Predicate = true> <Delay = 1.23> <CoreInst = "RAM">   --->   Core 83 'RAM' <Latency = 1> <II = 1> <Delay = 1.23> <Storage> <Opcode : 'load' 'store'> <Ports = 2> <Width = 8> <Depth = 128> <RAM>

State 10 <SV = 9> <Delay = 1.23>
ST_10 : Operation 119 [1/2] (1.23ns)   --->   "%x_load_16 = load i7 %x_addr_16"   --->   Operation 119 'load' 'x_load_16' <Predicate = true> <Delay = 1.23> <CoreInst = "RAM">   --->   Core 83 'RAM' <Latency = 1> <II = 1> <Delay = 1.23> <Storage> <Opcode : 'load' 'store'> <Ports = 2> <Width = 8> <Depth = 128> <RAM>
ST_10 : Operation 120 [1/2] (1.23ns)   --->   "%x_load_17 = load i7 %x_addr_17"   --->   Operation 120 'load' 'x_load_17' <Predicate = true> <Delay = 1.23> <CoreInst = "RAM">   --->   Core 83 'RAM' <Latency = 1> <II = 1> <Delay = 1.23> <Storage> <Opcode : 'load' 'store'> <Ports = 2> <Width = 8> <Depth = 128> <RAM>
ST_10 : Operation 121 [1/1] (0.00ns)   --->   "%x_addr_18 = getelementptr i8 %x, i64 0, i64 18"   --->   Operation 121 'getelementptr' 'x_addr_18' <Predicate = true> <Delay = 0.00>
ST_10 : Operation 122 [2/2] (1.23ns)   --->   "%x_load_18 = load i7 %x_addr_18"   --->   Operation 122 'load' 'x_load_18' <Predicate = true> <Delay = 1.23> <CoreInst = "RAM">   --->   Core 83 'RAM' <Latency = 1> <II = 1> <Delay = 1.23> <Storage> <Opcode : 'load' 'store'> <Ports = 2> <Width = 8> <Depth = 128> <RAM>
ST_10 : Operation 123 [1/1] (0.00ns)   --->   "%x_addr_19 = getelementptr i8 %x, i64 0, i64 19"   --->   Operation 123 'getelementptr' 'x_addr_19' <Predicate = true> <Delay = 0.00>
ST_10 : Operation 124 [2/2] (1.23ns)   --->   "%x_load_19 = load i7 %x_addr_19"   --->   Operation 124 'load' 'x_load_19' <Predicate = true> <Delay = 1.23> <CoreInst = "RAM">   --->   Core 83 'RAM' <Latency = 1> <II = 1> <Delay = 1.23> <Storage> <Opcode : 'load' 'store'> <Ports = 2> <Width = 8> <Depth = 128> <RAM>

State 11 <SV = 10> <Delay = 1.23>
ST_11 : Operation 125 [1/2] (1.23ns)   --->   "%x_load_18 = load i7 %x_addr_18"   --->   Operation 125 'load' 'x_load_18' <Predicate = true> <Delay = 1.23> <CoreInst = "RAM">   --->   Core 83 'RAM' <Latency = 1> <II = 1> <Delay = 1.23> <Storage> <Opcode : 'load' 'store'> <Ports = 2> <Width = 8> <Depth = 128> <RAM>
ST_11 : Operation 126 [1/2] (1.23ns)   --->   "%x_load_19 = load i7 %x_addr_19"   --->   Operation 126 'load' 'x_load_19' <Predicate = true> <Delay = 1.23> <CoreInst = "RAM">   --->   Core 83 'RAM' <Latency = 1> <II = 1> <Delay = 1.23> <Storage> <Opcode : 'load' 'store'> <Ports = 2> <Width = 8> <Depth = 128> <RAM>
ST_11 : Operation 127 [1/1] (0.00ns)   --->   "%x_addr_20 = getelementptr i8 %x, i64 0, i64 20"   --->   Operation 127 'getelementptr' 'x_addr_20' <Predicate = true> <Delay = 0.00>
ST_11 : Operation 128 [2/2] (1.23ns)   --->   "%x_load_20 = load i7 %x_addr_20"   --->   Operation 128 'load' 'x_load_20' <Predicate = true> <Delay = 1.23> <CoreInst = "RAM">   --->   Core 83 'RAM' <Latency = 1> <II = 1> <Delay = 1.23> <Storage> <Opcode : 'load' 'store'> <Ports = 2> <Width = 8> <Depth = 128> <RAM>
ST_11 : Operation 129 [1/1] (0.00ns)   --->   "%x_addr_21 = getelementptr i8 %x, i64 0, i64 21"   --->   Operation 129 'getelementptr' 'x_addr_21' <Predicate = true> <Delay = 0.00>
ST_11 : Operation 130 [2/2] (1.23ns)   --->   "%x_load_21 = load i7 %x_addr_21"   --->   Operation 130 'load' 'x_load_21' <Predicate = true> <Delay = 1.23> <CoreInst = "RAM">   --->   Core 83 'RAM' <Latency = 1> <II = 1> <Delay = 1.23> <Storage> <Opcode : 'load' 'store'> <Ports = 2> <Width = 8> <Depth = 128> <RAM>

State 12 <SV = 11> <Delay = 1.23>
ST_12 : Operation 131 [1/2] (1.23ns)   --->   "%x_load_20 = load i7 %x_addr_20"   --->   Operation 131 'load' 'x_load_20' <Predicate = true> <Delay = 1.23> <CoreInst = "RAM">   --->   Core 83 'RAM' <Latency = 1> <II = 1> <Delay = 1.23> <Storage> <Opcode : 'load' 'store'> <Ports = 2> <Width = 8> <Depth = 128> <RAM>
ST_12 : Operation 132 [1/2] (1.23ns)   --->   "%x_load_21 = load i7 %x_addr_21"   --->   Operation 132 'load' 'x_load_21' <Predicate = true> <Delay = 1.23> <CoreInst = "RAM">   --->   Core 83 'RAM' <Latency = 1> <II = 1> <Delay = 1.23> <Storage> <Opcode : 'load' 'store'> <Ports = 2> <Width = 8> <Depth = 128> <RAM>
ST_12 : Operation 133 [1/1] (0.00ns)   --->   "%x_addr_22 = getelementptr i8 %x, i64 0, i64 22"   --->   Operation 133 'getelementptr' 'x_addr_22' <Predicate = true> <Delay = 0.00>
ST_12 : Operation 134 [2/2] (1.23ns)   --->   "%x_load_22 = load i7 %x_addr_22"   --->   Operation 134 'load' 'x_load_22' <Predicate = true> <Delay = 1.23> <CoreInst = "RAM">   --->   Core 83 'RAM' <Latency = 1> <II = 1> <Delay = 1.23> <Storage> <Opcode : 'load' 'store'> <Ports = 2> <Width = 8> <Depth = 128> <RAM>
ST_12 : Operation 135 [1/1] (0.00ns)   --->   "%x_addr_23 = getelementptr i8 %x, i64 0, i64 23"   --->   Operation 135 'getelementptr' 'x_addr_23' <Predicate = true> <Delay = 0.00>
ST_12 : Operation 136 [2/2] (1.23ns)   --->   "%x_load_23 = load i7 %x_addr_23"   --->   Operation 136 'load' 'x_load_23' <Predicate = true> <Delay = 1.23> <CoreInst = "RAM">   --->   Core 83 'RAM' <Latency = 1> <II = 1> <Delay = 1.23> <Storage> <Opcode : 'load' 'store'> <Ports = 2> <Width = 8> <Depth = 128> <RAM>

State 13 <SV = 12> <Delay = 1.23>
ST_13 : Operation 137 [1/2] (1.23ns)   --->   "%x_load_22 = load i7 %x_addr_22"   --->   Operation 137 'load' 'x_load_22' <Predicate = true> <Delay = 1.23> <CoreInst = "RAM">   --->   Core 83 'RAM' <Latency = 1> <II = 1> <Delay = 1.23> <Storage> <Opcode : 'load' 'store'> <Ports = 2> <Width = 8> <Depth = 128> <RAM>
ST_13 : Operation 138 [1/2] (1.23ns)   --->   "%x_load_23 = load i7 %x_addr_23"   --->   Operation 138 'load' 'x_load_23' <Predicate = true> <Delay = 1.23> <CoreInst = "RAM">   --->   Core 83 'RAM' <Latency = 1> <II = 1> <Delay = 1.23> <Storage> <Opcode : 'load' 'store'> <Ports = 2> <Width = 8> <Depth = 128> <RAM>
ST_13 : Operation 139 [1/1] (0.00ns)   --->   "%x_addr_24 = getelementptr i8 %x, i64 0, i64 24"   --->   Operation 139 'getelementptr' 'x_addr_24' <Predicate = true> <Delay = 0.00>
ST_13 : Operation 140 [2/2] (1.23ns)   --->   "%x_load_24 = load i7 %x_addr_24"   --->   Operation 140 'load' 'x_load_24' <Predicate = true> <Delay = 1.23> <CoreInst = "RAM">   --->   Core 83 'RAM' <Latency = 1> <II = 1> <Delay = 1.23> <Storage> <Opcode : 'load' 'store'> <Ports = 2> <Width = 8> <Depth = 128> <RAM>
ST_13 : Operation 141 [1/1] (0.00ns)   --->   "%x_addr_25 = getelementptr i8 %x, i64 0, i64 25"   --->   Operation 141 'getelementptr' 'x_addr_25' <Predicate = true> <Delay = 0.00>
ST_13 : Operation 142 [2/2] (1.23ns)   --->   "%x_load_25 = load i7 %x_addr_25"   --->   Operation 142 'load' 'x_load_25' <Predicate = true> <Delay = 1.23> <CoreInst = "RAM">   --->   Core 83 'RAM' <Latency = 1> <II = 1> <Delay = 1.23> <Storage> <Opcode : 'load' 'store'> <Ports = 2> <Width = 8> <Depth = 128> <RAM>

State 14 <SV = 13> <Delay = 1.23>
ST_14 : Operation 143 [1/2] (1.23ns)   --->   "%x_load_24 = load i7 %x_addr_24"   --->   Operation 143 'load' 'x_load_24' <Predicate = true> <Delay = 1.23> <CoreInst = "RAM">   --->   Core 83 'RAM' <Latency = 1> <II = 1> <Delay = 1.23> <Storage> <Opcode : 'load' 'store'> <Ports = 2> <Width = 8> <Depth = 128> <RAM>
ST_14 : Operation 144 [1/2] (1.23ns)   --->   "%x_load_25 = load i7 %x_addr_25"   --->   Operation 144 'load' 'x_load_25' <Predicate = true> <Delay = 1.23> <CoreInst = "RAM">   --->   Core 83 'RAM' <Latency = 1> <II = 1> <Delay = 1.23> <Storage> <Opcode : 'load' 'store'> <Ports = 2> <Width = 8> <Depth = 128> <RAM>
ST_14 : Operation 145 [1/1] (0.00ns)   --->   "%x_addr_26 = getelementptr i8 %x, i64 0, i64 26"   --->   Operation 145 'getelementptr' 'x_addr_26' <Predicate = true> <Delay = 0.00>
ST_14 : Operation 146 [2/2] (1.23ns)   --->   "%x_load_26 = load i7 %x_addr_26"   --->   Operation 146 'load' 'x_load_26' <Predicate = true> <Delay = 1.23> <CoreInst = "RAM">   --->   Core 83 'RAM' <Latency = 1> <II = 1> <Delay = 1.23> <Storage> <Opcode : 'load' 'store'> <Ports = 2> <Width = 8> <Depth = 128> <RAM>
ST_14 : Operation 147 [1/1] (0.00ns)   --->   "%x_addr_27 = getelementptr i8 %x, i64 0, i64 27"   --->   Operation 147 'getelementptr' 'x_addr_27' <Predicate = true> <Delay = 0.00>
ST_14 : Operation 148 [2/2] (1.23ns)   --->   "%x_load_27 = load i7 %x_addr_27"   --->   Operation 148 'load' 'x_load_27' <Predicate = true> <Delay = 1.23> <CoreInst = "RAM">   --->   Core 83 'RAM' <Latency = 1> <II = 1> <Delay = 1.23> <Storage> <Opcode : 'load' 'store'> <Ports = 2> <Width = 8> <Depth = 128> <RAM>

State 15 <SV = 14> <Delay = 1.23>
ST_15 : Operation 149 [1/2] (1.23ns)   --->   "%x_load_26 = load i7 %x_addr_26"   --->   Operation 149 'load' 'x_load_26' <Predicate = true> <Delay = 1.23> <CoreInst = "RAM">   --->   Core 83 'RAM' <Latency = 1> <II = 1> <Delay = 1.23> <Storage> <Opcode : 'load' 'store'> <Ports = 2> <Width = 8> <Depth = 128> <RAM>
ST_15 : Operation 150 [1/2] (1.23ns)   --->   "%x_load_27 = load i7 %x_addr_27"   --->   Operation 150 'load' 'x_load_27' <Predicate = true> <Delay = 1.23> <CoreInst = "RAM">   --->   Core 83 'RAM' <Latency = 1> <II = 1> <Delay = 1.23> <Storage> <Opcode : 'load' 'store'> <Ports = 2> <Width = 8> <Depth = 128> <RAM>
ST_15 : Operation 151 [1/1] (0.00ns)   --->   "%x_addr_28 = getelementptr i8 %x, i64 0, i64 28"   --->   Operation 151 'getelementptr' 'x_addr_28' <Predicate = true> <Delay = 0.00>
ST_15 : Operation 152 [2/2] (1.23ns)   --->   "%x_load_28 = load i7 %x_addr_28"   --->   Operation 152 'load' 'x_load_28' <Predicate = true> <Delay = 1.23> <CoreInst = "RAM">   --->   Core 83 'RAM' <Latency = 1> <II = 1> <Delay = 1.23> <Storage> <Opcode : 'load' 'store'> <Ports = 2> <Width = 8> <Depth = 128> <RAM>
ST_15 : Operation 153 [1/1] (0.00ns)   --->   "%x_addr_29 = getelementptr i8 %x, i64 0, i64 29"   --->   Operation 153 'getelementptr' 'x_addr_29' <Predicate = true> <Delay = 0.00>
ST_15 : Operation 154 [2/2] (1.23ns)   --->   "%x_load_29 = load i7 %x_addr_29"   --->   Operation 154 'load' 'x_load_29' <Predicate = true> <Delay = 1.23> <CoreInst = "RAM">   --->   Core 83 'RAM' <Latency = 1> <II = 1> <Delay = 1.23> <Storage> <Opcode : 'load' 'store'> <Ports = 2> <Width = 8> <Depth = 128> <RAM>

State 16 <SV = 15> <Delay = 1.23>
ST_16 : Operation 155 [1/2] (1.23ns)   --->   "%x_load_28 = load i7 %x_addr_28"   --->   Operation 155 'load' 'x_load_28' <Predicate = true> <Delay = 1.23> <CoreInst = "RAM">   --->   Core 83 'RAM' <Latency = 1> <II = 1> <Delay = 1.23> <Storage> <Opcode : 'load' 'store'> <Ports = 2> <Width = 8> <Depth = 128> <RAM>
ST_16 : Operation 156 [1/2] (1.23ns)   --->   "%x_load_29 = load i7 %x_addr_29"   --->   Operation 156 'load' 'x_load_29' <Predicate = true> <Delay = 1.23> <CoreInst = "RAM">   --->   Core 83 'RAM' <Latency = 1> <II = 1> <Delay = 1.23> <Storage> <Opcode : 'load' 'store'> <Ports = 2> <Width = 8> <Depth = 128> <RAM>
ST_16 : Operation 157 [1/1] (0.00ns)   --->   "%x_addr_30 = getelementptr i8 %x, i64 0, i64 30"   --->   Operation 157 'getelementptr' 'x_addr_30' <Predicate = true> <Delay = 0.00>
ST_16 : Operation 158 [2/2] (1.23ns)   --->   "%x_load_30 = load i7 %x_addr_30"   --->   Operation 158 'load' 'x_load_30' <Predicate = true> <Delay = 1.23> <CoreInst = "RAM">   --->   Core 83 'RAM' <Latency = 1> <II = 1> <Delay = 1.23> <Storage> <Opcode : 'load' 'store'> <Ports = 2> <Width = 8> <Depth = 128> <RAM>
ST_16 : Operation 159 [1/1] (0.00ns)   --->   "%x_addr_31 = getelementptr i8 %x, i64 0, i64 31"   --->   Operation 159 'getelementptr' 'x_addr_31' <Predicate = true> <Delay = 0.00>
ST_16 : Operation 160 [2/2] (1.23ns)   --->   "%x_load_31 = load i7 %x_addr_31"   --->   Operation 160 'load' 'x_load_31' <Predicate = true> <Delay = 1.23> <CoreInst = "RAM">   --->   Core 83 'RAM' <Latency = 1> <II = 1> <Delay = 1.23> <Storage> <Opcode : 'load' 'store'> <Ports = 2> <Width = 8> <Depth = 128> <RAM>

State 17 <SV = 16> <Delay = 1.23>
ST_17 : Operation 161 [1/2] (1.23ns)   --->   "%x_load_30 = load i7 %x_addr_30"   --->   Operation 161 'load' 'x_load_30' <Predicate = true> <Delay = 1.23> <CoreInst = "RAM">   --->   Core 83 'RAM' <Latency = 1> <II = 1> <Delay = 1.23> <Storage> <Opcode : 'load' 'store'> <Ports = 2> <Width = 8> <Depth = 128> <RAM>
ST_17 : Operation 162 [1/2] (1.23ns)   --->   "%x_load_31 = load i7 %x_addr_31"   --->   Operation 162 'load' 'x_load_31' <Predicate = true> <Delay = 1.23> <CoreInst = "RAM">   --->   Core 83 'RAM' <Latency = 1> <II = 1> <Delay = 1.23> <Storage> <Opcode : 'load' 'store'> <Ports = 2> <Width = 8> <Depth = 128> <RAM>
ST_17 : Operation 163 [1/1] (0.00ns)   --->   "%x_addr_32 = getelementptr i8 %x, i64 0, i64 32"   --->   Operation 163 'getelementptr' 'x_addr_32' <Predicate = true> <Delay = 0.00>
ST_17 : Operation 164 [2/2] (1.23ns)   --->   "%x_load_32 = load i7 %x_addr_32"   --->   Operation 164 'load' 'x_load_32' <Predicate = true> <Delay = 1.23> <CoreInst = "RAM">   --->   Core 83 'RAM' <Latency = 1> <II = 1> <Delay = 1.23> <Storage> <Opcode : 'load' 'store'> <Ports = 2> <Width = 8> <Depth = 128> <RAM>
ST_17 : Operation 165 [1/1] (0.00ns)   --->   "%x_addr_33 = getelementptr i8 %x, i64 0, i64 33"   --->   Operation 165 'getelementptr' 'x_addr_33' <Predicate = true> <Delay = 0.00>
ST_17 : Operation 166 [2/2] (1.23ns)   --->   "%x_load_33 = load i7 %x_addr_33"   --->   Operation 166 'load' 'x_load_33' <Predicate = true> <Delay = 1.23> <CoreInst = "RAM">   --->   Core 83 'RAM' <Latency = 1> <II = 1> <Delay = 1.23> <Storage> <Opcode : 'load' 'store'> <Ports = 2> <Width = 8> <Depth = 128> <RAM>

State 18 <SV = 17> <Delay = 1.23>
ST_18 : Operation 167 [1/2] (1.23ns)   --->   "%x_load_32 = load i7 %x_addr_32"   --->   Operation 167 'load' 'x_load_32' <Predicate = true> <Delay = 1.23> <CoreInst = "RAM">   --->   Core 83 'RAM' <Latency = 1> <II = 1> <Delay = 1.23> <Storage> <Opcode : 'load' 'store'> <Ports = 2> <Width = 8> <Depth = 128> <RAM>
ST_18 : Operation 168 [1/2] (1.23ns)   --->   "%x_load_33 = load i7 %x_addr_33"   --->   Operation 168 'load' 'x_load_33' <Predicate = true> <Delay = 1.23> <CoreInst = "RAM">   --->   Core 83 'RAM' <Latency = 1> <II = 1> <Delay = 1.23> <Storage> <Opcode : 'load' 'store'> <Ports = 2> <Width = 8> <Depth = 128> <RAM>
ST_18 : Operation 169 [1/1] (0.00ns)   --->   "%x_addr_34 = getelementptr i8 %x, i64 0, i64 34"   --->   Operation 169 'getelementptr' 'x_addr_34' <Predicate = true> <Delay = 0.00>
ST_18 : Operation 170 [2/2] (1.23ns)   --->   "%x_load_34 = load i7 %x_addr_34"   --->   Operation 170 'load' 'x_load_34' <Predicate = true> <Delay = 1.23> <CoreInst = "RAM">   --->   Core 83 'RAM' <Latency = 1> <II = 1> <Delay = 1.23> <Storage> <Opcode : 'load' 'store'> <Ports = 2> <Width = 8> <Depth = 128> <RAM>
ST_18 : Operation 171 [1/1] (0.00ns)   --->   "%x_addr_35 = getelementptr i8 %x, i64 0, i64 35"   --->   Operation 171 'getelementptr' 'x_addr_35' <Predicate = true> <Delay = 0.00>
ST_18 : Operation 172 [2/2] (1.23ns)   --->   "%x_load_35 = load i7 %x_addr_35"   --->   Operation 172 'load' 'x_load_35' <Predicate = true> <Delay = 1.23> <CoreInst = "RAM">   --->   Core 83 'RAM' <Latency = 1> <II = 1> <Delay = 1.23> <Storage> <Opcode : 'load' 'store'> <Ports = 2> <Width = 8> <Depth = 128> <RAM>

State 19 <SV = 18> <Delay = 1.23>
ST_19 : Operation 173 [1/2] (1.23ns)   --->   "%x_load_34 = load i7 %x_addr_34"   --->   Operation 173 'load' 'x_load_34' <Predicate = true> <Delay = 1.23> <CoreInst = "RAM">   --->   Core 83 'RAM' <Latency = 1> <II = 1> <Delay = 1.23> <Storage> <Opcode : 'load' 'store'> <Ports = 2> <Width = 8> <Depth = 128> <RAM>
ST_19 : Operation 174 [1/2] (1.23ns)   --->   "%x_load_35 = load i7 %x_addr_35"   --->   Operation 174 'load' 'x_load_35' <Predicate = true> <Delay = 1.23> <CoreInst = "RAM">   --->   Core 83 'RAM' <Latency = 1> <II = 1> <Delay = 1.23> <Storage> <Opcode : 'load' 'store'> <Ports = 2> <Width = 8> <Depth = 128> <RAM>
ST_19 : Operation 175 [1/1] (0.00ns)   --->   "%x_addr_36 = getelementptr i8 %x, i64 0, i64 36"   --->   Operation 175 'getelementptr' 'x_addr_36' <Predicate = true> <Delay = 0.00>
ST_19 : Operation 176 [2/2] (1.23ns)   --->   "%x_load_36 = load i7 %x_addr_36"   --->   Operation 176 'load' 'x_load_36' <Predicate = true> <Delay = 1.23> <CoreInst = "RAM">   --->   Core 83 'RAM' <Latency = 1> <II = 1> <Delay = 1.23> <Storage> <Opcode : 'load' 'store'> <Ports = 2> <Width = 8> <Depth = 128> <RAM>
ST_19 : Operation 177 [1/1] (0.00ns)   --->   "%x_addr_37 = getelementptr i8 %x, i64 0, i64 37"   --->   Operation 177 'getelementptr' 'x_addr_37' <Predicate = true> <Delay = 0.00>
ST_19 : Operation 178 [2/2] (1.23ns)   --->   "%x_load_37 = load i7 %x_addr_37"   --->   Operation 178 'load' 'x_load_37' <Predicate = true> <Delay = 1.23> <CoreInst = "RAM">   --->   Core 83 'RAM' <Latency = 1> <II = 1> <Delay = 1.23> <Storage> <Opcode : 'load' 'store'> <Ports = 2> <Width = 8> <Depth = 128> <RAM>

State 20 <SV = 19> <Delay = 1.23>
ST_20 : Operation 179 [1/2] (1.23ns)   --->   "%x_load_36 = load i7 %x_addr_36"   --->   Operation 179 'load' 'x_load_36' <Predicate = true> <Delay = 1.23> <CoreInst = "RAM">   --->   Core 83 'RAM' <Latency = 1> <II = 1> <Delay = 1.23> <Storage> <Opcode : 'load' 'store'> <Ports = 2> <Width = 8> <Depth = 128> <RAM>
ST_20 : Operation 180 [1/2] (1.23ns)   --->   "%x_load_37 = load i7 %x_addr_37"   --->   Operation 180 'load' 'x_load_37' <Predicate = true> <Delay = 1.23> <CoreInst = "RAM">   --->   Core 83 'RAM' <Latency = 1> <II = 1> <Delay = 1.23> <Storage> <Opcode : 'load' 'store'> <Ports = 2> <Width = 8> <Depth = 128> <RAM>
ST_20 : Operation 181 [1/1] (0.00ns)   --->   "%x_addr_38 = getelementptr i8 %x, i64 0, i64 38"   --->   Operation 181 'getelementptr' 'x_addr_38' <Predicate = true> <Delay = 0.00>
ST_20 : Operation 182 [2/2] (1.23ns)   --->   "%x_load_38 = load i7 %x_addr_38"   --->   Operation 182 'load' 'x_load_38' <Predicate = true> <Delay = 1.23> <CoreInst = "RAM">   --->   Core 83 'RAM' <Latency = 1> <II = 1> <Delay = 1.23> <Storage> <Opcode : 'load' 'store'> <Ports = 2> <Width = 8> <Depth = 128> <RAM>
ST_20 : Operation 183 [1/1] (0.00ns)   --->   "%x_addr_39 = getelementptr i8 %x, i64 0, i64 39"   --->   Operation 183 'getelementptr' 'x_addr_39' <Predicate = true> <Delay = 0.00>
ST_20 : Operation 184 [2/2] (1.23ns)   --->   "%x_load_39 = load i7 %x_addr_39"   --->   Operation 184 'load' 'x_load_39' <Predicate = true> <Delay = 1.23> <CoreInst = "RAM">   --->   Core 83 'RAM' <Latency = 1> <II = 1> <Delay = 1.23> <Storage> <Opcode : 'load' 'store'> <Ports = 2> <Width = 8> <Depth = 128> <RAM>

State 21 <SV = 20> <Delay = 1.23>
ST_21 : Operation 185 [1/2] (1.23ns)   --->   "%x_load_38 = load i7 %x_addr_38"   --->   Operation 185 'load' 'x_load_38' <Predicate = true> <Delay = 1.23> <CoreInst = "RAM">   --->   Core 83 'RAM' <Latency = 1> <II = 1> <Delay = 1.23> <Storage> <Opcode : 'load' 'store'> <Ports = 2> <Width = 8> <Depth = 128> <RAM>
ST_21 : Operation 186 [1/2] (1.23ns)   --->   "%x_load_39 = load i7 %x_addr_39"   --->   Operation 186 'load' 'x_load_39' <Predicate = true> <Delay = 1.23> <CoreInst = "RAM">   --->   Core 83 'RAM' <Latency = 1> <II = 1> <Delay = 1.23> <Storage> <Opcode : 'load' 'store'> <Ports = 2> <Width = 8> <Depth = 128> <RAM>
ST_21 : Operation 187 [1/1] (0.00ns)   --->   "%x_addr_40 = getelementptr i8 %x, i64 0, i64 40"   --->   Operation 187 'getelementptr' 'x_addr_40' <Predicate = true> <Delay = 0.00>
ST_21 : Operation 188 [2/2] (1.23ns)   --->   "%x_load_40 = load i7 %x_addr_40"   --->   Operation 188 'load' 'x_load_40' <Predicate = true> <Delay = 1.23> <CoreInst = "RAM">   --->   Core 83 'RAM' <Latency = 1> <II = 1> <Delay = 1.23> <Storage> <Opcode : 'load' 'store'> <Ports = 2> <Width = 8> <Depth = 128> <RAM>
ST_21 : Operation 189 [1/1] (0.00ns)   --->   "%x_addr_41 = getelementptr i8 %x, i64 0, i64 41"   --->   Operation 189 'getelementptr' 'x_addr_41' <Predicate = true> <Delay = 0.00>
ST_21 : Operation 190 [2/2] (1.23ns)   --->   "%x_load_41 = load i7 %x_addr_41"   --->   Operation 190 'load' 'x_load_41' <Predicate = true> <Delay = 1.23> <CoreInst = "RAM">   --->   Core 83 'RAM' <Latency = 1> <II = 1> <Delay = 1.23> <Storage> <Opcode : 'load' 'store'> <Ports = 2> <Width = 8> <Depth = 128> <RAM>

State 22 <SV = 21> <Delay = 1.23>
ST_22 : Operation 191 [1/2] (1.23ns)   --->   "%x_load_40 = load i7 %x_addr_40"   --->   Operation 191 'load' 'x_load_40' <Predicate = true> <Delay = 1.23> <CoreInst = "RAM">   --->   Core 83 'RAM' <Latency = 1> <II = 1> <Delay = 1.23> <Storage> <Opcode : 'load' 'store'> <Ports = 2> <Width = 8> <Depth = 128> <RAM>
ST_22 : Operation 192 [1/2] (1.23ns)   --->   "%x_load_41 = load i7 %x_addr_41"   --->   Operation 192 'load' 'x_load_41' <Predicate = true> <Delay = 1.23> <CoreInst = "RAM">   --->   Core 83 'RAM' <Latency = 1> <II = 1> <Delay = 1.23> <Storage> <Opcode : 'load' 'store'> <Ports = 2> <Width = 8> <Depth = 128> <RAM>
ST_22 : Operation 193 [1/1] (0.00ns)   --->   "%x_addr_42 = getelementptr i8 %x, i64 0, i64 42"   --->   Operation 193 'getelementptr' 'x_addr_42' <Predicate = true> <Delay = 0.00>
ST_22 : Operation 194 [2/2] (1.23ns)   --->   "%x_load_42 = load i7 %x_addr_42"   --->   Operation 194 'load' 'x_load_42' <Predicate = true> <Delay = 1.23> <CoreInst = "RAM">   --->   Core 83 'RAM' <Latency = 1> <II = 1> <Delay = 1.23> <Storage> <Opcode : 'load' 'store'> <Ports = 2> <Width = 8> <Depth = 128> <RAM>
ST_22 : Operation 195 [1/1] (0.00ns)   --->   "%x_addr_43 = getelementptr i8 %x, i64 0, i64 43"   --->   Operation 195 'getelementptr' 'x_addr_43' <Predicate = true> <Delay = 0.00>
ST_22 : Operation 196 [2/2] (1.23ns)   --->   "%x_load_43 = load i7 %x_addr_43"   --->   Operation 196 'load' 'x_load_43' <Predicate = true> <Delay = 1.23> <CoreInst = "RAM">   --->   Core 83 'RAM' <Latency = 1> <II = 1> <Delay = 1.23> <Storage> <Opcode : 'load' 'store'> <Ports = 2> <Width = 8> <Depth = 128> <RAM>

State 23 <SV = 22> <Delay = 1.23>
ST_23 : Operation 197 [1/2] (1.23ns)   --->   "%x_load_42 = load i7 %x_addr_42"   --->   Operation 197 'load' 'x_load_42' <Predicate = true> <Delay = 1.23> <CoreInst = "RAM">   --->   Core 83 'RAM' <Latency = 1> <II = 1> <Delay = 1.23> <Storage> <Opcode : 'load' 'store'> <Ports = 2> <Width = 8> <Depth = 128> <RAM>
ST_23 : Operation 198 [1/2] (1.23ns)   --->   "%x_load_43 = load i7 %x_addr_43"   --->   Operation 198 'load' 'x_load_43' <Predicate = true> <Delay = 1.23> <CoreInst = "RAM">   --->   Core 83 'RAM' <Latency = 1> <II = 1> <Delay = 1.23> <Storage> <Opcode : 'load' 'store'> <Ports = 2> <Width = 8> <Depth = 128> <RAM>
ST_23 : Operation 199 [1/1] (0.00ns)   --->   "%x_addr_44 = getelementptr i8 %x, i64 0, i64 44"   --->   Operation 199 'getelementptr' 'x_addr_44' <Predicate = true> <Delay = 0.00>
ST_23 : Operation 200 [2/2] (1.23ns)   --->   "%x_load_44 = load i7 %x_addr_44"   --->   Operation 200 'load' 'x_load_44' <Predicate = true> <Delay = 1.23> <CoreInst = "RAM">   --->   Core 83 'RAM' <Latency = 1> <II = 1> <Delay = 1.23> <Storage> <Opcode : 'load' 'store'> <Ports = 2> <Width = 8> <Depth = 128> <RAM>
ST_23 : Operation 201 [1/1] (0.00ns)   --->   "%x_addr_45 = getelementptr i8 %x, i64 0, i64 45"   --->   Operation 201 'getelementptr' 'x_addr_45' <Predicate = true> <Delay = 0.00>
ST_23 : Operation 202 [2/2] (1.23ns)   --->   "%x_load_45 = load i7 %x_addr_45"   --->   Operation 202 'load' 'x_load_45' <Predicate = true> <Delay = 1.23> <CoreInst = "RAM">   --->   Core 83 'RAM' <Latency = 1> <II = 1> <Delay = 1.23> <Storage> <Opcode : 'load' 'store'> <Ports = 2> <Width = 8> <Depth = 128> <RAM>

State 24 <SV = 23> <Delay = 1.23>
ST_24 : Operation 203 [1/2] (1.23ns)   --->   "%x_load_44 = load i7 %x_addr_44"   --->   Operation 203 'load' 'x_load_44' <Predicate = true> <Delay = 1.23> <CoreInst = "RAM">   --->   Core 83 'RAM' <Latency = 1> <II = 1> <Delay = 1.23> <Storage> <Opcode : 'load' 'store'> <Ports = 2> <Width = 8> <Depth = 128> <RAM>
ST_24 : Operation 204 [1/2] (1.23ns)   --->   "%x_load_45 = load i7 %x_addr_45"   --->   Operation 204 'load' 'x_load_45' <Predicate = true> <Delay = 1.23> <CoreInst = "RAM">   --->   Core 83 'RAM' <Latency = 1> <II = 1> <Delay = 1.23> <Storage> <Opcode : 'load' 'store'> <Ports = 2> <Width = 8> <Depth = 128> <RAM>
ST_24 : Operation 205 [1/1] (0.00ns)   --->   "%x_addr_46 = getelementptr i8 %x, i64 0, i64 46"   --->   Operation 205 'getelementptr' 'x_addr_46' <Predicate = true> <Delay = 0.00>
ST_24 : Operation 206 [2/2] (1.23ns)   --->   "%x_load_46 = load i7 %x_addr_46"   --->   Operation 206 'load' 'x_load_46' <Predicate = true> <Delay = 1.23> <CoreInst = "RAM">   --->   Core 83 'RAM' <Latency = 1> <II = 1> <Delay = 1.23> <Storage> <Opcode : 'load' 'store'> <Ports = 2> <Width = 8> <Depth = 128> <RAM>
ST_24 : Operation 207 [1/1] (0.00ns)   --->   "%x_addr_47 = getelementptr i8 %x, i64 0, i64 47"   --->   Operation 207 'getelementptr' 'x_addr_47' <Predicate = true> <Delay = 0.00>
ST_24 : Operation 208 [2/2] (1.23ns)   --->   "%x_load_47 = load i7 %x_addr_47"   --->   Operation 208 'load' 'x_load_47' <Predicate = true> <Delay = 1.23> <CoreInst = "RAM">   --->   Core 83 'RAM' <Latency = 1> <II = 1> <Delay = 1.23> <Storage> <Opcode : 'load' 'store'> <Ports = 2> <Width = 8> <Depth = 128> <RAM>

State 25 <SV = 24> <Delay = 1.23>
ST_25 : Operation 209 [1/2] (1.23ns)   --->   "%x_load_46 = load i7 %x_addr_46"   --->   Operation 209 'load' 'x_load_46' <Predicate = true> <Delay = 1.23> <CoreInst = "RAM">   --->   Core 83 'RAM' <Latency = 1> <II = 1> <Delay = 1.23> <Storage> <Opcode : 'load' 'store'> <Ports = 2> <Width = 8> <Depth = 128> <RAM>
ST_25 : Operation 210 [1/2] (1.23ns)   --->   "%x_load_47 = load i7 %x_addr_47"   --->   Operation 210 'load' 'x_load_47' <Predicate = true> <Delay = 1.23> <CoreInst = "RAM">   --->   Core 83 'RAM' <Latency = 1> <II = 1> <Delay = 1.23> <Storage> <Opcode : 'load' 'store'> <Ports = 2> <Width = 8> <Depth = 128> <RAM>
ST_25 : Operation 211 [1/1] (0.00ns)   --->   "%x_addr_48 = getelementptr i8 %x, i64 0, i64 48"   --->   Operation 211 'getelementptr' 'x_addr_48' <Predicate = true> <Delay = 0.00>
ST_25 : Operation 212 [2/2] (1.23ns)   --->   "%x_load_48 = load i7 %x_addr_48"   --->   Operation 212 'load' 'x_load_48' <Predicate = true> <Delay = 1.23> <CoreInst = "RAM">   --->   Core 83 'RAM' <Latency = 1> <II = 1> <Delay = 1.23> <Storage> <Opcode : 'load' 'store'> <Ports = 2> <Width = 8> <Depth = 128> <RAM>
ST_25 : Operation 213 [1/1] (0.00ns)   --->   "%x_addr_49 = getelementptr i8 %x, i64 0, i64 49"   --->   Operation 213 'getelementptr' 'x_addr_49' <Predicate = true> <Delay = 0.00>
ST_25 : Operation 214 [2/2] (1.23ns)   --->   "%x_load_49 = load i7 %x_addr_49"   --->   Operation 214 'load' 'x_load_49' <Predicate = true> <Delay = 1.23> <CoreInst = "RAM">   --->   Core 83 'RAM' <Latency = 1> <II = 1> <Delay = 1.23> <Storage> <Opcode : 'load' 'store'> <Ports = 2> <Width = 8> <Depth = 128> <RAM>

State 26 <SV = 25> <Delay = 1.23>
ST_26 : Operation 215 [1/2] (1.23ns)   --->   "%x_load_48 = load i7 %x_addr_48"   --->   Operation 215 'load' 'x_load_48' <Predicate = true> <Delay = 1.23> <CoreInst = "RAM">   --->   Core 83 'RAM' <Latency = 1> <II = 1> <Delay = 1.23> <Storage> <Opcode : 'load' 'store'> <Ports = 2> <Width = 8> <Depth = 128> <RAM>
ST_26 : Operation 216 [1/2] (1.23ns)   --->   "%x_load_49 = load i7 %x_addr_49"   --->   Operation 216 'load' 'x_load_49' <Predicate = true> <Delay = 1.23> <CoreInst = "RAM">   --->   Core 83 'RAM' <Latency = 1> <II = 1> <Delay = 1.23> <Storage> <Opcode : 'load' 'store'> <Ports = 2> <Width = 8> <Depth = 128> <RAM>
ST_26 : Operation 217 [1/1] (0.00ns)   --->   "%x_addr_50 = getelementptr i8 %x, i64 0, i64 50"   --->   Operation 217 'getelementptr' 'x_addr_50' <Predicate = true> <Delay = 0.00>
ST_26 : Operation 218 [2/2] (1.23ns)   --->   "%x_load_50 = load i7 %x_addr_50"   --->   Operation 218 'load' 'x_load_50' <Predicate = true> <Delay = 1.23> <CoreInst = "RAM">   --->   Core 83 'RAM' <Latency = 1> <II = 1> <Delay = 1.23> <Storage> <Opcode : 'load' 'store'> <Ports = 2> <Width = 8> <Depth = 128> <RAM>
ST_26 : Operation 219 [1/1] (0.00ns)   --->   "%x_addr_51 = getelementptr i8 %x, i64 0, i64 51"   --->   Operation 219 'getelementptr' 'x_addr_51' <Predicate = true> <Delay = 0.00>
ST_26 : Operation 220 [2/2] (1.23ns)   --->   "%x_load_51 = load i7 %x_addr_51"   --->   Operation 220 'load' 'x_load_51' <Predicate = true> <Delay = 1.23> <CoreInst = "RAM">   --->   Core 83 'RAM' <Latency = 1> <II = 1> <Delay = 1.23> <Storage> <Opcode : 'load' 'store'> <Ports = 2> <Width = 8> <Depth = 128> <RAM>

State 27 <SV = 26> <Delay = 1.23>
ST_27 : Operation 221 [1/2] (1.23ns)   --->   "%x_load_50 = load i7 %x_addr_50"   --->   Operation 221 'load' 'x_load_50' <Predicate = true> <Delay = 1.23> <CoreInst = "RAM">   --->   Core 83 'RAM' <Latency = 1> <II = 1> <Delay = 1.23> <Storage> <Opcode : 'load' 'store'> <Ports = 2> <Width = 8> <Depth = 128> <RAM>
ST_27 : Operation 222 [1/2] (1.23ns)   --->   "%x_load_51 = load i7 %x_addr_51"   --->   Operation 222 'load' 'x_load_51' <Predicate = true> <Delay = 1.23> <CoreInst = "RAM">   --->   Core 83 'RAM' <Latency = 1> <II = 1> <Delay = 1.23> <Storage> <Opcode : 'load' 'store'> <Ports = 2> <Width = 8> <Depth = 128> <RAM>
ST_27 : Operation 223 [1/1] (0.00ns)   --->   "%x_addr_52 = getelementptr i8 %x, i64 0, i64 52"   --->   Operation 223 'getelementptr' 'x_addr_52' <Predicate = true> <Delay = 0.00>
ST_27 : Operation 224 [2/2] (1.23ns)   --->   "%x_load_52 = load i7 %x_addr_52"   --->   Operation 224 'load' 'x_load_52' <Predicate = true> <Delay = 1.23> <CoreInst = "RAM">   --->   Core 83 'RAM' <Latency = 1> <II = 1> <Delay = 1.23> <Storage> <Opcode : 'load' 'store'> <Ports = 2> <Width = 8> <Depth = 128> <RAM>
ST_27 : Operation 225 [1/1] (0.00ns)   --->   "%x_addr_53 = getelementptr i8 %x, i64 0, i64 53"   --->   Operation 225 'getelementptr' 'x_addr_53' <Predicate = true> <Delay = 0.00>
ST_27 : Operation 226 [2/2] (1.23ns)   --->   "%x_load_53 = load i7 %x_addr_53"   --->   Operation 226 'load' 'x_load_53' <Predicate = true> <Delay = 1.23> <CoreInst = "RAM">   --->   Core 83 'RAM' <Latency = 1> <II = 1> <Delay = 1.23> <Storage> <Opcode : 'load' 'store'> <Ports = 2> <Width = 8> <Depth = 128> <RAM>

State 28 <SV = 27> <Delay = 1.23>
ST_28 : Operation 227 [1/2] (1.23ns)   --->   "%x_load_52 = load i7 %x_addr_52"   --->   Operation 227 'load' 'x_load_52' <Predicate = true> <Delay = 1.23> <CoreInst = "RAM">   --->   Core 83 'RAM' <Latency = 1> <II = 1> <Delay = 1.23> <Storage> <Opcode : 'load' 'store'> <Ports = 2> <Width = 8> <Depth = 128> <RAM>
ST_28 : Operation 228 [1/2] (1.23ns)   --->   "%x_load_53 = load i7 %x_addr_53"   --->   Operation 228 'load' 'x_load_53' <Predicate = true> <Delay = 1.23> <CoreInst = "RAM">   --->   Core 83 'RAM' <Latency = 1> <II = 1> <Delay = 1.23> <Storage> <Opcode : 'load' 'store'> <Ports = 2> <Width = 8> <Depth = 128> <RAM>
ST_28 : Operation 229 [1/1] (0.00ns)   --->   "%x_addr_54 = getelementptr i8 %x, i64 0, i64 54"   --->   Operation 229 'getelementptr' 'x_addr_54' <Predicate = true> <Delay = 0.00>
ST_28 : Operation 230 [2/2] (1.23ns)   --->   "%x_load_54 = load i7 %x_addr_54"   --->   Operation 230 'load' 'x_load_54' <Predicate = true> <Delay = 1.23> <CoreInst = "RAM">   --->   Core 83 'RAM' <Latency = 1> <II = 1> <Delay = 1.23> <Storage> <Opcode : 'load' 'store'> <Ports = 2> <Width = 8> <Depth = 128> <RAM>
ST_28 : Operation 231 [1/1] (0.00ns)   --->   "%x_addr_55 = getelementptr i8 %x, i64 0, i64 55"   --->   Operation 231 'getelementptr' 'x_addr_55' <Predicate = true> <Delay = 0.00>
ST_28 : Operation 232 [2/2] (1.23ns)   --->   "%x_load_55 = load i7 %x_addr_55"   --->   Operation 232 'load' 'x_load_55' <Predicate = true> <Delay = 1.23> <CoreInst = "RAM">   --->   Core 83 'RAM' <Latency = 1> <II = 1> <Delay = 1.23> <Storage> <Opcode : 'load' 'store'> <Ports = 2> <Width = 8> <Depth = 128> <RAM>

State 29 <SV = 28> <Delay = 1.23>
ST_29 : Operation 233 [1/2] (1.23ns)   --->   "%x_load_54 = load i7 %x_addr_54"   --->   Operation 233 'load' 'x_load_54' <Predicate = true> <Delay = 1.23> <CoreInst = "RAM">   --->   Core 83 'RAM' <Latency = 1> <II = 1> <Delay = 1.23> <Storage> <Opcode : 'load' 'store'> <Ports = 2> <Width = 8> <Depth = 128> <RAM>
ST_29 : Operation 234 [1/2] (1.23ns)   --->   "%x_load_55 = load i7 %x_addr_55"   --->   Operation 234 'load' 'x_load_55' <Predicate = true> <Delay = 1.23> <CoreInst = "RAM">   --->   Core 83 'RAM' <Latency = 1> <II = 1> <Delay = 1.23> <Storage> <Opcode : 'load' 'store'> <Ports = 2> <Width = 8> <Depth = 128> <RAM>
ST_29 : Operation 235 [1/1] (0.00ns)   --->   "%x_addr_56 = getelementptr i8 %x, i64 0, i64 56"   --->   Operation 235 'getelementptr' 'x_addr_56' <Predicate = true> <Delay = 0.00>
ST_29 : Operation 236 [2/2] (1.23ns)   --->   "%x_load_56 = load i7 %x_addr_56"   --->   Operation 236 'load' 'x_load_56' <Predicate = true> <Delay = 1.23> <CoreInst = "RAM">   --->   Core 83 'RAM' <Latency = 1> <II = 1> <Delay = 1.23> <Storage> <Opcode : 'load' 'store'> <Ports = 2> <Width = 8> <Depth = 128> <RAM>
ST_29 : Operation 237 [1/1] (0.00ns)   --->   "%x_addr_57 = getelementptr i8 %x, i64 0, i64 57"   --->   Operation 237 'getelementptr' 'x_addr_57' <Predicate = true> <Delay = 0.00>
ST_29 : Operation 238 [2/2] (1.23ns)   --->   "%x_load_57 = load i7 %x_addr_57"   --->   Operation 238 'load' 'x_load_57' <Predicate = true> <Delay = 1.23> <CoreInst = "RAM">   --->   Core 83 'RAM' <Latency = 1> <II = 1> <Delay = 1.23> <Storage> <Opcode : 'load' 'store'> <Ports = 2> <Width = 8> <Depth = 128> <RAM>

State 30 <SV = 29> <Delay = 1.23>
ST_30 : Operation 239 [1/2] (1.23ns)   --->   "%x_load_56 = load i7 %x_addr_56"   --->   Operation 239 'load' 'x_load_56' <Predicate = true> <Delay = 1.23> <CoreInst = "RAM">   --->   Core 83 'RAM' <Latency = 1> <II = 1> <Delay = 1.23> <Storage> <Opcode : 'load' 'store'> <Ports = 2> <Width = 8> <Depth = 128> <RAM>
ST_30 : Operation 240 [1/2] (1.23ns)   --->   "%x_load_57 = load i7 %x_addr_57"   --->   Operation 240 'load' 'x_load_57' <Predicate = true> <Delay = 1.23> <CoreInst = "RAM">   --->   Core 83 'RAM' <Latency = 1> <II = 1> <Delay = 1.23> <Storage> <Opcode : 'load' 'store'> <Ports = 2> <Width = 8> <Depth = 128> <RAM>
ST_30 : Operation 241 [1/1] (0.00ns)   --->   "%x_addr_58 = getelementptr i8 %x, i64 0, i64 58"   --->   Operation 241 'getelementptr' 'x_addr_58' <Predicate = true> <Delay = 0.00>
ST_30 : Operation 242 [2/2] (1.23ns)   --->   "%x_load_58 = load i7 %x_addr_58"   --->   Operation 242 'load' 'x_load_58' <Predicate = true> <Delay = 1.23> <CoreInst = "RAM">   --->   Core 83 'RAM' <Latency = 1> <II = 1> <Delay = 1.23> <Storage> <Opcode : 'load' 'store'> <Ports = 2> <Width = 8> <Depth = 128> <RAM>
ST_30 : Operation 243 [1/1] (0.00ns)   --->   "%x_addr_59 = getelementptr i8 %x, i64 0, i64 59"   --->   Operation 243 'getelementptr' 'x_addr_59' <Predicate = true> <Delay = 0.00>
ST_30 : Operation 244 [2/2] (1.23ns)   --->   "%x_load_59 = load i7 %x_addr_59"   --->   Operation 244 'load' 'x_load_59' <Predicate = true> <Delay = 1.23> <CoreInst = "RAM">   --->   Core 83 'RAM' <Latency = 1> <II = 1> <Delay = 1.23> <Storage> <Opcode : 'load' 'store'> <Ports = 2> <Width = 8> <Depth = 128> <RAM>

State 31 <SV = 30> <Delay = 1.23>
ST_31 : Operation 245 [1/2] (1.23ns)   --->   "%x_load_58 = load i7 %x_addr_58"   --->   Operation 245 'load' 'x_load_58' <Predicate = true> <Delay = 1.23> <CoreInst = "RAM">   --->   Core 83 'RAM' <Latency = 1> <II = 1> <Delay = 1.23> <Storage> <Opcode : 'load' 'store'> <Ports = 2> <Width = 8> <Depth = 128> <RAM>
ST_31 : Operation 246 [1/2] (1.23ns)   --->   "%x_load_59 = load i7 %x_addr_59"   --->   Operation 246 'load' 'x_load_59' <Predicate = true> <Delay = 1.23> <CoreInst = "RAM">   --->   Core 83 'RAM' <Latency = 1> <II = 1> <Delay = 1.23> <Storage> <Opcode : 'load' 'store'> <Ports = 2> <Width = 8> <Depth = 128> <RAM>
ST_31 : Operation 247 [1/1] (0.00ns)   --->   "%x_addr_60 = getelementptr i8 %x, i64 0, i64 60"   --->   Operation 247 'getelementptr' 'x_addr_60' <Predicate = true> <Delay = 0.00>
ST_31 : Operation 248 [2/2] (1.23ns)   --->   "%x_load_60 = load i7 %x_addr_60"   --->   Operation 248 'load' 'x_load_60' <Predicate = true> <Delay = 1.23> <CoreInst = "RAM">   --->   Core 83 'RAM' <Latency = 1> <II = 1> <Delay = 1.23> <Storage> <Opcode : 'load' 'store'> <Ports = 2> <Width = 8> <Depth = 128> <RAM>
ST_31 : Operation 249 [1/1] (0.00ns)   --->   "%x_addr_61 = getelementptr i8 %x, i64 0, i64 61"   --->   Operation 249 'getelementptr' 'x_addr_61' <Predicate = true> <Delay = 0.00>
ST_31 : Operation 250 [2/2] (1.23ns)   --->   "%x_load_61 = load i7 %x_addr_61"   --->   Operation 250 'load' 'x_load_61' <Predicate = true> <Delay = 1.23> <CoreInst = "RAM">   --->   Core 83 'RAM' <Latency = 1> <II = 1> <Delay = 1.23> <Storage> <Opcode : 'load' 'store'> <Ports = 2> <Width = 8> <Depth = 128> <RAM>

State 32 <SV = 31> <Delay = 1.23>
ST_32 : Operation 251 [1/2] (1.23ns)   --->   "%x_load_60 = load i7 %x_addr_60"   --->   Operation 251 'load' 'x_load_60' <Predicate = true> <Delay = 1.23> <CoreInst = "RAM">   --->   Core 83 'RAM' <Latency = 1> <II = 1> <Delay = 1.23> <Storage> <Opcode : 'load' 'store'> <Ports = 2> <Width = 8> <Depth = 128> <RAM>
ST_32 : Operation 252 [1/2] (1.23ns)   --->   "%x_load_61 = load i7 %x_addr_61"   --->   Operation 252 'load' 'x_load_61' <Predicate = true> <Delay = 1.23> <CoreInst = "RAM">   --->   Core 83 'RAM' <Latency = 1> <II = 1> <Delay = 1.23> <Storage> <Opcode : 'load' 'store'> <Ports = 2> <Width = 8> <Depth = 128> <RAM>
ST_32 : Operation 253 [1/1] (0.00ns)   --->   "%x_addr_62 = getelementptr i8 %x, i64 0, i64 62"   --->   Operation 253 'getelementptr' 'x_addr_62' <Predicate = true> <Delay = 0.00>
ST_32 : Operation 254 [2/2] (1.23ns)   --->   "%x_load_62 = load i7 %x_addr_62"   --->   Operation 254 'load' 'x_load_62' <Predicate = true> <Delay = 1.23> <CoreInst = "RAM">   --->   Core 83 'RAM' <Latency = 1> <II = 1> <Delay = 1.23> <Storage> <Opcode : 'load' 'store'> <Ports = 2> <Width = 8> <Depth = 128> <RAM>
ST_32 : Operation 255 [1/1] (0.00ns)   --->   "%x_addr_63 = getelementptr i8 %x, i64 0, i64 63"   --->   Operation 255 'getelementptr' 'x_addr_63' <Predicate = true> <Delay = 0.00>
ST_32 : Operation 256 [2/2] (1.23ns)   --->   "%x_load_63 = load i7 %x_addr_63"   --->   Operation 256 'load' 'x_load_63' <Predicate = true> <Delay = 1.23> <CoreInst = "RAM">   --->   Core 83 'RAM' <Latency = 1> <II = 1> <Delay = 1.23> <Storage> <Opcode : 'load' 'store'> <Ports = 2> <Width = 8> <Depth = 128> <RAM>

State 33 <SV = 32> <Delay = 1.23>
ST_33 : Operation 257 [1/2] (1.23ns)   --->   "%x_load_62 = load i7 %x_addr_62"   --->   Operation 257 'load' 'x_load_62' <Predicate = true> <Delay = 1.23> <CoreInst = "RAM">   --->   Core 83 'RAM' <Latency = 1> <II = 1> <Delay = 1.23> <Storage> <Opcode : 'load' 'store'> <Ports = 2> <Width = 8> <Depth = 128> <RAM>
ST_33 : Operation 258 [1/2] (1.23ns)   --->   "%x_load_63 = load i7 %x_addr_63"   --->   Operation 258 'load' 'x_load_63' <Predicate = true> <Delay = 1.23> <CoreInst = "RAM">   --->   Core 83 'RAM' <Latency = 1> <II = 1> <Delay = 1.23> <Storage> <Opcode : 'load' 'store'> <Ports = 2> <Width = 8> <Depth = 128> <RAM>
ST_33 : Operation 259 [1/1] (0.00ns)   --->   "%x_addr_64 = getelementptr i8 %x, i64 0, i64 64"   --->   Operation 259 'getelementptr' 'x_addr_64' <Predicate = true> <Delay = 0.00>
ST_33 : Operation 260 [2/2] (1.23ns)   --->   "%x_load_64 = load i7 %x_addr_64"   --->   Operation 260 'load' 'x_load_64' <Predicate = true> <Delay = 1.23> <CoreInst = "RAM">   --->   Core 83 'RAM' <Latency = 1> <II = 1> <Delay = 1.23> <Storage> <Opcode : 'load' 'store'> <Ports = 2> <Width = 8> <Depth = 128> <RAM>
ST_33 : Operation 261 [1/1] (0.00ns)   --->   "%x_addr_65 = getelementptr i8 %x, i64 0, i64 65"   --->   Operation 261 'getelementptr' 'x_addr_65' <Predicate = true> <Delay = 0.00>
ST_33 : Operation 262 [2/2] (1.23ns)   --->   "%x_load_65 = load i7 %x_addr_65"   --->   Operation 262 'load' 'x_load_65' <Predicate = true> <Delay = 1.23> <CoreInst = "RAM">   --->   Core 83 'RAM' <Latency = 1> <II = 1> <Delay = 1.23> <Storage> <Opcode : 'load' 'store'> <Ports = 2> <Width = 8> <Depth = 128> <RAM>

State 34 <SV = 33> <Delay = 1.23>
ST_34 : Operation 263 [1/2] (1.23ns)   --->   "%x_load_64 = load i7 %x_addr_64"   --->   Operation 263 'load' 'x_load_64' <Predicate = true> <Delay = 1.23> <CoreInst = "RAM">   --->   Core 83 'RAM' <Latency = 1> <II = 1> <Delay = 1.23> <Storage> <Opcode : 'load' 'store'> <Ports = 2> <Width = 8> <Depth = 128> <RAM>
ST_34 : Operation 264 [1/2] (1.23ns)   --->   "%x_load_65 = load i7 %x_addr_65"   --->   Operation 264 'load' 'x_load_65' <Predicate = true> <Delay = 1.23> <CoreInst = "RAM">   --->   Core 83 'RAM' <Latency = 1> <II = 1> <Delay = 1.23> <Storage> <Opcode : 'load' 'store'> <Ports = 2> <Width = 8> <Depth = 128> <RAM>
ST_34 : Operation 265 [1/1] (0.00ns)   --->   "%x_addr_66 = getelementptr i8 %x, i64 0, i64 66"   --->   Operation 265 'getelementptr' 'x_addr_66' <Predicate = true> <Delay = 0.00>
ST_34 : Operation 266 [2/2] (1.23ns)   --->   "%x_load_66 = load i7 %x_addr_66"   --->   Operation 266 'load' 'x_load_66' <Predicate = true> <Delay = 1.23> <CoreInst = "RAM">   --->   Core 83 'RAM' <Latency = 1> <II = 1> <Delay = 1.23> <Storage> <Opcode : 'load' 'store'> <Ports = 2> <Width = 8> <Depth = 128> <RAM>
ST_34 : Operation 267 [1/1] (0.00ns)   --->   "%x_addr_67 = getelementptr i8 %x, i64 0, i64 67"   --->   Operation 267 'getelementptr' 'x_addr_67' <Predicate = true> <Delay = 0.00>
ST_34 : Operation 268 [2/2] (1.23ns)   --->   "%x_load_67 = load i7 %x_addr_67"   --->   Operation 268 'load' 'x_load_67' <Predicate = true> <Delay = 1.23> <CoreInst = "RAM">   --->   Core 83 'RAM' <Latency = 1> <II = 1> <Delay = 1.23> <Storage> <Opcode : 'load' 'store'> <Ports = 2> <Width = 8> <Depth = 128> <RAM>

State 35 <SV = 34> <Delay = 1.23>
ST_35 : Operation 269 [1/2] (1.23ns)   --->   "%x_load_66 = load i7 %x_addr_66"   --->   Operation 269 'load' 'x_load_66' <Predicate = true> <Delay = 1.23> <CoreInst = "RAM">   --->   Core 83 'RAM' <Latency = 1> <II = 1> <Delay = 1.23> <Storage> <Opcode : 'load' 'store'> <Ports = 2> <Width = 8> <Depth = 128> <RAM>
ST_35 : Operation 270 [1/2] (1.23ns)   --->   "%x_load_67 = load i7 %x_addr_67"   --->   Operation 270 'load' 'x_load_67' <Predicate = true> <Delay = 1.23> <CoreInst = "RAM">   --->   Core 83 'RAM' <Latency = 1> <II = 1> <Delay = 1.23> <Storage> <Opcode : 'load' 'store'> <Ports = 2> <Width = 8> <Depth = 128> <RAM>
ST_35 : Operation 271 [1/1] (0.00ns)   --->   "%x_addr_68 = getelementptr i8 %x, i64 0, i64 68"   --->   Operation 271 'getelementptr' 'x_addr_68' <Predicate = true> <Delay = 0.00>
ST_35 : Operation 272 [2/2] (1.23ns)   --->   "%x_load_68 = load i7 %x_addr_68"   --->   Operation 272 'load' 'x_load_68' <Predicate = true> <Delay = 1.23> <CoreInst = "RAM">   --->   Core 83 'RAM' <Latency = 1> <II = 1> <Delay = 1.23> <Storage> <Opcode : 'load' 'store'> <Ports = 2> <Width = 8> <Depth = 128> <RAM>
ST_35 : Operation 273 [1/1] (0.00ns)   --->   "%x_addr_69 = getelementptr i8 %x, i64 0, i64 69"   --->   Operation 273 'getelementptr' 'x_addr_69' <Predicate = true> <Delay = 0.00>
ST_35 : Operation 274 [2/2] (1.23ns)   --->   "%x_load_69 = load i7 %x_addr_69"   --->   Operation 274 'load' 'x_load_69' <Predicate = true> <Delay = 1.23> <CoreInst = "RAM">   --->   Core 83 'RAM' <Latency = 1> <II = 1> <Delay = 1.23> <Storage> <Opcode : 'load' 'store'> <Ports = 2> <Width = 8> <Depth = 128> <RAM>

State 36 <SV = 35> <Delay = 1.23>
ST_36 : Operation 275 [1/2] (1.23ns)   --->   "%x_load_68 = load i7 %x_addr_68"   --->   Operation 275 'load' 'x_load_68' <Predicate = true> <Delay = 1.23> <CoreInst = "RAM">   --->   Core 83 'RAM' <Latency = 1> <II = 1> <Delay = 1.23> <Storage> <Opcode : 'load' 'store'> <Ports = 2> <Width = 8> <Depth = 128> <RAM>
ST_36 : Operation 276 [1/2] (1.23ns)   --->   "%x_load_69 = load i7 %x_addr_69"   --->   Operation 276 'load' 'x_load_69' <Predicate = true> <Delay = 1.23> <CoreInst = "RAM">   --->   Core 83 'RAM' <Latency = 1> <II = 1> <Delay = 1.23> <Storage> <Opcode : 'load' 'store'> <Ports = 2> <Width = 8> <Depth = 128> <RAM>
ST_36 : Operation 277 [1/1] (0.00ns)   --->   "%x_addr_70 = getelementptr i8 %x, i64 0, i64 70"   --->   Operation 277 'getelementptr' 'x_addr_70' <Predicate = true> <Delay = 0.00>
ST_36 : Operation 278 [2/2] (1.23ns)   --->   "%x_load_70 = load i7 %x_addr_70"   --->   Operation 278 'load' 'x_load_70' <Predicate = true> <Delay = 1.23> <CoreInst = "RAM">   --->   Core 83 'RAM' <Latency = 1> <II = 1> <Delay = 1.23> <Storage> <Opcode : 'load' 'store'> <Ports = 2> <Width = 8> <Depth = 128> <RAM>
ST_36 : Operation 279 [1/1] (0.00ns)   --->   "%x_addr_71 = getelementptr i8 %x, i64 0, i64 71"   --->   Operation 279 'getelementptr' 'x_addr_71' <Predicate = true> <Delay = 0.00>
ST_36 : Operation 280 [2/2] (1.23ns)   --->   "%x_load_71 = load i7 %x_addr_71"   --->   Operation 280 'load' 'x_load_71' <Predicate = true> <Delay = 1.23> <CoreInst = "RAM">   --->   Core 83 'RAM' <Latency = 1> <II = 1> <Delay = 1.23> <Storage> <Opcode : 'load' 'store'> <Ports = 2> <Width = 8> <Depth = 128> <RAM>

State 37 <SV = 36> <Delay = 1.23>
ST_37 : Operation 281 [1/2] (1.23ns)   --->   "%x_load_70 = load i7 %x_addr_70"   --->   Operation 281 'load' 'x_load_70' <Predicate = true> <Delay = 1.23> <CoreInst = "RAM">   --->   Core 83 'RAM' <Latency = 1> <II = 1> <Delay = 1.23> <Storage> <Opcode : 'load' 'store'> <Ports = 2> <Width = 8> <Depth = 128> <RAM>
ST_37 : Operation 282 [1/2] (1.23ns)   --->   "%x_load_71 = load i7 %x_addr_71"   --->   Operation 282 'load' 'x_load_71' <Predicate = true> <Delay = 1.23> <CoreInst = "RAM">   --->   Core 83 'RAM' <Latency = 1> <II = 1> <Delay = 1.23> <Storage> <Opcode : 'load' 'store'> <Ports = 2> <Width = 8> <Depth = 128> <RAM>
ST_37 : Operation 283 [1/1] (0.00ns)   --->   "%x_addr_72 = getelementptr i8 %x, i64 0, i64 72"   --->   Operation 283 'getelementptr' 'x_addr_72' <Predicate = true> <Delay = 0.00>
ST_37 : Operation 284 [2/2] (1.23ns)   --->   "%x_load_72 = load i7 %x_addr_72"   --->   Operation 284 'load' 'x_load_72' <Predicate = true> <Delay = 1.23> <CoreInst = "RAM">   --->   Core 83 'RAM' <Latency = 1> <II = 1> <Delay = 1.23> <Storage> <Opcode : 'load' 'store'> <Ports = 2> <Width = 8> <Depth = 128> <RAM>
ST_37 : Operation 285 [1/1] (0.00ns)   --->   "%x_addr_73 = getelementptr i8 %x, i64 0, i64 73"   --->   Operation 285 'getelementptr' 'x_addr_73' <Predicate = true> <Delay = 0.00>
ST_37 : Operation 286 [2/2] (1.23ns)   --->   "%x_load_73 = load i7 %x_addr_73"   --->   Operation 286 'load' 'x_load_73' <Predicate = true> <Delay = 1.23> <CoreInst = "RAM">   --->   Core 83 'RAM' <Latency = 1> <II = 1> <Delay = 1.23> <Storage> <Opcode : 'load' 'store'> <Ports = 2> <Width = 8> <Depth = 128> <RAM>

State 38 <SV = 37> <Delay = 1.23>
ST_38 : Operation 287 [1/2] (1.23ns)   --->   "%x_load_72 = load i7 %x_addr_72"   --->   Operation 287 'load' 'x_load_72' <Predicate = true> <Delay = 1.23> <CoreInst = "RAM">   --->   Core 83 'RAM' <Latency = 1> <II = 1> <Delay = 1.23> <Storage> <Opcode : 'load' 'store'> <Ports = 2> <Width = 8> <Depth = 128> <RAM>
ST_38 : Operation 288 [1/2] (1.23ns)   --->   "%x_load_73 = load i7 %x_addr_73"   --->   Operation 288 'load' 'x_load_73' <Predicate = true> <Delay = 1.23> <CoreInst = "RAM">   --->   Core 83 'RAM' <Latency = 1> <II = 1> <Delay = 1.23> <Storage> <Opcode : 'load' 'store'> <Ports = 2> <Width = 8> <Depth = 128> <RAM>
ST_38 : Operation 289 [1/1] (0.00ns)   --->   "%x_addr_74 = getelementptr i8 %x, i64 0, i64 74"   --->   Operation 289 'getelementptr' 'x_addr_74' <Predicate = true> <Delay = 0.00>
ST_38 : Operation 290 [2/2] (1.23ns)   --->   "%x_load_74 = load i7 %x_addr_74"   --->   Operation 290 'load' 'x_load_74' <Predicate = true> <Delay = 1.23> <CoreInst = "RAM">   --->   Core 83 'RAM' <Latency = 1> <II = 1> <Delay = 1.23> <Storage> <Opcode : 'load' 'store'> <Ports = 2> <Width = 8> <Depth = 128> <RAM>
ST_38 : Operation 291 [1/1] (0.00ns)   --->   "%x_addr_75 = getelementptr i8 %x, i64 0, i64 75"   --->   Operation 291 'getelementptr' 'x_addr_75' <Predicate = true> <Delay = 0.00>
ST_38 : Operation 292 [2/2] (1.23ns)   --->   "%x_load_75 = load i7 %x_addr_75"   --->   Operation 292 'load' 'x_load_75' <Predicate = true> <Delay = 1.23> <CoreInst = "RAM">   --->   Core 83 'RAM' <Latency = 1> <II = 1> <Delay = 1.23> <Storage> <Opcode : 'load' 'store'> <Ports = 2> <Width = 8> <Depth = 128> <RAM>

State 39 <SV = 38> <Delay = 1.23>
ST_39 : Operation 293 [1/2] (1.23ns)   --->   "%x_load_74 = load i7 %x_addr_74"   --->   Operation 293 'load' 'x_load_74' <Predicate = true> <Delay = 1.23> <CoreInst = "RAM">   --->   Core 83 'RAM' <Latency = 1> <II = 1> <Delay = 1.23> <Storage> <Opcode : 'load' 'store'> <Ports = 2> <Width = 8> <Depth = 128> <RAM>
ST_39 : Operation 294 [1/2] (1.23ns)   --->   "%x_load_75 = load i7 %x_addr_75"   --->   Operation 294 'load' 'x_load_75' <Predicate = true> <Delay = 1.23> <CoreInst = "RAM">   --->   Core 83 'RAM' <Latency = 1> <II = 1> <Delay = 1.23> <Storage> <Opcode : 'load' 'store'> <Ports = 2> <Width = 8> <Depth = 128> <RAM>
ST_39 : Operation 295 [1/1] (0.00ns)   --->   "%x_addr_76 = getelementptr i8 %x, i64 0, i64 76"   --->   Operation 295 'getelementptr' 'x_addr_76' <Predicate = true> <Delay = 0.00>
ST_39 : Operation 296 [2/2] (1.23ns)   --->   "%x_load_76 = load i7 %x_addr_76"   --->   Operation 296 'load' 'x_load_76' <Predicate = true> <Delay = 1.23> <CoreInst = "RAM">   --->   Core 83 'RAM' <Latency = 1> <II = 1> <Delay = 1.23> <Storage> <Opcode : 'load' 'store'> <Ports = 2> <Width = 8> <Depth = 128> <RAM>
ST_39 : Operation 297 [1/1] (0.00ns)   --->   "%x_addr_77 = getelementptr i8 %x, i64 0, i64 77"   --->   Operation 297 'getelementptr' 'x_addr_77' <Predicate = true> <Delay = 0.00>
ST_39 : Operation 298 [2/2] (1.23ns)   --->   "%x_load_77 = load i7 %x_addr_77"   --->   Operation 298 'load' 'x_load_77' <Predicate = true> <Delay = 1.23> <CoreInst = "RAM">   --->   Core 83 'RAM' <Latency = 1> <II = 1> <Delay = 1.23> <Storage> <Opcode : 'load' 'store'> <Ports = 2> <Width = 8> <Depth = 128> <RAM>

State 40 <SV = 39> <Delay = 1.23>
ST_40 : Operation 299 [1/2] (1.23ns)   --->   "%x_load_76 = load i7 %x_addr_76"   --->   Operation 299 'load' 'x_load_76' <Predicate = true> <Delay = 1.23> <CoreInst = "RAM">   --->   Core 83 'RAM' <Latency = 1> <II = 1> <Delay = 1.23> <Storage> <Opcode : 'load' 'store'> <Ports = 2> <Width = 8> <Depth = 128> <RAM>
ST_40 : Operation 300 [1/2] (1.23ns)   --->   "%x_load_77 = load i7 %x_addr_77"   --->   Operation 300 'load' 'x_load_77' <Predicate = true> <Delay = 1.23> <CoreInst = "RAM">   --->   Core 83 'RAM' <Latency = 1> <II = 1> <Delay = 1.23> <Storage> <Opcode : 'load' 'store'> <Ports = 2> <Width = 8> <Depth = 128> <RAM>
ST_40 : Operation 301 [1/1] (0.00ns)   --->   "%x_addr_78 = getelementptr i8 %x, i64 0, i64 78"   --->   Operation 301 'getelementptr' 'x_addr_78' <Predicate = true> <Delay = 0.00>
ST_40 : Operation 302 [2/2] (1.23ns)   --->   "%x_load_78 = load i7 %x_addr_78"   --->   Operation 302 'load' 'x_load_78' <Predicate = true> <Delay = 1.23> <CoreInst = "RAM">   --->   Core 83 'RAM' <Latency = 1> <II = 1> <Delay = 1.23> <Storage> <Opcode : 'load' 'store'> <Ports = 2> <Width = 8> <Depth = 128> <RAM>
ST_40 : Operation 303 [1/1] (0.00ns)   --->   "%x_addr_79 = getelementptr i8 %x, i64 0, i64 79"   --->   Operation 303 'getelementptr' 'x_addr_79' <Predicate = true> <Delay = 0.00>
ST_40 : Operation 304 [2/2] (1.23ns)   --->   "%x_load_79 = load i7 %x_addr_79"   --->   Operation 304 'load' 'x_load_79' <Predicate = true> <Delay = 1.23> <CoreInst = "RAM">   --->   Core 83 'RAM' <Latency = 1> <II = 1> <Delay = 1.23> <Storage> <Opcode : 'load' 'store'> <Ports = 2> <Width = 8> <Depth = 128> <RAM>

State 41 <SV = 40> <Delay = 1.23>
ST_41 : Operation 305 [1/2] (1.23ns)   --->   "%x_load_78 = load i7 %x_addr_78"   --->   Operation 305 'load' 'x_load_78' <Predicate = true> <Delay = 1.23> <CoreInst = "RAM">   --->   Core 83 'RAM' <Latency = 1> <II = 1> <Delay = 1.23> <Storage> <Opcode : 'load' 'store'> <Ports = 2> <Width = 8> <Depth = 128> <RAM>
ST_41 : Operation 306 [1/2] (1.23ns)   --->   "%x_load_79 = load i7 %x_addr_79"   --->   Operation 306 'load' 'x_load_79' <Predicate = true> <Delay = 1.23> <CoreInst = "RAM">   --->   Core 83 'RAM' <Latency = 1> <II = 1> <Delay = 1.23> <Storage> <Opcode : 'load' 'store'> <Ports = 2> <Width = 8> <Depth = 128> <RAM>
ST_41 : Operation 307 [1/1] (0.00ns)   --->   "%x_addr_80 = getelementptr i8 %x, i64 0, i64 80"   --->   Operation 307 'getelementptr' 'x_addr_80' <Predicate = true> <Delay = 0.00>
ST_41 : Operation 308 [2/2] (1.23ns)   --->   "%x_load_80 = load i7 %x_addr_80"   --->   Operation 308 'load' 'x_load_80' <Predicate = true> <Delay = 1.23> <CoreInst = "RAM">   --->   Core 83 'RAM' <Latency = 1> <II = 1> <Delay = 1.23> <Storage> <Opcode : 'load' 'store'> <Ports = 2> <Width = 8> <Depth = 128> <RAM>
ST_41 : Operation 309 [1/1] (0.00ns)   --->   "%x_addr_81 = getelementptr i8 %x, i64 0, i64 81"   --->   Operation 309 'getelementptr' 'x_addr_81' <Predicate = true> <Delay = 0.00>
ST_41 : Operation 310 [2/2] (1.23ns)   --->   "%x_load_81 = load i7 %x_addr_81"   --->   Operation 310 'load' 'x_load_81' <Predicate = true> <Delay = 1.23> <CoreInst = "RAM">   --->   Core 83 'RAM' <Latency = 1> <II = 1> <Delay = 1.23> <Storage> <Opcode : 'load' 'store'> <Ports = 2> <Width = 8> <Depth = 128> <RAM>

State 42 <SV = 41> <Delay = 1.23>
ST_42 : Operation 311 [1/2] (1.23ns)   --->   "%x_load_80 = load i7 %x_addr_80"   --->   Operation 311 'load' 'x_load_80' <Predicate = true> <Delay = 1.23> <CoreInst = "RAM">   --->   Core 83 'RAM' <Latency = 1> <II = 1> <Delay = 1.23> <Storage> <Opcode : 'load' 'store'> <Ports = 2> <Width = 8> <Depth = 128> <RAM>
ST_42 : Operation 312 [1/2] (1.23ns)   --->   "%x_load_81 = load i7 %x_addr_81"   --->   Operation 312 'load' 'x_load_81' <Predicate = true> <Delay = 1.23> <CoreInst = "RAM">   --->   Core 83 'RAM' <Latency = 1> <II = 1> <Delay = 1.23> <Storage> <Opcode : 'load' 'store'> <Ports = 2> <Width = 8> <Depth = 128> <RAM>
ST_42 : Operation 313 [1/1] (0.00ns)   --->   "%x_addr_82 = getelementptr i8 %x, i64 0, i64 82"   --->   Operation 313 'getelementptr' 'x_addr_82' <Predicate = true> <Delay = 0.00>
ST_42 : Operation 314 [2/2] (1.23ns)   --->   "%x_load_82 = load i7 %x_addr_82"   --->   Operation 314 'load' 'x_load_82' <Predicate = true> <Delay = 1.23> <CoreInst = "RAM">   --->   Core 83 'RAM' <Latency = 1> <II = 1> <Delay = 1.23> <Storage> <Opcode : 'load' 'store'> <Ports = 2> <Width = 8> <Depth = 128> <RAM>
ST_42 : Operation 315 [1/1] (0.00ns)   --->   "%x_addr_83 = getelementptr i8 %x, i64 0, i64 83"   --->   Operation 315 'getelementptr' 'x_addr_83' <Predicate = true> <Delay = 0.00>
ST_42 : Operation 316 [2/2] (1.23ns)   --->   "%x_load_83 = load i7 %x_addr_83"   --->   Operation 316 'load' 'x_load_83' <Predicate = true> <Delay = 1.23> <CoreInst = "RAM">   --->   Core 83 'RAM' <Latency = 1> <II = 1> <Delay = 1.23> <Storage> <Opcode : 'load' 'store'> <Ports = 2> <Width = 8> <Depth = 128> <RAM>

State 43 <SV = 42> <Delay = 1.23>
ST_43 : Operation 317 [1/2] (1.23ns)   --->   "%x_load_82 = load i7 %x_addr_82"   --->   Operation 317 'load' 'x_load_82' <Predicate = true> <Delay = 1.23> <CoreInst = "RAM">   --->   Core 83 'RAM' <Latency = 1> <II = 1> <Delay = 1.23> <Storage> <Opcode : 'load' 'store'> <Ports = 2> <Width = 8> <Depth = 128> <RAM>
ST_43 : Operation 318 [1/2] (1.23ns)   --->   "%x_load_83 = load i7 %x_addr_83"   --->   Operation 318 'load' 'x_load_83' <Predicate = true> <Delay = 1.23> <CoreInst = "RAM">   --->   Core 83 'RAM' <Latency = 1> <II = 1> <Delay = 1.23> <Storage> <Opcode : 'load' 'store'> <Ports = 2> <Width = 8> <Depth = 128> <RAM>
ST_43 : Operation 319 [1/1] (0.00ns)   --->   "%x_addr_84 = getelementptr i8 %x, i64 0, i64 84"   --->   Operation 319 'getelementptr' 'x_addr_84' <Predicate = true> <Delay = 0.00>
ST_43 : Operation 320 [2/2] (1.23ns)   --->   "%x_load_84 = load i7 %x_addr_84"   --->   Operation 320 'load' 'x_load_84' <Predicate = true> <Delay = 1.23> <CoreInst = "RAM">   --->   Core 83 'RAM' <Latency = 1> <II = 1> <Delay = 1.23> <Storage> <Opcode : 'load' 'store'> <Ports = 2> <Width = 8> <Depth = 128> <RAM>
ST_43 : Operation 321 [1/1] (0.00ns)   --->   "%x_addr_85 = getelementptr i8 %x, i64 0, i64 85"   --->   Operation 321 'getelementptr' 'x_addr_85' <Predicate = true> <Delay = 0.00>
ST_43 : Operation 322 [2/2] (1.23ns)   --->   "%x_load_85 = load i7 %x_addr_85"   --->   Operation 322 'load' 'x_load_85' <Predicate = true> <Delay = 1.23> <CoreInst = "RAM">   --->   Core 83 'RAM' <Latency = 1> <II = 1> <Delay = 1.23> <Storage> <Opcode : 'load' 'store'> <Ports = 2> <Width = 8> <Depth = 128> <RAM>

State 44 <SV = 43> <Delay = 1.23>
ST_44 : Operation 323 [1/2] (1.23ns)   --->   "%x_load_84 = load i7 %x_addr_84"   --->   Operation 323 'load' 'x_load_84' <Predicate = true> <Delay = 1.23> <CoreInst = "RAM">   --->   Core 83 'RAM' <Latency = 1> <II = 1> <Delay = 1.23> <Storage> <Opcode : 'load' 'store'> <Ports = 2> <Width = 8> <Depth = 128> <RAM>
ST_44 : Operation 324 [1/2] (1.23ns)   --->   "%x_load_85 = load i7 %x_addr_85"   --->   Operation 324 'load' 'x_load_85' <Predicate = true> <Delay = 1.23> <CoreInst = "RAM">   --->   Core 83 'RAM' <Latency = 1> <II = 1> <Delay = 1.23> <Storage> <Opcode : 'load' 'store'> <Ports = 2> <Width = 8> <Depth = 128> <RAM>
ST_44 : Operation 325 [1/1] (0.00ns)   --->   "%x_addr_86 = getelementptr i8 %x, i64 0, i64 86"   --->   Operation 325 'getelementptr' 'x_addr_86' <Predicate = true> <Delay = 0.00>
ST_44 : Operation 326 [2/2] (1.23ns)   --->   "%x_load_86 = load i7 %x_addr_86"   --->   Operation 326 'load' 'x_load_86' <Predicate = true> <Delay = 1.23> <CoreInst = "RAM">   --->   Core 83 'RAM' <Latency = 1> <II = 1> <Delay = 1.23> <Storage> <Opcode : 'load' 'store'> <Ports = 2> <Width = 8> <Depth = 128> <RAM>
ST_44 : Operation 327 [1/1] (0.00ns)   --->   "%x_addr_87 = getelementptr i8 %x, i64 0, i64 87"   --->   Operation 327 'getelementptr' 'x_addr_87' <Predicate = true> <Delay = 0.00>
ST_44 : Operation 328 [2/2] (1.23ns)   --->   "%x_load_87 = load i7 %x_addr_87"   --->   Operation 328 'load' 'x_load_87' <Predicate = true> <Delay = 1.23> <CoreInst = "RAM">   --->   Core 83 'RAM' <Latency = 1> <II = 1> <Delay = 1.23> <Storage> <Opcode : 'load' 'store'> <Ports = 2> <Width = 8> <Depth = 128> <RAM>

State 45 <SV = 44> <Delay = 1.23>
ST_45 : Operation 329 [1/2] (1.23ns)   --->   "%x_load_86 = load i7 %x_addr_86"   --->   Operation 329 'load' 'x_load_86' <Predicate = true> <Delay = 1.23> <CoreInst = "RAM">   --->   Core 83 'RAM' <Latency = 1> <II = 1> <Delay = 1.23> <Storage> <Opcode : 'load' 'store'> <Ports = 2> <Width = 8> <Depth = 128> <RAM>
ST_45 : Operation 330 [1/2] (1.23ns)   --->   "%x_load_87 = load i7 %x_addr_87"   --->   Operation 330 'load' 'x_load_87' <Predicate = true> <Delay = 1.23> <CoreInst = "RAM">   --->   Core 83 'RAM' <Latency = 1> <II = 1> <Delay = 1.23> <Storage> <Opcode : 'load' 'store'> <Ports = 2> <Width = 8> <Depth = 128> <RAM>
ST_45 : Operation 331 [1/1] (0.00ns)   --->   "%x_addr_88 = getelementptr i8 %x, i64 0, i64 88"   --->   Operation 331 'getelementptr' 'x_addr_88' <Predicate = true> <Delay = 0.00>
ST_45 : Operation 332 [2/2] (1.23ns)   --->   "%x_load_88 = load i7 %x_addr_88"   --->   Operation 332 'load' 'x_load_88' <Predicate = true> <Delay = 1.23> <CoreInst = "RAM">   --->   Core 83 'RAM' <Latency = 1> <II = 1> <Delay = 1.23> <Storage> <Opcode : 'load' 'store'> <Ports = 2> <Width = 8> <Depth = 128> <RAM>
ST_45 : Operation 333 [1/1] (0.00ns)   --->   "%x_addr_89 = getelementptr i8 %x, i64 0, i64 89"   --->   Operation 333 'getelementptr' 'x_addr_89' <Predicate = true> <Delay = 0.00>
ST_45 : Operation 334 [2/2] (1.23ns)   --->   "%x_load_89 = load i7 %x_addr_89"   --->   Operation 334 'load' 'x_load_89' <Predicate = true> <Delay = 1.23> <CoreInst = "RAM">   --->   Core 83 'RAM' <Latency = 1> <II = 1> <Delay = 1.23> <Storage> <Opcode : 'load' 'store'> <Ports = 2> <Width = 8> <Depth = 128> <RAM>

State 46 <SV = 45> <Delay = 1.23>
ST_46 : Operation 335 [1/2] (1.23ns)   --->   "%x_load_88 = load i7 %x_addr_88"   --->   Operation 335 'load' 'x_load_88' <Predicate = true> <Delay = 1.23> <CoreInst = "RAM">   --->   Core 83 'RAM' <Latency = 1> <II = 1> <Delay = 1.23> <Storage> <Opcode : 'load' 'store'> <Ports = 2> <Width = 8> <Depth = 128> <RAM>
ST_46 : Operation 336 [1/2] (1.23ns)   --->   "%x_load_89 = load i7 %x_addr_89"   --->   Operation 336 'load' 'x_load_89' <Predicate = true> <Delay = 1.23> <CoreInst = "RAM">   --->   Core 83 'RAM' <Latency = 1> <II = 1> <Delay = 1.23> <Storage> <Opcode : 'load' 'store'> <Ports = 2> <Width = 8> <Depth = 128> <RAM>
ST_46 : Operation 337 [1/1] (0.00ns)   --->   "%x_addr_90 = getelementptr i8 %x, i64 0, i64 90"   --->   Operation 337 'getelementptr' 'x_addr_90' <Predicate = true> <Delay = 0.00>
ST_46 : Operation 338 [2/2] (1.23ns)   --->   "%x_load_90 = load i7 %x_addr_90"   --->   Operation 338 'load' 'x_load_90' <Predicate = true> <Delay = 1.23> <CoreInst = "RAM">   --->   Core 83 'RAM' <Latency = 1> <II = 1> <Delay = 1.23> <Storage> <Opcode : 'load' 'store'> <Ports = 2> <Width = 8> <Depth = 128> <RAM>
ST_46 : Operation 339 [1/1] (0.00ns)   --->   "%x_addr_91 = getelementptr i8 %x, i64 0, i64 91"   --->   Operation 339 'getelementptr' 'x_addr_91' <Predicate = true> <Delay = 0.00>
ST_46 : Operation 340 [2/2] (1.23ns)   --->   "%x_load_91 = load i7 %x_addr_91"   --->   Operation 340 'load' 'x_load_91' <Predicate = true> <Delay = 1.23> <CoreInst = "RAM">   --->   Core 83 'RAM' <Latency = 1> <II = 1> <Delay = 1.23> <Storage> <Opcode : 'load' 'store'> <Ports = 2> <Width = 8> <Depth = 128> <RAM>

State 47 <SV = 46> <Delay = 1.23>
ST_47 : Operation 341 [1/2] (1.23ns)   --->   "%x_load_90 = load i7 %x_addr_90"   --->   Operation 341 'load' 'x_load_90' <Predicate = true> <Delay = 1.23> <CoreInst = "RAM">   --->   Core 83 'RAM' <Latency = 1> <II = 1> <Delay = 1.23> <Storage> <Opcode : 'load' 'store'> <Ports = 2> <Width = 8> <Depth = 128> <RAM>
ST_47 : Operation 342 [1/2] (1.23ns)   --->   "%x_load_91 = load i7 %x_addr_91"   --->   Operation 342 'load' 'x_load_91' <Predicate = true> <Delay = 1.23> <CoreInst = "RAM">   --->   Core 83 'RAM' <Latency = 1> <II = 1> <Delay = 1.23> <Storage> <Opcode : 'load' 'store'> <Ports = 2> <Width = 8> <Depth = 128> <RAM>
ST_47 : Operation 343 [1/1] (0.00ns)   --->   "%x_addr_92 = getelementptr i8 %x, i64 0, i64 92"   --->   Operation 343 'getelementptr' 'x_addr_92' <Predicate = true> <Delay = 0.00>
ST_47 : Operation 344 [2/2] (1.23ns)   --->   "%x_load_92 = load i7 %x_addr_92"   --->   Operation 344 'load' 'x_load_92' <Predicate = true> <Delay = 1.23> <CoreInst = "RAM">   --->   Core 83 'RAM' <Latency = 1> <II = 1> <Delay = 1.23> <Storage> <Opcode : 'load' 'store'> <Ports = 2> <Width = 8> <Depth = 128> <RAM>
ST_47 : Operation 345 [1/1] (0.00ns)   --->   "%x_addr_93 = getelementptr i8 %x, i64 0, i64 93"   --->   Operation 345 'getelementptr' 'x_addr_93' <Predicate = true> <Delay = 0.00>
ST_47 : Operation 346 [2/2] (1.23ns)   --->   "%x_load_93 = load i7 %x_addr_93"   --->   Operation 346 'load' 'x_load_93' <Predicate = true> <Delay = 1.23> <CoreInst = "RAM">   --->   Core 83 'RAM' <Latency = 1> <II = 1> <Delay = 1.23> <Storage> <Opcode : 'load' 'store'> <Ports = 2> <Width = 8> <Depth = 128> <RAM>

State 48 <SV = 47> <Delay = 1.23>
ST_48 : Operation 347 [1/2] (1.23ns)   --->   "%x_load_92 = load i7 %x_addr_92"   --->   Operation 347 'load' 'x_load_92' <Predicate = true> <Delay = 1.23> <CoreInst = "RAM">   --->   Core 83 'RAM' <Latency = 1> <II = 1> <Delay = 1.23> <Storage> <Opcode : 'load' 'store'> <Ports = 2> <Width = 8> <Depth = 128> <RAM>
ST_48 : Operation 348 [1/2] (1.23ns)   --->   "%x_load_93 = load i7 %x_addr_93"   --->   Operation 348 'load' 'x_load_93' <Predicate = true> <Delay = 1.23> <CoreInst = "RAM">   --->   Core 83 'RAM' <Latency = 1> <II = 1> <Delay = 1.23> <Storage> <Opcode : 'load' 'store'> <Ports = 2> <Width = 8> <Depth = 128> <RAM>
ST_48 : Operation 349 [1/1] (0.00ns)   --->   "%x_addr_94 = getelementptr i8 %x, i64 0, i64 94"   --->   Operation 349 'getelementptr' 'x_addr_94' <Predicate = true> <Delay = 0.00>
ST_48 : Operation 350 [2/2] (1.23ns)   --->   "%x_load_94 = load i7 %x_addr_94"   --->   Operation 350 'load' 'x_load_94' <Predicate = true> <Delay = 1.23> <CoreInst = "RAM">   --->   Core 83 'RAM' <Latency = 1> <II = 1> <Delay = 1.23> <Storage> <Opcode : 'load' 'store'> <Ports = 2> <Width = 8> <Depth = 128> <RAM>
ST_48 : Operation 351 [1/1] (0.00ns)   --->   "%x_addr_95 = getelementptr i8 %x, i64 0, i64 95"   --->   Operation 351 'getelementptr' 'x_addr_95' <Predicate = true> <Delay = 0.00>
ST_48 : Operation 352 [2/2] (1.23ns)   --->   "%x_load_95 = load i7 %x_addr_95"   --->   Operation 352 'load' 'x_load_95' <Predicate = true> <Delay = 1.23> <CoreInst = "RAM">   --->   Core 83 'RAM' <Latency = 1> <II = 1> <Delay = 1.23> <Storage> <Opcode : 'load' 'store'> <Ports = 2> <Width = 8> <Depth = 128> <RAM>

State 49 <SV = 48> <Delay = 1.23>
ST_49 : Operation 353 [1/2] (1.23ns)   --->   "%x_load_94 = load i7 %x_addr_94"   --->   Operation 353 'load' 'x_load_94' <Predicate = true> <Delay = 1.23> <CoreInst = "RAM">   --->   Core 83 'RAM' <Latency = 1> <II = 1> <Delay = 1.23> <Storage> <Opcode : 'load' 'store'> <Ports = 2> <Width = 8> <Depth = 128> <RAM>
ST_49 : Operation 354 [1/2] (1.23ns)   --->   "%x_load_95 = load i7 %x_addr_95"   --->   Operation 354 'load' 'x_load_95' <Predicate = true> <Delay = 1.23> <CoreInst = "RAM">   --->   Core 83 'RAM' <Latency = 1> <II = 1> <Delay = 1.23> <Storage> <Opcode : 'load' 'store'> <Ports = 2> <Width = 8> <Depth = 128> <RAM>
ST_49 : Operation 355 [1/1] (0.00ns)   --->   "%x_addr_96 = getelementptr i8 %x, i64 0, i64 96"   --->   Operation 355 'getelementptr' 'x_addr_96' <Predicate = true> <Delay = 0.00>
ST_49 : Operation 356 [2/2] (1.23ns)   --->   "%x_load_96 = load i7 %x_addr_96"   --->   Operation 356 'load' 'x_load_96' <Predicate = true> <Delay = 1.23> <CoreInst = "RAM">   --->   Core 83 'RAM' <Latency = 1> <II = 1> <Delay = 1.23> <Storage> <Opcode : 'load' 'store'> <Ports = 2> <Width = 8> <Depth = 128> <RAM>
ST_49 : Operation 357 [1/1] (0.00ns)   --->   "%x_addr_97 = getelementptr i8 %x, i64 0, i64 97"   --->   Operation 357 'getelementptr' 'x_addr_97' <Predicate = true> <Delay = 0.00>
ST_49 : Operation 358 [2/2] (1.23ns)   --->   "%x_load_97 = load i7 %x_addr_97"   --->   Operation 358 'load' 'x_load_97' <Predicate = true> <Delay = 1.23> <CoreInst = "RAM">   --->   Core 83 'RAM' <Latency = 1> <II = 1> <Delay = 1.23> <Storage> <Opcode : 'load' 'store'> <Ports = 2> <Width = 8> <Depth = 128> <RAM>

State 50 <SV = 49> <Delay = 1.23>
ST_50 : Operation 359 [1/2] (1.23ns)   --->   "%x_load_96 = load i7 %x_addr_96"   --->   Operation 359 'load' 'x_load_96' <Predicate = true> <Delay = 1.23> <CoreInst = "RAM">   --->   Core 83 'RAM' <Latency = 1> <II = 1> <Delay = 1.23> <Storage> <Opcode : 'load' 'store'> <Ports = 2> <Width = 8> <Depth = 128> <RAM>
ST_50 : Operation 360 [1/2] (1.23ns)   --->   "%x_load_97 = load i7 %x_addr_97"   --->   Operation 360 'load' 'x_load_97' <Predicate = true> <Delay = 1.23> <CoreInst = "RAM">   --->   Core 83 'RAM' <Latency = 1> <II = 1> <Delay = 1.23> <Storage> <Opcode : 'load' 'store'> <Ports = 2> <Width = 8> <Depth = 128> <RAM>
ST_50 : Operation 361 [1/1] (0.00ns)   --->   "%x_addr_98 = getelementptr i8 %x, i64 0, i64 98"   --->   Operation 361 'getelementptr' 'x_addr_98' <Predicate = true> <Delay = 0.00>
ST_50 : Operation 362 [2/2] (1.23ns)   --->   "%x_load_98 = load i7 %x_addr_98"   --->   Operation 362 'load' 'x_load_98' <Predicate = true> <Delay = 1.23> <CoreInst = "RAM">   --->   Core 83 'RAM' <Latency = 1> <II = 1> <Delay = 1.23> <Storage> <Opcode : 'load' 'store'> <Ports = 2> <Width = 8> <Depth = 128> <RAM>
ST_50 : Operation 363 [1/1] (0.00ns)   --->   "%x_addr_99 = getelementptr i8 %x, i64 0, i64 99"   --->   Operation 363 'getelementptr' 'x_addr_99' <Predicate = true> <Delay = 0.00>
ST_50 : Operation 364 [2/2] (1.23ns)   --->   "%x_load_99 = load i7 %x_addr_99"   --->   Operation 364 'load' 'x_load_99' <Predicate = true> <Delay = 1.23> <CoreInst = "RAM">   --->   Core 83 'RAM' <Latency = 1> <II = 1> <Delay = 1.23> <Storage> <Opcode : 'load' 'store'> <Ports = 2> <Width = 8> <Depth = 128> <RAM>

State 51 <SV = 50> <Delay = 1.23>
ST_51 : Operation 365 [1/2] (1.23ns)   --->   "%x_load_98 = load i7 %x_addr_98"   --->   Operation 365 'load' 'x_load_98' <Predicate = true> <Delay = 1.23> <CoreInst = "RAM">   --->   Core 83 'RAM' <Latency = 1> <II = 1> <Delay = 1.23> <Storage> <Opcode : 'load' 'store'> <Ports = 2> <Width = 8> <Depth = 128> <RAM>
ST_51 : Operation 366 [1/2] (1.23ns)   --->   "%x_load_99 = load i7 %x_addr_99"   --->   Operation 366 'load' 'x_load_99' <Predicate = true> <Delay = 1.23> <CoreInst = "RAM">   --->   Core 83 'RAM' <Latency = 1> <II = 1> <Delay = 1.23> <Storage> <Opcode : 'load' 'store'> <Ports = 2> <Width = 8> <Depth = 128> <RAM>
ST_51 : Operation 367 [1/1] (0.00ns)   --->   "%x_addr_100 = getelementptr i8 %x, i64 0, i64 100"   --->   Operation 367 'getelementptr' 'x_addr_100' <Predicate = true> <Delay = 0.00>
ST_51 : Operation 368 [2/2] (1.23ns)   --->   "%x_load_100 = load i7 %x_addr_100"   --->   Operation 368 'load' 'x_load_100' <Predicate = true> <Delay = 1.23> <CoreInst = "RAM">   --->   Core 83 'RAM' <Latency = 1> <II = 1> <Delay = 1.23> <Storage> <Opcode : 'load' 'store'> <Ports = 2> <Width = 8> <Depth = 128> <RAM>
ST_51 : Operation 369 [1/1] (0.00ns)   --->   "%x_addr_101 = getelementptr i8 %x, i64 0, i64 101"   --->   Operation 369 'getelementptr' 'x_addr_101' <Predicate = true> <Delay = 0.00>
ST_51 : Operation 370 [2/2] (1.23ns)   --->   "%x_load_101 = load i7 %x_addr_101"   --->   Operation 370 'load' 'x_load_101' <Predicate = true> <Delay = 1.23> <CoreInst = "RAM">   --->   Core 83 'RAM' <Latency = 1> <II = 1> <Delay = 1.23> <Storage> <Opcode : 'load' 'store'> <Ports = 2> <Width = 8> <Depth = 128> <RAM>

State 52 <SV = 51> <Delay = 1.23>
ST_52 : Operation 371 [1/2] (1.23ns)   --->   "%x_load_100 = load i7 %x_addr_100"   --->   Operation 371 'load' 'x_load_100' <Predicate = true> <Delay = 1.23> <CoreInst = "RAM">   --->   Core 83 'RAM' <Latency = 1> <II = 1> <Delay = 1.23> <Storage> <Opcode : 'load' 'store'> <Ports = 2> <Width = 8> <Depth = 128> <RAM>
ST_52 : Operation 372 [1/2] (1.23ns)   --->   "%x_load_101 = load i7 %x_addr_101"   --->   Operation 372 'load' 'x_load_101' <Predicate = true> <Delay = 1.23> <CoreInst = "RAM">   --->   Core 83 'RAM' <Latency = 1> <II = 1> <Delay = 1.23> <Storage> <Opcode : 'load' 'store'> <Ports = 2> <Width = 8> <Depth = 128> <RAM>
ST_52 : Operation 373 [1/1] (0.00ns)   --->   "%x_addr_102 = getelementptr i8 %x, i64 0, i64 102"   --->   Operation 373 'getelementptr' 'x_addr_102' <Predicate = true> <Delay = 0.00>
ST_52 : Operation 374 [2/2] (1.23ns)   --->   "%x_load_102 = load i7 %x_addr_102"   --->   Operation 374 'load' 'x_load_102' <Predicate = true> <Delay = 1.23> <CoreInst = "RAM">   --->   Core 83 'RAM' <Latency = 1> <II = 1> <Delay = 1.23> <Storage> <Opcode : 'load' 'store'> <Ports = 2> <Width = 8> <Depth = 128> <RAM>
ST_52 : Operation 375 [1/1] (0.00ns)   --->   "%x_addr_103 = getelementptr i8 %x, i64 0, i64 103"   --->   Operation 375 'getelementptr' 'x_addr_103' <Predicate = true> <Delay = 0.00>
ST_52 : Operation 376 [2/2] (1.23ns)   --->   "%x_load_103 = load i7 %x_addr_103"   --->   Operation 376 'load' 'x_load_103' <Predicate = true> <Delay = 1.23> <CoreInst = "RAM">   --->   Core 83 'RAM' <Latency = 1> <II = 1> <Delay = 1.23> <Storage> <Opcode : 'load' 'store'> <Ports = 2> <Width = 8> <Depth = 128> <RAM>

State 53 <SV = 52> <Delay = 1.23>
ST_53 : Operation 377 [1/2] (1.23ns)   --->   "%x_load_102 = load i7 %x_addr_102"   --->   Operation 377 'load' 'x_load_102' <Predicate = true> <Delay = 1.23> <CoreInst = "RAM">   --->   Core 83 'RAM' <Latency = 1> <II = 1> <Delay = 1.23> <Storage> <Opcode : 'load' 'store'> <Ports = 2> <Width = 8> <Depth = 128> <RAM>
ST_53 : Operation 378 [1/2] (1.23ns)   --->   "%x_load_103 = load i7 %x_addr_103"   --->   Operation 378 'load' 'x_load_103' <Predicate = true> <Delay = 1.23> <CoreInst = "RAM">   --->   Core 83 'RAM' <Latency = 1> <II = 1> <Delay = 1.23> <Storage> <Opcode : 'load' 'store'> <Ports = 2> <Width = 8> <Depth = 128> <RAM>
ST_53 : Operation 379 [1/1] (0.00ns)   --->   "%x_addr_104 = getelementptr i8 %x, i64 0, i64 104"   --->   Operation 379 'getelementptr' 'x_addr_104' <Predicate = true> <Delay = 0.00>
ST_53 : Operation 380 [2/2] (1.23ns)   --->   "%x_load_104 = load i7 %x_addr_104"   --->   Operation 380 'load' 'x_load_104' <Predicate = true> <Delay = 1.23> <CoreInst = "RAM">   --->   Core 83 'RAM' <Latency = 1> <II = 1> <Delay = 1.23> <Storage> <Opcode : 'load' 'store'> <Ports = 2> <Width = 8> <Depth = 128> <RAM>
ST_53 : Operation 381 [1/1] (0.00ns)   --->   "%x_addr_105 = getelementptr i8 %x, i64 0, i64 105"   --->   Operation 381 'getelementptr' 'x_addr_105' <Predicate = true> <Delay = 0.00>
ST_53 : Operation 382 [2/2] (1.23ns)   --->   "%x_load_105 = load i7 %x_addr_105"   --->   Operation 382 'load' 'x_load_105' <Predicate = true> <Delay = 1.23> <CoreInst = "RAM">   --->   Core 83 'RAM' <Latency = 1> <II = 1> <Delay = 1.23> <Storage> <Opcode : 'load' 'store'> <Ports = 2> <Width = 8> <Depth = 128> <RAM>

State 54 <SV = 53> <Delay = 1.23>
ST_54 : Operation 383 [1/2] (1.23ns)   --->   "%x_load_104 = load i7 %x_addr_104"   --->   Operation 383 'load' 'x_load_104' <Predicate = true> <Delay = 1.23> <CoreInst = "RAM">   --->   Core 83 'RAM' <Latency = 1> <II = 1> <Delay = 1.23> <Storage> <Opcode : 'load' 'store'> <Ports = 2> <Width = 8> <Depth = 128> <RAM>
ST_54 : Operation 384 [1/2] (1.23ns)   --->   "%x_load_105 = load i7 %x_addr_105"   --->   Operation 384 'load' 'x_load_105' <Predicate = true> <Delay = 1.23> <CoreInst = "RAM">   --->   Core 83 'RAM' <Latency = 1> <II = 1> <Delay = 1.23> <Storage> <Opcode : 'load' 'store'> <Ports = 2> <Width = 8> <Depth = 128> <RAM>
ST_54 : Operation 385 [1/1] (0.00ns)   --->   "%x_addr_106 = getelementptr i8 %x, i64 0, i64 106"   --->   Operation 385 'getelementptr' 'x_addr_106' <Predicate = true> <Delay = 0.00>
ST_54 : Operation 386 [2/2] (1.23ns)   --->   "%x_load_106 = load i7 %x_addr_106"   --->   Operation 386 'load' 'x_load_106' <Predicate = true> <Delay = 1.23> <CoreInst = "RAM">   --->   Core 83 'RAM' <Latency = 1> <II = 1> <Delay = 1.23> <Storage> <Opcode : 'load' 'store'> <Ports = 2> <Width = 8> <Depth = 128> <RAM>
ST_54 : Operation 387 [1/1] (0.00ns)   --->   "%x_addr_107 = getelementptr i8 %x, i64 0, i64 107"   --->   Operation 387 'getelementptr' 'x_addr_107' <Predicate = true> <Delay = 0.00>
ST_54 : Operation 388 [2/2] (1.23ns)   --->   "%x_load_107 = load i7 %x_addr_107"   --->   Operation 388 'load' 'x_load_107' <Predicate = true> <Delay = 1.23> <CoreInst = "RAM">   --->   Core 83 'RAM' <Latency = 1> <II = 1> <Delay = 1.23> <Storage> <Opcode : 'load' 'store'> <Ports = 2> <Width = 8> <Depth = 128> <RAM>

State 55 <SV = 54> <Delay = 1.23>
ST_55 : Operation 389 [1/2] (1.23ns)   --->   "%x_load_106 = load i7 %x_addr_106"   --->   Operation 389 'load' 'x_load_106' <Predicate = true> <Delay = 1.23> <CoreInst = "RAM">   --->   Core 83 'RAM' <Latency = 1> <II = 1> <Delay = 1.23> <Storage> <Opcode : 'load' 'store'> <Ports = 2> <Width = 8> <Depth = 128> <RAM>
ST_55 : Operation 390 [1/2] (1.23ns)   --->   "%x_load_107 = load i7 %x_addr_107"   --->   Operation 390 'load' 'x_load_107' <Predicate = true> <Delay = 1.23> <CoreInst = "RAM">   --->   Core 83 'RAM' <Latency = 1> <II = 1> <Delay = 1.23> <Storage> <Opcode : 'load' 'store'> <Ports = 2> <Width = 8> <Depth = 128> <RAM>
ST_55 : Operation 391 [1/1] (0.00ns)   --->   "%x_addr_108 = getelementptr i8 %x, i64 0, i64 108"   --->   Operation 391 'getelementptr' 'x_addr_108' <Predicate = true> <Delay = 0.00>
ST_55 : Operation 392 [2/2] (1.23ns)   --->   "%x_load_108 = load i7 %x_addr_108"   --->   Operation 392 'load' 'x_load_108' <Predicate = true> <Delay = 1.23> <CoreInst = "RAM">   --->   Core 83 'RAM' <Latency = 1> <II = 1> <Delay = 1.23> <Storage> <Opcode : 'load' 'store'> <Ports = 2> <Width = 8> <Depth = 128> <RAM>
ST_55 : Operation 393 [1/1] (0.00ns)   --->   "%x_addr_109 = getelementptr i8 %x, i64 0, i64 109"   --->   Operation 393 'getelementptr' 'x_addr_109' <Predicate = true> <Delay = 0.00>
ST_55 : Operation 394 [2/2] (1.23ns)   --->   "%x_load_109 = load i7 %x_addr_109"   --->   Operation 394 'load' 'x_load_109' <Predicate = true> <Delay = 1.23> <CoreInst = "RAM">   --->   Core 83 'RAM' <Latency = 1> <II = 1> <Delay = 1.23> <Storage> <Opcode : 'load' 'store'> <Ports = 2> <Width = 8> <Depth = 128> <RAM>

State 56 <SV = 55> <Delay = 1.23>
ST_56 : Operation 395 [1/2] (1.23ns)   --->   "%x_load_108 = load i7 %x_addr_108"   --->   Operation 395 'load' 'x_load_108' <Predicate = true> <Delay = 1.23> <CoreInst = "RAM">   --->   Core 83 'RAM' <Latency = 1> <II = 1> <Delay = 1.23> <Storage> <Opcode : 'load' 'store'> <Ports = 2> <Width = 8> <Depth = 128> <RAM>
ST_56 : Operation 396 [1/2] (1.23ns)   --->   "%x_load_109 = load i7 %x_addr_109"   --->   Operation 396 'load' 'x_load_109' <Predicate = true> <Delay = 1.23> <CoreInst = "RAM">   --->   Core 83 'RAM' <Latency = 1> <II = 1> <Delay = 1.23> <Storage> <Opcode : 'load' 'store'> <Ports = 2> <Width = 8> <Depth = 128> <RAM>
ST_56 : Operation 397 [1/1] (0.00ns)   --->   "%x_addr_110 = getelementptr i8 %x, i64 0, i64 110"   --->   Operation 397 'getelementptr' 'x_addr_110' <Predicate = true> <Delay = 0.00>
ST_56 : Operation 398 [2/2] (1.23ns)   --->   "%x_load_110 = load i7 %x_addr_110"   --->   Operation 398 'load' 'x_load_110' <Predicate = true> <Delay = 1.23> <CoreInst = "RAM">   --->   Core 83 'RAM' <Latency = 1> <II = 1> <Delay = 1.23> <Storage> <Opcode : 'load' 'store'> <Ports = 2> <Width = 8> <Depth = 128> <RAM>
ST_56 : Operation 399 [1/1] (0.00ns)   --->   "%x_addr_111 = getelementptr i8 %x, i64 0, i64 111"   --->   Operation 399 'getelementptr' 'x_addr_111' <Predicate = true> <Delay = 0.00>
ST_56 : Operation 400 [2/2] (1.23ns)   --->   "%x_load_111 = load i7 %x_addr_111"   --->   Operation 400 'load' 'x_load_111' <Predicate = true> <Delay = 1.23> <CoreInst = "RAM">   --->   Core 83 'RAM' <Latency = 1> <II = 1> <Delay = 1.23> <Storage> <Opcode : 'load' 'store'> <Ports = 2> <Width = 8> <Depth = 128> <RAM>

State 57 <SV = 56> <Delay = 1.23>
ST_57 : Operation 401 [1/2] (1.23ns)   --->   "%x_load_110 = load i7 %x_addr_110"   --->   Operation 401 'load' 'x_load_110' <Predicate = true> <Delay = 1.23> <CoreInst = "RAM">   --->   Core 83 'RAM' <Latency = 1> <II = 1> <Delay = 1.23> <Storage> <Opcode : 'load' 'store'> <Ports = 2> <Width = 8> <Depth = 128> <RAM>
ST_57 : Operation 402 [1/2] (1.23ns)   --->   "%x_load_111 = load i7 %x_addr_111"   --->   Operation 402 'load' 'x_load_111' <Predicate = true> <Delay = 1.23> <CoreInst = "RAM">   --->   Core 83 'RAM' <Latency = 1> <II = 1> <Delay = 1.23> <Storage> <Opcode : 'load' 'store'> <Ports = 2> <Width = 8> <Depth = 128> <RAM>
ST_57 : Operation 403 [1/1] (0.00ns)   --->   "%x_addr_112 = getelementptr i8 %x, i64 0, i64 112"   --->   Operation 403 'getelementptr' 'x_addr_112' <Predicate = true> <Delay = 0.00>
ST_57 : Operation 404 [2/2] (1.23ns)   --->   "%x_load_112 = load i7 %x_addr_112"   --->   Operation 404 'load' 'x_load_112' <Predicate = true> <Delay = 1.23> <CoreInst = "RAM">   --->   Core 83 'RAM' <Latency = 1> <II = 1> <Delay = 1.23> <Storage> <Opcode : 'load' 'store'> <Ports = 2> <Width = 8> <Depth = 128> <RAM>
ST_57 : Operation 405 [1/1] (0.00ns)   --->   "%x_addr_113 = getelementptr i8 %x, i64 0, i64 113"   --->   Operation 405 'getelementptr' 'x_addr_113' <Predicate = true> <Delay = 0.00>
ST_57 : Operation 406 [2/2] (1.23ns)   --->   "%x_load_113 = load i7 %x_addr_113"   --->   Operation 406 'load' 'x_load_113' <Predicate = true> <Delay = 1.23> <CoreInst = "RAM">   --->   Core 83 'RAM' <Latency = 1> <II = 1> <Delay = 1.23> <Storage> <Opcode : 'load' 'store'> <Ports = 2> <Width = 8> <Depth = 128> <RAM>

State 58 <SV = 57> <Delay = 1.23>
ST_58 : Operation 407 [1/2] (1.23ns)   --->   "%x_load_112 = load i7 %x_addr_112"   --->   Operation 407 'load' 'x_load_112' <Predicate = true> <Delay = 1.23> <CoreInst = "RAM">   --->   Core 83 'RAM' <Latency = 1> <II = 1> <Delay = 1.23> <Storage> <Opcode : 'load' 'store'> <Ports = 2> <Width = 8> <Depth = 128> <RAM>
ST_58 : Operation 408 [1/2] (1.23ns)   --->   "%x_load_113 = load i7 %x_addr_113"   --->   Operation 408 'load' 'x_load_113' <Predicate = true> <Delay = 1.23> <CoreInst = "RAM">   --->   Core 83 'RAM' <Latency = 1> <II = 1> <Delay = 1.23> <Storage> <Opcode : 'load' 'store'> <Ports = 2> <Width = 8> <Depth = 128> <RAM>
ST_58 : Operation 409 [1/1] (0.00ns)   --->   "%x_addr_114 = getelementptr i8 %x, i64 0, i64 114"   --->   Operation 409 'getelementptr' 'x_addr_114' <Predicate = true> <Delay = 0.00>
ST_58 : Operation 410 [2/2] (1.23ns)   --->   "%x_load_114 = load i7 %x_addr_114"   --->   Operation 410 'load' 'x_load_114' <Predicate = true> <Delay = 1.23> <CoreInst = "RAM">   --->   Core 83 'RAM' <Latency = 1> <II = 1> <Delay = 1.23> <Storage> <Opcode : 'load' 'store'> <Ports = 2> <Width = 8> <Depth = 128> <RAM>
ST_58 : Operation 411 [1/1] (0.00ns)   --->   "%x_addr_115 = getelementptr i8 %x, i64 0, i64 115"   --->   Operation 411 'getelementptr' 'x_addr_115' <Predicate = true> <Delay = 0.00>
ST_58 : Operation 412 [2/2] (1.23ns)   --->   "%x_load_115 = load i7 %x_addr_115"   --->   Operation 412 'load' 'x_load_115' <Predicate = true> <Delay = 1.23> <CoreInst = "RAM">   --->   Core 83 'RAM' <Latency = 1> <II = 1> <Delay = 1.23> <Storage> <Opcode : 'load' 'store'> <Ports = 2> <Width = 8> <Depth = 128> <RAM>

State 59 <SV = 58> <Delay = 1.23>
ST_59 : Operation 413 [1/2] (1.23ns)   --->   "%x_load_114 = load i7 %x_addr_114"   --->   Operation 413 'load' 'x_load_114' <Predicate = true> <Delay = 1.23> <CoreInst = "RAM">   --->   Core 83 'RAM' <Latency = 1> <II = 1> <Delay = 1.23> <Storage> <Opcode : 'load' 'store'> <Ports = 2> <Width = 8> <Depth = 128> <RAM>
ST_59 : Operation 414 [1/2] (1.23ns)   --->   "%x_load_115 = load i7 %x_addr_115"   --->   Operation 414 'load' 'x_load_115' <Predicate = true> <Delay = 1.23> <CoreInst = "RAM">   --->   Core 83 'RAM' <Latency = 1> <II = 1> <Delay = 1.23> <Storage> <Opcode : 'load' 'store'> <Ports = 2> <Width = 8> <Depth = 128> <RAM>
ST_59 : Operation 415 [1/1] (0.00ns)   --->   "%x_addr_116 = getelementptr i8 %x, i64 0, i64 116"   --->   Operation 415 'getelementptr' 'x_addr_116' <Predicate = true> <Delay = 0.00>
ST_59 : Operation 416 [2/2] (1.23ns)   --->   "%x_load_116 = load i7 %x_addr_116"   --->   Operation 416 'load' 'x_load_116' <Predicate = true> <Delay = 1.23> <CoreInst = "RAM">   --->   Core 83 'RAM' <Latency = 1> <II = 1> <Delay = 1.23> <Storage> <Opcode : 'load' 'store'> <Ports = 2> <Width = 8> <Depth = 128> <RAM>
ST_59 : Operation 417 [1/1] (0.00ns)   --->   "%x_addr_117 = getelementptr i8 %x, i64 0, i64 117"   --->   Operation 417 'getelementptr' 'x_addr_117' <Predicate = true> <Delay = 0.00>
ST_59 : Operation 418 [2/2] (1.23ns)   --->   "%x_load_117 = load i7 %x_addr_117"   --->   Operation 418 'load' 'x_load_117' <Predicate = true> <Delay = 1.23> <CoreInst = "RAM">   --->   Core 83 'RAM' <Latency = 1> <II = 1> <Delay = 1.23> <Storage> <Opcode : 'load' 'store'> <Ports = 2> <Width = 8> <Depth = 128> <RAM>

State 60 <SV = 59> <Delay = 1.23>
ST_60 : Operation 419 [1/2] (1.23ns)   --->   "%x_load_116 = load i7 %x_addr_116"   --->   Operation 419 'load' 'x_load_116' <Predicate = true> <Delay = 1.23> <CoreInst = "RAM">   --->   Core 83 'RAM' <Latency = 1> <II = 1> <Delay = 1.23> <Storage> <Opcode : 'load' 'store'> <Ports = 2> <Width = 8> <Depth = 128> <RAM>
ST_60 : Operation 420 [1/2] (1.23ns)   --->   "%x_load_117 = load i7 %x_addr_117"   --->   Operation 420 'load' 'x_load_117' <Predicate = true> <Delay = 1.23> <CoreInst = "RAM">   --->   Core 83 'RAM' <Latency = 1> <II = 1> <Delay = 1.23> <Storage> <Opcode : 'load' 'store'> <Ports = 2> <Width = 8> <Depth = 128> <RAM>
ST_60 : Operation 421 [1/1] (0.00ns)   --->   "%x_addr_118 = getelementptr i8 %x, i64 0, i64 118"   --->   Operation 421 'getelementptr' 'x_addr_118' <Predicate = true> <Delay = 0.00>
ST_60 : Operation 422 [2/2] (1.23ns)   --->   "%x_load_118 = load i7 %x_addr_118"   --->   Operation 422 'load' 'x_load_118' <Predicate = true> <Delay = 1.23> <CoreInst = "RAM">   --->   Core 83 'RAM' <Latency = 1> <II = 1> <Delay = 1.23> <Storage> <Opcode : 'load' 'store'> <Ports = 2> <Width = 8> <Depth = 128> <RAM>
ST_60 : Operation 423 [1/1] (0.00ns)   --->   "%x_addr_119 = getelementptr i8 %x, i64 0, i64 119"   --->   Operation 423 'getelementptr' 'x_addr_119' <Predicate = true> <Delay = 0.00>
ST_60 : Operation 424 [2/2] (1.23ns)   --->   "%x_load_119 = load i7 %x_addr_119"   --->   Operation 424 'load' 'x_load_119' <Predicate = true> <Delay = 1.23> <CoreInst = "RAM">   --->   Core 83 'RAM' <Latency = 1> <II = 1> <Delay = 1.23> <Storage> <Opcode : 'load' 'store'> <Ports = 2> <Width = 8> <Depth = 128> <RAM>

State 61 <SV = 60> <Delay = 1.23>
ST_61 : Operation 425 [1/2] (1.23ns)   --->   "%x_load_118 = load i7 %x_addr_118"   --->   Operation 425 'load' 'x_load_118' <Predicate = true> <Delay = 1.23> <CoreInst = "RAM">   --->   Core 83 'RAM' <Latency = 1> <II = 1> <Delay = 1.23> <Storage> <Opcode : 'load' 'store'> <Ports = 2> <Width = 8> <Depth = 128> <RAM>
ST_61 : Operation 426 [1/2] (1.23ns)   --->   "%x_load_119 = load i7 %x_addr_119"   --->   Operation 426 'load' 'x_load_119' <Predicate = true> <Delay = 1.23> <CoreInst = "RAM">   --->   Core 83 'RAM' <Latency = 1> <II = 1> <Delay = 1.23> <Storage> <Opcode : 'load' 'store'> <Ports = 2> <Width = 8> <Depth = 128> <RAM>
ST_61 : Operation 427 [1/1] (0.00ns)   --->   "%x_addr_120 = getelementptr i8 %x, i64 0, i64 120"   --->   Operation 427 'getelementptr' 'x_addr_120' <Predicate = true> <Delay = 0.00>
ST_61 : Operation 428 [2/2] (1.23ns)   --->   "%x_load_120 = load i7 %x_addr_120"   --->   Operation 428 'load' 'x_load_120' <Predicate = true> <Delay = 1.23> <CoreInst = "RAM">   --->   Core 83 'RAM' <Latency = 1> <II = 1> <Delay = 1.23> <Storage> <Opcode : 'load' 'store'> <Ports = 2> <Width = 8> <Depth = 128> <RAM>
ST_61 : Operation 429 [1/1] (0.00ns)   --->   "%x_addr_121 = getelementptr i8 %x, i64 0, i64 121"   --->   Operation 429 'getelementptr' 'x_addr_121' <Predicate = true> <Delay = 0.00>
ST_61 : Operation 430 [2/2] (1.23ns)   --->   "%x_load_121 = load i7 %x_addr_121"   --->   Operation 430 'load' 'x_load_121' <Predicate = true> <Delay = 1.23> <CoreInst = "RAM">   --->   Core 83 'RAM' <Latency = 1> <II = 1> <Delay = 1.23> <Storage> <Opcode : 'load' 'store'> <Ports = 2> <Width = 8> <Depth = 128> <RAM>

State 62 <SV = 61> <Delay = 1.23>
ST_62 : Operation 431 [1/2] (1.23ns)   --->   "%x_load_120 = load i7 %x_addr_120"   --->   Operation 431 'load' 'x_load_120' <Predicate = true> <Delay = 1.23> <CoreInst = "RAM">   --->   Core 83 'RAM' <Latency = 1> <II = 1> <Delay = 1.23> <Storage> <Opcode : 'load' 'store'> <Ports = 2> <Width = 8> <Depth = 128> <RAM>
ST_62 : Operation 432 [1/2] (1.23ns)   --->   "%x_load_121 = load i7 %x_addr_121"   --->   Operation 432 'load' 'x_load_121' <Predicate = true> <Delay = 1.23> <CoreInst = "RAM">   --->   Core 83 'RAM' <Latency = 1> <II = 1> <Delay = 1.23> <Storage> <Opcode : 'load' 'store'> <Ports = 2> <Width = 8> <Depth = 128> <RAM>
ST_62 : Operation 433 [1/1] (0.00ns)   --->   "%x_addr_122 = getelementptr i8 %x, i64 0, i64 122"   --->   Operation 433 'getelementptr' 'x_addr_122' <Predicate = true> <Delay = 0.00>
ST_62 : Operation 434 [2/2] (1.23ns)   --->   "%x_load_122 = load i7 %x_addr_122"   --->   Operation 434 'load' 'x_load_122' <Predicate = true> <Delay = 1.23> <CoreInst = "RAM">   --->   Core 83 'RAM' <Latency = 1> <II = 1> <Delay = 1.23> <Storage> <Opcode : 'load' 'store'> <Ports = 2> <Width = 8> <Depth = 128> <RAM>
ST_62 : Operation 435 [1/1] (0.00ns)   --->   "%x_addr_123 = getelementptr i8 %x, i64 0, i64 123"   --->   Operation 435 'getelementptr' 'x_addr_123' <Predicate = true> <Delay = 0.00>
ST_62 : Operation 436 [2/2] (1.23ns)   --->   "%x_load_123 = load i7 %x_addr_123"   --->   Operation 436 'load' 'x_load_123' <Predicate = true> <Delay = 1.23> <CoreInst = "RAM">   --->   Core 83 'RAM' <Latency = 1> <II = 1> <Delay = 1.23> <Storage> <Opcode : 'load' 'store'> <Ports = 2> <Width = 8> <Depth = 128> <RAM>

State 63 <SV = 62> <Delay = 1.23>
ST_63 : Operation 437 [1/2] (1.23ns)   --->   "%x_load_122 = load i7 %x_addr_122"   --->   Operation 437 'load' 'x_load_122' <Predicate = true> <Delay = 1.23> <CoreInst = "RAM">   --->   Core 83 'RAM' <Latency = 1> <II = 1> <Delay = 1.23> <Storage> <Opcode : 'load' 'store'> <Ports = 2> <Width = 8> <Depth = 128> <RAM>
ST_63 : Operation 438 [1/2] (1.23ns)   --->   "%x_load_123 = load i7 %x_addr_123"   --->   Operation 438 'load' 'x_load_123' <Predicate = true> <Delay = 1.23> <CoreInst = "RAM">   --->   Core 83 'RAM' <Latency = 1> <II = 1> <Delay = 1.23> <Storage> <Opcode : 'load' 'store'> <Ports = 2> <Width = 8> <Depth = 128> <RAM>
ST_63 : Operation 439 [1/1] (0.00ns)   --->   "%x_addr_124 = getelementptr i8 %x, i64 0, i64 124"   --->   Operation 439 'getelementptr' 'x_addr_124' <Predicate = true> <Delay = 0.00>
ST_63 : Operation 440 [2/2] (1.23ns)   --->   "%x_load_124 = load i7 %x_addr_124"   --->   Operation 440 'load' 'x_load_124' <Predicate = true> <Delay = 1.23> <CoreInst = "RAM">   --->   Core 83 'RAM' <Latency = 1> <II = 1> <Delay = 1.23> <Storage> <Opcode : 'load' 'store'> <Ports = 2> <Width = 8> <Depth = 128> <RAM>
ST_63 : Operation 441 [1/1] (0.00ns)   --->   "%x_addr_125 = getelementptr i8 %x, i64 0, i64 125"   --->   Operation 441 'getelementptr' 'x_addr_125' <Predicate = true> <Delay = 0.00>
ST_63 : Operation 442 [2/2] (1.23ns)   --->   "%x_load_125 = load i7 %x_addr_125"   --->   Operation 442 'load' 'x_load_125' <Predicate = true> <Delay = 1.23> <CoreInst = "RAM">   --->   Core 83 'RAM' <Latency = 1> <II = 1> <Delay = 1.23> <Storage> <Opcode : 'load' 'store'> <Ports = 2> <Width = 8> <Depth = 128> <RAM>

State 64 <SV = 63> <Delay = 1.23>
ST_64 : Operation 443 [1/2] (1.23ns)   --->   "%x_load_124 = load i7 %x_addr_124"   --->   Operation 443 'load' 'x_load_124' <Predicate = true> <Delay = 1.23> <CoreInst = "RAM">   --->   Core 83 'RAM' <Latency = 1> <II = 1> <Delay = 1.23> <Storage> <Opcode : 'load' 'store'> <Ports = 2> <Width = 8> <Depth = 128> <RAM>
ST_64 : Operation 444 [1/2] (1.23ns)   --->   "%x_load_125 = load i7 %x_addr_125"   --->   Operation 444 'load' 'x_load_125' <Predicate = true> <Delay = 1.23> <CoreInst = "RAM">   --->   Core 83 'RAM' <Latency = 1> <II = 1> <Delay = 1.23> <Storage> <Opcode : 'load' 'store'> <Ports = 2> <Width = 8> <Depth = 128> <RAM>
ST_64 : Operation 445 [1/1] (0.00ns)   --->   "%x_addr_126 = getelementptr i8 %x, i64 0, i64 126"   --->   Operation 445 'getelementptr' 'x_addr_126' <Predicate = true> <Delay = 0.00>
ST_64 : Operation 446 [2/2] (1.23ns)   --->   "%x_load_126 = load i7 %x_addr_126"   --->   Operation 446 'load' 'x_load_126' <Predicate = true> <Delay = 1.23> <CoreInst = "RAM">   --->   Core 83 'RAM' <Latency = 1> <II = 1> <Delay = 1.23> <Storage> <Opcode : 'load' 'store'> <Ports = 2> <Width = 8> <Depth = 128> <RAM>
ST_64 : Operation 447 [1/1] (0.00ns)   --->   "%x_addr_127 = getelementptr i8 %x, i64 0, i64 127"   --->   Operation 447 'getelementptr' 'x_addr_127' <Predicate = true> <Delay = 0.00>
ST_64 : Operation 448 [2/2] (1.23ns)   --->   "%x_load_127 = load i7 %x_addr_127"   --->   Operation 448 'load' 'x_load_127' <Predicate = true> <Delay = 1.23> <CoreInst = "RAM">   --->   Core 83 'RAM' <Latency = 1> <II = 1> <Delay = 1.23> <Storage> <Opcode : 'load' 'store'> <Ports = 2> <Width = 8> <Depth = 128> <RAM>

State 65 <SV = 64> <Delay = 1.23>
ST_65 : Operation 449 [1/2] (1.23ns)   --->   "%x_load_126 = load i7 %x_addr_126"   --->   Operation 449 'load' 'x_load_126' <Predicate = true> <Delay = 1.23> <CoreInst = "RAM">   --->   Core 83 'RAM' <Latency = 1> <II = 1> <Delay = 1.23> <Storage> <Opcode : 'load' 'store'> <Ports = 2> <Width = 8> <Depth = 128> <RAM>
ST_65 : Operation 450 [1/2] (1.23ns)   --->   "%x_load_127 = load i7 %x_addr_127"   --->   Operation 450 'load' 'x_load_127' <Predicate = true> <Delay = 1.23> <CoreInst = "RAM">   --->   Core 83 'RAM' <Latency = 1> <II = 1> <Delay = 1.23> <Storage> <Opcode : 'load' 'store'> <Ports = 2> <Width = 8> <Depth = 128> <RAM>
ST_65 : Operation 451 [2/2] (0.00ns)   --->   "%call_ln182 = call void @linear_acc<320, 128>_Pipeline_VITIS_LOOP_186_1, i8 %x_load_72, i8 %x_load_66, i8 %x_load_126, i8 %x_load_7, i8 %x_load_125, i8 %x_load_59, i8 %x_load_39, i8 %x_load_124, i8 %x_load_81, i8 %x_load_45, i8 %x_load_101, i8 %x_load_123, i8 %x_load_67, i8 %x_load_36, i8 %x_load_111, i8 %x_load_25, i8 %x_load_122, i8 %x_load_89, i8 %x_load_58, i8 %x_load_76, i8 %x_load_8, i8 %x_load_105, i8 %x_load_121, i8 %x_load_12, i8 %x_load_18, i8 %x_load_6, i8 %x_load_94, i8 %x_load_51, i8 %x_load_97, i8 %x_load_120, i8 %x_load_68, i8 %x_load_57, i8 %x_load_79, i8 %x_load_73, i8 %x_load_110, i8 %x_load, i8 %x_load_9, i8 %x_load_119, i8 %x_load_24, i8 %x_load_11, i8 %x_load_5, i8 %x_load_91, i8 %x_load_37, i8 %x_load_56, i8 %x_load_47, i8 %x_load_100, i8 %x_load_118, i8 %x_load_21, i8 %x_load_69, i8 %x_load_104, i8 %x_load_31, i8 %x_load_42, i8 %x_load_32, i8 %x_load_30, i8 %x_load_109, i8 %x_load_50, i8 %x_load_117, i8 %x_load_55, i8 %x_load_40, i8 %x_load_84, i8 %x_load_44, i8 %x_load_86, i8 %x_load_77, i8 %x_load_1, i8 %x_load_33, i8 %x_load_82, i8 %x_load_48, i8 %x_load_74, i8 %x_load_116, i8 %x_load_96, i8 %x_load_29, i8 %x_load_19, i8 %x_load_93, i8 %x_load_88, i8 %x_load_70, i8 %x_load_3, i8 %x_load_108, i8 %x_load_28, i8 %x_load_103, i8 %x_load_54, i8 %x_load_115, i8 %x_load_34, i8 %x_load_99, i8 %x_load_4, i8 %x_load_38, i8 %x_load_80, i8 %x_load_46, i8 %x_load_23, i8 %x_load_49, i8 %x_load_10, i8 %x_load_27, i8 %x_load_90, i8 %x_load_15, i8 %x_load_114, i8 %x_load_53, i8 %x_load_16, i8 %x_load_71, i8 %x_load_35, i8 %x_load_107, i8 %x_load_87, i8 %x_load_14, i8 %x_load_2, i8 %x_load_26, i8 %x_load_75, i8 %x_load_41, i8 %x_load_43, i8 %x_load_78, i8 %x_load_102, i8 %x_load_113, i8 %x_load_17, i8 %x_load_95, i8 %x_load_63, i8 %x_load_64, i8 %x_load_62, i8 %x_load_20, i8 %x_load_65, i8 %x_load_22, i8 %x_load_98, i8 %x_load_61, i8 %x_load_92, i8 %x_load_13, i8 %x_load_52, i8 %x_load_106, i8 %x_load_85, i8 %x_load_112, i8 %x_load_127, i8 %x_load_60, i8 %x_load_83, i22 %out_r, i5 %bfc0, i8 %p_ZL4Wfc0_0, i7 %p_ZL4Wfc0_1, i8 %p_ZL4Wfc0_2, i7 %p_ZL4Wfc0_3, i8 %p_ZL4Wfc0_4, i8 %p_ZL4Wfc0_5, i8 %p_ZL4Wfc0_6, i7 %p_ZL4Wfc0_7, i7 %p_ZL4Wfc0_8, i8 %p_ZL4Wfc0_9, i8 %p_ZL4Wfc0_10, i7 %p_ZL4Wfc0_11, i7 %p_ZL4Wfc0_12, i7 %p_ZL4Wfc0_13, i8 %p_ZL4Wfc0_14, i7 %p_ZL4Wfc0_15, i8 %p_ZL4Wfc0_16, i7 %p_ZL4Wfc0_17, i8 %p_ZL4Wfc0_18, i7 %p_ZL4Wfc0_19, i7 %p_ZL4Wfc0_20, i7 %p_ZL4Wfc0_21, i8 %p_ZL4Wfc0_22, i8 %p_ZL4Wfc0_23, i7 %p_ZL4Wfc0_24, i8 %p_ZL4Wfc0_25, i8 %p_ZL4Wfc0_26, i8 %p_ZL4Wfc0_27, i7 %p_ZL4Wfc0_28, i7 %p_ZL4Wfc0_29, i7 %p_ZL4Wfc0_30, i7 %p_ZL4Wfc0_31, i7 %p_ZL4Wfc0_32, i7 %p_ZL4Wfc0_33, i7 %p_ZL4Wfc0_34, i7 %p_ZL4Wfc0_35, i8 %p_ZL4Wfc0_36, i8 %p_ZL4Wfc0_37, i8 %p_ZL4Wfc0_38, i7 %p_ZL4Wfc0_39, i7 %p_ZL4Wfc0_40, i7 %p_ZL4Wfc0_41, i7 %p_ZL4Wfc0_42, i7 %p_ZL4Wfc0_43, i7 %p_ZL4Wfc0_44, i7 %p_ZL4Wfc0_45, i8 %p_ZL4Wfc0_46, i7 %p_ZL4Wfc0_47, i8 %p_ZL4Wfc0_48, i8 %p_ZL4Wfc0_49, i8 %p_ZL4Wfc0_50, i8 %p_ZL4Wfc0_51, i8 %p_ZL4Wfc0_52, i8 %p_ZL4Wfc0_53, i8 %p_ZL4Wfc0_54, i7 %p_ZL4Wfc0_55, i7 %p_ZL4Wfc0_56, i8 %p_ZL4Wfc0_57, i7 %p_ZL4Wfc0_58, i8 %p_ZL4Wfc0_59, i8 %p_ZL4Wfc0_60, i7 %p_ZL4Wfc0_61, i7 %p_ZL4Wfc0_62, i7 %p_ZL4Wfc0_63, i7 %p_ZL4Wfc0_64, i8 %p_ZL4Wfc0_65, i8 %p_ZL4Wfc0_66, i7 %p_ZL4Wfc0_67, i8 %p_ZL4Wfc0_68, i7 %p_ZL4Wfc0_69, i7 %p_ZL4Wfc0_70, i8 %p_ZL4Wfc0_71, i8 %p_ZL4Wfc0_72, i8 %p_ZL4Wfc0_73, i7 %p_ZL4Wfc0_74, i8 %p_ZL4Wfc0_75, i7 %p_ZL4Wfc0_76, i8 %p_ZL4Wfc0_77, i8 %p_ZL4Wfc0_78, i7 %p_ZL4Wfc0_79, i7 %p_ZL4Wfc0_80, i7 %p_ZL4Wfc0_81, i7 %p_ZL4Wfc0_82, i8 %p_ZL4Wfc0_83, i8 %p_ZL4Wfc0_84, i7 %p_ZL4Wfc0_85, i8 %p_ZL4Wfc0_86, i8 %p_ZL4Wfc0_87, i7 %p_ZL4Wfc0_88, i8 %p_ZL4Wfc0_89, i8 %p_ZL4Wfc0_90, i7 %p_ZL4Wfc0_91, i7 %p_ZL4Wfc0_92, i8 %p_ZL4Wfc0_93, i8 %p_ZL4Wfc0_94, i8 %p_ZL4Wfc0_95, i8 %p_ZL4Wfc0_96, i8 %p_ZL4Wfc0_97, i7 %p_ZL4Wfc0_98, i7 %p_ZL4Wfc0_99, i7 %p_ZL4Wfc0_100, i8 %p_ZL4Wfc0_101, i7 %p_ZL4Wfc0_102, i8 %p_ZL4Wfc0_103, i8 %p_ZL4Wfc0_104, i7 %p_ZL4Wfc0_105, i8 %p_ZL4Wfc0_106, i7 %p_ZL4Wfc0_107, i7 %p_ZL4Wfc0_108, i8 %p_ZL4Wfc0_109, i7 %p_ZL4Wfc0_110, i8 %p_ZL4Wfc0_111, i8 %p_ZL4Wfc0_112, i8 %p_ZL4Wfc0_113, i8 %p_ZL4Wfc0_114, i8 %p_ZL4Wfc0_115, i8 %p_ZL4Wfc0_116, i7 %p_ZL4Wfc0_117, i7 %p_ZL4Wfc0_118, i7 %p_ZL4Wfc0_119, i8 %p_ZL4Wfc0_120, i7 %p_ZL4Wfc0_121, i7 %p_ZL4Wfc0_122, i7 %p_ZL4Wfc0_123, i7 %p_ZL4Wfc0_124, i8 %p_ZL4Wfc0_125, i7 %p_ZL4Wfc0_126, i8 %p_ZL4Wfc0_127" [awn_int8.cpp:182]   --->   Operation 451 'call' 'call_ln182' <Predicate = true> <Delay = 0.00> <CoreType = "Generic">   --->   Core 0 '' <Latency = 0> <II = 1> <Delay = 1.00> <Generic> <Opcode : >

State 66 <SV = 65> <Delay = 0.00>
ST_66 : Operation 452 [1/2] (0.00ns)   --->   "%call_ln182 = call void @linear_acc<320, 128>_Pipeline_VITIS_LOOP_186_1, i8 %x_load_72, i8 %x_load_66, i8 %x_load_126, i8 %x_load_7, i8 %x_load_125, i8 %x_load_59, i8 %x_load_39, i8 %x_load_124, i8 %x_load_81, i8 %x_load_45, i8 %x_load_101, i8 %x_load_123, i8 %x_load_67, i8 %x_load_36, i8 %x_load_111, i8 %x_load_25, i8 %x_load_122, i8 %x_load_89, i8 %x_load_58, i8 %x_load_76, i8 %x_load_8, i8 %x_load_105, i8 %x_load_121, i8 %x_load_12, i8 %x_load_18, i8 %x_load_6, i8 %x_load_94, i8 %x_load_51, i8 %x_load_97, i8 %x_load_120, i8 %x_load_68, i8 %x_load_57, i8 %x_load_79, i8 %x_load_73, i8 %x_load_110, i8 %x_load, i8 %x_load_9, i8 %x_load_119, i8 %x_load_24, i8 %x_load_11, i8 %x_load_5, i8 %x_load_91, i8 %x_load_37, i8 %x_load_56, i8 %x_load_47, i8 %x_load_100, i8 %x_load_118, i8 %x_load_21, i8 %x_load_69, i8 %x_load_104, i8 %x_load_31, i8 %x_load_42, i8 %x_load_32, i8 %x_load_30, i8 %x_load_109, i8 %x_load_50, i8 %x_load_117, i8 %x_load_55, i8 %x_load_40, i8 %x_load_84, i8 %x_load_44, i8 %x_load_86, i8 %x_load_77, i8 %x_load_1, i8 %x_load_33, i8 %x_load_82, i8 %x_load_48, i8 %x_load_74, i8 %x_load_116, i8 %x_load_96, i8 %x_load_29, i8 %x_load_19, i8 %x_load_93, i8 %x_load_88, i8 %x_load_70, i8 %x_load_3, i8 %x_load_108, i8 %x_load_28, i8 %x_load_103, i8 %x_load_54, i8 %x_load_115, i8 %x_load_34, i8 %x_load_99, i8 %x_load_4, i8 %x_load_38, i8 %x_load_80, i8 %x_load_46, i8 %x_load_23, i8 %x_load_49, i8 %x_load_10, i8 %x_load_27, i8 %x_load_90, i8 %x_load_15, i8 %x_load_114, i8 %x_load_53, i8 %x_load_16, i8 %x_load_71, i8 %x_load_35, i8 %x_load_107, i8 %x_load_87, i8 %x_load_14, i8 %x_load_2, i8 %x_load_26, i8 %x_load_75, i8 %x_load_41, i8 %x_load_43, i8 %x_load_78, i8 %x_load_102, i8 %x_load_113, i8 %x_load_17, i8 %x_load_95, i8 %x_load_63, i8 %x_load_64, i8 %x_load_62, i8 %x_load_20, i8 %x_load_65, i8 %x_load_22, i8 %x_load_98, i8 %x_load_61, i8 %x_load_92, i8 %x_load_13, i8 %x_load_52, i8 %x_load_106, i8 %x_load_85, i8 %x_load_112, i8 %x_load_127, i8 %x_load_60, i8 %x_load_83, i22 %out_r, i5 %bfc0, i8 %p_ZL4Wfc0_0, i7 %p_ZL4Wfc0_1, i8 %p_ZL4Wfc0_2, i7 %p_ZL4Wfc0_3, i8 %p_ZL4Wfc0_4, i8 %p_ZL4Wfc0_5, i8 %p_ZL4Wfc0_6, i7 %p_ZL4Wfc0_7, i7 %p_ZL4Wfc0_8, i8 %p_ZL4Wfc0_9, i8 %p_ZL4Wfc0_10, i7 %p_ZL4Wfc0_11, i7 %p_ZL4Wfc0_12, i7 %p_ZL4Wfc0_13, i8 %p_ZL4Wfc0_14, i7 %p_ZL4Wfc0_15, i8 %p_ZL4Wfc0_16, i7 %p_ZL4Wfc0_17, i8 %p_ZL4Wfc0_18, i7 %p_ZL4Wfc0_19, i7 %p_ZL4Wfc0_20, i7 %p_ZL4Wfc0_21, i8 %p_ZL4Wfc0_22, i8 %p_ZL4Wfc0_23, i7 %p_ZL4Wfc0_24, i8 %p_ZL4Wfc0_25, i8 %p_ZL4Wfc0_26, i8 %p_ZL4Wfc0_27, i7 %p_ZL4Wfc0_28, i7 %p_ZL4Wfc0_29, i7 %p_ZL4Wfc0_30, i7 %p_ZL4Wfc0_31, i7 %p_ZL4Wfc0_32, i7 %p_ZL4Wfc0_33, i7 %p_ZL4Wfc0_34, i7 %p_ZL4Wfc0_35, i8 %p_ZL4Wfc0_36, i8 %p_ZL4Wfc0_37, i8 %p_ZL4Wfc0_38, i7 %p_ZL4Wfc0_39, i7 %p_ZL4Wfc0_40, i7 %p_ZL4Wfc0_41, i7 %p_ZL4Wfc0_42, i7 %p_ZL4Wfc0_43, i7 %p_ZL4Wfc0_44, i7 %p_ZL4Wfc0_45, i8 %p_ZL4Wfc0_46, i7 %p_ZL4Wfc0_47, i8 %p_ZL4Wfc0_48, i8 %p_ZL4Wfc0_49, i8 %p_ZL4Wfc0_50, i8 %p_ZL4Wfc0_51, i8 %p_ZL4Wfc0_52, i8 %p_ZL4Wfc0_53, i8 %p_ZL4Wfc0_54, i7 %p_ZL4Wfc0_55, i7 %p_ZL4Wfc0_56, i8 %p_ZL4Wfc0_57, i7 %p_ZL4Wfc0_58, i8 %p_ZL4Wfc0_59, i8 %p_ZL4Wfc0_60, i7 %p_ZL4Wfc0_61, i7 %p_ZL4Wfc0_62, i7 %p_ZL4Wfc0_63, i7 %p_ZL4Wfc0_64, i8 %p_ZL4Wfc0_65, i8 %p_ZL4Wfc0_66, i7 %p_ZL4Wfc0_67, i8 %p_ZL4Wfc0_68, i7 %p_ZL4Wfc0_69, i7 %p_ZL4Wfc0_70, i8 %p_ZL4Wfc0_71, i8 %p_ZL4Wfc0_72, i8 %p_ZL4Wfc0_73, i7 %p_ZL4Wfc0_74, i8 %p_ZL4Wfc0_75, i7 %p_ZL4Wfc0_76, i8 %p_ZL4Wfc0_77, i8 %p_ZL4Wfc0_78, i7 %p_ZL4Wfc0_79, i7 %p_ZL4Wfc0_80, i7 %p_ZL4Wfc0_81, i7 %p_ZL4Wfc0_82, i8 %p_ZL4Wfc0_83, i8 %p_ZL4Wfc0_84, i7 %p_ZL4Wfc0_85, i8 %p_ZL4Wfc0_86, i8 %p_ZL4Wfc0_87, i7 %p_ZL4Wfc0_88, i8 %p_ZL4Wfc0_89, i8 %p_ZL4Wfc0_90, i7 %p_ZL4Wfc0_91, i7 %p_ZL4Wfc0_92, i8 %p_ZL4Wfc0_93, i8 %p_ZL4Wfc0_94, i8 %p_ZL4Wfc0_95, i8 %p_ZL4Wfc0_96, i8 %p_ZL4Wfc0_97, i7 %p_ZL4Wfc0_98, i7 %p_ZL4Wfc0_99, i7 %p_ZL4Wfc0_100, i8 %p_ZL4Wfc0_101, i7 %p_ZL4Wfc0_102, i8 %p_ZL4Wfc0_103, i8 %p_ZL4Wfc0_104, i7 %p_ZL4Wfc0_105, i8 %p_ZL4Wfc0_106, i7 %p_ZL4Wfc0_107, i7 %p_ZL4Wfc0_108, i8 %p_ZL4Wfc0_109, i7 %p_ZL4Wfc0_110, i8 %p_ZL4Wfc0_111, i8 %p_ZL4Wfc0_112, i8 %p_ZL4Wfc0_113, i8 %p_ZL4Wfc0_114, i8 %p_ZL4Wfc0_115, i8 %p_ZL4Wfc0_116, i7 %p_ZL4Wfc0_117, i7 %p_ZL4Wfc0_118, i7 %p_ZL4Wfc0_119, i8 %p_ZL4Wfc0_120, i7 %p_ZL4Wfc0_121, i7 %p_ZL4Wfc0_122, i7 %p_ZL4Wfc0_123, i7 %p_ZL4Wfc0_124, i8 %p_ZL4Wfc0_125, i7 %p_ZL4Wfc0_126, i8 %p_ZL4Wfc0_127" [awn_int8.cpp:182]   --->   Operation 452 'call' 'call_ln182' <Predicate = true> <Delay = 0.00> <CoreType = "Generic">   --->   Core 0 '' <Latency = 0> <II = 1> <Delay = 1.00> <Generic> <Opcode : >
ST_66 : Operation 453 [1/1] (0.00ns)   --->   "%ret_ln194 = ret" [awn_int8.cpp:194]   --->   Operation 453 'ret' 'ret_ln194' <Predicate = true> <Delay = 0.00>


============================================================
+ Verbose Summary: Binding
============================================================
STG Binding: 
---------------- STG Properties BEGIN ----------------
- Is combinational: 0
- Is one-state seq: 0
- Is datapath-only: 0
- Is pipelined: 0
- Is top level: 0
Port [ Return ] is wired: 1; IO mode=ap_ctrl_hs:ce=0
Port [ x]:  wired=1; compound=1; hidden=0; nouse=0; global=0; static=0; extern=0; dir=0; type=1; pingpong=0; private_global=0; MemPort=[11]; IO mode=ap_memory:ce=0
Port [ out_r]:  wired=1; compound=1; hidden=0; nouse=0; global=0; static=0; extern=0; dir=1; type=1; pingpong=0; private_global=0; MemPort=[03]; IO mode=ap_memory:ce=0
Port [ bfc0]:  wired=0; compound=1; hidden=1; nouse=1; global=1; static=1; extern=0; dir=0; type=1; pingpong=0; private_global=0; MemPort=[1]; IO mode=ap_memory:ce=0
Port [ p_ZL4Wfc0_0]:  wired=0; compound=1; hidden=1; nouse=1; global=1; static=1; extern=0; dir=0; type=1; pingpong=0; private_global=0; MemPort=[1]; IO mode=ap_memory:ce=0
Port [ p_ZL4Wfc0_1]:  wired=0; compound=1; hidden=1; nouse=1; global=1; static=1; extern=0; dir=0; type=1; pingpong=0; private_global=0; MemPort=[1]; IO mode=ap_memory:ce=0
Port [ p_ZL4Wfc0_2]:  wired=0; compound=1; hidden=1; nouse=1; global=1; static=1; extern=0; dir=0; type=1; pingpong=0; private_global=0; MemPort=[1]; IO mode=ap_memory:ce=0
Port [ p_ZL4Wfc0_3]:  wired=0; compound=1; hidden=1; nouse=1; global=1; static=1; extern=0; dir=0; type=1; pingpong=0; private_global=0; MemPort=[1]; IO mode=ap_memory:ce=0
Port [ p_ZL4Wfc0_4]:  wired=0; compound=1; hidden=1; nouse=1; global=1; static=1; extern=0; dir=0; type=1; pingpong=0; private_global=0; MemPort=[1]; IO mode=ap_memory:ce=0
Port [ p_ZL4Wfc0_5]:  wired=0; compound=1; hidden=1; nouse=1; global=1; static=1; extern=0; dir=0; type=1; pingpong=0; private_global=0; MemPort=[1]; IO mode=ap_memory:ce=0
Port [ p_ZL4Wfc0_6]:  wired=0; compound=1; hidden=1; nouse=1; global=1; static=1; extern=0; dir=0; type=1; pingpong=0; private_global=0; MemPort=[1]; IO mode=ap_memory:ce=0
Port [ p_ZL4Wfc0_7]:  wired=0; compound=1; hidden=1; nouse=1; global=1; static=1; extern=0; dir=0; type=1; pingpong=0; private_global=0; MemPort=[1]; IO mode=ap_memory:ce=0
Port [ p_ZL4Wfc0_8]:  wired=0; compound=1; hidden=1; nouse=1; global=1; static=1; extern=0; dir=0; type=1; pingpong=0; private_global=0; MemPort=[1]; IO mode=ap_memory:ce=0
Port [ p_ZL4Wfc0_9]:  wired=0; compound=1; hidden=1; nouse=1; global=1; static=1; extern=0; dir=0; type=1; pingpong=0; private_global=0; MemPort=[1]; IO mode=ap_memory:ce=0
Port [ p_ZL4Wfc0_10]:  wired=0; compound=1; hidden=1; nouse=1; global=1; static=1; extern=0; dir=0; type=1; pingpong=0; private_global=0; MemPort=[1]; IO mode=ap_memory:ce=0
Port [ p_ZL4Wfc0_11]:  wired=0; compound=1; hidden=1; nouse=1; global=1; static=1; extern=0; dir=0; type=1; pingpong=0; private_global=0; MemPort=[1]; IO mode=ap_memory:ce=0
Port [ p_ZL4Wfc0_12]:  wired=0; compound=1; hidden=1; nouse=1; global=1; static=1; extern=0; dir=0; type=1; pingpong=0; private_global=0; MemPort=[1]; IO mode=ap_memory:ce=0
Port [ p_ZL4Wfc0_13]:  wired=0; compound=1; hidden=1; nouse=1; global=1; static=1; extern=0; dir=0; type=1; pingpong=0; private_global=0; MemPort=[1]; IO mode=ap_memory:ce=0
Port [ p_ZL4Wfc0_14]:  wired=0; compound=1; hidden=1; nouse=1; global=1; static=1; extern=0; dir=0; type=1; pingpong=0; private_global=0; MemPort=[1]; IO mode=ap_memory:ce=0
Port [ p_ZL4Wfc0_15]:  wired=0; compound=1; hidden=1; nouse=1; global=1; static=1; extern=0; dir=0; type=1; pingpong=0; private_global=0; MemPort=[1]; IO mode=ap_memory:ce=0
Port [ p_ZL4Wfc0_16]:  wired=0; compound=1; hidden=1; nouse=1; global=1; static=1; extern=0; dir=0; type=1; pingpong=0; private_global=0; MemPort=[1]; IO mode=ap_memory:ce=0
Port [ p_ZL4Wfc0_17]:  wired=0; compound=1; hidden=1; nouse=1; global=1; static=1; extern=0; dir=0; type=1; pingpong=0; private_global=0; MemPort=[1]; IO mode=ap_memory:ce=0
Port [ p_ZL4Wfc0_18]:  wired=0; compound=1; hidden=1; nouse=1; global=1; static=1; extern=0; dir=0; type=1; pingpong=0; private_global=0; MemPort=[1]; IO mode=ap_memory:ce=0
Port [ p_ZL4Wfc0_19]:  wired=0; compound=1; hidden=1; nouse=1; global=1; static=1; extern=0; dir=0; type=1; pingpong=0; private_global=0; MemPort=[1]; IO mode=ap_memory:ce=0
Port [ p_ZL4Wfc0_20]:  wired=0; compound=1; hidden=1; nouse=1; global=1; static=1; extern=0; dir=0; type=1; pingpong=0; private_global=0; MemPort=[1]; IO mode=ap_memory:ce=0
Port [ p_ZL4Wfc0_21]:  wired=0; compound=1; hidden=1; nouse=1; global=1; static=1; extern=0; dir=0; type=1; pingpong=0; private_global=0; MemPort=[1]; IO mode=ap_memory:ce=0
Port [ p_ZL4Wfc0_22]:  wired=0; compound=1; hidden=1; nouse=1; global=1; static=1; extern=0; dir=0; type=1; pingpong=0; private_global=0; MemPort=[1]; IO mode=ap_memory:ce=0
Port [ p_ZL4Wfc0_23]:  wired=0; compound=1; hidden=1; nouse=1; global=1; static=1; extern=0; dir=0; type=1; pingpong=0; private_global=0; MemPort=[1]; IO mode=ap_memory:ce=0
Port [ p_ZL4Wfc0_24]:  wired=0; compound=1; hidden=1; nouse=1; global=1; static=1; extern=0; dir=0; type=1; pingpong=0; private_global=0; MemPort=[1]; IO mode=ap_memory:ce=0
Port [ p_ZL4Wfc0_25]:  wired=0; compound=1; hidden=1; nouse=1; global=1; static=1; extern=0; dir=0; type=1; pingpong=0; private_global=0; MemPort=[1]; IO mode=ap_memory:ce=0
Port [ p_ZL4Wfc0_26]:  wired=0; compound=1; hidden=1; nouse=1; global=1; static=1; extern=0; dir=0; type=1; pingpong=0; private_global=0; MemPort=[1]; IO mode=ap_memory:ce=0
Port [ p_ZL4Wfc0_27]:  wired=0; compound=1; hidden=1; nouse=1; global=1; static=1; extern=0; dir=0; type=1; pingpong=0; private_global=0; MemPort=[1]; IO mode=ap_memory:ce=0
Port [ p_ZL4Wfc0_28]:  wired=0; compound=1; hidden=1; nouse=1; global=1; static=1; extern=0; dir=0; type=1; pingpong=0; private_global=0; MemPort=[1]; IO mode=ap_memory:ce=0
Port [ p_ZL4Wfc0_29]:  wired=0; compound=1; hidden=1; nouse=1; global=1; static=1; extern=0; dir=0; type=1; pingpong=0; private_global=0; MemPort=[1]; IO mode=ap_memory:ce=0
Port [ p_ZL4Wfc0_30]:  wired=0; compound=1; hidden=1; nouse=1; global=1; static=1; extern=0; dir=0; type=1; pingpong=0; private_global=0; MemPort=[1]; IO mode=ap_memory:ce=0
Port [ p_ZL4Wfc0_31]:  wired=0; compound=1; hidden=1; nouse=1; global=1; static=1; extern=0; dir=0; type=1; pingpong=0; private_global=0; MemPort=[1]; IO mode=ap_memory:ce=0
Port [ p_ZL4Wfc0_32]:  wired=0; compound=1; hidden=1; nouse=1; global=1; static=1; extern=0; dir=0; type=1; pingpong=0; private_global=0; MemPort=[1]; IO mode=ap_memory:ce=0
Port [ p_ZL4Wfc0_33]:  wired=0; compound=1; hidden=1; nouse=1; global=1; static=1; extern=0; dir=0; type=1; pingpong=0; private_global=0; MemPort=[1]; IO mode=ap_memory:ce=0
Port [ p_ZL4Wfc0_34]:  wired=0; compound=1; hidden=1; nouse=1; global=1; static=1; extern=0; dir=0; type=1; pingpong=0; private_global=0; MemPort=[1]; IO mode=ap_memory:ce=0
Port [ p_ZL4Wfc0_35]:  wired=0; compound=1; hidden=1; nouse=1; global=1; static=1; extern=0; dir=0; type=1; pingpong=0; private_global=0; MemPort=[1]; IO mode=ap_memory:ce=0
Port [ p_ZL4Wfc0_36]:  wired=0; compound=1; hidden=1; nouse=1; global=1; static=1; extern=0; dir=0; type=1; pingpong=0; private_global=0; MemPort=[1]; IO mode=ap_memory:ce=0
Port [ p_ZL4Wfc0_37]:  wired=0; compound=1; hidden=1; nouse=1; global=1; static=1; extern=0; dir=0; type=1; pingpong=0; private_global=0; MemPort=[1]; IO mode=ap_memory:ce=0
Port [ p_ZL4Wfc0_38]:  wired=0; compound=1; hidden=1; nouse=1; global=1; static=1; extern=0; dir=0; type=1; pingpong=0; private_global=0; MemPort=[1]; IO mode=ap_memory:ce=0
Port [ p_ZL4Wfc0_39]:  wired=0; compound=1; hidden=1; nouse=1; global=1; static=1; extern=0; dir=0; type=1; pingpong=0; private_global=0; MemPort=[1]; IO mode=ap_memory:ce=0
Port [ p_ZL4Wfc0_40]:  wired=0; compound=1; hidden=1; nouse=1; global=1; static=1; extern=0; dir=0; type=1; pingpong=0; private_global=0; MemPort=[1]; IO mode=ap_memory:ce=0
Port [ p_ZL4Wfc0_41]:  wired=0; compound=1; hidden=1; nouse=1; global=1; static=1; extern=0; dir=0; type=1; pingpong=0; private_global=0; MemPort=[1]; IO mode=ap_memory:ce=0
Port [ p_ZL4Wfc0_42]:  wired=0; compound=1; hidden=1; nouse=1; global=1; static=1; extern=0; dir=0; type=1; pingpong=0; private_global=0; MemPort=[1]; IO mode=ap_memory:ce=0
Port [ p_ZL4Wfc0_43]:  wired=0; compound=1; hidden=1; nouse=1; global=1; static=1; extern=0; dir=0; type=1; pingpong=0; private_global=0; MemPort=[1]; IO mode=ap_memory:ce=0
Port [ p_ZL4Wfc0_44]:  wired=0; compound=1; hidden=1; nouse=1; global=1; static=1; extern=0; dir=0; type=1; pingpong=0; private_global=0; MemPort=[1]; IO mode=ap_memory:ce=0
Port [ p_ZL4Wfc0_45]:  wired=0; compound=1; hidden=1; nouse=1; global=1; static=1; extern=0; dir=0; type=1; pingpong=0; private_global=0; MemPort=[1]; IO mode=ap_memory:ce=0
Port [ p_ZL4Wfc0_46]:  wired=0; compound=1; hidden=1; nouse=1; global=1; static=1; extern=0; dir=0; type=1; pingpong=0; private_global=0; MemPort=[1]; IO mode=ap_memory:ce=0
Port [ p_ZL4Wfc0_47]:  wired=0; compound=1; hidden=1; nouse=1; global=1; static=1; extern=0; dir=0; type=1; pingpong=0; private_global=0; MemPort=[1]; IO mode=ap_memory:ce=0
Port [ p_ZL4Wfc0_48]:  wired=0; compound=1; hidden=1; nouse=1; global=1; static=1; extern=0; dir=0; type=1; pingpong=0; private_global=0; MemPort=[1]; IO mode=ap_memory:ce=0
Port [ p_ZL4Wfc0_49]:  wired=0; compound=1; hidden=1; nouse=1; global=1; static=1; extern=0; dir=0; type=1; pingpong=0; private_global=0; MemPort=[1]; IO mode=ap_memory:ce=0
Port [ p_ZL4Wfc0_50]:  wired=0; compound=1; hidden=1; nouse=1; global=1; static=1; extern=0; dir=0; type=1; pingpong=0; private_global=0; MemPort=[1]; IO mode=ap_memory:ce=0
Port [ p_ZL4Wfc0_51]:  wired=0; compound=1; hidden=1; nouse=1; global=1; static=1; extern=0; dir=0; type=1; pingpong=0; private_global=0; MemPort=[1]; IO mode=ap_memory:ce=0
Port [ p_ZL4Wfc0_52]:  wired=0; compound=1; hidden=1; nouse=1; global=1; static=1; extern=0; dir=0; type=1; pingpong=0; private_global=0; MemPort=[1]; IO mode=ap_memory:ce=0
Port [ p_ZL4Wfc0_53]:  wired=0; compound=1; hidden=1; nouse=1; global=1; static=1; extern=0; dir=0; type=1; pingpong=0; private_global=0; MemPort=[1]; IO mode=ap_memory:ce=0
Port [ p_ZL4Wfc0_54]:  wired=0; compound=1; hidden=1; nouse=1; global=1; static=1; extern=0; dir=0; type=1; pingpong=0; private_global=0; MemPort=[1]; IO mode=ap_memory:ce=0
Port [ p_ZL4Wfc0_55]:  wired=0; compound=1; hidden=1; nouse=1; global=1; static=1; extern=0; dir=0; type=1; pingpong=0; private_global=0; MemPort=[1]; IO mode=ap_memory:ce=0
Port [ p_ZL4Wfc0_56]:  wired=0; compound=1; hidden=1; nouse=1; global=1; static=1; extern=0; dir=0; type=1; pingpong=0; private_global=0; MemPort=[1]; IO mode=ap_memory:ce=0
Port [ p_ZL4Wfc0_57]:  wired=0; compound=1; hidden=1; nouse=1; global=1; static=1; extern=0; dir=0; type=1; pingpong=0; private_global=0; MemPort=[1]; IO mode=ap_memory:ce=0
Port [ p_ZL4Wfc0_58]:  wired=0; compound=1; hidden=1; nouse=1; global=1; static=1; extern=0; dir=0; type=1; pingpong=0; private_global=0; MemPort=[1]; IO mode=ap_memory:ce=0
Port [ p_ZL4Wfc0_59]:  wired=0; compound=1; hidden=1; nouse=1; global=1; static=1; extern=0; dir=0; type=1; pingpong=0; private_global=0; MemPort=[1]; IO mode=ap_memory:ce=0
Port [ p_ZL4Wfc0_60]:  wired=0; compound=1; hidden=1; nouse=1; global=1; static=1; extern=0; dir=0; type=1; pingpong=0; private_global=0; MemPort=[1]; IO mode=ap_memory:ce=0
Port [ p_ZL4Wfc0_61]:  wired=0; compound=1; hidden=1; nouse=1; global=1; static=1; extern=0; dir=0; type=1; pingpong=0; private_global=0; MemPort=[1]; IO mode=ap_memory:ce=0
Port [ p_ZL4Wfc0_62]:  wired=0; compound=1; hidden=1; nouse=1; global=1; static=1; extern=0; dir=0; type=1; pingpong=0; private_global=0; MemPort=[1]; IO mode=ap_memory:ce=0
Port [ p_ZL4Wfc0_63]:  wired=0; compound=1; hidden=1; nouse=1; global=1; static=1; extern=0; dir=0; type=1; pingpong=0; private_global=0; MemPort=[1]; IO mode=ap_memory:ce=0
Port [ p_ZL4Wfc0_64]:  wired=0; compound=1; hidden=1; nouse=1; global=1; static=1; extern=0; dir=0; type=1; pingpong=0; private_global=0; MemPort=[1]; IO mode=ap_memory:ce=0
Port [ p_ZL4Wfc0_65]:  wired=0; compound=1; hidden=1; nouse=1; global=1; static=1; extern=0; dir=0; type=1; pingpong=0; private_global=0; MemPort=[1]; IO mode=ap_memory:ce=0
Port [ p_ZL4Wfc0_66]:  wired=0; compound=1; hidden=1; nouse=1; global=1; static=1; extern=0; dir=0; type=1; pingpong=0; private_global=0; MemPort=[1]; IO mode=ap_memory:ce=0
Port [ p_ZL4Wfc0_67]:  wired=0; compound=1; hidden=1; nouse=1; global=1; static=1; extern=0; dir=0; type=1; pingpong=0; private_global=0; MemPort=[1]; IO mode=ap_memory:ce=0
Port [ p_ZL4Wfc0_68]:  wired=0; compound=1; hidden=1; nouse=1; global=1; static=1; extern=0; dir=0; type=1; pingpong=0; private_global=0; MemPort=[1]; IO mode=ap_memory:ce=0
Port [ p_ZL4Wfc0_69]:  wired=0; compound=1; hidden=1; nouse=1; global=1; static=1; extern=0; dir=0; type=1; pingpong=0; private_global=0; MemPort=[1]; IO mode=ap_memory:ce=0
Port [ p_ZL4Wfc0_70]:  wired=0; compound=1; hidden=1; nouse=1; global=1; static=1; extern=0; dir=0; type=1; pingpong=0; private_global=0; MemPort=[1]; IO mode=ap_memory:ce=0
Port [ p_ZL4Wfc0_71]:  wired=0; compound=1; hidden=1; nouse=1; global=1; static=1; extern=0; dir=0; type=1; pingpong=0; private_global=0; MemPort=[1]; IO mode=ap_memory:ce=0
Port [ p_ZL4Wfc0_72]:  wired=0; compound=1; hidden=1; nouse=1; global=1; static=1; extern=0; dir=0; type=1; pingpong=0; private_global=0; MemPort=[1]; IO mode=ap_memory:ce=0
Port [ p_ZL4Wfc0_73]:  wired=0; compound=1; hidden=1; nouse=1; global=1; static=1; extern=0; dir=0; type=1; pingpong=0; private_global=0; MemPort=[1]; IO mode=ap_memory:ce=0
Port [ p_ZL4Wfc0_74]:  wired=0; compound=1; hidden=1; nouse=1; global=1; static=1; extern=0; dir=0; type=1; pingpong=0; private_global=0; MemPort=[1]; IO mode=ap_memory:ce=0
Port [ p_ZL4Wfc0_75]:  wired=0; compound=1; hidden=1; nouse=1; global=1; static=1; extern=0; dir=0; type=1; pingpong=0; private_global=0; MemPort=[1]; IO mode=ap_memory:ce=0
Port [ p_ZL4Wfc0_76]:  wired=0; compound=1; hidden=1; nouse=1; global=1; static=1; extern=0; dir=0; type=1; pingpong=0; private_global=0; MemPort=[1]; IO mode=ap_memory:ce=0
Port [ p_ZL4Wfc0_77]:  wired=0; compound=1; hidden=1; nouse=1; global=1; static=1; extern=0; dir=0; type=1; pingpong=0; private_global=0; MemPort=[1]; IO mode=ap_memory:ce=0
Port [ p_ZL4Wfc0_78]:  wired=0; compound=1; hidden=1; nouse=1; global=1; static=1; extern=0; dir=0; type=1; pingpong=0; private_global=0; MemPort=[1]; IO mode=ap_memory:ce=0
Port [ p_ZL4Wfc0_79]:  wired=0; compound=1; hidden=1; nouse=1; global=1; static=1; extern=0; dir=0; type=1; pingpong=0; private_global=0; MemPort=[1]; IO mode=ap_memory:ce=0
Port [ p_ZL4Wfc0_80]:  wired=0; compound=1; hidden=1; nouse=1; global=1; static=1; extern=0; dir=0; type=1; pingpong=0; private_global=0; MemPort=[1]; IO mode=ap_memory:ce=0
Port [ p_ZL4Wfc0_81]:  wired=0; compound=1; hidden=1; nouse=1; global=1; static=1; extern=0; dir=0; type=1; pingpong=0; private_global=0; MemPort=[1]; IO mode=ap_memory:ce=0
Port [ p_ZL4Wfc0_82]:  wired=0; compound=1; hidden=1; nouse=1; global=1; static=1; extern=0; dir=0; type=1; pingpong=0; private_global=0; MemPort=[1]; IO mode=ap_memory:ce=0
Port [ p_ZL4Wfc0_83]:  wired=0; compound=1; hidden=1; nouse=1; global=1; static=1; extern=0; dir=0; type=1; pingpong=0; private_global=0; MemPort=[1]; IO mode=ap_memory:ce=0
Port [ p_ZL4Wfc0_84]:  wired=0; compound=1; hidden=1; nouse=1; global=1; static=1; extern=0; dir=0; type=1; pingpong=0; private_global=0; MemPort=[1]; IO mode=ap_memory:ce=0
Port [ p_ZL4Wfc0_85]:  wired=0; compound=1; hidden=1; nouse=1; global=1; static=1; extern=0; dir=0; type=1; pingpong=0; private_global=0; MemPort=[1]; IO mode=ap_memory:ce=0
Port [ p_ZL4Wfc0_86]:  wired=0; compound=1; hidden=1; nouse=1; global=1; static=1; extern=0; dir=0; type=1; pingpong=0; private_global=0; MemPort=[1]; IO mode=ap_memory:ce=0
Port [ p_ZL4Wfc0_87]:  wired=0; compound=1; hidden=1; nouse=1; global=1; static=1; extern=0; dir=0; type=1; pingpong=0; private_global=0; MemPort=[1]; IO mode=ap_memory:ce=0
Port [ p_ZL4Wfc0_88]:  wired=0; compound=1; hidden=1; nouse=1; global=1; static=1; extern=0; dir=0; type=1; pingpong=0; private_global=0; MemPort=[1]; IO mode=ap_memory:ce=0
Port [ p_ZL4Wfc0_89]:  wired=0; compound=1; hidden=1; nouse=1; global=1; static=1; extern=0; dir=0; type=1; pingpong=0; private_global=0; MemPort=[1]; IO mode=ap_memory:ce=0
Port [ p_ZL4Wfc0_90]:  wired=0; compound=1; hidden=1; nouse=1; global=1; static=1; extern=0; dir=0; type=1; pingpong=0; private_global=0; MemPort=[1]; IO mode=ap_memory:ce=0
Port [ p_ZL4Wfc0_91]:  wired=0; compound=1; hidden=1; nouse=1; global=1; static=1; extern=0; dir=0; type=1; pingpong=0; private_global=0; MemPort=[1]; IO mode=ap_memory:ce=0
Port [ p_ZL4Wfc0_92]:  wired=0; compound=1; hidden=1; nouse=1; global=1; static=1; extern=0; dir=0; type=1; pingpong=0; private_global=0; MemPort=[1]; IO mode=ap_memory:ce=0
Port [ p_ZL4Wfc0_93]:  wired=0; compound=1; hidden=1; nouse=1; global=1; static=1; extern=0; dir=0; type=1; pingpong=0; private_global=0; MemPort=[1]; IO mode=ap_memory:ce=0
Port [ p_ZL4Wfc0_94]:  wired=0; compound=1; hidden=1; nouse=1; global=1; static=1; extern=0; dir=0; type=1; pingpong=0; private_global=0; MemPort=[1]; IO mode=ap_memory:ce=0
Port [ p_ZL4Wfc0_95]:  wired=0; compound=1; hidden=1; nouse=1; global=1; static=1; extern=0; dir=0; type=1; pingpong=0; private_global=0; MemPort=[1]; IO mode=ap_memory:ce=0
Port [ p_ZL4Wfc0_96]:  wired=0; compound=1; hidden=1; nouse=1; global=1; static=1; extern=0; dir=0; type=1; pingpong=0; private_global=0; MemPort=[1]; IO mode=ap_memory:ce=0
Port [ p_ZL4Wfc0_97]:  wired=0; compound=1; hidden=1; nouse=1; global=1; static=1; extern=0; dir=0; type=1; pingpong=0; private_global=0; MemPort=[1]; IO mode=ap_memory:ce=0
Port [ p_ZL4Wfc0_98]:  wired=0; compound=1; hidden=1; nouse=1; global=1; static=1; extern=0; dir=0; type=1; pingpong=0; private_global=0; MemPort=[1]; IO mode=ap_memory:ce=0
Port [ p_ZL4Wfc0_99]:  wired=0; compound=1; hidden=1; nouse=1; global=1; static=1; extern=0; dir=0; type=1; pingpong=0; private_global=0; MemPort=[1]; IO mode=ap_memory:ce=0
Port [ p_ZL4Wfc0_100]:  wired=0; compound=1; hidden=1; nouse=1; global=1; static=1; extern=0; dir=0; type=1; pingpong=0; private_global=0; MemPort=[1]; IO mode=ap_memory:ce=0
Port [ p_ZL4Wfc0_101]:  wired=0; compound=1; hidden=1; nouse=1; global=1; static=1; extern=0; dir=0; type=1; pingpong=0; private_global=0; MemPort=[1]; IO mode=ap_memory:ce=0
Port [ p_ZL4Wfc0_102]:  wired=0; compound=1; hidden=1; nouse=1; global=1; static=1; extern=0; dir=0; type=1; pingpong=0; private_global=0; MemPort=[1]; IO mode=ap_memory:ce=0
Port [ p_ZL4Wfc0_103]:  wired=0; compound=1; hidden=1; nouse=1; global=1; static=1; extern=0; dir=0; type=1; pingpong=0; private_global=0; MemPort=[1]; IO mode=ap_memory:ce=0
Port [ p_ZL4Wfc0_104]:  wired=0; compound=1; hidden=1; nouse=1; global=1; static=1; extern=0; dir=0; type=1; pingpong=0; private_global=0; MemPort=[1]; IO mode=ap_memory:ce=0
Port [ p_ZL4Wfc0_105]:  wired=0; compound=1; hidden=1; nouse=1; global=1; static=1; extern=0; dir=0; type=1; pingpong=0; private_global=0; MemPort=[1]; IO mode=ap_memory:ce=0
Port [ p_ZL4Wfc0_106]:  wired=0; compound=1; hidden=1; nouse=1; global=1; static=1; extern=0; dir=0; type=1; pingpong=0; private_global=0; MemPort=[1]; IO mode=ap_memory:ce=0
Port [ p_ZL4Wfc0_107]:  wired=0; compound=1; hidden=1; nouse=1; global=1; static=1; extern=0; dir=0; type=1; pingpong=0; private_global=0; MemPort=[1]; IO mode=ap_memory:ce=0
Port [ p_ZL4Wfc0_108]:  wired=0; compound=1; hidden=1; nouse=1; global=1; static=1; extern=0; dir=0; type=1; pingpong=0; private_global=0; MemPort=[1]; IO mode=ap_memory:ce=0
Port [ p_ZL4Wfc0_109]:  wired=0; compound=1; hidden=1; nouse=1; global=1; static=1; extern=0; dir=0; type=1; pingpong=0; private_global=0; MemPort=[1]; IO mode=ap_memory:ce=0
Port [ p_ZL4Wfc0_110]:  wired=0; compound=1; hidden=1; nouse=1; global=1; static=1; extern=0; dir=0; type=1; pingpong=0; private_global=0; MemPort=[1]; IO mode=ap_memory:ce=0
Port [ p_ZL4Wfc0_111]:  wired=0; compound=1; hidden=1; nouse=1; global=1; static=1; extern=0; dir=0; type=1; pingpong=0; private_global=0; MemPort=[1]; IO mode=ap_memory:ce=0
Port [ p_ZL4Wfc0_112]:  wired=0; compound=1; hidden=1; nouse=1; global=1; static=1; extern=0; dir=0; type=1; pingpong=0; private_global=0; MemPort=[1]; IO mode=ap_memory:ce=0
Port [ p_ZL4Wfc0_113]:  wired=0; compound=1; hidden=1; nouse=1; global=1; static=1; extern=0; dir=0; type=1; pingpong=0; private_global=0; MemPort=[1]; IO mode=ap_memory:ce=0
Port [ p_ZL4Wfc0_114]:  wired=0; compound=1; hidden=1; nouse=1; global=1; static=1; extern=0; dir=0; type=1; pingpong=0; private_global=0; MemPort=[1]; IO mode=ap_memory:ce=0
Port [ p_ZL4Wfc0_115]:  wired=0; compound=1; hidden=1; nouse=1; global=1; static=1; extern=0; dir=0; type=1; pingpong=0; private_global=0; MemPort=[1]; IO mode=ap_memory:ce=0
Port [ p_ZL4Wfc0_116]:  wired=0; compound=1; hidden=1; nouse=1; global=1; static=1; extern=0; dir=0; type=1; pingpong=0; private_global=0; MemPort=[1]; IO mode=ap_memory:ce=0
Port [ p_ZL4Wfc0_117]:  wired=0; compound=1; hidden=1; nouse=1; global=1; static=1; extern=0; dir=0; type=1; pingpong=0; private_global=0; MemPort=[1]; IO mode=ap_memory:ce=0
Port [ p_ZL4Wfc0_118]:  wired=0; compound=1; hidden=1; nouse=1; global=1; static=1; extern=0; dir=0; type=1; pingpong=0; private_global=0; MemPort=[1]; IO mode=ap_memory:ce=0
Port [ p_ZL4Wfc0_119]:  wired=0; compound=1; hidden=1; nouse=1; global=1; static=1; extern=0; dir=0; type=1; pingpong=0; private_global=0; MemPort=[1]; IO mode=ap_memory:ce=0
Port [ p_ZL4Wfc0_120]:  wired=0; compound=1; hidden=1; nouse=1; global=1; static=1; extern=0; dir=0; type=1; pingpong=0; private_global=0; MemPort=[1]; IO mode=ap_memory:ce=0
Port [ p_ZL4Wfc0_121]:  wired=0; compound=1; hidden=1; nouse=1; global=1; static=1; extern=0; dir=0; type=1; pingpong=0; private_global=0; MemPort=[1]; IO mode=ap_memory:ce=0
Port [ p_ZL4Wfc0_122]:  wired=0; compound=1; hidden=1; nouse=1; global=1; static=1; extern=0; dir=0; type=1; pingpong=0; private_global=0; MemPort=[1]; IO mode=ap_memory:ce=0
Port [ p_ZL4Wfc0_123]:  wired=0; compound=1; hidden=1; nouse=1; global=1; static=1; extern=0; dir=0; type=1; pingpong=0; private_global=0; MemPort=[1]; IO mode=ap_memory:ce=0
Port [ p_ZL4Wfc0_124]:  wired=0; compound=1; hidden=1; nouse=1; global=1; static=1; extern=0; dir=0; type=1; pingpong=0; private_global=0; MemPort=[1]; IO mode=ap_memory:ce=0
Port [ p_ZL4Wfc0_125]:  wired=0; compound=1; hidden=1; nouse=1; global=1; static=1; extern=0; dir=0; type=1; pingpong=0; private_global=0; MemPort=[1]; IO mode=ap_memory:ce=0
Port [ p_ZL4Wfc0_126]:  wired=0; compound=1; hidden=1; nouse=1; global=1; static=1; extern=0; dir=0; type=1; pingpong=0; private_global=0; MemPort=[1]; IO mode=ap_memory:ce=0
Port [ p_ZL4Wfc0_127]:  wired=0; compound=1; hidden=1; nouse=1; global=1; static=1; extern=0; dir=0; type=1; pingpong=0; private_global=0; MemPort=[1]; IO mode=ap_memory:ce=0
---------------- STG Properties END ------------------

---------------- Datapath Model BEGIN ----------------

<LifeTime>
<method=bitvector/>
x_addr     (getelementptr) [ 0010000000000000000000000000000000000000000000000000000000000000000]
x_addr_1   (getelementptr) [ 0010000000000000000000000000000000000000000000000000000000000000000]
x_load     (load         ) [ 0001111111111111111111111111111111111111111111111111111111111111111]
x_load_1   (load         ) [ 0001111111111111111111111111111111111111111111111111111111111111111]
x_addr_2   (getelementptr) [ 0001000000000000000000000000000000000000000000000000000000000000000]
x_addr_3   (getelementptr) [ 0001000000000000000000000000000000000000000000000000000000000000000]
x_load_2   (load         ) [ 0000111111111111111111111111111111111111111111111111111111111111111]
x_load_3   (load         ) [ 0000111111111111111111111111111111111111111111111111111111111111111]
x_addr_4   (getelementptr) [ 0000100000000000000000000000000000000000000000000000000000000000000]
x_addr_5   (getelementptr) [ 0000100000000000000000000000000000000000000000000000000000000000000]
x_load_4   (load         ) [ 0000011111111111111111111111111111111111111111111111111111111111111]
x_load_5   (load         ) [ 0000011111111111111111111111111111111111111111111111111111111111111]
x_addr_6   (getelementptr) [ 0000010000000000000000000000000000000000000000000000000000000000000]
x_addr_7   (getelementptr) [ 0000010000000000000000000000000000000000000000000000000000000000000]
x_load_6   (load         ) [ 0000001111111111111111111111111111111111111111111111111111111111111]
x_load_7   (load         ) [ 0000001111111111111111111111111111111111111111111111111111111111111]
x_addr_8   (getelementptr) [ 0000001000000000000000000000000000000000000000000000000000000000000]
x_addr_9   (getelementptr) [ 0000001000000000000000000000000000000000000000000000000000000000000]
x_load_8   (load         ) [ 0000000111111111111111111111111111111111111111111111111111111111111]
x_load_9   (load         ) [ 0000000111111111111111111111111111111111111111111111111111111111111]
x_addr_10  (getelementptr) [ 0000000100000000000000000000000000000000000000000000000000000000000]
x_addr_11  (getelementptr) [ 0000000100000000000000000000000000000000000000000000000000000000000]
x_load_10  (load         ) [ 0000000011111111111111111111111111111111111111111111111111111111111]
x_load_11  (load         ) [ 0000000011111111111111111111111111111111111111111111111111111111111]
x_addr_12  (getelementptr) [ 0000000010000000000000000000000000000000000000000000000000000000000]
x_addr_13  (getelementptr) [ 0000000010000000000000000000000000000000000000000000000000000000000]
x_load_12  (load         ) [ 0000000001111111111111111111111111111111111111111111111111111111111]
x_load_13  (load         ) [ 0000000001111111111111111111111111111111111111111111111111111111111]
x_addr_14  (getelementptr) [ 0000000001000000000000000000000000000000000000000000000000000000000]
x_addr_15  (getelementptr) [ 0000000001000000000000000000000000000000000000000000000000000000000]
x_load_14  (load         ) [ 0000000000111111111111111111111111111111111111111111111111111111111]
x_load_15  (load         ) [ 0000000000111111111111111111111111111111111111111111111111111111111]
x_addr_16  (getelementptr) [ 0000000000100000000000000000000000000000000000000000000000000000000]
x_addr_17  (getelementptr) [ 0000000000100000000000000000000000000000000000000000000000000000000]
x_load_16  (load         ) [ 0000000000011111111111111111111111111111111111111111111111111111111]
x_load_17  (load         ) [ 0000000000011111111111111111111111111111111111111111111111111111111]
x_addr_18  (getelementptr) [ 0000000000010000000000000000000000000000000000000000000000000000000]
x_addr_19  (getelementptr) [ 0000000000010000000000000000000000000000000000000000000000000000000]
x_load_18  (load         ) [ 0000000000001111111111111111111111111111111111111111111111111111111]
x_load_19  (load         ) [ 0000000000001111111111111111111111111111111111111111111111111111111]
x_addr_20  (getelementptr) [ 0000000000001000000000000000000000000000000000000000000000000000000]
x_addr_21  (getelementptr) [ 0000000000001000000000000000000000000000000000000000000000000000000]
x_load_20  (load         ) [ 0000000000000111111111111111111111111111111111111111111111111111111]
x_load_21  (load         ) [ 0000000000000111111111111111111111111111111111111111111111111111111]
x_addr_22  (getelementptr) [ 0000000000000100000000000000000000000000000000000000000000000000000]
x_addr_23  (getelementptr) [ 0000000000000100000000000000000000000000000000000000000000000000000]
x_load_22  (load         ) [ 0000000000000011111111111111111111111111111111111111111111111111111]
x_load_23  (load         ) [ 0000000000000011111111111111111111111111111111111111111111111111111]
x_addr_24  (getelementptr) [ 0000000000000010000000000000000000000000000000000000000000000000000]
x_addr_25  (getelementptr) [ 0000000000000010000000000000000000000000000000000000000000000000000]
x_load_24  (load         ) [ 0000000000000001111111111111111111111111111111111111111111111111111]
x_load_25  (load         ) [ 0000000000000001111111111111111111111111111111111111111111111111111]
x_addr_26  (getelementptr) [ 0000000000000001000000000000000000000000000000000000000000000000000]
x_addr_27  (getelementptr) [ 0000000000000001000000000000000000000000000000000000000000000000000]
x_load_26  (load         ) [ 0000000000000000111111111111111111111111111111111111111111111111111]
x_load_27  (load         ) [ 0000000000000000111111111111111111111111111111111111111111111111111]
x_addr_28  (getelementptr) [ 0000000000000000100000000000000000000000000000000000000000000000000]
x_addr_29  (getelementptr) [ 0000000000000000100000000000000000000000000000000000000000000000000]
x_load_28  (load         ) [ 0000000000000000011111111111111111111111111111111111111111111111111]
x_load_29  (load         ) [ 0000000000000000011111111111111111111111111111111111111111111111111]
x_addr_30  (getelementptr) [ 0000000000000000010000000000000000000000000000000000000000000000000]
x_addr_31  (getelementptr) [ 0000000000000000010000000000000000000000000000000000000000000000000]
x_load_30  (load         ) [ 0000000000000000001111111111111111111111111111111111111111111111111]
x_load_31  (load         ) [ 0000000000000000001111111111111111111111111111111111111111111111111]
x_addr_32  (getelementptr) [ 0000000000000000001000000000000000000000000000000000000000000000000]
x_addr_33  (getelementptr) [ 0000000000000000001000000000000000000000000000000000000000000000000]
x_load_32  (load         ) [ 0000000000000000000111111111111111111111111111111111111111111111111]
x_load_33  (load         ) [ 0000000000000000000111111111111111111111111111111111111111111111111]
x_addr_34  (getelementptr) [ 0000000000000000000100000000000000000000000000000000000000000000000]
x_addr_35  (getelementptr) [ 0000000000000000000100000000000000000000000000000000000000000000000]
x_load_34  (load         ) [ 0000000000000000000011111111111111111111111111111111111111111111111]
x_load_35  (load         ) [ 0000000000000000000011111111111111111111111111111111111111111111111]
x_addr_36  (getelementptr) [ 0000000000000000000010000000000000000000000000000000000000000000000]
x_addr_37  (getelementptr) [ 0000000000000000000010000000000000000000000000000000000000000000000]
x_load_36  (load         ) [ 0000000000000000000001111111111111111111111111111111111111111111111]
x_load_37  (load         ) [ 0000000000000000000001111111111111111111111111111111111111111111111]
x_addr_38  (getelementptr) [ 0000000000000000000001000000000000000000000000000000000000000000000]
x_addr_39  (getelementptr) [ 0000000000000000000001000000000000000000000000000000000000000000000]
x_load_38  (load         ) [ 0000000000000000000000111111111111111111111111111111111111111111111]
x_load_39  (load         ) [ 0000000000000000000000111111111111111111111111111111111111111111111]
x_addr_40  (getelementptr) [ 0000000000000000000000100000000000000000000000000000000000000000000]
x_addr_41  (getelementptr) [ 0000000000000000000000100000000000000000000000000000000000000000000]
x_load_40  (load         ) [ 0000000000000000000000011111111111111111111111111111111111111111111]
x_load_41  (load         ) [ 0000000000000000000000011111111111111111111111111111111111111111111]
x_addr_42  (getelementptr) [ 0000000000000000000000010000000000000000000000000000000000000000000]
x_addr_43  (getelementptr) [ 0000000000000000000000010000000000000000000000000000000000000000000]
x_load_42  (load         ) [ 0000000000000000000000001111111111111111111111111111111111111111111]
x_load_43  (load         ) [ 0000000000000000000000001111111111111111111111111111111111111111111]
x_addr_44  (getelementptr) [ 0000000000000000000000001000000000000000000000000000000000000000000]
x_addr_45  (getelementptr) [ 0000000000000000000000001000000000000000000000000000000000000000000]
x_load_44  (load         ) [ 0000000000000000000000000111111111111111111111111111111111111111111]
x_load_45  (load         ) [ 0000000000000000000000000111111111111111111111111111111111111111111]
x_addr_46  (getelementptr) [ 0000000000000000000000000100000000000000000000000000000000000000000]
x_addr_47  (getelementptr) [ 0000000000000000000000000100000000000000000000000000000000000000000]
x_load_46  (load         ) [ 0000000000000000000000000011111111111111111111111111111111111111111]
x_load_47  (load         ) [ 0000000000000000000000000011111111111111111111111111111111111111111]
x_addr_48  (getelementptr) [ 0000000000000000000000000010000000000000000000000000000000000000000]
x_addr_49  (getelementptr) [ 0000000000000000000000000010000000000000000000000000000000000000000]
x_load_48  (load         ) [ 0000000000000000000000000001111111111111111111111111111111111111111]
x_load_49  (load         ) [ 0000000000000000000000000001111111111111111111111111111111111111111]
x_addr_50  (getelementptr) [ 0000000000000000000000000001000000000000000000000000000000000000000]
x_addr_51  (getelementptr) [ 0000000000000000000000000001000000000000000000000000000000000000000]
x_load_50  (load         ) [ 0000000000000000000000000000111111111111111111111111111111111111111]
x_load_51  (load         ) [ 0000000000000000000000000000111111111111111111111111111111111111111]
x_addr_52  (getelementptr) [ 0000000000000000000000000000100000000000000000000000000000000000000]
x_addr_53  (getelementptr) [ 0000000000000000000000000000100000000000000000000000000000000000000]
x_load_52  (load         ) [ 0000000000000000000000000000011111111111111111111111111111111111111]
x_load_53  (load         ) [ 0000000000000000000000000000011111111111111111111111111111111111111]
x_addr_54  (getelementptr) [ 0000000000000000000000000000010000000000000000000000000000000000000]
x_addr_55  (getelementptr) [ 0000000000000000000000000000010000000000000000000000000000000000000]
x_load_54  (load         ) [ 0000000000000000000000000000001111111111111111111111111111111111111]
x_load_55  (load         ) [ 0000000000000000000000000000001111111111111111111111111111111111111]
x_addr_56  (getelementptr) [ 0000000000000000000000000000001000000000000000000000000000000000000]
x_addr_57  (getelementptr) [ 0000000000000000000000000000001000000000000000000000000000000000000]
x_load_56  (load         ) [ 0000000000000000000000000000000111111111111111111111111111111111111]
x_load_57  (load         ) [ 0000000000000000000000000000000111111111111111111111111111111111111]
x_addr_58  (getelementptr) [ 0000000000000000000000000000000100000000000000000000000000000000000]
x_addr_59  (getelementptr) [ 0000000000000000000000000000000100000000000000000000000000000000000]
x_load_58  (load         ) [ 0000000000000000000000000000000011111111111111111111111111111111111]
x_load_59  (load         ) [ 0000000000000000000000000000000011111111111111111111111111111111111]
x_addr_60  (getelementptr) [ 0000000000000000000000000000000010000000000000000000000000000000000]
x_addr_61  (getelementptr) [ 0000000000000000000000000000000010000000000000000000000000000000000]
x_load_60  (load         ) [ 0000000000000000000000000000000001111111111111111111111111111111111]
x_load_61  (load         ) [ 0000000000000000000000000000000001111111111111111111111111111111111]
x_addr_62  (getelementptr) [ 0000000000000000000000000000000001000000000000000000000000000000000]
x_addr_63  (getelementptr) [ 0000000000000000000000000000000001000000000000000000000000000000000]
x_load_62  (load         ) [ 0000000000000000000000000000000000111111111111111111111111111111111]
x_load_63  (load         ) [ 0000000000000000000000000000000000111111111111111111111111111111111]
x_addr_64  (getelementptr) [ 0000000000000000000000000000000000100000000000000000000000000000000]
x_addr_65  (getelementptr) [ 0000000000000000000000000000000000100000000000000000000000000000000]
x_load_64  (load         ) [ 0000000000000000000000000000000000011111111111111111111111111111111]
x_load_65  (load         ) [ 0000000000000000000000000000000000011111111111111111111111111111111]
x_addr_66  (getelementptr) [ 0000000000000000000000000000000000010000000000000000000000000000000]
x_addr_67  (getelementptr) [ 0000000000000000000000000000000000010000000000000000000000000000000]
x_load_66  (load         ) [ 0000000000000000000000000000000000001111111111111111111111111111111]
x_load_67  (load         ) [ 0000000000000000000000000000000000001111111111111111111111111111111]
x_addr_68  (getelementptr) [ 0000000000000000000000000000000000001000000000000000000000000000000]
x_addr_69  (getelementptr) [ 0000000000000000000000000000000000001000000000000000000000000000000]
x_load_68  (load         ) [ 0000000000000000000000000000000000000111111111111111111111111111111]
x_load_69  (load         ) [ 0000000000000000000000000000000000000111111111111111111111111111111]
x_addr_70  (getelementptr) [ 0000000000000000000000000000000000000100000000000000000000000000000]
x_addr_71  (getelementptr) [ 0000000000000000000000000000000000000100000000000000000000000000000]
x_load_70  (load         ) [ 0000000000000000000000000000000000000011111111111111111111111111111]
x_load_71  (load         ) [ 0000000000000000000000000000000000000011111111111111111111111111111]
x_addr_72  (getelementptr) [ 0000000000000000000000000000000000000010000000000000000000000000000]
x_addr_73  (getelementptr) [ 0000000000000000000000000000000000000010000000000000000000000000000]
x_load_72  (load         ) [ 0000000000000000000000000000000000000001111111111111111111111111111]
x_load_73  (load         ) [ 0000000000000000000000000000000000000001111111111111111111111111111]
x_addr_74  (getelementptr) [ 0000000000000000000000000000000000000001000000000000000000000000000]
x_addr_75  (getelementptr) [ 0000000000000000000000000000000000000001000000000000000000000000000]
x_load_74  (load         ) [ 0000000000000000000000000000000000000000111111111111111111111111111]
x_load_75  (load         ) [ 0000000000000000000000000000000000000000111111111111111111111111111]
x_addr_76  (getelementptr) [ 0000000000000000000000000000000000000000100000000000000000000000000]
x_addr_77  (getelementptr) [ 0000000000000000000000000000000000000000100000000000000000000000000]
x_load_76  (load         ) [ 0000000000000000000000000000000000000000011111111111111111111111111]
x_load_77  (load         ) [ 0000000000000000000000000000000000000000011111111111111111111111111]
x_addr_78  (getelementptr) [ 0000000000000000000000000000000000000000010000000000000000000000000]
x_addr_79  (getelementptr) [ 0000000000000000000000000000000000000000010000000000000000000000000]
x_load_78  (load         ) [ 0000000000000000000000000000000000000000001111111111111111111111111]
x_load_79  (load         ) [ 0000000000000000000000000000000000000000001111111111111111111111111]
x_addr_80  (getelementptr) [ 0000000000000000000000000000000000000000001000000000000000000000000]
x_addr_81  (getelementptr) [ 0000000000000000000000000000000000000000001000000000000000000000000]
x_load_80  (load         ) [ 0000000000000000000000000000000000000000000111111111111111111111111]
x_load_81  (load         ) [ 0000000000000000000000000000000000000000000111111111111111111111111]
x_addr_82  (getelementptr) [ 0000000000000000000000000000000000000000000100000000000000000000000]
x_addr_83  (getelementptr) [ 0000000000000000000000000000000000000000000100000000000000000000000]
x_load_82  (load         ) [ 0000000000000000000000000000000000000000000011111111111111111111111]
x_load_83  (load         ) [ 0000000000000000000000000000000000000000000011111111111111111111111]
x_addr_84  (getelementptr) [ 0000000000000000000000000000000000000000000010000000000000000000000]
x_addr_85  (getelementptr) [ 0000000000000000000000000000000000000000000010000000000000000000000]
x_load_84  (load         ) [ 0000000000000000000000000000000000000000000001111111111111111111111]
x_load_85  (load         ) [ 0000000000000000000000000000000000000000000001111111111111111111111]
x_addr_86  (getelementptr) [ 0000000000000000000000000000000000000000000001000000000000000000000]
x_addr_87  (getelementptr) [ 0000000000000000000000000000000000000000000001000000000000000000000]
x_load_86  (load         ) [ 0000000000000000000000000000000000000000000000111111111111111111111]
x_load_87  (load         ) [ 0000000000000000000000000000000000000000000000111111111111111111111]
x_addr_88  (getelementptr) [ 0000000000000000000000000000000000000000000000100000000000000000000]
x_addr_89  (getelementptr) [ 0000000000000000000000000000000000000000000000100000000000000000000]
x_load_88  (load         ) [ 0000000000000000000000000000000000000000000000011111111111111111111]
x_load_89  (load         ) [ 0000000000000000000000000000000000000000000000011111111111111111111]
x_addr_90  (getelementptr) [ 0000000000000000000000000000000000000000000000010000000000000000000]
x_addr_91  (getelementptr) [ 0000000000000000000000000000000000000000000000010000000000000000000]
x_load_90  (load         ) [ 0000000000000000000000000000000000000000000000001111111111111111111]
x_load_91  (load         ) [ 0000000000000000000000000000000000000000000000001111111111111111111]
x_addr_92  (getelementptr) [ 0000000000000000000000000000000000000000000000001000000000000000000]
x_addr_93  (getelementptr) [ 0000000000000000000000000000000000000000000000001000000000000000000]
x_load_92  (load         ) [ 0000000000000000000000000000000000000000000000000111111111111111111]
x_load_93  (load         ) [ 0000000000000000000000000000000000000000000000000111111111111111111]
x_addr_94  (getelementptr) [ 0000000000000000000000000000000000000000000000000100000000000000000]
x_addr_95  (getelementptr) [ 0000000000000000000000000000000000000000000000000100000000000000000]
x_load_94  (load         ) [ 0000000000000000000000000000000000000000000000000011111111111111111]
x_load_95  (load         ) [ 0000000000000000000000000000000000000000000000000011111111111111111]
x_addr_96  (getelementptr) [ 0000000000000000000000000000000000000000000000000010000000000000000]
x_addr_97  (getelementptr) [ 0000000000000000000000000000000000000000000000000010000000000000000]
x_load_96  (load         ) [ 0000000000000000000000000000000000000000000000000001111111111111111]
x_load_97  (load         ) [ 0000000000000000000000000000000000000000000000000001111111111111111]
x_addr_98  (getelementptr) [ 0000000000000000000000000000000000000000000000000001000000000000000]
x_addr_99  (getelementptr) [ 0000000000000000000000000000000000000000000000000001000000000000000]
x_load_98  (load         ) [ 0000000000000000000000000000000000000000000000000000111111111111111]
x_load_99  (load         ) [ 0000000000000000000000000000000000000000000000000000111111111111111]
x_addr_100 (getelementptr) [ 0000000000000000000000000000000000000000000000000000100000000000000]
x_addr_101 (getelementptr) [ 0000000000000000000000000000000000000000000000000000100000000000000]
x_load_100 (load         ) [ 0000000000000000000000000000000000000000000000000000011111111111111]
x_load_101 (load         ) [ 0000000000000000000000000000000000000000000000000000011111111111111]
x_addr_102 (getelementptr) [ 0000000000000000000000000000000000000000000000000000010000000000000]
x_addr_103 (getelementptr) [ 0000000000000000000000000000000000000000000000000000010000000000000]
x_load_102 (load         ) [ 0000000000000000000000000000000000000000000000000000001111111111111]
x_load_103 (load         ) [ 0000000000000000000000000000000000000000000000000000001111111111111]
x_addr_104 (getelementptr) [ 0000000000000000000000000000000000000000000000000000001000000000000]
x_addr_105 (getelementptr) [ 0000000000000000000000000000000000000000000000000000001000000000000]
x_load_104 (load         ) [ 0000000000000000000000000000000000000000000000000000000111111111111]
x_load_105 (load         ) [ 0000000000000000000000000000000000000000000000000000000111111111111]
x_addr_106 (getelementptr) [ 0000000000000000000000000000000000000000000000000000000100000000000]
x_addr_107 (getelementptr) [ 0000000000000000000000000000000000000000000000000000000100000000000]
x_load_106 (load         ) [ 0000000000000000000000000000000000000000000000000000000011111111111]
x_load_107 (load         ) [ 0000000000000000000000000000000000000000000000000000000011111111111]
x_addr_108 (getelementptr) [ 0000000000000000000000000000000000000000000000000000000010000000000]
x_addr_109 (getelementptr) [ 0000000000000000000000000000000000000000000000000000000010000000000]
x_load_108 (load         ) [ 0000000000000000000000000000000000000000000000000000000001111111111]
x_load_109 (load         ) [ 0000000000000000000000000000000000000000000000000000000001111111111]
x_addr_110 (getelementptr) [ 0000000000000000000000000000000000000000000000000000000001000000000]
x_addr_111 (getelementptr) [ 0000000000000000000000000000000000000000000000000000000001000000000]
x_load_110 (load         ) [ 0000000000000000000000000000000000000000000000000000000000111111111]
x_load_111 (load         ) [ 0000000000000000000000000000000000000000000000000000000000111111111]
x_addr_112 (getelementptr) [ 0000000000000000000000000000000000000000000000000000000000100000000]
x_addr_113 (getelementptr) [ 0000000000000000000000000000000000000000000000000000000000100000000]
x_load_112 (load         ) [ 0000000000000000000000000000000000000000000000000000000000011111111]
x_load_113 (load         ) [ 0000000000000000000000000000000000000000000000000000000000011111111]
x_addr_114 (getelementptr) [ 0000000000000000000000000000000000000000000000000000000000010000000]
x_addr_115 (getelementptr) [ 0000000000000000000000000000000000000000000000000000000000010000000]
x_load_114 (load         ) [ 0000000000000000000000000000000000000000000000000000000000001111111]
x_load_115 (load         ) [ 0000000000000000000000000000000000000000000000000000000000001111111]
x_addr_116 (getelementptr) [ 0000000000000000000000000000000000000000000000000000000000001000000]
x_addr_117 (getelementptr) [ 0000000000000000000000000000000000000000000000000000000000001000000]
x_load_116 (load         ) [ 0000000000000000000000000000000000000000000000000000000000000111111]
x_load_117 (load         ) [ 0000000000000000000000000000000000000000000000000000000000000111111]
x_addr_118 (getelementptr) [ 0000000000000000000000000000000000000000000000000000000000000100000]
x_addr_119 (getelementptr) [ 0000000000000000000000000000000000000000000000000000000000000100000]
x_load_118 (load         ) [ 0000000000000000000000000000000000000000000000000000000000000011111]
x_load_119 (load         ) [ 0000000000000000000000000000000000000000000000000000000000000011111]
x_addr_120 (getelementptr) [ 0000000000000000000000000000000000000000000000000000000000000010000]
x_addr_121 (getelementptr) [ 0000000000000000000000000000000000000000000000000000000000000010000]
x_load_120 (load         ) [ 0000000000000000000000000000000000000000000000000000000000000001111]
x_load_121 (load         ) [ 0000000000000000000000000000000000000000000000000000000000000001111]
x_addr_122 (getelementptr) [ 0000000000000000000000000000000000000000000000000000000000000001000]
x_addr_123 (getelementptr) [ 0000000000000000000000000000000000000000000000000000000000000001000]
x_load_122 (load         ) [ 0000000000000000000000000000000000000000000000000000000000000000111]
x_load_123 (load         ) [ 0000000000000000000000000000000000000000000000000000000000000000111]
x_addr_124 (getelementptr) [ 0000000000000000000000000000000000000000000000000000000000000000100]
x_addr_125 (getelementptr) [ 0000000000000000000000000000000000000000000000000000000000000000100]
x_load_124 (load         ) [ 0000000000000000000000000000000000000000000000000000000000000000011]
x_load_125 (load         ) [ 0000000000000000000000000000000000000000000000000000000000000000011]
x_addr_126 (getelementptr) [ 0000000000000000000000000000000000000000000000000000000000000000010]
x_addr_127 (getelementptr) [ 0000000000000000000000000000000000000000000000000000000000000000010]
x_load_126 (load         ) [ 0000000000000000000000000000000000000000000000000000000000000000001]
x_load_127 (load         ) [ 0000000000000000000000000000000000000000000000000000000000000000001]
call_ln182 (call         ) [ 0000000000000000000000000000000000000000000000000000000000000000000]
ret_ln194  (ret          ) [ 0000000000000000000000000000000000000000000000000000000000000000000]
</LifeTime>

<model>

<comp_list>
<comp id="0" class="1000" name="x">
<pin_list>
<pin id="1" dir="1" index="0" bw="1" slack="0"/>
</pin_list>
<bind>
<StgValue><ssdm name="x"/><MemPortTyVec>1 1 </MemPortTyVec>
</StgValue>
</bind>
</comp>

<comp id="2" class="1000" name="out_r">
<pin_list>
<pin id="3" dir="1" index="0" bw="1" slack="0"/>
</pin_list>
<bind>
<StgValue><ssdm name="out_r"/><MemPortTyVec>0 3 </MemPortTyVec>
</StgValue>
</bind>
</comp>

<comp id="4" class="1000" name="bfc0">
<pin_list>
<pin id="5" dir="1" index="0" bw="1" slack="0"/>
</pin_list>
<bind>
<StgValue><ssdm name="bfc0"/><MemPortTyVec>1 </MemPortTyVec>
</StgValue>
</bind>
</comp>

<comp id="6" class="1000" name="p_ZL4Wfc0_0">
<pin_list>
<pin id="7" dir="1" index="0" bw="1" slack="0"/>
</pin_list>
<bind>
<StgValue><ssdm name="p_ZL4Wfc0_0"/><MemPortTyVec>1 </MemPortTyVec>
</StgValue>
</bind>
</comp>

<comp id="8" class="1000" name="p_ZL4Wfc0_1">
<pin_list>
<pin id="9" dir="1" index="0" bw="1" slack="0"/>
</pin_list>
<bind>
<StgValue><ssdm name="p_ZL4Wfc0_1"/><MemPortTyVec>1 </MemPortTyVec>
</StgValue>
</bind>
</comp>

<comp id="10" class="1000" name="p_ZL4Wfc0_2">
<pin_list>
<pin id="11" dir="1" index="0" bw="1" slack="0"/>
</pin_list>
<bind>
<StgValue><ssdm name="p_ZL4Wfc0_2"/><MemPortTyVec>1 </MemPortTyVec>
</StgValue>
</bind>
</comp>

<comp id="12" class="1000" name="p_ZL4Wfc0_3">
<pin_list>
<pin id="13" dir="1" index="0" bw="1" slack="0"/>
</pin_list>
<bind>
<StgValue><ssdm name="p_ZL4Wfc0_3"/><MemPortTyVec>1 </MemPortTyVec>
</StgValue>
</bind>
</comp>

<comp id="14" class="1000" name="p_ZL4Wfc0_4">
<pin_list>
<pin id="15" dir="1" index="0" bw="1" slack="0"/>
</pin_list>
<bind>
<StgValue><ssdm name="p_ZL4Wfc0_4"/><MemPortTyVec>1 </MemPortTyVec>
</StgValue>
</bind>
</comp>

<comp id="16" class="1000" name="p_ZL4Wfc0_5">
<pin_list>
<pin id="17" dir="1" index="0" bw="1" slack="0"/>
</pin_list>
<bind>
<StgValue><ssdm name="p_ZL4Wfc0_5"/><MemPortTyVec>1 </MemPortTyVec>
</StgValue>
</bind>
</comp>

<comp id="18" class="1000" name="p_ZL4Wfc0_6">
<pin_list>
<pin id="19" dir="1" index="0" bw="1" slack="0"/>
</pin_list>
<bind>
<StgValue><ssdm name="p_ZL4Wfc0_6"/><MemPortTyVec>1 </MemPortTyVec>
</StgValue>
</bind>
</comp>

<comp id="20" class="1000" name="p_ZL4Wfc0_7">
<pin_list>
<pin id="21" dir="1" index="0" bw="1" slack="0"/>
</pin_list>
<bind>
<StgValue><ssdm name="p_ZL4Wfc0_7"/><MemPortTyVec>1 </MemPortTyVec>
</StgValue>
</bind>
</comp>

<comp id="22" class="1000" name="p_ZL4Wfc0_8">
<pin_list>
<pin id="23" dir="1" index="0" bw="1" slack="0"/>
</pin_list>
<bind>
<StgValue><ssdm name="p_ZL4Wfc0_8"/><MemPortTyVec>1 </MemPortTyVec>
</StgValue>
</bind>
</comp>

<comp id="24" class="1000" name="p_ZL4Wfc0_9">
<pin_list>
<pin id="25" dir="1" index="0" bw="1" slack="0"/>
</pin_list>
<bind>
<StgValue><ssdm name="p_ZL4Wfc0_9"/><MemPortTyVec>1 </MemPortTyVec>
</StgValue>
</bind>
</comp>

<comp id="26" class="1000" name="p_ZL4Wfc0_10">
<pin_list>
<pin id="27" dir="1" index="0" bw="1" slack="0"/>
</pin_list>
<bind>
<StgValue><ssdm name="p_ZL4Wfc0_10"/><MemPortTyVec>1 </MemPortTyVec>
</StgValue>
</bind>
</comp>

<comp id="28" class="1000" name="p_ZL4Wfc0_11">
<pin_list>
<pin id="29" dir="1" index="0" bw="1" slack="0"/>
</pin_list>
<bind>
<StgValue><ssdm name="p_ZL4Wfc0_11"/><MemPortTyVec>1 </MemPortTyVec>
</StgValue>
</bind>
</comp>

<comp id="30" class="1000" name="p_ZL4Wfc0_12">
<pin_list>
<pin id="31" dir="1" index="0" bw="1" slack="0"/>
</pin_list>
<bind>
<StgValue><ssdm name="p_ZL4Wfc0_12"/><MemPortTyVec>1 </MemPortTyVec>
</StgValue>
</bind>
</comp>

<comp id="32" class="1000" name="p_ZL4Wfc0_13">
<pin_list>
<pin id="33" dir="1" index="0" bw="1" slack="0"/>
</pin_list>
<bind>
<StgValue><ssdm name="p_ZL4Wfc0_13"/><MemPortTyVec>1 </MemPortTyVec>
</StgValue>
</bind>
</comp>

<comp id="34" class="1000" name="p_ZL4Wfc0_14">
<pin_list>
<pin id="35" dir="1" index="0" bw="1" slack="0"/>
</pin_list>
<bind>
<StgValue><ssdm name="p_ZL4Wfc0_14"/><MemPortTyVec>1 </MemPortTyVec>
</StgValue>
</bind>
</comp>

<comp id="36" class="1000" name="p_ZL4Wfc0_15">
<pin_list>
<pin id="37" dir="1" index="0" bw="1" slack="0"/>
</pin_list>
<bind>
<StgValue><ssdm name="p_ZL4Wfc0_15"/><MemPortTyVec>1 </MemPortTyVec>
</StgValue>
</bind>
</comp>

<comp id="38" class="1000" name="p_ZL4Wfc0_16">
<pin_list>
<pin id="39" dir="1" index="0" bw="1" slack="0"/>
</pin_list>
<bind>
<StgValue><ssdm name="p_ZL4Wfc0_16"/><MemPortTyVec>1 </MemPortTyVec>
</StgValue>
</bind>
</comp>

<comp id="40" class="1000" name="p_ZL4Wfc0_17">
<pin_list>
<pin id="41" dir="1" index="0" bw="1" slack="0"/>
</pin_list>
<bind>
<StgValue><ssdm name="p_ZL4Wfc0_17"/><MemPortTyVec>1 </MemPortTyVec>
</StgValue>
</bind>
</comp>

<comp id="42" class="1000" name="p_ZL4Wfc0_18">
<pin_list>
<pin id="43" dir="1" index="0" bw="1" slack="0"/>
</pin_list>
<bind>
<StgValue><ssdm name="p_ZL4Wfc0_18"/><MemPortTyVec>1 </MemPortTyVec>
</StgValue>
</bind>
</comp>

<comp id="44" class="1000" name="p_ZL4Wfc0_19">
<pin_list>
<pin id="45" dir="1" index="0" bw="1" slack="0"/>
</pin_list>
<bind>
<StgValue><ssdm name="p_ZL4Wfc0_19"/><MemPortTyVec>1 </MemPortTyVec>
</StgValue>
</bind>
</comp>

<comp id="46" class="1000" name="p_ZL4Wfc0_20">
<pin_list>
<pin id="47" dir="1" index="0" bw="1" slack="0"/>
</pin_list>
<bind>
<StgValue><ssdm name="p_ZL4Wfc0_20"/><MemPortTyVec>1 </MemPortTyVec>
</StgValue>
</bind>
</comp>

<comp id="48" class="1000" name="p_ZL4Wfc0_21">
<pin_list>
<pin id="49" dir="1" index="0" bw="1" slack="0"/>
</pin_list>
<bind>
<StgValue><ssdm name="p_ZL4Wfc0_21"/><MemPortTyVec>1 </MemPortTyVec>
</StgValue>
</bind>
</comp>

<comp id="50" class="1000" name="p_ZL4Wfc0_22">
<pin_list>
<pin id="51" dir="1" index="0" bw="1" slack="0"/>
</pin_list>
<bind>
<StgValue><ssdm name="p_ZL4Wfc0_22"/><MemPortTyVec>1 </MemPortTyVec>
</StgValue>
</bind>
</comp>

<comp id="52" class="1000" name="p_ZL4Wfc0_23">
<pin_list>
<pin id="53" dir="1" index="0" bw="1" slack="0"/>
</pin_list>
<bind>
<StgValue><ssdm name="p_ZL4Wfc0_23"/><MemPortTyVec>1 </MemPortTyVec>
</StgValue>
</bind>
</comp>

<comp id="54" class="1000" name="p_ZL4Wfc0_24">
<pin_list>
<pin id="55" dir="1" index="0" bw="1" slack="0"/>
</pin_list>
<bind>
<StgValue><ssdm name="p_ZL4Wfc0_24"/><MemPortTyVec>1 </MemPortTyVec>
</StgValue>
</bind>
</comp>

<comp id="56" class="1000" name="p_ZL4Wfc0_25">
<pin_list>
<pin id="57" dir="1" index="0" bw="1" slack="0"/>
</pin_list>
<bind>
<StgValue><ssdm name="p_ZL4Wfc0_25"/><MemPortTyVec>1 </MemPortTyVec>
</StgValue>
</bind>
</comp>

<comp id="58" class="1000" name="p_ZL4Wfc0_26">
<pin_list>
<pin id="59" dir="1" index="0" bw="1" slack="0"/>
</pin_list>
<bind>
<StgValue><ssdm name="p_ZL4Wfc0_26"/><MemPortTyVec>1 </MemPortTyVec>
</StgValue>
</bind>
</comp>

<comp id="60" class="1000" name="p_ZL4Wfc0_27">
<pin_list>
<pin id="61" dir="1" index="0" bw="1" slack="0"/>
</pin_list>
<bind>
<StgValue><ssdm name="p_ZL4Wfc0_27"/><MemPortTyVec>1 </MemPortTyVec>
</StgValue>
</bind>
</comp>

<comp id="62" class="1000" name="p_ZL4Wfc0_28">
<pin_list>
<pin id="63" dir="1" index="0" bw="1" slack="0"/>
</pin_list>
<bind>
<StgValue><ssdm name="p_ZL4Wfc0_28"/><MemPortTyVec>1 </MemPortTyVec>
</StgValue>
</bind>
</comp>

<comp id="64" class="1000" name="p_ZL4Wfc0_29">
<pin_list>
<pin id="65" dir="1" index="0" bw="1" slack="0"/>
</pin_list>
<bind>
<StgValue><ssdm name="p_ZL4Wfc0_29"/><MemPortTyVec>1 </MemPortTyVec>
</StgValue>
</bind>
</comp>

<comp id="66" class="1000" name="p_ZL4Wfc0_30">
<pin_list>
<pin id="67" dir="1" index="0" bw="1" slack="0"/>
</pin_list>
<bind>
<StgValue><ssdm name="p_ZL4Wfc0_30"/><MemPortTyVec>1 </MemPortTyVec>
</StgValue>
</bind>
</comp>

<comp id="68" class="1000" name="p_ZL4Wfc0_31">
<pin_list>
<pin id="69" dir="1" index="0" bw="1" slack="0"/>
</pin_list>
<bind>
<StgValue><ssdm name="p_ZL4Wfc0_31"/><MemPortTyVec>1 </MemPortTyVec>
</StgValue>
</bind>
</comp>

<comp id="70" class="1000" name="p_ZL4Wfc0_32">
<pin_list>
<pin id="71" dir="1" index="0" bw="1" slack="0"/>
</pin_list>
<bind>
<StgValue><ssdm name="p_ZL4Wfc0_32"/><MemPortTyVec>1 </MemPortTyVec>
</StgValue>
</bind>
</comp>

<comp id="72" class="1000" name="p_ZL4Wfc0_33">
<pin_list>
<pin id="73" dir="1" index="0" bw="1" slack="0"/>
</pin_list>
<bind>
<StgValue><ssdm name="p_ZL4Wfc0_33"/><MemPortTyVec>1 </MemPortTyVec>
</StgValue>
</bind>
</comp>

<comp id="74" class="1000" name="p_ZL4Wfc0_34">
<pin_list>
<pin id="75" dir="1" index="0" bw="1" slack="0"/>
</pin_list>
<bind>
<StgValue><ssdm name="p_ZL4Wfc0_34"/><MemPortTyVec>1 </MemPortTyVec>
</StgValue>
</bind>
</comp>

<comp id="76" class="1000" name="p_ZL4Wfc0_35">
<pin_list>
<pin id="77" dir="1" index="0" bw="1" slack="0"/>
</pin_list>
<bind>
<StgValue><ssdm name="p_ZL4Wfc0_35"/><MemPortTyVec>1 </MemPortTyVec>
</StgValue>
</bind>
</comp>

<comp id="78" class="1000" name="p_ZL4Wfc0_36">
<pin_list>
<pin id="79" dir="1" index="0" bw="1" slack="0"/>
</pin_list>
<bind>
<StgValue><ssdm name="p_ZL4Wfc0_36"/><MemPortTyVec>1 </MemPortTyVec>
</StgValue>
</bind>
</comp>

<comp id="80" class="1000" name="p_ZL4Wfc0_37">
<pin_list>
<pin id="81" dir="1" index="0" bw="1" slack="0"/>
</pin_list>
<bind>
<StgValue><ssdm name="p_ZL4Wfc0_37"/><MemPortTyVec>1 </MemPortTyVec>
</StgValue>
</bind>
</comp>

<comp id="82" class="1000" name="p_ZL4Wfc0_38">
<pin_list>
<pin id="83" dir="1" index="0" bw="1" slack="0"/>
</pin_list>
<bind>
<StgValue><ssdm name="p_ZL4Wfc0_38"/><MemPortTyVec>1 </MemPortTyVec>
</StgValue>
</bind>
</comp>

<comp id="84" class="1000" name="p_ZL4Wfc0_39">
<pin_list>
<pin id="85" dir="1" index="0" bw="1" slack="0"/>
</pin_list>
<bind>
<StgValue><ssdm name="p_ZL4Wfc0_39"/><MemPortTyVec>1 </MemPortTyVec>
</StgValue>
</bind>
</comp>

<comp id="86" class="1000" name="p_ZL4Wfc0_40">
<pin_list>
<pin id="87" dir="1" index="0" bw="1" slack="0"/>
</pin_list>
<bind>
<StgValue><ssdm name="p_ZL4Wfc0_40"/><MemPortTyVec>1 </MemPortTyVec>
</StgValue>
</bind>
</comp>

<comp id="88" class="1000" name="p_ZL4Wfc0_41">
<pin_list>
<pin id="89" dir="1" index="0" bw="1" slack="0"/>
</pin_list>
<bind>
<StgValue><ssdm name="p_ZL4Wfc0_41"/><MemPortTyVec>1 </MemPortTyVec>
</StgValue>
</bind>
</comp>

<comp id="90" class="1000" name="p_ZL4Wfc0_42">
<pin_list>
<pin id="91" dir="1" index="0" bw="1" slack="0"/>
</pin_list>
<bind>
<StgValue><ssdm name="p_ZL4Wfc0_42"/><MemPortTyVec>1 </MemPortTyVec>
</StgValue>
</bind>
</comp>

<comp id="92" class="1000" name="p_ZL4Wfc0_43">
<pin_list>
<pin id="93" dir="1" index="0" bw="1" slack="0"/>
</pin_list>
<bind>
<StgValue><ssdm name="p_ZL4Wfc0_43"/><MemPortTyVec>1 </MemPortTyVec>
</StgValue>
</bind>
</comp>

<comp id="94" class="1000" name="p_ZL4Wfc0_44">
<pin_list>
<pin id="95" dir="1" index="0" bw="1" slack="0"/>
</pin_list>
<bind>
<StgValue><ssdm name="p_ZL4Wfc0_44"/><MemPortTyVec>1 </MemPortTyVec>
</StgValue>
</bind>
</comp>

<comp id="96" class="1000" name="p_ZL4Wfc0_45">
<pin_list>
<pin id="97" dir="1" index="0" bw="1" slack="0"/>
</pin_list>
<bind>
<StgValue><ssdm name="p_ZL4Wfc0_45"/><MemPortTyVec>1 </MemPortTyVec>
</StgValue>
</bind>
</comp>

<comp id="98" class="1000" name="p_ZL4Wfc0_46">
<pin_list>
<pin id="99" dir="1" index="0" bw="1" slack="0"/>
</pin_list>
<bind>
<StgValue><ssdm name="p_ZL4Wfc0_46"/><MemPortTyVec>1 </MemPortTyVec>
</StgValue>
</bind>
</comp>

<comp id="100" class="1000" name="p_ZL4Wfc0_47">
<pin_list>
<pin id="101" dir="1" index="0" bw="1" slack="0"/>
</pin_list>
<bind>
<StgValue><ssdm name="p_ZL4Wfc0_47"/><MemPortTyVec>1 </MemPortTyVec>
</StgValue>
</bind>
</comp>

<comp id="102" class="1000" name="p_ZL4Wfc0_48">
<pin_list>
<pin id="103" dir="1" index="0" bw="1" slack="0"/>
</pin_list>
<bind>
<StgValue><ssdm name="p_ZL4Wfc0_48"/><MemPortTyVec>1 </MemPortTyVec>
</StgValue>
</bind>
</comp>

<comp id="104" class="1000" name="p_ZL4Wfc0_49">
<pin_list>
<pin id="105" dir="1" index="0" bw="1" slack="0"/>
</pin_list>
<bind>
<StgValue><ssdm name="p_ZL4Wfc0_49"/><MemPortTyVec>1 </MemPortTyVec>
</StgValue>
</bind>
</comp>

<comp id="106" class="1000" name="p_ZL4Wfc0_50">
<pin_list>
<pin id="107" dir="1" index="0" bw="1" slack="0"/>
</pin_list>
<bind>
<StgValue><ssdm name="p_ZL4Wfc0_50"/><MemPortTyVec>1 </MemPortTyVec>
</StgValue>
</bind>
</comp>

<comp id="108" class="1000" name="p_ZL4Wfc0_51">
<pin_list>
<pin id="109" dir="1" index="0" bw="1" slack="0"/>
</pin_list>
<bind>
<StgValue><ssdm name="p_ZL4Wfc0_51"/><MemPortTyVec>1 </MemPortTyVec>
</StgValue>
</bind>
</comp>

<comp id="110" class="1000" name="p_ZL4Wfc0_52">
<pin_list>
<pin id="111" dir="1" index="0" bw="1" slack="0"/>
</pin_list>
<bind>
<StgValue><ssdm name="p_ZL4Wfc0_52"/><MemPortTyVec>1 </MemPortTyVec>
</StgValue>
</bind>
</comp>

<comp id="112" class="1000" name="p_ZL4Wfc0_53">
<pin_list>
<pin id="113" dir="1" index="0" bw="1" slack="0"/>
</pin_list>
<bind>
<StgValue><ssdm name="p_ZL4Wfc0_53"/><MemPortTyVec>1 </MemPortTyVec>
</StgValue>
</bind>
</comp>

<comp id="114" class="1000" name="p_ZL4Wfc0_54">
<pin_list>
<pin id="115" dir="1" index="0" bw="1" slack="0"/>
</pin_list>
<bind>
<StgValue><ssdm name="p_ZL4Wfc0_54"/><MemPortTyVec>1 </MemPortTyVec>
</StgValue>
</bind>
</comp>

<comp id="116" class="1000" name="p_ZL4Wfc0_55">
<pin_list>
<pin id="117" dir="1" index="0" bw="1" slack="0"/>
</pin_list>
<bind>
<StgValue><ssdm name="p_ZL4Wfc0_55"/><MemPortTyVec>1 </MemPortTyVec>
</StgValue>
</bind>
</comp>

<comp id="118" class="1000" name="p_ZL4Wfc0_56">
<pin_list>
<pin id="119" dir="1" index="0" bw="1" slack="0"/>
</pin_list>
<bind>
<StgValue><ssdm name="p_ZL4Wfc0_56"/><MemPortTyVec>1 </MemPortTyVec>
</StgValue>
</bind>
</comp>

<comp id="120" class="1000" name="p_ZL4Wfc0_57">
<pin_list>
<pin id="121" dir="1" index="0" bw="1" slack="0"/>
</pin_list>
<bind>
<StgValue><ssdm name="p_ZL4Wfc0_57"/><MemPortTyVec>1 </MemPortTyVec>
</StgValue>
</bind>
</comp>

<comp id="122" class="1000" name="p_ZL4Wfc0_58">
<pin_list>
<pin id="123" dir="1" index="0" bw="1" slack="0"/>
</pin_list>
<bind>
<StgValue><ssdm name="p_ZL4Wfc0_58"/><MemPortTyVec>1 </MemPortTyVec>
</StgValue>
</bind>
</comp>

<comp id="124" class="1000" name="p_ZL4Wfc0_59">
<pin_list>
<pin id="125" dir="1" index="0" bw="1" slack="0"/>
</pin_list>
<bind>
<StgValue><ssdm name="p_ZL4Wfc0_59"/><MemPortTyVec>1 </MemPortTyVec>
</StgValue>
</bind>
</comp>

<comp id="126" class="1000" name="p_ZL4Wfc0_60">
<pin_list>
<pin id="127" dir="1" index="0" bw="1" slack="0"/>
</pin_list>
<bind>
<StgValue><ssdm name="p_ZL4Wfc0_60"/><MemPortTyVec>1 </MemPortTyVec>
</StgValue>
</bind>
</comp>

<comp id="128" class="1000" name="p_ZL4Wfc0_61">
<pin_list>
<pin id="129" dir="1" index="0" bw="1" slack="0"/>
</pin_list>
<bind>
<StgValue><ssdm name="p_ZL4Wfc0_61"/><MemPortTyVec>1 </MemPortTyVec>
</StgValue>
</bind>
</comp>

<comp id="130" class="1000" name="p_ZL4Wfc0_62">
<pin_list>
<pin id="131" dir="1" index="0" bw="1" slack="0"/>
</pin_list>
<bind>
<StgValue><ssdm name="p_ZL4Wfc0_62"/><MemPortTyVec>1 </MemPortTyVec>
</StgValue>
</bind>
</comp>

<comp id="132" class="1000" name="p_ZL4Wfc0_63">
<pin_list>
<pin id="133" dir="1" index="0" bw="1" slack="0"/>
</pin_list>
<bind>
<StgValue><ssdm name="p_ZL4Wfc0_63"/><MemPortTyVec>1 </MemPortTyVec>
</StgValue>
</bind>
</comp>

<comp id="134" class="1000" name="p_ZL4Wfc0_64">
<pin_list>
<pin id="135" dir="1" index="0" bw="1" slack="0"/>
</pin_list>
<bind>
<StgValue><ssdm name="p_ZL4Wfc0_64"/><MemPortTyVec>1 </MemPortTyVec>
</StgValue>
</bind>
</comp>

<comp id="136" class="1000" name="p_ZL4Wfc0_65">
<pin_list>
<pin id="137" dir="1" index="0" bw="1" slack="0"/>
</pin_list>
<bind>
<StgValue><ssdm name="p_ZL4Wfc0_65"/><MemPortTyVec>1 </MemPortTyVec>
</StgValue>
</bind>
</comp>

<comp id="138" class="1000" name="p_ZL4Wfc0_66">
<pin_list>
<pin id="139" dir="1" index="0" bw="1" slack="0"/>
</pin_list>
<bind>
<StgValue><ssdm name="p_ZL4Wfc0_66"/><MemPortTyVec>1 </MemPortTyVec>
</StgValue>
</bind>
</comp>

<comp id="140" class="1000" name="p_ZL4Wfc0_67">
<pin_list>
<pin id="141" dir="1" index="0" bw="1" slack="0"/>
</pin_list>
<bind>
<StgValue><ssdm name="p_ZL4Wfc0_67"/><MemPortTyVec>1 </MemPortTyVec>
</StgValue>
</bind>
</comp>

<comp id="142" class="1000" name="p_ZL4Wfc0_68">
<pin_list>
<pin id="143" dir="1" index="0" bw="1" slack="0"/>
</pin_list>
<bind>
<StgValue><ssdm name="p_ZL4Wfc0_68"/><MemPortTyVec>1 </MemPortTyVec>
</StgValue>
</bind>
</comp>

<comp id="144" class="1000" name="p_ZL4Wfc0_69">
<pin_list>
<pin id="145" dir="1" index="0" bw="1" slack="0"/>
</pin_list>
<bind>
<StgValue><ssdm name="p_ZL4Wfc0_69"/><MemPortTyVec>1 </MemPortTyVec>
</StgValue>
</bind>
</comp>

<comp id="146" class="1000" name="p_ZL4Wfc0_70">
<pin_list>
<pin id="147" dir="1" index="0" bw="1" slack="0"/>
</pin_list>
<bind>
<StgValue><ssdm name="p_ZL4Wfc0_70"/><MemPortTyVec>1 </MemPortTyVec>
</StgValue>
</bind>
</comp>

<comp id="148" class="1000" name="p_ZL4Wfc0_71">
<pin_list>
<pin id="149" dir="1" index="0" bw="1" slack="0"/>
</pin_list>
<bind>
<StgValue><ssdm name="p_ZL4Wfc0_71"/><MemPortTyVec>1 </MemPortTyVec>
</StgValue>
</bind>
</comp>

<comp id="150" class="1000" name="p_ZL4Wfc0_72">
<pin_list>
<pin id="151" dir="1" index="0" bw="1" slack="0"/>
</pin_list>
<bind>
<StgValue><ssdm name="p_ZL4Wfc0_72"/><MemPortTyVec>1 </MemPortTyVec>
</StgValue>
</bind>
</comp>

<comp id="152" class="1000" name="p_ZL4Wfc0_73">
<pin_list>
<pin id="153" dir="1" index="0" bw="1" slack="0"/>
</pin_list>
<bind>
<StgValue><ssdm name="p_ZL4Wfc0_73"/><MemPortTyVec>1 </MemPortTyVec>
</StgValue>
</bind>
</comp>

<comp id="154" class="1000" name="p_ZL4Wfc0_74">
<pin_list>
<pin id="155" dir="1" index="0" bw="1" slack="0"/>
</pin_list>
<bind>
<StgValue><ssdm name="p_ZL4Wfc0_74"/><MemPortTyVec>1 </MemPortTyVec>
</StgValue>
</bind>
</comp>

<comp id="156" class="1000" name="p_ZL4Wfc0_75">
<pin_list>
<pin id="157" dir="1" index="0" bw="1" slack="0"/>
</pin_list>
<bind>
<StgValue><ssdm name="p_ZL4Wfc0_75"/><MemPortTyVec>1 </MemPortTyVec>
</StgValue>
</bind>
</comp>

<comp id="158" class="1000" name="p_ZL4Wfc0_76">
<pin_list>
<pin id="159" dir="1" index="0" bw="1" slack="0"/>
</pin_list>
<bind>
<StgValue><ssdm name="p_ZL4Wfc0_76"/><MemPortTyVec>1 </MemPortTyVec>
</StgValue>
</bind>
</comp>

<comp id="160" class="1000" name="p_ZL4Wfc0_77">
<pin_list>
<pin id="161" dir="1" index="0" bw="1" slack="0"/>
</pin_list>
<bind>
<StgValue><ssdm name="p_ZL4Wfc0_77"/><MemPortTyVec>1 </MemPortTyVec>
</StgValue>
</bind>
</comp>

<comp id="162" class="1000" name="p_ZL4Wfc0_78">
<pin_list>
<pin id="163" dir="1" index="0" bw="1" slack="0"/>
</pin_list>
<bind>
<StgValue><ssdm name="p_ZL4Wfc0_78"/><MemPortTyVec>1 </MemPortTyVec>
</StgValue>
</bind>
</comp>

<comp id="164" class="1000" name="p_ZL4Wfc0_79">
<pin_list>
<pin id="165" dir="1" index="0" bw="1" slack="0"/>
</pin_list>
<bind>
<StgValue><ssdm name="p_ZL4Wfc0_79"/><MemPortTyVec>1 </MemPortTyVec>
</StgValue>
</bind>
</comp>

<comp id="166" class="1000" name="p_ZL4Wfc0_80">
<pin_list>
<pin id="167" dir="1" index="0" bw="1" slack="0"/>
</pin_list>
<bind>
<StgValue><ssdm name="p_ZL4Wfc0_80"/><MemPortTyVec>1 </MemPortTyVec>
</StgValue>
</bind>
</comp>

<comp id="168" class="1000" name="p_ZL4Wfc0_81">
<pin_list>
<pin id="169" dir="1" index="0" bw="1" slack="0"/>
</pin_list>
<bind>
<StgValue><ssdm name="p_ZL4Wfc0_81"/><MemPortTyVec>1 </MemPortTyVec>
</StgValue>
</bind>
</comp>

<comp id="170" class="1000" name="p_ZL4Wfc0_82">
<pin_list>
<pin id="171" dir="1" index="0" bw="1" slack="0"/>
</pin_list>
<bind>
<StgValue><ssdm name="p_ZL4Wfc0_82"/><MemPortTyVec>1 </MemPortTyVec>
</StgValue>
</bind>
</comp>

<comp id="172" class="1000" name="p_ZL4Wfc0_83">
<pin_list>
<pin id="173" dir="1" index="0" bw="1" slack="0"/>
</pin_list>
<bind>
<StgValue><ssdm name="p_ZL4Wfc0_83"/><MemPortTyVec>1 </MemPortTyVec>
</StgValue>
</bind>
</comp>

<comp id="174" class="1000" name="p_ZL4Wfc0_84">
<pin_list>
<pin id="175" dir="1" index="0" bw="1" slack="0"/>
</pin_list>
<bind>
<StgValue><ssdm name="p_ZL4Wfc0_84"/><MemPortTyVec>1 </MemPortTyVec>
</StgValue>
</bind>
</comp>

<comp id="176" class="1000" name="p_ZL4Wfc0_85">
<pin_list>
<pin id="177" dir="1" index="0" bw="1" slack="0"/>
</pin_list>
<bind>
<StgValue><ssdm name="p_ZL4Wfc0_85"/><MemPortTyVec>1 </MemPortTyVec>
</StgValue>
</bind>
</comp>

<comp id="178" class="1000" name="p_ZL4Wfc0_86">
<pin_list>
<pin id="179" dir="1" index="0" bw="1" slack="0"/>
</pin_list>
<bind>
<StgValue><ssdm name="p_ZL4Wfc0_86"/><MemPortTyVec>1 </MemPortTyVec>
</StgValue>
</bind>
</comp>

<comp id="180" class="1000" name="p_ZL4Wfc0_87">
<pin_list>
<pin id="181" dir="1" index="0" bw="1" slack="0"/>
</pin_list>
<bind>
<StgValue><ssdm name="p_ZL4Wfc0_87"/><MemPortTyVec>1 </MemPortTyVec>
</StgValue>
</bind>
</comp>

<comp id="182" class="1000" name="p_ZL4Wfc0_88">
<pin_list>
<pin id="183" dir="1" index="0" bw="1" slack="0"/>
</pin_list>
<bind>
<StgValue><ssdm name="p_ZL4Wfc0_88"/><MemPortTyVec>1 </MemPortTyVec>
</StgValue>
</bind>
</comp>

<comp id="184" class="1000" name="p_ZL4Wfc0_89">
<pin_list>
<pin id="185" dir="1" index="0" bw="1" slack="0"/>
</pin_list>
<bind>
<StgValue><ssdm name="p_ZL4Wfc0_89"/><MemPortTyVec>1 </MemPortTyVec>
</StgValue>
</bind>
</comp>

<comp id="186" class="1000" name="p_ZL4Wfc0_90">
<pin_list>
<pin id="187" dir="1" index="0" bw="1" slack="0"/>
</pin_list>
<bind>
<StgValue><ssdm name="p_ZL4Wfc0_90"/><MemPortTyVec>1 </MemPortTyVec>
</StgValue>
</bind>
</comp>

<comp id="188" class="1000" name="p_ZL4Wfc0_91">
<pin_list>
<pin id="189" dir="1" index="0" bw="1" slack="0"/>
</pin_list>
<bind>
<StgValue><ssdm name="p_ZL4Wfc0_91"/><MemPortTyVec>1 </MemPortTyVec>
</StgValue>
</bind>
</comp>

<comp id="190" class="1000" name="p_ZL4Wfc0_92">
<pin_list>
<pin id="191" dir="1" index="0" bw="1" slack="0"/>
</pin_list>
<bind>
<StgValue><ssdm name="p_ZL4Wfc0_92"/><MemPortTyVec>1 </MemPortTyVec>
</StgValue>
</bind>
</comp>

<comp id="192" class="1000" name="p_ZL4Wfc0_93">
<pin_list>
<pin id="193" dir="1" index="0" bw="1" slack="0"/>
</pin_list>
<bind>
<StgValue><ssdm name="p_ZL4Wfc0_93"/><MemPortTyVec>1 </MemPortTyVec>
</StgValue>
</bind>
</comp>

<comp id="194" class="1000" name="p_ZL4Wfc0_94">
<pin_list>
<pin id="195" dir="1" index="0" bw="1" slack="0"/>
</pin_list>
<bind>
<StgValue><ssdm name="p_ZL4Wfc0_94"/><MemPortTyVec>1 </MemPortTyVec>
</StgValue>
</bind>
</comp>

<comp id="196" class="1000" name="p_ZL4Wfc0_95">
<pin_list>
<pin id="197" dir="1" index="0" bw="1" slack="0"/>
</pin_list>
<bind>
<StgValue><ssdm name="p_ZL4Wfc0_95"/><MemPortTyVec>1 </MemPortTyVec>
</StgValue>
</bind>
</comp>

<comp id="198" class="1000" name="p_ZL4Wfc0_96">
<pin_list>
<pin id="199" dir="1" index="0" bw="1" slack="0"/>
</pin_list>
<bind>
<StgValue><ssdm name="p_ZL4Wfc0_96"/><MemPortTyVec>1 </MemPortTyVec>
</StgValue>
</bind>
</comp>

<comp id="200" class="1000" name="p_ZL4Wfc0_97">
<pin_list>
<pin id="201" dir="1" index="0" bw="1" slack="0"/>
</pin_list>
<bind>
<StgValue><ssdm name="p_ZL4Wfc0_97"/><MemPortTyVec>1 </MemPortTyVec>
</StgValue>
</bind>
</comp>

<comp id="202" class="1000" name="p_ZL4Wfc0_98">
<pin_list>
<pin id="203" dir="1" index="0" bw="1" slack="0"/>
</pin_list>
<bind>
<StgValue><ssdm name="p_ZL4Wfc0_98"/><MemPortTyVec>1 </MemPortTyVec>
</StgValue>
</bind>
</comp>

<comp id="204" class="1000" name="p_ZL4Wfc0_99">
<pin_list>
<pin id="205" dir="1" index="0" bw="1" slack="0"/>
</pin_list>
<bind>
<StgValue><ssdm name="p_ZL4Wfc0_99"/><MemPortTyVec>1 </MemPortTyVec>
</StgValue>
</bind>
</comp>

<comp id="206" class="1000" name="p_ZL4Wfc0_100">
<pin_list>
<pin id="207" dir="1" index="0" bw="1" slack="0"/>
</pin_list>
<bind>
<StgValue><ssdm name="p_ZL4Wfc0_100"/><MemPortTyVec>1 </MemPortTyVec>
</StgValue>
</bind>
</comp>

<comp id="208" class="1000" name="p_ZL4Wfc0_101">
<pin_list>
<pin id="209" dir="1" index="0" bw="1" slack="0"/>
</pin_list>
<bind>
<StgValue><ssdm name="p_ZL4Wfc0_101"/><MemPortTyVec>1 </MemPortTyVec>
</StgValue>
</bind>
</comp>

<comp id="210" class="1000" name="p_ZL4Wfc0_102">
<pin_list>
<pin id="211" dir="1" index="0" bw="1" slack="0"/>
</pin_list>
<bind>
<StgValue><ssdm name="p_ZL4Wfc0_102"/><MemPortTyVec>1 </MemPortTyVec>
</StgValue>
</bind>
</comp>

<comp id="212" class="1000" name="p_ZL4Wfc0_103">
<pin_list>
<pin id="213" dir="1" index="0" bw="1" slack="0"/>
</pin_list>
<bind>
<StgValue><ssdm name="p_ZL4Wfc0_103"/><MemPortTyVec>1 </MemPortTyVec>
</StgValue>
</bind>
</comp>

<comp id="214" class="1000" name="p_ZL4Wfc0_104">
<pin_list>
<pin id="215" dir="1" index="0" bw="1" slack="0"/>
</pin_list>
<bind>
<StgValue><ssdm name="p_ZL4Wfc0_104"/><MemPortTyVec>1 </MemPortTyVec>
</StgValue>
</bind>
</comp>

<comp id="216" class="1000" name="p_ZL4Wfc0_105">
<pin_list>
<pin id="217" dir="1" index="0" bw="1" slack="0"/>
</pin_list>
<bind>
<StgValue><ssdm name="p_ZL4Wfc0_105"/><MemPortTyVec>1 </MemPortTyVec>
</StgValue>
</bind>
</comp>

<comp id="218" class="1000" name="p_ZL4Wfc0_106">
<pin_list>
<pin id="219" dir="1" index="0" bw="1" slack="0"/>
</pin_list>
<bind>
<StgValue><ssdm name="p_ZL4Wfc0_106"/><MemPortTyVec>1 </MemPortTyVec>
</StgValue>
</bind>
</comp>

<comp id="220" class="1000" name="p_ZL4Wfc0_107">
<pin_list>
<pin id="221" dir="1" index="0" bw="1" slack="0"/>
</pin_list>
<bind>
<StgValue><ssdm name="p_ZL4Wfc0_107"/><MemPortTyVec>1 </MemPortTyVec>
</StgValue>
</bind>
</comp>

<comp id="222" class="1000" name="p_ZL4Wfc0_108">
<pin_list>
<pin id="223" dir="1" index="0" bw="1" slack="0"/>
</pin_list>
<bind>
<StgValue><ssdm name="p_ZL4Wfc0_108"/><MemPortTyVec>1 </MemPortTyVec>
</StgValue>
</bind>
</comp>

<comp id="224" class="1000" name="p_ZL4Wfc0_109">
<pin_list>
<pin id="225" dir="1" index="0" bw="1" slack="0"/>
</pin_list>
<bind>
<StgValue><ssdm name="p_ZL4Wfc0_109"/><MemPortTyVec>1 </MemPortTyVec>
</StgValue>
</bind>
</comp>

<comp id="226" class="1000" name="p_ZL4Wfc0_110">
<pin_list>
<pin id="227" dir="1" index="0" bw="1" slack="0"/>
</pin_list>
<bind>
<StgValue><ssdm name="p_ZL4Wfc0_110"/><MemPortTyVec>1 </MemPortTyVec>
</StgValue>
</bind>
</comp>

<comp id="228" class="1000" name="p_ZL4Wfc0_111">
<pin_list>
<pin id="229" dir="1" index="0" bw="1" slack="0"/>
</pin_list>
<bind>
<StgValue><ssdm name="p_ZL4Wfc0_111"/><MemPortTyVec>1 </MemPortTyVec>
</StgValue>
</bind>
</comp>

<comp id="230" class="1000" name="p_ZL4Wfc0_112">
<pin_list>
<pin id="231" dir="1" index="0" bw="1" slack="0"/>
</pin_list>
<bind>
<StgValue><ssdm name="p_ZL4Wfc0_112"/><MemPortTyVec>1 </MemPortTyVec>
</StgValue>
</bind>
</comp>

<comp id="232" class="1000" name="p_ZL4Wfc0_113">
<pin_list>
<pin id="233" dir="1" index="0" bw="1" slack="0"/>
</pin_list>
<bind>
<StgValue><ssdm name="p_ZL4Wfc0_113"/><MemPortTyVec>1 </MemPortTyVec>
</StgValue>
</bind>
</comp>

<comp id="234" class="1000" name="p_ZL4Wfc0_114">
<pin_list>
<pin id="235" dir="1" index="0" bw="1" slack="0"/>
</pin_list>
<bind>
<StgValue><ssdm name="p_ZL4Wfc0_114"/><MemPortTyVec>1 </MemPortTyVec>
</StgValue>
</bind>
</comp>

<comp id="236" class="1000" name="p_ZL4Wfc0_115">
<pin_list>
<pin id="237" dir="1" index="0" bw="1" slack="0"/>
</pin_list>
<bind>
<StgValue><ssdm name="p_ZL4Wfc0_115"/><MemPortTyVec>1 </MemPortTyVec>
</StgValue>
</bind>
</comp>

<comp id="238" class="1000" name="p_ZL4Wfc0_116">
<pin_list>
<pin id="239" dir="1" index="0" bw="1" slack="0"/>
</pin_list>
<bind>
<StgValue><ssdm name="p_ZL4Wfc0_116"/><MemPortTyVec>1 </MemPortTyVec>
</StgValue>
</bind>
</comp>

<comp id="240" class="1000" name="p_ZL4Wfc0_117">
<pin_list>
<pin id="241" dir="1" index="0" bw="1" slack="0"/>
</pin_list>
<bind>
<StgValue><ssdm name="p_ZL4Wfc0_117"/><MemPortTyVec>1 </MemPortTyVec>
</StgValue>
</bind>
</comp>

<comp id="242" class="1000" name="p_ZL4Wfc0_118">
<pin_list>
<pin id="243" dir="1" index="0" bw="1" slack="0"/>
</pin_list>
<bind>
<StgValue><ssdm name="p_ZL4Wfc0_118"/><MemPortTyVec>1 </MemPortTyVec>
</StgValue>
</bind>
</comp>

<comp id="244" class="1000" name="p_ZL4Wfc0_119">
<pin_list>
<pin id="245" dir="1" index="0" bw="1" slack="0"/>
</pin_list>
<bind>
<StgValue><ssdm name="p_ZL4Wfc0_119"/><MemPortTyVec>1 </MemPortTyVec>
</StgValue>
</bind>
</comp>

<comp id="246" class="1000" name="p_ZL4Wfc0_120">
<pin_list>
<pin id="247" dir="1" index="0" bw="1" slack="0"/>
</pin_list>
<bind>
<StgValue><ssdm name="p_ZL4Wfc0_120"/><MemPortTyVec>1 </MemPortTyVec>
</StgValue>
</bind>
</comp>

<comp id="248" class="1000" name="p_ZL4Wfc0_121">
<pin_list>
<pin id="249" dir="1" index="0" bw="1" slack="0"/>
</pin_list>
<bind>
<StgValue><ssdm name="p_ZL4Wfc0_121"/><MemPortTyVec>1 </MemPortTyVec>
</StgValue>
</bind>
</comp>

<comp id="250" class="1000" name="p_ZL4Wfc0_122">
<pin_list>
<pin id="251" dir="1" index="0" bw="1" slack="0"/>
</pin_list>
<bind>
<StgValue><ssdm name="p_ZL4Wfc0_122"/><MemPortTyVec>1 </MemPortTyVec>
</StgValue>
</bind>
</comp>

<comp id="252" class="1000" name="p_ZL4Wfc0_123">
<pin_list>
<pin id="253" dir="1" index="0" bw="1" slack="0"/>
</pin_list>
<bind>
<StgValue><ssdm name="p_ZL4Wfc0_123"/><MemPortTyVec>1 </MemPortTyVec>
</StgValue>
</bind>
</comp>

<comp id="254" class="1000" name="p_ZL4Wfc0_124">
<pin_list>
<pin id="255" dir="1" index="0" bw="1" slack="0"/>
</pin_list>
<bind>
<StgValue><ssdm name="p_ZL4Wfc0_124"/><MemPortTyVec>1 </MemPortTyVec>
</StgValue>
</bind>
</comp>

<comp id="256" class="1000" name="p_ZL4Wfc0_125">
<pin_list>
<pin id="257" dir="1" index="0" bw="1" slack="0"/>
</pin_list>
<bind>
<StgValue><ssdm name="p_ZL4Wfc0_125"/><MemPortTyVec>1 </MemPortTyVec>
</StgValue>
</bind>
</comp>

<comp id="258" class="1000" name="p_ZL4Wfc0_126">
<pin_list>
<pin id="259" dir="1" index="0" bw="1" slack="0"/>
</pin_list>
<bind>
<StgValue><ssdm name="p_ZL4Wfc0_126"/><MemPortTyVec>1 </MemPortTyVec>
</StgValue>
</bind>
</comp>

<comp id="260" class="1000" name="p_ZL4Wfc0_127">
<pin_list>
<pin id="261" dir="1" index="0" bw="1" slack="0"/>
</pin_list>
<bind>
<StgValue><ssdm name="p_ZL4Wfc0_127"/><MemPortTyVec>1 </MemPortTyVec>
</StgValue>
</bind>
</comp>

<comp id="262" class="1001" name="const_262">
<pin_list>
<pin id="263" dir="1" index="0" bw="1" slack="0"/>
</pin_list>
<bind>
<StgValue><ssdm name=""/></StgValue>
</bind>
</comp>

<comp id="264" class="1001" name="const_264">
<pin_list>
<pin id="265" dir="1" index="0" bw="1" slack="0"/>
</pin_list>
<bind>
<StgValue><ssdm name=""/></StgValue>
</bind>
</comp>

<comp id="266" class="1001" name="const_266">
<pin_list>
<pin id="267" dir="1" index="0" bw="1" slack="0"/>
</pin_list>
<bind>
<StgValue><ssdm name=""/></StgValue>
</bind>
</comp>

<comp id="268" class="1001" name="const_268">
<pin_list>
<pin id="269" dir="1" index="0" bw="1" slack="0"/>
</pin_list>
<bind>
<StgValue><ssdm name=""/></StgValue>
</bind>
</comp>

<comp id="270" class="1001" name="const_270">
<pin_list>
<pin id="271" dir="1" index="0" bw="1" slack="0"/>
</pin_list>
<bind>
<StgValue><ssdm name=""/></StgValue>
</bind>
</comp>

<comp id="272" class="1001" name="const_272">
<pin_list>
<pin id="273" dir="1" index="0" bw="1" slack="0"/>
</pin_list>
<bind>
<StgValue><ssdm name=""/></StgValue>
</bind>
</comp>

<comp id="274" class="1001" name="const_274">
<pin_list>
<pin id="275" dir="1" index="0" bw="1" slack="0"/>
</pin_list>
<bind>
<StgValue><ssdm name=""/></StgValue>
</bind>
</comp>

<comp id="276" class="1001" name="const_276">
<pin_list>
<pin id="277" dir="1" index="0" bw="1" slack="0"/>
</pin_list>
<bind>
<StgValue><ssdm name=""/></StgValue>
</bind>
</comp>

<comp id="278" class="1001" name="const_278">
<pin_list>
<pin id="279" dir="1" index="0" bw="1" slack="0"/>
</pin_list>
<bind>
<StgValue><ssdm name=""/></StgValue>
</bind>
</comp>

<comp id="280" class="1001" name="const_280">
<pin_list>
<pin id="281" dir="1" index="0" bw="1" slack="0"/>
</pin_list>
<bind>
<StgValue><ssdm name=""/></StgValue>
</bind>
</comp>

<comp id="282" class="1001" name="const_282">
<pin_list>
<pin id="283" dir="1" index="0" bw="1" slack="0"/>
</pin_list>
<bind>
<StgValue><ssdm name=""/></StgValue>
</bind>
</comp>

<comp id="284" class="1001" name="const_284">
<pin_list>
<pin id="285" dir="1" index="0" bw="1" slack="0"/>
</pin_list>
<bind>
<StgValue><ssdm name=""/></StgValue>
</bind>
</comp>

<comp id="286" class="1001" name="const_286">
<pin_list>
<pin id="287" dir="1" index="0" bw="1" slack="0"/>
</pin_list>
<bind>
<StgValue><ssdm name=""/></StgValue>
</bind>
</comp>

<comp id="288" class="1001" name="const_288">
<pin_list>
<pin id="289" dir="1" index="0" bw="1" slack="0"/>
</pin_list>
<bind>
<StgValue><ssdm name=""/></StgValue>
</bind>
</comp>

<comp id="290" class="1001" name="const_290">
<pin_list>
<pin id="291" dir="1" index="0" bw="1" slack="0"/>
</pin_list>
<bind>
<StgValue><ssdm name=""/></StgValue>
</bind>
</comp>

<comp id="292" class="1001" name="const_292">
<pin_list>
<pin id="293" dir="1" index="0" bw="1" slack="0"/>
</pin_list>
<bind>
<StgValue><ssdm name=""/></StgValue>
</bind>
</comp>

<comp id="294" class="1001" name="const_294">
<pin_list>
<pin id="295" dir="1" index="0" bw="1" slack="0"/>
</pin_list>
<bind>
<StgValue><ssdm name=""/></StgValue>
</bind>
</comp>

<comp id="296" class="1001" name="const_296">
<pin_list>
<pin id="297" dir="1" index="0" bw="1" slack="0"/>
</pin_list>
<bind>
<StgValue><ssdm name=""/></StgValue>
</bind>
</comp>

<comp id="298" class="1001" name="const_298">
<pin_list>
<pin id="299" dir="1" index="0" bw="1" slack="0"/>
</pin_list>
<bind>
<StgValue><ssdm name=""/></StgValue>
</bind>
</comp>

<comp id="300" class="1001" name="const_300">
<pin_list>
<pin id="301" dir="1" index="0" bw="1" slack="0"/>
</pin_list>
<bind>
<StgValue><ssdm name=""/></StgValue>
</bind>
</comp>

<comp id="302" class="1001" name="const_302">
<pin_list>
<pin id="303" dir="1" index="0" bw="1" slack="0"/>
</pin_list>
<bind>
<StgValue><ssdm name=""/></StgValue>
</bind>
</comp>

<comp id="304" class="1001" name="const_304">
<pin_list>
<pin id="305" dir="1" index="0" bw="1" slack="0"/>
</pin_list>
<bind>
<StgValue><ssdm name=""/></StgValue>
</bind>
</comp>

<comp id="306" class="1001" name="const_306">
<pin_list>
<pin id="307" dir="1" index="0" bw="1" slack="0"/>
</pin_list>
<bind>
<StgValue><ssdm name=""/></StgValue>
</bind>
</comp>

<comp id="308" class="1001" name="const_308">
<pin_list>
<pin id="309" dir="1" index="0" bw="1" slack="0"/>
</pin_list>
<bind>
<StgValue><ssdm name=""/></StgValue>
</bind>
</comp>

<comp id="310" class="1001" name="const_310">
<pin_list>
<pin id="311" dir="1" index="0" bw="1" slack="0"/>
</pin_list>
<bind>
<StgValue><ssdm name=""/></StgValue>
</bind>
</comp>

<comp id="312" class="1001" name="const_312">
<pin_list>
<pin id="313" dir="1" index="0" bw="1" slack="0"/>
</pin_list>
<bind>
<StgValue><ssdm name=""/></StgValue>
</bind>
</comp>

<comp id="314" class="1001" name="const_314">
<pin_list>
<pin id="315" dir="1" index="0" bw="1" slack="0"/>
</pin_list>
<bind>
<StgValue><ssdm name=""/></StgValue>
</bind>
</comp>

<comp id="316" class="1001" name="const_316">
<pin_list>
<pin id="317" dir="1" index="0" bw="1" slack="0"/>
</pin_list>
<bind>
<StgValue><ssdm name=""/></StgValue>
</bind>
</comp>

<comp id="318" class="1001" name="const_318">
<pin_list>
<pin id="319" dir="1" index="0" bw="1" slack="0"/>
</pin_list>
<bind>
<StgValue><ssdm name=""/></StgValue>
</bind>
</comp>

<comp id="320" class="1001" name="const_320">
<pin_list>
<pin id="321" dir="1" index="0" bw="1" slack="0"/>
</pin_list>
<bind>
<StgValue><ssdm name=""/></StgValue>
</bind>
</comp>

<comp id="322" class="1001" name="const_322">
<pin_list>
<pin id="323" dir="1" index="0" bw="1" slack="0"/>
</pin_list>
<bind>
<StgValue><ssdm name=""/></StgValue>
</bind>
</comp>

<comp id="324" class="1001" name="const_324">
<pin_list>
<pin id="325" dir="1" index="0" bw="1" slack="0"/>
</pin_list>
<bind>
<StgValue><ssdm name=""/></StgValue>
</bind>
</comp>

<comp id="326" class="1001" name="const_326">
<pin_list>
<pin id="327" dir="1" index="0" bw="1" slack="0"/>
</pin_list>
<bind>
<StgValue><ssdm name=""/></StgValue>
</bind>
</comp>

<comp id="328" class="1001" name="const_328">
<pin_list>
<pin id="329" dir="1" index="0" bw="1" slack="0"/>
</pin_list>
<bind>
<StgValue><ssdm name=""/></StgValue>
</bind>
</comp>

<comp id="330" class="1001" name="const_330">
<pin_list>
<pin id="331" dir="1" index="0" bw="1" slack="0"/>
</pin_list>
<bind>
<StgValue><ssdm name=""/></StgValue>
</bind>
</comp>

<comp id="332" class="1001" name="const_332">
<pin_list>
<pin id="333" dir="1" index="0" bw="1" slack="0"/>
</pin_list>
<bind>
<StgValue><ssdm name=""/></StgValue>
</bind>
</comp>

<comp id="334" class="1001" name="const_334">
<pin_list>
<pin id="335" dir="1" index="0" bw="1" slack="0"/>
</pin_list>
<bind>
<StgValue><ssdm name=""/></StgValue>
</bind>
</comp>

<comp id="336" class="1001" name="const_336">
<pin_list>
<pin id="337" dir="1" index="0" bw="1" slack="0"/>
</pin_list>
<bind>
<StgValue><ssdm name=""/></StgValue>
</bind>
</comp>

<comp id="338" class="1001" name="const_338">
<pin_list>
<pin id="339" dir="1" index="0" bw="1" slack="0"/>
</pin_list>
<bind>
<StgValue><ssdm name=""/></StgValue>
</bind>
</comp>

<comp id="340" class="1001" name="const_340">
<pin_list>
<pin id="341" dir="1" index="0" bw="1" slack="0"/>
</pin_list>
<bind>
<StgValue><ssdm name=""/></StgValue>
</bind>
</comp>

<comp id="342" class="1001" name="const_342">
<pin_list>
<pin id="343" dir="1" index="0" bw="1" slack="0"/>
</pin_list>
<bind>
<StgValue><ssdm name=""/></StgValue>
</bind>
</comp>

<comp id="344" class="1001" name="const_344">
<pin_list>
<pin id="345" dir="1" index="0" bw="1" slack="0"/>
</pin_list>
<bind>
<StgValue><ssdm name=""/></StgValue>
</bind>
</comp>

<comp id="346" class="1001" name="const_346">
<pin_list>
<pin id="347" dir="1" index="0" bw="1" slack="0"/>
</pin_list>
<bind>
<StgValue><ssdm name=""/></StgValue>
</bind>
</comp>

<comp id="348" class="1001" name="const_348">
<pin_list>
<pin id="349" dir="1" index="0" bw="1" slack="0"/>
</pin_list>
<bind>
<StgValue><ssdm name=""/></StgValue>
</bind>
</comp>

<comp id="350" class="1001" name="const_350">
<pin_list>
<pin id="351" dir="1" index="0" bw="1" slack="0"/>
</pin_list>
<bind>
<StgValue><ssdm name=""/></StgValue>
</bind>
</comp>

<comp id="352" class="1001" name="const_352">
<pin_list>
<pin id="353" dir="1" index="0" bw="1" slack="0"/>
</pin_list>
<bind>
<StgValue><ssdm name=""/></StgValue>
</bind>
</comp>

<comp id="354" class="1001" name="const_354">
<pin_list>
<pin id="355" dir="1" index="0" bw="1" slack="0"/>
</pin_list>
<bind>
<StgValue><ssdm name=""/></StgValue>
</bind>
</comp>

<comp id="356" class="1001" name="const_356">
<pin_list>
<pin id="357" dir="1" index="0" bw="1" slack="0"/>
</pin_list>
<bind>
<StgValue><ssdm name=""/></StgValue>
</bind>
</comp>

<comp id="358" class="1001" name="const_358">
<pin_list>
<pin id="359" dir="1" index="0" bw="1" slack="0"/>
</pin_list>
<bind>
<StgValue><ssdm name=""/></StgValue>
</bind>
</comp>

<comp id="360" class="1001" name="const_360">
<pin_list>
<pin id="361" dir="1" index="0" bw="1" slack="0"/>
</pin_list>
<bind>
<StgValue><ssdm name=""/></StgValue>
</bind>
</comp>

<comp id="362" class="1001" name="const_362">
<pin_list>
<pin id="363" dir="1" index="0" bw="1" slack="0"/>
</pin_list>
<bind>
<StgValue><ssdm name=""/></StgValue>
</bind>
</comp>

<comp id="364" class="1001" name="const_364">
<pin_list>
<pin id="365" dir="1" index="0" bw="1" slack="0"/>
</pin_list>
<bind>
<StgValue><ssdm name=""/></StgValue>
</bind>
</comp>

<comp id="366" class="1001" name="const_366">
<pin_list>
<pin id="367" dir="1" index="0" bw="1" slack="0"/>
</pin_list>
<bind>
<StgValue><ssdm name=""/></StgValue>
</bind>
</comp>

<comp id="368" class="1001" name="const_368">
<pin_list>
<pin id="369" dir="1" index="0" bw="1" slack="0"/>
</pin_list>
<bind>
<StgValue><ssdm name=""/></StgValue>
</bind>
</comp>

<comp id="370" class="1001" name="const_370">
<pin_list>
<pin id="371" dir="1" index="0" bw="1" slack="0"/>
</pin_list>
<bind>
<StgValue><ssdm name=""/></StgValue>
</bind>
</comp>

<comp id="372" class="1001" name="const_372">
<pin_list>
<pin id="373" dir="1" index="0" bw="1" slack="0"/>
</pin_list>
<bind>
<StgValue><ssdm name=""/></StgValue>
</bind>
</comp>

<comp id="374" class="1001" name="const_374">
<pin_list>
<pin id="375" dir="1" index="0" bw="1" slack="0"/>
</pin_list>
<bind>
<StgValue><ssdm name=""/></StgValue>
</bind>
</comp>

<comp id="376" class="1001" name="const_376">
<pin_list>
<pin id="377" dir="1" index="0" bw="1" slack="0"/>
</pin_list>
<bind>
<StgValue><ssdm name=""/></StgValue>
</bind>
</comp>

<comp id="378" class="1001" name="const_378">
<pin_list>
<pin id="379" dir="1" index="0" bw="1" slack="0"/>
</pin_list>
<bind>
<StgValue><ssdm name=""/></StgValue>
</bind>
</comp>

<comp id="380" class="1001" name="const_380">
<pin_list>
<pin id="381" dir="1" index="0" bw="1" slack="0"/>
</pin_list>
<bind>
<StgValue><ssdm name=""/></StgValue>
</bind>
</comp>

<comp id="382" class="1001" name="const_382">
<pin_list>
<pin id="383" dir="1" index="0" bw="1" slack="0"/>
</pin_list>
<bind>
<StgValue><ssdm name=""/></StgValue>
</bind>
</comp>

<comp id="384" class="1001" name="const_384">
<pin_list>
<pin id="385" dir="1" index="0" bw="1" slack="0"/>
</pin_list>
<bind>
<StgValue><ssdm name=""/></StgValue>
</bind>
</comp>

<comp id="386" class="1001" name="const_386">
<pin_list>
<pin id="387" dir="1" index="0" bw="1" slack="0"/>
</pin_list>
<bind>
<StgValue><ssdm name=""/></StgValue>
</bind>
</comp>

<comp id="388" class="1001" name="const_388">
<pin_list>
<pin id="389" dir="1" index="0" bw="1" slack="0"/>
</pin_list>
<bind>
<StgValue><ssdm name=""/></StgValue>
</bind>
</comp>

<comp id="390" class="1001" name="const_390">
<pin_list>
<pin id="391" dir="1" index="0" bw="1" slack="0"/>
</pin_list>
<bind>
<StgValue><ssdm name=""/></StgValue>
</bind>
</comp>

<comp id="392" class="1001" name="const_392">
<pin_list>
<pin id="393" dir="1" index="0" bw="1" slack="0"/>
</pin_list>
<bind>
<StgValue><ssdm name=""/></StgValue>
</bind>
</comp>

<comp id="394" class="1001" name="const_394">
<pin_list>
<pin id="395" dir="1" index="0" bw="1" slack="0"/>
</pin_list>
<bind>
<StgValue><ssdm name=""/></StgValue>
</bind>
</comp>

<comp id="396" class="1001" name="const_396">
<pin_list>
<pin id="397" dir="1" index="0" bw="1" slack="0"/>
</pin_list>
<bind>
<StgValue><ssdm name=""/></StgValue>
</bind>
</comp>

<comp id="398" class="1001" name="const_398">
<pin_list>
<pin id="399" dir="1" index="0" bw="1" slack="0"/>
</pin_list>
<bind>
<StgValue><ssdm name=""/></StgValue>
</bind>
</comp>

<comp id="400" class="1001" name="const_400">
<pin_list>
<pin id="401" dir="1" index="0" bw="1" slack="0"/>
</pin_list>
<bind>
<StgValue><ssdm name=""/></StgValue>
</bind>
</comp>

<comp id="402" class="1001" name="const_402">
<pin_list>
<pin id="403" dir="1" index="0" bw="1" slack="0"/>
</pin_list>
<bind>
<StgValue><ssdm name=""/></StgValue>
</bind>
</comp>

<comp id="404" class="1001" name="const_404">
<pin_list>
<pin id="405" dir="1" index="0" bw="1" slack="0"/>
</pin_list>
<bind>
<StgValue><ssdm name=""/></StgValue>
</bind>
</comp>

<comp id="406" class="1001" name="const_406">
<pin_list>
<pin id="407" dir="1" index="0" bw="1" slack="0"/>
</pin_list>
<bind>
<StgValue><ssdm name=""/></StgValue>
</bind>
</comp>

<comp id="408" class="1001" name="const_408">
<pin_list>
<pin id="409" dir="1" index="0" bw="1" slack="0"/>
</pin_list>
<bind>
<StgValue><ssdm name=""/></StgValue>
</bind>
</comp>

<comp id="410" class="1001" name="const_410">
<pin_list>
<pin id="411" dir="1" index="0" bw="1" slack="0"/>
</pin_list>
<bind>
<StgValue><ssdm name=""/></StgValue>
</bind>
</comp>

<comp id="412" class="1001" name="const_412">
<pin_list>
<pin id="413" dir="1" index="0" bw="1" slack="0"/>
</pin_list>
<bind>
<StgValue><ssdm name=""/></StgValue>
</bind>
</comp>

<comp id="414" class="1001" name="const_414">
<pin_list>
<pin id="415" dir="1" index="0" bw="1" slack="0"/>
</pin_list>
<bind>
<StgValue><ssdm name=""/></StgValue>
</bind>
</comp>

<comp id="416" class="1001" name="const_416">
<pin_list>
<pin id="417" dir="1" index="0" bw="1" slack="0"/>
</pin_list>
<bind>
<StgValue><ssdm name=""/></StgValue>
</bind>
</comp>

<comp id="418" class="1001" name="const_418">
<pin_list>
<pin id="419" dir="1" index="0" bw="1" slack="0"/>
</pin_list>
<bind>
<StgValue><ssdm name=""/></StgValue>
</bind>
</comp>

<comp id="420" class="1001" name="const_420">
<pin_list>
<pin id="421" dir="1" index="0" bw="1" slack="0"/>
</pin_list>
<bind>
<StgValue><ssdm name=""/></StgValue>
</bind>
</comp>

<comp id="422" class="1001" name="const_422">
<pin_list>
<pin id="423" dir="1" index="0" bw="1" slack="0"/>
</pin_list>
<bind>
<StgValue><ssdm name=""/></StgValue>
</bind>
</comp>

<comp id="424" class="1001" name="const_424">
<pin_list>
<pin id="425" dir="1" index="0" bw="1" slack="0"/>
</pin_list>
<bind>
<StgValue><ssdm name=""/></StgValue>
</bind>
</comp>

<comp id="426" class="1001" name="const_426">
<pin_list>
<pin id="427" dir="1" index="0" bw="1" slack="0"/>
</pin_list>
<bind>
<StgValue><ssdm name=""/></StgValue>
</bind>
</comp>

<comp id="428" class="1001" name="const_428">
<pin_list>
<pin id="429" dir="1" index="0" bw="1" slack="0"/>
</pin_list>
<bind>
<StgValue><ssdm name=""/></StgValue>
</bind>
</comp>

<comp id="430" class="1001" name="const_430">
<pin_list>
<pin id="431" dir="1" index="0" bw="1" slack="0"/>
</pin_list>
<bind>
<StgValue><ssdm name=""/></StgValue>
</bind>
</comp>

<comp id="432" class="1001" name="const_432">
<pin_list>
<pin id="433" dir="1" index="0" bw="1" slack="0"/>
</pin_list>
<bind>
<StgValue><ssdm name=""/></StgValue>
</bind>
</comp>

<comp id="434" class="1001" name="const_434">
<pin_list>
<pin id="435" dir="1" index="0" bw="1" slack="0"/>
</pin_list>
<bind>
<StgValue><ssdm name=""/></StgValue>
</bind>
</comp>

<comp id="436" class="1001" name="const_436">
<pin_list>
<pin id="437" dir="1" index="0" bw="1" slack="0"/>
</pin_list>
<bind>
<StgValue><ssdm name=""/></StgValue>
</bind>
</comp>

<comp id="438" class="1001" name="const_438">
<pin_list>
<pin id="439" dir="1" index="0" bw="1" slack="0"/>
</pin_list>
<bind>
<StgValue><ssdm name=""/></StgValue>
</bind>
</comp>

<comp id="440" class="1001" name="const_440">
<pin_list>
<pin id="441" dir="1" index="0" bw="1" slack="0"/>
</pin_list>
<bind>
<StgValue><ssdm name=""/></StgValue>
</bind>
</comp>

<comp id="442" class="1001" name="const_442">
<pin_list>
<pin id="443" dir="1" index="0" bw="1" slack="0"/>
</pin_list>
<bind>
<StgValue><ssdm name=""/></StgValue>
</bind>
</comp>

<comp id="444" class="1001" name="const_444">
<pin_list>
<pin id="445" dir="1" index="0" bw="1" slack="0"/>
</pin_list>
<bind>
<StgValue><ssdm name=""/></StgValue>
</bind>
</comp>

<comp id="446" class="1001" name="const_446">
<pin_list>
<pin id="447" dir="1" index="0" bw="1" slack="0"/>
</pin_list>
<bind>
<StgValue><ssdm name=""/></StgValue>
</bind>
</comp>

<comp id="448" class="1001" name="const_448">
<pin_list>
<pin id="449" dir="1" index="0" bw="1" slack="0"/>
</pin_list>
<bind>
<StgValue><ssdm name=""/></StgValue>
</bind>
</comp>

<comp id="450" class="1001" name="const_450">
<pin_list>
<pin id="451" dir="1" index="0" bw="1" slack="0"/>
</pin_list>
<bind>
<StgValue><ssdm name=""/></StgValue>
</bind>
</comp>

<comp id="452" class="1001" name="const_452">
<pin_list>
<pin id="453" dir="1" index="0" bw="1" slack="0"/>
</pin_list>
<bind>
<StgValue><ssdm name=""/></StgValue>
</bind>
</comp>

<comp id="454" class="1001" name="const_454">
<pin_list>
<pin id="455" dir="1" index="0" bw="1" slack="0"/>
</pin_list>
<bind>
<StgValue><ssdm name=""/></StgValue>
</bind>
</comp>

<comp id="456" class="1001" name="const_456">
<pin_list>
<pin id="457" dir="1" index="0" bw="1" slack="0"/>
</pin_list>
<bind>
<StgValue><ssdm name=""/></StgValue>
</bind>
</comp>

<comp id="458" class="1001" name="const_458">
<pin_list>
<pin id="459" dir="1" index="0" bw="1" slack="0"/>
</pin_list>
<bind>
<StgValue><ssdm name=""/></StgValue>
</bind>
</comp>

<comp id="460" class="1001" name="const_460">
<pin_list>
<pin id="461" dir="1" index="0" bw="1" slack="0"/>
</pin_list>
<bind>
<StgValue><ssdm name=""/></StgValue>
</bind>
</comp>

<comp id="462" class="1001" name="const_462">
<pin_list>
<pin id="463" dir="1" index="0" bw="1" slack="0"/>
</pin_list>
<bind>
<StgValue><ssdm name=""/></StgValue>
</bind>
</comp>

<comp id="464" class="1001" name="const_464">
<pin_list>
<pin id="465" dir="1" index="0" bw="1" slack="0"/>
</pin_list>
<bind>
<StgValue><ssdm name=""/></StgValue>
</bind>
</comp>

<comp id="466" class="1001" name="const_466">
<pin_list>
<pin id="467" dir="1" index="0" bw="1" slack="0"/>
</pin_list>
<bind>
<StgValue><ssdm name=""/></StgValue>
</bind>
</comp>

<comp id="468" class="1001" name="const_468">
<pin_list>
<pin id="469" dir="1" index="0" bw="1" slack="0"/>
</pin_list>
<bind>
<StgValue><ssdm name=""/></StgValue>
</bind>
</comp>

<comp id="470" class="1001" name="const_470">
<pin_list>
<pin id="471" dir="1" index="0" bw="1" slack="0"/>
</pin_list>
<bind>
<StgValue><ssdm name=""/></StgValue>
</bind>
</comp>

<comp id="472" class="1001" name="const_472">
<pin_list>
<pin id="473" dir="1" index="0" bw="1" slack="0"/>
</pin_list>
<bind>
<StgValue><ssdm name=""/></StgValue>
</bind>
</comp>

<comp id="474" class="1001" name="const_474">
<pin_list>
<pin id="475" dir="1" index="0" bw="1" slack="0"/>
</pin_list>
<bind>
<StgValue><ssdm name=""/></StgValue>
</bind>
</comp>

<comp id="476" class="1001" name="const_476">
<pin_list>
<pin id="477" dir="1" index="0" bw="1" slack="0"/>
</pin_list>
<bind>
<StgValue><ssdm name=""/></StgValue>
</bind>
</comp>

<comp id="478" class="1001" name="const_478">
<pin_list>
<pin id="479" dir="1" index="0" bw="1" slack="0"/>
</pin_list>
<bind>
<StgValue><ssdm name=""/></StgValue>
</bind>
</comp>

<comp id="480" class="1001" name="const_480">
<pin_list>
<pin id="481" dir="1" index="0" bw="1" slack="0"/>
</pin_list>
<bind>
<StgValue><ssdm name=""/></StgValue>
</bind>
</comp>

<comp id="482" class="1001" name="const_482">
<pin_list>
<pin id="483" dir="1" index="0" bw="1" slack="0"/>
</pin_list>
<bind>
<StgValue><ssdm name=""/></StgValue>
</bind>
</comp>

<comp id="484" class="1001" name="const_484">
<pin_list>
<pin id="485" dir="1" index="0" bw="1" slack="0"/>
</pin_list>
<bind>
<StgValue><ssdm name=""/></StgValue>
</bind>
</comp>

<comp id="486" class="1001" name="const_486">
<pin_list>
<pin id="487" dir="1" index="0" bw="1" slack="0"/>
</pin_list>
<bind>
<StgValue><ssdm name=""/></StgValue>
</bind>
</comp>

<comp id="488" class="1001" name="const_488">
<pin_list>
<pin id="489" dir="1" index="0" bw="1" slack="0"/>
</pin_list>
<bind>
<StgValue><ssdm name=""/></StgValue>
</bind>
</comp>

<comp id="490" class="1001" name="const_490">
<pin_list>
<pin id="491" dir="1" index="0" bw="1" slack="0"/>
</pin_list>
<bind>
<StgValue><ssdm name=""/></StgValue>
</bind>
</comp>

<comp id="492" class="1001" name="const_492">
<pin_list>
<pin id="493" dir="1" index="0" bw="1" slack="0"/>
</pin_list>
<bind>
<StgValue><ssdm name=""/></StgValue>
</bind>
</comp>

<comp id="494" class="1001" name="const_494">
<pin_list>
<pin id="495" dir="1" index="0" bw="1" slack="0"/>
</pin_list>
<bind>
<StgValue><ssdm name=""/></StgValue>
</bind>
</comp>

<comp id="496" class="1001" name="const_496">
<pin_list>
<pin id="497" dir="1" index="0" bw="1" slack="0"/>
</pin_list>
<bind>
<StgValue><ssdm name=""/></StgValue>
</bind>
</comp>

<comp id="498" class="1001" name="const_498">
<pin_list>
<pin id="499" dir="1" index="0" bw="1" slack="0"/>
</pin_list>
<bind>
<StgValue><ssdm name=""/></StgValue>
</bind>
</comp>

<comp id="500" class="1001" name="const_500">
<pin_list>
<pin id="501" dir="1" index="0" bw="1" slack="0"/>
</pin_list>
<bind>
<StgValue><ssdm name=""/></StgValue>
</bind>
</comp>

<comp id="502" class="1001" name="const_502">
<pin_list>
<pin id="503" dir="1" index="0" bw="1" slack="0"/>
</pin_list>
<bind>
<StgValue><ssdm name=""/></StgValue>
</bind>
</comp>

<comp id="504" class="1001" name="const_504">
<pin_list>
<pin id="505" dir="1" index="0" bw="1" slack="0"/>
</pin_list>
<bind>
<StgValue><ssdm name=""/></StgValue>
</bind>
</comp>

<comp id="506" class="1001" name="const_506">
<pin_list>
<pin id="507" dir="1" index="0" bw="1" slack="0"/>
</pin_list>
<bind>
<StgValue><ssdm name=""/></StgValue>
</bind>
</comp>

<comp id="508" class="1001" name="const_508">
<pin_list>
<pin id="509" dir="1" index="0" bw="1" slack="0"/>
</pin_list>
<bind>
<StgValue><ssdm name=""/></StgValue>
</bind>
</comp>

<comp id="510" class="1001" name="const_510">
<pin_list>
<pin id="511" dir="1" index="0" bw="1" slack="0"/>
</pin_list>
<bind>
<StgValue><ssdm name=""/></StgValue>
</bind>
</comp>

<comp id="512" class="1001" name="const_512">
<pin_list>
<pin id="513" dir="1" index="0" bw="1" slack="0"/>
</pin_list>
<bind>
<StgValue><ssdm name=""/></StgValue>
</bind>
</comp>

<comp id="514" class="1001" name="const_514">
<pin_list>
<pin id="515" dir="1" index="0" bw="1" slack="0"/>
</pin_list>
<bind>
<StgValue><ssdm name=""/></StgValue>
</bind>
</comp>

<comp id="516" class="1001" name="const_516">
<pin_list>
<pin id="517" dir="1" index="0" bw="1" slack="0"/>
</pin_list>
<bind>
<StgValue><ssdm name=""/></StgValue>
</bind>
</comp>

<comp id="518" class="1001" name="const_518">
<pin_list>
<pin id="519" dir="1" index="0" bw="1" slack="0"/>
</pin_list>
<bind>
<StgValue><ssdm name="linear_acc<320, 128>_Pipeline_VITIS_LOOP_186_1"/></StgValue>
</bind>
</comp>

<comp id="520" class="1004" name="x_addr_gep_fu_520">
<pin_list>
<pin id="521" dir="0" index="0" bw="8" slack="0"/>
<pin id="522" dir="0" index="1" bw="1" slack="0"/>
<pin id="523" dir="0" index="2" bw="1" slack="0"/>
<pin id="524" dir="1" index="3" bw="7" slack="0"/>
</pin_list>
<bind>
<opcode="getelementptr(29) " fcode="getelementptr"/>
<opset="x_addr/1 "/>
</bind>
</comp>

<comp id="528" class="1004" name="grp_access_fu_528">
<pin_list>
<pin id="529" dir="0" index="0" bw="7" slack="0"/>
<pin id="530" dir="0" index="1" bw="8" slack="2147483647"/>
<pin id="531" dir="0" index="2" bw="0" slack="0"/>
<pin id="533" dir="0" index="4" bw="7" slack="2147483647"/>
<pin id="534" dir="0" index="5" bw="8" slack="2147483647"/>
<pin id="535" dir="0" index="6" bw="0" slack="2147483647"/>
<pin id="532" dir="1" index="3" bw="8" slack="0"/>
<pin id="536" dir="1" index="7" bw="8" slack="0"/>
</pin_list>
<bind>
<opcode="load(27) " fcode="load"/>
<opset="x_load/1 x_load_1/1 x_load_2/2 x_load_3/2 x_load_4/3 x_load_5/3 x_load_6/4 x_load_7/4 x_load_8/5 x_load_9/5 x_load_10/6 x_load_11/6 x_load_12/7 x_load_13/7 x_load_14/8 x_load_15/8 x_load_16/9 x_load_17/9 x_load_18/10 x_load_19/10 x_load_20/11 x_load_21/11 x_load_22/12 x_load_23/12 x_load_24/13 x_load_25/13 x_load_26/14 x_load_27/14 x_load_28/15 x_load_29/15 x_load_30/16 x_load_31/16 x_load_32/17 x_load_33/17 x_load_34/18 x_load_35/18 x_load_36/19 x_load_37/19 x_load_38/20 x_load_39/20 x_load_40/21 x_load_41/21 x_load_42/22 x_load_43/22 x_load_44/23 x_load_45/23 x_load_46/24 x_load_47/24 x_load_48/25 x_load_49/25 x_load_50/26 x_load_51/26 x_load_52/27 x_load_53/27 x_load_54/28 x_load_55/28 x_load_56/29 x_load_57/29 x_load_58/30 x_load_59/30 x_load_60/31 x_load_61/31 x_load_62/32 x_load_63/32 x_load_64/33 x_load_65/33 x_load_66/34 x_load_67/34 x_load_68/35 x_load_69/35 x_load_70/36 x_load_71/36 x_load_72/37 x_load_73/37 x_load_74/38 x_load_75/38 x_load_76/39 x_load_77/39 x_load_78/40 x_load_79/40 x_load_80/41 x_load_81/41 x_load_82/42 x_load_83/42 x_load_84/43 x_load_85/43 x_load_86/44 x_load_87/44 x_load_88/45 x_load_89/45 x_load_90/46 x_load_91/46 x_load_92/47 x_load_93/47 x_load_94/48 x_load_95/48 x_load_96/49 x_load_97/49 x_load_98/50 x_load_99/50 x_load_100/51 x_load_101/51 x_load_102/52 x_load_103/52 x_load_104/53 x_load_105/53 x_load_106/54 x_load_107/54 x_load_108/55 x_load_109/55 x_load_110/56 x_load_111/56 x_load_112/57 x_load_113/57 x_load_114/58 x_load_115/58 x_load_116/59 x_load_117/59 x_load_118/60 x_load_119/60 x_load_120/61 x_load_121/61 x_load_122/62 x_load_123/62 x_load_124/63 x_load_125/63 x_load_126/64 x_load_127/64 "/>
</bind>
</comp>

<comp id="538" class="1004" name="x_addr_1_gep_fu_538">
<pin_list>
<pin id="539" dir="0" index="0" bw="8" slack="0"/>
<pin id="540" dir="0" index="1" bw="1" slack="0"/>
<pin id="541" dir="0" index="2" bw="1" slack="0"/>
<pin id="542" dir="1" index="3" bw="7" slack="0"/>
</pin_list>
<bind>
<opcode="getelementptr(29) " fcode="getelementptr"/>
<opset="x_addr_1/1 "/>
</bind>
</comp>

<comp id="547" class="1004" name="x_addr_2_gep_fu_547">
<pin_list>
<pin id="548" dir="0" index="0" bw="8" slack="0"/>
<pin id="549" dir="0" index="1" bw="1" slack="0"/>
<pin id="550" dir="0" index="2" bw="3" slack="0"/>
<pin id="551" dir="1" index="3" bw="7" slack="0"/>
</pin_list>
<bind>
<opcode="getelementptr(29) " fcode="getelementptr"/>
<opset="x_addr_2/2 "/>
</bind>
</comp>

<comp id="556" class="1004" name="x_addr_3_gep_fu_556">
<pin_list>
<pin id="557" dir="0" index="0" bw="8" slack="0"/>
<pin id="558" dir="0" index="1" bw="1" slack="0"/>
<pin id="559" dir="0" index="2" bw="3" slack="0"/>
<pin id="560" dir="1" index="3" bw="7" slack="0"/>
</pin_list>
<bind>
<opcode="getelementptr(29) " fcode="getelementptr"/>
<opset="x_addr_3/2 "/>
</bind>
</comp>

<comp id="565" class="1004" name="x_addr_4_gep_fu_565">
<pin_list>
<pin id="566" dir="0" index="0" bw="8" slack="0"/>
<pin id="567" dir="0" index="1" bw="1" slack="0"/>
<pin id="568" dir="0" index="2" bw="4" slack="0"/>
<pin id="569" dir="1" index="3" bw="7" slack="0"/>
</pin_list>
<bind>
<opcode="getelementptr(29) " fcode="getelementptr"/>
<opset="x_addr_4/3 "/>
</bind>
</comp>

<comp id="574" class="1004" name="x_addr_5_gep_fu_574">
<pin_list>
<pin id="575" dir="0" index="0" bw="8" slack="0"/>
<pin id="576" dir="0" index="1" bw="1" slack="0"/>
<pin id="577" dir="0" index="2" bw="4" slack="0"/>
<pin id="578" dir="1" index="3" bw="7" slack="0"/>
</pin_list>
<bind>
<opcode="getelementptr(29) " fcode="getelementptr"/>
<opset="x_addr_5/3 "/>
</bind>
</comp>

<comp id="583" class="1004" name="x_addr_6_gep_fu_583">
<pin_list>
<pin id="584" dir="0" index="0" bw="8" slack="0"/>
<pin id="585" dir="0" index="1" bw="1" slack="0"/>
<pin id="586" dir="0" index="2" bw="4" slack="0"/>
<pin id="587" dir="1" index="3" bw="7" slack="0"/>
</pin_list>
<bind>
<opcode="getelementptr(29) " fcode="getelementptr"/>
<opset="x_addr_6/4 "/>
</bind>
</comp>

<comp id="592" class="1004" name="x_addr_7_gep_fu_592">
<pin_list>
<pin id="593" dir="0" index="0" bw="8" slack="0"/>
<pin id="594" dir="0" index="1" bw="1" slack="0"/>
<pin id="595" dir="0" index="2" bw="4" slack="0"/>
<pin id="596" dir="1" index="3" bw="7" slack="0"/>
</pin_list>
<bind>
<opcode="getelementptr(29) " fcode="getelementptr"/>
<opset="x_addr_7/4 "/>
</bind>
</comp>

<comp id="601" class="1004" name="x_addr_8_gep_fu_601">
<pin_list>
<pin id="602" dir="0" index="0" bw="8" slack="0"/>
<pin id="603" dir="0" index="1" bw="1" slack="0"/>
<pin id="604" dir="0" index="2" bw="5" slack="0"/>
<pin id="605" dir="1" index="3" bw="7" slack="0"/>
</pin_list>
<bind>
<opcode="getelementptr(29) " fcode="getelementptr"/>
<opset="x_addr_8/5 "/>
</bind>
</comp>

<comp id="610" class="1004" name="x_addr_9_gep_fu_610">
<pin_list>
<pin id="611" dir="0" index="0" bw="8" slack="0"/>
<pin id="612" dir="0" index="1" bw="1" slack="0"/>
<pin id="613" dir="0" index="2" bw="5" slack="0"/>
<pin id="614" dir="1" index="3" bw="7" slack="0"/>
</pin_list>
<bind>
<opcode="getelementptr(29) " fcode="getelementptr"/>
<opset="x_addr_9/5 "/>
</bind>
</comp>

<comp id="619" class="1004" name="x_addr_10_gep_fu_619">
<pin_list>
<pin id="620" dir="0" index="0" bw="8" slack="0"/>
<pin id="621" dir="0" index="1" bw="1" slack="0"/>
<pin id="622" dir="0" index="2" bw="5" slack="0"/>
<pin id="623" dir="1" index="3" bw="7" slack="0"/>
</pin_list>
<bind>
<opcode="getelementptr(29) " fcode="getelementptr"/>
<opset="x_addr_10/6 "/>
</bind>
</comp>

<comp id="628" class="1004" name="x_addr_11_gep_fu_628">
<pin_list>
<pin id="629" dir="0" index="0" bw="8" slack="0"/>
<pin id="630" dir="0" index="1" bw="1" slack="0"/>
<pin id="631" dir="0" index="2" bw="5" slack="0"/>
<pin id="632" dir="1" index="3" bw="7" slack="0"/>
</pin_list>
<bind>
<opcode="getelementptr(29) " fcode="getelementptr"/>
<opset="x_addr_11/6 "/>
</bind>
</comp>

<comp id="637" class="1004" name="x_addr_12_gep_fu_637">
<pin_list>
<pin id="638" dir="0" index="0" bw="8" slack="0"/>
<pin id="639" dir="0" index="1" bw="1" slack="0"/>
<pin id="640" dir="0" index="2" bw="5" slack="0"/>
<pin id="641" dir="1" index="3" bw="7" slack="0"/>
</pin_list>
<bind>
<opcode="getelementptr(29) " fcode="getelementptr"/>
<opset="x_addr_12/7 "/>
</bind>
</comp>

<comp id="646" class="1004" name="x_addr_13_gep_fu_646">
<pin_list>
<pin id="647" dir="0" index="0" bw="8" slack="0"/>
<pin id="648" dir="0" index="1" bw="1" slack="0"/>
<pin id="649" dir="0" index="2" bw="5" slack="0"/>
<pin id="650" dir="1" index="3" bw="7" slack="0"/>
</pin_list>
<bind>
<opcode="getelementptr(29) " fcode="getelementptr"/>
<opset="x_addr_13/7 "/>
</bind>
</comp>

<comp id="655" class="1004" name="x_addr_14_gep_fu_655">
<pin_list>
<pin id="656" dir="0" index="0" bw="8" slack="0"/>
<pin id="657" dir="0" index="1" bw="1" slack="0"/>
<pin id="658" dir="0" index="2" bw="5" slack="0"/>
<pin id="659" dir="1" index="3" bw="7" slack="0"/>
</pin_list>
<bind>
<opcode="getelementptr(29) " fcode="getelementptr"/>
<opset="x_addr_14/8 "/>
</bind>
</comp>

<comp id="664" class="1004" name="x_addr_15_gep_fu_664">
<pin_list>
<pin id="665" dir="0" index="0" bw="8" slack="0"/>
<pin id="666" dir="0" index="1" bw="1" slack="0"/>
<pin id="667" dir="0" index="2" bw="5" slack="0"/>
<pin id="668" dir="1" index="3" bw="7" slack="0"/>
</pin_list>
<bind>
<opcode="getelementptr(29) " fcode="getelementptr"/>
<opset="x_addr_15/8 "/>
</bind>
</comp>

<comp id="673" class="1004" name="x_addr_16_gep_fu_673">
<pin_list>
<pin id="674" dir="0" index="0" bw="8" slack="0"/>
<pin id="675" dir="0" index="1" bw="1" slack="0"/>
<pin id="676" dir="0" index="2" bw="6" slack="0"/>
<pin id="677" dir="1" index="3" bw="7" slack="0"/>
</pin_list>
<bind>
<opcode="getelementptr(29) " fcode="getelementptr"/>
<opset="x_addr_16/9 "/>
</bind>
</comp>

<comp id="682" class="1004" name="x_addr_17_gep_fu_682">
<pin_list>
<pin id="683" dir="0" index="0" bw="8" slack="0"/>
<pin id="684" dir="0" index="1" bw="1" slack="0"/>
<pin id="685" dir="0" index="2" bw="6" slack="0"/>
<pin id="686" dir="1" index="3" bw="7" slack="0"/>
</pin_list>
<bind>
<opcode="getelementptr(29) " fcode="getelementptr"/>
<opset="x_addr_17/9 "/>
</bind>
</comp>

<comp id="691" class="1004" name="x_addr_18_gep_fu_691">
<pin_list>
<pin id="692" dir="0" index="0" bw="8" slack="0"/>
<pin id="693" dir="0" index="1" bw="1" slack="0"/>
<pin id="694" dir="0" index="2" bw="6" slack="0"/>
<pin id="695" dir="1" index="3" bw="7" slack="0"/>
</pin_list>
<bind>
<opcode="getelementptr(29) " fcode="getelementptr"/>
<opset="x_addr_18/10 "/>
</bind>
</comp>

<comp id="700" class="1004" name="x_addr_19_gep_fu_700">
<pin_list>
<pin id="701" dir="0" index="0" bw="8" slack="0"/>
<pin id="702" dir="0" index="1" bw="1" slack="0"/>
<pin id="703" dir="0" index="2" bw="6" slack="0"/>
<pin id="704" dir="1" index="3" bw="7" slack="0"/>
</pin_list>
<bind>
<opcode="getelementptr(29) " fcode="getelementptr"/>
<opset="x_addr_19/10 "/>
</bind>
</comp>

<comp id="709" class="1004" name="x_addr_20_gep_fu_709">
<pin_list>
<pin id="710" dir="0" index="0" bw="8" slack="0"/>
<pin id="711" dir="0" index="1" bw="1" slack="0"/>
<pin id="712" dir="0" index="2" bw="6" slack="0"/>
<pin id="713" dir="1" index="3" bw="7" slack="0"/>
</pin_list>
<bind>
<opcode="getelementptr(29) " fcode="getelementptr"/>
<opset="x_addr_20/11 "/>
</bind>
</comp>

<comp id="718" class="1004" name="x_addr_21_gep_fu_718">
<pin_list>
<pin id="719" dir="0" index="0" bw="8" slack="0"/>
<pin id="720" dir="0" index="1" bw="1" slack="0"/>
<pin id="721" dir="0" index="2" bw="6" slack="0"/>
<pin id="722" dir="1" index="3" bw="7" slack="0"/>
</pin_list>
<bind>
<opcode="getelementptr(29) " fcode="getelementptr"/>
<opset="x_addr_21/11 "/>
</bind>
</comp>

<comp id="727" class="1004" name="x_addr_22_gep_fu_727">
<pin_list>
<pin id="728" dir="0" index="0" bw="8" slack="0"/>
<pin id="729" dir="0" index="1" bw="1" slack="0"/>
<pin id="730" dir="0" index="2" bw="6" slack="0"/>
<pin id="731" dir="1" index="3" bw="7" slack="0"/>
</pin_list>
<bind>
<opcode="getelementptr(29) " fcode="getelementptr"/>
<opset="x_addr_22/12 "/>
</bind>
</comp>

<comp id="736" class="1004" name="x_addr_23_gep_fu_736">
<pin_list>
<pin id="737" dir="0" index="0" bw="8" slack="0"/>
<pin id="738" dir="0" index="1" bw="1" slack="0"/>
<pin id="739" dir="0" index="2" bw="6" slack="0"/>
<pin id="740" dir="1" index="3" bw="7" slack="0"/>
</pin_list>
<bind>
<opcode="getelementptr(29) " fcode="getelementptr"/>
<opset="x_addr_23/12 "/>
</bind>
</comp>

<comp id="745" class="1004" name="x_addr_24_gep_fu_745">
<pin_list>
<pin id="746" dir="0" index="0" bw="8" slack="0"/>
<pin id="747" dir="0" index="1" bw="1" slack="0"/>
<pin id="748" dir="0" index="2" bw="6" slack="0"/>
<pin id="749" dir="1" index="3" bw="7" slack="0"/>
</pin_list>
<bind>
<opcode="getelementptr(29) " fcode="getelementptr"/>
<opset="x_addr_24/13 "/>
</bind>
</comp>

<comp id="754" class="1004" name="x_addr_25_gep_fu_754">
<pin_list>
<pin id="755" dir="0" index="0" bw="8" slack="0"/>
<pin id="756" dir="0" index="1" bw="1" slack="0"/>
<pin id="757" dir="0" index="2" bw="6" slack="0"/>
<pin id="758" dir="1" index="3" bw="7" slack="0"/>
</pin_list>
<bind>
<opcode="getelementptr(29) " fcode="getelementptr"/>
<opset="x_addr_25/13 "/>
</bind>
</comp>

<comp id="763" class="1004" name="x_addr_26_gep_fu_763">
<pin_list>
<pin id="764" dir="0" index="0" bw="8" slack="0"/>
<pin id="765" dir="0" index="1" bw="1" slack="0"/>
<pin id="766" dir="0" index="2" bw="6" slack="0"/>
<pin id="767" dir="1" index="3" bw="7" slack="0"/>
</pin_list>
<bind>
<opcode="getelementptr(29) " fcode="getelementptr"/>
<opset="x_addr_26/14 "/>
</bind>
</comp>

<comp id="772" class="1004" name="x_addr_27_gep_fu_772">
<pin_list>
<pin id="773" dir="0" index="0" bw="8" slack="0"/>
<pin id="774" dir="0" index="1" bw="1" slack="0"/>
<pin id="775" dir="0" index="2" bw="6" slack="0"/>
<pin id="776" dir="1" index="3" bw="7" slack="0"/>
</pin_list>
<bind>
<opcode="getelementptr(29) " fcode="getelementptr"/>
<opset="x_addr_27/14 "/>
</bind>
</comp>

<comp id="781" class="1004" name="x_addr_28_gep_fu_781">
<pin_list>
<pin id="782" dir="0" index="0" bw="8" slack="0"/>
<pin id="783" dir="0" index="1" bw="1" slack="0"/>
<pin id="784" dir="0" index="2" bw="6" slack="0"/>
<pin id="785" dir="1" index="3" bw="7" slack="0"/>
</pin_list>
<bind>
<opcode="getelementptr(29) " fcode="getelementptr"/>
<opset="x_addr_28/15 "/>
</bind>
</comp>

<comp id="790" class="1004" name="x_addr_29_gep_fu_790">
<pin_list>
<pin id="791" dir="0" index="0" bw="8" slack="0"/>
<pin id="792" dir="0" index="1" bw="1" slack="0"/>
<pin id="793" dir="0" index="2" bw="6" slack="0"/>
<pin id="794" dir="1" index="3" bw="7" slack="0"/>
</pin_list>
<bind>
<opcode="getelementptr(29) " fcode="getelementptr"/>
<opset="x_addr_29/15 "/>
</bind>
</comp>

<comp id="799" class="1004" name="x_addr_30_gep_fu_799">
<pin_list>
<pin id="800" dir="0" index="0" bw="8" slack="0"/>
<pin id="801" dir="0" index="1" bw="1" slack="0"/>
<pin id="802" dir="0" index="2" bw="6" slack="0"/>
<pin id="803" dir="1" index="3" bw="7" slack="0"/>
</pin_list>
<bind>
<opcode="getelementptr(29) " fcode="getelementptr"/>
<opset="x_addr_30/16 "/>
</bind>
</comp>

<comp id="808" class="1004" name="x_addr_31_gep_fu_808">
<pin_list>
<pin id="809" dir="0" index="0" bw="8" slack="0"/>
<pin id="810" dir="0" index="1" bw="1" slack="0"/>
<pin id="811" dir="0" index="2" bw="6" slack="0"/>
<pin id="812" dir="1" index="3" bw="7" slack="0"/>
</pin_list>
<bind>
<opcode="getelementptr(29) " fcode="getelementptr"/>
<opset="x_addr_31/16 "/>
</bind>
</comp>

<comp id="817" class="1004" name="x_addr_32_gep_fu_817">
<pin_list>
<pin id="818" dir="0" index="0" bw="8" slack="0"/>
<pin id="819" dir="0" index="1" bw="1" slack="0"/>
<pin id="820" dir="0" index="2" bw="7" slack="0"/>
<pin id="821" dir="1" index="3" bw="7" slack="0"/>
</pin_list>
<bind>
<opcode="getelementptr(29) " fcode="getelementptr"/>
<opset="x_addr_32/17 "/>
</bind>
</comp>

<comp id="826" class="1004" name="x_addr_33_gep_fu_826">
<pin_list>
<pin id="827" dir="0" index="0" bw="8" slack="0"/>
<pin id="828" dir="0" index="1" bw="1" slack="0"/>
<pin id="829" dir="0" index="2" bw="7" slack="0"/>
<pin id="830" dir="1" index="3" bw="7" slack="0"/>
</pin_list>
<bind>
<opcode="getelementptr(29) " fcode="getelementptr"/>
<opset="x_addr_33/17 "/>
</bind>
</comp>

<comp id="835" class="1004" name="x_addr_34_gep_fu_835">
<pin_list>
<pin id="836" dir="0" index="0" bw="8" slack="0"/>
<pin id="837" dir="0" index="1" bw="1" slack="0"/>
<pin id="838" dir="0" index="2" bw="7" slack="0"/>
<pin id="839" dir="1" index="3" bw="7" slack="0"/>
</pin_list>
<bind>
<opcode="getelementptr(29) " fcode="getelementptr"/>
<opset="x_addr_34/18 "/>
</bind>
</comp>

<comp id="844" class="1004" name="x_addr_35_gep_fu_844">
<pin_list>
<pin id="845" dir="0" index="0" bw="8" slack="0"/>
<pin id="846" dir="0" index="1" bw="1" slack="0"/>
<pin id="847" dir="0" index="2" bw="7" slack="0"/>
<pin id="848" dir="1" index="3" bw="7" slack="0"/>
</pin_list>
<bind>
<opcode="getelementptr(29) " fcode="getelementptr"/>
<opset="x_addr_35/18 "/>
</bind>
</comp>

<comp id="853" class="1004" name="x_addr_36_gep_fu_853">
<pin_list>
<pin id="854" dir="0" index="0" bw="8" slack="0"/>
<pin id="855" dir="0" index="1" bw="1" slack="0"/>
<pin id="856" dir="0" index="2" bw="7" slack="0"/>
<pin id="857" dir="1" index="3" bw="7" slack="0"/>
</pin_list>
<bind>
<opcode="getelementptr(29) " fcode="getelementptr"/>
<opset="x_addr_36/19 "/>
</bind>
</comp>

<comp id="862" class="1004" name="x_addr_37_gep_fu_862">
<pin_list>
<pin id="863" dir="0" index="0" bw="8" slack="0"/>
<pin id="864" dir="0" index="1" bw="1" slack="0"/>
<pin id="865" dir="0" index="2" bw="7" slack="0"/>
<pin id="866" dir="1" index="3" bw="7" slack="0"/>
</pin_list>
<bind>
<opcode="getelementptr(29) " fcode="getelementptr"/>
<opset="x_addr_37/19 "/>
</bind>
</comp>

<comp id="871" class="1004" name="x_addr_38_gep_fu_871">
<pin_list>
<pin id="872" dir="0" index="0" bw="8" slack="0"/>
<pin id="873" dir="0" index="1" bw="1" slack="0"/>
<pin id="874" dir="0" index="2" bw="7" slack="0"/>
<pin id="875" dir="1" index="3" bw="7" slack="0"/>
</pin_list>
<bind>
<opcode="getelementptr(29) " fcode="getelementptr"/>
<opset="x_addr_38/20 "/>
</bind>
</comp>

<comp id="880" class="1004" name="x_addr_39_gep_fu_880">
<pin_list>
<pin id="881" dir="0" index="0" bw="8" slack="0"/>
<pin id="882" dir="0" index="1" bw="1" slack="0"/>
<pin id="883" dir="0" index="2" bw="7" slack="0"/>
<pin id="884" dir="1" index="3" bw="7" slack="0"/>
</pin_list>
<bind>
<opcode="getelementptr(29) " fcode="getelementptr"/>
<opset="x_addr_39/20 "/>
</bind>
</comp>

<comp id="889" class="1004" name="x_addr_40_gep_fu_889">
<pin_list>
<pin id="890" dir="0" index="0" bw="8" slack="0"/>
<pin id="891" dir="0" index="1" bw="1" slack="0"/>
<pin id="892" dir="0" index="2" bw="7" slack="0"/>
<pin id="893" dir="1" index="3" bw="7" slack="0"/>
</pin_list>
<bind>
<opcode="getelementptr(29) " fcode="getelementptr"/>
<opset="x_addr_40/21 "/>
</bind>
</comp>

<comp id="898" class="1004" name="x_addr_41_gep_fu_898">
<pin_list>
<pin id="899" dir="0" index="0" bw="8" slack="0"/>
<pin id="900" dir="0" index="1" bw="1" slack="0"/>
<pin id="901" dir="0" index="2" bw="7" slack="0"/>
<pin id="902" dir="1" index="3" bw="7" slack="0"/>
</pin_list>
<bind>
<opcode="getelementptr(29) " fcode="getelementptr"/>
<opset="x_addr_41/21 "/>
</bind>
</comp>

<comp id="907" class="1004" name="x_addr_42_gep_fu_907">
<pin_list>
<pin id="908" dir="0" index="0" bw="8" slack="0"/>
<pin id="909" dir="0" index="1" bw="1" slack="0"/>
<pin id="910" dir="0" index="2" bw="7" slack="0"/>
<pin id="911" dir="1" index="3" bw="7" slack="0"/>
</pin_list>
<bind>
<opcode="getelementptr(29) " fcode="getelementptr"/>
<opset="x_addr_42/22 "/>
</bind>
</comp>

<comp id="916" class="1004" name="x_addr_43_gep_fu_916">
<pin_list>
<pin id="917" dir="0" index="0" bw="8" slack="0"/>
<pin id="918" dir="0" index="1" bw="1" slack="0"/>
<pin id="919" dir="0" index="2" bw="7" slack="0"/>
<pin id="920" dir="1" index="3" bw="7" slack="0"/>
</pin_list>
<bind>
<opcode="getelementptr(29) " fcode="getelementptr"/>
<opset="x_addr_43/22 "/>
</bind>
</comp>

<comp id="925" class="1004" name="x_addr_44_gep_fu_925">
<pin_list>
<pin id="926" dir="0" index="0" bw="8" slack="0"/>
<pin id="927" dir="0" index="1" bw="1" slack="0"/>
<pin id="928" dir="0" index="2" bw="7" slack="0"/>
<pin id="929" dir="1" index="3" bw="7" slack="0"/>
</pin_list>
<bind>
<opcode="getelementptr(29) " fcode="getelementptr"/>
<opset="x_addr_44/23 "/>
</bind>
</comp>

<comp id="934" class="1004" name="x_addr_45_gep_fu_934">
<pin_list>
<pin id="935" dir="0" index="0" bw="8" slack="0"/>
<pin id="936" dir="0" index="1" bw="1" slack="0"/>
<pin id="937" dir="0" index="2" bw="7" slack="0"/>
<pin id="938" dir="1" index="3" bw="7" slack="0"/>
</pin_list>
<bind>
<opcode="getelementptr(29) " fcode="getelementptr"/>
<opset="x_addr_45/23 "/>
</bind>
</comp>

<comp id="943" class="1004" name="x_addr_46_gep_fu_943">
<pin_list>
<pin id="944" dir="0" index="0" bw="8" slack="0"/>
<pin id="945" dir="0" index="1" bw="1" slack="0"/>
<pin id="946" dir="0" index="2" bw="7" slack="0"/>
<pin id="947" dir="1" index="3" bw="7" slack="0"/>
</pin_list>
<bind>
<opcode="getelementptr(29) " fcode="getelementptr"/>
<opset="x_addr_46/24 "/>
</bind>
</comp>

<comp id="952" class="1004" name="x_addr_47_gep_fu_952">
<pin_list>
<pin id="953" dir="0" index="0" bw="8" slack="0"/>
<pin id="954" dir="0" index="1" bw="1" slack="0"/>
<pin id="955" dir="0" index="2" bw="7" slack="0"/>
<pin id="956" dir="1" index="3" bw="7" slack="0"/>
</pin_list>
<bind>
<opcode="getelementptr(29) " fcode="getelementptr"/>
<opset="x_addr_47/24 "/>
</bind>
</comp>

<comp id="961" class="1004" name="x_addr_48_gep_fu_961">
<pin_list>
<pin id="962" dir="0" index="0" bw="8" slack="0"/>
<pin id="963" dir="0" index="1" bw="1" slack="0"/>
<pin id="964" dir="0" index="2" bw="7" slack="0"/>
<pin id="965" dir="1" index="3" bw="7" slack="0"/>
</pin_list>
<bind>
<opcode="getelementptr(29) " fcode="getelementptr"/>
<opset="x_addr_48/25 "/>
</bind>
</comp>

<comp id="970" class="1004" name="x_addr_49_gep_fu_970">
<pin_list>
<pin id="971" dir="0" index="0" bw="8" slack="0"/>
<pin id="972" dir="0" index="1" bw="1" slack="0"/>
<pin id="973" dir="0" index="2" bw="7" slack="0"/>
<pin id="974" dir="1" index="3" bw="7" slack="0"/>
</pin_list>
<bind>
<opcode="getelementptr(29) " fcode="getelementptr"/>
<opset="x_addr_49/25 "/>
</bind>
</comp>

<comp id="979" class="1004" name="x_addr_50_gep_fu_979">
<pin_list>
<pin id="980" dir="0" index="0" bw="8" slack="0"/>
<pin id="981" dir="0" index="1" bw="1" slack="0"/>
<pin id="982" dir="0" index="2" bw="7" slack="0"/>
<pin id="983" dir="1" index="3" bw="7" slack="0"/>
</pin_list>
<bind>
<opcode="getelementptr(29) " fcode="getelementptr"/>
<opset="x_addr_50/26 "/>
</bind>
</comp>

<comp id="988" class="1004" name="x_addr_51_gep_fu_988">
<pin_list>
<pin id="989" dir="0" index="0" bw="8" slack="0"/>
<pin id="990" dir="0" index="1" bw="1" slack="0"/>
<pin id="991" dir="0" index="2" bw="7" slack="0"/>
<pin id="992" dir="1" index="3" bw="7" slack="0"/>
</pin_list>
<bind>
<opcode="getelementptr(29) " fcode="getelementptr"/>
<opset="x_addr_51/26 "/>
</bind>
</comp>

<comp id="997" class="1004" name="x_addr_52_gep_fu_997">
<pin_list>
<pin id="998" dir="0" index="0" bw="8" slack="0"/>
<pin id="999" dir="0" index="1" bw="1" slack="0"/>
<pin id="1000" dir="0" index="2" bw="7" slack="0"/>
<pin id="1001" dir="1" index="3" bw="7" slack="0"/>
</pin_list>
<bind>
<opcode="getelementptr(29) " fcode="getelementptr"/>
<opset="x_addr_52/27 "/>
</bind>
</comp>

<comp id="1006" class="1004" name="x_addr_53_gep_fu_1006">
<pin_list>
<pin id="1007" dir="0" index="0" bw="8" slack="0"/>
<pin id="1008" dir="0" index="1" bw="1" slack="0"/>
<pin id="1009" dir="0" index="2" bw="7" slack="0"/>
<pin id="1010" dir="1" index="3" bw="7" slack="0"/>
</pin_list>
<bind>
<opcode="getelementptr(29) " fcode="getelementptr"/>
<opset="x_addr_53/27 "/>
</bind>
</comp>

<comp id="1015" class="1004" name="x_addr_54_gep_fu_1015">
<pin_list>
<pin id="1016" dir="0" index="0" bw="8" slack="0"/>
<pin id="1017" dir="0" index="1" bw="1" slack="0"/>
<pin id="1018" dir="0" index="2" bw="7" slack="0"/>
<pin id="1019" dir="1" index="3" bw="7" slack="0"/>
</pin_list>
<bind>
<opcode="getelementptr(29) " fcode="getelementptr"/>
<opset="x_addr_54/28 "/>
</bind>
</comp>

<comp id="1024" class="1004" name="x_addr_55_gep_fu_1024">
<pin_list>
<pin id="1025" dir="0" index="0" bw="8" slack="0"/>
<pin id="1026" dir="0" index="1" bw="1" slack="0"/>
<pin id="1027" dir="0" index="2" bw="7" slack="0"/>
<pin id="1028" dir="1" index="3" bw="7" slack="0"/>
</pin_list>
<bind>
<opcode="getelementptr(29) " fcode="getelementptr"/>
<opset="x_addr_55/28 "/>
</bind>
</comp>

<comp id="1033" class="1004" name="x_addr_56_gep_fu_1033">
<pin_list>
<pin id="1034" dir="0" index="0" bw="8" slack="0"/>
<pin id="1035" dir="0" index="1" bw="1" slack="0"/>
<pin id="1036" dir="0" index="2" bw="7" slack="0"/>
<pin id="1037" dir="1" index="3" bw="7" slack="0"/>
</pin_list>
<bind>
<opcode="getelementptr(29) " fcode="getelementptr"/>
<opset="x_addr_56/29 "/>
</bind>
</comp>

<comp id="1042" class="1004" name="x_addr_57_gep_fu_1042">
<pin_list>
<pin id="1043" dir="0" index="0" bw="8" slack="0"/>
<pin id="1044" dir="0" index="1" bw="1" slack="0"/>
<pin id="1045" dir="0" index="2" bw="7" slack="0"/>
<pin id="1046" dir="1" index="3" bw="7" slack="0"/>
</pin_list>
<bind>
<opcode="getelementptr(29) " fcode="getelementptr"/>
<opset="x_addr_57/29 "/>
</bind>
</comp>

<comp id="1051" class="1004" name="x_addr_58_gep_fu_1051">
<pin_list>
<pin id="1052" dir="0" index="0" bw="8" slack="0"/>
<pin id="1053" dir="0" index="1" bw="1" slack="0"/>
<pin id="1054" dir="0" index="2" bw="7" slack="0"/>
<pin id="1055" dir="1" index="3" bw="7" slack="0"/>
</pin_list>
<bind>
<opcode="getelementptr(29) " fcode="getelementptr"/>
<opset="x_addr_58/30 "/>
</bind>
</comp>

<comp id="1060" class="1004" name="x_addr_59_gep_fu_1060">
<pin_list>
<pin id="1061" dir="0" index="0" bw="8" slack="0"/>
<pin id="1062" dir="0" index="1" bw="1" slack="0"/>
<pin id="1063" dir="0" index="2" bw="7" slack="0"/>
<pin id="1064" dir="1" index="3" bw="7" slack="0"/>
</pin_list>
<bind>
<opcode="getelementptr(29) " fcode="getelementptr"/>
<opset="x_addr_59/30 "/>
</bind>
</comp>

<comp id="1069" class="1004" name="x_addr_60_gep_fu_1069">
<pin_list>
<pin id="1070" dir="0" index="0" bw="8" slack="0"/>
<pin id="1071" dir="0" index="1" bw="1" slack="0"/>
<pin id="1072" dir="0" index="2" bw="7" slack="0"/>
<pin id="1073" dir="1" index="3" bw="7" slack="0"/>
</pin_list>
<bind>
<opcode="getelementptr(29) " fcode="getelementptr"/>
<opset="x_addr_60/31 "/>
</bind>
</comp>

<comp id="1078" class="1004" name="x_addr_61_gep_fu_1078">
<pin_list>
<pin id="1079" dir="0" index="0" bw="8" slack="0"/>
<pin id="1080" dir="0" index="1" bw="1" slack="0"/>
<pin id="1081" dir="0" index="2" bw="7" slack="0"/>
<pin id="1082" dir="1" index="3" bw="7" slack="0"/>
</pin_list>
<bind>
<opcode="getelementptr(29) " fcode="getelementptr"/>
<opset="x_addr_61/31 "/>
</bind>
</comp>

<comp id="1087" class="1004" name="x_addr_62_gep_fu_1087">
<pin_list>
<pin id="1088" dir="0" index="0" bw="8" slack="0"/>
<pin id="1089" dir="0" index="1" bw="1" slack="0"/>
<pin id="1090" dir="0" index="2" bw="7" slack="0"/>
<pin id="1091" dir="1" index="3" bw="7" slack="0"/>
</pin_list>
<bind>
<opcode="getelementptr(29) " fcode="getelementptr"/>
<opset="x_addr_62/32 "/>
</bind>
</comp>

<comp id="1096" class="1004" name="x_addr_63_gep_fu_1096">
<pin_list>
<pin id="1097" dir="0" index="0" bw="8" slack="0"/>
<pin id="1098" dir="0" index="1" bw="1" slack="0"/>
<pin id="1099" dir="0" index="2" bw="7" slack="0"/>
<pin id="1100" dir="1" index="3" bw="7" slack="0"/>
</pin_list>
<bind>
<opcode="getelementptr(29) " fcode="getelementptr"/>
<opset="x_addr_63/32 "/>
</bind>
</comp>

<comp id="1105" class="1004" name="x_addr_64_gep_fu_1105">
<pin_list>
<pin id="1106" dir="0" index="0" bw="8" slack="0"/>
<pin id="1107" dir="0" index="1" bw="1" slack="0"/>
<pin id="1108" dir="0" index="2" bw="8" slack="0"/>
<pin id="1109" dir="1" index="3" bw="7" slack="0"/>
</pin_list>
<bind>
<opcode="getelementptr(29) " fcode="getelementptr"/>
<opset="x_addr_64/33 "/>
</bind>
</comp>

<comp id="1114" class="1004" name="x_addr_65_gep_fu_1114">
<pin_list>
<pin id="1115" dir="0" index="0" bw="8" slack="0"/>
<pin id="1116" dir="0" index="1" bw="1" slack="0"/>
<pin id="1117" dir="0" index="2" bw="8" slack="0"/>
<pin id="1118" dir="1" index="3" bw="7" slack="0"/>
</pin_list>
<bind>
<opcode="getelementptr(29) " fcode="getelementptr"/>
<opset="x_addr_65/33 "/>
</bind>
</comp>

<comp id="1123" class="1004" name="x_addr_66_gep_fu_1123">
<pin_list>
<pin id="1124" dir="0" index="0" bw="8" slack="0"/>
<pin id="1125" dir="0" index="1" bw="1" slack="0"/>
<pin id="1126" dir="0" index="2" bw="8" slack="0"/>
<pin id="1127" dir="1" index="3" bw="7" slack="0"/>
</pin_list>
<bind>
<opcode="getelementptr(29) " fcode="getelementptr"/>
<opset="x_addr_66/34 "/>
</bind>
</comp>

<comp id="1132" class="1004" name="x_addr_67_gep_fu_1132">
<pin_list>
<pin id="1133" dir="0" index="0" bw="8" slack="0"/>
<pin id="1134" dir="0" index="1" bw="1" slack="0"/>
<pin id="1135" dir="0" index="2" bw="8" slack="0"/>
<pin id="1136" dir="1" index="3" bw="7" slack="0"/>
</pin_list>
<bind>
<opcode="getelementptr(29) " fcode="getelementptr"/>
<opset="x_addr_67/34 "/>
</bind>
</comp>

<comp id="1141" class="1004" name="x_addr_68_gep_fu_1141">
<pin_list>
<pin id="1142" dir="0" index="0" bw="8" slack="0"/>
<pin id="1143" dir="0" index="1" bw="1" slack="0"/>
<pin id="1144" dir="0" index="2" bw="8" slack="0"/>
<pin id="1145" dir="1" index="3" bw="7" slack="0"/>
</pin_list>
<bind>
<opcode="getelementptr(29) " fcode="getelementptr"/>
<opset="x_addr_68/35 "/>
</bind>
</comp>

<comp id="1150" class="1004" name="x_addr_69_gep_fu_1150">
<pin_list>
<pin id="1151" dir="0" index="0" bw="8" slack="0"/>
<pin id="1152" dir="0" index="1" bw="1" slack="0"/>
<pin id="1153" dir="0" index="2" bw="8" slack="0"/>
<pin id="1154" dir="1" index="3" bw="7" slack="0"/>
</pin_list>
<bind>
<opcode="getelementptr(29) " fcode="getelementptr"/>
<opset="x_addr_69/35 "/>
</bind>
</comp>

<comp id="1159" class="1004" name="x_addr_70_gep_fu_1159">
<pin_list>
<pin id="1160" dir="0" index="0" bw="8" slack="0"/>
<pin id="1161" dir="0" index="1" bw="1" slack="0"/>
<pin id="1162" dir="0" index="2" bw="8" slack="0"/>
<pin id="1163" dir="1" index="3" bw="7" slack="0"/>
</pin_list>
<bind>
<opcode="getelementptr(29) " fcode="getelementptr"/>
<opset="x_addr_70/36 "/>
</bind>
</comp>

<comp id="1168" class="1004" name="x_addr_71_gep_fu_1168">
<pin_list>
<pin id="1169" dir="0" index="0" bw="8" slack="0"/>
<pin id="1170" dir="0" index="1" bw="1" slack="0"/>
<pin id="1171" dir="0" index="2" bw="8" slack="0"/>
<pin id="1172" dir="1" index="3" bw="7" slack="0"/>
</pin_list>
<bind>
<opcode="getelementptr(29) " fcode="getelementptr"/>
<opset="x_addr_71/36 "/>
</bind>
</comp>

<comp id="1177" class="1004" name="x_addr_72_gep_fu_1177">
<pin_list>
<pin id="1178" dir="0" index="0" bw="8" slack="0"/>
<pin id="1179" dir="0" index="1" bw="1" slack="0"/>
<pin id="1180" dir="0" index="2" bw="8" slack="0"/>
<pin id="1181" dir="1" index="3" bw="7" slack="0"/>
</pin_list>
<bind>
<opcode="getelementptr(29) " fcode="getelementptr"/>
<opset="x_addr_72/37 "/>
</bind>
</comp>

<comp id="1186" class="1004" name="x_addr_73_gep_fu_1186">
<pin_list>
<pin id="1187" dir="0" index="0" bw="8" slack="0"/>
<pin id="1188" dir="0" index="1" bw="1" slack="0"/>
<pin id="1189" dir="0" index="2" bw="8" slack="0"/>
<pin id="1190" dir="1" index="3" bw="7" slack="0"/>
</pin_list>
<bind>
<opcode="getelementptr(29) " fcode="getelementptr"/>
<opset="x_addr_73/37 "/>
</bind>
</comp>

<comp id="1195" class="1004" name="x_addr_74_gep_fu_1195">
<pin_list>
<pin id="1196" dir="0" index="0" bw="8" slack="0"/>
<pin id="1197" dir="0" index="1" bw="1" slack="0"/>
<pin id="1198" dir="0" index="2" bw="8" slack="0"/>
<pin id="1199" dir="1" index="3" bw="7" slack="0"/>
</pin_list>
<bind>
<opcode="getelementptr(29) " fcode="getelementptr"/>
<opset="x_addr_74/38 "/>
</bind>
</comp>

<comp id="1204" class="1004" name="x_addr_75_gep_fu_1204">
<pin_list>
<pin id="1205" dir="0" index="0" bw="8" slack="0"/>
<pin id="1206" dir="0" index="1" bw="1" slack="0"/>
<pin id="1207" dir="0" index="2" bw="8" slack="0"/>
<pin id="1208" dir="1" index="3" bw="7" slack="0"/>
</pin_list>
<bind>
<opcode="getelementptr(29) " fcode="getelementptr"/>
<opset="x_addr_75/38 "/>
</bind>
</comp>

<comp id="1213" class="1004" name="x_addr_76_gep_fu_1213">
<pin_list>
<pin id="1214" dir="0" index="0" bw="8" slack="0"/>
<pin id="1215" dir="0" index="1" bw="1" slack="0"/>
<pin id="1216" dir="0" index="2" bw="8" slack="0"/>
<pin id="1217" dir="1" index="3" bw="7" slack="0"/>
</pin_list>
<bind>
<opcode="getelementptr(29) " fcode="getelementptr"/>
<opset="x_addr_76/39 "/>
</bind>
</comp>

<comp id="1222" class="1004" name="x_addr_77_gep_fu_1222">
<pin_list>
<pin id="1223" dir="0" index="0" bw="8" slack="0"/>
<pin id="1224" dir="0" index="1" bw="1" slack="0"/>
<pin id="1225" dir="0" index="2" bw="8" slack="0"/>
<pin id="1226" dir="1" index="3" bw="7" slack="0"/>
</pin_list>
<bind>
<opcode="getelementptr(29) " fcode="getelementptr"/>
<opset="x_addr_77/39 "/>
</bind>
</comp>

<comp id="1231" class="1004" name="x_addr_78_gep_fu_1231">
<pin_list>
<pin id="1232" dir="0" index="0" bw="8" slack="0"/>
<pin id="1233" dir="0" index="1" bw="1" slack="0"/>
<pin id="1234" dir="0" index="2" bw="8" slack="0"/>
<pin id="1235" dir="1" index="3" bw="7" slack="0"/>
</pin_list>
<bind>
<opcode="getelementptr(29) " fcode="getelementptr"/>
<opset="x_addr_78/40 "/>
</bind>
</comp>

<comp id="1240" class="1004" name="x_addr_79_gep_fu_1240">
<pin_list>
<pin id="1241" dir="0" index="0" bw="8" slack="0"/>
<pin id="1242" dir="0" index="1" bw="1" slack="0"/>
<pin id="1243" dir="0" index="2" bw="8" slack="0"/>
<pin id="1244" dir="1" index="3" bw="7" slack="0"/>
</pin_list>
<bind>
<opcode="getelementptr(29) " fcode="getelementptr"/>
<opset="x_addr_79/40 "/>
</bind>
</comp>

<comp id="1249" class="1004" name="x_addr_80_gep_fu_1249">
<pin_list>
<pin id="1250" dir="0" index="0" bw="8" slack="0"/>
<pin id="1251" dir="0" index="1" bw="1" slack="0"/>
<pin id="1252" dir="0" index="2" bw="8" slack="0"/>
<pin id="1253" dir="1" index="3" bw="7" slack="0"/>
</pin_list>
<bind>
<opcode="getelementptr(29) " fcode="getelementptr"/>
<opset="x_addr_80/41 "/>
</bind>
</comp>

<comp id="1258" class="1004" name="x_addr_81_gep_fu_1258">
<pin_list>
<pin id="1259" dir="0" index="0" bw="8" slack="0"/>
<pin id="1260" dir="0" index="1" bw="1" slack="0"/>
<pin id="1261" dir="0" index="2" bw="8" slack="0"/>
<pin id="1262" dir="1" index="3" bw="7" slack="0"/>
</pin_list>
<bind>
<opcode="getelementptr(29) " fcode="getelementptr"/>
<opset="x_addr_81/41 "/>
</bind>
</comp>

<comp id="1267" class="1004" name="x_addr_82_gep_fu_1267">
<pin_list>
<pin id="1268" dir="0" index="0" bw="8" slack="0"/>
<pin id="1269" dir="0" index="1" bw="1" slack="0"/>
<pin id="1270" dir="0" index="2" bw="8" slack="0"/>
<pin id="1271" dir="1" index="3" bw="7" slack="0"/>
</pin_list>
<bind>
<opcode="getelementptr(29) " fcode="getelementptr"/>
<opset="x_addr_82/42 "/>
</bind>
</comp>

<comp id="1276" class="1004" name="x_addr_83_gep_fu_1276">
<pin_list>
<pin id="1277" dir="0" index="0" bw="8" slack="0"/>
<pin id="1278" dir="0" index="1" bw="1" slack="0"/>
<pin id="1279" dir="0" index="2" bw="8" slack="0"/>
<pin id="1280" dir="1" index="3" bw="7" slack="0"/>
</pin_list>
<bind>
<opcode="getelementptr(29) " fcode="getelementptr"/>
<opset="x_addr_83/42 "/>
</bind>
</comp>

<comp id="1285" class="1004" name="x_addr_84_gep_fu_1285">
<pin_list>
<pin id="1286" dir="0" index="0" bw="8" slack="0"/>
<pin id="1287" dir="0" index="1" bw="1" slack="0"/>
<pin id="1288" dir="0" index="2" bw="8" slack="0"/>
<pin id="1289" dir="1" index="3" bw="7" slack="0"/>
</pin_list>
<bind>
<opcode="getelementptr(29) " fcode="getelementptr"/>
<opset="x_addr_84/43 "/>
</bind>
</comp>

<comp id="1294" class="1004" name="x_addr_85_gep_fu_1294">
<pin_list>
<pin id="1295" dir="0" index="0" bw="8" slack="0"/>
<pin id="1296" dir="0" index="1" bw="1" slack="0"/>
<pin id="1297" dir="0" index="2" bw="8" slack="0"/>
<pin id="1298" dir="1" index="3" bw="7" slack="0"/>
</pin_list>
<bind>
<opcode="getelementptr(29) " fcode="getelementptr"/>
<opset="x_addr_85/43 "/>
</bind>
</comp>

<comp id="1303" class="1004" name="x_addr_86_gep_fu_1303">
<pin_list>
<pin id="1304" dir="0" index="0" bw="8" slack="0"/>
<pin id="1305" dir="0" index="1" bw="1" slack="0"/>
<pin id="1306" dir="0" index="2" bw="8" slack="0"/>
<pin id="1307" dir="1" index="3" bw="7" slack="0"/>
</pin_list>
<bind>
<opcode="getelementptr(29) " fcode="getelementptr"/>
<opset="x_addr_86/44 "/>
</bind>
</comp>

<comp id="1312" class="1004" name="x_addr_87_gep_fu_1312">
<pin_list>
<pin id="1313" dir="0" index="0" bw="8" slack="0"/>
<pin id="1314" dir="0" index="1" bw="1" slack="0"/>
<pin id="1315" dir="0" index="2" bw="8" slack="0"/>
<pin id="1316" dir="1" index="3" bw="7" slack="0"/>
</pin_list>
<bind>
<opcode="getelementptr(29) " fcode="getelementptr"/>
<opset="x_addr_87/44 "/>
</bind>
</comp>

<comp id="1321" class="1004" name="x_addr_88_gep_fu_1321">
<pin_list>
<pin id="1322" dir="0" index="0" bw="8" slack="0"/>
<pin id="1323" dir="0" index="1" bw="1" slack="0"/>
<pin id="1324" dir="0" index="2" bw="8" slack="0"/>
<pin id="1325" dir="1" index="3" bw="7" slack="0"/>
</pin_list>
<bind>
<opcode="getelementptr(29) " fcode="getelementptr"/>
<opset="x_addr_88/45 "/>
</bind>
</comp>

<comp id="1330" class="1004" name="x_addr_89_gep_fu_1330">
<pin_list>
<pin id="1331" dir="0" index="0" bw="8" slack="0"/>
<pin id="1332" dir="0" index="1" bw="1" slack="0"/>
<pin id="1333" dir="0" index="2" bw="8" slack="0"/>
<pin id="1334" dir="1" index="3" bw="7" slack="0"/>
</pin_list>
<bind>
<opcode="getelementptr(29) " fcode="getelementptr"/>
<opset="x_addr_89/45 "/>
</bind>
</comp>

<comp id="1339" class="1004" name="x_addr_90_gep_fu_1339">
<pin_list>
<pin id="1340" dir="0" index="0" bw="8" slack="0"/>
<pin id="1341" dir="0" index="1" bw="1" slack="0"/>
<pin id="1342" dir="0" index="2" bw="8" slack="0"/>
<pin id="1343" dir="1" index="3" bw="7" slack="0"/>
</pin_list>
<bind>
<opcode="getelementptr(29) " fcode="getelementptr"/>
<opset="x_addr_90/46 "/>
</bind>
</comp>

<comp id="1348" class="1004" name="x_addr_91_gep_fu_1348">
<pin_list>
<pin id="1349" dir="0" index="0" bw="8" slack="0"/>
<pin id="1350" dir="0" index="1" bw="1" slack="0"/>
<pin id="1351" dir="0" index="2" bw="8" slack="0"/>
<pin id="1352" dir="1" index="3" bw="7" slack="0"/>
</pin_list>
<bind>
<opcode="getelementptr(29) " fcode="getelementptr"/>
<opset="x_addr_91/46 "/>
</bind>
</comp>

<comp id="1357" class="1004" name="x_addr_92_gep_fu_1357">
<pin_list>
<pin id="1358" dir="0" index="0" bw="8" slack="0"/>
<pin id="1359" dir="0" index="1" bw="1" slack="0"/>
<pin id="1360" dir="0" index="2" bw="8" slack="0"/>
<pin id="1361" dir="1" index="3" bw="7" slack="0"/>
</pin_list>
<bind>
<opcode="getelementptr(29) " fcode="getelementptr"/>
<opset="x_addr_92/47 "/>
</bind>
</comp>

<comp id="1366" class="1004" name="x_addr_93_gep_fu_1366">
<pin_list>
<pin id="1367" dir="0" index="0" bw="8" slack="0"/>
<pin id="1368" dir="0" index="1" bw="1" slack="0"/>
<pin id="1369" dir="0" index="2" bw="8" slack="0"/>
<pin id="1370" dir="1" index="3" bw="7" slack="0"/>
</pin_list>
<bind>
<opcode="getelementptr(29) " fcode="getelementptr"/>
<opset="x_addr_93/47 "/>
</bind>
</comp>

<comp id="1375" class="1004" name="x_addr_94_gep_fu_1375">
<pin_list>
<pin id="1376" dir="0" index="0" bw="8" slack="0"/>
<pin id="1377" dir="0" index="1" bw="1" slack="0"/>
<pin id="1378" dir="0" index="2" bw="8" slack="0"/>
<pin id="1379" dir="1" index="3" bw="7" slack="0"/>
</pin_list>
<bind>
<opcode="getelementptr(29) " fcode="getelementptr"/>
<opset="x_addr_94/48 "/>
</bind>
</comp>

<comp id="1384" class="1004" name="x_addr_95_gep_fu_1384">
<pin_list>
<pin id="1385" dir="0" index="0" bw="8" slack="0"/>
<pin id="1386" dir="0" index="1" bw="1" slack="0"/>
<pin id="1387" dir="0" index="2" bw="8" slack="0"/>
<pin id="1388" dir="1" index="3" bw="7" slack="0"/>
</pin_list>
<bind>
<opcode="getelementptr(29) " fcode="getelementptr"/>
<opset="x_addr_95/48 "/>
</bind>
</comp>

<comp id="1393" class="1004" name="x_addr_96_gep_fu_1393">
<pin_list>
<pin id="1394" dir="0" index="0" bw="8" slack="0"/>
<pin id="1395" dir="0" index="1" bw="1" slack="0"/>
<pin id="1396" dir="0" index="2" bw="8" slack="0"/>
<pin id="1397" dir="1" index="3" bw="7" slack="0"/>
</pin_list>
<bind>
<opcode="getelementptr(29) " fcode="getelementptr"/>
<opset="x_addr_96/49 "/>
</bind>
</comp>

<comp id="1402" class="1004" name="x_addr_97_gep_fu_1402">
<pin_list>
<pin id="1403" dir="0" index="0" bw="8" slack="0"/>
<pin id="1404" dir="0" index="1" bw="1" slack="0"/>
<pin id="1405" dir="0" index="2" bw="8" slack="0"/>
<pin id="1406" dir="1" index="3" bw="7" slack="0"/>
</pin_list>
<bind>
<opcode="getelementptr(29) " fcode="getelementptr"/>
<opset="x_addr_97/49 "/>
</bind>
</comp>

<comp id="1411" class="1004" name="x_addr_98_gep_fu_1411">
<pin_list>
<pin id="1412" dir="0" index="0" bw="8" slack="0"/>
<pin id="1413" dir="0" index="1" bw="1" slack="0"/>
<pin id="1414" dir="0" index="2" bw="8" slack="0"/>
<pin id="1415" dir="1" index="3" bw="7" slack="0"/>
</pin_list>
<bind>
<opcode="getelementptr(29) " fcode="getelementptr"/>
<opset="x_addr_98/50 "/>
</bind>
</comp>

<comp id="1420" class="1004" name="x_addr_99_gep_fu_1420">
<pin_list>
<pin id="1421" dir="0" index="0" bw="8" slack="0"/>
<pin id="1422" dir="0" index="1" bw="1" slack="0"/>
<pin id="1423" dir="0" index="2" bw="8" slack="0"/>
<pin id="1424" dir="1" index="3" bw="7" slack="0"/>
</pin_list>
<bind>
<opcode="getelementptr(29) " fcode="getelementptr"/>
<opset="x_addr_99/50 "/>
</bind>
</comp>

<comp id="1429" class="1004" name="x_addr_100_gep_fu_1429">
<pin_list>
<pin id="1430" dir="0" index="0" bw="8" slack="0"/>
<pin id="1431" dir="0" index="1" bw="1" slack="0"/>
<pin id="1432" dir="0" index="2" bw="8" slack="0"/>
<pin id="1433" dir="1" index="3" bw="7" slack="0"/>
</pin_list>
<bind>
<opcode="getelementptr(29) " fcode="getelementptr"/>
<opset="x_addr_100/51 "/>
</bind>
</comp>

<comp id="1438" class="1004" name="x_addr_101_gep_fu_1438">
<pin_list>
<pin id="1439" dir="0" index="0" bw="8" slack="0"/>
<pin id="1440" dir="0" index="1" bw="1" slack="0"/>
<pin id="1441" dir="0" index="2" bw="8" slack="0"/>
<pin id="1442" dir="1" index="3" bw="7" slack="0"/>
</pin_list>
<bind>
<opcode="getelementptr(29) " fcode="getelementptr"/>
<opset="x_addr_101/51 "/>
</bind>
</comp>

<comp id="1447" class="1004" name="x_addr_102_gep_fu_1447">
<pin_list>
<pin id="1448" dir="0" index="0" bw="8" slack="0"/>
<pin id="1449" dir="0" index="1" bw="1" slack="0"/>
<pin id="1450" dir="0" index="2" bw="8" slack="0"/>
<pin id="1451" dir="1" index="3" bw="7" slack="0"/>
</pin_list>
<bind>
<opcode="getelementptr(29) " fcode="getelementptr"/>
<opset="x_addr_102/52 "/>
</bind>
</comp>

<comp id="1456" class="1004" name="x_addr_103_gep_fu_1456">
<pin_list>
<pin id="1457" dir="0" index="0" bw="8" slack="0"/>
<pin id="1458" dir="0" index="1" bw="1" slack="0"/>
<pin id="1459" dir="0" index="2" bw="8" slack="0"/>
<pin id="1460" dir="1" index="3" bw="7" slack="0"/>
</pin_list>
<bind>
<opcode="getelementptr(29) " fcode="getelementptr"/>
<opset="x_addr_103/52 "/>
</bind>
</comp>

<comp id="1465" class="1004" name="x_addr_104_gep_fu_1465">
<pin_list>
<pin id="1466" dir="0" index="0" bw="8" slack="0"/>
<pin id="1467" dir="0" index="1" bw="1" slack="0"/>
<pin id="1468" dir="0" index="2" bw="8" slack="0"/>
<pin id="1469" dir="1" index="3" bw="7" slack="0"/>
</pin_list>
<bind>
<opcode="getelementptr(29) " fcode="getelementptr"/>
<opset="x_addr_104/53 "/>
</bind>
</comp>

<comp id="1474" class="1004" name="x_addr_105_gep_fu_1474">
<pin_list>
<pin id="1475" dir="0" index="0" bw="8" slack="0"/>
<pin id="1476" dir="0" index="1" bw="1" slack="0"/>
<pin id="1477" dir="0" index="2" bw="8" slack="0"/>
<pin id="1478" dir="1" index="3" bw="7" slack="0"/>
</pin_list>
<bind>
<opcode="getelementptr(29) " fcode="getelementptr"/>
<opset="x_addr_105/53 "/>
</bind>
</comp>

<comp id="1483" class="1004" name="x_addr_106_gep_fu_1483">
<pin_list>
<pin id="1484" dir="0" index="0" bw="8" slack="0"/>
<pin id="1485" dir="0" index="1" bw="1" slack="0"/>
<pin id="1486" dir="0" index="2" bw="8" slack="0"/>
<pin id="1487" dir="1" index="3" bw="7" slack="0"/>
</pin_list>
<bind>
<opcode="getelementptr(29) " fcode="getelementptr"/>
<opset="x_addr_106/54 "/>
</bind>
</comp>

<comp id="1492" class="1004" name="x_addr_107_gep_fu_1492">
<pin_list>
<pin id="1493" dir="0" index="0" bw="8" slack="0"/>
<pin id="1494" dir="0" index="1" bw="1" slack="0"/>
<pin id="1495" dir="0" index="2" bw="8" slack="0"/>
<pin id="1496" dir="1" index="3" bw="7" slack="0"/>
</pin_list>
<bind>
<opcode="getelementptr(29) " fcode="getelementptr"/>
<opset="x_addr_107/54 "/>
</bind>
</comp>

<comp id="1501" class="1004" name="x_addr_108_gep_fu_1501">
<pin_list>
<pin id="1502" dir="0" index="0" bw="8" slack="0"/>
<pin id="1503" dir="0" index="1" bw="1" slack="0"/>
<pin id="1504" dir="0" index="2" bw="8" slack="0"/>
<pin id="1505" dir="1" index="3" bw="7" slack="0"/>
</pin_list>
<bind>
<opcode="getelementptr(29) " fcode="getelementptr"/>
<opset="x_addr_108/55 "/>
</bind>
</comp>

<comp id="1510" class="1004" name="x_addr_109_gep_fu_1510">
<pin_list>
<pin id="1511" dir="0" index="0" bw="8" slack="0"/>
<pin id="1512" dir="0" index="1" bw="1" slack="0"/>
<pin id="1513" dir="0" index="2" bw="8" slack="0"/>
<pin id="1514" dir="1" index="3" bw="7" slack="0"/>
</pin_list>
<bind>
<opcode="getelementptr(29) " fcode="getelementptr"/>
<opset="x_addr_109/55 "/>
</bind>
</comp>

<comp id="1519" class="1004" name="x_addr_110_gep_fu_1519">
<pin_list>
<pin id="1520" dir="0" index="0" bw="8" slack="0"/>
<pin id="1521" dir="0" index="1" bw="1" slack="0"/>
<pin id="1522" dir="0" index="2" bw="8" slack="0"/>
<pin id="1523" dir="1" index="3" bw="7" slack="0"/>
</pin_list>
<bind>
<opcode="getelementptr(29) " fcode="getelementptr"/>
<opset="x_addr_110/56 "/>
</bind>
</comp>

<comp id="1528" class="1004" name="x_addr_111_gep_fu_1528">
<pin_list>
<pin id="1529" dir="0" index="0" bw="8" slack="0"/>
<pin id="1530" dir="0" index="1" bw="1" slack="0"/>
<pin id="1531" dir="0" index="2" bw="8" slack="0"/>
<pin id="1532" dir="1" index="3" bw="7" slack="0"/>
</pin_list>
<bind>
<opcode="getelementptr(29) " fcode="getelementptr"/>
<opset="x_addr_111/56 "/>
</bind>
</comp>

<comp id="1537" class="1004" name="x_addr_112_gep_fu_1537">
<pin_list>
<pin id="1538" dir="0" index="0" bw="8" slack="0"/>
<pin id="1539" dir="0" index="1" bw="1" slack="0"/>
<pin id="1540" dir="0" index="2" bw="8" slack="0"/>
<pin id="1541" dir="1" index="3" bw="7" slack="0"/>
</pin_list>
<bind>
<opcode="getelementptr(29) " fcode="getelementptr"/>
<opset="x_addr_112/57 "/>
</bind>
</comp>

<comp id="1546" class="1004" name="x_addr_113_gep_fu_1546">
<pin_list>
<pin id="1547" dir="0" index="0" bw="8" slack="0"/>
<pin id="1548" dir="0" index="1" bw="1" slack="0"/>
<pin id="1549" dir="0" index="2" bw="8" slack="0"/>
<pin id="1550" dir="1" index="3" bw="7" slack="0"/>
</pin_list>
<bind>
<opcode="getelementptr(29) " fcode="getelementptr"/>
<opset="x_addr_113/57 "/>
</bind>
</comp>

<comp id="1555" class="1004" name="x_addr_114_gep_fu_1555">
<pin_list>
<pin id="1556" dir="0" index="0" bw="8" slack="0"/>
<pin id="1557" dir="0" index="1" bw="1" slack="0"/>
<pin id="1558" dir="0" index="2" bw="8" slack="0"/>
<pin id="1559" dir="1" index="3" bw="7" slack="0"/>
</pin_list>
<bind>
<opcode="getelementptr(29) " fcode="getelementptr"/>
<opset="x_addr_114/58 "/>
</bind>
</comp>

<comp id="1564" class="1004" name="x_addr_115_gep_fu_1564">
<pin_list>
<pin id="1565" dir="0" index="0" bw="8" slack="0"/>
<pin id="1566" dir="0" index="1" bw="1" slack="0"/>
<pin id="1567" dir="0" index="2" bw="8" slack="0"/>
<pin id="1568" dir="1" index="3" bw="7" slack="0"/>
</pin_list>
<bind>
<opcode="getelementptr(29) " fcode="getelementptr"/>
<opset="x_addr_115/58 "/>
</bind>
</comp>

<comp id="1573" class="1004" name="x_addr_116_gep_fu_1573">
<pin_list>
<pin id="1574" dir="0" index="0" bw="8" slack="0"/>
<pin id="1575" dir="0" index="1" bw="1" slack="0"/>
<pin id="1576" dir="0" index="2" bw="8" slack="0"/>
<pin id="1577" dir="1" index="3" bw="7" slack="0"/>
</pin_list>
<bind>
<opcode="getelementptr(29) " fcode="getelementptr"/>
<opset="x_addr_116/59 "/>
</bind>
</comp>

<comp id="1582" class="1004" name="x_addr_117_gep_fu_1582">
<pin_list>
<pin id="1583" dir="0" index="0" bw="8" slack="0"/>
<pin id="1584" dir="0" index="1" bw="1" slack="0"/>
<pin id="1585" dir="0" index="2" bw="8" slack="0"/>
<pin id="1586" dir="1" index="3" bw="7" slack="0"/>
</pin_list>
<bind>
<opcode="getelementptr(29) " fcode="getelementptr"/>
<opset="x_addr_117/59 "/>
</bind>
</comp>

<comp id="1591" class="1004" name="x_addr_118_gep_fu_1591">
<pin_list>
<pin id="1592" dir="0" index="0" bw="8" slack="0"/>
<pin id="1593" dir="0" index="1" bw="1" slack="0"/>
<pin id="1594" dir="0" index="2" bw="8" slack="0"/>
<pin id="1595" dir="1" index="3" bw="7" slack="0"/>
</pin_list>
<bind>
<opcode="getelementptr(29) " fcode="getelementptr"/>
<opset="x_addr_118/60 "/>
</bind>
</comp>

<comp id="1600" class="1004" name="x_addr_119_gep_fu_1600">
<pin_list>
<pin id="1601" dir="0" index="0" bw="8" slack="0"/>
<pin id="1602" dir="0" index="1" bw="1" slack="0"/>
<pin id="1603" dir="0" index="2" bw="8" slack="0"/>
<pin id="1604" dir="1" index="3" bw="7" slack="0"/>
</pin_list>
<bind>
<opcode="getelementptr(29) " fcode="getelementptr"/>
<opset="x_addr_119/60 "/>
</bind>
</comp>

<comp id="1609" class="1004" name="x_addr_120_gep_fu_1609">
<pin_list>
<pin id="1610" dir="0" index="0" bw="8" slack="0"/>
<pin id="1611" dir="0" index="1" bw="1" slack="0"/>
<pin id="1612" dir="0" index="2" bw="8" slack="0"/>
<pin id="1613" dir="1" index="3" bw="7" slack="0"/>
</pin_list>
<bind>
<opcode="getelementptr(29) " fcode="getelementptr"/>
<opset="x_addr_120/61 "/>
</bind>
</comp>

<comp id="1618" class="1004" name="x_addr_121_gep_fu_1618">
<pin_list>
<pin id="1619" dir="0" index="0" bw="8" slack="0"/>
<pin id="1620" dir="0" index="1" bw="1" slack="0"/>
<pin id="1621" dir="0" index="2" bw="8" slack="0"/>
<pin id="1622" dir="1" index="3" bw="7" slack="0"/>
</pin_list>
<bind>
<opcode="getelementptr(29) " fcode="getelementptr"/>
<opset="x_addr_121/61 "/>
</bind>
</comp>

<comp id="1627" class="1004" name="x_addr_122_gep_fu_1627">
<pin_list>
<pin id="1628" dir="0" index="0" bw="8" slack="0"/>
<pin id="1629" dir="0" index="1" bw="1" slack="0"/>
<pin id="1630" dir="0" index="2" bw="8" slack="0"/>
<pin id="1631" dir="1" index="3" bw="7" slack="0"/>
</pin_list>
<bind>
<opcode="getelementptr(29) " fcode="getelementptr"/>
<opset="x_addr_122/62 "/>
</bind>
</comp>

<comp id="1636" class="1004" name="x_addr_123_gep_fu_1636">
<pin_list>
<pin id="1637" dir="0" index="0" bw="8" slack="0"/>
<pin id="1638" dir="0" index="1" bw="1" slack="0"/>
<pin id="1639" dir="0" index="2" bw="8" slack="0"/>
<pin id="1640" dir="1" index="3" bw="7" slack="0"/>
</pin_list>
<bind>
<opcode="getelementptr(29) " fcode="getelementptr"/>
<opset="x_addr_123/62 "/>
</bind>
</comp>

<comp id="1645" class="1004" name="x_addr_124_gep_fu_1645">
<pin_list>
<pin id="1646" dir="0" index="0" bw="8" slack="0"/>
<pin id="1647" dir="0" index="1" bw="1" slack="0"/>
<pin id="1648" dir="0" index="2" bw="8" slack="0"/>
<pin id="1649" dir="1" index="3" bw="7" slack="0"/>
</pin_list>
<bind>
<opcode="getelementptr(29) " fcode="getelementptr"/>
<opset="x_addr_124/63 "/>
</bind>
</comp>

<comp id="1654" class="1004" name="x_addr_125_gep_fu_1654">
<pin_list>
<pin id="1655" dir="0" index="0" bw="8" slack="0"/>
<pin id="1656" dir="0" index="1" bw="1" slack="0"/>
<pin id="1657" dir="0" index="2" bw="8" slack="0"/>
<pin id="1658" dir="1" index="3" bw="7" slack="0"/>
</pin_list>
<bind>
<opcode="getelementptr(29) " fcode="getelementptr"/>
<opset="x_addr_125/63 "/>
</bind>
</comp>

<comp id="1663" class="1004" name="x_addr_126_gep_fu_1663">
<pin_list>
<pin id="1664" dir="0" index="0" bw="8" slack="0"/>
<pin id="1665" dir="0" index="1" bw="1" slack="0"/>
<pin id="1666" dir="0" index="2" bw="8" slack="0"/>
<pin id="1667" dir="1" index="3" bw="7" slack="0"/>
</pin_list>
<bind>
<opcode="getelementptr(29) " fcode="getelementptr"/>
<opset="x_addr_126/64 "/>
</bind>
</comp>

<comp id="1672" class="1004" name="x_addr_127_gep_fu_1672">
<pin_list>
<pin id="1673" dir="0" index="0" bw="8" slack="0"/>
<pin id="1674" dir="0" index="1" bw="1" slack="0"/>
<pin id="1675" dir="0" index="2" bw="8" slack="0"/>
<pin id="1676" dir="1" index="3" bw="7" slack="0"/>
</pin_list>
<bind>
<opcode="getelementptr(29) " fcode="getelementptr"/>
<opset="x_addr_127/64 "/>
</bind>
</comp>

<comp id="1681" class="1004" name="grp_linear_acc_320_128_Pipeline_VITIS_LOOP_186_1_fu_1681">
<pin_list>
<pin id="1682" dir="0" index="0" bw="0" slack="0"/>
<pin id="1683" dir="0" index="1" bw="8" slack="27"/>
<pin id="1684" dir="0" index="2" bw="8" slack="30"/>
<pin id="1685" dir="0" index="3" bw="8" slack="0"/>
<pin id="1686" dir="0" index="4" bw="8" slack="60"/>
<pin id="1687" dir="0" index="5" bw="8" slack="1"/>
<pin id="1688" dir="0" index="6" bw="8" slack="34"/>
<pin id="1689" dir="0" index="7" bw="8" slack="44"/>
<pin id="1690" dir="0" index="8" bw="8" slack="1"/>
<pin id="1691" dir="0" index="9" bw="8" slack="23"/>
<pin id="1692" dir="0" index="10" bw="8" slack="41"/>
<pin id="1693" dir="0" index="11" bw="8" slack="13"/>
<pin id="1694" dir="0" index="12" bw="8" slack="2"/>
<pin id="1695" dir="0" index="13" bw="8" slack="30"/>
<pin id="1696" dir="0" index="14" bw="8" slack="45"/>
<pin id="1697" dir="0" index="15" bw="8" slack="8"/>
<pin id="1698" dir="0" index="16" bw="8" slack="51"/>
<pin id="1699" dir="0" index="17" bw="8" slack="2"/>
<pin id="1700" dir="0" index="18" bw="8" slack="19"/>
<pin id="1701" dir="0" index="19" bw="8" slack="34"/>
<pin id="1702" dir="0" index="20" bw="8" slack="25"/>
<pin id="1703" dir="0" index="21" bw="8" slack="59"/>
<pin id="1704" dir="0" index="22" bw="8" slack="11"/>
<pin id="1705" dir="0" index="23" bw="8" slack="3"/>
<pin id="1706" dir="0" index="24" bw="8" slack="57"/>
<pin id="1707" dir="0" index="25" bw="8" slack="54"/>
<pin id="1708" dir="0" index="26" bw="8" slack="60"/>
<pin id="1709" dir="0" index="27" bw="8" slack="16"/>
<pin id="1710" dir="0" index="28" bw="8" slack="38"/>
<pin id="1711" dir="0" index="29" bw="8" slack="15"/>
<pin id="1712" dir="0" index="30" bw="8" slack="3"/>
<pin id="1713" dir="0" index="31" bw="8" slack="29"/>
<pin id="1714" dir="0" index="32" bw="8" slack="35"/>
<pin id="1715" dir="0" index="33" bw="8" slack="24"/>
<pin id="1716" dir="0" index="34" bw="8" slack="27"/>
<pin id="1717" dir="0" index="35" bw="8" slack="8"/>
<pin id="1718" dir="0" index="36" bw="8" slack="63"/>
<pin id="1719" dir="0" index="37" bw="8" slack="59"/>
<pin id="1720" dir="0" index="38" bw="8" slack="4"/>
<pin id="1721" dir="0" index="39" bw="8" slack="51"/>
<pin id="1722" dir="0" index="40" bw="8" slack="58"/>
<pin id="1723" dir="0" index="41" bw="8" slack="61"/>
<pin id="1724" dir="0" index="42" bw="8" slack="18"/>
<pin id="1725" dir="0" index="43" bw="8" slack="45"/>
<pin id="1726" dir="0" index="44" bw="8" slack="35"/>
<pin id="1727" dir="0" index="45" bw="8" slack="40"/>
<pin id="1728" dir="0" index="46" bw="8" slack="13"/>
<pin id="1729" dir="0" index="47" bw="8" slack="4"/>
<pin id="1730" dir="0" index="48" bw="8" slack="53"/>
<pin id="1731" dir="0" index="49" bw="8" slack="29"/>
<pin id="1732" dir="0" index="50" bw="8" slack="11"/>
<pin id="1733" dir="0" index="51" bw="8" slack="48"/>
<pin id="1734" dir="0" index="52" bw="8" slack="42"/>
<pin id="1735" dir="0" index="53" bw="8" slack="47"/>
<pin id="1736" dir="0" index="54" bw="8" slack="48"/>
<pin id="1737" dir="0" index="55" bw="8" slack="9"/>
<pin id="1738" dir="0" index="56" bw="8" slack="38"/>
<pin id="1739" dir="0" index="57" bw="8" slack="5"/>
<pin id="1740" dir="0" index="58" bw="8" slack="36"/>
<pin id="1741" dir="0" index="59" bw="8" slack="43"/>
<pin id="1742" dir="0" index="60" bw="8" slack="21"/>
<pin id="1743" dir="0" index="61" bw="8" slack="41"/>
<pin id="1744" dir="0" index="62" bw="8" slack="20"/>
<pin id="1745" dir="0" index="63" bw="8" slack="25"/>
<pin id="1746" dir="0" index="64" bw="8" slack="63"/>
<pin id="1747" dir="0" index="65" bw="8" slack="47"/>
<pin id="1748" dir="0" index="66" bw="8" slack="22"/>
<pin id="1749" dir="0" index="67" bw="8" slack="39"/>
<pin id="1750" dir="0" index="68" bw="8" slack="26"/>
<pin id="1751" dir="0" index="69" bw="8" slack="5"/>
<pin id="1752" dir="0" index="70" bw="8" slack="15"/>
<pin id="1753" dir="0" index="71" bw="8" slack="49"/>
<pin id="1754" dir="0" index="72" bw="8" slack="54"/>
<pin id="1755" dir="0" index="73" bw="8" slack="17"/>
<pin id="1756" dir="0" index="74" bw="8" slack="19"/>
<pin id="1757" dir="0" index="75" bw="8" slack="28"/>
<pin id="1758" dir="0" index="76" bw="8" slack="62"/>
<pin id="1759" dir="0" index="77" bw="8" slack="9"/>
<pin id="1760" dir="0" index="78" bw="8" slack="49"/>
<pin id="1761" dir="0" index="79" bw="8" slack="12"/>
<pin id="1762" dir="0" index="80" bw="8" slack="36"/>
<pin id="1763" dir="0" index="81" bw="8" slack="6"/>
<pin id="1764" dir="0" index="82" bw="8" slack="46"/>
<pin id="1765" dir="0" index="83" bw="8" slack="14"/>
<pin id="1766" dir="0" index="84" bw="8" slack="61"/>
<pin id="1767" dir="0" index="85" bw="8" slack="44"/>
<pin id="1768" dir="0" index="86" bw="8" slack="23"/>
<pin id="1769" dir="0" index="87" bw="8" slack="40"/>
<pin id="1770" dir="0" index="88" bw="8" slack="52"/>
<pin id="1771" dir="0" index="89" bw="8" slack="39"/>
<pin id="1772" dir="0" index="90" bw="8" slack="58"/>
<pin id="1773" dir="0" index="91" bw="8" slack="50"/>
<pin id="1774" dir="0" index="92" bw="8" slack="18"/>
<pin id="1775" dir="0" index="93" bw="8" slack="56"/>
<pin id="1776" dir="0" index="94" bw="8" slack="6"/>
<pin id="1777" dir="0" index="95" bw="8" slack="37"/>
<pin id="1778" dir="0" index="96" bw="8" slack="55"/>
<pin id="1779" dir="0" index="97" bw="8" slack="28"/>
<pin id="1780" dir="0" index="98" bw="8" slack="46"/>
<pin id="1781" dir="0" index="99" bw="8" slack="10"/>
<pin id="1782" dir="0" index="100" bw="8" slack="20"/>
<pin id="1783" dir="0" index="101" bw="8" slack="56"/>
<pin id="1784" dir="0" index="102" bw="8" slack="62"/>
<pin id="1785" dir="0" index="103" bw="8" slack="50"/>
<pin id="1786" dir="0" index="104" bw="8" slack="26"/>
<pin id="1787" dir="0" index="105" bw="8" slack="43"/>
<pin id="1788" dir="0" index="106" bw="8" slack="42"/>
<pin id="1789" dir="0" index="107" bw="8" slack="24"/>
<pin id="1790" dir="0" index="108" bw="8" slack="12"/>
<pin id="1791" dir="0" index="109" bw="8" slack="7"/>
<pin id="1792" dir="0" index="110" bw="8" slack="55"/>
<pin id="1793" dir="0" index="111" bw="8" slack="16"/>
<pin id="1794" dir="0" index="112" bw="8" slack="32"/>
<pin id="1795" dir="0" index="113" bw="8" slack="31"/>
<pin id="1796" dir="0" index="114" bw="8" slack="32"/>
<pin id="1797" dir="0" index="115" bw="8" slack="53"/>
<pin id="1798" dir="0" index="116" bw="8" slack="31"/>
<pin id="1799" dir="0" index="117" bw="8" slack="52"/>
<pin id="1800" dir="0" index="118" bw="8" slack="14"/>
<pin id="1801" dir="0" index="119" bw="8" slack="33"/>
<pin id="1802" dir="0" index="120" bw="8" slack="17"/>
<pin id="1803" dir="0" index="121" bw="8" slack="57"/>
<pin id="1804" dir="0" index="122" bw="8" slack="37"/>
<pin id="1805" dir="0" index="123" bw="8" slack="10"/>
<pin id="1806" dir="0" index="124" bw="8" slack="21"/>
<pin id="1807" dir="0" index="125" bw="8" slack="7"/>
<pin id="1808" dir="0" index="126" bw="8" slack="0"/>
<pin id="1809" dir="0" index="127" bw="8" slack="33"/>
<pin id="1810" dir="0" index="128" bw="8" slack="22"/>
<pin id="1811" dir="0" index="129" bw="22" slack="0"/>
<pin id="1812" dir="0" index="130" bw="5" slack="0"/>
<pin id="1813" dir="0" index="131" bw="8" slack="0"/>
<pin id="1814" dir="0" index="132" bw="7" slack="0"/>
<pin id="1815" dir="0" index="133" bw="8" slack="0"/>
<pin id="1816" dir="0" index="134" bw="7" slack="0"/>
<pin id="1817" dir="0" index="135" bw="8" slack="0"/>
<pin id="1818" dir="0" index="136" bw="8" slack="0"/>
<pin id="1819" dir="0" index="137" bw="8" slack="0"/>
<pin id="1820" dir="0" index="138" bw="7" slack="0"/>
<pin id="1821" dir="0" index="139" bw="7" slack="0"/>
<pin id="1822" dir="0" index="140" bw="8" slack="0"/>
<pin id="1823" dir="0" index="141" bw="8" slack="0"/>
<pin id="1824" dir="0" index="142" bw="7" slack="0"/>
<pin id="1825" dir="0" index="143" bw="7" slack="0"/>
<pin id="1826" dir="0" index="144" bw="7" slack="0"/>
<pin id="1827" dir="0" index="145" bw="8" slack="0"/>
<pin id="1828" dir="0" index="146" bw="7" slack="0"/>
<pin id="1829" dir="0" index="147" bw="8" slack="0"/>
<pin id="1830" dir="0" index="148" bw="7" slack="0"/>
<pin id="1831" dir="0" index="149" bw="8" slack="0"/>
<pin id="1832" dir="0" index="150" bw="7" slack="0"/>
<pin id="1833" dir="0" index="151" bw="7" slack="0"/>
<pin id="1834" dir="0" index="152" bw="7" slack="0"/>
<pin id="1835" dir="0" index="153" bw="8" slack="0"/>
<pin id="1836" dir="0" index="154" bw="8" slack="0"/>
<pin id="1837" dir="0" index="155" bw="7" slack="0"/>
<pin id="1838" dir="0" index="156" bw="8" slack="0"/>
<pin id="1839" dir="0" index="157" bw="8" slack="0"/>
<pin id="1840" dir="0" index="158" bw="8" slack="0"/>
<pin id="1841" dir="0" index="159" bw="7" slack="0"/>
<pin id="1842" dir="0" index="160" bw="7" slack="0"/>
<pin id="1843" dir="0" index="161" bw="7" slack="0"/>
<pin id="1844" dir="0" index="162" bw="7" slack="0"/>
<pin id="1845" dir="0" index="163" bw="7" slack="0"/>
<pin id="1846" dir="0" index="164" bw="7" slack="0"/>
<pin id="1847" dir="0" index="165" bw="7" slack="0"/>
<pin id="1848" dir="0" index="166" bw="7" slack="0"/>
<pin id="1849" dir="0" index="167" bw="8" slack="0"/>
<pin id="1850" dir="0" index="168" bw="8" slack="0"/>
<pin id="1851" dir="0" index="169" bw="8" slack="0"/>
<pin id="1852" dir="0" index="170" bw="7" slack="0"/>
<pin id="1853" dir="0" index="171" bw="7" slack="0"/>
<pin id="1854" dir="0" index="172" bw="7" slack="0"/>
<pin id="1855" dir="0" index="173" bw="7" slack="0"/>
<pin id="1856" dir="0" index="174" bw="7" slack="0"/>
<pin id="1857" dir="0" index="175" bw="7" slack="0"/>
<pin id="1858" dir="0" index="176" bw="7" slack="0"/>
<pin id="1859" dir="0" index="177" bw="8" slack="0"/>
<pin id="1860" dir="0" index="178" bw="7" slack="0"/>
<pin id="1861" dir="0" index="179" bw="8" slack="0"/>
<pin id="1862" dir="0" index="180" bw="8" slack="0"/>
<pin id="1863" dir="0" index="181" bw="8" slack="0"/>
<pin id="1864" dir="0" index="182" bw="8" slack="0"/>
<pin id="1865" dir="0" index="183" bw="8" slack="0"/>
<pin id="1866" dir="0" index="184" bw="8" slack="0"/>
<pin id="1867" dir="0" index="185" bw="8" slack="0"/>
<pin id="1868" dir="0" index="186" bw="7" slack="0"/>
<pin id="1869" dir="0" index="187" bw="7" slack="0"/>
<pin id="1870" dir="0" index="188" bw="8" slack="0"/>
<pin id="1871" dir="0" index="189" bw="7" slack="0"/>
<pin id="1872" dir="0" index="190" bw="8" slack="0"/>
<pin id="1873" dir="0" index="191" bw="8" slack="0"/>
<pin id="1874" dir="0" index="192" bw="7" slack="0"/>
<pin id="1875" dir="0" index="193" bw="7" slack="0"/>
<pin id="1876" dir="0" index="194" bw="7" slack="0"/>
<pin id="1877" dir="0" index="195" bw="7" slack="0"/>
<pin id="1878" dir="0" index="196" bw="8" slack="0"/>
<pin id="1879" dir="0" index="197" bw="8" slack="0"/>
<pin id="1880" dir="0" index="198" bw="7" slack="0"/>
<pin id="1881" dir="0" index="199" bw="8" slack="0"/>
<pin id="1882" dir="0" index="200" bw="7" slack="0"/>
<pin id="1883" dir="0" index="201" bw="7" slack="0"/>
<pin id="1884" dir="0" index="202" bw="8" slack="0"/>
<pin id="1885" dir="0" index="203" bw="8" slack="0"/>
<pin id="1886" dir="0" index="204" bw="8" slack="0"/>
<pin id="1887" dir="0" index="205" bw="7" slack="0"/>
<pin id="1888" dir="0" index="206" bw="8" slack="0"/>
<pin id="1889" dir="0" index="207" bw="7" slack="0"/>
<pin id="1890" dir="0" index="208" bw="8" slack="0"/>
<pin id="1891" dir="0" index="209" bw="8" slack="0"/>
<pin id="1892" dir="0" index="210" bw="7" slack="0"/>
<pin id="1893" dir="0" index="211" bw="7" slack="0"/>
<pin id="1894" dir="0" index="212" bw="7" slack="0"/>
<pin id="1895" dir="0" index="213" bw="7" slack="0"/>
<pin id="1896" dir="0" index="214" bw="8" slack="0"/>
<pin id="1897" dir="0" index="215" bw="8" slack="0"/>
<pin id="1898" dir="0" index="216" bw="7" slack="0"/>
<pin id="1899" dir="0" index="217" bw="8" slack="0"/>
<pin id="1900" dir="0" index="218" bw="8" slack="0"/>
<pin id="1901" dir="0" index="219" bw="7" slack="0"/>
<pin id="1902" dir="0" index="220" bw="8" slack="0"/>
<pin id="1903" dir="0" index="221" bw="8" slack="0"/>
<pin id="1904" dir="0" index="222" bw="7" slack="0"/>
<pin id="1905" dir="0" index="223" bw="7" slack="0"/>
<pin id="1906" dir="0" index="224" bw="8" slack="0"/>
<pin id="1907" dir="0" index="225" bw="8" slack="0"/>
<pin id="1908" dir="0" index="226" bw="8" slack="0"/>
<pin id="1909" dir="0" index="227" bw="8" slack="0"/>
<pin id="1910" dir="0" index="228" bw="8" slack="0"/>
<pin id="1911" dir="0" index="229" bw="7" slack="0"/>
<pin id="1912" dir="0" index="230" bw="7" slack="0"/>
<pin id="1913" dir="0" index="231" bw="7" slack="0"/>
<pin id="1914" dir="0" index="232" bw="8" slack="0"/>
<pin id="1915" dir="0" index="233" bw="7" slack="0"/>
<pin id="1916" dir="0" index="234" bw="8" slack="0"/>
<pin id="1917" dir="0" index="235" bw="8" slack="0"/>
<pin id="1918" dir="0" index="236" bw="7" slack="0"/>
<pin id="1919" dir="0" index="237" bw="8" slack="0"/>
<pin id="1920" dir="0" index="238" bw="7" slack="0"/>
<pin id="1921" dir="0" index="239" bw="7" slack="0"/>
<pin id="1922" dir="0" index="240" bw="8" slack="0"/>
<pin id="1923" dir="0" index="241" bw="7" slack="0"/>
<pin id="1924" dir="0" index="242" bw="8" slack="0"/>
<pin id="1925" dir="0" index="243" bw="8" slack="0"/>
<pin id="1926" dir="0" index="244" bw="8" slack="0"/>
<pin id="1927" dir="0" index="245" bw="8" slack="0"/>
<pin id="1928" dir="0" index="246" bw="8" slack="0"/>
<pin id="1929" dir="0" index="247" bw="8" slack="0"/>
<pin id="1930" dir="0" index="248" bw="7" slack="0"/>
<pin id="1931" dir="0" index="249" bw="7" slack="0"/>
<pin id="1932" dir="0" index="250" bw="7" slack="0"/>
<pin id="1933" dir="0" index="251" bw="8" slack="0"/>
<pin id="1934" dir="0" index="252" bw="7" slack="0"/>
<pin id="1935" dir="0" index="253" bw="7" slack="0"/>
<pin id="1936" dir="0" index="254" bw="7" slack="0"/>
<pin id="1937" dir="0" index="255" bw="7" slack="0"/>
<pin id="1938" dir="0" index="256" bw="8" slack="0"/>
<pin id="1939" dir="0" index="257" bw="7" slack="0"/>
<pin id="1940" dir="0" index="258" bw="8" slack="0"/>
<pin id="1941" dir="1" index="259" bw="0" slack="2147483647"/>
</pin_list>
<bind>
<opcode="call(48) " fcode="call"/>
<opset="call_ln182/65 "/>
</bind>
</comp>

<comp id="2075" class="1005" name="x_addr_reg_2075">
<pin_list>
<pin id="2076" dir="0" index="0" bw="7" slack="1"/>
<pin id="2077" dir="1" index="1" bw="7" slack="1"/>
</pin_list>
<bind>
<opset="x_addr "/>
</bind>
</comp>

<comp id="2080" class="1005" name="x_addr_1_reg_2080">
<pin_list>
<pin id="2081" dir="0" index="0" bw="7" slack="1"/>
<pin id="2082" dir="1" index="1" bw="7" slack="1"/>
</pin_list>
<bind>
<opset="x_addr_1 "/>
</bind>
</comp>

<comp id="2085" class="1005" name="x_load_reg_2085">
<pin_list>
<pin id="2086" dir="0" index="0" bw="8" slack="63"/>
<pin id="2087" dir="1" index="1" bw="8" slack="63"/>
</pin_list>
<bind>
<opset="x_load "/>
</bind>
</comp>

<comp id="2090" class="1005" name="x_load_1_reg_2090">
<pin_list>
<pin id="2091" dir="0" index="0" bw="8" slack="63"/>
<pin id="2092" dir="1" index="1" bw="8" slack="63"/>
</pin_list>
<bind>
<opset="x_load_1 "/>
</bind>
</comp>

<comp id="2095" class="1005" name="x_addr_2_reg_2095">
<pin_list>
<pin id="2096" dir="0" index="0" bw="7" slack="1"/>
<pin id="2097" dir="1" index="1" bw="7" slack="1"/>
</pin_list>
<bind>
<opset="x_addr_2 "/>
</bind>
</comp>

<comp id="2100" class="1005" name="x_addr_3_reg_2100">
<pin_list>
<pin id="2101" dir="0" index="0" bw="7" slack="1"/>
<pin id="2102" dir="1" index="1" bw="7" slack="1"/>
</pin_list>
<bind>
<opset="x_addr_3 "/>
</bind>
</comp>

<comp id="2105" class="1005" name="x_load_2_reg_2105">
<pin_list>
<pin id="2106" dir="0" index="0" bw="8" slack="62"/>
<pin id="2107" dir="1" index="1" bw="8" slack="62"/>
</pin_list>
<bind>
<opset="x_load_2 "/>
</bind>
</comp>

<comp id="2110" class="1005" name="x_load_3_reg_2110">
<pin_list>
<pin id="2111" dir="0" index="0" bw="8" slack="62"/>
<pin id="2112" dir="1" index="1" bw="8" slack="62"/>
</pin_list>
<bind>
<opset="x_load_3 "/>
</bind>
</comp>

<comp id="2115" class="1005" name="x_addr_4_reg_2115">
<pin_list>
<pin id="2116" dir="0" index="0" bw="7" slack="1"/>
<pin id="2117" dir="1" index="1" bw="7" slack="1"/>
</pin_list>
<bind>
<opset="x_addr_4 "/>
</bind>
</comp>

<comp id="2120" class="1005" name="x_addr_5_reg_2120">
<pin_list>
<pin id="2121" dir="0" index="0" bw="7" slack="1"/>
<pin id="2122" dir="1" index="1" bw="7" slack="1"/>
</pin_list>
<bind>
<opset="x_addr_5 "/>
</bind>
</comp>

<comp id="2125" class="1005" name="x_load_4_reg_2125">
<pin_list>
<pin id="2126" dir="0" index="0" bw="8" slack="61"/>
<pin id="2127" dir="1" index="1" bw="8" slack="61"/>
</pin_list>
<bind>
<opset="x_load_4 "/>
</bind>
</comp>

<comp id="2130" class="1005" name="x_load_5_reg_2130">
<pin_list>
<pin id="2131" dir="0" index="0" bw="8" slack="61"/>
<pin id="2132" dir="1" index="1" bw="8" slack="61"/>
</pin_list>
<bind>
<opset="x_load_5 "/>
</bind>
</comp>

<comp id="2135" class="1005" name="x_addr_6_reg_2135">
<pin_list>
<pin id="2136" dir="0" index="0" bw="7" slack="1"/>
<pin id="2137" dir="1" index="1" bw="7" slack="1"/>
</pin_list>
<bind>
<opset="x_addr_6 "/>
</bind>
</comp>

<comp id="2140" class="1005" name="x_addr_7_reg_2140">
<pin_list>
<pin id="2141" dir="0" index="0" bw="7" slack="1"/>
<pin id="2142" dir="1" index="1" bw="7" slack="1"/>
</pin_list>
<bind>
<opset="x_addr_7 "/>
</bind>
</comp>

<comp id="2145" class="1005" name="x_load_6_reg_2145">
<pin_list>
<pin id="2146" dir="0" index="0" bw="8" slack="60"/>
<pin id="2147" dir="1" index="1" bw="8" slack="60"/>
</pin_list>
<bind>
<opset="x_load_6 "/>
</bind>
</comp>

<comp id="2150" class="1005" name="x_load_7_reg_2150">
<pin_list>
<pin id="2151" dir="0" index="0" bw="8" slack="60"/>
<pin id="2152" dir="1" index="1" bw="8" slack="60"/>
</pin_list>
<bind>
<opset="x_load_7 "/>
</bind>
</comp>

<comp id="2155" class="1005" name="x_addr_8_reg_2155">
<pin_list>
<pin id="2156" dir="0" index="0" bw="7" slack="1"/>
<pin id="2157" dir="1" index="1" bw="7" slack="1"/>
</pin_list>
<bind>
<opset="x_addr_8 "/>
</bind>
</comp>

<comp id="2160" class="1005" name="x_addr_9_reg_2160">
<pin_list>
<pin id="2161" dir="0" index="0" bw="7" slack="1"/>
<pin id="2162" dir="1" index="1" bw="7" slack="1"/>
</pin_list>
<bind>
<opset="x_addr_9 "/>
</bind>
</comp>

<comp id="2165" class="1005" name="x_load_8_reg_2165">
<pin_list>
<pin id="2166" dir="0" index="0" bw="8" slack="59"/>
<pin id="2167" dir="1" index="1" bw="8" slack="59"/>
</pin_list>
<bind>
<opset="x_load_8 "/>
</bind>
</comp>

<comp id="2170" class="1005" name="x_load_9_reg_2170">
<pin_list>
<pin id="2171" dir="0" index="0" bw="8" slack="59"/>
<pin id="2172" dir="1" index="1" bw="8" slack="59"/>
</pin_list>
<bind>
<opset="x_load_9 "/>
</bind>
</comp>

<comp id="2175" class="1005" name="x_addr_10_reg_2175">
<pin_list>
<pin id="2176" dir="0" index="0" bw="7" slack="1"/>
<pin id="2177" dir="1" index="1" bw="7" slack="1"/>
</pin_list>
<bind>
<opset="x_addr_10 "/>
</bind>
</comp>

<comp id="2180" class="1005" name="x_addr_11_reg_2180">
<pin_list>
<pin id="2181" dir="0" index="0" bw="7" slack="1"/>
<pin id="2182" dir="1" index="1" bw="7" slack="1"/>
</pin_list>
<bind>
<opset="x_addr_11 "/>
</bind>
</comp>

<comp id="2185" class="1005" name="x_load_10_reg_2185">
<pin_list>
<pin id="2186" dir="0" index="0" bw="8" slack="58"/>
<pin id="2187" dir="1" index="1" bw="8" slack="58"/>
</pin_list>
<bind>
<opset="x_load_10 "/>
</bind>
</comp>

<comp id="2190" class="1005" name="x_load_11_reg_2190">
<pin_list>
<pin id="2191" dir="0" index="0" bw="8" slack="58"/>
<pin id="2192" dir="1" index="1" bw="8" slack="58"/>
</pin_list>
<bind>
<opset="x_load_11 "/>
</bind>
</comp>

<comp id="2195" class="1005" name="x_addr_12_reg_2195">
<pin_list>
<pin id="2196" dir="0" index="0" bw="7" slack="1"/>
<pin id="2197" dir="1" index="1" bw="7" slack="1"/>
</pin_list>
<bind>
<opset="x_addr_12 "/>
</bind>
</comp>

<comp id="2200" class="1005" name="x_addr_13_reg_2200">
<pin_list>
<pin id="2201" dir="0" index="0" bw="7" slack="1"/>
<pin id="2202" dir="1" index="1" bw="7" slack="1"/>
</pin_list>
<bind>
<opset="x_addr_13 "/>
</bind>
</comp>

<comp id="2205" class="1005" name="x_load_12_reg_2205">
<pin_list>
<pin id="2206" dir="0" index="0" bw="8" slack="57"/>
<pin id="2207" dir="1" index="1" bw="8" slack="57"/>
</pin_list>
<bind>
<opset="x_load_12 "/>
</bind>
</comp>

<comp id="2210" class="1005" name="x_load_13_reg_2210">
<pin_list>
<pin id="2211" dir="0" index="0" bw="8" slack="57"/>
<pin id="2212" dir="1" index="1" bw="8" slack="57"/>
</pin_list>
<bind>
<opset="x_load_13 "/>
</bind>
</comp>

<comp id="2215" class="1005" name="x_addr_14_reg_2215">
<pin_list>
<pin id="2216" dir="0" index="0" bw="7" slack="1"/>
<pin id="2217" dir="1" index="1" bw="7" slack="1"/>
</pin_list>
<bind>
<opset="x_addr_14 "/>
</bind>
</comp>

<comp id="2220" class="1005" name="x_addr_15_reg_2220">
<pin_list>
<pin id="2221" dir="0" index="0" bw="7" slack="1"/>
<pin id="2222" dir="1" index="1" bw="7" slack="1"/>
</pin_list>
<bind>
<opset="x_addr_15 "/>
</bind>
</comp>

<comp id="2225" class="1005" name="x_load_14_reg_2225">
<pin_list>
<pin id="2226" dir="0" index="0" bw="8" slack="56"/>
<pin id="2227" dir="1" index="1" bw="8" slack="56"/>
</pin_list>
<bind>
<opset="x_load_14 "/>
</bind>
</comp>

<comp id="2230" class="1005" name="x_load_15_reg_2230">
<pin_list>
<pin id="2231" dir="0" index="0" bw="8" slack="56"/>
<pin id="2232" dir="1" index="1" bw="8" slack="56"/>
</pin_list>
<bind>
<opset="x_load_15 "/>
</bind>
</comp>

<comp id="2235" class="1005" name="x_addr_16_reg_2235">
<pin_list>
<pin id="2236" dir="0" index="0" bw="7" slack="1"/>
<pin id="2237" dir="1" index="1" bw="7" slack="1"/>
</pin_list>
<bind>
<opset="x_addr_16 "/>
</bind>
</comp>

<comp id="2240" class="1005" name="x_addr_17_reg_2240">
<pin_list>
<pin id="2241" dir="0" index="0" bw="7" slack="1"/>
<pin id="2242" dir="1" index="1" bw="7" slack="1"/>
</pin_list>
<bind>
<opset="x_addr_17 "/>
</bind>
</comp>

<comp id="2245" class="1005" name="x_load_16_reg_2245">
<pin_list>
<pin id="2246" dir="0" index="0" bw="8" slack="55"/>
<pin id="2247" dir="1" index="1" bw="8" slack="55"/>
</pin_list>
<bind>
<opset="x_load_16 "/>
</bind>
</comp>

<comp id="2250" class="1005" name="x_load_17_reg_2250">
<pin_list>
<pin id="2251" dir="0" index="0" bw="8" slack="55"/>
<pin id="2252" dir="1" index="1" bw="8" slack="55"/>
</pin_list>
<bind>
<opset="x_load_17 "/>
</bind>
</comp>

<comp id="2255" class="1005" name="x_addr_18_reg_2255">
<pin_list>
<pin id="2256" dir="0" index="0" bw="7" slack="1"/>
<pin id="2257" dir="1" index="1" bw="7" slack="1"/>
</pin_list>
<bind>
<opset="x_addr_18 "/>
</bind>
</comp>

<comp id="2260" class="1005" name="x_addr_19_reg_2260">
<pin_list>
<pin id="2261" dir="0" index="0" bw="7" slack="1"/>
<pin id="2262" dir="1" index="1" bw="7" slack="1"/>
</pin_list>
<bind>
<opset="x_addr_19 "/>
</bind>
</comp>

<comp id="2265" class="1005" name="x_load_18_reg_2265">
<pin_list>
<pin id="2266" dir="0" index="0" bw="8" slack="54"/>
<pin id="2267" dir="1" index="1" bw="8" slack="54"/>
</pin_list>
<bind>
<opset="x_load_18 "/>
</bind>
</comp>

<comp id="2270" class="1005" name="x_load_19_reg_2270">
<pin_list>
<pin id="2271" dir="0" index="0" bw="8" slack="54"/>
<pin id="2272" dir="1" index="1" bw="8" slack="54"/>
</pin_list>
<bind>
<opset="x_load_19 "/>
</bind>
</comp>

<comp id="2275" class="1005" name="x_addr_20_reg_2275">
<pin_list>
<pin id="2276" dir="0" index="0" bw="7" slack="1"/>
<pin id="2277" dir="1" index="1" bw="7" slack="1"/>
</pin_list>
<bind>
<opset="x_addr_20 "/>
</bind>
</comp>

<comp id="2280" class="1005" name="x_addr_21_reg_2280">
<pin_list>
<pin id="2281" dir="0" index="0" bw="7" slack="1"/>
<pin id="2282" dir="1" index="1" bw="7" slack="1"/>
</pin_list>
<bind>
<opset="x_addr_21 "/>
</bind>
</comp>

<comp id="2285" class="1005" name="x_load_20_reg_2285">
<pin_list>
<pin id="2286" dir="0" index="0" bw="8" slack="53"/>
<pin id="2287" dir="1" index="1" bw="8" slack="53"/>
</pin_list>
<bind>
<opset="x_load_20 "/>
</bind>
</comp>

<comp id="2290" class="1005" name="x_load_21_reg_2290">
<pin_list>
<pin id="2291" dir="0" index="0" bw="8" slack="53"/>
<pin id="2292" dir="1" index="1" bw="8" slack="53"/>
</pin_list>
<bind>
<opset="x_load_21 "/>
</bind>
</comp>

<comp id="2295" class="1005" name="x_addr_22_reg_2295">
<pin_list>
<pin id="2296" dir="0" index="0" bw="7" slack="1"/>
<pin id="2297" dir="1" index="1" bw="7" slack="1"/>
</pin_list>
<bind>
<opset="x_addr_22 "/>
</bind>
</comp>

<comp id="2300" class="1005" name="x_addr_23_reg_2300">
<pin_list>
<pin id="2301" dir="0" index="0" bw="7" slack="1"/>
<pin id="2302" dir="1" index="1" bw="7" slack="1"/>
</pin_list>
<bind>
<opset="x_addr_23 "/>
</bind>
</comp>

<comp id="2305" class="1005" name="x_load_22_reg_2305">
<pin_list>
<pin id="2306" dir="0" index="0" bw="8" slack="52"/>
<pin id="2307" dir="1" index="1" bw="8" slack="52"/>
</pin_list>
<bind>
<opset="x_load_22 "/>
</bind>
</comp>

<comp id="2310" class="1005" name="x_load_23_reg_2310">
<pin_list>
<pin id="2311" dir="0" index="0" bw="8" slack="52"/>
<pin id="2312" dir="1" index="1" bw="8" slack="52"/>
</pin_list>
<bind>
<opset="x_load_23 "/>
</bind>
</comp>

<comp id="2315" class="1005" name="x_addr_24_reg_2315">
<pin_list>
<pin id="2316" dir="0" index="0" bw="7" slack="1"/>
<pin id="2317" dir="1" index="1" bw="7" slack="1"/>
</pin_list>
<bind>
<opset="x_addr_24 "/>
</bind>
</comp>

<comp id="2320" class="1005" name="x_addr_25_reg_2320">
<pin_list>
<pin id="2321" dir="0" index="0" bw="7" slack="1"/>
<pin id="2322" dir="1" index="1" bw="7" slack="1"/>
</pin_list>
<bind>
<opset="x_addr_25 "/>
</bind>
</comp>

<comp id="2325" class="1005" name="x_load_24_reg_2325">
<pin_list>
<pin id="2326" dir="0" index="0" bw="8" slack="51"/>
<pin id="2327" dir="1" index="1" bw="8" slack="51"/>
</pin_list>
<bind>
<opset="x_load_24 "/>
</bind>
</comp>

<comp id="2330" class="1005" name="x_load_25_reg_2330">
<pin_list>
<pin id="2331" dir="0" index="0" bw="8" slack="51"/>
<pin id="2332" dir="1" index="1" bw="8" slack="51"/>
</pin_list>
<bind>
<opset="x_load_25 "/>
</bind>
</comp>

<comp id="2335" class="1005" name="x_addr_26_reg_2335">
<pin_list>
<pin id="2336" dir="0" index="0" bw="7" slack="1"/>
<pin id="2337" dir="1" index="1" bw="7" slack="1"/>
</pin_list>
<bind>
<opset="x_addr_26 "/>
</bind>
</comp>

<comp id="2340" class="1005" name="x_addr_27_reg_2340">
<pin_list>
<pin id="2341" dir="0" index="0" bw="7" slack="1"/>
<pin id="2342" dir="1" index="1" bw="7" slack="1"/>
</pin_list>
<bind>
<opset="x_addr_27 "/>
</bind>
</comp>

<comp id="2345" class="1005" name="x_load_26_reg_2345">
<pin_list>
<pin id="2346" dir="0" index="0" bw="8" slack="50"/>
<pin id="2347" dir="1" index="1" bw="8" slack="50"/>
</pin_list>
<bind>
<opset="x_load_26 "/>
</bind>
</comp>

<comp id="2350" class="1005" name="x_load_27_reg_2350">
<pin_list>
<pin id="2351" dir="0" index="0" bw="8" slack="50"/>
<pin id="2352" dir="1" index="1" bw="8" slack="50"/>
</pin_list>
<bind>
<opset="x_load_27 "/>
</bind>
</comp>

<comp id="2355" class="1005" name="x_addr_28_reg_2355">
<pin_list>
<pin id="2356" dir="0" index="0" bw="7" slack="1"/>
<pin id="2357" dir="1" index="1" bw="7" slack="1"/>
</pin_list>
<bind>
<opset="x_addr_28 "/>
</bind>
</comp>

<comp id="2360" class="1005" name="x_addr_29_reg_2360">
<pin_list>
<pin id="2361" dir="0" index="0" bw="7" slack="1"/>
<pin id="2362" dir="1" index="1" bw="7" slack="1"/>
</pin_list>
<bind>
<opset="x_addr_29 "/>
</bind>
</comp>

<comp id="2365" class="1005" name="x_load_28_reg_2365">
<pin_list>
<pin id="2366" dir="0" index="0" bw="8" slack="49"/>
<pin id="2367" dir="1" index="1" bw="8" slack="49"/>
</pin_list>
<bind>
<opset="x_load_28 "/>
</bind>
</comp>

<comp id="2370" class="1005" name="x_load_29_reg_2370">
<pin_list>
<pin id="2371" dir="0" index="0" bw="8" slack="49"/>
<pin id="2372" dir="1" index="1" bw="8" slack="49"/>
</pin_list>
<bind>
<opset="x_load_29 "/>
</bind>
</comp>

<comp id="2375" class="1005" name="x_addr_30_reg_2375">
<pin_list>
<pin id="2376" dir="0" index="0" bw="7" slack="1"/>
<pin id="2377" dir="1" index="1" bw="7" slack="1"/>
</pin_list>
<bind>
<opset="x_addr_30 "/>
</bind>
</comp>

<comp id="2380" class="1005" name="x_addr_31_reg_2380">
<pin_list>
<pin id="2381" dir="0" index="0" bw="7" slack="1"/>
<pin id="2382" dir="1" index="1" bw="7" slack="1"/>
</pin_list>
<bind>
<opset="x_addr_31 "/>
</bind>
</comp>

<comp id="2385" class="1005" name="x_load_30_reg_2385">
<pin_list>
<pin id="2386" dir="0" index="0" bw="8" slack="48"/>
<pin id="2387" dir="1" index="1" bw="8" slack="48"/>
</pin_list>
<bind>
<opset="x_load_30 "/>
</bind>
</comp>

<comp id="2390" class="1005" name="x_load_31_reg_2390">
<pin_list>
<pin id="2391" dir="0" index="0" bw="8" slack="48"/>
<pin id="2392" dir="1" index="1" bw="8" slack="48"/>
</pin_list>
<bind>
<opset="x_load_31 "/>
</bind>
</comp>

<comp id="2395" class="1005" name="x_addr_32_reg_2395">
<pin_list>
<pin id="2396" dir="0" index="0" bw="7" slack="1"/>
<pin id="2397" dir="1" index="1" bw="7" slack="1"/>
</pin_list>
<bind>
<opset="x_addr_32 "/>
</bind>
</comp>

<comp id="2400" class="1005" name="x_addr_33_reg_2400">
<pin_list>
<pin id="2401" dir="0" index="0" bw="7" slack="1"/>
<pin id="2402" dir="1" index="1" bw="7" slack="1"/>
</pin_list>
<bind>
<opset="x_addr_33 "/>
</bind>
</comp>

<comp id="2405" class="1005" name="x_load_32_reg_2405">
<pin_list>
<pin id="2406" dir="0" index="0" bw="8" slack="47"/>
<pin id="2407" dir="1" index="1" bw="8" slack="47"/>
</pin_list>
<bind>
<opset="x_load_32 "/>
</bind>
</comp>

<comp id="2410" class="1005" name="x_load_33_reg_2410">
<pin_list>
<pin id="2411" dir="0" index="0" bw="8" slack="47"/>
<pin id="2412" dir="1" index="1" bw="8" slack="47"/>
</pin_list>
<bind>
<opset="x_load_33 "/>
</bind>
</comp>

<comp id="2415" class="1005" name="x_addr_34_reg_2415">
<pin_list>
<pin id="2416" dir="0" index="0" bw="7" slack="1"/>
<pin id="2417" dir="1" index="1" bw="7" slack="1"/>
</pin_list>
<bind>
<opset="x_addr_34 "/>
</bind>
</comp>

<comp id="2420" class="1005" name="x_addr_35_reg_2420">
<pin_list>
<pin id="2421" dir="0" index="0" bw="7" slack="1"/>
<pin id="2422" dir="1" index="1" bw="7" slack="1"/>
</pin_list>
<bind>
<opset="x_addr_35 "/>
</bind>
</comp>

<comp id="2425" class="1005" name="x_load_34_reg_2425">
<pin_list>
<pin id="2426" dir="0" index="0" bw="8" slack="46"/>
<pin id="2427" dir="1" index="1" bw="8" slack="46"/>
</pin_list>
<bind>
<opset="x_load_34 "/>
</bind>
</comp>

<comp id="2430" class="1005" name="x_load_35_reg_2430">
<pin_list>
<pin id="2431" dir="0" index="0" bw="8" slack="46"/>
<pin id="2432" dir="1" index="1" bw="8" slack="46"/>
</pin_list>
<bind>
<opset="x_load_35 "/>
</bind>
</comp>

<comp id="2435" class="1005" name="x_addr_36_reg_2435">
<pin_list>
<pin id="2436" dir="0" index="0" bw="7" slack="1"/>
<pin id="2437" dir="1" index="1" bw="7" slack="1"/>
</pin_list>
<bind>
<opset="x_addr_36 "/>
</bind>
</comp>

<comp id="2440" class="1005" name="x_addr_37_reg_2440">
<pin_list>
<pin id="2441" dir="0" index="0" bw="7" slack="1"/>
<pin id="2442" dir="1" index="1" bw="7" slack="1"/>
</pin_list>
<bind>
<opset="x_addr_37 "/>
</bind>
</comp>

<comp id="2445" class="1005" name="x_load_36_reg_2445">
<pin_list>
<pin id="2446" dir="0" index="0" bw="8" slack="45"/>
<pin id="2447" dir="1" index="1" bw="8" slack="45"/>
</pin_list>
<bind>
<opset="x_load_36 "/>
</bind>
</comp>

<comp id="2450" class="1005" name="x_load_37_reg_2450">
<pin_list>
<pin id="2451" dir="0" index="0" bw="8" slack="45"/>
<pin id="2452" dir="1" index="1" bw="8" slack="45"/>
</pin_list>
<bind>
<opset="x_load_37 "/>
</bind>
</comp>

<comp id="2455" class="1005" name="x_addr_38_reg_2455">
<pin_list>
<pin id="2456" dir="0" index="0" bw="7" slack="1"/>
<pin id="2457" dir="1" index="1" bw="7" slack="1"/>
</pin_list>
<bind>
<opset="x_addr_38 "/>
</bind>
</comp>

<comp id="2460" class="1005" name="x_addr_39_reg_2460">
<pin_list>
<pin id="2461" dir="0" index="0" bw="7" slack="1"/>
<pin id="2462" dir="1" index="1" bw="7" slack="1"/>
</pin_list>
<bind>
<opset="x_addr_39 "/>
</bind>
</comp>

<comp id="2465" class="1005" name="x_load_38_reg_2465">
<pin_list>
<pin id="2466" dir="0" index="0" bw="8" slack="44"/>
<pin id="2467" dir="1" index="1" bw="8" slack="44"/>
</pin_list>
<bind>
<opset="x_load_38 "/>
</bind>
</comp>

<comp id="2470" class="1005" name="x_load_39_reg_2470">
<pin_list>
<pin id="2471" dir="0" index="0" bw="8" slack="44"/>
<pin id="2472" dir="1" index="1" bw="8" slack="44"/>
</pin_list>
<bind>
<opset="x_load_39 "/>
</bind>
</comp>

<comp id="2475" class="1005" name="x_addr_40_reg_2475">
<pin_list>
<pin id="2476" dir="0" index="0" bw="7" slack="1"/>
<pin id="2477" dir="1" index="1" bw="7" slack="1"/>
</pin_list>
<bind>
<opset="x_addr_40 "/>
</bind>
</comp>

<comp id="2480" class="1005" name="x_addr_41_reg_2480">
<pin_list>
<pin id="2481" dir="0" index="0" bw="7" slack="1"/>
<pin id="2482" dir="1" index="1" bw="7" slack="1"/>
</pin_list>
<bind>
<opset="x_addr_41 "/>
</bind>
</comp>

<comp id="2485" class="1005" name="x_load_40_reg_2485">
<pin_list>
<pin id="2486" dir="0" index="0" bw="8" slack="43"/>
<pin id="2487" dir="1" index="1" bw="8" slack="43"/>
</pin_list>
<bind>
<opset="x_load_40 "/>
</bind>
</comp>

<comp id="2490" class="1005" name="x_load_41_reg_2490">
<pin_list>
<pin id="2491" dir="0" index="0" bw="8" slack="43"/>
<pin id="2492" dir="1" index="1" bw="8" slack="43"/>
</pin_list>
<bind>
<opset="x_load_41 "/>
</bind>
</comp>

<comp id="2495" class="1005" name="x_addr_42_reg_2495">
<pin_list>
<pin id="2496" dir="0" index="0" bw="7" slack="1"/>
<pin id="2497" dir="1" index="1" bw="7" slack="1"/>
</pin_list>
<bind>
<opset="x_addr_42 "/>
</bind>
</comp>

<comp id="2500" class="1005" name="x_addr_43_reg_2500">
<pin_list>
<pin id="2501" dir="0" index="0" bw="7" slack="1"/>
<pin id="2502" dir="1" index="1" bw="7" slack="1"/>
</pin_list>
<bind>
<opset="x_addr_43 "/>
</bind>
</comp>

<comp id="2505" class="1005" name="x_load_42_reg_2505">
<pin_list>
<pin id="2506" dir="0" index="0" bw="8" slack="42"/>
<pin id="2507" dir="1" index="1" bw="8" slack="42"/>
</pin_list>
<bind>
<opset="x_load_42 "/>
</bind>
</comp>

<comp id="2510" class="1005" name="x_load_43_reg_2510">
<pin_list>
<pin id="2511" dir="0" index="0" bw="8" slack="42"/>
<pin id="2512" dir="1" index="1" bw="8" slack="42"/>
</pin_list>
<bind>
<opset="x_load_43 "/>
</bind>
</comp>

<comp id="2515" class="1005" name="x_addr_44_reg_2515">
<pin_list>
<pin id="2516" dir="0" index="0" bw="7" slack="1"/>
<pin id="2517" dir="1" index="1" bw="7" slack="1"/>
</pin_list>
<bind>
<opset="x_addr_44 "/>
</bind>
</comp>

<comp id="2520" class="1005" name="x_addr_45_reg_2520">
<pin_list>
<pin id="2521" dir="0" index="0" bw="7" slack="1"/>
<pin id="2522" dir="1" index="1" bw="7" slack="1"/>
</pin_list>
<bind>
<opset="x_addr_45 "/>
</bind>
</comp>

<comp id="2525" class="1005" name="x_load_44_reg_2525">
<pin_list>
<pin id="2526" dir="0" index="0" bw="8" slack="41"/>
<pin id="2527" dir="1" index="1" bw="8" slack="41"/>
</pin_list>
<bind>
<opset="x_load_44 "/>
</bind>
</comp>

<comp id="2530" class="1005" name="x_load_45_reg_2530">
<pin_list>
<pin id="2531" dir="0" index="0" bw="8" slack="41"/>
<pin id="2532" dir="1" index="1" bw="8" slack="41"/>
</pin_list>
<bind>
<opset="x_load_45 "/>
</bind>
</comp>

<comp id="2535" class="1005" name="x_addr_46_reg_2535">
<pin_list>
<pin id="2536" dir="0" index="0" bw="7" slack="1"/>
<pin id="2537" dir="1" index="1" bw="7" slack="1"/>
</pin_list>
<bind>
<opset="x_addr_46 "/>
</bind>
</comp>

<comp id="2540" class="1005" name="x_addr_47_reg_2540">
<pin_list>
<pin id="2541" dir="0" index="0" bw="7" slack="1"/>
<pin id="2542" dir="1" index="1" bw="7" slack="1"/>
</pin_list>
<bind>
<opset="x_addr_47 "/>
</bind>
</comp>

<comp id="2545" class="1005" name="x_load_46_reg_2545">
<pin_list>
<pin id="2546" dir="0" index="0" bw="8" slack="40"/>
<pin id="2547" dir="1" index="1" bw="8" slack="40"/>
</pin_list>
<bind>
<opset="x_load_46 "/>
</bind>
</comp>

<comp id="2550" class="1005" name="x_load_47_reg_2550">
<pin_list>
<pin id="2551" dir="0" index="0" bw="8" slack="40"/>
<pin id="2552" dir="1" index="1" bw="8" slack="40"/>
</pin_list>
<bind>
<opset="x_load_47 "/>
</bind>
</comp>

<comp id="2555" class="1005" name="x_addr_48_reg_2555">
<pin_list>
<pin id="2556" dir="0" index="0" bw="7" slack="1"/>
<pin id="2557" dir="1" index="1" bw="7" slack="1"/>
</pin_list>
<bind>
<opset="x_addr_48 "/>
</bind>
</comp>

<comp id="2560" class="1005" name="x_addr_49_reg_2560">
<pin_list>
<pin id="2561" dir="0" index="0" bw="7" slack="1"/>
<pin id="2562" dir="1" index="1" bw="7" slack="1"/>
</pin_list>
<bind>
<opset="x_addr_49 "/>
</bind>
</comp>

<comp id="2565" class="1005" name="x_load_48_reg_2565">
<pin_list>
<pin id="2566" dir="0" index="0" bw="8" slack="39"/>
<pin id="2567" dir="1" index="1" bw="8" slack="39"/>
</pin_list>
<bind>
<opset="x_load_48 "/>
</bind>
</comp>

<comp id="2570" class="1005" name="x_load_49_reg_2570">
<pin_list>
<pin id="2571" dir="0" index="0" bw="8" slack="39"/>
<pin id="2572" dir="1" index="1" bw="8" slack="39"/>
</pin_list>
<bind>
<opset="x_load_49 "/>
</bind>
</comp>

<comp id="2575" class="1005" name="x_addr_50_reg_2575">
<pin_list>
<pin id="2576" dir="0" index="0" bw="7" slack="1"/>
<pin id="2577" dir="1" index="1" bw="7" slack="1"/>
</pin_list>
<bind>
<opset="x_addr_50 "/>
</bind>
</comp>

<comp id="2580" class="1005" name="x_addr_51_reg_2580">
<pin_list>
<pin id="2581" dir="0" index="0" bw="7" slack="1"/>
<pin id="2582" dir="1" index="1" bw="7" slack="1"/>
</pin_list>
<bind>
<opset="x_addr_51 "/>
</bind>
</comp>

<comp id="2585" class="1005" name="x_load_50_reg_2585">
<pin_list>
<pin id="2586" dir="0" index="0" bw="8" slack="38"/>
<pin id="2587" dir="1" index="1" bw="8" slack="38"/>
</pin_list>
<bind>
<opset="x_load_50 "/>
</bind>
</comp>

<comp id="2590" class="1005" name="x_load_51_reg_2590">
<pin_list>
<pin id="2591" dir="0" index="0" bw="8" slack="38"/>
<pin id="2592" dir="1" index="1" bw="8" slack="38"/>
</pin_list>
<bind>
<opset="x_load_51 "/>
</bind>
</comp>

<comp id="2595" class="1005" name="x_addr_52_reg_2595">
<pin_list>
<pin id="2596" dir="0" index="0" bw="7" slack="1"/>
<pin id="2597" dir="1" index="1" bw="7" slack="1"/>
</pin_list>
<bind>
<opset="x_addr_52 "/>
</bind>
</comp>

<comp id="2600" class="1005" name="x_addr_53_reg_2600">
<pin_list>
<pin id="2601" dir="0" index="0" bw="7" slack="1"/>
<pin id="2602" dir="1" index="1" bw="7" slack="1"/>
</pin_list>
<bind>
<opset="x_addr_53 "/>
</bind>
</comp>

<comp id="2605" class="1005" name="x_load_52_reg_2605">
<pin_list>
<pin id="2606" dir="0" index="0" bw="8" slack="37"/>
<pin id="2607" dir="1" index="1" bw="8" slack="37"/>
</pin_list>
<bind>
<opset="x_load_52 "/>
</bind>
</comp>

<comp id="2610" class="1005" name="x_load_53_reg_2610">
<pin_list>
<pin id="2611" dir="0" index="0" bw="8" slack="37"/>
<pin id="2612" dir="1" index="1" bw="8" slack="37"/>
</pin_list>
<bind>
<opset="x_load_53 "/>
</bind>
</comp>

<comp id="2615" class="1005" name="x_addr_54_reg_2615">
<pin_list>
<pin id="2616" dir="0" index="0" bw="7" slack="1"/>
<pin id="2617" dir="1" index="1" bw="7" slack="1"/>
</pin_list>
<bind>
<opset="x_addr_54 "/>
</bind>
</comp>

<comp id="2620" class="1005" name="x_addr_55_reg_2620">
<pin_list>
<pin id="2621" dir="0" index="0" bw="7" slack="1"/>
<pin id="2622" dir="1" index="1" bw="7" slack="1"/>
</pin_list>
<bind>
<opset="x_addr_55 "/>
</bind>
</comp>

<comp id="2625" class="1005" name="x_load_54_reg_2625">
<pin_list>
<pin id="2626" dir="0" index="0" bw="8" slack="36"/>
<pin id="2627" dir="1" index="1" bw="8" slack="36"/>
</pin_list>
<bind>
<opset="x_load_54 "/>
</bind>
</comp>

<comp id="2630" class="1005" name="x_load_55_reg_2630">
<pin_list>
<pin id="2631" dir="0" index="0" bw="8" slack="36"/>
<pin id="2632" dir="1" index="1" bw="8" slack="36"/>
</pin_list>
<bind>
<opset="x_load_55 "/>
</bind>
</comp>

<comp id="2635" class="1005" name="x_addr_56_reg_2635">
<pin_list>
<pin id="2636" dir="0" index="0" bw="7" slack="1"/>
<pin id="2637" dir="1" index="1" bw="7" slack="1"/>
</pin_list>
<bind>
<opset="x_addr_56 "/>
</bind>
</comp>

<comp id="2640" class="1005" name="x_addr_57_reg_2640">
<pin_list>
<pin id="2641" dir="0" index="0" bw="7" slack="1"/>
<pin id="2642" dir="1" index="1" bw="7" slack="1"/>
</pin_list>
<bind>
<opset="x_addr_57 "/>
</bind>
</comp>

<comp id="2645" class="1005" name="x_load_56_reg_2645">
<pin_list>
<pin id="2646" dir="0" index="0" bw="8" slack="35"/>
<pin id="2647" dir="1" index="1" bw="8" slack="35"/>
</pin_list>
<bind>
<opset="x_load_56 "/>
</bind>
</comp>

<comp id="2650" class="1005" name="x_load_57_reg_2650">
<pin_list>
<pin id="2651" dir="0" index="0" bw="8" slack="35"/>
<pin id="2652" dir="1" index="1" bw="8" slack="35"/>
</pin_list>
<bind>
<opset="x_load_57 "/>
</bind>
</comp>

<comp id="2655" class="1005" name="x_addr_58_reg_2655">
<pin_list>
<pin id="2656" dir="0" index="0" bw="7" slack="1"/>
<pin id="2657" dir="1" index="1" bw="7" slack="1"/>
</pin_list>
<bind>
<opset="x_addr_58 "/>
</bind>
</comp>

<comp id="2660" class="1005" name="x_addr_59_reg_2660">
<pin_list>
<pin id="2661" dir="0" index="0" bw="7" slack="1"/>
<pin id="2662" dir="1" index="1" bw="7" slack="1"/>
</pin_list>
<bind>
<opset="x_addr_59 "/>
</bind>
</comp>

<comp id="2665" class="1005" name="x_load_58_reg_2665">
<pin_list>
<pin id="2666" dir="0" index="0" bw="8" slack="34"/>
<pin id="2667" dir="1" index="1" bw="8" slack="34"/>
</pin_list>
<bind>
<opset="x_load_58 "/>
</bind>
</comp>

<comp id="2670" class="1005" name="x_load_59_reg_2670">
<pin_list>
<pin id="2671" dir="0" index="0" bw="8" slack="34"/>
<pin id="2672" dir="1" index="1" bw="8" slack="34"/>
</pin_list>
<bind>
<opset="x_load_59 "/>
</bind>
</comp>

<comp id="2675" class="1005" name="x_addr_60_reg_2675">
<pin_list>
<pin id="2676" dir="0" index="0" bw="7" slack="1"/>
<pin id="2677" dir="1" index="1" bw="7" slack="1"/>
</pin_list>
<bind>
<opset="x_addr_60 "/>
</bind>
</comp>

<comp id="2680" class="1005" name="x_addr_61_reg_2680">
<pin_list>
<pin id="2681" dir="0" index="0" bw="7" slack="1"/>
<pin id="2682" dir="1" index="1" bw="7" slack="1"/>
</pin_list>
<bind>
<opset="x_addr_61 "/>
</bind>
</comp>

<comp id="2685" class="1005" name="x_load_60_reg_2685">
<pin_list>
<pin id="2686" dir="0" index="0" bw="8" slack="33"/>
<pin id="2687" dir="1" index="1" bw="8" slack="33"/>
</pin_list>
<bind>
<opset="x_load_60 "/>
</bind>
</comp>

<comp id="2690" class="1005" name="x_load_61_reg_2690">
<pin_list>
<pin id="2691" dir="0" index="0" bw="8" slack="33"/>
<pin id="2692" dir="1" index="1" bw="8" slack="33"/>
</pin_list>
<bind>
<opset="x_load_61 "/>
</bind>
</comp>

<comp id="2695" class="1005" name="x_addr_62_reg_2695">
<pin_list>
<pin id="2696" dir="0" index="0" bw="7" slack="1"/>
<pin id="2697" dir="1" index="1" bw="7" slack="1"/>
</pin_list>
<bind>
<opset="x_addr_62 "/>
</bind>
</comp>

<comp id="2700" class="1005" name="x_addr_63_reg_2700">
<pin_list>
<pin id="2701" dir="0" index="0" bw="7" slack="1"/>
<pin id="2702" dir="1" index="1" bw="7" slack="1"/>
</pin_list>
<bind>
<opset="x_addr_63 "/>
</bind>
</comp>

<comp id="2705" class="1005" name="x_load_62_reg_2705">
<pin_list>
<pin id="2706" dir="0" index="0" bw="8" slack="32"/>
<pin id="2707" dir="1" index="1" bw="8" slack="32"/>
</pin_list>
<bind>
<opset="x_load_62 "/>
</bind>
</comp>

<comp id="2710" class="1005" name="x_load_63_reg_2710">
<pin_list>
<pin id="2711" dir="0" index="0" bw="8" slack="32"/>
<pin id="2712" dir="1" index="1" bw="8" slack="32"/>
</pin_list>
<bind>
<opset="x_load_63 "/>
</bind>
</comp>

<comp id="2715" class="1005" name="x_addr_64_reg_2715">
<pin_list>
<pin id="2716" dir="0" index="0" bw="7" slack="1"/>
<pin id="2717" dir="1" index="1" bw="7" slack="1"/>
</pin_list>
<bind>
<opset="x_addr_64 "/>
</bind>
</comp>

<comp id="2720" class="1005" name="x_addr_65_reg_2720">
<pin_list>
<pin id="2721" dir="0" index="0" bw="7" slack="1"/>
<pin id="2722" dir="1" index="1" bw="7" slack="1"/>
</pin_list>
<bind>
<opset="x_addr_65 "/>
</bind>
</comp>

<comp id="2725" class="1005" name="x_load_64_reg_2725">
<pin_list>
<pin id="2726" dir="0" index="0" bw="8" slack="31"/>
<pin id="2727" dir="1" index="1" bw="8" slack="31"/>
</pin_list>
<bind>
<opset="x_load_64 "/>
</bind>
</comp>

<comp id="2730" class="1005" name="x_load_65_reg_2730">
<pin_list>
<pin id="2731" dir="0" index="0" bw="8" slack="31"/>
<pin id="2732" dir="1" index="1" bw="8" slack="31"/>
</pin_list>
<bind>
<opset="x_load_65 "/>
</bind>
</comp>

<comp id="2735" class="1005" name="x_addr_66_reg_2735">
<pin_list>
<pin id="2736" dir="0" index="0" bw="7" slack="1"/>
<pin id="2737" dir="1" index="1" bw="7" slack="1"/>
</pin_list>
<bind>
<opset="x_addr_66 "/>
</bind>
</comp>

<comp id="2740" class="1005" name="x_addr_67_reg_2740">
<pin_list>
<pin id="2741" dir="0" index="0" bw="7" slack="1"/>
<pin id="2742" dir="1" index="1" bw="7" slack="1"/>
</pin_list>
<bind>
<opset="x_addr_67 "/>
</bind>
</comp>

<comp id="2745" class="1005" name="x_load_66_reg_2745">
<pin_list>
<pin id="2746" dir="0" index="0" bw="8" slack="30"/>
<pin id="2747" dir="1" index="1" bw="8" slack="30"/>
</pin_list>
<bind>
<opset="x_load_66 "/>
</bind>
</comp>

<comp id="2750" class="1005" name="x_load_67_reg_2750">
<pin_list>
<pin id="2751" dir="0" index="0" bw="8" slack="30"/>
<pin id="2752" dir="1" index="1" bw="8" slack="30"/>
</pin_list>
<bind>
<opset="x_load_67 "/>
</bind>
</comp>

<comp id="2755" class="1005" name="x_addr_68_reg_2755">
<pin_list>
<pin id="2756" dir="0" index="0" bw="7" slack="1"/>
<pin id="2757" dir="1" index="1" bw="7" slack="1"/>
</pin_list>
<bind>
<opset="x_addr_68 "/>
</bind>
</comp>

<comp id="2760" class="1005" name="x_addr_69_reg_2760">
<pin_list>
<pin id="2761" dir="0" index="0" bw="7" slack="1"/>
<pin id="2762" dir="1" index="1" bw="7" slack="1"/>
</pin_list>
<bind>
<opset="x_addr_69 "/>
</bind>
</comp>

<comp id="2765" class="1005" name="x_load_68_reg_2765">
<pin_list>
<pin id="2766" dir="0" index="0" bw="8" slack="29"/>
<pin id="2767" dir="1" index="1" bw="8" slack="29"/>
</pin_list>
<bind>
<opset="x_load_68 "/>
</bind>
</comp>

<comp id="2770" class="1005" name="x_load_69_reg_2770">
<pin_list>
<pin id="2771" dir="0" index="0" bw="8" slack="29"/>
<pin id="2772" dir="1" index="1" bw="8" slack="29"/>
</pin_list>
<bind>
<opset="x_load_69 "/>
</bind>
</comp>

<comp id="2775" class="1005" name="x_addr_70_reg_2775">
<pin_list>
<pin id="2776" dir="0" index="0" bw="7" slack="1"/>
<pin id="2777" dir="1" index="1" bw="7" slack="1"/>
</pin_list>
<bind>
<opset="x_addr_70 "/>
</bind>
</comp>

<comp id="2780" class="1005" name="x_addr_71_reg_2780">
<pin_list>
<pin id="2781" dir="0" index="0" bw="7" slack="1"/>
<pin id="2782" dir="1" index="1" bw="7" slack="1"/>
</pin_list>
<bind>
<opset="x_addr_71 "/>
</bind>
</comp>

<comp id="2785" class="1005" name="x_load_70_reg_2785">
<pin_list>
<pin id="2786" dir="0" index="0" bw="8" slack="28"/>
<pin id="2787" dir="1" index="1" bw="8" slack="28"/>
</pin_list>
<bind>
<opset="x_load_70 "/>
</bind>
</comp>

<comp id="2790" class="1005" name="x_load_71_reg_2790">
<pin_list>
<pin id="2791" dir="0" index="0" bw="8" slack="28"/>
<pin id="2792" dir="1" index="1" bw="8" slack="28"/>
</pin_list>
<bind>
<opset="x_load_71 "/>
</bind>
</comp>

<comp id="2795" class="1005" name="x_addr_72_reg_2795">
<pin_list>
<pin id="2796" dir="0" index="0" bw="7" slack="1"/>
<pin id="2797" dir="1" index="1" bw="7" slack="1"/>
</pin_list>
<bind>
<opset="x_addr_72 "/>
</bind>
</comp>

<comp id="2800" class="1005" name="x_addr_73_reg_2800">
<pin_list>
<pin id="2801" dir="0" index="0" bw="7" slack="1"/>
<pin id="2802" dir="1" index="1" bw="7" slack="1"/>
</pin_list>
<bind>
<opset="x_addr_73 "/>
</bind>
</comp>

<comp id="2805" class="1005" name="x_load_72_reg_2805">
<pin_list>
<pin id="2806" dir="0" index="0" bw="8" slack="27"/>
<pin id="2807" dir="1" index="1" bw="8" slack="27"/>
</pin_list>
<bind>
<opset="x_load_72 "/>
</bind>
</comp>

<comp id="2810" class="1005" name="x_load_73_reg_2810">
<pin_list>
<pin id="2811" dir="0" index="0" bw="8" slack="27"/>
<pin id="2812" dir="1" index="1" bw="8" slack="27"/>
</pin_list>
<bind>
<opset="x_load_73 "/>
</bind>
</comp>

<comp id="2815" class="1005" name="x_addr_74_reg_2815">
<pin_list>
<pin id="2816" dir="0" index="0" bw="7" slack="1"/>
<pin id="2817" dir="1" index="1" bw="7" slack="1"/>
</pin_list>
<bind>
<opset="x_addr_74 "/>
</bind>
</comp>

<comp id="2820" class="1005" name="x_addr_75_reg_2820">
<pin_list>
<pin id="2821" dir="0" index="0" bw="7" slack="1"/>
<pin id="2822" dir="1" index="1" bw="7" slack="1"/>
</pin_list>
<bind>
<opset="x_addr_75 "/>
</bind>
</comp>

<comp id="2825" class="1005" name="x_load_74_reg_2825">
<pin_list>
<pin id="2826" dir="0" index="0" bw="8" slack="26"/>
<pin id="2827" dir="1" index="1" bw="8" slack="26"/>
</pin_list>
<bind>
<opset="x_load_74 "/>
</bind>
</comp>

<comp id="2830" class="1005" name="x_load_75_reg_2830">
<pin_list>
<pin id="2831" dir="0" index="0" bw="8" slack="26"/>
<pin id="2832" dir="1" index="1" bw="8" slack="26"/>
</pin_list>
<bind>
<opset="x_load_75 "/>
</bind>
</comp>

<comp id="2835" class="1005" name="x_addr_76_reg_2835">
<pin_list>
<pin id="2836" dir="0" index="0" bw="7" slack="1"/>
<pin id="2837" dir="1" index="1" bw="7" slack="1"/>
</pin_list>
<bind>
<opset="x_addr_76 "/>
</bind>
</comp>

<comp id="2840" class="1005" name="x_addr_77_reg_2840">
<pin_list>
<pin id="2841" dir="0" index="0" bw="7" slack="1"/>
<pin id="2842" dir="1" index="1" bw="7" slack="1"/>
</pin_list>
<bind>
<opset="x_addr_77 "/>
</bind>
</comp>

<comp id="2845" class="1005" name="x_load_76_reg_2845">
<pin_list>
<pin id="2846" dir="0" index="0" bw="8" slack="25"/>
<pin id="2847" dir="1" index="1" bw="8" slack="25"/>
</pin_list>
<bind>
<opset="x_load_76 "/>
</bind>
</comp>

<comp id="2850" class="1005" name="x_load_77_reg_2850">
<pin_list>
<pin id="2851" dir="0" index="0" bw="8" slack="25"/>
<pin id="2852" dir="1" index="1" bw="8" slack="25"/>
</pin_list>
<bind>
<opset="x_load_77 "/>
</bind>
</comp>

<comp id="2855" class="1005" name="x_addr_78_reg_2855">
<pin_list>
<pin id="2856" dir="0" index="0" bw="7" slack="1"/>
<pin id="2857" dir="1" index="1" bw="7" slack="1"/>
</pin_list>
<bind>
<opset="x_addr_78 "/>
</bind>
</comp>

<comp id="2860" class="1005" name="x_addr_79_reg_2860">
<pin_list>
<pin id="2861" dir="0" index="0" bw="7" slack="1"/>
<pin id="2862" dir="1" index="1" bw="7" slack="1"/>
</pin_list>
<bind>
<opset="x_addr_79 "/>
</bind>
</comp>

<comp id="2865" class="1005" name="x_load_78_reg_2865">
<pin_list>
<pin id="2866" dir="0" index="0" bw="8" slack="24"/>
<pin id="2867" dir="1" index="1" bw="8" slack="24"/>
</pin_list>
<bind>
<opset="x_load_78 "/>
</bind>
</comp>

<comp id="2870" class="1005" name="x_load_79_reg_2870">
<pin_list>
<pin id="2871" dir="0" index="0" bw="8" slack="24"/>
<pin id="2872" dir="1" index="1" bw="8" slack="24"/>
</pin_list>
<bind>
<opset="x_load_79 "/>
</bind>
</comp>

<comp id="2875" class="1005" name="x_addr_80_reg_2875">
<pin_list>
<pin id="2876" dir="0" index="0" bw="7" slack="1"/>
<pin id="2877" dir="1" index="1" bw="7" slack="1"/>
</pin_list>
<bind>
<opset="x_addr_80 "/>
</bind>
</comp>

<comp id="2880" class="1005" name="x_addr_81_reg_2880">
<pin_list>
<pin id="2881" dir="0" index="0" bw="7" slack="1"/>
<pin id="2882" dir="1" index="1" bw="7" slack="1"/>
</pin_list>
<bind>
<opset="x_addr_81 "/>
</bind>
</comp>

<comp id="2885" class="1005" name="x_load_80_reg_2885">
<pin_list>
<pin id="2886" dir="0" index="0" bw="8" slack="23"/>
<pin id="2887" dir="1" index="1" bw="8" slack="23"/>
</pin_list>
<bind>
<opset="x_load_80 "/>
</bind>
</comp>

<comp id="2890" class="1005" name="x_load_81_reg_2890">
<pin_list>
<pin id="2891" dir="0" index="0" bw="8" slack="23"/>
<pin id="2892" dir="1" index="1" bw="8" slack="23"/>
</pin_list>
<bind>
<opset="x_load_81 "/>
</bind>
</comp>

<comp id="2895" class="1005" name="x_addr_82_reg_2895">
<pin_list>
<pin id="2896" dir="0" index="0" bw="7" slack="1"/>
<pin id="2897" dir="1" index="1" bw="7" slack="1"/>
</pin_list>
<bind>
<opset="x_addr_82 "/>
</bind>
</comp>

<comp id="2900" class="1005" name="x_addr_83_reg_2900">
<pin_list>
<pin id="2901" dir="0" index="0" bw="7" slack="1"/>
<pin id="2902" dir="1" index="1" bw="7" slack="1"/>
</pin_list>
<bind>
<opset="x_addr_83 "/>
</bind>
</comp>

<comp id="2905" class="1005" name="x_load_82_reg_2905">
<pin_list>
<pin id="2906" dir="0" index="0" bw="8" slack="22"/>
<pin id="2907" dir="1" index="1" bw="8" slack="22"/>
</pin_list>
<bind>
<opset="x_load_82 "/>
</bind>
</comp>

<comp id="2910" class="1005" name="x_load_83_reg_2910">
<pin_list>
<pin id="2911" dir="0" index="0" bw="8" slack="22"/>
<pin id="2912" dir="1" index="1" bw="8" slack="22"/>
</pin_list>
<bind>
<opset="x_load_83 "/>
</bind>
</comp>

<comp id="2915" class="1005" name="x_addr_84_reg_2915">
<pin_list>
<pin id="2916" dir="0" index="0" bw="7" slack="1"/>
<pin id="2917" dir="1" index="1" bw="7" slack="1"/>
</pin_list>
<bind>
<opset="x_addr_84 "/>
</bind>
</comp>

<comp id="2920" class="1005" name="x_addr_85_reg_2920">
<pin_list>
<pin id="2921" dir="0" index="0" bw="7" slack="1"/>
<pin id="2922" dir="1" index="1" bw="7" slack="1"/>
</pin_list>
<bind>
<opset="x_addr_85 "/>
</bind>
</comp>

<comp id="2925" class="1005" name="x_load_84_reg_2925">
<pin_list>
<pin id="2926" dir="0" index="0" bw="8" slack="21"/>
<pin id="2927" dir="1" index="1" bw="8" slack="21"/>
</pin_list>
<bind>
<opset="x_load_84 "/>
</bind>
</comp>

<comp id="2930" class="1005" name="x_load_85_reg_2930">
<pin_list>
<pin id="2931" dir="0" index="0" bw="8" slack="21"/>
<pin id="2932" dir="1" index="1" bw="8" slack="21"/>
</pin_list>
<bind>
<opset="x_load_85 "/>
</bind>
</comp>

<comp id="2935" class="1005" name="x_addr_86_reg_2935">
<pin_list>
<pin id="2936" dir="0" index="0" bw="7" slack="1"/>
<pin id="2937" dir="1" index="1" bw="7" slack="1"/>
</pin_list>
<bind>
<opset="x_addr_86 "/>
</bind>
</comp>

<comp id="2940" class="1005" name="x_addr_87_reg_2940">
<pin_list>
<pin id="2941" dir="0" index="0" bw="7" slack="1"/>
<pin id="2942" dir="1" index="1" bw="7" slack="1"/>
</pin_list>
<bind>
<opset="x_addr_87 "/>
</bind>
</comp>

<comp id="2945" class="1005" name="x_load_86_reg_2945">
<pin_list>
<pin id="2946" dir="0" index="0" bw="8" slack="20"/>
<pin id="2947" dir="1" index="1" bw="8" slack="20"/>
</pin_list>
<bind>
<opset="x_load_86 "/>
</bind>
</comp>

<comp id="2950" class="1005" name="x_load_87_reg_2950">
<pin_list>
<pin id="2951" dir="0" index="0" bw="8" slack="20"/>
<pin id="2952" dir="1" index="1" bw="8" slack="20"/>
</pin_list>
<bind>
<opset="x_load_87 "/>
</bind>
</comp>

<comp id="2955" class="1005" name="x_addr_88_reg_2955">
<pin_list>
<pin id="2956" dir="0" index="0" bw="7" slack="1"/>
<pin id="2957" dir="1" index="1" bw="7" slack="1"/>
</pin_list>
<bind>
<opset="x_addr_88 "/>
</bind>
</comp>

<comp id="2960" class="1005" name="x_addr_89_reg_2960">
<pin_list>
<pin id="2961" dir="0" index="0" bw="7" slack="1"/>
<pin id="2962" dir="1" index="1" bw="7" slack="1"/>
</pin_list>
<bind>
<opset="x_addr_89 "/>
</bind>
</comp>

<comp id="2965" class="1005" name="x_load_88_reg_2965">
<pin_list>
<pin id="2966" dir="0" index="0" bw="8" slack="19"/>
<pin id="2967" dir="1" index="1" bw="8" slack="19"/>
</pin_list>
<bind>
<opset="x_load_88 "/>
</bind>
</comp>

<comp id="2970" class="1005" name="x_load_89_reg_2970">
<pin_list>
<pin id="2971" dir="0" index="0" bw="8" slack="19"/>
<pin id="2972" dir="1" index="1" bw="8" slack="19"/>
</pin_list>
<bind>
<opset="x_load_89 "/>
</bind>
</comp>

<comp id="2975" class="1005" name="x_addr_90_reg_2975">
<pin_list>
<pin id="2976" dir="0" index="0" bw="7" slack="1"/>
<pin id="2977" dir="1" index="1" bw="7" slack="1"/>
</pin_list>
<bind>
<opset="x_addr_90 "/>
</bind>
</comp>

<comp id="2980" class="1005" name="x_addr_91_reg_2980">
<pin_list>
<pin id="2981" dir="0" index="0" bw="7" slack="1"/>
<pin id="2982" dir="1" index="1" bw="7" slack="1"/>
</pin_list>
<bind>
<opset="x_addr_91 "/>
</bind>
</comp>

<comp id="2985" class="1005" name="x_load_90_reg_2985">
<pin_list>
<pin id="2986" dir="0" index="0" bw="8" slack="18"/>
<pin id="2987" dir="1" index="1" bw="8" slack="18"/>
</pin_list>
<bind>
<opset="x_load_90 "/>
</bind>
</comp>

<comp id="2990" class="1005" name="x_load_91_reg_2990">
<pin_list>
<pin id="2991" dir="0" index="0" bw="8" slack="18"/>
<pin id="2992" dir="1" index="1" bw="8" slack="18"/>
</pin_list>
<bind>
<opset="x_load_91 "/>
</bind>
</comp>

<comp id="2995" class="1005" name="x_addr_92_reg_2995">
<pin_list>
<pin id="2996" dir="0" index="0" bw="7" slack="1"/>
<pin id="2997" dir="1" index="1" bw="7" slack="1"/>
</pin_list>
<bind>
<opset="x_addr_92 "/>
</bind>
</comp>

<comp id="3000" class="1005" name="x_addr_93_reg_3000">
<pin_list>
<pin id="3001" dir="0" index="0" bw="7" slack="1"/>
<pin id="3002" dir="1" index="1" bw="7" slack="1"/>
</pin_list>
<bind>
<opset="x_addr_93 "/>
</bind>
</comp>

<comp id="3005" class="1005" name="x_load_92_reg_3005">
<pin_list>
<pin id="3006" dir="0" index="0" bw="8" slack="17"/>
<pin id="3007" dir="1" index="1" bw="8" slack="17"/>
</pin_list>
<bind>
<opset="x_load_92 "/>
</bind>
</comp>

<comp id="3010" class="1005" name="x_load_93_reg_3010">
<pin_list>
<pin id="3011" dir="0" index="0" bw="8" slack="17"/>
<pin id="3012" dir="1" index="1" bw="8" slack="17"/>
</pin_list>
<bind>
<opset="x_load_93 "/>
</bind>
</comp>

<comp id="3015" class="1005" name="x_addr_94_reg_3015">
<pin_list>
<pin id="3016" dir="0" index="0" bw="7" slack="1"/>
<pin id="3017" dir="1" index="1" bw="7" slack="1"/>
</pin_list>
<bind>
<opset="x_addr_94 "/>
</bind>
</comp>

<comp id="3020" class="1005" name="x_addr_95_reg_3020">
<pin_list>
<pin id="3021" dir="0" index="0" bw="7" slack="1"/>
<pin id="3022" dir="1" index="1" bw="7" slack="1"/>
</pin_list>
<bind>
<opset="x_addr_95 "/>
</bind>
</comp>

<comp id="3025" class="1005" name="x_load_94_reg_3025">
<pin_list>
<pin id="3026" dir="0" index="0" bw="8" slack="16"/>
<pin id="3027" dir="1" index="1" bw="8" slack="16"/>
</pin_list>
<bind>
<opset="x_load_94 "/>
</bind>
</comp>

<comp id="3030" class="1005" name="x_load_95_reg_3030">
<pin_list>
<pin id="3031" dir="0" index="0" bw="8" slack="16"/>
<pin id="3032" dir="1" index="1" bw="8" slack="16"/>
</pin_list>
<bind>
<opset="x_load_95 "/>
</bind>
</comp>

<comp id="3035" class="1005" name="x_addr_96_reg_3035">
<pin_list>
<pin id="3036" dir="0" index="0" bw="7" slack="1"/>
<pin id="3037" dir="1" index="1" bw="7" slack="1"/>
</pin_list>
<bind>
<opset="x_addr_96 "/>
</bind>
</comp>

<comp id="3040" class="1005" name="x_addr_97_reg_3040">
<pin_list>
<pin id="3041" dir="0" index="0" bw="7" slack="1"/>
<pin id="3042" dir="1" index="1" bw="7" slack="1"/>
</pin_list>
<bind>
<opset="x_addr_97 "/>
</bind>
</comp>

<comp id="3045" class="1005" name="x_load_96_reg_3045">
<pin_list>
<pin id="3046" dir="0" index="0" bw="8" slack="15"/>
<pin id="3047" dir="1" index="1" bw="8" slack="15"/>
</pin_list>
<bind>
<opset="x_load_96 "/>
</bind>
</comp>

<comp id="3050" class="1005" name="x_load_97_reg_3050">
<pin_list>
<pin id="3051" dir="0" index="0" bw="8" slack="15"/>
<pin id="3052" dir="1" index="1" bw="8" slack="15"/>
</pin_list>
<bind>
<opset="x_load_97 "/>
</bind>
</comp>

<comp id="3055" class="1005" name="x_addr_98_reg_3055">
<pin_list>
<pin id="3056" dir="0" index="0" bw="7" slack="1"/>
<pin id="3057" dir="1" index="1" bw="7" slack="1"/>
</pin_list>
<bind>
<opset="x_addr_98 "/>
</bind>
</comp>

<comp id="3060" class="1005" name="x_addr_99_reg_3060">
<pin_list>
<pin id="3061" dir="0" index="0" bw="7" slack="1"/>
<pin id="3062" dir="1" index="1" bw="7" slack="1"/>
</pin_list>
<bind>
<opset="x_addr_99 "/>
</bind>
</comp>

<comp id="3065" class="1005" name="x_load_98_reg_3065">
<pin_list>
<pin id="3066" dir="0" index="0" bw="8" slack="14"/>
<pin id="3067" dir="1" index="1" bw="8" slack="14"/>
</pin_list>
<bind>
<opset="x_load_98 "/>
</bind>
</comp>

<comp id="3070" class="1005" name="x_load_99_reg_3070">
<pin_list>
<pin id="3071" dir="0" index="0" bw="8" slack="14"/>
<pin id="3072" dir="1" index="1" bw="8" slack="14"/>
</pin_list>
<bind>
<opset="x_load_99 "/>
</bind>
</comp>

<comp id="3075" class="1005" name="x_addr_100_reg_3075">
<pin_list>
<pin id="3076" dir="0" index="0" bw="7" slack="1"/>
<pin id="3077" dir="1" index="1" bw="7" slack="1"/>
</pin_list>
<bind>
<opset="x_addr_100 "/>
</bind>
</comp>

<comp id="3080" class="1005" name="x_addr_101_reg_3080">
<pin_list>
<pin id="3081" dir="0" index="0" bw="7" slack="1"/>
<pin id="3082" dir="1" index="1" bw="7" slack="1"/>
</pin_list>
<bind>
<opset="x_addr_101 "/>
</bind>
</comp>

<comp id="3085" class="1005" name="x_load_100_reg_3085">
<pin_list>
<pin id="3086" dir="0" index="0" bw="8" slack="13"/>
<pin id="3087" dir="1" index="1" bw="8" slack="13"/>
</pin_list>
<bind>
<opset="x_load_100 "/>
</bind>
</comp>

<comp id="3090" class="1005" name="x_load_101_reg_3090">
<pin_list>
<pin id="3091" dir="0" index="0" bw="8" slack="13"/>
<pin id="3092" dir="1" index="1" bw="8" slack="13"/>
</pin_list>
<bind>
<opset="x_load_101 "/>
</bind>
</comp>

<comp id="3095" class="1005" name="x_addr_102_reg_3095">
<pin_list>
<pin id="3096" dir="0" index="0" bw="7" slack="1"/>
<pin id="3097" dir="1" index="1" bw="7" slack="1"/>
</pin_list>
<bind>
<opset="x_addr_102 "/>
</bind>
</comp>

<comp id="3100" class="1005" name="x_addr_103_reg_3100">
<pin_list>
<pin id="3101" dir="0" index="0" bw="7" slack="1"/>
<pin id="3102" dir="1" index="1" bw="7" slack="1"/>
</pin_list>
<bind>
<opset="x_addr_103 "/>
</bind>
</comp>

<comp id="3105" class="1005" name="x_load_102_reg_3105">
<pin_list>
<pin id="3106" dir="0" index="0" bw="8" slack="12"/>
<pin id="3107" dir="1" index="1" bw="8" slack="12"/>
</pin_list>
<bind>
<opset="x_load_102 "/>
</bind>
</comp>

<comp id="3110" class="1005" name="x_load_103_reg_3110">
<pin_list>
<pin id="3111" dir="0" index="0" bw="8" slack="12"/>
<pin id="3112" dir="1" index="1" bw="8" slack="12"/>
</pin_list>
<bind>
<opset="x_load_103 "/>
</bind>
</comp>

<comp id="3115" class="1005" name="x_addr_104_reg_3115">
<pin_list>
<pin id="3116" dir="0" index="0" bw="7" slack="1"/>
<pin id="3117" dir="1" index="1" bw="7" slack="1"/>
</pin_list>
<bind>
<opset="x_addr_104 "/>
</bind>
</comp>

<comp id="3120" class="1005" name="x_addr_105_reg_3120">
<pin_list>
<pin id="3121" dir="0" index="0" bw="7" slack="1"/>
<pin id="3122" dir="1" index="1" bw="7" slack="1"/>
</pin_list>
<bind>
<opset="x_addr_105 "/>
</bind>
</comp>

<comp id="3125" class="1005" name="x_load_104_reg_3125">
<pin_list>
<pin id="3126" dir="0" index="0" bw="8" slack="11"/>
<pin id="3127" dir="1" index="1" bw="8" slack="11"/>
</pin_list>
<bind>
<opset="x_load_104 "/>
</bind>
</comp>

<comp id="3130" class="1005" name="x_load_105_reg_3130">
<pin_list>
<pin id="3131" dir="0" index="0" bw="8" slack="11"/>
<pin id="3132" dir="1" index="1" bw="8" slack="11"/>
</pin_list>
<bind>
<opset="x_load_105 "/>
</bind>
</comp>

<comp id="3135" class="1005" name="x_addr_106_reg_3135">
<pin_list>
<pin id="3136" dir="0" index="0" bw="7" slack="1"/>
<pin id="3137" dir="1" index="1" bw="7" slack="1"/>
</pin_list>
<bind>
<opset="x_addr_106 "/>
</bind>
</comp>

<comp id="3140" class="1005" name="x_addr_107_reg_3140">
<pin_list>
<pin id="3141" dir="0" index="0" bw="7" slack="1"/>
<pin id="3142" dir="1" index="1" bw="7" slack="1"/>
</pin_list>
<bind>
<opset="x_addr_107 "/>
</bind>
</comp>

<comp id="3145" class="1005" name="x_load_106_reg_3145">
<pin_list>
<pin id="3146" dir="0" index="0" bw="8" slack="10"/>
<pin id="3147" dir="1" index="1" bw="8" slack="10"/>
</pin_list>
<bind>
<opset="x_load_106 "/>
</bind>
</comp>

<comp id="3150" class="1005" name="x_load_107_reg_3150">
<pin_list>
<pin id="3151" dir="0" index="0" bw="8" slack="10"/>
<pin id="3152" dir="1" index="1" bw="8" slack="10"/>
</pin_list>
<bind>
<opset="x_load_107 "/>
</bind>
</comp>

<comp id="3155" class="1005" name="x_addr_108_reg_3155">
<pin_list>
<pin id="3156" dir="0" index="0" bw="7" slack="1"/>
<pin id="3157" dir="1" index="1" bw="7" slack="1"/>
</pin_list>
<bind>
<opset="x_addr_108 "/>
</bind>
</comp>

<comp id="3160" class="1005" name="x_addr_109_reg_3160">
<pin_list>
<pin id="3161" dir="0" index="0" bw="7" slack="1"/>
<pin id="3162" dir="1" index="1" bw="7" slack="1"/>
</pin_list>
<bind>
<opset="x_addr_109 "/>
</bind>
</comp>

<comp id="3165" class="1005" name="x_load_108_reg_3165">
<pin_list>
<pin id="3166" dir="0" index="0" bw="8" slack="9"/>
<pin id="3167" dir="1" index="1" bw="8" slack="9"/>
</pin_list>
<bind>
<opset="x_load_108 "/>
</bind>
</comp>

<comp id="3170" class="1005" name="x_load_109_reg_3170">
<pin_list>
<pin id="3171" dir="0" index="0" bw="8" slack="9"/>
<pin id="3172" dir="1" index="1" bw="8" slack="9"/>
</pin_list>
<bind>
<opset="x_load_109 "/>
</bind>
</comp>

<comp id="3175" class="1005" name="x_addr_110_reg_3175">
<pin_list>
<pin id="3176" dir="0" index="0" bw="7" slack="1"/>
<pin id="3177" dir="1" index="1" bw="7" slack="1"/>
</pin_list>
<bind>
<opset="x_addr_110 "/>
</bind>
</comp>

<comp id="3180" class="1005" name="x_addr_111_reg_3180">
<pin_list>
<pin id="3181" dir="0" index="0" bw="7" slack="1"/>
<pin id="3182" dir="1" index="1" bw="7" slack="1"/>
</pin_list>
<bind>
<opset="x_addr_111 "/>
</bind>
</comp>

<comp id="3185" class="1005" name="x_load_110_reg_3185">
<pin_list>
<pin id="3186" dir="0" index="0" bw="8" slack="8"/>
<pin id="3187" dir="1" index="1" bw="8" slack="8"/>
</pin_list>
<bind>
<opset="x_load_110 "/>
</bind>
</comp>

<comp id="3190" class="1005" name="x_load_111_reg_3190">
<pin_list>
<pin id="3191" dir="0" index="0" bw="8" slack="8"/>
<pin id="3192" dir="1" index="1" bw="8" slack="8"/>
</pin_list>
<bind>
<opset="x_load_111 "/>
</bind>
</comp>

<comp id="3195" class="1005" name="x_addr_112_reg_3195">
<pin_list>
<pin id="3196" dir="0" index="0" bw="7" slack="1"/>
<pin id="3197" dir="1" index="1" bw="7" slack="1"/>
</pin_list>
<bind>
<opset="x_addr_112 "/>
</bind>
</comp>

<comp id="3200" class="1005" name="x_addr_113_reg_3200">
<pin_list>
<pin id="3201" dir="0" index="0" bw="7" slack="1"/>
<pin id="3202" dir="1" index="1" bw="7" slack="1"/>
</pin_list>
<bind>
<opset="x_addr_113 "/>
</bind>
</comp>

<comp id="3205" class="1005" name="x_load_112_reg_3205">
<pin_list>
<pin id="3206" dir="0" index="0" bw="8" slack="7"/>
<pin id="3207" dir="1" index="1" bw="8" slack="7"/>
</pin_list>
<bind>
<opset="x_load_112 "/>
</bind>
</comp>

<comp id="3210" class="1005" name="x_load_113_reg_3210">
<pin_list>
<pin id="3211" dir="0" index="0" bw="8" slack="7"/>
<pin id="3212" dir="1" index="1" bw="8" slack="7"/>
</pin_list>
<bind>
<opset="x_load_113 "/>
</bind>
</comp>

<comp id="3215" class="1005" name="x_addr_114_reg_3215">
<pin_list>
<pin id="3216" dir="0" index="0" bw="7" slack="1"/>
<pin id="3217" dir="1" index="1" bw="7" slack="1"/>
</pin_list>
<bind>
<opset="x_addr_114 "/>
</bind>
</comp>

<comp id="3220" class="1005" name="x_addr_115_reg_3220">
<pin_list>
<pin id="3221" dir="0" index="0" bw="7" slack="1"/>
<pin id="3222" dir="1" index="1" bw="7" slack="1"/>
</pin_list>
<bind>
<opset="x_addr_115 "/>
</bind>
</comp>

<comp id="3225" class="1005" name="x_load_114_reg_3225">
<pin_list>
<pin id="3226" dir="0" index="0" bw="8" slack="6"/>
<pin id="3227" dir="1" index="1" bw="8" slack="6"/>
</pin_list>
<bind>
<opset="x_load_114 "/>
</bind>
</comp>

<comp id="3230" class="1005" name="x_load_115_reg_3230">
<pin_list>
<pin id="3231" dir="0" index="0" bw="8" slack="6"/>
<pin id="3232" dir="1" index="1" bw="8" slack="6"/>
</pin_list>
<bind>
<opset="x_load_115 "/>
</bind>
</comp>

<comp id="3235" class="1005" name="x_addr_116_reg_3235">
<pin_list>
<pin id="3236" dir="0" index="0" bw="7" slack="1"/>
<pin id="3237" dir="1" index="1" bw="7" slack="1"/>
</pin_list>
<bind>
<opset="x_addr_116 "/>
</bind>
</comp>

<comp id="3240" class="1005" name="x_addr_117_reg_3240">
<pin_list>
<pin id="3241" dir="0" index="0" bw="7" slack="1"/>
<pin id="3242" dir="1" index="1" bw="7" slack="1"/>
</pin_list>
<bind>
<opset="x_addr_117 "/>
</bind>
</comp>

<comp id="3245" class="1005" name="x_load_116_reg_3245">
<pin_list>
<pin id="3246" dir="0" index="0" bw="8" slack="5"/>
<pin id="3247" dir="1" index="1" bw="8" slack="5"/>
</pin_list>
<bind>
<opset="x_load_116 "/>
</bind>
</comp>

<comp id="3250" class="1005" name="x_load_117_reg_3250">
<pin_list>
<pin id="3251" dir="0" index="0" bw="8" slack="5"/>
<pin id="3252" dir="1" index="1" bw="8" slack="5"/>
</pin_list>
<bind>
<opset="x_load_117 "/>
</bind>
</comp>

<comp id="3255" class="1005" name="x_addr_118_reg_3255">
<pin_list>
<pin id="3256" dir="0" index="0" bw="7" slack="1"/>
<pin id="3257" dir="1" index="1" bw="7" slack="1"/>
</pin_list>
<bind>
<opset="x_addr_118 "/>
</bind>
</comp>

<comp id="3260" class="1005" name="x_addr_119_reg_3260">
<pin_list>
<pin id="3261" dir="0" index="0" bw="7" slack="1"/>
<pin id="3262" dir="1" index="1" bw="7" slack="1"/>
</pin_list>
<bind>
<opset="x_addr_119 "/>
</bind>
</comp>

<comp id="3265" class="1005" name="x_load_118_reg_3265">
<pin_list>
<pin id="3266" dir="0" index="0" bw="8" slack="4"/>
<pin id="3267" dir="1" index="1" bw="8" slack="4"/>
</pin_list>
<bind>
<opset="x_load_118 "/>
</bind>
</comp>

<comp id="3270" class="1005" name="x_load_119_reg_3270">
<pin_list>
<pin id="3271" dir="0" index="0" bw="8" slack="4"/>
<pin id="3272" dir="1" index="1" bw="8" slack="4"/>
</pin_list>
<bind>
<opset="x_load_119 "/>
</bind>
</comp>

<comp id="3275" class="1005" name="x_addr_120_reg_3275">
<pin_list>
<pin id="3276" dir="0" index="0" bw="7" slack="1"/>
<pin id="3277" dir="1" index="1" bw="7" slack="1"/>
</pin_list>
<bind>
<opset="x_addr_120 "/>
</bind>
</comp>

<comp id="3280" class="1005" name="x_addr_121_reg_3280">
<pin_list>
<pin id="3281" dir="0" index="0" bw="7" slack="1"/>
<pin id="3282" dir="1" index="1" bw="7" slack="1"/>
</pin_list>
<bind>
<opset="x_addr_121 "/>
</bind>
</comp>

<comp id="3285" class="1005" name="x_load_120_reg_3285">
<pin_list>
<pin id="3286" dir="0" index="0" bw="8" slack="3"/>
<pin id="3287" dir="1" index="1" bw="8" slack="3"/>
</pin_list>
<bind>
<opset="x_load_120 "/>
</bind>
</comp>

<comp id="3290" class="1005" name="x_load_121_reg_3290">
<pin_list>
<pin id="3291" dir="0" index="0" bw="8" slack="3"/>
<pin id="3292" dir="1" index="1" bw="8" slack="3"/>
</pin_list>
<bind>
<opset="x_load_121 "/>
</bind>
</comp>

<comp id="3295" class="1005" name="x_addr_122_reg_3295">
<pin_list>
<pin id="3296" dir="0" index="0" bw="7" slack="1"/>
<pin id="3297" dir="1" index="1" bw="7" slack="1"/>
</pin_list>
<bind>
<opset="x_addr_122 "/>
</bind>
</comp>

<comp id="3300" class="1005" name="x_addr_123_reg_3300">
<pin_list>
<pin id="3301" dir="0" index="0" bw="7" slack="1"/>
<pin id="3302" dir="1" index="1" bw="7" slack="1"/>
</pin_list>
<bind>
<opset="x_addr_123 "/>
</bind>
</comp>

<comp id="3305" class="1005" name="x_load_122_reg_3305">
<pin_list>
<pin id="3306" dir="0" index="0" bw="8" slack="2"/>
<pin id="3307" dir="1" index="1" bw="8" slack="2"/>
</pin_list>
<bind>
<opset="x_load_122 "/>
</bind>
</comp>

<comp id="3310" class="1005" name="x_load_123_reg_3310">
<pin_list>
<pin id="3311" dir="0" index="0" bw="8" slack="2"/>
<pin id="3312" dir="1" index="1" bw="8" slack="2"/>
</pin_list>
<bind>
<opset="x_load_123 "/>
</bind>
</comp>

<comp id="3315" class="1005" name="x_addr_124_reg_3315">
<pin_list>
<pin id="3316" dir="0" index="0" bw="7" slack="1"/>
<pin id="3317" dir="1" index="1" bw="7" slack="1"/>
</pin_list>
<bind>
<opset="x_addr_124 "/>
</bind>
</comp>

<comp id="3320" class="1005" name="x_addr_125_reg_3320">
<pin_list>
<pin id="3321" dir="0" index="0" bw="7" slack="1"/>
<pin id="3322" dir="1" index="1" bw="7" slack="1"/>
</pin_list>
<bind>
<opset="x_addr_125 "/>
</bind>
</comp>

<comp id="3325" class="1005" name="x_load_124_reg_3325">
<pin_list>
<pin id="3326" dir="0" index="0" bw="8" slack="1"/>
<pin id="3327" dir="1" index="1" bw="8" slack="1"/>
</pin_list>
<bind>
<opset="x_load_124 "/>
</bind>
</comp>

<comp id="3330" class="1005" name="x_load_125_reg_3330">
<pin_list>
<pin id="3331" dir="0" index="0" bw="8" slack="1"/>
<pin id="3332" dir="1" index="1" bw="8" slack="1"/>
</pin_list>
<bind>
<opset="x_load_125 "/>
</bind>
</comp>

<comp id="3335" class="1005" name="x_addr_126_reg_3335">
<pin_list>
<pin id="3336" dir="0" index="0" bw="7" slack="1"/>
<pin id="3337" dir="1" index="1" bw="7" slack="1"/>
</pin_list>
<bind>
<opset="x_addr_126 "/>
</bind>
</comp>

<comp id="3340" class="1005" name="x_addr_127_reg_3340">
<pin_list>
<pin id="3341" dir="0" index="0" bw="7" slack="1"/>
<pin id="3342" dir="1" index="1" bw="7" slack="1"/>
</pin_list>
<bind>
<opset="x_addr_127 "/>
</bind>
</comp>

<comp id="3345" class="1005" name="x_load_126_reg_3345">
<pin_list>
<pin id="3346" dir="0" index="0" bw="8" slack="1"/>
<pin id="3347" dir="1" index="1" bw="8" slack="1"/>
</pin_list>
<bind>
<opset="x_load_126 "/>
</bind>
</comp>

<comp id="3350" class="1005" name="x_load_127_reg_3350">
<pin_list>
<pin id="3351" dir="0" index="0" bw="8" slack="1"/>
<pin id="3352" dir="1" index="1" bw="8" slack="1"/>
</pin_list>
<bind>
<opset="x_load_127 "/>
</bind>
</comp>

</comp_list>

<net_list>
<net id="525"><net_src comp="0" pin="0"/><net_sink comp="520" pin=0"/></net>

<net id="526"><net_src comp="262" pin="0"/><net_sink comp="520" pin=1"/></net>

<net id="527"><net_src comp="262" pin="0"/><net_sink comp="520" pin=2"/></net>

<net id="537"><net_src comp="520" pin="3"/><net_sink comp="528" pin=2"/></net>

<net id="543"><net_src comp="0" pin="0"/><net_sink comp="538" pin=0"/></net>

<net id="544"><net_src comp="262" pin="0"/><net_sink comp="538" pin=1"/></net>

<net id="545"><net_src comp="264" pin="0"/><net_sink comp="538" pin=2"/></net>

<net id="546"><net_src comp="538" pin="3"/><net_sink comp="528" pin=0"/></net>

<net id="552"><net_src comp="0" pin="0"/><net_sink comp="547" pin=0"/></net>

<net id="553"><net_src comp="262" pin="0"/><net_sink comp="547" pin=1"/></net>

<net id="554"><net_src comp="266" pin="0"/><net_sink comp="547" pin=2"/></net>

<net id="555"><net_src comp="547" pin="3"/><net_sink comp="528" pin=2"/></net>

<net id="561"><net_src comp="0" pin="0"/><net_sink comp="556" pin=0"/></net>

<net id="562"><net_src comp="262" pin="0"/><net_sink comp="556" pin=1"/></net>

<net id="563"><net_src comp="268" pin="0"/><net_sink comp="556" pin=2"/></net>

<net id="564"><net_src comp="556" pin="3"/><net_sink comp="528" pin=0"/></net>

<net id="570"><net_src comp="0" pin="0"/><net_sink comp="565" pin=0"/></net>

<net id="571"><net_src comp="262" pin="0"/><net_sink comp="565" pin=1"/></net>

<net id="572"><net_src comp="270" pin="0"/><net_sink comp="565" pin=2"/></net>

<net id="573"><net_src comp="565" pin="3"/><net_sink comp="528" pin=2"/></net>

<net id="579"><net_src comp="0" pin="0"/><net_sink comp="574" pin=0"/></net>

<net id="580"><net_src comp="262" pin="0"/><net_sink comp="574" pin=1"/></net>

<net id="581"><net_src comp="272" pin="0"/><net_sink comp="574" pin=2"/></net>

<net id="582"><net_src comp="574" pin="3"/><net_sink comp="528" pin=0"/></net>

<net id="588"><net_src comp="0" pin="0"/><net_sink comp="583" pin=0"/></net>

<net id="589"><net_src comp="262" pin="0"/><net_sink comp="583" pin=1"/></net>

<net id="590"><net_src comp="274" pin="0"/><net_sink comp="583" pin=2"/></net>

<net id="591"><net_src comp="583" pin="3"/><net_sink comp="528" pin=2"/></net>

<net id="597"><net_src comp="0" pin="0"/><net_sink comp="592" pin=0"/></net>

<net id="598"><net_src comp="262" pin="0"/><net_sink comp="592" pin=1"/></net>

<net id="599"><net_src comp="276" pin="0"/><net_sink comp="592" pin=2"/></net>

<net id="600"><net_src comp="592" pin="3"/><net_sink comp="528" pin=0"/></net>

<net id="606"><net_src comp="0" pin="0"/><net_sink comp="601" pin=0"/></net>

<net id="607"><net_src comp="262" pin="0"/><net_sink comp="601" pin=1"/></net>

<net id="608"><net_src comp="278" pin="0"/><net_sink comp="601" pin=2"/></net>

<net id="609"><net_src comp="601" pin="3"/><net_sink comp="528" pin=2"/></net>

<net id="615"><net_src comp="0" pin="0"/><net_sink comp="610" pin=0"/></net>

<net id="616"><net_src comp="262" pin="0"/><net_sink comp="610" pin=1"/></net>

<net id="617"><net_src comp="280" pin="0"/><net_sink comp="610" pin=2"/></net>

<net id="618"><net_src comp="610" pin="3"/><net_sink comp="528" pin=0"/></net>

<net id="624"><net_src comp="0" pin="0"/><net_sink comp="619" pin=0"/></net>

<net id="625"><net_src comp="262" pin="0"/><net_sink comp="619" pin=1"/></net>

<net id="626"><net_src comp="282" pin="0"/><net_sink comp="619" pin=2"/></net>

<net id="627"><net_src comp="619" pin="3"/><net_sink comp="528" pin=2"/></net>

<net id="633"><net_src comp="0" pin="0"/><net_sink comp="628" pin=0"/></net>

<net id="634"><net_src comp="262" pin="0"/><net_sink comp="628" pin=1"/></net>

<net id="635"><net_src comp="284" pin="0"/><net_sink comp="628" pin=2"/></net>

<net id="636"><net_src comp="628" pin="3"/><net_sink comp="528" pin=0"/></net>

<net id="642"><net_src comp="0" pin="0"/><net_sink comp="637" pin=0"/></net>

<net id="643"><net_src comp="262" pin="0"/><net_sink comp="637" pin=1"/></net>

<net id="644"><net_src comp="286" pin="0"/><net_sink comp="637" pin=2"/></net>

<net id="645"><net_src comp="637" pin="3"/><net_sink comp="528" pin=2"/></net>

<net id="651"><net_src comp="0" pin="0"/><net_sink comp="646" pin=0"/></net>

<net id="652"><net_src comp="262" pin="0"/><net_sink comp="646" pin=1"/></net>

<net id="653"><net_src comp="288" pin="0"/><net_sink comp="646" pin=2"/></net>

<net id="654"><net_src comp="646" pin="3"/><net_sink comp="528" pin=0"/></net>

<net id="660"><net_src comp="0" pin="0"/><net_sink comp="655" pin=0"/></net>

<net id="661"><net_src comp="262" pin="0"/><net_sink comp="655" pin=1"/></net>

<net id="662"><net_src comp="290" pin="0"/><net_sink comp="655" pin=2"/></net>

<net id="663"><net_src comp="655" pin="3"/><net_sink comp="528" pin=2"/></net>

<net id="669"><net_src comp="0" pin="0"/><net_sink comp="664" pin=0"/></net>

<net id="670"><net_src comp="262" pin="0"/><net_sink comp="664" pin=1"/></net>

<net id="671"><net_src comp="292" pin="0"/><net_sink comp="664" pin=2"/></net>

<net id="672"><net_src comp="664" pin="3"/><net_sink comp="528" pin=0"/></net>

<net id="678"><net_src comp="0" pin="0"/><net_sink comp="673" pin=0"/></net>

<net id="679"><net_src comp="262" pin="0"/><net_sink comp="673" pin=1"/></net>

<net id="680"><net_src comp="294" pin="0"/><net_sink comp="673" pin=2"/></net>

<net id="681"><net_src comp="673" pin="3"/><net_sink comp="528" pin=2"/></net>

<net id="687"><net_src comp="0" pin="0"/><net_sink comp="682" pin=0"/></net>

<net id="688"><net_src comp="262" pin="0"/><net_sink comp="682" pin=1"/></net>

<net id="689"><net_src comp="296" pin="0"/><net_sink comp="682" pin=2"/></net>

<net id="690"><net_src comp="682" pin="3"/><net_sink comp="528" pin=0"/></net>

<net id="696"><net_src comp="0" pin="0"/><net_sink comp="691" pin=0"/></net>

<net id="697"><net_src comp="262" pin="0"/><net_sink comp="691" pin=1"/></net>

<net id="698"><net_src comp="298" pin="0"/><net_sink comp="691" pin=2"/></net>

<net id="699"><net_src comp="691" pin="3"/><net_sink comp="528" pin=2"/></net>

<net id="705"><net_src comp="0" pin="0"/><net_sink comp="700" pin=0"/></net>

<net id="706"><net_src comp="262" pin="0"/><net_sink comp="700" pin=1"/></net>

<net id="707"><net_src comp="300" pin="0"/><net_sink comp="700" pin=2"/></net>

<net id="708"><net_src comp="700" pin="3"/><net_sink comp="528" pin=0"/></net>

<net id="714"><net_src comp="0" pin="0"/><net_sink comp="709" pin=0"/></net>

<net id="715"><net_src comp="262" pin="0"/><net_sink comp="709" pin=1"/></net>

<net id="716"><net_src comp="302" pin="0"/><net_sink comp="709" pin=2"/></net>

<net id="717"><net_src comp="709" pin="3"/><net_sink comp="528" pin=2"/></net>

<net id="723"><net_src comp="0" pin="0"/><net_sink comp="718" pin=0"/></net>

<net id="724"><net_src comp="262" pin="0"/><net_sink comp="718" pin=1"/></net>

<net id="725"><net_src comp="304" pin="0"/><net_sink comp="718" pin=2"/></net>

<net id="726"><net_src comp="718" pin="3"/><net_sink comp="528" pin=0"/></net>

<net id="732"><net_src comp="0" pin="0"/><net_sink comp="727" pin=0"/></net>

<net id="733"><net_src comp="262" pin="0"/><net_sink comp="727" pin=1"/></net>

<net id="734"><net_src comp="306" pin="0"/><net_sink comp="727" pin=2"/></net>

<net id="735"><net_src comp="727" pin="3"/><net_sink comp="528" pin=2"/></net>

<net id="741"><net_src comp="0" pin="0"/><net_sink comp="736" pin=0"/></net>

<net id="742"><net_src comp="262" pin="0"/><net_sink comp="736" pin=1"/></net>

<net id="743"><net_src comp="308" pin="0"/><net_sink comp="736" pin=2"/></net>

<net id="744"><net_src comp="736" pin="3"/><net_sink comp="528" pin=0"/></net>

<net id="750"><net_src comp="0" pin="0"/><net_sink comp="745" pin=0"/></net>

<net id="751"><net_src comp="262" pin="0"/><net_sink comp="745" pin=1"/></net>

<net id="752"><net_src comp="310" pin="0"/><net_sink comp="745" pin=2"/></net>

<net id="753"><net_src comp="745" pin="3"/><net_sink comp="528" pin=2"/></net>

<net id="759"><net_src comp="0" pin="0"/><net_sink comp="754" pin=0"/></net>

<net id="760"><net_src comp="262" pin="0"/><net_sink comp="754" pin=1"/></net>

<net id="761"><net_src comp="312" pin="0"/><net_sink comp="754" pin=2"/></net>

<net id="762"><net_src comp="754" pin="3"/><net_sink comp="528" pin=0"/></net>

<net id="768"><net_src comp="0" pin="0"/><net_sink comp="763" pin=0"/></net>

<net id="769"><net_src comp="262" pin="0"/><net_sink comp="763" pin=1"/></net>

<net id="770"><net_src comp="314" pin="0"/><net_sink comp="763" pin=2"/></net>

<net id="771"><net_src comp="763" pin="3"/><net_sink comp="528" pin=2"/></net>

<net id="777"><net_src comp="0" pin="0"/><net_sink comp="772" pin=0"/></net>

<net id="778"><net_src comp="262" pin="0"/><net_sink comp="772" pin=1"/></net>

<net id="779"><net_src comp="316" pin="0"/><net_sink comp="772" pin=2"/></net>

<net id="780"><net_src comp="772" pin="3"/><net_sink comp="528" pin=0"/></net>

<net id="786"><net_src comp="0" pin="0"/><net_sink comp="781" pin=0"/></net>

<net id="787"><net_src comp="262" pin="0"/><net_sink comp="781" pin=1"/></net>

<net id="788"><net_src comp="318" pin="0"/><net_sink comp="781" pin=2"/></net>

<net id="789"><net_src comp="781" pin="3"/><net_sink comp="528" pin=2"/></net>

<net id="795"><net_src comp="0" pin="0"/><net_sink comp="790" pin=0"/></net>

<net id="796"><net_src comp="262" pin="0"/><net_sink comp="790" pin=1"/></net>

<net id="797"><net_src comp="320" pin="0"/><net_sink comp="790" pin=2"/></net>

<net id="798"><net_src comp="790" pin="3"/><net_sink comp="528" pin=0"/></net>

<net id="804"><net_src comp="0" pin="0"/><net_sink comp="799" pin=0"/></net>

<net id="805"><net_src comp="262" pin="0"/><net_sink comp="799" pin=1"/></net>

<net id="806"><net_src comp="322" pin="0"/><net_sink comp="799" pin=2"/></net>

<net id="807"><net_src comp="799" pin="3"/><net_sink comp="528" pin=2"/></net>

<net id="813"><net_src comp="0" pin="0"/><net_sink comp="808" pin=0"/></net>

<net id="814"><net_src comp="262" pin="0"/><net_sink comp="808" pin=1"/></net>

<net id="815"><net_src comp="324" pin="0"/><net_sink comp="808" pin=2"/></net>

<net id="816"><net_src comp="808" pin="3"/><net_sink comp="528" pin=0"/></net>

<net id="822"><net_src comp="0" pin="0"/><net_sink comp="817" pin=0"/></net>

<net id="823"><net_src comp="262" pin="0"/><net_sink comp="817" pin=1"/></net>

<net id="824"><net_src comp="326" pin="0"/><net_sink comp="817" pin=2"/></net>

<net id="825"><net_src comp="817" pin="3"/><net_sink comp="528" pin=2"/></net>

<net id="831"><net_src comp="0" pin="0"/><net_sink comp="826" pin=0"/></net>

<net id="832"><net_src comp="262" pin="0"/><net_sink comp="826" pin=1"/></net>

<net id="833"><net_src comp="328" pin="0"/><net_sink comp="826" pin=2"/></net>

<net id="834"><net_src comp="826" pin="3"/><net_sink comp="528" pin=0"/></net>

<net id="840"><net_src comp="0" pin="0"/><net_sink comp="835" pin=0"/></net>

<net id="841"><net_src comp="262" pin="0"/><net_sink comp="835" pin=1"/></net>

<net id="842"><net_src comp="330" pin="0"/><net_sink comp="835" pin=2"/></net>

<net id="843"><net_src comp="835" pin="3"/><net_sink comp="528" pin=2"/></net>

<net id="849"><net_src comp="0" pin="0"/><net_sink comp="844" pin=0"/></net>

<net id="850"><net_src comp="262" pin="0"/><net_sink comp="844" pin=1"/></net>

<net id="851"><net_src comp="332" pin="0"/><net_sink comp="844" pin=2"/></net>

<net id="852"><net_src comp="844" pin="3"/><net_sink comp="528" pin=0"/></net>

<net id="858"><net_src comp="0" pin="0"/><net_sink comp="853" pin=0"/></net>

<net id="859"><net_src comp="262" pin="0"/><net_sink comp="853" pin=1"/></net>

<net id="860"><net_src comp="334" pin="0"/><net_sink comp="853" pin=2"/></net>

<net id="861"><net_src comp="853" pin="3"/><net_sink comp="528" pin=2"/></net>

<net id="867"><net_src comp="0" pin="0"/><net_sink comp="862" pin=0"/></net>

<net id="868"><net_src comp="262" pin="0"/><net_sink comp="862" pin=1"/></net>

<net id="869"><net_src comp="336" pin="0"/><net_sink comp="862" pin=2"/></net>

<net id="870"><net_src comp="862" pin="3"/><net_sink comp="528" pin=0"/></net>

<net id="876"><net_src comp="0" pin="0"/><net_sink comp="871" pin=0"/></net>

<net id="877"><net_src comp="262" pin="0"/><net_sink comp="871" pin=1"/></net>

<net id="878"><net_src comp="338" pin="0"/><net_sink comp="871" pin=2"/></net>

<net id="879"><net_src comp="871" pin="3"/><net_sink comp="528" pin=2"/></net>

<net id="885"><net_src comp="0" pin="0"/><net_sink comp="880" pin=0"/></net>

<net id="886"><net_src comp="262" pin="0"/><net_sink comp="880" pin=1"/></net>

<net id="887"><net_src comp="340" pin="0"/><net_sink comp="880" pin=2"/></net>

<net id="888"><net_src comp="880" pin="3"/><net_sink comp="528" pin=0"/></net>

<net id="894"><net_src comp="0" pin="0"/><net_sink comp="889" pin=0"/></net>

<net id="895"><net_src comp="262" pin="0"/><net_sink comp="889" pin=1"/></net>

<net id="896"><net_src comp="342" pin="0"/><net_sink comp="889" pin=2"/></net>

<net id="897"><net_src comp="889" pin="3"/><net_sink comp="528" pin=2"/></net>

<net id="903"><net_src comp="0" pin="0"/><net_sink comp="898" pin=0"/></net>

<net id="904"><net_src comp="262" pin="0"/><net_sink comp="898" pin=1"/></net>

<net id="905"><net_src comp="344" pin="0"/><net_sink comp="898" pin=2"/></net>

<net id="906"><net_src comp="898" pin="3"/><net_sink comp="528" pin=0"/></net>

<net id="912"><net_src comp="0" pin="0"/><net_sink comp="907" pin=0"/></net>

<net id="913"><net_src comp="262" pin="0"/><net_sink comp="907" pin=1"/></net>

<net id="914"><net_src comp="346" pin="0"/><net_sink comp="907" pin=2"/></net>

<net id="915"><net_src comp="907" pin="3"/><net_sink comp="528" pin=2"/></net>

<net id="921"><net_src comp="0" pin="0"/><net_sink comp="916" pin=0"/></net>

<net id="922"><net_src comp="262" pin="0"/><net_sink comp="916" pin=1"/></net>

<net id="923"><net_src comp="348" pin="0"/><net_sink comp="916" pin=2"/></net>

<net id="924"><net_src comp="916" pin="3"/><net_sink comp="528" pin=0"/></net>

<net id="930"><net_src comp="0" pin="0"/><net_sink comp="925" pin=0"/></net>

<net id="931"><net_src comp="262" pin="0"/><net_sink comp="925" pin=1"/></net>

<net id="932"><net_src comp="350" pin="0"/><net_sink comp="925" pin=2"/></net>

<net id="933"><net_src comp="925" pin="3"/><net_sink comp="528" pin=2"/></net>

<net id="939"><net_src comp="0" pin="0"/><net_sink comp="934" pin=0"/></net>

<net id="940"><net_src comp="262" pin="0"/><net_sink comp="934" pin=1"/></net>

<net id="941"><net_src comp="352" pin="0"/><net_sink comp="934" pin=2"/></net>

<net id="942"><net_src comp="934" pin="3"/><net_sink comp="528" pin=0"/></net>

<net id="948"><net_src comp="0" pin="0"/><net_sink comp="943" pin=0"/></net>

<net id="949"><net_src comp="262" pin="0"/><net_sink comp="943" pin=1"/></net>

<net id="950"><net_src comp="354" pin="0"/><net_sink comp="943" pin=2"/></net>

<net id="951"><net_src comp="943" pin="3"/><net_sink comp="528" pin=2"/></net>

<net id="957"><net_src comp="0" pin="0"/><net_sink comp="952" pin=0"/></net>

<net id="958"><net_src comp="262" pin="0"/><net_sink comp="952" pin=1"/></net>

<net id="959"><net_src comp="356" pin="0"/><net_sink comp="952" pin=2"/></net>

<net id="960"><net_src comp="952" pin="3"/><net_sink comp="528" pin=0"/></net>

<net id="966"><net_src comp="0" pin="0"/><net_sink comp="961" pin=0"/></net>

<net id="967"><net_src comp="262" pin="0"/><net_sink comp="961" pin=1"/></net>

<net id="968"><net_src comp="358" pin="0"/><net_sink comp="961" pin=2"/></net>

<net id="969"><net_src comp="961" pin="3"/><net_sink comp="528" pin=2"/></net>

<net id="975"><net_src comp="0" pin="0"/><net_sink comp="970" pin=0"/></net>

<net id="976"><net_src comp="262" pin="0"/><net_sink comp="970" pin=1"/></net>

<net id="977"><net_src comp="360" pin="0"/><net_sink comp="970" pin=2"/></net>

<net id="978"><net_src comp="970" pin="3"/><net_sink comp="528" pin=0"/></net>

<net id="984"><net_src comp="0" pin="0"/><net_sink comp="979" pin=0"/></net>

<net id="985"><net_src comp="262" pin="0"/><net_sink comp="979" pin=1"/></net>

<net id="986"><net_src comp="362" pin="0"/><net_sink comp="979" pin=2"/></net>

<net id="987"><net_src comp="979" pin="3"/><net_sink comp="528" pin=2"/></net>

<net id="993"><net_src comp="0" pin="0"/><net_sink comp="988" pin=0"/></net>

<net id="994"><net_src comp="262" pin="0"/><net_sink comp="988" pin=1"/></net>

<net id="995"><net_src comp="364" pin="0"/><net_sink comp="988" pin=2"/></net>

<net id="996"><net_src comp="988" pin="3"/><net_sink comp="528" pin=0"/></net>

<net id="1002"><net_src comp="0" pin="0"/><net_sink comp="997" pin=0"/></net>

<net id="1003"><net_src comp="262" pin="0"/><net_sink comp="997" pin=1"/></net>

<net id="1004"><net_src comp="366" pin="0"/><net_sink comp="997" pin=2"/></net>

<net id="1005"><net_src comp="997" pin="3"/><net_sink comp="528" pin=2"/></net>

<net id="1011"><net_src comp="0" pin="0"/><net_sink comp="1006" pin=0"/></net>

<net id="1012"><net_src comp="262" pin="0"/><net_sink comp="1006" pin=1"/></net>

<net id="1013"><net_src comp="368" pin="0"/><net_sink comp="1006" pin=2"/></net>

<net id="1014"><net_src comp="1006" pin="3"/><net_sink comp="528" pin=0"/></net>

<net id="1020"><net_src comp="0" pin="0"/><net_sink comp="1015" pin=0"/></net>

<net id="1021"><net_src comp="262" pin="0"/><net_sink comp="1015" pin=1"/></net>

<net id="1022"><net_src comp="370" pin="0"/><net_sink comp="1015" pin=2"/></net>

<net id="1023"><net_src comp="1015" pin="3"/><net_sink comp="528" pin=2"/></net>

<net id="1029"><net_src comp="0" pin="0"/><net_sink comp="1024" pin=0"/></net>

<net id="1030"><net_src comp="262" pin="0"/><net_sink comp="1024" pin=1"/></net>

<net id="1031"><net_src comp="372" pin="0"/><net_sink comp="1024" pin=2"/></net>

<net id="1032"><net_src comp="1024" pin="3"/><net_sink comp="528" pin=0"/></net>

<net id="1038"><net_src comp="0" pin="0"/><net_sink comp="1033" pin=0"/></net>

<net id="1039"><net_src comp="262" pin="0"/><net_sink comp="1033" pin=1"/></net>

<net id="1040"><net_src comp="374" pin="0"/><net_sink comp="1033" pin=2"/></net>

<net id="1041"><net_src comp="1033" pin="3"/><net_sink comp="528" pin=2"/></net>

<net id="1047"><net_src comp="0" pin="0"/><net_sink comp="1042" pin=0"/></net>

<net id="1048"><net_src comp="262" pin="0"/><net_sink comp="1042" pin=1"/></net>

<net id="1049"><net_src comp="376" pin="0"/><net_sink comp="1042" pin=2"/></net>

<net id="1050"><net_src comp="1042" pin="3"/><net_sink comp="528" pin=0"/></net>

<net id="1056"><net_src comp="0" pin="0"/><net_sink comp="1051" pin=0"/></net>

<net id="1057"><net_src comp="262" pin="0"/><net_sink comp="1051" pin=1"/></net>

<net id="1058"><net_src comp="378" pin="0"/><net_sink comp="1051" pin=2"/></net>

<net id="1059"><net_src comp="1051" pin="3"/><net_sink comp="528" pin=2"/></net>

<net id="1065"><net_src comp="0" pin="0"/><net_sink comp="1060" pin=0"/></net>

<net id="1066"><net_src comp="262" pin="0"/><net_sink comp="1060" pin=1"/></net>

<net id="1067"><net_src comp="380" pin="0"/><net_sink comp="1060" pin=2"/></net>

<net id="1068"><net_src comp="1060" pin="3"/><net_sink comp="528" pin=0"/></net>

<net id="1074"><net_src comp="0" pin="0"/><net_sink comp="1069" pin=0"/></net>

<net id="1075"><net_src comp="262" pin="0"/><net_sink comp="1069" pin=1"/></net>

<net id="1076"><net_src comp="382" pin="0"/><net_sink comp="1069" pin=2"/></net>

<net id="1077"><net_src comp="1069" pin="3"/><net_sink comp="528" pin=2"/></net>

<net id="1083"><net_src comp="0" pin="0"/><net_sink comp="1078" pin=0"/></net>

<net id="1084"><net_src comp="262" pin="0"/><net_sink comp="1078" pin=1"/></net>

<net id="1085"><net_src comp="384" pin="0"/><net_sink comp="1078" pin=2"/></net>

<net id="1086"><net_src comp="1078" pin="3"/><net_sink comp="528" pin=0"/></net>

<net id="1092"><net_src comp="0" pin="0"/><net_sink comp="1087" pin=0"/></net>

<net id="1093"><net_src comp="262" pin="0"/><net_sink comp="1087" pin=1"/></net>

<net id="1094"><net_src comp="386" pin="0"/><net_sink comp="1087" pin=2"/></net>

<net id="1095"><net_src comp="1087" pin="3"/><net_sink comp="528" pin=2"/></net>

<net id="1101"><net_src comp="0" pin="0"/><net_sink comp="1096" pin=0"/></net>

<net id="1102"><net_src comp="262" pin="0"/><net_sink comp="1096" pin=1"/></net>

<net id="1103"><net_src comp="388" pin="0"/><net_sink comp="1096" pin=2"/></net>

<net id="1104"><net_src comp="1096" pin="3"/><net_sink comp="528" pin=0"/></net>

<net id="1110"><net_src comp="0" pin="0"/><net_sink comp="1105" pin=0"/></net>

<net id="1111"><net_src comp="262" pin="0"/><net_sink comp="1105" pin=1"/></net>

<net id="1112"><net_src comp="390" pin="0"/><net_sink comp="1105" pin=2"/></net>

<net id="1113"><net_src comp="1105" pin="3"/><net_sink comp="528" pin=2"/></net>

<net id="1119"><net_src comp="0" pin="0"/><net_sink comp="1114" pin=0"/></net>

<net id="1120"><net_src comp="262" pin="0"/><net_sink comp="1114" pin=1"/></net>

<net id="1121"><net_src comp="392" pin="0"/><net_sink comp="1114" pin=2"/></net>

<net id="1122"><net_src comp="1114" pin="3"/><net_sink comp="528" pin=0"/></net>

<net id="1128"><net_src comp="0" pin="0"/><net_sink comp="1123" pin=0"/></net>

<net id="1129"><net_src comp="262" pin="0"/><net_sink comp="1123" pin=1"/></net>

<net id="1130"><net_src comp="394" pin="0"/><net_sink comp="1123" pin=2"/></net>

<net id="1131"><net_src comp="1123" pin="3"/><net_sink comp="528" pin=2"/></net>

<net id="1137"><net_src comp="0" pin="0"/><net_sink comp="1132" pin=0"/></net>

<net id="1138"><net_src comp="262" pin="0"/><net_sink comp="1132" pin=1"/></net>

<net id="1139"><net_src comp="396" pin="0"/><net_sink comp="1132" pin=2"/></net>

<net id="1140"><net_src comp="1132" pin="3"/><net_sink comp="528" pin=0"/></net>

<net id="1146"><net_src comp="0" pin="0"/><net_sink comp="1141" pin=0"/></net>

<net id="1147"><net_src comp="262" pin="0"/><net_sink comp="1141" pin=1"/></net>

<net id="1148"><net_src comp="398" pin="0"/><net_sink comp="1141" pin=2"/></net>

<net id="1149"><net_src comp="1141" pin="3"/><net_sink comp="528" pin=2"/></net>

<net id="1155"><net_src comp="0" pin="0"/><net_sink comp="1150" pin=0"/></net>

<net id="1156"><net_src comp="262" pin="0"/><net_sink comp="1150" pin=1"/></net>

<net id="1157"><net_src comp="400" pin="0"/><net_sink comp="1150" pin=2"/></net>

<net id="1158"><net_src comp="1150" pin="3"/><net_sink comp="528" pin=0"/></net>

<net id="1164"><net_src comp="0" pin="0"/><net_sink comp="1159" pin=0"/></net>

<net id="1165"><net_src comp="262" pin="0"/><net_sink comp="1159" pin=1"/></net>

<net id="1166"><net_src comp="402" pin="0"/><net_sink comp="1159" pin=2"/></net>

<net id="1167"><net_src comp="1159" pin="3"/><net_sink comp="528" pin=2"/></net>

<net id="1173"><net_src comp="0" pin="0"/><net_sink comp="1168" pin=0"/></net>

<net id="1174"><net_src comp="262" pin="0"/><net_sink comp="1168" pin=1"/></net>

<net id="1175"><net_src comp="404" pin="0"/><net_sink comp="1168" pin=2"/></net>

<net id="1176"><net_src comp="1168" pin="3"/><net_sink comp="528" pin=0"/></net>

<net id="1182"><net_src comp="0" pin="0"/><net_sink comp="1177" pin=0"/></net>

<net id="1183"><net_src comp="262" pin="0"/><net_sink comp="1177" pin=1"/></net>

<net id="1184"><net_src comp="406" pin="0"/><net_sink comp="1177" pin=2"/></net>

<net id="1185"><net_src comp="1177" pin="3"/><net_sink comp="528" pin=2"/></net>

<net id="1191"><net_src comp="0" pin="0"/><net_sink comp="1186" pin=0"/></net>

<net id="1192"><net_src comp="262" pin="0"/><net_sink comp="1186" pin=1"/></net>

<net id="1193"><net_src comp="408" pin="0"/><net_sink comp="1186" pin=2"/></net>

<net id="1194"><net_src comp="1186" pin="3"/><net_sink comp="528" pin=0"/></net>

<net id="1200"><net_src comp="0" pin="0"/><net_sink comp="1195" pin=0"/></net>

<net id="1201"><net_src comp="262" pin="0"/><net_sink comp="1195" pin=1"/></net>

<net id="1202"><net_src comp="410" pin="0"/><net_sink comp="1195" pin=2"/></net>

<net id="1203"><net_src comp="1195" pin="3"/><net_sink comp="528" pin=2"/></net>

<net id="1209"><net_src comp="0" pin="0"/><net_sink comp="1204" pin=0"/></net>

<net id="1210"><net_src comp="262" pin="0"/><net_sink comp="1204" pin=1"/></net>

<net id="1211"><net_src comp="412" pin="0"/><net_sink comp="1204" pin=2"/></net>

<net id="1212"><net_src comp="1204" pin="3"/><net_sink comp="528" pin=0"/></net>

<net id="1218"><net_src comp="0" pin="0"/><net_sink comp="1213" pin=0"/></net>

<net id="1219"><net_src comp="262" pin="0"/><net_sink comp="1213" pin=1"/></net>

<net id="1220"><net_src comp="414" pin="0"/><net_sink comp="1213" pin=2"/></net>

<net id="1221"><net_src comp="1213" pin="3"/><net_sink comp="528" pin=2"/></net>

<net id="1227"><net_src comp="0" pin="0"/><net_sink comp="1222" pin=0"/></net>

<net id="1228"><net_src comp="262" pin="0"/><net_sink comp="1222" pin=1"/></net>

<net id="1229"><net_src comp="416" pin="0"/><net_sink comp="1222" pin=2"/></net>

<net id="1230"><net_src comp="1222" pin="3"/><net_sink comp="528" pin=0"/></net>

<net id="1236"><net_src comp="0" pin="0"/><net_sink comp="1231" pin=0"/></net>

<net id="1237"><net_src comp="262" pin="0"/><net_sink comp="1231" pin=1"/></net>

<net id="1238"><net_src comp="418" pin="0"/><net_sink comp="1231" pin=2"/></net>

<net id="1239"><net_src comp="1231" pin="3"/><net_sink comp="528" pin=2"/></net>

<net id="1245"><net_src comp="0" pin="0"/><net_sink comp="1240" pin=0"/></net>

<net id="1246"><net_src comp="262" pin="0"/><net_sink comp="1240" pin=1"/></net>

<net id="1247"><net_src comp="420" pin="0"/><net_sink comp="1240" pin=2"/></net>

<net id="1248"><net_src comp="1240" pin="3"/><net_sink comp="528" pin=0"/></net>

<net id="1254"><net_src comp="0" pin="0"/><net_sink comp="1249" pin=0"/></net>

<net id="1255"><net_src comp="262" pin="0"/><net_sink comp="1249" pin=1"/></net>

<net id="1256"><net_src comp="422" pin="0"/><net_sink comp="1249" pin=2"/></net>

<net id="1257"><net_src comp="1249" pin="3"/><net_sink comp="528" pin=2"/></net>

<net id="1263"><net_src comp="0" pin="0"/><net_sink comp="1258" pin=0"/></net>

<net id="1264"><net_src comp="262" pin="0"/><net_sink comp="1258" pin=1"/></net>

<net id="1265"><net_src comp="424" pin="0"/><net_sink comp="1258" pin=2"/></net>

<net id="1266"><net_src comp="1258" pin="3"/><net_sink comp="528" pin=0"/></net>

<net id="1272"><net_src comp="0" pin="0"/><net_sink comp="1267" pin=0"/></net>

<net id="1273"><net_src comp="262" pin="0"/><net_sink comp="1267" pin=1"/></net>

<net id="1274"><net_src comp="426" pin="0"/><net_sink comp="1267" pin=2"/></net>

<net id="1275"><net_src comp="1267" pin="3"/><net_sink comp="528" pin=2"/></net>

<net id="1281"><net_src comp="0" pin="0"/><net_sink comp="1276" pin=0"/></net>

<net id="1282"><net_src comp="262" pin="0"/><net_sink comp="1276" pin=1"/></net>

<net id="1283"><net_src comp="428" pin="0"/><net_sink comp="1276" pin=2"/></net>

<net id="1284"><net_src comp="1276" pin="3"/><net_sink comp="528" pin=0"/></net>

<net id="1290"><net_src comp="0" pin="0"/><net_sink comp="1285" pin=0"/></net>

<net id="1291"><net_src comp="262" pin="0"/><net_sink comp="1285" pin=1"/></net>

<net id="1292"><net_src comp="430" pin="0"/><net_sink comp="1285" pin=2"/></net>

<net id="1293"><net_src comp="1285" pin="3"/><net_sink comp="528" pin=2"/></net>

<net id="1299"><net_src comp="0" pin="0"/><net_sink comp="1294" pin=0"/></net>

<net id="1300"><net_src comp="262" pin="0"/><net_sink comp="1294" pin=1"/></net>

<net id="1301"><net_src comp="432" pin="0"/><net_sink comp="1294" pin=2"/></net>

<net id="1302"><net_src comp="1294" pin="3"/><net_sink comp="528" pin=0"/></net>

<net id="1308"><net_src comp="0" pin="0"/><net_sink comp="1303" pin=0"/></net>

<net id="1309"><net_src comp="262" pin="0"/><net_sink comp="1303" pin=1"/></net>

<net id="1310"><net_src comp="434" pin="0"/><net_sink comp="1303" pin=2"/></net>

<net id="1311"><net_src comp="1303" pin="3"/><net_sink comp="528" pin=2"/></net>

<net id="1317"><net_src comp="0" pin="0"/><net_sink comp="1312" pin=0"/></net>

<net id="1318"><net_src comp="262" pin="0"/><net_sink comp="1312" pin=1"/></net>

<net id="1319"><net_src comp="436" pin="0"/><net_sink comp="1312" pin=2"/></net>

<net id="1320"><net_src comp="1312" pin="3"/><net_sink comp="528" pin=0"/></net>

<net id="1326"><net_src comp="0" pin="0"/><net_sink comp="1321" pin=0"/></net>

<net id="1327"><net_src comp="262" pin="0"/><net_sink comp="1321" pin=1"/></net>

<net id="1328"><net_src comp="438" pin="0"/><net_sink comp="1321" pin=2"/></net>

<net id="1329"><net_src comp="1321" pin="3"/><net_sink comp="528" pin=2"/></net>

<net id="1335"><net_src comp="0" pin="0"/><net_sink comp="1330" pin=0"/></net>

<net id="1336"><net_src comp="262" pin="0"/><net_sink comp="1330" pin=1"/></net>

<net id="1337"><net_src comp="440" pin="0"/><net_sink comp="1330" pin=2"/></net>

<net id="1338"><net_src comp="1330" pin="3"/><net_sink comp="528" pin=0"/></net>

<net id="1344"><net_src comp="0" pin="0"/><net_sink comp="1339" pin=0"/></net>

<net id="1345"><net_src comp="262" pin="0"/><net_sink comp="1339" pin=1"/></net>

<net id="1346"><net_src comp="442" pin="0"/><net_sink comp="1339" pin=2"/></net>

<net id="1347"><net_src comp="1339" pin="3"/><net_sink comp="528" pin=2"/></net>

<net id="1353"><net_src comp="0" pin="0"/><net_sink comp="1348" pin=0"/></net>

<net id="1354"><net_src comp="262" pin="0"/><net_sink comp="1348" pin=1"/></net>

<net id="1355"><net_src comp="444" pin="0"/><net_sink comp="1348" pin=2"/></net>

<net id="1356"><net_src comp="1348" pin="3"/><net_sink comp="528" pin=0"/></net>

<net id="1362"><net_src comp="0" pin="0"/><net_sink comp="1357" pin=0"/></net>

<net id="1363"><net_src comp="262" pin="0"/><net_sink comp="1357" pin=1"/></net>

<net id="1364"><net_src comp="446" pin="0"/><net_sink comp="1357" pin=2"/></net>

<net id="1365"><net_src comp="1357" pin="3"/><net_sink comp="528" pin=2"/></net>

<net id="1371"><net_src comp="0" pin="0"/><net_sink comp="1366" pin=0"/></net>

<net id="1372"><net_src comp="262" pin="0"/><net_sink comp="1366" pin=1"/></net>

<net id="1373"><net_src comp="448" pin="0"/><net_sink comp="1366" pin=2"/></net>

<net id="1374"><net_src comp="1366" pin="3"/><net_sink comp="528" pin=0"/></net>

<net id="1380"><net_src comp="0" pin="0"/><net_sink comp="1375" pin=0"/></net>

<net id="1381"><net_src comp="262" pin="0"/><net_sink comp="1375" pin=1"/></net>

<net id="1382"><net_src comp="450" pin="0"/><net_sink comp="1375" pin=2"/></net>

<net id="1383"><net_src comp="1375" pin="3"/><net_sink comp="528" pin=2"/></net>

<net id="1389"><net_src comp="0" pin="0"/><net_sink comp="1384" pin=0"/></net>

<net id="1390"><net_src comp="262" pin="0"/><net_sink comp="1384" pin=1"/></net>

<net id="1391"><net_src comp="452" pin="0"/><net_sink comp="1384" pin=2"/></net>

<net id="1392"><net_src comp="1384" pin="3"/><net_sink comp="528" pin=0"/></net>

<net id="1398"><net_src comp="0" pin="0"/><net_sink comp="1393" pin=0"/></net>

<net id="1399"><net_src comp="262" pin="0"/><net_sink comp="1393" pin=1"/></net>

<net id="1400"><net_src comp="454" pin="0"/><net_sink comp="1393" pin=2"/></net>

<net id="1401"><net_src comp="1393" pin="3"/><net_sink comp="528" pin=2"/></net>

<net id="1407"><net_src comp="0" pin="0"/><net_sink comp="1402" pin=0"/></net>

<net id="1408"><net_src comp="262" pin="0"/><net_sink comp="1402" pin=1"/></net>

<net id="1409"><net_src comp="456" pin="0"/><net_sink comp="1402" pin=2"/></net>

<net id="1410"><net_src comp="1402" pin="3"/><net_sink comp="528" pin=0"/></net>

<net id="1416"><net_src comp="0" pin="0"/><net_sink comp="1411" pin=0"/></net>

<net id="1417"><net_src comp="262" pin="0"/><net_sink comp="1411" pin=1"/></net>

<net id="1418"><net_src comp="458" pin="0"/><net_sink comp="1411" pin=2"/></net>

<net id="1419"><net_src comp="1411" pin="3"/><net_sink comp="528" pin=2"/></net>

<net id="1425"><net_src comp="0" pin="0"/><net_sink comp="1420" pin=0"/></net>

<net id="1426"><net_src comp="262" pin="0"/><net_sink comp="1420" pin=1"/></net>

<net id="1427"><net_src comp="460" pin="0"/><net_sink comp="1420" pin=2"/></net>

<net id="1428"><net_src comp="1420" pin="3"/><net_sink comp="528" pin=0"/></net>

<net id="1434"><net_src comp="0" pin="0"/><net_sink comp="1429" pin=0"/></net>

<net id="1435"><net_src comp="262" pin="0"/><net_sink comp="1429" pin=1"/></net>

<net id="1436"><net_src comp="462" pin="0"/><net_sink comp="1429" pin=2"/></net>

<net id="1437"><net_src comp="1429" pin="3"/><net_sink comp="528" pin=2"/></net>

<net id="1443"><net_src comp="0" pin="0"/><net_sink comp="1438" pin=0"/></net>

<net id="1444"><net_src comp="262" pin="0"/><net_sink comp="1438" pin=1"/></net>

<net id="1445"><net_src comp="464" pin="0"/><net_sink comp="1438" pin=2"/></net>

<net id="1446"><net_src comp="1438" pin="3"/><net_sink comp="528" pin=0"/></net>

<net id="1452"><net_src comp="0" pin="0"/><net_sink comp="1447" pin=0"/></net>

<net id="1453"><net_src comp="262" pin="0"/><net_sink comp="1447" pin=1"/></net>

<net id="1454"><net_src comp="466" pin="0"/><net_sink comp="1447" pin=2"/></net>

<net id="1455"><net_src comp="1447" pin="3"/><net_sink comp="528" pin=2"/></net>

<net id="1461"><net_src comp="0" pin="0"/><net_sink comp="1456" pin=0"/></net>

<net id="1462"><net_src comp="262" pin="0"/><net_sink comp="1456" pin=1"/></net>

<net id="1463"><net_src comp="468" pin="0"/><net_sink comp="1456" pin=2"/></net>

<net id="1464"><net_src comp="1456" pin="3"/><net_sink comp="528" pin=0"/></net>

<net id="1470"><net_src comp="0" pin="0"/><net_sink comp="1465" pin=0"/></net>

<net id="1471"><net_src comp="262" pin="0"/><net_sink comp="1465" pin=1"/></net>

<net id="1472"><net_src comp="470" pin="0"/><net_sink comp="1465" pin=2"/></net>

<net id="1473"><net_src comp="1465" pin="3"/><net_sink comp="528" pin=2"/></net>

<net id="1479"><net_src comp="0" pin="0"/><net_sink comp="1474" pin=0"/></net>

<net id="1480"><net_src comp="262" pin="0"/><net_sink comp="1474" pin=1"/></net>

<net id="1481"><net_src comp="472" pin="0"/><net_sink comp="1474" pin=2"/></net>

<net id="1482"><net_src comp="1474" pin="3"/><net_sink comp="528" pin=0"/></net>

<net id="1488"><net_src comp="0" pin="0"/><net_sink comp="1483" pin=0"/></net>

<net id="1489"><net_src comp="262" pin="0"/><net_sink comp="1483" pin=1"/></net>

<net id="1490"><net_src comp="474" pin="0"/><net_sink comp="1483" pin=2"/></net>

<net id="1491"><net_src comp="1483" pin="3"/><net_sink comp="528" pin=2"/></net>

<net id="1497"><net_src comp="0" pin="0"/><net_sink comp="1492" pin=0"/></net>

<net id="1498"><net_src comp="262" pin="0"/><net_sink comp="1492" pin=1"/></net>

<net id="1499"><net_src comp="476" pin="0"/><net_sink comp="1492" pin=2"/></net>

<net id="1500"><net_src comp="1492" pin="3"/><net_sink comp="528" pin=0"/></net>

<net id="1506"><net_src comp="0" pin="0"/><net_sink comp="1501" pin=0"/></net>

<net id="1507"><net_src comp="262" pin="0"/><net_sink comp="1501" pin=1"/></net>

<net id="1508"><net_src comp="478" pin="0"/><net_sink comp="1501" pin=2"/></net>

<net id="1509"><net_src comp="1501" pin="3"/><net_sink comp="528" pin=2"/></net>

<net id="1515"><net_src comp="0" pin="0"/><net_sink comp="1510" pin=0"/></net>

<net id="1516"><net_src comp="262" pin="0"/><net_sink comp="1510" pin=1"/></net>

<net id="1517"><net_src comp="480" pin="0"/><net_sink comp="1510" pin=2"/></net>

<net id="1518"><net_src comp="1510" pin="3"/><net_sink comp="528" pin=0"/></net>

<net id="1524"><net_src comp="0" pin="0"/><net_sink comp="1519" pin=0"/></net>

<net id="1525"><net_src comp="262" pin="0"/><net_sink comp="1519" pin=1"/></net>

<net id="1526"><net_src comp="482" pin="0"/><net_sink comp="1519" pin=2"/></net>

<net id="1527"><net_src comp="1519" pin="3"/><net_sink comp="528" pin=2"/></net>

<net id="1533"><net_src comp="0" pin="0"/><net_sink comp="1528" pin=0"/></net>

<net id="1534"><net_src comp="262" pin="0"/><net_sink comp="1528" pin=1"/></net>

<net id="1535"><net_src comp="484" pin="0"/><net_sink comp="1528" pin=2"/></net>

<net id="1536"><net_src comp="1528" pin="3"/><net_sink comp="528" pin=0"/></net>

<net id="1542"><net_src comp="0" pin="0"/><net_sink comp="1537" pin=0"/></net>

<net id="1543"><net_src comp="262" pin="0"/><net_sink comp="1537" pin=1"/></net>

<net id="1544"><net_src comp="486" pin="0"/><net_sink comp="1537" pin=2"/></net>

<net id="1545"><net_src comp="1537" pin="3"/><net_sink comp="528" pin=2"/></net>

<net id="1551"><net_src comp="0" pin="0"/><net_sink comp="1546" pin=0"/></net>

<net id="1552"><net_src comp="262" pin="0"/><net_sink comp="1546" pin=1"/></net>

<net id="1553"><net_src comp="488" pin="0"/><net_sink comp="1546" pin=2"/></net>

<net id="1554"><net_src comp="1546" pin="3"/><net_sink comp="528" pin=0"/></net>

<net id="1560"><net_src comp="0" pin="0"/><net_sink comp="1555" pin=0"/></net>

<net id="1561"><net_src comp="262" pin="0"/><net_sink comp="1555" pin=1"/></net>

<net id="1562"><net_src comp="490" pin="0"/><net_sink comp="1555" pin=2"/></net>

<net id="1563"><net_src comp="1555" pin="3"/><net_sink comp="528" pin=2"/></net>

<net id="1569"><net_src comp="0" pin="0"/><net_sink comp="1564" pin=0"/></net>

<net id="1570"><net_src comp="262" pin="0"/><net_sink comp="1564" pin=1"/></net>

<net id="1571"><net_src comp="492" pin="0"/><net_sink comp="1564" pin=2"/></net>

<net id="1572"><net_src comp="1564" pin="3"/><net_sink comp="528" pin=0"/></net>

<net id="1578"><net_src comp="0" pin="0"/><net_sink comp="1573" pin=0"/></net>

<net id="1579"><net_src comp="262" pin="0"/><net_sink comp="1573" pin=1"/></net>

<net id="1580"><net_src comp="494" pin="0"/><net_sink comp="1573" pin=2"/></net>

<net id="1581"><net_src comp="1573" pin="3"/><net_sink comp="528" pin=2"/></net>

<net id="1587"><net_src comp="0" pin="0"/><net_sink comp="1582" pin=0"/></net>

<net id="1588"><net_src comp="262" pin="0"/><net_sink comp="1582" pin=1"/></net>

<net id="1589"><net_src comp="496" pin="0"/><net_sink comp="1582" pin=2"/></net>

<net id="1590"><net_src comp="1582" pin="3"/><net_sink comp="528" pin=0"/></net>

<net id="1596"><net_src comp="0" pin="0"/><net_sink comp="1591" pin=0"/></net>

<net id="1597"><net_src comp="262" pin="0"/><net_sink comp="1591" pin=1"/></net>

<net id="1598"><net_src comp="498" pin="0"/><net_sink comp="1591" pin=2"/></net>

<net id="1599"><net_src comp="1591" pin="3"/><net_sink comp="528" pin=2"/></net>

<net id="1605"><net_src comp="0" pin="0"/><net_sink comp="1600" pin=0"/></net>

<net id="1606"><net_src comp="262" pin="0"/><net_sink comp="1600" pin=1"/></net>

<net id="1607"><net_src comp="500" pin="0"/><net_sink comp="1600" pin=2"/></net>

<net id="1608"><net_src comp="1600" pin="3"/><net_sink comp="528" pin=0"/></net>

<net id="1614"><net_src comp="0" pin="0"/><net_sink comp="1609" pin=0"/></net>

<net id="1615"><net_src comp="262" pin="0"/><net_sink comp="1609" pin=1"/></net>

<net id="1616"><net_src comp="502" pin="0"/><net_sink comp="1609" pin=2"/></net>

<net id="1617"><net_src comp="1609" pin="3"/><net_sink comp="528" pin=2"/></net>

<net id="1623"><net_src comp="0" pin="0"/><net_sink comp="1618" pin=0"/></net>

<net id="1624"><net_src comp="262" pin="0"/><net_sink comp="1618" pin=1"/></net>

<net id="1625"><net_src comp="504" pin="0"/><net_sink comp="1618" pin=2"/></net>

<net id="1626"><net_src comp="1618" pin="3"/><net_sink comp="528" pin=0"/></net>

<net id="1632"><net_src comp="0" pin="0"/><net_sink comp="1627" pin=0"/></net>

<net id="1633"><net_src comp="262" pin="0"/><net_sink comp="1627" pin=1"/></net>

<net id="1634"><net_src comp="506" pin="0"/><net_sink comp="1627" pin=2"/></net>

<net id="1635"><net_src comp="1627" pin="3"/><net_sink comp="528" pin=2"/></net>

<net id="1641"><net_src comp="0" pin="0"/><net_sink comp="1636" pin=0"/></net>

<net id="1642"><net_src comp="262" pin="0"/><net_sink comp="1636" pin=1"/></net>

<net id="1643"><net_src comp="508" pin="0"/><net_sink comp="1636" pin=2"/></net>

<net id="1644"><net_src comp="1636" pin="3"/><net_sink comp="528" pin=0"/></net>

<net id="1650"><net_src comp="0" pin="0"/><net_sink comp="1645" pin=0"/></net>

<net id="1651"><net_src comp="262" pin="0"/><net_sink comp="1645" pin=1"/></net>

<net id="1652"><net_src comp="510" pin="0"/><net_sink comp="1645" pin=2"/></net>

<net id="1653"><net_src comp="1645" pin="3"/><net_sink comp="528" pin=2"/></net>

<net id="1659"><net_src comp="0" pin="0"/><net_sink comp="1654" pin=0"/></net>

<net id="1660"><net_src comp="262" pin="0"/><net_sink comp="1654" pin=1"/></net>

<net id="1661"><net_src comp="512" pin="0"/><net_sink comp="1654" pin=2"/></net>

<net id="1662"><net_src comp="1654" pin="3"/><net_sink comp="528" pin=0"/></net>

<net id="1668"><net_src comp="0" pin="0"/><net_sink comp="1663" pin=0"/></net>

<net id="1669"><net_src comp="262" pin="0"/><net_sink comp="1663" pin=1"/></net>

<net id="1670"><net_src comp="514" pin="0"/><net_sink comp="1663" pin=2"/></net>

<net id="1671"><net_src comp="1663" pin="3"/><net_sink comp="528" pin=2"/></net>

<net id="1677"><net_src comp="0" pin="0"/><net_sink comp="1672" pin=0"/></net>

<net id="1678"><net_src comp="262" pin="0"/><net_sink comp="1672" pin=1"/></net>

<net id="1679"><net_src comp="516" pin="0"/><net_sink comp="1672" pin=2"/></net>

<net id="1680"><net_src comp="1672" pin="3"/><net_sink comp="528" pin=0"/></net>

<net id="1942"><net_src comp="518" pin="0"/><net_sink comp="1681" pin=0"/></net>

<net id="1943"><net_src comp="528" pin="7"/><net_sink comp="1681" pin=3"/></net>

<net id="1944"><net_src comp="528" pin="3"/><net_sink comp="1681" pin=126"/></net>

<net id="1945"><net_src comp="2" pin="0"/><net_sink comp="1681" pin=129"/></net>

<net id="1946"><net_src comp="4" pin="0"/><net_sink comp="1681" pin=130"/></net>

<net id="1947"><net_src comp="6" pin="0"/><net_sink comp="1681" pin=131"/></net>

<net id="1948"><net_src comp="8" pin="0"/><net_sink comp="1681" pin=132"/></net>

<net id="1949"><net_src comp="10" pin="0"/><net_sink comp="1681" pin=133"/></net>

<net id="1950"><net_src comp="12" pin="0"/><net_sink comp="1681" pin=134"/></net>

<net id="1951"><net_src comp="14" pin="0"/><net_sink comp="1681" pin=135"/></net>

<net id="1952"><net_src comp="16" pin="0"/><net_sink comp="1681" pin=136"/></net>

<net id="1953"><net_src comp="18" pin="0"/><net_sink comp="1681" pin=137"/></net>

<net id="1954"><net_src comp="20" pin="0"/><net_sink comp="1681" pin=138"/></net>

<net id="1955"><net_src comp="22" pin="0"/><net_sink comp="1681" pin=139"/></net>

<net id="1956"><net_src comp="24" pin="0"/><net_sink comp="1681" pin=140"/></net>

<net id="1957"><net_src comp="26" pin="0"/><net_sink comp="1681" pin=141"/></net>

<net id="1958"><net_src comp="28" pin="0"/><net_sink comp="1681" pin=142"/></net>

<net id="1959"><net_src comp="30" pin="0"/><net_sink comp="1681" pin=143"/></net>

<net id="1960"><net_src comp="32" pin="0"/><net_sink comp="1681" pin=144"/></net>

<net id="1961"><net_src comp="34" pin="0"/><net_sink comp="1681" pin=145"/></net>

<net id="1962"><net_src comp="36" pin="0"/><net_sink comp="1681" pin=146"/></net>

<net id="1963"><net_src comp="38" pin="0"/><net_sink comp="1681" pin=147"/></net>

<net id="1964"><net_src comp="40" pin="0"/><net_sink comp="1681" pin=148"/></net>

<net id="1965"><net_src comp="42" pin="0"/><net_sink comp="1681" pin=149"/></net>

<net id="1966"><net_src comp="44" pin="0"/><net_sink comp="1681" pin=150"/></net>

<net id="1967"><net_src comp="46" pin="0"/><net_sink comp="1681" pin=151"/></net>

<net id="1968"><net_src comp="48" pin="0"/><net_sink comp="1681" pin=152"/></net>

<net id="1969"><net_src comp="50" pin="0"/><net_sink comp="1681" pin=153"/></net>

<net id="1970"><net_src comp="52" pin="0"/><net_sink comp="1681" pin=154"/></net>

<net id="1971"><net_src comp="54" pin="0"/><net_sink comp="1681" pin=155"/></net>

<net id="1972"><net_src comp="56" pin="0"/><net_sink comp="1681" pin=156"/></net>

<net id="1973"><net_src comp="58" pin="0"/><net_sink comp="1681" pin=157"/></net>

<net id="1974"><net_src comp="60" pin="0"/><net_sink comp="1681" pin=158"/></net>

<net id="1975"><net_src comp="62" pin="0"/><net_sink comp="1681" pin=159"/></net>

<net id="1976"><net_src comp="64" pin="0"/><net_sink comp="1681" pin=160"/></net>

<net id="1977"><net_src comp="66" pin="0"/><net_sink comp="1681" pin=161"/></net>

<net id="1978"><net_src comp="68" pin="0"/><net_sink comp="1681" pin=162"/></net>

<net id="1979"><net_src comp="70" pin="0"/><net_sink comp="1681" pin=163"/></net>

<net id="1980"><net_src comp="72" pin="0"/><net_sink comp="1681" pin=164"/></net>

<net id="1981"><net_src comp="74" pin="0"/><net_sink comp="1681" pin=165"/></net>

<net id="1982"><net_src comp="76" pin="0"/><net_sink comp="1681" pin=166"/></net>

<net id="1983"><net_src comp="78" pin="0"/><net_sink comp="1681" pin=167"/></net>

<net id="1984"><net_src comp="80" pin="0"/><net_sink comp="1681" pin=168"/></net>

<net id="1985"><net_src comp="82" pin="0"/><net_sink comp="1681" pin=169"/></net>

<net id="1986"><net_src comp="84" pin="0"/><net_sink comp="1681" pin=170"/></net>

<net id="1987"><net_src comp="86" pin="0"/><net_sink comp="1681" pin=171"/></net>

<net id="1988"><net_src comp="88" pin="0"/><net_sink comp="1681" pin=172"/></net>

<net id="1989"><net_src comp="90" pin="0"/><net_sink comp="1681" pin=173"/></net>

<net id="1990"><net_src comp="92" pin="0"/><net_sink comp="1681" pin=174"/></net>

<net id="1991"><net_src comp="94" pin="0"/><net_sink comp="1681" pin=175"/></net>

<net id="1992"><net_src comp="96" pin="0"/><net_sink comp="1681" pin=176"/></net>

<net id="1993"><net_src comp="98" pin="0"/><net_sink comp="1681" pin=177"/></net>

<net id="1994"><net_src comp="100" pin="0"/><net_sink comp="1681" pin=178"/></net>

<net id="1995"><net_src comp="102" pin="0"/><net_sink comp="1681" pin=179"/></net>

<net id="1996"><net_src comp="104" pin="0"/><net_sink comp="1681" pin=180"/></net>

<net id="1997"><net_src comp="106" pin="0"/><net_sink comp="1681" pin=181"/></net>

<net id="1998"><net_src comp="108" pin="0"/><net_sink comp="1681" pin=182"/></net>

<net id="1999"><net_src comp="110" pin="0"/><net_sink comp="1681" pin=183"/></net>

<net id="2000"><net_src comp="112" pin="0"/><net_sink comp="1681" pin=184"/></net>

<net id="2001"><net_src comp="114" pin="0"/><net_sink comp="1681" pin=185"/></net>

<net id="2002"><net_src comp="116" pin="0"/><net_sink comp="1681" pin=186"/></net>

<net id="2003"><net_src comp="118" pin="0"/><net_sink comp="1681" pin=187"/></net>

<net id="2004"><net_src comp="120" pin="0"/><net_sink comp="1681" pin=188"/></net>

<net id="2005"><net_src comp="122" pin="0"/><net_sink comp="1681" pin=189"/></net>

<net id="2006"><net_src comp="124" pin="0"/><net_sink comp="1681" pin=190"/></net>

<net id="2007"><net_src comp="126" pin="0"/><net_sink comp="1681" pin=191"/></net>

<net id="2008"><net_src comp="128" pin="0"/><net_sink comp="1681" pin=192"/></net>

<net id="2009"><net_src comp="130" pin="0"/><net_sink comp="1681" pin=193"/></net>

<net id="2010"><net_src comp="132" pin="0"/><net_sink comp="1681" pin=194"/></net>

<net id="2011"><net_src comp="134" pin="0"/><net_sink comp="1681" pin=195"/></net>

<net id="2012"><net_src comp="136" pin="0"/><net_sink comp="1681" pin=196"/></net>

<net id="2013"><net_src comp="138" pin="0"/><net_sink comp="1681" pin=197"/></net>

<net id="2014"><net_src comp="140" pin="0"/><net_sink comp="1681" pin=198"/></net>

<net id="2015"><net_src comp="142" pin="0"/><net_sink comp="1681" pin=199"/></net>

<net id="2016"><net_src comp="144" pin="0"/><net_sink comp="1681" pin=200"/></net>

<net id="2017"><net_src comp="146" pin="0"/><net_sink comp="1681" pin=201"/></net>

<net id="2018"><net_src comp="148" pin="0"/><net_sink comp="1681" pin=202"/></net>

<net id="2019"><net_src comp="150" pin="0"/><net_sink comp="1681" pin=203"/></net>

<net id="2020"><net_src comp="152" pin="0"/><net_sink comp="1681" pin=204"/></net>

<net id="2021"><net_src comp="154" pin="0"/><net_sink comp="1681" pin=205"/></net>

<net id="2022"><net_src comp="156" pin="0"/><net_sink comp="1681" pin=206"/></net>

<net id="2023"><net_src comp="158" pin="0"/><net_sink comp="1681" pin=207"/></net>

<net id="2024"><net_src comp="160" pin="0"/><net_sink comp="1681" pin=208"/></net>

<net id="2025"><net_src comp="162" pin="0"/><net_sink comp="1681" pin=209"/></net>

<net id="2026"><net_src comp="164" pin="0"/><net_sink comp="1681" pin=210"/></net>

<net id="2027"><net_src comp="166" pin="0"/><net_sink comp="1681" pin=211"/></net>

<net id="2028"><net_src comp="168" pin="0"/><net_sink comp="1681" pin=212"/></net>

<net id="2029"><net_src comp="170" pin="0"/><net_sink comp="1681" pin=213"/></net>

<net id="2030"><net_src comp="172" pin="0"/><net_sink comp="1681" pin=214"/></net>

<net id="2031"><net_src comp="174" pin="0"/><net_sink comp="1681" pin=215"/></net>

<net id="2032"><net_src comp="176" pin="0"/><net_sink comp="1681" pin=216"/></net>

<net id="2033"><net_src comp="178" pin="0"/><net_sink comp="1681" pin=217"/></net>

<net id="2034"><net_src comp="180" pin="0"/><net_sink comp="1681" pin=218"/></net>

<net id="2035"><net_src comp="182" pin="0"/><net_sink comp="1681" pin=219"/></net>

<net id="2036"><net_src comp="184" pin="0"/><net_sink comp="1681" pin=220"/></net>

<net id="2037"><net_src comp="186" pin="0"/><net_sink comp="1681" pin=221"/></net>

<net id="2038"><net_src comp="188" pin="0"/><net_sink comp="1681" pin=222"/></net>

<net id="2039"><net_src comp="190" pin="0"/><net_sink comp="1681" pin=223"/></net>

<net id="2040"><net_src comp="192" pin="0"/><net_sink comp="1681" pin=224"/></net>

<net id="2041"><net_src comp="194" pin="0"/><net_sink comp="1681" pin=225"/></net>

<net id="2042"><net_src comp="196" pin="0"/><net_sink comp="1681" pin=226"/></net>

<net id="2043"><net_src comp="198" pin="0"/><net_sink comp="1681" pin=227"/></net>

<net id="2044"><net_src comp="200" pin="0"/><net_sink comp="1681" pin=228"/></net>

<net id="2045"><net_src comp="202" pin="0"/><net_sink comp="1681" pin=229"/></net>

<net id="2046"><net_src comp="204" pin="0"/><net_sink comp="1681" pin=230"/></net>

<net id="2047"><net_src comp="206" pin="0"/><net_sink comp="1681" pin=231"/></net>

<net id="2048"><net_src comp="208" pin="0"/><net_sink comp="1681" pin=232"/></net>

<net id="2049"><net_src comp="210" pin="0"/><net_sink comp="1681" pin=233"/></net>

<net id="2050"><net_src comp="212" pin="0"/><net_sink comp="1681" pin=234"/></net>

<net id="2051"><net_src comp="214" pin="0"/><net_sink comp="1681" pin=235"/></net>

<net id="2052"><net_src comp="216" pin="0"/><net_sink comp="1681" pin=236"/></net>

<net id="2053"><net_src comp="218" pin="0"/><net_sink comp="1681" pin=237"/></net>

<net id="2054"><net_src comp="220" pin="0"/><net_sink comp="1681" pin=238"/></net>

<net id="2055"><net_src comp="222" pin="0"/><net_sink comp="1681" pin=239"/></net>

<net id="2056"><net_src comp="224" pin="0"/><net_sink comp="1681" pin=240"/></net>

<net id="2057"><net_src comp="226" pin="0"/><net_sink comp="1681" pin=241"/></net>

<net id="2058"><net_src comp="228" pin="0"/><net_sink comp="1681" pin=242"/></net>

<net id="2059"><net_src comp="230" pin="0"/><net_sink comp="1681" pin=243"/></net>

<net id="2060"><net_src comp="232" pin="0"/><net_sink comp="1681" pin=244"/></net>

<net id="2061"><net_src comp="234" pin="0"/><net_sink comp="1681" pin=245"/></net>

<net id="2062"><net_src comp="236" pin="0"/><net_sink comp="1681" pin=246"/></net>

<net id="2063"><net_src comp="238" pin="0"/><net_sink comp="1681" pin=247"/></net>

<net id="2064"><net_src comp="240" pin="0"/><net_sink comp="1681" pin=248"/></net>

<net id="2065"><net_src comp="242" pin="0"/><net_sink comp="1681" pin=249"/></net>

<net id="2066"><net_src comp="244" pin="0"/><net_sink comp="1681" pin=250"/></net>

<net id="2067"><net_src comp="246" pin="0"/><net_sink comp="1681" pin=251"/></net>

<net id="2068"><net_src comp="248" pin="0"/><net_sink comp="1681" pin=252"/></net>

<net id="2069"><net_src comp="250" pin="0"/><net_sink comp="1681" pin=253"/></net>

<net id="2070"><net_src comp="252" pin="0"/><net_sink comp="1681" pin=254"/></net>

<net id="2071"><net_src comp="254" pin="0"/><net_sink comp="1681" pin=255"/></net>

<net id="2072"><net_src comp="256" pin="0"/><net_sink comp="1681" pin=256"/></net>

<net id="2073"><net_src comp="258" pin="0"/><net_sink comp="1681" pin=257"/></net>

<net id="2074"><net_src comp="260" pin="0"/><net_sink comp="1681" pin=258"/></net>

<net id="2078"><net_src comp="520" pin="3"/><net_sink comp="2075" pin=0"/></net>

<net id="2079"><net_src comp="2075" pin="1"/><net_sink comp="528" pin=2"/></net>

<net id="2083"><net_src comp="538" pin="3"/><net_sink comp="2080" pin=0"/></net>

<net id="2084"><net_src comp="2080" pin="1"/><net_sink comp="528" pin=0"/></net>

<net id="2088"><net_src comp="528" pin="7"/><net_sink comp="2085" pin=0"/></net>

<net id="2089"><net_src comp="2085" pin="1"/><net_sink comp="1681" pin=36"/></net>

<net id="2093"><net_src comp="528" pin="3"/><net_sink comp="2090" pin=0"/></net>

<net id="2094"><net_src comp="2090" pin="1"/><net_sink comp="1681" pin=64"/></net>

<net id="2098"><net_src comp="547" pin="3"/><net_sink comp="2095" pin=0"/></net>

<net id="2099"><net_src comp="2095" pin="1"/><net_sink comp="528" pin=2"/></net>

<net id="2103"><net_src comp="556" pin="3"/><net_sink comp="2100" pin=0"/></net>

<net id="2104"><net_src comp="2100" pin="1"/><net_sink comp="528" pin=0"/></net>

<net id="2108"><net_src comp="528" pin="7"/><net_sink comp="2105" pin=0"/></net>

<net id="2109"><net_src comp="2105" pin="1"/><net_sink comp="1681" pin=102"/></net>

<net id="2113"><net_src comp="528" pin="3"/><net_sink comp="2110" pin=0"/></net>

<net id="2114"><net_src comp="2110" pin="1"/><net_sink comp="1681" pin=76"/></net>

<net id="2118"><net_src comp="565" pin="3"/><net_sink comp="2115" pin=0"/></net>

<net id="2119"><net_src comp="2115" pin="1"/><net_sink comp="528" pin=2"/></net>

<net id="2123"><net_src comp="574" pin="3"/><net_sink comp="2120" pin=0"/></net>

<net id="2124"><net_src comp="2120" pin="1"/><net_sink comp="528" pin=0"/></net>

<net id="2128"><net_src comp="528" pin="7"/><net_sink comp="2125" pin=0"/></net>

<net id="2129"><net_src comp="2125" pin="1"/><net_sink comp="1681" pin=84"/></net>

<net id="2133"><net_src comp="528" pin="3"/><net_sink comp="2130" pin=0"/></net>

<net id="2134"><net_src comp="2130" pin="1"/><net_sink comp="1681" pin=41"/></net>

<net id="2138"><net_src comp="583" pin="3"/><net_sink comp="2135" pin=0"/></net>

<net id="2139"><net_src comp="2135" pin="1"/><net_sink comp="528" pin=2"/></net>

<net id="2143"><net_src comp="592" pin="3"/><net_sink comp="2140" pin=0"/></net>

<net id="2144"><net_src comp="2140" pin="1"/><net_sink comp="528" pin=0"/></net>

<net id="2148"><net_src comp="528" pin="7"/><net_sink comp="2145" pin=0"/></net>

<net id="2149"><net_src comp="2145" pin="1"/><net_sink comp="1681" pin=26"/></net>

<net id="2153"><net_src comp="528" pin="3"/><net_sink comp="2150" pin=0"/></net>

<net id="2154"><net_src comp="2150" pin="1"/><net_sink comp="1681" pin=4"/></net>

<net id="2158"><net_src comp="601" pin="3"/><net_sink comp="2155" pin=0"/></net>

<net id="2159"><net_src comp="2155" pin="1"/><net_sink comp="528" pin=2"/></net>

<net id="2163"><net_src comp="610" pin="3"/><net_sink comp="2160" pin=0"/></net>

<net id="2164"><net_src comp="2160" pin="1"/><net_sink comp="528" pin=0"/></net>

<net id="2168"><net_src comp="528" pin="7"/><net_sink comp="2165" pin=0"/></net>

<net id="2169"><net_src comp="2165" pin="1"/><net_sink comp="1681" pin=21"/></net>

<net id="2173"><net_src comp="528" pin="3"/><net_sink comp="2170" pin=0"/></net>

<net id="2174"><net_src comp="2170" pin="1"/><net_sink comp="1681" pin=37"/></net>

<net id="2178"><net_src comp="619" pin="3"/><net_sink comp="2175" pin=0"/></net>

<net id="2179"><net_src comp="2175" pin="1"/><net_sink comp="528" pin=2"/></net>

<net id="2183"><net_src comp="628" pin="3"/><net_sink comp="2180" pin=0"/></net>

<net id="2184"><net_src comp="2180" pin="1"/><net_sink comp="528" pin=0"/></net>

<net id="2188"><net_src comp="528" pin="7"/><net_sink comp="2185" pin=0"/></net>

<net id="2189"><net_src comp="2185" pin="1"/><net_sink comp="1681" pin=90"/></net>

<net id="2193"><net_src comp="528" pin="3"/><net_sink comp="2190" pin=0"/></net>

<net id="2194"><net_src comp="2190" pin="1"/><net_sink comp="1681" pin=40"/></net>

<net id="2198"><net_src comp="637" pin="3"/><net_sink comp="2195" pin=0"/></net>

<net id="2199"><net_src comp="2195" pin="1"/><net_sink comp="528" pin=2"/></net>

<net id="2203"><net_src comp="646" pin="3"/><net_sink comp="2200" pin=0"/></net>

<net id="2204"><net_src comp="2200" pin="1"/><net_sink comp="528" pin=0"/></net>

<net id="2208"><net_src comp="528" pin="7"/><net_sink comp="2205" pin=0"/></net>

<net id="2209"><net_src comp="2205" pin="1"/><net_sink comp="1681" pin=24"/></net>

<net id="2213"><net_src comp="528" pin="3"/><net_sink comp="2210" pin=0"/></net>

<net id="2214"><net_src comp="2210" pin="1"/><net_sink comp="1681" pin=121"/></net>

<net id="2218"><net_src comp="655" pin="3"/><net_sink comp="2215" pin=0"/></net>

<net id="2219"><net_src comp="2215" pin="1"/><net_sink comp="528" pin=2"/></net>

<net id="2223"><net_src comp="664" pin="3"/><net_sink comp="2220" pin=0"/></net>

<net id="2224"><net_src comp="2220" pin="1"/><net_sink comp="528" pin=0"/></net>

<net id="2228"><net_src comp="528" pin="7"/><net_sink comp="2225" pin=0"/></net>

<net id="2229"><net_src comp="2225" pin="1"/><net_sink comp="1681" pin=101"/></net>

<net id="2233"><net_src comp="528" pin="3"/><net_sink comp="2230" pin=0"/></net>

<net id="2234"><net_src comp="2230" pin="1"/><net_sink comp="1681" pin=93"/></net>

<net id="2238"><net_src comp="673" pin="3"/><net_sink comp="2235" pin=0"/></net>

<net id="2239"><net_src comp="2235" pin="1"/><net_sink comp="528" pin=2"/></net>

<net id="2243"><net_src comp="682" pin="3"/><net_sink comp="2240" pin=0"/></net>

<net id="2244"><net_src comp="2240" pin="1"/><net_sink comp="528" pin=0"/></net>

<net id="2248"><net_src comp="528" pin="7"/><net_sink comp="2245" pin=0"/></net>

<net id="2249"><net_src comp="2245" pin="1"/><net_sink comp="1681" pin=96"/></net>

<net id="2253"><net_src comp="528" pin="3"/><net_sink comp="2250" pin=0"/></net>

<net id="2254"><net_src comp="2250" pin="1"/><net_sink comp="1681" pin=110"/></net>

<net id="2258"><net_src comp="691" pin="3"/><net_sink comp="2255" pin=0"/></net>

<net id="2259"><net_src comp="2255" pin="1"/><net_sink comp="528" pin=2"/></net>

<net id="2263"><net_src comp="700" pin="3"/><net_sink comp="2260" pin=0"/></net>

<net id="2264"><net_src comp="2260" pin="1"/><net_sink comp="528" pin=0"/></net>

<net id="2268"><net_src comp="528" pin="7"/><net_sink comp="2265" pin=0"/></net>

<net id="2269"><net_src comp="2265" pin="1"/><net_sink comp="1681" pin=25"/></net>

<net id="2273"><net_src comp="528" pin="3"/><net_sink comp="2270" pin=0"/></net>

<net id="2274"><net_src comp="2270" pin="1"/><net_sink comp="1681" pin=72"/></net>

<net id="2278"><net_src comp="709" pin="3"/><net_sink comp="2275" pin=0"/></net>

<net id="2279"><net_src comp="2275" pin="1"/><net_sink comp="528" pin=2"/></net>

<net id="2283"><net_src comp="718" pin="3"/><net_sink comp="2280" pin=0"/></net>

<net id="2284"><net_src comp="2280" pin="1"/><net_sink comp="528" pin=0"/></net>

<net id="2288"><net_src comp="528" pin="7"/><net_sink comp="2285" pin=0"/></net>

<net id="2289"><net_src comp="2285" pin="1"/><net_sink comp="1681" pin=115"/></net>

<net id="2293"><net_src comp="528" pin="3"/><net_sink comp="2290" pin=0"/></net>

<net id="2294"><net_src comp="2290" pin="1"/><net_sink comp="1681" pin=48"/></net>

<net id="2298"><net_src comp="727" pin="3"/><net_sink comp="2295" pin=0"/></net>

<net id="2299"><net_src comp="2295" pin="1"/><net_sink comp="528" pin=2"/></net>

<net id="2303"><net_src comp="736" pin="3"/><net_sink comp="2300" pin=0"/></net>

<net id="2304"><net_src comp="2300" pin="1"/><net_sink comp="528" pin=0"/></net>

<net id="2308"><net_src comp="528" pin="7"/><net_sink comp="2305" pin=0"/></net>

<net id="2309"><net_src comp="2305" pin="1"/><net_sink comp="1681" pin=117"/></net>

<net id="2313"><net_src comp="528" pin="3"/><net_sink comp="2310" pin=0"/></net>

<net id="2314"><net_src comp="2310" pin="1"/><net_sink comp="1681" pin=88"/></net>

<net id="2318"><net_src comp="745" pin="3"/><net_sink comp="2315" pin=0"/></net>

<net id="2319"><net_src comp="2315" pin="1"/><net_sink comp="528" pin=2"/></net>

<net id="2323"><net_src comp="754" pin="3"/><net_sink comp="2320" pin=0"/></net>

<net id="2324"><net_src comp="2320" pin="1"/><net_sink comp="528" pin=0"/></net>

<net id="2328"><net_src comp="528" pin="7"/><net_sink comp="2325" pin=0"/></net>

<net id="2329"><net_src comp="2325" pin="1"/><net_sink comp="1681" pin=39"/></net>

<net id="2333"><net_src comp="528" pin="3"/><net_sink comp="2330" pin=0"/></net>

<net id="2334"><net_src comp="2330" pin="1"/><net_sink comp="1681" pin=16"/></net>

<net id="2338"><net_src comp="763" pin="3"/><net_sink comp="2335" pin=0"/></net>

<net id="2339"><net_src comp="2335" pin="1"/><net_sink comp="528" pin=2"/></net>

<net id="2343"><net_src comp="772" pin="3"/><net_sink comp="2340" pin=0"/></net>

<net id="2344"><net_src comp="2340" pin="1"/><net_sink comp="528" pin=0"/></net>

<net id="2348"><net_src comp="528" pin="7"/><net_sink comp="2345" pin=0"/></net>

<net id="2349"><net_src comp="2345" pin="1"/><net_sink comp="1681" pin=103"/></net>

<net id="2353"><net_src comp="528" pin="3"/><net_sink comp="2350" pin=0"/></net>

<net id="2354"><net_src comp="2350" pin="1"/><net_sink comp="1681" pin=91"/></net>

<net id="2358"><net_src comp="781" pin="3"/><net_sink comp="2355" pin=0"/></net>

<net id="2359"><net_src comp="2355" pin="1"/><net_sink comp="528" pin=2"/></net>

<net id="2363"><net_src comp="790" pin="3"/><net_sink comp="2360" pin=0"/></net>

<net id="2364"><net_src comp="2360" pin="1"/><net_sink comp="528" pin=0"/></net>

<net id="2368"><net_src comp="528" pin="7"/><net_sink comp="2365" pin=0"/></net>

<net id="2369"><net_src comp="2365" pin="1"/><net_sink comp="1681" pin=78"/></net>

<net id="2373"><net_src comp="528" pin="3"/><net_sink comp="2370" pin=0"/></net>

<net id="2374"><net_src comp="2370" pin="1"/><net_sink comp="1681" pin=71"/></net>

<net id="2378"><net_src comp="799" pin="3"/><net_sink comp="2375" pin=0"/></net>

<net id="2379"><net_src comp="2375" pin="1"/><net_sink comp="528" pin=2"/></net>

<net id="2383"><net_src comp="808" pin="3"/><net_sink comp="2380" pin=0"/></net>

<net id="2384"><net_src comp="2380" pin="1"/><net_sink comp="528" pin=0"/></net>

<net id="2388"><net_src comp="528" pin="7"/><net_sink comp="2385" pin=0"/></net>

<net id="2389"><net_src comp="2385" pin="1"/><net_sink comp="1681" pin=54"/></net>

<net id="2393"><net_src comp="528" pin="3"/><net_sink comp="2390" pin=0"/></net>

<net id="2394"><net_src comp="2390" pin="1"/><net_sink comp="1681" pin=51"/></net>

<net id="2398"><net_src comp="817" pin="3"/><net_sink comp="2395" pin=0"/></net>

<net id="2399"><net_src comp="2395" pin="1"/><net_sink comp="528" pin=2"/></net>

<net id="2403"><net_src comp="826" pin="3"/><net_sink comp="2400" pin=0"/></net>

<net id="2404"><net_src comp="2400" pin="1"/><net_sink comp="528" pin=0"/></net>

<net id="2408"><net_src comp="528" pin="7"/><net_sink comp="2405" pin=0"/></net>

<net id="2409"><net_src comp="2405" pin="1"/><net_sink comp="1681" pin=53"/></net>

<net id="2413"><net_src comp="528" pin="3"/><net_sink comp="2410" pin=0"/></net>

<net id="2414"><net_src comp="2410" pin="1"/><net_sink comp="1681" pin=65"/></net>

<net id="2418"><net_src comp="835" pin="3"/><net_sink comp="2415" pin=0"/></net>

<net id="2419"><net_src comp="2415" pin="1"/><net_sink comp="528" pin=2"/></net>

<net id="2423"><net_src comp="844" pin="3"/><net_sink comp="2420" pin=0"/></net>

<net id="2424"><net_src comp="2420" pin="1"/><net_sink comp="528" pin=0"/></net>

<net id="2428"><net_src comp="528" pin="7"/><net_sink comp="2425" pin=0"/></net>

<net id="2429"><net_src comp="2425" pin="1"/><net_sink comp="1681" pin=82"/></net>

<net id="2433"><net_src comp="528" pin="3"/><net_sink comp="2430" pin=0"/></net>

<net id="2434"><net_src comp="2430" pin="1"/><net_sink comp="1681" pin=98"/></net>

<net id="2438"><net_src comp="853" pin="3"/><net_sink comp="2435" pin=0"/></net>

<net id="2439"><net_src comp="2435" pin="1"/><net_sink comp="528" pin=2"/></net>

<net id="2443"><net_src comp="862" pin="3"/><net_sink comp="2440" pin=0"/></net>

<net id="2444"><net_src comp="2440" pin="1"/><net_sink comp="528" pin=0"/></net>

<net id="2448"><net_src comp="528" pin="7"/><net_sink comp="2445" pin=0"/></net>

<net id="2449"><net_src comp="2445" pin="1"/><net_sink comp="1681" pin=14"/></net>

<net id="2453"><net_src comp="528" pin="3"/><net_sink comp="2450" pin=0"/></net>

<net id="2454"><net_src comp="2450" pin="1"/><net_sink comp="1681" pin=43"/></net>

<net id="2458"><net_src comp="871" pin="3"/><net_sink comp="2455" pin=0"/></net>

<net id="2459"><net_src comp="2455" pin="1"/><net_sink comp="528" pin=2"/></net>

<net id="2463"><net_src comp="880" pin="3"/><net_sink comp="2460" pin=0"/></net>

<net id="2464"><net_src comp="2460" pin="1"/><net_sink comp="528" pin=0"/></net>

<net id="2468"><net_src comp="528" pin="7"/><net_sink comp="2465" pin=0"/></net>

<net id="2469"><net_src comp="2465" pin="1"/><net_sink comp="1681" pin=85"/></net>

<net id="2473"><net_src comp="528" pin="3"/><net_sink comp="2470" pin=0"/></net>

<net id="2474"><net_src comp="2470" pin="1"/><net_sink comp="1681" pin=7"/></net>

<net id="2478"><net_src comp="889" pin="3"/><net_sink comp="2475" pin=0"/></net>

<net id="2479"><net_src comp="2475" pin="1"/><net_sink comp="528" pin=2"/></net>

<net id="2483"><net_src comp="898" pin="3"/><net_sink comp="2480" pin=0"/></net>

<net id="2484"><net_src comp="2480" pin="1"/><net_sink comp="528" pin=0"/></net>

<net id="2488"><net_src comp="528" pin="7"/><net_sink comp="2485" pin=0"/></net>

<net id="2489"><net_src comp="2485" pin="1"/><net_sink comp="1681" pin=59"/></net>

<net id="2493"><net_src comp="528" pin="3"/><net_sink comp="2490" pin=0"/></net>

<net id="2494"><net_src comp="2490" pin="1"/><net_sink comp="1681" pin=105"/></net>

<net id="2498"><net_src comp="907" pin="3"/><net_sink comp="2495" pin=0"/></net>

<net id="2499"><net_src comp="2495" pin="1"/><net_sink comp="528" pin=2"/></net>

<net id="2503"><net_src comp="916" pin="3"/><net_sink comp="2500" pin=0"/></net>

<net id="2504"><net_src comp="2500" pin="1"/><net_sink comp="528" pin=0"/></net>

<net id="2508"><net_src comp="528" pin="7"/><net_sink comp="2505" pin=0"/></net>

<net id="2509"><net_src comp="2505" pin="1"/><net_sink comp="1681" pin=52"/></net>

<net id="2513"><net_src comp="528" pin="3"/><net_sink comp="2510" pin=0"/></net>

<net id="2514"><net_src comp="2510" pin="1"/><net_sink comp="1681" pin=106"/></net>

<net id="2518"><net_src comp="925" pin="3"/><net_sink comp="2515" pin=0"/></net>

<net id="2519"><net_src comp="2515" pin="1"/><net_sink comp="528" pin=2"/></net>

<net id="2523"><net_src comp="934" pin="3"/><net_sink comp="2520" pin=0"/></net>

<net id="2524"><net_src comp="2520" pin="1"/><net_sink comp="528" pin=0"/></net>

<net id="2528"><net_src comp="528" pin="7"/><net_sink comp="2525" pin=0"/></net>

<net id="2529"><net_src comp="2525" pin="1"/><net_sink comp="1681" pin=61"/></net>

<net id="2533"><net_src comp="528" pin="3"/><net_sink comp="2530" pin=0"/></net>

<net id="2534"><net_src comp="2530" pin="1"/><net_sink comp="1681" pin=10"/></net>

<net id="2538"><net_src comp="943" pin="3"/><net_sink comp="2535" pin=0"/></net>

<net id="2539"><net_src comp="2535" pin="1"/><net_sink comp="528" pin=2"/></net>

<net id="2543"><net_src comp="952" pin="3"/><net_sink comp="2540" pin=0"/></net>

<net id="2544"><net_src comp="2540" pin="1"/><net_sink comp="528" pin=0"/></net>

<net id="2548"><net_src comp="528" pin="7"/><net_sink comp="2545" pin=0"/></net>

<net id="2549"><net_src comp="2545" pin="1"/><net_sink comp="1681" pin=87"/></net>

<net id="2553"><net_src comp="528" pin="3"/><net_sink comp="2550" pin=0"/></net>

<net id="2554"><net_src comp="2550" pin="1"/><net_sink comp="1681" pin=45"/></net>

<net id="2558"><net_src comp="961" pin="3"/><net_sink comp="2555" pin=0"/></net>

<net id="2559"><net_src comp="2555" pin="1"/><net_sink comp="528" pin=2"/></net>

<net id="2563"><net_src comp="970" pin="3"/><net_sink comp="2560" pin=0"/></net>

<net id="2564"><net_src comp="2560" pin="1"/><net_sink comp="528" pin=0"/></net>

<net id="2568"><net_src comp="528" pin="7"/><net_sink comp="2565" pin=0"/></net>

<net id="2569"><net_src comp="2565" pin="1"/><net_sink comp="1681" pin=67"/></net>

<net id="2573"><net_src comp="528" pin="3"/><net_sink comp="2570" pin=0"/></net>

<net id="2574"><net_src comp="2570" pin="1"/><net_sink comp="1681" pin=89"/></net>

<net id="2578"><net_src comp="979" pin="3"/><net_sink comp="2575" pin=0"/></net>

<net id="2579"><net_src comp="2575" pin="1"/><net_sink comp="528" pin=2"/></net>

<net id="2583"><net_src comp="988" pin="3"/><net_sink comp="2580" pin=0"/></net>

<net id="2584"><net_src comp="2580" pin="1"/><net_sink comp="528" pin=0"/></net>

<net id="2588"><net_src comp="528" pin="7"/><net_sink comp="2585" pin=0"/></net>

<net id="2589"><net_src comp="2585" pin="1"/><net_sink comp="1681" pin=56"/></net>

<net id="2593"><net_src comp="528" pin="3"/><net_sink comp="2590" pin=0"/></net>

<net id="2594"><net_src comp="2590" pin="1"/><net_sink comp="1681" pin=28"/></net>

<net id="2598"><net_src comp="997" pin="3"/><net_sink comp="2595" pin=0"/></net>

<net id="2599"><net_src comp="2595" pin="1"/><net_sink comp="528" pin=2"/></net>

<net id="2603"><net_src comp="1006" pin="3"/><net_sink comp="2600" pin=0"/></net>

<net id="2604"><net_src comp="2600" pin="1"/><net_sink comp="528" pin=0"/></net>

<net id="2608"><net_src comp="528" pin="7"/><net_sink comp="2605" pin=0"/></net>

<net id="2609"><net_src comp="2605" pin="1"/><net_sink comp="1681" pin=122"/></net>

<net id="2613"><net_src comp="528" pin="3"/><net_sink comp="2610" pin=0"/></net>

<net id="2614"><net_src comp="2610" pin="1"/><net_sink comp="1681" pin=95"/></net>

<net id="2618"><net_src comp="1015" pin="3"/><net_sink comp="2615" pin=0"/></net>

<net id="2619"><net_src comp="2615" pin="1"/><net_sink comp="528" pin=2"/></net>

<net id="2623"><net_src comp="1024" pin="3"/><net_sink comp="2620" pin=0"/></net>

<net id="2624"><net_src comp="2620" pin="1"/><net_sink comp="528" pin=0"/></net>

<net id="2628"><net_src comp="528" pin="7"/><net_sink comp="2625" pin=0"/></net>

<net id="2629"><net_src comp="2625" pin="1"/><net_sink comp="1681" pin=80"/></net>

<net id="2633"><net_src comp="528" pin="3"/><net_sink comp="2630" pin=0"/></net>

<net id="2634"><net_src comp="2630" pin="1"/><net_sink comp="1681" pin=58"/></net>

<net id="2638"><net_src comp="1033" pin="3"/><net_sink comp="2635" pin=0"/></net>

<net id="2639"><net_src comp="2635" pin="1"/><net_sink comp="528" pin=2"/></net>

<net id="2643"><net_src comp="1042" pin="3"/><net_sink comp="2640" pin=0"/></net>

<net id="2644"><net_src comp="2640" pin="1"/><net_sink comp="528" pin=0"/></net>

<net id="2648"><net_src comp="528" pin="7"/><net_sink comp="2645" pin=0"/></net>

<net id="2649"><net_src comp="2645" pin="1"/><net_sink comp="1681" pin=44"/></net>

<net id="2653"><net_src comp="528" pin="3"/><net_sink comp="2650" pin=0"/></net>

<net id="2654"><net_src comp="2650" pin="1"/><net_sink comp="1681" pin=32"/></net>

<net id="2658"><net_src comp="1051" pin="3"/><net_sink comp="2655" pin=0"/></net>

<net id="2659"><net_src comp="2655" pin="1"/><net_sink comp="528" pin=2"/></net>

<net id="2663"><net_src comp="1060" pin="3"/><net_sink comp="2660" pin=0"/></net>

<net id="2664"><net_src comp="2660" pin="1"/><net_sink comp="528" pin=0"/></net>

<net id="2668"><net_src comp="528" pin="7"/><net_sink comp="2665" pin=0"/></net>

<net id="2669"><net_src comp="2665" pin="1"/><net_sink comp="1681" pin=19"/></net>

<net id="2673"><net_src comp="528" pin="3"/><net_sink comp="2670" pin=0"/></net>

<net id="2674"><net_src comp="2670" pin="1"/><net_sink comp="1681" pin=6"/></net>

<net id="2678"><net_src comp="1069" pin="3"/><net_sink comp="2675" pin=0"/></net>

<net id="2679"><net_src comp="2675" pin="1"/><net_sink comp="528" pin=2"/></net>

<net id="2683"><net_src comp="1078" pin="3"/><net_sink comp="2680" pin=0"/></net>

<net id="2684"><net_src comp="2680" pin="1"/><net_sink comp="528" pin=0"/></net>

<net id="2688"><net_src comp="528" pin="7"/><net_sink comp="2685" pin=0"/></net>

<net id="2689"><net_src comp="2685" pin="1"/><net_sink comp="1681" pin=127"/></net>

<net id="2693"><net_src comp="528" pin="3"/><net_sink comp="2690" pin=0"/></net>

<net id="2694"><net_src comp="2690" pin="1"/><net_sink comp="1681" pin=119"/></net>

<net id="2698"><net_src comp="1087" pin="3"/><net_sink comp="2695" pin=0"/></net>

<net id="2699"><net_src comp="2695" pin="1"/><net_sink comp="528" pin=2"/></net>

<net id="2703"><net_src comp="1096" pin="3"/><net_sink comp="2700" pin=0"/></net>

<net id="2704"><net_src comp="2700" pin="1"/><net_sink comp="528" pin=0"/></net>

<net id="2708"><net_src comp="528" pin="7"/><net_sink comp="2705" pin=0"/></net>

<net id="2709"><net_src comp="2705" pin="1"/><net_sink comp="1681" pin=114"/></net>

<net id="2713"><net_src comp="528" pin="3"/><net_sink comp="2710" pin=0"/></net>

<net id="2714"><net_src comp="2710" pin="1"/><net_sink comp="1681" pin=112"/></net>

<net id="2718"><net_src comp="1105" pin="3"/><net_sink comp="2715" pin=0"/></net>

<net id="2719"><net_src comp="2715" pin="1"/><net_sink comp="528" pin=2"/></net>

<net id="2723"><net_src comp="1114" pin="3"/><net_sink comp="2720" pin=0"/></net>

<net id="2724"><net_src comp="2720" pin="1"/><net_sink comp="528" pin=0"/></net>

<net id="2728"><net_src comp="528" pin="7"/><net_sink comp="2725" pin=0"/></net>

<net id="2729"><net_src comp="2725" pin="1"/><net_sink comp="1681" pin=113"/></net>

<net id="2733"><net_src comp="528" pin="3"/><net_sink comp="2730" pin=0"/></net>

<net id="2734"><net_src comp="2730" pin="1"/><net_sink comp="1681" pin=116"/></net>

<net id="2738"><net_src comp="1123" pin="3"/><net_sink comp="2735" pin=0"/></net>

<net id="2739"><net_src comp="2735" pin="1"/><net_sink comp="528" pin=2"/></net>

<net id="2743"><net_src comp="1132" pin="3"/><net_sink comp="2740" pin=0"/></net>

<net id="2744"><net_src comp="2740" pin="1"/><net_sink comp="528" pin=0"/></net>

<net id="2748"><net_src comp="528" pin="7"/><net_sink comp="2745" pin=0"/></net>

<net id="2749"><net_src comp="2745" pin="1"/><net_sink comp="1681" pin=2"/></net>

<net id="2753"><net_src comp="528" pin="3"/><net_sink comp="2750" pin=0"/></net>

<net id="2754"><net_src comp="2750" pin="1"/><net_sink comp="1681" pin=13"/></net>

<net id="2758"><net_src comp="1141" pin="3"/><net_sink comp="2755" pin=0"/></net>

<net id="2759"><net_src comp="2755" pin="1"/><net_sink comp="528" pin=2"/></net>

<net id="2763"><net_src comp="1150" pin="3"/><net_sink comp="2760" pin=0"/></net>

<net id="2764"><net_src comp="2760" pin="1"/><net_sink comp="528" pin=0"/></net>

<net id="2768"><net_src comp="528" pin="7"/><net_sink comp="2765" pin=0"/></net>

<net id="2769"><net_src comp="2765" pin="1"/><net_sink comp="1681" pin=31"/></net>

<net id="2773"><net_src comp="528" pin="3"/><net_sink comp="2770" pin=0"/></net>

<net id="2774"><net_src comp="2770" pin="1"/><net_sink comp="1681" pin=49"/></net>

<net id="2778"><net_src comp="1159" pin="3"/><net_sink comp="2775" pin=0"/></net>

<net id="2779"><net_src comp="2775" pin="1"/><net_sink comp="528" pin=2"/></net>

<net id="2783"><net_src comp="1168" pin="3"/><net_sink comp="2780" pin=0"/></net>

<net id="2784"><net_src comp="2780" pin="1"/><net_sink comp="528" pin=0"/></net>

<net id="2788"><net_src comp="528" pin="7"/><net_sink comp="2785" pin=0"/></net>

<net id="2789"><net_src comp="2785" pin="1"/><net_sink comp="1681" pin=75"/></net>

<net id="2793"><net_src comp="528" pin="3"/><net_sink comp="2790" pin=0"/></net>

<net id="2794"><net_src comp="2790" pin="1"/><net_sink comp="1681" pin=97"/></net>

<net id="2798"><net_src comp="1177" pin="3"/><net_sink comp="2795" pin=0"/></net>

<net id="2799"><net_src comp="2795" pin="1"/><net_sink comp="528" pin=2"/></net>

<net id="2803"><net_src comp="1186" pin="3"/><net_sink comp="2800" pin=0"/></net>

<net id="2804"><net_src comp="2800" pin="1"/><net_sink comp="528" pin=0"/></net>

<net id="2808"><net_src comp="528" pin="7"/><net_sink comp="2805" pin=0"/></net>

<net id="2809"><net_src comp="2805" pin="1"/><net_sink comp="1681" pin=1"/></net>

<net id="2813"><net_src comp="528" pin="3"/><net_sink comp="2810" pin=0"/></net>

<net id="2814"><net_src comp="2810" pin="1"/><net_sink comp="1681" pin=34"/></net>

<net id="2818"><net_src comp="1195" pin="3"/><net_sink comp="2815" pin=0"/></net>

<net id="2819"><net_src comp="2815" pin="1"/><net_sink comp="528" pin=2"/></net>

<net id="2823"><net_src comp="1204" pin="3"/><net_sink comp="2820" pin=0"/></net>

<net id="2824"><net_src comp="2820" pin="1"/><net_sink comp="528" pin=0"/></net>

<net id="2828"><net_src comp="528" pin="7"/><net_sink comp="2825" pin=0"/></net>

<net id="2829"><net_src comp="2825" pin="1"/><net_sink comp="1681" pin=68"/></net>

<net id="2833"><net_src comp="528" pin="3"/><net_sink comp="2830" pin=0"/></net>

<net id="2834"><net_src comp="2830" pin="1"/><net_sink comp="1681" pin=104"/></net>

<net id="2838"><net_src comp="1213" pin="3"/><net_sink comp="2835" pin=0"/></net>

<net id="2839"><net_src comp="2835" pin="1"/><net_sink comp="528" pin=2"/></net>

<net id="2843"><net_src comp="1222" pin="3"/><net_sink comp="2840" pin=0"/></net>

<net id="2844"><net_src comp="2840" pin="1"/><net_sink comp="528" pin=0"/></net>

<net id="2848"><net_src comp="528" pin="7"/><net_sink comp="2845" pin=0"/></net>

<net id="2849"><net_src comp="2845" pin="1"/><net_sink comp="1681" pin=20"/></net>

<net id="2853"><net_src comp="528" pin="3"/><net_sink comp="2850" pin=0"/></net>

<net id="2854"><net_src comp="2850" pin="1"/><net_sink comp="1681" pin=63"/></net>

<net id="2858"><net_src comp="1231" pin="3"/><net_sink comp="2855" pin=0"/></net>

<net id="2859"><net_src comp="2855" pin="1"/><net_sink comp="528" pin=2"/></net>

<net id="2863"><net_src comp="1240" pin="3"/><net_sink comp="2860" pin=0"/></net>

<net id="2864"><net_src comp="2860" pin="1"/><net_sink comp="528" pin=0"/></net>

<net id="2868"><net_src comp="528" pin="7"/><net_sink comp="2865" pin=0"/></net>

<net id="2869"><net_src comp="2865" pin="1"/><net_sink comp="1681" pin=107"/></net>

<net id="2873"><net_src comp="528" pin="3"/><net_sink comp="2870" pin=0"/></net>

<net id="2874"><net_src comp="2870" pin="1"/><net_sink comp="1681" pin=33"/></net>

<net id="2878"><net_src comp="1249" pin="3"/><net_sink comp="2875" pin=0"/></net>

<net id="2879"><net_src comp="2875" pin="1"/><net_sink comp="528" pin=2"/></net>

<net id="2883"><net_src comp="1258" pin="3"/><net_sink comp="2880" pin=0"/></net>

<net id="2884"><net_src comp="2880" pin="1"/><net_sink comp="528" pin=0"/></net>

<net id="2888"><net_src comp="528" pin="7"/><net_sink comp="2885" pin=0"/></net>

<net id="2889"><net_src comp="2885" pin="1"/><net_sink comp="1681" pin=86"/></net>

<net id="2893"><net_src comp="528" pin="3"/><net_sink comp="2890" pin=0"/></net>

<net id="2894"><net_src comp="2890" pin="1"/><net_sink comp="1681" pin=9"/></net>

<net id="2898"><net_src comp="1267" pin="3"/><net_sink comp="2895" pin=0"/></net>

<net id="2899"><net_src comp="2895" pin="1"/><net_sink comp="528" pin=2"/></net>

<net id="2903"><net_src comp="1276" pin="3"/><net_sink comp="2900" pin=0"/></net>

<net id="2904"><net_src comp="2900" pin="1"/><net_sink comp="528" pin=0"/></net>

<net id="2908"><net_src comp="528" pin="7"/><net_sink comp="2905" pin=0"/></net>

<net id="2909"><net_src comp="2905" pin="1"/><net_sink comp="1681" pin=66"/></net>

<net id="2913"><net_src comp="528" pin="3"/><net_sink comp="2910" pin=0"/></net>

<net id="2914"><net_src comp="2910" pin="1"/><net_sink comp="1681" pin=128"/></net>

<net id="2918"><net_src comp="1285" pin="3"/><net_sink comp="2915" pin=0"/></net>

<net id="2919"><net_src comp="2915" pin="1"/><net_sink comp="528" pin=2"/></net>

<net id="2923"><net_src comp="1294" pin="3"/><net_sink comp="2920" pin=0"/></net>

<net id="2924"><net_src comp="2920" pin="1"/><net_sink comp="528" pin=0"/></net>

<net id="2928"><net_src comp="528" pin="7"/><net_sink comp="2925" pin=0"/></net>

<net id="2929"><net_src comp="2925" pin="1"/><net_sink comp="1681" pin=60"/></net>

<net id="2933"><net_src comp="528" pin="3"/><net_sink comp="2930" pin=0"/></net>

<net id="2934"><net_src comp="2930" pin="1"/><net_sink comp="1681" pin=124"/></net>

<net id="2938"><net_src comp="1303" pin="3"/><net_sink comp="2935" pin=0"/></net>

<net id="2939"><net_src comp="2935" pin="1"/><net_sink comp="528" pin=2"/></net>

<net id="2943"><net_src comp="1312" pin="3"/><net_sink comp="2940" pin=0"/></net>

<net id="2944"><net_src comp="2940" pin="1"/><net_sink comp="528" pin=0"/></net>

<net id="2948"><net_src comp="528" pin="7"/><net_sink comp="2945" pin=0"/></net>

<net id="2949"><net_src comp="2945" pin="1"/><net_sink comp="1681" pin=62"/></net>

<net id="2953"><net_src comp="528" pin="3"/><net_sink comp="2950" pin=0"/></net>

<net id="2954"><net_src comp="2950" pin="1"/><net_sink comp="1681" pin=100"/></net>

<net id="2958"><net_src comp="1321" pin="3"/><net_sink comp="2955" pin=0"/></net>

<net id="2959"><net_src comp="2955" pin="1"/><net_sink comp="528" pin=2"/></net>

<net id="2963"><net_src comp="1330" pin="3"/><net_sink comp="2960" pin=0"/></net>

<net id="2964"><net_src comp="2960" pin="1"/><net_sink comp="528" pin=0"/></net>

<net id="2968"><net_src comp="528" pin="7"/><net_sink comp="2965" pin=0"/></net>

<net id="2969"><net_src comp="2965" pin="1"/><net_sink comp="1681" pin=74"/></net>

<net id="2973"><net_src comp="528" pin="3"/><net_sink comp="2970" pin=0"/></net>

<net id="2974"><net_src comp="2970" pin="1"/><net_sink comp="1681" pin=18"/></net>

<net id="2978"><net_src comp="1339" pin="3"/><net_sink comp="2975" pin=0"/></net>

<net id="2979"><net_src comp="2975" pin="1"/><net_sink comp="528" pin=2"/></net>

<net id="2983"><net_src comp="1348" pin="3"/><net_sink comp="2980" pin=0"/></net>

<net id="2984"><net_src comp="2980" pin="1"/><net_sink comp="528" pin=0"/></net>

<net id="2988"><net_src comp="528" pin="7"/><net_sink comp="2985" pin=0"/></net>

<net id="2989"><net_src comp="2985" pin="1"/><net_sink comp="1681" pin=92"/></net>

<net id="2993"><net_src comp="528" pin="3"/><net_sink comp="2990" pin=0"/></net>

<net id="2994"><net_src comp="2990" pin="1"/><net_sink comp="1681" pin=42"/></net>

<net id="2998"><net_src comp="1357" pin="3"/><net_sink comp="2995" pin=0"/></net>

<net id="2999"><net_src comp="2995" pin="1"/><net_sink comp="528" pin=2"/></net>

<net id="3003"><net_src comp="1366" pin="3"/><net_sink comp="3000" pin=0"/></net>

<net id="3004"><net_src comp="3000" pin="1"/><net_sink comp="528" pin=0"/></net>

<net id="3008"><net_src comp="528" pin="7"/><net_sink comp="3005" pin=0"/></net>

<net id="3009"><net_src comp="3005" pin="1"/><net_sink comp="1681" pin=120"/></net>

<net id="3013"><net_src comp="528" pin="3"/><net_sink comp="3010" pin=0"/></net>

<net id="3014"><net_src comp="3010" pin="1"/><net_sink comp="1681" pin=73"/></net>

<net id="3018"><net_src comp="1375" pin="3"/><net_sink comp="3015" pin=0"/></net>

<net id="3019"><net_src comp="3015" pin="1"/><net_sink comp="528" pin=2"/></net>

<net id="3023"><net_src comp="1384" pin="3"/><net_sink comp="3020" pin=0"/></net>

<net id="3024"><net_src comp="3020" pin="1"/><net_sink comp="528" pin=0"/></net>

<net id="3028"><net_src comp="528" pin="7"/><net_sink comp="3025" pin=0"/></net>

<net id="3029"><net_src comp="3025" pin="1"/><net_sink comp="1681" pin=27"/></net>

<net id="3033"><net_src comp="528" pin="3"/><net_sink comp="3030" pin=0"/></net>

<net id="3034"><net_src comp="3030" pin="1"/><net_sink comp="1681" pin=111"/></net>

<net id="3038"><net_src comp="1393" pin="3"/><net_sink comp="3035" pin=0"/></net>

<net id="3039"><net_src comp="3035" pin="1"/><net_sink comp="528" pin=2"/></net>

<net id="3043"><net_src comp="1402" pin="3"/><net_sink comp="3040" pin=0"/></net>

<net id="3044"><net_src comp="3040" pin="1"/><net_sink comp="528" pin=0"/></net>

<net id="3048"><net_src comp="528" pin="7"/><net_sink comp="3045" pin=0"/></net>

<net id="3049"><net_src comp="3045" pin="1"/><net_sink comp="1681" pin=70"/></net>

<net id="3053"><net_src comp="528" pin="3"/><net_sink comp="3050" pin=0"/></net>

<net id="3054"><net_src comp="3050" pin="1"/><net_sink comp="1681" pin=29"/></net>

<net id="3058"><net_src comp="1411" pin="3"/><net_sink comp="3055" pin=0"/></net>

<net id="3059"><net_src comp="3055" pin="1"/><net_sink comp="528" pin=2"/></net>

<net id="3063"><net_src comp="1420" pin="3"/><net_sink comp="3060" pin=0"/></net>

<net id="3064"><net_src comp="3060" pin="1"/><net_sink comp="528" pin=0"/></net>

<net id="3068"><net_src comp="528" pin="7"/><net_sink comp="3065" pin=0"/></net>

<net id="3069"><net_src comp="3065" pin="1"/><net_sink comp="1681" pin=118"/></net>

<net id="3073"><net_src comp="528" pin="3"/><net_sink comp="3070" pin=0"/></net>

<net id="3074"><net_src comp="3070" pin="1"/><net_sink comp="1681" pin=83"/></net>

<net id="3078"><net_src comp="1429" pin="3"/><net_sink comp="3075" pin=0"/></net>

<net id="3079"><net_src comp="3075" pin="1"/><net_sink comp="528" pin=2"/></net>

<net id="3083"><net_src comp="1438" pin="3"/><net_sink comp="3080" pin=0"/></net>

<net id="3084"><net_src comp="3080" pin="1"/><net_sink comp="528" pin=0"/></net>

<net id="3088"><net_src comp="528" pin="7"/><net_sink comp="3085" pin=0"/></net>

<net id="3089"><net_src comp="3085" pin="1"/><net_sink comp="1681" pin=46"/></net>

<net id="3093"><net_src comp="528" pin="3"/><net_sink comp="3090" pin=0"/></net>

<net id="3094"><net_src comp="3090" pin="1"/><net_sink comp="1681" pin=11"/></net>

<net id="3098"><net_src comp="1447" pin="3"/><net_sink comp="3095" pin=0"/></net>

<net id="3099"><net_src comp="3095" pin="1"/><net_sink comp="528" pin=2"/></net>

<net id="3103"><net_src comp="1456" pin="3"/><net_sink comp="3100" pin=0"/></net>

<net id="3104"><net_src comp="3100" pin="1"/><net_sink comp="528" pin=0"/></net>

<net id="3108"><net_src comp="528" pin="7"/><net_sink comp="3105" pin=0"/></net>

<net id="3109"><net_src comp="3105" pin="1"/><net_sink comp="1681" pin=108"/></net>

<net id="3113"><net_src comp="528" pin="3"/><net_sink comp="3110" pin=0"/></net>

<net id="3114"><net_src comp="3110" pin="1"/><net_sink comp="1681" pin=79"/></net>

<net id="3118"><net_src comp="1465" pin="3"/><net_sink comp="3115" pin=0"/></net>

<net id="3119"><net_src comp="3115" pin="1"/><net_sink comp="528" pin=2"/></net>

<net id="3123"><net_src comp="1474" pin="3"/><net_sink comp="3120" pin=0"/></net>

<net id="3124"><net_src comp="3120" pin="1"/><net_sink comp="528" pin=0"/></net>

<net id="3128"><net_src comp="528" pin="7"/><net_sink comp="3125" pin=0"/></net>

<net id="3129"><net_src comp="3125" pin="1"/><net_sink comp="1681" pin=50"/></net>

<net id="3133"><net_src comp="528" pin="3"/><net_sink comp="3130" pin=0"/></net>

<net id="3134"><net_src comp="3130" pin="1"/><net_sink comp="1681" pin=22"/></net>

<net id="3138"><net_src comp="1483" pin="3"/><net_sink comp="3135" pin=0"/></net>

<net id="3139"><net_src comp="3135" pin="1"/><net_sink comp="528" pin=2"/></net>

<net id="3143"><net_src comp="1492" pin="3"/><net_sink comp="3140" pin=0"/></net>

<net id="3144"><net_src comp="3140" pin="1"/><net_sink comp="528" pin=0"/></net>

<net id="3148"><net_src comp="528" pin="7"/><net_sink comp="3145" pin=0"/></net>

<net id="3149"><net_src comp="3145" pin="1"/><net_sink comp="1681" pin=123"/></net>

<net id="3153"><net_src comp="528" pin="3"/><net_sink comp="3150" pin=0"/></net>

<net id="3154"><net_src comp="3150" pin="1"/><net_sink comp="1681" pin=99"/></net>

<net id="3158"><net_src comp="1501" pin="3"/><net_sink comp="3155" pin=0"/></net>

<net id="3159"><net_src comp="3155" pin="1"/><net_sink comp="528" pin=2"/></net>

<net id="3163"><net_src comp="1510" pin="3"/><net_sink comp="3160" pin=0"/></net>

<net id="3164"><net_src comp="3160" pin="1"/><net_sink comp="528" pin=0"/></net>

<net id="3168"><net_src comp="528" pin="7"/><net_sink comp="3165" pin=0"/></net>

<net id="3169"><net_src comp="3165" pin="1"/><net_sink comp="1681" pin=77"/></net>

<net id="3173"><net_src comp="528" pin="3"/><net_sink comp="3170" pin=0"/></net>

<net id="3174"><net_src comp="3170" pin="1"/><net_sink comp="1681" pin=55"/></net>

<net id="3178"><net_src comp="1519" pin="3"/><net_sink comp="3175" pin=0"/></net>

<net id="3179"><net_src comp="3175" pin="1"/><net_sink comp="528" pin=2"/></net>

<net id="3183"><net_src comp="1528" pin="3"/><net_sink comp="3180" pin=0"/></net>

<net id="3184"><net_src comp="3180" pin="1"/><net_sink comp="528" pin=0"/></net>

<net id="3188"><net_src comp="528" pin="7"/><net_sink comp="3185" pin=0"/></net>

<net id="3189"><net_src comp="3185" pin="1"/><net_sink comp="1681" pin=35"/></net>

<net id="3193"><net_src comp="528" pin="3"/><net_sink comp="3190" pin=0"/></net>

<net id="3194"><net_src comp="3190" pin="1"/><net_sink comp="1681" pin=15"/></net>

<net id="3198"><net_src comp="1537" pin="3"/><net_sink comp="3195" pin=0"/></net>

<net id="3199"><net_src comp="3195" pin="1"/><net_sink comp="528" pin=2"/></net>

<net id="3203"><net_src comp="1546" pin="3"/><net_sink comp="3200" pin=0"/></net>

<net id="3204"><net_src comp="3200" pin="1"/><net_sink comp="528" pin=0"/></net>

<net id="3208"><net_src comp="528" pin="7"/><net_sink comp="3205" pin=0"/></net>

<net id="3209"><net_src comp="3205" pin="1"/><net_sink comp="1681" pin=125"/></net>

<net id="3213"><net_src comp="528" pin="3"/><net_sink comp="3210" pin=0"/></net>

<net id="3214"><net_src comp="3210" pin="1"/><net_sink comp="1681" pin=109"/></net>

<net id="3218"><net_src comp="1555" pin="3"/><net_sink comp="3215" pin=0"/></net>

<net id="3219"><net_src comp="3215" pin="1"/><net_sink comp="528" pin=2"/></net>

<net id="3223"><net_src comp="1564" pin="3"/><net_sink comp="3220" pin=0"/></net>

<net id="3224"><net_src comp="3220" pin="1"/><net_sink comp="528" pin=0"/></net>

<net id="3228"><net_src comp="528" pin="7"/><net_sink comp="3225" pin=0"/></net>

<net id="3229"><net_src comp="3225" pin="1"/><net_sink comp="1681" pin=94"/></net>

<net id="3233"><net_src comp="528" pin="3"/><net_sink comp="3230" pin=0"/></net>

<net id="3234"><net_src comp="3230" pin="1"/><net_sink comp="1681" pin=81"/></net>

<net id="3238"><net_src comp="1573" pin="3"/><net_sink comp="3235" pin=0"/></net>

<net id="3239"><net_src comp="3235" pin="1"/><net_sink comp="528" pin=2"/></net>

<net id="3243"><net_src comp="1582" pin="3"/><net_sink comp="3240" pin=0"/></net>

<net id="3244"><net_src comp="3240" pin="1"/><net_sink comp="528" pin=0"/></net>

<net id="3248"><net_src comp="528" pin="7"/><net_sink comp="3245" pin=0"/></net>

<net id="3249"><net_src comp="3245" pin="1"/><net_sink comp="1681" pin=69"/></net>

<net id="3253"><net_src comp="528" pin="3"/><net_sink comp="3250" pin=0"/></net>

<net id="3254"><net_src comp="3250" pin="1"/><net_sink comp="1681" pin=57"/></net>

<net id="3258"><net_src comp="1591" pin="3"/><net_sink comp="3255" pin=0"/></net>

<net id="3259"><net_src comp="3255" pin="1"/><net_sink comp="528" pin=2"/></net>

<net id="3263"><net_src comp="1600" pin="3"/><net_sink comp="3260" pin=0"/></net>

<net id="3264"><net_src comp="3260" pin="1"/><net_sink comp="528" pin=0"/></net>

<net id="3268"><net_src comp="528" pin="7"/><net_sink comp="3265" pin=0"/></net>

<net id="3269"><net_src comp="3265" pin="1"/><net_sink comp="1681" pin=47"/></net>

<net id="3273"><net_src comp="528" pin="3"/><net_sink comp="3270" pin=0"/></net>

<net id="3274"><net_src comp="3270" pin="1"/><net_sink comp="1681" pin=38"/></net>

<net id="3278"><net_src comp="1609" pin="3"/><net_sink comp="3275" pin=0"/></net>

<net id="3279"><net_src comp="3275" pin="1"/><net_sink comp="528" pin=2"/></net>

<net id="3283"><net_src comp="1618" pin="3"/><net_sink comp="3280" pin=0"/></net>

<net id="3284"><net_src comp="3280" pin="1"/><net_sink comp="528" pin=0"/></net>

<net id="3288"><net_src comp="528" pin="7"/><net_sink comp="3285" pin=0"/></net>

<net id="3289"><net_src comp="3285" pin="1"/><net_sink comp="1681" pin=30"/></net>

<net id="3293"><net_src comp="528" pin="3"/><net_sink comp="3290" pin=0"/></net>

<net id="3294"><net_src comp="3290" pin="1"/><net_sink comp="1681" pin=23"/></net>

<net id="3298"><net_src comp="1627" pin="3"/><net_sink comp="3295" pin=0"/></net>

<net id="3299"><net_src comp="3295" pin="1"/><net_sink comp="528" pin=2"/></net>

<net id="3303"><net_src comp="1636" pin="3"/><net_sink comp="3300" pin=0"/></net>

<net id="3304"><net_src comp="3300" pin="1"/><net_sink comp="528" pin=0"/></net>

<net id="3308"><net_src comp="528" pin="7"/><net_sink comp="3305" pin=0"/></net>

<net id="3309"><net_src comp="3305" pin="1"/><net_sink comp="1681" pin=17"/></net>

<net id="3313"><net_src comp="528" pin="3"/><net_sink comp="3310" pin=0"/></net>

<net id="3314"><net_src comp="3310" pin="1"/><net_sink comp="1681" pin=12"/></net>

<net id="3318"><net_src comp="1645" pin="3"/><net_sink comp="3315" pin=0"/></net>

<net id="3319"><net_src comp="3315" pin="1"/><net_sink comp="528" pin=2"/></net>

<net id="3323"><net_src comp="1654" pin="3"/><net_sink comp="3320" pin=0"/></net>

<net id="3324"><net_src comp="3320" pin="1"/><net_sink comp="528" pin=0"/></net>

<net id="3328"><net_src comp="528" pin="7"/><net_sink comp="3325" pin=0"/></net>

<net id="3329"><net_src comp="3325" pin="1"/><net_sink comp="1681" pin=8"/></net>

<net id="3333"><net_src comp="528" pin="3"/><net_sink comp="3330" pin=0"/></net>

<net id="3334"><net_src comp="3330" pin="1"/><net_sink comp="1681" pin=5"/></net>

<net id="3338"><net_src comp="1663" pin="3"/><net_sink comp="3335" pin=0"/></net>

<net id="3339"><net_src comp="3335" pin="1"/><net_sink comp="528" pin=2"/></net>

<net id="3343"><net_src comp="1672" pin="3"/><net_sink comp="3340" pin=0"/></net>

<net id="3344"><net_src comp="3340" pin="1"/><net_sink comp="528" pin=0"/></net>

<net id="3348"><net_src comp="528" pin="7"/><net_sink comp="3345" pin=0"/></net>

<net id="3349"><net_src comp="3345" pin="1"/><net_sink comp="1681" pin=3"/></net>

<net id="3353"><net_src comp="528" pin="3"/><net_sink comp="3350" pin=0"/></net>

<net id="3354"><net_src comp="3350" pin="1"/><net_sink comp="1681" pin=126"/></net>

</net_list>

</model> 
---------------- Datapath Model END ------------------

* FSMD analyzer results:
  - Output states:
	Port: out_r | {65 66 }
 - Input state : 
	Port: linear_acc<320, 128> : x | {1 2 3 4 5 6 7 8 9 10 11 12 13 14 15 16 17 18 19 20 21 22 23 24 25 26 27 28 29 30 31 32 33 34 35 36 37 38 39 40 41 42 43 44 45 46 47 48 49 50 51 52 53 54 55 56 57 58 59 60 61 62 63 64 65 }
	Port: linear_acc<320, 128> : bfc0 | {65 66 }
	Port: linear_acc<320, 128> : p_ZL4Wfc0_0 | {65 66 }
	Port: linear_acc<320, 128> : p_ZL4Wfc0_1 | {65 66 }
	Port: linear_acc<320, 128> : p_ZL4Wfc0_2 | {65 66 }
	Port: linear_acc<320, 128> : p_ZL4Wfc0_3 | {65 66 }
	Port: linear_acc<320, 128> : p_ZL4Wfc0_4 | {65 66 }
	Port: linear_acc<320, 128> : p_ZL4Wfc0_5 | {65 66 }
	Port: linear_acc<320, 128> : p_ZL4Wfc0_6 | {65 66 }
	Port: linear_acc<320, 128> : p_ZL4Wfc0_7 | {65 66 }
	Port: linear_acc<320, 128> : p_ZL4Wfc0_8 | {65 66 }
	Port: linear_acc<320, 128> : p_ZL4Wfc0_9 | {65 66 }
	Port: linear_acc<320, 128> : p_ZL4Wfc0_10 | {65 66 }
	Port: linear_acc<320, 128> : p_ZL4Wfc0_11 | {65 66 }
	Port: linear_acc<320, 128> : p_ZL4Wfc0_12 | {65 66 }
	Port: linear_acc<320, 128> : p_ZL4Wfc0_13 | {65 66 }
	Port: linear_acc<320, 128> : p_ZL4Wfc0_14 | {65 66 }
	Port: linear_acc<320, 128> : p_ZL4Wfc0_15 | {65 66 }
	Port: linear_acc<320, 128> : p_ZL4Wfc0_16 | {65 66 }
	Port: linear_acc<320, 128> : p_ZL4Wfc0_17 | {65 66 }
	Port: linear_acc<320, 128> : p_ZL4Wfc0_18 | {65 66 }
	Port: linear_acc<320, 128> : p_ZL4Wfc0_19 | {65 66 }
	Port: linear_acc<320, 128> : p_ZL4Wfc0_20 | {65 66 }
	Port: linear_acc<320, 128> : p_ZL4Wfc0_21 | {65 66 }
	Port: linear_acc<320, 128> : p_ZL4Wfc0_22 | {65 66 }
	Port: linear_acc<320, 128> : p_ZL4Wfc0_23 | {65 66 }
	Port: linear_acc<320, 128> : p_ZL4Wfc0_24 | {65 66 }
	Port: linear_acc<320, 128> : p_ZL4Wfc0_25 | {65 66 }
	Port: linear_acc<320, 128> : p_ZL4Wfc0_26 | {65 66 }
	Port: linear_acc<320, 128> : p_ZL4Wfc0_27 | {65 66 }
	Port: linear_acc<320, 128> : p_ZL4Wfc0_28 | {65 66 }
	Port: linear_acc<320, 128> : p_ZL4Wfc0_29 | {65 66 }
	Port: linear_acc<320, 128> : p_ZL4Wfc0_30 | {65 66 }
	Port: linear_acc<320, 128> : p_ZL4Wfc0_31 | {65 66 }
	Port: linear_acc<320, 128> : p_ZL4Wfc0_32 | {65 66 }
	Port: linear_acc<320, 128> : p_ZL4Wfc0_33 | {65 66 }
	Port: linear_acc<320, 128> : p_ZL4Wfc0_34 | {65 66 }
	Port: linear_acc<320, 128> : p_ZL4Wfc0_35 | {65 66 }
	Port: linear_acc<320, 128> : p_ZL4Wfc0_36 | {65 66 }
	Port: linear_acc<320, 128> : p_ZL4Wfc0_37 | {65 66 }
	Port: linear_acc<320, 128> : p_ZL4Wfc0_38 | {65 66 }
	Port: linear_acc<320, 128> : p_ZL4Wfc0_39 | {65 66 }
	Port: linear_acc<320, 128> : p_ZL4Wfc0_40 | {65 66 }
	Port: linear_acc<320, 128> : p_ZL4Wfc0_41 | {65 66 }
	Port: linear_acc<320, 128> : p_ZL4Wfc0_42 | {65 66 }
	Port: linear_acc<320, 128> : p_ZL4Wfc0_43 | {65 66 }
	Port: linear_acc<320, 128> : p_ZL4Wfc0_44 | {65 66 }
	Port: linear_acc<320, 128> : p_ZL4Wfc0_45 | {65 66 }
	Port: linear_acc<320, 128> : p_ZL4Wfc0_46 | {65 66 }
	Port: linear_acc<320, 128> : p_ZL4Wfc0_47 | {65 66 }
	Port: linear_acc<320, 128> : p_ZL4Wfc0_48 | {65 66 }
	Port: linear_acc<320, 128> : p_ZL4Wfc0_49 | {65 66 }
	Port: linear_acc<320, 128> : p_ZL4Wfc0_50 | {65 66 }
	Port: linear_acc<320, 128> : p_ZL4Wfc0_51 | {65 66 }
	Port: linear_acc<320, 128> : p_ZL4Wfc0_52 | {65 66 }
	Port: linear_acc<320, 128> : p_ZL4Wfc0_53 | {65 66 }
	Port: linear_acc<320, 128> : p_ZL4Wfc0_54 | {65 66 }
	Port: linear_acc<320, 128> : p_ZL4Wfc0_55 | {65 66 }
	Port: linear_acc<320, 128> : p_ZL4Wfc0_56 | {65 66 }
	Port: linear_acc<320, 128> : p_ZL4Wfc0_57 | {65 66 }
	Port: linear_acc<320, 128> : p_ZL4Wfc0_58 | {65 66 }
	Port: linear_acc<320, 128> : p_ZL4Wfc0_59 | {65 66 }
	Port: linear_acc<320, 128> : p_ZL4Wfc0_60 | {65 66 }
	Port: linear_acc<320, 128> : p_ZL4Wfc0_61 | {65 66 }
	Port: linear_acc<320, 128> : p_ZL4Wfc0_62 | {65 66 }
	Port: linear_acc<320, 128> : p_ZL4Wfc0_63 | {65 66 }
	Port: linear_acc<320, 128> : p_ZL4Wfc0_64 | {65 66 }
	Port: linear_acc<320, 128> : p_ZL4Wfc0_65 | {65 66 }
	Port: linear_acc<320, 128> : p_ZL4Wfc0_66 | {65 66 }
	Port: linear_acc<320, 128> : p_ZL4Wfc0_67 | {65 66 }
	Port: linear_acc<320, 128> : p_ZL4Wfc0_68 | {65 66 }
	Port: linear_acc<320, 128> : p_ZL4Wfc0_69 | {65 66 }
	Port: linear_acc<320, 128> : p_ZL4Wfc0_70 | {65 66 }
	Port: linear_acc<320, 128> : p_ZL4Wfc0_71 | {65 66 }
	Port: linear_acc<320, 128> : p_ZL4Wfc0_72 | {65 66 }
	Port: linear_acc<320, 128> : p_ZL4Wfc0_73 | {65 66 }
	Port: linear_acc<320, 128> : p_ZL4Wfc0_74 | {65 66 }
	Port: linear_acc<320, 128> : p_ZL4Wfc0_75 | {65 66 }
	Port: linear_acc<320, 128> : p_ZL4Wfc0_76 | {65 66 }
	Port: linear_acc<320, 128> : p_ZL4Wfc0_77 | {65 66 }
	Port: linear_acc<320, 128> : p_ZL4Wfc0_78 | {65 66 }
	Port: linear_acc<320, 128> : p_ZL4Wfc0_79 | {65 66 }
	Port: linear_acc<320, 128> : p_ZL4Wfc0_80 | {65 66 }
	Port: linear_acc<320, 128> : p_ZL4Wfc0_81 | {65 66 }
	Port: linear_acc<320, 128> : p_ZL4Wfc0_82 | {65 66 }
	Port: linear_acc<320, 128> : p_ZL4Wfc0_83 | {65 66 }
	Port: linear_acc<320, 128> : p_ZL4Wfc0_84 | {65 66 }
	Port: linear_acc<320, 128> : p_ZL4Wfc0_85 | {65 66 }
	Port: linear_acc<320, 128> : p_ZL4Wfc0_86 | {65 66 }
	Port: linear_acc<320, 128> : p_ZL4Wfc0_87 | {65 66 }
	Port: linear_acc<320, 128> : p_ZL4Wfc0_88 | {65 66 }
	Port: linear_acc<320, 128> : p_ZL4Wfc0_89 | {65 66 }
	Port: linear_acc<320, 128> : p_ZL4Wfc0_90 | {65 66 }
	Port: linear_acc<320, 128> : p_ZL4Wfc0_91 | {65 66 }
	Port: linear_acc<320, 128> : p_ZL4Wfc0_92 | {65 66 }
	Port: linear_acc<320, 128> : p_ZL4Wfc0_93 | {65 66 }
	Port: linear_acc<320, 128> : p_ZL4Wfc0_94 | {65 66 }
	Port: linear_acc<320, 128> : p_ZL4Wfc0_95 | {65 66 }
	Port: linear_acc<320, 128> : p_ZL4Wfc0_96 | {65 66 }
	Port: linear_acc<320, 128> : p_ZL4Wfc0_97 | {65 66 }
	Port: linear_acc<320, 128> : p_ZL4Wfc0_98 | {65 66 }
	Port: linear_acc<320, 128> : p_ZL4Wfc0_99 | {65 66 }
	Port: linear_acc<320, 128> : p_ZL4Wfc0_100 | {65 66 }
	Port: linear_acc<320, 128> : p_ZL4Wfc0_101 | {65 66 }
	Port: linear_acc<320, 128> : p_ZL4Wfc0_102 | {65 66 }
	Port: linear_acc<320, 128> : p_ZL4Wfc0_103 | {65 66 }
	Port: linear_acc<320, 128> : p_ZL4Wfc0_104 | {65 66 }
	Port: linear_acc<320, 128> : p_ZL4Wfc0_105 | {65 66 }
	Port: linear_acc<320, 128> : p_ZL4Wfc0_106 | {65 66 }
	Port: linear_acc<320, 128> : p_ZL4Wfc0_107 | {65 66 }
	Port: linear_acc<320, 128> : p_ZL4Wfc0_108 | {65 66 }
	Port: linear_acc<320, 128> : p_ZL4Wfc0_109 | {65 66 }
	Port: linear_acc<320, 128> : p_ZL4Wfc0_110 | {65 66 }
	Port: linear_acc<320, 128> : p_ZL4Wfc0_111 | {65 66 }
	Port: linear_acc<320, 128> : p_ZL4Wfc0_112 | {65 66 }
	Port: linear_acc<320, 128> : p_ZL4Wfc0_113 | {65 66 }
	Port: linear_acc<320, 128> : p_ZL4Wfc0_114 | {65 66 }
	Port: linear_acc<320, 128> : p_ZL4Wfc0_115 | {65 66 }
	Port: linear_acc<320, 128> : p_ZL4Wfc0_116 | {65 66 }
	Port: linear_acc<320, 128> : p_ZL4Wfc0_117 | {65 66 }
	Port: linear_acc<320, 128> : p_ZL4Wfc0_118 | {65 66 }
	Port: linear_acc<320, 128> : p_ZL4Wfc0_119 | {65 66 }
	Port: linear_acc<320, 128> : p_ZL4Wfc0_120 | {65 66 }
	Port: linear_acc<320, 128> : p_ZL4Wfc0_121 | {65 66 }
	Port: linear_acc<320, 128> : p_ZL4Wfc0_122 | {65 66 }
	Port: linear_acc<320, 128> : p_ZL4Wfc0_123 | {65 66 }
	Port: linear_acc<320, 128> : p_ZL4Wfc0_124 | {65 66 }
	Port: linear_acc<320, 128> : p_ZL4Wfc0_125 | {65 66 }
	Port: linear_acc<320, 128> : p_ZL4Wfc0_126 | {65 66 }
	Port: linear_acc<320, 128> : p_ZL4Wfc0_127 | {65 66 }
  - Chain level:
	State 1
		x_load : 1
		x_load_1 : 1
	State 2
		x_load_2 : 1
		x_load_3 : 1
	State 3
		x_load_4 : 1
		x_load_5 : 1
	State 4
		x_load_6 : 1
		x_load_7 : 1
	State 5
		x_load_8 : 1
		x_load_9 : 1
	State 6
		x_load_10 : 1
		x_load_11 : 1
	State 7
		x_load_12 : 1
		x_load_13 : 1
	State 8
		x_load_14 : 1
		x_load_15 : 1
	State 9
		x_load_16 : 1
		x_load_17 : 1
	State 10
		x_load_18 : 1
		x_load_19 : 1
	State 11
		x_load_20 : 1
		x_load_21 : 1
	State 12
		x_load_22 : 1
		x_load_23 : 1
	State 13
		x_load_24 : 1
		x_load_25 : 1
	State 14
		x_load_26 : 1
		x_load_27 : 1
	State 15
		x_load_28 : 1
		x_load_29 : 1
	State 16
		x_load_30 : 1
		x_load_31 : 1
	State 17
		x_load_32 : 1
		x_load_33 : 1
	State 18
		x_load_34 : 1
		x_load_35 : 1
	State 19
		x_load_36 : 1
		x_load_37 : 1
	State 20
		x_load_38 : 1
		x_load_39 : 1
	State 21
		x_load_40 : 1
		x_load_41 : 1
	State 22
		x_load_42 : 1
		x_load_43 : 1
	State 23
		x_load_44 : 1
		x_load_45 : 1
	State 24
		x_load_46 : 1
		x_load_47 : 1
	State 25
		x_load_48 : 1
		x_load_49 : 1
	State 26
		x_load_50 : 1
		x_load_51 : 1
	State 27
		x_load_52 : 1
		x_load_53 : 1
	State 28
		x_load_54 : 1
		x_load_55 : 1
	State 29
		x_load_56 : 1
		x_load_57 : 1
	State 30
		x_load_58 : 1
		x_load_59 : 1
	State 31
		x_load_60 : 1
		x_load_61 : 1
	State 32
		x_load_62 : 1
		x_load_63 : 1
	State 33
		x_load_64 : 1
		x_load_65 : 1
	State 34
		x_load_66 : 1
		x_load_67 : 1
	State 35
		x_load_68 : 1
		x_load_69 : 1
	State 36
		x_load_70 : 1
		x_load_71 : 1
	State 37
		x_load_72 : 1
		x_load_73 : 1
	State 38
		x_load_74 : 1
		x_load_75 : 1
	State 39
		x_load_76 : 1
		x_load_77 : 1
	State 40
		x_load_78 : 1
		x_load_79 : 1
	State 41
		x_load_80 : 1
		x_load_81 : 1
	State 42
		x_load_82 : 1
		x_load_83 : 1
	State 43
		x_load_84 : 1
		x_load_85 : 1
	State 44
		x_load_86 : 1
		x_load_87 : 1
	State 45
		x_load_88 : 1
		x_load_89 : 1
	State 46
		x_load_90 : 1
		x_load_91 : 1
	State 47
		x_load_92 : 1
		x_load_93 : 1
	State 48
		x_load_94 : 1
		x_load_95 : 1
	State 49
		x_load_96 : 1
		x_load_97 : 1
	State 50
		x_load_98 : 1
		x_load_99 : 1
	State 51
		x_load_100 : 1
		x_load_101 : 1
	State 52
		x_load_102 : 1
		x_load_103 : 1
	State 53
		x_load_104 : 1
		x_load_105 : 1
	State 54
		x_load_106 : 1
		x_load_107 : 1
	State 55
		x_load_108 : 1
		x_load_109 : 1
	State 56
		x_load_110 : 1
		x_load_111 : 1
	State 57
		x_load_112 : 1
		x_load_113 : 1
	State 58
		x_load_114 : 1
		x_load_115 : 1
	State 59
		x_load_116 : 1
		x_load_117 : 1
	State 60
		x_load_118 : 1
		x_load_119 : 1
	State 61
		x_load_120 : 1
		x_load_121 : 1
	State 62
		x_load_122 : 1
		x_load_123 : 1
	State 63
		x_load_124 : 1
		x_load_125 : 1
	State 64
		x_load_126 : 1
		x_load_127 : 1
	State 65
		call_ln182 : 1
	State 66


============================================================
+ Verbose Summary: Datapath Resource usage 
============================================================

* Functional unit list:
|----------|----------------------------------------------------------|---------|---------|---------|---------|
| Operation|                      Functional Unit                     |   DSP   |  Delay  |    FF   |   LUT   |
|----------|----------------------------------------------------------|---------|---------|---------|---------|
|   call   | grp_linear_acc_320_128_Pipeline_VITIS_LOOP_186_1_fu_1681 |    65   |  88.291 |   5435  |   6040  |
|----------|----------------------------------------------------------|---------|---------|---------|---------|
|   Total  |                                                          |    65   |  88.291 |   5435  |   6040  |
|----------|----------------------------------------------------------|---------|---------|---------|---------|

Memories:
N/A

* Register list:
+-------------------+--------+
|                   |   FF   |
+-------------------+--------+
|x_addr_100_reg_3075|    7   |
|x_addr_101_reg_3080|    7   |
|x_addr_102_reg_3095|    7   |
|x_addr_103_reg_3100|    7   |
|x_addr_104_reg_3115|    7   |
|x_addr_105_reg_3120|    7   |
|x_addr_106_reg_3135|    7   |
|x_addr_107_reg_3140|    7   |
|x_addr_108_reg_3155|    7   |
|x_addr_109_reg_3160|    7   |
| x_addr_10_reg_2175|    7   |
|x_addr_110_reg_3175|    7   |
|x_addr_111_reg_3180|    7   |
|x_addr_112_reg_3195|    7   |
|x_addr_113_reg_3200|    7   |
|x_addr_114_reg_3215|    7   |
|x_addr_115_reg_3220|    7   |
|x_addr_116_reg_3235|    7   |
|x_addr_117_reg_3240|    7   |
|x_addr_118_reg_3255|    7   |
|x_addr_119_reg_3260|    7   |
| x_addr_11_reg_2180|    7   |
|x_addr_120_reg_3275|    7   |
|x_addr_121_reg_3280|    7   |
|x_addr_122_reg_3295|    7   |
|x_addr_123_reg_3300|    7   |
|x_addr_124_reg_3315|    7   |
|x_addr_125_reg_3320|    7   |
|x_addr_126_reg_3335|    7   |
|x_addr_127_reg_3340|    7   |
| x_addr_12_reg_2195|    7   |
| x_addr_13_reg_2200|    7   |
| x_addr_14_reg_2215|    7   |
| x_addr_15_reg_2220|    7   |
| x_addr_16_reg_2235|    7   |
| x_addr_17_reg_2240|    7   |
| x_addr_18_reg_2255|    7   |
| x_addr_19_reg_2260|    7   |
| x_addr_1_reg_2080 |    7   |
| x_addr_20_reg_2275|    7   |
| x_addr_21_reg_2280|    7   |
| x_addr_22_reg_2295|    7   |
| x_addr_23_reg_2300|    7   |
| x_addr_24_reg_2315|    7   |
| x_addr_25_reg_2320|    7   |
| x_addr_26_reg_2335|    7   |
| x_addr_27_reg_2340|    7   |
| x_addr_28_reg_2355|    7   |
| x_addr_29_reg_2360|    7   |
| x_addr_2_reg_2095 |    7   |
| x_addr_30_reg_2375|    7   |
| x_addr_31_reg_2380|    7   |
| x_addr_32_reg_2395|    7   |
| x_addr_33_reg_2400|    7   |
| x_addr_34_reg_2415|    7   |
| x_addr_35_reg_2420|    7   |
| x_addr_36_reg_2435|    7   |
| x_addr_37_reg_2440|    7   |
| x_addr_38_reg_2455|    7   |
| x_addr_39_reg_2460|    7   |
| x_addr_3_reg_2100 |    7   |
| x_addr_40_reg_2475|    7   |
| x_addr_41_reg_2480|    7   |
| x_addr_42_reg_2495|    7   |
| x_addr_43_reg_2500|    7   |
| x_addr_44_reg_2515|    7   |
| x_addr_45_reg_2520|    7   |
| x_addr_46_reg_2535|    7   |
| x_addr_47_reg_2540|    7   |
| x_addr_48_reg_2555|    7   |
| x_addr_49_reg_2560|    7   |
| x_addr_4_reg_2115 |    7   |
| x_addr_50_reg_2575|    7   |
| x_addr_51_reg_2580|    7   |
| x_addr_52_reg_2595|    7   |
| x_addr_53_reg_2600|    7   |
| x_addr_54_reg_2615|    7   |
| x_addr_55_reg_2620|    7   |
| x_addr_56_reg_2635|    7   |
| x_addr_57_reg_2640|    7   |
| x_addr_58_reg_2655|    7   |
| x_addr_59_reg_2660|    7   |
| x_addr_5_reg_2120 |    7   |
| x_addr_60_reg_2675|    7   |
| x_addr_61_reg_2680|    7   |
| x_addr_62_reg_2695|    7   |
| x_addr_63_reg_2700|    7   |
| x_addr_64_reg_2715|    7   |
| x_addr_65_reg_2720|    7   |
| x_addr_66_reg_2735|    7   |
| x_addr_67_reg_2740|    7   |
| x_addr_68_reg_2755|    7   |
| x_addr_69_reg_2760|    7   |
| x_addr_6_reg_2135 |    7   |
| x_addr_70_reg_2775|    7   |
| x_addr_71_reg_2780|    7   |
| x_addr_72_reg_2795|    7   |
| x_addr_73_reg_2800|    7   |
| x_addr_74_reg_2815|    7   |
| x_addr_75_reg_2820|    7   |
| x_addr_76_reg_2835|    7   |
| x_addr_77_reg_2840|    7   |
| x_addr_78_reg_2855|    7   |
| x_addr_79_reg_2860|    7   |
| x_addr_7_reg_2140 |    7   |
| x_addr_80_reg_2875|    7   |
| x_addr_81_reg_2880|    7   |
| x_addr_82_reg_2895|    7   |
| x_addr_83_reg_2900|    7   |
| x_addr_84_reg_2915|    7   |
| x_addr_85_reg_2920|    7   |
| x_addr_86_reg_2935|    7   |
| x_addr_87_reg_2940|    7   |
| x_addr_88_reg_2955|    7   |
| x_addr_89_reg_2960|    7   |
| x_addr_8_reg_2155 |    7   |
| x_addr_90_reg_2975|    7   |
| x_addr_91_reg_2980|    7   |
| x_addr_92_reg_2995|    7   |
| x_addr_93_reg_3000|    7   |
| x_addr_94_reg_3015|    7   |
| x_addr_95_reg_3020|    7   |
| x_addr_96_reg_3035|    7   |
| x_addr_97_reg_3040|    7   |
| x_addr_98_reg_3055|    7   |
| x_addr_99_reg_3060|    7   |
| x_addr_9_reg_2160 |    7   |
|  x_addr_reg_2075  |    7   |
|x_load_100_reg_3085|    8   |
|x_load_101_reg_3090|    8   |
|x_load_102_reg_3105|    8   |
|x_load_103_reg_3110|    8   |
|x_load_104_reg_3125|    8   |
|x_load_105_reg_3130|    8   |
|x_load_106_reg_3145|    8   |
|x_load_107_reg_3150|    8   |
|x_load_108_reg_3165|    8   |
|x_load_109_reg_3170|    8   |
| x_load_10_reg_2185|    8   |
|x_load_110_reg_3185|    8   |
|x_load_111_reg_3190|    8   |
|x_load_112_reg_3205|    8   |
|x_load_113_reg_3210|    8   |
|x_load_114_reg_3225|    8   |
|x_load_115_reg_3230|    8   |
|x_load_116_reg_3245|    8   |
|x_load_117_reg_3250|    8   |
|x_load_118_reg_3265|    8   |
|x_load_119_reg_3270|    8   |
| x_load_11_reg_2190|    8   |
|x_load_120_reg_3285|    8   |
|x_load_121_reg_3290|    8   |
|x_load_122_reg_3305|    8   |
|x_load_123_reg_3310|    8   |
|x_load_124_reg_3325|    8   |
|x_load_125_reg_3330|    8   |
|x_load_126_reg_3345|    8   |
|x_load_127_reg_3350|    8   |
| x_load_12_reg_2205|    8   |
| x_load_13_reg_2210|    8   |
| x_load_14_reg_2225|    8   |
| x_load_15_reg_2230|    8   |
| x_load_16_reg_2245|    8   |
| x_load_17_reg_2250|    8   |
| x_load_18_reg_2265|    8   |
| x_load_19_reg_2270|    8   |
| x_load_1_reg_2090 |    8   |
| x_load_20_reg_2285|    8   |
| x_load_21_reg_2290|    8   |
| x_load_22_reg_2305|    8   |
| x_load_23_reg_2310|    8   |
| x_load_24_reg_2325|    8   |
| x_load_25_reg_2330|    8   |
| x_load_26_reg_2345|    8   |
| x_load_27_reg_2350|    8   |
| x_load_28_reg_2365|    8   |
| x_load_29_reg_2370|    8   |
| x_load_2_reg_2105 |    8   |
| x_load_30_reg_2385|    8   |
| x_load_31_reg_2390|    8   |
| x_load_32_reg_2405|    8   |
| x_load_33_reg_2410|    8   |
| x_load_34_reg_2425|    8   |
| x_load_35_reg_2430|    8   |
| x_load_36_reg_2445|    8   |
| x_load_37_reg_2450|    8   |
| x_load_38_reg_2465|    8   |
| x_load_39_reg_2470|    8   |
| x_load_3_reg_2110 |    8   |
| x_load_40_reg_2485|    8   |
| x_load_41_reg_2490|    8   |
| x_load_42_reg_2505|    8   |
| x_load_43_reg_2510|    8   |
| x_load_44_reg_2525|    8   |
| x_load_45_reg_2530|    8   |
| x_load_46_reg_2545|    8   |
| x_load_47_reg_2550|    8   |
| x_load_48_reg_2565|    8   |
| x_load_49_reg_2570|    8   |
| x_load_4_reg_2125 |    8   |
| x_load_50_reg_2585|    8   |
| x_load_51_reg_2590|    8   |
| x_load_52_reg_2605|    8   |
| x_load_53_reg_2610|    8   |
| x_load_54_reg_2625|    8   |
| x_load_55_reg_2630|    8   |
| x_load_56_reg_2645|    8   |
| x_load_57_reg_2650|    8   |
| x_load_58_reg_2665|    8   |
| x_load_59_reg_2670|    8   |
| x_load_5_reg_2130 |    8   |
| x_load_60_reg_2685|    8   |
| x_load_61_reg_2690|    8   |
| x_load_62_reg_2705|    8   |
| x_load_63_reg_2710|    8   |
| x_load_64_reg_2725|    8   |
| x_load_65_reg_2730|    8   |
| x_load_66_reg_2745|    8   |
| x_load_67_reg_2750|    8   |
| x_load_68_reg_2765|    8   |
| x_load_69_reg_2770|    8   |
| x_load_6_reg_2145 |    8   |
| x_load_70_reg_2785|    8   |
| x_load_71_reg_2790|    8   |
| x_load_72_reg_2805|    8   |
| x_load_73_reg_2810|    8   |
| x_load_74_reg_2825|    8   |
| x_load_75_reg_2830|    8   |
| x_load_76_reg_2845|    8   |
| x_load_77_reg_2850|    8   |
| x_load_78_reg_2865|    8   |
| x_load_79_reg_2870|    8   |
| x_load_7_reg_2150 |    8   |
| x_load_80_reg_2885|    8   |
| x_load_81_reg_2890|    8   |
| x_load_82_reg_2905|    8   |
| x_load_83_reg_2910|    8   |
| x_load_84_reg_2925|    8   |
| x_load_85_reg_2930|    8   |
| x_load_86_reg_2945|    8   |
| x_load_87_reg_2950|    8   |
| x_load_88_reg_2965|    8   |
| x_load_89_reg_2970|    8   |
| x_load_8_reg_2165 |    8   |
| x_load_90_reg_2985|    8   |
| x_load_91_reg_2990|    8   |
| x_load_92_reg_3005|    8   |
| x_load_93_reg_3010|    8   |
| x_load_94_reg_3025|    8   |
| x_load_95_reg_3030|    8   |
| x_load_96_reg_3045|    8   |
| x_load_97_reg_3050|    8   |
| x_load_98_reg_3065|    8   |
| x_load_99_reg_3070|    8   |
| x_load_9_reg_2170 |    8   |
|  x_load_reg_2085  |    8   |
+-------------------+--------+
|       Total       |  1920  |
+-------------------+--------+

* Multiplexer (MUX) list: 
|----------------------------------------------------------|------|------|------|--------||---------||---------|
|                           Comp                           |  Pin | Size |  BW  | S x BW ||  Delay  ||   LUT   |
|----------------------------------------------------------|------|------|------|--------||---------||---------|
|                     grp_access_fu_528                    |  p0  |  128 |   7  |   896  ||   673   |
|                     grp_access_fu_528                    |  p2  |  128 |   0  |    0   ||   673   |
| grp_linear_acc_320_128_Pipeline_VITIS_LOOP_186_1_fu_1681 |  p3  |   2  |   8  |   16   ||    9    |
| grp_linear_acc_320_128_Pipeline_VITIS_LOOP_186_1_fu_1681 | p126 |   2  |   8  |   16   ||    9    |
|----------------------------------------------------------|------|------|------|--------||---------||---------|
|                           Total                          |      |      |      |   928  ||  3.484  ||   1364  |
|----------------------------------------------------------|------|------|------|--------||---------||---------|



* Summary:
+-----------+--------+--------+--------+--------+
|           |   DSP  |  Delay |   FF   |   LUT  |
+-----------+--------+--------+--------+--------+
|  Function |   65   |   88   |  5435  |  6040  |
|   Memory  |    -   |    -   |    -   |    -   |
|Multiplexer|    -   |    3   |    -   |  1364  |
|  Register |    -   |    -   |  1920  |    -   |
+-----------+--------+--------+--------+--------+
|   Total   |   65   |   91   |  7355  |  7404  |
+-----------+--------+--------+--------+--------+
