

================================================================
== Vitis HLS Report for 'linear_acc_320_128_s'
================================================================
* Date:           Sat May 30 20:40:59 2026

* Version:        2023.2 (Build 4023990 on Oct 11 2023)
* Project:        proj_awn_int8
* Solution:       solution1 (Vivado IP Flow Target)
* Product family: zynquplus
* Target device:  xczu7ev-ffvc1156-2-e


================================================================
== Performance Estimates
================================================================
+ Timing: 
    * Summary: 
    +--------+---------+----------+------------+
    |  Clock |  Target | Estimated| Uncertainty|
    +--------+---------+----------+------------+
    |ap_clk  |  5.00 ns|  3.532 ns|     1.35 ns|
    +--------+---------+----------+------------+

+ Latency: 
    * Summary: 
    +---------+---------+----------+----------+-----+-----+---------+
    |  Latency (cycles) |  Latency (absolute) |  Interval | Pipeline|
    |   min   |   max   |    min   |    max   | min | max |   Type  |
    +---------+---------+----------+----------+-----+-----+---------+
    |      393|      393|  1.965 us|  1.965 us|  393|  393|       no|
    +---------+---------+----------+----------+-----+-----+---------+

    + Detail: 
        * Instance: 
        N/A

        * Loop: 
        N/A

============================================================
+ Verbose Summary: Synthesis Manager
============================================================
InlineROM: 1
ExposeGlobal: 0
============================================================
+ Verbose Summary: CDFG Model
============================================================
IsTopModel: 0
ResetActiveHigh: 1
IsCombinational: 0
IsDatapathOnly: 0
HasWiredReturn: 1
HasMFsm: 0
HasVarLatency: 1
IsPipeline: 0
IsRtlPipelined: 0
IsInstanceOverlapped: 0
IsDontTouch: 0
HasImplIP: 0
IsGatedGlobalClock: 0


============================================================
+ Verbose Summary: Schedule
============================================================
* Number of FSM states : 66
* Pipeline : 0
* Dataflow Pipeline: 0

* FSM state transitions: 
1 --> 2 
2 --> 3 
3 --> 4 
4 --> 5 
5 --> 6 
6 --> 7 
7 --> 8 
8 --> 9 
9 --> 10 
10 --> 11 
11 --> 12 
12 --> 13 
13 --> 14 
14 --> 15 
15 --> 16 
16 --> 17 
17 --> 18 
18 --> 19 
19 --> 20 
20 --> 21 
21 --> 22 
22 --> 23 
23 --> 24 
24 --> 25 
25 --> 26 
26 --> 27 
27 --> 28 
28 --> 29 
29 --> 30 
30 --> 31 
31 --> 32 
32 --> 33 
33 --> 34 
34 --> 35 
35 --> 36 
36 --> 37 
37 --> 38 
38 --> 39 
39 --> 40 
40 --> 41 
41 --> 42 
42 --> 43 
43 --> 44 
44 --> 45 
45 --> 46 
46 --> 47 
47 --> 48 
48 --> 49 
49 --> 50 
50 --> 51 
51 --> 52 
52 --> 53 
53 --> 54 
54 --> 55 
55 --> 56 
56 --> 57 
57 --> 58 
58 --> 59 
59 --> 60 
60 --> 61 
61 --> 62 
62 --> 63 
63 --> 64 
64 --> 65 
65 --> 66 
66 --> 

* FSM state operations: 

State 1 <SV = 0> <Delay = 1.23>
ST_1 : Operation 67 [1/1] (0.00ns)   --->   "%x_addr = getelementptr i8 %x, i64 0, i64 0" [awn_int8.cpp:182]   --->   Operation 67 'getelementptr' 'x_addr' <Predicate = true> <Delay = 0.00>
ST_1 : Operation 68 [2/2] (1.23ns)   --->   "%x_load = load i7 %x_addr" [awn_int8.cpp:182]   --->   Operation 68 'load' 'x_load' <Predicate = true> <Delay = 1.23> <CoreInst = "RAM">   --->   Core 83 'RAM' <Latency = 1> <II = 1> <Delay = 1.23> <Storage> <Opcode : 'load' 'store'> <Ports = 2> <Width = 8> <Depth = 128> <RAM>
ST_1 : Operation 69 [1/1] (0.00ns)   --->   "%x_addr_1 = getelementptr i8 %x, i64 0, i64 1"   --->   Operation 69 'getelementptr' 'x_addr_1' <Predicate = true> <Delay = 0.00>
ST_1 : Operation 70 [2/2] (1.23ns)   --->   "%x_load_1 = load i7 %x_addr_1"   --->   Operation 70 'load' 'x_load_1' <Predicate = true> <Delay = 1.23> <CoreInst = "RAM">   --->   Core 83 'RAM' <Latency = 1> <II = 1> <Delay = 1.23> <Storage> <Opcode : 'load' 'store'> <Ports = 2> <Width = 8> <Depth = 128> <RAM>

State 2 <SV = 1> <Delay = 1.23>
ST_2 : Operation 71 [1/2] (1.23ns)   --->   "%x_load = load i7 %x_addr" [awn_int8.cpp:182]   --->   Operation 71 'load' 'x_load' <Predicate = true> <Delay = 1.23> <CoreInst = "RAM">   --->   Core 83 'RAM' <Latency = 1> <II = 1> <Delay = 1.23> <Storage> <Opcode : 'load' 'store'> <Ports = 2> <Width = 8> <Depth = 128> <RAM>
ST_2 : Operation 72 [1/2] (1.23ns)   --->   "%x_load_1 = load i7 %x_addr_1"   --->   Operation 72 'load' 'x_load_1' <Predicate = true> <Delay = 1.23> <CoreInst = "RAM">   --->   Core 83 'RAM' <Latency = 1> <II = 1> <Delay = 1.23> <Storage> <Opcode : 'load' 'store'> <Ports = 2> <Width = 8> <Depth = 128> <RAM>
ST_2 : Operation 73 [1/1] (0.00ns)   --->   "%x_addr_2 = getelementptr i8 %x, i64 0, i64 2"   --->   Operation 73 'getelementptr' 'x_addr_2' <Predicate = true> <Delay = 0.00>
ST_2 : Operation 74 [2/2] (1.23ns)   --->   "%x_load_2 = load i7 %x_addr_2"   --->   Operation 74 'load' 'x_load_2' <Predicate = true> <Delay = 1.23> <CoreInst = "RAM">   --->   Core 83 'RAM' <Latency = 1> <II = 1> <Delay = 1.23> <Storage> <Opcode : 'load' 'store'> <Ports = 2> <Width = 8> <Depth = 128> <RAM>
ST_2 : Operation 75 [1/1] (0.00ns)   --->   "%x_addr_3 = getelementptr i8 %x, i64 0, i64 3"   --->   Operation 75 'getelementptr' 'x_addr_3' <Predicate = true> <Delay = 0.00>
ST_2 : Operation 76 [2/2] (1.23ns)   --->   "%x_load_3 = load i7 %x_addr_3"   --->   Operation 76 'load' 'x_load_3' <Predicate = true> <Delay = 1.23> <CoreInst = "RAM">   --->   Core 83 'RAM' <Latency = 1> <II = 1> <Delay = 1.23> <Storage> <Opcode : 'load' 'store'> <Ports = 2> <Width = 8> <Depth = 128> <RAM>

State 3 <SV = 2> <Delay = 1.23>
ST_3 : Operation 77 [1/2] (1.23ns)   --->   "%x_load_2 = load i7 %x_addr_2"   --->   Operation 77 'load' 'x_load_2' <Predicate = true> <Delay = 1.23> <CoreInst = "RAM">   --->   Core 83 'RAM' <Latency = 1> <II = 1> <Delay = 1.23> <Storage> <Opcode : 'load' 'store'> <Ports = 2> <Width = 8> <Depth = 128> <RAM>
ST_3 : Operation 78 [1/2] (1.23ns)   --->   "%x_load_3 = load i7 %x_addr_3"   --->   Operation 78 'load' 'x_load_3' <Predicate = true> <Delay = 1.23> <CoreInst = "RAM">   --->   Core 83 'RAM' <Latency = 1> <II = 1> <Delay = 1.23> <Storage> <Opcode : 'load' 'store'> <Ports = 2> <Width = 8> <Depth = 128> <RAM>
ST_3 : Operation 79 [1/1] (0.00ns)   --->   "%x_addr_4 = getelementptr i8 %x, i64 0, i64 4"   --->   Operation 79 'getelementptr' 'x_addr_4' <Predicate = true> <Delay = 0.00>
ST_3 : Operation 80 [2/2] (1.23ns)   --->   "%x_load_4 = load i7 %x_addr_4"   --->   Operation 80 'load' 'x_load_4' <Predicate = true> <Delay = 1.23> <CoreInst = "RAM">   --->   Core 83 'RAM' <Latency = 1> <II = 1> <Delay = 1.23> <Storage> <Opcode : 'load' 'store'> <Ports = 2> <Width = 8> <Depth = 128> <RAM>
ST_3 : Operation 81 [1/1] (0.00ns)   --->   "%x_addr_5 = getelementptr i8 %x, i64 0, i64 5"   --->   Operation 81 'getelementptr' 'x_addr_5' <Predicate = true> <Delay = 0.00>
ST_3 : Operation 82 [2/2] (1.23ns)   --->   "%x_load_5 = load i7 %x_addr_5"   --->   Operation 82 'load' 'x_load_5' <Predicate = true> <Delay = 1.23> <CoreInst = "RAM">   --->   Core 83 'RAM' <Latency = 1> <II = 1> <Delay = 1.23> <Storage> <Opcode : 'load' 'store'> <Ports = 2> <Width = 8> <Depth = 128> <RAM>

State 4 <SV = 3> <Delay = 1.23>
ST_4 : Operation 83 [1/2] (1.23ns)   --->   "%x_load_4 = load i7 %x_addr_4"   --->   Operation 83 'load' 'x_load_4' <Predicate = true> <Delay = 1.23> <CoreInst = "RAM">   --->   Core 83 'RAM' <Latency = 1> <II = 1> <Delay = 1.23> <Storage> <Opcode : 'load' 'store'> <Ports = 2> <Width = 8> <Depth = 128> <RAM>
ST_4 : Operation 84 [1/2] (1.23ns)   --->   "%x_load_5 = load i7 %x_addr_5"   --->   Operation 84 'load' 'x_load_5' <Predicate = true> <Delay = 1.23> <CoreInst = "RAM">   --->   Core 83 'RAM' <Latency = 1> <II = 1> <Delay = 1.23> <Storage> <Opcode : 'load' 'store'> <Ports = 2> <Width = 8> <Depth = 128> <RAM>
ST_4 : Operation 85 [1/1] (0.00ns)   --->   "%x_addr_6 = getelementptr i8 %x, i64 0, i64 6"   --->   Operation 85 'getelementptr' 'x_addr_6' <Predicate = true> <Delay = 0.00>
ST_4 : Operation 86 [2/2] (1.23ns)   --->   "%x_load_6 = load i7 %x_addr_6"   --->   Operation 86 'load' 'x_load_6' <Predicate = true> <Delay = 1.23> <CoreInst = "RAM">   --->   Core 83 'RAM' <Latency = 1> <II = 1> <Delay = 1.23> <Storage> <Opcode : 'load' 'store'> <Ports = 2> <Width = 8> <Depth = 128> <RAM>
ST_4 : Operation 87 [1/1] (0.00ns)   --->   "%x_addr_7 = getelementptr i8 %x, i64 0, i64 7"   --->   Operation 87 'getelementptr' 'x_addr_7' <Predicate = true> <Delay = 0.00>
ST_4 : Operation 88 [2/2] (1.23ns)   --->   "%x_load_7 = load i7 %x_addr_7"   --->   Operation 88 'load' 'x_load_7' <Predicate = true> <Delay = 1.23> <CoreInst = "RAM">   --->   Core 83 'RAM' <Latency = 1> <II = 1> <Delay = 1.23> <Storage> <Opcode : 'load' 'store'> <Ports = 2> <Width = 8> <Depth = 128> <RAM>

State 5 <SV = 4> <Delay = 1.23>
ST_5 : Operation 89 [1/2] (1.23ns)   --->   "%x_load_6 = load i7 %x_addr_6"   --->   Operation 89 'load' 'x_load_6' <Predicate = true> <Delay = 1.23> <CoreInst = "RAM">   --->   Core 83 'RAM' <Latency = 1> <II = 1> <Delay = 1.23> <Storage> <Opcode : 'load' 'store'> <Ports = 2> <Width = 8> <Depth = 128> <RAM>
ST_5 : Operation 90 [1/2] (1.23ns)   --->   "%x_load_7 = load i7 %x_addr_7"   --->   Operation 90 'load' 'x_load_7' <Predicate = true> <Delay = 1.23> <CoreInst = "RAM">   --->   Core 83 'RAM' <Latency = 1> <II = 1> <Delay = 1.23> <Storage> <Opcode : 'load' 'store'> <Ports = 2> <Width = 8> <Depth = 128> <RAM>
ST_5 : Operation 91 [1/1] (0.00ns)   --->   "%x_addr_8 = getelementptr i8 %x, i64 0, i64 8"   --->   Operation 91 'getelementptr' 'x_addr_8' <Predicate = true> <Delay = 0.00>
ST_5 : Operation 92 [2/2] (1.23ns)   --->   "%x_load_8 = load i7 %x_addr_8"   --->   Operation 92 'load' 'x_load_8' <Predicate = true> <Delay = 1.23> <CoreInst = "RAM">   --->   Core 83 'RAM' <Latency = 1> <II = 1> <Delay = 1.23> <Storage> <Opcode : 'load' 'store'> <Ports = 2> <Width = 8> <Depth = 128> <RAM>
ST_5 : Operation 93 [1/1] (0.00ns)   --->   "%x_addr_9 = getelementptr i8 %x, i64 0, i64 9"   --->   Operation 93 'getelementptr' 'x_addr_9' <Predicate = true> <Delay = 0.00>
ST_5 : Operation 94 [2/2] (1.23ns)   --->   "%x_load_9 = load i7 %x_addr_9"   --->   Operation 94 'load' 'x_load_9' <Predicate = true> <Delay = 1.23> <CoreInst = "RAM">   --->   Core 83 'RAM' <Latency = 1> <II = 1> <Delay = 1.23> <Storage> <Opcode : 'load' 'store'> <Ports = 2> <Width = 8> <Depth = 128> <RAM>

State 6 <SV = 5> <Delay = 1.23>
ST_6 : Operation 95 [1/2] (1.23ns)   --->   "%x_load_8 = load i7 %x_addr_8"   --->   Operation 95 'load' 'x_load_8' <Predicate = true> <Delay = 1.23> <CoreInst = "RAM">   --->   Core 83 'RAM' <Latency = 1> <II = 1> <Delay = 1.23> <Storage> <Opcode : 'load' 'store'> <Ports = 2> <Width = 8> <Depth = 128> <RAM>
ST_6 : Operation 96 [1/2] (1.23ns)   --->   "%x_load_9 = load i7 %x_addr_9"   --->   Operation 96 'load' 'x_load_9' <Predicate = true> <Delay = 1.23> <CoreInst = "RAM">   --->   Core 83 'RAM' <Latency = 1> <II = 1> <Delay = 1.23> <Storage> <Opcode : 'load' 'store'> <Ports = 2> <Width = 8> <Depth = 128> <RAM>
ST_6 : Operation 97 [1/1] (0.00ns)   --->   "%x_addr_10 = getelementptr i8 %x, i64 0, i64 10"   --->   Operation 97 'getelementptr' 'x_addr_10' <Predicate = true> <Delay = 0.00>
ST_6 : Operation 98 [2/2] (1.23ns)   --->   "%x_load_10 = load i7 %x_addr_10"   --->   Operation 98 'load' 'x_load_10' <Predicate = true> <Delay = 1.23> <CoreInst = "RAM">   --->   Core 83 'RAM' <Latency = 1> <II = 1> <Delay = 1.23> <Storage> <Opcode : 'load' 'store'> <Ports = 2> <Width = 8> <Depth = 128> <RAM>
ST_6 : Operation 99 [1/1] (0.00ns)   --->   "%x_addr_11 = getelementptr i8 %x, i64 0, i64 11"   --->   Operation 99 'getelementptr' 'x_addr_11' <Predicate = true> <Delay = 0.00>
ST_6 : Operation 100 [2/2] (1.23ns)   --->   "%x_load_11 = load i7 %x_addr_11"   --->   Operation 100 'load' 'x_load_11' <Predicate = true> <Delay = 1.23> <CoreInst = "RAM">   --->   Core 83 'RAM' <Latency = 1> <II = 1> <Delay = 1.23> <Storage> <Opcode : 'load' 'store'> <Ports = 2> <Width = 8> <Depth = 128> <RAM>

State 7 <SV = 6> <Delay = 1.23>
ST_7 : Operation 101 [1/2] (1.23ns)   --->   "%x_load_10 = load i7 %x_addr_10"   --->   Operation 101 'load' 'x_load_10' <Predicate = true> <Delay = 1.23> <CoreInst = "RAM">   --->   Core 83 'RAM' <Latency = 1> <II = 1> <Delay = 1.23> <Storage> <Opcode : 'load' 'store'> <Ports = 2> <Width = 8> <Depth = 128> <RAM>
ST_7 : Operation 102 [1/2] (1.23ns)   --->   "%x_load_11 = load i7 %x_addr_11"   --->   Operation 102 'load' 'x_load_11' <Predicate = true> <Delay = 1.23> <CoreInst = "RAM">   --->   Core 83 'RAM' <Latency = 1> <II = 1> <Delay = 1.23> <Storage> <Opcode : 'load' 'store'> <Ports = 2> <Width = 8> <Depth = 128> <RAM>
ST_7 : Operation 103 [1/1] (0.00ns)   --->   "%x_addr_12 = getelementptr i8 %x, i64 0, i64 12"   --->   Operation 103 'getelementptr' 'x_addr_12' <Predicate = true> <Delay = 0.00>
ST_7 : Operation 104 [2/2] (1.23ns)   --->   "%x_load_12 = load i7 %x_addr_12"   --->   Operation 104 'load' 'x_load_12' <Predicate = true> <Delay = 1.23> <CoreInst = "RAM">   --->   Core 83 'RAM' <Latency = 1> <II = 1> <Delay = 1.23> <Storage> <Opcode : 'load' 'store'> <Ports = 2> <Width = 8> <Depth = 128> <RAM>
ST_7 : Operation 105 [1/1] (0.00ns)   --->   "%x_addr_13 = getelementptr i8 %x, i64 0, i64 13"   --->   Operation 105 'getelementptr' 'x_addr_13' <Predicate = true> <Delay = 0.00>
ST_7 : Operation 106 [2/2] (1.23ns)   --->   "%x_load_13 = load i7 %x_addr_13"   --->   Operation 106 'load' 'x_load_13' <Predicate = true> <Delay = 1.23> <CoreInst = "RAM">   --->   Core 83 'RAM' <Latency = 1> <II = 1> <Delay = 1.23> <Storage> <Opcode : 'load' 'store'> <Ports = 2> <Width = 8> <Depth = 128> <RAM>

State 8 <SV = 7> <Delay = 1.23>
ST_8 : Operation 107 [1/2] (1.23ns)   --->   "%x_load_12 = load i7 %x_addr_12"   --->   Operation 107 'load' 'x_load_12' <Predicate = true> <Delay = 1.23> <CoreInst = "RAM">   --->   Core 83 'RAM' <Latency = 1> <II = 1> <Delay = 1.23> <Storage> <Opcode : 'load' 'store'> <Ports = 2> <Width = 8> <Depth = 128> <RAM>
ST_8 : Operation 108 [1/2] (1.23ns)   --->   "%x_load_13 = load i7 %x_addr_13"   --->   Operation 108 'load' 'x_load_13' <Predicate = true> <Delay = 1.23> <CoreInst = "RAM">   --->   Core 83 'RAM' <Latency = 1> <II = 1> <Delay = 1.23> <Storage> <Opcode : 'load' 'store'> <Ports = 2> <Width = 8> <Depth = 128> <RAM>
ST_8 : Operation 109 [1/1] (0.00ns)   --->   "%x_addr_14 = getelementptr i8 %x, i64 0, i64 14"   --->   Operation 109 'getelementptr' 'x_addr_14' <Predicate = true> <Delay = 0.00>
ST_8 : Operation 110 [2/2] (1.23ns)   --->   "%x_load_14 = load i7 %x_addr_14"   --->   Operation 110 'load' 'x_load_14' <Predicate = true> <Delay = 1.23> <CoreInst = "RAM">   --->   Core 83 'RAM' <Latency = 1> <II = 1> <Delay = 1.23> <Storage> <Opcode : 'load' 'store'> <Ports = 2> <Width = 8> <Depth = 128> <RAM>
ST_8 : Operation 111 [1/1] (0.00ns)   --->   "%x_addr_15 = getelementptr i8 %x, i64 0, i64 15"   --->   Operation 111 'getelementptr' 'x_addr_15' <Predicate = true> <Delay = 0.00>
ST_8 : Operation 112 [2/2] (1.23ns)   --->   "%x_load_15 = load i7 %x_addr_15"   --->   Operation 112 'load' 'x_load_15' <Predicate = true> <Delay = 1.23> <CoreInst = "RAM">   --->   Core 83 'RAM' <Latency = 1> <II = 1> <Delay = 1.23> <Storage> <Opcode : 'load' 'store'> <Ports = 2> <Width = 8> <Depth = 128> <RAM>

State 9 <SV = 8> <Delay = 1.23>
ST_9 : Operation 113 [1/2] (1.23ns)   --->   "%x_load_14 = load i7 %x_addr_14"   --->   Operation 113 'load' 'x_load_14' <Predicate = true> <Delay = 1.23> <CoreInst = "RAM">   --->   Core 83 'RAM' <Latency = 1> <II = 1> <Delay = 1.23> <Storage> <Opcode : 'load' 'store'> <Ports = 2> <Width = 8> <Depth = 128> <RAM>
ST_9 : Operation 114 [1/2] (1.23ns)   --->   "%x_load_15 = load i7 %x_addr_15"   --->   Operation 114 'load' 'x_load_15' <Predicate = true> <Delay = 1.23> <CoreInst = "RAM">   --->   Core 83 'RAM' <Latency = 1> <II = 1> <Delay = 1.23> <Storage> <Opcode : 'load' 'store'> <Ports = 2> <Width = 8> <Depth = 128> <RAM>
ST_9 : Operation 115 [1/1] (0.00ns)   --->   "%x_addr_16 = getelementptr i8 %x, i64 0, i64 16"   --->   Operation 115 'getelementptr' 'x_addr_16' <Predicate = true> <Delay = 0.00>
ST_9 : Operation 116 [2/2] (1.23ns)   --->   "%x_load_16 = load i7 %x_addr_16"   --->   Operation 116 'load' 'x_load_16' <Predicate = true> <Delay = 1.23> <CoreInst = "RAM">   --->   Core 83 'RAM' <Latency = 1> <II = 1> <Delay = 1.23> <Storage> <Opcode : 'load' 'store'> <Ports = 2> <Width = 8> <Depth = 128> <RAM>
ST_9 : Operation 117 [1/1] (0.00ns)   --->   "%x_addr_17 = getelementptr i8 %x, i64 0, i64 17"   --->   Operation 117 'getelementptr' 'x_addr_17' <Predicate = true> <Delay = 0.00>
ST_9 : Operation 118 [2/2] (1.23ns)   --->   "%x_load_17 = load i7 %x_addr_17"   --->   Operation 118 'load' 'x_load_17' <Predicate = true> <Delay = 1.23> <CoreInst = "RAM">   --->   Core 83 'RAM' <Latency = 1> <II = 1> <Delay = 1.23> <Storage> <Opcode : 'load' 'store'> <Ports = 2> <Width = 8> <Depth = 128> <RAM>

State 10 <SV = 9> <Delay = 1.23>
ST_10 : Operation 119 [1/2] (1.23ns)   --->   "%x_load_16 = load i7 %x_addr_16"   --->   Operation 119 'load' 'x_load_16' <Predicate = true> <Delay = 1.23> <CoreInst = "RAM">   --->   Core 83 'RAM' <Latency = 1> <II = 1> <Delay = 1.23> <Storage> <Opcode : 'load' 'store'> <Ports = 2> <Width = 8> <Depth = 128> <RAM>
ST_10 : Operation 120 [1/2] (1.23ns)   --->   "%x_load_17 = load i7 %x_addr_17"   --->   Operation 120 'load' 'x_load_17' <Predicate = true> <Delay = 1.23> <CoreInst = "RAM">   --->   Core 83 'RAM' <Latency = 1> <II = 1> <Delay = 1.23> <Storage> <Opcode : 'load' 'store'> <Ports = 2> <Width = 8> <Depth = 128> <RAM>
ST_10 : Operation 121 [1/1] (0.00ns)   --->   "%x_addr_18 = getelementptr i8 %x, i64 0, i64 18"   --->   Operation 121 'getelementptr' 'x_addr_18' <Predicate = true> <Delay = 0.00>
ST_10 : Operation 122 [2/2] (1.23ns)   --->   "%x_load_18 = load i7 %x_addr_18"   --->   Operation 122 'load' 'x_load_18' <Predicate = true> <Delay = 1.23> <CoreInst = "RAM">   --->   Core 83 'RAM' <Latency = 1> <II = 1> <Delay = 1.23> <Storage> <Opcode : 'load' 'store'> <Ports = 2> <Width = 8> <Depth = 128> <RAM>
ST_10 : Operation 123 [1/1] (0.00ns)   --->   "%x_addr_19 = getelementptr i8 %x, i64 0, i64 19"   --->   Operation 123 'getelementptr' 'x_addr_19' <Predicate = true> <Delay = 0.00>
ST_10 : Operation 124 [2/2] (1.23ns)   --->   "%x_load_19 = load i7 %x_addr_19"   --->   Operation 124 'load' 'x_load_19' <Predicate = true> <Delay = 1.23> <CoreInst = "RAM">   --->   Core 83 'RAM' <Latency = 1> <II = 1> <Delay = 1.23> <Storage> <Opcode : 'load' 'store'> <Ports = 2> <Width = 8> <Depth = 128> <RAM>

State 11 <SV = 10> <Delay = 1.23>
ST_11 : Operation 125 [1/2] (1.23ns)   --->   "%x_load_18 = load i7 %x_addr_18"   --->   Operation 125 'load' 'x_load_18' <Predicate = true> <Delay = 1.23> <CoreInst = "RAM">   --->   Core 83 'RAM' <Latency = 1> <II = 1> <Delay = 1.23> <Storage> <Opcode : 'load' 'store'> <Ports = 2> <Width = 8> <Depth = 128> <RAM>
ST_11 : Operation 126 [1/2] (1.23ns)   --->   "%x_load_19 = load i7 %x_addr_19"   --->   Operation 126 'load' 'x_load_19' <Predicate = true> <Delay = 1.23> <CoreInst = "RAM">   --->   Core 83 'RAM' <Latency = 1> <II = 1> <Delay = 1.23> <Storage> <Opcode : 'load' 'store'> <Ports = 2> <Width = 8> <Depth = 128> <RAM>
ST_11 : Operation 127 [1/1] (0.00ns)   --->   "%x_addr_20 = getelementptr i8 %x, i64 0, i64 20"   --->   Operation 127 'getelementptr' 'x_addr_20' <Predicate = true> <Delay = 0.00>
ST_11 : Operation 128 [2/2] (1.23ns)   --->   "%x_load_20 = load i7 %x_addr_20"   --->   Operation 128 'load' 'x_load_20' <Predicate = true> <Delay = 1.23> <CoreInst = "RAM">   --->   Core 83 'RAM' <Latency = 1> <II = 1> <Delay = 1.23> <Storage> <Opcode : 'load' 'store'> <Ports = 2> <Width = 8> <Depth = 128> <RAM>
ST_11 : Operation 129 [1/1] (0.00ns)   --->   "%x_addr_21 = getelementptr i8 %x, i64 0, i64 21"   --->   Operation 129 'getelementptr' 'x_addr_21' <Predicate = true> <Delay = 0.00>
ST_11 : Operation 130 [2/2] (1.23ns)   --->   "%x_load_21 = load i7 %x_addr_21"   --->   Operation 130 'load' 'x_load_21' <Predicate = true> <Delay = 1.23> <CoreInst = "RAM">   --->   Core 83 'RAM' <Latency = 1> <II = 1> <Delay = 1.23> <Storage> <Opcode : 'load' 'store'> <Ports = 2> <Width = 8> <Depth = 128> <RAM>

State 12 <SV = 11> <Delay = 1.23>
ST_12 : Operation 131 [1/2] (1.23ns)   --->   "%x_load_20 = load i7 %x_addr_20"   --->   Operation 131 'load' 'x_load_20' <Predicate = true> <Delay = 1.23> <CoreInst = "RAM">   --->   Core 83 'RAM' <Latency = 1> <II = 1> <Delay = 1.23> <Storage> <Opcode : 'load' 'store'> <Ports = 2> <Width = 8> <Depth = 128> <RAM>
ST_12 : Operation 132 [1/2] (1.23ns)   --->   "%x_load_21 = load i7 %x_addr_21"   --->   Operation 132 'load' 'x_load_21' <Predicate = true> <Delay = 1.23> <CoreInst = "RAM">   --->   Core 83 'RAM' <Latency = 1> <II = 1> <Delay = 1.23> <Storage> <Opcode : 'load' 'store'> <Ports = 2> <Width = 8> <Depth = 128> <RAM>
ST_12 : Operation 133 [1/1] (0.00ns)   --->   "%x_addr_22 = getelementptr i8 %x, i64 0, i64 22"   --->   Operation 133 'getelementptr' 'x_addr_22' <Predicate = true> <Delay = 0.00>
ST_12 : Operation 134 [2/2] (1.23ns)   --->   "%x_load_22 = load i7 %x_addr_22"   --->   Operation 134 'load' 'x_load_22' <Predicate = true> <Delay = 1.23> <CoreInst = "RAM">   --->   Core 83 'RAM' <Latency = 1> <II = 1> <Delay = 1.23> <Storage> <Opcode : 'load' 'store'> <Ports = 2> <Width = 8> <Depth = 128> <RAM>
ST_12 : Operation 135 [1/1] (0.00ns)   --->   "%x_addr_23 = getelementptr i8 %x, i64 0, i64 23"   --->   Operation 135 'getelementptr' 'x_addr_23' <Predicate = true> <Delay = 0.00>
ST_12 : Operation 136 [2/2] (1.23ns)   --->   "%x_load_23 = load i7 %x_addr_23"   --->   Operation 136 'load' 'x_load_23' <Predicate = true> <Delay = 1.23> <CoreInst = "RAM">   --->   Core 83 'RAM' <Latency = 1> <II = 1> <Delay = 1.23> <Storage> <Opcode : 'load' 'store'> <Ports = 2> <Width = 8> <Depth = 128> <RAM>

State 13 <SV = 12> <Delay = 1.23>
ST_13 : Operation 137 [1/2] (1.23ns)   --->   "%x_load_22 = load i7 %x_addr_22"   --->   Operation 137 'load' 'x_load_22' <Predicate = true> <Delay = 1.23> <CoreInst = "RAM">   --->   Core 83 'RAM' <Latency = 1> <II = 1> <Delay = 1.23> <Storage> <Opcode : 'load' 'store'> <Ports = 2> <Width = 8> <Depth = 128> <RAM>
ST_13 : Operation 138 [1/2] (1.23ns)   --->   "%x_load_23 = load i7 %x_addr_23"   --->   Operation 138 'load' 'x_load_23' <Predicate = true> <Delay = 1.23> <CoreInst = "RAM">   --->   Core 83 'RAM' <Latency = 1> <II = 1> <Delay = 1.23> <Storage> <Opcode : 'load' 'store'> <Ports = 2> <Width = 8> <Depth = 128> <RAM>
ST_13 : Operation 139 [1/1] (0.00ns)   --->   "%x_addr_24 = getelementptr i8 %x, i64 0, i64 24"   --->   Operation 139 'getelementptr' 'x_addr_24' <Predicate = true> <Delay = 0.00>
ST_13 : Operation 140 [2/2] (1.23ns)   --->   "%x_load_24 = load i7 %x_addr_24"   --->   Operation 140 'load' 'x_load_24' <Predicate = true> <Delay = 1.23> <CoreInst = "RAM">   --->   Core 83 'RAM' <Latency = 1> <II = 1> <Delay = 1.23> <Storage> <Opcode : 'load' 'store'> <Ports = 2> <Width = 8> <Depth = 128> <RAM>
ST_13 : Operation 141 [1/1] (0.00ns)   --->   "%x_addr_25 = getelementptr i8 %x, i64 0, i64 25"   --->   Operation 141 'getelementptr' 'x_addr_25' <Predicate = true> <Delay = 0.00>
ST_13 : Operation 142 [2/2] (1.23ns)   --->   "%x_load_25 = load i7 %x_addr_25"   --->   Operation 142 'load' 'x_load_25' <Predicate = true> <Delay = 1.23> <CoreInst = "RAM">   --->   Core 83 'RAM' <Latency = 1> <II = 1> <Delay = 1.23> <Storage> <Opcode : 'load' 'store'> <Ports = 2> <Width = 8> <Depth = 128> <RAM>

State 14 <SV = 13> <Delay = 1.23>
ST_14 : Operation 143 [1/2] (1.23ns)   --->   "%x_load_24 = load i7 %x_addr_24"   --->   Operation 143 'load' 'x_load_24' <Predicate = true> <Delay = 1.23> <CoreInst = "RAM">   --->   Core 83 'RAM' <Latency = 1> <II = 1> <Delay = 1.23> <Storage> <Opcode : 'load' 'store'> <Ports = 2> <Width = 8> <Depth = 128> <RAM>
ST_14 : Operation 144 [1/2] (1.23ns)   --->   "%x_load_25 = load i7 %x_addr_25"   --->   Operation 144 'load' 'x_load_25' <Predicate = true> <Delay = 1.23> <CoreInst = "RAM">   --->   Core 83 'RAM' <Latency = 1> <II = 1> <Delay = 1.23> <Storage> <Opcode : 'load' 'store'> <Ports = 2> <Width = 8> <Depth = 128> <RAM>
ST_14 : Operation 145 [1/1] (0.00ns)   --->   "%x_addr_26 = getelementptr i8 %x, i64 0, i64 26"   --->   Operation 145 'getelementptr' 'x_addr_26' <Predicate = true> <Delay = 0.00>
ST_14 : Operation 146 [2/2] (1.23ns)   --->   "%x_load_26 = load i7 %x_addr_26"   --->   Operation 146 'load' 'x_load_26' <Predicate = true> <Delay = 1.23> <CoreInst = "RAM">   --->   Core 83 'RAM' <Latency = 1> <II = 1> <Delay = 1.23> <Storage> <Opcode : 'load' 'store'> <Ports = 2> <Width = 8> <Depth = 128> <RAM>
ST_14 : Operation 147 [1/1] (0.00ns)   --->   "%x_addr_27 = getelementptr i8 %x, i64 0, i64 27"   --->   Operation 147 'getelementptr' 'x_addr_27' <Predicate = true> <Delay = 0.00>
ST_14 : Operation 148 [2/2] (1.23ns)   --->   "%x_load_27 = load i7 %x_addr_27"   --->   Operation 148 'load' 'x_load_27' <Predicate = true> <Delay = 1.23> <CoreInst = "RAM">   --->   Core 83 'RAM' <Latency = 1> <II = 1> <Delay = 1.23> <Storage> <Opcode : 'load' 'store'> <Ports = 2> <Width = 8> <Depth = 128> <RAM>

State 15 <SV = 14> <Delay = 1.23>
ST_15 : Operation 149 [1/2] (1.23ns)   --->   "%x_load_26 = load i7 %x_addr_26"   --->   Operation 149 'load' 'x_load_26' <Predicate = true> <Delay = 1.23> <CoreInst = "RAM">   --->   Core 83 'RAM' <Latency = 1> <II = 1> <Delay = 1.23> <Storage> <Opcode : 'load' 'store'> <Ports = 2> <Width = 8> <Depth = 128> <RAM>
ST_15 : Operation 150 [1/2] (1.23ns)   --->   "%x_load_27 = load i7 %x_addr_27"   --->   Operation 150 'load' 'x_load_27' <Predicate = true> <Delay = 1.23> <CoreInst = "RAM">   --->   Core 83 'RAM' <Latency = 1> <II = 1> <Delay = 1.23> <Storage> <Opcode : 'load' 'store'> <Ports = 2> <Width = 8> <Depth = 128> <RAM>
ST_15 : Operation 151 [1/1] (0.00ns)   --->   "%x_addr_28 = getelementptr i8 %x, i64 0, i64 28"   --->   Operation 151 'getelementptr' 'x_addr_28' <Predicate = true> <Delay = 0.00>
ST_15 : Operation 152 [2/2] (1.23ns)   --->   "%x_load_28 = load i7 %x_addr_28"   --->   Operation 152 'load' 'x_load_28' <Predicate = true> <Delay = 1.23> <CoreInst = "RAM">   --->   Core 83 'RAM' <Latency = 1> <II = 1> <Delay = 1.23> <Storage> <Opcode : 'load' 'store'> <Ports = 2> <Width = 8> <Depth = 128> <RAM>
ST_15 : Operation 153 [1/1] (0.00ns)   --->   "%x_addr_29 = getelementptr i8 %x, i64 0, i64 29"   --->   Operation 153 'getelementptr' 'x_addr_29' <Predicate = true> <Delay = 0.00>
ST_15 : Operation 154 [2/2] (1.23ns)   --->   "%x_load_29 = load i7 %x_addr_29"   --->   Operation 154 'load' 'x_load_29' <Predicate = true> <Delay = 1.23> <CoreInst = "RAM">   --->   Core 83 'RAM' <Latency = 1> <II = 1> <Delay = 1.23> <Storage> <Opcode : 'load' 'store'> <Ports = 2> <Width = 8> <Depth = 128> <RAM>

State 16 <SV = 15> <Delay = 1.23>
ST_16 : Operation 155 [1/2] (1.23ns)   --->   "%x_load_28 = load i7 %x_addr_28"   --->   Operation 155 'load' 'x_load_28' <Predicate = true> <Delay = 1.23> <CoreInst = "RAM">   --->   Core 83 'RAM' <Latency = 1> <II = 1> <Delay = 1.23> <Storage> <Opcode : 'load' 'store'> <Ports = 2> <Width = 8> <Depth = 128> <RAM>
ST_16 : Operation 156 [1/2] (1.23ns)   --->   "%x_load_29 = load i7 %x_addr_29"   --->   Operation 156 'load' 'x_load_29' <Predicate = true> <Delay = 1.23> <CoreInst = "RAM">   --->   Core 83 'RAM' <Latency = 1> <II = 1> <Delay = 1.23> <Storage> <Opcode : 'load' 'store'> <Ports = 2> <Width = 8> <Depth = 128> <RAM>
ST_16 : Operation 157 [1/1] (0.00ns)   --->   "%x_addr_30 = getelementptr i8 %x, i64 0, i64 30"   --->   Operation 157 'getelementptr' 'x_addr_30' <Predicate = true> <Delay = 0.00>
ST_16 : Operation 158 [2/2] (1.23ns)   --->   "%x_load_30 = load i7 %x_addr_30"   --->   Operation 158 'load' 'x_load_30' <Predicate = true> <Delay = 1.23> <CoreInst = "RAM">   --->   Core 83 'RAM' <Latency = 1> <II = 1> <Delay = 1.23> <Storage> <Opcode : 'load' 'store'> <Ports = 2> <Width = 8> <Depth = 128> <RAM>
ST_16 : Operation 159 [1/1] (0.00ns)   --->   "%x_addr_31 = getelementptr i8 %x, i64 0, i64 31"   --->   Operation 159 'getelementptr' 'x_addr_31' <Predicate = true> <Delay = 0.00>
ST_16 : Operation 160 [2/2] (1.23ns)   --->   "%x_load_31 = load i7 %x_addr_31"   --->   Operation 160 'load' 'x_load_31' <Predicate = true> <Delay = 1.23> <CoreInst = "RAM">   --->   Core 83 'RAM' <Latency = 1> <II = 1> <Delay = 1.23> <Storage> <Opcode : 'load' 'store'> <Ports = 2> <Width = 8> <Depth = 128> <RAM>

State 17 <SV = 16> <Delay = 1.23>
ST_17 : Operation 161 [1/2] (1.23ns)   --->   "%x_load_30 = load i7 %x_addr_30"   --->   Operation 161 'load' 'x_load_30' <Predicate = true> <Delay = 1.23> <CoreInst = "RAM">   --->   Core 83 'RAM' <Latency = 1> <II = 1> <Delay = 1.23> <Storage> <Opcode : 'load' 'store'> <Ports = 2> <Width = 8> <Depth = 128> <RAM>
ST_17 : Operation 162 [1/2] (1.23ns)   --->   "%x_load_31 = load i7 %x_addr_31"   --->   Operation 162 'load' 'x_load_31' <Predicate = true> <Delay = 1.23> <CoreInst = "RAM">   --->   Core 83 'RAM' <Latency = 1> <II = 1> <Delay = 1.23> <Storage> <Opcode : 'load' 'store'> <Ports = 2> <Width = 8> <Depth = 128> <RAM>
ST_17 : Operation 163 [1/1] (0.00ns)   --->   "%x_addr_32 = getelementptr i8 %x, i64 0, i64 32"   --->   Operation 163 'getelementptr' 'x_addr_32' <Predicate = true> <Delay = 0.00>
ST_17 : Operation 164 [2/2] (1.23ns)   --->   "%x_load_32 = load i7 %x_addr_32"   --->   Operation 164 'load' 'x_load_32' <Predicate = true> <Delay = 1.23> <CoreInst = "RAM">   --->   Core 83 'RAM' <Latency = 1> <II = 1> <Delay = 1.23> <Storage> <Opcode : 'load' 'store'> <Ports = 2> <Width = 8> <Depth = 128> <RAM>
ST_17 : Operation 165 [1/1] (0.00ns)   --->   "%x_addr_33 = getelementptr i8 %x, i64 0, i64 33"   --->   Operation 165 'getelementptr' 'x_addr_33' <Predicate = true> <Delay = 0.00>
ST_17 : Operation 166 [2/2] (1.23ns)   --->   "%x_load_33 = load i7 %x_addr_33"   --->   Operation 166 'load' 'x_load_33' <Predicate = true> <Delay = 1.23> <CoreInst = "RAM">   --->   Core 83 'RAM' <Latency = 1> <II = 1> <Delay = 1.23> <Storage> <Opcode : 'load' 'store'> <Ports = 2> <Width = 8> <Depth = 128> <RAM>

State 18 <SV = 17> <Delay = 1.23>
ST_18 : Operation 167 [1/2] (1.23ns)   --->   "%x_load_32 = load i7 %x_addr_32"   --->   Operation 167 'load' 'x_load_32' <Predicate = true> <Delay = 1.23> <CoreInst = "RAM">   --->   Core 83 'RAM' <Latency = 1> <II = 1> <Delay = 1.23> <Storage> <Opcode : 'load' 'store'> <Ports = 2> <Width = 8> <Depth = 128> <RAM>
ST_18 : Operation 168 [1/2] (1.23ns)   --->   "%x_load_33 = load i7 %x_addr_33"   --->   Operation 168 'load' 'x_load_33' <Predicate = true> <Delay = 1.23> <CoreInst = "RAM">   --->   Core 83 'RAM' <Latency = 1> <II = 1> <Delay = 1.23> <Storage> <Opcode : 'load' 'store'> <Ports = 2> <Width = 8> <Depth = 128> <RAM>
ST_18 : Operation 169 [1/1] (0.00ns)   --->   "%x_addr_34 = getelementptr i8 %x, i64 0, i64 34"   --->   Operation 169 'getelementptr' 'x_addr_34' <Predicate = true> <Delay = 0.00>
ST_18 : Operation 170 [2/2] (1.23ns)   --->   "%x_load_34 = load i7 %x_addr_34"   --->   Operation 170 'load' 'x_load_34' <Predicate = true> <Delay = 1.23> <CoreInst = "RAM">   --->   Core 83 'RAM' <Latency = 1> <II = 1> <Delay = 1.23> <Storage> <Opcode : 'load' 'store'> <Ports = 2> <Width = 8> <Depth = 128> <RAM>
ST_18 : Operation 171 [1/1] (0.00ns)   --->   "%x_addr_35 = getelementptr i8 %x, i64 0, i64 35"   --->   Operation 171 'getelementptr' 'x_addr_35' <Predicate = true> <Delay = 0.00>
ST_18 : Operation 172 [2/2] (1.23ns)   --->   "%x_load_35 = load i7 %x_addr_35"   --->   Operation 172 'load' 'x_load_35' <Predicate = true> <Delay = 1.23> <CoreInst = "RAM">   --->   Core 83 'RAM' <Latency = 1> <II = 1> <Delay = 1.23> <Storage> <Opcode : 'load' 'store'> <Ports = 2> <Width = 8> <Depth = 128> <RAM>

State 19 <SV = 18> <Delay = 1.23>
ST_19 : Operation 173 [1/2] (1.23ns)   --->   "%x_load_34 = load i7 %x_addr_34"   --->   Operation 173 'load' 'x_load_34' <Predicate = true> <Delay = 1.23> <CoreInst = "RAM">   --->   Core 83 'RAM' <Latency = 1> <II = 1> <Delay = 1.23> <Storage> <Opcode : 'load' 'store'> <Ports = 2> <Width = 8> <Depth = 128> <RAM>
ST_19 : Operation 174 [1/2] (1.23ns)   --->   "%x_load_35 = load i7 %x_addr_35"   --->   Operation 174 'load' 'x_load_35' <Predicate = true> <Delay = 1.23> <CoreInst = "RAM">   --->   Core 83 'RAM' <Latency = 1> <II = 1> <Delay = 1.23> <Storage> <Opcode : 'load' 'store'> <Ports = 2> <Width = 8> <Depth = 128> <RAM>
ST_19 : Operation 175 [1/1] (0.00ns)   --->   "%x_addr_36 = getelementptr i8 %x, i64 0, i64 36"   --->   Operation 175 'getelementptr' 'x_addr_36' <Predicate = true> <Delay = 0.00>
ST_19 : Operation 176 [2/2] (1.23ns)   --->   "%x_load_36 = load i7 %x_addr_36"   --->   Operation 176 'load' 'x_load_36' <Predicate = true> <Delay = 1.23> <CoreInst = "RAM">   --->   Core 83 'RAM' <Latency = 1> <II = 1> <Delay = 1.23> <Storage> <Opcode : 'load' 'store'> <Ports = 2> <Width = 8> <Depth = 128> <RAM>
ST_19 : Operation 177 [1/1] (0.00ns)   --->   "%x_addr_37 = getelementptr i8 %x, i64 0, i64 37"   --->   Operation 177 'getelementptr' 'x_addr_37' <Predicate = true> <Delay = 0.00>
ST_19 : Operation 178 [2/2] (1.23ns)   --->   "%x_load_37 = load i7 %x_addr_37"   --->   Operation 178 'load' 'x_load_37' <Predicate = true> <Delay = 1.23> <CoreInst = "RAM">   --->   Core 83 'RAM' <Latency = 1> <II = 1> <Delay = 1.23> <Storage> <Opcode : 'load' 'store'> <Ports = 2> <Width = 8> <Depth = 128> <RAM>

State 20 <SV = 19> <Delay = 1.23>
ST_20 : Operation 179 [1/2] (1.23ns)   --->   "%x_load_36 = load i7 %x_addr_36"   --->   Operation 179 'load' 'x_load_36' <Predicate = true> <Delay = 1.23> <CoreInst = "RAM">   --->   Core 83 'RAM' <Latency = 1> <II = 1> <Delay = 1.23> <Storage> <Opcode : 'load' 'store'> <Ports = 2> <Width = 8> <Depth = 128> <RAM>
ST_20 : Operation 180 [1/2] (1.23ns)   --->   "%x_load_37 = load i7 %x_addr_37"   --->   Operation 180 'load' 'x_load_37' <Predicate = true> <Delay = 1.23> <CoreInst = "RAM">   --->   Core 83 'RAM' <Latency = 1> <II = 1> <Delay = 1.23> <Storage> <Opcode : 'load' 'store'> <Ports = 2> <Width = 8> <Depth = 128> <RAM>
ST_20 : Operation 181 [1/1] (0.00ns)   --->   "%x_addr_38 = getelementptr i8 %x, i64 0, i64 38"   --->   Operation 181 'getelementptr' 'x_addr_38' <Predicate = true> <Delay = 0.00>
ST_20 : Operation 182 [2/2] (1.23ns)   --->   "%x_load_38 = load i7 %x_addr_38"   --->   Operation 182 'load' 'x_load_38' <Predicate = true> <Delay = 1.23> <CoreInst = "RAM">   --->   Core 83 'RAM' <Latency = 1> <II = 1> <Delay = 1.23> <Storage> <Opcode : 'load' 'store'> <Ports = 2> <Width = 8> <Depth = 128> <RAM>
ST_20 : Operation 183 [1/1] (0.00ns)   --->   "%x_addr_39 = getelementptr i8 %x, i64 0, i64 39"   --->   Operation 183 'getelementptr' 'x_addr_39' <Predicate = true> <Delay = 0.00>
ST_20 : Operation 184 [2/2] (1.23ns)   --->   "%x_load_39 = load i7 %x_addr_39"   --->   Operation 184 'load' 'x_load_39' <Predicate = true> <Delay = 1.23> <CoreInst = "RAM">   --->   Core 83 'RAM' <Latency = 1> <II = 1> <Delay = 1.23> <Storage> <Opcode : 'load' 'store'> <Ports = 2> <Width = 8> <Depth = 128> <RAM>

State 21 <SV = 20> <Delay = 1.23>
ST_21 : Operation 185 [1/2] (1.23ns)   --->   "%x_load_38 = load i7 %x_addr_38"   --->   Operation 185 'load' 'x_load_38' <Predicate = true> <Delay = 1.23> <CoreInst = "RAM">   --->   Core 83 'RAM' <Latency = 1> <II = 1> <Delay = 1.23> <Storage> <Opcode : 'load' 'store'> <Ports = 2> <Width = 8> <Depth = 128> <RAM>
ST_21 : Operation 186 [1/2] (1.23ns)   --->   "%x_load_39 = load i7 %x_addr_39"   --->   Operation 186 'load' 'x_load_39' <Predicate = true> <Delay = 1.23> <CoreInst = "RAM">   --->   Core 83 'RAM' <Latency = 1> <II = 1> <Delay = 1.23> <Storage> <Opcode : 'load' 'store'> <Ports = 2> <Width = 8> <Depth = 128> <RAM>
ST_21 : Operation 187 [1/1] (0.00ns)   --->   "%x_addr_40 = getelementptr i8 %x, i64 0, i64 40"   --->   Operation 187 'getelementptr' 'x_addr_40' <Predicate = true> <Delay = 0.00>
ST_21 : Operation 188 [2/2] (1.23ns)   --->   "%x_load_40 = load i7 %x_addr_40"   --->   Operation 188 'load' 'x_load_40' <Predicate = true> <Delay = 1.23> <CoreInst = "RAM">   --->   Core 83 'RAM' <Latency = 1> <II = 1> <Delay = 1.23> <Storage> <Opcode : 'load' 'store'> <Ports = 2> <Width = 8> <Depth = 128> <RAM>
ST_21 : Operation 189 [1/1] (0.00ns)   --->   "%x_addr_41 = getelementptr i8 %x, i64 0, i64 41"   --->   Operation 189 'getelementptr' 'x_addr_41' <Predicate = true> <Delay = 0.00>
ST_21 : Operation 190 [2/2] (1.23ns)   --->   "%x_load_41 = load i7 %x_addr_41"   --->   Operation 190 'load' 'x_load_41' <Predicate = true> <Delay = 1.23> <CoreInst = "RAM">   --->   Core 83 'RAM' <Latency = 1> <II = 1> <Delay = 1.23> <Storage> <Opcode : 'load' 'store'> <Ports = 2> <Width = 8> <Depth = 128> <RAM>

State 22 <SV = 21> <Delay = 1.23>
ST_22 : Operation 191 [1/2] (1.23ns)   --->   "%x_load_40 = load i7 %x_addr_40"   --->   Operation 191 'load' 'x_load_40' <Predicate = true> <Delay = 1.23> <CoreInst = "RAM">   --->   Core 83 'RAM' <Latency = 1> <II = 1> <Delay = 1.23> <Storage> <Opcode : 'load' 'store'> <Ports = 2> <Width = 8> <Depth = 128> <RAM>
ST_22 : Operation 192 [1/2] (1.23ns)   --->   "%x_load_41 = load i7 %x_addr_41"   --->   Operation 192 'load' 'x_load_41' <Predicate = true> <Delay = 1.23> <CoreInst = "RAM">   --->   Core 83 'RAM' <Latency = 1> <II = 1> <Delay = 1.23> <Storage> <Opcode : 'load' 'store'> <Ports = 2> <Width = 8> <Depth = 128> <RAM>
ST_22 : Operation 193 [1/1] (0.00ns)   --->   "%x_addr_42 = getelementptr i8 %x, i64 0, i64 42"   --->   Operation 193 'getelementptr' 'x_addr_42' <Predicate = true> <Delay = 0.00>
ST_22 : Operation 194 [2/2] (1.23ns)   --->   "%x_load_42 = load i7 %x_addr_42"   --->   Operation 194 'load' 'x_load_42' <Predicate = true> <Delay = 1.23> <CoreInst = "RAM">   --->   Core 83 'RAM' <Latency = 1> <II = 1> <Delay = 1.23> <Storage> <Opcode : 'load' 'store'> <Ports = 2> <Width = 8> <Depth = 128> <RAM>
ST_22 : Operation 195 [1/1] (0.00ns)   --->   "%x_addr_43 = getelementptr i8 %x, i64 0, i64 43"   --->   Operation 195 'getelementptr' 'x_addr_43' <Predicate = true> <Delay = 0.00>
ST_22 : Operation 196 [2/2] (1.23ns)   --->   "%x_load_43 = load i7 %x_addr_43"   --->   Operation 196 'load' 'x_load_43' <Predicate = true> <Delay = 1.23> <CoreInst = "RAM">   --->   Core 83 'RAM' <Latency = 1> <II = 1> <Delay = 1.23> <Storage> <Opcode : 'load' 'store'> <Ports = 2> <Width = 8> <Depth = 128> <RAM>

State 23 <SV = 22> <Delay = 1.23>
ST_23 : Operation 197 [1/2] (1.23ns)   --->   "%x_load_42 = load i7 %x_addr_42"   --->   Operation 197 'load' 'x_load_42' <Predicate = true> <Delay = 1.23> <CoreInst = "RAM">   --->   Core 83 'RAM' <Latency = 1> <II = 1> <Delay = 1.23> <Storage> <Opcode : 'load' 'store'> <Ports = 2> <Width = 8> <Depth = 128> <RAM>
ST_23 : Operation 198 [1/2] (1.23ns)   --->   "%x_load_43 = load i7 %x_addr_43"   --->   Operation 198 'load' 'x_load_43' <Predicate = true> <Delay = 1.23> <CoreInst = "RAM">   --->   Core 83 'RAM' <Latency = 1> <II = 1> <Delay = 1.23> <Storage> <Opcode : 'load' 'store'> <Ports = 2> <Width = 8> <Depth = 128> <RAM>
ST_23 : Operation 199 [1/1] (0.00ns)   --->   "%x_addr_44 = getelementptr i8 %x, i64 0, i64 44"   --->   Operation 199 'getelementptr' 'x_addr_44' <Predicate = true> <Delay = 0.00>
ST_23 : Operation 200 [2/2] (1.23ns)   --->   "%x_load_44 = load i7 %x_addr_44"   --->   Operation 200 'load' 'x_load_44' <Predicate = true> <Delay = 1.23> <CoreInst = "RAM">   --->   Core 83 'RAM' <Latency = 1> <II = 1> <Delay = 1.23> <Storage> <Opcode : 'load' 'store'> <Ports = 2> <Width = 8> <Depth = 128> <RAM>
ST_23 : Operation 201 [1/1] (0.00ns)   --->   "%x_addr_45 = getelementptr i8 %x, i64 0, i64 45"   --->   Operation 201 'getelementptr' 'x_addr_45' <Predicate = true> <Delay = 0.00>
ST_23 : Operation 202 [2/2] (1.23ns)   --->   "%x_load_45 = load i7 %x_addr_45"   --->   Operation 202 'load' 'x_load_45' <Predicate = true> <Delay = 1.23> <CoreInst = "RAM">   --->   Core 83 'RAM' <Latency = 1> <II = 1> <Delay = 1.23> <Storage> <Opcode : 'load' 'store'> <Ports = 2> <Width = 8> <Depth = 128> <RAM>

State 24 <SV = 23> <Delay = 1.23>
ST_24 : Operation 203 [1/2] (1.23ns)   --->   "%x_load_44 = load i7 %x_addr_44"   --->   Operation 203 'load' 'x_load_44' <Predicate = true> <Delay = 1.23> <CoreInst = "RAM">   --->   Core 83 'RAM' <Latency = 1> <II = 1> <Delay = 1.23> <Storage> <Opcode : 'load' 'store'> <Ports = 2> <Width = 8> <Depth = 128> <RAM>
ST_24 : Operation 204 [1/2] (1.23ns)   --->   "%x_load_45 = load i7 %x_addr_45"   --->   Operation 204 'load' 'x_load_45' <Predicate = true> <Delay = 1.23> <CoreInst = "RAM">   --->   Core 83 'RAM' <Latency = 1> <II = 1> <Delay = 1.23> <Storage> <Opcode : 'load' 'store'> <Ports = 2> <Width = 8> <Depth = 128> <RAM>
ST_24 : Operation 205 [1/1] (0.00ns)   --->   "%x_addr_46 = getelementptr i8 %x, i64 0, i64 46"   --->   Operation 205 'getelementptr' 'x_addr_46' <Predicate = true> <Delay = 0.00>
ST_24 : Operation 206 [2/2] (1.23ns)   --->   "%x_load_46 = load i7 %x_addr_46"   --->   Operation 206 'load' 'x_load_46' <Predicate = true> <Delay = 1.23> <CoreInst = "RAM">   --->   Core 83 'RAM' <Latency = 1> <II = 1> <Delay = 1.23> <Storage> <Opcode : 'load' 'store'> <Ports = 2> <Width = 8> <Depth = 128> <RAM>
ST_24 : Operation 207 [1/1] (0.00ns)   --->   "%x_addr_47 = getelementptr i8 %x, i64 0, i64 47"   --->   Operation 207 'getelementptr' 'x_addr_47' <Predicate = true> <Delay = 0.00>
ST_24 : Operation 208 [2/2] (1.23ns)   --->   "%x_load_47 = load i7 %x_addr_47"   --->   Operation 208 'load' 'x_load_47' <Predicate = true> <Delay = 1.23> <CoreInst = "RAM">   --->   Core 83 'RAM' <Latency = 1> <II = 1> <Delay = 1.23> <Storage> <Opcode : 'load' 'store'> <Ports = 2> <Width = 8> <Depth = 128> <RAM>

State 25 <SV = 24> <Delay = 1.23>
ST_25 : Operation 209 [1/2] (1.23ns)   --->   "%x_load_46 = load i7 %x_addr_46"   --->   Operation 209 'load' 'x_load_46' <Predicate = true> <Delay = 1.23> <CoreInst = "RAM">   --->   Core 83 'RAM' <Latency = 1> <II = 1> <Delay = 1.23> <Storage> <Opcode : 'load' 'store'> <Ports = 2> <Width = 8> <Depth = 128> <RAM>
ST_25 : Operation 210 [1/2] (1.23ns)   --->   "%x_load_47 = load i7 %x_addr_47"   --->   Operation 210 'load' 'x_load_47' <Predicate = true> <Delay = 1.23> <CoreInst = "RAM">   --->   Core 83 'RAM' <Latency = 1> <II = 1> <Delay = 1.23> <Storage> <Opcode : 'load' 'store'> <Ports = 2> <Width = 8> <Depth = 128> <RAM>
ST_25 : Operation 211 [1/1] (0.00ns)   --->   "%x_addr_48 = getelementptr i8 %x, i64 0, i64 48"   --->   Operation 211 'getelementptr' 'x_addr_48' <Predicate = true> <Delay = 0.00>
ST_25 : Operation 212 [2/2] (1.23ns)   --->   "%x_load_48 = load i7 %x_addr_48"   --->   Operation 212 'load' 'x_load_48' <Predicate = true> <Delay = 1.23> <CoreInst = "RAM">   --->   Core 83 'RAM' <Latency = 1> <II = 1> <Delay = 1.23> <Storage> <Opcode : 'load' 'store'> <Ports = 2> <Width = 8> <Depth = 128> <RAM>
ST_25 : Operation 213 [1/1] (0.00ns)   --->   "%x_addr_49 = getelementptr i8 %x, i64 0, i64 49"   --->   Operation 213 'getelementptr' 'x_addr_49' <Predicate = true> <Delay = 0.00>
ST_25 : Operation 214 [2/2] (1.23ns)   --->   "%x_load_49 = load i7 %x_addr_49"   --->   Operation 214 'load' 'x_load_49' <Predicate = true> <Delay = 1.23> <CoreInst = "RAM">   --->   Core 83 'RAM' <Latency = 1> <II = 1> <Delay = 1.23> <Storage> <Opcode : 'load' 'store'> <Ports = 2> <Width = 8> <Depth = 128> <RAM>

State 26 <SV = 25> <Delay = 1.23>
ST_26 : Operation 215 [1/2] (1.23ns)   --->   "%x_load_48 = load i7 %x_addr_48"   --->   Operation 215 'load' 'x_load_48' <Predicate = true> <Delay = 1.23> <CoreInst = "RAM">   --->   Core 83 'RAM' <Latency = 1> <II = 1> <Delay = 1.23> <Storage> <Opcode : 'load' 'store'> <Ports = 2> <Width = 8> <Depth = 128> <RAM>
ST_26 : Operation 216 [1/2] (1.23ns)   --->   "%x_load_49 = load i7 %x_addr_49"   --->   Operation 216 'load' 'x_load_49' <Predicate = true> <Delay = 1.23> <CoreInst = "RAM">   --->   Core 83 'RAM' <Latency = 1> <II = 1> <Delay = 1.23> <Storage> <Opcode : 'load' 'store'> <Ports = 2> <Width = 8> <Depth = 128> <RAM>
ST_26 : Operation 217 [1/1] (0.00ns)   --->   "%x_addr_50 = getelementptr i8 %x, i64 0, i64 50"   --->   Operation 217 'getelementptr' 'x_addr_50' <Predicate = true> <Delay = 0.00>
ST_26 : Operation 218 [2/2] (1.23ns)   --->   "%x_load_50 = load i7 %x_addr_50"   --->   Operation 218 'load' 'x_load_50' <Predicate = true> <Delay = 1.23> <CoreInst = "RAM">   --->   Core 83 'RAM' <Latency = 1> <II = 1> <Delay = 1.23> <Storage> <Opcode : 'load' 'store'> <Ports = 2> <Width = 8> <Depth = 128> <RAM>
ST_26 : Operation 219 [1/1] (0.00ns)   --->   "%x_addr_51 = getelementptr i8 %x, i64 0, i64 51"   --->   Operation 219 'getelementptr' 'x_addr_51' <Predicate = true> <Delay = 0.00>
ST_26 : Operation 220 [2/2] (1.23ns)   --->   "%x_load_51 = load i7 %x_addr_51"   --->   Operation 220 'load' 'x_load_51' <Predicate = true> <Delay = 1.23> <CoreInst = "RAM">   --->   Core 83 'RAM' <Latency = 1> <II = 1> <Delay = 1.23> <Storage> <Opcode : 'load' 'store'> <Ports = 2> <Width = 8> <Depth = 128> <RAM>

State 27 <SV = 26> <Delay = 1.23>
ST_27 : Operation 221 [1/2] (1.23ns)   --->   "%x_load_50 = load i7 %x_addr_50"   --->   Operation 221 'load' 'x_load_50' <Predicate = true> <Delay = 1.23> <CoreInst = "RAM">   --->   Core 83 'RAM' <Latency = 1> <II = 1> <Delay = 1.23> <Storage> <Opcode : 'load' 'store'> <Ports = 2> <Width = 8> <Depth = 128> <RAM>
ST_27 : Operation 222 [1/2] (1.23ns)   --->   "%x_load_51 = load i7 %x_addr_51"   --->   Operation 222 'load' 'x_load_51' <Predicate = true> <Delay = 1.23> <CoreInst = "RAM">   --->   Core 83 'RAM' <Latency = 1> <II = 1> <Delay = 1.23> <Storage> <Opcode : 'load' 'store'> <Ports = 2> <Width = 8> <Depth = 128> <RAM>
ST_27 : Operation 223 [1/1] (0.00ns)   --->   "%x_addr_52 = getelementptr i8 %x, i64 0, i64 52"   --->   Operation 223 'getelementptr' 'x_addr_52' <Predicate = true> <Delay = 0.00>
ST_27 : Operation 224 [2/2] (1.23ns)   --->   "%x_load_52 = load i7 %x_addr_52"   --->   Operation 224 'load' 'x_load_52' <Predicate = true> <Delay = 1.23> <CoreInst = "RAM">   --->   Core 83 'RAM' <Latency = 1> <II = 1> <Delay = 1.23> <Storage> <Opcode : 'load' 'store'> <Ports = 2> <Width = 8> <Depth = 128> <RAM>
ST_27 : Operation 225 [1/1] (0.00ns)   --->   "%x_addr_53 = getelementptr i8 %x, i64 0, i64 53"   --->   Operation 225 'getelementptr' 'x_addr_53' <Predicate = true> <Delay = 0.00>
ST_27 : Operation 226 [2/2] (1.23ns)   --->   "%x_load_53 = load i7 %x_addr_53"   --->   Operation 226 'load' 'x_load_53' <Predicate = true> <Delay = 1.23> <CoreInst = "RAM">   --->   Core 83 'RAM' <Latency = 1> <II = 1> <Delay = 1.23> <Storage> <Opcode : 'load' 'store'> <Ports = 2> <Width = 8> <Depth = 128> <RAM>

State 28 <SV = 27> <Delay = 1.23>
ST_28 : Operation 227 [1/2] (1.23ns)   --->   "%x_load_52 = load i7 %x_addr_52"   --->   Operation 227 'load' 'x_load_52' <Predicate = true> <Delay = 1.23> <CoreInst = "RAM">   --->   Core 83 'RAM' <Latency = 1> <II = 1> <Delay = 1.23> <Storage> <Opcode : 'load' 'store'> <Ports = 2> <Width = 8> <Depth = 128> <RAM>
ST_28 : Operation 228 [1/2] (1.23ns)   --->   "%x_load_53 = load i7 %x_addr_53"   --->   Operation 228 'load' 'x_load_53' <Predicate = true> <Delay = 1.23> <CoreInst = "RAM">   --->   Core 83 'RAM' <Latency = 1> <II = 1> <Delay = 1.23> <Storage> <Opcode : 'load' 'store'> <Ports = 2> <Width = 8> <Depth = 128> <RAM>
ST_28 : Operation 229 [1/1] (0.00ns)   --->   "%x_addr_54 = getelementptr i8 %x, i64 0, i64 54"   --->   Operation 229 'getelementptr' 'x_addr_54' <Predicate = true> <Delay = 0.00>
ST_28 : Operation 230 [2/2] (1.23ns)   --->   "%x_load_54 = load i7 %x_addr_54"   --->   Operation 230 'load' 'x_load_54' <Predicate = true> <Delay = 1.23> <CoreInst = "RAM">   --->   Core 83 'RAM' <Latency = 1> <II = 1> <Delay = 1.23> <Storage> <Opcode : 'load' 'store'> <Ports = 2> <Width = 8> <Depth = 128> <RAM>
ST_28 : Operation 231 [1/1] (0.00ns)   --->   "%x_addr_55 = getelementptr i8 %x, i64 0, i64 55"   --->   Operation 231 'getelementptr' 'x_addr_55' <Predicate = true> <Delay = 0.00>
ST_28 : Operation 232 [2/2] (1.23ns)   --->   "%x_load_55 = load i7 %x_addr_55"   --->   Operation 232 'load' 'x_load_55' <Predicate = true> <Delay = 1.23> <CoreInst = "RAM">   --->   Core 83 'RAM' <Latency = 1> <II = 1> <Delay = 1.23> <Storage> <Opcode : 'load' 'store'> <Ports = 2> <Width = 8> <Depth = 128> <RAM>

State 29 <SV = 28> <Delay = 1.23>
ST_29 : Operation 233 [1/2] (1.23ns)   --->   "%x_load_54 = load i7 %x_addr_54"   --->   Operation 233 'load' 'x_load_54' <Predicate = true> <Delay = 1.23> <CoreInst = "RAM">   --->   Core 83 'RAM' <Latency = 1> <II = 1> <Delay = 1.23> <Storage> <Opcode : 'load' 'store'> <Ports = 2> <Width = 8> <Depth = 128> <RAM>
ST_29 : Operation 234 [1/2] (1.23ns)   --->   "%x_load_55 = load i7 %x_addr_55"   --->   Operation 234 'load' 'x_load_55' <Predicate = true> <Delay = 1.23> <CoreInst = "RAM">   --->   Core 83 'RAM' <Latency = 1> <II = 1> <Delay = 1.23> <Storage> <Opcode : 'load' 'store'> <Ports = 2> <Width = 8> <Depth = 128> <RAM>
ST_29 : Operation 235 [1/1] (0.00ns)   --->   "%x_addr_56 = getelementptr i8 %x, i64 0, i64 56"   --->   Operation 235 'getelementptr' 'x_addr_56' <Predicate = true> <Delay = 0.00>
ST_29 : Operation 236 [2/2] (1.23ns)   --->   "%x_load_56 = load i7 %x_addr_56"   --->   Operation 236 'load' 'x_load_56' <Predicate = true> <Delay = 1.23> <CoreInst = "RAM">   --->   Core 83 'RAM' <Latency = 1> <II = 1> <Delay = 1.23> <Storage> <Opcode : 'load' 'store'> <Ports = 2> <Width = 8> <Depth = 128> <RAM>
ST_29 : Operation 237 [1/1] (0.00ns)   --->   "%x_addr_57 = getelementptr i8 %x, i64 0, i64 57"   --->   Operation 237 'getelementptr' 'x_addr_57' <Predicate = true> <Delay = 0.00>
ST_29 : Operation 238 [2/2] (1.23ns)   --->   "%x_load_57 = load i7 %x_addr_57"   --->   Operation 238 'load' 'x_load_57' <Predicate = true> <Delay = 1.23> <CoreInst = "RAM">   --->   Core 83 'RAM' <Latency = 1> <II = 1> <Delay = 1.23> <Storage> <Opcode : 'load' 'store'> <Ports = 2> <Width = 8> <Depth = 128> <RAM>

State 30 <SV = 29> <Delay = 1.23>
ST_30 : Operation 239 [1/2] (1.23ns)   --->   "%x_load_56 = load i7 %x_addr_56"   --->   Operation 239 'load' 'x_load_56' <Predicate = true> <Delay = 1.23> <CoreInst = "RAM">   --->   Core 83 'RAM' <Latency = 1> <II = 1> <Delay = 1.23> <Storage> <Opcode : 'load' 'store'> <Ports = 2> <Width = 8> <Depth = 128> <RAM>
ST_30 : Operation 240 [1/2] (1.23ns)   --->   "%x_load_57 = load i7 %x_addr_57"   --->   Operation 240 'load' 'x_load_57' <Predicate = true> <Delay = 1.23> <CoreInst = "RAM">   --->   Core 83 'RAM' <Latency = 1> <II = 1> <Delay = 1.23> <Storage> <Opcode : 'load' 'store'> <Ports = 2> <Width = 8> <Depth = 128> <RAM>
ST_30 : Operation 241 [1/1] (0.00ns)   --->   "%x_addr_58 = getelementptr i8 %x, i64 0, i64 58"   --->   Operation 241 'getelementptr' 'x_addr_58' <Predicate = true> <Delay = 0.00>
ST_30 : Operation 242 [2/2] (1.23ns)   --->   "%x_load_58 = load i7 %x_addr_58"   --->   Operation 242 'load' 'x_load_58' <Predicate = true> <Delay = 1.23> <CoreInst = "RAM">   --->   Core 83 'RAM' <Latency = 1> <II = 1> <Delay = 1.23> <Storage> <Opcode : 'load' 'store'> <Ports = 2> <Width = 8> <Depth = 128> <RAM>
ST_30 : Operation 243 [1/1] (0.00ns)   --->   "%x_addr_59 = getelementptr i8 %x, i64 0, i64 59"   --->   Operation 243 'getelementptr' 'x_addr_59' <Predicate = true> <Delay = 0.00>
ST_30 : Operation 244 [2/2] (1.23ns)   --->   "%x_load_59 = load i7 %x_addr_59"   --->   Operation 244 'load' 'x_load_59' <Predicate = true> <Delay = 1.23> <CoreInst = "RAM">   --->   Core 83 'RAM' <Latency = 1> <II = 1> <Delay = 1.23> <Storage> <Opcode : 'load' 'store'> <Ports = 2> <Width = 8> <Depth = 128> <RAM>

State 31 <SV = 30> <Delay = 1.23>
ST_31 : Operation 245 [1/2] (1.23ns)   --->   "%x_load_58 = load i7 %x_addr_58"   --->   Operation 245 'load' 'x_load_58' <Predicate = true> <Delay = 1.23> <CoreInst = "RAM">   --->   Core 83 'RAM' <Latency = 1> <II = 1> <Delay = 1.23> <Storage> <Opcode : 'load' 'store'> <Ports = 2> <Width = 8> <Depth = 128> <RAM>
ST_31 : Operation 246 [1/2] (1.23ns)   --->   "%x_load_59 = load i7 %x_addr_59"   --->   Operation 246 'load' 'x_load_59' <Predicate = true> <Delay = 1.23> <CoreInst = "RAM">   --->   Core 83 'RAM' <Latency = 1> <II = 1> <Delay = 1.23> <Storage> <Opcode : 'load' 'store'> <Ports = 2> <Width = 8> <Depth = 128> <RAM>
ST_31 : Operation 247 [1/1] (0.00ns)   --->   "%x_addr_60 = getelementptr i8 %x, i64 0, i64 60"   --->   Operation 247 'getelementptr' 'x_addr_60' <Predicate = true> <Delay = 0.00>
ST_31 : Operation 248 [2/2] (1.23ns)   --->   "%x_load_60 = load i7 %x_addr_60"   --->   Operation 248 'load' 'x_load_60' <Predicate = true> <Delay = 1.23> <CoreInst = "RAM">   --->   Core 83 'RAM' <Latency = 1> <II = 1> <Delay = 1.23> <Storage> <Opcode : 'load' 'store'> <Ports = 2> <Width = 8> <Depth = 128> <RAM>
ST_31 : Operation 249 [1/1] (0.00ns)   --->   "%x_addr_61 = getelementptr i8 %x, i64 0, i64 61"   --->   Operation 249 'getelementptr' 'x_addr_61' <Predicate = true> <Delay = 0.00>
ST_31 : Operation 250 [2/2] (1.23ns)   --->   "%x_load_61 = load i7 %x_addr_61"   --->   Operation 250 'load' 'x_load_61' <Predicate = true> <Delay = 1.23> <CoreInst = "RAM">   --->   Core 83 'RAM' <Latency = 1> <II = 1> <Delay = 1.23> <Storage> <Opcode : 'load' 'store'> <Ports = 2> <Width = 8> <Depth = 128> <RAM>

State 32 <SV = 31> <Delay = 1.23>
ST_32 : Operation 251 [1/2] (1.23ns)   --->   "%x_load_60 = load i7 %x_addr_60"   --->   Operation 251 'load' 'x_load_60' <Predicate = true> <Delay = 1.23> <CoreInst = "RAM">   --->   Core 83 'RAM' <Latency = 1> <II = 1> <Delay = 1.23> <Storage> <Opcode : 'load' 'store'> <Ports = 2> <Width = 8> <Depth = 128> <RAM>
ST_32 : Operation 252 [1/2] (1.23ns)   --->   "%x_load_61 = load i7 %x_addr_61"   --->   Operation 252 'load' 'x_load_61' <Predicate = true> <Delay = 1.23> <CoreInst = "RAM">   --->   Core 83 'RAM' <Latency = 1> <II = 1> <Delay = 1.23> <Storage> <Opcode : 'load' 'store'> <Ports = 2> <Width = 8> <Depth = 128> <RAM>
ST_32 : Operation 253 [1/1] (0.00ns)   --->   "%x_addr_62 = getelementptr i8 %x, i64 0, i64 62"   --->   Operation 253 'getelementptr' 'x_addr_62' <Predicate = true> <Delay = 0.00>
ST_32 : Operation 254 [2/2] (1.23ns)   --->   "%x_load_62 = load i7 %x_addr_62"   --->   Operation 254 'load' 'x_load_62' <Predicate = true> <Delay = 1.23> <CoreInst = "RAM">   --->   Core 83 'RAM' <Latency = 1> <II = 1> <Delay = 1.23> <Storage> <Opcode : 'load' 'store'> <Ports = 2> <Width = 8> <Depth = 128> <RAM>
ST_32 : Operation 255 [1/1] (0.00ns)   --->   "%x_addr_63 = getelementptr i8 %x, i64 0, i64 63"   --->   Operation 255 'getelementptr' 'x_addr_63' <Predicate = true> <Delay = 0.00>
ST_32 : Operation 256 [2/2] (1.23ns)   --->   "%x_load_63 = load i7 %x_addr_63"   --->   Operation 256 'load' 'x_load_63' <Predicate = true> <Delay = 1.23> <CoreInst = "RAM">   --->   Core 83 'RAM' <Latency = 1> <II = 1> <Delay = 1.23> <Storage> <Opcode : 'load' 'store'> <Ports = 2> <Width = 8> <Depth = 128> <RAM>

State 33 <SV = 32> <Delay = 1.23>
ST_33 : Operation 257 [1/2] (1.23ns)   --->   "%x_load_62 = load i7 %x_addr_62"   --->   Operation 257 'load' 'x_load_62' <Predicate = true> <Delay = 1.23> <CoreInst = "RAM">   --->   Core 83 'RAM' <Latency = 1> <II = 1> <Delay = 1.23> <Storage> <Opcode : 'load' 'store'> <Ports = 2> <Width = 8> <Depth = 128> <RAM>
ST_33 : Operation 258 [1/2] (1.23ns)   --->   "%x_load_63 = load i7 %x_addr_63"   --->   Operation 258 'load' 'x_load_63' <Predicate = true> <Delay = 1.23> <CoreInst = "RAM">   --->   Core 83 'RAM' <Latency = 1> <II = 1> <Delay = 1.23> <Storage> <Opcode : 'load' 'store'> <Ports = 2> <Width = 8> <Depth = 128> <RAM>
ST_33 : Operation 259 [1/1] (0.00ns)   --->   "%x_addr_64 = getelementptr i8 %x, i64 0, i64 64"   --->   Operation 259 'getelementptr' 'x_addr_64' <Predicate = true> <Delay = 0.00>
ST_33 : Operation 260 [2/2] (1.23ns)   --->   "%x_load_64 = load i7 %x_addr_64"   --->   Operation 260 'load' 'x_load_64' <Predicate = true> <Delay = 1.23> <CoreInst = "RAM">   --->   Core 83 'RAM' <Latency = 1> <II = 1> <Delay = 1.23> <Storage> <Opcode : 'load' 'store'> <Ports = 2> <Width = 8> <Depth = 128> <RAM>
ST_33 : Operation 261 [1/1] (0.00ns)   --->   "%x_addr_65 = getelementptr i8 %x, i64 0, i64 65"   --->   Operation 261 'getelementptr' 'x_addr_65' <Predicate = true> <Delay = 0.00>
ST_33 : Operation 262 [2/2] (1.23ns)   --->   "%x_load_65 = load i7 %x_addr_65"   --->   Operation 262 'load' 'x_load_65' <Predicate = true> <Delay = 1.23> <CoreInst = "RAM">   --->   Core 83 'RAM' <Latency = 1> <II = 1> <Delay = 1.23> <Storage> <Opcode : 'load' 'store'> <Ports = 2> <Width = 8> <Depth = 128> <RAM>

State 34 <SV = 33> <Delay = 1.23>
ST_34 : Operation 263 [1/2] (1.23ns)   --->   "%x_load_64 = load i7 %x_addr_64"   --->   Operation 263 'load' 'x_load_64' <Predicate = true> <Delay = 1.23> <CoreInst = "RAM">   --->   Core 83 'RAM' <Latency = 1> <II = 1> <Delay = 1.23> <Storage> <Opcode : 'load' 'store'> <Ports = 2> <Width = 8> <Depth = 128> <RAM>
ST_34 : Operation 264 [1/2] (1.23ns)   --->   "%x_load_65 = load i7 %x_addr_65"   --->   Operation 264 'load' 'x_load_65' <Predicate = true> <Delay = 1.23> <CoreInst = "RAM">   --->   Core 83 'RAM' <Latency = 1> <II = 1> <Delay = 1.23> <Storage> <Opcode : 'load' 'store'> <Ports = 2> <Width = 8> <Depth = 128> <RAM>
ST_34 : Operation 265 [1/1] (0.00ns)   --->   "%x_addr_66 = getelementptr i8 %x, i64 0, i64 66"   --->   Operation 265 'getelementptr' 'x_addr_66' <Predicate = true> <Delay = 0.00>
ST_34 : Operation 266 [2/2] (1.23ns)   --->   "%x_load_66 = load i7 %x_addr_66"   --->   Operation 266 'load' 'x_load_66' <Predicate = true> <Delay = 1.23> <CoreInst = "RAM">   --->   Core 83 'RAM' <Latency = 1> <II = 1> <Delay = 1.23> <Storage> <Opcode : 'load' 'store'> <Ports = 2> <Width = 8> <Depth = 128> <RAM>
ST_34 : Operation 267 [1/1] (0.00ns)   --->   "%x_addr_67 = getelementptr i8 %x, i64 0, i64 67"   --->   Operation 267 'getelementptr' 'x_addr_67' <Predicate = true> <Delay = 0.00>
ST_34 : Operation 268 [2/2] (1.23ns)   --->   "%x_load_67 = load i7 %x_addr_67"   --->   Operation 268 'load' 'x_load_67' <Predicate = true> <Delay = 1.23> <CoreInst = "RAM">   --->   Core 83 'RAM' <Latency = 1> <II = 1> <Delay = 1.23> <Storage> <Opcode : 'load' 'store'> <Ports = 2> <Width = 8> <Depth = 128> <RAM>

State 35 <SV = 34> <Delay = 1.23>
ST_35 : Operation 269 [1/2] (1.23ns)   --->   "%x_load_66 = load i7 %x_addr_66"   --->   Operation 269 'load' 'x_load_66' <Predicate = true> <Delay = 1.23> <CoreInst = "RAM">   --->   Core 83 'RAM' <Latency = 1> <II = 1> <Delay = 1.23> <Storage> <Opcode : 'load' 'store'> <Ports = 2> <Width = 8> <Depth = 128> <RAM>
ST_35 : Operation 270 [1/2] (1.23ns)   --->   "%x_load_67 = load i7 %x_addr_67"   --->   Operation 270 'load' 'x_load_67' <Predicate = true> <Delay = 1.23> <CoreInst = "RAM">   --->   Core 83 'RAM' <Latency = 1> <II = 1> <Delay = 1.23> <Storage> <Opcode : 'load' 'store'> <Ports = 2> <Width = 8> <Depth = 128> <RAM>
ST_35 : Operation 271 [1/1] (0.00ns)   --->   "%x_addr_68 = getelementptr i8 %x, i64 0, i64 68"   --->   Operation 271 'getelementptr' 'x_addr_68' <Predicate = true> <Delay = 0.00>
ST_35 : Operation 272 [2/2] (1.23ns)   --->   "%x_load_68 = load i7 %x_addr_68"   --->   Operation 272 'load' 'x_load_68' <Predicate = true> <Delay = 1.23> <CoreInst = "RAM">   --->   Core 83 'RAM' <Latency = 1> <II = 1> <Delay = 1.23> <Storage> <Opcode : 'load' 'store'> <Ports = 2> <Width = 8> <Depth = 128> <RAM>
ST_35 : Operation 273 [1/1] (0.00ns)   --->   "%x_addr_69 = getelementptr i8 %x, i64 0, i64 69"   --->   Operation 273 'getelementptr' 'x_addr_69' <Predicate = true> <Delay = 0.00>
ST_35 : Operation 274 [2/2] (1.23ns)   --->   "%x_load_69 = load i7 %x_addr_69"   --->   Operation 274 'load' 'x_load_69' <Predicate = true> <Delay = 1.23> <CoreInst = "RAM">   --->   Core 83 'RAM' <Latency = 1> <II = 1> <Delay = 1.23> <Storage> <Opcode : 'load' 'store'> <Ports = 2> <Width = 8> <Depth = 128> <RAM>

State 36 <SV = 35> <Delay = 1.23>
ST_36 : Operation 275 [1/2] (1.23ns)   --->   "%x_load_68 = load i7 %x_addr_68"   --->   Operation 275 'load' 'x_load_68' <Predicate = true> <Delay = 1.23> <CoreInst = "RAM">   --->   Core 83 'RAM' <Latency = 1> <II = 1> <Delay = 1.23> <Storage> <Opcode : 'load' 'store'> <Ports = 2> <Width = 8> <Depth = 128> <RAM>
ST_36 : Operation 276 [1/2] (1.23ns)   --->   "%x_load_69 = load i7 %x_addr_69"   --->   Operation 276 'load' 'x_load_69' <Predicate = true> <Delay = 1.23> <CoreInst = "RAM">   --->   Core 83 'RAM' <Latency = 1> <II = 1> <Delay = 1.23> <Storage> <Opcode : 'load' 'store'> <Ports = 2> <Width = 8> <Depth = 128> <RAM>
ST_36 : Operation 277 [1/1] (0.00ns)   --->   "%x_addr_70 = getelementptr i8 %x, i64 0, i64 70"   --->   Operation 277 'getelementptr' 'x_addr_70' <Predicate = true> <Delay = 0.00>
ST_36 : Operation 278 [2/2] (1.23ns)   --->   "%x_load_70 = load i7 %x_addr_70"   --->   Operation 278 'load' 'x_load_70' <Predicate = true> <Delay = 1.23> <CoreInst = "RAM">   --->   Core 83 'RAM' <Latency = 1> <II = 1> <Delay = 1.23> <Storage> <Opcode : 'load' 'store'> <Ports = 2> <Width = 8> <Depth = 128> <RAM>
ST_36 : Operation 279 [1/1] (0.00ns)   --->   "%x_addr_71 = getelementptr i8 %x, i64 0, i64 71"   --->   Operation 279 'getelementptr' 'x_addr_71' <Predicate = true> <Delay = 0.00>
ST_36 : Operation 280 [2/2] (1.23ns)   --->   "%x_load_71 = load i7 %x_addr_71"   --->   Operation 280 'load' 'x_load_71' <Predicate = true> <Delay = 1.23> <CoreInst = "RAM">   --->   Core 83 'RAM' <Latency = 1> <II = 1> <Delay = 1.23> <Storage> <Opcode : 'load' 'store'> <Ports = 2> <Width = 8> <Depth = 128> <RAM>

State 37 <SV = 36> <Delay = 1.23>
ST_37 : Operation 281 [1/2] (1.23ns)   --->   "%x_load_70 = load i7 %x_addr_70"   --->   Operation 281 'load' 'x_load_70' <Predicate = true> <Delay = 1.23> <CoreInst = "RAM">   --->   Core 83 'RAM' <Latency = 1> <II = 1> <Delay = 1.23> <Storage> <Opcode : 'load' 'store'> <Ports = 2> <Width = 8> <Depth = 128> <RAM>
ST_37 : Operation 282 [1/2] (1.23ns)   --->   "%x_load_71 = load i7 %x_addr_71"   --->   Operation 282 'load' 'x_load_71' <Predicate = true> <Delay = 1.23> <CoreInst = "RAM">   --->   Core 83 'RAM' <Latency = 1> <II = 1> <Delay = 1.23> <Storage> <Opcode : 'load' 'store'> <Ports = 2> <Width = 8> <Depth = 128> <RAM>
ST_37 : Operation 283 [1/1] (0.00ns)   --->   "%x_addr_72 = getelementptr i8 %x, i64 0, i64 72"   --->   Operation 283 'getelementptr' 'x_addr_72' <Predicate = true> <Delay = 0.00>
ST_37 : Operation 284 [2/2] (1.23ns)   --->   "%x_load_72 = load i7 %x_addr_72"   --->   Operation 284 'load' 'x_load_72' <Predicate = true> <Delay = 1.23> <CoreInst = "RAM">   --->   Core 83 'RAM' <Latency = 1> <II = 1> <Delay = 1.23> <Storage> <Opcode : 'load' 'store'> <Ports = 2> <Width = 8> <Depth = 128> <RAM>
ST_37 : Operation 285 [1/1] (0.00ns)   --->   "%x_addr_73 = getelementptr i8 %x, i64 0, i64 73"   --->   Operation 285 'getelementptr' 'x_addr_73' <Predicate = true> <Delay = 0.00>
ST_37 : Operation 286 [2/2] (1.23ns)   --->   "%x_load_73 = load i7 %x_addr_73"   --->   Operation 286 'load' 'x_load_73' <Predicate = true> <Delay = 1.23> <CoreInst = "RAM">   --->   Core 83 'RAM' <Latency = 1> <II = 1> <Delay = 1.23> <Storage> <Opcode : 'load' 'store'> <Ports = 2> <Width = 8> <Depth = 128> <RAM>

State 38 <SV = 37> <Delay = 1.23>
ST_38 : Operation 287 [1/2] (1.23ns)   --->   "%x_load_72 = load i7 %x_addr_72"   --->   Operation 287 'load' 'x_load_72' <Predicate = true> <Delay = 1.23> <CoreInst = "RAM">   --->   Core 83 'RAM' <Latency = 1> <II = 1> <Delay = 1.23> <Storage> <Opcode : 'load' 'store'> <Ports = 2> <Width = 8> <Depth = 128> <RAM>
ST_38 : Operation 288 [1/2] (1.23ns)   --->   "%x_load_73 = load i7 %x_addr_73"   --->   Operation 288 'load' 'x_load_73' <Predicate = true> <Delay = 1.23> <CoreInst = "RAM">   --->   Core 83 'RAM' <Latency = 1> <II = 1> <Delay = 1.23> <Storage> <Opcode : 'load' 'store'> <Ports = 2> <Width = 8> <Depth = 128> <RAM>
ST_38 : Operation 289 [1/1] (0.00ns)   --->   "%x_addr_74 = getelementptr i8 %x, i64 0, i64 74"   --->   Operation 289 'getelementptr' 'x_addr_74' <Predicate = true> <Delay = 0.00>
ST_38 : Operation 290 [2/2] (1.23ns)   --->   "%x_load_74 = load i7 %x_addr_74"   --->   Operation 290 'load' 'x_load_74' <Predicate = true> <Delay = 1.23> <CoreInst = "RAM">   --->   Core 83 'RAM' <Latency = 1> <II = 1> <Delay = 1.23> <Storage> <Opcode : 'load' 'store'> <Ports = 2> <Width = 8> <Depth = 128> <RAM>
ST_38 : Operation 291 [1/1] (0.00ns)   --->   "%x_addr_75 = getelementptr i8 %x, i64 0, i64 75"   --->   Operation 291 'getelementptr' 'x_addr_75' <Predicate = true> <Delay = 0.00>
ST_38 : Operation 292 [2/2] (1.23ns)   --->   "%x_load_75 = load i7 %x_addr_75"   --->   Operation 292 'load' 'x_load_75' <Predicate = true> <Delay = 1.23> <CoreInst = "RAM">   --->   Core 83 'RAM' <Latency = 1> <II = 1> <Delay = 1.23> <Storage> <Opcode : 'load' 'store'> <Ports = 2> <Width = 8> <Depth = 128> <RAM>

State 39 <SV = 38> <Delay = 1.23>
ST_39 : Operation 293 [1/2] (1.23ns)   --->   "%x_load_74 = load i7 %x_addr_74"   --->   Operation 293 'load' 'x_load_74' <Predicate = true> <Delay = 1.23> <CoreInst = "RAM">   --->   Core 83 'RAM' <Latency = 1> <II = 1> <Delay = 1.23> <Storage> <Opcode : 'load' 'store'> <Ports = 2> <Width = 8> <Depth = 128> <RAM>
ST_39 : Operation 294 [1/2] (1.23ns)   --->   "%x_load_75 = load i7 %x_addr_75"   --->   Operation 294 'load' 'x_load_75' <Predicate = true> <Delay = 1.23> <CoreInst = "RAM">   --->   Core 83 'RAM' <Latency = 1> <II = 1> <Delay = 1.23> <Storage> <Opcode : 'load' 'store'> <Ports = 2> <Width = 8> <Depth = 128> <RAM>
ST_39 : Operation 295 [1/1] (0.00ns)   --->   "%x_addr_76 = getelementptr i8 %x, i64 0, i64 76"   --->   Operation 295 'getelementptr' 'x_addr_76' <Predicate = true> <Delay = 0.00>
ST_39 : Operation 296 [2/2] (1.23ns)   --->   "%x_load_76 = load i7 %x_addr_76"   --->   Operation 296 'load' 'x_load_76' <Predicate = true> <Delay = 1.23> <CoreInst = "RAM">   --->   Core 83 'RAM' <Latency = 1> <II = 1> <Delay = 1.23> <Storage> <Opcode : 'load' 'store'> <Ports = 2> <Width = 8> <Depth = 128> <RAM>
ST_39 : Operation 297 [1/1] (0.00ns)   --->   "%x_addr_77 = getelementptr i8 %x, i64 0, i64 77"   --->   Operation 297 'getelementptr' 'x_addr_77' <Predicate = true> <Delay = 0.00>
ST_39 : Operation 298 [2/2] (1.23ns)   --->   "%x_load_77 = load i7 %x_addr_77"   --->   Operation 298 'load' 'x_load_77' <Predicate = true> <Delay = 1.23> <CoreInst = "RAM">   --->   Core 83 'RAM' <Latency = 1> <II = 1> <Delay = 1.23> <Storage> <Opcode : 'load' 'store'> <Ports = 2> <Width = 8> <Depth = 128> <RAM>

State 40 <SV = 39> <Delay = 1.23>
ST_40 : Operation 299 [1/2] (1.23ns)   --->   "%x_load_76 = load i7 %x_addr_76"   --->   Operation 299 'load' 'x_load_76' <Predicate = true> <Delay = 1.23> <CoreInst = "RAM">   --->   Core 83 'RAM' <Latency = 1> <II = 1> <Delay = 1.23> <Storage> <Opcode : 'load' 'store'> <Ports = 2> <Width = 8> <Depth = 128> <RAM>
ST_40 : Operation 300 [1/2] (1.23ns)   --->   "%x_load_77 = load i7 %x_addr_77"   --->   Operation 300 'load' 'x_load_77' <Predicate = true> <Delay = 1.23> <CoreInst = "RAM">   --->   Core 83 'RAM' <Latency = 1> <II = 1> <Delay = 1.23> <Storage> <Opcode : 'load' 'store'> <Ports = 2> <Width = 8> <Depth = 128> <RAM>
ST_40 : Operation 301 [1/1] (0.00ns)   --->   "%x_addr_78 = getelementptr i8 %x, i64 0, i64 78"   --->   Operation 301 'getelementptr' 'x_addr_78' <Predicate = true> <Delay = 0.00>
ST_40 : Operation 302 [2/2] (1.23ns)   --->   "%x_load_78 = load i7 %x_addr_78"   --->   Operation 302 'load' 'x_load_78' <Predicate = true> <Delay = 1.23> <CoreInst = "RAM">   --->   Core 83 'RAM' <Latency = 1> <II = 1> <Delay = 1.23> <Storage> <Opcode : 'load' 'store'> <Ports = 2> <Width = 8> <Depth = 128> <RAM>
ST_40 : Operation 303 [1/1] (0.00ns)   --->   "%x_addr_79 = getelementptr i8 %x, i64 0, i64 79"   --->   Operation 303 'getelementptr' 'x_addr_79' <Predicate = true> <Delay = 0.00>
ST_40 : Operation 304 [2/2] (1.23ns)   --->   "%x_load_79 = load i7 %x_addr_79"   --->   Operation 304 'load' 'x_load_79' <Predicate = true> <Delay = 1.23> <CoreInst = "RAM">   --->   Core 83 'RAM' <Latency = 1> <II = 1> <Delay = 1.23> <Storage> <Opcode : 'load' 'store'> <Ports = 2> <Width = 8> <Depth = 128> <RAM>

State 41 <SV = 40> <Delay = 1.23>
ST_41 : Operation 305 [1/2] (1.23ns)   --->   "%x_load_78 = load i7 %x_addr_78"   --->   Operation 305 'load' 'x_load_78' <Predicate = true> <Delay = 1.23> <CoreInst = "RAM">   --->   Core 83 'RAM' <Latency = 1> <II = 1> <Delay = 1.23> <Storage> <Opcode : 'load' 'store'> <Ports = 2> <Width = 8> <Depth = 128> <RAM>
ST_41 : Operation 306 [1/2] (1.23ns)   --->   "%x_load_79 = load i7 %x_addr_79"   --->   Operation 306 'load' 'x_load_79' <Predicate = true> <Delay = 1.23> <CoreInst = "RAM">   --->   Core 83 'RAM' <Latency = 1> <II = 1> <Delay = 1.23> <Storage> <Opcode : 'load' 'store'> <Ports = 2> <Width = 8> <Depth = 128> <RAM>
ST_41 : Operation 307 [1/1] (0.00ns)   --->   "%x_addr_80 = getelementptr i8 %x, i64 0, i64 80"   --->   Operation 307 'getelementptr' 'x_addr_80' <Predicate = true> <Delay = 0.00>
ST_41 : Operation 308 [2/2] (1.23ns)   --->   "%x_load_80 = load i7 %x_addr_80"   --->   Operation 308 'load' 'x_load_80' <Predicate = true> <Delay = 1.23> <CoreInst = "RAM">   --->   Core 83 'RAM' <Latency = 1> <II = 1> <Delay = 1.23> <Storage> <Opcode : 'load' 'store'> <Ports = 2> <Width = 8> <Depth = 128> <RAM>
ST_41 : Operation 309 [1/1] (0.00ns)   --->   "%x_addr_81 = getelementptr i8 %x, i64 0, i64 81"   --->   Operation 309 'getelementptr' 'x_addr_81' <Predicate = true> <Delay = 0.00>
ST_41 : Operation 310 [2/2] (1.23ns)   --->   "%x_load_81 = load i7 %x_addr_81"   --->   Operation 310 'load' 'x_load_81' <Predicate = true> <Delay = 1.23> <CoreInst = "RAM">   --->   Core 83 'RAM' <Latency = 1> <II = 1> <Delay = 1.23> <Storage> <Opcode : 'load' 'store'> <Ports = 2> <Width = 8> <Depth = 128> <RAM>

State 42 <SV = 41> <Delay = 1.23>
ST_42 : Operation 311 [1/2] (1.23ns)   --->   "%x_load_80 = load i7 %x_addr_80"   --->   Operation 311 'load' 'x_load_80' <Predicate = true> <Delay = 1.23> <CoreInst = "RAM">   --->   Core 83 'RAM' <Latency = 1> <II = 1> <Delay = 1.23> <Storage> <Opcode : 'load' 'store'> <Ports = 2> <Width = 8> <Depth = 128> <RAM>
ST_42 : Operation 312 [1/2] (1.23ns)   --->   "%x_load_81 = load i7 %x_addr_81"   --->   Operation 312 'load' 'x_load_81' <Predicate = true> <Delay = 1.23> <CoreInst = "RAM">   --->   Core 83 'RAM' <Latency = 1> <II = 1> <Delay = 1.23> <Storage> <Opcode : 'load' 'store'> <Ports = 2> <Width = 8> <Depth = 128> <RAM>
ST_42 : Operation 313 [1/1] (0.00ns)   --->   "%x_addr_82 = getelementptr i8 %x, i64 0, i64 82"   --->   Operation 313 'getelementptr' 'x_addr_82' <Predicate = true> <Delay = 0.00>
ST_42 : Operation 314 [2/2] (1.23ns)   --->   "%x_load_82 = load i7 %x_addr_82"   --->   Operation 314 'load' 'x_load_82' <Predicate = true> <Delay = 1.23> <CoreInst = "RAM">   --->   Core 83 'RAM' <Latency = 1> <II = 1> <Delay = 1.23> <Storage> <Opcode : 'load' 'store'> <Ports = 2> <Width = 8> <Depth = 128> <RAM>
ST_42 : Operation 315 [1/1] (0.00ns)   --->   "%x_addr_83 = getelementptr i8 %x, i64 0, i64 83"   --->   Operation 315 'getelementptr' 'x_addr_83' <Predicate = true> <Delay = 0.00>
ST_42 : Operation 316 [2/2] (1.23ns)   --->   "%x_load_83 = load i7 %x_addr_83"   --->   Operation 316 'load' 'x_load_83' <Predicate = true> <Delay = 1.23> <CoreInst = "RAM">   --->   Core 83 'RAM' <Latency = 1> <II = 1> <Delay = 1.23> <Storage> <Opcode : 'load' 'store'> <Ports = 2> <Width = 8> <Depth = 128> <RAM>

State 43 <SV = 42> <Delay = 1.23>
ST_43 : Operation 317 [1/2] (1.23ns)   --->   "%x_load_82 = load i7 %x_addr_82"   --->   Operation 317 'load' 'x_load_82' <Predicate = true> <Delay = 1.23> <CoreInst = "RAM">   --->   Core 83 'RAM' <Latency = 1> <II = 1> <Delay = 1.23> <Storage> <Opcode : 'load' 'store'> <Ports = 2> <Width = 8> <Depth = 128> <RAM>
ST_43 : Operation 318 [1/2] (1.23ns)   --->   "%x_load_83 = load i7 %x_addr_83"   --->   Operation 318 'load' 'x_load_83' <Predicate = true> <Delay = 1.23> <CoreInst = "RAM">   --->   Core 83 'RAM' <Latency = 1> <II = 1> <Delay = 1.23> <Storage> <Opcode : 'load' 'store'> <Ports = 2> <Width = 8> <Depth = 128> <RAM>
ST_43 : Operation 319 [1/1] (0.00ns)   --->   "%x_addr_84 = getelementptr i8 %x, i64 0, i64 84"   --->   Operation 319 'getelementptr' 'x_addr_84' <Predicate = true> <Delay = 0.00>
ST_43 : Operation 320 [2/2] (1.23ns)   --->   "%x_load_84 = load i7 %x_addr_84"   --->   Operation 320 'load' 'x_load_84' <Predicate = true> <Delay = 1.23> <CoreInst = "RAM">   --->   Core 83 'RAM' <Latency = 1> <II = 1> <Delay = 1.23> <Storage> <Opcode : 'load' 'store'> <Ports = 2> <Width = 8> <Depth = 128> <RAM>
ST_43 : Operation 321 [1/1] (0.00ns)   --->   "%x_addr_85 = getelementptr i8 %x, i64 0, i64 85"   --->   Operation 321 'getelementptr' 'x_addr_85' <Predicate = true> <Delay = 0.00>
ST_43 : Operation 322 [2/2] (1.23ns)   --->   "%x_load_85 = load i7 %x_addr_85"   --->   Operation 322 'load' 'x_load_85' <Predicate = true> <Delay = 1.23> <CoreInst = "RAM">   --->   Core 83 'RAM' <Latency = 1> <II = 1> <Delay = 1.23> <Storage> <Opcode : 'load' 'store'> <Ports = 2> <Width = 8> <Depth = 128> <RAM>

State 44 <SV = 43> <Delay = 1.23>
ST_44 : Operation 323 [1/2] (1.23ns)   --->   "%x_load_84 = load i7 %x_addr_84"   --->   Operation 323 'load' 'x_load_84' <Predicate = true> <Delay = 1.23> <CoreInst = "RAM">   --->   Core 83 'RAM' <Latency = 1> <II = 1> <Delay = 1.23> <Storage> <Opcode : 'load' 'store'> <Ports = 2> <Width = 8> <Depth = 128> <RAM>
ST_44 : Operation 324 [1/2] (1.23ns)   --->   "%x_load_85 = load i7 %x_addr_85"   --->   Operation 324 'load' 'x_load_85' <Predicate = true> <Delay = 1.23> <CoreInst = "RAM">   --->   Core 83 'RAM' <Latency = 1> <II = 1> <Delay = 1.23> <Storage> <Opcode : 'load' 'store'> <Ports = 2> <Width = 8> <Depth = 128> <RAM>
ST_44 : Operation 325 [1/1] (0.00ns)   --->   "%x_addr_86 = getelementptr i8 %x, i64 0, i64 86"   --->   Operation 325 'getelementptr' 'x_addr_86' <Predicate = true> <Delay = 0.00>
ST_44 : Operation 326 [2/2] (1.23ns)   --->   "%x_load_86 = load i7 %x_addr_86"   --->   Operation 326 'load' 'x_load_86' <Predicate = true> <Delay = 1.23> <CoreInst = "RAM">   --->   Core 83 'RAM' <Latency = 1> <II = 1> <Delay = 1.23> <Storage> <Opcode : 'load' 'store'> <Ports = 2> <Width = 8> <Depth = 128> <RAM>
ST_44 : Operation 327 [1/1] (0.00ns)   --->   "%x_addr_87 = getelementptr i8 %x, i64 0, i64 87"   --->   Operation 327 'getelementptr' 'x_addr_87' <Predicate = true> <Delay = 0.00>
ST_44 : Operation 328 [2/2] (1.23ns)   --->   "%x_load_87 = load i7 %x_addr_87"   --->   Operation 328 'load' 'x_load_87' <Predicate = true> <Delay = 1.23> <CoreInst = "RAM">   --->   Core 83 'RAM' <Latency = 1> <II = 1> <Delay = 1.23> <Storage> <Opcode : 'load' 'store'> <Ports = 2> <Width = 8> <Depth = 128> <RAM>

State 45 <SV = 44> <Delay = 1.23>
ST_45 : Operation 329 [1/2] (1.23ns)   --->   "%x_load_86 = load i7 %x_addr_86"   --->   Operation 329 'load' 'x_load_86' <Predicate = true> <Delay = 1.23> <CoreInst = "RAM">   --->   Core 83 'RAM' <Latency = 1> <II = 1> <Delay = 1.23> <Storage> <Opcode : 'load' 'store'> <Ports = 2> <Width = 8> <Depth = 128> <RAM>
ST_45 : Operation 330 [1/2] (1.23ns)   --->   "%x_load_87 = load i7 %x_addr_87"   --->   Operation 330 'load' 'x_load_87' <Predicate = true> <Delay = 1.23> <CoreInst = "RAM">   --->   Core 83 'RAM' <Latency = 1> <II = 1> <Delay = 1.23> <Storage> <Opcode : 'load' 'store'> <Ports = 2> <Width = 8> <Depth = 128> <RAM>
ST_45 : Operation 331 [1/1] (0.00ns)   --->   "%x_addr_88 = getelementptr i8 %x, i64 0, i64 88"   --->   Operation 331 'getelementptr' 'x_addr_88' <Predicate = true> <Delay = 0.00>
ST_45 : Operation 332 [2/2] (1.23ns)   --->   "%x_load_88 = load i7 %x_addr_88"   --->   Operation 332 'load' 'x_load_88' <Predicate = true> <Delay = 1.23> <CoreInst = "RAM">   --->   Core 83 'RAM' <Latency = 1> <II = 1> <Delay = 1.23> <Storage> <Opcode : 'load' 'store'> <Ports = 2> <Width = 8> <Depth = 128> <RAM>
ST_45 : Operation 333 [1/1] (0.00ns)   --->   "%x_addr_89 = getelementptr i8 %x, i64 0, i64 89"   --->   Operation 333 'getelementptr' 'x_addr_89' <Predicate = true> <Delay = 0.00>
ST_45 : Operation 334 [2/2] (1.23ns)   --->   "%x_load_89 = load i7 %x_addr_89"   --->   Operation 334 'load' 'x_load_89' <Predicate = true> <Delay = 1.23> <CoreInst = "RAM">   --->   Core 83 'RAM' <Latency = 1> <II = 1> <Delay = 1.23> <Storage> <Opcode : 'load' 'store'> <Ports = 2> <Width = 8> <Depth = 128> <RAM>

State 46 <SV = 45> <Delay = 1.23>
ST_46 : Operation 335 [1/2] (1.23ns)   --->   "%x_load_88 = load i7 %x_addr_88"   --->   Operation 335 'load' 'x_load_88' <Predicate = true> <Delay = 1.23> <CoreInst = "RAM">   --->   Core 83 'RAM' <Latency = 1> <II = 1> <Delay = 1.23> <Storage> <Opcode : 'load' 'store'> <Ports = 2> <Width = 8> <Depth = 128> <RAM>
ST_46 : Operation 336 [1/2] (1.23ns)   --->   "%x_load_89 = load i7 %x_addr_89"   --->   Operation 336 'load' 'x_load_89' <Predicate = true> <Delay = 1.23> <CoreInst = "RAM">   --->   Core 83 'RAM' <Latency = 1> <II = 1> <Delay = 1.23> <Storage> <Opcode : 'load' 'store'> <Ports = 2> <Width = 8> <Depth = 128> <RAM>
ST_46 : Operation 337 [1/1] (0.00ns)   --->   "%x_addr_90 = getelementptr i8 %x, i64 0, i64 90"   --->   Operation 337 'getelementptr' 'x_addr_90' <Predicate = true> <Delay = 0.00>
ST_46 : Operation 338 [2/2] (1.23ns)   --->   "%x_load_90 = load i7 %x_addr_90"   --->   Operation 338 'load' 'x_load_90' <Predicate = true> <Delay = 1.23> <CoreInst = "RAM">   --->   Core 83 'RAM' <Latency = 1> <II = 1> <Delay = 1.23> <Storage> <Opcode : 'load' 'store'> <Ports = 2> <Width = 8> <Depth = 128> <RAM>
ST_46 : Operation 339 [1/1] (0.00ns)   --->   "%x_addr_91 = getelementptr i8 %x, i64 0, i64 91"   --->   Operation 339 'getelementptr' 'x_addr_91' <Predicate = true> <Delay = 0.00>
ST_46 : Operation 340 [2/2] (1.23ns)   --->   "%x_load_91 = load i7 %x_addr_91"   --->   Operation 340 'load' 'x_load_91' <Predicate = true> <Delay = 1.23> <CoreInst = "RAM">   --->   Core 83 'RAM' <Latency = 1> <II = 1> <Delay = 1.23> <Storage> <Opcode : 'load' 'store'> <Ports = 2> <Width = 8> <Depth = 128> <RAM>

State 47 <SV = 46> <Delay = 1.23>
ST_47 : Operation 341 [1/2] (1.23ns)   --->   "%x_load_90 = load i7 %x_addr_90"   --->   Operation 341 'load' 'x_load_90' <Predicate = true> <Delay = 1.23> <CoreInst = "RAM">   --->   Core 83 'RAM' <Latency = 1> <II = 1> <Delay = 1.23> <Storage> <Opcode : 'load' 'store'> <Ports = 2> <Width = 8> <Depth = 128> <RAM>
ST_47 : Operation 342 [1/2] (1.23ns)   --->   "%x_load_91 = load i7 %x_addr_91"   --->   Operation 342 'load' 'x_load_91' <Predicate = true> <Delay = 1.23> <CoreInst = "RAM">   --->   Core 83 'RAM' <Latency = 1> <II = 1> <Delay = 1.23> <Storage> <Opcode : 'load' 'store'> <Ports = 2> <Width = 8> <Depth = 128> <RAM>
ST_47 : Operation 343 [1/1] (0.00ns)   --->   "%x_addr_92 = getelementptr i8 %x, i64 0, i64 92"   --->   Operation 343 'getelementptr' 'x_addr_92' <Predicate = true> <Delay = 0.00>
ST_47 : Operation 344 [2/2] (1.23ns)   --->   "%x_load_92 = load i7 %x_addr_92"   --->   Operation 344 'load' 'x_load_92' <Predicate = true> <Delay = 1.23> <CoreInst = "RAM">   --->   Core 83 'RAM' <Latency = 1> <II = 1> <Delay = 1.23> <Storage> <Opcode : 'load' 'store'> <Ports = 2> <Width = 8> <Depth = 128> <RAM>
ST_47 : Operation 345 [1/1] (0.00ns)   --->   "%x_addr_93 = getelementptr i8 %x, i64 0, i64 93"   --->   Operation 345 'getelementptr' 'x_addr_93' <Predicate = true> <Delay = 0.00>
ST_47 : Operation 346 [2/2] (1.23ns)   --->   "%x_load_93 = load i7 %x_addr_93"   --->   Operation 346 'load' 'x_load_93' <Predicate = true> <Delay = 1.23> <CoreInst = "RAM">   --->   Core 83 'RAM' <Latency = 1> <II = 1> <Delay = 1.23> <Storage> <Opcode : 'load' 'store'> <Ports = 2> <Width = 8> <Depth = 128> <RAM>

State 48 <SV = 47> <Delay = 1.23>
ST_48 : Operation 347 [1/2] (1.23ns)   --->   "%x_load_92 = load i7 %x_addr_92"   --->   Operation 347 'load' 'x_load_92' <Predicate = true> <Delay = 1.23> <CoreInst = "RAM">   --->   Core 83 'RAM' <Latency = 1> <II = 1> <Delay = 1.23> <Storage> <Opcode : 'load' 'store'> <Ports = 2> <Width = 8> <Depth = 128> <RAM>
ST_48 : Operation 348 [1/2] (1.23ns)   --->   "%x_load_93 = load i7 %x_addr_93"   --->   Operation 348 'load' 'x_load_93' <Predicate = true> <Delay = 1.23> <CoreInst = "RAM">   --->   Core 83 'RAM' <Latency = 1> <II = 1> <Delay = 1.23> <Storage> <Opcode : 'load' 'store'> <Ports = 2> <Width = 8> <Depth = 128> <RAM>
ST_48 : Operation 349 [1/1] (0.00ns)   --->   "%x_addr_94 = getelementptr i8 %x, i64 0, i64 94"   --->   Operation 349 'getelementptr' 'x_addr_94' <Predicate = true> <Delay = 0.00>
ST_48 : Operation 350 [2/2] (1.23ns)   --->   "%x_load_94 = load i7 %x_addr_94"   --->   Operation 350 'load' 'x_load_94' <Predicate = true> <Delay = 1.23> <CoreInst = "RAM">   --->   Core 83 'RAM' <Latency = 1> <II = 1> <Delay = 1.23> <Storage> <Opcode : 'load' 'store'> <Ports = 2> <Width = 8> <Depth = 128> <RAM>
ST_48 : Operation 351 [1/1] (0.00ns)   --->   "%x_addr_95 = getelementptr i8 %x, i64 0, i64 95"   --->   Operation 351 'getelementptr' 'x_addr_95' <Predicate = true> <Delay = 0.00>
ST_48 : Operation 352 [2/2] (1.23ns)   --->   "%x_load_95 = load i7 %x_addr_95"   --->   Operation 352 'load' 'x_load_95' <Predicate = true> <Delay = 1.23> <CoreInst = "RAM">   --->   Core 83 'RAM' <Latency = 1> <II = 1> <Delay = 1.23> <Storage> <Opcode : 'load' 'store'> <Ports = 2> <Width = 8> <Depth = 128> <RAM>

State 49 <SV = 48> <Delay = 1.23>
ST_49 : Operation 353 [1/2] (1.23ns)   --->   "%x_load_94 = load i7 %x_addr_94"   --->   Operation 353 'load' 'x_load_94' <Predicate = true> <Delay = 1.23> <CoreInst = "RAM">   --->   Core 83 'RAM' <Latency = 1> <II = 1> <Delay = 1.23> <Storage> <Opcode : 'load' 'store'> <Ports = 2> <Width = 8> <Depth = 128> <RAM>
ST_49 : Operation 354 [1/2] (1.23ns)   --->   "%x_load_95 = load i7 %x_addr_95"   --->   Operation 354 'load' 'x_load_95' <Predicate = true> <Delay = 1.23> <CoreInst = "RAM">   --->   Core 83 'RAM' <Latency = 1> <II = 1> <Delay = 1.23> <Storage> <Opcode : 'load' 'store'> <Ports = 2> <Width = 8> <Depth = 128> <RAM>
ST_49 : Operation 355 [1/1] (0.00ns)   --->   "%x_addr_96 = getelementptr i8 %x, i64 0, i64 96"   --->   Operation 355 'getelementptr' 'x_addr_96' <Predicate = true> <Delay = 0.00>
ST_49 : Operation 356 [2/2] (1.23ns)   --->   "%x_load_96 = load i7 %x_addr_96"   --->   Operation 356 'load' 'x_load_96' <Predicate = true> <Delay = 1.23> <CoreInst = "RAM">   --->   Core 83 'RAM' <Latency = 1> <II = 1> <Delay = 1.23> <Storage> <Opcode : 'load' 'store'> <Ports = 2> <Width = 8> <Depth = 128> <RAM>
ST_49 : Operation 357 [1/1] (0.00ns)   --->   "%x_addr_97 = getelementptr i8 %x, i64 0, i64 97"   --->   Operation 357 'getelementptr' 'x_addr_97' <Predicate = true> <Delay = 0.00>
ST_49 : Operation 358 [2/2] (1.23ns)   --->   "%x_load_97 = load i7 %x_addr_97"   --->   Operation 358 'load' 'x_load_97' <Predicate = true> <Delay = 1.23> <CoreInst = "RAM">   --->   Core 83 'RAM' <Latency = 1> <II = 1> <Delay = 1.23> <Storage> <Opcode : 'load' 'store'> <Ports = 2> <Width = 8> <Depth = 128> <RAM>

State 50 <SV = 49> <Delay = 1.23>
ST_50 : Operation 359 [1/2] (1.23ns)   --->   "%x_load_96 = load i7 %x_addr_96"   --->   Operation 359 'load' 'x_load_96' <Predicate = true> <Delay = 1.23> <CoreInst = "RAM">   --->   Core 83 'RAM' <Latency = 1> <II = 1> <Delay = 1.23> <Storage> <Opcode : 'load' 'store'> <Ports = 2> <Width = 8> <Depth = 128> <RAM>
ST_50 : Operation 360 [1/2] (1.23ns)   --->   "%x_load_97 = load i7 %x_addr_97"   --->   Operation 360 'load' 'x_load_97' <Predicate = true> <Delay = 1.23> <CoreInst = "RAM">   --->   Core 83 'RAM' <Latency = 1> <II = 1> <Delay = 1.23> <Storage> <Opcode : 'load' 'store'> <Ports = 2> <Width = 8> <Depth = 128> <RAM>
ST_50 : Operation 361 [1/1] (0.00ns)   --->   "%x_addr_98 = getelementptr i8 %x, i64 0, i64 98"   --->   Operation 361 'getelementptr' 'x_addr_98' <Predicate = true> <Delay = 0.00>
ST_50 : Operation 362 [2/2] (1.23ns)   --->   "%x_load_98 = load i7 %x_addr_98"   --->   Operation 362 'load' 'x_load_98' <Predicate = true> <Delay = 1.23> <CoreInst = "RAM">   --->   Core 83 'RAM' <Latency = 1> <II = 1> <Delay = 1.23> <Storage> <Opcode : 'load' 'store'> <Ports = 2> <Width = 8> <Depth = 128> <RAM>
ST_50 : Operation 363 [1/1] (0.00ns)   --->   "%x_addr_99 = getelementptr i8 %x, i64 0, i64 99"   --->   Operation 363 'getelementptr' 'x_addr_99' <Predicate = true> <Delay = 0.00>
ST_50 : Operation 364 [2/2] (1.23ns)   --->   "%x_load_99 = load i7 %x_addr_99"   --->   Operation 364 'load' 'x_load_99' <Predicate = true> <Delay = 1.23> <CoreInst = "RAM">   --->   Core 83 'RAM' <Latency = 1> <II = 1> <Delay = 1.23> <Storage> <Opcode : 'load' 'store'> <Ports = 2> <Width = 8> <Depth = 128> <RAM>

State 51 <SV = 50> <Delay = 1.23>
ST_51 : Operation 365 [1/2] (1.23ns)   --->   "%x_load_98 = load i7 %x_addr_98"   --->   Operation 365 'load' 'x_load_98' <Predicate = true> <Delay = 1.23> <CoreInst = "RAM">   --->   Core 83 'RAM' <Latency = 1> <II = 1> <Delay = 1.23> <Storage> <Opcode : 'load' 'store'> <Ports = 2> <Width = 8> <Depth = 128> <RAM>
ST_51 : Operation 366 [1/2] (1.23ns)   --->   "%x_load_99 = load i7 %x_addr_99"   --->   Operation 366 'load' 'x_load_99' <Predicate = true> <Delay = 1.23> <CoreInst = "RAM">   --->   Core 83 'RAM' <Latency = 1> <II = 1> <Delay = 1.23> <Storage> <Opcode : 'load' 'store'> <Ports = 2> <Width = 8> <Depth = 128> <RAM>
ST_51 : Operation 367 [1/1] (0.00ns)   --->   "%x_addr_100 = getelementptr i8 %x, i64 0, i64 100"   --->   Operation 367 'getelementptr' 'x_addr_100' <Predicate = true> <Delay = 0.00>
ST_51 : Operation 368 [2/2] (1.23ns)   --->   "%x_load_100 = load i7 %x_addr_100"   --->   Operation 368 'load' 'x_load_100' <Predicate = true> <Delay = 1.23> <CoreInst = "RAM">   --->   Core 83 'RAM' <Latency = 1> <II = 1> <Delay = 1.23> <Storage> <Opcode : 'load' 'store'> <Ports = 2> <Width = 8> <Depth = 128> <RAM>
ST_51 : Operation 369 [1/1] (0.00ns)   --->   "%x_addr_101 = getelementptr i8 %x, i64 0, i64 101"   --->   Operation 369 'getelementptr' 'x_addr_101' <Predicate = true> <Delay = 0.00>
ST_51 : Operation 370 [2/2] (1.23ns)   --->   "%x_load_101 = load i7 %x_addr_101"   --->   Operation 370 'load' 'x_load_101' <Predicate = true> <Delay = 1.23> <CoreInst = "RAM">   --->   Core 83 'RAM' <Latency = 1> <II = 1> <Delay = 1.23> <Storage> <Opcode : 'load' 'store'> <Ports = 2> <Width = 8> <Depth = 128> <RAM>

State 52 <SV = 51> <Delay = 1.23>
ST_52 : Operation 371 [1/2] (1.23ns)   --->   "%x_load_100 = load i7 %x_addr_100"   --->   Operation 371 'load' 'x_load_100' <Predicate = true> <Delay = 1.23> <CoreInst = "RAM">   --->   Core 83 'RAM' <Latency = 1> <II = 1> <Delay = 1.23> <Storage> <Opcode : 'load' 'store'> <Ports = 2> <Width = 8> <Depth = 128> <RAM>
ST_52 : Operation 372 [1/2] (1.23ns)   --->   "%x_load_101 = load i7 %x_addr_101"   --->   Operation 372 'load' 'x_load_101' <Predicate = true> <Delay = 1.23> <CoreInst = "RAM">   --->   Core 83 'RAM' <Latency = 1> <II = 1> <Delay = 1.23> <Storage> <Opcode : 'load' 'store'> <Ports = 2> <Width = 8> <Depth = 128> <RAM>
ST_52 : Operation 373 [1/1] (0.00ns)   --->   "%x_addr_102 = getelementptr i8 %x, i64 0, i64 102"   --->   Operation 373 'getelementptr' 'x_addr_102' <Predicate = true> <Delay = 0.00>
ST_52 : Operation 374 [2/2] (1.23ns)   --->   "%x_load_102 = load i7 %x_addr_102"   --->   Operation 374 'load' 'x_load_102' <Predicate = true> <Delay = 1.23> <CoreInst = "RAM">   --->   Core 83 'RAM' <Latency = 1> <II = 1> <Delay = 1.23> <Storage> <Opcode : 'load' 'store'> <Ports = 2> <Width = 8> <Depth = 128> <RAM>
ST_52 : Operation 375 [1/1] (0.00ns)   --->   "%x_addr_103 = getelementptr i8 %x, i64 0, i64 103"   --->   Operation 375 'getelementptr' 'x_addr_103' <Predicate = true> <Delay = 0.00>
ST_52 : Operation 376 [2/2] (1.23ns)   --->   "%x_load_103 = load i7 %x_addr_103"   --->   Operation 376 'load' 'x_load_103' <Predicate = true> <Delay = 1.23> <CoreInst = "RAM">   --->   Core 83 'RAM' <Latency = 1> <II = 1> <Delay = 1.23> <Storage> <Opcode : 'load' 'store'> <Ports = 2> <Width = 8> <Depth = 128> <RAM>

State 53 <SV = 52> <Delay = 1.23>
ST_53 : Operation 377 [1/2] (1.23ns)   --->   "%x_load_102 = load i7 %x_addr_102"   --->   Operation 377 'load' 'x_load_102' <Predicate = true> <Delay = 1.23> <CoreInst = "RAM">   --->   Core 83 'RAM' <Latency = 1> <II = 1> <Delay = 1.23> <Storage> <Opcode : 'load' 'store'> <Ports = 2> <Width = 8> <Depth = 128> <RAM>
ST_53 : Operation 378 [1/2] (1.23ns)   --->   "%x_load_103 = load i7 %x_addr_103"   --->   Operation 378 'load' 'x_load_103' <Predicate = true> <Delay = 1.23> <CoreInst = "RAM">   --->   Core 83 'RAM' <Latency = 1> <II = 1> <Delay = 1.23> <Storage> <Opcode : 'load' 'store'> <Ports = 2> <Width = 8> <Depth = 128> <RAM>
ST_53 : Operation 379 [1/1] (0.00ns)   --->   "%x_addr_104 = getelementptr i8 %x, i64 0, i64 104"   --->   Operation 379 'getelementptr' 'x_addr_104' <Predicate = true> <Delay = 0.00>
ST_53 : Operation 380 [2/2] (1.23ns)   --->   "%x_load_104 = load i7 %x_addr_104"   --->   Operation 380 'load' 'x_load_104' <Predicate = true> <Delay = 1.23> <CoreInst = "RAM">   --->   Core 83 'RAM' <Latency = 1> <II = 1> <Delay = 1.23> <Storage> <Opcode : 'load' 'store'> <Ports = 2> <Width = 8> <Depth = 128> <RAM>
ST_53 : Operation 381 [1/1] (0.00ns)   --->   "%x_addr_105 = getelementptr i8 %x, i64 0, i64 105"   --->   Operation 381 'getelementptr' 'x_addr_105' <Predicate = true> <Delay = 0.00>
ST_53 : Operation 382 [2/2] (1.23ns)   --->   "%x_load_105 = load i7 %x_addr_105"   --->   Operation 382 'load' 'x_load_105' <Predicate = true> <Delay = 1.23> <CoreInst = "RAM">   --->   Core 83 'RAM' <Latency = 1> <II = 1> <Delay = 1.23> <Storage> <Opcode : 'load' 'store'> <Ports = 2> <Width = 8> <Depth = 128> <RAM>

State 54 <SV = 53> <Delay = 1.23>
ST_54 : Operation 383 [1/2] (1.23ns)   --->   "%x_load_104 = load i7 %x_addr_104"   --->   Operation 383 'load' 'x_load_104' <Predicate = true> <Delay = 1.23> <CoreInst = "RAM">   --->   Core 83 'RAM' <Latency = 1> <II = 1> <Delay = 1.23> <Storage> <Opcode : 'load' 'store'> <Ports = 2> <Width = 8> <Depth = 128> <RAM>
ST_54 : Operation 384 [1/2] (1.23ns)   --->   "%x_load_105 = load i7 %x_addr_105"   --->   Operation 384 'load' 'x_load_105' <Predicate = true> <Delay = 1.23> <CoreInst = "RAM">   --->   Core 83 'RAM' <Latency = 1> <II = 1> <Delay = 1.23> <Storage> <Opcode : 'load' 'store'> <Ports = 2> <Width = 8> <Depth = 128> <RAM>
ST_54 : Operation 385 [1/1] (0.00ns)   --->   "%x_addr_106 = getelementptr i8 %x, i64 0, i64 106"   --->   Operation 385 'getelementptr' 'x_addr_106' <Predicate = true> <Delay = 0.00>
ST_54 : Operation 386 [2/2] (1.23ns)   --->   "%x_load_106 = load i7 %x_addr_106"   --->   Operation 386 'load' 'x_load_106' <Predicate = true> <Delay = 1.23> <CoreInst = "RAM">   --->   Core 83 'RAM' <Latency = 1> <II = 1> <Delay = 1.23> <Storage> <Opcode : 'load' 'store'> <Ports = 2> <Width = 8> <Depth = 128> <RAM>
ST_54 : Operation 387 [1/1] (0.00ns)   --->   "%x_addr_107 = getelementptr i8 %x, i64 0, i64 107"   --->   Operation 387 'getelementptr' 'x_addr_107' <Predicate = true> <Delay = 0.00>
ST_54 : Operation 388 [2/2] (1.23ns)   --->   "%x_load_107 = load i7 %x_addr_107"   --->   Operation 388 'load' 'x_load_107' <Predicate = true> <Delay = 1.23> <CoreInst = "RAM">   --->   Core 83 'RAM' <Latency = 1> <II = 1> <Delay = 1.23> <Storage> <Opcode : 'load' 'store'> <Ports = 2> <Width = 8> <Depth = 128> <RAM>

State 55 <SV = 54> <Delay = 1.23>
ST_55 : Operation 389 [1/2] (1.23ns)   --->   "%x_load_106 = load i7 %x_addr_106"   --->   Operation 389 'load' 'x_load_106' <Predicate = true> <Delay = 1.23> <CoreInst = "RAM">   --->   Core 83 'RAM' <Latency = 1> <II = 1> <Delay = 1.23> <Storage> <Opcode : 'load' 'store'> <Ports = 2> <Width = 8> <Depth = 128> <RAM>
ST_55 : Operation 390 [1/2] (1.23ns)   --->   "%x_load_107 = load i7 %x_addr_107"   --->   Operation 390 'load' 'x_load_107' <Predicate = true> <Delay = 1.23> <CoreInst = "RAM">   --->   Core 83 'RAM' <Latency = 1> <II = 1> <Delay = 1.23> <Storage> <Opcode : 'load' 'store'> <Ports = 2> <Width = 8> <Depth = 128> <RAM>
ST_55 : Operation 391 [1/1] (0.00ns)   --->   "%x_addr_108 = getelementptr i8 %x, i64 0, i64 108"   --->   Operation 391 'getelementptr' 'x_addr_108' <Predicate = true> <Delay = 0.00>
ST_55 : Operation 392 [2/2] (1.23ns)   --->   "%x_load_108 = load i7 %x_addr_108"   --->   Operation 392 'load' 'x_load_108' <Predicate = true> <Delay = 1.23> <CoreInst = "RAM">   --->   Core 83 'RAM' <Latency = 1> <II = 1> <Delay = 1.23> <Storage> <Opcode : 'load' 'store'> <Ports = 2> <Width = 8> <Depth = 128> <RAM>
ST_55 : Operation 393 [1/1] (0.00ns)   --->   "%x_addr_109 = getelementptr i8 %x, i64 0, i64 109"   --->   Operation 393 'getelementptr' 'x_addr_109' <Predicate = true> <Delay = 0.00>
ST_55 : Operation 394 [2/2] (1.23ns)   --->   "%x_load_109 = load i7 %x_addr_109"   --->   Operation 394 'load' 'x_load_109' <Predicate = true> <Delay = 1.23> <CoreInst = "RAM">   --->   Core 83 'RAM' <Latency = 1> <II = 1> <Delay = 1.23> <Storage> <Opcode : 'load' 'store'> <Ports = 2> <Width = 8> <Depth = 128> <RAM>

State 56 <SV = 55> <Delay = 1.23>
ST_56 : Operation 395 [1/2] (1.23ns)   --->   "%x_load_108 = load i7 %x_addr_108"   --->   Operation 395 'load' 'x_load_108' <Predicate = true> <Delay = 1.23> <CoreInst = "RAM">   --->   Core 83 'RAM' <Latency = 1> <II = 1> <Delay = 1.23> <Storage> <Opcode : 'load' 'store'> <Ports = 2> <Width = 8> <Depth = 128> <RAM>
ST_56 : Operation 396 [1/2] (1.23ns)   --->   "%x_load_109 = load i7 %x_addr_109"   --->   Operation 396 'load' 'x_load_109' <Predicate = true> <Delay = 1.23> <CoreInst = "RAM">   --->   Core 83 'RAM' <Latency = 1> <II = 1> <Delay = 1.23> <Storage> <Opcode : 'load' 'store'> <Ports = 2> <Width = 8> <Depth = 128> <RAM>
ST_56 : Operation 397 [1/1] (0.00ns)   --->   "%x_addr_110 = getelementptr i8 %x, i64 0, i64 110"   --->   Operation 397 'getelementptr' 'x_addr_110' <Predicate = true> <Delay = 0.00>
ST_56 : Operation 398 [2/2] (1.23ns)   --->   "%x_load_110 = load i7 %x_addr_110"   --->   Operation 398 'load' 'x_load_110' <Predicate = true> <Delay = 1.23> <CoreInst = "RAM">   --->   Core 83 'RAM' <Latency = 1> <II = 1> <Delay = 1.23> <Storage> <Opcode : 'load' 'store'> <Ports = 2> <Width = 8> <Depth = 128> <RAM>
ST_56 : Operation 399 [1/1] (0.00ns)   --->   "%x_addr_111 = getelementptr i8 %x, i64 0, i64 111"   --->   Operation 399 'getelementptr' 'x_addr_111' <Predicate = true> <Delay = 0.00>
ST_56 : Operation 400 [2/2] (1.23ns)   --->   "%x_load_111 = load i7 %x_addr_111"   --->   Operation 400 'load' 'x_load_111' <Predicate = true> <Delay = 1.23> <CoreInst = "RAM">   --->   Core 83 'RAM' <Latency = 1> <II = 1> <Delay = 1.23> <Storage> <Opcode : 'load' 'store'> <Ports = 2> <Width = 8> <Depth = 128> <RAM>

State 57 <SV = 56> <Delay = 1.23>
ST_57 : Operation 401 [1/2] (1.23ns)   --->   "%x_load_110 = load i7 %x_addr_110"   --->   Operation 401 'load' 'x_load_110' <Predicate = true> <Delay = 1.23> <CoreInst = "RAM">   --->   Core 83 'RAM' <Latency = 1> <II = 1> <Delay = 1.23> <Storage> <Opcode : 'load' 'store'> <Ports = 2> <Width = 8> <Depth = 128> <RAM>
ST_57 : Operation 402 [1/2] (1.23ns)   --->   "%x_load_111 = load i7 %x_addr_111"   --->   Operation 402 'load' 'x_load_111' <Predicate = true> <Delay = 1.23> <CoreInst = "RAM">   --->   Core 83 'RAM' <Latency = 1> <II = 1> <Delay = 1.23> <Storage> <Opcode : 'load' 'store'> <Ports = 2> <Width = 8> <Depth = 128> <RAM>
ST_57 : Operation 403 [1/1] (0.00ns)   --->   "%x_addr_112 = getelementptr i8 %x, i64 0, i64 112"   --->   Operation 403 'getelementptr' 'x_addr_112' <Predicate = true> <Delay = 0.00>
ST_57 : Operation 404 [2/2] (1.23ns)   --->   "%x_load_112 = load i7 %x_addr_112"   --->   Operation 404 'load' 'x_load_112' <Predicate = true> <Delay = 1.23> <CoreInst = "RAM">   --->   Core 83 'RAM' <Latency = 1> <II = 1> <Delay = 1.23> <Storage> <Opcode : 'load' 'store'> <Ports = 2> <Width = 8> <Depth = 128> <RAM>
ST_57 : Operation 405 [1/1] (0.00ns)   --->   "%x_addr_113 = getelementptr i8 %x, i64 0, i64 113"   --->   Operation 405 'getelementptr' 'x_addr_113' <Predicate = true> <Delay = 0.00>
ST_57 : Operation 406 [2/2] (1.23ns)   --->   "%x_load_113 = load i7 %x_addr_113"   --->   Operation 406 'load' 'x_load_113' <Predicate = true> <Delay = 1.23> <CoreInst = "RAM">   --->   Core 83 'RAM' <Latency = 1> <II = 1> <Delay = 1.23> <Storage> <Opcode : 'load' 'store'> <Ports = 2> <Width = 8> <Depth = 128> <RAM>

State 58 <SV = 57> <Delay = 1.23>
ST_58 : Operation 407 [1/2] (1.23ns)   --->   "%x_load_112 = load i7 %x_addr_112"   --->   Operation 407 'load' 'x_load_112' <Predicate = true> <Delay = 1.23> <CoreInst = "RAM">   --->   Core 83 'RAM' <Latency = 1> <II = 1> <Delay = 1.23> <Storage> <Opcode : 'load' 'store'> <Ports = 2> <Width = 8> <Depth = 128> <RAM>
ST_58 : Operation 408 [1/2] (1.23ns)   --->   "%x_load_113 = load i7 %x_addr_113"   --->   Operation 408 'load' 'x_load_113' <Predicate = true> <Delay = 1.23> <CoreInst = "RAM">   --->   Core 83 'RAM' <Latency = 1> <II = 1> <Delay = 1.23> <Storage> <Opcode : 'load' 'store'> <Ports = 2> <Width = 8> <Depth = 128> <RAM>
ST_58 : Operation 409 [1/1] (0.00ns)   --->   "%x_addr_114 = getelementptr i8 %x, i64 0, i64 114"   --->   Operation 409 'getelementptr' 'x_addr_114' <Predicate = true> <Delay = 0.00>
ST_58 : Operation 410 [2/2] (1.23ns)   --->   "%x_load_114 = load i7 %x_addr_114"   --->   Operation 410 'load' 'x_load_114' <Predicate = true> <Delay = 1.23> <CoreInst = "RAM">   --->   Core 83 'RAM' <Latency = 1> <II = 1> <Delay = 1.23> <Storage> <Opcode : 'load' 'store'> <Ports = 2> <Width = 8> <Depth = 128> <RAM>
ST_58 : Operation 411 [1/1] (0.00ns)   --->   "%x_addr_115 = getelementptr i8 %x, i64 0, i64 115"   --->   Operation 411 'getelementptr' 'x_addr_115' <Predicate = true> <Delay = 0.00>
ST_58 : Operation 412 [2/2] (1.23ns)   --->   "%x_load_115 = load i7 %x_addr_115"   --->   Operation 412 'load' 'x_load_115' <Predicate = true> <Delay = 1.23> <CoreInst = "RAM">   --->   Core 83 'RAM' <Latency = 1> <II = 1> <Delay = 1.23> <Storage> <Opcode : 'load' 'store'> <Ports = 2> <Width = 8> <Depth = 128> <RAM>

State 59 <SV = 58> <Delay = 1.23>
ST_59 : Operation 413 [1/2] (1.23ns)   --->   "%x_load_114 = load i7 %x_addr_114"   --->   Operation 413 'load' 'x_load_114' <Predicate = true> <Delay = 1.23> <CoreInst = "RAM">   --->   Core 83 'RAM' <Latency = 1> <II = 1> <Delay = 1.23> <Storage> <Opcode : 'load' 'store'> <Ports = 2> <Width = 8> <Depth = 128> <RAM>
ST_59 : Operation 414 [1/2] (1.23ns)   --->   "%x_load_115 = load i7 %x_addr_115"   --->   Operation 414 'load' 'x_load_115' <Predicate = true> <Delay = 1.23> <CoreInst = "RAM">   --->   Core 83 'RAM' <Latency = 1> <II = 1> <Delay = 1.23> <Storage> <Opcode : 'load' 'store'> <Ports = 2> <Width = 8> <Depth = 128> <RAM>
ST_59 : Operation 415 [1/1] (0.00ns)   --->   "%x_addr_116 = getelementptr i8 %x, i64 0, i64 116"   --->   Operation 415 'getelementptr' 'x_addr_116' <Predicate = true> <Delay = 0.00>
ST_59 : Operation 416 [2/2] (1.23ns)   --->   "%x_load_116 = load i7 %x_addr_116"   --->   Operation 416 'load' 'x_load_116' <Predicate = true> <Delay = 1.23> <CoreInst = "RAM">   --->   Core 83 'RAM' <Latency = 1> <II = 1> <Delay = 1.23> <Storage> <Opcode : 'load' 'store'> <Ports = 2> <Width = 8> <Depth = 128> <RAM>
ST_59 : Operation 417 [1/1] (0.00ns)   --->   "%x_addr_117 = getelementptr i8 %x, i64 0, i64 117"   --->   Operation 417 'getelementptr' 'x_addr_117' <Predicate = true> <Delay = 0.00>
ST_59 : Operation 418 [2/2] (1.23ns)   --->   "%x_load_117 = load i7 %x_addr_117"   --->   Operation 418 'load' 'x_load_117' <Predicate = true> <Delay = 1.23> <CoreInst = "RAM">   --->   Core 83 'RAM' <Latency = 1> <II = 1> <Delay = 1.23> <Storage> <Opcode : 'load' 'store'> <Ports = 2> <Width = 8> <Depth = 128> <RAM>

State 60 <SV = 59> <Delay = 1.23>
ST_60 : Operation 419 [1/2] (1.23ns)   --->   "%x_load_116 = load i7 %x_addr_116"   --->   Operation 419 'load' 'x_load_116' <Predicate = true> <Delay = 1.23> <CoreInst = "RAM">   --->   Core 83 'RAM' <Latency = 1> <II = 1> <Delay = 1.23> <Storage> <Opcode : 'load' 'store'> <Ports = 2> <Width = 8> <Depth = 128> <RAM>
ST_60 : Operation 420 [1/2] (1.23ns)   --->   "%x_load_117 = load i7 %x_addr_117"   --->   Operation 420 'load' 'x_load_117' <Predicate = true> <Delay = 1.23> <CoreInst = "RAM">   --->   Core 83 'RAM' <Latency = 1> <II = 1> <Delay = 1.23> <Storage> <Opcode : 'load' 'store'> <Ports = 2> <Width = 8> <Depth = 128> <RAM>
ST_60 : Operation 421 [1/1] (0.00ns)   --->   "%x_addr_118 = getelementptr i8 %x, i64 0, i64 118"   --->   Operation 421 'getelementptr' 'x_addr_118' <Predicate = true> <Delay = 0.00>
ST_60 : Operation 422 [2/2] (1.23ns)   --->   "%x_load_118 = load i7 %x_addr_118"   --->   Operation 422 'load' 'x_load_118' <Predicate = true> <Delay = 1.23> <CoreInst = "RAM">   --->   Core 83 'RAM' <Latency = 1> <II = 1> <Delay = 1.23> <Storage> <Opcode : 'load' 'store'> <Ports = 2> <Width = 8> <Depth = 128> <RAM>
ST_60 : Operation 423 [1/1] (0.00ns)   --->   "%x_addr_119 = getelementptr i8 %x, i64 0, i64 119"   --->   Operation 423 'getelementptr' 'x_addr_119' <Predicate = true> <Delay = 0.00>
ST_60 : Operation 424 [2/2] (1.23ns)   --->   "%x_load_119 = load i7 %x_addr_119"   --->   Operation 424 'load' 'x_load_119' <Predicate = true> <Delay = 1.23> <CoreInst = "RAM">   --->   Core 83 'RAM' <Latency = 1> <II = 1> <Delay = 1.23> <Storage> <Opcode : 'load' 'store'> <Ports = 2> <Width = 8> <Depth = 128> <RAM>

State 61 <SV = 60> <Delay = 1.23>
ST_61 : Operation 425 [1/2] (1.23ns)   --->   "%x_load_118 = load i7 %x_addr_118"   --->   Operation 425 'load' 'x_load_118' <Predicate = true> <Delay = 1.23> <CoreInst = "RAM">   --->   Core 83 'RAM' <Latency = 1> <II = 1> <Delay = 1.23> <Storage> <Opcode : 'load' 'store'> <Ports = 2> <Width = 8> <Depth = 128> <RAM>
ST_61 : Operation 426 [1/2] (1.23ns)   --->   "%x_load_119 = load i7 %x_addr_119"   --->   Operation 426 'load' 'x_load_119' <Predicate = true> <Delay = 1.23> <CoreInst = "RAM">   --->   Core 83 'RAM' <Latency = 1> <II = 1> <Delay = 1.23> <Storage> <Opcode : 'load' 'store'> <Ports = 2> <Width = 8> <Depth = 128> <RAM>
ST_61 : Operation 427 [1/1] (0.00ns)   --->   "%x_addr_120 = getelementptr i8 %x, i64 0, i64 120"   --->   Operation 427 'getelementptr' 'x_addr_120' <Predicate = true> <Delay = 0.00>
ST_61 : Operation 428 [2/2] (1.23ns)   --->   "%x_load_120 = load i7 %x_addr_120"   --->   Operation 428 'load' 'x_load_120' <Predicate = true> <Delay = 1.23> <CoreInst = "RAM">   --->   Core 83 'RAM' <Latency = 1> <II = 1> <Delay = 1.23> <Storage> <Opcode : 'load' 'store'> <Ports = 2> <Width = 8> <Depth = 128> <RAM>
ST_61 : Operation 429 [1/1] (0.00ns)   --->   "%x_addr_121 = getelementptr i8 %x, i64 0, i64 121"   --->   Operation 429 'getelementptr' 'x_addr_121' <Predicate = true> <Delay = 0.00>
ST_61 : Operation 430 [2/2] (1.23ns)   --->   "%x_load_121 = load i7 %x_addr_121"   --->   Operation 430 'load' 'x_load_121' <Predicate = true> <Delay = 1.23> <CoreInst = "RAM">   --->   Core 83 'RAM' <Latency = 1> <II = 1> <Delay = 1.23> <Storage> <Opcode : 'load' 'store'> <Ports = 2> <Width = 8> <Depth = 128> <RAM>

State 62 <SV = 61> <Delay = 1.23>
ST_62 : Operation 431 [1/2] (1.23ns)   --->   "%x_load_120 = load i7 %x_addr_120"   --->   Operation 431 'load' 'x_load_120' <Predicate = true> <Delay = 1.23> <CoreInst = "RAM">   --->   Core 83 'RAM' <Latency = 1> <II = 1> <Delay = 1.23> <Storage> <Opcode : 'load' 'store'> <Ports = 2> <Width = 8> <Depth = 128> <RAM>
ST_62 : Operation 432 [1/2] (1.23ns)   --->   "%x_load_121 = load i7 %x_addr_121"   --->   Operation 432 'load' 'x_load_121' <Predicate = true> <Delay = 1.23> <CoreInst = "RAM">   --->   Core 83 'RAM' <Latency = 1> <II = 1> <Delay = 1.23> <Storage> <Opcode : 'load' 'store'> <Ports = 2> <Width = 8> <Depth = 128> <RAM>
ST_62 : Operation 433 [1/1] (0.00ns)   --->   "%x_addr_122 = getelementptr i8 %x, i64 0, i64 122"   --->   Operation 433 'getelementptr' 'x_addr_122' <Predicate = true> <Delay = 0.00>
ST_62 : Operation 434 [2/2] (1.23ns)   --->   "%x_load_122 = load i7 %x_addr_122"   --->   Operation 434 'load' 'x_load_122' <Predicate = true> <Delay = 1.23> <CoreInst = "RAM">   --->   Core 83 'RAM' <Latency = 1> <II = 1> <Delay = 1.23> <Storage> <Opcode : 'load' 'store'> <Ports = 2> <Width = 8> <Depth = 128> <RAM>
ST_62 : Operation 435 [1/1] (0.00ns)   --->   "%x_addr_123 = getelementptr i8 %x, i64 0, i64 123"   --->   Operation 435 'getelementptr' 'x_addr_123' <Predicate = true> <Delay = 0.00>
ST_62 : Operation 436 [2/2] (1.23ns)   --->   "%x_load_123 = load i7 %x_addr_123"   --->   Operation 436 'load' 'x_load_123' <Predicate = true> <Delay = 1.23> <CoreInst = "RAM">   --->   Core 83 'RAM' <Latency = 1> <II = 1> <Delay = 1.23> <Storage> <Opcode : 'load' 'store'> <Ports = 2> <Width = 8> <Depth = 128> <RAM>

State 63 <SV = 62> <Delay = 1.23>
ST_63 : Operation 437 [1/2] (1.23ns)   --->   "%x_load_122 = load i7 %x_addr_122"   --->   Operation 437 'load' 'x_load_122' <Predicate = true> <Delay = 1.23> <CoreInst = "RAM">   --->   Core 83 'RAM' <Latency = 1> <II = 1> <Delay = 1.23> <Storage> <Opcode : 'load' 'store'> <Ports = 2> <Width = 8> <Depth = 128> <RAM>
ST_63 : Operation 438 [1/2] (1.23ns)   --->   "%x_load_123 = load i7 %x_addr_123"   --->   Operation 438 'load' 'x_load_123' <Predicate = true> <Delay = 1.23> <CoreInst = "RAM">   --->   Core 83 'RAM' <Latency = 1> <II = 1> <Delay = 1.23> <Storage> <Opcode : 'load' 'store'> <Ports = 2> <Width = 8> <Depth = 128> <RAM>
ST_63 : Operation 439 [1/1] (0.00ns)   --->   "%x_addr_124 = getelementptr i8 %x, i64 0, i64 124"   --->   Operation 439 'getelementptr' 'x_addr_124' <Predicate = true> <Delay = 0.00>
ST_63 : Operation 440 [2/2] (1.23ns)   --->   "%x_load_124 = load i7 %x_addr_124"   --->   Operation 440 'load' 'x_load_124' <Predicate = true> <Delay = 1.23> <CoreInst = "RAM">   --->   Core 83 'RAM' <Latency = 1> <II = 1> <Delay = 1.23> <Storage> <Opcode : 'load' 'store'> <Ports = 2> <Width = 8> <Depth = 128> <RAM>
ST_63 : Operation 441 [1/1] (0.00ns)   --->   "%x_addr_125 = getelementptr i8 %x, i64 0, i64 125"   --->   Operation 441 'getelementptr' 'x_addr_125' <Predicate = true> <Delay = 0.00>
ST_63 : Operation 442 [2/2] (1.23ns)   --->   "%x_load_125 = load i7 %x_addr_125"   --->   Operation 442 'load' 'x_load_125' <Predicate = true> <Delay = 1.23> <CoreInst = "RAM">   --->   Core 83 'RAM' <Latency = 1> <II = 1> <Delay = 1.23> <Storage> <Opcode : 'load' 'store'> <Ports = 2> <Width = 8> <Depth = 128> <RAM>

State 64 <SV = 63> <Delay = 1.23>
ST_64 : Operation 443 [1/2] (1.23ns)   --->   "%x_load_124 = load i7 %x_addr_124"   --->   Operation 443 'load' 'x_load_124' <Predicate = true> <Delay = 1.23> <CoreInst = "RAM">   --->   Core 83 'RAM' <Latency = 1> <II = 1> <Delay = 1.23> <Storage> <Opcode : 'load' 'store'> <Ports = 2> <Width = 8> <Depth = 128> <RAM>
ST_64 : Operation 444 [1/2] (1.23ns)   --->   "%x_load_125 = load i7 %x_addr_125"   --->   Operation 444 'load' 'x_load_125' <Predicate = true> <Delay = 1.23> <CoreInst = "RAM">   --->   Core 83 'RAM' <Latency = 1> <II = 1> <Delay = 1.23> <Storage> <Opcode : 'load' 'store'> <Ports = 2> <Width = 8> <Depth = 128> <RAM>
ST_64 : Operation 445 [1/1] (0.00ns)   --->   "%x_addr_126 = getelementptr i8 %x, i64 0, i64 126"   --->   Operation 445 'getelementptr' 'x_addr_126' <Predicate = true> <Delay = 0.00>
ST_64 : Operation 446 [2/2] (1.23ns)   --->   "%x_load_126 = load i7 %x_addr_126"   --->   Operation 446 'load' 'x_load_126' <Predicate = true> <Delay = 1.23> <CoreInst = "RAM">   --->   Core 83 'RAM' <Latency = 1> <II = 1> <Delay = 1.23> <Storage> <Opcode : 'load' 'store'> <Ports = 2> <Width = 8> <Depth = 128> <RAM>
ST_64 : Operation 447 [1/1] (0.00ns)   --->   "%x_addr_127 = getelementptr i8 %x, i64 0, i64 127"   --->   Operation 447 'getelementptr' 'x_addr_127' <Predicate = true> <Delay = 0.00>
ST_64 : Operation 448 [2/2] (1.23ns)   --->   "%x_load_127 = load i7 %x_addr_127"   --->   Operation 448 'load' 'x_load_127' <Predicate = true> <Delay = 1.23> <CoreInst = "RAM">   --->   Core 83 'RAM' <Latency = 1> <II = 1> <Delay = 1.23> <Storage> <Opcode : 'load' 'store'> <Ports = 2> <Width = 8> <Depth = 128> <RAM>

State 65 <SV = 64> <Delay = 1.23>
ST_65 : Operation 449 [1/2] (1.23ns)   --->   "%x_load_126 = load i7 %x_addr_126"   --->   Operation 449 'load' 'x_load_126' <Predicate = true> <Delay = 1.23> <CoreInst = "RAM">   --->   Core 83 'RAM' <Latency = 1> <II = 1> <Delay = 1.23> <Storage> <Opcode : 'load' 'store'> <Ports = 2> <Width = 8> <Depth = 128> <RAM>
ST_65 : Operation 450 [1/2] (1.23ns)   --->   "%x_load_127 = load i7 %x_addr_127"   --->   Operation 450 'load' 'x_load_127' <Predicate = true> <Delay = 1.23> <CoreInst = "RAM">   --->   Core 83 'RAM' <Latency = 1> <II = 1> <Delay = 1.23> <Storage> <Opcode : 'load' 'store'> <Ports = 2> <Width = 8> <Depth = 128> <RAM>
ST_65 : Operation 451 [2/2] (0.00ns)   --->   "%call_ln182 = call void @linear_acc<320, 128>_Pipeline_VITIS_LOOP_186_1, i8 %x_load_72, i8 %x_load_66, i8 %x_load_126, i8 %x_load_7, i8 %x_load_125, i8 %x_load_59, i8 %x_load_39, i8 %x_load_124, i8 %x_load_81, i8 %x_load_45, i8 %x_load_101, i8 %x_load_123, i8 %x_load_67, i8 %x_load_36, i8 %x_load_111, i8 %x_load_25, i8 %x_load_122, i8 %x_load_89, i8 %x_load_58, i8 %x_load_76, i8 %x_load_8, i8 %x_load_105, i8 %x_load_121, i8 %x_load_12, i8 %x_load_18, i8 %x_load_6, i8 %x_load_94, i8 %x_load_51, i8 %x_load_97, i8 %x_load_120, i8 %x_load_68, i8 %x_load_57, i8 %x_load_79, i8 %x_load_73, i8 %x_load_110, i8 %x_load, i8 %x_load_9, i8 %x_load_119, i8 %x_load_24, i8 %x_load_11, i8 %x_load_5, i8 %x_load_91, i8 %x_load_37, i8 %x_load_56, i8 %x_load_47, i8 %x_load_100, i8 %x_load_118, i8 %x_load_21, i8 %x_load_69, i8 %x_load_104, i8 %x_load_31, i8 %x_load_42, i8 %x_load_32, i8 %x_load_30, i8 %x_load_109, i8 %x_load_50, i8 %x_load_117, i8 %x_load_55, i8 %x_load_40, i8 %x_load_84, i8 %x_load_44, i8 %x_load_86, i8 %x_load_77, i8 %x_load_1, i8 %x_load_33, i8 %x_load_82, i8 %x_load_48, i8 %x_load_74, i8 %x_load_116, i8 %x_load_96, i8 %x_load_29, i8 %x_load_19, i8 %x_load_93, i8 %x_load_88, i8 %x_load_70, i8 %x_load_3, i8 %x_load_108, i8 %x_load_28, i8 %x_load_103, i8 %x_load_54, i8 %x_load_115, i8 %x_load_34, i8 %x_load_99, i8 %x_load_4, i8 %x_load_38, i8 %x_load_80, i8 %x_load_46, i8 %x_load_23, i8 %x_load_49, i8 %x_load_10, i8 %x_load_27, i8 %x_load_90, i8 %x_load_15, i8 %x_load_114, i8 %x_load_53, i8 %x_load_16, i8 %x_load_71, i8 %x_load_35, i8 %x_load_107, i8 %x_load_87, i8 %x_load_14, i8 %x_load_2, i8 %x_load_26, i8 %x_load_75, i8 %x_load_41, i8 %x_load_43, i8 %x_load_78, i8 %x_load_102, i8 %x_load_113, i8 %x_load_17, i8 %x_load_95, i8 %x_load_63, i8 %x_load_64, i8 %x_load_62, i8 %x_load_20, i8 %x_load_65, i8 %x_load_22, i8 %x_load_98, i8 %x_load_61, i8 %x_load_92, i8 %x_load_13, i8 %x_load_52, i8 %x_load_106, i8 %x_load_85, i8 %x_load_112, i8 %x_load_127, i8 %x_load_60, i8 %x_load_83, i22 %out_r, i5 %bfc0, i8 %p_ZL4Wfc0_0, i7 %p_ZL4Wfc0_1, i8 %p_ZL4Wfc0_2, i7 %p_ZL4Wfc0_3, i8 %p_ZL4Wfc0_4, i8 %p_ZL4Wfc0_5, i8 %p_ZL4Wfc0_6, i7 %p_ZL4Wfc0_7, i7 %p_ZL4Wfc0_8, i8 %p_ZL4Wfc0_9, i8 %p_ZL4Wfc0_10, i7 %p_ZL4Wfc0_11, i7 %p_ZL4Wfc0_12, i7 %p_ZL4Wfc0_13, i8 %p_ZL4Wfc0_14, i7 %p_ZL4Wfc0_15, i8 %p_ZL4Wfc0_16, i7 %p_ZL4Wfc0_17, i8 %p_ZL4Wfc0_18, i7 %p_ZL4Wfc0_19, i7 %p_ZL4Wfc0_20, i7 %p_ZL4Wfc0_21, i8 %p_ZL4Wfc0_22, i8 %p_ZL4Wfc0_23, i7 %p_ZL4Wfc0_24, i8 %p_ZL4Wfc0_25, i8 %p_ZL4Wfc0_26, i8 %p_ZL4Wfc0_27, i7 %p_ZL4Wfc0_28, i7 %p_ZL4Wfc0_29, i7 %p_ZL4Wfc0_30, i7 %p_ZL4Wfc0_31, i7 %p_ZL4Wfc0_32, i7 %p_ZL4Wfc0_33, i7 %p_ZL4Wfc0_34, i7 %p_ZL4Wfc0_35, i8 %p_ZL4Wfc0_36, i8 %p_ZL4Wfc0_37, i8 %p_ZL4Wfc0_38, i7 %p_ZL4Wfc0_39, i7 %p_ZL4Wfc0_40, i7 %p_ZL4Wfc0_41, i7 %p_ZL4Wfc0_42, i7 %p_ZL4Wfc0_43, i7 %p_ZL4Wfc0_44, i7 %p_ZL4Wfc0_45, i8 %p_ZL4Wfc0_46, i7 %p_ZL4Wfc0_47, i8 %p_ZL4Wfc0_48, i8 %p_ZL4Wfc0_49, i8 %p_ZL4Wfc0_50, i8 %p_ZL4Wfc0_51, i8 %p_ZL4Wfc0_52, i8 %p_ZL4Wfc0_53, i8 %p_ZL4Wfc0_54, i7 %p_ZL4Wfc0_55, i7 %p_ZL4Wfc0_56, i8 %p_ZL4Wfc0_57, i7 %p_ZL4Wfc0_58, i8 %p_ZL4Wfc0_59, i8 %p_ZL4Wfc0_60, i7 %p_ZL4Wfc0_61, i7 %p_ZL4Wfc0_62, i7 %p_ZL4Wfc0_63, i7 %p_ZL4Wfc0_64, i8 %p_ZL4Wfc0_65, i8 %p_ZL4Wfc0_66, i7 %p_ZL4Wfc0_67, i8 %p_ZL4Wfc0_68, i7 %p_ZL4Wfc0_69, i7 %p_ZL4Wfc0_70, i8 %p_ZL4Wfc0_71, i8 %p_ZL4Wfc0_72, i8 %p_ZL4Wfc0_73, i7 %p_ZL4Wfc0_74, i8 %p_ZL4Wfc0_75, i7 %p_ZL4Wfc0_76, i8 %p_ZL4Wfc0_77, i8 %p_ZL4Wfc0_78, i7 %p_ZL4Wfc0_79, i7 %p_ZL4Wfc0_80, i7 %p_ZL4Wfc0_81, i7 %p_ZL4Wfc0_82, i8 %p_ZL4Wfc0_83, i8 %p_ZL4Wfc0_84, i7 %p_ZL4Wfc0_85, i8 %p_ZL4Wfc0_86, i8 %p_ZL4Wfc0_87, i7 %p_ZL4Wfc0_88, i8 %p_ZL4Wfc0_89, i8 %p_ZL4Wfc0_90, i7 %p_ZL4Wfc0_91, i7 %p_ZL4Wfc0_92, i8 %p_ZL4Wfc0_93, i8 %p_ZL4Wfc0_94, i8 %p_ZL4Wfc0_95, i8 %p_ZL4Wfc0_96, i8 %p_ZL4Wfc0_97, i7 %p_ZL4Wfc0_98, i7 %p_ZL4Wfc0_99, i7 %p_ZL4Wfc0_100, i8 %p_ZL4Wfc0_101, i7 %p_ZL4Wfc0_102, i8 %p_ZL4Wfc0_103, i8 %p_ZL4Wfc0_104, i7 %p_ZL4Wfc0_105, i8 %p_ZL4Wfc0_106, i7 %p_ZL4Wfc0_107, i7 %p_ZL4Wfc0_108, i8 %p_ZL4Wfc0_109, i7 %p_ZL4Wfc0_110, i8 %p_ZL4Wfc0_111, i8 %p_ZL4Wfc0_112, i8 %p_ZL4Wfc0_113, i8 %p_ZL4Wfc0_114, i8 %p_ZL4Wfc0_115, i8 %p_ZL4Wfc0_116, i7 %p_ZL4Wfc0_117, i7 %p_ZL4Wfc0_118, i7 %p_ZL4Wfc0_119, i8 %p_ZL4Wfc0_120, i7 %p_ZL4Wfc0_121, i7 %p_ZL4Wfc0_122, i7 %p_ZL4Wfc0_123, i7 %p_ZL4Wfc0_124, i8 %p_ZL4Wfc0_125, i7 %p_ZL4Wfc0_126, i8 %p_ZL4Wfc0_127" [awn_int8.cpp:182]   --->   Operation 451 'call' 'call_ln182' <Predicate = true> <Delay = 0.00> <CoreType = "Generic">   --->   Core 0 '' <Latency = 0> <II = 1> <Delay = 1.00> <Generic> <Opcode : >

State 66 <SV = 65> <Delay = 0.00>
ST_66 : Operation 452 [1/2] (0.00ns)   --->   "%call_ln182 = call void @linear_acc<320, 128>_Pipeline_VITIS_LOOP_186_1, i8 %x_load_72, i8 %x_load_66, i8 %x_load_126, i8 %x_load_7, i8 %x_load_125, i8 %x_load_59, i8 %x_load_39, i8 %x_load_124, i8 %x_load_81, i8 %x_load_45, i8 %x_load_101, i8 %x_load_123, i8 %x_load_67, i8 %x_load_36, i8 %x_load_111, i8 %x_load_25, i8 %x_load_122, i8 %x_load_89, i8 %x_load_58, i8 %x_load_76, i8 %x_load_8, i8 %x_load_105, i8 %x_load_121, i8 %x_load_12, i8 %x_load_18, i8 %x_load_6, i8 %x_load_94, i8 %x_load_51, i8 %x_load_97, i8 %x_load_120, i8 %x_load_68, i8 %x_load_57, i8 %x_load_79, i8 %x_load_73, i8 %x_load_110, i8 %x_load, i8 %x_load_9, i8 %x_load_119, i8 %x_load_24, i8 %x_load_11, i8 %x_load_5, i8 %x_load_91, i8 %x_load_37, i8 %x_load_56, i8 %x_load_47, i8 %x_load_100, i8 %x_load_118, i8 %x_load_21, i8 %x_load_69, i8 %x_load_104, i8 %x_load_31, i8 %x_load_42, i8 %x_load_32, i8 %x_load_30, i8 %x_load_109, i8 %x_load_50, i8 %x_load_117, i8 %x_load_55, i8 %x_load_40, i8 %x_load_84, i8 %x_load_44, i8 %x_load_86, i8 %x_load_77, i8 %x_load_1, i8 %x_load_33, i8 %x_load_82, i8 %x_load_48, i8 %x_load_74, i8 %x_load_116, i8 %x_load_96, i8 %x_load_29, i8 %x_load_19, i8 %x_load_93, i8 %x_load_88, i8 %x_load_70, i8 %x_load_3, i8 %x_load_108, i8 %x_load_28, i8 %x_load_103, i8 %x_load_54, i8 %x_load_115, i8 %x_load_34, i8 %x_load_99, i8 %x_load_4, i8 %x_load_38, i8 %x_load_80, i8 %x_load_46, i8 %x_load_23, i8 %x_load_49, i8 %x_load_10, i8 %x_load_27, i8 %x_load_90, i8 %x_load_15, i8 %x_load_114, i8 %x_load_53, i8 %x_load_16, i8 %x_load_71, i8 %x_load_35, i8 %x_load_107, i8 %x_load_87, i8 %x_load_14, i8 %x_load_2, i8 %x_load_26, i8 %x_load_75, i8 %x_load_41, i8 %x_load_43, i8 %x_load_78, i8 %x_load_102, i8 %x_load_113, i8 %x_load_17, i8 %x_load_95, i8 %x_load_63, i8 %x_load_64, i8 %x_load_62, i8 %x_load_20, i8 %x_load_65, i8 %x_load_22, i8 %x_load_98, i8 %x_load_61, i8 %x_load_92, i8 %x_load_13, i8 %x_load_52, i8 %x_load_106, i8 %x_load_85, i8 %x_load_112, i8 %x_load_127, i8 %x_load_60, i8 %x_load_83, i22 %out_r, i5 %bfc0, i8 %p_ZL4Wfc0_0, i7 %p_ZL4Wfc0_1, i8 %p_ZL4Wfc0_2, i7 %p_ZL4Wfc0_3, i8 %p_ZL4Wfc0_4, i8 %p_ZL4Wfc0_5, i8 %p_ZL4Wfc0_6, i7 %p_ZL4Wfc0_7, i7 %p_ZL4Wfc0_8, i8 %p_ZL4Wfc0_9, i8 %p_ZL4Wfc0_10, i7 %p_ZL4Wfc0_11, i7 %p_ZL4Wfc0_12, i7 %p_ZL4Wfc0_13, i8 %p_ZL4Wfc0_14, i7 %p_ZL4Wfc0_15, i8 %p_ZL4Wfc0_16, i7 %p_ZL4Wfc0_17, i8 %p_ZL4Wfc0_18, i7 %p_ZL4Wfc0_19, i7 %p_ZL4Wfc0_20, i7 %p_ZL4Wfc0_21, i8 %p_ZL4Wfc0_22, i8 %p_ZL4Wfc0_23, i7 %p_ZL4Wfc0_24, i8 %p_ZL4Wfc0_25, i8 %p_ZL4Wfc0_26, i8 %p_ZL4Wfc0_27, i7 %p_ZL4Wfc0_28, i7 %p_ZL4Wfc0_29, i7 %p_ZL4Wfc0_30, i7 %p_ZL4Wfc0_31, i7 %p_ZL4Wfc0_32, i7 %p_ZL4Wfc0_33, i7 %p_ZL4Wfc0_34, i7 %p_ZL4Wfc0_35, i8 %p_ZL4Wfc0_36, i8 %p_ZL4Wfc0_37, i8 %p_ZL4Wfc0_38, i7 %p_ZL4Wfc0_39, i7 %p_ZL4Wfc0_40, i7 %p_ZL4Wfc0_41, i7 %p_ZL4Wfc0_42, i7 %p_ZL4Wfc0_43, i7 %p_ZL4Wfc0_44, i7 %p_ZL4Wfc0_45, i8 %p_ZL4Wfc0_46, i7 %p_ZL4Wfc0_47, i8 %p_ZL4Wfc0_48, i8 %p_ZL4Wfc0_49, i8 %p_ZL4Wfc0_50, i8 %p_ZL4Wfc0_51, i8 %p_ZL4Wfc0_52, i8 %p_ZL4Wfc0_53, i8 %p_ZL4Wfc0_54, i7 %p_ZL4Wfc0_55, i7 %p_ZL4Wfc0_56, i8 %p_ZL4Wfc0_57, i7 %p_ZL4Wfc0_58, i8 %p_ZL4Wfc0_59, i8 %p_ZL4Wfc0_60, i7 %p_ZL4Wfc0_61, i7 %p_ZL4Wfc0_62, i7 %p_ZL4Wfc0_63, i7 %p_ZL4Wfc0_64, i8 %p_ZL4Wfc0_65, i8 %p_ZL4Wfc0_66, i7 %p_ZL4Wfc0_67, i8 %p_ZL4Wfc0_68, i7 %p_ZL4Wfc0_69, i7 %p_ZL4Wfc0_70, i8 %p_ZL4Wfc0_71, i8 %p_ZL4Wfc0_72, i8 %p_ZL4Wfc0_73, i7 %p_ZL4Wfc0_74, i8 %p_ZL4Wfc0_75, i7 %p_ZL4Wfc0_76, i8 %p_ZL4Wfc0_77, i8 %p_ZL4Wfc0_78, i7 %p_ZL4Wfc0_79, i7 %p_ZL4Wfc0_80, i7 %p_ZL4Wfc0_81, i7 %p_ZL4Wfc0_82, i8 %p_ZL4Wfc0_83, i8 %p_ZL4Wfc0_84, i7 %p_ZL4Wfc0_85, i8 %p_ZL4Wfc0_86, i8 %p_ZL4Wfc0_87, i7 %p_ZL4Wfc0_88, i8 %p_ZL4Wfc0_89, i8 %p_ZL4Wfc0_90, i7 %p_ZL4Wfc0_91, i7 %p_ZL4Wfc0_92, i8 %p_ZL4Wfc0_93, i8 %p_ZL4Wfc0_94, i8 %p_ZL4Wfc0_95, i8 %p_ZL4Wfc0_96, i8 %p_ZL4Wfc0_97, i7 %p_ZL4Wfc0_98, i7 %p_ZL4Wfc0_99, i7 %p_ZL4Wfc0_100, i8 %p_ZL4Wfc0_101, i7 %p_ZL4Wfc0_102, i8 %p_ZL4Wfc0_103, i8 %p_ZL4Wfc0_104, i7 %p_ZL4Wfc0_105, i8 %p_ZL4Wfc0_106, i7 %p_ZL4Wfc0_107, i7 %p_ZL4Wfc0_108, i8 %p_ZL4Wfc0_109, i7 %p_ZL4Wfc0_110, i8 %p_ZL4Wfc0_111, i8 %p_ZL4Wfc0_112, i8 %p_ZL4Wfc0_113, i8 %p_ZL4Wfc0_114, i8 %p_ZL4Wfc0_115, i8 %p_ZL4Wfc0_116, i7 %p_ZL4Wfc0_117, i7 %p_ZL4Wfc0_118, i7 %p_ZL4Wfc0_119, i8 %p_ZL4Wfc0_120, i7 %p_ZL4Wfc0_121, i7 %p_ZL4Wfc0_122, i7 %p_ZL4Wfc0_123, i7 %p_ZL4Wfc0_124, i8 %p_ZL4Wfc0_125, i7 %p_ZL4Wfc0_126, i8 %p_ZL4Wfc0_127" [awn_int8.cpp:182]   --->   Operation 452 'call' 'call_ln182' <Predicate = true> <Delay = 0.00> <CoreType = "Generic">   --->   Core 0 '' <Latency = 0> <II = 1> <Delay = 1.00> <Generic> <Opcode : >
ST_66 : Operation 453 [1/1] (0.00ns)   --->   "%ret_ln194 = ret" [awn_int8.cpp:194]   --->   Operation 453 'ret' 'ret_ln194' <Predicate = true> <Delay = 0.00>


============================================================
+ Verbose Summary: Timing violations
============================================================
Target clock period: 5.000ns, clock uncertainty: 1.350ns.

 <State 1>: 1.237ns
The critical path consists of the following:
	'getelementptr' operation 7 bit ('x_addr', awn_int8.cpp:182) [132]  (0.000 ns)
	'load' operation 8 bit ('x_load', awn_int8.cpp:182) on array 'x' [133]  (1.237 ns)

 <State 2>: 1.237ns
The critical path consists of the following:
	'load' operation 8 bit ('x_load', awn_int8.cpp:182) on array 'x' [133]  (1.237 ns)

 <State 3>: 1.237ns
The critical path consists of the following:
	'load' operation 8 bit ('x_load_2') on array 'x' [137]  (1.237 ns)

 <State 4>: 1.237ns
The critical path consists of the following:
	'load' operation 8 bit ('x_load_4') on array 'x' [141]  (1.237 ns)

 <State 5>: 1.237ns
The critical path consists of the following:
	'load' operation 8 bit ('x_load_6') on array 'x' [145]  (1.237 ns)

 <State 6>: 1.237ns
The critical path consists of the following:
	'load' operation 8 bit ('x_load_8') on array 'x' [149]  (1.237 ns)

 <State 7>: 1.237ns
The critical path consists of the following:
	'load' operation 8 bit ('x_load_10') on array 'x' [153]  (1.237 ns)

 <State 8>: 1.237ns
The critical path consists of the following:
	'load' operation 8 bit ('x_load_12') on array 'x' [157]  (1.237 ns)

 <State 9>: 1.237ns
The critical path consists of the following:
	'load' operation 8 bit ('x_load_14') on array 'x' [161]  (1.237 ns)

 <State 10>: 1.237ns
The critical path consists of the following:
	'load' operation 8 bit ('x_load_16') on array 'x' [165]  (1.237 ns)

 <State 11>: 1.237ns
The critical path consists of the following:
	'load' operation 8 bit ('x_load_18') on array 'x' [169]  (1.237 ns)

 <State 12>: 1.237ns
The critical path consists of the following:
	'load' operation 8 bit ('x_load_20') on array 'x' [173]  (1.237 ns)

 <State 13>: 1.237ns
The critical path consists of the following:
	'load' operation 8 bit ('x_load_22') on array 'x' [177]  (1.237 ns)

 <State 14>: 1.237ns
The critical path consists of the following:
	'load' operation 8 bit ('x_load_24') on array 'x' [181]  (1.237 ns)

 <State 15>: 1.237ns
The critical path consists of the following:
	'load' operation 8 bit ('x_load_26') on array 'x' [185]  (1.237 ns)

 <State 16>: 1.237ns
The critical path consists of the following:
	'load' operation 8 bit ('x_load_28') on array 'x' [189]  (1.237 ns)

 <State 17>: 1.237ns
The critical path consists of the following:
	'load' operation 8 bit ('x_load_30') on array 'x' [193]  (1.237 ns)

 <State 18>: 1.237ns
The critical path consists of the following:
	'load' operation 8 bit ('x_load_32') on array 'x' [197]  (1.237 ns)

 <State 19>: 1.237ns
The critical path consists of the following:
	'load' operation 8 bit ('x_load_34') on array 'x' [201]  (1.237 ns)

 <State 20>: 1.237ns
The critical path consists of the following:
	'load' operation 8 bit ('x_load_36') on array 'x' [205]  (1.237 ns)

 <State 21>: 1.237ns
The critical path consists of the following:
	'load' operation 8 bit ('x_load_38') on array 'x' [209]  (1.237 ns)

 <State 22>: 1.237ns
The critical path consists of the following:
	'load' operation 8 bit ('x_load_40') on array 'x' [213]  (1.237 ns)

 <State 23>: 1.237ns
The critical path consists of the following:
	'load' operation 8 bit ('x_load_42') on array 'x' [217]  (1.237 ns)

 <State 24>: 1.237ns
The critical path consists of the following:
	'load' operation 8 bit ('x_load_44') on array 'x' [221]  (1.237 ns)

 <State 25>: 1.237ns
The critical path consists of the following:
	'load' operation 8 bit ('x_load_46') on array 'x' [225]  (1.237 ns)

 <State 26>: 1.237ns
The critical path consists of the following:
	'load' operation 8 bit ('x_load_48') on array 'x' [229]  (1.237 ns)

 <State 27>: 1.237ns
The critical path consists of the following:
	'load' operation 8 bit ('x_load_50') on array 'x' [233]  (1.237 ns)

 <State 28>: 1.237ns
The critical path consists of the following:
	'load' operation 8 bit ('x_load_52') on array 'x' [237]  (1.237 ns)

 <State 29>: 1.237ns
The critical path consists of the following:
	'load' operation 8 bit ('x_load_54') on array 'x' [241]  (1.237 ns)

 <State 30>: 1.237ns
The critical path consists of the following:
	'load' operation 8 bit ('x_load_56') on array 'x' [245]  (1.237 ns)

 <State 31>: 1.237ns
The critical path consists of the following:
	'load' operation 8 bit ('x_load_58') on array 'x' [249]  (1.237 ns)

 <State 32>: 1.237ns
The critical path consists of the following:
	'load' operation 8 bit ('x_load_60') on array 'x' [253]  (1.237 ns)

 <State 33>: 1.237ns
The critical path consists of the following:
	'load' operation 8 bit ('x_load_62') on array 'x' [257]  (1.237 ns)

 <State 34>: 1.237ns
The critical path consists of the following:
	'load' operation 8 bit ('x_load_64') on array 'x' [261]  (1.237 ns)

 <State 35>: 1.237ns
The critical path consists of the following:
	'load' operation 8 bit ('x_load_66') on array 'x' [265]  (1.237 ns)

 <State 36>: 1.237ns
The critical path consists of the following:
	'load' operation 8 bit ('x_load_68') on array 'x' [269]  (1.237 ns)

 <State 37>: 1.237ns
The critical path consists of the following:
	'load' operation 8 bit ('x_load_70') on array 'x' [273]  (1.237 ns)

 <State 38>: 1.237ns
The critical path consists of the following:
	'load' operation 8 bit ('x_load_72') on array 'x' [277]  (1.237 ns)

 <State 39>: 1.237ns
The critical path consists of the following:
	'load' operation 8 bit ('x_load_74') on array 'x' [281]  (1.237 ns)

 <State 40>: 1.237ns
The critical path consists of the following:
	'load' operation 8 bit ('x_load_76') on array 'x' [285]  (1.237 ns)

 <State 41>: 1.237ns
The critical path consists of the following:
	'load' operation 8 bit ('x_load_78') on array 'x' [289]  (1.237 ns)

 <State 42>: 1.237ns
The critical path consists of the following:
	'load' operation 8 bit ('x_load_80') on array 'x' [293]  (1.237 ns)

 <State 43>: 1.237ns
The critical path consists of the following:
	'load' operation 8 bit ('x_load_82') on array 'x' [297]  (1.237 ns)

 <State 44>: 1.237ns
The critical path consists of the following:
	'load' operation 8 bit ('x_load_84') on array 'x' [301]  (1.237 ns)

 <State 45>: 1.237ns
The critical path consists of the following:
	'load' operation 8 bit ('x_load_86') on array 'x' [305]  (1.237 ns)

 <State 46>: 1.237ns
The critical path consists of the following:
	'load' operation 8 bit ('x_load_88') on array 'x' [309]  (1.237 ns)

 <State 47>: 1.237ns
The critical path consists of the following:
	'load' operation 8 bit ('x_load_90') on array 'x' [313]  (1.237 ns)

 <State 48>: 1.237ns
The critical path consists of the following:
	'load' operation 8 bit ('x_load_92') on array 'x' [317]  (1.237 ns)

 <State 49>: 1.237ns
The critical path consists of the following:
	'load' operation 8 bit ('x_load_94') on array 'x' [321]  (1.237 ns)

 <State 50>: 1.237ns
The critical path consists of the following:
	'load' operation 8 bit ('x_load_96') on array 'x' [325]  (1.237 ns)

 <State 51>: 1.237ns
The critical path consists of the following:
	'load' operation 8 bit ('x_load_98') on array 'x' [329]  (1.237 ns)

 <State 52>: 1.237ns
The critical path consists of the following:
	'load' operation 8 bit ('x_load_100') on array 'x' [333]  (1.237 ns)

 <State 53>: 1.237ns
The critical path consists of the following:
	'load' operation 8 bit ('x_load_102') on array 'x' [337]  (1.237 ns)

 <State 54>: 1.237ns
The critical path consists of the following:
	'load' operation 8 bit ('x_load_104') on array 'x' [341]  (1.237 ns)

 <State 55>: 1.237ns
The critical path consists of the following:
	'load' operation 8 bit ('x_load_106') on array 'x' [345]  (1.237 ns)

 <State 56>: 1.237ns
The critical path consists of the following:
	'load' operation 8 bit ('x_load_108') on array 'x' [349]  (1.237 ns)

 <State 57>: 1.237ns
The critical path consists of the following:
	'load' operation 8 bit ('x_load_110') on array 'x' [353]  (1.237 ns)

 <State 58>: 1.237ns
The critical path consists of the following:
	'load' operation 8 bit ('x_load_112') on array 'x' [357]  (1.237 ns)

 <State 59>: 1.237ns
The critical path consists of the following:
	'load' operation 8 bit ('x_load_114') on array 'x' [361]  (1.237 ns)

 <State 60>: 1.237ns
The critical path consists of the following:
	'load' operation 8 bit ('x_load_116') on array 'x' [365]  (1.237 ns)

 <State 61>: 1.237ns
The critical path consists of the following:
	'load' operation 8 bit ('x_load_118') on array 'x' [369]  (1.237 ns)

 <State 62>: 1.237ns
The critical path consists of the following:
	'load' operation 8 bit ('x_load_120') on array 'x' [373]  (1.237 ns)

 <State 63>: 1.237ns
The critical path consists of the following:
	'load' operation 8 bit ('x_load_122') on array 'x' [377]  (1.237 ns)

 <State 64>: 1.237ns
The critical path consists of the following:
	'load' operation 8 bit ('x_load_124') on array 'x' [381]  (1.237 ns)

 <State 65>: 1.237ns
The critical path consists of the following:
	'load' operation 8 bit ('x_load_126') on array 'x' [385]  (1.237 ns)

 <State 66>: 0.000ns
The critical path consists of the following:


============================================================
+ Verbose Summary: Binding
============================================================
N/A
* FSMD analyzer results:
  - Output states:
 - Input state : 
  - Chain level:
	State 1
	State 2
	State 3
	State 4
	State 5
	State 6
	State 7
	State 8
	State 9
	State 10
	State 11
	State 12
	State 13
	State 14
	State 15
	State 16
	State 17
	State 18
	State 19
	State 20
	State 21
	State 22
	State 23
	State 24
	State 25
	State 26
	State 27
	State 28
	State 29
	State 30
	State 31
	State 32
	State 33
	State 34
	State 35
	State 36
	State 37
	State 38
	State 39
	State 40
	State 41
	State 42
	State 43
	State 44
	State 45
	State 46
	State 47
	State 48
	State 49
	State 50
	State 51
	State 52
	State 53
	State 54
	State 55
	State 56
	State 57
	State 58
	State 59
	State 60
	State 61
	State 62
	State 63
	State 64
	State 65
	State 66


============================================================
+ Verbose Summary: Datapath Resource usage 
============================================================
N/A
