

================================================================
== Vitis HLS Report for 'linear_acc_128_32_Pipeline_VITIS_LOOP_186_1'
================================================================
* Date:           Sat May 30 20:40:56 2026

* Version:        2023.2 (Build 4023990 on Oct 11 2023)
* Project:        proj_awn_int8
* Solution:       solution1 (Vivado IP Flow Target)
* Product family: zynquplus
* Target device:  xczu7ev-ffvc1156-2-e


================================================================
== Performance Estimates
================================================================
+ Timing: 
    * Summary: 
    +--------+---------+----------+------------+
    |  Clock |  Target | Estimated| Uncertainty|
    +--------+---------+----------+------------+
    |ap_clk  |  5.00 ns|  3.532 ns|     1.35 ns|
    +--------+---------+----------+------------+

+ Latency: 
    * Summary: 
    +---------+---------+----------+----------+-----+-----+---------+
    |  Latency (cycles) |  Latency (absolute) |  Interval | Pipeline|
    |   min   |   max   |    min   |    max   | min | max |   Type  |
    +---------+---------+----------+----------+-----+-----+---------+
    |      134|      134|  0.670 us|  0.670 us|  134|  134|       no|
    +---------+---------+----------+----------+-----+-----+---------+

    + Detail: 
        * Instance: 
        N/A

        * Loop: 
        +--------------------+---------+---------+----------+-----------+-----------+------+----------+
        |                    |  Latency (cycles) | Iteration|  Initiation Interval  | Trip |          |
        |      Loop Name     |   min   |   max   |  Latency |  achieved |   target  | Count| Pipelined|
        +--------------------+---------+---------+----------+-----------+-----------+------+----------+
        |- VITIS_LOOP_186_1  |      132|      132|         6|          1|          1|   128|       yes|
        +--------------------+---------+---------+----------+-----------+-----------+------+----------+

============================================================
+ Verbose Summary: Synthesis Manager
============================================================
InlineROM: 1
ExposeGlobal: 0
============================================================
+ Verbose Summary: CDFG Model
============================================================
IsTopModel: 0
ResetActiveHigh: 1
IsCombinational: 0
IsDatapathOnly: 0
HasWiredReturn: 1
HasMFsm: 2
HasVarLatency: 1
IsPipeline: 0
IsRtlPipelined: 0
IsInstanceOverlapped: 0
IsDontTouch: 0
HasImplIP: 0
IsGatedGlobalClock: 0

+ Individual pipeline summary: 
  * Pipeline-0: initiation interval (II) = 1, depth = 6


============================================================
+ Verbose Summary: Schedule
============================================================
* Number of FSM states : 6
* Pipeline : 1
  Pipeline-0 : II = 1, D = 6, States = { 1 2 3 4 5 6 }
* Dataflow Pipeline: 0

* FSM state transitions: 
1 --> 2 
2 --> 3 
3 --> 4 
4 --> 5 
5 --> 6 
6 --> 

* FSM state operations: 

State 1 <SV = 0> <Delay = 1.66>
ST_1 : Operation 9 [1/1] (0.00ns)   --->   "%m = alloca i32 1" [awn_int8.cpp:186]   --->   Operation 9 'alloca' 'm' <Predicate = true> <Delay = 0.00>
ST_1 : Operation 10 [1/1] (0.00ns)   --->   "%conv12_16_cast_read = read i7 @_ssdm_op_Read.ap_auto.i7, i7 %conv12_16_cast"   --->   Operation 10 'read' 'conv12_16_cast_read' <Predicate = true> <Delay = 0.00>
ST_1 : Operation 11 [1/1] (0.00ns)   --->   "%conv12_20_cast_read = read i7 @_ssdm_op_Read.ap_auto.i7, i7 %conv12_20_cast"   --->   Operation 11 'read' 'conv12_20_cast_read' <Predicate = true> <Delay = 0.00>
ST_1 : Operation 12 [1/1] (0.00ns)   --->   "%conv12_22_cast_read = read i7 @_ssdm_op_Read.ap_auto.i7, i7 %conv12_22_cast"   --->   Operation 12 'read' 'conv12_22_cast_read' <Predicate = true> <Delay = 0.00>
ST_1 : Operation 13 [1/1] (0.00ns)   --->   "%conv12_7_cast_read = read i7 @_ssdm_op_Read.ap_auto.i7, i7 %conv12_7_cast"   --->   Operation 13 'read' 'conv12_7_cast_read' <Predicate = true> <Delay = 0.00>
ST_1 : Operation 14 [1/1] (0.00ns)   --->   "%conv12_25_cast_read = read i7 @_ssdm_op_Read.ap_auto.i7, i7 %conv12_25_cast"   --->   Operation 14 'read' 'conv12_25_cast_read' <Predicate = true> <Delay = 0.00>
ST_1 : Operation 15 [1/1] (0.00ns)   --->   "%conv12_11_cast_read = read i7 @_ssdm_op_Read.ap_auto.i7, i7 %conv12_11_cast"   --->   Operation 15 'read' 'conv12_11_cast_read' <Predicate = true> <Delay = 0.00>
ST_1 : Operation 16 [1/1] (0.00ns)   --->   "%conv12_8_cast_read = read i7 @_ssdm_op_Read.ap_auto.i7, i7 %conv12_8_cast"   --->   Operation 16 'read' 'conv12_8_cast_read' <Predicate = true> <Delay = 0.00>
ST_1 : Operation 17 [1/1] (0.00ns)   --->   "%conv12_2_cast_read = read i7 @_ssdm_op_Read.ap_auto.i7, i7 %conv12_2_cast"   --->   Operation 17 'read' 'conv12_2_cast_read' <Predicate = true> <Delay = 0.00>
ST_1 : Operation 18 [1/1] (0.00ns)   --->   "%conv12_1_cast_read = read i7 @_ssdm_op_Read.ap_auto.i7, i7 %conv12_1_cast"   --->   Operation 18 'read' 'conv12_1_cast_read' <Predicate = true> <Delay = 0.00>
ST_1 : Operation 19 [1/1] (0.00ns)   --->   "%conv12_5_cast_read = read i7 @_ssdm_op_Read.ap_auto.i7, i7 %conv12_5_cast"   --->   Operation 19 'read' 'conv12_5_cast_read' <Predicate = true> <Delay = 0.00>
ST_1 : Operation 20 [1/1] (0.00ns)   --->   "%conv12_12_cast_read = read i7 @_ssdm_op_Read.ap_auto.i7, i7 %conv12_12_cast"   --->   Operation 20 'read' 'conv12_12_cast_read' <Predicate = true> <Delay = 0.00>
ST_1 : Operation 21 [1/1] (0.00ns)   --->   "%conv12_26_cast_read = read i7 @_ssdm_op_Read.ap_auto.i7, i7 %conv12_26_cast"   --->   Operation 21 'read' 'conv12_26_cast_read' <Predicate = true> <Delay = 0.00>
ST_1 : Operation 22 [1/1] (0.00ns)   --->   "%conv12_19_cast_read = read i7 @_ssdm_op_Read.ap_auto.i7, i7 %conv12_19_cast"   --->   Operation 22 'read' 'conv12_19_cast_read' <Predicate = true> <Delay = 0.00>
ST_1 : Operation 23 [1/1] (0.00ns)   --->   "%conv12_3_cast_read = read i7 @_ssdm_op_Read.ap_auto.i7, i7 %conv12_3_cast"   --->   Operation 23 'read' 'conv12_3_cast_read' <Predicate = true> <Delay = 0.00>
ST_1 : Operation 24 [1/1] (0.00ns)   --->   "%conv12_23_cast_read = read i7 @_ssdm_op_Read.ap_auto.i7, i7 %conv12_23_cast"   --->   Operation 24 'read' 'conv12_23_cast_read' <Predicate = true> <Delay = 0.00>
ST_1 : Operation 25 [1/1] (0.00ns)   --->   "%conv12_10_cast_read = read i7 @_ssdm_op_Read.ap_auto.i7, i7 %conv12_10_cast"   --->   Operation 25 'read' 'conv12_10_cast_read' <Predicate = true> <Delay = 0.00>
ST_1 : Operation 26 [1/1] (0.00ns)   --->   "%conv12_4_cast_read = read i7 @_ssdm_op_Read.ap_auto.i7, i7 %conv12_4_cast"   --->   Operation 26 'read' 'conv12_4_cast_read' <Predicate = true> <Delay = 0.00>
ST_1 : Operation 27 [1/1] (0.00ns)   --->   "%conv12_27_cast_read = read i7 @_ssdm_op_Read.ap_auto.i7, i7 %conv12_27_cast"   --->   Operation 27 'read' 'conv12_27_cast_read' <Predicate = true> <Delay = 0.00>
ST_1 : Operation 28 [1/1] (0.00ns)   --->   "%conv12_21_cast_read = read i7 @_ssdm_op_Read.ap_auto.i7, i7 %conv12_21_cast"   --->   Operation 28 'read' 'conv12_21_cast_read' <Predicate = true> <Delay = 0.00>
ST_1 : Operation 29 [1/1] (0.00ns)   --->   "%conv12_13_cast_read = read i7 @_ssdm_op_Read.ap_auto.i7, i7 %conv12_13_cast"   --->   Operation 29 'read' 'conv12_13_cast_read' <Predicate = true> <Delay = 0.00>
ST_1 : Operation 30 [1/1] (0.00ns)   --->   "%conv12_6_cast_read = read i7 @_ssdm_op_Read.ap_auto.i7, i7 %conv12_6_cast"   --->   Operation 30 'read' 'conv12_6_cast_read' <Predicate = true> <Delay = 0.00>
ST_1 : Operation 31 [1/1] (0.00ns)   --->   "%conv12_18_cast_read = read i7 @_ssdm_op_Read.ap_auto.i7, i7 %conv12_18_cast"   --->   Operation 31 'read' 'conv12_18_cast_read' <Predicate = true> <Delay = 0.00>
ST_1 : Operation 32 [1/1] (0.00ns)   --->   "%conv12_28_cast_read = read i7 @_ssdm_op_Read.ap_auto.i7, i7 %conv12_28_cast"   --->   Operation 32 'read' 'conv12_28_cast_read' <Predicate = true> <Delay = 0.00>
ST_1 : Operation 33 [1/1] (0.00ns)   --->   "%conv12_cast_read = read i7 @_ssdm_op_Read.ap_auto.i7, i7 %conv12_cast"   --->   Operation 33 'read' 'conv12_cast_read' <Predicate = true> <Delay = 0.00>
ST_1 : Operation 34 [1/1] (0.00ns)   --->   "%conv12_14_cast_read = read i7 @_ssdm_op_Read.ap_auto.i7, i7 %conv12_14_cast"   --->   Operation 34 'read' 'conv12_14_cast_read' <Predicate = true> <Delay = 0.00>
ST_1 : Operation 35 [1/1] (0.00ns)   --->   "%conv12_24_cast_read = read i7 @_ssdm_op_Read.ap_auto.i7, i7 %conv12_24_cast"   --->   Operation 35 'read' 'conv12_24_cast_read' <Predicate = true> <Delay = 0.00>
ST_1 : Operation 36 [1/1] (0.00ns)   --->   "%conv12_29_cast_read = read i7 @_ssdm_op_Read.ap_auto.i7, i7 %conv12_29_cast"   --->   Operation 36 'read' 'conv12_29_cast_read' <Predicate = true> <Delay = 0.00>
ST_1 : Operation 37 [1/1] (0.00ns)   --->   "%conv12_9_cast_read = read i7 @_ssdm_op_Read.ap_auto.i7, i7 %conv12_9_cast"   --->   Operation 37 'read' 'conv12_9_cast_read' <Predicate = true> <Delay = 0.00>
ST_1 : Operation 38 [1/1] (0.00ns)   --->   "%conv12_17_cast_read = read i7 @_ssdm_op_Read.ap_auto.i7, i7 %conv12_17_cast"   --->   Operation 38 'read' 'conv12_17_cast_read' <Predicate = true> <Delay = 0.00>
ST_1 : Operation 39 [1/1] (0.00ns)   --->   "%conv12_30_cast_read = read i7 @_ssdm_op_Read.ap_auto.i7, i7 %conv12_30_cast"   --->   Operation 39 'read' 'conv12_30_cast_read' <Predicate = true> <Delay = 0.00>
ST_1 : Operation 40 [1/1] (0.00ns)   --->   "%conv12_15_cast_read = read i7 @_ssdm_op_Read.ap_auto.i7, i7 %conv12_15_cast"   --->   Operation 40 'read' 'conv12_15_cast_read' <Predicate = true> <Delay = 0.00>
ST_1 : Operation 41 [1/1] (0.00ns)   --->   "%zext_ln186_read = read i7 @_ssdm_op_Read.ap_auto.i7, i7 %zext_ln186"   --->   Operation 41 'read' 'zext_ln186_read' <Predicate = true> <Delay = 0.00>
ST_1 : Operation 42 [1/1] (0.00ns)   --->   "%conv12_16_cast_cast = zext i7 %conv12_16_cast_read"   --->   Operation 42 'zext' 'conv12_16_cast_cast' <Predicate = true> <Delay = 0.00>
ST_1 : Operation 43 [1/1] (0.00ns)   --->   "%conv12_20_cast_cast = zext i7 %conv12_20_cast_read"   --->   Operation 43 'zext' 'conv12_20_cast_cast' <Predicate = true> <Delay = 0.00>
ST_1 : Operation 44 [1/1] (0.00ns)   --->   "%conv12_22_cast_cast = zext i7 %conv12_22_cast_read"   --->   Operation 44 'zext' 'conv12_22_cast_cast' <Predicate = true> <Delay = 0.00>
ST_1 : Operation 45 [1/1] (0.00ns)   --->   "%conv12_7_cast_cast = zext i7 %conv12_7_cast_read"   --->   Operation 45 'zext' 'conv12_7_cast_cast' <Predicate = true> <Delay = 0.00>
ST_1 : Operation 46 [1/1] (0.00ns)   --->   "%conv12_25_cast_cast = zext i7 %conv12_25_cast_read"   --->   Operation 46 'zext' 'conv12_25_cast_cast' <Predicate = true> <Delay = 0.00>
ST_1 : Operation 47 [1/1] (0.00ns)   --->   "%conv12_11_cast_cast = zext i7 %conv12_11_cast_read"   --->   Operation 47 'zext' 'conv12_11_cast_cast' <Predicate = true> <Delay = 0.00>
ST_1 : Operation 48 [1/1] (0.00ns)   --->   "%conv12_8_cast_cast = zext i7 %conv12_8_cast_read"   --->   Operation 48 'zext' 'conv12_8_cast_cast' <Predicate = true> <Delay = 0.00>
ST_1 : Operation 49 [1/1] (0.00ns)   --->   "%conv12_2_cast_cast = zext i7 %conv12_2_cast_read"   --->   Operation 49 'zext' 'conv12_2_cast_cast' <Predicate = true> <Delay = 0.00>
ST_1 : Operation 50 [1/1] (0.00ns)   --->   "%conv12_1_cast_cast = zext i7 %conv12_1_cast_read"   --->   Operation 50 'zext' 'conv12_1_cast_cast' <Predicate = true> <Delay = 0.00>
ST_1 : Operation 51 [1/1] (0.00ns)   --->   "%conv12_5_cast_cast = zext i7 %conv12_5_cast_read"   --->   Operation 51 'zext' 'conv12_5_cast_cast' <Predicate = true> <Delay = 0.00>
ST_1 : Operation 52 [1/1] (0.00ns)   --->   "%conv12_12_cast_cast = zext i7 %conv12_12_cast_read"   --->   Operation 52 'zext' 'conv12_12_cast_cast' <Predicate = true> <Delay = 0.00>
ST_1 : Operation 53 [1/1] (0.00ns)   --->   "%conv12_26_cast_cast = zext i7 %conv12_26_cast_read"   --->   Operation 53 'zext' 'conv12_26_cast_cast' <Predicate = true> <Delay = 0.00>
ST_1 : Operation 54 [1/1] (0.00ns)   --->   "%conv12_19_cast_cast = zext i7 %conv12_19_cast_read"   --->   Operation 54 'zext' 'conv12_19_cast_cast' <Predicate = true> <Delay = 0.00>
ST_1 : Operation 55 [1/1] (0.00ns)   --->   "%conv12_3_cast_cast = zext i7 %conv12_3_cast_read"   --->   Operation 55 'zext' 'conv12_3_cast_cast' <Predicate = true> <Delay = 0.00>
ST_1 : Operation 56 [1/1] (0.00ns)   --->   "%conv12_23_cast_cast = zext i7 %conv12_23_cast_read"   --->   Operation 56 'zext' 'conv12_23_cast_cast' <Predicate = true> <Delay = 0.00>
ST_1 : Operation 57 [1/1] (0.00ns)   --->   "%conv12_10_cast_cast = zext i7 %conv12_10_cast_read"   --->   Operation 57 'zext' 'conv12_10_cast_cast' <Predicate = true> <Delay = 0.00>
ST_1 : Operation 58 [1/1] (0.00ns)   --->   "%conv12_4_cast_cast = zext i7 %conv12_4_cast_read"   --->   Operation 58 'zext' 'conv12_4_cast_cast' <Predicate = true> <Delay = 0.00>
ST_1 : Operation 59 [1/1] (0.00ns)   --->   "%conv12_27_cast_cast = zext i7 %conv12_27_cast_read"   --->   Operation 59 'zext' 'conv12_27_cast_cast' <Predicate = true> <Delay = 0.00>
ST_1 : Operation 60 [1/1] (0.00ns)   --->   "%conv12_21_cast_cast = zext i7 %conv12_21_cast_read"   --->   Operation 60 'zext' 'conv12_21_cast_cast' <Predicate = true> <Delay = 0.00>
ST_1 : Operation 61 [1/1] (0.00ns)   --->   "%conv12_13_cast_cast = zext i7 %conv12_13_cast_read"   --->   Operation 61 'zext' 'conv12_13_cast_cast' <Predicate = true> <Delay = 0.00>
ST_1 : Operation 62 [1/1] (0.00ns)   --->   "%conv12_6_cast_cast = zext i7 %conv12_6_cast_read"   --->   Operation 62 'zext' 'conv12_6_cast_cast' <Predicate = true> <Delay = 0.00>
ST_1 : Operation 63 [1/1] (0.00ns)   --->   "%conv12_18_cast_cast = zext i7 %conv12_18_cast_read"   --->   Operation 63 'zext' 'conv12_18_cast_cast' <Predicate = true> <Delay = 0.00>
ST_1 : Operation 64 [1/1] (0.00ns)   --->   "%conv12_28_cast_cast = zext i7 %conv12_28_cast_read"   --->   Operation 64 'zext' 'conv12_28_cast_cast' <Predicate = true> <Delay = 0.00>
ST_1 : Operation 65 [1/1] (0.00ns)   --->   "%conv12_cast_cast = zext i7 %conv12_cast_read"   --->   Operation 65 'zext' 'conv12_cast_cast' <Predicate = true> <Delay = 0.00>
ST_1 : Operation 66 [1/1] (0.00ns)   --->   "%conv12_14_cast_cast = zext i7 %conv12_14_cast_read"   --->   Operation 66 'zext' 'conv12_14_cast_cast' <Predicate = true> <Delay = 0.00>
ST_1 : Operation 67 [1/1] (0.00ns)   --->   "%conv12_24_cast_cast = zext i7 %conv12_24_cast_read"   --->   Operation 67 'zext' 'conv12_24_cast_cast' <Predicate = true> <Delay = 0.00>
ST_1 : Operation 68 [1/1] (0.00ns)   --->   "%conv12_29_cast_cast = zext i7 %conv12_29_cast_read"   --->   Operation 68 'zext' 'conv12_29_cast_cast' <Predicate = true> <Delay = 0.00>
ST_1 : Operation 69 [1/1] (0.00ns)   --->   "%conv12_9_cast_cast = zext i7 %conv12_9_cast_read"   --->   Operation 69 'zext' 'conv12_9_cast_cast' <Predicate = true> <Delay = 0.00>
ST_1 : Operation 70 [1/1] (0.00ns)   --->   "%conv12_17_cast_cast = zext i7 %conv12_17_cast_read"   --->   Operation 70 'zext' 'conv12_17_cast_cast' <Predicate = true> <Delay = 0.00>
ST_1 : Operation 71 [1/1] (0.00ns)   --->   "%conv12_30_cast_cast = zext i7 %conv12_30_cast_read"   --->   Operation 71 'zext' 'conv12_30_cast_cast' <Predicate = true> <Delay = 0.00>
ST_1 : Operation 72 [1/1] (0.00ns)   --->   "%conv12_15_cast_cast = zext i7 %conv12_15_cast_read"   --->   Operation 72 'zext' 'conv12_15_cast_cast' <Predicate = true> <Delay = 0.00>
ST_1 : Operation 73 [1/1] (0.00ns)   --->   "%zext_ln186_cast = zext i7 %zext_ln186_read"   --->   Operation 73 'zext' 'zext_ln186_cast' <Predicate = true> <Delay = 0.00>
ST_1 : Operation 74 [1/1] (0.42ns)   --->   "%store_ln186 = store i8 0, i8 %m" [awn_int8.cpp:186]   --->   Operation 74 'store' 'store_ln186' <Predicate = true> <Delay = 0.42>
ST_1 : Operation 75 [1/1] (0.00ns)   --->   "%br_ln0 = br void %VITIS_LOOP_189_2"   --->   Operation 75 'br' 'br_ln0' <Predicate = true> <Delay = 0.00>
ST_1 : Operation 76 [1/1] (0.00ns)   --->   "%m_3 = load i8 %m" [awn_int8.cpp:186]   --->   Operation 76 'load' 'm_3' <Predicate = true> <Delay = 0.00>
ST_1 : Operation 77 [1/1] (0.76ns)   --->   "%icmp_ln186 = icmp_eq  i8 %m_3, i8 128" [awn_int8.cpp:186]   --->   Operation 77 'icmp' 'icmp_ln186' <Predicate = true> <Delay = 0.76> <CoreInst = "Cmp">   --->   Core 9 'Cmp' <Latency = 0> <II = 1> <Delay = 0.76> <FuncUnit> <Opcode : 'icmp'> <InPorts = 2> <OutPorts = 1>
ST_1 : Operation 78 [1/1] (0.76ns)   --->   "%add_ln186 = add i8 %m_3, i8 1" [awn_int8.cpp:186]   --->   Operation 78 'add' 'add_ln186' <Predicate = true> <Delay = 0.76> <CoreInst = "Adder">   --->   Core 1 'Adder' <Latency = 0> <II = 1> <Delay = 0.76> <FuncUnit> <Opcode : 'add' 'sub'> <InPorts = 2> <OutPorts = 1>
ST_1 : Operation 79 [1/1] (0.00ns)   --->   "%br_ln186 = br i1 %icmp_ln186, void %VITIS_LOOP_189_2.split, void %for.end17.exitStub" [awn_int8.cpp:186]   --->   Operation 79 'br' 'br_ln186' <Predicate = true> <Delay = 0.00>
ST_1 : Operation 80 [1/1] (0.00ns)   --->   "%zext_ln186_1 = zext i8 %m_3" [awn_int8.cpp:186]   --->   Operation 80 'zext' 'zext_ln186_1' <Predicate = (!icmp_ln186)> <Delay = 0.00>
ST_1 : Operation 81 [1/1] (0.00ns)   --->   "%p_ZL4Wse3_0_addr = getelementptr i8 %p_ZL4Wse3_0, i64 0, i64 %zext_ln186_1" [awn_int8.cpp:190]   --->   Operation 81 'getelementptr' 'p_ZL4Wse3_0_addr' <Predicate = (!icmp_ln186)> <Delay = 0.00>
ST_1 : Operation 82 [1/1] (0.00ns)   --->   "%p_ZL4Wse3_3_addr = getelementptr i8 %p_ZL4Wse3_3, i64 0, i64 %zext_ln186_1" [awn_int8.cpp:190]   --->   Operation 82 'getelementptr' 'p_ZL4Wse3_3_addr' <Predicate = (!icmp_ln186)> <Delay = 0.00>
ST_1 : Operation 83 [1/1] (0.00ns)   --->   "%p_ZL4Wse3_5_addr = getelementptr i8 %p_ZL4Wse3_5, i64 0, i64 %zext_ln186_1" [awn_int8.cpp:190]   --->   Operation 83 'getelementptr' 'p_ZL4Wse3_5_addr' <Predicate = (!icmp_ln186)> <Delay = 0.00>
ST_1 : Operation 84 [1/1] (0.00ns)   --->   "%p_ZL4Wse3_7_addr = getelementptr i8 %p_ZL4Wse3_7, i64 0, i64 %zext_ln186_1" [awn_int8.cpp:190]   --->   Operation 84 'getelementptr' 'p_ZL4Wse3_7_addr' <Predicate = (!icmp_ln186)> <Delay = 0.00>
ST_1 : Operation 85 [1/1] (0.00ns)   --->   "%p_ZL4Wse3_9_addr = getelementptr i8 %p_ZL4Wse3_9, i64 0, i64 %zext_ln186_1" [awn_int8.cpp:190]   --->   Operation 85 'getelementptr' 'p_ZL4Wse3_9_addr' <Predicate = (!icmp_ln186)> <Delay = 0.00>
ST_1 : Operation 86 [1/1] (0.00ns)   --->   "%p_ZL4Wse3_10_addr = getelementptr i7 %p_ZL4Wse3_10, i64 0, i64 %zext_ln186_1" [awn_int8.cpp:190]   --->   Operation 86 'getelementptr' 'p_ZL4Wse3_10_addr' <Predicate = (!icmp_ln186)> <Delay = 0.00>
ST_1 : Operation 87 [1/1] (0.00ns)   --->   "%p_ZL4Wse3_13_addr = getelementptr i8 %p_ZL4Wse3_13, i64 0, i64 %zext_ln186_1" [awn_int8.cpp:190]   --->   Operation 87 'getelementptr' 'p_ZL4Wse3_13_addr' <Predicate = (!icmp_ln186)> <Delay = 0.00>
ST_1 : Operation 88 [1/1] (0.00ns)   --->   "%p_ZL4Wse3_15_addr = getelementptr i8 %p_ZL4Wse3_15, i64 0, i64 %zext_ln186_1" [awn_int8.cpp:190]   --->   Operation 88 'getelementptr' 'p_ZL4Wse3_15_addr' <Predicate = (!icmp_ln186)> <Delay = 0.00>
ST_1 : Operation 89 [1/1] (0.00ns)   --->   "%p_ZL4Wse3_17_addr = getelementptr i8 %p_ZL4Wse3_17, i64 0, i64 %zext_ln186_1" [awn_int8.cpp:190]   --->   Operation 89 'getelementptr' 'p_ZL4Wse3_17_addr' <Predicate = (!icmp_ln186)> <Delay = 0.00>
ST_1 : Operation 90 [1/1] (0.00ns)   --->   "%p_ZL4Wse3_19_addr = getelementptr i8 %p_ZL4Wse3_19, i64 0, i64 %zext_ln186_1" [awn_int8.cpp:190]   --->   Operation 90 'getelementptr' 'p_ZL4Wse3_19_addr' <Predicate = (!icmp_ln186)> <Delay = 0.00>
ST_1 : Operation 91 [1/1] (0.00ns)   --->   "%p_ZL4Wse3_20_addr = getelementptr i7 %p_ZL4Wse3_20, i64 0, i64 %zext_ln186_1" [awn_int8.cpp:190]   --->   Operation 91 'getelementptr' 'p_ZL4Wse3_20_addr' <Predicate = (!icmp_ln186)> <Delay = 0.00>
ST_1 : Operation 92 [1/1] (0.00ns)   --->   "%p_ZL4Wse3_23_addr = getelementptr i8 %p_ZL4Wse3_23, i64 0, i64 %zext_ln186_1" [awn_int8.cpp:190]   --->   Operation 92 'getelementptr' 'p_ZL4Wse3_23_addr' <Predicate = (!icmp_ln186)> <Delay = 0.00>
ST_1 : Operation 93 [1/1] (0.00ns)   --->   "%p_ZL4Wse3_25_addr = getelementptr i8 %p_ZL4Wse3_25, i64 0, i64 %zext_ln186_1" [awn_int8.cpp:190]   --->   Operation 93 'getelementptr' 'p_ZL4Wse3_25_addr' <Predicate = (!icmp_ln186)> <Delay = 0.00>
ST_1 : Operation 94 [1/1] (0.00ns)   --->   "%p_ZL4Wse3_27_addr = getelementptr i8 %p_ZL4Wse3_27, i64 0, i64 %zext_ln186_1" [awn_int8.cpp:190]   --->   Operation 94 'getelementptr' 'p_ZL4Wse3_27_addr' <Predicate = (!icmp_ln186)> <Delay = 0.00>
ST_1 : Operation 95 [1/1] (0.00ns)   --->   "%p_ZL4Wse3_29_addr = getelementptr i8 %p_ZL4Wse3_29, i64 0, i64 %zext_ln186_1" [awn_int8.cpp:190]   --->   Operation 95 'getelementptr' 'p_ZL4Wse3_29_addr' <Predicate = (!icmp_ln186)> <Delay = 0.00>
ST_1 : Operation 96 [1/1] (0.00ns)   --->   "%p_ZL4Wse3_31_addr = getelementptr i8 %p_ZL4Wse3_31, i64 0, i64 %zext_ln186_1" [awn_int8.cpp:190]   --->   Operation 96 'getelementptr' 'p_ZL4Wse3_31_addr' <Predicate = (!icmp_ln186)> <Delay = 0.00>
ST_1 : Operation 97 [2/2] (1.23ns)   --->   "%p_ZL4Wse3_0_load = load i7 %p_ZL4Wse3_0_addr" [awn_int8.cpp:190]   --->   Operation 97 'load' 'p_ZL4Wse3_0_load' <Predicate = (!icmp_ln186)> <Delay = 1.23> <CoreInst = "ROM">   --->   Core 101 'ROM' <Latency = 1> <II = 1> <Delay = 1.23> <Storage> <Opcode : 'load'> <Ports = 0> <Width = 8> <Depth = 128> <ROM>
ST_1 : Operation 98 [2/2] (1.23ns)   --->   "%p_ZL4Wse3_3_load = load i7 %p_ZL4Wse3_3_addr" [awn_int8.cpp:190]   --->   Operation 98 'load' 'p_ZL4Wse3_3_load' <Predicate = (!icmp_ln186)> <Delay = 1.23> <CoreInst = "ROM">   --->   Core 101 'ROM' <Latency = 1> <II = 1> <Delay = 1.23> <Storage> <Opcode : 'load'> <Ports = 0> <Width = 8> <Depth = 128> <ROM>
ST_1 : Operation 99 [2/2] (1.23ns)   --->   "%p_ZL4Wse3_5_load = load i7 %p_ZL4Wse3_5_addr" [awn_int8.cpp:190]   --->   Operation 99 'load' 'p_ZL4Wse3_5_load' <Predicate = (!icmp_ln186)> <Delay = 1.23> <CoreInst = "ROM">   --->   Core 101 'ROM' <Latency = 1> <II = 1> <Delay = 1.23> <Storage> <Opcode : 'load'> <Ports = 0> <Width = 8> <Depth = 128> <ROM>
ST_1 : Operation 100 [2/2] (1.23ns)   --->   "%p_ZL4Wse3_7_load = load i7 %p_ZL4Wse3_7_addr" [awn_int8.cpp:190]   --->   Operation 100 'load' 'p_ZL4Wse3_7_load' <Predicate = (!icmp_ln186)> <Delay = 1.23> <CoreInst = "ROM">   --->   Core 101 'ROM' <Latency = 1> <II = 1> <Delay = 1.23> <Storage> <Opcode : 'load'> <Ports = 0> <Width = 8> <Depth = 128> <ROM>
ST_1 : Operation 101 [2/2] (1.23ns)   --->   "%p_ZL4Wse3_9_load = load i7 %p_ZL4Wse3_9_addr" [awn_int8.cpp:190]   --->   Operation 101 'load' 'p_ZL4Wse3_9_load' <Predicate = (!icmp_ln186)> <Delay = 1.23> <CoreInst = "ROM">   --->   Core 101 'ROM' <Latency = 1> <II = 1> <Delay = 1.23> <Storage> <Opcode : 'load'> <Ports = 0> <Width = 8> <Depth = 128> <ROM>
ST_1 : Operation 102 [2/2] (0.67ns)   --->   "%p_ZL4Wse3_10_load = load i7 %p_ZL4Wse3_10_addr" [awn_int8.cpp:190]   --->   Operation 102 'load' 'p_ZL4Wse3_10_load' <Predicate = (!icmp_ln186)> <Delay = 0.67> <CoreInst = "ROM">   --->   Core 101 'ROM' <Latency = 1> <II = 1> <Delay = 0.67> <Storage> <Opcode : 'load'> <Ports = 0> <Width = 7> <Depth = 128> <ROM>
ST_1 : Operation 103 [2/2] (1.23ns)   --->   "%p_ZL4Wse3_13_load = load i7 %p_ZL4Wse3_13_addr" [awn_int8.cpp:190]   --->   Operation 103 'load' 'p_ZL4Wse3_13_load' <Predicate = (!icmp_ln186)> <Delay = 1.23> <CoreInst = "ROM">   --->   Core 101 'ROM' <Latency = 1> <II = 1> <Delay = 1.23> <Storage> <Opcode : 'load'> <Ports = 0> <Width = 8> <Depth = 128> <ROM>
ST_1 : Operation 104 [2/2] (1.23ns)   --->   "%p_ZL4Wse3_15_load = load i7 %p_ZL4Wse3_15_addr" [awn_int8.cpp:190]   --->   Operation 104 'load' 'p_ZL4Wse3_15_load' <Predicate = (!icmp_ln186)> <Delay = 1.23> <CoreInst = "ROM">   --->   Core 101 'ROM' <Latency = 1> <II = 1> <Delay = 1.23> <Storage> <Opcode : 'load'> <Ports = 0> <Width = 8> <Depth = 128> <ROM>
ST_1 : Operation 105 [2/2] (1.23ns)   --->   "%p_ZL4Wse3_17_load = load i7 %p_ZL4Wse3_17_addr" [awn_int8.cpp:190]   --->   Operation 105 'load' 'p_ZL4Wse3_17_load' <Predicate = (!icmp_ln186)> <Delay = 1.23> <CoreInst = "ROM">   --->   Core 101 'ROM' <Latency = 1> <II = 1> <Delay = 1.23> <Storage> <Opcode : 'load'> <Ports = 0> <Width = 8> <Depth = 128> <ROM>
ST_1 : Operation 106 [2/2] (1.23ns)   --->   "%p_ZL4Wse3_19_load = load i7 %p_ZL4Wse3_19_addr" [awn_int8.cpp:190]   --->   Operation 106 'load' 'p_ZL4Wse3_19_load' <Predicate = (!icmp_ln186)> <Delay = 1.23> <CoreInst = "ROM">   --->   Core 101 'ROM' <Latency = 1> <II = 1> <Delay = 1.23> <Storage> <Opcode : 'load'> <Ports = 0> <Width = 8> <Depth = 128> <ROM>
ST_1 : Operation 107 [2/2] (0.67ns)   --->   "%p_ZL4Wse3_20_load = load i7 %p_ZL4Wse3_20_addr" [awn_int8.cpp:190]   --->   Operation 107 'load' 'p_ZL4Wse3_20_load' <Predicate = (!icmp_ln186)> <Delay = 0.67> <CoreInst = "ROM">   --->   Core 101 'ROM' <Latency = 1> <II = 1> <Delay = 0.67> <Storage> <Opcode : 'load'> <Ports = 0> <Width = 7> <Depth = 128> <ROM>
ST_1 : Operation 108 [2/2] (1.23ns)   --->   "%p_ZL4Wse3_23_load = load i7 %p_ZL4Wse3_23_addr" [awn_int8.cpp:190]   --->   Operation 108 'load' 'p_ZL4Wse3_23_load' <Predicate = (!icmp_ln186)> <Delay = 1.23> <CoreInst = "ROM">   --->   Core 101 'ROM' <Latency = 1> <II = 1> <Delay = 1.23> <Storage> <Opcode : 'load'> <Ports = 0> <Width = 8> <Depth = 128> <ROM>
ST_1 : Operation 109 [2/2] (1.23ns)   --->   "%p_ZL4Wse3_25_load = load i7 %p_ZL4Wse3_25_addr" [awn_int8.cpp:190]   --->   Operation 109 'load' 'p_ZL4Wse3_25_load' <Predicate = (!icmp_ln186)> <Delay = 1.23> <CoreInst = "ROM">   --->   Core 101 'ROM' <Latency = 1> <II = 1> <Delay = 1.23> <Storage> <Opcode : 'load'> <Ports = 0> <Width = 8> <Depth = 128> <ROM>
ST_1 : Operation 110 [2/2] (1.23ns)   --->   "%p_ZL4Wse3_27_load = load i7 %p_ZL4Wse3_27_addr" [awn_int8.cpp:190]   --->   Operation 110 'load' 'p_ZL4Wse3_27_load' <Predicate = (!icmp_ln186)> <Delay = 1.23> <CoreInst = "ROM">   --->   Core 101 'ROM' <Latency = 1> <II = 1> <Delay = 1.23> <Storage> <Opcode : 'load'> <Ports = 0> <Width = 8> <Depth = 128> <ROM>
ST_1 : Operation 111 [2/2] (1.23ns)   --->   "%p_ZL4Wse3_29_load = load i7 %p_ZL4Wse3_29_addr" [awn_int8.cpp:190]   --->   Operation 111 'load' 'p_ZL4Wse3_29_load' <Predicate = (!icmp_ln186)> <Delay = 1.23> <CoreInst = "ROM">   --->   Core 101 'ROM' <Latency = 1> <II = 1> <Delay = 1.23> <Storage> <Opcode : 'load'> <Ports = 0> <Width = 8> <Depth = 128> <ROM>
ST_1 : Operation 112 [2/2] (1.23ns)   --->   "%p_ZL4Wse3_31_load = load i7 %p_ZL4Wse3_31_addr" [awn_int8.cpp:190]   --->   Operation 112 'load' 'p_ZL4Wse3_31_load' <Predicate = (!icmp_ln186)> <Delay = 1.23> <CoreInst = "ROM">   --->   Core 101 'ROM' <Latency = 1> <II = 1> <Delay = 1.23> <Storage> <Opcode : 'load'> <Ports = 0> <Width = 8> <Depth = 128> <ROM>
ST_1 : Operation 113 [1/1] (0.42ns)   --->   "%store_ln186 = store i8 %add_ln186, i8 %m" [awn_int8.cpp:186]   --->   Operation 113 'store' 'store_ln186' <Predicate = (!icmp_ln186)> <Delay = 0.42>

State 2 <SV = 1> <Delay = 2.23>
ST_2 : Operation 114 [1/2] (1.23ns)   --->   "%p_ZL4Wse3_0_load = load i7 %p_ZL4Wse3_0_addr" [awn_int8.cpp:190]   --->   Operation 114 'load' 'p_ZL4Wse3_0_load' <Predicate = true> <Delay = 1.23> <CoreInst = "ROM">   --->   Core 101 'ROM' <Latency = 1> <II = 1> <Delay = 1.23> <Storage> <Opcode : 'load'> <Ports = 0> <Width = 8> <Depth = 128> <ROM>
ST_2 : Operation 115 [1/1] (0.00ns)   --->   "%sext_ln190 = sext i8 %p_ZL4Wse3_0_load" [awn_int8.cpp:190]   --->   Operation 115 'sext' 'sext_ln190' <Predicate = true> <Delay = 0.00>
ST_2 : Operation 116 [1/2] (1.23ns)   --->   "%p_ZL4Wse3_3_load = load i7 %p_ZL4Wse3_3_addr" [awn_int8.cpp:190]   --->   Operation 116 'load' 'p_ZL4Wse3_3_load' <Predicate = true> <Delay = 1.23> <CoreInst = "ROM">   --->   Core 101 'ROM' <Latency = 1> <II = 1> <Delay = 1.23> <Storage> <Opcode : 'load'> <Ports = 0> <Width = 8> <Depth = 128> <ROM>
ST_2 : Operation 117 [1/1] (0.00ns)   --->   "%sext_ln190_541 = sext i8 %p_ZL4Wse3_3_load" [awn_int8.cpp:190]   --->   Operation 117 'sext' 'sext_ln190_541' <Predicate = true> <Delay = 0.00>
ST_2 : Operation 118 [1/2] (1.23ns)   --->   "%p_ZL4Wse3_5_load = load i7 %p_ZL4Wse3_5_addr" [awn_int8.cpp:190]   --->   Operation 118 'load' 'p_ZL4Wse3_5_load' <Predicate = true> <Delay = 1.23> <CoreInst = "ROM">   --->   Core 101 'ROM' <Latency = 1> <II = 1> <Delay = 1.23> <Storage> <Opcode : 'load'> <Ports = 0> <Width = 8> <Depth = 128> <ROM>
ST_2 : Operation 119 [1/1] (0.00ns)   --->   "%sext_ln190_543 = sext i8 %p_ZL4Wse3_5_load" [awn_int8.cpp:190]   --->   Operation 119 'sext' 'sext_ln190_543' <Predicate = true> <Delay = 0.00>
ST_2 : Operation 120 [1/2] (1.23ns)   --->   "%p_ZL4Wse3_7_load = load i7 %p_ZL4Wse3_7_addr" [awn_int8.cpp:190]   --->   Operation 120 'load' 'p_ZL4Wse3_7_load' <Predicate = true> <Delay = 1.23> <CoreInst = "ROM">   --->   Core 101 'ROM' <Latency = 1> <II = 1> <Delay = 1.23> <Storage> <Opcode : 'load'> <Ports = 0> <Width = 8> <Depth = 128> <ROM>
ST_2 : Operation 121 [1/1] (0.00ns)   --->   "%sext_ln190_545 = sext i8 %p_ZL4Wse3_7_load" [awn_int8.cpp:190]   --->   Operation 121 'sext' 'sext_ln190_545' <Predicate = true> <Delay = 0.00>
ST_2 : Operation 122 [1/2] (1.23ns)   --->   "%p_ZL4Wse3_9_load = load i7 %p_ZL4Wse3_9_addr" [awn_int8.cpp:190]   --->   Operation 122 'load' 'p_ZL4Wse3_9_load' <Predicate = true> <Delay = 1.23> <CoreInst = "ROM">   --->   Core 101 'ROM' <Latency = 1> <II = 1> <Delay = 1.23> <Storage> <Opcode : 'load'> <Ports = 0> <Width = 8> <Depth = 128> <ROM>
ST_2 : Operation 123 [1/1] (0.00ns)   --->   "%sext_ln190_547 = sext i8 %p_ZL4Wse3_9_load" [awn_int8.cpp:190]   --->   Operation 123 'sext' 'sext_ln190_547' <Predicate = true> <Delay = 0.00>
ST_2 : Operation 124 [1/2] (0.67ns)   --->   "%p_ZL4Wse3_10_load = load i7 %p_ZL4Wse3_10_addr" [awn_int8.cpp:190]   --->   Operation 124 'load' 'p_ZL4Wse3_10_load' <Predicate = true> <Delay = 0.67> <CoreInst = "ROM">   --->   Core 101 'ROM' <Latency = 1> <II = 1> <Delay = 0.67> <Storage> <Opcode : 'load'> <Ports = 0> <Width = 7> <Depth = 128> <ROM>
ST_2 : Operation 125 [1/1] (0.00ns)   --->   "%sext_ln190_548 = sext i7 %p_ZL4Wse3_10_load" [awn_int8.cpp:190]   --->   Operation 125 'sext' 'sext_ln190_548' <Predicate = true> <Delay = 0.00>
ST_2 : Operation 126 [1/2] (1.23ns)   --->   "%p_ZL4Wse3_13_load = load i7 %p_ZL4Wse3_13_addr" [awn_int8.cpp:190]   --->   Operation 126 'load' 'p_ZL4Wse3_13_load' <Predicate = true> <Delay = 1.23> <CoreInst = "ROM">   --->   Core 101 'ROM' <Latency = 1> <II = 1> <Delay = 1.23> <Storage> <Opcode : 'load'> <Ports = 0> <Width = 8> <Depth = 128> <ROM>
ST_2 : Operation 127 [1/1] (0.00ns)   --->   "%sext_ln190_551 = sext i8 %p_ZL4Wse3_13_load" [awn_int8.cpp:190]   --->   Operation 127 'sext' 'sext_ln190_551' <Predicate = true> <Delay = 0.00>
ST_2 : Operation 128 [1/2] (1.23ns)   --->   "%p_ZL4Wse3_15_load = load i7 %p_ZL4Wse3_15_addr" [awn_int8.cpp:190]   --->   Operation 128 'load' 'p_ZL4Wse3_15_load' <Predicate = true> <Delay = 1.23> <CoreInst = "ROM">   --->   Core 101 'ROM' <Latency = 1> <II = 1> <Delay = 1.23> <Storage> <Opcode : 'load'> <Ports = 0> <Width = 8> <Depth = 128> <ROM>
ST_2 : Operation 129 [1/1] (0.00ns)   --->   "%sext_ln190_553 = sext i8 %p_ZL4Wse3_15_load" [awn_int8.cpp:190]   --->   Operation 129 'sext' 'sext_ln190_553' <Predicate = true> <Delay = 0.00>
ST_2 : Operation 130 [1/2] (1.23ns)   --->   "%p_ZL4Wse3_17_load = load i7 %p_ZL4Wse3_17_addr" [awn_int8.cpp:190]   --->   Operation 130 'load' 'p_ZL4Wse3_17_load' <Predicate = true> <Delay = 1.23> <CoreInst = "ROM">   --->   Core 101 'ROM' <Latency = 1> <II = 1> <Delay = 1.23> <Storage> <Opcode : 'load'> <Ports = 0> <Width = 8> <Depth = 128> <ROM>
ST_2 : Operation 131 [1/1] (0.00ns)   --->   "%sext_ln190_555 = sext i8 %p_ZL4Wse3_17_load" [awn_int8.cpp:190]   --->   Operation 131 'sext' 'sext_ln190_555' <Predicate = true> <Delay = 0.00>
ST_2 : Operation 132 [1/2] (1.23ns)   --->   "%p_ZL4Wse3_19_load = load i7 %p_ZL4Wse3_19_addr" [awn_int8.cpp:190]   --->   Operation 132 'load' 'p_ZL4Wse3_19_load' <Predicate = true> <Delay = 1.23> <CoreInst = "ROM">   --->   Core 101 'ROM' <Latency = 1> <II = 1> <Delay = 1.23> <Storage> <Opcode : 'load'> <Ports = 0> <Width = 8> <Depth = 128> <ROM>
ST_2 : Operation 133 [1/1] (0.00ns)   --->   "%sext_ln190_557 = sext i8 %p_ZL4Wse3_19_load" [awn_int8.cpp:190]   --->   Operation 133 'sext' 'sext_ln190_557' <Predicate = true> <Delay = 0.00>
ST_2 : Operation 134 [1/2] (0.67ns)   --->   "%p_ZL4Wse3_20_load = load i7 %p_ZL4Wse3_20_addr" [awn_int8.cpp:190]   --->   Operation 134 'load' 'p_ZL4Wse3_20_load' <Predicate = true> <Delay = 0.67> <CoreInst = "ROM">   --->   Core 101 'ROM' <Latency = 1> <II = 1> <Delay = 0.67> <Storage> <Opcode : 'load'> <Ports = 0> <Width = 7> <Depth = 128> <ROM>
ST_2 : Operation 135 [1/1] (0.00ns)   --->   "%sext_ln190_558 = sext i7 %p_ZL4Wse3_20_load" [awn_int8.cpp:190]   --->   Operation 135 'sext' 'sext_ln190_558' <Predicate = true> <Delay = 0.00>
ST_2 : Operation 136 [1/2] (1.23ns)   --->   "%p_ZL4Wse3_23_load = load i7 %p_ZL4Wse3_23_addr" [awn_int8.cpp:190]   --->   Operation 136 'load' 'p_ZL4Wse3_23_load' <Predicate = true> <Delay = 1.23> <CoreInst = "ROM">   --->   Core 101 'ROM' <Latency = 1> <II = 1> <Delay = 1.23> <Storage> <Opcode : 'load'> <Ports = 0> <Width = 8> <Depth = 128> <ROM>
ST_2 : Operation 137 [1/1] (0.00ns)   --->   "%sext_ln190_561 = sext i8 %p_ZL4Wse3_23_load" [awn_int8.cpp:190]   --->   Operation 137 'sext' 'sext_ln190_561' <Predicate = true> <Delay = 0.00>
ST_2 : Operation 138 [1/2] (1.23ns)   --->   "%p_ZL4Wse3_25_load = load i7 %p_ZL4Wse3_25_addr" [awn_int8.cpp:190]   --->   Operation 138 'load' 'p_ZL4Wse3_25_load' <Predicate = true> <Delay = 1.23> <CoreInst = "ROM">   --->   Core 101 'ROM' <Latency = 1> <II = 1> <Delay = 1.23> <Storage> <Opcode : 'load'> <Ports = 0> <Width = 8> <Depth = 128> <ROM>
ST_2 : Operation 139 [1/1] (0.00ns)   --->   "%sext_ln190_563 = sext i8 %p_ZL4Wse3_25_load" [awn_int8.cpp:190]   --->   Operation 139 'sext' 'sext_ln190_563' <Predicate = true> <Delay = 0.00>
ST_2 : Operation 140 [1/2] (1.23ns)   --->   "%p_ZL4Wse3_27_load = load i7 %p_ZL4Wse3_27_addr" [awn_int8.cpp:190]   --->   Operation 140 'load' 'p_ZL4Wse3_27_load' <Predicate = true> <Delay = 1.23> <CoreInst = "ROM">   --->   Core 101 'ROM' <Latency = 1> <II = 1> <Delay = 1.23> <Storage> <Opcode : 'load'> <Ports = 0> <Width = 8> <Depth = 128> <ROM>
ST_2 : Operation 141 [1/1] (0.00ns)   --->   "%sext_ln190_565 = sext i8 %p_ZL4Wse3_27_load" [awn_int8.cpp:190]   --->   Operation 141 'sext' 'sext_ln190_565' <Predicate = true> <Delay = 0.00>
ST_2 : Operation 142 [1/2] (1.23ns)   --->   "%p_ZL4Wse3_29_load = load i7 %p_ZL4Wse3_29_addr" [awn_int8.cpp:190]   --->   Operation 142 'load' 'p_ZL4Wse3_29_load' <Predicate = true> <Delay = 1.23> <CoreInst = "ROM">   --->   Core 101 'ROM' <Latency = 1> <II = 1> <Delay = 1.23> <Storage> <Opcode : 'load'> <Ports = 0> <Width = 8> <Depth = 128> <ROM>
ST_2 : Operation 143 [1/1] (0.00ns)   --->   "%sext_ln190_567 = sext i8 %p_ZL4Wse3_29_load" [awn_int8.cpp:190]   --->   Operation 143 'sext' 'sext_ln190_567' <Predicate = true> <Delay = 0.00>
ST_2 : Operation 144 [1/2] (1.23ns)   --->   "%p_ZL4Wse3_31_load = load i7 %p_ZL4Wse3_31_addr" [awn_int8.cpp:190]   --->   Operation 144 'load' 'p_ZL4Wse3_31_load' <Predicate = true> <Delay = 1.23> <CoreInst = "ROM">   --->   Core 101 'ROM' <Latency = 1> <II = 1> <Delay = 1.23> <Storage> <Opcode : 'load'> <Ports = 0> <Width = 8> <Depth = 128> <ROM>
ST_2 : Operation 145 [1/1] (0.00ns)   --->   "%sext_ln190_569 = sext i8 %p_ZL4Wse3_31_load" [awn_int8.cpp:190]   --->   Operation 145 'sext' 'sext_ln190_569' <Predicate = true> <Delay = 0.00>
ST_2 : Operation 146 [3/3] (0.99ns) (grouped into DSP with root node add_ln190_279)   --->   "%mul_ln190 = mul i15 %sext_ln190_569, i15 %zext_ln186_cast" [awn_int8.cpp:190]   --->   Operation 146 'mul' 'mul_ln190' <Predicate = true> <Delay = 0.99> <CoreInst = "DSP48">   --->   Core 127 'DSP48' <Latency = 3> <II = 1> <Delay = 0.53> <IPBlock> <Opcode : '' 'add' 'sub' 'mul' 'select'> <InPorts = 0> <OutPorts = 1> <Sync> <CReg>
ST_2 : Operation 147 [3/3] (0.99ns) (grouped into DSP with root node add_ln190_264)   --->   "%mul_ln190_255 = mul i15 %sext_ln190_553, i15 %conv12_15_cast_cast" [awn_int8.cpp:190]   --->   Operation 147 'mul' 'mul_ln190_255' <Predicate = true> <Delay = 0.99> <CoreInst = "DSP48">   --->   Core 127 'DSP48' <Latency = 3> <II = 1> <Delay = 0.53> <IPBlock> <Opcode : '' 'add' 'sub' 'mul' 'select'> <InPorts = 0> <OutPorts = 1> <Sync> <CReg>
ST_2 : Operation 148 [3/3] (0.99ns) (grouped into DSP with root node add_ln190_268)   --->   "%mul_ln190_257 = mul i15 %sext_ln190_555, i15 %conv12_17_cast_cast" [awn_int8.cpp:190]   --->   Operation 148 'mul' 'mul_ln190_257' <Predicate = true> <Delay = 0.99> <CoreInst = "DSP48">   --->   Core 127 'DSP48' <Latency = 3> <II = 1> <Delay = 0.53> <IPBlock> <Opcode : '' 'add' 'sub' 'mul' 'select'> <InPorts = 0> <OutPorts = 1> <Sync> <CReg>
ST_2 : Operation 149 [3/3] (0.99ns) (grouped into DSP with root node add_ln190_260)   --->   "%mul_ln190_258 = mul i15 %sext_ln190_547, i15 %conv12_9_cast_cast" [awn_int8.cpp:190]   --->   Operation 149 'mul' 'mul_ln190_258' <Predicate = true> <Delay = 0.99> <CoreInst = "DSP48">   --->   Core 127 'DSP48' <Latency = 3> <II = 1> <Delay = 0.53> <IPBlock> <Opcode : '' 'add' 'sub' 'mul' 'select'> <InPorts = 0> <OutPorts = 1> <Sync> <CReg>
ST_2 : Operation 150 [3/3] (0.99ns) (grouped into DSP with root node add_ln190_278)   --->   "%mul_ln190_259 = mul i15 %sext_ln190_567, i15 %conv12_29_cast_cast" [awn_int8.cpp:190]   --->   Operation 150 'mul' 'mul_ln190_259' <Predicate = true> <Delay = 0.99> <CoreInst = "DSP48">   --->   Core 127 'DSP48' <Latency = 3> <II = 1> <Delay = 0.53> <IPBlock> <Opcode : '' 'add' 'sub' 'mul' 'select'> <InPorts = 0> <OutPorts = 1> <Sync> <CReg>
ST_2 : Operation 151 [3/3] (0.99ns) (grouped into DSP with root node add_ln190)   --->   "%mul_ln190_262 = mul i15 %sext_ln190, i15 %conv12_cast_cast" [awn_int8.cpp:190]   --->   Operation 151 'mul' 'mul_ln190_262' <Predicate = true> <Delay = 0.99> <CoreInst = "DSP48">   --->   Core 127 'DSP48' <Latency = 3> <II = 1> <Delay = 0.53> <IPBlock> <Opcode : '' 'add' 'sub' 'mul' 'select'> <InPorts = 0> <OutPorts = 1> <Sync> <CReg>
ST_2 : Operation 152 [3/3] (0.99ns) (grouped into DSP with root node add_ln190_263)   --->   "%mul_ln190_266 = mul i15 %sext_ln190_551, i15 %conv12_13_cast_cast" [awn_int8.cpp:190]   --->   Operation 152 'mul' 'mul_ln190_266' <Predicate = true> <Delay = 0.99> <CoreInst = "DSP48">   --->   Core 127 'DSP48' <Latency = 3> <II = 1> <Delay = 0.53> <IPBlock> <Opcode : '' 'add' 'sub' 'mul' 'select'> <InPorts = 0> <OutPorts = 1> <Sync> <CReg>
ST_2 : Operation 153 [3/3] (0.99ns) (grouped into DSP with root node add_ln190_276)   --->   "%mul_ln190_268 = mul i15 %sext_ln190_565, i15 %conv12_27_cast_cast" [awn_int8.cpp:190]   --->   Operation 153 'mul' 'mul_ln190_268' <Predicate = true> <Delay = 0.99> <CoreInst = "DSP48">   --->   Core 127 'DSP48' <Latency = 3> <II = 1> <Delay = 0.53> <IPBlock> <Opcode : '' 'add' 'sub' 'mul' 'select'> <InPorts = 0> <OutPorts = 1> <Sync> <CReg>
ST_2 : Operation 154 [3/3] (0.99ns) (grouped into DSP with root node add_ln190_261)   --->   "%mul_ln190_270 = mul i14 %sext_ln190_548, i14 %conv12_10_cast_cast" [awn_int8.cpp:190]   --->   Operation 154 'mul' 'mul_ln190_270' <Predicate = true> <Delay = 0.99> <CoreInst = "DSP48">   --->   Core 127 'DSP48' <Latency = 3> <II = 1> <Delay = 0.53> <IPBlock> <Opcode : '' 'add' 'sub' 'mul' 'select'> <InPorts = 0> <OutPorts = 1> <Sync> <CReg>
ST_2 : Operation 155 [3/3] (0.99ns) (grouped into DSP with root node add_ln190_272)   --->   "%mul_ln190_271 = mul i15 %sext_ln190_561, i15 %conv12_23_cast_cast" [awn_int8.cpp:190]   --->   Operation 155 'mul' 'mul_ln190_271' <Predicate = true> <Delay = 0.99> <CoreInst = "DSP48">   --->   Core 127 'DSP48' <Latency = 3> <II = 1> <Delay = 0.53> <IPBlock> <Opcode : '' 'add' 'sub' 'mul' 'select'> <InPorts = 0> <OutPorts = 1> <Sync> <CReg>
ST_2 : Operation 156 [3/3] (0.99ns) (grouped into DSP with root node add_ln190_254)   --->   "%mul_ln190_272 = mul i15 %sext_ln190_541, i15 %conv12_3_cast_cast" [awn_int8.cpp:190]   --->   Operation 156 'mul' 'mul_ln190_272' <Predicate = true> <Delay = 0.99> <CoreInst = "DSP48">   --->   Core 127 'DSP48' <Latency = 3> <II = 1> <Delay = 0.53> <IPBlock> <Opcode : '' 'add' 'sub' 'mul' 'select'> <InPorts = 0> <OutPorts = 1> <Sync> <CReg>
ST_2 : Operation 157 [3/3] (0.99ns) (grouped into DSP with root node add_ln190_269)   --->   "%mul_ln190_273 = mul i15 %sext_ln190_557, i15 %conv12_19_cast_cast" [awn_int8.cpp:190]   --->   Operation 157 'mul' 'mul_ln190_273' <Predicate = true> <Delay = 0.99> <CoreInst = "DSP48">   --->   Core 127 'DSP48' <Latency = 3> <II = 1> <Delay = 0.53> <IPBlock> <Opcode : '' 'add' 'sub' 'mul' 'select'> <InPorts = 0> <OutPorts = 1> <Sync> <CReg>
ST_2 : Operation 158 [3/3] (0.99ns) (grouped into DSP with root node add_ln190_256)   --->   "%mul_ln190_276 = mul i15 %sext_ln190_543, i15 %conv12_5_cast_cast" [awn_int8.cpp:190]   --->   Operation 158 'mul' 'mul_ln190_276' <Predicate = true> <Delay = 0.99> <CoreInst = "DSP48">   --->   Core 127 'DSP48' <Latency = 3> <II = 1> <Delay = 0.53> <IPBlock> <Opcode : '' 'add' 'sub' 'mul' 'select'> <InPorts = 0> <OutPorts = 1> <Sync> <CReg>
ST_2 : Operation 159 [3/3] (0.99ns) (grouped into DSP with root node add_ln190_275)   --->   "%mul_ln190_281 = mul i15 %sext_ln190_563, i15 %conv12_25_cast_cast" [awn_int8.cpp:190]   --->   Operation 159 'mul' 'mul_ln190_281' <Predicate = true> <Delay = 0.99> <CoreInst = "DSP48">   --->   Core 127 'DSP48' <Latency = 3> <II = 1> <Delay = 0.53> <IPBlock> <Opcode : '' 'add' 'sub' 'mul' 'select'> <InPorts = 0> <OutPorts = 1> <Sync> <CReg>
ST_2 : Operation 160 [3/3] (0.99ns) (grouped into DSP with root node add_ln190_257)   --->   "%mul_ln190_282 = mul i15 %sext_ln190_545, i15 %conv12_7_cast_cast" [awn_int8.cpp:190]   --->   Operation 160 'mul' 'mul_ln190_282' <Predicate = true> <Delay = 0.99> <CoreInst = "DSP48">   --->   Core 127 'DSP48' <Latency = 3> <II = 1> <Delay = 0.53> <IPBlock> <Opcode : '' 'add' 'sub' 'mul' 'select'> <InPorts = 0> <OutPorts = 1> <Sync> <CReg>
ST_2 : Operation 161 [3/3] (0.99ns) (grouped into DSP with root node add_ln190_271)   --->   "%mul_ln190_284 = mul i14 %sext_ln190_558, i14 %conv12_20_cast_cast" [awn_int8.cpp:190]   --->   Operation 161 'mul' 'mul_ln190_284' <Predicate = true> <Delay = 0.99> <CoreInst = "DSP48">   --->   Core 127 'DSP48' <Latency = 3> <II = 1> <Delay = 0.53> <IPBlock> <Opcode : '' 'add' 'sub' 'mul' 'select'> <InPorts = 0> <OutPorts = 1> <Sync> <CReg>

State 3 <SV = 2> <Delay = 1.23>
ST_3 : Operation 162 [1/1] (0.00ns)   --->   "%p_ZL4Wse3_1_addr = getelementptr i8 %p_ZL4Wse3_1, i64 0, i64 %zext_ln186_1" [awn_int8.cpp:190]   --->   Operation 162 'getelementptr' 'p_ZL4Wse3_1_addr' <Predicate = true> <Delay = 0.00>
ST_3 : Operation 163 [1/1] (0.00ns)   --->   "%p_ZL4Wse3_2_addr = getelementptr i8 %p_ZL4Wse3_2, i64 0, i64 %zext_ln186_1" [awn_int8.cpp:190]   --->   Operation 163 'getelementptr' 'p_ZL4Wse3_2_addr' <Predicate = true> <Delay = 0.00>
ST_3 : Operation 164 [1/1] (0.00ns)   --->   "%p_ZL4Wse3_4_addr = getelementptr i8 %p_ZL4Wse3_4, i64 0, i64 %zext_ln186_1" [awn_int8.cpp:190]   --->   Operation 164 'getelementptr' 'p_ZL4Wse3_4_addr' <Predicate = true> <Delay = 0.00>
ST_3 : Operation 165 [1/1] (0.00ns)   --->   "%p_ZL4Wse3_6_addr = getelementptr i8 %p_ZL4Wse3_6, i64 0, i64 %zext_ln186_1" [awn_int8.cpp:190]   --->   Operation 165 'getelementptr' 'p_ZL4Wse3_6_addr' <Predicate = true> <Delay = 0.00>
ST_3 : Operation 166 [1/1] (0.00ns)   --->   "%p_ZL4Wse3_8_addr = getelementptr i8 %p_ZL4Wse3_8, i64 0, i64 %zext_ln186_1" [awn_int8.cpp:190]   --->   Operation 166 'getelementptr' 'p_ZL4Wse3_8_addr' <Predicate = true> <Delay = 0.00>
ST_3 : Operation 167 [1/1] (0.00ns)   --->   "%p_ZL4Wse3_11_addr = getelementptr i8 %p_ZL4Wse3_11, i64 0, i64 %zext_ln186_1" [awn_int8.cpp:190]   --->   Operation 167 'getelementptr' 'p_ZL4Wse3_11_addr' <Predicate = true> <Delay = 0.00>
ST_3 : Operation 168 [1/1] (0.00ns)   --->   "%p_ZL4Wse3_12_addr = getelementptr i8 %p_ZL4Wse3_12, i64 0, i64 %zext_ln186_1" [awn_int8.cpp:190]   --->   Operation 168 'getelementptr' 'p_ZL4Wse3_12_addr' <Predicate = true> <Delay = 0.00>
ST_3 : Operation 169 [1/1] (0.00ns)   --->   "%p_ZL4Wse3_14_addr = getelementptr i8 %p_ZL4Wse3_14, i64 0, i64 %zext_ln186_1" [awn_int8.cpp:190]   --->   Operation 169 'getelementptr' 'p_ZL4Wse3_14_addr' <Predicate = true> <Delay = 0.00>
ST_3 : Operation 170 [1/1] (0.00ns)   --->   "%p_ZL4Wse3_16_addr = getelementptr i8 %p_ZL4Wse3_16, i64 0, i64 %zext_ln186_1" [awn_int8.cpp:190]   --->   Operation 170 'getelementptr' 'p_ZL4Wse3_16_addr' <Predicate = true> <Delay = 0.00>
ST_3 : Operation 171 [1/1] (0.00ns)   --->   "%p_ZL4Wse3_18_addr = getelementptr i8 %p_ZL4Wse3_18, i64 0, i64 %zext_ln186_1" [awn_int8.cpp:190]   --->   Operation 171 'getelementptr' 'p_ZL4Wse3_18_addr' <Predicate = true> <Delay = 0.00>
ST_3 : Operation 172 [1/1] (0.00ns)   --->   "%p_ZL4Wse3_21_addr = getelementptr i8 %p_ZL4Wse3_21, i64 0, i64 %zext_ln186_1" [awn_int8.cpp:190]   --->   Operation 172 'getelementptr' 'p_ZL4Wse3_21_addr' <Predicate = true> <Delay = 0.00>
ST_3 : Operation 173 [1/1] (0.00ns)   --->   "%p_ZL4Wse3_22_addr = getelementptr i8 %p_ZL4Wse3_22, i64 0, i64 %zext_ln186_1" [awn_int8.cpp:190]   --->   Operation 173 'getelementptr' 'p_ZL4Wse3_22_addr' <Predicate = true> <Delay = 0.00>
ST_3 : Operation 174 [1/1] (0.00ns)   --->   "%p_ZL4Wse3_24_addr = getelementptr i8 %p_ZL4Wse3_24, i64 0, i64 %zext_ln186_1" [awn_int8.cpp:190]   --->   Operation 174 'getelementptr' 'p_ZL4Wse3_24_addr' <Predicate = true> <Delay = 0.00>
ST_3 : Operation 175 [1/1] (0.00ns)   --->   "%p_ZL4Wse3_26_addr = getelementptr i8 %p_ZL4Wse3_26, i64 0, i64 %zext_ln186_1" [awn_int8.cpp:190]   --->   Operation 175 'getelementptr' 'p_ZL4Wse3_26_addr' <Predicate = true> <Delay = 0.00>
ST_3 : Operation 176 [1/1] (0.00ns)   --->   "%p_ZL4Wse3_28_addr = getelementptr i8 %p_ZL4Wse3_28, i64 0, i64 %zext_ln186_1" [awn_int8.cpp:190]   --->   Operation 176 'getelementptr' 'p_ZL4Wse3_28_addr' <Predicate = true> <Delay = 0.00>
ST_3 : Operation 177 [1/1] (0.00ns)   --->   "%p_ZL4Wse3_30_addr = getelementptr i8 %p_ZL4Wse3_30, i64 0, i64 %zext_ln186_1" [awn_int8.cpp:190]   --->   Operation 177 'getelementptr' 'p_ZL4Wse3_30_addr' <Predicate = true> <Delay = 0.00>
ST_3 : Operation 178 [2/2] (1.23ns)   --->   "%p_ZL4Wse3_1_load = load i7 %p_ZL4Wse3_1_addr" [awn_int8.cpp:190]   --->   Operation 178 'load' 'p_ZL4Wse3_1_load' <Predicate = true> <Delay = 1.23> <CoreInst = "ROM">   --->   Core 101 'ROM' <Latency = 1> <II = 1> <Delay = 1.23> <Storage> <Opcode : 'load'> <Ports = 0> <Width = 8> <Depth = 128> <ROM>
ST_3 : Operation 179 [2/2] (1.23ns)   --->   "%p_ZL4Wse3_2_load = load i7 %p_ZL4Wse3_2_addr" [awn_int8.cpp:190]   --->   Operation 179 'load' 'p_ZL4Wse3_2_load' <Predicate = true> <Delay = 1.23> <CoreInst = "ROM">   --->   Core 101 'ROM' <Latency = 1> <II = 1> <Delay = 1.23> <Storage> <Opcode : 'load'> <Ports = 0> <Width = 8> <Depth = 128> <ROM>
ST_3 : Operation 180 [2/2] (1.23ns)   --->   "%p_ZL4Wse3_4_load = load i7 %p_ZL4Wse3_4_addr" [awn_int8.cpp:190]   --->   Operation 180 'load' 'p_ZL4Wse3_4_load' <Predicate = true> <Delay = 1.23> <CoreInst = "ROM">   --->   Core 101 'ROM' <Latency = 1> <II = 1> <Delay = 1.23> <Storage> <Opcode : 'load'> <Ports = 0> <Width = 8> <Depth = 128> <ROM>
ST_3 : Operation 181 [2/2] (1.23ns)   --->   "%p_ZL4Wse3_6_load = load i7 %p_ZL4Wse3_6_addr" [awn_int8.cpp:190]   --->   Operation 181 'load' 'p_ZL4Wse3_6_load' <Predicate = true> <Delay = 1.23> <CoreInst = "ROM">   --->   Core 101 'ROM' <Latency = 1> <II = 1> <Delay = 1.23> <Storage> <Opcode : 'load'> <Ports = 0> <Width = 8> <Depth = 128> <ROM>
ST_3 : Operation 182 [2/2] (1.23ns)   --->   "%p_ZL4Wse3_8_load = load i7 %p_ZL4Wse3_8_addr" [awn_int8.cpp:190]   --->   Operation 182 'load' 'p_ZL4Wse3_8_load' <Predicate = true> <Delay = 1.23> <CoreInst = "ROM">   --->   Core 101 'ROM' <Latency = 1> <II = 1> <Delay = 1.23> <Storage> <Opcode : 'load'> <Ports = 0> <Width = 8> <Depth = 128> <ROM>
ST_3 : Operation 183 [2/2] (1.23ns)   --->   "%p_ZL4Wse3_11_load = load i7 %p_ZL4Wse3_11_addr" [awn_int8.cpp:190]   --->   Operation 183 'load' 'p_ZL4Wse3_11_load' <Predicate = true> <Delay = 1.23> <CoreInst = "ROM">   --->   Core 101 'ROM' <Latency = 1> <II = 1> <Delay = 1.23> <Storage> <Opcode : 'load'> <Ports = 0> <Width = 8> <Depth = 128> <ROM>
ST_3 : Operation 184 [2/2] (1.23ns)   --->   "%p_ZL4Wse3_12_load = load i7 %p_ZL4Wse3_12_addr" [awn_int8.cpp:190]   --->   Operation 184 'load' 'p_ZL4Wse3_12_load' <Predicate = true> <Delay = 1.23> <CoreInst = "ROM">   --->   Core 101 'ROM' <Latency = 1> <II = 1> <Delay = 1.23> <Storage> <Opcode : 'load'> <Ports = 0> <Width = 8> <Depth = 128> <ROM>
ST_3 : Operation 185 [2/2] (1.23ns)   --->   "%p_ZL4Wse3_14_load = load i7 %p_ZL4Wse3_14_addr" [awn_int8.cpp:190]   --->   Operation 185 'load' 'p_ZL4Wse3_14_load' <Predicate = true> <Delay = 1.23> <CoreInst = "ROM">   --->   Core 101 'ROM' <Latency = 1> <II = 1> <Delay = 1.23> <Storage> <Opcode : 'load'> <Ports = 0> <Width = 8> <Depth = 128> <ROM>
ST_3 : Operation 186 [2/2] (1.23ns)   --->   "%p_ZL4Wse3_16_load = load i7 %p_ZL4Wse3_16_addr" [awn_int8.cpp:190]   --->   Operation 186 'load' 'p_ZL4Wse3_16_load' <Predicate = true> <Delay = 1.23> <CoreInst = "ROM">   --->   Core 101 'ROM' <Latency = 1> <II = 1> <Delay = 1.23> <Storage> <Opcode : 'load'> <Ports = 0> <Width = 8> <Depth = 128> <ROM>
ST_3 : Operation 187 [2/2] (1.23ns)   --->   "%p_ZL4Wse3_18_load = load i7 %p_ZL4Wse3_18_addr" [awn_int8.cpp:190]   --->   Operation 187 'load' 'p_ZL4Wse3_18_load' <Predicate = true> <Delay = 1.23> <CoreInst = "ROM">   --->   Core 101 'ROM' <Latency = 1> <II = 1> <Delay = 1.23> <Storage> <Opcode : 'load'> <Ports = 0> <Width = 8> <Depth = 128> <ROM>
ST_3 : Operation 188 [2/2] (1.23ns)   --->   "%p_ZL4Wse3_21_load = load i7 %p_ZL4Wse3_21_addr" [awn_int8.cpp:190]   --->   Operation 188 'load' 'p_ZL4Wse3_21_load' <Predicate = true> <Delay = 1.23> <CoreInst = "ROM">   --->   Core 101 'ROM' <Latency = 1> <II = 1> <Delay = 1.23> <Storage> <Opcode : 'load'> <Ports = 0> <Width = 8> <Depth = 128> <ROM>
ST_3 : Operation 189 [2/2] (1.23ns)   --->   "%p_ZL4Wse3_22_load = load i7 %p_ZL4Wse3_22_addr" [awn_int8.cpp:190]   --->   Operation 189 'load' 'p_ZL4Wse3_22_load' <Predicate = true> <Delay = 1.23> <CoreInst = "ROM">   --->   Core 101 'ROM' <Latency = 1> <II = 1> <Delay = 1.23> <Storage> <Opcode : 'load'> <Ports = 0> <Width = 8> <Depth = 128> <ROM>
ST_3 : Operation 190 [2/2] (1.23ns)   --->   "%p_ZL4Wse3_24_load = load i7 %p_ZL4Wse3_24_addr" [awn_int8.cpp:190]   --->   Operation 190 'load' 'p_ZL4Wse3_24_load' <Predicate = true> <Delay = 1.23> <CoreInst = "ROM">   --->   Core 101 'ROM' <Latency = 1> <II = 1> <Delay = 1.23> <Storage> <Opcode : 'load'> <Ports = 0> <Width = 8> <Depth = 128> <ROM>
ST_3 : Operation 191 [2/2] (1.23ns)   --->   "%p_ZL4Wse3_26_load = load i7 %p_ZL4Wse3_26_addr" [awn_int8.cpp:190]   --->   Operation 191 'load' 'p_ZL4Wse3_26_load' <Predicate = true> <Delay = 1.23> <CoreInst = "ROM">   --->   Core 101 'ROM' <Latency = 1> <II = 1> <Delay = 1.23> <Storage> <Opcode : 'load'> <Ports = 0> <Width = 8> <Depth = 128> <ROM>
ST_3 : Operation 192 [2/2] (1.23ns)   --->   "%p_ZL4Wse3_28_load = load i7 %p_ZL4Wse3_28_addr" [awn_int8.cpp:190]   --->   Operation 192 'load' 'p_ZL4Wse3_28_load' <Predicate = true> <Delay = 1.23> <CoreInst = "ROM">   --->   Core 101 'ROM' <Latency = 1> <II = 1> <Delay = 1.23> <Storage> <Opcode : 'load'> <Ports = 0> <Width = 8> <Depth = 128> <ROM>
ST_3 : Operation 193 [2/2] (1.23ns)   --->   "%p_ZL4Wse3_30_load = load i7 %p_ZL4Wse3_30_addr" [awn_int8.cpp:190]   --->   Operation 193 'load' 'p_ZL4Wse3_30_load' <Predicate = true> <Delay = 1.23> <CoreInst = "ROM">   --->   Core 101 'ROM' <Latency = 1> <II = 1> <Delay = 1.23> <Storage> <Opcode : 'load'> <Ports = 0> <Width = 8> <Depth = 128> <ROM>
ST_3 : Operation 194 [2/3] (0.99ns) (grouped into DSP with root node add_ln190_279)   --->   "%mul_ln190 = mul i15 %sext_ln190_569, i15 %zext_ln186_cast" [awn_int8.cpp:190]   --->   Operation 194 'mul' 'mul_ln190' <Predicate = true> <Delay = 0.99> <CoreInst = "DSP48">   --->   Core 127 'DSP48' <Latency = 3> <II = 1> <Delay = 0.53> <IPBlock> <Opcode : '' 'add' 'sub' 'mul' 'select'> <InPorts = 0> <OutPorts = 1> <Sync> <CReg>
ST_3 : Operation 195 [2/3] (0.99ns) (grouped into DSP with root node add_ln190_264)   --->   "%mul_ln190_255 = mul i15 %sext_ln190_553, i15 %conv12_15_cast_cast" [awn_int8.cpp:190]   --->   Operation 195 'mul' 'mul_ln190_255' <Predicate = true> <Delay = 0.99> <CoreInst = "DSP48">   --->   Core 127 'DSP48' <Latency = 3> <II = 1> <Delay = 0.53> <IPBlock> <Opcode : '' 'add' 'sub' 'mul' 'select'> <InPorts = 0> <OutPorts = 1> <Sync> <CReg>
ST_3 : Operation 196 [2/3] (0.99ns) (grouped into DSP with root node add_ln190_268)   --->   "%mul_ln190_257 = mul i15 %sext_ln190_555, i15 %conv12_17_cast_cast" [awn_int8.cpp:190]   --->   Operation 196 'mul' 'mul_ln190_257' <Predicate = true> <Delay = 0.99> <CoreInst = "DSP48">   --->   Core 127 'DSP48' <Latency = 3> <II = 1> <Delay = 0.53> <IPBlock> <Opcode : '' 'add' 'sub' 'mul' 'select'> <InPorts = 0> <OutPorts = 1> <Sync> <CReg>
ST_3 : Operation 197 [2/3] (0.99ns) (grouped into DSP with root node add_ln190_260)   --->   "%mul_ln190_258 = mul i15 %sext_ln190_547, i15 %conv12_9_cast_cast" [awn_int8.cpp:190]   --->   Operation 197 'mul' 'mul_ln190_258' <Predicate = true> <Delay = 0.99> <CoreInst = "DSP48">   --->   Core 127 'DSP48' <Latency = 3> <II = 1> <Delay = 0.53> <IPBlock> <Opcode : '' 'add' 'sub' 'mul' 'select'> <InPorts = 0> <OutPorts = 1> <Sync> <CReg>
ST_3 : Operation 198 [2/3] (0.99ns) (grouped into DSP with root node add_ln190_278)   --->   "%mul_ln190_259 = mul i15 %sext_ln190_567, i15 %conv12_29_cast_cast" [awn_int8.cpp:190]   --->   Operation 198 'mul' 'mul_ln190_259' <Predicate = true> <Delay = 0.99> <CoreInst = "DSP48">   --->   Core 127 'DSP48' <Latency = 3> <II = 1> <Delay = 0.53> <IPBlock> <Opcode : '' 'add' 'sub' 'mul' 'select'> <InPorts = 0> <OutPorts = 1> <Sync> <CReg>
ST_3 : Operation 199 [2/3] (0.99ns) (grouped into DSP with root node add_ln190)   --->   "%mul_ln190_262 = mul i15 %sext_ln190, i15 %conv12_cast_cast" [awn_int8.cpp:190]   --->   Operation 199 'mul' 'mul_ln190_262' <Predicate = true> <Delay = 0.99> <CoreInst = "DSP48">   --->   Core 127 'DSP48' <Latency = 3> <II = 1> <Delay = 0.53> <IPBlock> <Opcode : '' 'add' 'sub' 'mul' 'select'> <InPorts = 0> <OutPorts = 1> <Sync> <CReg>
ST_3 : Operation 200 [2/3] (0.99ns) (grouped into DSP with root node add_ln190_263)   --->   "%mul_ln190_266 = mul i15 %sext_ln190_551, i15 %conv12_13_cast_cast" [awn_int8.cpp:190]   --->   Operation 200 'mul' 'mul_ln190_266' <Predicate = true> <Delay = 0.99> <CoreInst = "DSP48">   --->   Core 127 'DSP48' <Latency = 3> <II = 1> <Delay = 0.53> <IPBlock> <Opcode : '' 'add' 'sub' 'mul' 'select'> <InPorts = 0> <OutPorts = 1> <Sync> <CReg>
ST_3 : Operation 201 [2/3] (0.99ns) (grouped into DSP with root node add_ln190_276)   --->   "%mul_ln190_268 = mul i15 %sext_ln190_565, i15 %conv12_27_cast_cast" [awn_int8.cpp:190]   --->   Operation 201 'mul' 'mul_ln190_268' <Predicate = true> <Delay = 0.99> <CoreInst = "DSP48">   --->   Core 127 'DSP48' <Latency = 3> <II = 1> <Delay = 0.53> <IPBlock> <Opcode : '' 'add' 'sub' 'mul' 'select'> <InPorts = 0> <OutPorts = 1> <Sync> <CReg>
ST_3 : Operation 202 [2/3] (0.99ns) (grouped into DSP with root node add_ln190_261)   --->   "%mul_ln190_270 = mul i14 %sext_ln190_548, i14 %conv12_10_cast_cast" [awn_int8.cpp:190]   --->   Operation 202 'mul' 'mul_ln190_270' <Predicate = true> <Delay = 0.99> <CoreInst = "DSP48">   --->   Core 127 'DSP48' <Latency = 3> <II = 1> <Delay = 0.53> <IPBlock> <Opcode : '' 'add' 'sub' 'mul' 'select'> <InPorts = 0> <OutPorts = 1> <Sync> <CReg>
ST_3 : Operation 203 [2/3] (0.99ns) (grouped into DSP with root node add_ln190_272)   --->   "%mul_ln190_271 = mul i15 %sext_ln190_561, i15 %conv12_23_cast_cast" [awn_int8.cpp:190]   --->   Operation 203 'mul' 'mul_ln190_271' <Predicate = true> <Delay = 0.99> <CoreInst = "DSP48">   --->   Core 127 'DSP48' <Latency = 3> <II = 1> <Delay = 0.53> <IPBlock> <Opcode : '' 'add' 'sub' 'mul' 'select'> <InPorts = 0> <OutPorts = 1> <Sync> <CReg>
ST_3 : Operation 204 [2/3] (0.99ns) (grouped into DSP with root node add_ln190_254)   --->   "%mul_ln190_272 = mul i15 %sext_ln190_541, i15 %conv12_3_cast_cast" [awn_int8.cpp:190]   --->   Operation 204 'mul' 'mul_ln190_272' <Predicate = true> <Delay = 0.99> <CoreInst = "DSP48">   --->   Core 127 'DSP48' <Latency = 3> <II = 1> <Delay = 0.53> <IPBlock> <Opcode : '' 'add' 'sub' 'mul' 'select'> <InPorts = 0> <OutPorts = 1> <Sync> <CReg>
ST_3 : Operation 205 [2/3] (0.99ns) (grouped into DSP with root node add_ln190_269)   --->   "%mul_ln190_273 = mul i15 %sext_ln190_557, i15 %conv12_19_cast_cast" [awn_int8.cpp:190]   --->   Operation 205 'mul' 'mul_ln190_273' <Predicate = true> <Delay = 0.99> <CoreInst = "DSP48">   --->   Core 127 'DSP48' <Latency = 3> <II = 1> <Delay = 0.53> <IPBlock> <Opcode : '' 'add' 'sub' 'mul' 'select'> <InPorts = 0> <OutPorts = 1> <Sync> <CReg>
ST_3 : Operation 206 [2/3] (0.99ns) (grouped into DSP with root node add_ln190_256)   --->   "%mul_ln190_276 = mul i15 %sext_ln190_543, i15 %conv12_5_cast_cast" [awn_int8.cpp:190]   --->   Operation 206 'mul' 'mul_ln190_276' <Predicate = true> <Delay = 0.99> <CoreInst = "DSP48">   --->   Core 127 'DSP48' <Latency = 3> <II = 1> <Delay = 0.53> <IPBlock> <Opcode : '' 'add' 'sub' 'mul' 'select'> <InPorts = 0> <OutPorts = 1> <Sync> <CReg>
ST_3 : Operation 207 [2/3] (0.99ns) (grouped into DSP with root node add_ln190_275)   --->   "%mul_ln190_281 = mul i15 %sext_ln190_563, i15 %conv12_25_cast_cast" [awn_int8.cpp:190]   --->   Operation 207 'mul' 'mul_ln190_281' <Predicate = true> <Delay = 0.99> <CoreInst = "DSP48">   --->   Core 127 'DSP48' <Latency = 3> <II = 1> <Delay = 0.53> <IPBlock> <Opcode : '' 'add' 'sub' 'mul' 'select'> <InPorts = 0> <OutPorts = 1> <Sync> <CReg>
ST_3 : Operation 208 [2/3] (0.99ns) (grouped into DSP with root node add_ln190_257)   --->   "%mul_ln190_282 = mul i15 %sext_ln190_545, i15 %conv12_7_cast_cast" [awn_int8.cpp:190]   --->   Operation 208 'mul' 'mul_ln190_282' <Predicate = true> <Delay = 0.99> <CoreInst = "DSP48">   --->   Core 127 'DSP48' <Latency = 3> <II = 1> <Delay = 0.53> <IPBlock> <Opcode : '' 'add' 'sub' 'mul' 'select'> <InPorts = 0> <OutPorts = 1> <Sync> <CReg>
ST_3 : Operation 209 [2/3] (0.99ns) (grouped into DSP with root node add_ln190_271)   --->   "%mul_ln190_284 = mul i14 %sext_ln190_558, i14 %conv12_20_cast_cast" [awn_int8.cpp:190]   --->   Operation 209 'mul' 'mul_ln190_284' <Predicate = true> <Delay = 0.99> <CoreInst = "DSP48">   --->   Core 127 'DSP48' <Latency = 3> <II = 1> <Delay = 0.53> <IPBlock> <Opcode : '' 'add' 'sub' 'mul' 'select'> <InPorts = 0> <OutPorts = 1> <Sync> <CReg>

State 4 <SV = 3> <Delay = 3.53>
ST_4 : Operation 210 [1/2] (1.23ns)   --->   "%p_ZL4Wse3_1_load = load i7 %p_ZL4Wse3_1_addr" [awn_int8.cpp:190]   --->   Operation 210 'load' 'p_ZL4Wse3_1_load' <Predicate = true> <Delay = 1.23> <CoreInst = "ROM">   --->   Core 101 'ROM' <Latency = 1> <II = 1> <Delay = 1.23> <Storage> <Opcode : 'load'> <Ports = 0> <Width = 8> <Depth = 128> <ROM>
ST_4 : Operation 211 [1/1] (0.00ns)   --->   "%sext_ln190_539 = sext i8 %p_ZL4Wse3_1_load" [awn_int8.cpp:190]   --->   Operation 211 'sext' 'sext_ln190_539' <Predicate = true> <Delay = 0.00>
ST_4 : Operation 212 [1/2] (1.23ns)   --->   "%p_ZL4Wse3_2_load = load i7 %p_ZL4Wse3_2_addr" [awn_int8.cpp:190]   --->   Operation 212 'load' 'p_ZL4Wse3_2_load' <Predicate = true> <Delay = 1.23> <CoreInst = "ROM">   --->   Core 101 'ROM' <Latency = 1> <II = 1> <Delay = 1.23> <Storage> <Opcode : 'load'> <Ports = 0> <Width = 8> <Depth = 128> <ROM>
ST_4 : Operation 213 [1/1] (0.00ns)   --->   "%sext_ln190_540 = sext i8 %p_ZL4Wse3_2_load" [awn_int8.cpp:190]   --->   Operation 213 'sext' 'sext_ln190_540' <Predicate = true> <Delay = 0.00>
ST_4 : Operation 214 [1/2] (1.23ns)   --->   "%p_ZL4Wse3_4_load = load i7 %p_ZL4Wse3_4_addr" [awn_int8.cpp:190]   --->   Operation 214 'load' 'p_ZL4Wse3_4_load' <Predicate = true> <Delay = 1.23> <CoreInst = "ROM">   --->   Core 101 'ROM' <Latency = 1> <II = 1> <Delay = 1.23> <Storage> <Opcode : 'load'> <Ports = 0> <Width = 8> <Depth = 128> <ROM>
ST_4 : Operation 215 [1/1] (0.00ns)   --->   "%sext_ln190_542 = sext i8 %p_ZL4Wse3_4_load" [awn_int8.cpp:190]   --->   Operation 215 'sext' 'sext_ln190_542' <Predicate = true> <Delay = 0.00>
ST_4 : Operation 216 [1/2] (1.23ns)   --->   "%p_ZL4Wse3_6_load = load i7 %p_ZL4Wse3_6_addr" [awn_int8.cpp:190]   --->   Operation 216 'load' 'p_ZL4Wse3_6_load' <Predicate = true> <Delay = 1.23> <CoreInst = "ROM">   --->   Core 101 'ROM' <Latency = 1> <II = 1> <Delay = 1.23> <Storage> <Opcode : 'load'> <Ports = 0> <Width = 8> <Depth = 128> <ROM>
ST_4 : Operation 217 [1/1] (0.00ns)   --->   "%sext_ln190_544 = sext i8 %p_ZL4Wse3_6_load" [awn_int8.cpp:190]   --->   Operation 217 'sext' 'sext_ln190_544' <Predicate = true> <Delay = 0.00>
ST_4 : Operation 218 [1/2] (1.23ns)   --->   "%p_ZL4Wse3_8_load = load i7 %p_ZL4Wse3_8_addr" [awn_int8.cpp:190]   --->   Operation 218 'load' 'p_ZL4Wse3_8_load' <Predicate = true> <Delay = 1.23> <CoreInst = "ROM">   --->   Core 101 'ROM' <Latency = 1> <II = 1> <Delay = 1.23> <Storage> <Opcode : 'load'> <Ports = 0> <Width = 8> <Depth = 128> <ROM>
ST_4 : Operation 219 [1/1] (0.00ns)   --->   "%sext_ln190_546 = sext i8 %p_ZL4Wse3_8_load" [awn_int8.cpp:190]   --->   Operation 219 'sext' 'sext_ln190_546' <Predicate = true> <Delay = 0.00>
ST_4 : Operation 220 [1/2] (1.23ns)   --->   "%p_ZL4Wse3_11_load = load i7 %p_ZL4Wse3_11_addr" [awn_int8.cpp:190]   --->   Operation 220 'load' 'p_ZL4Wse3_11_load' <Predicate = true> <Delay = 1.23> <CoreInst = "ROM">   --->   Core 101 'ROM' <Latency = 1> <II = 1> <Delay = 1.23> <Storage> <Opcode : 'load'> <Ports = 0> <Width = 8> <Depth = 128> <ROM>
ST_4 : Operation 221 [1/1] (0.00ns)   --->   "%sext_ln190_549 = sext i8 %p_ZL4Wse3_11_load" [awn_int8.cpp:190]   --->   Operation 221 'sext' 'sext_ln190_549' <Predicate = true> <Delay = 0.00>
ST_4 : Operation 222 [1/2] (1.23ns)   --->   "%p_ZL4Wse3_12_load = load i7 %p_ZL4Wse3_12_addr" [awn_int8.cpp:190]   --->   Operation 222 'load' 'p_ZL4Wse3_12_load' <Predicate = true> <Delay = 1.23> <CoreInst = "ROM">   --->   Core 101 'ROM' <Latency = 1> <II = 1> <Delay = 1.23> <Storage> <Opcode : 'load'> <Ports = 0> <Width = 8> <Depth = 128> <ROM>
ST_4 : Operation 223 [1/1] (0.00ns)   --->   "%sext_ln190_550 = sext i8 %p_ZL4Wse3_12_load" [awn_int8.cpp:190]   --->   Operation 223 'sext' 'sext_ln190_550' <Predicate = true> <Delay = 0.00>
ST_4 : Operation 224 [1/2] (1.23ns)   --->   "%p_ZL4Wse3_14_load = load i7 %p_ZL4Wse3_14_addr" [awn_int8.cpp:190]   --->   Operation 224 'load' 'p_ZL4Wse3_14_load' <Predicate = true> <Delay = 1.23> <CoreInst = "ROM">   --->   Core 101 'ROM' <Latency = 1> <II = 1> <Delay = 1.23> <Storage> <Opcode : 'load'> <Ports = 0> <Width = 8> <Depth = 128> <ROM>
ST_4 : Operation 225 [1/1] (0.00ns)   --->   "%sext_ln190_552 = sext i8 %p_ZL4Wse3_14_load" [awn_int8.cpp:190]   --->   Operation 225 'sext' 'sext_ln190_552' <Predicate = true> <Delay = 0.00>
ST_4 : Operation 226 [1/2] (1.23ns)   --->   "%p_ZL4Wse3_16_load = load i7 %p_ZL4Wse3_16_addr" [awn_int8.cpp:190]   --->   Operation 226 'load' 'p_ZL4Wse3_16_load' <Predicate = true> <Delay = 1.23> <CoreInst = "ROM">   --->   Core 101 'ROM' <Latency = 1> <II = 1> <Delay = 1.23> <Storage> <Opcode : 'load'> <Ports = 0> <Width = 8> <Depth = 128> <ROM>
ST_4 : Operation 227 [1/1] (0.00ns)   --->   "%sext_ln190_554 = sext i8 %p_ZL4Wse3_16_load" [awn_int8.cpp:190]   --->   Operation 227 'sext' 'sext_ln190_554' <Predicate = true> <Delay = 0.00>
ST_4 : Operation 228 [1/2] (1.23ns)   --->   "%p_ZL4Wse3_18_load = load i7 %p_ZL4Wse3_18_addr" [awn_int8.cpp:190]   --->   Operation 228 'load' 'p_ZL4Wse3_18_load' <Predicate = true> <Delay = 1.23> <CoreInst = "ROM">   --->   Core 101 'ROM' <Latency = 1> <II = 1> <Delay = 1.23> <Storage> <Opcode : 'load'> <Ports = 0> <Width = 8> <Depth = 128> <ROM>
ST_4 : Operation 229 [1/1] (0.00ns)   --->   "%sext_ln190_556 = sext i8 %p_ZL4Wse3_18_load" [awn_int8.cpp:190]   --->   Operation 229 'sext' 'sext_ln190_556' <Predicate = true> <Delay = 0.00>
ST_4 : Operation 230 [1/2] (1.23ns)   --->   "%p_ZL4Wse3_21_load = load i7 %p_ZL4Wse3_21_addr" [awn_int8.cpp:190]   --->   Operation 230 'load' 'p_ZL4Wse3_21_load' <Predicate = true> <Delay = 1.23> <CoreInst = "ROM">   --->   Core 101 'ROM' <Latency = 1> <II = 1> <Delay = 1.23> <Storage> <Opcode : 'load'> <Ports = 0> <Width = 8> <Depth = 128> <ROM>
ST_4 : Operation 231 [1/1] (0.00ns)   --->   "%sext_ln190_559 = sext i8 %p_ZL4Wse3_21_load" [awn_int8.cpp:190]   --->   Operation 231 'sext' 'sext_ln190_559' <Predicate = true> <Delay = 0.00>
ST_4 : Operation 232 [1/2] (1.23ns)   --->   "%p_ZL4Wse3_22_load = load i7 %p_ZL4Wse3_22_addr" [awn_int8.cpp:190]   --->   Operation 232 'load' 'p_ZL4Wse3_22_load' <Predicate = true> <Delay = 1.23> <CoreInst = "ROM">   --->   Core 101 'ROM' <Latency = 1> <II = 1> <Delay = 1.23> <Storage> <Opcode : 'load'> <Ports = 0> <Width = 8> <Depth = 128> <ROM>
ST_4 : Operation 233 [1/1] (0.00ns)   --->   "%sext_ln190_560 = sext i8 %p_ZL4Wse3_22_load" [awn_int8.cpp:190]   --->   Operation 233 'sext' 'sext_ln190_560' <Predicate = true> <Delay = 0.00>
ST_4 : Operation 234 [1/2] (1.23ns)   --->   "%p_ZL4Wse3_24_load = load i7 %p_ZL4Wse3_24_addr" [awn_int8.cpp:190]   --->   Operation 234 'load' 'p_ZL4Wse3_24_load' <Predicate = true> <Delay = 1.23> <CoreInst = "ROM">   --->   Core 101 'ROM' <Latency = 1> <II = 1> <Delay = 1.23> <Storage> <Opcode : 'load'> <Ports = 0> <Width = 8> <Depth = 128> <ROM>
ST_4 : Operation 235 [1/1] (0.00ns)   --->   "%sext_ln190_562 = sext i8 %p_ZL4Wse3_24_load" [awn_int8.cpp:190]   --->   Operation 235 'sext' 'sext_ln190_562' <Predicate = true> <Delay = 0.00>
ST_4 : Operation 236 [1/2] (1.23ns)   --->   "%p_ZL4Wse3_26_load = load i7 %p_ZL4Wse3_26_addr" [awn_int8.cpp:190]   --->   Operation 236 'load' 'p_ZL4Wse3_26_load' <Predicate = true> <Delay = 1.23> <CoreInst = "ROM">   --->   Core 101 'ROM' <Latency = 1> <II = 1> <Delay = 1.23> <Storage> <Opcode : 'load'> <Ports = 0> <Width = 8> <Depth = 128> <ROM>
ST_4 : Operation 237 [1/1] (0.00ns)   --->   "%sext_ln190_564 = sext i8 %p_ZL4Wse3_26_load" [awn_int8.cpp:190]   --->   Operation 237 'sext' 'sext_ln190_564' <Predicate = true> <Delay = 0.00>
ST_4 : Operation 238 [1/2] (1.23ns)   --->   "%p_ZL4Wse3_28_load = load i7 %p_ZL4Wse3_28_addr" [awn_int8.cpp:190]   --->   Operation 238 'load' 'p_ZL4Wse3_28_load' <Predicate = true> <Delay = 1.23> <CoreInst = "ROM">   --->   Core 101 'ROM' <Latency = 1> <II = 1> <Delay = 1.23> <Storage> <Opcode : 'load'> <Ports = 0> <Width = 8> <Depth = 128> <ROM>
ST_4 : Operation 239 [1/1] (0.00ns)   --->   "%sext_ln190_566 = sext i8 %p_ZL4Wse3_28_load" [awn_int8.cpp:190]   --->   Operation 239 'sext' 'sext_ln190_566' <Predicate = true> <Delay = 0.00>
ST_4 : Operation 240 [1/2] (1.23ns)   --->   "%p_ZL4Wse3_30_load = load i7 %p_ZL4Wse3_30_addr" [awn_int8.cpp:190]   --->   Operation 240 'load' 'p_ZL4Wse3_30_load' <Predicate = true> <Delay = 1.23> <CoreInst = "ROM">   --->   Core 101 'ROM' <Latency = 1> <II = 1> <Delay = 1.23> <Storage> <Opcode : 'load'> <Ports = 0> <Width = 8> <Depth = 128> <ROM>
ST_4 : Operation 241 [1/1] (0.00ns)   --->   "%sext_ln190_568 = sext i8 %p_ZL4Wse3_30_load" [awn_int8.cpp:190]   --->   Operation 241 'sext' 'sext_ln190_568' <Predicate = true> <Delay = 0.00>
ST_4 : Operation 242 [1/3] (0.00ns) (grouped into DSP with root node add_ln190_279)   --->   "%mul_ln190 = mul i15 %sext_ln190_569, i15 %zext_ln186_cast" [awn_int8.cpp:190]   --->   Operation 242 'mul' 'mul_ln190' <Predicate = true> <Delay = 0.00> <CoreInst = "DSP48">   --->   Core 127 'DSP48' <Latency = 3> <II = 1> <Delay = 0.53> <IPBlock> <Opcode : '' 'add' 'sub' 'mul' 'select'> <InPorts = 0> <OutPorts = 1> <Sync> <CReg>
ST_4 : Operation 243 [1/1] (0.00ns) (grouped into DSP with root node add_ln190_279)   --->   "%sext_ln190_570 = sext i15 %mul_ln190" [awn_int8.cpp:190]   --->   Operation 243 'sext' 'sext_ln190_570' <Predicate = true> <Delay = 0.00>
ST_4 : Operation 244 [1/3] (0.00ns) (grouped into DSP with root node add_ln190_264)   --->   "%mul_ln190_255 = mul i15 %sext_ln190_553, i15 %conv12_15_cast_cast" [awn_int8.cpp:190]   --->   Operation 244 'mul' 'mul_ln190_255' <Predicate = true> <Delay = 0.00> <CoreInst = "DSP48">   --->   Core 127 'DSP48' <Latency = 3> <II = 1> <Delay = 0.53> <IPBlock> <Opcode : '' 'add' 'sub' 'mul' 'select'> <InPorts = 0> <OutPorts = 1> <Sync> <CReg>
ST_4 : Operation 245 [1/1] (0.00ns) (grouped into DSP with root node add_ln190_264)   --->   "%sext_ln190_571 = sext i15 %mul_ln190_255" [awn_int8.cpp:190]   --->   Operation 245 'sext' 'sext_ln190_571' <Predicate = true> <Delay = 0.00>
ST_4 : Operation 246 [1/1] (1.65ns)   --->   "%mul_ln190_256 = mul i15 %sext_ln190_568, i15 %conv12_30_cast_cast" [awn_int8.cpp:190]   --->   Operation 246 'mul' 'mul_ln190_256' <Predicate = true> <Delay = 1.65> <CoreInst = "Multiplier">   --->   Core 3 'Multiplier' <Latency = 0> <II = 1> <Delay = 1.65> <FuncUnit> <Opcode : 'mul'> <InPorts = 2> <OutPorts = 1>
ST_4 : Operation 247 [1/1] (0.00ns)   --->   "%sext_ln190_572 = sext i15 %mul_ln190_256" [awn_int8.cpp:190]   --->   Operation 247 'sext' 'sext_ln190_572' <Predicate = true> <Delay = 0.00>
ST_4 : Operation 248 [1/3] (0.00ns) (grouped into DSP with root node add_ln190_268)   --->   "%mul_ln190_257 = mul i15 %sext_ln190_555, i15 %conv12_17_cast_cast" [awn_int8.cpp:190]   --->   Operation 248 'mul' 'mul_ln190_257' <Predicate = true> <Delay = 0.00> <CoreInst = "DSP48">   --->   Core 127 'DSP48' <Latency = 3> <II = 1> <Delay = 0.53> <IPBlock> <Opcode : '' 'add' 'sub' 'mul' 'select'> <InPorts = 0> <OutPorts = 1> <Sync> <CReg>
ST_4 : Operation 249 [1/1] (0.00ns) (grouped into DSP with root node add_ln190_268)   --->   "%sext_ln190_573 = sext i15 %mul_ln190_257" [awn_int8.cpp:190]   --->   Operation 249 'sext' 'sext_ln190_573' <Predicate = true> <Delay = 0.00>
ST_4 : Operation 250 [1/3] (0.00ns) (grouped into DSP with root node add_ln190_260)   --->   "%mul_ln190_258 = mul i15 %sext_ln190_547, i15 %conv12_9_cast_cast" [awn_int8.cpp:190]   --->   Operation 250 'mul' 'mul_ln190_258' <Predicate = true> <Delay = 0.00> <CoreInst = "DSP48">   --->   Core 127 'DSP48' <Latency = 3> <II = 1> <Delay = 0.53> <IPBlock> <Opcode : '' 'add' 'sub' 'mul' 'select'> <InPorts = 0> <OutPorts = 1> <Sync> <CReg>
ST_4 : Operation 251 [1/1] (0.00ns) (grouped into DSP with root node add_ln190_260)   --->   "%sext_ln190_574 = sext i15 %mul_ln190_258" [awn_int8.cpp:190]   --->   Operation 251 'sext' 'sext_ln190_574' <Predicate = true> <Delay = 0.00>
ST_4 : Operation 252 [1/3] (0.00ns) (grouped into DSP with root node add_ln190_278)   --->   "%mul_ln190_259 = mul i15 %sext_ln190_567, i15 %conv12_29_cast_cast" [awn_int8.cpp:190]   --->   Operation 252 'mul' 'mul_ln190_259' <Predicate = true> <Delay = 0.00> <CoreInst = "DSP48">   --->   Core 127 'DSP48' <Latency = 3> <II = 1> <Delay = 0.53> <IPBlock> <Opcode : '' 'add' 'sub' 'mul' 'select'> <InPorts = 0> <OutPorts = 1> <Sync> <CReg>
ST_4 : Operation 253 [1/1] (0.00ns) (grouped into DSP with root node add_ln190_278)   --->   "%sext_ln190_575 = sext i15 %mul_ln190_259" [awn_int8.cpp:190]   --->   Operation 253 'sext' 'sext_ln190_575' <Predicate = true> <Delay = 0.00>
ST_4 : Operation 254 [1/1] (1.65ns)   --->   "%mul_ln190_260 = mul i15 %sext_ln190_562, i15 %conv12_24_cast_cast" [awn_int8.cpp:190]   --->   Operation 254 'mul' 'mul_ln190_260' <Predicate = true> <Delay = 1.65> <CoreInst = "Multiplier">   --->   Core 3 'Multiplier' <Latency = 0> <II = 1> <Delay = 1.65> <FuncUnit> <Opcode : 'mul'> <InPorts = 2> <OutPorts = 1>
ST_4 : Operation 255 [1/1] (0.00ns)   --->   "%sext_ln190_576 = sext i15 %mul_ln190_260" [awn_int8.cpp:190]   --->   Operation 255 'sext' 'sext_ln190_576' <Predicate = true> <Delay = 0.00>
ST_4 : Operation 256 [1/1] (1.65ns)   --->   "%mul_ln190_261 = mul i15 %sext_ln190_552, i15 %conv12_14_cast_cast" [awn_int8.cpp:190]   --->   Operation 256 'mul' 'mul_ln190_261' <Predicate = true> <Delay = 1.65> <CoreInst = "Multiplier">   --->   Core 3 'Multiplier' <Latency = 0> <II = 1> <Delay = 1.65> <FuncUnit> <Opcode : 'mul'> <InPorts = 2> <OutPorts = 1>
ST_4 : Operation 257 [1/1] (0.00ns)   --->   "%sext_ln190_577 = sext i15 %mul_ln190_261" [awn_int8.cpp:190]   --->   Operation 257 'sext' 'sext_ln190_577' <Predicate = true> <Delay = 0.00>
ST_4 : Operation 258 [1/3] (0.00ns) (grouped into DSP with root node add_ln190)   --->   "%mul_ln190_262 = mul i15 %sext_ln190, i15 %conv12_cast_cast" [awn_int8.cpp:190]   --->   Operation 258 'mul' 'mul_ln190_262' <Predicate = true> <Delay = 0.00> <CoreInst = "DSP48">   --->   Core 127 'DSP48' <Latency = 3> <II = 1> <Delay = 0.53> <IPBlock> <Opcode : '' 'add' 'sub' 'mul' 'select'> <InPorts = 0> <OutPorts = 1> <Sync> <CReg>
ST_4 : Operation 259 [1/1] (0.00ns) (grouped into DSP with root node add_ln190)   --->   "%sext_ln190_578 = sext i15 %mul_ln190_262" [awn_int8.cpp:190]   --->   Operation 259 'sext' 'sext_ln190_578' <Predicate = true> <Delay = 0.00>
ST_4 : Operation 260 [1/1] (1.65ns)   --->   "%mul_ln190_263 = mul i15 %sext_ln190_566, i15 %conv12_28_cast_cast" [awn_int8.cpp:190]   --->   Operation 260 'mul' 'mul_ln190_263' <Predicate = true> <Delay = 1.65> <CoreInst = "Multiplier">   --->   Core 3 'Multiplier' <Latency = 0> <II = 1> <Delay = 1.65> <FuncUnit> <Opcode : 'mul'> <InPorts = 2> <OutPorts = 1>
ST_4 : Operation 261 [1/1] (0.00ns)   --->   "%sext_ln190_579 = sext i15 %mul_ln190_263" [awn_int8.cpp:190]   --->   Operation 261 'sext' 'sext_ln190_579' <Predicate = true> <Delay = 0.00>
ST_4 : Operation 262 [1/1] (1.65ns)   --->   "%mul_ln190_264 = mul i15 %sext_ln190_556, i15 %conv12_18_cast_cast" [awn_int8.cpp:190]   --->   Operation 262 'mul' 'mul_ln190_264' <Predicate = true> <Delay = 1.65> <CoreInst = "Multiplier">   --->   Core 3 'Multiplier' <Latency = 0> <II = 1> <Delay = 1.65> <FuncUnit> <Opcode : 'mul'> <InPorts = 2> <OutPorts = 1>
ST_4 : Operation 263 [1/1] (0.00ns)   --->   "%sext_ln190_580 = sext i15 %mul_ln190_264" [awn_int8.cpp:190]   --->   Operation 263 'sext' 'sext_ln190_580' <Predicate = true> <Delay = 0.00>
ST_4 : Operation 264 [1/1] (1.65ns)   --->   "%mul_ln190_265 = mul i15 %sext_ln190_544, i15 %conv12_6_cast_cast" [awn_int8.cpp:190]   --->   Operation 264 'mul' 'mul_ln190_265' <Predicate = true> <Delay = 1.65> <CoreInst = "Multiplier">   --->   Core 3 'Multiplier' <Latency = 0> <II = 1> <Delay = 1.65> <FuncUnit> <Opcode : 'mul'> <InPorts = 2> <OutPorts = 1>
ST_4 : Operation 265 [1/1] (0.00ns)   --->   "%sext_ln190_581 = sext i15 %mul_ln190_265" [awn_int8.cpp:190]   --->   Operation 265 'sext' 'sext_ln190_581' <Predicate = true> <Delay = 0.00>
ST_4 : Operation 266 [1/3] (0.00ns) (grouped into DSP with root node add_ln190_263)   --->   "%mul_ln190_266 = mul i15 %sext_ln190_551, i15 %conv12_13_cast_cast" [awn_int8.cpp:190]   --->   Operation 266 'mul' 'mul_ln190_266' <Predicate = true> <Delay = 0.00> <CoreInst = "DSP48">   --->   Core 127 'DSP48' <Latency = 3> <II = 1> <Delay = 0.53> <IPBlock> <Opcode : '' 'add' 'sub' 'mul' 'select'> <InPorts = 0> <OutPorts = 1> <Sync> <CReg>
ST_4 : Operation 267 [1/1] (0.00ns) (grouped into DSP with root node add_ln190_263)   --->   "%sext_ln190_582 = sext i15 %mul_ln190_266" [awn_int8.cpp:190]   --->   Operation 267 'sext' 'sext_ln190_582' <Predicate = true> <Delay = 0.00>
ST_4 : Operation 268 [1/1] (1.65ns)   --->   "%mul_ln190_267 = mul i15 %sext_ln190_559, i15 %conv12_21_cast_cast" [awn_int8.cpp:190]   --->   Operation 268 'mul' 'mul_ln190_267' <Predicate = true> <Delay = 1.65> <CoreInst = "Multiplier">   --->   Core 3 'Multiplier' <Latency = 0> <II = 1> <Delay = 1.65> <FuncUnit> <Opcode : 'mul'> <InPorts = 2> <OutPorts = 1>
ST_4 : Operation 269 [1/3] (0.00ns) (grouped into DSP with root node add_ln190_276)   --->   "%mul_ln190_268 = mul i15 %sext_ln190_565, i15 %conv12_27_cast_cast" [awn_int8.cpp:190]   --->   Operation 269 'mul' 'mul_ln190_268' <Predicate = true> <Delay = 0.00> <CoreInst = "DSP48">   --->   Core 127 'DSP48' <Latency = 3> <II = 1> <Delay = 0.53> <IPBlock> <Opcode : '' 'add' 'sub' 'mul' 'select'> <InPorts = 0> <OutPorts = 1> <Sync> <CReg>
ST_4 : Operation 270 [1/1] (0.00ns) (grouped into DSP with root node add_ln190_276)   --->   "%sext_ln190_583 = sext i15 %mul_ln190_268" [awn_int8.cpp:190]   --->   Operation 270 'sext' 'sext_ln190_583' <Predicate = true> <Delay = 0.00>
ST_4 : Operation 271 [1/1] (1.65ns)   --->   "%mul_ln190_269 = mul i15 %sext_ln190_542, i15 %conv12_4_cast_cast" [awn_int8.cpp:190]   --->   Operation 271 'mul' 'mul_ln190_269' <Predicate = true> <Delay = 1.65> <CoreInst = "Multiplier">   --->   Core 3 'Multiplier' <Latency = 0> <II = 1> <Delay = 1.65> <FuncUnit> <Opcode : 'mul'> <InPorts = 2> <OutPorts = 1>
ST_4 : Operation 272 [1/1] (0.00ns)   --->   "%sext_ln190_584 = sext i15 %mul_ln190_269" [awn_int8.cpp:190]   --->   Operation 272 'sext' 'sext_ln190_584' <Predicate = true> <Delay = 0.00>
ST_4 : Operation 273 [1/3] (0.00ns) (grouped into DSP with root node add_ln190_261)   --->   "%mul_ln190_270 = mul i14 %sext_ln190_548, i14 %conv12_10_cast_cast" [awn_int8.cpp:190]   --->   Operation 273 'mul' 'mul_ln190_270' <Predicate = true> <Delay = 0.00> <CoreInst = "DSP48">   --->   Core 127 'DSP48' <Latency = 3> <II = 1> <Delay = 0.53> <IPBlock> <Opcode : '' 'add' 'sub' 'mul' 'select'> <InPorts = 0> <OutPorts = 1> <Sync> <CReg>
ST_4 : Operation 274 [1/1] (0.00ns) (grouped into DSP with root node add_ln190_261)   --->   "%sext_ln190_585 = sext i14 %mul_ln190_270" [awn_int8.cpp:190]   --->   Operation 274 'sext' 'sext_ln190_585' <Predicate = true> <Delay = 0.00>
ST_4 : Operation 275 [1/3] (0.00ns) (grouped into DSP with root node add_ln190_272)   --->   "%mul_ln190_271 = mul i15 %sext_ln190_561, i15 %conv12_23_cast_cast" [awn_int8.cpp:190]   --->   Operation 275 'mul' 'mul_ln190_271' <Predicate = true> <Delay = 0.00> <CoreInst = "DSP48">   --->   Core 127 'DSP48' <Latency = 3> <II = 1> <Delay = 0.53> <IPBlock> <Opcode : '' 'add' 'sub' 'mul' 'select'> <InPorts = 0> <OutPorts = 1> <Sync> <CReg>
ST_4 : Operation 276 [1/1] (0.00ns) (grouped into DSP with root node add_ln190_272)   --->   "%sext_ln190_586 = sext i15 %mul_ln190_271" [awn_int8.cpp:190]   --->   Operation 276 'sext' 'sext_ln190_586' <Predicate = true> <Delay = 0.00>
ST_4 : Operation 277 [1/3] (0.00ns) (grouped into DSP with root node add_ln190_254)   --->   "%mul_ln190_272 = mul i15 %sext_ln190_541, i15 %conv12_3_cast_cast" [awn_int8.cpp:190]   --->   Operation 277 'mul' 'mul_ln190_272' <Predicate = true> <Delay = 0.00> <CoreInst = "DSP48">   --->   Core 127 'DSP48' <Latency = 3> <II = 1> <Delay = 0.53> <IPBlock> <Opcode : '' 'add' 'sub' 'mul' 'select'> <InPorts = 0> <OutPorts = 1> <Sync> <CReg>
ST_4 : Operation 278 [1/1] (0.00ns) (grouped into DSP with root node add_ln190_254)   --->   "%sext_ln190_587 = sext i15 %mul_ln190_272" [awn_int8.cpp:190]   --->   Operation 278 'sext' 'sext_ln190_587' <Predicate = true> <Delay = 0.00>
ST_4 : Operation 279 [1/3] (0.00ns) (grouped into DSP with root node add_ln190_269)   --->   "%mul_ln190_273 = mul i15 %sext_ln190_557, i15 %conv12_19_cast_cast" [awn_int8.cpp:190]   --->   Operation 279 'mul' 'mul_ln190_273' <Predicate = true> <Delay = 0.00> <CoreInst = "DSP48">   --->   Core 127 'DSP48' <Latency = 3> <II = 1> <Delay = 0.53> <IPBlock> <Opcode : '' 'add' 'sub' 'mul' 'select'> <InPorts = 0> <OutPorts = 1> <Sync> <CReg>
ST_4 : Operation 280 [1/1] (0.00ns) (grouped into DSP with root node add_ln190_269)   --->   "%sext_ln190_588 = sext i15 %mul_ln190_273" [awn_int8.cpp:190]   --->   Operation 280 'sext' 'sext_ln190_588' <Predicate = true> <Delay = 0.00>
ST_4 : Operation 281 [1/1] (1.65ns)   --->   "%mul_ln190_274 = mul i15 %sext_ln190_564, i15 %conv12_26_cast_cast" [awn_int8.cpp:190]   --->   Operation 281 'mul' 'mul_ln190_274' <Predicate = true> <Delay = 1.65> <CoreInst = "Multiplier">   --->   Core 3 'Multiplier' <Latency = 0> <II = 1> <Delay = 1.65> <FuncUnit> <Opcode : 'mul'> <InPorts = 2> <OutPorts = 1>
ST_4 : Operation 282 [1/1] (0.00ns)   --->   "%sext_ln190_589 = sext i15 %mul_ln190_274" [awn_int8.cpp:190]   --->   Operation 282 'sext' 'sext_ln190_589' <Predicate = true> <Delay = 0.00>
ST_4 : Operation 283 [1/1] (1.65ns)   --->   "%mul_ln190_275 = mul i15 %sext_ln190_550, i15 %conv12_12_cast_cast" [awn_int8.cpp:190]   --->   Operation 283 'mul' 'mul_ln190_275' <Predicate = true> <Delay = 1.65> <CoreInst = "Multiplier">   --->   Core 3 'Multiplier' <Latency = 0> <II = 1> <Delay = 1.65> <FuncUnit> <Opcode : 'mul'> <InPorts = 2> <OutPorts = 1>
ST_4 : Operation 284 [1/1] (0.00ns)   --->   "%sext_ln190_590 = sext i15 %mul_ln190_275" [awn_int8.cpp:190]   --->   Operation 284 'sext' 'sext_ln190_590' <Predicate = true> <Delay = 0.00>
ST_4 : Operation 285 [1/3] (0.00ns) (grouped into DSP with root node add_ln190_256)   --->   "%mul_ln190_276 = mul i15 %sext_ln190_543, i15 %conv12_5_cast_cast" [awn_int8.cpp:190]   --->   Operation 285 'mul' 'mul_ln190_276' <Predicate = true> <Delay = 0.00> <CoreInst = "DSP48">   --->   Core 127 'DSP48' <Latency = 3> <II = 1> <Delay = 0.53> <IPBlock> <Opcode : '' 'add' 'sub' 'mul' 'select'> <InPorts = 0> <OutPorts = 1> <Sync> <CReg>
ST_4 : Operation 286 [1/1] (0.00ns) (grouped into DSP with root node add_ln190_256)   --->   "%sext_ln190_591 = sext i15 %mul_ln190_276" [awn_int8.cpp:190]   --->   Operation 286 'sext' 'sext_ln190_591' <Predicate = true> <Delay = 0.00>
ST_4 : Operation 287 [1/1] (1.65ns)   --->   "%mul_ln190_277 = mul i15 %sext_ln190_539, i15 %conv12_1_cast_cast" [awn_int8.cpp:190]   --->   Operation 287 'mul' 'mul_ln190_277' <Predicate = true> <Delay = 1.65> <CoreInst = "Multiplier">   --->   Core 3 'Multiplier' <Latency = 0> <II = 1> <Delay = 1.65> <FuncUnit> <Opcode : 'mul'> <InPorts = 2> <OutPorts = 1>
ST_4 : Operation 288 [1/1] (0.00ns)   --->   "%sext_ln190_592 = sext i15 %mul_ln190_277" [awn_int8.cpp:190]   --->   Operation 288 'sext' 'sext_ln190_592' <Predicate = true> <Delay = 0.00>
ST_4 : Operation 289 [1/1] (1.65ns)   --->   "%mul_ln190_278 = mul i15 %sext_ln190_540, i15 %conv12_2_cast_cast" [awn_int8.cpp:190]   --->   Operation 289 'mul' 'mul_ln190_278' <Predicate = true> <Delay = 1.65> <CoreInst = "Multiplier">   --->   Core 3 'Multiplier' <Latency = 0> <II = 1> <Delay = 1.65> <FuncUnit> <Opcode : 'mul'> <InPorts = 2> <OutPorts = 1>
ST_4 : Operation 290 [1/1] (0.00ns)   --->   "%sext_ln190_593 = sext i15 %mul_ln190_278" [awn_int8.cpp:190]   --->   Operation 290 'sext' 'sext_ln190_593' <Predicate = true> <Delay = 0.00>
ST_4 : Operation 291 [1/1] (1.65ns)   --->   "%mul_ln190_279 = mul i15 %sext_ln190_546, i15 %conv12_8_cast_cast" [awn_int8.cpp:190]   --->   Operation 291 'mul' 'mul_ln190_279' <Predicate = true> <Delay = 1.65> <CoreInst = "Multiplier">   --->   Core 3 'Multiplier' <Latency = 0> <II = 1> <Delay = 1.65> <FuncUnit> <Opcode : 'mul'> <InPorts = 2> <OutPorts = 1>
ST_4 : Operation 292 [1/1] (0.00ns)   --->   "%sext_ln190_594 = sext i15 %mul_ln190_279" [awn_int8.cpp:190]   --->   Operation 292 'sext' 'sext_ln190_594' <Predicate = true> <Delay = 0.00>
ST_4 : Operation 293 [1/1] (1.65ns)   --->   "%mul_ln190_280 = mul i15 %sext_ln190_549, i15 %conv12_11_cast_cast" [awn_int8.cpp:190]   --->   Operation 293 'mul' 'mul_ln190_280' <Predicate = true> <Delay = 1.65> <CoreInst = "Multiplier">   --->   Core 3 'Multiplier' <Latency = 0> <II = 1> <Delay = 1.65> <FuncUnit> <Opcode : 'mul'> <InPorts = 2> <OutPorts = 1>
ST_4 : Operation 294 [1/3] (0.00ns) (grouped into DSP with root node add_ln190_275)   --->   "%mul_ln190_281 = mul i15 %sext_ln190_563, i15 %conv12_25_cast_cast" [awn_int8.cpp:190]   --->   Operation 294 'mul' 'mul_ln190_281' <Predicate = true> <Delay = 0.00> <CoreInst = "DSP48">   --->   Core 127 'DSP48' <Latency = 3> <II = 1> <Delay = 0.53> <IPBlock> <Opcode : '' 'add' 'sub' 'mul' 'select'> <InPorts = 0> <OutPorts = 1> <Sync> <CReg>
ST_4 : Operation 295 [1/1] (0.00ns) (grouped into DSP with root node add_ln190_275)   --->   "%sext_ln190_595 = sext i15 %mul_ln190_281" [awn_int8.cpp:190]   --->   Operation 295 'sext' 'sext_ln190_595' <Predicate = true> <Delay = 0.00>
ST_4 : Operation 296 [1/3] (0.00ns) (grouped into DSP with root node add_ln190_257)   --->   "%mul_ln190_282 = mul i15 %sext_ln190_545, i15 %conv12_7_cast_cast" [awn_int8.cpp:190]   --->   Operation 296 'mul' 'mul_ln190_282' <Predicate = true> <Delay = 0.00> <CoreInst = "DSP48">   --->   Core 127 'DSP48' <Latency = 3> <II = 1> <Delay = 0.53> <IPBlock> <Opcode : '' 'add' 'sub' 'mul' 'select'> <InPorts = 0> <OutPorts = 1> <Sync> <CReg>
ST_4 : Operation 297 [1/1] (0.00ns) (grouped into DSP with root node add_ln190_257)   --->   "%sext_ln190_596 = sext i15 %mul_ln190_282" [awn_int8.cpp:190]   --->   Operation 297 'sext' 'sext_ln190_596' <Predicate = true> <Delay = 0.00>
ST_4 : Operation 298 [1/1] (1.65ns)   --->   "%mul_ln190_283 = mul i15 %sext_ln190_560, i15 %conv12_22_cast_cast" [awn_int8.cpp:190]   --->   Operation 298 'mul' 'mul_ln190_283' <Predicate = true> <Delay = 1.65> <CoreInst = "Multiplier">   --->   Core 3 'Multiplier' <Latency = 0> <II = 1> <Delay = 1.65> <FuncUnit> <Opcode : 'mul'> <InPorts = 2> <OutPorts = 1>
ST_4 : Operation 299 [1/1] (0.00ns)   --->   "%sext_ln190_597 = sext i15 %mul_ln190_283" [awn_int8.cpp:190]   --->   Operation 299 'sext' 'sext_ln190_597' <Predicate = true> <Delay = 0.00>
ST_4 : Operation 300 [1/3] (0.00ns) (grouped into DSP with root node add_ln190_271)   --->   "%mul_ln190_284 = mul i14 %sext_ln190_558, i14 %conv12_20_cast_cast" [awn_int8.cpp:190]   --->   Operation 300 'mul' 'mul_ln190_284' <Predicate = true> <Delay = 0.00> <CoreInst = "DSP48">   --->   Core 127 'DSP48' <Latency = 3> <II = 1> <Delay = 0.53> <IPBlock> <Opcode : '' 'add' 'sub' 'mul' 'select'> <InPorts = 0> <OutPorts = 1> <Sync> <CReg>
ST_4 : Operation 301 [1/1] (0.00ns) (grouped into DSP with root node add_ln190_271)   --->   "%sext_ln190_598 = sext i14 %mul_ln190_284" [awn_int8.cpp:190]   --->   Operation 301 'sext' 'sext_ln190_598' <Predicate = true> <Delay = 0.00>
ST_4 : Operation 302 [1/1] (1.65ns)   --->   "%mul_ln190_285 = mul i15 %sext_ln190_554, i15 %conv12_16_cast_cast" [awn_int8.cpp:190]   --->   Operation 302 'mul' 'mul_ln190_285' <Predicate = true> <Delay = 1.65> <CoreInst = "Multiplier">   --->   Core 3 'Multiplier' <Latency = 0> <II = 1> <Delay = 1.65> <FuncUnit> <Opcode : 'mul'> <InPorts = 2> <OutPorts = 1>
ST_4 : Operation 303 [1/1] (0.00ns)   --->   "%sext_ln190_599 = sext i15 %mul_ln190_285" [awn_int8.cpp:190]   --->   Operation 303 'sext' 'sext_ln190_599' <Predicate = true> <Delay = 0.00>
ST_4 : Operation 304 [2/2] (0.64ns) (root node of the DSP)   --->   "%add_ln190 = add i16 %sext_ln190_592, i16 %sext_ln190_578" [awn_int8.cpp:190]   --->   Operation 304 'add' 'add_ln190' <Predicate = true> <Delay = 0.64> <CoreInst = "DSP48">   --->   Core 127 'DSP48' <Latency = 3> <II = 1> <Delay = 0.53> <IPBlock> <Opcode : '' 'add' 'sub' 'mul' 'select'> <InPorts = 0> <OutPorts = 1> <Sync> <CReg>
ST_4 : Operation 305 [2/2] (0.64ns) (root node of the DSP)   --->   "%add_ln190_254 = add i16 %sext_ln190_593, i16 %sext_ln190_587" [awn_int8.cpp:190]   --->   Operation 305 'add' 'add_ln190_254' <Predicate = true> <Delay = 0.64> <CoreInst = "DSP48">   --->   Core 127 'DSP48' <Latency = 3> <II = 1> <Delay = 0.53> <IPBlock> <Opcode : '' 'add' 'sub' 'mul' 'select'> <InPorts = 0> <OutPorts = 1> <Sync> <CReg>
ST_4 : Operation 306 [2/2] (0.64ns) (root node of the DSP)   --->   "%add_ln190_256 = add i16 %sext_ln190_584, i16 %sext_ln190_591" [awn_int8.cpp:190]   --->   Operation 306 'add' 'add_ln190_256' <Predicate = true> <Delay = 0.64> <CoreInst = "DSP48">   --->   Core 127 'DSP48' <Latency = 3> <II = 1> <Delay = 0.53> <IPBlock> <Opcode : '' 'add' 'sub' 'mul' 'select'> <InPorts = 0> <OutPorts = 1> <Sync> <CReg>
ST_4 : Operation 307 [2/2] (0.64ns) (root node of the DSP)   --->   "%add_ln190_257 = add i16 %sext_ln190_581, i16 %sext_ln190_596" [awn_int8.cpp:190]   --->   Operation 307 'add' 'add_ln190_257' <Predicate = true> <Delay = 0.64> <CoreInst = "DSP48">   --->   Core 127 'DSP48' <Latency = 3> <II = 1> <Delay = 0.53> <IPBlock> <Opcode : '' 'add' 'sub' 'mul' 'select'> <InPorts = 0> <OutPorts = 1> <Sync> <CReg>
ST_4 : Operation 308 [2/2] (0.64ns) (root node of the DSP)   --->   "%add_ln190_260 = add i16 %sext_ln190_594, i16 %sext_ln190_574" [awn_int8.cpp:190]   --->   Operation 308 'add' 'add_ln190_260' <Predicate = true> <Delay = 0.64> <CoreInst = "DSP48">   --->   Core 127 'DSP48' <Latency = 3> <II = 1> <Delay = 0.53> <IPBlock> <Opcode : '' 'add' 'sub' 'mul' 'select'> <InPorts = 0> <OutPorts = 1> <Sync> <CReg>
ST_4 : Operation 309 [2/2] (0.64ns) (root node of the DSP)   --->   "%add_ln190_261 = add i15 %sext_ln190_585, i15 %mul_ln190_280" [awn_int8.cpp:190]   --->   Operation 309 'add' 'add_ln190_261' <Predicate = true> <Delay = 0.64> <CoreInst = "DSP48">   --->   Core 127 'DSP48' <Latency = 3> <II = 1> <Delay = 0.53> <IPBlock> <Opcode : '' 'add' 'sub' 'mul' 'select'> <InPorts = 0> <OutPorts = 1> <Sync> <CReg>
ST_4 : Operation 310 [2/2] (0.64ns) (root node of the DSP)   --->   "%add_ln190_263 = add i16 %sext_ln190_590, i16 %sext_ln190_582" [awn_int8.cpp:190]   --->   Operation 310 'add' 'add_ln190_263' <Predicate = true> <Delay = 0.64> <CoreInst = "DSP48">   --->   Core 127 'DSP48' <Latency = 3> <II = 1> <Delay = 0.53> <IPBlock> <Opcode : '' 'add' 'sub' 'mul' 'select'> <InPorts = 0> <OutPorts = 1> <Sync> <CReg>
ST_4 : Operation 311 [2/2] (0.64ns) (root node of the DSP)   --->   "%add_ln190_264 = add i16 %sext_ln190_577, i16 %sext_ln190_571" [awn_int8.cpp:190]   --->   Operation 311 'add' 'add_ln190_264' <Predicate = true> <Delay = 0.64> <CoreInst = "DSP48">   --->   Core 127 'DSP48' <Latency = 3> <II = 1> <Delay = 0.53> <IPBlock> <Opcode : '' 'add' 'sub' 'mul' 'select'> <InPorts = 0> <OutPorts = 1> <Sync> <CReg>
ST_4 : Operation 312 [2/2] (0.64ns) (root node of the DSP)   --->   "%add_ln190_268 = add i16 %sext_ln190_599, i16 %sext_ln190_573" [awn_int8.cpp:190]   --->   Operation 312 'add' 'add_ln190_268' <Predicate = true> <Delay = 0.64> <CoreInst = "DSP48">   --->   Core 127 'DSP48' <Latency = 3> <II = 1> <Delay = 0.53> <IPBlock> <Opcode : '' 'add' 'sub' 'mul' 'select'> <InPorts = 0> <OutPorts = 1> <Sync> <CReg>
ST_4 : Operation 313 [2/2] (0.64ns) (root node of the DSP)   --->   "%add_ln190_269 = add i16 %sext_ln190_580, i16 %sext_ln190_588" [awn_int8.cpp:190]   --->   Operation 313 'add' 'add_ln190_269' <Predicate = true> <Delay = 0.64> <CoreInst = "DSP48">   --->   Core 127 'DSP48' <Latency = 3> <II = 1> <Delay = 0.53> <IPBlock> <Opcode : '' 'add' 'sub' 'mul' 'select'> <InPorts = 0> <OutPorts = 1> <Sync> <CReg>
ST_4 : Operation 314 [2/2] (0.64ns) (root node of the DSP)   --->   "%add_ln190_271 = add i15 %sext_ln190_598, i15 %mul_ln190_267" [awn_int8.cpp:190]   --->   Operation 314 'add' 'add_ln190_271' <Predicate = true> <Delay = 0.64> <CoreInst = "DSP48">   --->   Core 127 'DSP48' <Latency = 3> <II = 1> <Delay = 0.53> <IPBlock> <Opcode : '' 'add' 'sub' 'mul' 'select'> <InPorts = 0> <OutPorts = 1> <Sync> <CReg>
ST_4 : Operation 315 [2/2] (0.64ns) (root node of the DSP)   --->   "%add_ln190_272 = add i16 %sext_ln190_597, i16 %sext_ln190_586" [awn_int8.cpp:190]   --->   Operation 315 'add' 'add_ln190_272' <Predicate = true> <Delay = 0.64> <CoreInst = "DSP48">   --->   Core 127 'DSP48' <Latency = 3> <II = 1> <Delay = 0.53> <IPBlock> <Opcode : '' 'add' 'sub' 'mul' 'select'> <InPorts = 0> <OutPorts = 1> <Sync> <CReg>
ST_4 : Operation 316 [2/2] (0.64ns) (root node of the DSP)   --->   "%add_ln190_275 = add i16 %sext_ln190_576, i16 %sext_ln190_595" [awn_int8.cpp:190]   --->   Operation 316 'add' 'add_ln190_275' <Predicate = true> <Delay = 0.64> <CoreInst = "DSP48">   --->   Core 127 'DSP48' <Latency = 3> <II = 1> <Delay = 0.53> <IPBlock> <Opcode : '' 'add' 'sub' 'mul' 'select'> <InPorts = 0> <OutPorts = 1> <Sync> <CReg>
ST_4 : Operation 317 [2/2] (0.64ns) (root node of the DSP)   --->   "%add_ln190_276 = add i16 %sext_ln190_589, i16 %sext_ln190_583" [awn_int8.cpp:190]   --->   Operation 317 'add' 'add_ln190_276' <Predicate = true> <Delay = 0.64> <CoreInst = "DSP48">   --->   Core 127 'DSP48' <Latency = 3> <II = 1> <Delay = 0.53> <IPBlock> <Opcode : '' 'add' 'sub' 'mul' 'select'> <InPorts = 0> <OutPorts = 1> <Sync> <CReg>
ST_4 : Operation 318 [2/2] (0.64ns) (root node of the DSP)   --->   "%add_ln190_278 = add i16 %sext_ln190_579, i16 %sext_ln190_575" [awn_int8.cpp:190]   --->   Operation 318 'add' 'add_ln190_278' <Predicate = true> <Delay = 0.64> <CoreInst = "DSP48">   --->   Core 127 'DSP48' <Latency = 3> <II = 1> <Delay = 0.53> <IPBlock> <Opcode : '' 'add' 'sub' 'mul' 'select'> <InPorts = 0> <OutPorts = 1> <Sync> <CReg>
ST_4 : Operation 319 [2/2] (0.64ns) (root node of the DSP)   --->   "%add_ln190_279 = add i16 %sext_ln190_572, i16 %sext_ln190_570" [awn_int8.cpp:190]   --->   Operation 319 'add' 'add_ln190_279' <Predicate = true> <Delay = 0.64> <CoreInst = "DSP48">   --->   Core 127 'DSP48' <Latency = 3> <II = 1> <Delay = 0.53> <IPBlock> <Opcode : '' 'add' 'sub' 'mul' 'select'> <InPorts = 0> <OutPorts = 1> <Sync> <CReg>

State 5 <SV = 4> <Delay = 3.23>
ST_5 : Operation 320 [1/2] (0.64ns) (root node of the DSP)   --->   "%add_ln190 = add i16 %sext_ln190_592, i16 %sext_ln190_578" [awn_int8.cpp:190]   --->   Operation 320 'add' 'add_ln190' <Predicate = true> <Delay = 0.64> <CoreInst = "DSP48">   --->   Core 127 'DSP48' <Latency = 3> <II = 1> <Delay = 0.53> <IPBlock> <Opcode : '' 'add' 'sub' 'mul' 'select'> <InPorts = 0> <OutPorts = 1> <Sync> <CReg>
ST_5 : Operation 321 [1/1] (0.00ns)   --->   "%sext_ln190_600 = sext i16 %add_ln190" [awn_int8.cpp:190]   --->   Operation 321 'sext' 'sext_ln190_600' <Predicate = true> <Delay = 0.00>
ST_5 : Operation 322 [1/2] (0.64ns) (root node of the DSP)   --->   "%add_ln190_254 = add i16 %sext_ln190_593, i16 %sext_ln190_587" [awn_int8.cpp:190]   --->   Operation 322 'add' 'add_ln190_254' <Predicate = true> <Delay = 0.64> <CoreInst = "DSP48">   --->   Core 127 'DSP48' <Latency = 3> <II = 1> <Delay = 0.53> <IPBlock> <Opcode : '' 'add' 'sub' 'mul' 'select'> <InPorts = 0> <OutPorts = 1> <Sync> <CReg>
ST_5 : Operation 323 [1/1] (0.00ns)   --->   "%sext_ln190_601 = sext i16 %add_ln190_254" [awn_int8.cpp:190]   --->   Operation 323 'sext' 'sext_ln190_601' <Predicate = true> <Delay = 0.00>
ST_5 : Operation 324 [1/1] (0.85ns)   --->   "%add_ln190_255 = add i17 %sext_ln190_601, i17 %sext_ln190_600" [awn_int8.cpp:190]   --->   Operation 324 'add' 'add_ln190_255' <Predicate = true> <Delay = 0.85> <CoreInst = "Adder">   --->   Core 1 'Adder' <Latency = 0> <II = 1> <Delay = 0.85> <FuncUnit> <Opcode : 'add' 'sub'> <InPorts = 2> <OutPorts = 1>
ST_5 : Operation 325 [1/1] (0.00ns)   --->   "%sext_ln190_602 = sext i17 %add_ln190_255" [awn_int8.cpp:190]   --->   Operation 325 'sext' 'sext_ln190_602' <Predicate = true> <Delay = 0.00>
ST_5 : Operation 326 [1/2] (0.64ns) (root node of the DSP)   --->   "%add_ln190_256 = add i16 %sext_ln190_584, i16 %sext_ln190_591" [awn_int8.cpp:190]   --->   Operation 326 'add' 'add_ln190_256' <Predicate = true> <Delay = 0.64> <CoreInst = "DSP48">   --->   Core 127 'DSP48' <Latency = 3> <II = 1> <Delay = 0.53> <IPBlock> <Opcode : '' 'add' 'sub' 'mul' 'select'> <InPorts = 0> <OutPorts = 1> <Sync> <CReg>
ST_5 : Operation 327 [1/1] (0.00ns)   --->   "%sext_ln190_603 = sext i16 %add_ln190_256" [awn_int8.cpp:190]   --->   Operation 327 'sext' 'sext_ln190_603' <Predicate = true> <Delay = 0.00>
ST_5 : Operation 328 [1/2] (0.64ns) (root node of the DSP)   --->   "%add_ln190_257 = add i16 %sext_ln190_581, i16 %sext_ln190_596" [awn_int8.cpp:190]   --->   Operation 328 'add' 'add_ln190_257' <Predicate = true> <Delay = 0.64> <CoreInst = "DSP48">   --->   Core 127 'DSP48' <Latency = 3> <II = 1> <Delay = 0.53> <IPBlock> <Opcode : '' 'add' 'sub' 'mul' 'select'> <InPorts = 0> <OutPorts = 1> <Sync> <CReg>
ST_5 : Operation 329 [1/1] (0.00ns)   --->   "%sext_ln190_604 = sext i16 %add_ln190_257" [awn_int8.cpp:190]   --->   Operation 329 'sext' 'sext_ln190_604' <Predicate = true> <Delay = 0.00>
ST_5 : Operation 330 [1/1] (0.85ns)   --->   "%add_ln190_258 = add i17 %sext_ln190_604, i17 %sext_ln190_603" [awn_int8.cpp:190]   --->   Operation 330 'add' 'add_ln190_258' <Predicate = true> <Delay = 0.85> <CoreInst = "Adder">   --->   Core 1 'Adder' <Latency = 0> <II = 1> <Delay = 0.85> <FuncUnit> <Opcode : 'add' 'sub'> <InPorts = 2> <OutPorts = 1>
ST_5 : Operation 331 [1/1] (0.00ns)   --->   "%sext_ln190_605 = sext i17 %add_ln190_258" [awn_int8.cpp:190]   --->   Operation 331 'sext' 'sext_ln190_605' <Predicate = true> <Delay = 0.00>
ST_5 : Operation 332 [1/1] (0.86ns)   --->   "%add_ln190_259 = add i18 %sext_ln190_605, i18 %sext_ln190_602" [awn_int8.cpp:190]   --->   Operation 332 'add' 'add_ln190_259' <Predicate = true> <Delay = 0.86> <CoreInst = "Adder">   --->   Core 1 'Adder' <Latency = 0> <II = 1> <Delay = 0.86> <FuncUnit> <Opcode : 'add' 'sub'> <InPorts = 2> <OutPorts = 1>
ST_5 : Operation 333 [1/1] (0.00ns)   --->   "%sext_ln190_606 = sext i18 %add_ln190_259" [awn_int8.cpp:190]   --->   Operation 333 'sext' 'sext_ln190_606' <Predicate = true> <Delay = 0.00>
ST_5 : Operation 334 [1/2] (0.64ns) (root node of the DSP)   --->   "%add_ln190_260 = add i16 %sext_ln190_594, i16 %sext_ln190_574" [awn_int8.cpp:190]   --->   Operation 334 'add' 'add_ln190_260' <Predicate = true> <Delay = 0.64> <CoreInst = "DSP48">   --->   Core 127 'DSP48' <Latency = 3> <II = 1> <Delay = 0.53> <IPBlock> <Opcode : '' 'add' 'sub' 'mul' 'select'> <InPorts = 0> <OutPorts = 1> <Sync> <CReg>
ST_5 : Operation 335 [1/1] (0.00ns)   --->   "%sext_ln190_607 = sext i16 %add_ln190_260" [awn_int8.cpp:190]   --->   Operation 335 'sext' 'sext_ln190_607' <Predicate = true> <Delay = 0.00>
ST_5 : Operation 336 [1/2] (0.64ns) (root node of the DSP)   --->   "%add_ln190_261 = add i15 %sext_ln190_585, i15 %mul_ln190_280" [awn_int8.cpp:190]   --->   Operation 336 'add' 'add_ln190_261' <Predicate = true> <Delay = 0.64> <CoreInst = "DSP48">   --->   Core 127 'DSP48' <Latency = 3> <II = 1> <Delay = 0.53> <IPBlock> <Opcode : '' 'add' 'sub' 'mul' 'select'> <InPorts = 0> <OutPorts = 1> <Sync> <CReg>
ST_5 : Operation 337 [1/1] (0.00ns)   --->   "%sext_ln190_608 = sext i15 %add_ln190_261" [awn_int8.cpp:190]   --->   Operation 337 'sext' 'sext_ln190_608' <Predicate = true> <Delay = 0.00>
ST_5 : Operation 338 [1/1] (0.85ns)   --->   "%add_ln190_262 = add i17 %sext_ln190_608, i17 %sext_ln190_607" [awn_int8.cpp:190]   --->   Operation 338 'add' 'add_ln190_262' <Predicate = true> <Delay = 0.85> <CoreInst = "Adder">   --->   Core 1 'Adder' <Latency = 0> <II = 1> <Delay = 0.85> <FuncUnit> <Opcode : 'add' 'sub'> <InPorts = 2> <OutPorts = 1>
ST_5 : Operation 339 [1/1] (0.00ns)   --->   "%sext_ln190_609 = sext i17 %add_ln190_262" [awn_int8.cpp:190]   --->   Operation 339 'sext' 'sext_ln190_609' <Predicate = true> <Delay = 0.00>
ST_5 : Operation 340 [1/2] (0.64ns) (root node of the DSP)   --->   "%add_ln190_263 = add i16 %sext_ln190_590, i16 %sext_ln190_582" [awn_int8.cpp:190]   --->   Operation 340 'add' 'add_ln190_263' <Predicate = true> <Delay = 0.64> <CoreInst = "DSP48">   --->   Core 127 'DSP48' <Latency = 3> <II = 1> <Delay = 0.53> <IPBlock> <Opcode : '' 'add' 'sub' 'mul' 'select'> <InPorts = 0> <OutPorts = 1> <Sync> <CReg>
ST_5 : Operation 341 [1/1] (0.00ns)   --->   "%sext_ln190_610 = sext i16 %add_ln190_263" [awn_int8.cpp:190]   --->   Operation 341 'sext' 'sext_ln190_610' <Predicate = true> <Delay = 0.00>
ST_5 : Operation 342 [1/2] (0.64ns) (root node of the DSP)   --->   "%add_ln190_264 = add i16 %sext_ln190_577, i16 %sext_ln190_571" [awn_int8.cpp:190]   --->   Operation 342 'add' 'add_ln190_264' <Predicate = true> <Delay = 0.64> <CoreInst = "DSP48">   --->   Core 127 'DSP48' <Latency = 3> <II = 1> <Delay = 0.53> <IPBlock> <Opcode : '' 'add' 'sub' 'mul' 'select'> <InPorts = 0> <OutPorts = 1> <Sync> <CReg>
ST_5 : Operation 343 [1/1] (0.00ns)   --->   "%sext_ln190_611 = sext i16 %add_ln190_264" [awn_int8.cpp:190]   --->   Operation 343 'sext' 'sext_ln190_611' <Predicate = true> <Delay = 0.00>
ST_5 : Operation 344 [1/1] (0.85ns)   --->   "%add_ln190_265 = add i17 %sext_ln190_611, i17 %sext_ln190_610" [awn_int8.cpp:190]   --->   Operation 344 'add' 'add_ln190_265' <Predicate = true> <Delay = 0.85> <CoreInst = "Adder">   --->   Core 1 'Adder' <Latency = 0> <II = 1> <Delay = 0.85> <FuncUnit> <Opcode : 'add' 'sub'> <InPorts = 2> <OutPorts = 1>
ST_5 : Operation 345 [1/1] (0.00ns)   --->   "%sext_ln190_612 = sext i17 %add_ln190_265" [awn_int8.cpp:190]   --->   Operation 345 'sext' 'sext_ln190_612' <Predicate = true> <Delay = 0.00>
ST_5 : Operation 346 [1/1] (0.86ns)   --->   "%add_ln190_266 = add i18 %sext_ln190_612, i18 %sext_ln190_609" [awn_int8.cpp:190]   --->   Operation 346 'add' 'add_ln190_266' <Predicate = true> <Delay = 0.86> <CoreInst = "Adder">   --->   Core 1 'Adder' <Latency = 0> <II = 1> <Delay = 0.86> <FuncUnit> <Opcode : 'add' 'sub'> <InPorts = 2> <OutPorts = 1>
ST_5 : Operation 347 [1/1] (0.00ns)   --->   "%sext_ln190_613 = sext i18 %add_ln190_266" [awn_int8.cpp:190]   --->   Operation 347 'sext' 'sext_ln190_613' <Predicate = true> <Delay = 0.00>
ST_5 : Operation 348 [1/1] (0.87ns)   --->   "%add_ln190_267 = add i19 %sext_ln190_613, i19 %sext_ln190_606" [awn_int8.cpp:190]   --->   Operation 348 'add' 'add_ln190_267' <Predicate = true> <Delay = 0.87> <CoreInst = "Adder">   --->   Core 1 'Adder' <Latency = 0> <II = 1> <Delay = 0.87> <FuncUnit> <Opcode : 'add' 'sub'> <InPorts = 2> <OutPorts = 1>
ST_5 : Operation 349 [1/2] (0.64ns) (root node of the DSP)   --->   "%add_ln190_268 = add i16 %sext_ln190_599, i16 %sext_ln190_573" [awn_int8.cpp:190]   --->   Operation 349 'add' 'add_ln190_268' <Predicate = true> <Delay = 0.64> <CoreInst = "DSP48">   --->   Core 127 'DSP48' <Latency = 3> <II = 1> <Delay = 0.53> <IPBlock> <Opcode : '' 'add' 'sub' 'mul' 'select'> <InPorts = 0> <OutPorts = 1> <Sync> <CReg>
ST_5 : Operation 350 [1/1] (0.00ns)   --->   "%sext_ln190_615 = sext i16 %add_ln190_268" [awn_int8.cpp:190]   --->   Operation 350 'sext' 'sext_ln190_615' <Predicate = true> <Delay = 0.00>
ST_5 : Operation 351 [1/2] (0.64ns) (root node of the DSP)   --->   "%add_ln190_269 = add i16 %sext_ln190_580, i16 %sext_ln190_588" [awn_int8.cpp:190]   --->   Operation 351 'add' 'add_ln190_269' <Predicate = true> <Delay = 0.64> <CoreInst = "DSP48">   --->   Core 127 'DSP48' <Latency = 3> <II = 1> <Delay = 0.53> <IPBlock> <Opcode : '' 'add' 'sub' 'mul' 'select'> <InPorts = 0> <OutPorts = 1> <Sync> <CReg>
ST_5 : Operation 352 [1/1] (0.00ns)   --->   "%sext_ln190_616 = sext i16 %add_ln190_269" [awn_int8.cpp:190]   --->   Operation 352 'sext' 'sext_ln190_616' <Predicate = true> <Delay = 0.00>
ST_5 : Operation 353 [1/1] (0.85ns)   --->   "%add_ln190_270 = add i17 %sext_ln190_616, i17 %sext_ln190_615" [awn_int8.cpp:190]   --->   Operation 353 'add' 'add_ln190_270' <Predicate = true> <Delay = 0.85> <CoreInst = "Adder">   --->   Core 1 'Adder' <Latency = 0> <II = 1> <Delay = 0.85> <FuncUnit> <Opcode : 'add' 'sub'> <InPorts = 2> <OutPorts = 1>
ST_5 : Operation 354 [1/1] (0.00ns)   --->   "%sext_ln190_617 = sext i17 %add_ln190_270" [awn_int8.cpp:190]   --->   Operation 354 'sext' 'sext_ln190_617' <Predicate = true> <Delay = 0.00>
ST_5 : Operation 355 [1/2] (0.64ns) (root node of the DSP)   --->   "%add_ln190_271 = add i15 %sext_ln190_598, i15 %mul_ln190_267" [awn_int8.cpp:190]   --->   Operation 355 'add' 'add_ln190_271' <Predicate = true> <Delay = 0.64> <CoreInst = "DSP48">   --->   Core 127 'DSP48' <Latency = 3> <II = 1> <Delay = 0.53> <IPBlock> <Opcode : '' 'add' 'sub' 'mul' 'select'> <InPorts = 0> <OutPorts = 1> <Sync> <CReg>
ST_5 : Operation 356 [1/1] (0.00ns)   --->   "%sext_ln190_618 = sext i15 %add_ln190_271" [awn_int8.cpp:190]   --->   Operation 356 'sext' 'sext_ln190_618' <Predicate = true> <Delay = 0.00>
ST_5 : Operation 357 [1/2] (0.64ns) (root node of the DSP)   --->   "%add_ln190_272 = add i16 %sext_ln190_597, i16 %sext_ln190_586" [awn_int8.cpp:190]   --->   Operation 357 'add' 'add_ln190_272' <Predicate = true> <Delay = 0.64> <CoreInst = "DSP48">   --->   Core 127 'DSP48' <Latency = 3> <II = 1> <Delay = 0.53> <IPBlock> <Opcode : '' 'add' 'sub' 'mul' 'select'> <InPorts = 0> <OutPorts = 1> <Sync> <CReg>
ST_5 : Operation 358 [1/1] (0.00ns)   --->   "%sext_ln190_619 = sext i16 %add_ln190_272" [awn_int8.cpp:190]   --->   Operation 358 'sext' 'sext_ln190_619' <Predicate = true> <Delay = 0.00>
ST_5 : Operation 359 [1/1] (0.85ns)   --->   "%add_ln190_273 = add i17 %sext_ln190_619, i17 %sext_ln190_618" [awn_int8.cpp:190]   --->   Operation 359 'add' 'add_ln190_273' <Predicate = true> <Delay = 0.85> <CoreInst = "Adder">   --->   Core 1 'Adder' <Latency = 0> <II = 1> <Delay = 0.85> <FuncUnit> <Opcode : 'add' 'sub'> <InPorts = 2> <OutPorts = 1>
ST_5 : Operation 360 [1/1] (0.00ns)   --->   "%sext_ln190_620 = sext i17 %add_ln190_273" [awn_int8.cpp:190]   --->   Operation 360 'sext' 'sext_ln190_620' <Predicate = true> <Delay = 0.00>
ST_5 : Operation 361 [1/1] (0.86ns)   --->   "%add_ln190_274 = add i18 %sext_ln190_620, i18 %sext_ln190_617" [awn_int8.cpp:190]   --->   Operation 361 'add' 'add_ln190_274' <Predicate = true> <Delay = 0.86> <CoreInst = "Adder">   --->   Core 1 'Adder' <Latency = 0> <II = 1> <Delay = 0.86> <FuncUnit> <Opcode : 'add' 'sub'> <InPorts = 2> <OutPorts = 1>
ST_5 : Operation 362 [1/1] (0.00ns)   --->   "%sext_ln190_621 = sext i18 %add_ln190_274" [awn_int8.cpp:190]   --->   Operation 362 'sext' 'sext_ln190_621' <Predicate = true> <Delay = 0.00>
ST_5 : Operation 363 [1/2] (0.64ns) (root node of the DSP)   --->   "%add_ln190_275 = add i16 %sext_ln190_576, i16 %sext_ln190_595" [awn_int8.cpp:190]   --->   Operation 363 'add' 'add_ln190_275' <Predicate = true> <Delay = 0.64> <CoreInst = "DSP48">   --->   Core 127 'DSP48' <Latency = 3> <II = 1> <Delay = 0.53> <IPBlock> <Opcode : '' 'add' 'sub' 'mul' 'select'> <InPorts = 0> <OutPorts = 1> <Sync> <CReg>
ST_5 : Operation 364 [1/1] (0.00ns)   --->   "%sext_ln190_622 = sext i16 %add_ln190_275" [awn_int8.cpp:190]   --->   Operation 364 'sext' 'sext_ln190_622' <Predicate = true> <Delay = 0.00>
ST_5 : Operation 365 [1/2] (0.64ns) (root node of the DSP)   --->   "%add_ln190_276 = add i16 %sext_ln190_589, i16 %sext_ln190_583" [awn_int8.cpp:190]   --->   Operation 365 'add' 'add_ln190_276' <Predicate = true> <Delay = 0.64> <CoreInst = "DSP48">   --->   Core 127 'DSP48' <Latency = 3> <II = 1> <Delay = 0.53> <IPBlock> <Opcode : '' 'add' 'sub' 'mul' 'select'> <InPorts = 0> <OutPorts = 1> <Sync> <CReg>
ST_5 : Operation 366 [1/1] (0.00ns)   --->   "%sext_ln190_623 = sext i16 %add_ln190_276" [awn_int8.cpp:190]   --->   Operation 366 'sext' 'sext_ln190_623' <Predicate = true> <Delay = 0.00>
ST_5 : Operation 367 [1/1] (0.85ns)   --->   "%add_ln190_277 = add i17 %sext_ln190_623, i17 %sext_ln190_622" [awn_int8.cpp:190]   --->   Operation 367 'add' 'add_ln190_277' <Predicate = true> <Delay = 0.85> <CoreInst = "Adder">   --->   Core 1 'Adder' <Latency = 0> <II = 1> <Delay = 0.85> <FuncUnit> <Opcode : 'add' 'sub'> <InPorts = 2> <OutPorts = 1>
ST_5 : Operation 368 [1/1] (0.00ns)   --->   "%sext_ln190_624 = sext i17 %add_ln190_277" [awn_int8.cpp:190]   --->   Operation 368 'sext' 'sext_ln190_624' <Predicate = true> <Delay = 0.00>
ST_5 : Operation 369 [1/2] (0.64ns) (root node of the DSP)   --->   "%add_ln190_278 = add i16 %sext_ln190_579, i16 %sext_ln190_575" [awn_int8.cpp:190]   --->   Operation 369 'add' 'add_ln190_278' <Predicate = true> <Delay = 0.64> <CoreInst = "DSP48">   --->   Core 127 'DSP48' <Latency = 3> <II = 1> <Delay = 0.53> <IPBlock> <Opcode : '' 'add' 'sub' 'mul' 'select'> <InPorts = 0> <OutPorts = 1> <Sync> <CReg>
ST_5 : Operation 370 [1/1] (0.00ns)   --->   "%sext_ln190_625 = sext i16 %add_ln190_278" [awn_int8.cpp:190]   --->   Operation 370 'sext' 'sext_ln190_625' <Predicate = true> <Delay = 0.00>
ST_5 : Operation 371 [1/2] (0.64ns) (root node of the DSP)   --->   "%add_ln190_279 = add i16 %sext_ln190_572, i16 %sext_ln190_570" [awn_int8.cpp:190]   --->   Operation 371 'add' 'add_ln190_279' <Predicate = true> <Delay = 0.64> <CoreInst = "DSP48">   --->   Core 127 'DSP48' <Latency = 3> <II = 1> <Delay = 0.53> <IPBlock> <Opcode : '' 'add' 'sub' 'mul' 'select'> <InPorts = 0> <OutPorts = 1> <Sync> <CReg>
ST_5 : Operation 372 [1/1] (0.00ns)   --->   "%sext_ln190_626 = sext i16 %add_ln190_279" [awn_int8.cpp:190]   --->   Operation 372 'sext' 'sext_ln190_626' <Predicate = true> <Delay = 0.00>
ST_5 : Operation 373 [1/1] (0.85ns)   --->   "%add_ln190_280 = add i17 %sext_ln190_626, i17 %sext_ln190_625" [awn_int8.cpp:190]   --->   Operation 373 'add' 'add_ln190_280' <Predicate = true> <Delay = 0.85> <CoreInst = "Adder">   --->   Core 1 'Adder' <Latency = 0> <II = 1> <Delay = 0.85> <FuncUnit> <Opcode : 'add' 'sub'> <InPorts = 2> <OutPorts = 1>
ST_5 : Operation 374 [1/1] (0.00ns)   --->   "%sext_ln190_627 = sext i17 %add_ln190_280" [awn_int8.cpp:190]   --->   Operation 374 'sext' 'sext_ln190_627' <Predicate = true> <Delay = 0.00>
ST_5 : Operation 375 [1/1] (0.86ns)   --->   "%add_ln190_281 = add i18 %sext_ln190_627, i18 %sext_ln190_624" [awn_int8.cpp:190]   --->   Operation 375 'add' 'add_ln190_281' <Predicate = true> <Delay = 0.86> <CoreInst = "Adder">   --->   Core 1 'Adder' <Latency = 0> <II = 1> <Delay = 0.86> <FuncUnit> <Opcode : 'add' 'sub'> <InPorts = 2> <OutPorts = 1>
ST_5 : Operation 376 [1/1] (0.00ns)   --->   "%sext_ln190_628 = sext i18 %add_ln190_281" [awn_int8.cpp:190]   --->   Operation 376 'sext' 'sext_ln190_628' <Predicate = true> <Delay = 0.00>
ST_5 : Operation 377 [1/1] (0.87ns)   --->   "%add_ln190_282 = add i19 %sext_ln190_628, i19 %sext_ln190_621" [awn_int8.cpp:190]   --->   Operation 377 'add' 'add_ln190_282' <Predicate = true> <Delay = 0.87> <CoreInst = "Adder">   --->   Core 1 'Adder' <Latency = 0> <II = 1> <Delay = 0.87> <FuncUnit> <Opcode : 'add' 'sub'> <InPorts = 2> <OutPorts = 1>
ST_5 : Operation 387 [1/1] (0.00ns)   --->   "%ret_ln0 = ret"   --->   Operation 387 'ret' 'ret_ln0' <Predicate = (icmp_ln186)> <Delay = 0.00>

State 6 <SV = 5> <Delay = 2.12>
ST_6 : Operation 378 [1/1] (0.00ns)   --->   "%specpipeline_ln187 = specpipeline void @_ssdm_op_SpecPipeline, i32 1, i32 0, i32 0, i32 0, void @empty_3" [awn_int8.cpp:187]   --->   Operation 378 'specpipeline' 'specpipeline_ln187' <Predicate = true> <Delay = 0.00>
ST_6 : Operation 379 [1/1] (0.00ns)   --->   "%speclooptripcount_ln186 = speclooptripcount void @_ssdm_op_SpecLoopTripCount, i64 128, i64 128, i64 128" [awn_int8.cpp:186]   --->   Operation 379 'speclooptripcount' 'speclooptripcount_ln186' <Predicate = true> <Delay = 0.00>
ST_6 : Operation 380 [1/1] (0.00ns)   --->   "%specloopname_ln186 = specloopname void @_ssdm_op_SpecLoopName, void @empty_4" [awn_int8.cpp:186]   --->   Operation 380 'specloopname' 'specloopname_ln186' <Predicate = true> <Delay = 0.00>
ST_6 : Operation 381 [1/1] (0.00ns)   --->   "%sext_ln190_614 = sext i19 %add_ln190_267" [awn_int8.cpp:190]   --->   Operation 381 'sext' 'sext_ln190_614' <Predicate = true> <Delay = 0.00>
ST_6 : Operation 382 [1/1] (0.00ns)   --->   "%sext_ln190_629 = sext i19 %add_ln190_282" [awn_int8.cpp:190]   --->   Operation 382 'sext' 'sext_ln190_629' <Predicate = true> <Delay = 0.00>
ST_6 : Operation 383 [1/1] (0.88ns)   --->   "%acc = add i20 %sext_ln190_629, i20 %sext_ln190_614" [awn_int8.cpp:190]   --->   Operation 383 'add' 'acc' <Predicate = true> <Delay = 0.88> <CoreInst = "Adder">   --->   Core 1 'Adder' <Latency = 0> <II = 1> <Delay = 0.88> <FuncUnit> <Opcode : 'add' 'sub'> <InPorts = 2> <OutPorts = 1>
ST_6 : Operation 384 [1/1] (0.00ns)   --->   "%out_addr = getelementptr i20 %out_r, i64 0, i64 %zext_ln186_1" [awn_int8.cpp:192]   --->   Operation 384 'getelementptr' 'out_addr' <Predicate = true> <Delay = 0.00>
ST_6 : Operation 385 [1/1] (1.23ns)   --->   "%store_ln192 = store i20 %acc, i7 %out_addr" [awn_int8.cpp:192]   --->   Operation 385 'store' 'store_ln192' <Predicate = true> <Delay = 1.23> <CoreInst = "RAM">   --->   Core 83 'RAM' <Latency = 1> <II = 1> <Delay = 1.23> <Storage> <Opcode : 'load' 'store'> <Ports = 2> <Width = 20> <Depth = 128> <RAM>
ST_6 : Operation 386 [1/1] (0.00ns)   --->   "%br_ln186 = br void %VITIS_LOOP_189_2" [awn_int8.cpp:186]   --->   Operation 386 'br' 'br_ln186' <Predicate = true> <Delay = 0.00>


============================================================
+ Verbose Summary: Timing violations
============================================================
Target clock period: 5.000ns, clock uncertainty: 1.350ns.

 <State 1>: 1.664ns
The critical path consists of the following:
	'store' operation 0 bit ('store_ln186', awn_int8.cpp:186) of constant 0 on local variable 'm', awn_int8.cpp:186 [131]  (0.427 ns)
	'load' operation 8 bit ('m', awn_int8.cpp:186) on local variable 'm', awn_int8.cpp:186 [134]  (0.000 ns)
	'getelementptr' operation 7 bit ('p_ZL4Wse3_0_addr', awn_int8.cpp:190) [143]  (0.000 ns)
	'load' operation 8 bit ('p_ZL4Wse3_0_load', awn_int8.cpp:190) on array 'p_ZL4Wse3_0' [175]  (1.237 ns)

 <State 2>: 2.233ns
The critical path consists of the following:
	'load' operation 8 bit ('p_ZL4Wse3_31_load', awn_int8.cpp:190) on array 'p_ZL4Wse3_31' [237]  (1.237 ns)
	'mul' operation 15 bit of DSP[353] ('mul_ln190', awn_int8.cpp:190) [239]  (0.996 ns)

 <State 3>: 1.237ns
The critical path consists of the following:
	'getelementptr' operation 7 bit ('p_ZL4Wse3_1_addr', awn_int8.cpp:190) [144]  (0.000 ns)
	'load' operation 8 bit ('p_ZL4Wse3_1_load', awn_int8.cpp:190) on array 'p_ZL4Wse3_1' [177]  (1.237 ns)

 <State 4>: 3.532ns
The critical path consists of the following:
	'load' operation 8 bit ('p_ZL4Wse3_1_load', awn_int8.cpp:190) on array 'p_ZL4Wse3_1' [177]  (1.237 ns)
	'mul' operation 15 bit ('mul_ln190_277', awn_int8.cpp:190) [284]  (1.650 ns)
	'add' operation 16 bit of DSP[301] ('add_ln190', awn_int8.cpp:190) [301]  (0.645 ns)

 <State 5>: 3.235ns
The critical path consists of the following:
	'add' operation 16 bit of DSP[301] ('add_ln190', awn_int8.cpp:190) [301]  (0.645 ns)
	'add' operation 17 bit ('add_ln190_255', awn_int8.cpp:190) [305]  (0.853 ns)
	'add' operation 18 bit ('add_ln190_259', awn_int8.cpp:190) [313]  (0.863 ns)
	'add' operation 19 bit ('add_ln190_267', awn_int8.cpp:190) [329]  (0.873 ns)

 <State 6>: 2.121ns
The critical path consists of the following:
	'add' operation 20 bit ('acc', awn_int8.cpp:190) [361]  (0.884 ns)
	'store' operation 0 bit ('store_ln192', awn_int8.cpp:192) of variable 'acc', awn_int8.cpp:190 on array 'out_r' [363]  (1.237 ns)


============================================================
+ Verbose Summary: Binding
============================================================
N/A
* FSMD analyzer results:
  - Output states:
 - Input state : 
  - Chain level:
	State 1
	State 2
	State 3
	State 4
	State 5
	State 6


============================================================
+ Verbose Summary: Datapath Resource usage 
============================================================
N/A
