

================================================================
== Vitis HLS Report for 'linear_acc_11_320_s'
================================================================
* Date:           Sat May 30 20:41:07 2026

* Version:        2023.2 (Build 4023990 on Oct 11 2023)
* Project:        proj_awn_int8
* Solution:       solution1 (Vivado IP Flow Target)
* Product family: zynquplus
* Target device:  xczu7ev-ffvc1156-2-e


================================================================
== Performance Estimates
================================================================
+ Timing: 
    * Summary: 
    +--------+---------+----------+------------+
    |  Clock |  Target | Estimated| Uncertainty|
    +--------+---------+----------+------------+
    |ap_clk  |  5.00 ns|  3.555 ns|     1.35 ns|
    +--------+---------+----------+------------+

+ Latency: 
    * Summary: 
    +---------+---------+----------+----------+-----+-----+---------+
    |  Latency (cycles) |  Latency (absolute) |  Interval | Pipeline|
    |   min   |   max   |    min   |    max   | min | max |   Type  |
    +---------+---------+----------+----------+-----+-----+---------+
    |      180|      180|  0.900 us|  0.900 us|  180|  180|       no|
    +---------+---------+----------+----------+-----+-----+---------+

    + Detail: 
        * Instance: 
        N/A

        * Loop: 
        N/A

============================================================
+ Verbose Summary: Synthesis Manager
============================================================
InlineROM: 1
ExposeGlobal: 0
============================================================
+ Verbose Summary: CDFG Model
============================================================
IsTopModel: 0
ResetActiveHigh: 1
IsCombinational: 0
IsDatapathOnly: 0
HasWiredReturn: 1
HasMFsm: 0
HasVarLatency: 1
IsPipeline: 0
IsRtlPipelined: 0
IsInstanceOverlapped: 0
IsDontTouch: 0
HasImplIP: 0
IsGatedGlobalClock: 0


============================================================
+ Verbose Summary: Schedule
============================================================
* Number of FSM states : 162
* Pipeline : 0
* Dataflow Pipeline: 0

* FSM state transitions: 
1 --> 2 
2 --> 3 
3 --> 4 
4 --> 5 
5 --> 6 
6 --> 7 
7 --> 8 
8 --> 9 
9 --> 10 
10 --> 11 
11 --> 12 
12 --> 13 
13 --> 14 
14 --> 15 
15 --> 16 
16 --> 17 
17 --> 18 
18 --> 19 
19 --> 20 
20 --> 21 
21 --> 22 
22 --> 23 
23 --> 24 
24 --> 25 
25 --> 26 
26 --> 27 
27 --> 28 
28 --> 29 
29 --> 30 
30 --> 31 
31 --> 32 
32 --> 33 
33 --> 34 
34 --> 35 
35 --> 36 
36 --> 37 
37 --> 38 
38 --> 39 
39 --> 40 
40 --> 41 
41 --> 42 
42 --> 43 
43 --> 44 
44 --> 45 
45 --> 46 
46 --> 47 
47 --> 48 
48 --> 49 
49 --> 50 
50 --> 51 
51 --> 52 
52 --> 53 
53 --> 54 
54 --> 55 
55 --> 56 
56 --> 57 
57 --> 58 
58 --> 59 
59 --> 60 
60 --> 61 
61 --> 62 
62 --> 63 
63 --> 64 
64 --> 65 
65 --> 66 
66 --> 67 
67 --> 68 
68 --> 69 
69 --> 70 
70 --> 71 
71 --> 72 
72 --> 73 
73 --> 74 
74 --> 75 
75 --> 76 
76 --> 77 
77 --> 78 
78 --> 79 
79 --> 80 
80 --> 81 
81 --> 82 
82 --> 83 
83 --> 84 
84 --> 85 
85 --> 86 
86 --> 87 
87 --> 88 
88 --> 89 
89 --> 90 
90 --> 91 
91 --> 92 
92 --> 93 
93 --> 94 
94 --> 95 
95 --> 96 
96 --> 97 
97 --> 98 
98 --> 99 
99 --> 100 
100 --> 101 
101 --> 102 
102 --> 103 
103 --> 104 
104 --> 105 
105 --> 106 
106 --> 107 
107 --> 108 
108 --> 109 
109 --> 110 
110 --> 111 
111 --> 112 
112 --> 113 
113 --> 114 
114 --> 115 
115 --> 116 
116 --> 117 
117 --> 118 
118 --> 119 
119 --> 120 
120 --> 121 
121 --> 122 
122 --> 123 
123 --> 124 
124 --> 125 
125 --> 126 
126 --> 127 
127 --> 128 
128 --> 129 
129 --> 130 
130 --> 131 
131 --> 132 
132 --> 133 
133 --> 134 
134 --> 135 
135 --> 136 
136 --> 137 
137 --> 138 
138 --> 139 
139 --> 140 
140 --> 141 
141 --> 142 
142 --> 143 
143 --> 144 
144 --> 145 
145 --> 146 
146 --> 147 
147 --> 148 
148 --> 149 
149 --> 150 
150 --> 151 
151 --> 152 
152 --> 153 
153 --> 154 
154 --> 155 
155 --> 156 
156 --> 157 
157 --> 158 
158 --> 159 
159 --> 160 
160 --> 161 
161 --> 162 
162 --> 

* FSM state operations: 

State 1 <SV = 0> <Delay = 1.23>
ST_1 : Operation 163 [1/1] (0.00ns)   --->   "%x_addr = getelementptr i8 %x, i64 0, i64 0" [awn_int8.cpp:182]   --->   Operation 163 'getelementptr' 'x_addr' <Predicate = true> <Delay = 0.00>
ST_1 : Operation 164 [2/2] (1.23ns)   --->   "%x_load = load i9 %x_addr" [awn_int8.cpp:182]   --->   Operation 164 'load' 'x_load' <Predicate = true> <Delay = 1.23> <CoreInst = "RAM">   --->   Core 83 'RAM' <Latency = 1> <II = 1> <Delay = 1.23> <Storage> <Opcode : 'load' 'store'> <Ports = 2> <Width = 8> <Depth = 320> <RAM>
ST_1 : Operation 165 [1/1] (0.00ns)   --->   "%x_addr_286 = getelementptr i8 %x, i64 0, i64 1"   --->   Operation 165 'getelementptr' 'x_addr_286' <Predicate = true> <Delay = 0.00>
ST_1 : Operation 166 [2/2] (1.23ns)   --->   "%x_load_286 = load i9 %x_addr_286"   --->   Operation 166 'load' 'x_load_286' <Predicate = true> <Delay = 1.23> <CoreInst = "RAM">   --->   Core 83 'RAM' <Latency = 1> <II = 1> <Delay = 1.23> <Storage> <Opcode : 'load' 'store'> <Ports = 2> <Width = 8> <Depth = 320> <RAM>

State 2 <SV = 1> <Delay = 1.23>
ST_2 : Operation 167 [1/2] (1.23ns)   --->   "%x_load = load i9 %x_addr" [awn_int8.cpp:182]   --->   Operation 167 'load' 'x_load' <Predicate = true> <Delay = 1.23> <CoreInst = "RAM">   --->   Core 83 'RAM' <Latency = 1> <II = 1> <Delay = 1.23> <Storage> <Opcode : 'load' 'store'> <Ports = 2> <Width = 8> <Depth = 320> <RAM>
ST_2 : Operation 168 [1/2] (1.23ns)   --->   "%x_load_286 = load i9 %x_addr_286"   --->   Operation 168 'load' 'x_load_286' <Predicate = true> <Delay = 1.23> <CoreInst = "RAM">   --->   Core 83 'RAM' <Latency = 1> <II = 1> <Delay = 1.23> <Storage> <Opcode : 'load' 'store'> <Ports = 2> <Width = 8> <Depth = 320> <RAM>
ST_2 : Operation 169 [1/1] (0.00ns)   --->   "%x_addr_287 = getelementptr i8 %x, i64 0, i64 2"   --->   Operation 169 'getelementptr' 'x_addr_287' <Predicate = true> <Delay = 0.00>
ST_2 : Operation 170 [2/2] (1.23ns)   --->   "%x_load_287 = load i9 %x_addr_287"   --->   Operation 170 'load' 'x_load_287' <Predicate = true> <Delay = 1.23> <CoreInst = "RAM">   --->   Core 83 'RAM' <Latency = 1> <II = 1> <Delay = 1.23> <Storage> <Opcode : 'load' 'store'> <Ports = 2> <Width = 8> <Depth = 320> <RAM>
ST_2 : Operation 171 [1/1] (0.00ns)   --->   "%x_addr_288 = getelementptr i8 %x, i64 0, i64 3"   --->   Operation 171 'getelementptr' 'x_addr_288' <Predicate = true> <Delay = 0.00>
ST_2 : Operation 172 [2/2] (1.23ns)   --->   "%x_load_288 = load i9 %x_addr_288"   --->   Operation 172 'load' 'x_load_288' <Predicate = true> <Delay = 1.23> <CoreInst = "RAM">   --->   Core 83 'RAM' <Latency = 1> <II = 1> <Delay = 1.23> <Storage> <Opcode : 'load' 'store'> <Ports = 2> <Width = 8> <Depth = 320> <RAM>

State 3 <SV = 2> <Delay = 1.23>
ST_3 : Operation 173 [1/2] (1.23ns)   --->   "%x_load_287 = load i9 %x_addr_287"   --->   Operation 173 'load' 'x_load_287' <Predicate = true> <Delay = 1.23> <CoreInst = "RAM">   --->   Core 83 'RAM' <Latency = 1> <II = 1> <Delay = 1.23> <Storage> <Opcode : 'load' 'store'> <Ports = 2> <Width = 8> <Depth = 320> <RAM>
ST_3 : Operation 174 [1/2] (1.23ns)   --->   "%x_load_288 = load i9 %x_addr_288"   --->   Operation 174 'load' 'x_load_288' <Predicate = true> <Delay = 1.23> <CoreInst = "RAM">   --->   Core 83 'RAM' <Latency = 1> <II = 1> <Delay = 1.23> <Storage> <Opcode : 'load' 'store'> <Ports = 2> <Width = 8> <Depth = 320> <RAM>
ST_3 : Operation 175 [1/1] (0.00ns)   --->   "%x_addr_289 = getelementptr i8 %x, i64 0, i64 4"   --->   Operation 175 'getelementptr' 'x_addr_289' <Predicate = true> <Delay = 0.00>
ST_3 : Operation 176 [2/2] (1.23ns)   --->   "%x_load_289 = load i9 %x_addr_289"   --->   Operation 176 'load' 'x_load_289' <Predicate = true> <Delay = 1.23> <CoreInst = "RAM">   --->   Core 83 'RAM' <Latency = 1> <II = 1> <Delay = 1.23> <Storage> <Opcode : 'load' 'store'> <Ports = 2> <Width = 8> <Depth = 320> <RAM>
ST_3 : Operation 177 [1/1] (0.00ns)   --->   "%x_addr_290 = getelementptr i8 %x, i64 0, i64 5"   --->   Operation 177 'getelementptr' 'x_addr_290' <Predicate = true> <Delay = 0.00>
ST_3 : Operation 178 [2/2] (1.23ns)   --->   "%x_load_290 = load i9 %x_addr_290"   --->   Operation 178 'load' 'x_load_290' <Predicate = true> <Delay = 1.23> <CoreInst = "RAM">   --->   Core 83 'RAM' <Latency = 1> <II = 1> <Delay = 1.23> <Storage> <Opcode : 'load' 'store'> <Ports = 2> <Width = 8> <Depth = 320> <RAM>

State 4 <SV = 3> <Delay = 1.23>
ST_4 : Operation 179 [1/2] (1.23ns)   --->   "%x_load_289 = load i9 %x_addr_289"   --->   Operation 179 'load' 'x_load_289' <Predicate = true> <Delay = 1.23> <CoreInst = "RAM">   --->   Core 83 'RAM' <Latency = 1> <II = 1> <Delay = 1.23> <Storage> <Opcode : 'load' 'store'> <Ports = 2> <Width = 8> <Depth = 320> <RAM>
ST_4 : Operation 180 [1/2] (1.23ns)   --->   "%x_load_290 = load i9 %x_addr_290"   --->   Operation 180 'load' 'x_load_290' <Predicate = true> <Delay = 1.23> <CoreInst = "RAM">   --->   Core 83 'RAM' <Latency = 1> <II = 1> <Delay = 1.23> <Storage> <Opcode : 'load' 'store'> <Ports = 2> <Width = 8> <Depth = 320> <RAM>
ST_4 : Operation 181 [1/1] (0.00ns)   --->   "%x_addr_291 = getelementptr i8 %x, i64 0, i64 6"   --->   Operation 181 'getelementptr' 'x_addr_291' <Predicate = true> <Delay = 0.00>
ST_4 : Operation 182 [2/2] (1.23ns)   --->   "%x_load_291 = load i9 %x_addr_291"   --->   Operation 182 'load' 'x_load_291' <Predicate = true> <Delay = 1.23> <CoreInst = "RAM">   --->   Core 83 'RAM' <Latency = 1> <II = 1> <Delay = 1.23> <Storage> <Opcode : 'load' 'store'> <Ports = 2> <Width = 8> <Depth = 320> <RAM>
ST_4 : Operation 183 [1/1] (0.00ns)   --->   "%x_addr_292 = getelementptr i8 %x, i64 0, i64 7"   --->   Operation 183 'getelementptr' 'x_addr_292' <Predicate = true> <Delay = 0.00>
ST_4 : Operation 184 [2/2] (1.23ns)   --->   "%x_load_292 = load i9 %x_addr_292"   --->   Operation 184 'load' 'x_load_292' <Predicate = true> <Delay = 1.23> <CoreInst = "RAM">   --->   Core 83 'RAM' <Latency = 1> <II = 1> <Delay = 1.23> <Storage> <Opcode : 'load' 'store'> <Ports = 2> <Width = 8> <Depth = 320> <RAM>

State 5 <SV = 4> <Delay = 1.23>
ST_5 : Operation 185 [1/2] (1.23ns)   --->   "%x_load_291 = load i9 %x_addr_291"   --->   Operation 185 'load' 'x_load_291' <Predicate = true> <Delay = 1.23> <CoreInst = "RAM">   --->   Core 83 'RAM' <Latency = 1> <II = 1> <Delay = 1.23> <Storage> <Opcode : 'load' 'store'> <Ports = 2> <Width = 8> <Depth = 320> <RAM>
ST_5 : Operation 186 [1/2] (1.23ns)   --->   "%x_load_292 = load i9 %x_addr_292"   --->   Operation 186 'load' 'x_load_292' <Predicate = true> <Delay = 1.23> <CoreInst = "RAM">   --->   Core 83 'RAM' <Latency = 1> <II = 1> <Delay = 1.23> <Storage> <Opcode : 'load' 'store'> <Ports = 2> <Width = 8> <Depth = 320> <RAM>
ST_5 : Operation 187 [1/1] (0.00ns)   --->   "%x_addr_293 = getelementptr i8 %x, i64 0, i64 8"   --->   Operation 187 'getelementptr' 'x_addr_293' <Predicate = true> <Delay = 0.00>
ST_5 : Operation 188 [2/2] (1.23ns)   --->   "%x_load_293 = load i9 %x_addr_293"   --->   Operation 188 'load' 'x_load_293' <Predicate = true> <Delay = 1.23> <CoreInst = "RAM">   --->   Core 83 'RAM' <Latency = 1> <II = 1> <Delay = 1.23> <Storage> <Opcode : 'load' 'store'> <Ports = 2> <Width = 8> <Depth = 320> <RAM>
ST_5 : Operation 189 [1/1] (0.00ns)   --->   "%x_addr_294 = getelementptr i8 %x, i64 0, i64 9"   --->   Operation 189 'getelementptr' 'x_addr_294' <Predicate = true> <Delay = 0.00>
ST_5 : Operation 190 [2/2] (1.23ns)   --->   "%x_load_294 = load i9 %x_addr_294"   --->   Operation 190 'load' 'x_load_294' <Predicate = true> <Delay = 1.23> <CoreInst = "RAM">   --->   Core 83 'RAM' <Latency = 1> <II = 1> <Delay = 1.23> <Storage> <Opcode : 'load' 'store'> <Ports = 2> <Width = 8> <Depth = 320> <RAM>

State 6 <SV = 5> <Delay = 1.23>
ST_6 : Operation 191 [1/2] (1.23ns)   --->   "%x_load_293 = load i9 %x_addr_293"   --->   Operation 191 'load' 'x_load_293' <Predicate = true> <Delay = 1.23> <CoreInst = "RAM">   --->   Core 83 'RAM' <Latency = 1> <II = 1> <Delay = 1.23> <Storage> <Opcode : 'load' 'store'> <Ports = 2> <Width = 8> <Depth = 320> <RAM>
ST_6 : Operation 192 [1/2] (1.23ns)   --->   "%x_load_294 = load i9 %x_addr_294"   --->   Operation 192 'load' 'x_load_294' <Predicate = true> <Delay = 1.23> <CoreInst = "RAM">   --->   Core 83 'RAM' <Latency = 1> <II = 1> <Delay = 1.23> <Storage> <Opcode : 'load' 'store'> <Ports = 2> <Width = 8> <Depth = 320> <RAM>
ST_6 : Operation 193 [1/1] (0.00ns)   --->   "%x_addr_295 = getelementptr i8 %x, i64 0, i64 10"   --->   Operation 193 'getelementptr' 'x_addr_295' <Predicate = true> <Delay = 0.00>
ST_6 : Operation 194 [2/2] (1.23ns)   --->   "%x_load_295 = load i9 %x_addr_295"   --->   Operation 194 'load' 'x_load_295' <Predicate = true> <Delay = 1.23> <CoreInst = "RAM">   --->   Core 83 'RAM' <Latency = 1> <II = 1> <Delay = 1.23> <Storage> <Opcode : 'load' 'store'> <Ports = 2> <Width = 8> <Depth = 320> <RAM>
ST_6 : Operation 195 [1/1] (0.00ns)   --->   "%x_addr_296 = getelementptr i8 %x, i64 0, i64 11"   --->   Operation 195 'getelementptr' 'x_addr_296' <Predicate = true> <Delay = 0.00>
ST_6 : Operation 196 [2/2] (1.23ns)   --->   "%x_load_296 = load i9 %x_addr_296"   --->   Operation 196 'load' 'x_load_296' <Predicate = true> <Delay = 1.23> <CoreInst = "RAM">   --->   Core 83 'RAM' <Latency = 1> <II = 1> <Delay = 1.23> <Storage> <Opcode : 'load' 'store'> <Ports = 2> <Width = 8> <Depth = 320> <RAM>

State 7 <SV = 6> <Delay = 1.23>
ST_7 : Operation 197 [1/2] (1.23ns)   --->   "%x_load_295 = load i9 %x_addr_295"   --->   Operation 197 'load' 'x_load_295' <Predicate = true> <Delay = 1.23> <CoreInst = "RAM">   --->   Core 83 'RAM' <Latency = 1> <II = 1> <Delay = 1.23> <Storage> <Opcode : 'load' 'store'> <Ports = 2> <Width = 8> <Depth = 320> <RAM>
ST_7 : Operation 198 [1/2] (1.23ns)   --->   "%x_load_296 = load i9 %x_addr_296"   --->   Operation 198 'load' 'x_load_296' <Predicate = true> <Delay = 1.23> <CoreInst = "RAM">   --->   Core 83 'RAM' <Latency = 1> <II = 1> <Delay = 1.23> <Storage> <Opcode : 'load' 'store'> <Ports = 2> <Width = 8> <Depth = 320> <RAM>
ST_7 : Operation 199 [1/1] (0.00ns)   --->   "%x_addr_297 = getelementptr i8 %x, i64 0, i64 12"   --->   Operation 199 'getelementptr' 'x_addr_297' <Predicate = true> <Delay = 0.00>
ST_7 : Operation 200 [2/2] (1.23ns)   --->   "%x_load_297 = load i9 %x_addr_297"   --->   Operation 200 'load' 'x_load_297' <Predicate = true> <Delay = 1.23> <CoreInst = "RAM">   --->   Core 83 'RAM' <Latency = 1> <II = 1> <Delay = 1.23> <Storage> <Opcode : 'load' 'store'> <Ports = 2> <Width = 8> <Depth = 320> <RAM>
ST_7 : Operation 201 [1/1] (0.00ns)   --->   "%x_addr_298 = getelementptr i8 %x, i64 0, i64 13"   --->   Operation 201 'getelementptr' 'x_addr_298' <Predicate = true> <Delay = 0.00>
ST_7 : Operation 202 [2/2] (1.23ns)   --->   "%x_load_298 = load i9 %x_addr_298"   --->   Operation 202 'load' 'x_load_298' <Predicate = true> <Delay = 1.23> <CoreInst = "RAM">   --->   Core 83 'RAM' <Latency = 1> <II = 1> <Delay = 1.23> <Storage> <Opcode : 'load' 'store'> <Ports = 2> <Width = 8> <Depth = 320> <RAM>

State 8 <SV = 7> <Delay = 1.23>
ST_8 : Operation 203 [1/2] (1.23ns)   --->   "%x_load_297 = load i9 %x_addr_297"   --->   Operation 203 'load' 'x_load_297' <Predicate = true> <Delay = 1.23> <CoreInst = "RAM">   --->   Core 83 'RAM' <Latency = 1> <II = 1> <Delay = 1.23> <Storage> <Opcode : 'load' 'store'> <Ports = 2> <Width = 8> <Depth = 320> <RAM>
ST_8 : Operation 204 [1/2] (1.23ns)   --->   "%x_load_298 = load i9 %x_addr_298"   --->   Operation 204 'load' 'x_load_298' <Predicate = true> <Delay = 1.23> <CoreInst = "RAM">   --->   Core 83 'RAM' <Latency = 1> <II = 1> <Delay = 1.23> <Storage> <Opcode : 'load' 'store'> <Ports = 2> <Width = 8> <Depth = 320> <RAM>
ST_8 : Operation 205 [1/1] (0.00ns)   --->   "%x_addr_299 = getelementptr i8 %x, i64 0, i64 14"   --->   Operation 205 'getelementptr' 'x_addr_299' <Predicate = true> <Delay = 0.00>
ST_8 : Operation 206 [2/2] (1.23ns)   --->   "%x_load_299 = load i9 %x_addr_299"   --->   Operation 206 'load' 'x_load_299' <Predicate = true> <Delay = 1.23> <CoreInst = "RAM">   --->   Core 83 'RAM' <Latency = 1> <II = 1> <Delay = 1.23> <Storage> <Opcode : 'load' 'store'> <Ports = 2> <Width = 8> <Depth = 320> <RAM>
ST_8 : Operation 207 [1/1] (0.00ns)   --->   "%x_addr_300 = getelementptr i8 %x, i64 0, i64 15"   --->   Operation 207 'getelementptr' 'x_addr_300' <Predicate = true> <Delay = 0.00>
ST_8 : Operation 208 [2/2] (1.23ns)   --->   "%x_load_300 = load i9 %x_addr_300"   --->   Operation 208 'load' 'x_load_300' <Predicate = true> <Delay = 1.23> <CoreInst = "RAM">   --->   Core 83 'RAM' <Latency = 1> <II = 1> <Delay = 1.23> <Storage> <Opcode : 'load' 'store'> <Ports = 2> <Width = 8> <Depth = 320> <RAM>

State 9 <SV = 8> <Delay = 1.23>
ST_9 : Operation 209 [1/2] (1.23ns)   --->   "%x_load_299 = load i9 %x_addr_299"   --->   Operation 209 'load' 'x_load_299' <Predicate = true> <Delay = 1.23> <CoreInst = "RAM">   --->   Core 83 'RAM' <Latency = 1> <II = 1> <Delay = 1.23> <Storage> <Opcode : 'load' 'store'> <Ports = 2> <Width = 8> <Depth = 320> <RAM>
ST_9 : Operation 210 [1/2] (1.23ns)   --->   "%x_load_300 = load i9 %x_addr_300"   --->   Operation 210 'load' 'x_load_300' <Predicate = true> <Delay = 1.23> <CoreInst = "RAM">   --->   Core 83 'RAM' <Latency = 1> <II = 1> <Delay = 1.23> <Storage> <Opcode : 'load' 'store'> <Ports = 2> <Width = 8> <Depth = 320> <RAM>
ST_9 : Operation 211 [1/1] (0.00ns)   --->   "%x_addr_301 = getelementptr i8 %x, i64 0, i64 16"   --->   Operation 211 'getelementptr' 'x_addr_301' <Predicate = true> <Delay = 0.00>
ST_9 : Operation 212 [2/2] (1.23ns)   --->   "%x_load_301 = load i9 %x_addr_301"   --->   Operation 212 'load' 'x_load_301' <Predicate = true> <Delay = 1.23> <CoreInst = "RAM">   --->   Core 83 'RAM' <Latency = 1> <II = 1> <Delay = 1.23> <Storage> <Opcode : 'load' 'store'> <Ports = 2> <Width = 8> <Depth = 320> <RAM>
ST_9 : Operation 213 [1/1] (0.00ns)   --->   "%x_addr_302 = getelementptr i8 %x, i64 0, i64 17"   --->   Operation 213 'getelementptr' 'x_addr_302' <Predicate = true> <Delay = 0.00>
ST_9 : Operation 214 [2/2] (1.23ns)   --->   "%x_load_302 = load i9 %x_addr_302"   --->   Operation 214 'load' 'x_load_302' <Predicate = true> <Delay = 1.23> <CoreInst = "RAM">   --->   Core 83 'RAM' <Latency = 1> <II = 1> <Delay = 1.23> <Storage> <Opcode : 'load' 'store'> <Ports = 2> <Width = 8> <Depth = 320> <RAM>

State 10 <SV = 9> <Delay = 1.23>
ST_10 : Operation 215 [1/2] (1.23ns)   --->   "%x_load_301 = load i9 %x_addr_301"   --->   Operation 215 'load' 'x_load_301' <Predicate = true> <Delay = 1.23> <CoreInst = "RAM">   --->   Core 83 'RAM' <Latency = 1> <II = 1> <Delay = 1.23> <Storage> <Opcode : 'load' 'store'> <Ports = 2> <Width = 8> <Depth = 320> <RAM>
ST_10 : Operation 216 [1/2] (1.23ns)   --->   "%x_load_302 = load i9 %x_addr_302"   --->   Operation 216 'load' 'x_load_302' <Predicate = true> <Delay = 1.23> <CoreInst = "RAM">   --->   Core 83 'RAM' <Latency = 1> <II = 1> <Delay = 1.23> <Storage> <Opcode : 'load' 'store'> <Ports = 2> <Width = 8> <Depth = 320> <RAM>
ST_10 : Operation 217 [1/1] (0.00ns)   --->   "%x_addr_303 = getelementptr i8 %x, i64 0, i64 18"   --->   Operation 217 'getelementptr' 'x_addr_303' <Predicate = true> <Delay = 0.00>
ST_10 : Operation 218 [2/2] (1.23ns)   --->   "%x_load_303 = load i9 %x_addr_303"   --->   Operation 218 'load' 'x_load_303' <Predicate = true> <Delay = 1.23> <CoreInst = "RAM">   --->   Core 83 'RAM' <Latency = 1> <II = 1> <Delay = 1.23> <Storage> <Opcode : 'load' 'store'> <Ports = 2> <Width = 8> <Depth = 320> <RAM>
ST_10 : Operation 219 [1/1] (0.00ns)   --->   "%x_addr_304 = getelementptr i8 %x, i64 0, i64 19"   --->   Operation 219 'getelementptr' 'x_addr_304' <Predicate = true> <Delay = 0.00>
ST_10 : Operation 220 [2/2] (1.23ns)   --->   "%x_load_304 = load i9 %x_addr_304"   --->   Operation 220 'load' 'x_load_304' <Predicate = true> <Delay = 1.23> <CoreInst = "RAM">   --->   Core 83 'RAM' <Latency = 1> <II = 1> <Delay = 1.23> <Storage> <Opcode : 'load' 'store'> <Ports = 2> <Width = 8> <Depth = 320> <RAM>

State 11 <SV = 10> <Delay = 1.23>
ST_11 : Operation 221 [1/2] (1.23ns)   --->   "%x_load_303 = load i9 %x_addr_303"   --->   Operation 221 'load' 'x_load_303' <Predicate = true> <Delay = 1.23> <CoreInst = "RAM">   --->   Core 83 'RAM' <Latency = 1> <II = 1> <Delay = 1.23> <Storage> <Opcode : 'load' 'store'> <Ports = 2> <Width = 8> <Depth = 320> <RAM>
ST_11 : Operation 222 [1/2] (1.23ns)   --->   "%x_load_304 = load i9 %x_addr_304"   --->   Operation 222 'load' 'x_load_304' <Predicate = true> <Delay = 1.23> <CoreInst = "RAM">   --->   Core 83 'RAM' <Latency = 1> <II = 1> <Delay = 1.23> <Storage> <Opcode : 'load' 'store'> <Ports = 2> <Width = 8> <Depth = 320> <RAM>
ST_11 : Operation 223 [1/1] (0.00ns)   --->   "%x_addr_305 = getelementptr i8 %x, i64 0, i64 20"   --->   Operation 223 'getelementptr' 'x_addr_305' <Predicate = true> <Delay = 0.00>
ST_11 : Operation 224 [2/2] (1.23ns)   --->   "%x_load_305 = load i9 %x_addr_305"   --->   Operation 224 'load' 'x_load_305' <Predicate = true> <Delay = 1.23> <CoreInst = "RAM">   --->   Core 83 'RAM' <Latency = 1> <II = 1> <Delay = 1.23> <Storage> <Opcode : 'load' 'store'> <Ports = 2> <Width = 8> <Depth = 320> <RAM>
ST_11 : Operation 225 [1/1] (0.00ns)   --->   "%x_addr_306 = getelementptr i8 %x, i64 0, i64 21"   --->   Operation 225 'getelementptr' 'x_addr_306' <Predicate = true> <Delay = 0.00>
ST_11 : Operation 226 [2/2] (1.23ns)   --->   "%x_load_306 = load i9 %x_addr_306"   --->   Operation 226 'load' 'x_load_306' <Predicate = true> <Delay = 1.23> <CoreInst = "RAM">   --->   Core 83 'RAM' <Latency = 1> <II = 1> <Delay = 1.23> <Storage> <Opcode : 'load' 'store'> <Ports = 2> <Width = 8> <Depth = 320> <RAM>

State 12 <SV = 11> <Delay = 1.23>
ST_12 : Operation 227 [1/2] (1.23ns)   --->   "%x_load_305 = load i9 %x_addr_305"   --->   Operation 227 'load' 'x_load_305' <Predicate = true> <Delay = 1.23> <CoreInst = "RAM">   --->   Core 83 'RAM' <Latency = 1> <II = 1> <Delay = 1.23> <Storage> <Opcode : 'load' 'store'> <Ports = 2> <Width = 8> <Depth = 320> <RAM>
ST_12 : Operation 228 [1/2] (1.23ns)   --->   "%x_load_306 = load i9 %x_addr_306"   --->   Operation 228 'load' 'x_load_306' <Predicate = true> <Delay = 1.23> <CoreInst = "RAM">   --->   Core 83 'RAM' <Latency = 1> <II = 1> <Delay = 1.23> <Storage> <Opcode : 'load' 'store'> <Ports = 2> <Width = 8> <Depth = 320> <RAM>
ST_12 : Operation 229 [1/1] (0.00ns)   --->   "%x_addr_307 = getelementptr i8 %x, i64 0, i64 22"   --->   Operation 229 'getelementptr' 'x_addr_307' <Predicate = true> <Delay = 0.00>
ST_12 : Operation 230 [2/2] (1.23ns)   --->   "%x_load_307 = load i9 %x_addr_307"   --->   Operation 230 'load' 'x_load_307' <Predicate = true> <Delay = 1.23> <CoreInst = "RAM">   --->   Core 83 'RAM' <Latency = 1> <II = 1> <Delay = 1.23> <Storage> <Opcode : 'load' 'store'> <Ports = 2> <Width = 8> <Depth = 320> <RAM>
ST_12 : Operation 231 [1/1] (0.00ns)   --->   "%x_addr_308 = getelementptr i8 %x, i64 0, i64 23"   --->   Operation 231 'getelementptr' 'x_addr_308' <Predicate = true> <Delay = 0.00>
ST_12 : Operation 232 [2/2] (1.23ns)   --->   "%x_load_308 = load i9 %x_addr_308"   --->   Operation 232 'load' 'x_load_308' <Predicate = true> <Delay = 1.23> <CoreInst = "RAM">   --->   Core 83 'RAM' <Latency = 1> <II = 1> <Delay = 1.23> <Storage> <Opcode : 'load' 'store'> <Ports = 2> <Width = 8> <Depth = 320> <RAM>

State 13 <SV = 12> <Delay = 1.23>
ST_13 : Operation 233 [1/2] (1.23ns)   --->   "%x_load_307 = load i9 %x_addr_307"   --->   Operation 233 'load' 'x_load_307' <Predicate = true> <Delay = 1.23> <CoreInst = "RAM">   --->   Core 83 'RAM' <Latency = 1> <II = 1> <Delay = 1.23> <Storage> <Opcode : 'load' 'store'> <Ports = 2> <Width = 8> <Depth = 320> <RAM>
ST_13 : Operation 234 [1/2] (1.23ns)   --->   "%x_load_308 = load i9 %x_addr_308"   --->   Operation 234 'load' 'x_load_308' <Predicate = true> <Delay = 1.23> <CoreInst = "RAM">   --->   Core 83 'RAM' <Latency = 1> <II = 1> <Delay = 1.23> <Storage> <Opcode : 'load' 'store'> <Ports = 2> <Width = 8> <Depth = 320> <RAM>
ST_13 : Operation 235 [1/1] (0.00ns)   --->   "%x_addr_309 = getelementptr i8 %x, i64 0, i64 24"   --->   Operation 235 'getelementptr' 'x_addr_309' <Predicate = true> <Delay = 0.00>
ST_13 : Operation 236 [2/2] (1.23ns)   --->   "%x_load_309 = load i9 %x_addr_309"   --->   Operation 236 'load' 'x_load_309' <Predicate = true> <Delay = 1.23> <CoreInst = "RAM">   --->   Core 83 'RAM' <Latency = 1> <II = 1> <Delay = 1.23> <Storage> <Opcode : 'load' 'store'> <Ports = 2> <Width = 8> <Depth = 320> <RAM>
ST_13 : Operation 237 [1/1] (0.00ns)   --->   "%x_addr_310 = getelementptr i8 %x, i64 0, i64 25"   --->   Operation 237 'getelementptr' 'x_addr_310' <Predicate = true> <Delay = 0.00>
ST_13 : Operation 238 [2/2] (1.23ns)   --->   "%x_load_310 = load i9 %x_addr_310"   --->   Operation 238 'load' 'x_load_310' <Predicate = true> <Delay = 1.23> <CoreInst = "RAM">   --->   Core 83 'RAM' <Latency = 1> <II = 1> <Delay = 1.23> <Storage> <Opcode : 'load' 'store'> <Ports = 2> <Width = 8> <Depth = 320> <RAM>

State 14 <SV = 13> <Delay = 1.23>
ST_14 : Operation 239 [1/2] (1.23ns)   --->   "%x_load_309 = load i9 %x_addr_309"   --->   Operation 239 'load' 'x_load_309' <Predicate = true> <Delay = 1.23> <CoreInst = "RAM">   --->   Core 83 'RAM' <Latency = 1> <II = 1> <Delay = 1.23> <Storage> <Opcode : 'load' 'store'> <Ports = 2> <Width = 8> <Depth = 320> <RAM>
ST_14 : Operation 240 [1/2] (1.23ns)   --->   "%x_load_310 = load i9 %x_addr_310"   --->   Operation 240 'load' 'x_load_310' <Predicate = true> <Delay = 1.23> <CoreInst = "RAM">   --->   Core 83 'RAM' <Latency = 1> <II = 1> <Delay = 1.23> <Storage> <Opcode : 'load' 'store'> <Ports = 2> <Width = 8> <Depth = 320> <RAM>
ST_14 : Operation 241 [1/1] (0.00ns)   --->   "%x_addr_311 = getelementptr i8 %x, i64 0, i64 26"   --->   Operation 241 'getelementptr' 'x_addr_311' <Predicate = true> <Delay = 0.00>
ST_14 : Operation 242 [2/2] (1.23ns)   --->   "%x_load_311 = load i9 %x_addr_311"   --->   Operation 242 'load' 'x_load_311' <Predicate = true> <Delay = 1.23> <CoreInst = "RAM">   --->   Core 83 'RAM' <Latency = 1> <II = 1> <Delay = 1.23> <Storage> <Opcode : 'load' 'store'> <Ports = 2> <Width = 8> <Depth = 320> <RAM>
ST_14 : Operation 243 [1/1] (0.00ns)   --->   "%x_addr_312 = getelementptr i8 %x, i64 0, i64 27"   --->   Operation 243 'getelementptr' 'x_addr_312' <Predicate = true> <Delay = 0.00>
ST_14 : Operation 244 [2/2] (1.23ns)   --->   "%x_load_312 = load i9 %x_addr_312"   --->   Operation 244 'load' 'x_load_312' <Predicate = true> <Delay = 1.23> <CoreInst = "RAM">   --->   Core 83 'RAM' <Latency = 1> <II = 1> <Delay = 1.23> <Storage> <Opcode : 'load' 'store'> <Ports = 2> <Width = 8> <Depth = 320> <RAM>

State 15 <SV = 14> <Delay = 1.23>
ST_15 : Operation 245 [1/2] (1.23ns)   --->   "%x_load_311 = load i9 %x_addr_311"   --->   Operation 245 'load' 'x_load_311' <Predicate = true> <Delay = 1.23> <CoreInst = "RAM">   --->   Core 83 'RAM' <Latency = 1> <II = 1> <Delay = 1.23> <Storage> <Opcode : 'load' 'store'> <Ports = 2> <Width = 8> <Depth = 320> <RAM>
ST_15 : Operation 246 [1/2] (1.23ns)   --->   "%x_load_312 = load i9 %x_addr_312"   --->   Operation 246 'load' 'x_load_312' <Predicate = true> <Delay = 1.23> <CoreInst = "RAM">   --->   Core 83 'RAM' <Latency = 1> <II = 1> <Delay = 1.23> <Storage> <Opcode : 'load' 'store'> <Ports = 2> <Width = 8> <Depth = 320> <RAM>
ST_15 : Operation 247 [1/1] (0.00ns)   --->   "%x_addr_313 = getelementptr i8 %x, i64 0, i64 28"   --->   Operation 247 'getelementptr' 'x_addr_313' <Predicate = true> <Delay = 0.00>
ST_15 : Operation 248 [2/2] (1.23ns)   --->   "%x_load_313 = load i9 %x_addr_313"   --->   Operation 248 'load' 'x_load_313' <Predicate = true> <Delay = 1.23> <CoreInst = "RAM">   --->   Core 83 'RAM' <Latency = 1> <II = 1> <Delay = 1.23> <Storage> <Opcode : 'load' 'store'> <Ports = 2> <Width = 8> <Depth = 320> <RAM>
ST_15 : Operation 249 [1/1] (0.00ns)   --->   "%x_addr_314 = getelementptr i8 %x, i64 0, i64 29"   --->   Operation 249 'getelementptr' 'x_addr_314' <Predicate = true> <Delay = 0.00>
ST_15 : Operation 250 [2/2] (1.23ns)   --->   "%x_load_314 = load i9 %x_addr_314"   --->   Operation 250 'load' 'x_load_314' <Predicate = true> <Delay = 1.23> <CoreInst = "RAM">   --->   Core 83 'RAM' <Latency = 1> <II = 1> <Delay = 1.23> <Storage> <Opcode : 'load' 'store'> <Ports = 2> <Width = 8> <Depth = 320> <RAM>

State 16 <SV = 15> <Delay = 1.23>
ST_16 : Operation 251 [1/2] (1.23ns)   --->   "%x_load_313 = load i9 %x_addr_313"   --->   Operation 251 'load' 'x_load_313' <Predicate = true> <Delay = 1.23> <CoreInst = "RAM">   --->   Core 83 'RAM' <Latency = 1> <II = 1> <Delay = 1.23> <Storage> <Opcode : 'load' 'store'> <Ports = 2> <Width = 8> <Depth = 320> <RAM>
ST_16 : Operation 252 [1/2] (1.23ns)   --->   "%x_load_314 = load i9 %x_addr_314"   --->   Operation 252 'load' 'x_load_314' <Predicate = true> <Delay = 1.23> <CoreInst = "RAM">   --->   Core 83 'RAM' <Latency = 1> <II = 1> <Delay = 1.23> <Storage> <Opcode : 'load' 'store'> <Ports = 2> <Width = 8> <Depth = 320> <RAM>
ST_16 : Operation 253 [1/1] (0.00ns)   --->   "%x_addr_315 = getelementptr i8 %x, i64 0, i64 30"   --->   Operation 253 'getelementptr' 'x_addr_315' <Predicate = true> <Delay = 0.00>
ST_16 : Operation 254 [2/2] (1.23ns)   --->   "%x_load_315 = load i9 %x_addr_315"   --->   Operation 254 'load' 'x_load_315' <Predicate = true> <Delay = 1.23> <CoreInst = "RAM">   --->   Core 83 'RAM' <Latency = 1> <II = 1> <Delay = 1.23> <Storage> <Opcode : 'load' 'store'> <Ports = 2> <Width = 8> <Depth = 320> <RAM>
ST_16 : Operation 255 [1/1] (0.00ns)   --->   "%x_addr_316 = getelementptr i8 %x, i64 0, i64 31"   --->   Operation 255 'getelementptr' 'x_addr_316' <Predicate = true> <Delay = 0.00>
ST_16 : Operation 256 [2/2] (1.23ns)   --->   "%x_load_316 = load i9 %x_addr_316"   --->   Operation 256 'load' 'x_load_316' <Predicate = true> <Delay = 1.23> <CoreInst = "RAM">   --->   Core 83 'RAM' <Latency = 1> <II = 1> <Delay = 1.23> <Storage> <Opcode : 'load' 'store'> <Ports = 2> <Width = 8> <Depth = 320> <RAM>

State 17 <SV = 16> <Delay = 1.23>
ST_17 : Operation 257 [1/2] (1.23ns)   --->   "%x_load_315 = load i9 %x_addr_315"   --->   Operation 257 'load' 'x_load_315' <Predicate = true> <Delay = 1.23> <CoreInst = "RAM">   --->   Core 83 'RAM' <Latency = 1> <II = 1> <Delay = 1.23> <Storage> <Opcode : 'load' 'store'> <Ports = 2> <Width = 8> <Depth = 320> <RAM>
ST_17 : Operation 258 [1/2] (1.23ns)   --->   "%x_load_316 = load i9 %x_addr_316"   --->   Operation 258 'load' 'x_load_316' <Predicate = true> <Delay = 1.23> <CoreInst = "RAM">   --->   Core 83 'RAM' <Latency = 1> <II = 1> <Delay = 1.23> <Storage> <Opcode : 'load' 'store'> <Ports = 2> <Width = 8> <Depth = 320> <RAM>
ST_17 : Operation 259 [1/1] (0.00ns)   --->   "%x_addr_317 = getelementptr i8 %x, i64 0, i64 32"   --->   Operation 259 'getelementptr' 'x_addr_317' <Predicate = true> <Delay = 0.00>
ST_17 : Operation 260 [2/2] (1.23ns)   --->   "%x_load_317 = load i9 %x_addr_317"   --->   Operation 260 'load' 'x_load_317' <Predicate = true> <Delay = 1.23> <CoreInst = "RAM">   --->   Core 83 'RAM' <Latency = 1> <II = 1> <Delay = 1.23> <Storage> <Opcode : 'load' 'store'> <Ports = 2> <Width = 8> <Depth = 320> <RAM>
ST_17 : Operation 261 [1/1] (0.00ns)   --->   "%x_addr_318 = getelementptr i8 %x, i64 0, i64 33"   --->   Operation 261 'getelementptr' 'x_addr_318' <Predicate = true> <Delay = 0.00>
ST_17 : Operation 262 [2/2] (1.23ns)   --->   "%x_load_318 = load i9 %x_addr_318"   --->   Operation 262 'load' 'x_load_318' <Predicate = true> <Delay = 1.23> <CoreInst = "RAM">   --->   Core 83 'RAM' <Latency = 1> <II = 1> <Delay = 1.23> <Storage> <Opcode : 'load' 'store'> <Ports = 2> <Width = 8> <Depth = 320> <RAM>

State 18 <SV = 17> <Delay = 1.23>
ST_18 : Operation 263 [1/2] (1.23ns)   --->   "%x_load_317 = load i9 %x_addr_317"   --->   Operation 263 'load' 'x_load_317' <Predicate = true> <Delay = 1.23> <CoreInst = "RAM">   --->   Core 83 'RAM' <Latency = 1> <II = 1> <Delay = 1.23> <Storage> <Opcode : 'load' 'store'> <Ports = 2> <Width = 8> <Depth = 320> <RAM>
ST_18 : Operation 264 [1/2] (1.23ns)   --->   "%x_load_318 = load i9 %x_addr_318"   --->   Operation 264 'load' 'x_load_318' <Predicate = true> <Delay = 1.23> <CoreInst = "RAM">   --->   Core 83 'RAM' <Latency = 1> <II = 1> <Delay = 1.23> <Storage> <Opcode : 'load' 'store'> <Ports = 2> <Width = 8> <Depth = 320> <RAM>
ST_18 : Operation 265 [1/1] (0.00ns)   --->   "%x_addr_319 = getelementptr i8 %x, i64 0, i64 34"   --->   Operation 265 'getelementptr' 'x_addr_319' <Predicate = true> <Delay = 0.00>
ST_18 : Operation 266 [2/2] (1.23ns)   --->   "%x_load_319 = load i9 %x_addr_319"   --->   Operation 266 'load' 'x_load_319' <Predicate = true> <Delay = 1.23> <CoreInst = "RAM">   --->   Core 83 'RAM' <Latency = 1> <II = 1> <Delay = 1.23> <Storage> <Opcode : 'load' 'store'> <Ports = 2> <Width = 8> <Depth = 320> <RAM>
ST_18 : Operation 267 [1/1] (0.00ns)   --->   "%x_addr_320 = getelementptr i8 %x, i64 0, i64 35"   --->   Operation 267 'getelementptr' 'x_addr_320' <Predicate = true> <Delay = 0.00>
ST_18 : Operation 268 [2/2] (1.23ns)   --->   "%x_load_320 = load i9 %x_addr_320"   --->   Operation 268 'load' 'x_load_320' <Predicate = true> <Delay = 1.23> <CoreInst = "RAM">   --->   Core 83 'RAM' <Latency = 1> <II = 1> <Delay = 1.23> <Storage> <Opcode : 'load' 'store'> <Ports = 2> <Width = 8> <Depth = 320> <RAM>

State 19 <SV = 18> <Delay = 1.23>
ST_19 : Operation 269 [1/2] (1.23ns)   --->   "%x_load_319 = load i9 %x_addr_319"   --->   Operation 269 'load' 'x_load_319' <Predicate = true> <Delay = 1.23> <CoreInst = "RAM">   --->   Core 83 'RAM' <Latency = 1> <II = 1> <Delay = 1.23> <Storage> <Opcode : 'load' 'store'> <Ports = 2> <Width = 8> <Depth = 320> <RAM>
ST_19 : Operation 270 [1/2] (1.23ns)   --->   "%x_load_320 = load i9 %x_addr_320"   --->   Operation 270 'load' 'x_load_320' <Predicate = true> <Delay = 1.23> <CoreInst = "RAM">   --->   Core 83 'RAM' <Latency = 1> <II = 1> <Delay = 1.23> <Storage> <Opcode : 'load' 'store'> <Ports = 2> <Width = 8> <Depth = 320> <RAM>
ST_19 : Operation 271 [1/1] (0.00ns)   --->   "%x_addr_321 = getelementptr i8 %x, i64 0, i64 36"   --->   Operation 271 'getelementptr' 'x_addr_321' <Predicate = true> <Delay = 0.00>
ST_19 : Operation 272 [2/2] (1.23ns)   --->   "%x_load_321 = load i9 %x_addr_321"   --->   Operation 272 'load' 'x_load_321' <Predicate = true> <Delay = 1.23> <CoreInst = "RAM">   --->   Core 83 'RAM' <Latency = 1> <II = 1> <Delay = 1.23> <Storage> <Opcode : 'load' 'store'> <Ports = 2> <Width = 8> <Depth = 320> <RAM>
ST_19 : Operation 273 [1/1] (0.00ns)   --->   "%x_addr_322 = getelementptr i8 %x, i64 0, i64 37"   --->   Operation 273 'getelementptr' 'x_addr_322' <Predicate = true> <Delay = 0.00>
ST_19 : Operation 274 [2/2] (1.23ns)   --->   "%x_load_322 = load i9 %x_addr_322"   --->   Operation 274 'load' 'x_load_322' <Predicate = true> <Delay = 1.23> <CoreInst = "RAM">   --->   Core 83 'RAM' <Latency = 1> <II = 1> <Delay = 1.23> <Storage> <Opcode : 'load' 'store'> <Ports = 2> <Width = 8> <Depth = 320> <RAM>

State 20 <SV = 19> <Delay = 1.23>
ST_20 : Operation 275 [1/2] (1.23ns)   --->   "%x_load_321 = load i9 %x_addr_321"   --->   Operation 275 'load' 'x_load_321' <Predicate = true> <Delay = 1.23> <CoreInst = "RAM">   --->   Core 83 'RAM' <Latency = 1> <II = 1> <Delay = 1.23> <Storage> <Opcode : 'load' 'store'> <Ports = 2> <Width = 8> <Depth = 320> <RAM>
ST_20 : Operation 276 [1/2] (1.23ns)   --->   "%x_load_322 = load i9 %x_addr_322"   --->   Operation 276 'load' 'x_load_322' <Predicate = true> <Delay = 1.23> <CoreInst = "RAM">   --->   Core 83 'RAM' <Latency = 1> <II = 1> <Delay = 1.23> <Storage> <Opcode : 'load' 'store'> <Ports = 2> <Width = 8> <Depth = 320> <RAM>
ST_20 : Operation 277 [1/1] (0.00ns)   --->   "%x_addr_323 = getelementptr i8 %x, i64 0, i64 38"   --->   Operation 277 'getelementptr' 'x_addr_323' <Predicate = true> <Delay = 0.00>
ST_20 : Operation 278 [2/2] (1.23ns)   --->   "%x_load_323 = load i9 %x_addr_323"   --->   Operation 278 'load' 'x_load_323' <Predicate = true> <Delay = 1.23> <CoreInst = "RAM">   --->   Core 83 'RAM' <Latency = 1> <II = 1> <Delay = 1.23> <Storage> <Opcode : 'load' 'store'> <Ports = 2> <Width = 8> <Depth = 320> <RAM>
ST_20 : Operation 279 [1/1] (0.00ns)   --->   "%x_addr_324 = getelementptr i8 %x, i64 0, i64 39"   --->   Operation 279 'getelementptr' 'x_addr_324' <Predicate = true> <Delay = 0.00>
ST_20 : Operation 280 [2/2] (1.23ns)   --->   "%x_load_324 = load i9 %x_addr_324"   --->   Operation 280 'load' 'x_load_324' <Predicate = true> <Delay = 1.23> <CoreInst = "RAM">   --->   Core 83 'RAM' <Latency = 1> <II = 1> <Delay = 1.23> <Storage> <Opcode : 'load' 'store'> <Ports = 2> <Width = 8> <Depth = 320> <RAM>

State 21 <SV = 20> <Delay = 1.23>
ST_21 : Operation 281 [1/2] (1.23ns)   --->   "%x_load_323 = load i9 %x_addr_323"   --->   Operation 281 'load' 'x_load_323' <Predicate = true> <Delay = 1.23> <CoreInst = "RAM">   --->   Core 83 'RAM' <Latency = 1> <II = 1> <Delay = 1.23> <Storage> <Opcode : 'load' 'store'> <Ports = 2> <Width = 8> <Depth = 320> <RAM>
ST_21 : Operation 282 [1/2] (1.23ns)   --->   "%x_load_324 = load i9 %x_addr_324"   --->   Operation 282 'load' 'x_load_324' <Predicate = true> <Delay = 1.23> <CoreInst = "RAM">   --->   Core 83 'RAM' <Latency = 1> <II = 1> <Delay = 1.23> <Storage> <Opcode : 'load' 'store'> <Ports = 2> <Width = 8> <Depth = 320> <RAM>
ST_21 : Operation 283 [1/1] (0.00ns)   --->   "%x_addr_325 = getelementptr i8 %x, i64 0, i64 40"   --->   Operation 283 'getelementptr' 'x_addr_325' <Predicate = true> <Delay = 0.00>
ST_21 : Operation 284 [2/2] (1.23ns)   --->   "%x_load_325 = load i9 %x_addr_325"   --->   Operation 284 'load' 'x_load_325' <Predicate = true> <Delay = 1.23> <CoreInst = "RAM">   --->   Core 83 'RAM' <Latency = 1> <II = 1> <Delay = 1.23> <Storage> <Opcode : 'load' 'store'> <Ports = 2> <Width = 8> <Depth = 320> <RAM>
ST_21 : Operation 285 [1/1] (0.00ns)   --->   "%x_addr_326 = getelementptr i8 %x, i64 0, i64 41"   --->   Operation 285 'getelementptr' 'x_addr_326' <Predicate = true> <Delay = 0.00>
ST_21 : Operation 286 [2/2] (1.23ns)   --->   "%x_load_326 = load i9 %x_addr_326"   --->   Operation 286 'load' 'x_load_326' <Predicate = true> <Delay = 1.23> <CoreInst = "RAM">   --->   Core 83 'RAM' <Latency = 1> <II = 1> <Delay = 1.23> <Storage> <Opcode : 'load' 'store'> <Ports = 2> <Width = 8> <Depth = 320> <RAM>

State 22 <SV = 21> <Delay = 1.23>
ST_22 : Operation 287 [1/2] (1.23ns)   --->   "%x_load_325 = load i9 %x_addr_325"   --->   Operation 287 'load' 'x_load_325' <Predicate = true> <Delay = 1.23> <CoreInst = "RAM">   --->   Core 83 'RAM' <Latency = 1> <II = 1> <Delay = 1.23> <Storage> <Opcode : 'load' 'store'> <Ports = 2> <Width = 8> <Depth = 320> <RAM>
ST_22 : Operation 288 [1/2] (1.23ns)   --->   "%x_load_326 = load i9 %x_addr_326"   --->   Operation 288 'load' 'x_load_326' <Predicate = true> <Delay = 1.23> <CoreInst = "RAM">   --->   Core 83 'RAM' <Latency = 1> <II = 1> <Delay = 1.23> <Storage> <Opcode : 'load' 'store'> <Ports = 2> <Width = 8> <Depth = 320> <RAM>
ST_22 : Operation 289 [1/1] (0.00ns)   --->   "%x_addr_327 = getelementptr i8 %x, i64 0, i64 42"   --->   Operation 289 'getelementptr' 'x_addr_327' <Predicate = true> <Delay = 0.00>
ST_22 : Operation 290 [2/2] (1.23ns)   --->   "%x_load_327 = load i9 %x_addr_327"   --->   Operation 290 'load' 'x_load_327' <Predicate = true> <Delay = 1.23> <CoreInst = "RAM">   --->   Core 83 'RAM' <Latency = 1> <II = 1> <Delay = 1.23> <Storage> <Opcode : 'load' 'store'> <Ports = 2> <Width = 8> <Depth = 320> <RAM>
ST_22 : Operation 291 [1/1] (0.00ns)   --->   "%x_addr_328 = getelementptr i8 %x, i64 0, i64 43"   --->   Operation 291 'getelementptr' 'x_addr_328' <Predicate = true> <Delay = 0.00>
ST_22 : Operation 292 [2/2] (1.23ns)   --->   "%x_load_328 = load i9 %x_addr_328"   --->   Operation 292 'load' 'x_load_328' <Predicate = true> <Delay = 1.23> <CoreInst = "RAM">   --->   Core 83 'RAM' <Latency = 1> <II = 1> <Delay = 1.23> <Storage> <Opcode : 'load' 'store'> <Ports = 2> <Width = 8> <Depth = 320> <RAM>

State 23 <SV = 22> <Delay = 1.23>
ST_23 : Operation 293 [1/2] (1.23ns)   --->   "%x_load_327 = load i9 %x_addr_327"   --->   Operation 293 'load' 'x_load_327' <Predicate = true> <Delay = 1.23> <CoreInst = "RAM">   --->   Core 83 'RAM' <Latency = 1> <II = 1> <Delay = 1.23> <Storage> <Opcode : 'load' 'store'> <Ports = 2> <Width = 8> <Depth = 320> <RAM>
ST_23 : Operation 294 [1/2] (1.23ns)   --->   "%x_load_328 = load i9 %x_addr_328"   --->   Operation 294 'load' 'x_load_328' <Predicate = true> <Delay = 1.23> <CoreInst = "RAM">   --->   Core 83 'RAM' <Latency = 1> <II = 1> <Delay = 1.23> <Storage> <Opcode : 'load' 'store'> <Ports = 2> <Width = 8> <Depth = 320> <RAM>
ST_23 : Operation 295 [1/1] (0.00ns)   --->   "%x_addr_329 = getelementptr i8 %x, i64 0, i64 44"   --->   Operation 295 'getelementptr' 'x_addr_329' <Predicate = true> <Delay = 0.00>
ST_23 : Operation 296 [2/2] (1.23ns)   --->   "%x_load_329 = load i9 %x_addr_329"   --->   Operation 296 'load' 'x_load_329' <Predicate = true> <Delay = 1.23> <CoreInst = "RAM">   --->   Core 83 'RAM' <Latency = 1> <II = 1> <Delay = 1.23> <Storage> <Opcode : 'load' 'store'> <Ports = 2> <Width = 8> <Depth = 320> <RAM>
ST_23 : Operation 297 [1/1] (0.00ns)   --->   "%x_addr_330 = getelementptr i8 %x, i64 0, i64 45"   --->   Operation 297 'getelementptr' 'x_addr_330' <Predicate = true> <Delay = 0.00>
ST_23 : Operation 298 [2/2] (1.23ns)   --->   "%x_load_330 = load i9 %x_addr_330"   --->   Operation 298 'load' 'x_load_330' <Predicate = true> <Delay = 1.23> <CoreInst = "RAM">   --->   Core 83 'RAM' <Latency = 1> <II = 1> <Delay = 1.23> <Storage> <Opcode : 'load' 'store'> <Ports = 2> <Width = 8> <Depth = 320> <RAM>

State 24 <SV = 23> <Delay = 1.23>
ST_24 : Operation 299 [1/2] (1.23ns)   --->   "%x_load_329 = load i9 %x_addr_329"   --->   Operation 299 'load' 'x_load_329' <Predicate = true> <Delay = 1.23> <CoreInst = "RAM">   --->   Core 83 'RAM' <Latency = 1> <II = 1> <Delay = 1.23> <Storage> <Opcode : 'load' 'store'> <Ports = 2> <Width = 8> <Depth = 320> <RAM>
ST_24 : Operation 300 [1/2] (1.23ns)   --->   "%x_load_330 = load i9 %x_addr_330"   --->   Operation 300 'load' 'x_load_330' <Predicate = true> <Delay = 1.23> <CoreInst = "RAM">   --->   Core 83 'RAM' <Latency = 1> <II = 1> <Delay = 1.23> <Storage> <Opcode : 'load' 'store'> <Ports = 2> <Width = 8> <Depth = 320> <RAM>
ST_24 : Operation 301 [1/1] (0.00ns)   --->   "%x_addr_331 = getelementptr i8 %x, i64 0, i64 46"   --->   Operation 301 'getelementptr' 'x_addr_331' <Predicate = true> <Delay = 0.00>
ST_24 : Operation 302 [2/2] (1.23ns)   --->   "%x_load_331 = load i9 %x_addr_331"   --->   Operation 302 'load' 'x_load_331' <Predicate = true> <Delay = 1.23> <CoreInst = "RAM">   --->   Core 83 'RAM' <Latency = 1> <II = 1> <Delay = 1.23> <Storage> <Opcode : 'load' 'store'> <Ports = 2> <Width = 8> <Depth = 320> <RAM>
ST_24 : Operation 303 [1/1] (0.00ns)   --->   "%x_addr_332 = getelementptr i8 %x, i64 0, i64 47"   --->   Operation 303 'getelementptr' 'x_addr_332' <Predicate = true> <Delay = 0.00>
ST_24 : Operation 304 [2/2] (1.23ns)   --->   "%x_load_332 = load i9 %x_addr_332"   --->   Operation 304 'load' 'x_load_332' <Predicate = true> <Delay = 1.23> <CoreInst = "RAM">   --->   Core 83 'RAM' <Latency = 1> <II = 1> <Delay = 1.23> <Storage> <Opcode : 'load' 'store'> <Ports = 2> <Width = 8> <Depth = 320> <RAM>

State 25 <SV = 24> <Delay = 1.23>
ST_25 : Operation 305 [1/2] (1.23ns)   --->   "%x_load_331 = load i9 %x_addr_331"   --->   Operation 305 'load' 'x_load_331' <Predicate = true> <Delay = 1.23> <CoreInst = "RAM">   --->   Core 83 'RAM' <Latency = 1> <II = 1> <Delay = 1.23> <Storage> <Opcode : 'load' 'store'> <Ports = 2> <Width = 8> <Depth = 320> <RAM>
ST_25 : Operation 306 [1/2] (1.23ns)   --->   "%x_load_332 = load i9 %x_addr_332"   --->   Operation 306 'load' 'x_load_332' <Predicate = true> <Delay = 1.23> <CoreInst = "RAM">   --->   Core 83 'RAM' <Latency = 1> <II = 1> <Delay = 1.23> <Storage> <Opcode : 'load' 'store'> <Ports = 2> <Width = 8> <Depth = 320> <RAM>
ST_25 : Operation 307 [1/1] (0.00ns)   --->   "%x_addr_333 = getelementptr i8 %x, i64 0, i64 48"   --->   Operation 307 'getelementptr' 'x_addr_333' <Predicate = true> <Delay = 0.00>
ST_25 : Operation 308 [2/2] (1.23ns)   --->   "%x_load_333 = load i9 %x_addr_333"   --->   Operation 308 'load' 'x_load_333' <Predicate = true> <Delay = 1.23> <CoreInst = "RAM">   --->   Core 83 'RAM' <Latency = 1> <II = 1> <Delay = 1.23> <Storage> <Opcode : 'load' 'store'> <Ports = 2> <Width = 8> <Depth = 320> <RAM>
ST_25 : Operation 309 [1/1] (0.00ns)   --->   "%x_addr_334 = getelementptr i8 %x, i64 0, i64 49"   --->   Operation 309 'getelementptr' 'x_addr_334' <Predicate = true> <Delay = 0.00>
ST_25 : Operation 310 [2/2] (1.23ns)   --->   "%x_load_334 = load i9 %x_addr_334"   --->   Operation 310 'load' 'x_load_334' <Predicate = true> <Delay = 1.23> <CoreInst = "RAM">   --->   Core 83 'RAM' <Latency = 1> <II = 1> <Delay = 1.23> <Storage> <Opcode : 'load' 'store'> <Ports = 2> <Width = 8> <Depth = 320> <RAM>

State 26 <SV = 25> <Delay = 1.23>
ST_26 : Operation 311 [1/2] (1.23ns)   --->   "%x_load_333 = load i9 %x_addr_333"   --->   Operation 311 'load' 'x_load_333' <Predicate = true> <Delay = 1.23> <CoreInst = "RAM">   --->   Core 83 'RAM' <Latency = 1> <II = 1> <Delay = 1.23> <Storage> <Opcode : 'load' 'store'> <Ports = 2> <Width = 8> <Depth = 320> <RAM>
ST_26 : Operation 312 [1/2] (1.23ns)   --->   "%x_load_334 = load i9 %x_addr_334"   --->   Operation 312 'load' 'x_load_334' <Predicate = true> <Delay = 1.23> <CoreInst = "RAM">   --->   Core 83 'RAM' <Latency = 1> <II = 1> <Delay = 1.23> <Storage> <Opcode : 'load' 'store'> <Ports = 2> <Width = 8> <Depth = 320> <RAM>
ST_26 : Operation 313 [1/1] (0.00ns)   --->   "%x_addr_335 = getelementptr i8 %x, i64 0, i64 50"   --->   Operation 313 'getelementptr' 'x_addr_335' <Predicate = true> <Delay = 0.00>
ST_26 : Operation 314 [2/2] (1.23ns)   --->   "%x_load_335 = load i9 %x_addr_335"   --->   Operation 314 'load' 'x_load_335' <Predicate = true> <Delay = 1.23> <CoreInst = "RAM">   --->   Core 83 'RAM' <Latency = 1> <II = 1> <Delay = 1.23> <Storage> <Opcode : 'load' 'store'> <Ports = 2> <Width = 8> <Depth = 320> <RAM>
ST_26 : Operation 315 [1/1] (0.00ns)   --->   "%x_addr_336 = getelementptr i8 %x, i64 0, i64 51"   --->   Operation 315 'getelementptr' 'x_addr_336' <Predicate = true> <Delay = 0.00>
ST_26 : Operation 316 [2/2] (1.23ns)   --->   "%x_load_336 = load i9 %x_addr_336"   --->   Operation 316 'load' 'x_load_336' <Predicate = true> <Delay = 1.23> <CoreInst = "RAM">   --->   Core 83 'RAM' <Latency = 1> <II = 1> <Delay = 1.23> <Storage> <Opcode : 'load' 'store'> <Ports = 2> <Width = 8> <Depth = 320> <RAM>

State 27 <SV = 26> <Delay = 1.23>
ST_27 : Operation 317 [1/2] (1.23ns)   --->   "%x_load_335 = load i9 %x_addr_335"   --->   Operation 317 'load' 'x_load_335' <Predicate = true> <Delay = 1.23> <CoreInst = "RAM">   --->   Core 83 'RAM' <Latency = 1> <II = 1> <Delay = 1.23> <Storage> <Opcode : 'load' 'store'> <Ports = 2> <Width = 8> <Depth = 320> <RAM>
ST_27 : Operation 318 [1/2] (1.23ns)   --->   "%x_load_336 = load i9 %x_addr_336"   --->   Operation 318 'load' 'x_load_336' <Predicate = true> <Delay = 1.23> <CoreInst = "RAM">   --->   Core 83 'RAM' <Latency = 1> <II = 1> <Delay = 1.23> <Storage> <Opcode : 'load' 'store'> <Ports = 2> <Width = 8> <Depth = 320> <RAM>
ST_27 : Operation 319 [1/1] (0.00ns)   --->   "%x_addr_337 = getelementptr i8 %x, i64 0, i64 52"   --->   Operation 319 'getelementptr' 'x_addr_337' <Predicate = true> <Delay = 0.00>
ST_27 : Operation 320 [2/2] (1.23ns)   --->   "%x_load_337 = load i9 %x_addr_337"   --->   Operation 320 'load' 'x_load_337' <Predicate = true> <Delay = 1.23> <CoreInst = "RAM">   --->   Core 83 'RAM' <Latency = 1> <II = 1> <Delay = 1.23> <Storage> <Opcode : 'load' 'store'> <Ports = 2> <Width = 8> <Depth = 320> <RAM>
ST_27 : Operation 321 [1/1] (0.00ns)   --->   "%x_addr_338 = getelementptr i8 %x, i64 0, i64 53"   --->   Operation 321 'getelementptr' 'x_addr_338' <Predicate = true> <Delay = 0.00>
ST_27 : Operation 322 [2/2] (1.23ns)   --->   "%x_load_338 = load i9 %x_addr_338"   --->   Operation 322 'load' 'x_load_338' <Predicate = true> <Delay = 1.23> <CoreInst = "RAM">   --->   Core 83 'RAM' <Latency = 1> <II = 1> <Delay = 1.23> <Storage> <Opcode : 'load' 'store'> <Ports = 2> <Width = 8> <Depth = 320> <RAM>

State 28 <SV = 27> <Delay = 1.23>
ST_28 : Operation 323 [1/2] (1.23ns)   --->   "%x_load_337 = load i9 %x_addr_337"   --->   Operation 323 'load' 'x_load_337' <Predicate = true> <Delay = 1.23> <CoreInst = "RAM">   --->   Core 83 'RAM' <Latency = 1> <II = 1> <Delay = 1.23> <Storage> <Opcode : 'load' 'store'> <Ports = 2> <Width = 8> <Depth = 320> <RAM>
ST_28 : Operation 324 [1/2] (1.23ns)   --->   "%x_load_338 = load i9 %x_addr_338"   --->   Operation 324 'load' 'x_load_338' <Predicate = true> <Delay = 1.23> <CoreInst = "RAM">   --->   Core 83 'RAM' <Latency = 1> <II = 1> <Delay = 1.23> <Storage> <Opcode : 'load' 'store'> <Ports = 2> <Width = 8> <Depth = 320> <RAM>
ST_28 : Operation 325 [1/1] (0.00ns)   --->   "%x_addr_339 = getelementptr i8 %x, i64 0, i64 54"   --->   Operation 325 'getelementptr' 'x_addr_339' <Predicate = true> <Delay = 0.00>
ST_28 : Operation 326 [2/2] (1.23ns)   --->   "%x_load_339 = load i9 %x_addr_339"   --->   Operation 326 'load' 'x_load_339' <Predicate = true> <Delay = 1.23> <CoreInst = "RAM">   --->   Core 83 'RAM' <Latency = 1> <II = 1> <Delay = 1.23> <Storage> <Opcode : 'load' 'store'> <Ports = 2> <Width = 8> <Depth = 320> <RAM>
ST_28 : Operation 327 [1/1] (0.00ns)   --->   "%x_addr_340 = getelementptr i8 %x, i64 0, i64 55"   --->   Operation 327 'getelementptr' 'x_addr_340' <Predicate = true> <Delay = 0.00>
ST_28 : Operation 328 [2/2] (1.23ns)   --->   "%x_load_340 = load i9 %x_addr_340"   --->   Operation 328 'load' 'x_load_340' <Predicate = true> <Delay = 1.23> <CoreInst = "RAM">   --->   Core 83 'RAM' <Latency = 1> <II = 1> <Delay = 1.23> <Storage> <Opcode : 'load' 'store'> <Ports = 2> <Width = 8> <Depth = 320> <RAM>

State 29 <SV = 28> <Delay = 1.23>
ST_29 : Operation 329 [1/2] (1.23ns)   --->   "%x_load_339 = load i9 %x_addr_339"   --->   Operation 329 'load' 'x_load_339' <Predicate = true> <Delay = 1.23> <CoreInst = "RAM">   --->   Core 83 'RAM' <Latency = 1> <II = 1> <Delay = 1.23> <Storage> <Opcode : 'load' 'store'> <Ports = 2> <Width = 8> <Depth = 320> <RAM>
ST_29 : Operation 330 [1/2] (1.23ns)   --->   "%x_load_340 = load i9 %x_addr_340"   --->   Operation 330 'load' 'x_load_340' <Predicate = true> <Delay = 1.23> <CoreInst = "RAM">   --->   Core 83 'RAM' <Latency = 1> <II = 1> <Delay = 1.23> <Storage> <Opcode : 'load' 'store'> <Ports = 2> <Width = 8> <Depth = 320> <RAM>
ST_29 : Operation 331 [1/1] (0.00ns)   --->   "%x_addr_341 = getelementptr i8 %x, i64 0, i64 56"   --->   Operation 331 'getelementptr' 'x_addr_341' <Predicate = true> <Delay = 0.00>
ST_29 : Operation 332 [2/2] (1.23ns)   --->   "%x_load_341 = load i9 %x_addr_341"   --->   Operation 332 'load' 'x_load_341' <Predicate = true> <Delay = 1.23> <CoreInst = "RAM">   --->   Core 83 'RAM' <Latency = 1> <II = 1> <Delay = 1.23> <Storage> <Opcode : 'load' 'store'> <Ports = 2> <Width = 8> <Depth = 320> <RAM>
ST_29 : Operation 333 [1/1] (0.00ns)   --->   "%x_addr_342 = getelementptr i8 %x, i64 0, i64 57"   --->   Operation 333 'getelementptr' 'x_addr_342' <Predicate = true> <Delay = 0.00>
ST_29 : Operation 334 [2/2] (1.23ns)   --->   "%x_load_342 = load i9 %x_addr_342"   --->   Operation 334 'load' 'x_load_342' <Predicate = true> <Delay = 1.23> <CoreInst = "RAM">   --->   Core 83 'RAM' <Latency = 1> <II = 1> <Delay = 1.23> <Storage> <Opcode : 'load' 'store'> <Ports = 2> <Width = 8> <Depth = 320> <RAM>

State 30 <SV = 29> <Delay = 1.23>
ST_30 : Operation 335 [1/2] (1.23ns)   --->   "%x_load_341 = load i9 %x_addr_341"   --->   Operation 335 'load' 'x_load_341' <Predicate = true> <Delay = 1.23> <CoreInst = "RAM">   --->   Core 83 'RAM' <Latency = 1> <II = 1> <Delay = 1.23> <Storage> <Opcode : 'load' 'store'> <Ports = 2> <Width = 8> <Depth = 320> <RAM>
ST_30 : Operation 336 [1/2] (1.23ns)   --->   "%x_load_342 = load i9 %x_addr_342"   --->   Operation 336 'load' 'x_load_342' <Predicate = true> <Delay = 1.23> <CoreInst = "RAM">   --->   Core 83 'RAM' <Latency = 1> <II = 1> <Delay = 1.23> <Storage> <Opcode : 'load' 'store'> <Ports = 2> <Width = 8> <Depth = 320> <RAM>
ST_30 : Operation 337 [1/1] (0.00ns)   --->   "%x_addr_343 = getelementptr i8 %x, i64 0, i64 58"   --->   Operation 337 'getelementptr' 'x_addr_343' <Predicate = true> <Delay = 0.00>
ST_30 : Operation 338 [2/2] (1.23ns)   --->   "%x_load_343 = load i9 %x_addr_343"   --->   Operation 338 'load' 'x_load_343' <Predicate = true> <Delay = 1.23> <CoreInst = "RAM">   --->   Core 83 'RAM' <Latency = 1> <II = 1> <Delay = 1.23> <Storage> <Opcode : 'load' 'store'> <Ports = 2> <Width = 8> <Depth = 320> <RAM>
ST_30 : Operation 339 [1/1] (0.00ns)   --->   "%x_addr_344 = getelementptr i8 %x, i64 0, i64 59"   --->   Operation 339 'getelementptr' 'x_addr_344' <Predicate = true> <Delay = 0.00>
ST_30 : Operation 340 [2/2] (1.23ns)   --->   "%x_load_344 = load i9 %x_addr_344"   --->   Operation 340 'load' 'x_load_344' <Predicate = true> <Delay = 1.23> <CoreInst = "RAM">   --->   Core 83 'RAM' <Latency = 1> <II = 1> <Delay = 1.23> <Storage> <Opcode : 'load' 'store'> <Ports = 2> <Width = 8> <Depth = 320> <RAM>

State 31 <SV = 30> <Delay = 1.23>
ST_31 : Operation 341 [1/2] (1.23ns)   --->   "%x_load_343 = load i9 %x_addr_343"   --->   Operation 341 'load' 'x_load_343' <Predicate = true> <Delay = 1.23> <CoreInst = "RAM">   --->   Core 83 'RAM' <Latency = 1> <II = 1> <Delay = 1.23> <Storage> <Opcode : 'load' 'store'> <Ports = 2> <Width = 8> <Depth = 320> <RAM>
ST_31 : Operation 342 [1/2] (1.23ns)   --->   "%x_load_344 = load i9 %x_addr_344"   --->   Operation 342 'load' 'x_load_344' <Predicate = true> <Delay = 1.23> <CoreInst = "RAM">   --->   Core 83 'RAM' <Latency = 1> <II = 1> <Delay = 1.23> <Storage> <Opcode : 'load' 'store'> <Ports = 2> <Width = 8> <Depth = 320> <RAM>
ST_31 : Operation 343 [1/1] (0.00ns)   --->   "%x_addr_345 = getelementptr i8 %x, i64 0, i64 60"   --->   Operation 343 'getelementptr' 'x_addr_345' <Predicate = true> <Delay = 0.00>
ST_31 : Operation 344 [2/2] (1.23ns)   --->   "%x_load_345 = load i9 %x_addr_345"   --->   Operation 344 'load' 'x_load_345' <Predicate = true> <Delay = 1.23> <CoreInst = "RAM">   --->   Core 83 'RAM' <Latency = 1> <II = 1> <Delay = 1.23> <Storage> <Opcode : 'load' 'store'> <Ports = 2> <Width = 8> <Depth = 320> <RAM>
ST_31 : Operation 345 [1/1] (0.00ns)   --->   "%x_addr_346 = getelementptr i8 %x, i64 0, i64 61"   --->   Operation 345 'getelementptr' 'x_addr_346' <Predicate = true> <Delay = 0.00>
ST_31 : Operation 346 [2/2] (1.23ns)   --->   "%x_load_346 = load i9 %x_addr_346"   --->   Operation 346 'load' 'x_load_346' <Predicate = true> <Delay = 1.23> <CoreInst = "RAM">   --->   Core 83 'RAM' <Latency = 1> <II = 1> <Delay = 1.23> <Storage> <Opcode : 'load' 'store'> <Ports = 2> <Width = 8> <Depth = 320> <RAM>

State 32 <SV = 31> <Delay = 1.23>
ST_32 : Operation 347 [1/2] (1.23ns)   --->   "%x_load_345 = load i9 %x_addr_345"   --->   Operation 347 'load' 'x_load_345' <Predicate = true> <Delay = 1.23> <CoreInst = "RAM">   --->   Core 83 'RAM' <Latency = 1> <II = 1> <Delay = 1.23> <Storage> <Opcode : 'load' 'store'> <Ports = 2> <Width = 8> <Depth = 320> <RAM>
ST_32 : Operation 348 [1/2] (1.23ns)   --->   "%x_load_346 = load i9 %x_addr_346"   --->   Operation 348 'load' 'x_load_346' <Predicate = true> <Delay = 1.23> <CoreInst = "RAM">   --->   Core 83 'RAM' <Latency = 1> <II = 1> <Delay = 1.23> <Storage> <Opcode : 'load' 'store'> <Ports = 2> <Width = 8> <Depth = 320> <RAM>
ST_32 : Operation 349 [1/1] (0.00ns)   --->   "%x_addr_347 = getelementptr i8 %x, i64 0, i64 62"   --->   Operation 349 'getelementptr' 'x_addr_347' <Predicate = true> <Delay = 0.00>
ST_32 : Operation 350 [2/2] (1.23ns)   --->   "%x_load_347 = load i9 %x_addr_347"   --->   Operation 350 'load' 'x_load_347' <Predicate = true> <Delay = 1.23> <CoreInst = "RAM">   --->   Core 83 'RAM' <Latency = 1> <II = 1> <Delay = 1.23> <Storage> <Opcode : 'load' 'store'> <Ports = 2> <Width = 8> <Depth = 320> <RAM>
ST_32 : Operation 351 [1/1] (0.00ns)   --->   "%x_addr_348 = getelementptr i8 %x, i64 0, i64 63"   --->   Operation 351 'getelementptr' 'x_addr_348' <Predicate = true> <Delay = 0.00>
ST_32 : Operation 352 [2/2] (1.23ns)   --->   "%x_load_348 = load i9 %x_addr_348"   --->   Operation 352 'load' 'x_load_348' <Predicate = true> <Delay = 1.23> <CoreInst = "RAM">   --->   Core 83 'RAM' <Latency = 1> <II = 1> <Delay = 1.23> <Storage> <Opcode : 'load' 'store'> <Ports = 2> <Width = 8> <Depth = 320> <RAM>

State 33 <SV = 32> <Delay = 1.23>
ST_33 : Operation 353 [1/2] (1.23ns)   --->   "%x_load_347 = load i9 %x_addr_347"   --->   Operation 353 'load' 'x_load_347' <Predicate = true> <Delay = 1.23> <CoreInst = "RAM">   --->   Core 83 'RAM' <Latency = 1> <II = 1> <Delay = 1.23> <Storage> <Opcode : 'load' 'store'> <Ports = 2> <Width = 8> <Depth = 320> <RAM>
ST_33 : Operation 354 [1/2] (1.23ns)   --->   "%x_load_348 = load i9 %x_addr_348"   --->   Operation 354 'load' 'x_load_348' <Predicate = true> <Delay = 1.23> <CoreInst = "RAM">   --->   Core 83 'RAM' <Latency = 1> <II = 1> <Delay = 1.23> <Storage> <Opcode : 'load' 'store'> <Ports = 2> <Width = 8> <Depth = 320> <RAM>
ST_33 : Operation 355 [1/1] (0.00ns)   --->   "%x_addr_349 = getelementptr i8 %x, i64 0, i64 64"   --->   Operation 355 'getelementptr' 'x_addr_349' <Predicate = true> <Delay = 0.00>
ST_33 : Operation 356 [2/2] (1.23ns)   --->   "%x_load_349 = load i9 %x_addr_349"   --->   Operation 356 'load' 'x_load_349' <Predicate = true> <Delay = 1.23> <CoreInst = "RAM">   --->   Core 83 'RAM' <Latency = 1> <II = 1> <Delay = 1.23> <Storage> <Opcode : 'load' 'store'> <Ports = 2> <Width = 8> <Depth = 320> <RAM>
ST_33 : Operation 357 [1/1] (0.00ns)   --->   "%x_addr_350 = getelementptr i8 %x, i64 0, i64 65"   --->   Operation 357 'getelementptr' 'x_addr_350' <Predicate = true> <Delay = 0.00>
ST_33 : Operation 358 [2/2] (1.23ns)   --->   "%x_load_350 = load i9 %x_addr_350"   --->   Operation 358 'load' 'x_load_350' <Predicate = true> <Delay = 1.23> <CoreInst = "RAM">   --->   Core 83 'RAM' <Latency = 1> <II = 1> <Delay = 1.23> <Storage> <Opcode : 'load' 'store'> <Ports = 2> <Width = 8> <Depth = 320> <RAM>

State 34 <SV = 33> <Delay = 1.23>
ST_34 : Operation 359 [1/2] (1.23ns)   --->   "%x_load_349 = load i9 %x_addr_349"   --->   Operation 359 'load' 'x_load_349' <Predicate = true> <Delay = 1.23> <CoreInst = "RAM">   --->   Core 83 'RAM' <Latency = 1> <II = 1> <Delay = 1.23> <Storage> <Opcode : 'load' 'store'> <Ports = 2> <Width = 8> <Depth = 320> <RAM>
ST_34 : Operation 360 [1/2] (1.23ns)   --->   "%x_load_350 = load i9 %x_addr_350"   --->   Operation 360 'load' 'x_load_350' <Predicate = true> <Delay = 1.23> <CoreInst = "RAM">   --->   Core 83 'RAM' <Latency = 1> <II = 1> <Delay = 1.23> <Storage> <Opcode : 'load' 'store'> <Ports = 2> <Width = 8> <Depth = 320> <RAM>
ST_34 : Operation 361 [1/1] (0.00ns)   --->   "%x_addr_351 = getelementptr i8 %x, i64 0, i64 66"   --->   Operation 361 'getelementptr' 'x_addr_351' <Predicate = true> <Delay = 0.00>
ST_34 : Operation 362 [2/2] (1.23ns)   --->   "%x_load_351 = load i9 %x_addr_351"   --->   Operation 362 'load' 'x_load_351' <Predicate = true> <Delay = 1.23> <CoreInst = "RAM">   --->   Core 83 'RAM' <Latency = 1> <II = 1> <Delay = 1.23> <Storage> <Opcode : 'load' 'store'> <Ports = 2> <Width = 8> <Depth = 320> <RAM>
ST_34 : Operation 363 [1/1] (0.00ns)   --->   "%x_addr_352 = getelementptr i8 %x, i64 0, i64 67"   --->   Operation 363 'getelementptr' 'x_addr_352' <Predicate = true> <Delay = 0.00>
ST_34 : Operation 364 [2/2] (1.23ns)   --->   "%x_load_352 = load i9 %x_addr_352"   --->   Operation 364 'load' 'x_load_352' <Predicate = true> <Delay = 1.23> <CoreInst = "RAM">   --->   Core 83 'RAM' <Latency = 1> <II = 1> <Delay = 1.23> <Storage> <Opcode : 'load' 'store'> <Ports = 2> <Width = 8> <Depth = 320> <RAM>

State 35 <SV = 34> <Delay = 1.23>
ST_35 : Operation 365 [1/2] (1.23ns)   --->   "%x_load_351 = load i9 %x_addr_351"   --->   Operation 365 'load' 'x_load_351' <Predicate = true> <Delay = 1.23> <CoreInst = "RAM">   --->   Core 83 'RAM' <Latency = 1> <II = 1> <Delay = 1.23> <Storage> <Opcode : 'load' 'store'> <Ports = 2> <Width = 8> <Depth = 320> <RAM>
ST_35 : Operation 366 [1/2] (1.23ns)   --->   "%x_load_352 = load i9 %x_addr_352"   --->   Operation 366 'load' 'x_load_352' <Predicate = true> <Delay = 1.23> <CoreInst = "RAM">   --->   Core 83 'RAM' <Latency = 1> <II = 1> <Delay = 1.23> <Storage> <Opcode : 'load' 'store'> <Ports = 2> <Width = 8> <Depth = 320> <RAM>
ST_35 : Operation 367 [1/1] (0.00ns)   --->   "%x_addr_353 = getelementptr i8 %x, i64 0, i64 68"   --->   Operation 367 'getelementptr' 'x_addr_353' <Predicate = true> <Delay = 0.00>
ST_35 : Operation 368 [2/2] (1.23ns)   --->   "%x_load_353 = load i9 %x_addr_353"   --->   Operation 368 'load' 'x_load_353' <Predicate = true> <Delay = 1.23> <CoreInst = "RAM">   --->   Core 83 'RAM' <Latency = 1> <II = 1> <Delay = 1.23> <Storage> <Opcode : 'load' 'store'> <Ports = 2> <Width = 8> <Depth = 320> <RAM>
ST_35 : Operation 369 [1/1] (0.00ns)   --->   "%x_addr_354 = getelementptr i8 %x, i64 0, i64 69"   --->   Operation 369 'getelementptr' 'x_addr_354' <Predicate = true> <Delay = 0.00>
ST_35 : Operation 370 [2/2] (1.23ns)   --->   "%x_load_354 = load i9 %x_addr_354"   --->   Operation 370 'load' 'x_load_354' <Predicate = true> <Delay = 1.23> <CoreInst = "RAM">   --->   Core 83 'RAM' <Latency = 1> <II = 1> <Delay = 1.23> <Storage> <Opcode : 'load' 'store'> <Ports = 2> <Width = 8> <Depth = 320> <RAM>

State 36 <SV = 35> <Delay = 1.23>
ST_36 : Operation 371 [1/2] (1.23ns)   --->   "%x_load_353 = load i9 %x_addr_353"   --->   Operation 371 'load' 'x_load_353' <Predicate = true> <Delay = 1.23> <CoreInst = "RAM">   --->   Core 83 'RAM' <Latency = 1> <II = 1> <Delay = 1.23> <Storage> <Opcode : 'load' 'store'> <Ports = 2> <Width = 8> <Depth = 320> <RAM>
ST_36 : Operation 372 [1/2] (1.23ns)   --->   "%x_load_354 = load i9 %x_addr_354"   --->   Operation 372 'load' 'x_load_354' <Predicate = true> <Delay = 1.23> <CoreInst = "RAM">   --->   Core 83 'RAM' <Latency = 1> <II = 1> <Delay = 1.23> <Storage> <Opcode : 'load' 'store'> <Ports = 2> <Width = 8> <Depth = 320> <RAM>
ST_36 : Operation 373 [1/1] (0.00ns)   --->   "%x_addr_355 = getelementptr i8 %x, i64 0, i64 70"   --->   Operation 373 'getelementptr' 'x_addr_355' <Predicate = true> <Delay = 0.00>
ST_36 : Operation 374 [2/2] (1.23ns)   --->   "%x_load_355 = load i9 %x_addr_355"   --->   Operation 374 'load' 'x_load_355' <Predicate = true> <Delay = 1.23> <CoreInst = "RAM">   --->   Core 83 'RAM' <Latency = 1> <II = 1> <Delay = 1.23> <Storage> <Opcode : 'load' 'store'> <Ports = 2> <Width = 8> <Depth = 320> <RAM>
ST_36 : Operation 375 [1/1] (0.00ns)   --->   "%x_addr_356 = getelementptr i8 %x, i64 0, i64 71"   --->   Operation 375 'getelementptr' 'x_addr_356' <Predicate = true> <Delay = 0.00>
ST_36 : Operation 376 [2/2] (1.23ns)   --->   "%x_load_356 = load i9 %x_addr_356"   --->   Operation 376 'load' 'x_load_356' <Predicate = true> <Delay = 1.23> <CoreInst = "RAM">   --->   Core 83 'RAM' <Latency = 1> <II = 1> <Delay = 1.23> <Storage> <Opcode : 'load' 'store'> <Ports = 2> <Width = 8> <Depth = 320> <RAM>

State 37 <SV = 36> <Delay = 1.23>
ST_37 : Operation 377 [1/2] (1.23ns)   --->   "%x_load_355 = load i9 %x_addr_355"   --->   Operation 377 'load' 'x_load_355' <Predicate = true> <Delay = 1.23> <CoreInst = "RAM">   --->   Core 83 'RAM' <Latency = 1> <II = 1> <Delay = 1.23> <Storage> <Opcode : 'load' 'store'> <Ports = 2> <Width = 8> <Depth = 320> <RAM>
ST_37 : Operation 378 [1/2] (1.23ns)   --->   "%x_load_356 = load i9 %x_addr_356"   --->   Operation 378 'load' 'x_load_356' <Predicate = true> <Delay = 1.23> <CoreInst = "RAM">   --->   Core 83 'RAM' <Latency = 1> <II = 1> <Delay = 1.23> <Storage> <Opcode : 'load' 'store'> <Ports = 2> <Width = 8> <Depth = 320> <RAM>
ST_37 : Operation 379 [1/1] (0.00ns)   --->   "%x_addr_357 = getelementptr i8 %x, i64 0, i64 72"   --->   Operation 379 'getelementptr' 'x_addr_357' <Predicate = true> <Delay = 0.00>
ST_37 : Operation 380 [2/2] (1.23ns)   --->   "%x_load_357 = load i9 %x_addr_357"   --->   Operation 380 'load' 'x_load_357' <Predicate = true> <Delay = 1.23> <CoreInst = "RAM">   --->   Core 83 'RAM' <Latency = 1> <II = 1> <Delay = 1.23> <Storage> <Opcode : 'load' 'store'> <Ports = 2> <Width = 8> <Depth = 320> <RAM>
ST_37 : Operation 381 [1/1] (0.00ns)   --->   "%x_addr_358 = getelementptr i8 %x, i64 0, i64 73"   --->   Operation 381 'getelementptr' 'x_addr_358' <Predicate = true> <Delay = 0.00>
ST_37 : Operation 382 [2/2] (1.23ns)   --->   "%x_load_358 = load i9 %x_addr_358"   --->   Operation 382 'load' 'x_load_358' <Predicate = true> <Delay = 1.23> <CoreInst = "RAM">   --->   Core 83 'RAM' <Latency = 1> <II = 1> <Delay = 1.23> <Storage> <Opcode : 'load' 'store'> <Ports = 2> <Width = 8> <Depth = 320> <RAM>

State 38 <SV = 37> <Delay = 1.23>
ST_38 : Operation 383 [1/2] (1.23ns)   --->   "%x_load_357 = load i9 %x_addr_357"   --->   Operation 383 'load' 'x_load_357' <Predicate = true> <Delay = 1.23> <CoreInst = "RAM">   --->   Core 83 'RAM' <Latency = 1> <II = 1> <Delay = 1.23> <Storage> <Opcode : 'load' 'store'> <Ports = 2> <Width = 8> <Depth = 320> <RAM>
ST_38 : Operation 384 [1/2] (1.23ns)   --->   "%x_load_358 = load i9 %x_addr_358"   --->   Operation 384 'load' 'x_load_358' <Predicate = true> <Delay = 1.23> <CoreInst = "RAM">   --->   Core 83 'RAM' <Latency = 1> <II = 1> <Delay = 1.23> <Storage> <Opcode : 'load' 'store'> <Ports = 2> <Width = 8> <Depth = 320> <RAM>
ST_38 : Operation 385 [1/1] (0.00ns)   --->   "%x_addr_359 = getelementptr i8 %x, i64 0, i64 74"   --->   Operation 385 'getelementptr' 'x_addr_359' <Predicate = true> <Delay = 0.00>
ST_38 : Operation 386 [2/2] (1.23ns)   --->   "%x_load_359 = load i9 %x_addr_359"   --->   Operation 386 'load' 'x_load_359' <Predicate = true> <Delay = 1.23> <CoreInst = "RAM">   --->   Core 83 'RAM' <Latency = 1> <II = 1> <Delay = 1.23> <Storage> <Opcode : 'load' 'store'> <Ports = 2> <Width = 8> <Depth = 320> <RAM>
ST_38 : Operation 387 [1/1] (0.00ns)   --->   "%x_addr_360 = getelementptr i8 %x, i64 0, i64 75"   --->   Operation 387 'getelementptr' 'x_addr_360' <Predicate = true> <Delay = 0.00>
ST_38 : Operation 388 [2/2] (1.23ns)   --->   "%x_load_360 = load i9 %x_addr_360"   --->   Operation 388 'load' 'x_load_360' <Predicate = true> <Delay = 1.23> <CoreInst = "RAM">   --->   Core 83 'RAM' <Latency = 1> <II = 1> <Delay = 1.23> <Storage> <Opcode : 'load' 'store'> <Ports = 2> <Width = 8> <Depth = 320> <RAM>

State 39 <SV = 38> <Delay = 1.23>
ST_39 : Operation 389 [1/2] (1.23ns)   --->   "%x_load_359 = load i9 %x_addr_359"   --->   Operation 389 'load' 'x_load_359' <Predicate = true> <Delay = 1.23> <CoreInst = "RAM">   --->   Core 83 'RAM' <Latency = 1> <II = 1> <Delay = 1.23> <Storage> <Opcode : 'load' 'store'> <Ports = 2> <Width = 8> <Depth = 320> <RAM>
ST_39 : Operation 390 [1/2] (1.23ns)   --->   "%x_load_360 = load i9 %x_addr_360"   --->   Operation 390 'load' 'x_load_360' <Predicate = true> <Delay = 1.23> <CoreInst = "RAM">   --->   Core 83 'RAM' <Latency = 1> <II = 1> <Delay = 1.23> <Storage> <Opcode : 'load' 'store'> <Ports = 2> <Width = 8> <Depth = 320> <RAM>
ST_39 : Operation 391 [1/1] (0.00ns)   --->   "%x_addr_361 = getelementptr i8 %x, i64 0, i64 76"   --->   Operation 391 'getelementptr' 'x_addr_361' <Predicate = true> <Delay = 0.00>
ST_39 : Operation 392 [2/2] (1.23ns)   --->   "%x_load_361 = load i9 %x_addr_361"   --->   Operation 392 'load' 'x_load_361' <Predicate = true> <Delay = 1.23> <CoreInst = "RAM">   --->   Core 83 'RAM' <Latency = 1> <II = 1> <Delay = 1.23> <Storage> <Opcode : 'load' 'store'> <Ports = 2> <Width = 8> <Depth = 320> <RAM>
ST_39 : Operation 393 [1/1] (0.00ns)   --->   "%x_addr_362 = getelementptr i8 %x, i64 0, i64 77"   --->   Operation 393 'getelementptr' 'x_addr_362' <Predicate = true> <Delay = 0.00>
ST_39 : Operation 394 [2/2] (1.23ns)   --->   "%x_load_362 = load i9 %x_addr_362"   --->   Operation 394 'load' 'x_load_362' <Predicate = true> <Delay = 1.23> <CoreInst = "RAM">   --->   Core 83 'RAM' <Latency = 1> <II = 1> <Delay = 1.23> <Storage> <Opcode : 'load' 'store'> <Ports = 2> <Width = 8> <Depth = 320> <RAM>

State 40 <SV = 39> <Delay = 1.23>
ST_40 : Operation 395 [1/2] (1.23ns)   --->   "%x_load_361 = load i9 %x_addr_361"   --->   Operation 395 'load' 'x_load_361' <Predicate = true> <Delay = 1.23> <CoreInst = "RAM">   --->   Core 83 'RAM' <Latency = 1> <II = 1> <Delay = 1.23> <Storage> <Opcode : 'load' 'store'> <Ports = 2> <Width = 8> <Depth = 320> <RAM>
ST_40 : Operation 396 [1/2] (1.23ns)   --->   "%x_load_362 = load i9 %x_addr_362"   --->   Operation 396 'load' 'x_load_362' <Predicate = true> <Delay = 1.23> <CoreInst = "RAM">   --->   Core 83 'RAM' <Latency = 1> <II = 1> <Delay = 1.23> <Storage> <Opcode : 'load' 'store'> <Ports = 2> <Width = 8> <Depth = 320> <RAM>
ST_40 : Operation 397 [1/1] (0.00ns)   --->   "%x_addr_363 = getelementptr i8 %x, i64 0, i64 78"   --->   Operation 397 'getelementptr' 'x_addr_363' <Predicate = true> <Delay = 0.00>
ST_40 : Operation 398 [2/2] (1.23ns)   --->   "%x_load_363 = load i9 %x_addr_363"   --->   Operation 398 'load' 'x_load_363' <Predicate = true> <Delay = 1.23> <CoreInst = "RAM">   --->   Core 83 'RAM' <Latency = 1> <II = 1> <Delay = 1.23> <Storage> <Opcode : 'load' 'store'> <Ports = 2> <Width = 8> <Depth = 320> <RAM>
ST_40 : Operation 399 [1/1] (0.00ns)   --->   "%x_addr_364 = getelementptr i8 %x, i64 0, i64 79"   --->   Operation 399 'getelementptr' 'x_addr_364' <Predicate = true> <Delay = 0.00>
ST_40 : Operation 400 [2/2] (1.23ns)   --->   "%x_load_364 = load i9 %x_addr_364"   --->   Operation 400 'load' 'x_load_364' <Predicate = true> <Delay = 1.23> <CoreInst = "RAM">   --->   Core 83 'RAM' <Latency = 1> <II = 1> <Delay = 1.23> <Storage> <Opcode : 'load' 'store'> <Ports = 2> <Width = 8> <Depth = 320> <RAM>

State 41 <SV = 40> <Delay = 1.23>
ST_41 : Operation 401 [1/2] (1.23ns)   --->   "%x_load_363 = load i9 %x_addr_363"   --->   Operation 401 'load' 'x_load_363' <Predicate = true> <Delay = 1.23> <CoreInst = "RAM">   --->   Core 83 'RAM' <Latency = 1> <II = 1> <Delay = 1.23> <Storage> <Opcode : 'load' 'store'> <Ports = 2> <Width = 8> <Depth = 320> <RAM>
ST_41 : Operation 402 [1/2] (1.23ns)   --->   "%x_load_364 = load i9 %x_addr_364"   --->   Operation 402 'load' 'x_load_364' <Predicate = true> <Delay = 1.23> <CoreInst = "RAM">   --->   Core 83 'RAM' <Latency = 1> <II = 1> <Delay = 1.23> <Storage> <Opcode : 'load' 'store'> <Ports = 2> <Width = 8> <Depth = 320> <RAM>
ST_41 : Operation 403 [1/1] (0.00ns)   --->   "%x_addr_365 = getelementptr i8 %x, i64 0, i64 80"   --->   Operation 403 'getelementptr' 'x_addr_365' <Predicate = true> <Delay = 0.00>
ST_41 : Operation 404 [2/2] (1.23ns)   --->   "%x_load_365 = load i9 %x_addr_365"   --->   Operation 404 'load' 'x_load_365' <Predicate = true> <Delay = 1.23> <CoreInst = "RAM">   --->   Core 83 'RAM' <Latency = 1> <II = 1> <Delay = 1.23> <Storage> <Opcode : 'load' 'store'> <Ports = 2> <Width = 8> <Depth = 320> <RAM>
ST_41 : Operation 405 [1/1] (0.00ns)   --->   "%x_addr_366 = getelementptr i8 %x, i64 0, i64 81"   --->   Operation 405 'getelementptr' 'x_addr_366' <Predicate = true> <Delay = 0.00>
ST_41 : Operation 406 [2/2] (1.23ns)   --->   "%x_load_366 = load i9 %x_addr_366"   --->   Operation 406 'load' 'x_load_366' <Predicate = true> <Delay = 1.23> <CoreInst = "RAM">   --->   Core 83 'RAM' <Latency = 1> <II = 1> <Delay = 1.23> <Storage> <Opcode : 'load' 'store'> <Ports = 2> <Width = 8> <Depth = 320> <RAM>

State 42 <SV = 41> <Delay = 1.23>
ST_42 : Operation 407 [1/2] (1.23ns)   --->   "%x_load_365 = load i9 %x_addr_365"   --->   Operation 407 'load' 'x_load_365' <Predicate = true> <Delay = 1.23> <CoreInst = "RAM">   --->   Core 83 'RAM' <Latency = 1> <II = 1> <Delay = 1.23> <Storage> <Opcode : 'load' 'store'> <Ports = 2> <Width = 8> <Depth = 320> <RAM>
ST_42 : Operation 408 [1/2] (1.23ns)   --->   "%x_load_366 = load i9 %x_addr_366"   --->   Operation 408 'load' 'x_load_366' <Predicate = true> <Delay = 1.23> <CoreInst = "RAM">   --->   Core 83 'RAM' <Latency = 1> <II = 1> <Delay = 1.23> <Storage> <Opcode : 'load' 'store'> <Ports = 2> <Width = 8> <Depth = 320> <RAM>
ST_42 : Operation 409 [1/1] (0.00ns)   --->   "%x_addr_367 = getelementptr i8 %x, i64 0, i64 82"   --->   Operation 409 'getelementptr' 'x_addr_367' <Predicate = true> <Delay = 0.00>
ST_42 : Operation 410 [2/2] (1.23ns)   --->   "%x_load_367 = load i9 %x_addr_367"   --->   Operation 410 'load' 'x_load_367' <Predicate = true> <Delay = 1.23> <CoreInst = "RAM">   --->   Core 83 'RAM' <Latency = 1> <II = 1> <Delay = 1.23> <Storage> <Opcode : 'load' 'store'> <Ports = 2> <Width = 8> <Depth = 320> <RAM>
ST_42 : Operation 411 [1/1] (0.00ns)   --->   "%x_addr_368 = getelementptr i8 %x, i64 0, i64 83"   --->   Operation 411 'getelementptr' 'x_addr_368' <Predicate = true> <Delay = 0.00>
ST_42 : Operation 412 [2/2] (1.23ns)   --->   "%x_load_368 = load i9 %x_addr_368"   --->   Operation 412 'load' 'x_load_368' <Predicate = true> <Delay = 1.23> <CoreInst = "RAM">   --->   Core 83 'RAM' <Latency = 1> <II = 1> <Delay = 1.23> <Storage> <Opcode : 'load' 'store'> <Ports = 2> <Width = 8> <Depth = 320> <RAM>

State 43 <SV = 42> <Delay = 1.23>
ST_43 : Operation 413 [1/2] (1.23ns)   --->   "%x_load_367 = load i9 %x_addr_367"   --->   Operation 413 'load' 'x_load_367' <Predicate = true> <Delay = 1.23> <CoreInst = "RAM">   --->   Core 83 'RAM' <Latency = 1> <II = 1> <Delay = 1.23> <Storage> <Opcode : 'load' 'store'> <Ports = 2> <Width = 8> <Depth = 320> <RAM>
ST_43 : Operation 414 [1/2] (1.23ns)   --->   "%x_load_368 = load i9 %x_addr_368"   --->   Operation 414 'load' 'x_load_368' <Predicate = true> <Delay = 1.23> <CoreInst = "RAM">   --->   Core 83 'RAM' <Latency = 1> <II = 1> <Delay = 1.23> <Storage> <Opcode : 'load' 'store'> <Ports = 2> <Width = 8> <Depth = 320> <RAM>
ST_43 : Operation 415 [1/1] (0.00ns)   --->   "%x_addr_369 = getelementptr i8 %x, i64 0, i64 84"   --->   Operation 415 'getelementptr' 'x_addr_369' <Predicate = true> <Delay = 0.00>
ST_43 : Operation 416 [2/2] (1.23ns)   --->   "%x_load_369 = load i9 %x_addr_369"   --->   Operation 416 'load' 'x_load_369' <Predicate = true> <Delay = 1.23> <CoreInst = "RAM">   --->   Core 83 'RAM' <Latency = 1> <II = 1> <Delay = 1.23> <Storage> <Opcode : 'load' 'store'> <Ports = 2> <Width = 8> <Depth = 320> <RAM>
ST_43 : Operation 417 [1/1] (0.00ns)   --->   "%x_addr_370 = getelementptr i8 %x, i64 0, i64 85"   --->   Operation 417 'getelementptr' 'x_addr_370' <Predicate = true> <Delay = 0.00>
ST_43 : Operation 418 [2/2] (1.23ns)   --->   "%x_load_370 = load i9 %x_addr_370"   --->   Operation 418 'load' 'x_load_370' <Predicate = true> <Delay = 1.23> <CoreInst = "RAM">   --->   Core 83 'RAM' <Latency = 1> <II = 1> <Delay = 1.23> <Storage> <Opcode : 'load' 'store'> <Ports = 2> <Width = 8> <Depth = 320> <RAM>

State 44 <SV = 43> <Delay = 1.23>
ST_44 : Operation 419 [1/2] (1.23ns)   --->   "%x_load_369 = load i9 %x_addr_369"   --->   Operation 419 'load' 'x_load_369' <Predicate = true> <Delay = 1.23> <CoreInst = "RAM">   --->   Core 83 'RAM' <Latency = 1> <II = 1> <Delay = 1.23> <Storage> <Opcode : 'load' 'store'> <Ports = 2> <Width = 8> <Depth = 320> <RAM>
ST_44 : Operation 420 [1/2] (1.23ns)   --->   "%x_load_370 = load i9 %x_addr_370"   --->   Operation 420 'load' 'x_load_370' <Predicate = true> <Delay = 1.23> <CoreInst = "RAM">   --->   Core 83 'RAM' <Latency = 1> <II = 1> <Delay = 1.23> <Storage> <Opcode : 'load' 'store'> <Ports = 2> <Width = 8> <Depth = 320> <RAM>
ST_44 : Operation 421 [1/1] (0.00ns)   --->   "%x_addr_371 = getelementptr i8 %x, i64 0, i64 86"   --->   Operation 421 'getelementptr' 'x_addr_371' <Predicate = true> <Delay = 0.00>
ST_44 : Operation 422 [2/2] (1.23ns)   --->   "%x_load_371 = load i9 %x_addr_371"   --->   Operation 422 'load' 'x_load_371' <Predicate = true> <Delay = 1.23> <CoreInst = "RAM">   --->   Core 83 'RAM' <Latency = 1> <II = 1> <Delay = 1.23> <Storage> <Opcode : 'load' 'store'> <Ports = 2> <Width = 8> <Depth = 320> <RAM>
ST_44 : Operation 423 [1/1] (0.00ns)   --->   "%x_addr_372 = getelementptr i8 %x, i64 0, i64 87"   --->   Operation 423 'getelementptr' 'x_addr_372' <Predicate = true> <Delay = 0.00>
ST_44 : Operation 424 [2/2] (1.23ns)   --->   "%x_load_372 = load i9 %x_addr_372"   --->   Operation 424 'load' 'x_load_372' <Predicate = true> <Delay = 1.23> <CoreInst = "RAM">   --->   Core 83 'RAM' <Latency = 1> <II = 1> <Delay = 1.23> <Storage> <Opcode : 'load' 'store'> <Ports = 2> <Width = 8> <Depth = 320> <RAM>

State 45 <SV = 44> <Delay = 1.23>
ST_45 : Operation 425 [1/2] (1.23ns)   --->   "%x_load_371 = load i9 %x_addr_371"   --->   Operation 425 'load' 'x_load_371' <Predicate = true> <Delay = 1.23> <CoreInst = "RAM">   --->   Core 83 'RAM' <Latency = 1> <II = 1> <Delay = 1.23> <Storage> <Opcode : 'load' 'store'> <Ports = 2> <Width = 8> <Depth = 320> <RAM>
ST_45 : Operation 426 [1/2] (1.23ns)   --->   "%x_load_372 = load i9 %x_addr_372"   --->   Operation 426 'load' 'x_load_372' <Predicate = true> <Delay = 1.23> <CoreInst = "RAM">   --->   Core 83 'RAM' <Latency = 1> <II = 1> <Delay = 1.23> <Storage> <Opcode : 'load' 'store'> <Ports = 2> <Width = 8> <Depth = 320> <RAM>
ST_45 : Operation 427 [1/1] (0.00ns)   --->   "%x_addr_373 = getelementptr i8 %x, i64 0, i64 88"   --->   Operation 427 'getelementptr' 'x_addr_373' <Predicate = true> <Delay = 0.00>
ST_45 : Operation 428 [2/2] (1.23ns)   --->   "%x_load_373 = load i9 %x_addr_373"   --->   Operation 428 'load' 'x_load_373' <Predicate = true> <Delay = 1.23> <CoreInst = "RAM">   --->   Core 83 'RAM' <Latency = 1> <II = 1> <Delay = 1.23> <Storage> <Opcode : 'load' 'store'> <Ports = 2> <Width = 8> <Depth = 320> <RAM>
ST_45 : Operation 429 [1/1] (0.00ns)   --->   "%x_addr_374 = getelementptr i8 %x, i64 0, i64 89"   --->   Operation 429 'getelementptr' 'x_addr_374' <Predicate = true> <Delay = 0.00>
ST_45 : Operation 430 [2/2] (1.23ns)   --->   "%x_load_374 = load i9 %x_addr_374"   --->   Operation 430 'load' 'x_load_374' <Predicate = true> <Delay = 1.23> <CoreInst = "RAM">   --->   Core 83 'RAM' <Latency = 1> <II = 1> <Delay = 1.23> <Storage> <Opcode : 'load' 'store'> <Ports = 2> <Width = 8> <Depth = 320> <RAM>

State 46 <SV = 45> <Delay = 1.23>
ST_46 : Operation 431 [1/2] (1.23ns)   --->   "%x_load_373 = load i9 %x_addr_373"   --->   Operation 431 'load' 'x_load_373' <Predicate = true> <Delay = 1.23> <CoreInst = "RAM">   --->   Core 83 'RAM' <Latency = 1> <II = 1> <Delay = 1.23> <Storage> <Opcode : 'load' 'store'> <Ports = 2> <Width = 8> <Depth = 320> <RAM>
ST_46 : Operation 432 [1/2] (1.23ns)   --->   "%x_load_374 = load i9 %x_addr_374"   --->   Operation 432 'load' 'x_load_374' <Predicate = true> <Delay = 1.23> <CoreInst = "RAM">   --->   Core 83 'RAM' <Latency = 1> <II = 1> <Delay = 1.23> <Storage> <Opcode : 'load' 'store'> <Ports = 2> <Width = 8> <Depth = 320> <RAM>
ST_46 : Operation 433 [1/1] (0.00ns)   --->   "%x_addr_375 = getelementptr i8 %x, i64 0, i64 90"   --->   Operation 433 'getelementptr' 'x_addr_375' <Predicate = true> <Delay = 0.00>
ST_46 : Operation 434 [2/2] (1.23ns)   --->   "%x_load_375 = load i9 %x_addr_375"   --->   Operation 434 'load' 'x_load_375' <Predicate = true> <Delay = 1.23> <CoreInst = "RAM">   --->   Core 83 'RAM' <Latency = 1> <II = 1> <Delay = 1.23> <Storage> <Opcode : 'load' 'store'> <Ports = 2> <Width = 8> <Depth = 320> <RAM>
ST_46 : Operation 435 [1/1] (0.00ns)   --->   "%x_addr_376 = getelementptr i8 %x, i64 0, i64 91"   --->   Operation 435 'getelementptr' 'x_addr_376' <Predicate = true> <Delay = 0.00>
ST_46 : Operation 436 [2/2] (1.23ns)   --->   "%x_load_376 = load i9 %x_addr_376"   --->   Operation 436 'load' 'x_load_376' <Predicate = true> <Delay = 1.23> <CoreInst = "RAM">   --->   Core 83 'RAM' <Latency = 1> <II = 1> <Delay = 1.23> <Storage> <Opcode : 'load' 'store'> <Ports = 2> <Width = 8> <Depth = 320> <RAM>

State 47 <SV = 46> <Delay = 1.23>
ST_47 : Operation 437 [1/2] (1.23ns)   --->   "%x_load_375 = load i9 %x_addr_375"   --->   Operation 437 'load' 'x_load_375' <Predicate = true> <Delay = 1.23> <CoreInst = "RAM">   --->   Core 83 'RAM' <Latency = 1> <II = 1> <Delay = 1.23> <Storage> <Opcode : 'load' 'store'> <Ports = 2> <Width = 8> <Depth = 320> <RAM>
ST_47 : Operation 438 [1/2] (1.23ns)   --->   "%x_load_376 = load i9 %x_addr_376"   --->   Operation 438 'load' 'x_load_376' <Predicate = true> <Delay = 1.23> <CoreInst = "RAM">   --->   Core 83 'RAM' <Latency = 1> <II = 1> <Delay = 1.23> <Storage> <Opcode : 'load' 'store'> <Ports = 2> <Width = 8> <Depth = 320> <RAM>
ST_47 : Operation 439 [1/1] (0.00ns)   --->   "%x_addr_377 = getelementptr i8 %x, i64 0, i64 92"   --->   Operation 439 'getelementptr' 'x_addr_377' <Predicate = true> <Delay = 0.00>
ST_47 : Operation 440 [2/2] (1.23ns)   --->   "%x_load_377 = load i9 %x_addr_377"   --->   Operation 440 'load' 'x_load_377' <Predicate = true> <Delay = 1.23> <CoreInst = "RAM">   --->   Core 83 'RAM' <Latency = 1> <II = 1> <Delay = 1.23> <Storage> <Opcode : 'load' 'store'> <Ports = 2> <Width = 8> <Depth = 320> <RAM>
ST_47 : Operation 441 [1/1] (0.00ns)   --->   "%x_addr_378 = getelementptr i8 %x, i64 0, i64 93"   --->   Operation 441 'getelementptr' 'x_addr_378' <Predicate = true> <Delay = 0.00>
ST_47 : Operation 442 [2/2] (1.23ns)   --->   "%x_load_378 = load i9 %x_addr_378"   --->   Operation 442 'load' 'x_load_378' <Predicate = true> <Delay = 1.23> <CoreInst = "RAM">   --->   Core 83 'RAM' <Latency = 1> <II = 1> <Delay = 1.23> <Storage> <Opcode : 'load' 'store'> <Ports = 2> <Width = 8> <Depth = 320> <RAM>

State 48 <SV = 47> <Delay = 1.23>
ST_48 : Operation 443 [1/2] (1.23ns)   --->   "%x_load_377 = load i9 %x_addr_377"   --->   Operation 443 'load' 'x_load_377' <Predicate = true> <Delay = 1.23> <CoreInst = "RAM">   --->   Core 83 'RAM' <Latency = 1> <II = 1> <Delay = 1.23> <Storage> <Opcode : 'load' 'store'> <Ports = 2> <Width = 8> <Depth = 320> <RAM>
ST_48 : Operation 444 [1/2] (1.23ns)   --->   "%x_load_378 = load i9 %x_addr_378"   --->   Operation 444 'load' 'x_load_378' <Predicate = true> <Delay = 1.23> <CoreInst = "RAM">   --->   Core 83 'RAM' <Latency = 1> <II = 1> <Delay = 1.23> <Storage> <Opcode : 'load' 'store'> <Ports = 2> <Width = 8> <Depth = 320> <RAM>
ST_48 : Operation 445 [1/1] (0.00ns)   --->   "%x_addr_379 = getelementptr i8 %x, i64 0, i64 94"   --->   Operation 445 'getelementptr' 'x_addr_379' <Predicate = true> <Delay = 0.00>
ST_48 : Operation 446 [2/2] (1.23ns)   --->   "%x_load_379 = load i9 %x_addr_379"   --->   Operation 446 'load' 'x_load_379' <Predicate = true> <Delay = 1.23> <CoreInst = "RAM">   --->   Core 83 'RAM' <Latency = 1> <II = 1> <Delay = 1.23> <Storage> <Opcode : 'load' 'store'> <Ports = 2> <Width = 8> <Depth = 320> <RAM>
ST_48 : Operation 447 [1/1] (0.00ns)   --->   "%x_addr_380 = getelementptr i8 %x, i64 0, i64 95"   --->   Operation 447 'getelementptr' 'x_addr_380' <Predicate = true> <Delay = 0.00>
ST_48 : Operation 448 [2/2] (1.23ns)   --->   "%x_load_380 = load i9 %x_addr_380"   --->   Operation 448 'load' 'x_load_380' <Predicate = true> <Delay = 1.23> <CoreInst = "RAM">   --->   Core 83 'RAM' <Latency = 1> <II = 1> <Delay = 1.23> <Storage> <Opcode : 'load' 'store'> <Ports = 2> <Width = 8> <Depth = 320> <RAM>

State 49 <SV = 48> <Delay = 1.23>
ST_49 : Operation 449 [1/2] (1.23ns)   --->   "%x_load_379 = load i9 %x_addr_379"   --->   Operation 449 'load' 'x_load_379' <Predicate = true> <Delay = 1.23> <CoreInst = "RAM">   --->   Core 83 'RAM' <Latency = 1> <II = 1> <Delay = 1.23> <Storage> <Opcode : 'load' 'store'> <Ports = 2> <Width = 8> <Depth = 320> <RAM>
ST_49 : Operation 450 [1/2] (1.23ns)   --->   "%x_load_380 = load i9 %x_addr_380"   --->   Operation 450 'load' 'x_load_380' <Predicate = true> <Delay = 1.23> <CoreInst = "RAM">   --->   Core 83 'RAM' <Latency = 1> <II = 1> <Delay = 1.23> <Storage> <Opcode : 'load' 'store'> <Ports = 2> <Width = 8> <Depth = 320> <RAM>
ST_49 : Operation 451 [1/1] (0.00ns)   --->   "%x_addr_381 = getelementptr i8 %x, i64 0, i64 96"   --->   Operation 451 'getelementptr' 'x_addr_381' <Predicate = true> <Delay = 0.00>
ST_49 : Operation 452 [2/2] (1.23ns)   --->   "%x_load_381 = load i9 %x_addr_381"   --->   Operation 452 'load' 'x_load_381' <Predicate = true> <Delay = 1.23> <CoreInst = "RAM">   --->   Core 83 'RAM' <Latency = 1> <II = 1> <Delay = 1.23> <Storage> <Opcode : 'load' 'store'> <Ports = 2> <Width = 8> <Depth = 320> <RAM>
ST_49 : Operation 453 [1/1] (0.00ns)   --->   "%x_addr_382 = getelementptr i8 %x, i64 0, i64 97"   --->   Operation 453 'getelementptr' 'x_addr_382' <Predicate = true> <Delay = 0.00>
ST_49 : Operation 454 [2/2] (1.23ns)   --->   "%x_load_382 = load i9 %x_addr_382"   --->   Operation 454 'load' 'x_load_382' <Predicate = true> <Delay = 1.23> <CoreInst = "RAM">   --->   Core 83 'RAM' <Latency = 1> <II = 1> <Delay = 1.23> <Storage> <Opcode : 'load' 'store'> <Ports = 2> <Width = 8> <Depth = 320> <RAM>

State 50 <SV = 49> <Delay = 1.23>
ST_50 : Operation 455 [1/2] (1.23ns)   --->   "%x_load_381 = load i9 %x_addr_381"   --->   Operation 455 'load' 'x_load_381' <Predicate = true> <Delay = 1.23> <CoreInst = "RAM">   --->   Core 83 'RAM' <Latency = 1> <II = 1> <Delay = 1.23> <Storage> <Opcode : 'load' 'store'> <Ports = 2> <Width = 8> <Depth = 320> <RAM>
ST_50 : Operation 456 [1/2] (1.23ns)   --->   "%x_load_382 = load i9 %x_addr_382"   --->   Operation 456 'load' 'x_load_382' <Predicate = true> <Delay = 1.23> <CoreInst = "RAM">   --->   Core 83 'RAM' <Latency = 1> <II = 1> <Delay = 1.23> <Storage> <Opcode : 'load' 'store'> <Ports = 2> <Width = 8> <Depth = 320> <RAM>
ST_50 : Operation 457 [1/1] (0.00ns)   --->   "%x_addr_383 = getelementptr i8 %x, i64 0, i64 98"   --->   Operation 457 'getelementptr' 'x_addr_383' <Predicate = true> <Delay = 0.00>
ST_50 : Operation 458 [2/2] (1.23ns)   --->   "%x_load_383 = load i9 %x_addr_383"   --->   Operation 458 'load' 'x_load_383' <Predicate = true> <Delay = 1.23> <CoreInst = "RAM">   --->   Core 83 'RAM' <Latency = 1> <II = 1> <Delay = 1.23> <Storage> <Opcode : 'load' 'store'> <Ports = 2> <Width = 8> <Depth = 320> <RAM>
ST_50 : Operation 459 [1/1] (0.00ns)   --->   "%x_addr_384 = getelementptr i8 %x, i64 0, i64 99"   --->   Operation 459 'getelementptr' 'x_addr_384' <Predicate = true> <Delay = 0.00>
ST_50 : Operation 460 [2/2] (1.23ns)   --->   "%x_load_384 = load i9 %x_addr_384"   --->   Operation 460 'load' 'x_load_384' <Predicate = true> <Delay = 1.23> <CoreInst = "RAM">   --->   Core 83 'RAM' <Latency = 1> <II = 1> <Delay = 1.23> <Storage> <Opcode : 'load' 'store'> <Ports = 2> <Width = 8> <Depth = 320> <RAM>

State 51 <SV = 50> <Delay = 1.23>
ST_51 : Operation 461 [1/2] (1.23ns)   --->   "%x_load_383 = load i9 %x_addr_383"   --->   Operation 461 'load' 'x_load_383' <Predicate = true> <Delay = 1.23> <CoreInst = "RAM">   --->   Core 83 'RAM' <Latency = 1> <II = 1> <Delay = 1.23> <Storage> <Opcode : 'load' 'store'> <Ports = 2> <Width = 8> <Depth = 320> <RAM>
ST_51 : Operation 462 [1/2] (1.23ns)   --->   "%x_load_384 = load i9 %x_addr_384"   --->   Operation 462 'load' 'x_load_384' <Predicate = true> <Delay = 1.23> <CoreInst = "RAM">   --->   Core 83 'RAM' <Latency = 1> <II = 1> <Delay = 1.23> <Storage> <Opcode : 'load' 'store'> <Ports = 2> <Width = 8> <Depth = 320> <RAM>
ST_51 : Operation 463 [1/1] (0.00ns)   --->   "%x_addr_385 = getelementptr i8 %x, i64 0, i64 100"   --->   Operation 463 'getelementptr' 'x_addr_385' <Predicate = true> <Delay = 0.00>
ST_51 : Operation 464 [2/2] (1.23ns)   --->   "%x_load_385 = load i9 %x_addr_385"   --->   Operation 464 'load' 'x_load_385' <Predicate = true> <Delay = 1.23> <CoreInst = "RAM">   --->   Core 83 'RAM' <Latency = 1> <II = 1> <Delay = 1.23> <Storage> <Opcode : 'load' 'store'> <Ports = 2> <Width = 8> <Depth = 320> <RAM>
ST_51 : Operation 465 [1/1] (0.00ns)   --->   "%x_addr_386 = getelementptr i8 %x, i64 0, i64 101"   --->   Operation 465 'getelementptr' 'x_addr_386' <Predicate = true> <Delay = 0.00>
ST_51 : Operation 466 [2/2] (1.23ns)   --->   "%x_load_386 = load i9 %x_addr_386"   --->   Operation 466 'load' 'x_load_386' <Predicate = true> <Delay = 1.23> <CoreInst = "RAM">   --->   Core 83 'RAM' <Latency = 1> <II = 1> <Delay = 1.23> <Storage> <Opcode : 'load' 'store'> <Ports = 2> <Width = 8> <Depth = 320> <RAM>

State 52 <SV = 51> <Delay = 1.23>
ST_52 : Operation 467 [1/2] (1.23ns)   --->   "%x_load_385 = load i9 %x_addr_385"   --->   Operation 467 'load' 'x_load_385' <Predicate = true> <Delay = 1.23> <CoreInst = "RAM">   --->   Core 83 'RAM' <Latency = 1> <II = 1> <Delay = 1.23> <Storage> <Opcode : 'load' 'store'> <Ports = 2> <Width = 8> <Depth = 320> <RAM>
ST_52 : Operation 468 [1/2] (1.23ns)   --->   "%x_load_386 = load i9 %x_addr_386"   --->   Operation 468 'load' 'x_load_386' <Predicate = true> <Delay = 1.23> <CoreInst = "RAM">   --->   Core 83 'RAM' <Latency = 1> <II = 1> <Delay = 1.23> <Storage> <Opcode : 'load' 'store'> <Ports = 2> <Width = 8> <Depth = 320> <RAM>
ST_52 : Operation 469 [1/1] (0.00ns)   --->   "%x_addr_387 = getelementptr i8 %x, i64 0, i64 102"   --->   Operation 469 'getelementptr' 'x_addr_387' <Predicate = true> <Delay = 0.00>
ST_52 : Operation 470 [2/2] (1.23ns)   --->   "%x_load_387 = load i9 %x_addr_387"   --->   Operation 470 'load' 'x_load_387' <Predicate = true> <Delay = 1.23> <CoreInst = "RAM">   --->   Core 83 'RAM' <Latency = 1> <II = 1> <Delay = 1.23> <Storage> <Opcode : 'load' 'store'> <Ports = 2> <Width = 8> <Depth = 320> <RAM>
ST_52 : Operation 471 [1/1] (0.00ns)   --->   "%x_addr_388 = getelementptr i8 %x, i64 0, i64 103"   --->   Operation 471 'getelementptr' 'x_addr_388' <Predicate = true> <Delay = 0.00>
ST_52 : Operation 472 [2/2] (1.23ns)   --->   "%x_load_388 = load i9 %x_addr_388"   --->   Operation 472 'load' 'x_load_388' <Predicate = true> <Delay = 1.23> <CoreInst = "RAM">   --->   Core 83 'RAM' <Latency = 1> <II = 1> <Delay = 1.23> <Storage> <Opcode : 'load' 'store'> <Ports = 2> <Width = 8> <Depth = 320> <RAM>

State 53 <SV = 52> <Delay = 1.23>
ST_53 : Operation 473 [1/2] (1.23ns)   --->   "%x_load_387 = load i9 %x_addr_387"   --->   Operation 473 'load' 'x_load_387' <Predicate = true> <Delay = 1.23> <CoreInst = "RAM">   --->   Core 83 'RAM' <Latency = 1> <II = 1> <Delay = 1.23> <Storage> <Opcode : 'load' 'store'> <Ports = 2> <Width = 8> <Depth = 320> <RAM>
ST_53 : Operation 474 [1/2] (1.23ns)   --->   "%x_load_388 = load i9 %x_addr_388"   --->   Operation 474 'load' 'x_load_388' <Predicate = true> <Delay = 1.23> <CoreInst = "RAM">   --->   Core 83 'RAM' <Latency = 1> <II = 1> <Delay = 1.23> <Storage> <Opcode : 'load' 'store'> <Ports = 2> <Width = 8> <Depth = 320> <RAM>
ST_53 : Operation 475 [1/1] (0.00ns)   --->   "%x_addr_389 = getelementptr i8 %x, i64 0, i64 104"   --->   Operation 475 'getelementptr' 'x_addr_389' <Predicate = true> <Delay = 0.00>
ST_53 : Operation 476 [2/2] (1.23ns)   --->   "%x_load_389 = load i9 %x_addr_389"   --->   Operation 476 'load' 'x_load_389' <Predicate = true> <Delay = 1.23> <CoreInst = "RAM">   --->   Core 83 'RAM' <Latency = 1> <II = 1> <Delay = 1.23> <Storage> <Opcode : 'load' 'store'> <Ports = 2> <Width = 8> <Depth = 320> <RAM>
ST_53 : Operation 477 [1/1] (0.00ns)   --->   "%x_addr_390 = getelementptr i8 %x, i64 0, i64 105"   --->   Operation 477 'getelementptr' 'x_addr_390' <Predicate = true> <Delay = 0.00>
ST_53 : Operation 478 [2/2] (1.23ns)   --->   "%x_load_390 = load i9 %x_addr_390"   --->   Operation 478 'load' 'x_load_390' <Predicate = true> <Delay = 1.23> <CoreInst = "RAM">   --->   Core 83 'RAM' <Latency = 1> <II = 1> <Delay = 1.23> <Storage> <Opcode : 'load' 'store'> <Ports = 2> <Width = 8> <Depth = 320> <RAM>

State 54 <SV = 53> <Delay = 1.23>
ST_54 : Operation 479 [1/2] (1.23ns)   --->   "%x_load_389 = load i9 %x_addr_389"   --->   Operation 479 'load' 'x_load_389' <Predicate = true> <Delay = 1.23> <CoreInst = "RAM">   --->   Core 83 'RAM' <Latency = 1> <II = 1> <Delay = 1.23> <Storage> <Opcode : 'load' 'store'> <Ports = 2> <Width = 8> <Depth = 320> <RAM>
ST_54 : Operation 480 [1/2] (1.23ns)   --->   "%x_load_390 = load i9 %x_addr_390"   --->   Operation 480 'load' 'x_load_390' <Predicate = true> <Delay = 1.23> <CoreInst = "RAM">   --->   Core 83 'RAM' <Latency = 1> <II = 1> <Delay = 1.23> <Storage> <Opcode : 'load' 'store'> <Ports = 2> <Width = 8> <Depth = 320> <RAM>
ST_54 : Operation 481 [1/1] (0.00ns)   --->   "%x_addr_391 = getelementptr i8 %x, i64 0, i64 106"   --->   Operation 481 'getelementptr' 'x_addr_391' <Predicate = true> <Delay = 0.00>
ST_54 : Operation 482 [2/2] (1.23ns)   --->   "%x_load_391 = load i9 %x_addr_391"   --->   Operation 482 'load' 'x_load_391' <Predicate = true> <Delay = 1.23> <CoreInst = "RAM">   --->   Core 83 'RAM' <Latency = 1> <II = 1> <Delay = 1.23> <Storage> <Opcode : 'load' 'store'> <Ports = 2> <Width = 8> <Depth = 320> <RAM>
ST_54 : Operation 483 [1/1] (0.00ns)   --->   "%x_addr_392 = getelementptr i8 %x, i64 0, i64 107"   --->   Operation 483 'getelementptr' 'x_addr_392' <Predicate = true> <Delay = 0.00>
ST_54 : Operation 484 [2/2] (1.23ns)   --->   "%x_load_392 = load i9 %x_addr_392"   --->   Operation 484 'load' 'x_load_392' <Predicate = true> <Delay = 1.23> <CoreInst = "RAM">   --->   Core 83 'RAM' <Latency = 1> <II = 1> <Delay = 1.23> <Storage> <Opcode : 'load' 'store'> <Ports = 2> <Width = 8> <Depth = 320> <RAM>

State 55 <SV = 54> <Delay = 1.23>
ST_55 : Operation 485 [1/2] (1.23ns)   --->   "%x_load_391 = load i9 %x_addr_391"   --->   Operation 485 'load' 'x_load_391' <Predicate = true> <Delay = 1.23> <CoreInst = "RAM">   --->   Core 83 'RAM' <Latency = 1> <II = 1> <Delay = 1.23> <Storage> <Opcode : 'load' 'store'> <Ports = 2> <Width = 8> <Depth = 320> <RAM>
ST_55 : Operation 486 [1/2] (1.23ns)   --->   "%x_load_392 = load i9 %x_addr_392"   --->   Operation 486 'load' 'x_load_392' <Predicate = true> <Delay = 1.23> <CoreInst = "RAM">   --->   Core 83 'RAM' <Latency = 1> <II = 1> <Delay = 1.23> <Storage> <Opcode : 'load' 'store'> <Ports = 2> <Width = 8> <Depth = 320> <RAM>
ST_55 : Operation 487 [1/1] (0.00ns)   --->   "%x_addr_393 = getelementptr i8 %x, i64 0, i64 108"   --->   Operation 487 'getelementptr' 'x_addr_393' <Predicate = true> <Delay = 0.00>
ST_55 : Operation 488 [2/2] (1.23ns)   --->   "%x_load_393 = load i9 %x_addr_393"   --->   Operation 488 'load' 'x_load_393' <Predicate = true> <Delay = 1.23> <CoreInst = "RAM">   --->   Core 83 'RAM' <Latency = 1> <II = 1> <Delay = 1.23> <Storage> <Opcode : 'load' 'store'> <Ports = 2> <Width = 8> <Depth = 320> <RAM>
ST_55 : Operation 489 [1/1] (0.00ns)   --->   "%x_addr_394 = getelementptr i8 %x, i64 0, i64 109"   --->   Operation 489 'getelementptr' 'x_addr_394' <Predicate = true> <Delay = 0.00>
ST_55 : Operation 490 [2/2] (1.23ns)   --->   "%x_load_394 = load i9 %x_addr_394"   --->   Operation 490 'load' 'x_load_394' <Predicate = true> <Delay = 1.23> <CoreInst = "RAM">   --->   Core 83 'RAM' <Latency = 1> <II = 1> <Delay = 1.23> <Storage> <Opcode : 'load' 'store'> <Ports = 2> <Width = 8> <Depth = 320> <RAM>

State 56 <SV = 55> <Delay = 1.23>
ST_56 : Operation 491 [1/2] (1.23ns)   --->   "%x_load_393 = load i9 %x_addr_393"   --->   Operation 491 'load' 'x_load_393' <Predicate = true> <Delay = 1.23> <CoreInst = "RAM">   --->   Core 83 'RAM' <Latency = 1> <II = 1> <Delay = 1.23> <Storage> <Opcode : 'load' 'store'> <Ports = 2> <Width = 8> <Depth = 320> <RAM>
ST_56 : Operation 492 [1/2] (1.23ns)   --->   "%x_load_394 = load i9 %x_addr_394"   --->   Operation 492 'load' 'x_load_394' <Predicate = true> <Delay = 1.23> <CoreInst = "RAM">   --->   Core 83 'RAM' <Latency = 1> <II = 1> <Delay = 1.23> <Storage> <Opcode : 'load' 'store'> <Ports = 2> <Width = 8> <Depth = 320> <RAM>
ST_56 : Operation 493 [1/1] (0.00ns)   --->   "%x_addr_395 = getelementptr i8 %x, i64 0, i64 110"   --->   Operation 493 'getelementptr' 'x_addr_395' <Predicate = true> <Delay = 0.00>
ST_56 : Operation 494 [2/2] (1.23ns)   --->   "%x_load_395 = load i9 %x_addr_395"   --->   Operation 494 'load' 'x_load_395' <Predicate = true> <Delay = 1.23> <CoreInst = "RAM">   --->   Core 83 'RAM' <Latency = 1> <II = 1> <Delay = 1.23> <Storage> <Opcode : 'load' 'store'> <Ports = 2> <Width = 8> <Depth = 320> <RAM>
ST_56 : Operation 495 [1/1] (0.00ns)   --->   "%x_addr_396 = getelementptr i8 %x, i64 0, i64 111"   --->   Operation 495 'getelementptr' 'x_addr_396' <Predicate = true> <Delay = 0.00>
ST_56 : Operation 496 [2/2] (1.23ns)   --->   "%x_load_396 = load i9 %x_addr_396"   --->   Operation 496 'load' 'x_load_396' <Predicate = true> <Delay = 1.23> <CoreInst = "RAM">   --->   Core 83 'RAM' <Latency = 1> <II = 1> <Delay = 1.23> <Storage> <Opcode : 'load' 'store'> <Ports = 2> <Width = 8> <Depth = 320> <RAM>

State 57 <SV = 56> <Delay = 1.23>
ST_57 : Operation 497 [1/2] (1.23ns)   --->   "%x_load_395 = load i9 %x_addr_395"   --->   Operation 497 'load' 'x_load_395' <Predicate = true> <Delay = 1.23> <CoreInst = "RAM">   --->   Core 83 'RAM' <Latency = 1> <II = 1> <Delay = 1.23> <Storage> <Opcode : 'load' 'store'> <Ports = 2> <Width = 8> <Depth = 320> <RAM>
ST_57 : Operation 498 [1/2] (1.23ns)   --->   "%x_load_396 = load i9 %x_addr_396"   --->   Operation 498 'load' 'x_load_396' <Predicate = true> <Delay = 1.23> <CoreInst = "RAM">   --->   Core 83 'RAM' <Latency = 1> <II = 1> <Delay = 1.23> <Storage> <Opcode : 'load' 'store'> <Ports = 2> <Width = 8> <Depth = 320> <RAM>
ST_57 : Operation 499 [1/1] (0.00ns)   --->   "%x_addr_397 = getelementptr i8 %x, i64 0, i64 112"   --->   Operation 499 'getelementptr' 'x_addr_397' <Predicate = true> <Delay = 0.00>
ST_57 : Operation 500 [2/2] (1.23ns)   --->   "%x_load_397 = load i9 %x_addr_397"   --->   Operation 500 'load' 'x_load_397' <Predicate = true> <Delay = 1.23> <CoreInst = "RAM">   --->   Core 83 'RAM' <Latency = 1> <II = 1> <Delay = 1.23> <Storage> <Opcode : 'load' 'store'> <Ports = 2> <Width = 8> <Depth = 320> <RAM>
ST_57 : Operation 501 [1/1] (0.00ns)   --->   "%x_addr_398 = getelementptr i8 %x, i64 0, i64 113"   --->   Operation 501 'getelementptr' 'x_addr_398' <Predicate = true> <Delay = 0.00>
ST_57 : Operation 502 [2/2] (1.23ns)   --->   "%x_load_398 = load i9 %x_addr_398"   --->   Operation 502 'load' 'x_load_398' <Predicate = true> <Delay = 1.23> <CoreInst = "RAM">   --->   Core 83 'RAM' <Latency = 1> <II = 1> <Delay = 1.23> <Storage> <Opcode : 'load' 'store'> <Ports = 2> <Width = 8> <Depth = 320> <RAM>

State 58 <SV = 57> <Delay = 1.23>
ST_58 : Operation 503 [1/2] (1.23ns)   --->   "%x_load_397 = load i9 %x_addr_397"   --->   Operation 503 'load' 'x_load_397' <Predicate = true> <Delay = 1.23> <CoreInst = "RAM">   --->   Core 83 'RAM' <Latency = 1> <II = 1> <Delay = 1.23> <Storage> <Opcode : 'load' 'store'> <Ports = 2> <Width = 8> <Depth = 320> <RAM>
ST_58 : Operation 504 [1/2] (1.23ns)   --->   "%x_load_398 = load i9 %x_addr_398"   --->   Operation 504 'load' 'x_load_398' <Predicate = true> <Delay = 1.23> <CoreInst = "RAM">   --->   Core 83 'RAM' <Latency = 1> <II = 1> <Delay = 1.23> <Storage> <Opcode : 'load' 'store'> <Ports = 2> <Width = 8> <Depth = 320> <RAM>
ST_58 : Operation 505 [1/1] (0.00ns)   --->   "%x_addr_399 = getelementptr i8 %x, i64 0, i64 114"   --->   Operation 505 'getelementptr' 'x_addr_399' <Predicate = true> <Delay = 0.00>
ST_58 : Operation 506 [2/2] (1.23ns)   --->   "%x_load_399 = load i9 %x_addr_399"   --->   Operation 506 'load' 'x_load_399' <Predicate = true> <Delay = 1.23> <CoreInst = "RAM">   --->   Core 83 'RAM' <Latency = 1> <II = 1> <Delay = 1.23> <Storage> <Opcode : 'load' 'store'> <Ports = 2> <Width = 8> <Depth = 320> <RAM>
ST_58 : Operation 507 [1/1] (0.00ns)   --->   "%x_addr_400 = getelementptr i8 %x, i64 0, i64 115"   --->   Operation 507 'getelementptr' 'x_addr_400' <Predicate = true> <Delay = 0.00>
ST_58 : Operation 508 [2/2] (1.23ns)   --->   "%x_load_400 = load i9 %x_addr_400"   --->   Operation 508 'load' 'x_load_400' <Predicate = true> <Delay = 1.23> <CoreInst = "RAM">   --->   Core 83 'RAM' <Latency = 1> <II = 1> <Delay = 1.23> <Storage> <Opcode : 'load' 'store'> <Ports = 2> <Width = 8> <Depth = 320> <RAM>

State 59 <SV = 58> <Delay = 1.23>
ST_59 : Operation 509 [1/2] (1.23ns)   --->   "%x_load_399 = load i9 %x_addr_399"   --->   Operation 509 'load' 'x_load_399' <Predicate = true> <Delay = 1.23> <CoreInst = "RAM">   --->   Core 83 'RAM' <Latency = 1> <II = 1> <Delay = 1.23> <Storage> <Opcode : 'load' 'store'> <Ports = 2> <Width = 8> <Depth = 320> <RAM>
ST_59 : Operation 510 [1/2] (1.23ns)   --->   "%x_load_400 = load i9 %x_addr_400"   --->   Operation 510 'load' 'x_load_400' <Predicate = true> <Delay = 1.23> <CoreInst = "RAM">   --->   Core 83 'RAM' <Latency = 1> <II = 1> <Delay = 1.23> <Storage> <Opcode : 'load' 'store'> <Ports = 2> <Width = 8> <Depth = 320> <RAM>
ST_59 : Operation 511 [1/1] (0.00ns)   --->   "%x_addr_401 = getelementptr i8 %x, i64 0, i64 116"   --->   Operation 511 'getelementptr' 'x_addr_401' <Predicate = true> <Delay = 0.00>
ST_59 : Operation 512 [2/2] (1.23ns)   --->   "%x_load_401 = load i9 %x_addr_401"   --->   Operation 512 'load' 'x_load_401' <Predicate = true> <Delay = 1.23> <CoreInst = "RAM">   --->   Core 83 'RAM' <Latency = 1> <II = 1> <Delay = 1.23> <Storage> <Opcode : 'load' 'store'> <Ports = 2> <Width = 8> <Depth = 320> <RAM>
ST_59 : Operation 513 [1/1] (0.00ns)   --->   "%x_addr_402 = getelementptr i8 %x, i64 0, i64 117"   --->   Operation 513 'getelementptr' 'x_addr_402' <Predicate = true> <Delay = 0.00>
ST_59 : Operation 514 [2/2] (1.23ns)   --->   "%x_load_402 = load i9 %x_addr_402"   --->   Operation 514 'load' 'x_load_402' <Predicate = true> <Delay = 1.23> <CoreInst = "RAM">   --->   Core 83 'RAM' <Latency = 1> <II = 1> <Delay = 1.23> <Storage> <Opcode : 'load' 'store'> <Ports = 2> <Width = 8> <Depth = 320> <RAM>

State 60 <SV = 59> <Delay = 1.23>
ST_60 : Operation 515 [1/2] (1.23ns)   --->   "%x_load_401 = load i9 %x_addr_401"   --->   Operation 515 'load' 'x_load_401' <Predicate = true> <Delay = 1.23> <CoreInst = "RAM">   --->   Core 83 'RAM' <Latency = 1> <II = 1> <Delay = 1.23> <Storage> <Opcode : 'load' 'store'> <Ports = 2> <Width = 8> <Depth = 320> <RAM>
ST_60 : Operation 516 [1/2] (1.23ns)   --->   "%x_load_402 = load i9 %x_addr_402"   --->   Operation 516 'load' 'x_load_402' <Predicate = true> <Delay = 1.23> <CoreInst = "RAM">   --->   Core 83 'RAM' <Latency = 1> <II = 1> <Delay = 1.23> <Storage> <Opcode : 'load' 'store'> <Ports = 2> <Width = 8> <Depth = 320> <RAM>
ST_60 : Operation 517 [1/1] (0.00ns)   --->   "%x_addr_403 = getelementptr i8 %x, i64 0, i64 118"   --->   Operation 517 'getelementptr' 'x_addr_403' <Predicate = true> <Delay = 0.00>
ST_60 : Operation 518 [2/2] (1.23ns)   --->   "%x_load_403 = load i9 %x_addr_403"   --->   Operation 518 'load' 'x_load_403' <Predicate = true> <Delay = 1.23> <CoreInst = "RAM">   --->   Core 83 'RAM' <Latency = 1> <II = 1> <Delay = 1.23> <Storage> <Opcode : 'load' 'store'> <Ports = 2> <Width = 8> <Depth = 320> <RAM>
ST_60 : Operation 519 [1/1] (0.00ns)   --->   "%x_addr_404 = getelementptr i8 %x, i64 0, i64 119"   --->   Operation 519 'getelementptr' 'x_addr_404' <Predicate = true> <Delay = 0.00>
ST_60 : Operation 520 [2/2] (1.23ns)   --->   "%x_load_404 = load i9 %x_addr_404"   --->   Operation 520 'load' 'x_load_404' <Predicate = true> <Delay = 1.23> <CoreInst = "RAM">   --->   Core 83 'RAM' <Latency = 1> <II = 1> <Delay = 1.23> <Storage> <Opcode : 'load' 'store'> <Ports = 2> <Width = 8> <Depth = 320> <RAM>

State 61 <SV = 60> <Delay = 1.23>
ST_61 : Operation 521 [1/2] (1.23ns)   --->   "%x_load_403 = load i9 %x_addr_403"   --->   Operation 521 'load' 'x_load_403' <Predicate = true> <Delay = 1.23> <CoreInst = "RAM">   --->   Core 83 'RAM' <Latency = 1> <II = 1> <Delay = 1.23> <Storage> <Opcode : 'load' 'store'> <Ports = 2> <Width = 8> <Depth = 320> <RAM>
ST_61 : Operation 522 [1/2] (1.23ns)   --->   "%x_load_404 = load i9 %x_addr_404"   --->   Operation 522 'load' 'x_load_404' <Predicate = true> <Delay = 1.23> <CoreInst = "RAM">   --->   Core 83 'RAM' <Latency = 1> <II = 1> <Delay = 1.23> <Storage> <Opcode : 'load' 'store'> <Ports = 2> <Width = 8> <Depth = 320> <RAM>
ST_61 : Operation 523 [1/1] (0.00ns)   --->   "%x_addr_405 = getelementptr i8 %x, i64 0, i64 120"   --->   Operation 523 'getelementptr' 'x_addr_405' <Predicate = true> <Delay = 0.00>
ST_61 : Operation 524 [2/2] (1.23ns)   --->   "%x_load_405 = load i9 %x_addr_405"   --->   Operation 524 'load' 'x_load_405' <Predicate = true> <Delay = 1.23> <CoreInst = "RAM">   --->   Core 83 'RAM' <Latency = 1> <II = 1> <Delay = 1.23> <Storage> <Opcode : 'load' 'store'> <Ports = 2> <Width = 8> <Depth = 320> <RAM>
ST_61 : Operation 525 [1/1] (0.00ns)   --->   "%x_addr_406 = getelementptr i8 %x, i64 0, i64 121"   --->   Operation 525 'getelementptr' 'x_addr_406' <Predicate = true> <Delay = 0.00>
ST_61 : Operation 526 [2/2] (1.23ns)   --->   "%x_load_406 = load i9 %x_addr_406"   --->   Operation 526 'load' 'x_load_406' <Predicate = true> <Delay = 1.23> <CoreInst = "RAM">   --->   Core 83 'RAM' <Latency = 1> <II = 1> <Delay = 1.23> <Storage> <Opcode : 'load' 'store'> <Ports = 2> <Width = 8> <Depth = 320> <RAM>

State 62 <SV = 61> <Delay = 1.23>
ST_62 : Operation 527 [1/2] (1.23ns)   --->   "%x_load_405 = load i9 %x_addr_405"   --->   Operation 527 'load' 'x_load_405' <Predicate = true> <Delay = 1.23> <CoreInst = "RAM">   --->   Core 83 'RAM' <Latency = 1> <II = 1> <Delay = 1.23> <Storage> <Opcode : 'load' 'store'> <Ports = 2> <Width = 8> <Depth = 320> <RAM>
ST_62 : Operation 528 [1/2] (1.23ns)   --->   "%x_load_406 = load i9 %x_addr_406"   --->   Operation 528 'load' 'x_load_406' <Predicate = true> <Delay = 1.23> <CoreInst = "RAM">   --->   Core 83 'RAM' <Latency = 1> <II = 1> <Delay = 1.23> <Storage> <Opcode : 'load' 'store'> <Ports = 2> <Width = 8> <Depth = 320> <RAM>
ST_62 : Operation 529 [1/1] (0.00ns)   --->   "%x_addr_407 = getelementptr i8 %x, i64 0, i64 122"   --->   Operation 529 'getelementptr' 'x_addr_407' <Predicate = true> <Delay = 0.00>
ST_62 : Operation 530 [2/2] (1.23ns)   --->   "%x_load_407 = load i9 %x_addr_407"   --->   Operation 530 'load' 'x_load_407' <Predicate = true> <Delay = 1.23> <CoreInst = "RAM">   --->   Core 83 'RAM' <Latency = 1> <II = 1> <Delay = 1.23> <Storage> <Opcode : 'load' 'store'> <Ports = 2> <Width = 8> <Depth = 320> <RAM>
ST_62 : Operation 531 [1/1] (0.00ns)   --->   "%x_addr_408 = getelementptr i8 %x, i64 0, i64 123"   --->   Operation 531 'getelementptr' 'x_addr_408' <Predicate = true> <Delay = 0.00>
ST_62 : Operation 532 [2/2] (1.23ns)   --->   "%x_load_408 = load i9 %x_addr_408"   --->   Operation 532 'load' 'x_load_408' <Predicate = true> <Delay = 1.23> <CoreInst = "RAM">   --->   Core 83 'RAM' <Latency = 1> <II = 1> <Delay = 1.23> <Storage> <Opcode : 'load' 'store'> <Ports = 2> <Width = 8> <Depth = 320> <RAM>

State 63 <SV = 62> <Delay = 1.23>
ST_63 : Operation 533 [1/2] (1.23ns)   --->   "%x_load_407 = load i9 %x_addr_407"   --->   Operation 533 'load' 'x_load_407' <Predicate = true> <Delay = 1.23> <CoreInst = "RAM">   --->   Core 83 'RAM' <Latency = 1> <II = 1> <Delay = 1.23> <Storage> <Opcode : 'load' 'store'> <Ports = 2> <Width = 8> <Depth = 320> <RAM>
ST_63 : Operation 534 [1/2] (1.23ns)   --->   "%x_load_408 = load i9 %x_addr_408"   --->   Operation 534 'load' 'x_load_408' <Predicate = true> <Delay = 1.23> <CoreInst = "RAM">   --->   Core 83 'RAM' <Latency = 1> <II = 1> <Delay = 1.23> <Storage> <Opcode : 'load' 'store'> <Ports = 2> <Width = 8> <Depth = 320> <RAM>
ST_63 : Operation 535 [1/1] (0.00ns)   --->   "%x_addr_409 = getelementptr i8 %x, i64 0, i64 124"   --->   Operation 535 'getelementptr' 'x_addr_409' <Predicate = true> <Delay = 0.00>
ST_63 : Operation 536 [2/2] (1.23ns)   --->   "%x_load_409 = load i9 %x_addr_409"   --->   Operation 536 'load' 'x_load_409' <Predicate = true> <Delay = 1.23> <CoreInst = "RAM">   --->   Core 83 'RAM' <Latency = 1> <II = 1> <Delay = 1.23> <Storage> <Opcode : 'load' 'store'> <Ports = 2> <Width = 8> <Depth = 320> <RAM>
ST_63 : Operation 537 [1/1] (0.00ns)   --->   "%x_addr_410 = getelementptr i8 %x, i64 0, i64 125"   --->   Operation 537 'getelementptr' 'x_addr_410' <Predicate = true> <Delay = 0.00>
ST_63 : Operation 538 [2/2] (1.23ns)   --->   "%x_load_410 = load i9 %x_addr_410"   --->   Operation 538 'load' 'x_load_410' <Predicate = true> <Delay = 1.23> <CoreInst = "RAM">   --->   Core 83 'RAM' <Latency = 1> <II = 1> <Delay = 1.23> <Storage> <Opcode : 'load' 'store'> <Ports = 2> <Width = 8> <Depth = 320> <RAM>

State 64 <SV = 63> <Delay = 1.23>
ST_64 : Operation 539 [1/2] (1.23ns)   --->   "%x_load_409 = load i9 %x_addr_409"   --->   Operation 539 'load' 'x_load_409' <Predicate = true> <Delay = 1.23> <CoreInst = "RAM">   --->   Core 83 'RAM' <Latency = 1> <II = 1> <Delay = 1.23> <Storage> <Opcode : 'load' 'store'> <Ports = 2> <Width = 8> <Depth = 320> <RAM>
ST_64 : Operation 540 [1/2] (1.23ns)   --->   "%x_load_410 = load i9 %x_addr_410"   --->   Operation 540 'load' 'x_load_410' <Predicate = true> <Delay = 1.23> <CoreInst = "RAM">   --->   Core 83 'RAM' <Latency = 1> <II = 1> <Delay = 1.23> <Storage> <Opcode : 'load' 'store'> <Ports = 2> <Width = 8> <Depth = 320> <RAM>
ST_64 : Operation 541 [1/1] (0.00ns)   --->   "%x_addr_411 = getelementptr i8 %x, i64 0, i64 126"   --->   Operation 541 'getelementptr' 'x_addr_411' <Predicate = true> <Delay = 0.00>
ST_64 : Operation 542 [2/2] (1.23ns)   --->   "%x_load_411 = load i9 %x_addr_411"   --->   Operation 542 'load' 'x_load_411' <Predicate = true> <Delay = 1.23> <CoreInst = "RAM">   --->   Core 83 'RAM' <Latency = 1> <II = 1> <Delay = 1.23> <Storage> <Opcode : 'load' 'store'> <Ports = 2> <Width = 8> <Depth = 320> <RAM>
ST_64 : Operation 543 [1/1] (0.00ns)   --->   "%x_addr_412 = getelementptr i8 %x, i64 0, i64 127"   --->   Operation 543 'getelementptr' 'x_addr_412' <Predicate = true> <Delay = 0.00>
ST_64 : Operation 544 [2/2] (1.23ns)   --->   "%x_load_412 = load i9 %x_addr_412"   --->   Operation 544 'load' 'x_load_412' <Predicate = true> <Delay = 1.23> <CoreInst = "RAM">   --->   Core 83 'RAM' <Latency = 1> <II = 1> <Delay = 1.23> <Storage> <Opcode : 'load' 'store'> <Ports = 2> <Width = 8> <Depth = 320> <RAM>

State 65 <SV = 64> <Delay = 1.23>
ST_65 : Operation 545 [1/2] (1.23ns)   --->   "%x_load_411 = load i9 %x_addr_411"   --->   Operation 545 'load' 'x_load_411' <Predicate = true> <Delay = 1.23> <CoreInst = "RAM">   --->   Core 83 'RAM' <Latency = 1> <II = 1> <Delay = 1.23> <Storage> <Opcode : 'load' 'store'> <Ports = 2> <Width = 8> <Depth = 320> <RAM>
ST_65 : Operation 546 [1/2] (1.23ns)   --->   "%x_load_412 = load i9 %x_addr_412"   --->   Operation 546 'load' 'x_load_412' <Predicate = true> <Delay = 1.23> <CoreInst = "RAM">   --->   Core 83 'RAM' <Latency = 1> <II = 1> <Delay = 1.23> <Storage> <Opcode : 'load' 'store'> <Ports = 2> <Width = 8> <Depth = 320> <RAM>
ST_65 : Operation 547 [1/1] (0.00ns)   --->   "%x_addr_413 = getelementptr i8 %x, i64 0, i64 128"   --->   Operation 547 'getelementptr' 'x_addr_413' <Predicate = true> <Delay = 0.00>
ST_65 : Operation 548 [2/2] (1.23ns)   --->   "%x_load_413 = load i9 %x_addr_413"   --->   Operation 548 'load' 'x_load_413' <Predicate = true> <Delay = 1.23> <CoreInst = "RAM">   --->   Core 83 'RAM' <Latency = 1> <II = 1> <Delay = 1.23> <Storage> <Opcode : 'load' 'store'> <Ports = 2> <Width = 8> <Depth = 320> <RAM>
ST_65 : Operation 549 [1/1] (0.00ns)   --->   "%x_addr_414 = getelementptr i8 %x, i64 0, i64 129"   --->   Operation 549 'getelementptr' 'x_addr_414' <Predicate = true> <Delay = 0.00>
ST_65 : Operation 550 [2/2] (1.23ns)   --->   "%x_load_414 = load i9 %x_addr_414"   --->   Operation 550 'load' 'x_load_414' <Predicate = true> <Delay = 1.23> <CoreInst = "RAM">   --->   Core 83 'RAM' <Latency = 1> <II = 1> <Delay = 1.23> <Storage> <Opcode : 'load' 'store'> <Ports = 2> <Width = 8> <Depth = 320> <RAM>

State 66 <SV = 65> <Delay = 1.23>
ST_66 : Operation 551 [1/2] (1.23ns)   --->   "%x_load_413 = load i9 %x_addr_413"   --->   Operation 551 'load' 'x_load_413' <Predicate = true> <Delay = 1.23> <CoreInst = "RAM">   --->   Core 83 'RAM' <Latency = 1> <II = 1> <Delay = 1.23> <Storage> <Opcode : 'load' 'store'> <Ports = 2> <Width = 8> <Depth = 320> <RAM>
ST_66 : Operation 552 [1/2] (1.23ns)   --->   "%x_load_414 = load i9 %x_addr_414"   --->   Operation 552 'load' 'x_load_414' <Predicate = true> <Delay = 1.23> <CoreInst = "RAM">   --->   Core 83 'RAM' <Latency = 1> <II = 1> <Delay = 1.23> <Storage> <Opcode : 'load' 'store'> <Ports = 2> <Width = 8> <Depth = 320> <RAM>
ST_66 : Operation 553 [1/1] (0.00ns)   --->   "%x_addr_415 = getelementptr i8 %x, i64 0, i64 130"   --->   Operation 553 'getelementptr' 'x_addr_415' <Predicate = true> <Delay = 0.00>
ST_66 : Operation 554 [2/2] (1.23ns)   --->   "%x_load_415 = load i9 %x_addr_415"   --->   Operation 554 'load' 'x_load_415' <Predicate = true> <Delay = 1.23> <CoreInst = "RAM">   --->   Core 83 'RAM' <Latency = 1> <II = 1> <Delay = 1.23> <Storage> <Opcode : 'load' 'store'> <Ports = 2> <Width = 8> <Depth = 320> <RAM>
ST_66 : Operation 555 [1/1] (0.00ns)   --->   "%x_addr_416 = getelementptr i8 %x, i64 0, i64 131"   --->   Operation 555 'getelementptr' 'x_addr_416' <Predicate = true> <Delay = 0.00>
ST_66 : Operation 556 [2/2] (1.23ns)   --->   "%x_load_416 = load i9 %x_addr_416"   --->   Operation 556 'load' 'x_load_416' <Predicate = true> <Delay = 1.23> <CoreInst = "RAM">   --->   Core 83 'RAM' <Latency = 1> <II = 1> <Delay = 1.23> <Storage> <Opcode : 'load' 'store'> <Ports = 2> <Width = 8> <Depth = 320> <RAM>

State 67 <SV = 66> <Delay = 1.23>
ST_67 : Operation 557 [1/2] (1.23ns)   --->   "%x_load_415 = load i9 %x_addr_415"   --->   Operation 557 'load' 'x_load_415' <Predicate = true> <Delay = 1.23> <CoreInst = "RAM">   --->   Core 83 'RAM' <Latency = 1> <II = 1> <Delay = 1.23> <Storage> <Opcode : 'load' 'store'> <Ports = 2> <Width = 8> <Depth = 320> <RAM>
ST_67 : Operation 558 [1/2] (1.23ns)   --->   "%x_load_416 = load i9 %x_addr_416"   --->   Operation 558 'load' 'x_load_416' <Predicate = true> <Delay = 1.23> <CoreInst = "RAM">   --->   Core 83 'RAM' <Latency = 1> <II = 1> <Delay = 1.23> <Storage> <Opcode : 'load' 'store'> <Ports = 2> <Width = 8> <Depth = 320> <RAM>
ST_67 : Operation 559 [1/1] (0.00ns)   --->   "%x_addr_417 = getelementptr i8 %x, i64 0, i64 132"   --->   Operation 559 'getelementptr' 'x_addr_417' <Predicate = true> <Delay = 0.00>
ST_67 : Operation 560 [2/2] (1.23ns)   --->   "%x_load_417 = load i9 %x_addr_417"   --->   Operation 560 'load' 'x_load_417' <Predicate = true> <Delay = 1.23> <CoreInst = "RAM">   --->   Core 83 'RAM' <Latency = 1> <II = 1> <Delay = 1.23> <Storage> <Opcode : 'load' 'store'> <Ports = 2> <Width = 8> <Depth = 320> <RAM>
ST_67 : Operation 561 [1/1] (0.00ns)   --->   "%x_addr_418 = getelementptr i8 %x, i64 0, i64 133"   --->   Operation 561 'getelementptr' 'x_addr_418' <Predicate = true> <Delay = 0.00>
ST_67 : Operation 562 [2/2] (1.23ns)   --->   "%x_load_418 = load i9 %x_addr_418"   --->   Operation 562 'load' 'x_load_418' <Predicate = true> <Delay = 1.23> <CoreInst = "RAM">   --->   Core 83 'RAM' <Latency = 1> <II = 1> <Delay = 1.23> <Storage> <Opcode : 'load' 'store'> <Ports = 2> <Width = 8> <Depth = 320> <RAM>

State 68 <SV = 67> <Delay = 1.23>
ST_68 : Operation 563 [1/2] (1.23ns)   --->   "%x_load_417 = load i9 %x_addr_417"   --->   Operation 563 'load' 'x_load_417' <Predicate = true> <Delay = 1.23> <CoreInst = "RAM">   --->   Core 83 'RAM' <Latency = 1> <II = 1> <Delay = 1.23> <Storage> <Opcode : 'load' 'store'> <Ports = 2> <Width = 8> <Depth = 320> <RAM>
ST_68 : Operation 564 [1/2] (1.23ns)   --->   "%x_load_418 = load i9 %x_addr_418"   --->   Operation 564 'load' 'x_load_418' <Predicate = true> <Delay = 1.23> <CoreInst = "RAM">   --->   Core 83 'RAM' <Latency = 1> <II = 1> <Delay = 1.23> <Storage> <Opcode : 'load' 'store'> <Ports = 2> <Width = 8> <Depth = 320> <RAM>
ST_68 : Operation 565 [1/1] (0.00ns)   --->   "%x_addr_419 = getelementptr i8 %x, i64 0, i64 134"   --->   Operation 565 'getelementptr' 'x_addr_419' <Predicate = true> <Delay = 0.00>
ST_68 : Operation 566 [2/2] (1.23ns)   --->   "%x_load_419 = load i9 %x_addr_419"   --->   Operation 566 'load' 'x_load_419' <Predicate = true> <Delay = 1.23> <CoreInst = "RAM">   --->   Core 83 'RAM' <Latency = 1> <II = 1> <Delay = 1.23> <Storage> <Opcode : 'load' 'store'> <Ports = 2> <Width = 8> <Depth = 320> <RAM>
ST_68 : Operation 567 [1/1] (0.00ns)   --->   "%x_addr_420 = getelementptr i8 %x, i64 0, i64 135"   --->   Operation 567 'getelementptr' 'x_addr_420' <Predicate = true> <Delay = 0.00>
ST_68 : Operation 568 [2/2] (1.23ns)   --->   "%x_load_420 = load i9 %x_addr_420"   --->   Operation 568 'load' 'x_load_420' <Predicate = true> <Delay = 1.23> <CoreInst = "RAM">   --->   Core 83 'RAM' <Latency = 1> <II = 1> <Delay = 1.23> <Storage> <Opcode : 'load' 'store'> <Ports = 2> <Width = 8> <Depth = 320> <RAM>

State 69 <SV = 68> <Delay = 1.23>
ST_69 : Operation 569 [1/2] (1.23ns)   --->   "%x_load_419 = load i9 %x_addr_419"   --->   Operation 569 'load' 'x_load_419' <Predicate = true> <Delay = 1.23> <CoreInst = "RAM">   --->   Core 83 'RAM' <Latency = 1> <II = 1> <Delay = 1.23> <Storage> <Opcode : 'load' 'store'> <Ports = 2> <Width = 8> <Depth = 320> <RAM>
ST_69 : Operation 570 [1/2] (1.23ns)   --->   "%x_load_420 = load i9 %x_addr_420"   --->   Operation 570 'load' 'x_load_420' <Predicate = true> <Delay = 1.23> <CoreInst = "RAM">   --->   Core 83 'RAM' <Latency = 1> <II = 1> <Delay = 1.23> <Storage> <Opcode : 'load' 'store'> <Ports = 2> <Width = 8> <Depth = 320> <RAM>
ST_69 : Operation 571 [1/1] (0.00ns)   --->   "%x_addr_421 = getelementptr i8 %x, i64 0, i64 136"   --->   Operation 571 'getelementptr' 'x_addr_421' <Predicate = true> <Delay = 0.00>
ST_69 : Operation 572 [2/2] (1.23ns)   --->   "%x_load_421 = load i9 %x_addr_421"   --->   Operation 572 'load' 'x_load_421' <Predicate = true> <Delay = 1.23> <CoreInst = "RAM">   --->   Core 83 'RAM' <Latency = 1> <II = 1> <Delay = 1.23> <Storage> <Opcode : 'load' 'store'> <Ports = 2> <Width = 8> <Depth = 320> <RAM>
ST_69 : Operation 573 [1/1] (0.00ns)   --->   "%x_addr_422 = getelementptr i8 %x, i64 0, i64 137"   --->   Operation 573 'getelementptr' 'x_addr_422' <Predicate = true> <Delay = 0.00>
ST_69 : Operation 574 [2/2] (1.23ns)   --->   "%x_load_422 = load i9 %x_addr_422"   --->   Operation 574 'load' 'x_load_422' <Predicate = true> <Delay = 1.23> <CoreInst = "RAM">   --->   Core 83 'RAM' <Latency = 1> <II = 1> <Delay = 1.23> <Storage> <Opcode : 'load' 'store'> <Ports = 2> <Width = 8> <Depth = 320> <RAM>

State 70 <SV = 69> <Delay = 1.23>
ST_70 : Operation 575 [1/2] (1.23ns)   --->   "%x_load_421 = load i9 %x_addr_421"   --->   Operation 575 'load' 'x_load_421' <Predicate = true> <Delay = 1.23> <CoreInst = "RAM">   --->   Core 83 'RAM' <Latency = 1> <II = 1> <Delay = 1.23> <Storage> <Opcode : 'load' 'store'> <Ports = 2> <Width = 8> <Depth = 320> <RAM>
ST_70 : Operation 576 [1/2] (1.23ns)   --->   "%x_load_422 = load i9 %x_addr_422"   --->   Operation 576 'load' 'x_load_422' <Predicate = true> <Delay = 1.23> <CoreInst = "RAM">   --->   Core 83 'RAM' <Latency = 1> <II = 1> <Delay = 1.23> <Storage> <Opcode : 'load' 'store'> <Ports = 2> <Width = 8> <Depth = 320> <RAM>
ST_70 : Operation 577 [1/1] (0.00ns)   --->   "%x_addr_423 = getelementptr i8 %x, i64 0, i64 138"   --->   Operation 577 'getelementptr' 'x_addr_423' <Predicate = true> <Delay = 0.00>
ST_70 : Operation 578 [2/2] (1.23ns)   --->   "%x_load_423 = load i9 %x_addr_423"   --->   Operation 578 'load' 'x_load_423' <Predicate = true> <Delay = 1.23> <CoreInst = "RAM">   --->   Core 83 'RAM' <Latency = 1> <II = 1> <Delay = 1.23> <Storage> <Opcode : 'load' 'store'> <Ports = 2> <Width = 8> <Depth = 320> <RAM>
ST_70 : Operation 579 [1/1] (0.00ns)   --->   "%x_addr_424 = getelementptr i8 %x, i64 0, i64 139"   --->   Operation 579 'getelementptr' 'x_addr_424' <Predicate = true> <Delay = 0.00>
ST_70 : Operation 580 [2/2] (1.23ns)   --->   "%x_load_424 = load i9 %x_addr_424"   --->   Operation 580 'load' 'x_load_424' <Predicate = true> <Delay = 1.23> <CoreInst = "RAM">   --->   Core 83 'RAM' <Latency = 1> <II = 1> <Delay = 1.23> <Storage> <Opcode : 'load' 'store'> <Ports = 2> <Width = 8> <Depth = 320> <RAM>

State 71 <SV = 70> <Delay = 1.23>
ST_71 : Operation 581 [1/2] (1.23ns)   --->   "%x_load_423 = load i9 %x_addr_423"   --->   Operation 581 'load' 'x_load_423' <Predicate = true> <Delay = 1.23> <CoreInst = "RAM">   --->   Core 83 'RAM' <Latency = 1> <II = 1> <Delay = 1.23> <Storage> <Opcode : 'load' 'store'> <Ports = 2> <Width = 8> <Depth = 320> <RAM>
ST_71 : Operation 582 [1/2] (1.23ns)   --->   "%x_load_424 = load i9 %x_addr_424"   --->   Operation 582 'load' 'x_load_424' <Predicate = true> <Delay = 1.23> <CoreInst = "RAM">   --->   Core 83 'RAM' <Latency = 1> <II = 1> <Delay = 1.23> <Storage> <Opcode : 'load' 'store'> <Ports = 2> <Width = 8> <Depth = 320> <RAM>
ST_71 : Operation 583 [1/1] (0.00ns)   --->   "%x_addr_425 = getelementptr i8 %x, i64 0, i64 140"   --->   Operation 583 'getelementptr' 'x_addr_425' <Predicate = true> <Delay = 0.00>
ST_71 : Operation 584 [2/2] (1.23ns)   --->   "%x_load_425 = load i9 %x_addr_425"   --->   Operation 584 'load' 'x_load_425' <Predicate = true> <Delay = 1.23> <CoreInst = "RAM">   --->   Core 83 'RAM' <Latency = 1> <II = 1> <Delay = 1.23> <Storage> <Opcode : 'load' 'store'> <Ports = 2> <Width = 8> <Depth = 320> <RAM>
ST_71 : Operation 585 [1/1] (0.00ns)   --->   "%x_addr_426 = getelementptr i8 %x, i64 0, i64 141"   --->   Operation 585 'getelementptr' 'x_addr_426' <Predicate = true> <Delay = 0.00>
ST_71 : Operation 586 [2/2] (1.23ns)   --->   "%x_load_426 = load i9 %x_addr_426"   --->   Operation 586 'load' 'x_load_426' <Predicate = true> <Delay = 1.23> <CoreInst = "RAM">   --->   Core 83 'RAM' <Latency = 1> <II = 1> <Delay = 1.23> <Storage> <Opcode : 'load' 'store'> <Ports = 2> <Width = 8> <Depth = 320> <RAM>

State 72 <SV = 71> <Delay = 1.23>
ST_72 : Operation 587 [1/2] (1.23ns)   --->   "%x_load_425 = load i9 %x_addr_425"   --->   Operation 587 'load' 'x_load_425' <Predicate = true> <Delay = 1.23> <CoreInst = "RAM">   --->   Core 83 'RAM' <Latency = 1> <II = 1> <Delay = 1.23> <Storage> <Opcode : 'load' 'store'> <Ports = 2> <Width = 8> <Depth = 320> <RAM>
ST_72 : Operation 588 [1/2] (1.23ns)   --->   "%x_load_426 = load i9 %x_addr_426"   --->   Operation 588 'load' 'x_load_426' <Predicate = true> <Delay = 1.23> <CoreInst = "RAM">   --->   Core 83 'RAM' <Latency = 1> <II = 1> <Delay = 1.23> <Storage> <Opcode : 'load' 'store'> <Ports = 2> <Width = 8> <Depth = 320> <RAM>
ST_72 : Operation 589 [1/1] (0.00ns)   --->   "%x_addr_427 = getelementptr i8 %x, i64 0, i64 142"   --->   Operation 589 'getelementptr' 'x_addr_427' <Predicate = true> <Delay = 0.00>
ST_72 : Operation 590 [2/2] (1.23ns)   --->   "%x_load_427 = load i9 %x_addr_427"   --->   Operation 590 'load' 'x_load_427' <Predicate = true> <Delay = 1.23> <CoreInst = "RAM">   --->   Core 83 'RAM' <Latency = 1> <II = 1> <Delay = 1.23> <Storage> <Opcode : 'load' 'store'> <Ports = 2> <Width = 8> <Depth = 320> <RAM>
ST_72 : Operation 591 [1/1] (0.00ns)   --->   "%x_addr_428 = getelementptr i8 %x, i64 0, i64 143"   --->   Operation 591 'getelementptr' 'x_addr_428' <Predicate = true> <Delay = 0.00>
ST_72 : Operation 592 [2/2] (1.23ns)   --->   "%x_load_428 = load i9 %x_addr_428"   --->   Operation 592 'load' 'x_load_428' <Predicate = true> <Delay = 1.23> <CoreInst = "RAM">   --->   Core 83 'RAM' <Latency = 1> <II = 1> <Delay = 1.23> <Storage> <Opcode : 'load' 'store'> <Ports = 2> <Width = 8> <Depth = 320> <RAM>

State 73 <SV = 72> <Delay = 1.23>
ST_73 : Operation 593 [1/2] (1.23ns)   --->   "%x_load_427 = load i9 %x_addr_427"   --->   Operation 593 'load' 'x_load_427' <Predicate = true> <Delay = 1.23> <CoreInst = "RAM">   --->   Core 83 'RAM' <Latency = 1> <II = 1> <Delay = 1.23> <Storage> <Opcode : 'load' 'store'> <Ports = 2> <Width = 8> <Depth = 320> <RAM>
ST_73 : Operation 594 [1/2] (1.23ns)   --->   "%x_load_428 = load i9 %x_addr_428"   --->   Operation 594 'load' 'x_load_428' <Predicate = true> <Delay = 1.23> <CoreInst = "RAM">   --->   Core 83 'RAM' <Latency = 1> <II = 1> <Delay = 1.23> <Storage> <Opcode : 'load' 'store'> <Ports = 2> <Width = 8> <Depth = 320> <RAM>
ST_73 : Operation 595 [1/1] (0.00ns)   --->   "%x_addr_429 = getelementptr i8 %x, i64 0, i64 144"   --->   Operation 595 'getelementptr' 'x_addr_429' <Predicate = true> <Delay = 0.00>
ST_73 : Operation 596 [2/2] (1.23ns)   --->   "%x_load_429 = load i9 %x_addr_429"   --->   Operation 596 'load' 'x_load_429' <Predicate = true> <Delay = 1.23> <CoreInst = "RAM">   --->   Core 83 'RAM' <Latency = 1> <II = 1> <Delay = 1.23> <Storage> <Opcode : 'load' 'store'> <Ports = 2> <Width = 8> <Depth = 320> <RAM>
ST_73 : Operation 597 [1/1] (0.00ns)   --->   "%x_addr_430 = getelementptr i8 %x, i64 0, i64 145"   --->   Operation 597 'getelementptr' 'x_addr_430' <Predicate = true> <Delay = 0.00>
ST_73 : Operation 598 [2/2] (1.23ns)   --->   "%x_load_430 = load i9 %x_addr_430"   --->   Operation 598 'load' 'x_load_430' <Predicate = true> <Delay = 1.23> <CoreInst = "RAM">   --->   Core 83 'RAM' <Latency = 1> <II = 1> <Delay = 1.23> <Storage> <Opcode : 'load' 'store'> <Ports = 2> <Width = 8> <Depth = 320> <RAM>

State 74 <SV = 73> <Delay = 1.23>
ST_74 : Operation 599 [1/2] (1.23ns)   --->   "%x_load_429 = load i9 %x_addr_429"   --->   Operation 599 'load' 'x_load_429' <Predicate = true> <Delay = 1.23> <CoreInst = "RAM">   --->   Core 83 'RAM' <Latency = 1> <II = 1> <Delay = 1.23> <Storage> <Opcode : 'load' 'store'> <Ports = 2> <Width = 8> <Depth = 320> <RAM>
ST_74 : Operation 600 [1/2] (1.23ns)   --->   "%x_load_430 = load i9 %x_addr_430"   --->   Operation 600 'load' 'x_load_430' <Predicate = true> <Delay = 1.23> <CoreInst = "RAM">   --->   Core 83 'RAM' <Latency = 1> <II = 1> <Delay = 1.23> <Storage> <Opcode : 'load' 'store'> <Ports = 2> <Width = 8> <Depth = 320> <RAM>
ST_74 : Operation 601 [1/1] (0.00ns)   --->   "%x_addr_431 = getelementptr i8 %x, i64 0, i64 146"   --->   Operation 601 'getelementptr' 'x_addr_431' <Predicate = true> <Delay = 0.00>
ST_74 : Operation 602 [2/2] (1.23ns)   --->   "%x_load_431 = load i9 %x_addr_431"   --->   Operation 602 'load' 'x_load_431' <Predicate = true> <Delay = 1.23> <CoreInst = "RAM">   --->   Core 83 'RAM' <Latency = 1> <II = 1> <Delay = 1.23> <Storage> <Opcode : 'load' 'store'> <Ports = 2> <Width = 8> <Depth = 320> <RAM>
ST_74 : Operation 603 [1/1] (0.00ns)   --->   "%x_addr_432 = getelementptr i8 %x, i64 0, i64 147"   --->   Operation 603 'getelementptr' 'x_addr_432' <Predicate = true> <Delay = 0.00>
ST_74 : Operation 604 [2/2] (1.23ns)   --->   "%x_load_432 = load i9 %x_addr_432"   --->   Operation 604 'load' 'x_load_432' <Predicate = true> <Delay = 1.23> <CoreInst = "RAM">   --->   Core 83 'RAM' <Latency = 1> <II = 1> <Delay = 1.23> <Storage> <Opcode : 'load' 'store'> <Ports = 2> <Width = 8> <Depth = 320> <RAM>

State 75 <SV = 74> <Delay = 1.23>
ST_75 : Operation 605 [1/2] (1.23ns)   --->   "%x_load_431 = load i9 %x_addr_431"   --->   Operation 605 'load' 'x_load_431' <Predicate = true> <Delay = 1.23> <CoreInst = "RAM">   --->   Core 83 'RAM' <Latency = 1> <II = 1> <Delay = 1.23> <Storage> <Opcode : 'load' 'store'> <Ports = 2> <Width = 8> <Depth = 320> <RAM>
ST_75 : Operation 606 [1/2] (1.23ns)   --->   "%x_load_432 = load i9 %x_addr_432"   --->   Operation 606 'load' 'x_load_432' <Predicate = true> <Delay = 1.23> <CoreInst = "RAM">   --->   Core 83 'RAM' <Latency = 1> <II = 1> <Delay = 1.23> <Storage> <Opcode : 'load' 'store'> <Ports = 2> <Width = 8> <Depth = 320> <RAM>
ST_75 : Operation 607 [1/1] (0.00ns)   --->   "%x_addr_433 = getelementptr i8 %x, i64 0, i64 148"   --->   Operation 607 'getelementptr' 'x_addr_433' <Predicate = true> <Delay = 0.00>
ST_75 : Operation 608 [2/2] (1.23ns)   --->   "%x_load_433 = load i9 %x_addr_433"   --->   Operation 608 'load' 'x_load_433' <Predicate = true> <Delay = 1.23> <CoreInst = "RAM">   --->   Core 83 'RAM' <Latency = 1> <II = 1> <Delay = 1.23> <Storage> <Opcode : 'load' 'store'> <Ports = 2> <Width = 8> <Depth = 320> <RAM>
ST_75 : Operation 609 [1/1] (0.00ns)   --->   "%x_addr_434 = getelementptr i8 %x, i64 0, i64 149"   --->   Operation 609 'getelementptr' 'x_addr_434' <Predicate = true> <Delay = 0.00>
ST_75 : Operation 610 [2/2] (1.23ns)   --->   "%x_load_434 = load i9 %x_addr_434"   --->   Operation 610 'load' 'x_load_434' <Predicate = true> <Delay = 1.23> <CoreInst = "RAM">   --->   Core 83 'RAM' <Latency = 1> <II = 1> <Delay = 1.23> <Storage> <Opcode : 'load' 'store'> <Ports = 2> <Width = 8> <Depth = 320> <RAM>

State 76 <SV = 75> <Delay = 1.23>
ST_76 : Operation 611 [1/2] (1.23ns)   --->   "%x_load_433 = load i9 %x_addr_433"   --->   Operation 611 'load' 'x_load_433' <Predicate = true> <Delay = 1.23> <CoreInst = "RAM">   --->   Core 83 'RAM' <Latency = 1> <II = 1> <Delay = 1.23> <Storage> <Opcode : 'load' 'store'> <Ports = 2> <Width = 8> <Depth = 320> <RAM>
ST_76 : Operation 612 [1/2] (1.23ns)   --->   "%x_load_434 = load i9 %x_addr_434"   --->   Operation 612 'load' 'x_load_434' <Predicate = true> <Delay = 1.23> <CoreInst = "RAM">   --->   Core 83 'RAM' <Latency = 1> <II = 1> <Delay = 1.23> <Storage> <Opcode : 'load' 'store'> <Ports = 2> <Width = 8> <Depth = 320> <RAM>
ST_76 : Operation 613 [1/1] (0.00ns)   --->   "%x_addr_435 = getelementptr i8 %x, i64 0, i64 150"   --->   Operation 613 'getelementptr' 'x_addr_435' <Predicate = true> <Delay = 0.00>
ST_76 : Operation 614 [2/2] (1.23ns)   --->   "%x_load_435 = load i9 %x_addr_435"   --->   Operation 614 'load' 'x_load_435' <Predicate = true> <Delay = 1.23> <CoreInst = "RAM">   --->   Core 83 'RAM' <Latency = 1> <II = 1> <Delay = 1.23> <Storage> <Opcode : 'load' 'store'> <Ports = 2> <Width = 8> <Depth = 320> <RAM>
ST_76 : Operation 615 [1/1] (0.00ns)   --->   "%x_addr_436 = getelementptr i8 %x, i64 0, i64 151"   --->   Operation 615 'getelementptr' 'x_addr_436' <Predicate = true> <Delay = 0.00>
ST_76 : Operation 616 [2/2] (1.23ns)   --->   "%x_load_436 = load i9 %x_addr_436"   --->   Operation 616 'load' 'x_load_436' <Predicate = true> <Delay = 1.23> <CoreInst = "RAM">   --->   Core 83 'RAM' <Latency = 1> <II = 1> <Delay = 1.23> <Storage> <Opcode : 'load' 'store'> <Ports = 2> <Width = 8> <Depth = 320> <RAM>

State 77 <SV = 76> <Delay = 1.23>
ST_77 : Operation 617 [1/2] (1.23ns)   --->   "%x_load_435 = load i9 %x_addr_435"   --->   Operation 617 'load' 'x_load_435' <Predicate = true> <Delay = 1.23> <CoreInst = "RAM">   --->   Core 83 'RAM' <Latency = 1> <II = 1> <Delay = 1.23> <Storage> <Opcode : 'load' 'store'> <Ports = 2> <Width = 8> <Depth = 320> <RAM>
ST_77 : Operation 618 [1/2] (1.23ns)   --->   "%x_load_436 = load i9 %x_addr_436"   --->   Operation 618 'load' 'x_load_436' <Predicate = true> <Delay = 1.23> <CoreInst = "RAM">   --->   Core 83 'RAM' <Latency = 1> <II = 1> <Delay = 1.23> <Storage> <Opcode : 'load' 'store'> <Ports = 2> <Width = 8> <Depth = 320> <RAM>
ST_77 : Operation 619 [1/1] (0.00ns)   --->   "%x_addr_437 = getelementptr i8 %x, i64 0, i64 152"   --->   Operation 619 'getelementptr' 'x_addr_437' <Predicate = true> <Delay = 0.00>
ST_77 : Operation 620 [2/2] (1.23ns)   --->   "%x_load_437 = load i9 %x_addr_437"   --->   Operation 620 'load' 'x_load_437' <Predicate = true> <Delay = 1.23> <CoreInst = "RAM">   --->   Core 83 'RAM' <Latency = 1> <II = 1> <Delay = 1.23> <Storage> <Opcode : 'load' 'store'> <Ports = 2> <Width = 8> <Depth = 320> <RAM>
ST_77 : Operation 621 [1/1] (0.00ns)   --->   "%x_addr_438 = getelementptr i8 %x, i64 0, i64 153"   --->   Operation 621 'getelementptr' 'x_addr_438' <Predicate = true> <Delay = 0.00>
ST_77 : Operation 622 [2/2] (1.23ns)   --->   "%x_load_438 = load i9 %x_addr_438"   --->   Operation 622 'load' 'x_load_438' <Predicate = true> <Delay = 1.23> <CoreInst = "RAM">   --->   Core 83 'RAM' <Latency = 1> <II = 1> <Delay = 1.23> <Storage> <Opcode : 'load' 'store'> <Ports = 2> <Width = 8> <Depth = 320> <RAM>

State 78 <SV = 77> <Delay = 1.23>
ST_78 : Operation 623 [1/2] (1.23ns)   --->   "%x_load_437 = load i9 %x_addr_437"   --->   Operation 623 'load' 'x_load_437' <Predicate = true> <Delay = 1.23> <CoreInst = "RAM">   --->   Core 83 'RAM' <Latency = 1> <II = 1> <Delay = 1.23> <Storage> <Opcode : 'load' 'store'> <Ports = 2> <Width = 8> <Depth = 320> <RAM>
ST_78 : Operation 624 [1/2] (1.23ns)   --->   "%x_load_438 = load i9 %x_addr_438"   --->   Operation 624 'load' 'x_load_438' <Predicate = true> <Delay = 1.23> <CoreInst = "RAM">   --->   Core 83 'RAM' <Latency = 1> <II = 1> <Delay = 1.23> <Storage> <Opcode : 'load' 'store'> <Ports = 2> <Width = 8> <Depth = 320> <RAM>
ST_78 : Operation 625 [1/1] (0.00ns)   --->   "%x_addr_439 = getelementptr i8 %x, i64 0, i64 154"   --->   Operation 625 'getelementptr' 'x_addr_439' <Predicate = true> <Delay = 0.00>
ST_78 : Operation 626 [2/2] (1.23ns)   --->   "%x_load_439 = load i9 %x_addr_439"   --->   Operation 626 'load' 'x_load_439' <Predicate = true> <Delay = 1.23> <CoreInst = "RAM">   --->   Core 83 'RAM' <Latency = 1> <II = 1> <Delay = 1.23> <Storage> <Opcode : 'load' 'store'> <Ports = 2> <Width = 8> <Depth = 320> <RAM>
ST_78 : Operation 627 [1/1] (0.00ns)   --->   "%x_addr_440 = getelementptr i8 %x, i64 0, i64 155"   --->   Operation 627 'getelementptr' 'x_addr_440' <Predicate = true> <Delay = 0.00>
ST_78 : Operation 628 [2/2] (1.23ns)   --->   "%x_load_440 = load i9 %x_addr_440"   --->   Operation 628 'load' 'x_load_440' <Predicate = true> <Delay = 1.23> <CoreInst = "RAM">   --->   Core 83 'RAM' <Latency = 1> <II = 1> <Delay = 1.23> <Storage> <Opcode : 'load' 'store'> <Ports = 2> <Width = 8> <Depth = 320> <RAM>

State 79 <SV = 78> <Delay = 1.23>
ST_79 : Operation 629 [1/2] (1.23ns)   --->   "%x_load_439 = load i9 %x_addr_439"   --->   Operation 629 'load' 'x_load_439' <Predicate = true> <Delay = 1.23> <CoreInst = "RAM">   --->   Core 83 'RAM' <Latency = 1> <II = 1> <Delay = 1.23> <Storage> <Opcode : 'load' 'store'> <Ports = 2> <Width = 8> <Depth = 320> <RAM>
ST_79 : Operation 630 [1/2] (1.23ns)   --->   "%x_load_440 = load i9 %x_addr_440"   --->   Operation 630 'load' 'x_load_440' <Predicate = true> <Delay = 1.23> <CoreInst = "RAM">   --->   Core 83 'RAM' <Latency = 1> <II = 1> <Delay = 1.23> <Storage> <Opcode : 'load' 'store'> <Ports = 2> <Width = 8> <Depth = 320> <RAM>
ST_79 : Operation 631 [1/1] (0.00ns)   --->   "%x_addr_441 = getelementptr i8 %x, i64 0, i64 156"   --->   Operation 631 'getelementptr' 'x_addr_441' <Predicate = true> <Delay = 0.00>
ST_79 : Operation 632 [2/2] (1.23ns)   --->   "%x_load_441 = load i9 %x_addr_441"   --->   Operation 632 'load' 'x_load_441' <Predicate = true> <Delay = 1.23> <CoreInst = "RAM">   --->   Core 83 'RAM' <Latency = 1> <II = 1> <Delay = 1.23> <Storage> <Opcode : 'load' 'store'> <Ports = 2> <Width = 8> <Depth = 320> <RAM>
ST_79 : Operation 633 [1/1] (0.00ns)   --->   "%x_addr_442 = getelementptr i8 %x, i64 0, i64 157"   --->   Operation 633 'getelementptr' 'x_addr_442' <Predicate = true> <Delay = 0.00>
ST_79 : Operation 634 [2/2] (1.23ns)   --->   "%x_load_442 = load i9 %x_addr_442"   --->   Operation 634 'load' 'x_load_442' <Predicate = true> <Delay = 1.23> <CoreInst = "RAM">   --->   Core 83 'RAM' <Latency = 1> <II = 1> <Delay = 1.23> <Storage> <Opcode : 'load' 'store'> <Ports = 2> <Width = 8> <Depth = 320> <RAM>

State 80 <SV = 79> <Delay = 1.23>
ST_80 : Operation 635 [1/2] (1.23ns)   --->   "%x_load_441 = load i9 %x_addr_441"   --->   Operation 635 'load' 'x_load_441' <Predicate = true> <Delay = 1.23> <CoreInst = "RAM">   --->   Core 83 'RAM' <Latency = 1> <II = 1> <Delay = 1.23> <Storage> <Opcode : 'load' 'store'> <Ports = 2> <Width = 8> <Depth = 320> <RAM>
ST_80 : Operation 636 [1/2] (1.23ns)   --->   "%x_load_442 = load i9 %x_addr_442"   --->   Operation 636 'load' 'x_load_442' <Predicate = true> <Delay = 1.23> <CoreInst = "RAM">   --->   Core 83 'RAM' <Latency = 1> <II = 1> <Delay = 1.23> <Storage> <Opcode : 'load' 'store'> <Ports = 2> <Width = 8> <Depth = 320> <RAM>
ST_80 : Operation 637 [1/1] (0.00ns)   --->   "%x_addr_443 = getelementptr i8 %x, i64 0, i64 158"   --->   Operation 637 'getelementptr' 'x_addr_443' <Predicate = true> <Delay = 0.00>
ST_80 : Operation 638 [2/2] (1.23ns)   --->   "%x_load_443 = load i9 %x_addr_443"   --->   Operation 638 'load' 'x_load_443' <Predicate = true> <Delay = 1.23> <CoreInst = "RAM">   --->   Core 83 'RAM' <Latency = 1> <II = 1> <Delay = 1.23> <Storage> <Opcode : 'load' 'store'> <Ports = 2> <Width = 8> <Depth = 320> <RAM>
ST_80 : Operation 639 [1/1] (0.00ns)   --->   "%x_addr_444 = getelementptr i8 %x, i64 0, i64 159"   --->   Operation 639 'getelementptr' 'x_addr_444' <Predicate = true> <Delay = 0.00>
ST_80 : Operation 640 [2/2] (1.23ns)   --->   "%x_load_444 = load i9 %x_addr_444"   --->   Operation 640 'load' 'x_load_444' <Predicate = true> <Delay = 1.23> <CoreInst = "RAM">   --->   Core 83 'RAM' <Latency = 1> <II = 1> <Delay = 1.23> <Storage> <Opcode : 'load' 'store'> <Ports = 2> <Width = 8> <Depth = 320> <RAM>

State 81 <SV = 80> <Delay = 1.23>
ST_81 : Operation 641 [1/2] (1.23ns)   --->   "%x_load_443 = load i9 %x_addr_443"   --->   Operation 641 'load' 'x_load_443' <Predicate = true> <Delay = 1.23> <CoreInst = "RAM">   --->   Core 83 'RAM' <Latency = 1> <II = 1> <Delay = 1.23> <Storage> <Opcode : 'load' 'store'> <Ports = 2> <Width = 8> <Depth = 320> <RAM>
ST_81 : Operation 642 [1/2] (1.23ns)   --->   "%x_load_444 = load i9 %x_addr_444"   --->   Operation 642 'load' 'x_load_444' <Predicate = true> <Delay = 1.23> <CoreInst = "RAM">   --->   Core 83 'RAM' <Latency = 1> <II = 1> <Delay = 1.23> <Storage> <Opcode : 'load' 'store'> <Ports = 2> <Width = 8> <Depth = 320> <RAM>
ST_81 : Operation 643 [1/1] (0.00ns)   --->   "%x_addr_445 = getelementptr i8 %x, i64 0, i64 160"   --->   Operation 643 'getelementptr' 'x_addr_445' <Predicate = true> <Delay = 0.00>
ST_81 : Operation 644 [2/2] (1.23ns)   --->   "%x_load_445 = load i9 %x_addr_445"   --->   Operation 644 'load' 'x_load_445' <Predicate = true> <Delay = 1.23> <CoreInst = "RAM">   --->   Core 83 'RAM' <Latency = 1> <II = 1> <Delay = 1.23> <Storage> <Opcode : 'load' 'store'> <Ports = 2> <Width = 8> <Depth = 320> <RAM>
ST_81 : Operation 645 [1/1] (0.00ns)   --->   "%x_addr_446 = getelementptr i8 %x, i64 0, i64 161"   --->   Operation 645 'getelementptr' 'x_addr_446' <Predicate = true> <Delay = 0.00>
ST_81 : Operation 646 [2/2] (1.23ns)   --->   "%x_load_446 = load i9 %x_addr_446"   --->   Operation 646 'load' 'x_load_446' <Predicate = true> <Delay = 1.23> <CoreInst = "RAM">   --->   Core 83 'RAM' <Latency = 1> <II = 1> <Delay = 1.23> <Storage> <Opcode : 'load' 'store'> <Ports = 2> <Width = 8> <Depth = 320> <RAM>

State 82 <SV = 81> <Delay = 1.23>
ST_82 : Operation 647 [1/2] (1.23ns)   --->   "%x_load_445 = load i9 %x_addr_445"   --->   Operation 647 'load' 'x_load_445' <Predicate = true> <Delay = 1.23> <CoreInst = "RAM">   --->   Core 83 'RAM' <Latency = 1> <II = 1> <Delay = 1.23> <Storage> <Opcode : 'load' 'store'> <Ports = 2> <Width = 8> <Depth = 320> <RAM>
ST_82 : Operation 648 [1/2] (1.23ns)   --->   "%x_load_446 = load i9 %x_addr_446"   --->   Operation 648 'load' 'x_load_446' <Predicate = true> <Delay = 1.23> <CoreInst = "RAM">   --->   Core 83 'RAM' <Latency = 1> <II = 1> <Delay = 1.23> <Storage> <Opcode : 'load' 'store'> <Ports = 2> <Width = 8> <Depth = 320> <RAM>
ST_82 : Operation 649 [1/1] (0.00ns)   --->   "%x_addr_447 = getelementptr i8 %x, i64 0, i64 162"   --->   Operation 649 'getelementptr' 'x_addr_447' <Predicate = true> <Delay = 0.00>
ST_82 : Operation 650 [2/2] (1.23ns)   --->   "%x_load_447 = load i9 %x_addr_447"   --->   Operation 650 'load' 'x_load_447' <Predicate = true> <Delay = 1.23> <CoreInst = "RAM">   --->   Core 83 'RAM' <Latency = 1> <II = 1> <Delay = 1.23> <Storage> <Opcode : 'load' 'store'> <Ports = 2> <Width = 8> <Depth = 320> <RAM>
ST_82 : Operation 651 [1/1] (0.00ns)   --->   "%x_addr_448 = getelementptr i8 %x, i64 0, i64 163"   --->   Operation 651 'getelementptr' 'x_addr_448' <Predicate = true> <Delay = 0.00>
ST_82 : Operation 652 [2/2] (1.23ns)   --->   "%x_load_448 = load i9 %x_addr_448"   --->   Operation 652 'load' 'x_load_448' <Predicate = true> <Delay = 1.23> <CoreInst = "RAM">   --->   Core 83 'RAM' <Latency = 1> <II = 1> <Delay = 1.23> <Storage> <Opcode : 'load' 'store'> <Ports = 2> <Width = 8> <Depth = 320> <RAM>

State 83 <SV = 82> <Delay = 1.23>
ST_83 : Operation 653 [1/2] (1.23ns)   --->   "%x_load_447 = load i9 %x_addr_447"   --->   Operation 653 'load' 'x_load_447' <Predicate = true> <Delay = 1.23> <CoreInst = "RAM">   --->   Core 83 'RAM' <Latency = 1> <II = 1> <Delay = 1.23> <Storage> <Opcode : 'load' 'store'> <Ports = 2> <Width = 8> <Depth = 320> <RAM>
ST_83 : Operation 654 [1/2] (1.23ns)   --->   "%x_load_448 = load i9 %x_addr_448"   --->   Operation 654 'load' 'x_load_448' <Predicate = true> <Delay = 1.23> <CoreInst = "RAM">   --->   Core 83 'RAM' <Latency = 1> <II = 1> <Delay = 1.23> <Storage> <Opcode : 'load' 'store'> <Ports = 2> <Width = 8> <Depth = 320> <RAM>
ST_83 : Operation 655 [1/1] (0.00ns)   --->   "%x_addr_449 = getelementptr i8 %x, i64 0, i64 164"   --->   Operation 655 'getelementptr' 'x_addr_449' <Predicate = true> <Delay = 0.00>
ST_83 : Operation 656 [2/2] (1.23ns)   --->   "%x_load_449 = load i9 %x_addr_449"   --->   Operation 656 'load' 'x_load_449' <Predicate = true> <Delay = 1.23> <CoreInst = "RAM">   --->   Core 83 'RAM' <Latency = 1> <II = 1> <Delay = 1.23> <Storage> <Opcode : 'load' 'store'> <Ports = 2> <Width = 8> <Depth = 320> <RAM>
ST_83 : Operation 657 [1/1] (0.00ns)   --->   "%x_addr_450 = getelementptr i8 %x, i64 0, i64 165"   --->   Operation 657 'getelementptr' 'x_addr_450' <Predicate = true> <Delay = 0.00>
ST_83 : Operation 658 [2/2] (1.23ns)   --->   "%x_load_450 = load i9 %x_addr_450"   --->   Operation 658 'load' 'x_load_450' <Predicate = true> <Delay = 1.23> <CoreInst = "RAM">   --->   Core 83 'RAM' <Latency = 1> <II = 1> <Delay = 1.23> <Storage> <Opcode : 'load' 'store'> <Ports = 2> <Width = 8> <Depth = 320> <RAM>

State 84 <SV = 83> <Delay = 1.23>
ST_84 : Operation 659 [1/2] (1.23ns)   --->   "%x_load_449 = load i9 %x_addr_449"   --->   Operation 659 'load' 'x_load_449' <Predicate = true> <Delay = 1.23> <CoreInst = "RAM">   --->   Core 83 'RAM' <Latency = 1> <II = 1> <Delay = 1.23> <Storage> <Opcode : 'load' 'store'> <Ports = 2> <Width = 8> <Depth = 320> <RAM>
ST_84 : Operation 660 [1/2] (1.23ns)   --->   "%x_load_450 = load i9 %x_addr_450"   --->   Operation 660 'load' 'x_load_450' <Predicate = true> <Delay = 1.23> <CoreInst = "RAM">   --->   Core 83 'RAM' <Latency = 1> <II = 1> <Delay = 1.23> <Storage> <Opcode : 'load' 'store'> <Ports = 2> <Width = 8> <Depth = 320> <RAM>
ST_84 : Operation 661 [1/1] (0.00ns)   --->   "%x_addr_451 = getelementptr i8 %x, i64 0, i64 166"   --->   Operation 661 'getelementptr' 'x_addr_451' <Predicate = true> <Delay = 0.00>
ST_84 : Operation 662 [2/2] (1.23ns)   --->   "%x_load_451 = load i9 %x_addr_451"   --->   Operation 662 'load' 'x_load_451' <Predicate = true> <Delay = 1.23> <CoreInst = "RAM">   --->   Core 83 'RAM' <Latency = 1> <II = 1> <Delay = 1.23> <Storage> <Opcode : 'load' 'store'> <Ports = 2> <Width = 8> <Depth = 320> <RAM>
ST_84 : Operation 663 [1/1] (0.00ns)   --->   "%x_addr_452 = getelementptr i8 %x, i64 0, i64 167"   --->   Operation 663 'getelementptr' 'x_addr_452' <Predicate = true> <Delay = 0.00>
ST_84 : Operation 664 [2/2] (1.23ns)   --->   "%x_load_452 = load i9 %x_addr_452"   --->   Operation 664 'load' 'x_load_452' <Predicate = true> <Delay = 1.23> <CoreInst = "RAM">   --->   Core 83 'RAM' <Latency = 1> <II = 1> <Delay = 1.23> <Storage> <Opcode : 'load' 'store'> <Ports = 2> <Width = 8> <Depth = 320> <RAM>

State 85 <SV = 84> <Delay = 1.23>
ST_85 : Operation 665 [1/2] (1.23ns)   --->   "%x_load_451 = load i9 %x_addr_451"   --->   Operation 665 'load' 'x_load_451' <Predicate = true> <Delay = 1.23> <CoreInst = "RAM">   --->   Core 83 'RAM' <Latency = 1> <II = 1> <Delay = 1.23> <Storage> <Opcode : 'load' 'store'> <Ports = 2> <Width = 8> <Depth = 320> <RAM>
ST_85 : Operation 666 [1/2] (1.23ns)   --->   "%x_load_452 = load i9 %x_addr_452"   --->   Operation 666 'load' 'x_load_452' <Predicate = true> <Delay = 1.23> <CoreInst = "RAM">   --->   Core 83 'RAM' <Latency = 1> <II = 1> <Delay = 1.23> <Storage> <Opcode : 'load' 'store'> <Ports = 2> <Width = 8> <Depth = 320> <RAM>
ST_85 : Operation 667 [1/1] (0.00ns)   --->   "%x_addr_453 = getelementptr i8 %x, i64 0, i64 168"   --->   Operation 667 'getelementptr' 'x_addr_453' <Predicate = true> <Delay = 0.00>
ST_85 : Operation 668 [2/2] (1.23ns)   --->   "%x_load_453 = load i9 %x_addr_453"   --->   Operation 668 'load' 'x_load_453' <Predicate = true> <Delay = 1.23> <CoreInst = "RAM">   --->   Core 83 'RAM' <Latency = 1> <II = 1> <Delay = 1.23> <Storage> <Opcode : 'load' 'store'> <Ports = 2> <Width = 8> <Depth = 320> <RAM>
ST_85 : Operation 669 [1/1] (0.00ns)   --->   "%x_addr_454 = getelementptr i8 %x, i64 0, i64 169"   --->   Operation 669 'getelementptr' 'x_addr_454' <Predicate = true> <Delay = 0.00>
ST_85 : Operation 670 [2/2] (1.23ns)   --->   "%x_load_454 = load i9 %x_addr_454"   --->   Operation 670 'load' 'x_load_454' <Predicate = true> <Delay = 1.23> <CoreInst = "RAM">   --->   Core 83 'RAM' <Latency = 1> <II = 1> <Delay = 1.23> <Storage> <Opcode : 'load' 'store'> <Ports = 2> <Width = 8> <Depth = 320> <RAM>

State 86 <SV = 85> <Delay = 1.23>
ST_86 : Operation 671 [1/2] (1.23ns)   --->   "%x_load_453 = load i9 %x_addr_453"   --->   Operation 671 'load' 'x_load_453' <Predicate = true> <Delay = 1.23> <CoreInst = "RAM">   --->   Core 83 'RAM' <Latency = 1> <II = 1> <Delay = 1.23> <Storage> <Opcode : 'load' 'store'> <Ports = 2> <Width = 8> <Depth = 320> <RAM>
ST_86 : Operation 672 [1/2] (1.23ns)   --->   "%x_load_454 = load i9 %x_addr_454"   --->   Operation 672 'load' 'x_load_454' <Predicate = true> <Delay = 1.23> <CoreInst = "RAM">   --->   Core 83 'RAM' <Latency = 1> <II = 1> <Delay = 1.23> <Storage> <Opcode : 'load' 'store'> <Ports = 2> <Width = 8> <Depth = 320> <RAM>
ST_86 : Operation 673 [1/1] (0.00ns)   --->   "%x_addr_455 = getelementptr i8 %x, i64 0, i64 170"   --->   Operation 673 'getelementptr' 'x_addr_455' <Predicate = true> <Delay = 0.00>
ST_86 : Operation 674 [2/2] (1.23ns)   --->   "%x_load_455 = load i9 %x_addr_455"   --->   Operation 674 'load' 'x_load_455' <Predicate = true> <Delay = 1.23> <CoreInst = "RAM">   --->   Core 83 'RAM' <Latency = 1> <II = 1> <Delay = 1.23> <Storage> <Opcode : 'load' 'store'> <Ports = 2> <Width = 8> <Depth = 320> <RAM>
ST_86 : Operation 675 [1/1] (0.00ns)   --->   "%x_addr_456 = getelementptr i8 %x, i64 0, i64 171"   --->   Operation 675 'getelementptr' 'x_addr_456' <Predicate = true> <Delay = 0.00>
ST_86 : Operation 676 [2/2] (1.23ns)   --->   "%x_load_456 = load i9 %x_addr_456"   --->   Operation 676 'load' 'x_load_456' <Predicate = true> <Delay = 1.23> <CoreInst = "RAM">   --->   Core 83 'RAM' <Latency = 1> <II = 1> <Delay = 1.23> <Storage> <Opcode : 'load' 'store'> <Ports = 2> <Width = 8> <Depth = 320> <RAM>

State 87 <SV = 86> <Delay = 1.23>
ST_87 : Operation 677 [1/2] (1.23ns)   --->   "%x_load_455 = load i9 %x_addr_455"   --->   Operation 677 'load' 'x_load_455' <Predicate = true> <Delay = 1.23> <CoreInst = "RAM">   --->   Core 83 'RAM' <Latency = 1> <II = 1> <Delay = 1.23> <Storage> <Opcode : 'load' 'store'> <Ports = 2> <Width = 8> <Depth = 320> <RAM>
ST_87 : Operation 678 [1/2] (1.23ns)   --->   "%x_load_456 = load i9 %x_addr_456"   --->   Operation 678 'load' 'x_load_456' <Predicate = true> <Delay = 1.23> <CoreInst = "RAM">   --->   Core 83 'RAM' <Latency = 1> <II = 1> <Delay = 1.23> <Storage> <Opcode : 'load' 'store'> <Ports = 2> <Width = 8> <Depth = 320> <RAM>
ST_87 : Operation 679 [1/1] (0.00ns)   --->   "%x_addr_457 = getelementptr i8 %x, i64 0, i64 172"   --->   Operation 679 'getelementptr' 'x_addr_457' <Predicate = true> <Delay = 0.00>
ST_87 : Operation 680 [2/2] (1.23ns)   --->   "%x_load_457 = load i9 %x_addr_457"   --->   Operation 680 'load' 'x_load_457' <Predicate = true> <Delay = 1.23> <CoreInst = "RAM">   --->   Core 83 'RAM' <Latency = 1> <II = 1> <Delay = 1.23> <Storage> <Opcode : 'load' 'store'> <Ports = 2> <Width = 8> <Depth = 320> <RAM>
ST_87 : Operation 681 [1/1] (0.00ns)   --->   "%x_addr_458 = getelementptr i8 %x, i64 0, i64 173"   --->   Operation 681 'getelementptr' 'x_addr_458' <Predicate = true> <Delay = 0.00>
ST_87 : Operation 682 [2/2] (1.23ns)   --->   "%x_load_458 = load i9 %x_addr_458"   --->   Operation 682 'load' 'x_load_458' <Predicate = true> <Delay = 1.23> <CoreInst = "RAM">   --->   Core 83 'RAM' <Latency = 1> <II = 1> <Delay = 1.23> <Storage> <Opcode : 'load' 'store'> <Ports = 2> <Width = 8> <Depth = 320> <RAM>

State 88 <SV = 87> <Delay = 1.23>
ST_88 : Operation 683 [1/2] (1.23ns)   --->   "%x_load_457 = load i9 %x_addr_457"   --->   Operation 683 'load' 'x_load_457' <Predicate = true> <Delay = 1.23> <CoreInst = "RAM">   --->   Core 83 'RAM' <Latency = 1> <II = 1> <Delay = 1.23> <Storage> <Opcode : 'load' 'store'> <Ports = 2> <Width = 8> <Depth = 320> <RAM>
ST_88 : Operation 684 [1/2] (1.23ns)   --->   "%x_load_458 = load i9 %x_addr_458"   --->   Operation 684 'load' 'x_load_458' <Predicate = true> <Delay = 1.23> <CoreInst = "RAM">   --->   Core 83 'RAM' <Latency = 1> <II = 1> <Delay = 1.23> <Storage> <Opcode : 'load' 'store'> <Ports = 2> <Width = 8> <Depth = 320> <RAM>
ST_88 : Operation 685 [1/1] (0.00ns)   --->   "%x_addr_459 = getelementptr i8 %x, i64 0, i64 174"   --->   Operation 685 'getelementptr' 'x_addr_459' <Predicate = true> <Delay = 0.00>
ST_88 : Operation 686 [2/2] (1.23ns)   --->   "%x_load_459 = load i9 %x_addr_459"   --->   Operation 686 'load' 'x_load_459' <Predicate = true> <Delay = 1.23> <CoreInst = "RAM">   --->   Core 83 'RAM' <Latency = 1> <II = 1> <Delay = 1.23> <Storage> <Opcode : 'load' 'store'> <Ports = 2> <Width = 8> <Depth = 320> <RAM>
ST_88 : Operation 687 [1/1] (0.00ns)   --->   "%x_addr_460 = getelementptr i8 %x, i64 0, i64 175"   --->   Operation 687 'getelementptr' 'x_addr_460' <Predicate = true> <Delay = 0.00>
ST_88 : Operation 688 [2/2] (1.23ns)   --->   "%x_load_460 = load i9 %x_addr_460"   --->   Operation 688 'load' 'x_load_460' <Predicate = true> <Delay = 1.23> <CoreInst = "RAM">   --->   Core 83 'RAM' <Latency = 1> <II = 1> <Delay = 1.23> <Storage> <Opcode : 'load' 'store'> <Ports = 2> <Width = 8> <Depth = 320> <RAM>

State 89 <SV = 88> <Delay = 1.23>
ST_89 : Operation 689 [1/2] (1.23ns)   --->   "%x_load_459 = load i9 %x_addr_459"   --->   Operation 689 'load' 'x_load_459' <Predicate = true> <Delay = 1.23> <CoreInst = "RAM">   --->   Core 83 'RAM' <Latency = 1> <II = 1> <Delay = 1.23> <Storage> <Opcode : 'load' 'store'> <Ports = 2> <Width = 8> <Depth = 320> <RAM>
ST_89 : Operation 690 [1/2] (1.23ns)   --->   "%x_load_460 = load i9 %x_addr_460"   --->   Operation 690 'load' 'x_load_460' <Predicate = true> <Delay = 1.23> <CoreInst = "RAM">   --->   Core 83 'RAM' <Latency = 1> <II = 1> <Delay = 1.23> <Storage> <Opcode : 'load' 'store'> <Ports = 2> <Width = 8> <Depth = 320> <RAM>
ST_89 : Operation 691 [1/1] (0.00ns)   --->   "%x_addr_461 = getelementptr i8 %x, i64 0, i64 176"   --->   Operation 691 'getelementptr' 'x_addr_461' <Predicate = true> <Delay = 0.00>
ST_89 : Operation 692 [2/2] (1.23ns)   --->   "%x_load_461 = load i9 %x_addr_461"   --->   Operation 692 'load' 'x_load_461' <Predicate = true> <Delay = 1.23> <CoreInst = "RAM">   --->   Core 83 'RAM' <Latency = 1> <II = 1> <Delay = 1.23> <Storage> <Opcode : 'load' 'store'> <Ports = 2> <Width = 8> <Depth = 320> <RAM>
ST_89 : Operation 693 [1/1] (0.00ns)   --->   "%x_addr_462 = getelementptr i8 %x, i64 0, i64 177"   --->   Operation 693 'getelementptr' 'x_addr_462' <Predicate = true> <Delay = 0.00>
ST_89 : Operation 694 [2/2] (1.23ns)   --->   "%x_load_462 = load i9 %x_addr_462"   --->   Operation 694 'load' 'x_load_462' <Predicate = true> <Delay = 1.23> <CoreInst = "RAM">   --->   Core 83 'RAM' <Latency = 1> <II = 1> <Delay = 1.23> <Storage> <Opcode : 'load' 'store'> <Ports = 2> <Width = 8> <Depth = 320> <RAM>

State 90 <SV = 89> <Delay = 1.23>
ST_90 : Operation 695 [1/2] (1.23ns)   --->   "%x_load_461 = load i9 %x_addr_461"   --->   Operation 695 'load' 'x_load_461' <Predicate = true> <Delay = 1.23> <CoreInst = "RAM">   --->   Core 83 'RAM' <Latency = 1> <II = 1> <Delay = 1.23> <Storage> <Opcode : 'load' 'store'> <Ports = 2> <Width = 8> <Depth = 320> <RAM>
ST_90 : Operation 696 [1/2] (1.23ns)   --->   "%x_load_462 = load i9 %x_addr_462"   --->   Operation 696 'load' 'x_load_462' <Predicate = true> <Delay = 1.23> <CoreInst = "RAM">   --->   Core 83 'RAM' <Latency = 1> <II = 1> <Delay = 1.23> <Storage> <Opcode : 'load' 'store'> <Ports = 2> <Width = 8> <Depth = 320> <RAM>
ST_90 : Operation 697 [1/1] (0.00ns)   --->   "%x_addr_463 = getelementptr i8 %x, i64 0, i64 178"   --->   Operation 697 'getelementptr' 'x_addr_463' <Predicate = true> <Delay = 0.00>
ST_90 : Operation 698 [2/2] (1.23ns)   --->   "%x_load_463 = load i9 %x_addr_463"   --->   Operation 698 'load' 'x_load_463' <Predicate = true> <Delay = 1.23> <CoreInst = "RAM">   --->   Core 83 'RAM' <Latency = 1> <II = 1> <Delay = 1.23> <Storage> <Opcode : 'load' 'store'> <Ports = 2> <Width = 8> <Depth = 320> <RAM>
ST_90 : Operation 699 [1/1] (0.00ns)   --->   "%x_addr_464 = getelementptr i8 %x, i64 0, i64 179"   --->   Operation 699 'getelementptr' 'x_addr_464' <Predicate = true> <Delay = 0.00>
ST_90 : Operation 700 [2/2] (1.23ns)   --->   "%x_load_464 = load i9 %x_addr_464"   --->   Operation 700 'load' 'x_load_464' <Predicate = true> <Delay = 1.23> <CoreInst = "RAM">   --->   Core 83 'RAM' <Latency = 1> <II = 1> <Delay = 1.23> <Storage> <Opcode : 'load' 'store'> <Ports = 2> <Width = 8> <Depth = 320> <RAM>

State 91 <SV = 90> <Delay = 1.23>
ST_91 : Operation 701 [1/2] (1.23ns)   --->   "%x_load_463 = load i9 %x_addr_463"   --->   Operation 701 'load' 'x_load_463' <Predicate = true> <Delay = 1.23> <CoreInst = "RAM">   --->   Core 83 'RAM' <Latency = 1> <II = 1> <Delay = 1.23> <Storage> <Opcode : 'load' 'store'> <Ports = 2> <Width = 8> <Depth = 320> <RAM>
ST_91 : Operation 702 [1/2] (1.23ns)   --->   "%x_load_464 = load i9 %x_addr_464"   --->   Operation 702 'load' 'x_load_464' <Predicate = true> <Delay = 1.23> <CoreInst = "RAM">   --->   Core 83 'RAM' <Latency = 1> <II = 1> <Delay = 1.23> <Storage> <Opcode : 'load' 'store'> <Ports = 2> <Width = 8> <Depth = 320> <RAM>
ST_91 : Operation 703 [1/1] (0.00ns)   --->   "%x_addr_465 = getelementptr i8 %x, i64 0, i64 180"   --->   Operation 703 'getelementptr' 'x_addr_465' <Predicate = true> <Delay = 0.00>
ST_91 : Operation 704 [2/2] (1.23ns)   --->   "%x_load_465 = load i9 %x_addr_465"   --->   Operation 704 'load' 'x_load_465' <Predicate = true> <Delay = 1.23> <CoreInst = "RAM">   --->   Core 83 'RAM' <Latency = 1> <II = 1> <Delay = 1.23> <Storage> <Opcode : 'load' 'store'> <Ports = 2> <Width = 8> <Depth = 320> <RAM>
ST_91 : Operation 705 [1/1] (0.00ns)   --->   "%x_addr_466 = getelementptr i8 %x, i64 0, i64 181"   --->   Operation 705 'getelementptr' 'x_addr_466' <Predicate = true> <Delay = 0.00>
ST_91 : Operation 706 [2/2] (1.23ns)   --->   "%x_load_466 = load i9 %x_addr_466"   --->   Operation 706 'load' 'x_load_466' <Predicate = true> <Delay = 1.23> <CoreInst = "RAM">   --->   Core 83 'RAM' <Latency = 1> <II = 1> <Delay = 1.23> <Storage> <Opcode : 'load' 'store'> <Ports = 2> <Width = 8> <Depth = 320> <RAM>

State 92 <SV = 91> <Delay = 1.23>
ST_92 : Operation 707 [1/2] (1.23ns)   --->   "%x_load_465 = load i9 %x_addr_465"   --->   Operation 707 'load' 'x_load_465' <Predicate = true> <Delay = 1.23> <CoreInst = "RAM">   --->   Core 83 'RAM' <Latency = 1> <II = 1> <Delay = 1.23> <Storage> <Opcode : 'load' 'store'> <Ports = 2> <Width = 8> <Depth = 320> <RAM>
ST_92 : Operation 708 [1/2] (1.23ns)   --->   "%x_load_466 = load i9 %x_addr_466"   --->   Operation 708 'load' 'x_load_466' <Predicate = true> <Delay = 1.23> <CoreInst = "RAM">   --->   Core 83 'RAM' <Latency = 1> <II = 1> <Delay = 1.23> <Storage> <Opcode : 'load' 'store'> <Ports = 2> <Width = 8> <Depth = 320> <RAM>
ST_92 : Operation 709 [1/1] (0.00ns)   --->   "%x_addr_467 = getelementptr i8 %x, i64 0, i64 182"   --->   Operation 709 'getelementptr' 'x_addr_467' <Predicate = true> <Delay = 0.00>
ST_92 : Operation 710 [2/2] (1.23ns)   --->   "%x_load_467 = load i9 %x_addr_467"   --->   Operation 710 'load' 'x_load_467' <Predicate = true> <Delay = 1.23> <CoreInst = "RAM">   --->   Core 83 'RAM' <Latency = 1> <II = 1> <Delay = 1.23> <Storage> <Opcode : 'load' 'store'> <Ports = 2> <Width = 8> <Depth = 320> <RAM>
ST_92 : Operation 711 [1/1] (0.00ns)   --->   "%x_addr_468 = getelementptr i8 %x, i64 0, i64 183"   --->   Operation 711 'getelementptr' 'x_addr_468' <Predicate = true> <Delay = 0.00>
ST_92 : Operation 712 [2/2] (1.23ns)   --->   "%x_load_468 = load i9 %x_addr_468"   --->   Operation 712 'load' 'x_load_468' <Predicate = true> <Delay = 1.23> <CoreInst = "RAM">   --->   Core 83 'RAM' <Latency = 1> <II = 1> <Delay = 1.23> <Storage> <Opcode : 'load' 'store'> <Ports = 2> <Width = 8> <Depth = 320> <RAM>

State 93 <SV = 92> <Delay = 1.23>
ST_93 : Operation 713 [1/2] (1.23ns)   --->   "%x_load_467 = load i9 %x_addr_467"   --->   Operation 713 'load' 'x_load_467' <Predicate = true> <Delay = 1.23> <CoreInst = "RAM">   --->   Core 83 'RAM' <Latency = 1> <II = 1> <Delay = 1.23> <Storage> <Opcode : 'load' 'store'> <Ports = 2> <Width = 8> <Depth = 320> <RAM>
ST_93 : Operation 714 [1/2] (1.23ns)   --->   "%x_load_468 = load i9 %x_addr_468"   --->   Operation 714 'load' 'x_load_468' <Predicate = true> <Delay = 1.23> <CoreInst = "RAM">   --->   Core 83 'RAM' <Latency = 1> <II = 1> <Delay = 1.23> <Storage> <Opcode : 'load' 'store'> <Ports = 2> <Width = 8> <Depth = 320> <RAM>
ST_93 : Operation 715 [1/1] (0.00ns)   --->   "%x_addr_469 = getelementptr i8 %x, i64 0, i64 184"   --->   Operation 715 'getelementptr' 'x_addr_469' <Predicate = true> <Delay = 0.00>
ST_93 : Operation 716 [2/2] (1.23ns)   --->   "%x_load_469 = load i9 %x_addr_469"   --->   Operation 716 'load' 'x_load_469' <Predicate = true> <Delay = 1.23> <CoreInst = "RAM">   --->   Core 83 'RAM' <Latency = 1> <II = 1> <Delay = 1.23> <Storage> <Opcode : 'load' 'store'> <Ports = 2> <Width = 8> <Depth = 320> <RAM>
ST_93 : Operation 717 [1/1] (0.00ns)   --->   "%x_addr_470 = getelementptr i8 %x, i64 0, i64 185"   --->   Operation 717 'getelementptr' 'x_addr_470' <Predicate = true> <Delay = 0.00>
ST_93 : Operation 718 [2/2] (1.23ns)   --->   "%x_load_470 = load i9 %x_addr_470"   --->   Operation 718 'load' 'x_load_470' <Predicate = true> <Delay = 1.23> <CoreInst = "RAM">   --->   Core 83 'RAM' <Latency = 1> <II = 1> <Delay = 1.23> <Storage> <Opcode : 'load' 'store'> <Ports = 2> <Width = 8> <Depth = 320> <RAM>

State 94 <SV = 93> <Delay = 1.23>
ST_94 : Operation 719 [1/2] (1.23ns)   --->   "%x_load_469 = load i9 %x_addr_469"   --->   Operation 719 'load' 'x_load_469' <Predicate = true> <Delay = 1.23> <CoreInst = "RAM">   --->   Core 83 'RAM' <Latency = 1> <II = 1> <Delay = 1.23> <Storage> <Opcode : 'load' 'store'> <Ports = 2> <Width = 8> <Depth = 320> <RAM>
ST_94 : Operation 720 [1/2] (1.23ns)   --->   "%x_load_470 = load i9 %x_addr_470"   --->   Operation 720 'load' 'x_load_470' <Predicate = true> <Delay = 1.23> <CoreInst = "RAM">   --->   Core 83 'RAM' <Latency = 1> <II = 1> <Delay = 1.23> <Storage> <Opcode : 'load' 'store'> <Ports = 2> <Width = 8> <Depth = 320> <RAM>
ST_94 : Operation 721 [1/1] (0.00ns)   --->   "%x_addr_471 = getelementptr i8 %x, i64 0, i64 186"   --->   Operation 721 'getelementptr' 'x_addr_471' <Predicate = true> <Delay = 0.00>
ST_94 : Operation 722 [2/2] (1.23ns)   --->   "%x_load_471 = load i9 %x_addr_471"   --->   Operation 722 'load' 'x_load_471' <Predicate = true> <Delay = 1.23> <CoreInst = "RAM">   --->   Core 83 'RAM' <Latency = 1> <II = 1> <Delay = 1.23> <Storage> <Opcode : 'load' 'store'> <Ports = 2> <Width = 8> <Depth = 320> <RAM>
ST_94 : Operation 723 [1/1] (0.00ns)   --->   "%x_addr_472 = getelementptr i8 %x, i64 0, i64 187"   --->   Operation 723 'getelementptr' 'x_addr_472' <Predicate = true> <Delay = 0.00>
ST_94 : Operation 724 [2/2] (1.23ns)   --->   "%x_load_472 = load i9 %x_addr_472"   --->   Operation 724 'load' 'x_load_472' <Predicate = true> <Delay = 1.23> <CoreInst = "RAM">   --->   Core 83 'RAM' <Latency = 1> <II = 1> <Delay = 1.23> <Storage> <Opcode : 'load' 'store'> <Ports = 2> <Width = 8> <Depth = 320> <RAM>

State 95 <SV = 94> <Delay = 1.23>
ST_95 : Operation 725 [1/2] (1.23ns)   --->   "%x_load_471 = load i9 %x_addr_471"   --->   Operation 725 'load' 'x_load_471' <Predicate = true> <Delay = 1.23> <CoreInst = "RAM">   --->   Core 83 'RAM' <Latency = 1> <II = 1> <Delay = 1.23> <Storage> <Opcode : 'load' 'store'> <Ports = 2> <Width = 8> <Depth = 320> <RAM>
ST_95 : Operation 726 [1/2] (1.23ns)   --->   "%x_load_472 = load i9 %x_addr_472"   --->   Operation 726 'load' 'x_load_472' <Predicate = true> <Delay = 1.23> <CoreInst = "RAM">   --->   Core 83 'RAM' <Latency = 1> <II = 1> <Delay = 1.23> <Storage> <Opcode : 'load' 'store'> <Ports = 2> <Width = 8> <Depth = 320> <RAM>
ST_95 : Operation 727 [1/1] (0.00ns)   --->   "%x_addr_473 = getelementptr i8 %x, i64 0, i64 188"   --->   Operation 727 'getelementptr' 'x_addr_473' <Predicate = true> <Delay = 0.00>
ST_95 : Operation 728 [2/2] (1.23ns)   --->   "%x_load_473 = load i9 %x_addr_473"   --->   Operation 728 'load' 'x_load_473' <Predicate = true> <Delay = 1.23> <CoreInst = "RAM">   --->   Core 83 'RAM' <Latency = 1> <II = 1> <Delay = 1.23> <Storage> <Opcode : 'load' 'store'> <Ports = 2> <Width = 8> <Depth = 320> <RAM>
ST_95 : Operation 729 [1/1] (0.00ns)   --->   "%x_addr_474 = getelementptr i8 %x, i64 0, i64 189"   --->   Operation 729 'getelementptr' 'x_addr_474' <Predicate = true> <Delay = 0.00>
ST_95 : Operation 730 [2/2] (1.23ns)   --->   "%x_load_474 = load i9 %x_addr_474"   --->   Operation 730 'load' 'x_load_474' <Predicate = true> <Delay = 1.23> <CoreInst = "RAM">   --->   Core 83 'RAM' <Latency = 1> <II = 1> <Delay = 1.23> <Storage> <Opcode : 'load' 'store'> <Ports = 2> <Width = 8> <Depth = 320> <RAM>

State 96 <SV = 95> <Delay = 1.23>
ST_96 : Operation 731 [1/2] (1.23ns)   --->   "%x_load_473 = load i9 %x_addr_473"   --->   Operation 731 'load' 'x_load_473' <Predicate = true> <Delay = 1.23> <CoreInst = "RAM">   --->   Core 83 'RAM' <Latency = 1> <II = 1> <Delay = 1.23> <Storage> <Opcode : 'load' 'store'> <Ports = 2> <Width = 8> <Depth = 320> <RAM>
ST_96 : Operation 732 [1/2] (1.23ns)   --->   "%x_load_474 = load i9 %x_addr_474"   --->   Operation 732 'load' 'x_load_474' <Predicate = true> <Delay = 1.23> <CoreInst = "RAM">   --->   Core 83 'RAM' <Latency = 1> <II = 1> <Delay = 1.23> <Storage> <Opcode : 'load' 'store'> <Ports = 2> <Width = 8> <Depth = 320> <RAM>
ST_96 : Operation 733 [1/1] (0.00ns)   --->   "%x_addr_475 = getelementptr i8 %x, i64 0, i64 190"   --->   Operation 733 'getelementptr' 'x_addr_475' <Predicate = true> <Delay = 0.00>
ST_96 : Operation 734 [2/2] (1.23ns)   --->   "%x_load_475 = load i9 %x_addr_475"   --->   Operation 734 'load' 'x_load_475' <Predicate = true> <Delay = 1.23> <CoreInst = "RAM">   --->   Core 83 'RAM' <Latency = 1> <II = 1> <Delay = 1.23> <Storage> <Opcode : 'load' 'store'> <Ports = 2> <Width = 8> <Depth = 320> <RAM>
ST_96 : Operation 735 [1/1] (0.00ns)   --->   "%x_addr_476 = getelementptr i8 %x, i64 0, i64 191"   --->   Operation 735 'getelementptr' 'x_addr_476' <Predicate = true> <Delay = 0.00>
ST_96 : Operation 736 [2/2] (1.23ns)   --->   "%x_load_476 = load i9 %x_addr_476"   --->   Operation 736 'load' 'x_load_476' <Predicate = true> <Delay = 1.23> <CoreInst = "RAM">   --->   Core 83 'RAM' <Latency = 1> <II = 1> <Delay = 1.23> <Storage> <Opcode : 'load' 'store'> <Ports = 2> <Width = 8> <Depth = 320> <RAM>

State 97 <SV = 96> <Delay = 1.23>
ST_97 : Operation 737 [1/2] (1.23ns)   --->   "%x_load_475 = load i9 %x_addr_475"   --->   Operation 737 'load' 'x_load_475' <Predicate = true> <Delay = 1.23> <CoreInst = "RAM">   --->   Core 83 'RAM' <Latency = 1> <II = 1> <Delay = 1.23> <Storage> <Opcode : 'load' 'store'> <Ports = 2> <Width = 8> <Depth = 320> <RAM>
ST_97 : Operation 738 [1/2] (1.23ns)   --->   "%x_load_476 = load i9 %x_addr_476"   --->   Operation 738 'load' 'x_load_476' <Predicate = true> <Delay = 1.23> <CoreInst = "RAM">   --->   Core 83 'RAM' <Latency = 1> <II = 1> <Delay = 1.23> <Storage> <Opcode : 'load' 'store'> <Ports = 2> <Width = 8> <Depth = 320> <RAM>
ST_97 : Operation 739 [1/1] (0.00ns)   --->   "%x_addr_477 = getelementptr i8 %x, i64 0, i64 192"   --->   Operation 739 'getelementptr' 'x_addr_477' <Predicate = true> <Delay = 0.00>
ST_97 : Operation 740 [2/2] (1.23ns)   --->   "%x_load_477 = load i9 %x_addr_477"   --->   Operation 740 'load' 'x_load_477' <Predicate = true> <Delay = 1.23> <CoreInst = "RAM">   --->   Core 83 'RAM' <Latency = 1> <II = 1> <Delay = 1.23> <Storage> <Opcode : 'load' 'store'> <Ports = 2> <Width = 8> <Depth = 320> <RAM>
ST_97 : Operation 741 [1/1] (0.00ns)   --->   "%x_addr_478 = getelementptr i8 %x, i64 0, i64 193"   --->   Operation 741 'getelementptr' 'x_addr_478' <Predicate = true> <Delay = 0.00>
ST_97 : Operation 742 [2/2] (1.23ns)   --->   "%x_load_478 = load i9 %x_addr_478"   --->   Operation 742 'load' 'x_load_478' <Predicate = true> <Delay = 1.23> <CoreInst = "RAM">   --->   Core 83 'RAM' <Latency = 1> <II = 1> <Delay = 1.23> <Storage> <Opcode : 'load' 'store'> <Ports = 2> <Width = 8> <Depth = 320> <RAM>

State 98 <SV = 97> <Delay = 1.23>
ST_98 : Operation 743 [1/2] (1.23ns)   --->   "%x_load_477 = load i9 %x_addr_477"   --->   Operation 743 'load' 'x_load_477' <Predicate = true> <Delay = 1.23> <CoreInst = "RAM">   --->   Core 83 'RAM' <Latency = 1> <II = 1> <Delay = 1.23> <Storage> <Opcode : 'load' 'store'> <Ports = 2> <Width = 8> <Depth = 320> <RAM>
ST_98 : Operation 744 [1/2] (1.23ns)   --->   "%x_load_478 = load i9 %x_addr_478"   --->   Operation 744 'load' 'x_load_478' <Predicate = true> <Delay = 1.23> <CoreInst = "RAM">   --->   Core 83 'RAM' <Latency = 1> <II = 1> <Delay = 1.23> <Storage> <Opcode : 'load' 'store'> <Ports = 2> <Width = 8> <Depth = 320> <RAM>
ST_98 : Operation 745 [1/1] (0.00ns)   --->   "%x_addr_479 = getelementptr i8 %x, i64 0, i64 194"   --->   Operation 745 'getelementptr' 'x_addr_479' <Predicate = true> <Delay = 0.00>
ST_98 : Operation 746 [2/2] (1.23ns)   --->   "%x_load_479 = load i9 %x_addr_479"   --->   Operation 746 'load' 'x_load_479' <Predicate = true> <Delay = 1.23> <CoreInst = "RAM">   --->   Core 83 'RAM' <Latency = 1> <II = 1> <Delay = 1.23> <Storage> <Opcode : 'load' 'store'> <Ports = 2> <Width = 8> <Depth = 320> <RAM>
ST_98 : Operation 747 [1/1] (0.00ns)   --->   "%x_addr_480 = getelementptr i8 %x, i64 0, i64 195"   --->   Operation 747 'getelementptr' 'x_addr_480' <Predicate = true> <Delay = 0.00>
ST_98 : Operation 748 [2/2] (1.23ns)   --->   "%x_load_480 = load i9 %x_addr_480"   --->   Operation 748 'load' 'x_load_480' <Predicate = true> <Delay = 1.23> <CoreInst = "RAM">   --->   Core 83 'RAM' <Latency = 1> <II = 1> <Delay = 1.23> <Storage> <Opcode : 'load' 'store'> <Ports = 2> <Width = 8> <Depth = 320> <RAM>

State 99 <SV = 98> <Delay = 1.23>
ST_99 : Operation 749 [1/2] (1.23ns)   --->   "%x_load_479 = load i9 %x_addr_479"   --->   Operation 749 'load' 'x_load_479' <Predicate = true> <Delay = 1.23> <CoreInst = "RAM">   --->   Core 83 'RAM' <Latency = 1> <II = 1> <Delay = 1.23> <Storage> <Opcode : 'load' 'store'> <Ports = 2> <Width = 8> <Depth = 320> <RAM>
ST_99 : Operation 750 [1/2] (1.23ns)   --->   "%x_load_480 = load i9 %x_addr_480"   --->   Operation 750 'load' 'x_load_480' <Predicate = true> <Delay = 1.23> <CoreInst = "RAM">   --->   Core 83 'RAM' <Latency = 1> <II = 1> <Delay = 1.23> <Storage> <Opcode : 'load' 'store'> <Ports = 2> <Width = 8> <Depth = 320> <RAM>
ST_99 : Operation 751 [1/1] (0.00ns)   --->   "%x_addr_481 = getelementptr i8 %x, i64 0, i64 196"   --->   Operation 751 'getelementptr' 'x_addr_481' <Predicate = true> <Delay = 0.00>
ST_99 : Operation 752 [2/2] (1.23ns)   --->   "%x_load_481 = load i9 %x_addr_481"   --->   Operation 752 'load' 'x_load_481' <Predicate = true> <Delay = 1.23> <CoreInst = "RAM">   --->   Core 83 'RAM' <Latency = 1> <II = 1> <Delay = 1.23> <Storage> <Opcode : 'load' 'store'> <Ports = 2> <Width = 8> <Depth = 320> <RAM>
ST_99 : Operation 753 [1/1] (0.00ns)   --->   "%x_addr_482 = getelementptr i8 %x, i64 0, i64 197"   --->   Operation 753 'getelementptr' 'x_addr_482' <Predicate = true> <Delay = 0.00>
ST_99 : Operation 754 [2/2] (1.23ns)   --->   "%x_load_482 = load i9 %x_addr_482"   --->   Operation 754 'load' 'x_load_482' <Predicate = true> <Delay = 1.23> <CoreInst = "RAM">   --->   Core 83 'RAM' <Latency = 1> <II = 1> <Delay = 1.23> <Storage> <Opcode : 'load' 'store'> <Ports = 2> <Width = 8> <Depth = 320> <RAM>

State 100 <SV = 99> <Delay = 1.23>
ST_100 : Operation 755 [1/2] (1.23ns)   --->   "%x_load_481 = load i9 %x_addr_481"   --->   Operation 755 'load' 'x_load_481' <Predicate = true> <Delay = 1.23> <CoreInst = "RAM">   --->   Core 83 'RAM' <Latency = 1> <II = 1> <Delay = 1.23> <Storage> <Opcode : 'load' 'store'> <Ports = 2> <Width = 8> <Depth = 320> <RAM>
ST_100 : Operation 756 [1/2] (1.23ns)   --->   "%x_load_482 = load i9 %x_addr_482"   --->   Operation 756 'load' 'x_load_482' <Predicate = true> <Delay = 1.23> <CoreInst = "RAM">   --->   Core 83 'RAM' <Latency = 1> <II = 1> <Delay = 1.23> <Storage> <Opcode : 'load' 'store'> <Ports = 2> <Width = 8> <Depth = 320> <RAM>
ST_100 : Operation 757 [1/1] (0.00ns)   --->   "%x_addr_483 = getelementptr i8 %x, i64 0, i64 198"   --->   Operation 757 'getelementptr' 'x_addr_483' <Predicate = true> <Delay = 0.00>
ST_100 : Operation 758 [2/2] (1.23ns)   --->   "%x_load_483 = load i9 %x_addr_483"   --->   Operation 758 'load' 'x_load_483' <Predicate = true> <Delay = 1.23> <CoreInst = "RAM">   --->   Core 83 'RAM' <Latency = 1> <II = 1> <Delay = 1.23> <Storage> <Opcode : 'load' 'store'> <Ports = 2> <Width = 8> <Depth = 320> <RAM>
ST_100 : Operation 759 [1/1] (0.00ns)   --->   "%x_addr_484 = getelementptr i8 %x, i64 0, i64 199"   --->   Operation 759 'getelementptr' 'x_addr_484' <Predicate = true> <Delay = 0.00>
ST_100 : Operation 760 [2/2] (1.23ns)   --->   "%x_load_484 = load i9 %x_addr_484"   --->   Operation 760 'load' 'x_load_484' <Predicate = true> <Delay = 1.23> <CoreInst = "RAM">   --->   Core 83 'RAM' <Latency = 1> <II = 1> <Delay = 1.23> <Storage> <Opcode : 'load' 'store'> <Ports = 2> <Width = 8> <Depth = 320> <RAM>

State 101 <SV = 100> <Delay = 1.23>
ST_101 : Operation 761 [1/2] (1.23ns)   --->   "%x_load_483 = load i9 %x_addr_483"   --->   Operation 761 'load' 'x_load_483' <Predicate = true> <Delay = 1.23> <CoreInst = "RAM">   --->   Core 83 'RAM' <Latency = 1> <II = 1> <Delay = 1.23> <Storage> <Opcode : 'load' 'store'> <Ports = 2> <Width = 8> <Depth = 320> <RAM>
ST_101 : Operation 762 [1/2] (1.23ns)   --->   "%x_load_484 = load i9 %x_addr_484"   --->   Operation 762 'load' 'x_load_484' <Predicate = true> <Delay = 1.23> <CoreInst = "RAM">   --->   Core 83 'RAM' <Latency = 1> <II = 1> <Delay = 1.23> <Storage> <Opcode : 'load' 'store'> <Ports = 2> <Width = 8> <Depth = 320> <RAM>
ST_101 : Operation 763 [1/1] (0.00ns)   --->   "%x_addr_485 = getelementptr i8 %x, i64 0, i64 200"   --->   Operation 763 'getelementptr' 'x_addr_485' <Predicate = true> <Delay = 0.00>
ST_101 : Operation 764 [2/2] (1.23ns)   --->   "%x_load_485 = load i9 %x_addr_485"   --->   Operation 764 'load' 'x_load_485' <Predicate = true> <Delay = 1.23> <CoreInst = "RAM">   --->   Core 83 'RAM' <Latency = 1> <II = 1> <Delay = 1.23> <Storage> <Opcode : 'load' 'store'> <Ports = 2> <Width = 8> <Depth = 320> <RAM>
ST_101 : Operation 765 [1/1] (0.00ns)   --->   "%x_addr_486 = getelementptr i8 %x, i64 0, i64 201"   --->   Operation 765 'getelementptr' 'x_addr_486' <Predicate = true> <Delay = 0.00>
ST_101 : Operation 766 [2/2] (1.23ns)   --->   "%x_load_486 = load i9 %x_addr_486"   --->   Operation 766 'load' 'x_load_486' <Predicate = true> <Delay = 1.23> <CoreInst = "RAM">   --->   Core 83 'RAM' <Latency = 1> <II = 1> <Delay = 1.23> <Storage> <Opcode : 'load' 'store'> <Ports = 2> <Width = 8> <Depth = 320> <RAM>

State 102 <SV = 101> <Delay = 1.23>
ST_102 : Operation 767 [1/2] (1.23ns)   --->   "%x_load_485 = load i9 %x_addr_485"   --->   Operation 767 'load' 'x_load_485' <Predicate = true> <Delay = 1.23> <CoreInst = "RAM">   --->   Core 83 'RAM' <Latency = 1> <II = 1> <Delay = 1.23> <Storage> <Opcode : 'load' 'store'> <Ports = 2> <Width = 8> <Depth = 320> <RAM>
ST_102 : Operation 768 [1/2] (1.23ns)   --->   "%x_load_486 = load i9 %x_addr_486"   --->   Operation 768 'load' 'x_load_486' <Predicate = true> <Delay = 1.23> <CoreInst = "RAM">   --->   Core 83 'RAM' <Latency = 1> <II = 1> <Delay = 1.23> <Storage> <Opcode : 'load' 'store'> <Ports = 2> <Width = 8> <Depth = 320> <RAM>
ST_102 : Operation 769 [1/1] (0.00ns)   --->   "%x_addr_487 = getelementptr i8 %x, i64 0, i64 202"   --->   Operation 769 'getelementptr' 'x_addr_487' <Predicate = true> <Delay = 0.00>
ST_102 : Operation 770 [2/2] (1.23ns)   --->   "%x_load_487 = load i9 %x_addr_487"   --->   Operation 770 'load' 'x_load_487' <Predicate = true> <Delay = 1.23> <CoreInst = "RAM">   --->   Core 83 'RAM' <Latency = 1> <II = 1> <Delay = 1.23> <Storage> <Opcode : 'load' 'store'> <Ports = 2> <Width = 8> <Depth = 320> <RAM>
ST_102 : Operation 771 [1/1] (0.00ns)   --->   "%x_addr_488 = getelementptr i8 %x, i64 0, i64 203"   --->   Operation 771 'getelementptr' 'x_addr_488' <Predicate = true> <Delay = 0.00>
ST_102 : Operation 772 [2/2] (1.23ns)   --->   "%x_load_488 = load i9 %x_addr_488"   --->   Operation 772 'load' 'x_load_488' <Predicate = true> <Delay = 1.23> <CoreInst = "RAM">   --->   Core 83 'RAM' <Latency = 1> <II = 1> <Delay = 1.23> <Storage> <Opcode : 'load' 'store'> <Ports = 2> <Width = 8> <Depth = 320> <RAM>

State 103 <SV = 102> <Delay = 1.23>
ST_103 : Operation 773 [1/2] (1.23ns)   --->   "%x_load_487 = load i9 %x_addr_487"   --->   Operation 773 'load' 'x_load_487' <Predicate = true> <Delay = 1.23> <CoreInst = "RAM">   --->   Core 83 'RAM' <Latency = 1> <II = 1> <Delay = 1.23> <Storage> <Opcode : 'load' 'store'> <Ports = 2> <Width = 8> <Depth = 320> <RAM>
ST_103 : Operation 774 [1/2] (1.23ns)   --->   "%x_load_488 = load i9 %x_addr_488"   --->   Operation 774 'load' 'x_load_488' <Predicate = true> <Delay = 1.23> <CoreInst = "RAM">   --->   Core 83 'RAM' <Latency = 1> <II = 1> <Delay = 1.23> <Storage> <Opcode : 'load' 'store'> <Ports = 2> <Width = 8> <Depth = 320> <RAM>
ST_103 : Operation 775 [1/1] (0.00ns)   --->   "%x_addr_489 = getelementptr i8 %x, i64 0, i64 204"   --->   Operation 775 'getelementptr' 'x_addr_489' <Predicate = true> <Delay = 0.00>
ST_103 : Operation 776 [2/2] (1.23ns)   --->   "%x_load_489 = load i9 %x_addr_489"   --->   Operation 776 'load' 'x_load_489' <Predicate = true> <Delay = 1.23> <CoreInst = "RAM">   --->   Core 83 'RAM' <Latency = 1> <II = 1> <Delay = 1.23> <Storage> <Opcode : 'load' 'store'> <Ports = 2> <Width = 8> <Depth = 320> <RAM>
ST_103 : Operation 777 [1/1] (0.00ns)   --->   "%x_addr_490 = getelementptr i8 %x, i64 0, i64 205"   --->   Operation 777 'getelementptr' 'x_addr_490' <Predicate = true> <Delay = 0.00>
ST_103 : Operation 778 [2/2] (1.23ns)   --->   "%x_load_490 = load i9 %x_addr_490"   --->   Operation 778 'load' 'x_load_490' <Predicate = true> <Delay = 1.23> <CoreInst = "RAM">   --->   Core 83 'RAM' <Latency = 1> <II = 1> <Delay = 1.23> <Storage> <Opcode : 'load' 'store'> <Ports = 2> <Width = 8> <Depth = 320> <RAM>

State 104 <SV = 103> <Delay = 1.23>
ST_104 : Operation 779 [1/2] (1.23ns)   --->   "%x_load_489 = load i9 %x_addr_489"   --->   Operation 779 'load' 'x_load_489' <Predicate = true> <Delay = 1.23> <CoreInst = "RAM">   --->   Core 83 'RAM' <Latency = 1> <II = 1> <Delay = 1.23> <Storage> <Opcode : 'load' 'store'> <Ports = 2> <Width = 8> <Depth = 320> <RAM>
ST_104 : Operation 780 [1/2] (1.23ns)   --->   "%x_load_490 = load i9 %x_addr_490"   --->   Operation 780 'load' 'x_load_490' <Predicate = true> <Delay = 1.23> <CoreInst = "RAM">   --->   Core 83 'RAM' <Latency = 1> <II = 1> <Delay = 1.23> <Storage> <Opcode : 'load' 'store'> <Ports = 2> <Width = 8> <Depth = 320> <RAM>
ST_104 : Operation 781 [1/1] (0.00ns)   --->   "%x_addr_491 = getelementptr i8 %x, i64 0, i64 206"   --->   Operation 781 'getelementptr' 'x_addr_491' <Predicate = true> <Delay = 0.00>
ST_104 : Operation 782 [2/2] (1.23ns)   --->   "%x_load_491 = load i9 %x_addr_491"   --->   Operation 782 'load' 'x_load_491' <Predicate = true> <Delay = 1.23> <CoreInst = "RAM">   --->   Core 83 'RAM' <Latency = 1> <II = 1> <Delay = 1.23> <Storage> <Opcode : 'load' 'store'> <Ports = 2> <Width = 8> <Depth = 320> <RAM>
ST_104 : Operation 783 [1/1] (0.00ns)   --->   "%x_addr_492 = getelementptr i8 %x, i64 0, i64 207"   --->   Operation 783 'getelementptr' 'x_addr_492' <Predicate = true> <Delay = 0.00>
ST_104 : Operation 784 [2/2] (1.23ns)   --->   "%x_load_492 = load i9 %x_addr_492"   --->   Operation 784 'load' 'x_load_492' <Predicate = true> <Delay = 1.23> <CoreInst = "RAM">   --->   Core 83 'RAM' <Latency = 1> <II = 1> <Delay = 1.23> <Storage> <Opcode : 'load' 'store'> <Ports = 2> <Width = 8> <Depth = 320> <RAM>

State 105 <SV = 104> <Delay = 1.23>
ST_105 : Operation 785 [1/2] (1.23ns)   --->   "%x_load_491 = load i9 %x_addr_491"   --->   Operation 785 'load' 'x_load_491' <Predicate = true> <Delay = 1.23> <CoreInst = "RAM">   --->   Core 83 'RAM' <Latency = 1> <II = 1> <Delay = 1.23> <Storage> <Opcode : 'load' 'store'> <Ports = 2> <Width = 8> <Depth = 320> <RAM>
ST_105 : Operation 786 [1/2] (1.23ns)   --->   "%x_load_492 = load i9 %x_addr_492"   --->   Operation 786 'load' 'x_load_492' <Predicate = true> <Delay = 1.23> <CoreInst = "RAM">   --->   Core 83 'RAM' <Latency = 1> <II = 1> <Delay = 1.23> <Storage> <Opcode : 'load' 'store'> <Ports = 2> <Width = 8> <Depth = 320> <RAM>
ST_105 : Operation 787 [1/1] (0.00ns)   --->   "%x_addr_493 = getelementptr i8 %x, i64 0, i64 208"   --->   Operation 787 'getelementptr' 'x_addr_493' <Predicate = true> <Delay = 0.00>
ST_105 : Operation 788 [2/2] (1.23ns)   --->   "%x_load_493 = load i9 %x_addr_493"   --->   Operation 788 'load' 'x_load_493' <Predicate = true> <Delay = 1.23> <CoreInst = "RAM">   --->   Core 83 'RAM' <Latency = 1> <II = 1> <Delay = 1.23> <Storage> <Opcode : 'load' 'store'> <Ports = 2> <Width = 8> <Depth = 320> <RAM>
ST_105 : Operation 789 [1/1] (0.00ns)   --->   "%x_addr_494 = getelementptr i8 %x, i64 0, i64 209"   --->   Operation 789 'getelementptr' 'x_addr_494' <Predicate = true> <Delay = 0.00>
ST_105 : Operation 790 [2/2] (1.23ns)   --->   "%x_load_494 = load i9 %x_addr_494"   --->   Operation 790 'load' 'x_load_494' <Predicate = true> <Delay = 1.23> <CoreInst = "RAM">   --->   Core 83 'RAM' <Latency = 1> <II = 1> <Delay = 1.23> <Storage> <Opcode : 'load' 'store'> <Ports = 2> <Width = 8> <Depth = 320> <RAM>

State 106 <SV = 105> <Delay = 1.23>
ST_106 : Operation 791 [1/2] (1.23ns)   --->   "%x_load_493 = load i9 %x_addr_493"   --->   Operation 791 'load' 'x_load_493' <Predicate = true> <Delay = 1.23> <CoreInst = "RAM">   --->   Core 83 'RAM' <Latency = 1> <II = 1> <Delay = 1.23> <Storage> <Opcode : 'load' 'store'> <Ports = 2> <Width = 8> <Depth = 320> <RAM>
ST_106 : Operation 792 [1/2] (1.23ns)   --->   "%x_load_494 = load i9 %x_addr_494"   --->   Operation 792 'load' 'x_load_494' <Predicate = true> <Delay = 1.23> <CoreInst = "RAM">   --->   Core 83 'RAM' <Latency = 1> <II = 1> <Delay = 1.23> <Storage> <Opcode : 'load' 'store'> <Ports = 2> <Width = 8> <Depth = 320> <RAM>
ST_106 : Operation 793 [1/1] (0.00ns)   --->   "%x_addr_495 = getelementptr i8 %x, i64 0, i64 210"   --->   Operation 793 'getelementptr' 'x_addr_495' <Predicate = true> <Delay = 0.00>
ST_106 : Operation 794 [2/2] (1.23ns)   --->   "%x_load_495 = load i9 %x_addr_495"   --->   Operation 794 'load' 'x_load_495' <Predicate = true> <Delay = 1.23> <CoreInst = "RAM">   --->   Core 83 'RAM' <Latency = 1> <II = 1> <Delay = 1.23> <Storage> <Opcode : 'load' 'store'> <Ports = 2> <Width = 8> <Depth = 320> <RAM>
ST_106 : Operation 795 [1/1] (0.00ns)   --->   "%x_addr_496 = getelementptr i8 %x, i64 0, i64 211"   --->   Operation 795 'getelementptr' 'x_addr_496' <Predicate = true> <Delay = 0.00>
ST_106 : Operation 796 [2/2] (1.23ns)   --->   "%x_load_496 = load i9 %x_addr_496"   --->   Operation 796 'load' 'x_load_496' <Predicate = true> <Delay = 1.23> <CoreInst = "RAM">   --->   Core 83 'RAM' <Latency = 1> <II = 1> <Delay = 1.23> <Storage> <Opcode : 'load' 'store'> <Ports = 2> <Width = 8> <Depth = 320> <RAM>

State 107 <SV = 106> <Delay = 1.23>
ST_107 : Operation 797 [1/2] (1.23ns)   --->   "%x_load_495 = load i9 %x_addr_495"   --->   Operation 797 'load' 'x_load_495' <Predicate = true> <Delay = 1.23> <CoreInst = "RAM">   --->   Core 83 'RAM' <Latency = 1> <II = 1> <Delay = 1.23> <Storage> <Opcode : 'load' 'store'> <Ports = 2> <Width = 8> <Depth = 320> <RAM>
ST_107 : Operation 798 [1/2] (1.23ns)   --->   "%x_load_496 = load i9 %x_addr_496"   --->   Operation 798 'load' 'x_load_496' <Predicate = true> <Delay = 1.23> <CoreInst = "RAM">   --->   Core 83 'RAM' <Latency = 1> <II = 1> <Delay = 1.23> <Storage> <Opcode : 'load' 'store'> <Ports = 2> <Width = 8> <Depth = 320> <RAM>
ST_107 : Operation 799 [1/1] (0.00ns)   --->   "%x_addr_497 = getelementptr i8 %x, i64 0, i64 212"   --->   Operation 799 'getelementptr' 'x_addr_497' <Predicate = true> <Delay = 0.00>
ST_107 : Operation 800 [2/2] (1.23ns)   --->   "%x_load_497 = load i9 %x_addr_497"   --->   Operation 800 'load' 'x_load_497' <Predicate = true> <Delay = 1.23> <CoreInst = "RAM">   --->   Core 83 'RAM' <Latency = 1> <II = 1> <Delay = 1.23> <Storage> <Opcode : 'load' 'store'> <Ports = 2> <Width = 8> <Depth = 320> <RAM>
ST_107 : Operation 801 [1/1] (0.00ns)   --->   "%x_addr_498 = getelementptr i8 %x, i64 0, i64 213"   --->   Operation 801 'getelementptr' 'x_addr_498' <Predicate = true> <Delay = 0.00>
ST_107 : Operation 802 [2/2] (1.23ns)   --->   "%x_load_498 = load i9 %x_addr_498"   --->   Operation 802 'load' 'x_load_498' <Predicate = true> <Delay = 1.23> <CoreInst = "RAM">   --->   Core 83 'RAM' <Latency = 1> <II = 1> <Delay = 1.23> <Storage> <Opcode : 'load' 'store'> <Ports = 2> <Width = 8> <Depth = 320> <RAM>

State 108 <SV = 107> <Delay = 1.23>
ST_108 : Operation 803 [1/2] (1.23ns)   --->   "%x_load_497 = load i9 %x_addr_497"   --->   Operation 803 'load' 'x_load_497' <Predicate = true> <Delay = 1.23> <CoreInst = "RAM">   --->   Core 83 'RAM' <Latency = 1> <II = 1> <Delay = 1.23> <Storage> <Opcode : 'load' 'store'> <Ports = 2> <Width = 8> <Depth = 320> <RAM>
ST_108 : Operation 804 [1/2] (1.23ns)   --->   "%x_load_498 = load i9 %x_addr_498"   --->   Operation 804 'load' 'x_load_498' <Predicate = true> <Delay = 1.23> <CoreInst = "RAM">   --->   Core 83 'RAM' <Latency = 1> <II = 1> <Delay = 1.23> <Storage> <Opcode : 'load' 'store'> <Ports = 2> <Width = 8> <Depth = 320> <RAM>
ST_108 : Operation 805 [1/1] (0.00ns)   --->   "%x_addr_499 = getelementptr i8 %x, i64 0, i64 214"   --->   Operation 805 'getelementptr' 'x_addr_499' <Predicate = true> <Delay = 0.00>
ST_108 : Operation 806 [2/2] (1.23ns)   --->   "%x_load_499 = load i9 %x_addr_499"   --->   Operation 806 'load' 'x_load_499' <Predicate = true> <Delay = 1.23> <CoreInst = "RAM">   --->   Core 83 'RAM' <Latency = 1> <II = 1> <Delay = 1.23> <Storage> <Opcode : 'load' 'store'> <Ports = 2> <Width = 8> <Depth = 320> <RAM>
ST_108 : Operation 807 [1/1] (0.00ns)   --->   "%x_addr_500 = getelementptr i8 %x, i64 0, i64 215"   --->   Operation 807 'getelementptr' 'x_addr_500' <Predicate = true> <Delay = 0.00>
ST_108 : Operation 808 [2/2] (1.23ns)   --->   "%x_load_500 = load i9 %x_addr_500"   --->   Operation 808 'load' 'x_load_500' <Predicate = true> <Delay = 1.23> <CoreInst = "RAM">   --->   Core 83 'RAM' <Latency = 1> <II = 1> <Delay = 1.23> <Storage> <Opcode : 'load' 'store'> <Ports = 2> <Width = 8> <Depth = 320> <RAM>

State 109 <SV = 108> <Delay = 1.23>
ST_109 : Operation 809 [1/2] (1.23ns)   --->   "%x_load_499 = load i9 %x_addr_499"   --->   Operation 809 'load' 'x_load_499' <Predicate = true> <Delay = 1.23> <CoreInst = "RAM">   --->   Core 83 'RAM' <Latency = 1> <II = 1> <Delay = 1.23> <Storage> <Opcode : 'load' 'store'> <Ports = 2> <Width = 8> <Depth = 320> <RAM>
ST_109 : Operation 810 [1/2] (1.23ns)   --->   "%x_load_500 = load i9 %x_addr_500"   --->   Operation 810 'load' 'x_load_500' <Predicate = true> <Delay = 1.23> <CoreInst = "RAM">   --->   Core 83 'RAM' <Latency = 1> <II = 1> <Delay = 1.23> <Storage> <Opcode : 'load' 'store'> <Ports = 2> <Width = 8> <Depth = 320> <RAM>
ST_109 : Operation 811 [1/1] (0.00ns)   --->   "%x_addr_501 = getelementptr i8 %x, i64 0, i64 216"   --->   Operation 811 'getelementptr' 'x_addr_501' <Predicate = true> <Delay = 0.00>
ST_109 : Operation 812 [2/2] (1.23ns)   --->   "%x_load_501 = load i9 %x_addr_501"   --->   Operation 812 'load' 'x_load_501' <Predicate = true> <Delay = 1.23> <CoreInst = "RAM">   --->   Core 83 'RAM' <Latency = 1> <II = 1> <Delay = 1.23> <Storage> <Opcode : 'load' 'store'> <Ports = 2> <Width = 8> <Depth = 320> <RAM>
ST_109 : Operation 813 [1/1] (0.00ns)   --->   "%x_addr_502 = getelementptr i8 %x, i64 0, i64 217"   --->   Operation 813 'getelementptr' 'x_addr_502' <Predicate = true> <Delay = 0.00>
ST_109 : Operation 814 [2/2] (1.23ns)   --->   "%x_load_502 = load i9 %x_addr_502"   --->   Operation 814 'load' 'x_load_502' <Predicate = true> <Delay = 1.23> <CoreInst = "RAM">   --->   Core 83 'RAM' <Latency = 1> <II = 1> <Delay = 1.23> <Storage> <Opcode : 'load' 'store'> <Ports = 2> <Width = 8> <Depth = 320> <RAM>

State 110 <SV = 109> <Delay = 1.23>
ST_110 : Operation 815 [1/2] (1.23ns)   --->   "%x_load_501 = load i9 %x_addr_501"   --->   Operation 815 'load' 'x_load_501' <Predicate = true> <Delay = 1.23> <CoreInst = "RAM">   --->   Core 83 'RAM' <Latency = 1> <II = 1> <Delay = 1.23> <Storage> <Opcode : 'load' 'store'> <Ports = 2> <Width = 8> <Depth = 320> <RAM>
ST_110 : Operation 816 [1/2] (1.23ns)   --->   "%x_load_502 = load i9 %x_addr_502"   --->   Operation 816 'load' 'x_load_502' <Predicate = true> <Delay = 1.23> <CoreInst = "RAM">   --->   Core 83 'RAM' <Latency = 1> <II = 1> <Delay = 1.23> <Storage> <Opcode : 'load' 'store'> <Ports = 2> <Width = 8> <Depth = 320> <RAM>
ST_110 : Operation 817 [1/1] (0.00ns)   --->   "%x_addr_503 = getelementptr i8 %x, i64 0, i64 218"   --->   Operation 817 'getelementptr' 'x_addr_503' <Predicate = true> <Delay = 0.00>
ST_110 : Operation 818 [2/2] (1.23ns)   --->   "%x_load_503 = load i9 %x_addr_503"   --->   Operation 818 'load' 'x_load_503' <Predicate = true> <Delay = 1.23> <CoreInst = "RAM">   --->   Core 83 'RAM' <Latency = 1> <II = 1> <Delay = 1.23> <Storage> <Opcode : 'load' 'store'> <Ports = 2> <Width = 8> <Depth = 320> <RAM>
ST_110 : Operation 819 [1/1] (0.00ns)   --->   "%x_addr_504 = getelementptr i8 %x, i64 0, i64 219"   --->   Operation 819 'getelementptr' 'x_addr_504' <Predicate = true> <Delay = 0.00>
ST_110 : Operation 820 [2/2] (1.23ns)   --->   "%x_load_504 = load i9 %x_addr_504"   --->   Operation 820 'load' 'x_load_504' <Predicate = true> <Delay = 1.23> <CoreInst = "RAM">   --->   Core 83 'RAM' <Latency = 1> <II = 1> <Delay = 1.23> <Storage> <Opcode : 'load' 'store'> <Ports = 2> <Width = 8> <Depth = 320> <RAM>

State 111 <SV = 110> <Delay = 1.23>
ST_111 : Operation 821 [1/2] (1.23ns)   --->   "%x_load_503 = load i9 %x_addr_503"   --->   Operation 821 'load' 'x_load_503' <Predicate = true> <Delay = 1.23> <CoreInst = "RAM">   --->   Core 83 'RAM' <Latency = 1> <II = 1> <Delay = 1.23> <Storage> <Opcode : 'load' 'store'> <Ports = 2> <Width = 8> <Depth = 320> <RAM>
ST_111 : Operation 822 [1/2] (1.23ns)   --->   "%x_load_504 = load i9 %x_addr_504"   --->   Operation 822 'load' 'x_load_504' <Predicate = true> <Delay = 1.23> <CoreInst = "RAM">   --->   Core 83 'RAM' <Latency = 1> <II = 1> <Delay = 1.23> <Storage> <Opcode : 'load' 'store'> <Ports = 2> <Width = 8> <Depth = 320> <RAM>
ST_111 : Operation 823 [1/1] (0.00ns)   --->   "%x_addr_505 = getelementptr i8 %x, i64 0, i64 220"   --->   Operation 823 'getelementptr' 'x_addr_505' <Predicate = true> <Delay = 0.00>
ST_111 : Operation 824 [2/2] (1.23ns)   --->   "%x_load_505 = load i9 %x_addr_505"   --->   Operation 824 'load' 'x_load_505' <Predicate = true> <Delay = 1.23> <CoreInst = "RAM">   --->   Core 83 'RAM' <Latency = 1> <II = 1> <Delay = 1.23> <Storage> <Opcode : 'load' 'store'> <Ports = 2> <Width = 8> <Depth = 320> <RAM>
ST_111 : Operation 825 [1/1] (0.00ns)   --->   "%x_addr_506 = getelementptr i8 %x, i64 0, i64 221"   --->   Operation 825 'getelementptr' 'x_addr_506' <Predicate = true> <Delay = 0.00>
ST_111 : Operation 826 [2/2] (1.23ns)   --->   "%x_load_506 = load i9 %x_addr_506"   --->   Operation 826 'load' 'x_load_506' <Predicate = true> <Delay = 1.23> <CoreInst = "RAM">   --->   Core 83 'RAM' <Latency = 1> <II = 1> <Delay = 1.23> <Storage> <Opcode : 'load' 'store'> <Ports = 2> <Width = 8> <Depth = 320> <RAM>

State 112 <SV = 111> <Delay = 1.23>
ST_112 : Operation 827 [1/2] (1.23ns)   --->   "%x_load_505 = load i9 %x_addr_505"   --->   Operation 827 'load' 'x_load_505' <Predicate = true> <Delay = 1.23> <CoreInst = "RAM">   --->   Core 83 'RAM' <Latency = 1> <II = 1> <Delay = 1.23> <Storage> <Opcode : 'load' 'store'> <Ports = 2> <Width = 8> <Depth = 320> <RAM>
ST_112 : Operation 828 [1/2] (1.23ns)   --->   "%x_load_506 = load i9 %x_addr_506"   --->   Operation 828 'load' 'x_load_506' <Predicate = true> <Delay = 1.23> <CoreInst = "RAM">   --->   Core 83 'RAM' <Latency = 1> <II = 1> <Delay = 1.23> <Storage> <Opcode : 'load' 'store'> <Ports = 2> <Width = 8> <Depth = 320> <RAM>
ST_112 : Operation 829 [1/1] (0.00ns)   --->   "%x_addr_507 = getelementptr i8 %x, i64 0, i64 222"   --->   Operation 829 'getelementptr' 'x_addr_507' <Predicate = true> <Delay = 0.00>
ST_112 : Operation 830 [2/2] (1.23ns)   --->   "%x_load_507 = load i9 %x_addr_507"   --->   Operation 830 'load' 'x_load_507' <Predicate = true> <Delay = 1.23> <CoreInst = "RAM">   --->   Core 83 'RAM' <Latency = 1> <II = 1> <Delay = 1.23> <Storage> <Opcode : 'load' 'store'> <Ports = 2> <Width = 8> <Depth = 320> <RAM>
ST_112 : Operation 831 [1/1] (0.00ns)   --->   "%x_addr_508 = getelementptr i8 %x, i64 0, i64 223"   --->   Operation 831 'getelementptr' 'x_addr_508' <Predicate = true> <Delay = 0.00>
ST_112 : Operation 832 [2/2] (1.23ns)   --->   "%x_load_508 = load i9 %x_addr_508"   --->   Operation 832 'load' 'x_load_508' <Predicate = true> <Delay = 1.23> <CoreInst = "RAM">   --->   Core 83 'RAM' <Latency = 1> <II = 1> <Delay = 1.23> <Storage> <Opcode : 'load' 'store'> <Ports = 2> <Width = 8> <Depth = 320> <RAM>

State 113 <SV = 112> <Delay = 1.23>
ST_113 : Operation 833 [1/2] (1.23ns)   --->   "%x_load_507 = load i9 %x_addr_507"   --->   Operation 833 'load' 'x_load_507' <Predicate = true> <Delay = 1.23> <CoreInst = "RAM">   --->   Core 83 'RAM' <Latency = 1> <II = 1> <Delay = 1.23> <Storage> <Opcode : 'load' 'store'> <Ports = 2> <Width = 8> <Depth = 320> <RAM>
ST_113 : Operation 834 [1/2] (1.23ns)   --->   "%x_load_508 = load i9 %x_addr_508"   --->   Operation 834 'load' 'x_load_508' <Predicate = true> <Delay = 1.23> <CoreInst = "RAM">   --->   Core 83 'RAM' <Latency = 1> <II = 1> <Delay = 1.23> <Storage> <Opcode : 'load' 'store'> <Ports = 2> <Width = 8> <Depth = 320> <RAM>
ST_113 : Operation 835 [1/1] (0.00ns)   --->   "%x_addr_509 = getelementptr i8 %x, i64 0, i64 224"   --->   Operation 835 'getelementptr' 'x_addr_509' <Predicate = true> <Delay = 0.00>
ST_113 : Operation 836 [2/2] (1.23ns)   --->   "%x_load_509 = load i9 %x_addr_509"   --->   Operation 836 'load' 'x_load_509' <Predicate = true> <Delay = 1.23> <CoreInst = "RAM">   --->   Core 83 'RAM' <Latency = 1> <II = 1> <Delay = 1.23> <Storage> <Opcode : 'load' 'store'> <Ports = 2> <Width = 8> <Depth = 320> <RAM>
ST_113 : Operation 837 [1/1] (0.00ns)   --->   "%x_addr_510 = getelementptr i8 %x, i64 0, i64 225"   --->   Operation 837 'getelementptr' 'x_addr_510' <Predicate = true> <Delay = 0.00>
ST_113 : Operation 838 [2/2] (1.23ns)   --->   "%x_load_510 = load i9 %x_addr_510"   --->   Operation 838 'load' 'x_load_510' <Predicate = true> <Delay = 1.23> <CoreInst = "RAM">   --->   Core 83 'RAM' <Latency = 1> <II = 1> <Delay = 1.23> <Storage> <Opcode : 'load' 'store'> <Ports = 2> <Width = 8> <Depth = 320> <RAM>

State 114 <SV = 113> <Delay = 1.23>
ST_114 : Operation 839 [1/2] (1.23ns)   --->   "%x_load_509 = load i9 %x_addr_509"   --->   Operation 839 'load' 'x_load_509' <Predicate = true> <Delay = 1.23> <CoreInst = "RAM">   --->   Core 83 'RAM' <Latency = 1> <II = 1> <Delay = 1.23> <Storage> <Opcode : 'load' 'store'> <Ports = 2> <Width = 8> <Depth = 320> <RAM>
ST_114 : Operation 840 [1/2] (1.23ns)   --->   "%x_load_510 = load i9 %x_addr_510"   --->   Operation 840 'load' 'x_load_510' <Predicate = true> <Delay = 1.23> <CoreInst = "RAM">   --->   Core 83 'RAM' <Latency = 1> <II = 1> <Delay = 1.23> <Storage> <Opcode : 'load' 'store'> <Ports = 2> <Width = 8> <Depth = 320> <RAM>
ST_114 : Operation 841 [1/1] (0.00ns)   --->   "%x_addr_511 = getelementptr i8 %x, i64 0, i64 226"   --->   Operation 841 'getelementptr' 'x_addr_511' <Predicate = true> <Delay = 0.00>
ST_114 : Operation 842 [2/2] (1.23ns)   --->   "%x_load_511 = load i9 %x_addr_511"   --->   Operation 842 'load' 'x_load_511' <Predicate = true> <Delay = 1.23> <CoreInst = "RAM">   --->   Core 83 'RAM' <Latency = 1> <II = 1> <Delay = 1.23> <Storage> <Opcode : 'load' 'store'> <Ports = 2> <Width = 8> <Depth = 320> <RAM>
ST_114 : Operation 843 [1/1] (0.00ns)   --->   "%x_addr_512 = getelementptr i8 %x, i64 0, i64 227"   --->   Operation 843 'getelementptr' 'x_addr_512' <Predicate = true> <Delay = 0.00>
ST_114 : Operation 844 [2/2] (1.23ns)   --->   "%x_load_512 = load i9 %x_addr_512"   --->   Operation 844 'load' 'x_load_512' <Predicate = true> <Delay = 1.23> <CoreInst = "RAM">   --->   Core 83 'RAM' <Latency = 1> <II = 1> <Delay = 1.23> <Storage> <Opcode : 'load' 'store'> <Ports = 2> <Width = 8> <Depth = 320> <RAM>

State 115 <SV = 114> <Delay = 1.23>
ST_115 : Operation 845 [1/2] (1.23ns)   --->   "%x_load_511 = load i9 %x_addr_511"   --->   Operation 845 'load' 'x_load_511' <Predicate = true> <Delay = 1.23> <CoreInst = "RAM">   --->   Core 83 'RAM' <Latency = 1> <II = 1> <Delay = 1.23> <Storage> <Opcode : 'load' 'store'> <Ports = 2> <Width = 8> <Depth = 320> <RAM>
ST_115 : Operation 846 [1/2] (1.23ns)   --->   "%x_load_512 = load i9 %x_addr_512"   --->   Operation 846 'load' 'x_load_512' <Predicate = true> <Delay = 1.23> <CoreInst = "RAM">   --->   Core 83 'RAM' <Latency = 1> <II = 1> <Delay = 1.23> <Storage> <Opcode : 'load' 'store'> <Ports = 2> <Width = 8> <Depth = 320> <RAM>
ST_115 : Operation 847 [1/1] (0.00ns)   --->   "%x_addr_513 = getelementptr i8 %x, i64 0, i64 228"   --->   Operation 847 'getelementptr' 'x_addr_513' <Predicate = true> <Delay = 0.00>
ST_115 : Operation 848 [2/2] (1.23ns)   --->   "%x_load_513 = load i9 %x_addr_513"   --->   Operation 848 'load' 'x_load_513' <Predicate = true> <Delay = 1.23> <CoreInst = "RAM">   --->   Core 83 'RAM' <Latency = 1> <II = 1> <Delay = 1.23> <Storage> <Opcode : 'load' 'store'> <Ports = 2> <Width = 8> <Depth = 320> <RAM>
ST_115 : Operation 849 [1/1] (0.00ns)   --->   "%x_addr_514 = getelementptr i8 %x, i64 0, i64 229"   --->   Operation 849 'getelementptr' 'x_addr_514' <Predicate = true> <Delay = 0.00>
ST_115 : Operation 850 [2/2] (1.23ns)   --->   "%x_load_514 = load i9 %x_addr_514"   --->   Operation 850 'load' 'x_load_514' <Predicate = true> <Delay = 1.23> <CoreInst = "RAM">   --->   Core 83 'RAM' <Latency = 1> <II = 1> <Delay = 1.23> <Storage> <Opcode : 'load' 'store'> <Ports = 2> <Width = 8> <Depth = 320> <RAM>

State 116 <SV = 115> <Delay = 1.23>
ST_116 : Operation 851 [1/2] (1.23ns)   --->   "%x_load_513 = load i9 %x_addr_513"   --->   Operation 851 'load' 'x_load_513' <Predicate = true> <Delay = 1.23> <CoreInst = "RAM">   --->   Core 83 'RAM' <Latency = 1> <II = 1> <Delay = 1.23> <Storage> <Opcode : 'load' 'store'> <Ports = 2> <Width = 8> <Depth = 320> <RAM>
ST_116 : Operation 852 [1/2] (1.23ns)   --->   "%x_load_514 = load i9 %x_addr_514"   --->   Operation 852 'load' 'x_load_514' <Predicate = true> <Delay = 1.23> <CoreInst = "RAM">   --->   Core 83 'RAM' <Latency = 1> <II = 1> <Delay = 1.23> <Storage> <Opcode : 'load' 'store'> <Ports = 2> <Width = 8> <Depth = 320> <RAM>
ST_116 : Operation 853 [1/1] (0.00ns)   --->   "%x_addr_515 = getelementptr i8 %x, i64 0, i64 230"   --->   Operation 853 'getelementptr' 'x_addr_515' <Predicate = true> <Delay = 0.00>
ST_116 : Operation 854 [2/2] (1.23ns)   --->   "%x_load_515 = load i9 %x_addr_515"   --->   Operation 854 'load' 'x_load_515' <Predicate = true> <Delay = 1.23> <CoreInst = "RAM">   --->   Core 83 'RAM' <Latency = 1> <II = 1> <Delay = 1.23> <Storage> <Opcode : 'load' 'store'> <Ports = 2> <Width = 8> <Depth = 320> <RAM>
ST_116 : Operation 855 [1/1] (0.00ns)   --->   "%x_addr_516 = getelementptr i8 %x, i64 0, i64 231"   --->   Operation 855 'getelementptr' 'x_addr_516' <Predicate = true> <Delay = 0.00>
ST_116 : Operation 856 [2/2] (1.23ns)   --->   "%x_load_516 = load i9 %x_addr_516"   --->   Operation 856 'load' 'x_load_516' <Predicate = true> <Delay = 1.23> <CoreInst = "RAM">   --->   Core 83 'RAM' <Latency = 1> <II = 1> <Delay = 1.23> <Storage> <Opcode : 'load' 'store'> <Ports = 2> <Width = 8> <Depth = 320> <RAM>

State 117 <SV = 116> <Delay = 1.23>
ST_117 : Operation 857 [1/2] (1.23ns)   --->   "%x_load_515 = load i9 %x_addr_515"   --->   Operation 857 'load' 'x_load_515' <Predicate = true> <Delay = 1.23> <CoreInst = "RAM">   --->   Core 83 'RAM' <Latency = 1> <II = 1> <Delay = 1.23> <Storage> <Opcode : 'load' 'store'> <Ports = 2> <Width = 8> <Depth = 320> <RAM>
ST_117 : Operation 858 [1/2] (1.23ns)   --->   "%x_load_516 = load i9 %x_addr_516"   --->   Operation 858 'load' 'x_load_516' <Predicate = true> <Delay = 1.23> <CoreInst = "RAM">   --->   Core 83 'RAM' <Latency = 1> <II = 1> <Delay = 1.23> <Storage> <Opcode : 'load' 'store'> <Ports = 2> <Width = 8> <Depth = 320> <RAM>
ST_117 : Operation 859 [1/1] (0.00ns)   --->   "%x_addr_517 = getelementptr i8 %x, i64 0, i64 232"   --->   Operation 859 'getelementptr' 'x_addr_517' <Predicate = true> <Delay = 0.00>
ST_117 : Operation 860 [2/2] (1.23ns)   --->   "%x_load_517 = load i9 %x_addr_517"   --->   Operation 860 'load' 'x_load_517' <Predicate = true> <Delay = 1.23> <CoreInst = "RAM">   --->   Core 83 'RAM' <Latency = 1> <II = 1> <Delay = 1.23> <Storage> <Opcode : 'load' 'store'> <Ports = 2> <Width = 8> <Depth = 320> <RAM>
ST_117 : Operation 861 [1/1] (0.00ns)   --->   "%x_addr_518 = getelementptr i8 %x, i64 0, i64 233"   --->   Operation 861 'getelementptr' 'x_addr_518' <Predicate = true> <Delay = 0.00>
ST_117 : Operation 862 [2/2] (1.23ns)   --->   "%x_load_518 = load i9 %x_addr_518"   --->   Operation 862 'load' 'x_load_518' <Predicate = true> <Delay = 1.23> <CoreInst = "RAM">   --->   Core 83 'RAM' <Latency = 1> <II = 1> <Delay = 1.23> <Storage> <Opcode : 'load' 'store'> <Ports = 2> <Width = 8> <Depth = 320> <RAM>

State 118 <SV = 117> <Delay = 1.23>
ST_118 : Operation 863 [1/2] (1.23ns)   --->   "%x_load_517 = load i9 %x_addr_517"   --->   Operation 863 'load' 'x_load_517' <Predicate = true> <Delay = 1.23> <CoreInst = "RAM">   --->   Core 83 'RAM' <Latency = 1> <II = 1> <Delay = 1.23> <Storage> <Opcode : 'load' 'store'> <Ports = 2> <Width = 8> <Depth = 320> <RAM>
ST_118 : Operation 864 [1/2] (1.23ns)   --->   "%x_load_518 = load i9 %x_addr_518"   --->   Operation 864 'load' 'x_load_518' <Predicate = true> <Delay = 1.23> <CoreInst = "RAM">   --->   Core 83 'RAM' <Latency = 1> <II = 1> <Delay = 1.23> <Storage> <Opcode : 'load' 'store'> <Ports = 2> <Width = 8> <Depth = 320> <RAM>
ST_118 : Operation 865 [1/1] (0.00ns)   --->   "%x_addr_519 = getelementptr i8 %x, i64 0, i64 234"   --->   Operation 865 'getelementptr' 'x_addr_519' <Predicate = true> <Delay = 0.00>
ST_118 : Operation 866 [2/2] (1.23ns)   --->   "%x_load_519 = load i9 %x_addr_519"   --->   Operation 866 'load' 'x_load_519' <Predicate = true> <Delay = 1.23> <CoreInst = "RAM">   --->   Core 83 'RAM' <Latency = 1> <II = 1> <Delay = 1.23> <Storage> <Opcode : 'load' 'store'> <Ports = 2> <Width = 8> <Depth = 320> <RAM>
ST_118 : Operation 867 [1/1] (0.00ns)   --->   "%x_addr_520 = getelementptr i8 %x, i64 0, i64 235"   --->   Operation 867 'getelementptr' 'x_addr_520' <Predicate = true> <Delay = 0.00>
ST_118 : Operation 868 [2/2] (1.23ns)   --->   "%x_load_520 = load i9 %x_addr_520"   --->   Operation 868 'load' 'x_load_520' <Predicate = true> <Delay = 1.23> <CoreInst = "RAM">   --->   Core 83 'RAM' <Latency = 1> <II = 1> <Delay = 1.23> <Storage> <Opcode : 'load' 'store'> <Ports = 2> <Width = 8> <Depth = 320> <RAM>

State 119 <SV = 118> <Delay = 1.23>
ST_119 : Operation 869 [1/2] (1.23ns)   --->   "%x_load_519 = load i9 %x_addr_519"   --->   Operation 869 'load' 'x_load_519' <Predicate = true> <Delay = 1.23> <CoreInst = "RAM">   --->   Core 83 'RAM' <Latency = 1> <II = 1> <Delay = 1.23> <Storage> <Opcode : 'load' 'store'> <Ports = 2> <Width = 8> <Depth = 320> <RAM>
ST_119 : Operation 870 [1/2] (1.23ns)   --->   "%x_load_520 = load i9 %x_addr_520"   --->   Operation 870 'load' 'x_load_520' <Predicate = true> <Delay = 1.23> <CoreInst = "RAM">   --->   Core 83 'RAM' <Latency = 1> <II = 1> <Delay = 1.23> <Storage> <Opcode : 'load' 'store'> <Ports = 2> <Width = 8> <Depth = 320> <RAM>
ST_119 : Operation 871 [1/1] (0.00ns)   --->   "%x_addr_521 = getelementptr i8 %x, i64 0, i64 236"   --->   Operation 871 'getelementptr' 'x_addr_521' <Predicate = true> <Delay = 0.00>
ST_119 : Operation 872 [2/2] (1.23ns)   --->   "%x_load_521 = load i9 %x_addr_521"   --->   Operation 872 'load' 'x_load_521' <Predicate = true> <Delay = 1.23> <CoreInst = "RAM">   --->   Core 83 'RAM' <Latency = 1> <II = 1> <Delay = 1.23> <Storage> <Opcode : 'load' 'store'> <Ports = 2> <Width = 8> <Depth = 320> <RAM>
ST_119 : Operation 873 [1/1] (0.00ns)   --->   "%x_addr_522 = getelementptr i8 %x, i64 0, i64 237"   --->   Operation 873 'getelementptr' 'x_addr_522' <Predicate = true> <Delay = 0.00>
ST_119 : Operation 874 [2/2] (1.23ns)   --->   "%x_load_522 = load i9 %x_addr_522"   --->   Operation 874 'load' 'x_load_522' <Predicate = true> <Delay = 1.23> <CoreInst = "RAM">   --->   Core 83 'RAM' <Latency = 1> <II = 1> <Delay = 1.23> <Storage> <Opcode : 'load' 'store'> <Ports = 2> <Width = 8> <Depth = 320> <RAM>

State 120 <SV = 119> <Delay = 1.23>
ST_120 : Operation 875 [1/2] (1.23ns)   --->   "%x_load_521 = load i9 %x_addr_521"   --->   Operation 875 'load' 'x_load_521' <Predicate = true> <Delay = 1.23> <CoreInst = "RAM">   --->   Core 83 'RAM' <Latency = 1> <II = 1> <Delay = 1.23> <Storage> <Opcode : 'load' 'store'> <Ports = 2> <Width = 8> <Depth = 320> <RAM>
ST_120 : Operation 876 [1/2] (1.23ns)   --->   "%x_load_522 = load i9 %x_addr_522"   --->   Operation 876 'load' 'x_load_522' <Predicate = true> <Delay = 1.23> <CoreInst = "RAM">   --->   Core 83 'RAM' <Latency = 1> <II = 1> <Delay = 1.23> <Storage> <Opcode : 'load' 'store'> <Ports = 2> <Width = 8> <Depth = 320> <RAM>
ST_120 : Operation 877 [1/1] (0.00ns)   --->   "%x_addr_523 = getelementptr i8 %x, i64 0, i64 238"   --->   Operation 877 'getelementptr' 'x_addr_523' <Predicate = true> <Delay = 0.00>
ST_120 : Operation 878 [2/2] (1.23ns)   --->   "%x_load_523 = load i9 %x_addr_523"   --->   Operation 878 'load' 'x_load_523' <Predicate = true> <Delay = 1.23> <CoreInst = "RAM">   --->   Core 83 'RAM' <Latency = 1> <II = 1> <Delay = 1.23> <Storage> <Opcode : 'load' 'store'> <Ports = 2> <Width = 8> <Depth = 320> <RAM>
ST_120 : Operation 879 [1/1] (0.00ns)   --->   "%x_addr_524 = getelementptr i8 %x, i64 0, i64 239"   --->   Operation 879 'getelementptr' 'x_addr_524' <Predicate = true> <Delay = 0.00>
ST_120 : Operation 880 [2/2] (1.23ns)   --->   "%x_load_524 = load i9 %x_addr_524"   --->   Operation 880 'load' 'x_load_524' <Predicate = true> <Delay = 1.23> <CoreInst = "RAM">   --->   Core 83 'RAM' <Latency = 1> <II = 1> <Delay = 1.23> <Storage> <Opcode : 'load' 'store'> <Ports = 2> <Width = 8> <Depth = 320> <RAM>

State 121 <SV = 120> <Delay = 1.23>
ST_121 : Operation 881 [1/2] (1.23ns)   --->   "%x_load_523 = load i9 %x_addr_523"   --->   Operation 881 'load' 'x_load_523' <Predicate = true> <Delay = 1.23> <CoreInst = "RAM">   --->   Core 83 'RAM' <Latency = 1> <II = 1> <Delay = 1.23> <Storage> <Opcode : 'load' 'store'> <Ports = 2> <Width = 8> <Depth = 320> <RAM>
ST_121 : Operation 882 [1/2] (1.23ns)   --->   "%x_load_524 = load i9 %x_addr_524"   --->   Operation 882 'load' 'x_load_524' <Predicate = true> <Delay = 1.23> <CoreInst = "RAM">   --->   Core 83 'RAM' <Latency = 1> <II = 1> <Delay = 1.23> <Storage> <Opcode : 'load' 'store'> <Ports = 2> <Width = 8> <Depth = 320> <RAM>
ST_121 : Operation 883 [1/1] (0.00ns)   --->   "%x_addr_525 = getelementptr i8 %x, i64 0, i64 240"   --->   Operation 883 'getelementptr' 'x_addr_525' <Predicate = true> <Delay = 0.00>
ST_121 : Operation 884 [2/2] (1.23ns)   --->   "%x_load_525 = load i9 %x_addr_525"   --->   Operation 884 'load' 'x_load_525' <Predicate = true> <Delay = 1.23> <CoreInst = "RAM">   --->   Core 83 'RAM' <Latency = 1> <II = 1> <Delay = 1.23> <Storage> <Opcode : 'load' 'store'> <Ports = 2> <Width = 8> <Depth = 320> <RAM>
ST_121 : Operation 885 [1/1] (0.00ns)   --->   "%x_addr_526 = getelementptr i8 %x, i64 0, i64 241"   --->   Operation 885 'getelementptr' 'x_addr_526' <Predicate = true> <Delay = 0.00>
ST_121 : Operation 886 [2/2] (1.23ns)   --->   "%x_load_526 = load i9 %x_addr_526"   --->   Operation 886 'load' 'x_load_526' <Predicate = true> <Delay = 1.23> <CoreInst = "RAM">   --->   Core 83 'RAM' <Latency = 1> <II = 1> <Delay = 1.23> <Storage> <Opcode : 'load' 'store'> <Ports = 2> <Width = 8> <Depth = 320> <RAM>

State 122 <SV = 121> <Delay = 1.23>
ST_122 : Operation 887 [1/2] (1.23ns)   --->   "%x_load_525 = load i9 %x_addr_525"   --->   Operation 887 'load' 'x_load_525' <Predicate = true> <Delay = 1.23> <CoreInst = "RAM">   --->   Core 83 'RAM' <Latency = 1> <II = 1> <Delay = 1.23> <Storage> <Opcode : 'load' 'store'> <Ports = 2> <Width = 8> <Depth = 320> <RAM>
ST_122 : Operation 888 [1/2] (1.23ns)   --->   "%x_load_526 = load i9 %x_addr_526"   --->   Operation 888 'load' 'x_load_526' <Predicate = true> <Delay = 1.23> <CoreInst = "RAM">   --->   Core 83 'RAM' <Latency = 1> <II = 1> <Delay = 1.23> <Storage> <Opcode : 'load' 'store'> <Ports = 2> <Width = 8> <Depth = 320> <RAM>
ST_122 : Operation 889 [1/1] (0.00ns)   --->   "%x_addr_527 = getelementptr i8 %x, i64 0, i64 242"   --->   Operation 889 'getelementptr' 'x_addr_527' <Predicate = true> <Delay = 0.00>
ST_122 : Operation 890 [2/2] (1.23ns)   --->   "%x_load_527 = load i9 %x_addr_527"   --->   Operation 890 'load' 'x_load_527' <Predicate = true> <Delay = 1.23> <CoreInst = "RAM">   --->   Core 83 'RAM' <Latency = 1> <II = 1> <Delay = 1.23> <Storage> <Opcode : 'load' 'store'> <Ports = 2> <Width = 8> <Depth = 320> <RAM>
ST_122 : Operation 891 [1/1] (0.00ns)   --->   "%x_addr_528 = getelementptr i8 %x, i64 0, i64 243"   --->   Operation 891 'getelementptr' 'x_addr_528' <Predicate = true> <Delay = 0.00>
ST_122 : Operation 892 [2/2] (1.23ns)   --->   "%x_load_528 = load i9 %x_addr_528"   --->   Operation 892 'load' 'x_load_528' <Predicate = true> <Delay = 1.23> <CoreInst = "RAM">   --->   Core 83 'RAM' <Latency = 1> <II = 1> <Delay = 1.23> <Storage> <Opcode : 'load' 'store'> <Ports = 2> <Width = 8> <Depth = 320> <RAM>

State 123 <SV = 122> <Delay = 1.23>
ST_123 : Operation 893 [1/2] (1.23ns)   --->   "%x_load_527 = load i9 %x_addr_527"   --->   Operation 893 'load' 'x_load_527' <Predicate = true> <Delay = 1.23> <CoreInst = "RAM">   --->   Core 83 'RAM' <Latency = 1> <II = 1> <Delay = 1.23> <Storage> <Opcode : 'load' 'store'> <Ports = 2> <Width = 8> <Depth = 320> <RAM>
ST_123 : Operation 894 [1/2] (1.23ns)   --->   "%x_load_528 = load i9 %x_addr_528"   --->   Operation 894 'load' 'x_load_528' <Predicate = true> <Delay = 1.23> <CoreInst = "RAM">   --->   Core 83 'RAM' <Latency = 1> <II = 1> <Delay = 1.23> <Storage> <Opcode : 'load' 'store'> <Ports = 2> <Width = 8> <Depth = 320> <RAM>
ST_123 : Operation 895 [1/1] (0.00ns)   --->   "%x_addr_529 = getelementptr i8 %x, i64 0, i64 244"   --->   Operation 895 'getelementptr' 'x_addr_529' <Predicate = true> <Delay = 0.00>
ST_123 : Operation 896 [2/2] (1.23ns)   --->   "%x_load_529 = load i9 %x_addr_529"   --->   Operation 896 'load' 'x_load_529' <Predicate = true> <Delay = 1.23> <CoreInst = "RAM">   --->   Core 83 'RAM' <Latency = 1> <II = 1> <Delay = 1.23> <Storage> <Opcode : 'load' 'store'> <Ports = 2> <Width = 8> <Depth = 320> <RAM>
ST_123 : Operation 897 [1/1] (0.00ns)   --->   "%x_addr_530 = getelementptr i8 %x, i64 0, i64 245"   --->   Operation 897 'getelementptr' 'x_addr_530' <Predicate = true> <Delay = 0.00>
ST_123 : Operation 898 [2/2] (1.23ns)   --->   "%x_load_530 = load i9 %x_addr_530"   --->   Operation 898 'load' 'x_load_530' <Predicate = true> <Delay = 1.23> <CoreInst = "RAM">   --->   Core 83 'RAM' <Latency = 1> <II = 1> <Delay = 1.23> <Storage> <Opcode : 'load' 'store'> <Ports = 2> <Width = 8> <Depth = 320> <RAM>

State 124 <SV = 123> <Delay = 1.23>
ST_124 : Operation 899 [1/2] (1.23ns)   --->   "%x_load_529 = load i9 %x_addr_529"   --->   Operation 899 'load' 'x_load_529' <Predicate = true> <Delay = 1.23> <CoreInst = "RAM">   --->   Core 83 'RAM' <Latency = 1> <II = 1> <Delay = 1.23> <Storage> <Opcode : 'load' 'store'> <Ports = 2> <Width = 8> <Depth = 320> <RAM>
ST_124 : Operation 900 [1/2] (1.23ns)   --->   "%x_load_530 = load i9 %x_addr_530"   --->   Operation 900 'load' 'x_load_530' <Predicate = true> <Delay = 1.23> <CoreInst = "RAM">   --->   Core 83 'RAM' <Latency = 1> <II = 1> <Delay = 1.23> <Storage> <Opcode : 'load' 'store'> <Ports = 2> <Width = 8> <Depth = 320> <RAM>
ST_124 : Operation 901 [1/1] (0.00ns)   --->   "%x_addr_531 = getelementptr i8 %x, i64 0, i64 246"   --->   Operation 901 'getelementptr' 'x_addr_531' <Predicate = true> <Delay = 0.00>
ST_124 : Operation 902 [2/2] (1.23ns)   --->   "%x_load_531 = load i9 %x_addr_531"   --->   Operation 902 'load' 'x_load_531' <Predicate = true> <Delay = 1.23> <CoreInst = "RAM">   --->   Core 83 'RAM' <Latency = 1> <II = 1> <Delay = 1.23> <Storage> <Opcode : 'load' 'store'> <Ports = 2> <Width = 8> <Depth = 320> <RAM>
ST_124 : Operation 903 [1/1] (0.00ns)   --->   "%x_addr_532 = getelementptr i8 %x, i64 0, i64 247"   --->   Operation 903 'getelementptr' 'x_addr_532' <Predicate = true> <Delay = 0.00>
ST_124 : Operation 904 [2/2] (1.23ns)   --->   "%x_load_532 = load i9 %x_addr_532"   --->   Operation 904 'load' 'x_load_532' <Predicate = true> <Delay = 1.23> <CoreInst = "RAM">   --->   Core 83 'RAM' <Latency = 1> <II = 1> <Delay = 1.23> <Storage> <Opcode : 'load' 'store'> <Ports = 2> <Width = 8> <Depth = 320> <RAM>

State 125 <SV = 124> <Delay = 1.23>
ST_125 : Operation 905 [1/2] (1.23ns)   --->   "%x_load_531 = load i9 %x_addr_531"   --->   Operation 905 'load' 'x_load_531' <Predicate = true> <Delay = 1.23> <CoreInst = "RAM">   --->   Core 83 'RAM' <Latency = 1> <II = 1> <Delay = 1.23> <Storage> <Opcode : 'load' 'store'> <Ports = 2> <Width = 8> <Depth = 320> <RAM>
ST_125 : Operation 906 [1/2] (1.23ns)   --->   "%x_load_532 = load i9 %x_addr_532"   --->   Operation 906 'load' 'x_load_532' <Predicate = true> <Delay = 1.23> <CoreInst = "RAM">   --->   Core 83 'RAM' <Latency = 1> <II = 1> <Delay = 1.23> <Storage> <Opcode : 'load' 'store'> <Ports = 2> <Width = 8> <Depth = 320> <RAM>
ST_125 : Operation 907 [1/1] (0.00ns)   --->   "%x_addr_533 = getelementptr i8 %x, i64 0, i64 248"   --->   Operation 907 'getelementptr' 'x_addr_533' <Predicate = true> <Delay = 0.00>
ST_125 : Operation 908 [2/2] (1.23ns)   --->   "%x_load_533 = load i9 %x_addr_533"   --->   Operation 908 'load' 'x_load_533' <Predicate = true> <Delay = 1.23> <CoreInst = "RAM">   --->   Core 83 'RAM' <Latency = 1> <II = 1> <Delay = 1.23> <Storage> <Opcode : 'load' 'store'> <Ports = 2> <Width = 8> <Depth = 320> <RAM>
ST_125 : Operation 909 [1/1] (0.00ns)   --->   "%x_addr_534 = getelementptr i8 %x, i64 0, i64 249"   --->   Operation 909 'getelementptr' 'x_addr_534' <Predicate = true> <Delay = 0.00>
ST_125 : Operation 910 [2/2] (1.23ns)   --->   "%x_load_534 = load i9 %x_addr_534"   --->   Operation 910 'load' 'x_load_534' <Predicate = true> <Delay = 1.23> <CoreInst = "RAM">   --->   Core 83 'RAM' <Latency = 1> <II = 1> <Delay = 1.23> <Storage> <Opcode : 'load' 'store'> <Ports = 2> <Width = 8> <Depth = 320> <RAM>

State 126 <SV = 125> <Delay = 1.23>
ST_126 : Operation 911 [1/2] (1.23ns)   --->   "%x_load_533 = load i9 %x_addr_533"   --->   Operation 911 'load' 'x_load_533' <Predicate = true> <Delay = 1.23> <CoreInst = "RAM">   --->   Core 83 'RAM' <Latency = 1> <II = 1> <Delay = 1.23> <Storage> <Opcode : 'load' 'store'> <Ports = 2> <Width = 8> <Depth = 320> <RAM>
ST_126 : Operation 912 [1/2] (1.23ns)   --->   "%x_load_534 = load i9 %x_addr_534"   --->   Operation 912 'load' 'x_load_534' <Predicate = true> <Delay = 1.23> <CoreInst = "RAM">   --->   Core 83 'RAM' <Latency = 1> <II = 1> <Delay = 1.23> <Storage> <Opcode : 'load' 'store'> <Ports = 2> <Width = 8> <Depth = 320> <RAM>
ST_126 : Operation 913 [1/1] (0.00ns)   --->   "%x_addr_535 = getelementptr i8 %x, i64 0, i64 250"   --->   Operation 913 'getelementptr' 'x_addr_535' <Predicate = true> <Delay = 0.00>
ST_126 : Operation 914 [2/2] (1.23ns)   --->   "%x_load_535 = load i9 %x_addr_535"   --->   Operation 914 'load' 'x_load_535' <Predicate = true> <Delay = 1.23> <CoreInst = "RAM">   --->   Core 83 'RAM' <Latency = 1> <II = 1> <Delay = 1.23> <Storage> <Opcode : 'load' 'store'> <Ports = 2> <Width = 8> <Depth = 320> <RAM>
ST_126 : Operation 915 [1/1] (0.00ns)   --->   "%x_addr_536 = getelementptr i8 %x, i64 0, i64 251"   --->   Operation 915 'getelementptr' 'x_addr_536' <Predicate = true> <Delay = 0.00>
ST_126 : Operation 916 [2/2] (1.23ns)   --->   "%x_load_536 = load i9 %x_addr_536"   --->   Operation 916 'load' 'x_load_536' <Predicate = true> <Delay = 1.23> <CoreInst = "RAM">   --->   Core 83 'RAM' <Latency = 1> <II = 1> <Delay = 1.23> <Storage> <Opcode : 'load' 'store'> <Ports = 2> <Width = 8> <Depth = 320> <RAM>

State 127 <SV = 126> <Delay = 1.23>
ST_127 : Operation 917 [1/2] (1.23ns)   --->   "%x_load_535 = load i9 %x_addr_535"   --->   Operation 917 'load' 'x_load_535' <Predicate = true> <Delay = 1.23> <CoreInst = "RAM">   --->   Core 83 'RAM' <Latency = 1> <II = 1> <Delay = 1.23> <Storage> <Opcode : 'load' 'store'> <Ports = 2> <Width = 8> <Depth = 320> <RAM>
ST_127 : Operation 918 [1/2] (1.23ns)   --->   "%x_load_536 = load i9 %x_addr_536"   --->   Operation 918 'load' 'x_load_536' <Predicate = true> <Delay = 1.23> <CoreInst = "RAM">   --->   Core 83 'RAM' <Latency = 1> <II = 1> <Delay = 1.23> <Storage> <Opcode : 'load' 'store'> <Ports = 2> <Width = 8> <Depth = 320> <RAM>
ST_127 : Operation 919 [1/1] (0.00ns)   --->   "%x_addr_537 = getelementptr i8 %x, i64 0, i64 252"   --->   Operation 919 'getelementptr' 'x_addr_537' <Predicate = true> <Delay = 0.00>
ST_127 : Operation 920 [2/2] (1.23ns)   --->   "%x_load_537 = load i9 %x_addr_537"   --->   Operation 920 'load' 'x_load_537' <Predicate = true> <Delay = 1.23> <CoreInst = "RAM">   --->   Core 83 'RAM' <Latency = 1> <II = 1> <Delay = 1.23> <Storage> <Opcode : 'load' 'store'> <Ports = 2> <Width = 8> <Depth = 320> <RAM>
ST_127 : Operation 921 [1/1] (0.00ns)   --->   "%x_addr_538 = getelementptr i8 %x, i64 0, i64 253"   --->   Operation 921 'getelementptr' 'x_addr_538' <Predicate = true> <Delay = 0.00>
ST_127 : Operation 922 [2/2] (1.23ns)   --->   "%x_load_538 = load i9 %x_addr_538"   --->   Operation 922 'load' 'x_load_538' <Predicate = true> <Delay = 1.23> <CoreInst = "RAM">   --->   Core 83 'RAM' <Latency = 1> <II = 1> <Delay = 1.23> <Storage> <Opcode : 'load' 'store'> <Ports = 2> <Width = 8> <Depth = 320> <RAM>

State 128 <SV = 127> <Delay = 1.23>
ST_128 : Operation 923 [1/2] (1.23ns)   --->   "%x_load_537 = load i9 %x_addr_537"   --->   Operation 923 'load' 'x_load_537' <Predicate = true> <Delay = 1.23> <CoreInst = "RAM">   --->   Core 83 'RAM' <Latency = 1> <II = 1> <Delay = 1.23> <Storage> <Opcode : 'load' 'store'> <Ports = 2> <Width = 8> <Depth = 320> <RAM>
ST_128 : Operation 924 [1/2] (1.23ns)   --->   "%x_load_538 = load i9 %x_addr_538"   --->   Operation 924 'load' 'x_load_538' <Predicate = true> <Delay = 1.23> <CoreInst = "RAM">   --->   Core 83 'RAM' <Latency = 1> <II = 1> <Delay = 1.23> <Storage> <Opcode : 'load' 'store'> <Ports = 2> <Width = 8> <Depth = 320> <RAM>
ST_128 : Operation 925 [1/1] (0.00ns)   --->   "%x_addr_539 = getelementptr i8 %x, i64 0, i64 254"   --->   Operation 925 'getelementptr' 'x_addr_539' <Predicate = true> <Delay = 0.00>
ST_128 : Operation 926 [2/2] (1.23ns)   --->   "%x_load_539 = load i9 %x_addr_539"   --->   Operation 926 'load' 'x_load_539' <Predicate = true> <Delay = 1.23> <CoreInst = "RAM">   --->   Core 83 'RAM' <Latency = 1> <II = 1> <Delay = 1.23> <Storage> <Opcode : 'load' 'store'> <Ports = 2> <Width = 8> <Depth = 320> <RAM>
ST_128 : Operation 927 [1/1] (0.00ns)   --->   "%x_addr_540 = getelementptr i8 %x, i64 0, i64 255"   --->   Operation 927 'getelementptr' 'x_addr_540' <Predicate = true> <Delay = 0.00>
ST_128 : Operation 928 [2/2] (1.23ns)   --->   "%x_load_540 = load i9 %x_addr_540"   --->   Operation 928 'load' 'x_load_540' <Predicate = true> <Delay = 1.23> <CoreInst = "RAM">   --->   Core 83 'RAM' <Latency = 1> <II = 1> <Delay = 1.23> <Storage> <Opcode : 'load' 'store'> <Ports = 2> <Width = 8> <Depth = 320> <RAM>

State 129 <SV = 128> <Delay = 1.23>
ST_129 : Operation 929 [1/2] (1.23ns)   --->   "%x_load_539 = load i9 %x_addr_539"   --->   Operation 929 'load' 'x_load_539' <Predicate = true> <Delay = 1.23> <CoreInst = "RAM">   --->   Core 83 'RAM' <Latency = 1> <II = 1> <Delay = 1.23> <Storage> <Opcode : 'load' 'store'> <Ports = 2> <Width = 8> <Depth = 320> <RAM>
ST_129 : Operation 930 [1/2] (1.23ns)   --->   "%x_load_540 = load i9 %x_addr_540"   --->   Operation 930 'load' 'x_load_540' <Predicate = true> <Delay = 1.23> <CoreInst = "RAM">   --->   Core 83 'RAM' <Latency = 1> <II = 1> <Delay = 1.23> <Storage> <Opcode : 'load' 'store'> <Ports = 2> <Width = 8> <Depth = 320> <RAM>
ST_129 : Operation 931 [1/1] (0.00ns)   --->   "%x_addr_541 = getelementptr i8 %x, i64 0, i64 256"   --->   Operation 931 'getelementptr' 'x_addr_541' <Predicate = true> <Delay = 0.00>
ST_129 : Operation 932 [2/2] (1.23ns)   --->   "%x_load_541 = load i9 %x_addr_541"   --->   Operation 932 'load' 'x_load_541' <Predicate = true> <Delay = 1.23> <CoreInst = "RAM">   --->   Core 83 'RAM' <Latency = 1> <II = 1> <Delay = 1.23> <Storage> <Opcode : 'load' 'store'> <Ports = 2> <Width = 8> <Depth = 320> <RAM>
ST_129 : Operation 933 [1/1] (0.00ns)   --->   "%x_addr_542 = getelementptr i8 %x, i64 0, i64 257"   --->   Operation 933 'getelementptr' 'x_addr_542' <Predicate = true> <Delay = 0.00>
ST_129 : Operation 934 [2/2] (1.23ns)   --->   "%x_load_542 = load i9 %x_addr_542"   --->   Operation 934 'load' 'x_load_542' <Predicate = true> <Delay = 1.23> <CoreInst = "RAM">   --->   Core 83 'RAM' <Latency = 1> <II = 1> <Delay = 1.23> <Storage> <Opcode : 'load' 'store'> <Ports = 2> <Width = 8> <Depth = 320> <RAM>

State 130 <SV = 129> <Delay = 1.23>
ST_130 : Operation 935 [1/2] (1.23ns)   --->   "%x_load_541 = load i9 %x_addr_541"   --->   Operation 935 'load' 'x_load_541' <Predicate = true> <Delay = 1.23> <CoreInst = "RAM">   --->   Core 83 'RAM' <Latency = 1> <II = 1> <Delay = 1.23> <Storage> <Opcode : 'load' 'store'> <Ports = 2> <Width = 8> <Depth = 320> <RAM>
ST_130 : Operation 936 [1/2] (1.23ns)   --->   "%x_load_542 = load i9 %x_addr_542"   --->   Operation 936 'load' 'x_load_542' <Predicate = true> <Delay = 1.23> <CoreInst = "RAM">   --->   Core 83 'RAM' <Latency = 1> <II = 1> <Delay = 1.23> <Storage> <Opcode : 'load' 'store'> <Ports = 2> <Width = 8> <Depth = 320> <RAM>
ST_130 : Operation 937 [1/1] (0.00ns)   --->   "%x_addr_543 = getelementptr i8 %x, i64 0, i64 258"   --->   Operation 937 'getelementptr' 'x_addr_543' <Predicate = true> <Delay = 0.00>
ST_130 : Operation 938 [2/2] (1.23ns)   --->   "%x_load_543 = load i9 %x_addr_543"   --->   Operation 938 'load' 'x_load_543' <Predicate = true> <Delay = 1.23> <CoreInst = "RAM">   --->   Core 83 'RAM' <Latency = 1> <II = 1> <Delay = 1.23> <Storage> <Opcode : 'load' 'store'> <Ports = 2> <Width = 8> <Depth = 320> <RAM>
ST_130 : Operation 939 [1/1] (0.00ns)   --->   "%x_addr_544 = getelementptr i8 %x, i64 0, i64 259"   --->   Operation 939 'getelementptr' 'x_addr_544' <Predicate = true> <Delay = 0.00>
ST_130 : Operation 940 [2/2] (1.23ns)   --->   "%x_load_544 = load i9 %x_addr_544"   --->   Operation 940 'load' 'x_load_544' <Predicate = true> <Delay = 1.23> <CoreInst = "RAM">   --->   Core 83 'RAM' <Latency = 1> <II = 1> <Delay = 1.23> <Storage> <Opcode : 'load' 'store'> <Ports = 2> <Width = 8> <Depth = 320> <RAM>

State 131 <SV = 130> <Delay = 1.23>
ST_131 : Operation 941 [1/2] (1.23ns)   --->   "%x_load_543 = load i9 %x_addr_543"   --->   Operation 941 'load' 'x_load_543' <Predicate = true> <Delay = 1.23> <CoreInst = "RAM">   --->   Core 83 'RAM' <Latency = 1> <II = 1> <Delay = 1.23> <Storage> <Opcode : 'load' 'store'> <Ports = 2> <Width = 8> <Depth = 320> <RAM>
ST_131 : Operation 942 [1/2] (1.23ns)   --->   "%x_load_544 = load i9 %x_addr_544"   --->   Operation 942 'load' 'x_load_544' <Predicate = true> <Delay = 1.23> <CoreInst = "RAM">   --->   Core 83 'RAM' <Latency = 1> <II = 1> <Delay = 1.23> <Storage> <Opcode : 'load' 'store'> <Ports = 2> <Width = 8> <Depth = 320> <RAM>
ST_131 : Operation 943 [1/1] (0.00ns)   --->   "%x_addr_545 = getelementptr i8 %x, i64 0, i64 260"   --->   Operation 943 'getelementptr' 'x_addr_545' <Predicate = true> <Delay = 0.00>
ST_131 : Operation 944 [2/2] (1.23ns)   --->   "%x_load_545 = load i9 %x_addr_545"   --->   Operation 944 'load' 'x_load_545' <Predicate = true> <Delay = 1.23> <CoreInst = "RAM">   --->   Core 83 'RAM' <Latency = 1> <II = 1> <Delay = 1.23> <Storage> <Opcode : 'load' 'store'> <Ports = 2> <Width = 8> <Depth = 320> <RAM>
ST_131 : Operation 945 [1/1] (0.00ns)   --->   "%x_addr_546 = getelementptr i8 %x, i64 0, i64 261"   --->   Operation 945 'getelementptr' 'x_addr_546' <Predicate = true> <Delay = 0.00>
ST_131 : Operation 946 [2/2] (1.23ns)   --->   "%x_load_546 = load i9 %x_addr_546"   --->   Operation 946 'load' 'x_load_546' <Predicate = true> <Delay = 1.23> <CoreInst = "RAM">   --->   Core 83 'RAM' <Latency = 1> <II = 1> <Delay = 1.23> <Storage> <Opcode : 'load' 'store'> <Ports = 2> <Width = 8> <Depth = 320> <RAM>

State 132 <SV = 131> <Delay = 1.23>
ST_132 : Operation 947 [1/2] (1.23ns)   --->   "%x_load_545 = load i9 %x_addr_545"   --->   Operation 947 'load' 'x_load_545' <Predicate = true> <Delay = 1.23> <CoreInst = "RAM">   --->   Core 83 'RAM' <Latency = 1> <II = 1> <Delay = 1.23> <Storage> <Opcode : 'load' 'store'> <Ports = 2> <Width = 8> <Depth = 320> <RAM>
ST_132 : Operation 948 [1/2] (1.23ns)   --->   "%x_load_546 = load i9 %x_addr_546"   --->   Operation 948 'load' 'x_load_546' <Predicate = true> <Delay = 1.23> <CoreInst = "RAM">   --->   Core 83 'RAM' <Latency = 1> <II = 1> <Delay = 1.23> <Storage> <Opcode : 'load' 'store'> <Ports = 2> <Width = 8> <Depth = 320> <RAM>
ST_132 : Operation 949 [1/1] (0.00ns)   --->   "%x_addr_547 = getelementptr i8 %x, i64 0, i64 262"   --->   Operation 949 'getelementptr' 'x_addr_547' <Predicate = true> <Delay = 0.00>
ST_132 : Operation 950 [2/2] (1.23ns)   --->   "%x_load_547 = load i9 %x_addr_547"   --->   Operation 950 'load' 'x_load_547' <Predicate = true> <Delay = 1.23> <CoreInst = "RAM">   --->   Core 83 'RAM' <Latency = 1> <II = 1> <Delay = 1.23> <Storage> <Opcode : 'load' 'store'> <Ports = 2> <Width = 8> <Depth = 320> <RAM>
ST_132 : Operation 951 [1/1] (0.00ns)   --->   "%x_addr_548 = getelementptr i8 %x, i64 0, i64 263"   --->   Operation 951 'getelementptr' 'x_addr_548' <Predicate = true> <Delay = 0.00>
ST_132 : Operation 952 [2/2] (1.23ns)   --->   "%x_load_548 = load i9 %x_addr_548"   --->   Operation 952 'load' 'x_load_548' <Predicate = true> <Delay = 1.23> <CoreInst = "RAM">   --->   Core 83 'RAM' <Latency = 1> <II = 1> <Delay = 1.23> <Storage> <Opcode : 'load' 'store'> <Ports = 2> <Width = 8> <Depth = 320> <RAM>

State 133 <SV = 132> <Delay = 1.23>
ST_133 : Operation 953 [1/2] (1.23ns)   --->   "%x_load_547 = load i9 %x_addr_547"   --->   Operation 953 'load' 'x_load_547' <Predicate = true> <Delay = 1.23> <CoreInst = "RAM">   --->   Core 83 'RAM' <Latency = 1> <II = 1> <Delay = 1.23> <Storage> <Opcode : 'load' 'store'> <Ports = 2> <Width = 8> <Depth = 320> <RAM>
ST_133 : Operation 954 [1/2] (1.23ns)   --->   "%x_load_548 = load i9 %x_addr_548"   --->   Operation 954 'load' 'x_load_548' <Predicate = true> <Delay = 1.23> <CoreInst = "RAM">   --->   Core 83 'RAM' <Latency = 1> <II = 1> <Delay = 1.23> <Storage> <Opcode : 'load' 'store'> <Ports = 2> <Width = 8> <Depth = 320> <RAM>
ST_133 : Operation 955 [1/1] (0.00ns)   --->   "%x_addr_549 = getelementptr i8 %x, i64 0, i64 264"   --->   Operation 955 'getelementptr' 'x_addr_549' <Predicate = true> <Delay = 0.00>
ST_133 : Operation 956 [2/2] (1.23ns)   --->   "%x_load_549 = load i9 %x_addr_549"   --->   Operation 956 'load' 'x_load_549' <Predicate = true> <Delay = 1.23> <CoreInst = "RAM">   --->   Core 83 'RAM' <Latency = 1> <II = 1> <Delay = 1.23> <Storage> <Opcode : 'load' 'store'> <Ports = 2> <Width = 8> <Depth = 320> <RAM>
ST_133 : Operation 957 [1/1] (0.00ns)   --->   "%x_addr_550 = getelementptr i8 %x, i64 0, i64 265"   --->   Operation 957 'getelementptr' 'x_addr_550' <Predicate = true> <Delay = 0.00>
ST_133 : Operation 958 [2/2] (1.23ns)   --->   "%x_load_550 = load i9 %x_addr_550"   --->   Operation 958 'load' 'x_load_550' <Predicate = true> <Delay = 1.23> <CoreInst = "RAM">   --->   Core 83 'RAM' <Latency = 1> <II = 1> <Delay = 1.23> <Storage> <Opcode : 'load' 'store'> <Ports = 2> <Width = 8> <Depth = 320> <RAM>

State 134 <SV = 133> <Delay = 1.23>
ST_134 : Operation 959 [1/2] (1.23ns)   --->   "%x_load_549 = load i9 %x_addr_549"   --->   Operation 959 'load' 'x_load_549' <Predicate = true> <Delay = 1.23> <CoreInst = "RAM">   --->   Core 83 'RAM' <Latency = 1> <II = 1> <Delay = 1.23> <Storage> <Opcode : 'load' 'store'> <Ports = 2> <Width = 8> <Depth = 320> <RAM>
ST_134 : Operation 960 [1/2] (1.23ns)   --->   "%x_load_550 = load i9 %x_addr_550"   --->   Operation 960 'load' 'x_load_550' <Predicate = true> <Delay = 1.23> <CoreInst = "RAM">   --->   Core 83 'RAM' <Latency = 1> <II = 1> <Delay = 1.23> <Storage> <Opcode : 'load' 'store'> <Ports = 2> <Width = 8> <Depth = 320> <RAM>
ST_134 : Operation 961 [1/1] (0.00ns)   --->   "%x_addr_551 = getelementptr i8 %x, i64 0, i64 266"   --->   Operation 961 'getelementptr' 'x_addr_551' <Predicate = true> <Delay = 0.00>
ST_134 : Operation 962 [2/2] (1.23ns)   --->   "%x_load_551 = load i9 %x_addr_551"   --->   Operation 962 'load' 'x_load_551' <Predicate = true> <Delay = 1.23> <CoreInst = "RAM">   --->   Core 83 'RAM' <Latency = 1> <II = 1> <Delay = 1.23> <Storage> <Opcode : 'load' 'store'> <Ports = 2> <Width = 8> <Depth = 320> <RAM>
ST_134 : Operation 963 [1/1] (0.00ns)   --->   "%x_addr_552 = getelementptr i8 %x, i64 0, i64 267"   --->   Operation 963 'getelementptr' 'x_addr_552' <Predicate = true> <Delay = 0.00>
ST_134 : Operation 964 [2/2] (1.23ns)   --->   "%x_load_552 = load i9 %x_addr_552"   --->   Operation 964 'load' 'x_load_552' <Predicate = true> <Delay = 1.23> <CoreInst = "RAM">   --->   Core 83 'RAM' <Latency = 1> <II = 1> <Delay = 1.23> <Storage> <Opcode : 'load' 'store'> <Ports = 2> <Width = 8> <Depth = 320> <RAM>

State 135 <SV = 134> <Delay = 1.23>
ST_135 : Operation 965 [1/2] (1.23ns)   --->   "%x_load_551 = load i9 %x_addr_551"   --->   Operation 965 'load' 'x_load_551' <Predicate = true> <Delay = 1.23> <CoreInst = "RAM">   --->   Core 83 'RAM' <Latency = 1> <II = 1> <Delay = 1.23> <Storage> <Opcode : 'load' 'store'> <Ports = 2> <Width = 8> <Depth = 320> <RAM>
ST_135 : Operation 966 [1/2] (1.23ns)   --->   "%x_load_552 = load i9 %x_addr_552"   --->   Operation 966 'load' 'x_load_552' <Predicate = true> <Delay = 1.23> <CoreInst = "RAM">   --->   Core 83 'RAM' <Latency = 1> <II = 1> <Delay = 1.23> <Storage> <Opcode : 'load' 'store'> <Ports = 2> <Width = 8> <Depth = 320> <RAM>
ST_135 : Operation 967 [1/1] (0.00ns)   --->   "%x_addr_553 = getelementptr i8 %x, i64 0, i64 268"   --->   Operation 967 'getelementptr' 'x_addr_553' <Predicate = true> <Delay = 0.00>
ST_135 : Operation 968 [2/2] (1.23ns)   --->   "%x_load_553 = load i9 %x_addr_553"   --->   Operation 968 'load' 'x_load_553' <Predicate = true> <Delay = 1.23> <CoreInst = "RAM">   --->   Core 83 'RAM' <Latency = 1> <II = 1> <Delay = 1.23> <Storage> <Opcode : 'load' 'store'> <Ports = 2> <Width = 8> <Depth = 320> <RAM>
ST_135 : Operation 969 [1/1] (0.00ns)   --->   "%x_addr_554 = getelementptr i8 %x, i64 0, i64 269"   --->   Operation 969 'getelementptr' 'x_addr_554' <Predicate = true> <Delay = 0.00>
ST_135 : Operation 970 [2/2] (1.23ns)   --->   "%x_load_554 = load i9 %x_addr_554"   --->   Operation 970 'load' 'x_load_554' <Predicate = true> <Delay = 1.23> <CoreInst = "RAM">   --->   Core 83 'RAM' <Latency = 1> <II = 1> <Delay = 1.23> <Storage> <Opcode : 'load' 'store'> <Ports = 2> <Width = 8> <Depth = 320> <RAM>

State 136 <SV = 135> <Delay = 1.23>
ST_136 : Operation 971 [1/2] (1.23ns)   --->   "%x_load_553 = load i9 %x_addr_553"   --->   Operation 971 'load' 'x_load_553' <Predicate = true> <Delay = 1.23> <CoreInst = "RAM">   --->   Core 83 'RAM' <Latency = 1> <II = 1> <Delay = 1.23> <Storage> <Opcode : 'load' 'store'> <Ports = 2> <Width = 8> <Depth = 320> <RAM>
ST_136 : Operation 972 [1/2] (1.23ns)   --->   "%x_load_554 = load i9 %x_addr_554"   --->   Operation 972 'load' 'x_load_554' <Predicate = true> <Delay = 1.23> <CoreInst = "RAM">   --->   Core 83 'RAM' <Latency = 1> <II = 1> <Delay = 1.23> <Storage> <Opcode : 'load' 'store'> <Ports = 2> <Width = 8> <Depth = 320> <RAM>
ST_136 : Operation 973 [1/1] (0.00ns)   --->   "%x_addr_555 = getelementptr i8 %x, i64 0, i64 270"   --->   Operation 973 'getelementptr' 'x_addr_555' <Predicate = true> <Delay = 0.00>
ST_136 : Operation 974 [2/2] (1.23ns)   --->   "%x_load_555 = load i9 %x_addr_555"   --->   Operation 974 'load' 'x_load_555' <Predicate = true> <Delay = 1.23> <CoreInst = "RAM">   --->   Core 83 'RAM' <Latency = 1> <II = 1> <Delay = 1.23> <Storage> <Opcode : 'load' 'store'> <Ports = 2> <Width = 8> <Depth = 320> <RAM>
ST_136 : Operation 975 [1/1] (0.00ns)   --->   "%x_addr_556 = getelementptr i8 %x, i64 0, i64 271"   --->   Operation 975 'getelementptr' 'x_addr_556' <Predicate = true> <Delay = 0.00>
ST_136 : Operation 976 [2/2] (1.23ns)   --->   "%x_load_556 = load i9 %x_addr_556"   --->   Operation 976 'load' 'x_load_556' <Predicate = true> <Delay = 1.23> <CoreInst = "RAM">   --->   Core 83 'RAM' <Latency = 1> <II = 1> <Delay = 1.23> <Storage> <Opcode : 'load' 'store'> <Ports = 2> <Width = 8> <Depth = 320> <RAM>

State 137 <SV = 136> <Delay = 1.23>
ST_137 : Operation 977 [1/2] (1.23ns)   --->   "%x_load_555 = load i9 %x_addr_555"   --->   Operation 977 'load' 'x_load_555' <Predicate = true> <Delay = 1.23> <CoreInst = "RAM">   --->   Core 83 'RAM' <Latency = 1> <II = 1> <Delay = 1.23> <Storage> <Opcode : 'load' 'store'> <Ports = 2> <Width = 8> <Depth = 320> <RAM>
ST_137 : Operation 978 [1/2] (1.23ns)   --->   "%x_load_556 = load i9 %x_addr_556"   --->   Operation 978 'load' 'x_load_556' <Predicate = true> <Delay = 1.23> <CoreInst = "RAM">   --->   Core 83 'RAM' <Latency = 1> <II = 1> <Delay = 1.23> <Storage> <Opcode : 'load' 'store'> <Ports = 2> <Width = 8> <Depth = 320> <RAM>
ST_137 : Operation 979 [1/1] (0.00ns)   --->   "%x_addr_557 = getelementptr i8 %x, i64 0, i64 272"   --->   Operation 979 'getelementptr' 'x_addr_557' <Predicate = true> <Delay = 0.00>
ST_137 : Operation 980 [2/2] (1.23ns)   --->   "%x_load_557 = load i9 %x_addr_557"   --->   Operation 980 'load' 'x_load_557' <Predicate = true> <Delay = 1.23> <CoreInst = "RAM">   --->   Core 83 'RAM' <Latency = 1> <II = 1> <Delay = 1.23> <Storage> <Opcode : 'load' 'store'> <Ports = 2> <Width = 8> <Depth = 320> <RAM>
ST_137 : Operation 981 [1/1] (0.00ns)   --->   "%x_addr_558 = getelementptr i8 %x, i64 0, i64 273"   --->   Operation 981 'getelementptr' 'x_addr_558' <Predicate = true> <Delay = 0.00>
ST_137 : Operation 982 [2/2] (1.23ns)   --->   "%x_load_558 = load i9 %x_addr_558"   --->   Operation 982 'load' 'x_load_558' <Predicate = true> <Delay = 1.23> <CoreInst = "RAM">   --->   Core 83 'RAM' <Latency = 1> <II = 1> <Delay = 1.23> <Storage> <Opcode : 'load' 'store'> <Ports = 2> <Width = 8> <Depth = 320> <RAM>

State 138 <SV = 137> <Delay = 1.23>
ST_138 : Operation 983 [1/2] (1.23ns)   --->   "%x_load_557 = load i9 %x_addr_557"   --->   Operation 983 'load' 'x_load_557' <Predicate = true> <Delay = 1.23> <CoreInst = "RAM">   --->   Core 83 'RAM' <Latency = 1> <II = 1> <Delay = 1.23> <Storage> <Opcode : 'load' 'store'> <Ports = 2> <Width = 8> <Depth = 320> <RAM>
ST_138 : Operation 984 [1/2] (1.23ns)   --->   "%x_load_558 = load i9 %x_addr_558"   --->   Operation 984 'load' 'x_load_558' <Predicate = true> <Delay = 1.23> <CoreInst = "RAM">   --->   Core 83 'RAM' <Latency = 1> <II = 1> <Delay = 1.23> <Storage> <Opcode : 'load' 'store'> <Ports = 2> <Width = 8> <Depth = 320> <RAM>
ST_138 : Operation 985 [1/1] (0.00ns)   --->   "%x_addr_559 = getelementptr i8 %x, i64 0, i64 274"   --->   Operation 985 'getelementptr' 'x_addr_559' <Predicate = true> <Delay = 0.00>
ST_138 : Operation 986 [2/2] (1.23ns)   --->   "%x_load_559 = load i9 %x_addr_559"   --->   Operation 986 'load' 'x_load_559' <Predicate = true> <Delay = 1.23> <CoreInst = "RAM">   --->   Core 83 'RAM' <Latency = 1> <II = 1> <Delay = 1.23> <Storage> <Opcode : 'load' 'store'> <Ports = 2> <Width = 8> <Depth = 320> <RAM>
ST_138 : Operation 987 [1/1] (0.00ns)   --->   "%x_addr_560 = getelementptr i8 %x, i64 0, i64 275"   --->   Operation 987 'getelementptr' 'x_addr_560' <Predicate = true> <Delay = 0.00>
ST_138 : Operation 988 [2/2] (1.23ns)   --->   "%x_load_560 = load i9 %x_addr_560"   --->   Operation 988 'load' 'x_load_560' <Predicate = true> <Delay = 1.23> <CoreInst = "RAM">   --->   Core 83 'RAM' <Latency = 1> <II = 1> <Delay = 1.23> <Storage> <Opcode : 'load' 'store'> <Ports = 2> <Width = 8> <Depth = 320> <RAM>

State 139 <SV = 138> <Delay = 1.23>
ST_139 : Operation 989 [1/2] (1.23ns)   --->   "%x_load_559 = load i9 %x_addr_559"   --->   Operation 989 'load' 'x_load_559' <Predicate = true> <Delay = 1.23> <CoreInst = "RAM">   --->   Core 83 'RAM' <Latency = 1> <II = 1> <Delay = 1.23> <Storage> <Opcode : 'load' 'store'> <Ports = 2> <Width = 8> <Depth = 320> <RAM>
ST_139 : Operation 990 [1/2] (1.23ns)   --->   "%x_load_560 = load i9 %x_addr_560"   --->   Operation 990 'load' 'x_load_560' <Predicate = true> <Delay = 1.23> <CoreInst = "RAM">   --->   Core 83 'RAM' <Latency = 1> <II = 1> <Delay = 1.23> <Storage> <Opcode : 'load' 'store'> <Ports = 2> <Width = 8> <Depth = 320> <RAM>
ST_139 : Operation 991 [1/1] (0.00ns)   --->   "%x_addr_561 = getelementptr i8 %x, i64 0, i64 276"   --->   Operation 991 'getelementptr' 'x_addr_561' <Predicate = true> <Delay = 0.00>
ST_139 : Operation 992 [2/2] (1.23ns)   --->   "%x_load_561 = load i9 %x_addr_561"   --->   Operation 992 'load' 'x_load_561' <Predicate = true> <Delay = 1.23> <CoreInst = "RAM">   --->   Core 83 'RAM' <Latency = 1> <II = 1> <Delay = 1.23> <Storage> <Opcode : 'load' 'store'> <Ports = 2> <Width = 8> <Depth = 320> <RAM>
ST_139 : Operation 993 [1/1] (0.00ns)   --->   "%x_addr_562 = getelementptr i8 %x, i64 0, i64 277"   --->   Operation 993 'getelementptr' 'x_addr_562' <Predicate = true> <Delay = 0.00>
ST_139 : Operation 994 [2/2] (1.23ns)   --->   "%x_load_562 = load i9 %x_addr_562"   --->   Operation 994 'load' 'x_load_562' <Predicate = true> <Delay = 1.23> <CoreInst = "RAM">   --->   Core 83 'RAM' <Latency = 1> <II = 1> <Delay = 1.23> <Storage> <Opcode : 'load' 'store'> <Ports = 2> <Width = 8> <Depth = 320> <RAM>

State 140 <SV = 139> <Delay = 1.23>
ST_140 : Operation 995 [1/2] (1.23ns)   --->   "%x_load_561 = load i9 %x_addr_561"   --->   Operation 995 'load' 'x_load_561' <Predicate = true> <Delay = 1.23> <CoreInst = "RAM">   --->   Core 83 'RAM' <Latency = 1> <II = 1> <Delay = 1.23> <Storage> <Opcode : 'load' 'store'> <Ports = 2> <Width = 8> <Depth = 320> <RAM>
ST_140 : Operation 996 [1/2] (1.23ns)   --->   "%x_load_562 = load i9 %x_addr_562"   --->   Operation 996 'load' 'x_load_562' <Predicate = true> <Delay = 1.23> <CoreInst = "RAM">   --->   Core 83 'RAM' <Latency = 1> <II = 1> <Delay = 1.23> <Storage> <Opcode : 'load' 'store'> <Ports = 2> <Width = 8> <Depth = 320> <RAM>
ST_140 : Operation 997 [1/1] (0.00ns)   --->   "%x_addr_563 = getelementptr i8 %x, i64 0, i64 278"   --->   Operation 997 'getelementptr' 'x_addr_563' <Predicate = true> <Delay = 0.00>
ST_140 : Operation 998 [2/2] (1.23ns)   --->   "%x_load_563 = load i9 %x_addr_563"   --->   Operation 998 'load' 'x_load_563' <Predicate = true> <Delay = 1.23> <CoreInst = "RAM">   --->   Core 83 'RAM' <Latency = 1> <II = 1> <Delay = 1.23> <Storage> <Opcode : 'load' 'store'> <Ports = 2> <Width = 8> <Depth = 320> <RAM>
ST_140 : Operation 999 [1/1] (0.00ns)   --->   "%x_addr_564 = getelementptr i8 %x, i64 0, i64 279"   --->   Operation 999 'getelementptr' 'x_addr_564' <Predicate = true> <Delay = 0.00>
ST_140 : Operation 1000 [2/2] (1.23ns)   --->   "%x_load_564 = load i9 %x_addr_564"   --->   Operation 1000 'load' 'x_load_564' <Predicate = true> <Delay = 1.23> <CoreInst = "RAM">   --->   Core 83 'RAM' <Latency = 1> <II = 1> <Delay = 1.23> <Storage> <Opcode : 'load' 'store'> <Ports = 2> <Width = 8> <Depth = 320> <RAM>

State 141 <SV = 140> <Delay = 1.23>
ST_141 : Operation 1001 [1/2] (1.23ns)   --->   "%x_load_563 = load i9 %x_addr_563"   --->   Operation 1001 'load' 'x_load_563' <Predicate = true> <Delay = 1.23> <CoreInst = "RAM">   --->   Core 83 'RAM' <Latency = 1> <II = 1> <Delay = 1.23> <Storage> <Opcode : 'load' 'store'> <Ports = 2> <Width = 8> <Depth = 320> <RAM>
ST_141 : Operation 1002 [1/2] (1.23ns)   --->   "%x_load_564 = load i9 %x_addr_564"   --->   Operation 1002 'load' 'x_load_564' <Predicate = true> <Delay = 1.23> <CoreInst = "RAM">   --->   Core 83 'RAM' <Latency = 1> <II = 1> <Delay = 1.23> <Storage> <Opcode : 'load' 'store'> <Ports = 2> <Width = 8> <Depth = 320> <RAM>
ST_141 : Operation 1003 [1/1] (0.00ns)   --->   "%x_addr_565 = getelementptr i8 %x, i64 0, i64 280"   --->   Operation 1003 'getelementptr' 'x_addr_565' <Predicate = true> <Delay = 0.00>
ST_141 : Operation 1004 [2/2] (1.23ns)   --->   "%x_load_565 = load i9 %x_addr_565"   --->   Operation 1004 'load' 'x_load_565' <Predicate = true> <Delay = 1.23> <CoreInst = "RAM">   --->   Core 83 'RAM' <Latency = 1> <II = 1> <Delay = 1.23> <Storage> <Opcode : 'load' 'store'> <Ports = 2> <Width = 8> <Depth = 320> <RAM>
ST_141 : Operation 1005 [1/1] (0.00ns)   --->   "%x_addr_566 = getelementptr i8 %x, i64 0, i64 281"   --->   Operation 1005 'getelementptr' 'x_addr_566' <Predicate = true> <Delay = 0.00>
ST_141 : Operation 1006 [2/2] (1.23ns)   --->   "%x_load_566 = load i9 %x_addr_566"   --->   Operation 1006 'load' 'x_load_566' <Predicate = true> <Delay = 1.23> <CoreInst = "RAM">   --->   Core 83 'RAM' <Latency = 1> <II = 1> <Delay = 1.23> <Storage> <Opcode : 'load' 'store'> <Ports = 2> <Width = 8> <Depth = 320> <RAM>

State 142 <SV = 141> <Delay = 1.23>
ST_142 : Operation 1007 [1/2] (1.23ns)   --->   "%x_load_565 = load i9 %x_addr_565"   --->   Operation 1007 'load' 'x_load_565' <Predicate = true> <Delay = 1.23> <CoreInst = "RAM">   --->   Core 83 'RAM' <Latency = 1> <II = 1> <Delay = 1.23> <Storage> <Opcode : 'load' 'store'> <Ports = 2> <Width = 8> <Depth = 320> <RAM>
ST_142 : Operation 1008 [1/2] (1.23ns)   --->   "%x_load_566 = load i9 %x_addr_566"   --->   Operation 1008 'load' 'x_load_566' <Predicate = true> <Delay = 1.23> <CoreInst = "RAM">   --->   Core 83 'RAM' <Latency = 1> <II = 1> <Delay = 1.23> <Storage> <Opcode : 'load' 'store'> <Ports = 2> <Width = 8> <Depth = 320> <RAM>
ST_142 : Operation 1009 [1/1] (0.00ns)   --->   "%x_addr_567 = getelementptr i8 %x, i64 0, i64 282"   --->   Operation 1009 'getelementptr' 'x_addr_567' <Predicate = true> <Delay = 0.00>
ST_142 : Operation 1010 [2/2] (1.23ns)   --->   "%x_load_567 = load i9 %x_addr_567"   --->   Operation 1010 'load' 'x_load_567' <Predicate = true> <Delay = 1.23> <CoreInst = "RAM">   --->   Core 83 'RAM' <Latency = 1> <II = 1> <Delay = 1.23> <Storage> <Opcode : 'load' 'store'> <Ports = 2> <Width = 8> <Depth = 320> <RAM>
ST_142 : Operation 1011 [1/1] (0.00ns)   --->   "%x_addr_568 = getelementptr i8 %x, i64 0, i64 283"   --->   Operation 1011 'getelementptr' 'x_addr_568' <Predicate = true> <Delay = 0.00>
ST_142 : Operation 1012 [2/2] (1.23ns)   --->   "%x_load_568 = load i9 %x_addr_568"   --->   Operation 1012 'load' 'x_load_568' <Predicate = true> <Delay = 1.23> <CoreInst = "RAM">   --->   Core 83 'RAM' <Latency = 1> <II = 1> <Delay = 1.23> <Storage> <Opcode : 'load' 'store'> <Ports = 2> <Width = 8> <Depth = 320> <RAM>

State 143 <SV = 142> <Delay = 1.23>
ST_143 : Operation 1013 [1/2] (1.23ns)   --->   "%x_load_567 = load i9 %x_addr_567"   --->   Operation 1013 'load' 'x_load_567' <Predicate = true> <Delay = 1.23> <CoreInst = "RAM">   --->   Core 83 'RAM' <Latency = 1> <II = 1> <Delay = 1.23> <Storage> <Opcode : 'load' 'store'> <Ports = 2> <Width = 8> <Depth = 320> <RAM>
ST_143 : Operation 1014 [1/2] (1.23ns)   --->   "%x_load_568 = load i9 %x_addr_568"   --->   Operation 1014 'load' 'x_load_568' <Predicate = true> <Delay = 1.23> <CoreInst = "RAM">   --->   Core 83 'RAM' <Latency = 1> <II = 1> <Delay = 1.23> <Storage> <Opcode : 'load' 'store'> <Ports = 2> <Width = 8> <Depth = 320> <RAM>
ST_143 : Operation 1015 [1/1] (0.00ns)   --->   "%x_addr_569 = getelementptr i8 %x, i64 0, i64 284"   --->   Operation 1015 'getelementptr' 'x_addr_569' <Predicate = true> <Delay = 0.00>
ST_143 : Operation 1016 [2/2] (1.23ns)   --->   "%x_load_569 = load i9 %x_addr_569"   --->   Operation 1016 'load' 'x_load_569' <Predicate = true> <Delay = 1.23> <CoreInst = "RAM">   --->   Core 83 'RAM' <Latency = 1> <II = 1> <Delay = 1.23> <Storage> <Opcode : 'load' 'store'> <Ports = 2> <Width = 8> <Depth = 320> <RAM>
ST_143 : Operation 1017 [1/1] (0.00ns)   --->   "%x_addr_570 = getelementptr i8 %x, i64 0, i64 285"   --->   Operation 1017 'getelementptr' 'x_addr_570' <Predicate = true> <Delay = 0.00>
ST_143 : Operation 1018 [2/2] (1.23ns)   --->   "%x_load_570 = load i9 %x_addr_570"   --->   Operation 1018 'load' 'x_load_570' <Predicate = true> <Delay = 1.23> <CoreInst = "RAM">   --->   Core 83 'RAM' <Latency = 1> <II = 1> <Delay = 1.23> <Storage> <Opcode : 'load' 'store'> <Ports = 2> <Width = 8> <Depth = 320> <RAM>

State 144 <SV = 143> <Delay = 1.23>
ST_144 : Operation 1019 [1/2] (1.23ns)   --->   "%x_load_569 = load i9 %x_addr_569"   --->   Operation 1019 'load' 'x_load_569' <Predicate = true> <Delay = 1.23> <CoreInst = "RAM">   --->   Core 83 'RAM' <Latency = 1> <II = 1> <Delay = 1.23> <Storage> <Opcode : 'load' 'store'> <Ports = 2> <Width = 8> <Depth = 320> <RAM>
ST_144 : Operation 1020 [1/2] (1.23ns)   --->   "%x_load_570 = load i9 %x_addr_570"   --->   Operation 1020 'load' 'x_load_570' <Predicate = true> <Delay = 1.23> <CoreInst = "RAM">   --->   Core 83 'RAM' <Latency = 1> <II = 1> <Delay = 1.23> <Storage> <Opcode : 'load' 'store'> <Ports = 2> <Width = 8> <Depth = 320> <RAM>
ST_144 : Operation 1021 [1/1] (0.00ns)   --->   "%x_addr_571 = getelementptr i8 %x, i64 0, i64 286"   --->   Operation 1021 'getelementptr' 'x_addr_571' <Predicate = true> <Delay = 0.00>
ST_144 : Operation 1022 [2/2] (1.23ns)   --->   "%x_load_571 = load i9 %x_addr_571"   --->   Operation 1022 'load' 'x_load_571' <Predicate = true> <Delay = 1.23> <CoreInst = "RAM">   --->   Core 83 'RAM' <Latency = 1> <II = 1> <Delay = 1.23> <Storage> <Opcode : 'load' 'store'> <Ports = 2> <Width = 8> <Depth = 320> <RAM>
ST_144 : Operation 1023 [1/1] (0.00ns)   --->   "%x_addr_572 = getelementptr i8 %x, i64 0, i64 287"   --->   Operation 1023 'getelementptr' 'x_addr_572' <Predicate = true> <Delay = 0.00>
ST_144 : Operation 1024 [2/2] (1.23ns)   --->   "%x_load_572 = load i9 %x_addr_572"   --->   Operation 1024 'load' 'x_load_572' <Predicate = true> <Delay = 1.23> <CoreInst = "RAM">   --->   Core 83 'RAM' <Latency = 1> <II = 1> <Delay = 1.23> <Storage> <Opcode : 'load' 'store'> <Ports = 2> <Width = 8> <Depth = 320> <RAM>

State 145 <SV = 144> <Delay = 1.23>
ST_145 : Operation 1025 [1/2] (1.23ns)   --->   "%x_load_571 = load i9 %x_addr_571"   --->   Operation 1025 'load' 'x_load_571' <Predicate = true> <Delay = 1.23> <CoreInst = "RAM">   --->   Core 83 'RAM' <Latency = 1> <II = 1> <Delay = 1.23> <Storage> <Opcode : 'load' 'store'> <Ports = 2> <Width = 8> <Depth = 320> <RAM>
ST_145 : Operation 1026 [1/2] (1.23ns)   --->   "%x_load_572 = load i9 %x_addr_572"   --->   Operation 1026 'load' 'x_load_572' <Predicate = true> <Delay = 1.23> <CoreInst = "RAM">   --->   Core 83 'RAM' <Latency = 1> <II = 1> <Delay = 1.23> <Storage> <Opcode : 'load' 'store'> <Ports = 2> <Width = 8> <Depth = 320> <RAM>
ST_145 : Operation 1027 [1/1] (0.00ns)   --->   "%x_addr_573 = getelementptr i8 %x, i64 0, i64 288"   --->   Operation 1027 'getelementptr' 'x_addr_573' <Predicate = true> <Delay = 0.00>
ST_145 : Operation 1028 [2/2] (1.23ns)   --->   "%x_load_573 = load i9 %x_addr_573"   --->   Operation 1028 'load' 'x_load_573' <Predicate = true> <Delay = 1.23> <CoreInst = "RAM">   --->   Core 83 'RAM' <Latency = 1> <II = 1> <Delay = 1.23> <Storage> <Opcode : 'load' 'store'> <Ports = 2> <Width = 8> <Depth = 320> <RAM>
ST_145 : Operation 1029 [1/1] (0.00ns)   --->   "%x_addr_574 = getelementptr i8 %x, i64 0, i64 289"   --->   Operation 1029 'getelementptr' 'x_addr_574' <Predicate = true> <Delay = 0.00>
ST_145 : Operation 1030 [2/2] (1.23ns)   --->   "%x_load_574 = load i9 %x_addr_574"   --->   Operation 1030 'load' 'x_load_574' <Predicate = true> <Delay = 1.23> <CoreInst = "RAM">   --->   Core 83 'RAM' <Latency = 1> <II = 1> <Delay = 1.23> <Storage> <Opcode : 'load' 'store'> <Ports = 2> <Width = 8> <Depth = 320> <RAM>

State 146 <SV = 145> <Delay = 1.23>
ST_146 : Operation 1031 [1/2] (1.23ns)   --->   "%x_load_573 = load i9 %x_addr_573"   --->   Operation 1031 'load' 'x_load_573' <Predicate = true> <Delay = 1.23> <CoreInst = "RAM">   --->   Core 83 'RAM' <Latency = 1> <II = 1> <Delay = 1.23> <Storage> <Opcode : 'load' 'store'> <Ports = 2> <Width = 8> <Depth = 320> <RAM>
ST_146 : Operation 1032 [1/2] (1.23ns)   --->   "%x_load_574 = load i9 %x_addr_574"   --->   Operation 1032 'load' 'x_load_574' <Predicate = true> <Delay = 1.23> <CoreInst = "RAM">   --->   Core 83 'RAM' <Latency = 1> <II = 1> <Delay = 1.23> <Storage> <Opcode : 'load' 'store'> <Ports = 2> <Width = 8> <Depth = 320> <RAM>
ST_146 : Operation 1033 [1/1] (0.00ns)   --->   "%x_addr_575 = getelementptr i8 %x, i64 0, i64 290"   --->   Operation 1033 'getelementptr' 'x_addr_575' <Predicate = true> <Delay = 0.00>
ST_146 : Operation 1034 [2/2] (1.23ns)   --->   "%x_load_575 = load i9 %x_addr_575"   --->   Operation 1034 'load' 'x_load_575' <Predicate = true> <Delay = 1.23> <CoreInst = "RAM">   --->   Core 83 'RAM' <Latency = 1> <II = 1> <Delay = 1.23> <Storage> <Opcode : 'load' 'store'> <Ports = 2> <Width = 8> <Depth = 320> <RAM>
ST_146 : Operation 1035 [1/1] (0.00ns)   --->   "%x_addr_576 = getelementptr i8 %x, i64 0, i64 291"   --->   Operation 1035 'getelementptr' 'x_addr_576' <Predicate = true> <Delay = 0.00>
ST_146 : Operation 1036 [2/2] (1.23ns)   --->   "%x_load_576 = load i9 %x_addr_576"   --->   Operation 1036 'load' 'x_load_576' <Predicate = true> <Delay = 1.23> <CoreInst = "RAM">   --->   Core 83 'RAM' <Latency = 1> <II = 1> <Delay = 1.23> <Storage> <Opcode : 'load' 'store'> <Ports = 2> <Width = 8> <Depth = 320> <RAM>

State 147 <SV = 146> <Delay = 1.23>
ST_147 : Operation 1037 [1/2] (1.23ns)   --->   "%x_load_575 = load i9 %x_addr_575"   --->   Operation 1037 'load' 'x_load_575' <Predicate = true> <Delay = 1.23> <CoreInst = "RAM">   --->   Core 83 'RAM' <Latency = 1> <II = 1> <Delay = 1.23> <Storage> <Opcode : 'load' 'store'> <Ports = 2> <Width = 8> <Depth = 320> <RAM>
ST_147 : Operation 1038 [1/2] (1.23ns)   --->   "%x_load_576 = load i9 %x_addr_576"   --->   Operation 1038 'load' 'x_load_576' <Predicate = true> <Delay = 1.23> <CoreInst = "RAM">   --->   Core 83 'RAM' <Latency = 1> <II = 1> <Delay = 1.23> <Storage> <Opcode : 'load' 'store'> <Ports = 2> <Width = 8> <Depth = 320> <RAM>
ST_147 : Operation 1039 [1/1] (0.00ns)   --->   "%x_addr_577 = getelementptr i8 %x, i64 0, i64 292"   --->   Operation 1039 'getelementptr' 'x_addr_577' <Predicate = true> <Delay = 0.00>
ST_147 : Operation 1040 [2/2] (1.23ns)   --->   "%x_load_577 = load i9 %x_addr_577"   --->   Operation 1040 'load' 'x_load_577' <Predicate = true> <Delay = 1.23> <CoreInst = "RAM">   --->   Core 83 'RAM' <Latency = 1> <II = 1> <Delay = 1.23> <Storage> <Opcode : 'load' 'store'> <Ports = 2> <Width = 8> <Depth = 320> <RAM>
ST_147 : Operation 1041 [1/1] (0.00ns)   --->   "%x_addr_578 = getelementptr i8 %x, i64 0, i64 293"   --->   Operation 1041 'getelementptr' 'x_addr_578' <Predicate = true> <Delay = 0.00>
ST_147 : Operation 1042 [2/2] (1.23ns)   --->   "%x_load_578 = load i9 %x_addr_578"   --->   Operation 1042 'load' 'x_load_578' <Predicate = true> <Delay = 1.23> <CoreInst = "RAM">   --->   Core 83 'RAM' <Latency = 1> <II = 1> <Delay = 1.23> <Storage> <Opcode : 'load' 'store'> <Ports = 2> <Width = 8> <Depth = 320> <RAM>

State 148 <SV = 147> <Delay = 1.23>
ST_148 : Operation 1043 [1/2] (1.23ns)   --->   "%x_load_577 = load i9 %x_addr_577"   --->   Operation 1043 'load' 'x_load_577' <Predicate = true> <Delay = 1.23> <CoreInst = "RAM">   --->   Core 83 'RAM' <Latency = 1> <II = 1> <Delay = 1.23> <Storage> <Opcode : 'load' 'store'> <Ports = 2> <Width = 8> <Depth = 320> <RAM>
ST_148 : Operation 1044 [1/2] (1.23ns)   --->   "%x_load_578 = load i9 %x_addr_578"   --->   Operation 1044 'load' 'x_load_578' <Predicate = true> <Delay = 1.23> <CoreInst = "RAM">   --->   Core 83 'RAM' <Latency = 1> <II = 1> <Delay = 1.23> <Storage> <Opcode : 'load' 'store'> <Ports = 2> <Width = 8> <Depth = 320> <RAM>
ST_148 : Operation 1045 [1/1] (0.00ns)   --->   "%x_addr_579 = getelementptr i8 %x, i64 0, i64 294"   --->   Operation 1045 'getelementptr' 'x_addr_579' <Predicate = true> <Delay = 0.00>
ST_148 : Operation 1046 [2/2] (1.23ns)   --->   "%x_load_579 = load i9 %x_addr_579"   --->   Operation 1046 'load' 'x_load_579' <Predicate = true> <Delay = 1.23> <CoreInst = "RAM">   --->   Core 83 'RAM' <Latency = 1> <II = 1> <Delay = 1.23> <Storage> <Opcode : 'load' 'store'> <Ports = 2> <Width = 8> <Depth = 320> <RAM>
ST_148 : Operation 1047 [1/1] (0.00ns)   --->   "%x_addr_580 = getelementptr i8 %x, i64 0, i64 295"   --->   Operation 1047 'getelementptr' 'x_addr_580' <Predicate = true> <Delay = 0.00>
ST_148 : Operation 1048 [2/2] (1.23ns)   --->   "%x_load_580 = load i9 %x_addr_580"   --->   Operation 1048 'load' 'x_load_580' <Predicate = true> <Delay = 1.23> <CoreInst = "RAM">   --->   Core 83 'RAM' <Latency = 1> <II = 1> <Delay = 1.23> <Storage> <Opcode : 'load' 'store'> <Ports = 2> <Width = 8> <Depth = 320> <RAM>

State 149 <SV = 148> <Delay = 1.23>
ST_149 : Operation 1049 [1/2] (1.23ns)   --->   "%x_load_579 = load i9 %x_addr_579"   --->   Operation 1049 'load' 'x_load_579' <Predicate = true> <Delay = 1.23> <CoreInst = "RAM">   --->   Core 83 'RAM' <Latency = 1> <II = 1> <Delay = 1.23> <Storage> <Opcode : 'load' 'store'> <Ports = 2> <Width = 8> <Depth = 320> <RAM>
ST_149 : Operation 1050 [1/2] (1.23ns)   --->   "%x_load_580 = load i9 %x_addr_580"   --->   Operation 1050 'load' 'x_load_580' <Predicate = true> <Delay = 1.23> <CoreInst = "RAM">   --->   Core 83 'RAM' <Latency = 1> <II = 1> <Delay = 1.23> <Storage> <Opcode : 'load' 'store'> <Ports = 2> <Width = 8> <Depth = 320> <RAM>
ST_149 : Operation 1051 [1/1] (0.00ns)   --->   "%x_addr_581 = getelementptr i8 %x, i64 0, i64 296"   --->   Operation 1051 'getelementptr' 'x_addr_581' <Predicate = true> <Delay = 0.00>
ST_149 : Operation 1052 [2/2] (1.23ns)   --->   "%x_load_581 = load i9 %x_addr_581"   --->   Operation 1052 'load' 'x_load_581' <Predicate = true> <Delay = 1.23> <CoreInst = "RAM">   --->   Core 83 'RAM' <Latency = 1> <II = 1> <Delay = 1.23> <Storage> <Opcode : 'load' 'store'> <Ports = 2> <Width = 8> <Depth = 320> <RAM>
ST_149 : Operation 1053 [1/1] (0.00ns)   --->   "%x_addr_582 = getelementptr i8 %x, i64 0, i64 297"   --->   Operation 1053 'getelementptr' 'x_addr_582' <Predicate = true> <Delay = 0.00>
ST_149 : Operation 1054 [2/2] (1.23ns)   --->   "%x_load_582 = load i9 %x_addr_582"   --->   Operation 1054 'load' 'x_load_582' <Predicate = true> <Delay = 1.23> <CoreInst = "RAM">   --->   Core 83 'RAM' <Latency = 1> <II = 1> <Delay = 1.23> <Storage> <Opcode : 'load' 'store'> <Ports = 2> <Width = 8> <Depth = 320> <RAM>

State 150 <SV = 149> <Delay = 1.23>
ST_150 : Operation 1055 [1/2] (1.23ns)   --->   "%x_load_581 = load i9 %x_addr_581"   --->   Operation 1055 'load' 'x_load_581' <Predicate = true> <Delay = 1.23> <CoreInst = "RAM">   --->   Core 83 'RAM' <Latency = 1> <II = 1> <Delay = 1.23> <Storage> <Opcode : 'load' 'store'> <Ports = 2> <Width = 8> <Depth = 320> <RAM>
ST_150 : Operation 1056 [1/2] (1.23ns)   --->   "%x_load_582 = load i9 %x_addr_582"   --->   Operation 1056 'load' 'x_load_582' <Predicate = true> <Delay = 1.23> <CoreInst = "RAM">   --->   Core 83 'RAM' <Latency = 1> <II = 1> <Delay = 1.23> <Storage> <Opcode : 'load' 'store'> <Ports = 2> <Width = 8> <Depth = 320> <RAM>
ST_150 : Operation 1057 [1/1] (0.00ns)   --->   "%x_addr_583 = getelementptr i8 %x, i64 0, i64 298"   --->   Operation 1057 'getelementptr' 'x_addr_583' <Predicate = true> <Delay = 0.00>
ST_150 : Operation 1058 [2/2] (1.23ns)   --->   "%x_load_583 = load i9 %x_addr_583"   --->   Operation 1058 'load' 'x_load_583' <Predicate = true> <Delay = 1.23> <CoreInst = "RAM">   --->   Core 83 'RAM' <Latency = 1> <II = 1> <Delay = 1.23> <Storage> <Opcode : 'load' 'store'> <Ports = 2> <Width = 8> <Depth = 320> <RAM>
ST_150 : Operation 1059 [1/1] (0.00ns)   --->   "%x_addr_584 = getelementptr i8 %x, i64 0, i64 299"   --->   Operation 1059 'getelementptr' 'x_addr_584' <Predicate = true> <Delay = 0.00>
ST_150 : Operation 1060 [2/2] (1.23ns)   --->   "%x_load_584 = load i9 %x_addr_584"   --->   Operation 1060 'load' 'x_load_584' <Predicate = true> <Delay = 1.23> <CoreInst = "RAM">   --->   Core 83 'RAM' <Latency = 1> <II = 1> <Delay = 1.23> <Storage> <Opcode : 'load' 'store'> <Ports = 2> <Width = 8> <Depth = 320> <RAM>

State 151 <SV = 150> <Delay = 1.23>
ST_151 : Operation 1061 [1/2] (1.23ns)   --->   "%x_load_583 = load i9 %x_addr_583"   --->   Operation 1061 'load' 'x_load_583' <Predicate = true> <Delay = 1.23> <CoreInst = "RAM">   --->   Core 83 'RAM' <Latency = 1> <II = 1> <Delay = 1.23> <Storage> <Opcode : 'load' 'store'> <Ports = 2> <Width = 8> <Depth = 320> <RAM>
ST_151 : Operation 1062 [1/2] (1.23ns)   --->   "%x_load_584 = load i9 %x_addr_584"   --->   Operation 1062 'load' 'x_load_584' <Predicate = true> <Delay = 1.23> <CoreInst = "RAM">   --->   Core 83 'RAM' <Latency = 1> <II = 1> <Delay = 1.23> <Storage> <Opcode : 'load' 'store'> <Ports = 2> <Width = 8> <Depth = 320> <RAM>
ST_151 : Operation 1063 [1/1] (0.00ns)   --->   "%x_addr_585 = getelementptr i8 %x, i64 0, i64 300"   --->   Operation 1063 'getelementptr' 'x_addr_585' <Predicate = true> <Delay = 0.00>
ST_151 : Operation 1064 [2/2] (1.23ns)   --->   "%x_load_585 = load i9 %x_addr_585"   --->   Operation 1064 'load' 'x_load_585' <Predicate = true> <Delay = 1.23> <CoreInst = "RAM">   --->   Core 83 'RAM' <Latency = 1> <II = 1> <Delay = 1.23> <Storage> <Opcode : 'load' 'store'> <Ports = 2> <Width = 8> <Depth = 320> <RAM>
ST_151 : Operation 1065 [1/1] (0.00ns)   --->   "%x_addr_586 = getelementptr i8 %x, i64 0, i64 301"   --->   Operation 1065 'getelementptr' 'x_addr_586' <Predicate = true> <Delay = 0.00>
ST_151 : Operation 1066 [2/2] (1.23ns)   --->   "%x_load_586 = load i9 %x_addr_586"   --->   Operation 1066 'load' 'x_load_586' <Predicate = true> <Delay = 1.23> <CoreInst = "RAM">   --->   Core 83 'RAM' <Latency = 1> <II = 1> <Delay = 1.23> <Storage> <Opcode : 'load' 'store'> <Ports = 2> <Width = 8> <Depth = 320> <RAM>

State 152 <SV = 151> <Delay = 1.23>
ST_152 : Operation 1067 [1/2] (1.23ns)   --->   "%x_load_585 = load i9 %x_addr_585"   --->   Operation 1067 'load' 'x_load_585' <Predicate = true> <Delay = 1.23> <CoreInst = "RAM">   --->   Core 83 'RAM' <Latency = 1> <II = 1> <Delay = 1.23> <Storage> <Opcode : 'load' 'store'> <Ports = 2> <Width = 8> <Depth = 320> <RAM>
ST_152 : Operation 1068 [1/2] (1.23ns)   --->   "%x_load_586 = load i9 %x_addr_586"   --->   Operation 1068 'load' 'x_load_586' <Predicate = true> <Delay = 1.23> <CoreInst = "RAM">   --->   Core 83 'RAM' <Latency = 1> <II = 1> <Delay = 1.23> <Storage> <Opcode : 'load' 'store'> <Ports = 2> <Width = 8> <Depth = 320> <RAM>
ST_152 : Operation 1069 [1/1] (0.00ns)   --->   "%x_addr_587 = getelementptr i8 %x, i64 0, i64 302"   --->   Operation 1069 'getelementptr' 'x_addr_587' <Predicate = true> <Delay = 0.00>
ST_152 : Operation 1070 [2/2] (1.23ns)   --->   "%x_load_587 = load i9 %x_addr_587"   --->   Operation 1070 'load' 'x_load_587' <Predicate = true> <Delay = 1.23> <CoreInst = "RAM">   --->   Core 83 'RAM' <Latency = 1> <II = 1> <Delay = 1.23> <Storage> <Opcode : 'load' 'store'> <Ports = 2> <Width = 8> <Depth = 320> <RAM>
ST_152 : Operation 1071 [1/1] (0.00ns)   --->   "%x_addr_588 = getelementptr i8 %x, i64 0, i64 303"   --->   Operation 1071 'getelementptr' 'x_addr_588' <Predicate = true> <Delay = 0.00>
ST_152 : Operation 1072 [2/2] (1.23ns)   --->   "%x_load_588 = load i9 %x_addr_588"   --->   Operation 1072 'load' 'x_load_588' <Predicate = true> <Delay = 1.23> <CoreInst = "RAM">   --->   Core 83 'RAM' <Latency = 1> <II = 1> <Delay = 1.23> <Storage> <Opcode : 'load' 'store'> <Ports = 2> <Width = 8> <Depth = 320> <RAM>

State 153 <SV = 152> <Delay = 1.23>
ST_153 : Operation 1073 [1/2] (1.23ns)   --->   "%x_load_587 = load i9 %x_addr_587"   --->   Operation 1073 'load' 'x_load_587' <Predicate = true> <Delay = 1.23> <CoreInst = "RAM">   --->   Core 83 'RAM' <Latency = 1> <II = 1> <Delay = 1.23> <Storage> <Opcode : 'load' 'store'> <Ports = 2> <Width = 8> <Depth = 320> <RAM>
ST_153 : Operation 1074 [1/2] (1.23ns)   --->   "%x_load_588 = load i9 %x_addr_588"   --->   Operation 1074 'load' 'x_load_588' <Predicate = true> <Delay = 1.23> <CoreInst = "RAM">   --->   Core 83 'RAM' <Latency = 1> <II = 1> <Delay = 1.23> <Storage> <Opcode : 'load' 'store'> <Ports = 2> <Width = 8> <Depth = 320> <RAM>
ST_153 : Operation 1075 [1/1] (0.00ns)   --->   "%x_addr_589 = getelementptr i8 %x, i64 0, i64 304"   --->   Operation 1075 'getelementptr' 'x_addr_589' <Predicate = true> <Delay = 0.00>
ST_153 : Operation 1076 [2/2] (1.23ns)   --->   "%x_load_589 = load i9 %x_addr_589"   --->   Operation 1076 'load' 'x_load_589' <Predicate = true> <Delay = 1.23> <CoreInst = "RAM">   --->   Core 83 'RAM' <Latency = 1> <II = 1> <Delay = 1.23> <Storage> <Opcode : 'load' 'store'> <Ports = 2> <Width = 8> <Depth = 320> <RAM>
ST_153 : Operation 1077 [1/1] (0.00ns)   --->   "%x_addr_590 = getelementptr i8 %x, i64 0, i64 305"   --->   Operation 1077 'getelementptr' 'x_addr_590' <Predicate = true> <Delay = 0.00>
ST_153 : Operation 1078 [2/2] (1.23ns)   --->   "%x_load_590 = load i9 %x_addr_590"   --->   Operation 1078 'load' 'x_load_590' <Predicate = true> <Delay = 1.23> <CoreInst = "RAM">   --->   Core 83 'RAM' <Latency = 1> <II = 1> <Delay = 1.23> <Storage> <Opcode : 'load' 'store'> <Ports = 2> <Width = 8> <Depth = 320> <RAM>

State 154 <SV = 153> <Delay = 1.23>
ST_154 : Operation 1079 [1/2] (1.23ns)   --->   "%x_load_589 = load i9 %x_addr_589"   --->   Operation 1079 'load' 'x_load_589' <Predicate = true> <Delay = 1.23> <CoreInst = "RAM">   --->   Core 83 'RAM' <Latency = 1> <II = 1> <Delay = 1.23> <Storage> <Opcode : 'load' 'store'> <Ports = 2> <Width = 8> <Depth = 320> <RAM>
ST_154 : Operation 1080 [1/2] (1.23ns)   --->   "%x_load_590 = load i9 %x_addr_590"   --->   Operation 1080 'load' 'x_load_590' <Predicate = true> <Delay = 1.23> <CoreInst = "RAM">   --->   Core 83 'RAM' <Latency = 1> <II = 1> <Delay = 1.23> <Storage> <Opcode : 'load' 'store'> <Ports = 2> <Width = 8> <Depth = 320> <RAM>
ST_154 : Operation 1081 [1/1] (0.00ns)   --->   "%x_addr_591 = getelementptr i8 %x, i64 0, i64 306"   --->   Operation 1081 'getelementptr' 'x_addr_591' <Predicate = true> <Delay = 0.00>
ST_154 : Operation 1082 [2/2] (1.23ns)   --->   "%x_load_591 = load i9 %x_addr_591"   --->   Operation 1082 'load' 'x_load_591' <Predicate = true> <Delay = 1.23> <CoreInst = "RAM">   --->   Core 83 'RAM' <Latency = 1> <II = 1> <Delay = 1.23> <Storage> <Opcode : 'load' 'store'> <Ports = 2> <Width = 8> <Depth = 320> <RAM>
ST_154 : Operation 1083 [1/1] (0.00ns)   --->   "%x_addr_592 = getelementptr i8 %x, i64 0, i64 307"   --->   Operation 1083 'getelementptr' 'x_addr_592' <Predicate = true> <Delay = 0.00>
ST_154 : Operation 1084 [2/2] (1.23ns)   --->   "%x_load_592 = load i9 %x_addr_592"   --->   Operation 1084 'load' 'x_load_592' <Predicate = true> <Delay = 1.23> <CoreInst = "RAM">   --->   Core 83 'RAM' <Latency = 1> <II = 1> <Delay = 1.23> <Storage> <Opcode : 'load' 'store'> <Ports = 2> <Width = 8> <Depth = 320> <RAM>

State 155 <SV = 154> <Delay = 1.23>
ST_155 : Operation 1085 [1/2] (1.23ns)   --->   "%x_load_591 = load i9 %x_addr_591"   --->   Operation 1085 'load' 'x_load_591' <Predicate = true> <Delay = 1.23> <CoreInst = "RAM">   --->   Core 83 'RAM' <Latency = 1> <II = 1> <Delay = 1.23> <Storage> <Opcode : 'load' 'store'> <Ports = 2> <Width = 8> <Depth = 320> <RAM>
ST_155 : Operation 1086 [1/2] (1.23ns)   --->   "%x_load_592 = load i9 %x_addr_592"   --->   Operation 1086 'load' 'x_load_592' <Predicate = true> <Delay = 1.23> <CoreInst = "RAM">   --->   Core 83 'RAM' <Latency = 1> <II = 1> <Delay = 1.23> <Storage> <Opcode : 'load' 'store'> <Ports = 2> <Width = 8> <Depth = 320> <RAM>
ST_155 : Operation 1087 [1/1] (0.00ns)   --->   "%x_addr_593 = getelementptr i8 %x, i64 0, i64 308"   --->   Operation 1087 'getelementptr' 'x_addr_593' <Predicate = true> <Delay = 0.00>
ST_155 : Operation 1088 [2/2] (1.23ns)   --->   "%x_load_593 = load i9 %x_addr_593"   --->   Operation 1088 'load' 'x_load_593' <Predicate = true> <Delay = 1.23> <CoreInst = "RAM">   --->   Core 83 'RAM' <Latency = 1> <II = 1> <Delay = 1.23> <Storage> <Opcode : 'load' 'store'> <Ports = 2> <Width = 8> <Depth = 320> <RAM>
ST_155 : Operation 1089 [1/1] (0.00ns)   --->   "%x_addr_594 = getelementptr i8 %x, i64 0, i64 309"   --->   Operation 1089 'getelementptr' 'x_addr_594' <Predicate = true> <Delay = 0.00>
ST_155 : Operation 1090 [2/2] (1.23ns)   --->   "%x_load_594 = load i9 %x_addr_594"   --->   Operation 1090 'load' 'x_load_594' <Predicate = true> <Delay = 1.23> <CoreInst = "RAM">   --->   Core 83 'RAM' <Latency = 1> <II = 1> <Delay = 1.23> <Storage> <Opcode : 'load' 'store'> <Ports = 2> <Width = 8> <Depth = 320> <RAM>

State 156 <SV = 155> <Delay = 1.23>
ST_156 : Operation 1091 [1/2] (1.23ns)   --->   "%x_load_593 = load i9 %x_addr_593"   --->   Operation 1091 'load' 'x_load_593' <Predicate = true> <Delay = 1.23> <CoreInst = "RAM">   --->   Core 83 'RAM' <Latency = 1> <II = 1> <Delay = 1.23> <Storage> <Opcode : 'load' 'store'> <Ports = 2> <Width = 8> <Depth = 320> <RAM>
ST_156 : Operation 1092 [1/2] (1.23ns)   --->   "%x_load_594 = load i9 %x_addr_594"   --->   Operation 1092 'load' 'x_load_594' <Predicate = true> <Delay = 1.23> <CoreInst = "RAM">   --->   Core 83 'RAM' <Latency = 1> <II = 1> <Delay = 1.23> <Storage> <Opcode : 'load' 'store'> <Ports = 2> <Width = 8> <Depth = 320> <RAM>
ST_156 : Operation 1093 [1/1] (0.00ns)   --->   "%x_addr_595 = getelementptr i8 %x, i64 0, i64 310"   --->   Operation 1093 'getelementptr' 'x_addr_595' <Predicate = true> <Delay = 0.00>
ST_156 : Operation 1094 [2/2] (1.23ns)   --->   "%x_load_595 = load i9 %x_addr_595"   --->   Operation 1094 'load' 'x_load_595' <Predicate = true> <Delay = 1.23> <CoreInst = "RAM">   --->   Core 83 'RAM' <Latency = 1> <II = 1> <Delay = 1.23> <Storage> <Opcode : 'load' 'store'> <Ports = 2> <Width = 8> <Depth = 320> <RAM>
ST_156 : Operation 1095 [1/1] (0.00ns)   --->   "%x_addr_596 = getelementptr i8 %x, i64 0, i64 311"   --->   Operation 1095 'getelementptr' 'x_addr_596' <Predicate = true> <Delay = 0.00>
ST_156 : Operation 1096 [2/2] (1.23ns)   --->   "%x_load_596 = load i9 %x_addr_596"   --->   Operation 1096 'load' 'x_load_596' <Predicate = true> <Delay = 1.23> <CoreInst = "RAM">   --->   Core 83 'RAM' <Latency = 1> <II = 1> <Delay = 1.23> <Storage> <Opcode : 'load' 'store'> <Ports = 2> <Width = 8> <Depth = 320> <RAM>

State 157 <SV = 156> <Delay = 1.23>
ST_157 : Operation 1097 [1/2] (1.23ns)   --->   "%x_load_595 = load i9 %x_addr_595"   --->   Operation 1097 'load' 'x_load_595' <Predicate = true> <Delay = 1.23> <CoreInst = "RAM">   --->   Core 83 'RAM' <Latency = 1> <II = 1> <Delay = 1.23> <Storage> <Opcode : 'load' 'store'> <Ports = 2> <Width = 8> <Depth = 320> <RAM>
ST_157 : Operation 1098 [1/2] (1.23ns)   --->   "%x_load_596 = load i9 %x_addr_596"   --->   Operation 1098 'load' 'x_load_596' <Predicate = true> <Delay = 1.23> <CoreInst = "RAM">   --->   Core 83 'RAM' <Latency = 1> <II = 1> <Delay = 1.23> <Storage> <Opcode : 'load' 'store'> <Ports = 2> <Width = 8> <Depth = 320> <RAM>
ST_157 : Operation 1099 [1/1] (0.00ns)   --->   "%x_addr_597 = getelementptr i8 %x, i64 0, i64 312"   --->   Operation 1099 'getelementptr' 'x_addr_597' <Predicate = true> <Delay = 0.00>
ST_157 : Operation 1100 [2/2] (1.23ns)   --->   "%x_load_597 = load i9 %x_addr_597"   --->   Operation 1100 'load' 'x_load_597' <Predicate = true> <Delay = 1.23> <CoreInst = "RAM">   --->   Core 83 'RAM' <Latency = 1> <II = 1> <Delay = 1.23> <Storage> <Opcode : 'load' 'store'> <Ports = 2> <Width = 8> <Depth = 320> <RAM>
ST_157 : Operation 1101 [1/1] (0.00ns)   --->   "%x_addr_598 = getelementptr i8 %x, i64 0, i64 313"   --->   Operation 1101 'getelementptr' 'x_addr_598' <Predicate = true> <Delay = 0.00>
ST_157 : Operation 1102 [2/2] (1.23ns)   --->   "%x_load_598 = load i9 %x_addr_598"   --->   Operation 1102 'load' 'x_load_598' <Predicate = true> <Delay = 1.23> <CoreInst = "RAM">   --->   Core 83 'RAM' <Latency = 1> <II = 1> <Delay = 1.23> <Storage> <Opcode : 'load' 'store'> <Ports = 2> <Width = 8> <Depth = 320> <RAM>

State 158 <SV = 157> <Delay = 1.23>
ST_158 : Operation 1103 [1/2] (1.23ns)   --->   "%x_load_597 = load i9 %x_addr_597"   --->   Operation 1103 'load' 'x_load_597' <Predicate = true> <Delay = 1.23> <CoreInst = "RAM">   --->   Core 83 'RAM' <Latency = 1> <II = 1> <Delay = 1.23> <Storage> <Opcode : 'load' 'store'> <Ports = 2> <Width = 8> <Depth = 320> <RAM>
ST_158 : Operation 1104 [1/2] (1.23ns)   --->   "%x_load_598 = load i9 %x_addr_598"   --->   Operation 1104 'load' 'x_load_598' <Predicate = true> <Delay = 1.23> <CoreInst = "RAM">   --->   Core 83 'RAM' <Latency = 1> <II = 1> <Delay = 1.23> <Storage> <Opcode : 'load' 'store'> <Ports = 2> <Width = 8> <Depth = 320> <RAM>
ST_158 : Operation 1105 [1/1] (0.00ns)   --->   "%x_addr_599 = getelementptr i8 %x, i64 0, i64 314"   --->   Operation 1105 'getelementptr' 'x_addr_599' <Predicate = true> <Delay = 0.00>
ST_158 : Operation 1106 [2/2] (1.23ns)   --->   "%x_load_599 = load i9 %x_addr_599"   --->   Operation 1106 'load' 'x_load_599' <Predicate = true> <Delay = 1.23> <CoreInst = "RAM">   --->   Core 83 'RAM' <Latency = 1> <II = 1> <Delay = 1.23> <Storage> <Opcode : 'load' 'store'> <Ports = 2> <Width = 8> <Depth = 320> <RAM>
ST_158 : Operation 1107 [1/1] (0.00ns)   --->   "%x_addr_600 = getelementptr i8 %x, i64 0, i64 315"   --->   Operation 1107 'getelementptr' 'x_addr_600' <Predicate = true> <Delay = 0.00>
ST_158 : Operation 1108 [2/2] (1.23ns)   --->   "%x_load_600 = load i9 %x_addr_600"   --->   Operation 1108 'load' 'x_load_600' <Predicate = true> <Delay = 1.23> <CoreInst = "RAM">   --->   Core 83 'RAM' <Latency = 1> <II = 1> <Delay = 1.23> <Storage> <Opcode : 'load' 'store'> <Ports = 2> <Width = 8> <Depth = 320> <RAM>

State 159 <SV = 158> <Delay = 1.23>
ST_159 : Operation 1109 [1/2] (1.23ns)   --->   "%x_load_599 = load i9 %x_addr_599"   --->   Operation 1109 'load' 'x_load_599' <Predicate = true> <Delay = 1.23> <CoreInst = "RAM">   --->   Core 83 'RAM' <Latency = 1> <II = 1> <Delay = 1.23> <Storage> <Opcode : 'load' 'store'> <Ports = 2> <Width = 8> <Depth = 320> <RAM>
ST_159 : Operation 1110 [1/2] (1.23ns)   --->   "%x_load_600 = load i9 %x_addr_600"   --->   Operation 1110 'load' 'x_load_600' <Predicate = true> <Delay = 1.23> <CoreInst = "RAM">   --->   Core 83 'RAM' <Latency = 1> <II = 1> <Delay = 1.23> <Storage> <Opcode : 'load' 'store'> <Ports = 2> <Width = 8> <Depth = 320> <RAM>
ST_159 : Operation 1111 [1/1] (0.00ns)   --->   "%x_addr_601 = getelementptr i8 %x, i64 0, i64 316"   --->   Operation 1111 'getelementptr' 'x_addr_601' <Predicate = true> <Delay = 0.00>
ST_159 : Operation 1112 [2/2] (1.23ns)   --->   "%x_load_601 = load i9 %x_addr_601"   --->   Operation 1112 'load' 'x_load_601' <Predicate = true> <Delay = 1.23> <CoreInst = "RAM">   --->   Core 83 'RAM' <Latency = 1> <II = 1> <Delay = 1.23> <Storage> <Opcode : 'load' 'store'> <Ports = 2> <Width = 8> <Depth = 320> <RAM>
ST_159 : Operation 1113 [1/1] (0.00ns)   --->   "%x_addr_602 = getelementptr i8 %x, i64 0, i64 317"   --->   Operation 1113 'getelementptr' 'x_addr_602' <Predicate = true> <Delay = 0.00>
ST_159 : Operation 1114 [2/2] (1.23ns)   --->   "%x_load_602 = load i9 %x_addr_602"   --->   Operation 1114 'load' 'x_load_602' <Predicate = true> <Delay = 1.23> <CoreInst = "RAM">   --->   Core 83 'RAM' <Latency = 1> <II = 1> <Delay = 1.23> <Storage> <Opcode : 'load' 'store'> <Ports = 2> <Width = 8> <Depth = 320> <RAM>

State 160 <SV = 159> <Delay = 1.23>
ST_160 : Operation 1115 [1/2] (1.23ns)   --->   "%x_load_601 = load i9 %x_addr_601"   --->   Operation 1115 'load' 'x_load_601' <Predicate = true> <Delay = 1.23> <CoreInst = "RAM">   --->   Core 83 'RAM' <Latency = 1> <II = 1> <Delay = 1.23> <Storage> <Opcode : 'load' 'store'> <Ports = 2> <Width = 8> <Depth = 320> <RAM>
ST_160 : Operation 1116 [1/2] (1.23ns)   --->   "%x_load_602 = load i9 %x_addr_602"   --->   Operation 1116 'load' 'x_load_602' <Predicate = true> <Delay = 1.23> <CoreInst = "RAM">   --->   Core 83 'RAM' <Latency = 1> <II = 1> <Delay = 1.23> <Storage> <Opcode : 'load' 'store'> <Ports = 2> <Width = 8> <Depth = 320> <RAM>
ST_160 : Operation 1117 [1/1] (0.00ns)   --->   "%x_addr_603 = getelementptr i8 %x, i64 0, i64 318"   --->   Operation 1117 'getelementptr' 'x_addr_603' <Predicate = true> <Delay = 0.00>
ST_160 : Operation 1118 [2/2] (1.23ns)   --->   "%x_load_603 = load i9 %x_addr_603"   --->   Operation 1118 'load' 'x_load_603' <Predicate = true> <Delay = 1.23> <CoreInst = "RAM">   --->   Core 83 'RAM' <Latency = 1> <II = 1> <Delay = 1.23> <Storage> <Opcode : 'load' 'store'> <Ports = 2> <Width = 8> <Depth = 320> <RAM>
ST_160 : Operation 1119 [1/1] (0.00ns)   --->   "%x_addr_604 = getelementptr i8 %x, i64 0, i64 319"   --->   Operation 1119 'getelementptr' 'x_addr_604' <Predicate = true> <Delay = 0.00>
ST_160 : Operation 1120 [2/2] (1.23ns)   --->   "%x_load_604 = load i9 %x_addr_604"   --->   Operation 1120 'load' 'x_load_604' <Predicate = true> <Delay = 1.23> <CoreInst = "RAM">   --->   Core 83 'RAM' <Latency = 1> <II = 1> <Delay = 1.23> <Storage> <Opcode : 'load' 'store'> <Ports = 2> <Width = 8> <Depth = 320> <RAM>

State 161 <SV = 160> <Delay = 1.23>
ST_161 : Operation 1121 [1/2] (1.23ns)   --->   "%x_load_603 = load i9 %x_addr_603"   --->   Operation 1121 'load' 'x_load_603' <Predicate = true> <Delay = 1.23> <CoreInst = "RAM">   --->   Core 83 'RAM' <Latency = 1> <II = 1> <Delay = 1.23> <Storage> <Opcode : 'load' 'store'> <Ports = 2> <Width = 8> <Depth = 320> <RAM>
ST_161 : Operation 1122 [1/2] (1.23ns)   --->   "%x_load_604 = load i9 %x_addr_604"   --->   Operation 1122 'load' 'x_load_604' <Predicate = true> <Delay = 1.23> <CoreInst = "RAM">   --->   Core 83 'RAM' <Latency = 1> <II = 1> <Delay = 1.23> <Storage> <Opcode : 'load' 'store'> <Ports = 2> <Width = 8> <Depth = 320> <RAM>
ST_161 : Operation 1123 [2/2] (0.00ns)   --->   "%call_ln182 = call void @linear_acc<11, 320>_Pipeline_VITIS_LOOP_186_1, i8 %x_load_323, i8 %x_load_529, i8 %x_load_603, i8 %x_load_365, i8 %x_load_331, i8 %x_load_308, i8 %x_load_595, i8 %x_load_334, i8 %x_load_295, i8 %x_load_312, i8 %x_load_549, i8 %x_load_375, i8 %x_load_300, i8 %x_load_496, i8 %x_load_422, i8 %x_load_399, i8 %x_load_559, i8 %x_load_528, i8 %x_load_338, i8 %x_load_301, i8 %x_load_356, i8 %x_load_586, i8 %x_load_515, i8 %x_load_320, i8 %x_load_575, i8 %x_load_501, i8 %x_load_579, i8 %x_load_392, i8 %x_load_299, i8 %x_load_455, i8 %x_load_507, i8 %x_load_477, i8 %x_load_598, i8 %x_load_287, i8 %x_load_550, i8 %x_load_527, i8 %x_load_311, i8 %x_load_474, i8 %x_load_453, i8 %x_load_457, i8 %x_load_432, i8 %x_load_466, i8 %x_load_360, i8 %x_load_326, i8 %x_load_480, i8 %x_load_444, i8 %x_load_328, i8 %x_load_487, i8 %x_load_491, i8 %x_load_526, i8 %x_load_428, i8 %x_load_363, i8 %x_load_387, i8 %x_load_571, i8 %x_load_451, i8 %x_load_566, i8 %x_load_514, i8 %x_load_583, i8 %x_load_551, i8 %x_load_459, i8 %x_load_398, i8 %x_load_471, i8 %x_load_560, i8 %x_load_302, i8 %x_load_380, i8 %x_load_348, i8 %x_load_505, i8 %x_load_512, i8 %x_load_366, i8 %x_load_486, i8 %x_load_522, i8 %x_load_476, i8 %x_load_330, i8 %x_load_386, i8 %x_load_408, i8 %x_load_352, i8 %x_load_499, i8 %x_load_321, i8 %x_load_479, i8 %x_load_416, i8 %x_load_473, i8 %x_load_396, i8 %x_load_554, i8 %x_load_494, i8 %x_load_310, i8 %x_load_407, i8 %x_load_374, i8 %x_load_584, i8 %x_load_599, i8 %x_load_343, i8 %x_load_361, i8 %x_load_293, i8 %x_load_521, i8 %x_load_390, i8 %x_load_417, i8 %x_load_562, i8 %x_load_406, i8 %x_load_297, i8 %x_load_303, i8 %x_load_425, i8 %x_load_445, i8 %x_load_465, i8 %x_load_511, i8 %x_load_482, i8 %x_load_291, i8 %x_load_379, i8 %x_load_336, i8 %x_load_504, i8 %x_load_470, i8 %x_load_382, i8 %x_load_405, i8 %x_load_353, i8 %x_load_568, i8 %x_load_342, i8 %x_load_520, i8 %x_load_555, i8 %x_load_418, i8 %x_load_577, i8 %x_load_364, i8 %x_load_437, i8 %x_load_454, i8 %x_load_456, i8 %x_load_430, i8 %x_load_358, i8 %x_load_395, i8 %x_load_440, i8 %x_load, i8 %x_load_452, i8 %x_load_458, i8 %x_load_498, i8 %x_load_573, i8 %x_load_489, i8 %x_load_294, i8 %x_load_581, i8 %x_load_602, i8 %x_load_404, i8 %x_load_309, i8 %x_load_296, i8 %x_load_290, i8 %x_load_510, i8 %x_load_519, i8 %x_load_376, i8 %x_load_322, i8 %x_load_434, i8 %x_load_341, i8 %x_load_591, i8 %x_load_563, i8 %x_load_485, i8 %x_load_493, i8 %x_load_419, i8 %x_load_332, i8 %x_load_594, i8 %x_load_450, i8 %x_load_556, i8 %x_load_460, i8 %x_load_385, i8 %x_load_588, i8 %x_load_467, i8 %x_load_503, i8 %x_load_403, i8 %x_load_306, i8 %x_load_354, i8 %x_load_426, i8 %x_load_389, i8 %x_load_443, i8 %x_load_316, i8 %x_load_475, i8 %x_load_518, i8 %x_load_327, i8 %x_load_478, i8 %x_load_540, i8 %x_load_541, i8 %x_load_597, i8 %x_load_539, i8 %x_load_317, i8 %x_load_542, i8 %x_load_538, i8 %x_load_569, i8 %x_load_315, i8 %x_load_394, i8 %x_load_537, i8 %x_load_543, i8 %x_load_585, i8 %x_load_335, i8 %x_load_402, i8 %x_load_340, i8 %x_load_536, i8 %x_load_420, i8 %x_load_509, i8 %x_load_544, i8 %x_load_557, i8 %x_load_325, i8 %x_load_448, i8 %x_load_535, i8 %x_load_472, i8 %x_load_415, i8 %x_load_349, i8 %x_load_347, i8 %x_load_423, i8 %x_load_525, i8 %x_load_305, i8 %x_load_350, i8 %x_load_383, i8 %x_load_601, i8 %x_load_346, i8 %x_load_377, i8 %x_load_506, i8 %x_load_298, i8 %x_load_483, i8 %x_load_495, i8 %x_load_500, i8 %x_load_337, i8 %x_load_449, i8 %x_load_552, i8 %x_load_461, i8 %x_load_391, i8 %x_load_370, i8 %x_load_524, i8 %x_load_397, i8 %x_load_439, i8 %x_load_513, i8 %x_load_345, i8 %x_load_436, i8 %x_load_368, i8 %x_load_357, i8 %x_load_351, i8 %x_load_372, i8 %x_load_307, i8 %x_load_433, i8 %x_load_468, i8 %x_load_576, i8 %x_load_333, i8 %x_load_412, i8 %x_load_590, i8 %x_load_593, i8 %x_load_413, i8 %x_load_411, i8 %x_load_292, i8 %x_load_561, i8 %x_load_523, i8 %x_load_414, i8 %x_load_580, i8 %x_load_442, i8 %x_load_424, i8 %x_load_553, i8 %x_load_409, i8 %x_load_567, i8 %x_load_429, i8 %x_load_447, i8 %x_load_463, i8 %x_load_587, i8 %x_load_596, i8 %x_load_410, i8 %x_load_344, i8 %x_load_604, i8 %x_load_324, i8 %x_load_490, i8 %x_load_572, i8 %x_load_462, i8 %x_load_369, i8 %x_load_329, i8 %x_load_564, i8 %x_load_578, i8 %x_load_481, i8 %x_load_545, i8 %x_load_534, i8 %x_load_497, i8 %x_load_371, i8 %x_load_574, i8 %x_load_362, i8 %x_load_286, i8 %x_load_600, i8 %x_load_318, i8 %x_load_517, i8 %x_load_533, i8 %x_load_367, i8 %x_load_431, i8 %x_load_546, i8 %x_load_359, i8 %x_load_401, i8 %x_load_381, i8 %x_load_314, i8 %x_load_304, i8 %x_load_532, i8 %x_load_488, i8 %x_load_502, i8 %x_load_582, i8 %x_load_378, i8 %x_load_373, i8 %x_load_355, i8 %x_load_421, i8 %x_load_547, i8 %x_load_288, i8 %x_load_558, i8 %x_load_492, i8 %x_load_531, i8 %x_load_427, i8 %x_load_438, i8 %x_load_393, i8 %x_load_469, i8 %x_load_508, i8 %x_load_313, i8 %x_load_388, i8 %x_load_446, i8 %x_load_570, i8 %x_load_516, i8 %x_load_530, i8 %x_load_464, i8 %x_load_548, i8 %x_load_339, i8 %x_load_484, i8 %x_load_400, i8 %x_load_319, i8 %x_load_435, i8 %x_load_592, i8 %x_load_384, i8 %x_load_565, i8 %x_load_441, i8 %x_load_289, i8 %x_load_589, i22 %out_r, i5 %bfc2, i6 %p_ZL4Wfc2_0, i7 %p_ZL4Wfc2_1, i7 %p_ZL4Wfc2_2, i7 %p_ZL4Wfc2_3, i7 %p_ZL4Wfc2_4, i7 %p_ZL4Wfc2_5, i7 %p_ZL4Wfc2_6, i7 %p_ZL4Wfc2_7, i7 %p_ZL4Wfc2_8, i8 %p_ZL4Wfc2_9, i7 %p_ZL4Wfc2_10, i5 %p_ZL4Wfc2_11, i7 %p_ZL4Wfc2_12, i8 %p_ZL4Wfc2_13, i7 %p_ZL4Wfc2_14, i6 %p_ZL4Wfc2_15, i7 %p_ZL4Wfc2_16, i7 %p_ZL4Wfc2_17, i7 %p_ZL4Wfc2_18, i7 %p_ZL4Wfc2_19, i7 %p_ZL4Wfc2_20, i8 %p_ZL4Wfc2_21, i7 %p_ZL4Wfc2_22, i7 %p_ZL4Wfc2_23, i7 %p_ZL4Wfc2_24, i6 %p_ZL4Wfc2_25, i6 %p_ZL4Wfc2_26, i7 %p_ZL4Wfc2_27, i8 %p_ZL4Wfc2_28, i7 %p_ZL4Wfc2_29, i7 %p_ZL4Wfc2_30, i7 %p_ZL4Wfc2_31, i7 %p_ZL4Wfc2_32, i7 %p_ZL4Wfc2_33, i8 %p_ZL4Wfc2_34, i8 %p_ZL4Wfc2_35, i8 %p_ZL4Wfc2_36, i8 %p_ZL4Wfc2_37, i6 %p_ZL4Wfc2_38, i7 %p_ZL4Wfc2_39, i8 %p_ZL4Wfc2_40, i7 %p_ZL4Wfc2_41, i8 %p_ZL4Wfc2_42, i8 %p_ZL4Wfc2_43, i6 %p_ZL4Wfc2_44, i6 %p_ZL4Wfc2_45, i7 %p_ZL4Wfc2_46, i5 %p_ZL4Wfc2_47, i7 %p_ZL4Wfc2_48, i6 %p_ZL4Wfc2_49, i8 %p_ZL4Wfc2_50, i7 %p_ZL4Wfc2_51, i6 %p_ZL4Wfc2_52, i7 %p_ZL4Wfc2_53, i7 %p_ZL4Wfc2_54, i7 %p_ZL4Wfc2_55, i6 %p_ZL4Wfc2_56, i8 %p_ZL4Wfc2_57, i6 %p_ZL4Wfc2_58, i7 %p_ZL4Wfc2_59, i7 %p_ZL4Wfc2_60, i7 %p_ZL4Wfc2_61, i7 %p_ZL4Wfc2_62, i7 %p_ZL4Wfc2_63, i6 %p_ZL4Wfc2_64, i7 %p_ZL4Wfc2_65, i7 %p_ZL4Wfc2_66, i7 %p_ZL4Wfc2_67, i6 %p_ZL4Wfc2_68, i7 %p_ZL4Wfc2_69, i7 %p_ZL4Wfc2_70, i8 %p_ZL4Wfc2_71, i8 %p_ZL4Wfc2_72, i8 %p_ZL4Wfc2_73, i6 %p_ZL4Wfc2_74, i7 %p_ZL4Wfc2_75, i7 %p_ZL4Wfc2_76, i7 %p_ZL4Wfc2_77, i7 %p_ZL4Wfc2_78, i8 %p_ZL4Wfc2_79, i8 %p_ZL4Wfc2_80, i8 %p_ZL4Wfc2_81, i6 %p_ZL4Wfc2_82, i7 %p_ZL4Wfc2_83, i7 %p_ZL4Wfc2_84, i7 %p_ZL4Wfc2_85, i6 %p_ZL4Wfc2_86, i6 %p_ZL4Wfc2_87, i7 %p_ZL4Wfc2_88, i7 %p_ZL4Wfc2_89, i7 %p_ZL4Wfc2_90, i8 %p_ZL4Wfc2_91, i6 %p_ZL4Wfc2_92, i7 %p_ZL4Wfc2_93, i8 %p_ZL4Wfc2_94, i6 %p_ZL4Wfc2_95, i7 %p_ZL4Wfc2_96, i7 %p_ZL4Wfc2_97, i7 %p_ZL4Wfc2_98, i8 %p_ZL4Wfc2_99, i7 %p_ZL4Wfc2_100, i7 %p_ZL4Wfc2_101, i5 %p_ZL4Wfc2_102, i6 %p_ZL4Wfc2_103, i8 %p_ZL4Wfc2_104, i7 %p_ZL4Wfc2_105, i8 %p_ZL4Wfc2_106, i6 %p_ZL4Wfc2_107, i7 %p_ZL4Wfc2_108, i7 %p_ZL4Wfc2_109, i8 %p_ZL4Wfc2_110, i8 %p_ZL4Wfc2_111, i7 %p_ZL4Wfc2_112, i7 %p_ZL4Wfc2_113, i7 %p_ZL4Wfc2_114, i6 %p_ZL4Wfc2_115, i7 %p_ZL4Wfc2_116, i8 %p_ZL4Wfc2_117, i7 %p_ZL4Wfc2_118, i7 %p_ZL4Wfc2_119, i7 %p_ZL4Wfc2_120, i7 %p_ZL4Wfc2_121, i6 %p_ZL4Wfc2_122, i7 %p_ZL4Wfc2_123, i8 %p_ZL4Wfc2_124, i8 %p_ZL4Wfc2_125, i7 %p_ZL4Wfc2_126, i6 %p_ZL4Wfc2_127, i7 %p_ZL4Wfc2_128, i6 %p_ZL4Wfc2_129, i7 %p_ZL4Wfc2_130, i6 %p_ZL4Wfc2_131, i8 %p_ZL4Wfc2_132, i8 %p_ZL4Wfc2_133, i7 %p_ZL4Wfc2_134, i7 %p_ZL4Wfc2_135, i7 %p_ZL4Wfc2_136, i7 %p_ZL4Wfc2_137, i8 %p_ZL4Wfc2_138, i7 %p_ZL4Wfc2_139, i6 %p_ZL4Wfc2_140, i7 %p_ZL4Wfc2_141, i6 %p_ZL4Wfc2_142, i7 %p_ZL4Wfc2_143, i7 %p_ZL4Wfc2_144, i7 %p_ZL4Wfc2_145, i7 %p_ZL4Wfc2_146, i7 %p_ZL4Wfc2_147, i6 %p_ZL4Wfc2_148, i7 %p_ZL4Wfc2_149, i6 %p_ZL4Wfc2_150, i7 %p_ZL4Wfc2_151, i6 %p_ZL4Wfc2_152, i7 %p_ZL4Wfc2_153, i8 %p_ZL4Wfc2_154, i7 %p_ZL4Wfc2_155, i7 %p_ZL4Wfc2_156, i8 %p_ZL4Wfc2_157, i8 %p_ZL4Wfc2_158, i7 %p_ZL4Wfc2_159, i8 %p_ZL4Wfc2_160, i7 %p_ZL4Wfc2_161, i7 %p_ZL4Wfc2_162, i7 %p_ZL4Wfc2_163, i7 %p_ZL4Wfc2_164, i7 %p_ZL4Wfc2_165, i7 %p_ZL4Wfc2_166, i7 %p_ZL4Wfc2_167, i8 %p_ZL4Wfc2_168, i8 %p_ZL4Wfc2_169, i7 %p_ZL4Wfc2_170, i6 %p_ZL4Wfc2_171, i6 %p_ZL4Wfc2_172, i7 %p_ZL4Wfc2_173, i7 %p_ZL4Wfc2_174, i7 %p_ZL4Wfc2_175, i8 %p_ZL4Wfc2_176, i7 %p_ZL4Wfc2_177, i8 %p_ZL4Wfc2_178, i7 %p_ZL4Wfc2_179, i6 %p_ZL4Wfc2_180, i7 %p_ZL4Wfc2_181, i7 %p_ZL4Wfc2_182, i8 %p_ZL4Wfc2_183, i8 %p_ZL4Wfc2_184, i5 %p_ZL4Wfc2_185, i7 %p_ZL4Wfc2_186, i8 %p_ZL4Wfc2_187, i7 %p_ZL4Wfc2_188, i7 %p_ZL4Wfc2_189, i7 %p_ZL4Wfc2_190, i7 %p_ZL4Wfc2_191, i6 %p_ZL4Wfc2_192, i7 %p_ZL4Wfc2_193, i7 %p_ZL4Wfc2_194, i7 %p_ZL4Wfc2_195, i7 %p_ZL4Wfc2_196, i7 %p_ZL4Wfc2_197, i7 %p_ZL4Wfc2_198, i7 %p_ZL4Wfc2_199, i8 %p_ZL4Wfc2_200, i7 %p_ZL4Wfc2_201, i7 %p_ZL4Wfc2_202, i7 %p_ZL4Wfc2_203, i7 %p_ZL4Wfc2_204, i6 %p_ZL4Wfc2_205, i8 %p_ZL4Wfc2_206, i6 %p_ZL4Wfc2_207, i8 %p_ZL4Wfc2_208, i7 %p_ZL4Wfc2_209, i8 %p_ZL4Wfc2_210, i7 %p_ZL4Wfc2_211, i7 %p_ZL4Wfc2_212, i6 %p_ZL4Wfc2_213, i7 %p_ZL4Wfc2_214, i6 %p_ZL4Wfc2_215, i8 %p_ZL4Wfc2_216, i6 %p_ZL4Wfc2_217, i8 %p_ZL4Wfc2_218, i7 %p_ZL4Wfc2_219, i7 %p_ZL4Wfc2_220, i6 %p_ZL4Wfc2_221, i5 %p_ZL4Wfc2_222, i7 %p_ZL4Wfc2_223, i7 %p_ZL4Wfc2_224, i8 %p_ZL4Wfc2_225, i8 %p_ZL4Wfc2_226, i7 %p_ZL4Wfc2_227, i6 %p_ZL4Wfc2_228, i7 %p_ZL4Wfc2_229, i7 %p_ZL4Wfc2_230, i4 %p_ZL4Wfc2_231, i7 %p_ZL4Wfc2_232, i6 %p_ZL4Wfc2_233, i7 %p_ZL4Wfc2_234, i8 %p_ZL4Wfc2_235, i6 %p_ZL4Wfc2_236, i6 %p_ZL4Wfc2_237, i8 %p_ZL4Wfc2_238, i5 %p_ZL4Wfc2_239, i8 %p_ZL4Wfc2_240, i6 %p_ZL4Wfc2_241, i7 %p_ZL4Wfc2_242, i8 %p_ZL4Wfc2_243, i6 %p_ZL4Wfc2_244, i7 %p_ZL4Wfc2_245, i7 %p_ZL4Wfc2_246, i7 %p_ZL4Wfc2_247, i7 %p_ZL4Wfc2_248, i7 %p_ZL4Wfc2_249, i8 %p_ZL4Wfc2_250, i7 %p_ZL4Wfc2_251, i8 %p_ZL4Wfc2_252, i7 %p_ZL4Wfc2_253, i7 %p_ZL4Wfc2_254, i6 %p_ZL4Wfc2_255, i5 %p_ZL4Wfc2_256, i7 %p_ZL4Wfc2_257, i7 %p_ZL4Wfc2_258, i7 %p_ZL4Wfc2_259, i6 %p_ZL4Wfc2_260, i5 %p_ZL4Wfc2_261, i7 %p_ZL4Wfc2_262, i7 %p_ZL4Wfc2_263, i7 %p_ZL4Wfc2_264, i5 %p_ZL4Wfc2_265, i8 %p_ZL4Wfc2_266, i7 %p_ZL4Wfc2_267, i8 %p_ZL4Wfc2_268, i7 %p_ZL4Wfc2_269, i8 %p_ZL4Wfc2_270, i6 %p_ZL4Wfc2_271, i7 %p_ZL4Wfc2_272, i7 %p_ZL4Wfc2_273, i7 %p_ZL4Wfc2_274, i6 %p_ZL4Wfc2_275, i8 %p_ZL4Wfc2_276, i6 %p_ZL4Wfc2_277, i6 %p_ZL4Wfc2_278, i7 %p_ZL4Wfc2_279, i7 %p_ZL4Wfc2_280, i7 %p_ZL4Wfc2_281, i8 %p_ZL4Wfc2_282, i8 %p_ZL4Wfc2_283, i7 %p_ZL4Wfc2_284, i6 %p_ZL4Wfc2_285, i7 %p_ZL4Wfc2_286, i7 %p_ZL4Wfc2_287, i8 %p_ZL4Wfc2_288, i8 %p_ZL4Wfc2_289, i7 %p_ZL4Wfc2_290, i6 %p_ZL4Wfc2_291, i7 %p_ZL4Wfc2_292, i6 %p_ZL4Wfc2_293, i6 %p_ZL4Wfc2_294, i7 %p_ZL4Wfc2_295, i7 %p_ZL4Wfc2_296, i8 %p_ZL4Wfc2_297, i8 %p_ZL4Wfc2_298, i7 %p_ZL4Wfc2_299, i6 %p_ZL4Wfc2_300, i7 %p_ZL4Wfc2_301, i8 %p_ZL4Wfc2_302, i7 %p_ZL4Wfc2_303, i7 %p_ZL4Wfc2_304, i7 %p_ZL4Wfc2_305, i8 %p_ZL4Wfc2_306, i8 %p_ZL4Wfc2_307, i8 %p_ZL4Wfc2_308, i7 %p_ZL4Wfc2_309, i7 %p_ZL4Wfc2_310, i7 %p_ZL4Wfc2_311, i8 %p_ZL4Wfc2_312, i7 %p_ZL4Wfc2_313, i6 %p_ZL4Wfc2_314, i7 %p_ZL4Wfc2_315, i7 %p_ZL4Wfc2_316, i8 %p_ZL4Wfc2_317, i8 %p_ZL4Wfc2_318, i8 %p_ZL4Wfc2_319" [awn_int8.cpp:182]   --->   Operation 1123 'call' 'call_ln182' <Predicate = true> <Delay = 0.00> <CoreType = "Generic">   --->   Core 0 '' <Latency = 0> <II = 1> <Delay = 1.00> <Generic> <Opcode : >

State 162 <SV = 161> <Delay = 0.00>
ST_162 : Operation 1124 [1/2] (0.00ns)   --->   "%call_ln182 = call void @linear_acc<11, 320>_Pipeline_VITIS_LOOP_186_1, i8 %x_load_323, i8 %x_load_529, i8 %x_load_603, i8 %x_load_365, i8 %x_load_331, i8 %x_load_308, i8 %x_load_595, i8 %x_load_334, i8 %x_load_295, i8 %x_load_312, i8 %x_load_549, i8 %x_load_375, i8 %x_load_300, i8 %x_load_496, i8 %x_load_422, i8 %x_load_399, i8 %x_load_559, i8 %x_load_528, i8 %x_load_338, i8 %x_load_301, i8 %x_load_356, i8 %x_load_586, i8 %x_load_515, i8 %x_load_320, i8 %x_load_575, i8 %x_load_501, i8 %x_load_579, i8 %x_load_392, i8 %x_load_299, i8 %x_load_455, i8 %x_load_507, i8 %x_load_477, i8 %x_load_598, i8 %x_load_287, i8 %x_load_550, i8 %x_load_527, i8 %x_load_311, i8 %x_load_474, i8 %x_load_453, i8 %x_load_457, i8 %x_load_432, i8 %x_load_466, i8 %x_load_360, i8 %x_load_326, i8 %x_load_480, i8 %x_load_444, i8 %x_load_328, i8 %x_load_487, i8 %x_load_491, i8 %x_load_526, i8 %x_load_428, i8 %x_load_363, i8 %x_load_387, i8 %x_load_571, i8 %x_load_451, i8 %x_load_566, i8 %x_load_514, i8 %x_load_583, i8 %x_load_551, i8 %x_load_459, i8 %x_load_398, i8 %x_load_471, i8 %x_load_560, i8 %x_load_302, i8 %x_load_380, i8 %x_load_348, i8 %x_load_505, i8 %x_load_512, i8 %x_load_366, i8 %x_load_486, i8 %x_load_522, i8 %x_load_476, i8 %x_load_330, i8 %x_load_386, i8 %x_load_408, i8 %x_load_352, i8 %x_load_499, i8 %x_load_321, i8 %x_load_479, i8 %x_load_416, i8 %x_load_473, i8 %x_load_396, i8 %x_load_554, i8 %x_load_494, i8 %x_load_310, i8 %x_load_407, i8 %x_load_374, i8 %x_load_584, i8 %x_load_599, i8 %x_load_343, i8 %x_load_361, i8 %x_load_293, i8 %x_load_521, i8 %x_load_390, i8 %x_load_417, i8 %x_load_562, i8 %x_load_406, i8 %x_load_297, i8 %x_load_303, i8 %x_load_425, i8 %x_load_445, i8 %x_load_465, i8 %x_load_511, i8 %x_load_482, i8 %x_load_291, i8 %x_load_379, i8 %x_load_336, i8 %x_load_504, i8 %x_load_470, i8 %x_load_382, i8 %x_load_405, i8 %x_load_353, i8 %x_load_568, i8 %x_load_342, i8 %x_load_520, i8 %x_load_555, i8 %x_load_418, i8 %x_load_577, i8 %x_load_364, i8 %x_load_437, i8 %x_load_454, i8 %x_load_456, i8 %x_load_430, i8 %x_load_358, i8 %x_load_395, i8 %x_load_440, i8 %x_load, i8 %x_load_452, i8 %x_load_458, i8 %x_load_498, i8 %x_load_573, i8 %x_load_489, i8 %x_load_294, i8 %x_load_581, i8 %x_load_602, i8 %x_load_404, i8 %x_load_309, i8 %x_load_296, i8 %x_load_290, i8 %x_load_510, i8 %x_load_519, i8 %x_load_376, i8 %x_load_322, i8 %x_load_434, i8 %x_load_341, i8 %x_load_591, i8 %x_load_563, i8 %x_load_485, i8 %x_load_493, i8 %x_load_419, i8 %x_load_332, i8 %x_load_594, i8 %x_load_450, i8 %x_load_556, i8 %x_load_460, i8 %x_load_385, i8 %x_load_588, i8 %x_load_467, i8 %x_load_503, i8 %x_load_403, i8 %x_load_306, i8 %x_load_354, i8 %x_load_426, i8 %x_load_389, i8 %x_load_443, i8 %x_load_316, i8 %x_load_475, i8 %x_load_518, i8 %x_load_327, i8 %x_load_478, i8 %x_load_540, i8 %x_load_541, i8 %x_load_597, i8 %x_load_539, i8 %x_load_317, i8 %x_load_542, i8 %x_load_538, i8 %x_load_569, i8 %x_load_315, i8 %x_load_394, i8 %x_load_537, i8 %x_load_543, i8 %x_load_585, i8 %x_load_335, i8 %x_load_402, i8 %x_load_340, i8 %x_load_536, i8 %x_load_420, i8 %x_load_509, i8 %x_load_544, i8 %x_load_557, i8 %x_load_325, i8 %x_load_448, i8 %x_load_535, i8 %x_load_472, i8 %x_load_415, i8 %x_load_349, i8 %x_load_347, i8 %x_load_423, i8 %x_load_525, i8 %x_load_305, i8 %x_load_350, i8 %x_load_383, i8 %x_load_601, i8 %x_load_346, i8 %x_load_377, i8 %x_load_506, i8 %x_load_298, i8 %x_load_483, i8 %x_load_495, i8 %x_load_500, i8 %x_load_337, i8 %x_load_449, i8 %x_load_552, i8 %x_load_461, i8 %x_load_391, i8 %x_load_370, i8 %x_load_524, i8 %x_load_397, i8 %x_load_439, i8 %x_load_513, i8 %x_load_345, i8 %x_load_436, i8 %x_load_368, i8 %x_load_357, i8 %x_load_351, i8 %x_load_372, i8 %x_load_307, i8 %x_load_433, i8 %x_load_468, i8 %x_load_576, i8 %x_load_333, i8 %x_load_412, i8 %x_load_590, i8 %x_load_593, i8 %x_load_413, i8 %x_load_411, i8 %x_load_292, i8 %x_load_561, i8 %x_load_523, i8 %x_load_414, i8 %x_load_580, i8 %x_load_442, i8 %x_load_424, i8 %x_load_553, i8 %x_load_409, i8 %x_load_567, i8 %x_load_429, i8 %x_load_447, i8 %x_load_463, i8 %x_load_587, i8 %x_load_596, i8 %x_load_410, i8 %x_load_344, i8 %x_load_604, i8 %x_load_324, i8 %x_load_490, i8 %x_load_572, i8 %x_load_462, i8 %x_load_369, i8 %x_load_329, i8 %x_load_564, i8 %x_load_578, i8 %x_load_481, i8 %x_load_545, i8 %x_load_534, i8 %x_load_497, i8 %x_load_371, i8 %x_load_574, i8 %x_load_362, i8 %x_load_286, i8 %x_load_600, i8 %x_load_318, i8 %x_load_517, i8 %x_load_533, i8 %x_load_367, i8 %x_load_431, i8 %x_load_546, i8 %x_load_359, i8 %x_load_401, i8 %x_load_381, i8 %x_load_314, i8 %x_load_304, i8 %x_load_532, i8 %x_load_488, i8 %x_load_502, i8 %x_load_582, i8 %x_load_378, i8 %x_load_373, i8 %x_load_355, i8 %x_load_421, i8 %x_load_547, i8 %x_load_288, i8 %x_load_558, i8 %x_load_492, i8 %x_load_531, i8 %x_load_427, i8 %x_load_438, i8 %x_load_393, i8 %x_load_469, i8 %x_load_508, i8 %x_load_313, i8 %x_load_388, i8 %x_load_446, i8 %x_load_570, i8 %x_load_516, i8 %x_load_530, i8 %x_load_464, i8 %x_load_548, i8 %x_load_339, i8 %x_load_484, i8 %x_load_400, i8 %x_load_319, i8 %x_load_435, i8 %x_load_592, i8 %x_load_384, i8 %x_load_565, i8 %x_load_441, i8 %x_load_289, i8 %x_load_589, i22 %out_r, i5 %bfc2, i6 %p_ZL4Wfc2_0, i7 %p_ZL4Wfc2_1, i7 %p_ZL4Wfc2_2, i7 %p_ZL4Wfc2_3, i7 %p_ZL4Wfc2_4, i7 %p_ZL4Wfc2_5, i7 %p_ZL4Wfc2_6, i7 %p_ZL4Wfc2_7, i7 %p_ZL4Wfc2_8, i8 %p_ZL4Wfc2_9, i7 %p_ZL4Wfc2_10, i5 %p_ZL4Wfc2_11, i7 %p_ZL4Wfc2_12, i8 %p_ZL4Wfc2_13, i7 %p_ZL4Wfc2_14, i6 %p_ZL4Wfc2_15, i7 %p_ZL4Wfc2_16, i7 %p_ZL4Wfc2_17, i7 %p_ZL4Wfc2_18, i7 %p_ZL4Wfc2_19, i7 %p_ZL4Wfc2_20, i8 %p_ZL4Wfc2_21, i7 %p_ZL4Wfc2_22, i7 %p_ZL4Wfc2_23, i7 %p_ZL4Wfc2_24, i6 %p_ZL4Wfc2_25, i6 %p_ZL4Wfc2_26, i7 %p_ZL4Wfc2_27, i8 %p_ZL4Wfc2_28, i7 %p_ZL4Wfc2_29, i7 %p_ZL4Wfc2_30, i7 %p_ZL4Wfc2_31, i7 %p_ZL4Wfc2_32, i7 %p_ZL4Wfc2_33, i8 %p_ZL4Wfc2_34, i8 %p_ZL4Wfc2_35, i8 %p_ZL4Wfc2_36, i8 %p_ZL4Wfc2_37, i6 %p_ZL4Wfc2_38, i7 %p_ZL4Wfc2_39, i8 %p_ZL4Wfc2_40, i7 %p_ZL4Wfc2_41, i8 %p_ZL4Wfc2_42, i8 %p_ZL4Wfc2_43, i6 %p_ZL4Wfc2_44, i6 %p_ZL4Wfc2_45, i7 %p_ZL4Wfc2_46, i5 %p_ZL4Wfc2_47, i7 %p_ZL4Wfc2_48, i6 %p_ZL4Wfc2_49, i8 %p_ZL4Wfc2_50, i7 %p_ZL4Wfc2_51, i6 %p_ZL4Wfc2_52, i7 %p_ZL4Wfc2_53, i7 %p_ZL4Wfc2_54, i7 %p_ZL4Wfc2_55, i6 %p_ZL4Wfc2_56, i8 %p_ZL4Wfc2_57, i6 %p_ZL4Wfc2_58, i7 %p_ZL4Wfc2_59, i7 %p_ZL4Wfc2_60, i7 %p_ZL4Wfc2_61, i7 %p_ZL4Wfc2_62, i7 %p_ZL4Wfc2_63, i6 %p_ZL4Wfc2_64, i7 %p_ZL4Wfc2_65, i7 %p_ZL4Wfc2_66, i7 %p_ZL4Wfc2_67, i6 %p_ZL4Wfc2_68, i7 %p_ZL4Wfc2_69, i7 %p_ZL4Wfc2_70, i8 %p_ZL4Wfc2_71, i8 %p_ZL4Wfc2_72, i8 %p_ZL4Wfc2_73, i6 %p_ZL4Wfc2_74, i7 %p_ZL4Wfc2_75, i7 %p_ZL4Wfc2_76, i7 %p_ZL4Wfc2_77, i7 %p_ZL4Wfc2_78, i8 %p_ZL4Wfc2_79, i8 %p_ZL4Wfc2_80, i8 %p_ZL4Wfc2_81, i6 %p_ZL4Wfc2_82, i7 %p_ZL4Wfc2_83, i7 %p_ZL4Wfc2_84, i7 %p_ZL4Wfc2_85, i6 %p_ZL4Wfc2_86, i6 %p_ZL4Wfc2_87, i7 %p_ZL4Wfc2_88, i7 %p_ZL4Wfc2_89, i7 %p_ZL4Wfc2_90, i8 %p_ZL4Wfc2_91, i6 %p_ZL4Wfc2_92, i7 %p_ZL4Wfc2_93, i8 %p_ZL4Wfc2_94, i6 %p_ZL4Wfc2_95, i7 %p_ZL4Wfc2_96, i7 %p_ZL4Wfc2_97, i7 %p_ZL4Wfc2_98, i8 %p_ZL4Wfc2_99, i7 %p_ZL4Wfc2_100, i7 %p_ZL4Wfc2_101, i5 %p_ZL4Wfc2_102, i6 %p_ZL4Wfc2_103, i8 %p_ZL4Wfc2_104, i7 %p_ZL4Wfc2_105, i8 %p_ZL4Wfc2_106, i6 %p_ZL4Wfc2_107, i7 %p_ZL4Wfc2_108, i7 %p_ZL4Wfc2_109, i8 %p_ZL4Wfc2_110, i8 %p_ZL4Wfc2_111, i7 %p_ZL4Wfc2_112, i7 %p_ZL4Wfc2_113, i7 %p_ZL4Wfc2_114, i6 %p_ZL4Wfc2_115, i7 %p_ZL4Wfc2_116, i8 %p_ZL4Wfc2_117, i7 %p_ZL4Wfc2_118, i7 %p_ZL4Wfc2_119, i7 %p_ZL4Wfc2_120, i7 %p_ZL4Wfc2_121, i6 %p_ZL4Wfc2_122, i7 %p_ZL4Wfc2_123, i8 %p_ZL4Wfc2_124, i8 %p_ZL4Wfc2_125, i7 %p_ZL4Wfc2_126, i6 %p_ZL4Wfc2_127, i7 %p_ZL4Wfc2_128, i6 %p_ZL4Wfc2_129, i7 %p_ZL4Wfc2_130, i6 %p_ZL4Wfc2_131, i8 %p_ZL4Wfc2_132, i8 %p_ZL4Wfc2_133, i7 %p_ZL4Wfc2_134, i7 %p_ZL4Wfc2_135, i7 %p_ZL4Wfc2_136, i7 %p_ZL4Wfc2_137, i8 %p_ZL4Wfc2_138, i7 %p_ZL4Wfc2_139, i6 %p_ZL4Wfc2_140, i7 %p_ZL4Wfc2_141, i6 %p_ZL4Wfc2_142, i7 %p_ZL4Wfc2_143, i7 %p_ZL4Wfc2_144, i7 %p_ZL4Wfc2_145, i7 %p_ZL4Wfc2_146, i7 %p_ZL4Wfc2_147, i6 %p_ZL4Wfc2_148, i7 %p_ZL4Wfc2_149, i6 %p_ZL4Wfc2_150, i7 %p_ZL4Wfc2_151, i6 %p_ZL4Wfc2_152, i7 %p_ZL4Wfc2_153, i8 %p_ZL4Wfc2_154, i7 %p_ZL4Wfc2_155, i7 %p_ZL4Wfc2_156, i8 %p_ZL4Wfc2_157, i8 %p_ZL4Wfc2_158, i7 %p_ZL4Wfc2_159, i8 %p_ZL4Wfc2_160, i7 %p_ZL4Wfc2_161, i7 %p_ZL4Wfc2_162, i7 %p_ZL4Wfc2_163, i7 %p_ZL4Wfc2_164, i7 %p_ZL4Wfc2_165, i7 %p_ZL4Wfc2_166, i7 %p_ZL4Wfc2_167, i8 %p_ZL4Wfc2_168, i8 %p_ZL4Wfc2_169, i7 %p_ZL4Wfc2_170, i6 %p_ZL4Wfc2_171, i6 %p_ZL4Wfc2_172, i7 %p_ZL4Wfc2_173, i7 %p_ZL4Wfc2_174, i7 %p_ZL4Wfc2_175, i8 %p_ZL4Wfc2_176, i7 %p_ZL4Wfc2_177, i8 %p_ZL4Wfc2_178, i7 %p_ZL4Wfc2_179, i6 %p_ZL4Wfc2_180, i7 %p_ZL4Wfc2_181, i7 %p_ZL4Wfc2_182, i8 %p_ZL4Wfc2_183, i8 %p_ZL4Wfc2_184, i5 %p_ZL4Wfc2_185, i7 %p_ZL4Wfc2_186, i8 %p_ZL4Wfc2_187, i7 %p_ZL4Wfc2_188, i7 %p_ZL4Wfc2_189, i7 %p_ZL4Wfc2_190, i7 %p_ZL4Wfc2_191, i6 %p_ZL4Wfc2_192, i7 %p_ZL4Wfc2_193, i7 %p_ZL4Wfc2_194, i7 %p_ZL4Wfc2_195, i7 %p_ZL4Wfc2_196, i7 %p_ZL4Wfc2_197, i7 %p_ZL4Wfc2_198, i7 %p_ZL4Wfc2_199, i8 %p_ZL4Wfc2_200, i7 %p_ZL4Wfc2_201, i7 %p_ZL4Wfc2_202, i7 %p_ZL4Wfc2_203, i7 %p_ZL4Wfc2_204, i6 %p_ZL4Wfc2_205, i8 %p_ZL4Wfc2_206, i6 %p_ZL4Wfc2_207, i8 %p_ZL4Wfc2_208, i7 %p_ZL4Wfc2_209, i8 %p_ZL4Wfc2_210, i7 %p_ZL4Wfc2_211, i7 %p_ZL4Wfc2_212, i6 %p_ZL4Wfc2_213, i7 %p_ZL4Wfc2_214, i6 %p_ZL4Wfc2_215, i8 %p_ZL4Wfc2_216, i6 %p_ZL4Wfc2_217, i8 %p_ZL4Wfc2_218, i7 %p_ZL4Wfc2_219, i7 %p_ZL4Wfc2_220, i6 %p_ZL4Wfc2_221, i5 %p_ZL4Wfc2_222, i7 %p_ZL4Wfc2_223, i7 %p_ZL4Wfc2_224, i8 %p_ZL4Wfc2_225, i8 %p_ZL4Wfc2_226, i7 %p_ZL4Wfc2_227, i6 %p_ZL4Wfc2_228, i7 %p_ZL4Wfc2_229, i7 %p_ZL4Wfc2_230, i4 %p_ZL4Wfc2_231, i7 %p_ZL4Wfc2_232, i6 %p_ZL4Wfc2_233, i7 %p_ZL4Wfc2_234, i8 %p_ZL4Wfc2_235, i6 %p_ZL4Wfc2_236, i6 %p_ZL4Wfc2_237, i8 %p_ZL4Wfc2_238, i5 %p_ZL4Wfc2_239, i8 %p_ZL4Wfc2_240, i6 %p_ZL4Wfc2_241, i7 %p_ZL4Wfc2_242, i8 %p_ZL4Wfc2_243, i6 %p_ZL4Wfc2_244, i7 %p_ZL4Wfc2_245, i7 %p_ZL4Wfc2_246, i7 %p_ZL4Wfc2_247, i7 %p_ZL4Wfc2_248, i7 %p_ZL4Wfc2_249, i8 %p_ZL4Wfc2_250, i7 %p_ZL4Wfc2_251, i8 %p_ZL4Wfc2_252, i7 %p_ZL4Wfc2_253, i7 %p_ZL4Wfc2_254, i6 %p_ZL4Wfc2_255, i5 %p_ZL4Wfc2_256, i7 %p_ZL4Wfc2_257, i7 %p_ZL4Wfc2_258, i7 %p_ZL4Wfc2_259, i6 %p_ZL4Wfc2_260, i5 %p_ZL4Wfc2_261, i7 %p_ZL4Wfc2_262, i7 %p_ZL4Wfc2_263, i7 %p_ZL4Wfc2_264, i5 %p_ZL4Wfc2_265, i8 %p_ZL4Wfc2_266, i7 %p_ZL4Wfc2_267, i8 %p_ZL4Wfc2_268, i7 %p_ZL4Wfc2_269, i8 %p_ZL4Wfc2_270, i6 %p_ZL4Wfc2_271, i7 %p_ZL4Wfc2_272, i7 %p_ZL4Wfc2_273, i7 %p_ZL4Wfc2_274, i6 %p_ZL4Wfc2_275, i8 %p_ZL4Wfc2_276, i6 %p_ZL4Wfc2_277, i6 %p_ZL4Wfc2_278, i7 %p_ZL4Wfc2_279, i7 %p_ZL4Wfc2_280, i7 %p_ZL4Wfc2_281, i8 %p_ZL4Wfc2_282, i8 %p_ZL4Wfc2_283, i7 %p_ZL4Wfc2_284, i6 %p_ZL4Wfc2_285, i7 %p_ZL4Wfc2_286, i7 %p_ZL4Wfc2_287, i8 %p_ZL4Wfc2_288, i8 %p_ZL4Wfc2_289, i7 %p_ZL4Wfc2_290, i6 %p_ZL4Wfc2_291, i7 %p_ZL4Wfc2_292, i6 %p_ZL4Wfc2_293, i6 %p_ZL4Wfc2_294, i7 %p_ZL4Wfc2_295, i7 %p_ZL4Wfc2_296, i8 %p_ZL4Wfc2_297, i8 %p_ZL4Wfc2_298, i7 %p_ZL4Wfc2_299, i6 %p_ZL4Wfc2_300, i7 %p_ZL4Wfc2_301, i8 %p_ZL4Wfc2_302, i7 %p_ZL4Wfc2_303, i7 %p_ZL4Wfc2_304, i7 %p_ZL4Wfc2_305, i8 %p_ZL4Wfc2_306, i8 %p_ZL4Wfc2_307, i8 %p_ZL4Wfc2_308, i7 %p_ZL4Wfc2_309, i7 %p_ZL4Wfc2_310, i7 %p_ZL4Wfc2_311, i8 %p_ZL4Wfc2_312, i7 %p_ZL4Wfc2_313, i6 %p_ZL4Wfc2_314, i7 %p_ZL4Wfc2_315, i7 %p_ZL4Wfc2_316, i8 %p_ZL4Wfc2_317, i8 %p_ZL4Wfc2_318, i8 %p_ZL4Wfc2_319" [awn_int8.cpp:182]   --->   Operation 1124 'call' 'call_ln182' <Predicate = true> <Delay = 0.00> <CoreType = "Generic">   --->   Core 0 '' <Latency = 0> <II = 1> <Delay = 1.00> <Generic> <Opcode : >
ST_162 : Operation 1125 [1/1] (0.00ns)   --->   "%ret_ln194 = ret" [awn_int8.cpp:194]   --->   Operation 1125 'ret' 'ret_ln194' <Predicate = true> <Delay = 0.00>


============================================================
+ Verbose Summary: Timing violations
============================================================
Target clock period: 5.000ns, clock uncertainty: 1.350ns.

 <State 1>: 1.237ns
The critical path consists of the following:
	'getelementptr' operation 9 bit ('x_addr', awn_int8.cpp:182) [324]  (0.000 ns)
	'load' operation 8 bit ('x_load', awn_int8.cpp:182) on array 'x' [325]  (1.237 ns)

 <State 2>: 1.237ns
The critical path consists of the following:
	'load' operation 8 bit ('x_load', awn_int8.cpp:182) on array 'x' [325]  (1.237 ns)

 <State 3>: 1.237ns
The critical path consists of the following:
	'load' operation 8 bit ('x_load_287') on array 'x' [329]  (1.237 ns)

 <State 4>: 1.237ns
The critical path consists of the following:
	'load' operation 8 bit ('x_load_289') on array 'x' [333]  (1.237 ns)

 <State 5>: 1.237ns
The critical path consists of the following:
	'load' operation 8 bit ('x_load_291') on array 'x' [337]  (1.237 ns)

 <State 6>: 1.237ns
The critical path consists of the following:
	'load' operation 8 bit ('x_load_293') on array 'x' [341]  (1.237 ns)

 <State 7>: 1.237ns
The critical path consists of the following:
	'load' operation 8 bit ('x_load_295') on array 'x' [345]  (1.237 ns)

 <State 8>: 1.237ns
The critical path consists of the following:
	'load' operation 8 bit ('x_load_297') on array 'x' [349]  (1.237 ns)

 <State 9>: 1.237ns
The critical path consists of the following:
	'load' operation 8 bit ('x_load_299') on array 'x' [353]  (1.237 ns)

 <State 10>: 1.237ns
The critical path consists of the following:
	'load' operation 8 bit ('x_load_301') on array 'x' [357]  (1.237 ns)

 <State 11>: 1.237ns
The critical path consists of the following:
	'load' operation 8 bit ('x_load_303') on array 'x' [361]  (1.237 ns)

 <State 12>: 1.237ns
The critical path consists of the following:
	'load' operation 8 bit ('x_load_305') on array 'x' [365]  (1.237 ns)

 <State 13>: 1.237ns
The critical path consists of the following:
	'load' operation 8 bit ('x_load_307') on array 'x' [369]  (1.237 ns)

 <State 14>: 1.237ns
The critical path consists of the following:
	'load' operation 8 bit ('x_load_309') on array 'x' [373]  (1.237 ns)

 <State 15>: 1.237ns
The critical path consists of the following:
	'load' operation 8 bit ('x_load_311') on array 'x' [377]  (1.237 ns)

 <State 16>: 1.237ns
The critical path consists of the following:
	'load' operation 8 bit ('x_load_313') on array 'x' [381]  (1.237 ns)

 <State 17>: 1.237ns
The critical path consists of the following:
	'load' operation 8 bit ('x_load_315') on array 'x' [385]  (1.237 ns)

 <State 18>: 1.237ns
The critical path consists of the following:
	'load' operation 8 bit ('x_load_317') on array 'x' [389]  (1.237 ns)

 <State 19>: 1.237ns
The critical path consists of the following:
	'load' operation 8 bit ('x_load_319') on array 'x' [393]  (1.237 ns)

 <State 20>: 1.237ns
The critical path consists of the following:
	'load' operation 8 bit ('x_load_321') on array 'x' [397]  (1.237 ns)

 <State 21>: 1.237ns
The critical path consists of the following:
	'load' operation 8 bit ('x_load_323') on array 'x' [401]  (1.237 ns)

 <State 22>: 1.237ns
The critical path consists of the following:
	'load' operation 8 bit ('x_load_325') on array 'x' [405]  (1.237 ns)

 <State 23>: 1.237ns
The critical path consists of the following:
	'load' operation 8 bit ('x_load_327') on array 'x' [409]  (1.237 ns)

 <State 24>: 1.237ns
The critical path consists of the following:
	'load' operation 8 bit ('x_load_329') on array 'x' [413]  (1.237 ns)

 <State 25>: 1.237ns
The critical path consists of the following:
	'load' operation 8 bit ('x_load_331') on array 'x' [417]  (1.237 ns)

 <State 26>: 1.237ns
The critical path consists of the following:
	'load' operation 8 bit ('x_load_333') on array 'x' [421]  (1.237 ns)

 <State 27>: 1.237ns
The critical path consists of the following:
	'load' operation 8 bit ('x_load_335') on array 'x' [425]  (1.237 ns)

 <State 28>: 1.237ns
The critical path consists of the following:
	'load' operation 8 bit ('x_load_337') on array 'x' [429]  (1.237 ns)

 <State 29>: 1.237ns
The critical path consists of the following:
	'load' operation 8 bit ('x_load_339') on array 'x' [433]  (1.237 ns)

 <State 30>: 1.237ns
The critical path consists of the following:
	'load' operation 8 bit ('x_load_341') on array 'x' [437]  (1.237 ns)

 <State 31>: 1.237ns
The critical path consists of the following:
	'load' operation 8 bit ('x_load_343') on array 'x' [441]  (1.237 ns)

 <State 32>: 1.237ns
The critical path consists of the following:
	'load' operation 8 bit ('x_load_345') on array 'x' [445]  (1.237 ns)

 <State 33>: 1.237ns
The critical path consists of the following:
	'load' operation 8 bit ('x_load_347') on array 'x' [449]  (1.237 ns)

 <State 34>: 1.237ns
The critical path consists of the following:
	'load' operation 8 bit ('x_load_349') on array 'x' [453]  (1.237 ns)

 <State 35>: 1.237ns
The critical path consists of the following:
	'load' operation 8 bit ('x_load_351') on array 'x' [457]  (1.237 ns)

 <State 36>: 1.237ns
The critical path consists of the following:
	'load' operation 8 bit ('x_load_353') on array 'x' [461]  (1.237 ns)

 <State 37>: 1.237ns
The critical path consists of the following:
	'load' operation 8 bit ('x_load_355') on array 'x' [465]  (1.237 ns)

 <State 38>: 1.237ns
The critical path consists of the following:
	'load' operation 8 bit ('x_load_357') on array 'x' [469]  (1.237 ns)

 <State 39>: 1.237ns
The critical path consists of the following:
	'load' operation 8 bit ('x_load_359') on array 'x' [473]  (1.237 ns)

 <State 40>: 1.237ns
The critical path consists of the following:
	'load' operation 8 bit ('x_load_361') on array 'x' [477]  (1.237 ns)

 <State 41>: 1.237ns
The critical path consists of the following:
	'load' operation 8 bit ('x_load_363') on array 'x' [481]  (1.237 ns)

 <State 42>: 1.237ns
The critical path consists of the following:
	'load' operation 8 bit ('x_load_365') on array 'x' [485]  (1.237 ns)

 <State 43>: 1.237ns
The critical path consists of the following:
	'load' operation 8 bit ('x_load_367') on array 'x' [489]  (1.237 ns)

 <State 44>: 1.237ns
The critical path consists of the following:
	'load' operation 8 bit ('x_load_369') on array 'x' [493]  (1.237 ns)

 <State 45>: 1.237ns
The critical path consists of the following:
	'load' operation 8 bit ('x_load_371') on array 'x' [497]  (1.237 ns)

 <State 46>: 1.237ns
The critical path consists of the following:
	'load' operation 8 bit ('x_load_373') on array 'x' [501]  (1.237 ns)

 <State 47>: 1.237ns
The critical path consists of the following:
	'load' operation 8 bit ('x_load_375') on array 'x' [505]  (1.237 ns)

 <State 48>: 1.237ns
The critical path consists of the following:
	'load' operation 8 bit ('x_load_377') on array 'x' [509]  (1.237 ns)

 <State 49>: 1.237ns
The critical path consists of the following:
	'load' operation 8 bit ('x_load_379') on array 'x' [513]  (1.237 ns)

 <State 50>: 1.237ns
The critical path consists of the following:
	'load' operation 8 bit ('x_load_381') on array 'x' [517]  (1.237 ns)

 <State 51>: 1.237ns
The critical path consists of the following:
	'load' operation 8 bit ('x_load_383') on array 'x' [521]  (1.237 ns)

 <State 52>: 1.237ns
The critical path consists of the following:
	'load' operation 8 bit ('x_load_385') on array 'x' [525]  (1.237 ns)

 <State 53>: 1.237ns
The critical path consists of the following:
	'load' operation 8 bit ('x_load_387') on array 'x' [529]  (1.237 ns)

 <State 54>: 1.237ns
The critical path consists of the following:
	'load' operation 8 bit ('x_load_389') on array 'x' [533]  (1.237 ns)

 <State 55>: 1.237ns
The critical path consists of the following:
	'load' operation 8 bit ('x_load_391') on array 'x' [537]  (1.237 ns)

 <State 56>: 1.237ns
The critical path consists of the following:
	'load' operation 8 bit ('x_load_393') on array 'x' [541]  (1.237 ns)

 <State 57>: 1.237ns
The critical path consists of the following:
	'load' operation 8 bit ('x_load_395') on array 'x' [545]  (1.237 ns)

 <State 58>: 1.237ns
The critical path consists of the following:
	'load' operation 8 bit ('x_load_397') on array 'x' [549]  (1.237 ns)

 <State 59>: 1.237ns
The critical path consists of the following:
	'load' operation 8 bit ('x_load_399') on array 'x' [553]  (1.237 ns)

 <State 60>: 1.237ns
The critical path consists of the following:
	'load' operation 8 bit ('x_load_401') on array 'x' [557]  (1.237 ns)

 <State 61>: 1.237ns
The critical path consists of the following:
	'load' operation 8 bit ('x_load_403') on array 'x' [561]  (1.237 ns)

 <State 62>: 1.237ns
The critical path consists of the following:
	'load' operation 8 bit ('x_load_405') on array 'x' [565]  (1.237 ns)

 <State 63>: 1.237ns
The critical path consists of the following:
	'load' operation 8 bit ('x_load_407') on array 'x' [569]  (1.237 ns)

 <State 64>: 1.237ns
The critical path consists of the following:
	'load' operation 8 bit ('x_load_409') on array 'x' [573]  (1.237 ns)

 <State 65>: 1.237ns
The critical path consists of the following:
	'load' operation 8 bit ('x_load_411') on array 'x' [577]  (1.237 ns)

 <State 66>: 1.237ns
The critical path consists of the following:
	'load' operation 8 bit ('x_load_413') on array 'x' [581]  (1.237 ns)

 <State 67>: 1.237ns
The critical path consists of the following:
	'load' operation 8 bit ('x_load_415') on array 'x' [585]  (1.237 ns)

 <State 68>: 1.237ns
The critical path consists of the following:
	'load' operation 8 bit ('x_load_417') on array 'x' [589]  (1.237 ns)

 <State 69>: 1.237ns
The critical path consists of the following:
	'load' operation 8 bit ('x_load_419') on array 'x' [593]  (1.237 ns)

 <State 70>: 1.237ns
The critical path consists of the following:
	'load' operation 8 bit ('x_load_421') on array 'x' [597]  (1.237 ns)

 <State 71>: 1.237ns
The critical path consists of the following:
	'load' operation 8 bit ('x_load_423') on array 'x' [601]  (1.237 ns)

 <State 72>: 1.237ns
The critical path consists of the following:
	'load' operation 8 bit ('x_load_425') on array 'x' [605]  (1.237 ns)

 <State 73>: 1.237ns
The critical path consists of the following:
	'load' operation 8 bit ('x_load_427') on array 'x' [609]  (1.237 ns)

 <State 74>: 1.237ns
The critical path consists of the following:
	'load' operation 8 bit ('x_load_429') on array 'x' [613]  (1.237 ns)

 <State 75>: 1.237ns
The critical path consists of the following:
	'load' operation 8 bit ('x_load_431') on array 'x' [617]  (1.237 ns)

 <State 76>: 1.237ns
The critical path consists of the following:
	'load' operation 8 bit ('x_load_433') on array 'x' [621]  (1.237 ns)

 <State 77>: 1.237ns
The critical path consists of the following:
	'load' operation 8 bit ('x_load_435') on array 'x' [625]  (1.237 ns)

 <State 78>: 1.237ns
The critical path consists of the following:
	'load' operation 8 bit ('x_load_437') on array 'x' [629]  (1.237 ns)

 <State 79>: 1.237ns
The critical path consists of the following:
	'load' operation 8 bit ('x_load_439') on array 'x' [633]  (1.237 ns)

 <State 80>: 1.237ns
The critical path consists of the following:
	'load' operation 8 bit ('x_load_441') on array 'x' [637]  (1.237 ns)

 <State 81>: 1.237ns
The critical path consists of the following:
	'load' operation 8 bit ('x_load_443') on array 'x' [641]  (1.237 ns)

 <State 82>: 1.237ns
The critical path consists of the following:
	'load' operation 8 bit ('x_load_445') on array 'x' [645]  (1.237 ns)

 <State 83>: 1.237ns
The critical path consists of the following:
	'load' operation 8 bit ('x_load_447') on array 'x' [649]  (1.237 ns)

 <State 84>: 1.237ns
The critical path consists of the following:
	'load' operation 8 bit ('x_load_449') on array 'x' [653]  (1.237 ns)

 <State 85>: 1.237ns
The critical path consists of the following:
	'load' operation 8 bit ('x_load_451') on array 'x' [657]  (1.237 ns)

 <State 86>: 1.237ns
The critical path consists of the following:
	'load' operation 8 bit ('x_load_453') on array 'x' [661]  (1.237 ns)

 <State 87>: 1.237ns
The critical path consists of the following:
	'load' operation 8 bit ('x_load_455') on array 'x' [665]  (1.237 ns)

 <State 88>: 1.237ns
The critical path consists of the following:
	'load' operation 8 bit ('x_load_457') on array 'x' [669]  (1.237 ns)

 <State 89>: 1.237ns
The critical path consists of the following:
	'load' operation 8 bit ('x_load_459') on array 'x' [673]  (1.237 ns)

 <State 90>: 1.237ns
The critical path consists of the following:
	'load' operation 8 bit ('x_load_461') on array 'x' [677]  (1.237 ns)

 <State 91>: 1.237ns
The critical path consists of the following:
	'load' operation 8 bit ('x_load_463') on array 'x' [681]  (1.237 ns)

 <State 92>: 1.237ns
The critical path consists of the following:
	'load' operation 8 bit ('x_load_465') on array 'x' [685]  (1.237 ns)

 <State 93>: 1.237ns
The critical path consists of the following:
	'load' operation 8 bit ('x_load_467') on array 'x' [689]  (1.237 ns)

 <State 94>: 1.237ns
The critical path consists of the following:
	'load' operation 8 bit ('x_load_469') on array 'x' [693]  (1.237 ns)

 <State 95>: 1.237ns
The critical path consists of the following:
	'load' operation 8 bit ('x_load_471') on array 'x' [697]  (1.237 ns)

 <State 96>: 1.237ns
The critical path consists of the following:
	'load' operation 8 bit ('x_load_473') on array 'x' [701]  (1.237 ns)

 <State 97>: 1.237ns
The critical path consists of the following:
	'load' operation 8 bit ('x_load_475') on array 'x' [705]  (1.237 ns)

 <State 98>: 1.237ns
The critical path consists of the following:
	'load' operation 8 bit ('x_load_477') on array 'x' [709]  (1.237 ns)

 <State 99>: 1.237ns
The critical path consists of the following:
	'load' operation 8 bit ('x_load_479') on array 'x' [713]  (1.237 ns)

 <State 100>: 1.237ns
The critical path consists of the following:
	'load' operation 8 bit ('x_load_481') on array 'x' [717]  (1.237 ns)

 <State 101>: 1.237ns
The critical path consists of the following:
	'load' operation 8 bit ('x_load_483') on array 'x' [721]  (1.237 ns)

 <State 102>: 1.237ns
The critical path consists of the following:
	'load' operation 8 bit ('x_load_485') on array 'x' [725]  (1.237 ns)

 <State 103>: 1.237ns
The critical path consists of the following:
	'load' operation 8 bit ('x_load_487') on array 'x' [729]  (1.237 ns)

 <State 104>: 1.237ns
The critical path consists of the following:
	'load' operation 8 bit ('x_load_489') on array 'x' [733]  (1.237 ns)

 <State 105>: 1.237ns
The critical path consists of the following:
	'load' operation 8 bit ('x_load_491') on array 'x' [737]  (1.237 ns)

 <State 106>: 1.237ns
The critical path consists of the following:
	'load' operation 8 bit ('x_load_493') on array 'x' [741]  (1.237 ns)

 <State 107>: 1.237ns
The critical path consists of the following:
	'load' operation 8 bit ('x_load_495') on array 'x' [745]  (1.237 ns)

 <State 108>: 1.237ns
The critical path consists of the following:
	'load' operation 8 bit ('x_load_497') on array 'x' [749]  (1.237 ns)

 <State 109>: 1.237ns
The critical path consists of the following:
	'load' operation 8 bit ('x_load_499') on array 'x' [753]  (1.237 ns)

 <State 110>: 1.237ns
The critical path consists of the following:
	'load' operation 8 bit ('x_load_501') on array 'x' [757]  (1.237 ns)

 <State 111>: 1.237ns
The critical path consists of the following:
	'load' operation 8 bit ('x_load_503') on array 'x' [761]  (1.237 ns)

 <State 112>: 1.237ns
The critical path consists of the following:
	'load' operation 8 bit ('x_load_505') on array 'x' [765]  (1.237 ns)

 <State 113>: 1.237ns
The critical path consists of the following:
	'load' operation 8 bit ('x_load_507') on array 'x' [769]  (1.237 ns)

 <State 114>: 1.237ns
The critical path consists of the following:
	'load' operation 8 bit ('x_load_509') on array 'x' [773]  (1.237 ns)

 <State 115>: 1.237ns
The critical path consists of the following:
	'load' operation 8 bit ('x_load_511') on array 'x' [777]  (1.237 ns)

 <State 116>: 1.237ns
The critical path consists of the following:
	'load' operation 8 bit ('x_load_513') on array 'x' [781]  (1.237 ns)

 <State 117>: 1.237ns
The critical path consists of the following:
	'load' operation 8 bit ('x_load_515') on array 'x' [785]  (1.237 ns)

 <State 118>: 1.237ns
The critical path consists of the following:
	'load' operation 8 bit ('x_load_517') on array 'x' [789]  (1.237 ns)

 <State 119>: 1.237ns
The critical path consists of the following:
	'load' operation 8 bit ('x_load_519') on array 'x' [793]  (1.237 ns)

 <State 120>: 1.237ns
The critical path consists of the following:
	'load' operation 8 bit ('x_load_521') on array 'x' [797]  (1.237 ns)

 <State 121>: 1.237ns
The critical path consists of the following:
	'load' operation 8 bit ('x_load_523') on array 'x' [801]  (1.237 ns)

 <State 122>: 1.237ns
The critical path consists of the following:
	'load' operation 8 bit ('x_load_525') on array 'x' [805]  (1.237 ns)

 <State 123>: 1.237ns
The critical path consists of the following:
	'load' operation 8 bit ('x_load_527') on array 'x' [809]  (1.237 ns)

 <State 124>: 1.237ns
The critical path consists of the following:
	'load' operation 8 bit ('x_load_529') on array 'x' [813]  (1.237 ns)

 <State 125>: 1.237ns
The critical path consists of the following:
	'load' operation 8 bit ('x_load_531') on array 'x' [817]  (1.237 ns)

 <State 126>: 1.237ns
The critical path consists of the following:
	'load' operation 8 bit ('x_load_533') on array 'x' [821]  (1.237 ns)

 <State 127>: 1.237ns
The critical path consists of the following:
	'load' operation 8 bit ('x_load_535') on array 'x' [825]  (1.237 ns)

 <State 128>: 1.237ns
The critical path consists of the following:
	'load' operation 8 bit ('x_load_537') on array 'x' [829]  (1.237 ns)

 <State 129>: 1.237ns
The critical path consists of the following:
	'load' operation 8 bit ('x_load_539') on array 'x' [833]  (1.237 ns)

 <State 130>: 1.237ns
The critical path consists of the following:
	'load' operation 8 bit ('x_load_541') on array 'x' [837]  (1.237 ns)

 <State 131>: 1.237ns
The critical path consists of the following:
	'load' operation 8 bit ('x_load_543') on array 'x' [841]  (1.237 ns)

 <State 132>: 1.237ns
The critical path consists of the following:
	'load' operation 8 bit ('x_load_545') on array 'x' [845]  (1.237 ns)

 <State 133>: 1.237ns
The critical path consists of the following:
	'load' operation 8 bit ('x_load_547') on array 'x' [849]  (1.237 ns)

 <State 134>: 1.237ns
The critical path consists of the following:
	'load' operation 8 bit ('x_load_549') on array 'x' [853]  (1.237 ns)

 <State 135>: 1.237ns
The critical path consists of the following:
	'load' operation 8 bit ('x_load_551') on array 'x' [857]  (1.237 ns)

 <State 136>: 1.237ns
The critical path consists of the following:
	'load' operation 8 bit ('x_load_553') on array 'x' [861]  (1.237 ns)

 <State 137>: 1.237ns
The critical path consists of the following:
	'load' operation 8 bit ('x_load_555') on array 'x' [865]  (1.237 ns)

 <State 138>: 1.237ns
The critical path consists of the following:
	'load' operation 8 bit ('x_load_557') on array 'x' [869]  (1.237 ns)

 <State 139>: 1.237ns
The critical path consists of the following:
	'load' operation 8 bit ('x_load_559') on array 'x' [873]  (1.237 ns)

 <State 140>: 1.237ns
The critical path consists of the following:
	'load' operation 8 bit ('x_load_561') on array 'x' [877]  (1.237 ns)

 <State 141>: 1.237ns
The critical path consists of the following:
	'load' operation 8 bit ('x_load_563') on array 'x' [881]  (1.237 ns)

 <State 142>: 1.237ns
The critical path consists of the following:
	'load' operation 8 bit ('x_load_565') on array 'x' [885]  (1.237 ns)

 <State 143>: 1.237ns
The critical path consists of the following:
	'load' operation 8 bit ('x_load_567') on array 'x' [889]  (1.237 ns)

 <State 144>: 1.237ns
The critical path consists of the following:
	'load' operation 8 bit ('x_load_569') on array 'x' [893]  (1.237 ns)

 <State 145>: 1.237ns
The critical path consists of the following:
	'load' operation 8 bit ('x_load_571') on array 'x' [897]  (1.237 ns)

 <State 146>: 1.237ns
The critical path consists of the following:
	'load' operation 8 bit ('x_load_573') on array 'x' [901]  (1.237 ns)

 <State 147>: 1.237ns
The critical path consists of the following:
	'load' operation 8 bit ('x_load_575') on array 'x' [905]  (1.237 ns)

 <State 148>: 1.237ns
The critical path consists of the following:
	'load' operation 8 bit ('x_load_577') on array 'x' [909]  (1.237 ns)

 <State 149>: 1.237ns
The critical path consists of the following:
	'load' operation 8 bit ('x_load_579') on array 'x' [913]  (1.237 ns)

 <State 150>: 1.237ns
The critical path consists of the following:
	'load' operation 8 bit ('x_load_581') on array 'x' [917]  (1.237 ns)

 <State 151>: 1.237ns
The critical path consists of the following:
	'load' operation 8 bit ('x_load_583') on array 'x' [921]  (1.237 ns)

 <State 152>: 1.237ns
The critical path consists of the following:
	'load' operation 8 bit ('x_load_585') on array 'x' [925]  (1.237 ns)

 <State 153>: 1.237ns
The critical path consists of the following:
	'load' operation 8 bit ('x_load_587') on array 'x' [929]  (1.237 ns)

 <State 154>: 1.237ns
The critical path consists of the following:
	'load' operation 8 bit ('x_load_589') on array 'x' [933]  (1.237 ns)

 <State 155>: 1.237ns
The critical path consists of the following:
	'load' operation 8 bit ('x_load_591') on array 'x' [937]  (1.237 ns)

 <State 156>: 1.237ns
The critical path consists of the following:
	'load' operation 8 bit ('x_load_593') on array 'x' [941]  (1.237 ns)

 <State 157>: 1.237ns
The critical path consists of the following:
	'load' operation 8 bit ('x_load_595') on array 'x' [945]  (1.237 ns)

 <State 158>: 1.237ns
The critical path consists of the following:
	'load' operation 8 bit ('x_load_597') on array 'x' [949]  (1.237 ns)

 <State 159>: 1.237ns
The critical path consists of the following:
	'load' operation 8 bit ('x_load_599') on array 'x' [953]  (1.237 ns)

 <State 160>: 1.237ns
The critical path consists of the following:
	'load' operation 8 bit ('x_load_601') on array 'x' [957]  (1.237 ns)

 <State 161>: 1.237ns
The critical path consists of the following:
	'load' operation 8 bit ('x_load_603') on array 'x' [961]  (1.237 ns)

 <State 162>: 0.000ns
The critical path consists of the following:


============================================================
+ Verbose Summary: Binding
============================================================
N/A
* FSMD analyzer results:
  - Output states:
 - Input state : 
  - Chain level:
	State 1
	State 2
	State 3
	State 4
	State 5
	State 6
	State 7
	State 8
	State 9
	State 10
	State 11
	State 12
	State 13
	State 14
	State 15
	State 16
	State 17
	State 18
	State 19
	State 20
	State 21
	State 22
	State 23
	State 24
	State 25
	State 26
	State 27
	State 28
	State 29
	State 30
	State 31
	State 32
	State 33
	State 34
	State 35
	State 36
	State 37
	State 38
	State 39
	State 40
	State 41
	State 42
	State 43
	State 44
	State 45
	State 46
	State 47
	State 48
	State 49
	State 50
	State 51
	State 52
	State 53
	State 54
	State 55
	State 56
	State 57
	State 58
	State 59
	State 60
	State 61
	State 62
	State 63
	State 64
	State 65
	State 66
	State 67
	State 68
	State 69
	State 70
	State 71
	State 72
	State 73
	State 74
	State 75
	State 76
	State 77
	State 78
	State 79
	State 80
	State 81
	State 82
	State 83
	State 84
	State 85
	State 86
	State 87
	State 88
	State 89
	State 90
	State 91
	State 92
	State 93
	State 94
	State 95
	State 96
	State 97
	State 98
	State 99
	State 100
	State 101
	State 102
	State 103
	State 104
	State 105
	State 106
	State 107
	State 108
	State 109
	State 110
	State 111
	State 112
	State 113
	State 114
	State 115
	State 116
	State 117
	State 118
	State 119
	State 120
	State 121
	State 122
	State 123
	State 124
	State 125
	State 126
	State 127
	State 128
	State 129
	State 130
	State 131
	State 132
	State 133
	State 134
	State 135
	State 136
	State 137
	State 138
	State 139
	State 140
	State 141
	State 142
	State 143
	State 144
	State 145
	State 146
	State 147
	State 148
	State 149
	State 150
	State 151
	State 152
	State 153
	State 154
	State 155
	State 156
	State 157
	State 158
	State 159
	State 160
	State 161
	State 162


============================================================
+ Verbose Summary: Datapath Resource usage 
============================================================
N/A
