

================================================================
== Vitis HLS Report for 'linear_acc_320_128_Pipeline_VITIS_LOOP_186_1'
================================================================
* Date:           Sat May 30 20:40:59 2026

* Version:        2023.2 (Build 4023990 on Oct 11 2023)
* Project:        proj_awn_int8
* Solution:       solution1 (Vivado IP Flow Target)
* Product family: zynquplus
* Target device:  xczu7ev-ffvc1156-2-e


================================================================
== Performance Estimates
================================================================
+ Timing: 
    * Summary: 
    +--------+---------+----------+------------+
    |  Clock |  Target | Estimated| Uncertainty|
    +--------+---------+----------+------------+
    |ap_clk  |  5.00 ns|  3.532 ns|     1.35 ns|
    +--------+---------+----------+------------+

+ Latency: 
    * Summary: 
    +---------+---------+----------+----------+-----+-----+---------+
    |  Latency (cycles) |  Latency (absolute) |  Interval | Pipeline|
    |   min   |   max   |    min   |    max   | min | max |   Type  |
    +---------+---------+----------+----------+-----+-----+---------+
    |      328|      328|  1.640 us|  1.640 us|  328|  328|       no|
    +---------+---------+----------+----------+-----+-----+---------+

    + Detail: 
        * Instance: 
        N/A

        * Loop: 
        +--------------------+---------+---------+----------+-----------+-----------+------+----------+
        |                    |  Latency (cycles) | Iteration|  Initiation Interval  | Trip |          |
        |      Loop Name     |   min   |   max   |  Latency |  achieved |   target  | Count| Pipelined|
        +--------------------+---------+---------+----------+-----------+-----------+------+----------+
        |- VITIS_LOOP_186_1  |      326|      326|         8|          1|          1|   320|       yes|
        +--------------------+---------+---------+----------+-----------+-----------+------+----------+

============================================================
+ Verbose Summary: Synthesis Manager
============================================================
InlineROM: 1
ExposeGlobal: 0
============================================================
+ Verbose Summary: CDFG Model
============================================================
IsTopModel: 0
ResetActiveHigh: 1
IsCombinational: 0
IsDatapathOnly: 0
HasWiredReturn: 1
HasMFsm: 2
HasVarLatency: 1
IsPipeline: 0
IsRtlPipelined: 0
IsInstanceOverlapped: 0
IsDontTouch: 0
HasImplIP: 0
IsGatedGlobalClock: 0

+ Individual pipeline summary: 
  * Pipeline-0: initiation interval (II) = 1, depth = 8


============================================================
+ Verbose Summary: Schedule
============================================================
* Number of FSM states : 8
* Pipeline : 1
  Pipeline-0 : II = 1, D = 8, States = { 1 2 3 4 5 6 7 8 }
* Dataflow Pipeline: 0

* FSM state transitions: 
1 --> 2 
2 --> 3 
3 --> 4 
4 --> 5 
5 --> 6 
6 --> 7 
7 --> 8 
8 --> 

* FSM state operations: 

State 1 <SV = 0> <Delay = 1.66>
ST_1 : Operation 11 [1/1] (0.00ns)   --->   "%m = alloca i32 1" [awn_int8.cpp:186]   --->   Operation 11 'alloca' 'm' <Predicate = true> <Delay = 0.00>
ST_1 : Operation 12 [1/1] (0.00ns)   --->   "%x_load_83_cast_read = read i8 @_ssdm_op_Read.ap_auto.i8, i8 %x_load_83_cast"   --->   Operation 12 'read' 'x_load_83_cast_read' <Predicate = true> <Delay = 0.00>
ST_1 : Operation 13 [1/1] (0.00ns)   --->   "%x_load_60_cast_read = read i8 @_ssdm_op_Read.ap_auto.i8, i8 %x_load_60_cast"   --->   Operation 13 'read' 'x_load_60_cast_read' <Predicate = true> <Delay = 0.00>
ST_1 : Operation 14 [1/1] (0.00ns)   --->   "%sext_ln190_11_read = read i8 @_ssdm_op_Read.ap_auto.i8, i8 %sext_ln190_11"   --->   Operation 14 'read' 'sext_ln190_11_read' <Predicate = true> <Delay = 0.00>
ST_1 : Operation 15 [1/1] (0.00ns)   --->   "%x_load_112_cast_read = read i8 @_ssdm_op_Read.ap_auto.i8, i8 %x_load_112_cast"   --->   Operation 15 'read' 'x_load_112_cast_read' <Predicate = true> <Delay = 0.00>
ST_1 : Operation 16 [1/1] (0.00ns)   --->   "%x_load_85_cast_read = read i8 @_ssdm_op_Read.ap_auto.i8, i8 %x_load_85_cast"   --->   Operation 16 'read' 'x_load_85_cast_read' <Predicate = true> <Delay = 0.00>
ST_1 : Operation 17 [1/1] (0.00ns)   --->   "%sext_ln190_9_read = read i8 @_ssdm_op_Read.ap_auto.i8, i8 %sext_ln190_9"   --->   Operation 17 'read' 'sext_ln190_9_read' <Predicate = true> <Delay = 0.00>
ST_1 : Operation 18 [1/1] (0.00ns)   --->   "%x_load_52_cast_read = read i8 @_ssdm_op_Read.ap_auto.i8, i8 %x_load_52_cast"   --->   Operation 18 'read' 'x_load_52_cast_read' <Predicate = true> <Delay = 0.00>
ST_1 : Operation 19 [1/1] (0.00ns)   --->   "%x_load_13_cast_read = read i8 @_ssdm_op_Read.ap_auto.i8, i8 %x_load_13_cast"   --->   Operation 19 'read' 'x_load_13_cast_read' <Predicate = true> <Delay = 0.00>
ST_1 : Operation 20 [1/1] (0.00ns)   --->   "%x_load_92_cast_read = read i8 @_ssdm_op_Read.ap_auto.i8, i8 %x_load_92_cast"   --->   Operation 20 'read' 'x_load_92_cast_read' <Predicate = true> <Delay = 0.00>
ST_1 : Operation 21 [1/1] (0.00ns)   --->   "%x_load_61_cast_read = read i8 @_ssdm_op_Read.ap_auto.i8, i8 %x_load_61_cast"   --->   Operation 21 'read' 'x_load_61_cast_read' <Predicate = true> <Delay = 0.00>
ST_1 : Operation 22 [1/1] (0.00ns)   --->   "%x_load_98_cast_read = read i8 @_ssdm_op_Read.ap_auto.i8, i8 %x_load_98_cast"   --->   Operation 22 'read' 'x_load_98_cast_read' <Predicate = true> <Delay = 0.00>
ST_1 : Operation 23 [1/1] (0.00ns)   --->   "%x_load_22_cast_read = read i8 @_ssdm_op_Read.ap_auto.i8, i8 %x_load_22_cast"   --->   Operation 23 'read' 'x_load_22_cast_read' <Predicate = true> <Delay = 0.00>
ST_1 : Operation 24 [1/1] (0.00ns)   --->   "%x_load_65_cast_read = read i8 @_ssdm_op_Read.ap_auto.i8, i8 %x_load_65_cast"   --->   Operation 24 'read' 'x_load_65_cast_read' <Predicate = true> <Delay = 0.00>
ST_1 : Operation 25 [1/1] (0.00ns)   --->   "%x_load_20_cast_read = read i8 @_ssdm_op_Read.ap_auto.i8, i8 %x_load_20_cast"   --->   Operation 25 'read' 'x_load_20_cast_read' <Predicate = true> <Delay = 0.00>
ST_1 : Operation 26 [1/1] (0.00ns)   --->   "%x_load_62_cast_read = read i8 @_ssdm_op_Read.ap_auto.i8, i8 %x_load_62_cast"   --->   Operation 26 'read' 'x_load_62_cast_read' <Predicate = true> <Delay = 0.00>
ST_1 : Operation 27 [1/1] (0.00ns)   --->   "%x_load_64_cast_read = read i8 @_ssdm_op_Read.ap_auto.i8, i8 %x_load_64_cast"   --->   Operation 27 'read' 'x_load_64_cast_read' <Predicate = true> <Delay = 0.00>
ST_1 : Operation 28 [1/1] (0.00ns)   --->   "%x_load_63_cast_read = read i8 @_ssdm_op_Read.ap_auto.i8, i8 %x_load_63_cast"   --->   Operation 28 'read' 'x_load_63_cast_read' <Predicate = true> <Delay = 0.00>
ST_1 : Operation 29 [1/1] (0.00ns)   --->   "%x_load_95_cast_read = read i8 @_ssdm_op_Read.ap_auto.i8, i8 %x_load_95_cast"   --->   Operation 29 'read' 'x_load_95_cast_read' <Predicate = true> <Delay = 0.00>
ST_1 : Operation 30 [1/1] (0.00ns)   --->   "%x_load_17_cast_read = read i8 @_ssdm_op_Read.ap_auto.i8, i8 %x_load_17_cast"   --->   Operation 30 'read' 'x_load_17_cast_read' <Predicate = true> <Delay = 0.00>
ST_1 : Operation 31 [1/1] (0.00ns)   --->   "%x_load_113_cast_read = read i8 @_ssdm_op_Read.ap_auto.i8, i8 %x_load_113_cast"   --->   Operation 31 'read' 'x_load_113_cast_read' <Predicate = true> <Delay = 0.00>
ST_1 : Operation 32 [1/1] (0.00ns)   --->   "%x_load_102_cast_read = read i8 @_ssdm_op_Read.ap_auto.i8, i8 %x_load_102_cast"   --->   Operation 32 'read' 'x_load_102_cast_read' <Predicate = true> <Delay = 0.00>
ST_1 : Operation 33 [1/1] (0.00ns)   --->   "%x_load_78_cast_read = read i8 @_ssdm_op_Read.ap_auto.i8, i8 %x_load_78_cast"   --->   Operation 33 'read' 'x_load_78_cast_read' <Predicate = true> <Delay = 0.00>
ST_1 : Operation 34 [1/1] (0.00ns)   --->   "%x_load_43_cast_read = read i8 @_ssdm_op_Read.ap_auto.i8, i8 %x_load_43_cast"   --->   Operation 34 'read' 'x_load_43_cast_read' <Predicate = true> <Delay = 0.00>
ST_1 : Operation 35 [1/1] (0.00ns)   --->   "%x_load_41_cast_read = read i8 @_ssdm_op_Read.ap_auto.i8, i8 %x_load_41_cast"   --->   Operation 35 'read' 'x_load_41_cast_read' <Predicate = true> <Delay = 0.00>
ST_1 : Operation 36 [1/1] (0.00ns)   --->   "%x_load_75_cast_read = read i8 @_ssdm_op_Read.ap_auto.i8, i8 %x_load_75_cast"   --->   Operation 36 'read' 'x_load_75_cast_read' <Predicate = true> <Delay = 0.00>
ST_1 : Operation 37 [1/1] (0.00ns)   --->   "%x_load_26_cast_read = read i8 @_ssdm_op_Read.ap_auto.i8, i8 %x_load_26_cast"   --->   Operation 37 'read' 'x_load_26_cast_read' <Predicate = true> <Delay = 0.00>
ST_1 : Operation 38 [1/1] (0.00ns)   --->   "%x_load_2_cast_read = read i8 @_ssdm_op_Read.ap_auto.i8, i8 %x_load_2_cast"   --->   Operation 38 'read' 'x_load_2_cast_read' <Predicate = true> <Delay = 0.00>
ST_1 : Operation 39 [1/1] (0.00ns)   --->   "%x_load_14_cast_read = read i8 @_ssdm_op_Read.ap_auto.i8, i8 %x_load_14_cast"   --->   Operation 39 'read' 'x_load_14_cast_read' <Predicate = true> <Delay = 0.00>
ST_1 : Operation 40 [1/1] (0.00ns)   --->   "%x_load_87_cast_read = read i8 @_ssdm_op_Read.ap_auto.i8, i8 %x_load_87_cast"   --->   Operation 40 'read' 'x_load_87_cast_read' <Predicate = true> <Delay = 0.00>
ST_1 : Operation 41 [1/1] (0.00ns)   --->   "%x_load_107_cast_read = read i8 @_ssdm_op_Read.ap_auto.i8, i8 %x_load_107_cast"   --->   Operation 41 'read' 'x_load_107_cast_read' <Predicate = true> <Delay = 0.00>
ST_1 : Operation 42 [1/1] (0.00ns)   --->   "%x_load_35_cast_read = read i8 @_ssdm_op_Read.ap_auto.i8, i8 %x_load_35_cast"   --->   Operation 42 'read' 'x_load_35_cast_read' <Predicate = true> <Delay = 0.00>
ST_1 : Operation 43 [1/1] (0.00ns)   --->   "%x_load_71_cast_read = read i8 @_ssdm_op_Read.ap_auto.i8, i8 %x_load_71_cast"   --->   Operation 43 'read' 'x_load_71_cast_read' <Predicate = true> <Delay = 0.00>
ST_1 : Operation 44 [1/1] (0.00ns)   --->   "%sext_ln190_1_read = read i8 @_ssdm_op_Read.ap_auto.i8, i8 %sext_ln190_1"   --->   Operation 44 'read' 'sext_ln190_1_read' <Predicate = true> <Delay = 0.00>
ST_1 : Operation 45 [1/1] (0.00ns)   --->   "%x_load_53_cast_read = read i8 @_ssdm_op_Read.ap_auto.i8, i8 %x_load_53_cast"   --->   Operation 45 'read' 'x_load_53_cast_read' <Predicate = true> <Delay = 0.00>
ST_1 : Operation 46 [1/1] (0.00ns)   --->   "%x_load_114_cast_read = read i8 @_ssdm_op_Read.ap_auto.i8, i8 %x_load_114_cast"   --->   Operation 46 'read' 'x_load_114_cast_read' <Predicate = true> <Delay = 0.00>
ST_1 : Operation 47 [1/1] (0.00ns)   --->   "%x_load_15_cast_read = read i8 @_ssdm_op_Read.ap_auto.i8, i8 %x_load_15_cast"   --->   Operation 47 'read' 'x_load_15_cast_read' <Predicate = true> <Delay = 0.00>
ST_1 : Operation 48 [1/1] (0.00ns)   --->   "%x_load_90_cast_read = read i8 @_ssdm_op_Read.ap_auto.i8, i8 %x_load_90_cast"   --->   Operation 48 'read' 'x_load_90_cast_read' <Predicate = true> <Delay = 0.00>
ST_1 : Operation 49 [1/1] (0.00ns)   --->   "%sext_ln190_3_read = read i8 @_ssdm_op_Read.ap_auto.i8, i8 %sext_ln190_3"   --->   Operation 49 'read' 'sext_ln190_3_read' <Predicate = true> <Delay = 0.00>
ST_1 : Operation 50 [1/1] (0.00ns)   --->   "%x_load_10_cast_read = read i8 @_ssdm_op_Read.ap_auto.i8, i8 %x_load_10_cast"   --->   Operation 50 'read' 'x_load_10_cast_read' <Predicate = true> <Delay = 0.00>
ST_1 : Operation 51 [1/1] (0.00ns)   --->   "%x_load_49_cast_read = read i8 @_ssdm_op_Read.ap_auto.i8, i8 %x_load_49_cast"   --->   Operation 51 'read' 'x_load_49_cast_read' <Predicate = true> <Delay = 0.00>
ST_1 : Operation 52 [1/1] (0.00ns)   --->   "%x_load_23_cast_read = read i8 @_ssdm_op_Read.ap_auto.i8, i8 %x_load_23_cast"   --->   Operation 52 'read' 'x_load_23_cast_read' <Predicate = true> <Delay = 0.00>
ST_1 : Operation 53 [1/1] (0.00ns)   --->   "%sext_ln190_5_read = read i8 @_ssdm_op_Read.ap_auto.i8, i8 %sext_ln190_5"   --->   Operation 53 'read' 'sext_ln190_5_read' <Predicate = true> <Delay = 0.00>
ST_1 : Operation 54 [1/1] (0.00ns)   --->   "%x_load_80_cast_read = read i8 @_ssdm_op_Read.ap_auto.i8, i8 %x_load_80_cast"   --->   Operation 54 'read' 'x_load_80_cast_read' <Predicate = true> <Delay = 0.00>
ST_1 : Operation 55 [1/1] (0.00ns)   --->   "%x_load_38_cast_read = read i8 @_ssdm_op_Read.ap_auto.i8, i8 %x_load_38_cast"   --->   Operation 55 'read' 'x_load_38_cast_read' <Predicate = true> <Delay = 0.00>
ST_1 : Operation 56 [1/1] (0.00ns)   --->   "%x_load_4_cast_read = read i8 @_ssdm_op_Read.ap_auto.i8, i8 %x_load_4_cast"   --->   Operation 56 'read' 'x_load_4_cast_read' <Predicate = true> <Delay = 0.00>
ST_1 : Operation 57 [1/1] (0.00ns)   --->   "%x_load_99_cast_read = read i8 @_ssdm_op_Read.ap_auto.i8, i8 %x_load_99_cast"   --->   Operation 57 'read' 'x_load_99_cast_read' <Predicate = true> <Delay = 0.00>
ST_1 : Operation 58 [1/1] (0.00ns)   --->   "%x_load_34_cast_read = read i8 @_ssdm_op_Read.ap_auto.i8, i8 %x_load_34_cast"   --->   Operation 58 'read' 'x_load_34_cast_read' <Predicate = true> <Delay = 0.00>
ST_1 : Operation 59 [1/1] (0.00ns)   --->   "%x_load_115_cast_read = read i8 @_ssdm_op_Read.ap_auto.i8, i8 %x_load_115_cast"   --->   Operation 59 'read' 'x_load_115_cast_read' <Predicate = true> <Delay = 0.00>
ST_1 : Operation 60 [1/1] (0.00ns)   --->   "%x_load_54_cast_read = read i8 @_ssdm_op_Read.ap_auto.i8, i8 %x_load_54_cast"   --->   Operation 60 'read' 'x_load_54_cast_read' <Predicate = true> <Delay = 0.00>
ST_1 : Operation 61 [1/1] (0.00ns)   --->   "%x_load_103_cast_read = read i8 @_ssdm_op_Read.ap_auto.i8, i8 %x_load_103_cast"   --->   Operation 61 'read' 'x_load_103_cast_read' <Predicate = true> <Delay = 0.00>
ST_1 : Operation 62 [1/1] (0.00ns)   --->   "%x_load_28_cast_read = read i8 @_ssdm_op_Read.ap_auto.i8, i8 %x_load_28_cast"   --->   Operation 62 'read' 'x_load_28_cast_read' <Predicate = true> <Delay = 0.00>
ST_1 : Operation 63 [1/1] (0.00ns)   --->   "%x_load_108_cast_read = read i8 @_ssdm_op_Read.ap_auto.i8, i8 %x_load_108_cast"   --->   Operation 63 'read' 'x_load_108_cast_read' <Predicate = true> <Delay = 0.00>
ST_1 : Operation 64 [1/1] (0.00ns)   --->   "%x_load_3_cast_read = read i8 @_ssdm_op_Read.ap_auto.i8, i8 %x_load_3_cast"   --->   Operation 64 'read' 'x_load_3_cast_read' <Predicate = true> <Delay = 0.00>
ST_1 : Operation 65 [1/1] (0.00ns)   --->   "%x_load_70_cast_read = read i8 @_ssdm_op_Read.ap_auto.i8, i8 %x_load_70_cast"   --->   Operation 65 'read' 'x_load_70_cast_read' <Predicate = true> <Delay = 0.00>
ST_1 : Operation 66 [1/1] (0.00ns)   --->   "%x_load_88_cast_read = read i8 @_ssdm_op_Read.ap_auto.i8, i8 %x_load_88_cast"   --->   Operation 66 'read' 'x_load_88_cast_read' <Predicate = true> <Delay = 0.00>
ST_1 : Operation 67 [1/1] (0.00ns)   --->   "%x_load_93_cast_read = read i8 @_ssdm_op_Read.ap_auto.i8, i8 %x_load_93_cast"   --->   Operation 67 'read' 'x_load_93_cast_read' <Predicate = true> <Delay = 0.00>
ST_1 : Operation 68 [1/1] (0.00ns)   --->   "%x_load_19_cast_read = read i8 @_ssdm_op_Read.ap_auto.i8, i8 %x_load_19_cast"   --->   Operation 68 'read' 'x_load_19_cast_read' <Predicate = true> <Delay = 0.00>
ST_1 : Operation 69 [1/1] (0.00ns)   --->   "%x_load_29_cast_read = read i8 @_ssdm_op_Read.ap_auto.i8, i8 %x_load_29_cast"   --->   Operation 69 'read' 'x_load_29_cast_read' <Predicate = true> <Delay = 0.00>
ST_1 : Operation 70 [1/1] (0.00ns)   --->   "%x_load_96_cast_read = read i8 @_ssdm_op_Read.ap_auto.i8, i8 %x_load_96_cast"   --->   Operation 70 'read' 'x_load_96_cast_read' <Predicate = true> <Delay = 0.00>
ST_1 : Operation 71 [1/1] (0.00ns)   --->   "%x_load_116_cast_read = read i8 @_ssdm_op_Read.ap_auto.i8, i8 %x_load_116_cast"   --->   Operation 71 'read' 'x_load_116_cast_read' <Predicate = true> <Delay = 0.00>
ST_1 : Operation 72 [1/1] (0.00ns)   --->   "%x_load_74_cast_read = read i8 @_ssdm_op_Read.ap_auto.i8, i8 %x_load_74_cast"   --->   Operation 72 'read' 'x_load_74_cast_read' <Predicate = true> <Delay = 0.00>
ST_1 : Operation 73 [1/1] (0.00ns)   --->   "%sext_ln190_6_read = read i8 @_ssdm_op_Read.ap_auto.i8, i8 %sext_ln190_6"   --->   Operation 73 'read' 'sext_ln190_6_read' <Predicate = true> <Delay = 0.00>
ST_1 : Operation 74 [1/1] (0.00ns)   --->   "%x_load_82_cast_read = read i8 @_ssdm_op_Read.ap_auto.i8, i8 %x_load_82_cast"   --->   Operation 74 'read' 'x_load_82_cast_read' <Predicate = true> <Delay = 0.00>
ST_1 : Operation 75 [1/1] (0.00ns)   --->   "%x_load_33_cast_read = read i8 @_ssdm_op_Read.ap_auto.i8, i8 %x_load_33_cast"   --->   Operation 75 'read' 'x_load_33_cast_read' <Predicate = true> <Delay = 0.00>
ST_1 : Operation 76 [1/1] (0.00ns)   --->   "%x_load_1_cast_read = read i8 @_ssdm_op_Read.ap_auto.i8, i8 %x_load_1_cast"   --->   Operation 76 'read' 'x_load_1_cast_read' <Predicate = true> <Delay = 0.00>
ST_1 : Operation 77 [1/1] (0.00ns)   --->   "%x_load_77_cast_read = read i8 @_ssdm_op_Read.ap_auto.i8, i8 %x_load_77_cast"   --->   Operation 77 'read' 'x_load_77_cast_read' <Predicate = true> <Delay = 0.00>
ST_1 : Operation 78 [1/1] (0.00ns)   --->   "%sext_ln190_7_read = read i8 @_ssdm_op_Read.ap_auto.i8, i8 %sext_ln190_7"   --->   Operation 78 'read' 'sext_ln190_7_read' <Predicate = true> <Delay = 0.00>
ST_1 : Operation 79 [1/1] (0.00ns)   --->   "%x_load_44_cast_read = read i8 @_ssdm_op_Read.ap_auto.i8, i8 %x_load_44_cast"   --->   Operation 79 'read' 'x_load_44_cast_read' <Predicate = true> <Delay = 0.00>
ST_1 : Operation 80 [1/1] (0.00ns)   --->   "%x_load_84_cast_read = read i8 @_ssdm_op_Read.ap_auto.i8, i8 %x_load_84_cast"   --->   Operation 80 'read' 'x_load_84_cast_read' <Predicate = true> <Delay = 0.00>
ST_1 : Operation 81 [1/1] (0.00ns)   --->   "%x_load_40_cast_read = read i8 @_ssdm_op_Read.ap_auto.i8, i8 %x_load_40_cast"   --->   Operation 81 'read' 'x_load_40_cast_read' <Predicate = true> <Delay = 0.00>
ST_1 : Operation 82 [1/1] (0.00ns)   --->   "%x_load_55_cast_read = read i8 @_ssdm_op_Read.ap_auto.i8, i8 %x_load_55_cast"   --->   Operation 82 'read' 'x_load_55_cast_read' <Predicate = true> <Delay = 0.00>
ST_1 : Operation 83 [1/1] (0.00ns)   --->   "%x_load_117_cast_read = read i8 @_ssdm_op_Read.ap_auto.i8, i8 %x_load_117_cast"   --->   Operation 83 'read' 'x_load_117_cast_read' <Predicate = true> <Delay = 0.00>
ST_1 : Operation 84 [1/1] (0.00ns)   --->   "%x_load_50_cast_read = read i8 @_ssdm_op_Read.ap_auto.i8, i8 %x_load_50_cast"   --->   Operation 84 'read' 'x_load_50_cast_read' <Predicate = true> <Delay = 0.00>
ST_1 : Operation 85 [1/1] (0.00ns)   --->   "%sext_ln190_10_read = read i8 @_ssdm_op_Read.ap_auto.i8, i8 %sext_ln190_10"   --->   Operation 85 'read' 'sext_ln190_10_read' <Predicate = true> <Delay = 0.00>
ST_1 : Operation 86 [1/1] (0.00ns)   --->   "%x_load_30_cast_read = read i8 @_ssdm_op_Read.ap_auto.i8, i8 %x_load_30_cast"   --->   Operation 86 'read' 'x_load_30_cast_read' <Predicate = true> <Delay = 0.00>
ST_1 : Operation 87 [1/1] (0.00ns)   --->   "%x_load_32_cast_read = read i8 @_ssdm_op_Read.ap_auto.i8, i8 %x_load_32_cast"   --->   Operation 87 'read' 'x_load_32_cast_read' <Predicate = true> <Delay = 0.00>
ST_1 : Operation 88 [1/1] (0.00ns)   --->   "%x_load_42_cast_read = read i8 @_ssdm_op_Read.ap_auto.i8, i8 %x_load_42_cast"   --->   Operation 88 'read' 'x_load_42_cast_read' <Predicate = true> <Delay = 0.00>
ST_1 : Operation 89 [1/1] (0.00ns)   --->   "%x_load_31_cast_read = read i8 @_ssdm_op_Read.ap_auto.i8, i8 %x_load_31_cast"   --->   Operation 89 'read' 'x_load_31_cast_read' <Predicate = true> <Delay = 0.00>
ST_1 : Operation 90 [1/1] (0.00ns)   --->   "%x_load_104_cast_read = read i8 @_ssdm_op_Read.ap_auto.i8, i8 %x_load_104_cast"   --->   Operation 90 'read' 'x_load_104_cast_read' <Predicate = true> <Delay = 0.00>
ST_1 : Operation 91 [1/1] (0.00ns)   --->   "%x_load_69_cast_read = read i8 @_ssdm_op_Read.ap_auto.i8, i8 %x_load_69_cast"   --->   Operation 91 'read' 'x_load_69_cast_read' <Predicate = true> <Delay = 0.00>
ST_1 : Operation 92 [1/1] (0.00ns)   --->   "%x_load_21_cast_read = read i8 @_ssdm_op_Read.ap_auto.i8, i8 %x_load_21_cast"   --->   Operation 92 'read' 'x_load_21_cast_read' <Predicate = true> <Delay = 0.00>
ST_1 : Operation 93 [1/1] (0.00ns)   --->   "%x_load_118_cast_read = read i8 @_ssdm_op_Read.ap_auto.i8, i8 %x_load_118_cast"   --->   Operation 93 'read' 'x_load_118_cast_read' <Predicate = true> <Delay = 0.00>
ST_1 : Operation 94 [1/1] (0.00ns)   --->   "%x_load_100_cast_read = read i8 @_ssdm_op_Read.ap_auto.i8, i8 %x_load_100_cast"   --->   Operation 94 'read' 'x_load_100_cast_read' <Predicate = true> <Delay = 0.00>
ST_1 : Operation 95 [1/1] (0.00ns)   --->   "%x_load_47_cast_read = read i8 @_ssdm_op_Read.ap_auto.i8, i8 %x_load_47_cast"   --->   Operation 95 'read' 'x_load_47_cast_read' <Predicate = true> <Delay = 0.00>
ST_1 : Operation 96 [1/1] (0.00ns)   --->   "%x_load_56_cast_read = read i8 @_ssdm_op_Read.ap_auto.i8, i8 %x_load_56_cast"   --->   Operation 96 'read' 'x_load_56_cast_read' <Predicate = true> <Delay = 0.00>
ST_1 : Operation 97 [1/1] (0.00ns)   --->   "%x_load_37_cast_read = read i8 @_ssdm_op_Read.ap_auto.i8, i8 %x_load_37_cast"   --->   Operation 97 'read' 'x_load_37_cast_read' <Predicate = true> <Delay = 0.00>
ST_1 : Operation 98 [1/1] (0.00ns)   --->   "%x_load_91_cast_read = read i8 @_ssdm_op_Read.ap_auto.i8, i8 %x_load_91_cast"   --->   Operation 98 'read' 'x_load_91_cast_read' <Predicate = true> <Delay = 0.00>
ST_1 : Operation 99 [1/1] (0.00ns)   --->   "%x_load_5_cast_read = read i8 @_ssdm_op_Read.ap_auto.i8, i8 %x_load_5_cast"   --->   Operation 99 'read' 'x_load_5_cast_read' <Predicate = true> <Delay = 0.00>
ST_1 : Operation 100 [1/1] (0.00ns)   --->   "%x_load_11_cast_read = read i8 @_ssdm_op_Read.ap_auto.i8, i8 %x_load_11_cast"   --->   Operation 100 'read' 'x_load_11_cast_read' <Predicate = true> <Delay = 0.00>
ST_1 : Operation 101 [1/1] (0.00ns)   --->   "%x_load_24_cast_read = read i8 @_ssdm_op_Read.ap_auto.i8, i8 %x_load_24_cast"   --->   Operation 101 'read' 'x_load_24_cast_read' <Predicate = true> <Delay = 0.00>
ST_1 : Operation 102 [1/1] (0.00ns)   --->   "%x_load_119_cast_read = read i8 @_ssdm_op_Read.ap_auto.i8, i8 %x_load_119_cast"   --->   Operation 102 'read' 'x_load_119_cast_read' <Predicate = true> <Delay = 0.00>
ST_1 : Operation 103 [1/1] (0.00ns)   --->   "%x_load_9_cast_read = read i8 @_ssdm_op_Read.ap_auto.i8, i8 %x_load_9_cast"   --->   Operation 103 'read' 'x_load_9_cast_read' <Predicate = true> <Delay = 0.00>
ST_1 : Operation 104 [1/1] (0.00ns)   --->   "%sext_ln190_read = read i8 @_ssdm_op_Read.ap_auto.i8, i8 %sext_ln190"   --->   Operation 104 'read' 'sext_ln190_read' <Predicate = true> <Delay = 0.00>
ST_1 : Operation 105 [1/1] (0.00ns)   --->   "%x_load_110_cast_read = read i8 @_ssdm_op_Read.ap_auto.i8, i8 %x_load_110_cast"   --->   Operation 105 'read' 'x_load_110_cast_read' <Predicate = true> <Delay = 0.00>
ST_1 : Operation 106 [1/1] (0.00ns)   --->   "%x_load_73_cast_read = read i8 @_ssdm_op_Read.ap_auto.i8, i8 %x_load_73_cast"   --->   Operation 106 'read' 'x_load_73_cast_read' <Predicate = true> <Delay = 0.00>
ST_1 : Operation 107 [1/1] (0.00ns)   --->   "%x_load_79_cast_read = read i8 @_ssdm_op_Read.ap_auto.i8, i8 %x_load_79_cast"   --->   Operation 107 'read' 'x_load_79_cast_read' <Predicate = true> <Delay = 0.00>
ST_1 : Operation 108 [1/1] (0.00ns)   --->   "%x_load_57_cast_read = read i8 @_ssdm_op_Read.ap_auto.i8, i8 %x_load_57_cast"   --->   Operation 108 'read' 'x_load_57_cast_read' <Predicate = true> <Delay = 0.00>
ST_1 : Operation 109 [1/1] (0.00ns)   --->   "%x_load_68_cast_read = read i8 @_ssdm_op_Read.ap_auto.i8, i8 %x_load_68_cast"   --->   Operation 109 'read' 'x_load_68_cast_read' <Predicate = true> <Delay = 0.00>
ST_1 : Operation 110 [1/1] (0.00ns)   --->   "%x_load_120_cast_read = read i8 @_ssdm_op_Read.ap_auto.i8, i8 %x_load_120_cast"   --->   Operation 110 'read' 'x_load_120_cast_read' <Predicate = true> <Delay = 0.00>
ST_1 : Operation 111 [1/1] (0.00ns)   --->   "%sext_ln190_8_read = read i8 @_ssdm_op_Read.ap_auto.i8, i8 %sext_ln190_8"   --->   Operation 111 'read' 'sext_ln190_8_read' <Predicate = true> <Delay = 0.00>
ST_1 : Operation 112 [1/1] (0.00ns)   --->   "%x_load_51_cast_read = read i8 @_ssdm_op_Read.ap_auto.i8, i8 %x_load_51_cast"   --->   Operation 112 'read' 'x_load_51_cast_read' <Predicate = true> <Delay = 0.00>
ST_1 : Operation 113 [1/1] (0.00ns)   --->   "%x_load_94_cast_read = read i8 @_ssdm_op_Read.ap_auto.i8, i8 %x_load_94_cast"   --->   Operation 113 'read' 'x_load_94_cast_read' <Predicate = true> <Delay = 0.00>
ST_1 : Operation 114 [1/1] (0.00ns)   --->   "%x_load_6_cast_read = read i8 @_ssdm_op_Read.ap_auto.i8, i8 %x_load_6_cast"   --->   Operation 114 'read' 'x_load_6_cast_read' <Predicate = true> <Delay = 0.00>
ST_1 : Operation 115 [1/1] (0.00ns)   --->   "%sext_ln190_2_read = read i8 @_ssdm_op_Read.ap_auto.i8, i8 %sext_ln190_2"   --->   Operation 115 'read' 'sext_ln190_2_read' <Predicate = true> <Delay = 0.00>
ST_1 : Operation 116 [1/1] (0.00ns)   --->   "%x_load_12_cast_read = read i8 @_ssdm_op_Read.ap_auto.i8, i8 %x_load_12_cast"   --->   Operation 116 'read' 'x_load_12_cast_read' <Predicate = true> <Delay = 0.00>
ST_1 : Operation 117 [1/1] (0.00ns)   --->   "%x_load_121_cast_read = read i8 @_ssdm_op_Read.ap_auto.i8, i8 %x_load_121_cast"   --->   Operation 117 'read' 'x_load_121_cast_read' <Predicate = true> <Delay = 0.00>
ST_1 : Operation 118 [1/1] (0.00ns)   --->   "%x_load_105_cast_read = read i8 @_ssdm_op_Read.ap_auto.i8, i8 %x_load_105_cast"   --->   Operation 118 'read' 'x_load_105_cast_read' <Predicate = true> <Delay = 0.00>
ST_1 : Operation 119 [1/1] (0.00ns)   --->   "%x_load_8_cast_read = read i8 @_ssdm_op_Read.ap_auto.i8, i8 %x_load_8_cast"   --->   Operation 119 'read' 'x_load_8_cast_read' <Predicate = true> <Delay = 0.00>
ST_1 : Operation 120 [1/1] (0.00ns)   --->   "%x_load_76_cast_read = read i8 @_ssdm_op_Read.ap_auto.i8, i8 %x_load_76_cast"   --->   Operation 120 'read' 'x_load_76_cast_read' <Predicate = true> <Delay = 0.00>
ST_1 : Operation 121 [1/1] (0.00ns)   --->   "%x_load_58_cast_read = read i8 @_ssdm_op_Read.ap_auto.i8, i8 %x_load_58_cast"   --->   Operation 121 'read' 'x_load_58_cast_read' <Predicate = true> <Delay = 0.00>
ST_1 : Operation 122 [1/1] (0.00ns)   --->   "%x_load_89_cast_read = read i8 @_ssdm_op_Read.ap_auto.i8, i8 %x_load_89_cast"   --->   Operation 122 'read' 'x_load_89_cast_read' <Predicate = true> <Delay = 0.00>
ST_1 : Operation 123 [1/1] (0.00ns)   --->   "%x_load_122_cast_read = read i8 @_ssdm_op_Read.ap_auto.i8, i8 %x_load_122_cast"   --->   Operation 123 'read' 'x_load_122_cast_read' <Predicate = true> <Delay = 0.00>
ST_1 : Operation 124 [1/1] (0.00ns)   --->   "%x_load_25_cast_read = read i8 @_ssdm_op_Read.ap_auto.i8, i8 %x_load_25_cast"   --->   Operation 124 'read' 'x_load_25_cast_read' <Predicate = true> <Delay = 0.00>
ST_1 : Operation 125 [1/1] (0.00ns)   --->   "%x_load_111_cast_read = read i8 @_ssdm_op_Read.ap_auto.i8, i8 %x_load_111_cast"   --->   Operation 125 'read' 'x_load_111_cast_read' <Predicate = true> <Delay = 0.00>
ST_1 : Operation 126 [1/1] (0.00ns)   --->   "%sext_ln190_4_read = read i8 @_ssdm_op_Read.ap_auto.i8, i8 %sext_ln190_4"   --->   Operation 126 'read' 'sext_ln190_4_read' <Predicate = true> <Delay = 0.00>
ST_1 : Operation 127 [1/1] (0.00ns)   --->   "%x_load_67_cast_read = read i8 @_ssdm_op_Read.ap_auto.i8, i8 %x_load_67_cast"   --->   Operation 127 'read' 'x_load_67_cast_read' <Predicate = true> <Delay = 0.00>
ST_1 : Operation 128 [1/1] (0.00ns)   --->   "%x_load_123_cast_read = read i8 @_ssdm_op_Read.ap_auto.i8, i8 %x_load_123_cast"   --->   Operation 128 'read' 'x_load_123_cast_read' <Predicate = true> <Delay = 0.00>
ST_1 : Operation 129 [1/1] (0.00ns)   --->   "%x_load_101_cast_read = read i8 @_ssdm_op_Read.ap_auto.i8, i8 %x_load_101_cast"   --->   Operation 129 'read' 'x_load_101_cast_read' <Predicate = true> <Delay = 0.00>
ST_1 : Operation 130 [1/1] (0.00ns)   --->   "%x_load_45_cast_read = read i8 @_ssdm_op_Read.ap_auto.i8, i8 %x_load_45_cast"   --->   Operation 130 'read' 'x_load_45_cast_read' <Predicate = true> <Delay = 0.00>
ST_1 : Operation 131 [1/1] (0.00ns)   --->   "%x_load_81_cast_read = read i8 @_ssdm_op_Read.ap_auto.i8, i8 %x_load_81_cast"   --->   Operation 131 'read' 'x_load_81_cast_read' <Predicate = true> <Delay = 0.00>
ST_1 : Operation 132 [1/1] (0.00ns)   --->   "%x_load_124_cast_read = read i8 @_ssdm_op_Read.ap_auto.i8, i8 %x_load_124_cast"   --->   Operation 132 'read' 'x_load_124_cast_read' <Predicate = true> <Delay = 0.00>
ST_1 : Operation 133 [1/1] (0.00ns)   --->   "%x_load_39_cast_read = read i8 @_ssdm_op_Read.ap_auto.i8, i8 %x_load_39_cast"   --->   Operation 133 'read' 'x_load_39_cast_read' <Predicate = true> <Delay = 0.00>
ST_1 : Operation 134 [1/1] (0.00ns)   --->   "%x_load_59_cast_read = read i8 @_ssdm_op_Read.ap_auto.i8, i8 %x_load_59_cast"   --->   Operation 134 'read' 'x_load_59_cast_read' <Predicate = true> <Delay = 0.00>
ST_1 : Operation 135 [1/1] (0.00ns)   --->   "%x_load_125_cast_read = read i8 @_ssdm_op_Read.ap_auto.i8, i8 %x_load_125_cast"   --->   Operation 135 'read' 'x_load_125_cast_read' <Predicate = true> <Delay = 0.00>
ST_1 : Operation 136 [1/1] (0.00ns)   --->   "%x_load_7_cast_read = read i8 @_ssdm_op_Read.ap_auto.i8, i8 %x_load_7_cast"   --->   Operation 136 'read' 'x_load_7_cast_read' <Predicate = true> <Delay = 0.00>
ST_1 : Operation 137 [1/1] (0.00ns)   --->   "%x_load_126_cast_read = read i8 @_ssdm_op_Read.ap_auto.i8, i8 %x_load_126_cast"   --->   Operation 137 'read' 'x_load_126_cast_read' <Predicate = true> <Delay = 0.00>
ST_1 : Operation 138 [1/1] (0.00ns)   --->   "%x_load_66_cast_read = read i8 @_ssdm_op_Read.ap_auto.i8, i8 %x_load_66_cast"   --->   Operation 138 'read' 'x_load_66_cast_read' <Predicate = true> <Delay = 0.00>
ST_1 : Operation 139 [1/1] (0.00ns)   --->   "%x_load_72_cast_read = read i8 @_ssdm_op_Read.ap_auto.i8, i8 %x_load_72_cast"   --->   Operation 139 'read' 'x_load_72_cast_read' <Predicate = true> <Delay = 0.00>
ST_1 : Operation 140 [1/1] (0.00ns)   --->   "%x_load_83_cast_cast = sext i8 %x_load_83_cast_read"   --->   Operation 140 'sext' 'x_load_83_cast_cast' <Predicate = true> <Delay = 0.00>
ST_1 : Operation 141 [1/1] (0.00ns)   --->   "%x_load_60_cast_cast = sext i8 %x_load_60_cast_read"   --->   Operation 141 'sext' 'x_load_60_cast_cast' <Predicate = true> <Delay = 0.00>
ST_1 : Operation 142 [1/1] (0.00ns)   --->   "%sext_ln190_11_cast = sext i8 %sext_ln190_11_read"   --->   Operation 142 'sext' 'sext_ln190_11_cast' <Predicate = true> <Delay = 0.00>
ST_1 : Operation 143 [1/1] (0.00ns)   --->   "%x_load_112_cast_cast = sext i8 %x_load_112_cast_read"   --->   Operation 143 'sext' 'x_load_112_cast_cast' <Predicate = true> <Delay = 0.00>
ST_1 : Operation 144 [1/1] (0.00ns)   --->   "%x_load_85_cast_cast = sext i8 %x_load_85_cast_read"   --->   Operation 144 'sext' 'x_load_85_cast_cast' <Predicate = true> <Delay = 0.00>
ST_1 : Operation 145 [1/1] (0.00ns)   --->   "%sext_ln190_9_cast = sext i8 %sext_ln190_9_read"   --->   Operation 145 'sext' 'sext_ln190_9_cast' <Predicate = true> <Delay = 0.00>
ST_1 : Operation 146 [1/1] (0.00ns)   --->   "%x_load_52_cast_cast = sext i8 %x_load_52_cast_read"   --->   Operation 146 'sext' 'x_load_52_cast_cast' <Predicate = true> <Delay = 0.00>
ST_1 : Operation 147 [1/1] (0.00ns)   --->   "%x_load_13_cast_cast = sext i8 %x_load_13_cast_read"   --->   Operation 147 'sext' 'x_load_13_cast_cast' <Predicate = true> <Delay = 0.00>
ST_1 : Operation 148 [1/1] (0.00ns)   --->   "%x_load_92_cast_cast = sext i8 %x_load_92_cast_read"   --->   Operation 148 'sext' 'x_load_92_cast_cast' <Predicate = true> <Delay = 0.00>
ST_1 : Operation 149 [1/1] (0.00ns)   --->   "%x_load_61_cast_cast = sext i8 %x_load_61_cast_read"   --->   Operation 149 'sext' 'x_load_61_cast_cast' <Predicate = true> <Delay = 0.00>
ST_1 : Operation 150 [1/1] (0.00ns)   --->   "%x_load_98_cast_cast = sext i8 %x_load_98_cast_read"   --->   Operation 150 'sext' 'x_load_98_cast_cast' <Predicate = true> <Delay = 0.00>
ST_1 : Operation 151 [1/1] (0.00ns)   --->   "%x_load_22_cast_cast = sext i8 %x_load_22_cast_read"   --->   Operation 151 'sext' 'x_load_22_cast_cast' <Predicate = true> <Delay = 0.00>
ST_1 : Operation 152 [1/1] (0.00ns)   --->   "%x_load_65_cast_cast = sext i8 %x_load_65_cast_read"   --->   Operation 152 'sext' 'x_load_65_cast_cast' <Predicate = true> <Delay = 0.00>
ST_1 : Operation 153 [1/1] (0.00ns)   --->   "%x_load_20_cast_cast = sext i8 %x_load_20_cast_read"   --->   Operation 153 'sext' 'x_load_20_cast_cast' <Predicate = true> <Delay = 0.00>
ST_1 : Operation 154 [1/1] (0.00ns)   --->   "%x_load_62_cast_cast = sext i8 %x_load_62_cast_read"   --->   Operation 154 'sext' 'x_load_62_cast_cast' <Predicate = true> <Delay = 0.00>
ST_1 : Operation 155 [1/1] (0.00ns)   --->   "%x_load_64_cast_cast = sext i8 %x_load_64_cast_read"   --->   Operation 155 'sext' 'x_load_64_cast_cast' <Predicate = true> <Delay = 0.00>
ST_1 : Operation 156 [1/1] (0.00ns)   --->   "%x_load_63_cast_cast = sext i8 %x_load_63_cast_read"   --->   Operation 156 'sext' 'x_load_63_cast_cast' <Predicate = true> <Delay = 0.00>
ST_1 : Operation 157 [1/1] (0.00ns)   --->   "%x_load_95_cast_cast = sext i8 %x_load_95_cast_read"   --->   Operation 157 'sext' 'x_load_95_cast_cast' <Predicate = true> <Delay = 0.00>
ST_1 : Operation 158 [1/1] (0.00ns)   --->   "%x_load_17_cast_cast = sext i8 %x_load_17_cast_read"   --->   Operation 158 'sext' 'x_load_17_cast_cast' <Predicate = true> <Delay = 0.00>
ST_1 : Operation 159 [1/1] (0.00ns)   --->   "%x_load_113_cast_cast = sext i8 %x_load_113_cast_read"   --->   Operation 159 'sext' 'x_load_113_cast_cast' <Predicate = true> <Delay = 0.00>
ST_1 : Operation 160 [1/1] (0.00ns)   --->   "%x_load_102_cast_cast = sext i8 %x_load_102_cast_read"   --->   Operation 160 'sext' 'x_load_102_cast_cast' <Predicate = true> <Delay = 0.00>
ST_1 : Operation 161 [1/1] (0.00ns)   --->   "%x_load_78_cast_cast = sext i8 %x_load_78_cast_read"   --->   Operation 161 'sext' 'x_load_78_cast_cast' <Predicate = true> <Delay = 0.00>
ST_1 : Operation 162 [1/1] (0.00ns)   --->   "%x_load_43_cast_cast = sext i8 %x_load_43_cast_read"   --->   Operation 162 'sext' 'x_load_43_cast_cast' <Predicate = true> <Delay = 0.00>
ST_1 : Operation 163 [1/1] (0.00ns)   --->   "%x_load_41_cast_cast = sext i8 %x_load_41_cast_read"   --->   Operation 163 'sext' 'x_load_41_cast_cast' <Predicate = true> <Delay = 0.00>
ST_1 : Operation 164 [1/1] (0.00ns)   --->   "%x_load_75_cast_cast = sext i8 %x_load_75_cast_read"   --->   Operation 164 'sext' 'x_load_75_cast_cast' <Predicate = true> <Delay = 0.00>
ST_1 : Operation 165 [1/1] (0.00ns)   --->   "%x_load_26_cast_cast = sext i8 %x_load_26_cast_read"   --->   Operation 165 'sext' 'x_load_26_cast_cast' <Predicate = true> <Delay = 0.00>
ST_1 : Operation 166 [1/1] (0.00ns)   --->   "%x_load_2_cast_cast = sext i8 %x_load_2_cast_read"   --->   Operation 166 'sext' 'x_load_2_cast_cast' <Predicate = true> <Delay = 0.00>
ST_1 : Operation 167 [1/1] (0.00ns)   --->   "%x_load_14_cast_cast = sext i8 %x_load_14_cast_read"   --->   Operation 167 'sext' 'x_load_14_cast_cast' <Predicate = true> <Delay = 0.00>
ST_1 : Operation 168 [1/1] (0.00ns)   --->   "%x_load_87_cast_cast = sext i8 %x_load_87_cast_read"   --->   Operation 168 'sext' 'x_load_87_cast_cast' <Predicate = true> <Delay = 0.00>
ST_1 : Operation 169 [1/1] (0.00ns)   --->   "%x_load_107_cast_cast = sext i8 %x_load_107_cast_read"   --->   Operation 169 'sext' 'x_load_107_cast_cast' <Predicate = true> <Delay = 0.00>
ST_1 : Operation 170 [1/1] (0.00ns)   --->   "%x_load_35_cast_cast = sext i8 %x_load_35_cast_read"   --->   Operation 170 'sext' 'x_load_35_cast_cast' <Predicate = true> <Delay = 0.00>
ST_1 : Operation 171 [1/1] (0.00ns)   --->   "%x_load_71_cast_cast = sext i8 %x_load_71_cast_read"   --->   Operation 171 'sext' 'x_load_71_cast_cast' <Predicate = true> <Delay = 0.00>
ST_1 : Operation 172 [1/1] (0.00ns)   --->   "%sext_ln190_1_cast = sext i8 %sext_ln190_1_read"   --->   Operation 172 'sext' 'sext_ln190_1_cast' <Predicate = true> <Delay = 0.00>
ST_1 : Operation 173 [1/1] (0.00ns)   --->   "%x_load_53_cast_cast = sext i8 %x_load_53_cast_read"   --->   Operation 173 'sext' 'x_load_53_cast_cast' <Predicate = true> <Delay = 0.00>
ST_1 : Operation 174 [1/1] (0.00ns)   --->   "%x_load_114_cast_cast = sext i8 %x_load_114_cast_read"   --->   Operation 174 'sext' 'x_load_114_cast_cast' <Predicate = true> <Delay = 0.00>
ST_1 : Operation 175 [1/1] (0.00ns)   --->   "%x_load_15_cast_cast = sext i8 %x_load_15_cast_read"   --->   Operation 175 'sext' 'x_load_15_cast_cast' <Predicate = true> <Delay = 0.00>
ST_1 : Operation 176 [1/1] (0.00ns)   --->   "%x_load_90_cast_cast = sext i8 %x_load_90_cast_read"   --->   Operation 176 'sext' 'x_load_90_cast_cast' <Predicate = true> <Delay = 0.00>
ST_1 : Operation 177 [1/1] (0.00ns)   --->   "%sext_ln190_3_cast = sext i8 %sext_ln190_3_read"   --->   Operation 177 'sext' 'sext_ln190_3_cast' <Predicate = true> <Delay = 0.00>
ST_1 : Operation 178 [1/1] (0.00ns)   --->   "%x_load_10_cast_cast = sext i8 %x_load_10_cast_read"   --->   Operation 178 'sext' 'x_load_10_cast_cast' <Predicate = true> <Delay = 0.00>
ST_1 : Operation 179 [1/1] (0.00ns)   --->   "%x_load_49_cast_cast = sext i8 %x_load_49_cast_read"   --->   Operation 179 'sext' 'x_load_49_cast_cast' <Predicate = true> <Delay = 0.00>
ST_1 : Operation 180 [1/1] (0.00ns)   --->   "%x_load_23_cast_cast = sext i8 %x_load_23_cast_read"   --->   Operation 180 'sext' 'x_load_23_cast_cast' <Predicate = true> <Delay = 0.00>
ST_1 : Operation 181 [1/1] (0.00ns)   --->   "%sext_ln190_5_cast = sext i8 %sext_ln190_5_read"   --->   Operation 181 'sext' 'sext_ln190_5_cast' <Predicate = true> <Delay = 0.00>
ST_1 : Operation 182 [1/1] (0.00ns)   --->   "%x_load_80_cast_cast = sext i8 %x_load_80_cast_read"   --->   Operation 182 'sext' 'x_load_80_cast_cast' <Predicate = true> <Delay = 0.00>
ST_1 : Operation 183 [1/1] (0.00ns)   --->   "%x_load_38_cast_cast = sext i8 %x_load_38_cast_read"   --->   Operation 183 'sext' 'x_load_38_cast_cast' <Predicate = true> <Delay = 0.00>
ST_1 : Operation 184 [1/1] (0.00ns)   --->   "%x_load_4_cast_cast = sext i8 %x_load_4_cast_read"   --->   Operation 184 'sext' 'x_load_4_cast_cast' <Predicate = true> <Delay = 0.00>
ST_1 : Operation 185 [1/1] (0.00ns)   --->   "%x_load_99_cast_cast = sext i8 %x_load_99_cast_read"   --->   Operation 185 'sext' 'x_load_99_cast_cast' <Predicate = true> <Delay = 0.00>
ST_1 : Operation 186 [1/1] (0.00ns)   --->   "%x_load_34_cast_cast = sext i8 %x_load_34_cast_read"   --->   Operation 186 'sext' 'x_load_34_cast_cast' <Predicate = true> <Delay = 0.00>
ST_1 : Operation 187 [1/1] (0.00ns)   --->   "%x_load_115_cast_cast = sext i8 %x_load_115_cast_read"   --->   Operation 187 'sext' 'x_load_115_cast_cast' <Predicate = true> <Delay = 0.00>
ST_1 : Operation 188 [1/1] (0.00ns)   --->   "%x_load_54_cast_cast = sext i8 %x_load_54_cast_read"   --->   Operation 188 'sext' 'x_load_54_cast_cast' <Predicate = true> <Delay = 0.00>
ST_1 : Operation 189 [1/1] (0.00ns)   --->   "%x_load_103_cast_cast = sext i8 %x_load_103_cast_read"   --->   Operation 189 'sext' 'x_load_103_cast_cast' <Predicate = true> <Delay = 0.00>
ST_1 : Operation 190 [1/1] (0.00ns)   --->   "%x_load_28_cast_cast = sext i8 %x_load_28_cast_read"   --->   Operation 190 'sext' 'x_load_28_cast_cast' <Predicate = true> <Delay = 0.00>
ST_1 : Operation 191 [1/1] (0.00ns)   --->   "%x_load_108_cast_cast = sext i8 %x_load_108_cast_read"   --->   Operation 191 'sext' 'x_load_108_cast_cast' <Predicate = true> <Delay = 0.00>
ST_1 : Operation 192 [1/1] (0.00ns)   --->   "%x_load_3_cast_cast = sext i8 %x_load_3_cast_read"   --->   Operation 192 'sext' 'x_load_3_cast_cast' <Predicate = true> <Delay = 0.00>
ST_1 : Operation 193 [1/1] (0.00ns)   --->   "%x_load_70_cast_cast = sext i8 %x_load_70_cast_read"   --->   Operation 193 'sext' 'x_load_70_cast_cast' <Predicate = true> <Delay = 0.00>
ST_1 : Operation 194 [1/1] (0.00ns)   --->   "%x_load_88_cast_cast = sext i8 %x_load_88_cast_read"   --->   Operation 194 'sext' 'x_load_88_cast_cast' <Predicate = true> <Delay = 0.00>
ST_1 : Operation 195 [1/1] (0.00ns)   --->   "%x_load_93_cast_cast = sext i8 %x_load_93_cast_read"   --->   Operation 195 'sext' 'x_load_93_cast_cast' <Predicate = true> <Delay = 0.00>
ST_1 : Operation 196 [1/1] (0.00ns)   --->   "%x_load_19_cast_cast = sext i8 %x_load_19_cast_read"   --->   Operation 196 'sext' 'x_load_19_cast_cast' <Predicate = true> <Delay = 0.00>
ST_1 : Operation 197 [1/1] (0.00ns)   --->   "%x_load_29_cast_cast = sext i8 %x_load_29_cast_read"   --->   Operation 197 'sext' 'x_load_29_cast_cast' <Predicate = true> <Delay = 0.00>
ST_1 : Operation 198 [1/1] (0.00ns)   --->   "%x_load_96_cast_cast = sext i8 %x_load_96_cast_read"   --->   Operation 198 'sext' 'x_load_96_cast_cast' <Predicate = true> <Delay = 0.00>
ST_1 : Operation 199 [1/1] (0.00ns)   --->   "%x_load_116_cast_cast = sext i8 %x_load_116_cast_read"   --->   Operation 199 'sext' 'x_load_116_cast_cast' <Predicate = true> <Delay = 0.00>
ST_1 : Operation 200 [1/1] (0.00ns)   --->   "%x_load_74_cast_cast = sext i8 %x_load_74_cast_read"   --->   Operation 200 'sext' 'x_load_74_cast_cast' <Predicate = true> <Delay = 0.00>
ST_1 : Operation 201 [1/1] (0.00ns)   --->   "%sext_ln190_6_cast = sext i8 %sext_ln190_6_read"   --->   Operation 201 'sext' 'sext_ln190_6_cast' <Predicate = true> <Delay = 0.00>
ST_1 : Operation 202 [1/1] (0.00ns)   --->   "%x_load_82_cast_cast = sext i8 %x_load_82_cast_read"   --->   Operation 202 'sext' 'x_load_82_cast_cast' <Predicate = true> <Delay = 0.00>
ST_1 : Operation 203 [1/1] (0.00ns)   --->   "%x_load_33_cast_cast = sext i8 %x_load_33_cast_read"   --->   Operation 203 'sext' 'x_load_33_cast_cast' <Predicate = true> <Delay = 0.00>
ST_1 : Operation 204 [1/1] (0.00ns)   --->   "%x_load_1_cast_cast = sext i8 %x_load_1_cast_read"   --->   Operation 204 'sext' 'x_load_1_cast_cast' <Predicate = true> <Delay = 0.00>
ST_1 : Operation 205 [1/1] (0.00ns)   --->   "%x_load_77_cast_cast = sext i8 %x_load_77_cast_read"   --->   Operation 205 'sext' 'x_load_77_cast_cast' <Predicate = true> <Delay = 0.00>
ST_1 : Operation 206 [1/1] (0.00ns)   --->   "%sext_ln190_7_cast = sext i8 %sext_ln190_7_read"   --->   Operation 206 'sext' 'sext_ln190_7_cast' <Predicate = true> <Delay = 0.00>
ST_1 : Operation 207 [1/1] (0.00ns)   --->   "%x_load_44_cast_cast = sext i8 %x_load_44_cast_read"   --->   Operation 207 'sext' 'x_load_44_cast_cast' <Predicate = true> <Delay = 0.00>
ST_1 : Operation 208 [1/1] (0.00ns)   --->   "%x_load_84_cast_cast = sext i8 %x_load_84_cast_read"   --->   Operation 208 'sext' 'x_load_84_cast_cast' <Predicate = true> <Delay = 0.00>
ST_1 : Operation 209 [1/1] (0.00ns)   --->   "%x_load_40_cast_cast = sext i8 %x_load_40_cast_read"   --->   Operation 209 'sext' 'x_load_40_cast_cast' <Predicate = true> <Delay = 0.00>
ST_1 : Operation 210 [1/1] (0.00ns)   --->   "%x_load_55_cast_cast = sext i8 %x_load_55_cast_read"   --->   Operation 210 'sext' 'x_load_55_cast_cast' <Predicate = true> <Delay = 0.00>
ST_1 : Operation 211 [1/1] (0.00ns)   --->   "%x_load_117_cast_cast = sext i8 %x_load_117_cast_read"   --->   Operation 211 'sext' 'x_load_117_cast_cast' <Predicate = true> <Delay = 0.00>
ST_1 : Operation 212 [1/1] (0.00ns)   --->   "%x_load_50_cast_cast = sext i8 %x_load_50_cast_read"   --->   Operation 212 'sext' 'x_load_50_cast_cast' <Predicate = true> <Delay = 0.00>
ST_1 : Operation 213 [1/1] (0.00ns)   --->   "%sext_ln190_10_cast = sext i8 %sext_ln190_10_read"   --->   Operation 213 'sext' 'sext_ln190_10_cast' <Predicate = true> <Delay = 0.00>
ST_1 : Operation 214 [1/1] (0.00ns)   --->   "%x_load_30_cast_cast = sext i8 %x_load_30_cast_read"   --->   Operation 214 'sext' 'x_load_30_cast_cast' <Predicate = true> <Delay = 0.00>
ST_1 : Operation 215 [1/1] (0.00ns)   --->   "%x_load_32_cast_cast = sext i8 %x_load_32_cast_read"   --->   Operation 215 'sext' 'x_load_32_cast_cast' <Predicate = true> <Delay = 0.00>
ST_1 : Operation 216 [1/1] (0.00ns)   --->   "%x_load_42_cast_cast = sext i8 %x_load_42_cast_read"   --->   Operation 216 'sext' 'x_load_42_cast_cast' <Predicate = true> <Delay = 0.00>
ST_1 : Operation 217 [1/1] (0.00ns)   --->   "%x_load_31_cast_cast = sext i8 %x_load_31_cast_read"   --->   Operation 217 'sext' 'x_load_31_cast_cast' <Predicate = true> <Delay = 0.00>
ST_1 : Operation 218 [1/1] (0.00ns)   --->   "%x_load_104_cast_cast = sext i8 %x_load_104_cast_read"   --->   Operation 218 'sext' 'x_load_104_cast_cast' <Predicate = true> <Delay = 0.00>
ST_1 : Operation 219 [1/1] (0.00ns)   --->   "%x_load_69_cast_cast = sext i8 %x_load_69_cast_read"   --->   Operation 219 'sext' 'x_load_69_cast_cast' <Predicate = true> <Delay = 0.00>
ST_1 : Operation 220 [1/1] (0.00ns)   --->   "%x_load_21_cast_cast = sext i8 %x_load_21_cast_read"   --->   Operation 220 'sext' 'x_load_21_cast_cast' <Predicate = true> <Delay = 0.00>
ST_1 : Operation 221 [1/1] (0.00ns)   --->   "%x_load_118_cast_cast = sext i8 %x_load_118_cast_read"   --->   Operation 221 'sext' 'x_load_118_cast_cast' <Predicate = true> <Delay = 0.00>
ST_1 : Operation 222 [1/1] (0.00ns)   --->   "%x_load_100_cast_cast = sext i8 %x_load_100_cast_read"   --->   Operation 222 'sext' 'x_load_100_cast_cast' <Predicate = true> <Delay = 0.00>
ST_1 : Operation 223 [1/1] (0.00ns)   --->   "%x_load_47_cast_cast = sext i8 %x_load_47_cast_read"   --->   Operation 223 'sext' 'x_load_47_cast_cast' <Predicate = true> <Delay = 0.00>
ST_1 : Operation 224 [1/1] (0.00ns)   --->   "%x_load_56_cast_cast = sext i8 %x_load_56_cast_read"   --->   Operation 224 'sext' 'x_load_56_cast_cast' <Predicate = true> <Delay = 0.00>
ST_1 : Operation 225 [1/1] (0.00ns)   --->   "%x_load_37_cast_cast = sext i8 %x_load_37_cast_read"   --->   Operation 225 'sext' 'x_load_37_cast_cast' <Predicate = true> <Delay = 0.00>
ST_1 : Operation 226 [1/1] (0.00ns)   --->   "%x_load_91_cast_cast = sext i8 %x_load_91_cast_read"   --->   Operation 226 'sext' 'x_load_91_cast_cast' <Predicate = true> <Delay = 0.00>
ST_1 : Operation 227 [1/1] (0.00ns)   --->   "%x_load_5_cast_cast = sext i8 %x_load_5_cast_read"   --->   Operation 227 'sext' 'x_load_5_cast_cast' <Predicate = true> <Delay = 0.00>
ST_1 : Operation 228 [1/1] (0.00ns)   --->   "%x_load_11_cast_cast = sext i8 %x_load_11_cast_read"   --->   Operation 228 'sext' 'x_load_11_cast_cast' <Predicate = true> <Delay = 0.00>
ST_1 : Operation 229 [1/1] (0.00ns)   --->   "%x_load_24_cast_cast = sext i8 %x_load_24_cast_read"   --->   Operation 229 'sext' 'x_load_24_cast_cast' <Predicate = true> <Delay = 0.00>
ST_1 : Operation 230 [1/1] (0.00ns)   --->   "%x_load_119_cast_cast = sext i8 %x_load_119_cast_read"   --->   Operation 230 'sext' 'x_load_119_cast_cast' <Predicate = true> <Delay = 0.00>
ST_1 : Operation 231 [1/1] (0.00ns)   --->   "%x_load_9_cast_cast = sext i8 %x_load_9_cast_read"   --->   Operation 231 'sext' 'x_load_9_cast_cast' <Predicate = true> <Delay = 0.00>
ST_1 : Operation 232 [1/1] (0.00ns)   --->   "%sext_ln190_cast = sext i8 %sext_ln190_read"   --->   Operation 232 'sext' 'sext_ln190_cast' <Predicate = true> <Delay = 0.00>
ST_1 : Operation 233 [1/1] (0.00ns)   --->   "%x_load_110_cast_cast = sext i8 %x_load_110_cast_read"   --->   Operation 233 'sext' 'x_load_110_cast_cast' <Predicate = true> <Delay = 0.00>
ST_1 : Operation 234 [1/1] (0.00ns)   --->   "%x_load_73_cast_cast = sext i8 %x_load_73_cast_read"   --->   Operation 234 'sext' 'x_load_73_cast_cast' <Predicate = true> <Delay = 0.00>
ST_1 : Operation 235 [1/1] (0.00ns)   --->   "%x_load_79_cast_cast = sext i8 %x_load_79_cast_read"   --->   Operation 235 'sext' 'x_load_79_cast_cast' <Predicate = true> <Delay = 0.00>
ST_1 : Operation 236 [1/1] (0.00ns)   --->   "%x_load_57_cast_cast = sext i8 %x_load_57_cast_read"   --->   Operation 236 'sext' 'x_load_57_cast_cast' <Predicate = true> <Delay = 0.00>
ST_1 : Operation 237 [1/1] (0.00ns)   --->   "%x_load_68_cast_cast = sext i8 %x_load_68_cast_read"   --->   Operation 237 'sext' 'x_load_68_cast_cast' <Predicate = true> <Delay = 0.00>
ST_1 : Operation 238 [1/1] (0.00ns)   --->   "%x_load_120_cast_cast = sext i8 %x_load_120_cast_read"   --->   Operation 238 'sext' 'x_load_120_cast_cast' <Predicate = true> <Delay = 0.00>
ST_1 : Operation 239 [1/1] (0.00ns)   --->   "%sext_ln190_8_cast = sext i8 %sext_ln190_8_read"   --->   Operation 239 'sext' 'sext_ln190_8_cast' <Predicate = true> <Delay = 0.00>
ST_1 : Operation 240 [1/1] (0.00ns)   --->   "%x_load_51_cast_cast = sext i8 %x_load_51_cast_read"   --->   Operation 240 'sext' 'x_load_51_cast_cast' <Predicate = true> <Delay = 0.00>
ST_1 : Operation 241 [1/1] (0.00ns)   --->   "%x_load_94_cast_cast = sext i8 %x_load_94_cast_read"   --->   Operation 241 'sext' 'x_load_94_cast_cast' <Predicate = true> <Delay = 0.00>
ST_1 : Operation 242 [1/1] (0.00ns)   --->   "%x_load_6_cast_cast = sext i8 %x_load_6_cast_read"   --->   Operation 242 'sext' 'x_load_6_cast_cast' <Predicate = true> <Delay = 0.00>
ST_1 : Operation 243 [1/1] (0.00ns)   --->   "%sext_ln190_2_cast = sext i8 %sext_ln190_2_read"   --->   Operation 243 'sext' 'sext_ln190_2_cast' <Predicate = true> <Delay = 0.00>
ST_1 : Operation 244 [1/1] (0.00ns)   --->   "%x_load_12_cast_cast = sext i8 %x_load_12_cast_read"   --->   Operation 244 'sext' 'x_load_12_cast_cast' <Predicate = true> <Delay = 0.00>
ST_1 : Operation 245 [1/1] (0.00ns)   --->   "%x_load_121_cast_cast = sext i8 %x_load_121_cast_read"   --->   Operation 245 'sext' 'x_load_121_cast_cast' <Predicate = true> <Delay = 0.00>
ST_1 : Operation 246 [1/1] (0.00ns)   --->   "%x_load_105_cast_cast = sext i8 %x_load_105_cast_read"   --->   Operation 246 'sext' 'x_load_105_cast_cast' <Predicate = true> <Delay = 0.00>
ST_1 : Operation 247 [1/1] (0.00ns)   --->   "%x_load_8_cast_cast = sext i8 %x_load_8_cast_read"   --->   Operation 247 'sext' 'x_load_8_cast_cast' <Predicate = true> <Delay = 0.00>
ST_1 : Operation 248 [1/1] (0.00ns)   --->   "%x_load_76_cast_cast = sext i8 %x_load_76_cast_read"   --->   Operation 248 'sext' 'x_load_76_cast_cast' <Predicate = true> <Delay = 0.00>
ST_1 : Operation 249 [1/1] (0.00ns)   --->   "%x_load_58_cast_cast = sext i8 %x_load_58_cast_read"   --->   Operation 249 'sext' 'x_load_58_cast_cast' <Predicate = true> <Delay = 0.00>
ST_1 : Operation 250 [1/1] (0.00ns)   --->   "%x_load_89_cast_cast = sext i8 %x_load_89_cast_read"   --->   Operation 250 'sext' 'x_load_89_cast_cast' <Predicate = true> <Delay = 0.00>
ST_1 : Operation 251 [1/1] (0.00ns)   --->   "%x_load_122_cast_cast = sext i8 %x_load_122_cast_read"   --->   Operation 251 'sext' 'x_load_122_cast_cast' <Predicate = true> <Delay = 0.00>
ST_1 : Operation 252 [1/1] (0.00ns)   --->   "%x_load_25_cast_cast = sext i8 %x_load_25_cast_read"   --->   Operation 252 'sext' 'x_load_25_cast_cast' <Predicate = true> <Delay = 0.00>
ST_1 : Operation 253 [1/1] (0.00ns)   --->   "%x_load_111_cast_cast = sext i8 %x_load_111_cast_read"   --->   Operation 253 'sext' 'x_load_111_cast_cast' <Predicate = true> <Delay = 0.00>
ST_1 : Operation 254 [1/1] (0.00ns)   --->   "%sext_ln190_4_cast = sext i8 %sext_ln190_4_read"   --->   Operation 254 'sext' 'sext_ln190_4_cast' <Predicate = true> <Delay = 0.00>
ST_1 : Operation 255 [1/1] (0.00ns)   --->   "%x_load_67_cast_cast = sext i8 %x_load_67_cast_read"   --->   Operation 255 'sext' 'x_load_67_cast_cast' <Predicate = true> <Delay = 0.00>
ST_1 : Operation 256 [1/1] (0.00ns)   --->   "%x_load_123_cast_cast = sext i8 %x_load_123_cast_read"   --->   Operation 256 'sext' 'x_load_123_cast_cast' <Predicate = true> <Delay = 0.00>
ST_1 : Operation 257 [1/1] (0.00ns)   --->   "%x_load_101_cast_cast = sext i8 %x_load_101_cast_read"   --->   Operation 257 'sext' 'x_load_101_cast_cast' <Predicate = true> <Delay = 0.00>
ST_1 : Operation 258 [1/1] (0.00ns)   --->   "%x_load_45_cast_cast = sext i8 %x_load_45_cast_read"   --->   Operation 258 'sext' 'x_load_45_cast_cast' <Predicate = true> <Delay = 0.00>
ST_1 : Operation 259 [1/1] (0.00ns)   --->   "%x_load_81_cast_cast = sext i8 %x_load_81_cast_read"   --->   Operation 259 'sext' 'x_load_81_cast_cast' <Predicate = true> <Delay = 0.00>
ST_1 : Operation 260 [1/1] (0.00ns)   --->   "%x_load_124_cast_cast = sext i8 %x_load_124_cast_read"   --->   Operation 260 'sext' 'x_load_124_cast_cast' <Predicate = true> <Delay = 0.00>
ST_1 : Operation 261 [1/1] (0.00ns)   --->   "%x_load_39_cast_cast = sext i8 %x_load_39_cast_read"   --->   Operation 261 'sext' 'x_load_39_cast_cast' <Predicate = true> <Delay = 0.00>
ST_1 : Operation 262 [1/1] (0.00ns)   --->   "%x_load_59_cast_cast = sext i8 %x_load_59_cast_read"   --->   Operation 262 'sext' 'x_load_59_cast_cast' <Predicate = true> <Delay = 0.00>
ST_1 : Operation 263 [1/1] (0.00ns)   --->   "%x_load_125_cast_cast = sext i8 %x_load_125_cast_read"   --->   Operation 263 'sext' 'x_load_125_cast_cast' <Predicate = true> <Delay = 0.00>
ST_1 : Operation 264 [1/1] (0.00ns)   --->   "%x_load_7_cast_cast = sext i8 %x_load_7_cast_read"   --->   Operation 264 'sext' 'x_load_7_cast_cast' <Predicate = true> <Delay = 0.00>
ST_1 : Operation 265 [1/1] (0.00ns)   --->   "%x_load_126_cast_cast = sext i8 %x_load_126_cast_read"   --->   Operation 265 'sext' 'x_load_126_cast_cast' <Predicate = true> <Delay = 0.00>
ST_1 : Operation 266 [1/1] (0.00ns)   --->   "%x_load_66_cast_cast = sext i8 %x_load_66_cast_read"   --->   Operation 266 'sext' 'x_load_66_cast_cast' <Predicate = true> <Delay = 0.00>
ST_1 : Operation 267 [1/1] (0.00ns)   --->   "%x_load_72_cast_cast = sext i8 %x_load_72_cast_read"   --->   Operation 267 'sext' 'x_load_72_cast_cast' <Predicate = true> <Delay = 0.00>
ST_1 : Operation 268 [1/1] (0.42ns)   --->   "%store_ln186 = store i9 0, i9 %m" [awn_int8.cpp:186]   --->   Operation 268 'store' 'store_ln186' <Predicate = true> <Delay = 0.42>
ST_1 : Operation 269 [1/1] (0.00ns)   --->   "%br_ln0 = br void %VITIS_LOOP_189_2"   --->   Operation 269 'br' 'br_ln0' <Predicate = true> <Delay = 0.00>
ST_1 : Operation 270 [1/1] (0.00ns)   --->   "%m_1 = load i9 %m" [awn_int8.cpp:186]   --->   Operation 270 'load' 'm_1' <Predicate = true> <Delay = 0.00>
ST_1 : Operation 271 [1/1] (0.77ns)   --->   "%icmp_ln186 = icmp_eq  i9 %m_1, i9 320" [awn_int8.cpp:186]   --->   Operation 271 'icmp' 'icmp_ln186' <Predicate = true> <Delay = 0.77> <CoreInst = "Cmp">   --->   Core 9 'Cmp' <Latency = 0> <II = 1> <Delay = 0.77> <FuncUnit> <Opcode : 'icmp'> <InPorts = 2> <OutPorts = 1>
ST_1 : Operation 272 [1/1] (0.77ns)   --->   "%add_ln186 = add i9 %m_1, i9 1" [awn_int8.cpp:186]   --->   Operation 272 'add' 'add_ln186' <Predicate = true> <Delay = 0.77> <CoreInst = "Adder">   --->   Core 1 'Adder' <Latency = 0> <II = 1> <Delay = 0.77> <FuncUnit> <Opcode : 'add' 'sub'> <InPorts = 2> <OutPorts = 1>
ST_1 : Operation 273 [1/1] (0.00ns)   --->   "%br_ln186 = br i1 %icmp_ln186, void %VITIS_LOOP_189_2.split, void %for.end17.exitStub" [awn_int8.cpp:186]   --->   Operation 273 'br' 'br_ln186' <Predicate = true> <Delay = 0.00>
ST_1 : Operation 274 [1/1] (0.00ns)   --->   "%zext_ln186 = zext i9 %m_1" [awn_int8.cpp:186]   --->   Operation 274 'zext' 'zext_ln186' <Predicate = (!icmp_ln186)> <Delay = 0.00>
ST_1 : Operation 275 [1/1] (0.00ns)   --->   "%p_ZL4Wfc0_0_addr = getelementptr i8 %p_ZL4Wfc0_0, i64 0, i64 %zext_ln186" [awn_int8.cpp:190]   --->   Operation 275 'getelementptr' 'p_ZL4Wfc0_0_addr' <Predicate = (!icmp_ln186)> <Delay = 0.00>
ST_1 : Operation 276 [1/1] (0.00ns)   --->   "%p_ZL4Wfc0_1_addr = getelementptr i7 %p_ZL4Wfc0_1, i64 0, i64 %zext_ln186" [awn_int8.cpp:190]   --->   Operation 276 'getelementptr' 'p_ZL4Wfc0_1_addr' <Predicate = (!icmp_ln186)> <Delay = 0.00>
ST_1 : Operation 277 [1/1] (0.00ns)   --->   "%p_ZL4Wfc0_3_addr = getelementptr i7 %p_ZL4Wfc0_3, i64 0, i64 %zext_ln186" [awn_int8.cpp:190]   --->   Operation 277 'getelementptr' 'p_ZL4Wfc0_3_addr' <Predicate = (!icmp_ln186)> <Delay = 0.00>
ST_1 : Operation 278 [1/1] (0.00ns)   --->   "%p_ZL4Wfc0_6_addr = getelementptr i8 %p_ZL4Wfc0_6, i64 0, i64 %zext_ln186" [awn_int8.cpp:190]   --->   Operation 278 'getelementptr' 'p_ZL4Wfc0_6_addr' <Predicate = (!icmp_ln186)> <Delay = 0.00>
ST_1 : Operation 279 [1/1] (0.00ns)   --->   "%p_ZL4Wfc0_8_addr = getelementptr i7 %p_ZL4Wfc0_8, i64 0, i64 %zext_ln186" [awn_int8.cpp:190]   --->   Operation 279 'getelementptr' 'p_ZL4Wfc0_8_addr' <Predicate = (!icmp_ln186)> <Delay = 0.00>
ST_1 : Operation 280 [1/1] (0.00ns)   --->   "%p_ZL4Wfc0_10_addr = getelementptr i8 %p_ZL4Wfc0_10, i64 0, i64 %zext_ln186" [awn_int8.cpp:190]   --->   Operation 280 'getelementptr' 'p_ZL4Wfc0_10_addr' <Predicate = (!icmp_ln186)> <Delay = 0.00>
ST_1 : Operation 281 [1/1] (0.00ns)   --->   "%p_ZL4Wfc0_12_addr = getelementptr i7 %p_ZL4Wfc0_12, i64 0, i64 %zext_ln186" [awn_int8.cpp:190]   --->   Operation 281 'getelementptr' 'p_ZL4Wfc0_12_addr' <Predicate = (!icmp_ln186)> <Delay = 0.00>
ST_1 : Operation 282 [1/1] (0.00ns)   --->   "%p_ZL4Wfc0_13_addr = getelementptr i7 %p_ZL4Wfc0_13, i64 0, i64 %zext_ln186" [awn_int8.cpp:190]   --->   Operation 282 'getelementptr' 'p_ZL4Wfc0_13_addr' <Predicate = (!icmp_ln186)> <Delay = 0.00>
ST_1 : Operation 283 [1/1] (0.00ns)   --->   "%p_ZL4Wfc0_16_addr = getelementptr i8 %p_ZL4Wfc0_16, i64 0, i64 %zext_ln186" [awn_int8.cpp:190]   --->   Operation 283 'getelementptr' 'p_ZL4Wfc0_16_addr' <Predicate = (!icmp_ln186)> <Delay = 0.00>
ST_1 : Operation 284 [1/1] (0.00ns)   --->   "%p_ZL4Wfc0_18_addr = getelementptr i8 %p_ZL4Wfc0_18, i64 0, i64 %zext_ln186" [awn_int8.cpp:190]   --->   Operation 284 'getelementptr' 'p_ZL4Wfc0_18_addr' <Predicate = (!icmp_ln186)> <Delay = 0.00>
ST_1 : Operation 285 [1/1] (0.00ns)   --->   "%p_ZL4Wfc0_20_addr = getelementptr i7 %p_ZL4Wfc0_20, i64 0, i64 %zext_ln186" [awn_int8.cpp:190]   --->   Operation 285 'getelementptr' 'p_ZL4Wfc0_20_addr' <Predicate = (!icmp_ln186)> <Delay = 0.00>
ST_1 : Operation 286 [1/1] (0.00ns)   --->   "%p_ZL4Wfc0_21_addr = getelementptr i7 %p_ZL4Wfc0_21, i64 0, i64 %zext_ln186" [awn_int8.cpp:190]   --->   Operation 286 'getelementptr' 'p_ZL4Wfc0_21_addr' <Predicate = (!icmp_ln186)> <Delay = 0.00>
ST_1 : Operation 287 [1/1] (0.00ns)   --->   "%p_ZL4Wfc0_24_addr = getelementptr i7 %p_ZL4Wfc0_24, i64 0, i64 %zext_ln186" [awn_int8.cpp:190]   --->   Operation 287 'getelementptr' 'p_ZL4Wfc0_24_addr' <Predicate = (!icmp_ln186)> <Delay = 0.00>
ST_1 : Operation 288 [1/1] (0.00ns)   --->   "%p_ZL4Wfc0_26_addr = getelementptr i8 %p_ZL4Wfc0_26, i64 0, i64 %zext_ln186" [awn_int8.cpp:190]   --->   Operation 288 'getelementptr' 'p_ZL4Wfc0_26_addr' <Predicate = (!icmp_ln186)> <Delay = 0.00>
ST_1 : Operation 289 [1/1] (0.00ns)   --->   "%p_ZL4Wfc0_28_addr = getelementptr i7 %p_ZL4Wfc0_28, i64 0, i64 %zext_ln186" [awn_int8.cpp:190]   --->   Operation 289 'getelementptr' 'p_ZL4Wfc0_28_addr' <Predicate = (!icmp_ln186)> <Delay = 0.00>
ST_1 : Operation 290 [1/1] (0.00ns)   --->   "%p_ZL4Wfc0_30_addr = getelementptr i7 %p_ZL4Wfc0_30, i64 0, i64 %zext_ln186" [awn_int8.cpp:190]   --->   Operation 290 'getelementptr' 'p_ZL4Wfc0_30_addr' <Predicate = (!icmp_ln186)> <Delay = 0.00>
ST_1 : Operation 291 [1/1] (0.00ns)   --->   "%p_ZL4Wfc0_32_addr = getelementptr i7 %p_ZL4Wfc0_32, i64 0, i64 %zext_ln186" [awn_int8.cpp:190]   --->   Operation 291 'getelementptr' 'p_ZL4Wfc0_32_addr' <Predicate = (!icmp_ln186)> <Delay = 0.00>
ST_1 : Operation 292 [1/1] (0.00ns)   --->   "%p_ZL4Wfc0_34_addr = getelementptr i7 %p_ZL4Wfc0_34, i64 0, i64 %zext_ln186" [awn_int8.cpp:190]   --->   Operation 292 'getelementptr' 'p_ZL4Wfc0_34_addr' <Predicate = (!icmp_ln186)> <Delay = 0.00>
ST_1 : Operation 293 [1/1] (0.00ns)   --->   "%p_ZL4Wfc0_36_addr = getelementptr i8 %p_ZL4Wfc0_36, i64 0, i64 %zext_ln186" [awn_int8.cpp:190]   --->   Operation 293 'getelementptr' 'p_ZL4Wfc0_36_addr' <Predicate = (!icmp_ln186)> <Delay = 0.00>
ST_1 : Operation 294 [1/1] (0.00ns)   --->   "%p_ZL4Wfc0_38_addr = getelementptr i8 %p_ZL4Wfc0_38, i64 0, i64 %zext_ln186" [awn_int8.cpp:190]   --->   Operation 294 'getelementptr' 'p_ZL4Wfc0_38_addr' <Predicate = (!icmp_ln186)> <Delay = 0.00>
ST_1 : Operation 295 [1/1] (0.00ns)   --->   "%p_ZL4Wfc0_40_addr = getelementptr i7 %p_ZL4Wfc0_40, i64 0, i64 %zext_ln186" [awn_int8.cpp:190]   --->   Operation 295 'getelementptr' 'p_ZL4Wfc0_40_addr' <Predicate = (!icmp_ln186)> <Delay = 0.00>
ST_1 : Operation 296 [1/1] (0.00ns)   --->   "%p_ZL4Wfc0_42_addr = getelementptr i7 %p_ZL4Wfc0_42, i64 0, i64 %zext_ln186" [awn_int8.cpp:190]   --->   Operation 296 'getelementptr' 'p_ZL4Wfc0_42_addr' <Predicate = (!icmp_ln186)> <Delay = 0.00>
ST_1 : Operation 297 [1/1] (0.00ns)   --->   "%p_ZL4Wfc0_44_addr = getelementptr i7 %p_ZL4Wfc0_44, i64 0, i64 %zext_ln186" [awn_int8.cpp:190]   --->   Operation 297 'getelementptr' 'p_ZL4Wfc0_44_addr' <Predicate = (!icmp_ln186)> <Delay = 0.00>
ST_1 : Operation 298 [1/1] (0.00ns)   --->   "%p_ZL4Wfc0_46_addr = getelementptr i8 %p_ZL4Wfc0_46, i64 0, i64 %zext_ln186" [awn_int8.cpp:190]   --->   Operation 298 'getelementptr' 'p_ZL4Wfc0_46_addr' <Predicate = (!icmp_ln186)> <Delay = 0.00>
ST_1 : Operation 299 [1/1] (0.00ns)   --->   "%p_ZL4Wfc0_48_addr = getelementptr i8 %p_ZL4Wfc0_48, i64 0, i64 %zext_ln186" [awn_int8.cpp:190]   --->   Operation 299 'getelementptr' 'p_ZL4Wfc0_48_addr' <Predicate = (!icmp_ln186)> <Delay = 0.00>
ST_1 : Operation 300 [1/1] (0.00ns)   --->   "%p_ZL4Wfc0_50_addr = getelementptr i8 %p_ZL4Wfc0_50, i64 0, i64 %zext_ln186" [awn_int8.cpp:190]   --->   Operation 300 'getelementptr' 'p_ZL4Wfc0_50_addr' <Predicate = (!icmp_ln186)> <Delay = 0.00>
ST_1 : Operation 301 [1/1] (0.00ns)   --->   "%p_ZL4Wfc0_52_addr = getelementptr i8 %p_ZL4Wfc0_52, i64 0, i64 %zext_ln186" [awn_int8.cpp:190]   --->   Operation 301 'getelementptr' 'p_ZL4Wfc0_52_addr' <Predicate = (!icmp_ln186)> <Delay = 0.00>
ST_1 : Operation 302 [1/1] (0.00ns)   --->   "%p_ZL4Wfc0_54_addr = getelementptr i8 %p_ZL4Wfc0_54, i64 0, i64 %zext_ln186" [awn_int8.cpp:190]   --->   Operation 302 'getelementptr' 'p_ZL4Wfc0_54_addr' <Predicate = (!icmp_ln186)> <Delay = 0.00>
ST_1 : Operation 303 [1/1] (0.00ns)   --->   "%p_ZL4Wfc0_56_addr = getelementptr i7 %p_ZL4Wfc0_56, i64 0, i64 %zext_ln186" [awn_int8.cpp:190]   --->   Operation 303 'getelementptr' 'p_ZL4Wfc0_56_addr' <Predicate = (!icmp_ln186)> <Delay = 0.00>
ST_1 : Operation 304 [1/1] (0.00ns)   --->   "%p_ZL4Wfc0_58_addr = getelementptr i7 %p_ZL4Wfc0_58, i64 0, i64 %zext_ln186" [awn_int8.cpp:190]   --->   Operation 304 'getelementptr' 'p_ZL4Wfc0_58_addr' <Predicate = (!icmp_ln186)> <Delay = 0.00>
ST_1 : Operation 305 [1/1] (0.00ns)   --->   "%p_ZL4Wfc0_60_addr = getelementptr i8 %p_ZL4Wfc0_60, i64 0, i64 %zext_ln186" [awn_int8.cpp:190]   --->   Operation 305 'getelementptr' 'p_ZL4Wfc0_60_addr' <Predicate = (!icmp_ln186)> <Delay = 0.00>
ST_1 : Operation 306 [1/1] (0.00ns)   --->   "%p_ZL4Wfc0_62_addr = getelementptr i7 %p_ZL4Wfc0_62, i64 0, i64 %zext_ln186" [awn_int8.cpp:190]   --->   Operation 306 'getelementptr' 'p_ZL4Wfc0_62_addr' <Predicate = (!icmp_ln186)> <Delay = 0.00>
ST_1 : Operation 307 [1/1] (0.00ns)   --->   "%p_ZL4Wfc0_64_addr = getelementptr i7 %p_ZL4Wfc0_64, i64 0, i64 %zext_ln186" [awn_int8.cpp:190]   --->   Operation 307 'getelementptr' 'p_ZL4Wfc0_64_addr' <Predicate = (!icmp_ln186)> <Delay = 0.00>
ST_1 : Operation 308 [1/1] (0.00ns)   --->   "%p_ZL4Wfc0_66_addr = getelementptr i8 %p_ZL4Wfc0_66, i64 0, i64 %zext_ln186" [awn_int8.cpp:190]   --->   Operation 308 'getelementptr' 'p_ZL4Wfc0_66_addr' <Predicate = (!icmp_ln186)> <Delay = 0.00>
ST_1 : Operation 309 [1/1] (0.00ns)   --->   "%p_ZL4Wfc0_67_addr = getelementptr i7 %p_ZL4Wfc0_67, i64 0, i64 %zext_ln186" [awn_int8.cpp:190]   --->   Operation 309 'getelementptr' 'p_ZL4Wfc0_67_addr' <Predicate = (!icmp_ln186)> <Delay = 0.00>
ST_1 : Operation 310 [1/1] (0.00ns)   --->   "%p_ZL4Wfc0_70_addr = getelementptr i7 %p_ZL4Wfc0_70, i64 0, i64 %zext_ln186" [awn_int8.cpp:190]   --->   Operation 310 'getelementptr' 'p_ZL4Wfc0_70_addr' <Predicate = (!icmp_ln186)> <Delay = 0.00>
ST_1 : Operation 311 [1/1] (0.00ns)   --->   "%p_ZL4Wfc0_72_addr = getelementptr i8 %p_ZL4Wfc0_72, i64 0, i64 %zext_ln186" [awn_int8.cpp:190]   --->   Operation 311 'getelementptr' 'p_ZL4Wfc0_72_addr' <Predicate = (!icmp_ln186)> <Delay = 0.00>
ST_1 : Operation 312 [1/1] (0.00ns)   --->   "%p_ZL4Wfc0_74_addr = getelementptr i7 %p_ZL4Wfc0_74, i64 0, i64 %zext_ln186" [awn_int8.cpp:190]   --->   Operation 312 'getelementptr' 'p_ZL4Wfc0_74_addr' <Predicate = (!icmp_ln186)> <Delay = 0.00>
ST_1 : Operation 313 [1/1] (0.00ns)   --->   "%p_ZL4Wfc0_76_addr = getelementptr i7 %p_ZL4Wfc0_76, i64 0, i64 %zext_ln186" [awn_int8.cpp:190]   --->   Operation 313 'getelementptr' 'p_ZL4Wfc0_76_addr' <Predicate = (!icmp_ln186)> <Delay = 0.00>
ST_1 : Operation 314 [1/1] (0.00ns)   --->   "%p_ZL4Wfc0_78_addr = getelementptr i8 %p_ZL4Wfc0_78, i64 0, i64 %zext_ln186" [awn_int8.cpp:190]   --->   Operation 314 'getelementptr' 'p_ZL4Wfc0_78_addr' <Predicate = (!icmp_ln186)> <Delay = 0.00>
ST_1 : Operation 315 [1/1] (0.00ns)   --->   "%p_ZL4Wfc0_80_addr = getelementptr i7 %p_ZL4Wfc0_80, i64 0, i64 %zext_ln186" [awn_int8.cpp:190]   --->   Operation 315 'getelementptr' 'p_ZL4Wfc0_80_addr' <Predicate = (!icmp_ln186)> <Delay = 0.00>
ST_1 : Operation 316 [1/1] (0.00ns)   --->   "%p_ZL4Wfc0_82_addr = getelementptr i7 %p_ZL4Wfc0_82, i64 0, i64 %zext_ln186" [awn_int8.cpp:190]   --->   Operation 316 'getelementptr' 'p_ZL4Wfc0_82_addr' <Predicate = (!icmp_ln186)> <Delay = 0.00>
ST_1 : Operation 317 [1/1] (0.00ns)   --->   "%p_ZL4Wfc0_84_addr = getelementptr i8 %p_ZL4Wfc0_84, i64 0, i64 %zext_ln186" [awn_int8.cpp:190]   --->   Operation 317 'getelementptr' 'p_ZL4Wfc0_84_addr' <Predicate = (!icmp_ln186)> <Delay = 0.00>
ST_1 : Operation 318 [1/1] (0.00ns)   --->   "%p_ZL4Wfc0_86_addr = getelementptr i8 %p_ZL4Wfc0_86, i64 0, i64 %zext_ln186" [awn_int8.cpp:190]   --->   Operation 318 'getelementptr' 'p_ZL4Wfc0_86_addr' <Predicate = (!icmp_ln186)> <Delay = 0.00>
ST_1 : Operation 319 [1/1] (0.00ns)   --->   "%p_ZL4Wfc0_88_addr = getelementptr i7 %p_ZL4Wfc0_88, i64 0, i64 %zext_ln186" [awn_int8.cpp:190]   --->   Operation 319 'getelementptr' 'p_ZL4Wfc0_88_addr' <Predicate = (!icmp_ln186)> <Delay = 0.00>
ST_1 : Operation 320 [1/1] (0.00ns)   --->   "%p_ZL4Wfc0_90_addr = getelementptr i8 %p_ZL4Wfc0_90, i64 0, i64 %zext_ln186" [awn_int8.cpp:190]   --->   Operation 320 'getelementptr' 'p_ZL4Wfc0_90_addr' <Predicate = (!icmp_ln186)> <Delay = 0.00>
ST_1 : Operation 321 [1/1] (0.00ns)   --->   "%p_ZL4Wfc0_92_addr = getelementptr i7 %p_ZL4Wfc0_92, i64 0, i64 %zext_ln186" [awn_int8.cpp:190]   --->   Operation 321 'getelementptr' 'p_ZL4Wfc0_92_addr' <Predicate = (!icmp_ln186)> <Delay = 0.00>
ST_1 : Operation 322 [1/1] (0.00ns)   --->   "%p_ZL4Wfc0_94_addr = getelementptr i8 %p_ZL4Wfc0_94, i64 0, i64 %zext_ln186" [awn_int8.cpp:190]   --->   Operation 322 'getelementptr' 'p_ZL4Wfc0_94_addr' <Predicate = (!icmp_ln186)> <Delay = 0.00>
ST_1 : Operation 323 [1/1] (0.00ns)   --->   "%p_ZL4Wfc0_96_addr = getelementptr i8 %p_ZL4Wfc0_96, i64 0, i64 %zext_ln186" [awn_int8.cpp:190]   --->   Operation 323 'getelementptr' 'p_ZL4Wfc0_96_addr' <Predicate = (!icmp_ln186)> <Delay = 0.00>
ST_1 : Operation 324 [1/1] (0.00ns)   --->   "%p_ZL4Wfc0_98_addr = getelementptr i7 %p_ZL4Wfc0_98, i64 0, i64 %zext_ln186" [awn_int8.cpp:190]   --->   Operation 324 'getelementptr' 'p_ZL4Wfc0_98_addr' <Predicate = (!icmp_ln186)> <Delay = 0.00>
ST_1 : Operation 325 [1/1] (0.00ns)   --->   "%p_ZL4Wfc0_100_addr = getelementptr i7 %p_ZL4Wfc0_100, i64 0, i64 %zext_ln186" [awn_int8.cpp:190]   --->   Operation 325 'getelementptr' 'p_ZL4Wfc0_100_addr' <Predicate = (!icmp_ln186)> <Delay = 0.00>
ST_1 : Operation 326 [1/1] (0.00ns)   --->   "%p_ZL4Wfc0_102_addr = getelementptr i7 %p_ZL4Wfc0_102, i64 0, i64 %zext_ln186" [awn_int8.cpp:190]   --->   Operation 326 'getelementptr' 'p_ZL4Wfc0_102_addr' <Predicate = (!icmp_ln186)> <Delay = 0.00>
ST_1 : Operation 327 [1/1] (0.00ns)   --->   "%p_ZL4Wfc0_104_addr = getelementptr i8 %p_ZL4Wfc0_104, i64 0, i64 %zext_ln186" [awn_int8.cpp:190]   --->   Operation 327 'getelementptr' 'p_ZL4Wfc0_104_addr' <Predicate = (!icmp_ln186)> <Delay = 0.00>
ST_1 : Operation 328 [1/1] (0.00ns)   --->   "%p_ZL4Wfc0_106_addr = getelementptr i8 %p_ZL4Wfc0_106, i64 0, i64 %zext_ln186" [awn_int8.cpp:190]   --->   Operation 328 'getelementptr' 'p_ZL4Wfc0_106_addr' <Predicate = (!icmp_ln186)> <Delay = 0.00>
ST_1 : Operation 329 [1/1] (0.00ns)   --->   "%p_ZL4Wfc0_108_addr = getelementptr i7 %p_ZL4Wfc0_108, i64 0, i64 %zext_ln186" [awn_int8.cpp:190]   --->   Operation 329 'getelementptr' 'p_ZL4Wfc0_108_addr' <Predicate = (!icmp_ln186)> <Delay = 0.00>
ST_1 : Operation 330 [1/1] (0.00ns)   --->   "%p_ZL4Wfc0_110_addr = getelementptr i7 %p_ZL4Wfc0_110, i64 0, i64 %zext_ln186" [awn_int8.cpp:190]   --->   Operation 330 'getelementptr' 'p_ZL4Wfc0_110_addr' <Predicate = (!icmp_ln186)> <Delay = 0.00>
ST_1 : Operation 331 [1/1] (0.00ns)   --->   "%p_ZL4Wfc0_127_addr = getelementptr i8 %p_ZL4Wfc0_127, i64 0, i64 %zext_ln186" [awn_int8.cpp:190]   --->   Operation 331 'getelementptr' 'p_ZL4Wfc0_127_addr' <Predicate = (!icmp_ln186)> <Delay = 0.00>
ST_1 : Operation 332 [2/2] (1.23ns)   --->   "%p_ZL4Wfc0_0_load = load i9 %p_ZL4Wfc0_0_addr" [awn_int8.cpp:190]   --->   Operation 332 'load' 'p_ZL4Wfc0_0_load' <Predicate = (!icmp_ln186)> <Delay = 1.23> <CoreInst = "ROM">   --->   Core 101 'ROM' <Latency = 1> <II = 1> <Delay = 1.23> <Storage> <Opcode : 'load'> <Ports = 0> <Width = 8> <Depth = 320> <ROM>
ST_1 : Operation 333 [2/2] (1.23ns)   --->   "%p_ZL4Wfc0_1_load = load i9 %p_ZL4Wfc0_1_addr" [awn_int8.cpp:190]   --->   Operation 333 'load' 'p_ZL4Wfc0_1_load' <Predicate = (!icmp_ln186)> <Delay = 1.23> <CoreInst = "ROM">   --->   Core 101 'ROM' <Latency = 1> <II = 1> <Delay = 1.23> <Storage> <Opcode : 'load'> <Ports = 0> <Width = 7> <Depth = 320> <ROM>
ST_1 : Operation 334 [2/2] (1.23ns)   --->   "%p_ZL4Wfc0_3_load = load i9 %p_ZL4Wfc0_3_addr" [awn_int8.cpp:190]   --->   Operation 334 'load' 'p_ZL4Wfc0_3_load' <Predicate = (!icmp_ln186)> <Delay = 1.23> <CoreInst = "ROM">   --->   Core 101 'ROM' <Latency = 1> <II = 1> <Delay = 1.23> <Storage> <Opcode : 'load'> <Ports = 0> <Width = 7> <Depth = 320> <ROM>
ST_1 : Operation 335 [2/2] (1.23ns)   --->   "%p_ZL4Wfc0_6_load = load i9 %p_ZL4Wfc0_6_addr" [awn_int8.cpp:190]   --->   Operation 335 'load' 'p_ZL4Wfc0_6_load' <Predicate = (!icmp_ln186)> <Delay = 1.23> <CoreInst = "ROM">   --->   Core 101 'ROM' <Latency = 1> <II = 1> <Delay = 1.23> <Storage> <Opcode : 'load'> <Ports = 0> <Width = 8> <Depth = 320> <ROM>
ST_1 : Operation 336 [2/2] (1.23ns)   --->   "%p_ZL4Wfc0_8_load = load i9 %p_ZL4Wfc0_8_addr" [awn_int8.cpp:190]   --->   Operation 336 'load' 'p_ZL4Wfc0_8_load' <Predicate = (!icmp_ln186)> <Delay = 1.23> <CoreInst = "ROM">   --->   Core 101 'ROM' <Latency = 1> <II = 1> <Delay = 1.23> <Storage> <Opcode : 'load'> <Ports = 0> <Width = 7> <Depth = 320> <ROM>
ST_1 : Operation 337 [2/2] (1.23ns)   --->   "%p_ZL4Wfc0_10_load = load i9 %p_ZL4Wfc0_10_addr" [awn_int8.cpp:190]   --->   Operation 337 'load' 'p_ZL4Wfc0_10_load' <Predicate = (!icmp_ln186)> <Delay = 1.23> <CoreInst = "ROM">   --->   Core 101 'ROM' <Latency = 1> <II = 1> <Delay = 1.23> <Storage> <Opcode : 'load'> <Ports = 0> <Width = 8> <Depth = 320> <ROM>
ST_1 : Operation 338 [2/2] (1.23ns)   --->   "%p_ZL4Wfc0_12_load = load i9 %p_ZL4Wfc0_12_addr" [awn_int8.cpp:190]   --->   Operation 338 'load' 'p_ZL4Wfc0_12_load' <Predicate = (!icmp_ln186)> <Delay = 1.23> <CoreInst = "ROM">   --->   Core 101 'ROM' <Latency = 1> <II = 1> <Delay = 1.23> <Storage> <Opcode : 'load'> <Ports = 0> <Width = 7> <Depth = 320> <ROM>
ST_1 : Operation 339 [2/2] (1.23ns)   --->   "%p_ZL4Wfc0_13_load = load i9 %p_ZL4Wfc0_13_addr" [awn_int8.cpp:190]   --->   Operation 339 'load' 'p_ZL4Wfc0_13_load' <Predicate = (!icmp_ln186)> <Delay = 1.23> <CoreInst = "ROM">   --->   Core 101 'ROM' <Latency = 1> <II = 1> <Delay = 1.23> <Storage> <Opcode : 'load'> <Ports = 0> <Width = 7> <Depth = 320> <ROM>
ST_1 : Operation 340 [2/2] (1.23ns)   --->   "%p_ZL4Wfc0_16_load = load i9 %p_ZL4Wfc0_16_addr" [awn_int8.cpp:190]   --->   Operation 340 'load' 'p_ZL4Wfc0_16_load' <Predicate = (!icmp_ln186)> <Delay = 1.23> <CoreInst = "ROM">   --->   Core 101 'ROM' <Latency = 1> <II = 1> <Delay = 1.23> <Storage> <Opcode : 'load'> <Ports = 0> <Width = 8> <Depth = 320> <ROM>
ST_1 : Operation 341 [2/2] (1.23ns)   --->   "%p_ZL4Wfc0_18_load = load i9 %p_ZL4Wfc0_18_addr" [awn_int8.cpp:190]   --->   Operation 341 'load' 'p_ZL4Wfc0_18_load' <Predicate = (!icmp_ln186)> <Delay = 1.23> <CoreInst = "ROM">   --->   Core 101 'ROM' <Latency = 1> <II = 1> <Delay = 1.23> <Storage> <Opcode : 'load'> <Ports = 0> <Width = 8> <Depth = 320> <ROM>
ST_1 : Operation 342 [2/2] (1.23ns)   --->   "%p_ZL4Wfc0_20_load = load i9 %p_ZL4Wfc0_20_addr" [awn_int8.cpp:190]   --->   Operation 342 'load' 'p_ZL4Wfc0_20_load' <Predicate = (!icmp_ln186)> <Delay = 1.23> <CoreInst = "ROM">   --->   Core 101 'ROM' <Latency = 1> <II = 1> <Delay = 1.23> <Storage> <Opcode : 'load'> <Ports = 0> <Width = 7> <Depth = 320> <ROM>
ST_1 : Operation 343 [2/2] (1.23ns)   --->   "%p_ZL4Wfc0_21_load = load i9 %p_ZL4Wfc0_21_addr" [awn_int8.cpp:190]   --->   Operation 343 'load' 'p_ZL4Wfc0_21_load' <Predicate = (!icmp_ln186)> <Delay = 1.23> <CoreInst = "ROM">   --->   Core 101 'ROM' <Latency = 1> <II = 1> <Delay = 1.23> <Storage> <Opcode : 'load'> <Ports = 0> <Width = 7> <Depth = 320> <ROM>
ST_1 : Operation 344 [2/2] (1.23ns)   --->   "%p_ZL4Wfc0_24_load = load i9 %p_ZL4Wfc0_24_addr" [awn_int8.cpp:190]   --->   Operation 344 'load' 'p_ZL4Wfc0_24_load' <Predicate = (!icmp_ln186)> <Delay = 1.23> <CoreInst = "ROM">   --->   Core 101 'ROM' <Latency = 1> <II = 1> <Delay = 1.23> <Storage> <Opcode : 'load'> <Ports = 0> <Width = 7> <Depth = 320> <ROM>
ST_1 : Operation 345 [2/2] (1.23ns)   --->   "%p_ZL4Wfc0_26_load = load i9 %p_ZL4Wfc0_26_addr" [awn_int8.cpp:190]   --->   Operation 345 'load' 'p_ZL4Wfc0_26_load' <Predicate = (!icmp_ln186)> <Delay = 1.23> <CoreInst = "ROM">   --->   Core 101 'ROM' <Latency = 1> <II = 1> <Delay = 1.23> <Storage> <Opcode : 'load'> <Ports = 0> <Width = 8> <Depth = 320> <ROM>
ST_1 : Operation 346 [2/2] (1.23ns)   --->   "%p_ZL4Wfc0_28_load = load i9 %p_ZL4Wfc0_28_addr" [awn_int8.cpp:190]   --->   Operation 346 'load' 'p_ZL4Wfc0_28_load' <Predicate = (!icmp_ln186)> <Delay = 1.23> <CoreInst = "ROM">   --->   Core 101 'ROM' <Latency = 1> <II = 1> <Delay = 1.23> <Storage> <Opcode : 'load'> <Ports = 0> <Width = 7> <Depth = 320> <ROM>
ST_1 : Operation 347 [2/2] (1.23ns)   --->   "%p_ZL4Wfc0_30_load = load i9 %p_ZL4Wfc0_30_addr" [awn_int8.cpp:190]   --->   Operation 347 'load' 'p_ZL4Wfc0_30_load' <Predicate = (!icmp_ln186)> <Delay = 1.23> <CoreInst = "ROM">   --->   Core 101 'ROM' <Latency = 1> <II = 1> <Delay = 1.23> <Storage> <Opcode : 'load'> <Ports = 0> <Width = 7> <Depth = 320> <ROM>
ST_1 : Operation 348 [2/2] (1.23ns)   --->   "%p_ZL4Wfc0_32_load = load i9 %p_ZL4Wfc0_32_addr" [awn_int8.cpp:190]   --->   Operation 348 'load' 'p_ZL4Wfc0_32_load' <Predicate = (!icmp_ln186)> <Delay = 1.23> <CoreInst = "ROM">   --->   Core 101 'ROM' <Latency = 1> <II = 1> <Delay = 1.23> <Storage> <Opcode : 'load'> <Ports = 0> <Width = 7> <Depth = 320> <ROM>
ST_1 : Operation 349 [2/2] (1.23ns)   --->   "%p_ZL4Wfc0_34_load = load i9 %p_ZL4Wfc0_34_addr" [awn_int8.cpp:190]   --->   Operation 349 'load' 'p_ZL4Wfc0_34_load' <Predicate = (!icmp_ln186)> <Delay = 1.23> <CoreInst = "ROM">   --->   Core 101 'ROM' <Latency = 1> <II = 1> <Delay = 1.23> <Storage> <Opcode : 'load'> <Ports = 0> <Width = 7> <Depth = 320> <ROM>
ST_1 : Operation 350 [2/2] (1.23ns)   --->   "%p_ZL4Wfc0_36_load = load i9 %p_ZL4Wfc0_36_addr" [awn_int8.cpp:190]   --->   Operation 350 'load' 'p_ZL4Wfc0_36_load' <Predicate = (!icmp_ln186)> <Delay = 1.23> <CoreInst = "ROM">   --->   Core 101 'ROM' <Latency = 1> <II = 1> <Delay = 1.23> <Storage> <Opcode : 'load'> <Ports = 0> <Width = 8> <Depth = 320> <ROM>
ST_1 : Operation 351 [2/2] (1.23ns)   --->   "%p_ZL4Wfc0_38_load = load i9 %p_ZL4Wfc0_38_addr" [awn_int8.cpp:190]   --->   Operation 351 'load' 'p_ZL4Wfc0_38_load' <Predicate = (!icmp_ln186)> <Delay = 1.23> <CoreInst = "ROM">   --->   Core 101 'ROM' <Latency = 1> <II = 1> <Delay = 1.23> <Storage> <Opcode : 'load'> <Ports = 0> <Width = 8> <Depth = 320> <ROM>
ST_1 : Operation 352 [2/2] (1.23ns)   --->   "%p_ZL4Wfc0_40_load = load i9 %p_ZL4Wfc0_40_addr" [awn_int8.cpp:190]   --->   Operation 352 'load' 'p_ZL4Wfc0_40_load' <Predicate = (!icmp_ln186)> <Delay = 1.23> <CoreInst = "ROM">   --->   Core 101 'ROM' <Latency = 1> <II = 1> <Delay = 1.23> <Storage> <Opcode : 'load'> <Ports = 0> <Width = 7> <Depth = 320> <ROM>
ST_1 : Operation 353 [2/2] (1.23ns)   --->   "%p_ZL4Wfc0_42_load = load i9 %p_ZL4Wfc0_42_addr" [awn_int8.cpp:190]   --->   Operation 353 'load' 'p_ZL4Wfc0_42_load' <Predicate = (!icmp_ln186)> <Delay = 1.23> <CoreInst = "ROM">   --->   Core 101 'ROM' <Latency = 1> <II = 1> <Delay = 1.23> <Storage> <Opcode : 'load'> <Ports = 0> <Width = 7> <Depth = 320> <ROM>
ST_1 : Operation 354 [2/2] (1.23ns)   --->   "%p_ZL4Wfc0_44_load = load i9 %p_ZL4Wfc0_44_addr" [awn_int8.cpp:190]   --->   Operation 354 'load' 'p_ZL4Wfc0_44_load' <Predicate = (!icmp_ln186)> <Delay = 1.23> <CoreInst = "ROM">   --->   Core 101 'ROM' <Latency = 1> <II = 1> <Delay = 1.23> <Storage> <Opcode : 'load'> <Ports = 0> <Width = 7> <Depth = 320> <ROM>
ST_1 : Operation 355 [2/2] (1.23ns)   --->   "%p_ZL4Wfc0_46_load = load i9 %p_ZL4Wfc0_46_addr" [awn_int8.cpp:190]   --->   Operation 355 'load' 'p_ZL4Wfc0_46_load' <Predicate = (!icmp_ln186)> <Delay = 1.23> <CoreInst = "ROM">   --->   Core 101 'ROM' <Latency = 1> <II = 1> <Delay = 1.23> <Storage> <Opcode : 'load'> <Ports = 0> <Width = 8> <Depth = 320> <ROM>
ST_1 : Operation 356 [2/2] (1.23ns)   --->   "%p_ZL4Wfc0_48_load = load i9 %p_ZL4Wfc0_48_addr" [awn_int8.cpp:190]   --->   Operation 356 'load' 'p_ZL4Wfc0_48_load' <Predicate = (!icmp_ln186)> <Delay = 1.23> <CoreInst = "ROM">   --->   Core 101 'ROM' <Latency = 1> <II = 1> <Delay = 1.23> <Storage> <Opcode : 'load'> <Ports = 0> <Width = 8> <Depth = 320> <ROM>
ST_1 : Operation 357 [2/2] (1.23ns)   --->   "%p_ZL4Wfc0_50_load = load i9 %p_ZL4Wfc0_50_addr" [awn_int8.cpp:190]   --->   Operation 357 'load' 'p_ZL4Wfc0_50_load' <Predicate = (!icmp_ln186)> <Delay = 1.23> <CoreInst = "ROM">   --->   Core 101 'ROM' <Latency = 1> <II = 1> <Delay = 1.23> <Storage> <Opcode : 'load'> <Ports = 0> <Width = 8> <Depth = 320> <ROM>
ST_1 : Operation 358 [2/2] (1.23ns)   --->   "%p_ZL4Wfc0_52_load = load i9 %p_ZL4Wfc0_52_addr" [awn_int8.cpp:190]   --->   Operation 358 'load' 'p_ZL4Wfc0_52_load' <Predicate = (!icmp_ln186)> <Delay = 1.23> <CoreInst = "ROM">   --->   Core 101 'ROM' <Latency = 1> <II = 1> <Delay = 1.23> <Storage> <Opcode : 'load'> <Ports = 0> <Width = 8> <Depth = 320> <ROM>
ST_1 : Operation 359 [2/2] (1.23ns)   --->   "%p_ZL4Wfc0_54_load = load i9 %p_ZL4Wfc0_54_addr" [awn_int8.cpp:190]   --->   Operation 359 'load' 'p_ZL4Wfc0_54_load' <Predicate = (!icmp_ln186)> <Delay = 1.23> <CoreInst = "ROM">   --->   Core 101 'ROM' <Latency = 1> <II = 1> <Delay = 1.23> <Storage> <Opcode : 'load'> <Ports = 0> <Width = 8> <Depth = 320> <ROM>
ST_1 : Operation 360 [2/2] (1.23ns)   --->   "%p_ZL4Wfc0_56_load = load i9 %p_ZL4Wfc0_56_addr" [awn_int8.cpp:190]   --->   Operation 360 'load' 'p_ZL4Wfc0_56_load' <Predicate = (!icmp_ln186)> <Delay = 1.23> <CoreInst = "ROM">   --->   Core 101 'ROM' <Latency = 1> <II = 1> <Delay = 1.23> <Storage> <Opcode : 'load'> <Ports = 0> <Width = 7> <Depth = 320> <ROM>
ST_1 : Operation 361 [2/2] (1.23ns)   --->   "%p_ZL4Wfc0_58_load = load i9 %p_ZL4Wfc0_58_addr" [awn_int8.cpp:190]   --->   Operation 361 'load' 'p_ZL4Wfc0_58_load' <Predicate = (!icmp_ln186)> <Delay = 1.23> <CoreInst = "ROM">   --->   Core 101 'ROM' <Latency = 1> <II = 1> <Delay = 1.23> <Storage> <Opcode : 'load'> <Ports = 0> <Width = 7> <Depth = 320> <ROM>
ST_1 : Operation 362 [2/2] (1.23ns)   --->   "%p_ZL4Wfc0_60_load = load i9 %p_ZL4Wfc0_60_addr" [awn_int8.cpp:190]   --->   Operation 362 'load' 'p_ZL4Wfc0_60_load' <Predicate = (!icmp_ln186)> <Delay = 1.23> <CoreInst = "ROM">   --->   Core 101 'ROM' <Latency = 1> <II = 1> <Delay = 1.23> <Storage> <Opcode : 'load'> <Ports = 0> <Width = 8> <Depth = 320> <ROM>
ST_1 : Operation 363 [2/2] (1.23ns)   --->   "%p_ZL4Wfc0_62_load = load i9 %p_ZL4Wfc0_62_addr" [awn_int8.cpp:190]   --->   Operation 363 'load' 'p_ZL4Wfc0_62_load' <Predicate = (!icmp_ln186)> <Delay = 1.23> <CoreInst = "ROM">   --->   Core 101 'ROM' <Latency = 1> <II = 1> <Delay = 1.23> <Storage> <Opcode : 'load'> <Ports = 0> <Width = 7> <Depth = 320> <ROM>
ST_1 : Operation 364 [2/2] (1.23ns)   --->   "%p_ZL4Wfc0_64_load = load i9 %p_ZL4Wfc0_64_addr" [awn_int8.cpp:190]   --->   Operation 364 'load' 'p_ZL4Wfc0_64_load' <Predicate = (!icmp_ln186)> <Delay = 1.23> <CoreInst = "ROM">   --->   Core 101 'ROM' <Latency = 1> <II = 1> <Delay = 1.23> <Storage> <Opcode : 'load'> <Ports = 0> <Width = 7> <Depth = 320> <ROM>
ST_1 : Operation 365 [2/2] (1.23ns)   --->   "%p_ZL4Wfc0_66_load = load i9 %p_ZL4Wfc0_66_addr" [awn_int8.cpp:190]   --->   Operation 365 'load' 'p_ZL4Wfc0_66_load' <Predicate = (!icmp_ln186)> <Delay = 1.23> <CoreInst = "ROM">   --->   Core 101 'ROM' <Latency = 1> <II = 1> <Delay = 1.23> <Storage> <Opcode : 'load'> <Ports = 0> <Width = 8> <Depth = 320> <ROM>
ST_1 : Operation 366 [2/2] (1.23ns)   --->   "%p_ZL4Wfc0_67_load = load i9 %p_ZL4Wfc0_67_addr" [awn_int8.cpp:190]   --->   Operation 366 'load' 'p_ZL4Wfc0_67_load' <Predicate = (!icmp_ln186)> <Delay = 1.23> <CoreInst = "ROM">   --->   Core 101 'ROM' <Latency = 1> <II = 1> <Delay = 1.23> <Storage> <Opcode : 'load'> <Ports = 0> <Width = 7> <Depth = 320> <ROM>
ST_1 : Operation 367 [2/2] (1.23ns)   --->   "%p_ZL4Wfc0_70_load = load i9 %p_ZL4Wfc0_70_addr" [awn_int8.cpp:190]   --->   Operation 367 'load' 'p_ZL4Wfc0_70_load' <Predicate = (!icmp_ln186)> <Delay = 1.23> <CoreInst = "ROM">   --->   Core 101 'ROM' <Latency = 1> <II = 1> <Delay = 1.23> <Storage> <Opcode : 'load'> <Ports = 0> <Width = 7> <Depth = 320> <ROM>
ST_1 : Operation 368 [2/2] (1.23ns)   --->   "%p_ZL4Wfc0_72_load = load i9 %p_ZL4Wfc0_72_addr" [awn_int8.cpp:190]   --->   Operation 368 'load' 'p_ZL4Wfc0_72_load' <Predicate = (!icmp_ln186)> <Delay = 1.23> <CoreInst = "ROM">   --->   Core 101 'ROM' <Latency = 1> <II = 1> <Delay = 1.23> <Storage> <Opcode : 'load'> <Ports = 0> <Width = 8> <Depth = 320> <ROM>
ST_1 : Operation 369 [2/2] (1.23ns)   --->   "%p_ZL4Wfc0_74_load = load i9 %p_ZL4Wfc0_74_addr" [awn_int8.cpp:190]   --->   Operation 369 'load' 'p_ZL4Wfc0_74_load' <Predicate = (!icmp_ln186)> <Delay = 1.23> <CoreInst = "ROM">   --->   Core 101 'ROM' <Latency = 1> <II = 1> <Delay = 1.23> <Storage> <Opcode : 'load'> <Ports = 0> <Width = 7> <Depth = 320> <ROM>
ST_1 : Operation 370 [2/2] (1.23ns)   --->   "%p_ZL4Wfc0_76_load = load i9 %p_ZL4Wfc0_76_addr" [awn_int8.cpp:190]   --->   Operation 370 'load' 'p_ZL4Wfc0_76_load' <Predicate = (!icmp_ln186)> <Delay = 1.23> <CoreInst = "ROM">   --->   Core 101 'ROM' <Latency = 1> <II = 1> <Delay = 1.23> <Storage> <Opcode : 'load'> <Ports = 0> <Width = 7> <Depth = 320> <ROM>
ST_1 : Operation 371 [2/2] (1.23ns)   --->   "%p_ZL4Wfc0_78_load = load i9 %p_ZL4Wfc0_78_addr" [awn_int8.cpp:190]   --->   Operation 371 'load' 'p_ZL4Wfc0_78_load' <Predicate = (!icmp_ln186)> <Delay = 1.23> <CoreInst = "ROM">   --->   Core 101 'ROM' <Latency = 1> <II = 1> <Delay = 1.23> <Storage> <Opcode : 'load'> <Ports = 0> <Width = 8> <Depth = 320> <ROM>
ST_1 : Operation 372 [2/2] (1.23ns)   --->   "%p_ZL4Wfc0_80_load = load i9 %p_ZL4Wfc0_80_addr" [awn_int8.cpp:190]   --->   Operation 372 'load' 'p_ZL4Wfc0_80_load' <Predicate = (!icmp_ln186)> <Delay = 1.23> <CoreInst = "ROM">   --->   Core 101 'ROM' <Latency = 1> <II = 1> <Delay = 1.23> <Storage> <Opcode : 'load'> <Ports = 0> <Width = 7> <Depth = 320> <ROM>
ST_1 : Operation 373 [2/2] (1.23ns)   --->   "%p_ZL4Wfc0_82_load = load i9 %p_ZL4Wfc0_82_addr" [awn_int8.cpp:190]   --->   Operation 373 'load' 'p_ZL4Wfc0_82_load' <Predicate = (!icmp_ln186)> <Delay = 1.23> <CoreInst = "ROM">   --->   Core 101 'ROM' <Latency = 1> <II = 1> <Delay = 1.23> <Storage> <Opcode : 'load'> <Ports = 0> <Width = 7> <Depth = 320> <ROM>
ST_1 : Operation 374 [2/2] (1.23ns)   --->   "%p_ZL4Wfc0_84_load = load i9 %p_ZL4Wfc0_84_addr" [awn_int8.cpp:190]   --->   Operation 374 'load' 'p_ZL4Wfc0_84_load' <Predicate = (!icmp_ln186)> <Delay = 1.23> <CoreInst = "ROM">   --->   Core 101 'ROM' <Latency = 1> <II = 1> <Delay = 1.23> <Storage> <Opcode : 'load'> <Ports = 0> <Width = 8> <Depth = 320> <ROM>
ST_1 : Operation 375 [2/2] (1.23ns)   --->   "%p_ZL4Wfc0_86_load = load i9 %p_ZL4Wfc0_86_addr" [awn_int8.cpp:190]   --->   Operation 375 'load' 'p_ZL4Wfc0_86_load' <Predicate = (!icmp_ln186)> <Delay = 1.23> <CoreInst = "ROM">   --->   Core 101 'ROM' <Latency = 1> <II = 1> <Delay = 1.23> <Storage> <Opcode : 'load'> <Ports = 0> <Width = 8> <Depth = 320> <ROM>
ST_1 : Operation 376 [2/2] (1.23ns)   --->   "%p_ZL4Wfc0_88_load = load i9 %p_ZL4Wfc0_88_addr" [awn_int8.cpp:190]   --->   Operation 376 'load' 'p_ZL4Wfc0_88_load' <Predicate = (!icmp_ln186)> <Delay = 1.23> <CoreInst = "ROM">   --->   Core 101 'ROM' <Latency = 1> <II = 1> <Delay = 1.23> <Storage> <Opcode : 'load'> <Ports = 0> <Width = 7> <Depth = 320> <ROM>
ST_1 : Operation 377 [2/2] (1.23ns)   --->   "%p_ZL4Wfc0_90_load = load i9 %p_ZL4Wfc0_90_addr" [awn_int8.cpp:190]   --->   Operation 377 'load' 'p_ZL4Wfc0_90_load' <Predicate = (!icmp_ln186)> <Delay = 1.23> <CoreInst = "ROM">   --->   Core 101 'ROM' <Latency = 1> <II = 1> <Delay = 1.23> <Storage> <Opcode : 'load'> <Ports = 0> <Width = 8> <Depth = 320> <ROM>
ST_1 : Operation 378 [2/2] (1.23ns)   --->   "%p_ZL4Wfc0_92_load = load i9 %p_ZL4Wfc0_92_addr" [awn_int8.cpp:190]   --->   Operation 378 'load' 'p_ZL4Wfc0_92_load' <Predicate = (!icmp_ln186)> <Delay = 1.23> <CoreInst = "ROM">   --->   Core 101 'ROM' <Latency = 1> <II = 1> <Delay = 1.23> <Storage> <Opcode : 'load'> <Ports = 0> <Width = 7> <Depth = 320> <ROM>
ST_1 : Operation 379 [2/2] (1.23ns)   --->   "%p_ZL4Wfc0_94_load = load i9 %p_ZL4Wfc0_94_addr" [awn_int8.cpp:190]   --->   Operation 379 'load' 'p_ZL4Wfc0_94_load' <Predicate = (!icmp_ln186)> <Delay = 1.23> <CoreInst = "ROM">   --->   Core 101 'ROM' <Latency = 1> <II = 1> <Delay = 1.23> <Storage> <Opcode : 'load'> <Ports = 0> <Width = 8> <Depth = 320> <ROM>
ST_1 : Operation 380 [2/2] (1.23ns)   --->   "%p_ZL4Wfc0_96_load = load i9 %p_ZL4Wfc0_96_addr" [awn_int8.cpp:190]   --->   Operation 380 'load' 'p_ZL4Wfc0_96_load' <Predicate = (!icmp_ln186)> <Delay = 1.23> <CoreInst = "ROM">   --->   Core 101 'ROM' <Latency = 1> <II = 1> <Delay = 1.23> <Storage> <Opcode : 'load'> <Ports = 0> <Width = 8> <Depth = 320> <ROM>
ST_1 : Operation 381 [2/2] (1.23ns)   --->   "%p_ZL4Wfc0_98_load = load i9 %p_ZL4Wfc0_98_addr" [awn_int8.cpp:190]   --->   Operation 381 'load' 'p_ZL4Wfc0_98_load' <Predicate = (!icmp_ln186)> <Delay = 1.23> <CoreInst = "ROM">   --->   Core 101 'ROM' <Latency = 1> <II = 1> <Delay = 1.23> <Storage> <Opcode : 'load'> <Ports = 0> <Width = 7> <Depth = 320> <ROM>
ST_1 : Operation 382 [2/2] (1.23ns)   --->   "%p_ZL4Wfc0_100_load = load i9 %p_ZL4Wfc0_100_addr" [awn_int8.cpp:190]   --->   Operation 382 'load' 'p_ZL4Wfc0_100_load' <Predicate = (!icmp_ln186)> <Delay = 1.23> <CoreInst = "ROM">   --->   Core 101 'ROM' <Latency = 1> <II = 1> <Delay = 1.23> <Storage> <Opcode : 'load'> <Ports = 0> <Width = 7> <Depth = 320> <ROM>
ST_1 : Operation 383 [2/2] (1.23ns)   --->   "%p_ZL4Wfc0_102_load = load i9 %p_ZL4Wfc0_102_addr" [awn_int8.cpp:190]   --->   Operation 383 'load' 'p_ZL4Wfc0_102_load' <Predicate = (!icmp_ln186)> <Delay = 1.23> <CoreInst = "ROM">   --->   Core 101 'ROM' <Latency = 1> <II = 1> <Delay = 1.23> <Storage> <Opcode : 'load'> <Ports = 0> <Width = 7> <Depth = 320> <ROM>
ST_1 : Operation 384 [2/2] (1.23ns)   --->   "%p_ZL4Wfc0_104_load = load i9 %p_ZL4Wfc0_104_addr" [awn_int8.cpp:190]   --->   Operation 384 'load' 'p_ZL4Wfc0_104_load' <Predicate = (!icmp_ln186)> <Delay = 1.23> <CoreInst = "ROM">   --->   Core 101 'ROM' <Latency = 1> <II = 1> <Delay = 1.23> <Storage> <Opcode : 'load'> <Ports = 0> <Width = 8> <Depth = 320> <ROM>
ST_1 : Operation 385 [2/2] (1.23ns)   --->   "%p_ZL4Wfc0_106_load = load i9 %p_ZL4Wfc0_106_addr" [awn_int8.cpp:190]   --->   Operation 385 'load' 'p_ZL4Wfc0_106_load' <Predicate = (!icmp_ln186)> <Delay = 1.23> <CoreInst = "ROM">   --->   Core 101 'ROM' <Latency = 1> <II = 1> <Delay = 1.23> <Storage> <Opcode : 'load'> <Ports = 0> <Width = 8> <Depth = 320> <ROM>
ST_1 : Operation 386 [2/2] (1.23ns)   --->   "%p_ZL4Wfc0_108_load = load i9 %p_ZL4Wfc0_108_addr" [awn_int8.cpp:190]   --->   Operation 386 'load' 'p_ZL4Wfc0_108_load' <Predicate = (!icmp_ln186)> <Delay = 1.23> <CoreInst = "ROM">   --->   Core 101 'ROM' <Latency = 1> <II = 1> <Delay = 1.23> <Storage> <Opcode : 'load'> <Ports = 0> <Width = 7> <Depth = 320> <ROM>
ST_1 : Operation 387 [2/2] (1.23ns)   --->   "%p_ZL4Wfc0_110_load = load i9 %p_ZL4Wfc0_110_addr" [awn_int8.cpp:190]   --->   Operation 387 'load' 'p_ZL4Wfc0_110_load' <Predicate = (!icmp_ln186)> <Delay = 1.23> <CoreInst = "ROM">   --->   Core 101 'ROM' <Latency = 1> <II = 1> <Delay = 1.23> <Storage> <Opcode : 'load'> <Ports = 0> <Width = 7> <Depth = 320> <ROM>
ST_1 : Operation 388 [2/2] (1.23ns)   --->   "%p_ZL4Wfc0_127_load = load i9 %p_ZL4Wfc0_127_addr" [awn_int8.cpp:190]   --->   Operation 388 'load' 'p_ZL4Wfc0_127_load' <Predicate = (!icmp_ln186)> <Delay = 1.23> <CoreInst = "ROM">   --->   Core 101 'ROM' <Latency = 1> <II = 1> <Delay = 1.23> <Storage> <Opcode : 'load'> <Ports = 0> <Width = 8> <Depth = 320> <ROM>
ST_1 : Operation 389 [1/1] (0.42ns)   --->   "%store_ln186 = store i9 %add_ln186, i9 %m" [awn_int8.cpp:186]   --->   Operation 389 'store' 'store_ln186' <Predicate = (!icmp_ln186)> <Delay = 0.42>

State 2 <SV = 1> <Delay = 2.23>
ST_2 : Operation 390 [1/1] (0.00ns)   --->   "%p_ZL4Wfc0_112_addr = getelementptr i8 %p_ZL4Wfc0_112, i64 0, i64 %zext_ln186" [awn_int8.cpp:190]   --->   Operation 390 'getelementptr' 'p_ZL4Wfc0_112_addr' <Predicate = true> <Delay = 0.00>
ST_2 : Operation 391 [1/1] (0.00ns)   --->   "%p_ZL4Wfc0_114_addr = getelementptr i8 %p_ZL4Wfc0_114, i64 0, i64 %zext_ln186" [awn_int8.cpp:190]   --->   Operation 391 'getelementptr' 'p_ZL4Wfc0_114_addr' <Predicate = true> <Delay = 0.00>
ST_2 : Operation 392 [1/1] (0.00ns)   --->   "%p_ZL4Wfc0_116_addr = getelementptr i8 %p_ZL4Wfc0_116, i64 0, i64 %zext_ln186" [awn_int8.cpp:190]   --->   Operation 392 'getelementptr' 'p_ZL4Wfc0_116_addr' <Predicate = true> <Delay = 0.00>
ST_2 : Operation 393 [1/1] (0.00ns)   --->   "%p_ZL4Wfc0_118_addr = getelementptr i7 %p_ZL4Wfc0_118, i64 0, i64 %zext_ln186" [awn_int8.cpp:190]   --->   Operation 393 'getelementptr' 'p_ZL4Wfc0_118_addr' <Predicate = true> <Delay = 0.00>
ST_2 : Operation 394 [1/1] (0.00ns)   --->   "%p_ZL4Wfc0_119_addr = getelementptr i7 %p_ZL4Wfc0_119, i64 0, i64 %zext_ln186" [awn_int8.cpp:190]   --->   Operation 394 'getelementptr' 'p_ZL4Wfc0_119_addr' <Predicate = true> <Delay = 0.00>
ST_2 : Operation 395 [1/1] (0.00ns)   --->   "%p_ZL4Wfc0_122_addr = getelementptr i7 %p_ZL4Wfc0_122, i64 0, i64 %zext_ln186" [awn_int8.cpp:190]   --->   Operation 395 'getelementptr' 'p_ZL4Wfc0_122_addr' <Predicate = true> <Delay = 0.00>
ST_2 : Operation 396 [1/1] (0.00ns)   --->   "%p_ZL4Wfc0_124_addr = getelementptr i7 %p_ZL4Wfc0_124, i64 0, i64 %zext_ln186" [awn_int8.cpp:190]   --->   Operation 396 'getelementptr' 'p_ZL4Wfc0_124_addr' <Predicate = true> <Delay = 0.00>
ST_2 : Operation 397 [1/1] (0.00ns)   --->   "%p_ZL4Wfc0_125_addr = getelementptr i8 %p_ZL4Wfc0_125, i64 0, i64 %zext_ln186" [awn_int8.cpp:190]   --->   Operation 397 'getelementptr' 'p_ZL4Wfc0_125_addr' <Predicate = true> <Delay = 0.00>
ST_2 : Operation 398 [1/2] (1.23ns)   --->   "%p_ZL4Wfc0_0_load = load i9 %p_ZL4Wfc0_0_addr" [awn_int8.cpp:190]   --->   Operation 398 'load' 'p_ZL4Wfc0_0_load' <Predicate = true> <Delay = 1.23> <CoreInst = "ROM">   --->   Core 101 'ROM' <Latency = 1> <II = 1> <Delay = 1.23> <Storage> <Opcode : 'load'> <Ports = 0> <Width = 8> <Depth = 320> <ROM>
ST_2 : Operation 399 [1/1] (0.00ns)   --->   "%sext_ln190_12 = sext i8 %p_ZL4Wfc0_0_load" [awn_int8.cpp:190]   --->   Operation 399 'sext' 'sext_ln190_12' <Predicate = true> <Delay = 0.00>
ST_2 : Operation 400 [1/2] (1.23ns)   --->   "%p_ZL4Wfc0_1_load = load i9 %p_ZL4Wfc0_1_addr" [awn_int8.cpp:190]   --->   Operation 400 'load' 'p_ZL4Wfc0_1_load' <Predicate = true> <Delay = 1.23> <CoreInst = "ROM">   --->   Core 101 'ROM' <Latency = 1> <II = 1> <Delay = 1.23> <Storage> <Opcode : 'load'> <Ports = 0> <Width = 7> <Depth = 320> <ROM>
ST_2 : Operation 401 [1/1] (0.00ns)   --->   "%sext_ln190_13 = sext i7 %p_ZL4Wfc0_1_load" [awn_int8.cpp:190]   --->   Operation 401 'sext' 'sext_ln190_13' <Predicate = true> <Delay = 0.00>
ST_2 : Operation 402 [1/2] (1.23ns)   --->   "%p_ZL4Wfc0_3_load = load i9 %p_ZL4Wfc0_3_addr" [awn_int8.cpp:190]   --->   Operation 402 'load' 'p_ZL4Wfc0_3_load' <Predicate = true> <Delay = 1.23> <CoreInst = "ROM">   --->   Core 101 'ROM' <Latency = 1> <II = 1> <Delay = 1.23> <Storage> <Opcode : 'load'> <Ports = 0> <Width = 7> <Depth = 320> <ROM>
ST_2 : Operation 403 [1/1] (0.00ns)   --->   "%sext_ln190_15 = sext i7 %p_ZL4Wfc0_3_load" [awn_int8.cpp:190]   --->   Operation 403 'sext' 'sext_ln190_15' <Predicate = true> <Delay = 0.00>
ST_2 : Operation 404 [1/2] (1.23ns)   --->   "%p_ZL4Wfc0_6_load = load i9 %p_ZL4Wfc0_6_addr" [awn_int8.cpp:190]   --->   Operation 404 'load' 'p_ZL4Wfc0_6_load' <Predicate = true> <Delay = 1.23> <CoreInst = "ROM">   --->   Core 101 'ROM' <Latency = 1> <II = 1> <Delay = 1.23> <Storage> <Opcode : 'load'> <Ports = 0> <Width = 8> <Depth = 320> <ROM>
ST_2 : Operation 405 [1/1] (0.00ns)   --->   "%sext_ln190_18 = sext i8 %p_ZL4Wfc0_6_load" [awn_int8.cpp:190]   --->   Operation 405 'sext' 'sext_ln190_18' <Predicate = true> <Delay = 0.00>
ST_2 : Operation 406 [1/2] (1.23ns)   --->   "%p_ZL4Wfc0_8_load = load i9 %p_ZL4Wfc0_8_addr" [awn_int8.cpp:190]   --->   Operation 406 'load' 'p_ZL4Wfc0_8_load' <Predicate = true> <Delay = 1.23> <CoreInst = "ROM">   --->   Core 101 'ROM' <Latency = 1> <II = 1> <Delay = 1.23> <Storage> <Opcode : 'load'> <Ports = 0> <Width = 7> <Depth = 320> <ROM>
ST_2 : Operation 407 [1/1] (0.00ns)   --->   "%sext_ln190_20 = sext i7 %p_ZL4Wfc0_8_load" [awn_int8.cpp:190]   --->   Operation 407 'sext' 'sext_ln190_20' <Predicate = true> <Delay = 0.00>
ST_2 : Operation 408 [1/2] (1.23ns)   --->   "%p_ZL4Wfc0_10_load = load i9 %p_ZL4Wfc0_10_addr" [awn_int8.cpp:190]   --->   Operation 408 'load' 'p_ZL4Wfc0_10_load' <Predicate = true> <Delay = 1.23> <CoreInst = "ROM">   --->   Core 101 'ROM' <Latency = 1> <II = 1> <Delay = 1.23> <Storage> <Opcode : 'load'> <Ports = 0> <Width = 8> <Depth = 320> <ROM>
ST_2 : Operation 409 [1/1] (0.00ns)   --->   "%sext_ln190_22 = sext i8 %p_ZL4Wfc0_10_load" [awn_int8.cpp:190]   --->   Operation 409 'sext' 'sext_ln190_22' <Predicate = true> <Delay = 0.00>
ST_2 : Operation 410 [1/2] (1.23ns)   --->   "%p_ZL4Wfc0_12_load = load i9 %p_ZL4Wfc0_12_addr" [awn_int8.cpp:190]   --->   Operation 410 'load' 'p_ZL4Wfc0_12_load' <Predicate = true> <Delay = 1.23> <CoreInst = "ROM">   --->   Core 101 'ROM' <Latency = 1> <II = 1> <Delay = 1.23> <Storage> <Opcode : 'load'> <Ports = 0> <Width = 7> <Depth = 320> <ROM>
ST_2 : Operation 411 [1/1] (0.00ns)   --->   "%sext_ln190_24 = sext i7 %p_ZL4Wfc0_12_load" [awn_int8.cpp:190]   --->   Operation 411 'sext' 'sext_ln190_24' <Predicate = true> <Delay = 0.00>
ST_2 : Operation 412 [1/2] (1.23ns)   --->   "%p_ZL4Wfc0_13_load = load i9 %p_ZL4Wfc0_13_addr" [awn_int8.cpp:190]   --->   Operation 412 'load' 'p_ZL4Wfc0_13_load' <Predicate = true> <Delay = 1.23> <CoreInst = "ROM">   --->   Core 101 'ROM' <Latency = 1> <II = 1> <Delay = 1.23> <Storage> <Opcode : 'load'> <Ports = 0> <Width = 7> <Depth = 320> <ROM>
ST_2 : Operation 413 [1/1] (0.00ns)   --->   "%sext_ln190_25 = sext i7 %p_ZL4Wfc0_13_load" [awn_int8.cpp:190]   --->   Operation 413 'sext' 'sext_ln190_25' <Predicate = true> <Delay = 0.00>
ST_2 : Operation 414 [1/2] (1.23ns)   --->   "%p_ZL4Wfc0_16_load = load i9 %p_ZL4Wfc0_16_addr" [awn_int8.cpp:190]   --->   Operation 414 'load' 'p_ZL4Wfc0_16_load' <Predicate = true> <Delay = 1.23> <CoreInst = "ROM">   --->   Core 101 'ROM' <Latency = 1> <II = 1> <Delay = 1.23> <Storage> <Opcode : 'load'> <Ports = 0> <Width = 8> <Depth = 320> <ROM>
ST_2 : Operation 415 [1/1] (0.00ns)   --->   "%sext_ln190_28 = sext i8 %p_ZL4Wfc0_16_load" [awn_int8.cpp:190]   --->   Operation 415 'sext' 'sext_ln190_28' <Predicate = true> <Delay = 0.00>
ST_2 : Operation 416 [1/2] (1.23ns)   --->   "%p_ZL4Wfc0_18_load = load i9 %p_ZL4Wfc0_18_addr" [awn_int8.cpp:190]   --->   Operation 416 'load' 'p_ZL4Wfc0_18_load' <Predicate = true> <Delay = 1.23> <CoreInst = "ROM">   --->   Core 101 'ROM' <Latency = 1> <II = 1> <Delay = 1.23> <Storage> <Opcode : 'load'> <Ports = 0> <Width = 8> <Depth = 320> <ROM>
ST_2 : Operation 417 [1/1] (0.00ns)   --->   "%sext_ln190_30 = sext i8 %p_ZL4Wfc0_18_load" [awn_int8.cpp:190]   --->   Operation 417 'sext' 'sext_ln190_30' <Predicate = true> <Delay = 0.00>
ST_2 : Operation 418 [1/2] (1.23ns)   --->   "%p_ZL4Wfc0_20_load = load i9 %p_ZL4Wfc0_20_addr" [awn_int8.cpp:190]   --->   Operation 418 'load' 'p_ZL4Wfc0_20_load' <Predicate = true> <Delay = 1.23> <CoreInst = "ROM">   --->   Core 101 'ROM' <Latency = 1> <II = 1> <Delay = 1.23> <Storage> <Opcode : 'load'> <Ports = 0> <Width = 7> <Depth = 320> <ROM>
ST_2 : Operation 419 [1/1] (0.00ns)   --->   "%sext_ln190_32 = sext i7 %p_ZL4Wfc0_20_load" [awn_int8.cpp:190]   --->   Operation 419 'sext' 'sext_ln190_32' <Predicate = true> <Delay = 0.00>
ST_2 : Operation 420 [1/2] (1.23ns)   --->   "%p_ZL4Wfc0_21_load = load i9 %p_ZL4Wfc0_21_addr" [awn_int8.cpp:190]   --->   Operation 420 'load' 'p_ZL4Wfc0_21_load' <Predicate = true> <Delay = 1.23> <CoreInst = "ROM">   --->   Core 101 'ROM' <Latency = 1> <II = 1> <Delay = 1.23> <Storage> <Opcode : 'load'> <Ports = 0> <Width = 7> <Depth = 320> <ROM>
ST_2 : Operation 421 [1/1] (0.00ns)   --->   "%sext_ln190_33 = sext i7 %p_ZL4Wfc0_21_load" [awn_int8.cpp:190]   --->   Operation 421 'sext' 'sext_ln190_33' <Predicate = true> <Delay = 0.00>
ST_2 : Operation 422 [1/2] (1.23ns)   --->   "%p_ZL4Wfc0_24_load = load i9 %p_ZL4Wfc0_24_addr" [awn_int8.cpp:190]   --->   Operation 422 'load' 'p_ZL4Wfc0_24_load' <Predicate = true> <Delay = 1.23> <CoreInst = "ROM">   --->   Core 101 'ROM' <Latency = 1> <II = 1> <Delay = 1.23> <Storage> <Opcode : 'load'> <Ports = 0> <Width = 7> <Depth = 320> <ROM>
ST_2 : Operation 423 [1/1] (0.00ns)   --->   "%sext_ln190_36 = sext i7 %p_ZL4Wfc0_24_load" [awn_int8.cpp:190]   --->   Operation 423 'sext' 'sext_ln190_36' <Predicate = true> <Delay = 0.00>
ST_2 : Operation 424 [1/2] (1.23ns)   --->   "%p_ZL4Wfc0_26_load = load i9 %p_ZL4Wfc0_26_addr" [awn_int8.cpp:190]   --->   Operation 424 'load' 'p_ZL4Wfc0_26_load' <Predicate = true> <Delay = 1.23> <CoreInst = "ROM">   --->   Core 101 'ROM' <Latency = 1> <II = 1> <Delay = 1.23> <Storage> <Opcode : 'load'> <Ports = 0> <Width = 8> <Depth = 320> <ROM>
ST_2 : Operation 425 [1/1] (0.00ns)   --->   "%sext_ln190_38 = sext i8 %p_ZL4Wfc0_26_load" [awn_int8.cpp:190]   --->   Operation 425 'sext' 'sext_ln190_38' <Predicate = true> <Delay = 0.00>
ST_2 : Operation 426 [1/2] (1.23ns)   --->   "%p_ZL4Wfc0_28_load = load i9 %p_ZL4Wfc0_28_addr" [awn_int8.cpp:190]   --->   Operation 426 'load' 'p_ZL4Wfc0_28_load' <Predicate = true> <Delay = 1.23> <CoreInst = "ROM">   --->   Core 101 'ROM' <Latency = 1> <II = 1> <Delay = 1.23> <Storage> <Opcode : 'load'> <Ports = 0> <Width = 7> <Depth = 320> <ROM>
ST_2 : Operation 427 [1/1] (0.00ns)   --->   "%sext_ln190_40 = sext i7 %p_ZL4Wfc0_28_load" [awn_int8.cpp:190]   --->   Operation 427 'sext' 'sext_ln190_40' <Predicate = true> <Delay = 0.00>
ST_2 : Operation 428 [1/2] (1.23ns)   --->   "%p_ZL4Wfc0_30_load = load i9 %p_ZL4Wfc0_30_addr" [awn_int8.cpp:190]   --->   Operation 428 'load' 'p_ZL4Wfc0_30_load' <Predicate = true> <Delay = 1.23> <CoreInst = "ROM">   --->   Core 101 'ROM' <Latency = 1> <II = 1> <Delay = 1.23> <Storage> <Opcode : 'load'> <Ports = 0> <Width = 7> <Depth = 320> <ROM>
ST_2 : Operation 429 [1/1] (0.00ns)   --->   "%sext_ln190_42 = sext i7 %p_ZL4Wfc0_30_load" [awn_int8.cpp:190]   --->   Operation 429 'sext' 'sext_ln190_42' <Predicate = true> <Delay = 0.00>
ST_2 : Operation 430 [1/2] (1.23ns)   --->   "%p_ZL4Wfc0_32_load = load i9 %p_ZL4Wfc0_32_addr" [awn_int8.cpp:190]   --->   Operation 430 'load' 'p_ZL4Wfc0_32_load' <Predicate = true> <Delay = 1.23> <CoreInst = "ROM">   --->   Core 101 'ROM' <Latency = 1> <II = 1> <Delay = 1.23> <Storage> <Opcode : 'load'> <Ports = 0> <Width = 7> <Depth = 320> <ROM>
ST_2 : Operation 431 [1/1] (0.00ns)   --->   "%sext_ln190_44 = sext i7 %p_ZL4Wfc0_32_load" [awn_int8.cpp:190]   --->   Operation 431 'sext' 'sext_ln190_44' <Predicate = true> <Delay = 0.00>
ST_2 : Operation 432 [1/2] (1.23ns)   --->   "%p_ZL4Wfc0_34_load = load i9 %p_ZL4Wfc0_34_addr" [awn_int8.cpp:190]   --->   Operation 432 'load' 'p_ZL4Wfc0_34_load' <Predicate = true> <Delay = 1.23> <CoreInst = "ROM">   --->   Core 101 'ROM' <Latency = 1> <II = 1> <Delay = 1.23> <Storage> <Opcode : 'load'> <Ports = 0> <Width = 7> <Depth = 320> <ROM>
ST_2 : Operation 433 [1/1] (0.00ns)   --->   "%sext_ln190_46 = sext i7 %p_ZL4Wfc0_34_load" [awn_int8.cpp:190]   --->   Operation 433 'sext' 'sext_ln190_46' <Predicate = true> <Delay = 0.00>
ST_2 : Operation 434 [1/2] (1.23ns)   --->   "%p_ZL4Wfc0_36_load = load i9 %p_ZL4Wfc0_36_addr" [awn_int8.cpp:190]   --->   Operation 434 'load' 'p_ZL4Wfc0_36_load' <Predicate = true> <Delay = 1.23> <CoreInst = "ROM">   --->   Core 101 'ROM' <Latency = 1> <II = 1> <Delay = 1.23> <Storage> <Opcode : 'load'> <Ports = 0> <Width = 8> <Depth = 320> <ROM>
ST_2 : Operation 435 [1/1] (0.00ns)   --->   "%sext_ln190_48 = sext i8 %p_ZL4Wfc0_36_load" [awn_int8.cpp:190]   --->   Operation 435 'sext' 'sext_ln190_48' <Predicate = true> <Delay = 0.00>
ST_2 : Operation 436 [1/2] (1.23ns)   --->   "%p_ZL4Wfc0_38_load = load i9 %p_ZL4Wfc0_38_addr" [awn_int8.cpp:190]   --->   Operation 436 'load' 'p_ZL4Wfc0_38_load' <Predicate = true> <Delay = 1.23> <CoreInst = "ROM">   --->   Core 101 'ROM' <Latency = 1> <II = 1> <Delay = 1.23> <Storage> <Opcode : 'load'> <Ports = 0> <Width = 8> <Depth = 320> <ROM>
ST_2 : Operation 437 [1/1] (0.00ns)   --->   "%sext_ln190_50 = sext i8 %p_ZL4Wfc0_38_load" [awn_int8.cpp:190]   --->   Operation 437 'sext' 'sext_ln190_50' <Predicate = true> <Delay = 0.00>
ST_2 : Operation 438 [1/2] (1.23ns)   --->   "%p_ZL4Wfc0_40_load = load i9 %p_ZL4Wfc0_40_addr" [awn_int8.cpp:190]   --->   Operation 438 'load' 'p_ZL4Wfc0_40_load' <Predicate = true> <Delay = 1.23> <CoreInst = "ROM">   --->   Core 101 'ROM' <Latency = 1> <II = 1> <Delay = 1.23> <Storage> <Opcode : 'load'> <Ports = 0> <Width = 7> <Depth = 320> <ROM>
ST_2 : Operation 439 [1/1] (0.00ns)   --->   "%sext_ln190_52 = sext i7 %p_ZL4Wfc0_40_load" [awn_int8.cpp:190]   --->   Operation 439 'sext' 'sext_ln190_52' <Predicate = true> <Delay = 0.00>
ST_2 : Operation 440 [1/2] (1.23ns)   --->   "%p_ZL4Wfc0_42_load = load i9 %p_ZL4Wfc0_42_addr" [awn_int8.cpp:190]   --->   Operation 440 'load' 'p_ZL4Wfc0_42_load' <Predicate = true> <Delay = 1.23> <CoreInst = "ROM">   --->   Core 101 'ROM' <Latency = 1> <II = 1> <Delay = 1.23> <Storage> <Opcode : 'load'> <Ports = 0> <Width = 7> <Depth = 320> <ROM>
ST_2 : Operation 441 [1/1] (0.00ns)   --->   "%sext_ln190_54 = sext i7 %p_ZL4Wfc0_42_load" [awn_int8.cpp:190]   --->   Operation 441 'sext' 'sext_ln190_54' <Predicate = true> <Delay = 0.00>
ST_2 : Operation 442 [1/2] (1.23ns)   --->   "%p_ZL4Wfc0_44_load = load i9 %p_ZL4Wfc0_44_addr" [awn_int8.cpp:190]   --->   Operation 442 'load' 'p_ZL4Wfc0_44_load' <Predicate = true> <Delay = 1.23> <CoreInst = "ROM">   --->   Core 101 'ROM' <Latency = 1> <II = 1> <Delay = 1.23> <Storage> <Opcode : 'load'> <Ports = 0> <Width = 7> <Depth = 320> <ROM>
ST_2 : Operation 443 [1/1] (0.00ns)   --->   "%sext_ln190_56 = sext i7 %p_ZL4Wfc0_44_load" [awn_int8.cpp:190]   --->   Operation 443 'sext' 'sext_ln190_56' <Predicate = true> <Delay = 0.00>
ST_2 : Operation 444 [1/2] (1.23ns)   --->   "%p_ZL4Wfc0_46_load = load i9 %p_ZL4Wfc0_46_addr" [awn_int8.cpp:190]   --->   Operation 444 'load' 'p_ZL4Wfc0_46_load' <Predicate = true> <Delay = 1.23> <CoreInst = "ROM">   --->   Core 101 'ROM' <Latency = 1> <II = 1> <Delay = 1.23> <Storage> <Opcode : 'load'> <Ports = 0> <Width = 8> <Depth = 320> <ROM>
ST_2 : Operation 445 [1/1] (0.00ns)   --->   "%sext_ln190_58 = sext i8 %p_ZL4Wfc0_46_load" [awn_int8.cpp:190]   --->   Operation 445 'sext' 'sext_ln190_58' <Predicate = true> <Delay = 0.00>
ST_2 : Operation 446 [1/2] (1.23ns)   --->   "%p_ZL4Wfc0_48_load = load i9 %p_ZL4Wfc0_48_addr" [awn_int8.cpp:190]   --->   Operation 446 'load' 'p_ZL4Wfc0_48_load' <Predicate = true> <Delay = 1.23> <CoreInst = "ROM">   --->   Core 101 'ROM' <Latency = 1> <II = 1> <Delay = 1.23> <Storage> <Opcode : 'load'> <Ports = 0> <Width = 8> <Depth = 320> <ROM>
ST_2 : Operation 447 [1/1] (0.00ns)   --->   "%sext_ln190_60 = sext i8 %p_ZL4Wfc0_48_load" [awn_int8.cpp:190]   --->   Operation 447 'sext' 'sext_ln190_60' <Predicate = true> <Delay = 0.00>
ST_2 : Operation 448 [1/2] (1.23ns)   --->   "%p_ZL4Wfc0_50_load = load i9 %p_ZL4Wfc0_50_addr" [awn_int8.cpp:190]   --->   Operation 448 'load' 'p_ZL4Wfc0_50_load' <Predicate = true> <Delay = 1.23> <CoreInst = "ROM">   --->   Core 101 'ROM' <Latency = 1> <II = 1> <Delay = 1.23> <Storage> <Opcode : 'load'> <Ports = 0> <Width = 8> <Depth = 320> <ROM>
ST_2 : Operation 449 [1/1] (0.00ns)   --->   "%sext_ln190_62 = sext i8 %p_ZL4Wfc0_50_load" [awn_int8.cpp:190]   --->   Operation 449 'sext' 'sext_ln190_62' <Predicate = true> <Delay = 0.00>
ST_2 : Operation 450 [1/2] (1.23ns)   --->   "%p_ZL4Wfc0_52_load = load i9 %p_ZL4Wfc0_52_addr" [awn_int8.cpp:190]   --->   Operation 450 'load' 'p_ZL4Wfc0_52_load' <Predicate = true> <Delay = 1.23> <CoreInst = "ROM">   --->   Core 101 'ROM' <Latency = 1> <II = 1> <Delay = 1.23> <Storage> <Opcode : 'load'> <Ports = 0> <Width = 8> <Depth = 320> <ROM>
ST_2 : Operation 451 [1/1] (0.00ns)   --->   "%sext_ln190_64 = sext i8 %p_ZL4Wfc0_52_load" [awn_int8.cpp:190]   --->   Operation 451 'sext' 'sext_ln190_64' <Predicate = true> <Delay = 0.00>
ST_2 : Operation 452 [1/2] (1.23ns)   --->   "%p_ZL4Wfc0_54_load = load i9 %p_ZL4Wfc0_54_addr" [awn_int8.cpp:190]   --->   Operation 452 'load' 'p_ZL4Wfc0_54_load' <Predicate = true> <Delay = 1.23> <CoreInst = "ROM">   --->   Core 101 'ROM' <Latency = 1> <II = 1> <Delay = 1.23> <Storage> <Opcode : 'load'> <Ports = 0> <Width = 8> <Depth = 320> <ROM>
ST_2 : Operation 453 [1/1] (0.00ns)   --->   "%sext_ln190_66 = sext i8 %p_ZL4Wfc0_54_load" [awn_int8.cpp:190]   --->   Operation 453 'sext' 'sext_ln190_66' <Predicate = true> <Delay = 0.00>
ST_2 : Operation 454 [1/2] (1.23ns)   --->   "%p_ZL4Wfc0_56_load = load i9 %p_ZL4Wfc0_56_addr" [awn_int8.cpp:190]   --->   Operation 454 'load' 'p_ZL4Wfc0_56_load' <Predicate = true> <Delay = 1.23> <CoreInst = "ROM">   --->   Core 101 'ROM' <Latency = 1> <II = 1> <Delay = 1.23> <Storage> <Opcode : 'load'> <Ports = 0> <Width = 7> <Depth = 320> <ROM>
ST_2 : Operation 455 [1/1] (0.00ns)   --->   "%sext_ln190_68 = sext i7 %p_ZL4Wfc0_56_load" [awn_int8.cpp:190]   --->   Operation 455 'sext' 'sext_ln190_68' <Predicate = true> <Delay = 0.00>
ST_2 : Operation 456 [1/2] (1.23ns)   --->   "%p_ZL4Wfc0_58_load = load i9 %p_ZL4Wfc0_58_addr" [awn_int8.cpp:190]   --->   Operation 456 'load' 'p_ZL4Wfc0_58_load' <Predicate = true> <Delay = 1.23> <CoreInst = "ROM">   --->   Core 101 'ROM' <Latency = 1> <II = 1> <Delay = 1.23> <Storage> <Opcode : 'load'> <Ports = 0> <Width = 7> <Depth = 320> <ROM>
ST_2 : Operation 457 [1/1] (0.00ns)   --->   "%sext_ln190_70 = sext i7 %p_ZL4Wfc0_58_load" [awn_int8.cpp:190]   --->   Operation 457 'sext' 'sext_ln190_70' <Predicate = true> <Delay = 0.00>
ST_2 : Operation 458 [1/2] (1.23ns)   --->   "%p_ZL4Wfc0_60_load = load i9 %p_ZL4Wfc0_60_addr" [awn_int8.cpp:190]   --->   Operation 458 'load' 'p_ZL4Wfc0_60_load' <Predicate = true> <Delay = 1.23> <CoreInst = "ROM">   --->   Core 101 'ROM' <Latency = 1> <II = 1> <Delay = 1.23> <Storage> <Opcode : 'load'> <Ports = 0> <Width = 8> <Depth = 320> <ROM>
ST_2 : Operation 459 [1/1] (0.00ns)   --->   "%sext_ln190_72 = sext i8 %p_ZL4Wfc0_60_load" [awn_int8.cpp:190]   --->   Operation 459 'sext' 'sext_ln190_72' <Predicate = true> <Delay = 0.00>
ST_2 : Operation 460 [1/2] (1.23ns)   --->   "%p_ZL4Wfc0_62_load = load i9 %p_ZL4Wfc0_62_addr" [awn_int8.cpp:190]   --->   Operation 460 'load' 'p_ZL4Wfc0_62_load' <Predicate = true> <Delay = 1.23> <CoreInst = "ROM">   --->   Core 101 'ROM' <Latency = 1> <II = 1> <Delay = 1.23> <Storage> <Opcode : 'load'> <Ports = 0> <Width = 7> <Depth = 320> <ROM>
ST_2 : Operation 461 [1/1] (0.00ns)   --->   "%sext_ln190_74 = sext i7 %p_ZL4Wfc0_62_load" [awn_int8.cpp:190]   --->   Operation 461 'sext' 'sext_ln190_74' <Predicate = true> <Delay = 0.00>
ST_2 : Operation 462 [1/2] (1.23ns)   --->   "%p_ZL4Wfc0_64_load = load i9 %p_ZL4Wfc0_64_addr" [awn_int8.cpp:190]   --->   Operation 462 'load' 'p_ZL4Wfc0_64_load' <Predicate = true> <Delay = 1.23> <CoreInst = "ROM">   --->   Core 101 'ROM' <Latency = 1> <II = 1> <Delay = 1.23> <Storage> <Opcode : 'load'> <Ports = 0> <Width = 7> <Depth = 320> <ROM>
ST_2 : Operation 463 [1/1] (0.00ns)   --->   "%sext_ln190_76 = sext i7 %p_ZL4Wfc0_64_load" [awn_int8.cpp:190]   --->   Operation 463 'sext' 'sext_ln190_76' <Predicate = true> <Delay = 0.00>
ST_2 : Operation 464 [1/2] (1.23ns)   --->   "%p_ZL4Wfc0_66_load = load i9 %p_ZL4Wfc0_66_addr" [awn_int8.cpp:190]   --->   Operation 464 'load' 'p_ZL4Wfc0_66_load' <Predicate = true> <Delay = 1.23> <CoreInst = "ROM">   --->   Core 101 'ROM' <Latency = 1> <II = 1> <Delay = 1.23> <Storage> <Opcode : 'load'> <Ports = 0> <Width = 8> <Depth = 320> <ROM>
ST_2 : Operation 465 [1/1] (0.00ns)   --->   "%sext_ln190_78 = sext i8 %p_ZL4Wfc0_66_load" [awn_int8.cpp:190]   --->   Operation 465 'sext' 'sext_ln190_78' <Predicate = true> <Delay = 0.00>
ST_2 : Operation 466 [1/2] (1.23ns)   --->   "%p_ZL4Wfc0_67_load = load i9 %p_ZL4Wfc0_67_addr" [awn_int8.cpp:190]   --->   Operation 466 'load' 'p_ZL4Wfc0_67_load' <Predicate = true> <Delay = 1.23> <CoreInst = "ROM">   --->   Core 101 'ROM' <Latency = 1> <II = 1> <Delay = 1.23> <Storage> <Opcode : 'load'> <Ports = 0> <Width = 7> <Depth = 320> <ROM>
ST_2 : Operation 467 [1/1] (0.00ns)   --->   "%sext_ln190_79 = sext i7 %p_ZL4Wfc0_67_load" [awn_int8.cpp:190]   --->   Operation 467 'sext' 'sext_ln190_79' <Predicate = true> <Delay = 0.00>
ST_2 : Operation 468 [1/2] (1.23ns)   --->   "%p_ZL4Wfc0_70_load = load i9 %p_ZL4Wfc0_70_addr" [awn_int8.cpp:190]   --->   Operation 468 'load' 'p_ZL4Wfc0_70_load' <Predicate = true> <Delay = 1.23> <CoreInst = "ROM">   --->   Core 101 'ROM' <Latency = 1> <II = 1> <Delay = 1.23> <Storage> <Opcode : 'load'> <Ports = 0> <Width = 7> <Depth = 320> <ROM>
ST_2 : Operation 469 [1/1] (0.00ns)   --->   "%sext_ln190_82 = sext i7 %p_ZL4Wfc0_70_load" [awn_int8.cpp:190]   --->   Operation 469 'sext' 'sext_ln190_82' <Predicate = true> <Delay = 0.00>
ST_2 : Operation 470 [1/2] (1.23ns)   --->   "%p_ZL4Wfc0_72_load = load i9 %p_ZL4Wfc0_72_addr" [awn_int8.cpp:190]   --->   Operation 470 'load' 'p_ZL4Wfc0_72_load' <Predicate = true> <Delay = 1.23> <CoreInst = "ROM">   --->   Core 101 'ROM' <Latency = 1> <II = 1> <Delay = 1.23> <Storage> <Opcode : 'load'> <Ports = 0> <Width = 8> <Depth = 320> <ROM>
ST_2 : Operation 471 [1/1] (0.00ns)   --->   "%sext_ln190_84 = sext i8 %p_ZL4Wfc0_72_load" [awn_int8.cpp:190]   --->   Operation 471 'sext' 'sext_ln190_84' <Predicate = true> <Delay = 0.00>
ST_2 : Operation 472 [1/2] (1.23ns)   --->   "%p_ZL4Wfc0_74_load = load i9 %p_ZL4Wfc0_74_addr" [awn_int8.cpp:190]   --->   Operation 472 'load' 'p_ZL4Wfc0_74_load' <Predicate = true> <Delay = 1.23> <CoreInst = "ROM">   --->   Core 101 'ROM' <Latency = 1> <II = 1> <Delay = 1.23> <Storage> <Opcode : 'load'> <Ports = 0> <Width = 7> <Depth = 320> <ROM>
ST_2 : Operation 473 [1/1] (0.00ns)   --->   "%sext_ln190_86 = sext i7 %p_ZL4Wfc0_74_load" [awn_int8.cpp:190]   --->   Operation 473 'sext' 'sext_ln190_86' <Predicate = true> <Delay = 0.00>
ST_2 : Operation 474 [1/2] (1.23ns)   --->   "%p_ZL4Wfc0_76_load = load i9 %p_ZL4Wfc0_76_addr" [awn_int8.cpp:190]   --->   Operation 474 'load' 'p_ZL4Wfc0_76_load' <Predicate = true> <Delay = 1.23> <CoreInst = "ROM">   --->   Core 101 'ROM' <Latency = 1> <II = 1> <Delay = 1.23> <Storage> <Opcode : 'load'> <Ports = 0> <Width = 7> <Depth = 320> <ROM>
ST_2 : Operation 475 [1/1] (0.00ns)   --->   "%sext_ln190_88 = sext i7 %p_ZL4Wfc0_76_load" [awn_int8.cpp:190]   --->   Operation 475 'sext' 'sext_ln190_88' <Predicate = true> <Delay = 0.00>
ST_2 : Operation 476 [1/2] (1.23ns)   --->   "%p_ZL4Wfc0_78_load = load i9 %p_ZL4Wfc0_78_addr" [awn_int8.cpp:190]   --->   Operation 476 'load' 'p_ZL4Wfc0_78_load' <Predicate = true> <Delay = 1.23> <CoreInst = "ROM">   --->   Core 101 'ROM' <Latency = 1> <II = 1> <Delay = 1.23> <Storage> <Opcode : 'load'> <Ports = 0> <Width = 8> <Depth = 320> <ROM>
ST_2 : Operation 477 [1/1] (0.00ns)   --->   "%sext_ln190_90 = sext i8 %p_ZL4Wfc0_78_load" [awn_int8.cpp:190]   --->   Operation 477 'sext' 'sext_ln190_90' <Predicate = true> <Delay = 0.00>
ST_2 : Operation 478 [1/2] (1.23ns)   --->   "%p_ZL4Wfc0_80_load = load i9 %p_ZL4Wfc0_80_addr" [awn_int8.cpp:190]   --->   Operation 478 'load' 'p_ZL4Wfc0_80_load' <Predicate = true> <Delay = 1.23> <CoreInst = "ROM">   --->   Core 101 'ROM' <Latency = 1> <II = 1> <Delay = 1.23> <Storage> <Opcode : 'load'> <Ports = 0> <Width = 7> <Depth = 320> <ROM>
ST_2 : Operation 479 [1/1] (0.00ns)   --->   "%sext_ln190_92 = sext i7 %p_ZL4Wfc0_80_load" [awn_int8.cpp:190]   --->   Operation 479 'sext' 'sext_ln190_92' <Predicate = true> <Delay = 0.00>
ST_2 : Operation 480 [1/2] (1.23ns)   --->   "%p_ZL4Wfc0_82_load = load i9 %p_ZL4Wfc0_82_addr" [awn_int8.cpp:190]   --->   Operation 480 'load' 'p_ZL4Wfc0_82_load' <Predicate = true> <Delay = 1.23> <CoreInst = "ROM">   --->   Core 101 'ROM' <Latency = 1> <II = 1> <Delay = 1.23> <Storage> <Opcode : 'load'> <Ports = 0> <Width = 7> <Depth = 320> <ROM>
ST_2 : Operation 481 [1/1] (0.00ns)   --->   "%sext_ln190_94 = sext i7 %p_ZL4Wfc0_82_load" [awn_int8.cpp:190]   --->   Operation 481 'sext' 'sext_ln190_94' <Predicate = true> <Delay = 0.00>
ST_2 : Operation 482 [1/2] (1.23ns)   --->   "%p_ZL4Wfc0_84_load = load i9 %p_ZL4Wfc0_84_addr" [awn_int8.cpp:190]   --->   Operation 482 'load' 'p_ZL4Wfc0_84_load' <Predicate = true> <Delay = 1.23> <CoreInst = "ROM">   --->   Core 101 'ROM' <Latency = 1> <II = 1> <Delay = 1.23> <Storage> <Opcode : 'load'> <Ports = 0> <Width = 8> <Depth = 320> <ROM>
ST_2 : Operation 483 [1/1] (0.00ns)   --->   "%sext_ln190_96 = sext i8 %p_ZL4Wfc0_84_load" [awn_int8.cpp:190]   --->   Operation 483 'sext' 'sext_ln190_96' <Predicate = true> <Delay = 0.00>
ST_2 : Operation 484 [1/2] (1.23ns)   --->   "%p_ZL4Wfc0_86_load = load i9 %p_ZL4Wfc0_86_addr" [awn_int8.cpp:190]   --->   Operation 484 'load' 'p_ZL4Wfc0_86_load' <Predicate = true> <Delay = 1.23> <CoreInst = "ROM">   --->   Core 101 'ROM' <Latency = 1> <II = 1> <Delay = 1.23> <Storage> <Opcode : 'load'> <Ports = 0> <Width = 8> <Depth = 320> <ROM>
ST_2 : Operation 485 [1/1] (0.00ns)   --->   "%sext_ln190_98 = sext i8 %p_ZL4Wfc0_86_load" [awn_int8.cpp:190]   --->   Operation 485 'sext' 'sext_ln190_98' <Predicate = true> <Delay = 0.00>
ST_2 : Operation 486 [1/2] (1.23ns)   --->   "%p_ZL4Wfc0_88_load = load i9 %p_ZL4Wfc0_88_addr" [awn_int8.cpp:190]   --->   Operation 486 'load' 'p_ZL4Wfc0_88_load' <Predicate = true> <Delay = 1.23> <CoreInst = "ROM">   --->   Core 101 'ROM' <Latency = 1> <II = 1> <Delay = 1.23> <Storage> <Opcode : 'load'> <Ports = 0> <Width = 7> <Depth = 320> <ROM>
ST_2 : Operation 487 [1/1] (0.00ns)   --->   "%sext_ln190_100 = sext i7 %p_ZL4Wfc0_88_load" [awn_int8.cpp:190]   --->   Operation 487 'sext' 'sext_ln190_100' <Predicate = true> <Delay = 0.00>
ST_2 : Operation 488 [1/2] (1.23ns)   --->   "%p_ZL4Wfc0_90_load = load i9 %p_ZL4Wfc0_90_addr" [awn_int8.cpp:190]   --->   Operation 488 'load' 'p_ZL4Wfc0_90_load' <Predicate = true> <Delay = 1.23> <CoreInst = "ROM">   --->   Core 101 'ROM' <Latency = 1> <II = 1> <Delay = 1.23> <Storage> <Opcode : 'load'> <Ports = 0> <Width = 8> <Depth = 320> <ROM>
ST_2 : Operation 489 [1/1] (0.00ns)   --->   "%sext_ln190_102 = sext i8 %p_ZL4Wfc0_90_load" [awn_int8.cpp:190]   --->   Operation 489 'sext' 'sext_ln190_102' <Predicate = true> <Delay = 0.00>
ST_2 : Operation 490 [1/2] (1.23ns)   --->   "%p_ZL4Wfc0_92_load = load i9 %p_ZL4Wfc0_92_addr" [awn_int8.cpp:190]   --->   Operation 490 'load' 'p_ZL4Wfc0_92_load' <Predicate = true> <Delay = 1.23> <CoreInst = "ROM">   --->   Core 101 'ROM' <Latency = 1> <II = 1> <Delay = 1.23> <Storage> <Opcode : 'load'> <Ports = 0> <Width = 7> <Depth = 320> <ROM>
ST_2 : Operation 491 [1/1] (0.00ns)   --->   "%sext_ln190_104 = sext i7 %p_ZL4Wfc0_92_load" [awn_int8.cpp:190]   --->   Operation 491 'sext' 'sext_ln190_104' <Predicate = true> <Delay = 0.00>
ST_2 : Operation 492 [1/2] (1.23ns)   --->   "%p_ZL4Wfc0_94_load = load i9 %p_ZL4Wfc0_94_addr" [awn_int8.cpp:190]   --->   Operation 492 'load' 'p_ZL4Wfc0_94_load' <Predicate = true> <Delay = 1.23> <CoreInst = "ROM">   --->   Core 101 'ROM' <Latency = 1> <II = 1> <Delay = 1.23> <Storage> <Opcode : 'load'> <Ports = 0> <Width = 8> <Depth = 320> <ROM>
ST_2 : Operation 493 [1/1] (0.00ns)   --->   "%sext_ln190_106 = sext i8 %p_ZL4Wfc0_94_load" [awn_int8.cpp:190]   --->   Operation 493 'sext' 'sext_ln190_106' <Predicate = true> <Delay = 0.00>
ST_2 : Operation 494 [1/2] (1.23ns)   --->   "%p_ZL4Wfc0_96_load = load i9 %p_ZL4Wfc0_96_addr" [awn_int8.cpp:190]   --->   Operation 494 'load' 'p_ZL4Wfc0_96_load' <Predicate = true> <Delay = 1.23> <CoreInst = "ROM">   --->   Core 101 'ROM' <Latency = 1> <II = 1> <Delay = 1.23> <Storage> <Opcode : 'load'> <Ports = 0> <Width = 8> <Depth = 320> <ROM>
ST_2 : Operation 495 [1/1] (0.00ns)   --->   "%sext_ln190_108 = sext i8 %p_ZL4Wfc0_96_load" [awn_int8.cpp:190]   --->   Operation 495 'sext' 'sext_ln190_108' <Predicate = true> <Delay = 0.00>
ST_2 : Operation 496 [1/2] (1.23ns)   --->   "%p_ZL4Wfc0_98_load = load i9 %p_ZL4Wfc0_98_addr" [awn_int8.cpp:190]   --->   Operation 496 'load' 'p_ZL4Wfc0_98_load' <Predicate = true> <Delay = 1.23> <CoreInst = "ROM">   --->   Core 101 'ROM' <Latency = 1> <II = 1> <Delay = 1.23> <Storage> <Opcode : 'load'> <Ports = 0> <Width = 7> <Depth = 320> <ROM>
ST_2 : Operation 497 [1/1] (0.00ns)   --->   "%sext_ln190_110 = sext i7 %p_ZL4Wfc0_98_load" [awn_int8.cpp:190]   --->   Operation 497 'sext' 'sext_ln190_110' <Predicate = true> <Delay = 0.00>
ST_2 : Operation 498 [1/2] (1.23ns)   --->   "%p_ZL4Wfc0_100_load = load i9 %p_ZL4Wfc0_100_addr" [awn_int8.cpp:190]   --->   Operation 498 'load' 'p_ZL4Wfc0_100_load' <Predicate = true> <Delay = 1.23> <CoreInst = "ROM">   --->   Core 101 'ROM' <Latency = 1> <II = 1> <Delay = 1.23> <Storage> <Opcode : 'load'> <Ports = 0> <Width = 7> <Depth = 320> <ROM>
ST_2 : Operation 499 [1/1] (0.00ns)   --->   "%sext_ln190_112 = sext i7 %p_ZL4Wfc0_100_load" [awn_int8.cpp:190]   --->   Operation 499 'sext' 'sext_ln190_112' <Predicate = true> <Delay = 0.00>
ST_2 : Operation 500 [1/2] (1.23ns)   --->   "%p_ZL4Wfc0_102_load = load i9 %p_ZL4Wfc0_102_addr" [awn_int8.cpp:190]   --->   Operation 500 'load' 'p_ZL4Wfc0_102_load' <Predicate = true> <Delay = 1.23> <CoreInst = "ROM">   --->   Core 101 'ROM' <Latency = 1> <II = 1> <Delay = 1.23> <Storage> <Opcode : 'load'> <Ports = 0> <Width = 7> <Depth = 320> <ROM>
ST_2 : Operation 501 [1/1] (0.00ns)   --->   "%sext_ln190_114 = sext i7 %p_ZL4Wfc0_102_load" [awn_int8.cpp:190]   --->   Operation 501 'sext' 'sext_ln190_114' <Predicate = true> <Delay = 0.00>
ST_2 : Operation 502 [1/2] (1.23ns)   --->   "%p_ZL4Wfc0_104_load = load i9 %p_ZL4Wfc0_104_addr" [awn_int8.cpp:190]   --->   Operation 502 'load' 'p_ZL4Wfc0_104_load' <Predicate = true> <Delay = 1.23> <CoreInst = "ROM">   --->   Core 101 'ROM' <Latency = 1> <II = 1> <Delay = 1.23> <Storage> <Opcode : 'load'> <Ports = 0> <Width = 8> <Depth = 320> <ROM>
ST_2 : Operation 503 [1/1] (0.00ns)   --->   "%sext_ln190_116 = sext i8 %p_ZL4Wfc0_104_load" [awn_int8.cpp:190]   --->   Operation 503 'sext' 'sext_ln190_116' <Predicate = true> <Delay = 0.00>
ST_2 : Operation 504 [1/2] (1.23ns)   --->   "%p_ZL4Wfc0_106_load = load i9 %p_ZL4Wfc0_106_addr" [awn_int8.cpp:190]   --->   Operation 504 'load' 'p_ZL4Wfc0_106_load' <Predicate = true> <Delay = 1.23> <CoreInst = "ROM">   --->   Core 101 'ROM' <Latency = 1> <II = 1> <Delay = 1.23> <Storage> <Opcode : 'load'> <Ports = 0> <Width = 8> <Depth = 320> <ROM>
ST_2 : Operation 505 [1/1] (0.00ns)   --->   "%sext_ln190_118 = sext i8 %p_ZL4Wfc0_106_load" [awn_int8.cpp:190]   --->   Operation 505 'sext' 'sext_ln190_118' <Predicate = true> <Delay = 0.00>
ST_2 : Operation 506 [1/2] (1.23ns)   --->   "%p_ZL4Wfc0_108_load = load i9 %p_ZL4Wfc0_108_addr" [awn_int8.cpp:190]   --->   Operation 506 'load' 'p_ZL4Wfc0_108_load' <Predicate = true> <Delay = 1.23> <CoreInst = "ROM">   --->   Core 101 'ROM' <Latency = 1> <II = 1> <Delay = 1.23> <Storage> <Opcode : 'load'> <Ports = 0> <Width = 7> <Depth = 320> <ROM>
ST_2 : Operation 507 [1/1] (0.00ns)   --->   "%sext_ln190_120 = sext i7 %p_ZL4Wfc0_108_load" [awn_int8.cpp:190]   --->   Operation 507 'sext' 'sext_ln190_120' <Predicate = true> <Delay = 0.00>
ST_2 : Operation 508 [1/2] (1.23ns)   --->   "%p_ZL4Wfc0_110_load = load i9 %p_ZL4Wfc0_110_addr" [awn_int8.cpp:190]   --->   Operation 508 'load' 'p_ZL4Wfc0_110_load' <Predicate = true> <Delay = 1.23> <CoreInst = "ROM">   --->   Core 101 'ROM' <Latency = 1> <II = 1> <Delay = 1.23> <Storage> <Opcode : 'load'> <Ports = 0> <Width = 7> <Depth = 320> <ROM>
ST_2 : Operation 509 [1/1] (0.00ns)   --->   "%sext_ln190_122 = sext i7 %p_ZL4Wfc0_110_load" [awn_int8.cpp:190]   --->   Operation 509 'sext' 'sext_ln190_122' <Predicate = true> <Delay = 0.00>
ST_2 : Operation 510 [2/2] (1.23ns)   --->   "%p_ZL4Wfc0_112_load = load i9 %p_ZL4Wfc0_112_addr" [awn_int8.cpp:190]   --->   Operation 510 'load' 'p_ZL4Wfc0_112_load' <Predicate = true> <Delay = 1.23> <CoreInst = "ROM">   --->   Core 101 'ROM' <Latency = 1> <II = 1> <Delay = 1.23> <Storage> <Opcode : 'load'> <Ports = 0> <Width = 8> <Depth = 320> <ROM>
ST_2 : Operation 511 [2/2] (1.23ns)   --->   "%p_ZL4Wfc0_114_load = load i9 %p_ZL4Wfc0_114_addr" [awn_int8.cpp:190]   --->   Operation 511 'load' 'p_ZL4Wfc0_114_load' <Predicate = true> <Delay = 1.23> <CoreInst = "ROM">   --->   Core 101 'ROM' <Latency = 1> <II = 1> <Delay = 1.23> <Storage> <Opcode : 'load'> <Ports = 0> <Width = 8> <Depth = 320> <ROM>
ST_2 : Operation 512 [2/2] (1.23ns)   --->   "%p_ZL4Wfc0_116_load = load i9 %p_ZL4Wfc0_116_addr" [awn_int8.cpp:190]   --->   Operation 512 'load' 'p_ZL4Wfc0_116_load' <Predicate = true> <Delay = 1.23> <CoreInst = "ROM">   --->   Core 101 'ROM' <Latency = 1> <II = 1> <Delay = 1.23> <Storage> <Opcode : 'load'> <Ports = 0> <Width = 8> <Depth = 320> <ROM>
ST_2 : Operation 513 [2/2] (1.23ns)   --->   "%p_ZL4Wfc0_118_load = load i9 %p_ZL4Wfc0_118_addr" [awn_int8.cpp:190]   --->   Operation 513 'load' 'p_ZL4Wfc0_118_load' <Predicate = true> <Delay = 1.23> <CoreInst = "ROM">   --->   Core 101 'ROM' <Latency = 1> <II = 1> <Delay = 1.23> <Storage> <Opcode : 'load'> <Ports = 0> <Width = 7> <Depth = 320> <ROM>
ST_2 : Operation 514 [2/2] (1.23ns)   --->   "%p_ZL4Wfc0_119_load = load i9 %p_ZL4Wfc0_119_addr" [awn_int8.cpp:190]   --->   Operation 514 'load' 'p_ZL4Wfc0_119_load' <Predicate = true> <Delay = 1.23> <CoreInst = "ROM">   --->   Core 101 'ROM' <Latency = 1> <II = 1> <Delay = 1.23> <Storage> <Opcode : 'load'> <Ports = 0> <Width = 7> <Depth = 320> <ROM>
ST_2 : Operation 515 [2/2] (1.23ns)   --->   "%p_ZL4Wfc0_122_load = load i9 %p_ZL4Wfc0_122_addr" [awn_int8.cpp:190]   --->   Operation 515 'load' 'p_ZL4Wfc0_122_load' <Predicate = true> <Delay = 1.23> <CoreInst = "ROM">   --->   Core 101 'ROM' <Latency = 1> <II = 1> <Delay = 1.23> <Storage> <Opcode : 'load'> <Ports = 0> <Width = 7> <Depth = 320> <ROM>
ST_2 : Operation 516 [2/2] (1.23ns)   --->   "%p_ZL4Wfc0_124_load = load i9 %p_ZL4Wfc0_124_addr" [awn_int8.cpp:190]   --->   Operation 516 'load' 'p_ZL4Wfc0_124_load' <Predicate = true> <Delay = 1.23> <CoreInst = "ROM">   --->   Core 101 'ROM' <Latency = 1> <II = 1> <Delay = 1.23> <Storage> <Opcode : 'load'> <Ports = 0> <Width = 7> <Depth = 320> <ROM>
ST_2 : Operation 517 [2/2] (1.23ns)   --->   "%p_ZL4Wfc0_125_load = load i9 %p_ZL4Wfc0_125_addr" [awn_int8.cpp:190]   --->   Operation 517 'load' 'p_ZL4Wfc0_125_load' <Predicate = true> <Delay = 1.23> <CoreInst = "ROM">   --->   Core 101 'ROM' <Latency = 1> <II = 1> <Delay = 1.23> <Storage> <Opcode : 'load'> <Ports = 0> <Width = 8> <Depth = 320> <ROM>
ST_2 : Operation 518 [1/2] (1.23ns)   --->   "%p_ZL4Wfc0_127_load = load i9 %p_ZL4Wfc0_127_addr" [awn_int8.cpp:190]   --->   Operation 518 'load' 'p_ZL4Wfc0_127_load' <Predicate = true> <Delay = 1.23> <CoreInst = "ROM">   --->   Core 101 'ROM' <Latency = 1> <II = 1> <Delay = 1.23> <Storage> <Opcode : 'load'> <Ports = 0> <Width = 8> <Depth = 320> <ROM>
ST_2 : Operation 519 [1/1] (0.00ns)   --->   "%sext_ln190_139 = sext i8 %p_ZL4Wfc0_127_load" [awn_int8.cpp:190]   --->   Operation 519 'sext' 'sext_ln190_139' <Predicate = true> <Delay = 0.00>
ST_2 : Operation 520 [3/3] (0.99ns) (grouped into DSP with root node add_ln190_70)   --->   "%mul_ln190 = mul i16 %sext_ln190_84, i16 %x_load_72_cast_cast" [awn_int8.cpp:190]   --->   Operation 520 'mul' 'mul_ln190' <Predicate = true> <Delay = 0.99> <CoreInst = "DSP48">   --->   Core 127 'DSP48' <Latency = 3> <II = 1> <Delay = 0.53> <IPBlock> <Opcode : '' 'add' 'sub' 'mul' 'select'> <InPorts = 0> <OutPorts = 1> <Sync> <CReg>
ST_2 : Operation 521 [3/3] (0.99ns) (grouped into DSP with root node add_ln190_64)   --->   "%mul_ln190_1 = mul i16 %sext_ln190_78, i16 %x_load_66_cast_cast" [awn_int8.cpp:190]   --->   Operation 521 'mul' 'mul_ln190_1' <Predicate = true> <Delay = 0.99> <CoreInst = "DSP48">   --->   Core 127 'DSP48' <Latency = 3> <II = 1> <Delay = 0.53> <IPBlock> <Opcode : '' 'add' 'sub' 'mul' 'select'> <InPorts = 0> <OutPorts = 1> <Sync> <CReg>
ST_2 : Operation 522 [3/3] (0.99ns) (grouped into DSP with root node add_ln190_66)   --->   "%mul_ln190_12 = mul i15 %sext_ln190_79, i15 %x_load_67_cast_cast" [awn_int8.cpp:190]   --->   Operation 522 'mul' 'mul_ln190_12' <Predicate = true> <Delay = 0.99> <CoreInst = "DSP48">   --->   Core 127 'DSP48' <Latency = 3> <II = 1> <Delay = 0.53> <IPBlock> <Opcode : '' 'add' 'sub' 'mul' 'select'> <InPorts = 0> <OutPorts = 1> <Sync> <CReg>
ST_2 : Operation 523 [3/3] (0.99ns) (grouped into DSP with root node add_ln190_34)   --->   "%mul_ln190_13 = mul i15 %sext_ln190_48, i15 %sext_ln190_4_cast" [awn_int8.cpp:190]   --->   Operation 523 'mul' 'mul_ln190_13' <Predicate = true> <Delay = 0.99> <CoreInst = "DSP48">   --->   Core 127 'DSP48' <Latency = 3> <II = 1> <Delay = 0.53> <IPBlock> <Opcode : '' 'add' 'sub' 'mul' 'select'> <InPorts = 0> <OutPorts = 1> <Sync> <CReg>
ST_2 : Operation 524 [3/3] (0.99ns) (grouped into DSP with root node add_ln190_54)   --->   "%mul_ln190_18 = mul i15 %sext_ln190_70, i15 %x_load_58_cast_cast" [awn_int8.cpp:190]   --->   Operation 524 'mul' 'mul_ln190_18' <Predicate = true> <Delay = 0.99> <CoreInst = "DSP48">   --->   Core 127 'DSP48' <Latency = 3> <II = 1> <Delay = 0.53> <IPBlock> <Opcode : '' 'add' 'sub' 'mul' 'select'> <InPorts = 0> <OutPorts = 1> <Sync> <CReg>
ST_2 : Operation 525 [3/3] (0.99ns) (grouped into DSP with root node add_ln190_73)   --->   "%mul_ln190_19 = mul i15 %sext_ln190_88, i15 %x_load_76_cast_cast" [awn_int8.cpp:190]   --->   Operation 525 'mul' 'mul_ln190_19' <Predicate = true> <Delay = 0.99> <CoreInst = "DSP48">   --->   Core 127 'DSP48' <Latency = 3> <II = 1> <Delay = 0.53> <IPBlock> <Opcode : '' 'add' 'sub' 'mul' 'select'> <InPorts = 0> <OutPorts = 1> <Sync> <CReg>
ST_2 : Operation 526 [3/3] (0.99ns) (grouped into DSP with root node add_ln190_7)   --->   "%mul_ln190_20 = mul i15 %sext_ln190_20, i15 %x_load_8_cast_cast" [awn_int8.cpp:190]   --->   Operation 526 'mul' 'mul_ln190_20' <Predicate = true> <Delay = 0.99> <CoreInst = "DSP48">   --->   Core 127 'DSP48' <Latency = 3> <II = 1> <Delay = 0.53> <IPBlock> <Opcode : '' 'add' 'sub' 'mul' 'select'> <InPorts = 0> <OutPorts = 1> <Sync> <CReg>
ST_2 : Operation 527 [3/3] (0.99ns) (grouped into DSP with root node add_ln190_10)   --->   "%mul_ln190_23 = mul i15 %sext_ln190_24, i15 %x_load_12_cast_cast" [awn_int8.cpp:190]   --->   Operation 527 'mul' 'mul_ln190_23' <Predicate = true> <Delay = 0.99> <CoreInst = "DSP48">   --->   Core 127 'DSP48' <Latency = 3> <II = 1> <Delay = 0.53> <IPBlock> <Opcode : '' 'add' 'sub' 'mul' 'select'> <InPorts = 0> <OutPorts = 1> <Sync> <CReg>
ST_2 : Operation 528 [3/3] (0.99ns) (grouped into DSP with root node add_ln190_16)   --->   "%mul_ln190_24 = mul i15 %sext_ln190_30, i15 %sext_ln190_2_cast" [awn_int8.cpp:190]   --->   Operation 528 'mul' 'mul_ln190_24' <Predicate = true> <Delay = 0.99> <CoreInst = "DSP48">   --->   Core 127 'DSP48' <Latency = 3> <II = 1> <Delay = 0.53> <IPBlock> <Opcode : '' 'add' 'sub' 'mul' 'select'> <InPorts = 0> <OutPorts = 1> <Sync> <CReg>
ST_2 : Operation 529 [3/3] (0.99ns) (grouped into DSP with root node add_ln190_4)   --->   "%mul_ln190_25 = mul i16 %sext_ln190_18, i16 %x_load_6_cast_cast" [awn_int8.cpp:190]   --->   Operation 529 'mul' 'mul_ln190_25' <Predicate = true> <Delay = 0.99> <CoreInst = "DSP48">   --->   Core 127 'DSP48' <Latency = 3> <II = 1> <Delay = 0.53> <IPBlock> <Opcode : '' 'add' 'sub' 'mul' 'select'> <InPorts = 0> <OutPorts = 1> <Sync> <CReg>
ST_2 : Operation 530 [3/3] (0.99ns) (grouped into DSP with root node add_ln190_89)   --->   "%mul_ln190_26 = mul i16 %sext_ln190_106, i16 %x_load_94_cast_cast" [awn_int8.cpp:190]   --->   Operation 530 'mul' 'mul_ln190_26' <Predicate = true> <Delay = 0.99> <CoreInst = "DSP48">   --->   Core 127 'DSP48' <Latency = 3> <II = 1> <Delay = 0.53> <IPBlock> <Opcode : '' 'add' 'sub' 'mul' 'select'> <InPorts = 0> <OutPorts = 1> <Sync> <CReg>
ST_2 : Operation 531 [3/3] (0.99ns) (grouped into DSP with root node add_ln190_105)   --->   "%mul_ln190_34 = mul i15 %sext_ln190_122, i15 %x_load_110_cast_cast" [awn_int8.cpp:190]   --->   Operation 531 'mul' 'mul_ln190_34' <Predicate = true> <Delay = 0.99> <CoreInst = "DSP48">   --->   Core 127 'DSP48' <Latency = 3> <II = 1> <Delay = 0.53> <IPBlock> <Opcode : '' 'add' 'sub' 'mul' 'select'> <InPorts = 0> <OutPorts = 1> <Sync> <CReg>
ST_2 : Operation 532 [3/3] (0.99ns) (grouped into DSP with root node add_ln190)   --->   "%mul_ln190_35 = mul i15 %sext_ln190_12, i15 %sext_ln190_cast" [awn_int8.cpp:190]   --->   Operation 532 'mul' 'mul_ln190_35' <Predicate = true> <Delay = 0.99> <CoreInst = "DSP48">   --->   Core 127 'DSP48' <Latency = 3> <II = 1> <Delay = 0.53> <IPBlock> <Opcode : '' 'add' 'sub' 'mul' 'select'> <InPorts = 0> <OutPorts = 1> <Sync> <CReg>
ST_2 : Operation 533 [3/3] (0.99ns) (grouped into DSP with root node add_ln190_22)   --->   "%mul_ln190_38 = mul i15 %sext_ln190_36, i15 %x_load_24_cast_cast" [awn_int8.cpp:190]   --->   Operation 533 'mul' 'mul_ln190_38' <Predicate = true> <Delay = 0.99> <CoreInst = "DSP48">   --->   Core 127 'DSP48' <Latency = 3> <II = 1> <Delay = 0.53> <IPBlock> <Opcode : '' 'add' 'sub' 'mul' 'select'> <InPorts = 0> <OutPorts = 1> <Sync> <CReg>
ST_2 : Operation 534 [3/3] (0.99ns) (grouped into DSP with root node add_ln190_53)   --->   "%mul_ln190_43 = mul i15 %sext_ln190_68, i15 %x_load_56_cast_cast" [awn_int8.cpp:190]   --->   Operation 534 'mul' 'mul_ln190_43' <Predicate = true> <Delay = 0.99> <CoreInst = "DSP48">   --->   Core 127 'DSP48' <Latency = 3> <II = 1> <Delay = 0.53> <IPBlock> <Opcode : '' 'add' 'sub' 'mul' 'select'> <InPorts = 0> <OutPorts = 1> <Sync> <CReg>
ST_2 : Operation 535 [3/3] (0.99ns) (grouped into DSP with root node add_ln190_97)   --->   "%mul_ln190_45 = mul i15 %sext_ln190_112, i15 %x_load_100_cast_cast" [awn_int8.cpp:190]   --->   Operation 535 'mul' 'mul_ln190_45' <Predicate = true> <Delay = 0.99> <CoreInst = "DSP48">   --->   Core 127 'DSP48' <Latency = 3> <II = 1> <Delay = 0.53> <IPBlock> <Opcode : '' 'add' 'sub' 'mul' 'select'> <InPorts = 0> <OutPorts = 1> <Sync> <CReg>
ST_2 : Operation 536 [3/3] (0.99ns) (grouped into DSP with root node add_ln190_19)   --->   "%mul_ln190_47 = mul i15 %sext_ln190_33, i15 %x_load_21_cast_cast" [awn_int8.cpp:190]   --->   Operation 536 'mul' 'mul_ln190_47' <Predicate = true> <Delay = 0.99> <CoreInst = "DSP48">   --->   Core 127 'DSP48' <Latency = 3> <II = 1> <Delay = 0.53> <IPBlock> <Opcode : '' 'add' 'sub' 'mul' 'select'> <InPorts = 0> <OutPorts = 1> <Sync> <CReg>
ST_2 : Operation 537 [3/3] (0.99ns) (grouped into DSP with root node add_ln190_101)   --->   "%mul_ln190_49 = mul i16 %sext_ln190_116, i16 %x_load_104_cast_cast" [awn_int8.cpp:190]   --->   Operation 537 'mul' 'mul_ln190_49' <Predicate = true> <Delay = 0.99> <CoreInst = "DSP48">   --->   Core 127 'DSP48' <Latency = 3> <II = 1> <Delay = 0.53> <IPBlock> <Opcode : '' 'add' 'sub' 'mul' 'select'> <InPorts = 0> <OutPorts = 1> <Sync> <CReg>
ST_2 : Operation 538 [3/3] (0.99ns) (grouped into DSP with root node add_ln190_39)   --->   "%mul_ln190_51 = mul i15 %sext_ln190_54, i15 %x_load_42_cast_cast" [awn_int8.cpp:190]   --->   Operation 538 'mul' 'mul_ln190_51' <Predicate = true> <Delay = 0.99> <CoreInst = "DSP48">   --->   Core 127 'DSP48' <Latency = 3> <II = 1> <Delay = 0.53> <IPBlock> <Opcode : '' 'add' 'sub' 'mul' 'select'> <InPorts = 0> <OutPorts = 1> <Sync> <CReg>
ST_2 : Operation 539 [3/3] (0.99ns) (grouped into DSP with root node add_ln190_31)   --->   "%mul_ln190_52 = mul i15 %sext_ln190_44, i15 %x_load_32_cast_cast" [awn_int8.cpp:190]   --->   Operation 539 'mul' 'mul_ln190_52' <Predicate = true> <Delay = 0.99> <CoreInst = "DSP48">   --->   Core 127 'DSP48' <Latency = 3> <II = 1> <Delay = 0.53> <IPBlock> <Opcode : '' 'add' 'sub' 'mul' 'select'> <InPorts = 0> <OutPorts = 1> <Sync> <CReg>
ST_2 : Operation 540 [3/3] (0.99ns) (grouped into DSP with root node add_ln190_26)   --->   "%mul_ln190_53 = mul i15 %sext_ln190_42, i15 %x_load_30_cast_cast" [awn_int8.cpp:190]   --->   Operation 540 'mul' 'mul_ln190_53' <Predicate = true> <Delay = 0.99> <CoreInst = "DSP48">   --->   Core 127 'DSP48' <Latency = 3> <II = 1> <Delay = 0.53> <IPBlock> <Opcode : '' 'add' 'sub' 'mul' 'select'> <InPorts = 0> <OutPorts = 1> <Sync> <CReg>
ST_2 : Operation 541 [3/3] (0.99ns) (grouped into DSP with root node add_ln190_47)   --->   "%mul_ln190_55 = mul i16 %sext_ln190_62, i16 %x_load_50_cast_cast" [awn_int8.cpp:190]   --->   Operation 541 'mul' 'mul_ln190_55' <Predicate = true> <Delay = 0.99> <CoreInst = "DSP48">   --->   Core 127 'DSP48' <Latency = 3> <II = 1> <Delay = 0.53> <IPBlock> <Opcode : '' 'add' 'sub' 'mul' 'select'> <InPorts = 0> <OutPorts = 1> <Sync> <CReg>
ST_2 : Operation 542 [3/3] (0.99ns) (grouped into DSP with root node add_ln190_38)   --->   "%mul_ln190_58 = mul i15 %sext_ln190_52, i15 %x_load_40_cast_cast" [awn_int8.cpp:190]   --->   Operation 542 'mul' 'mul_ln190_58' <Predicate = true> <Delay = 0.99> <CoreInst = "DSP48">   --->   Core 127 'DSP48' <Latency = 3> <II = 1> <Delay = 0.53> <IPBlock> <Opcode : '' 'add' 'sub' 'mul' 'select'> <InPorts = 0> <OutPorts = 1> <Sync> <CReg>
ST_2 : Operation 543 [3/3] (0.99ns) (grouped into DSP with root node add_ln190_81)   --->   "%mul_ln190_59 = mul i16 %sext_ln190_96, i16 %x_load_84_cast_cast" [awn_int8.cpp:190]   --->   Operation 543 'mul' 'mul_ln190_59' <Predicate = true> <Delay = 0.99> <CoreInst = "DSP48">   --->   Core 127 'DSP48' <Latency = 3> <II = 1> <Delay = 0.53> <IPBlock> <Opcode : '' 'add' 'sub' 'mul' 'select'> <InPorts = 0> <OutPorts = 1> <Sync> <CReg>
ST_2 : Operation 544 [3/3] (0.99ns) (grouped into DSP with root node add_ln190_41)   --->   "%mul_ln190_60 = mul i15 %sext_ln190_56, i15 %x_load_44_cast_cast" [awn_int8.cpp:190]   --->   Operation 544 'mul' 'mul_ln190_60' <Predicate = true> <Delay = 0.99> <CoreInst = "DSP48">   --->   Core 127 'DSP48' <Latency = 3> <II = 1> <Delay = 0.53> <IPBlock> <Opcode : '' 'add' 'sub' 'mul' 'select'> <InPorts = 0> <OutPorts = 1> <Sync> <CReg>
ST_2 : Operation 545 [3/3] (0.99ns) (grouped into DSP with root node add_ln190_82)   --->   "%mul_ln190_61 = mul i15 %sext_ln190_98, i15 %sext_ln190_7_cast" [awn_int8.cpp:190]   --->   Operation 545 'mul' 'mul_ln190_61' <Predicate = true> <Delay = 0.99> <CoreInst = "DSP48">   --->   Core 127 'DSP48' <Latency = 3> <II = 1> <Delay = 0.53> <IPBlock> <Opcode : '' 'add' 'sub' 'mul' 'select'> <InPorts = 0> <OutPorts = 1> <Sync> <CReg>
ST_2 : Operation 546 [3/3] (0.99ns) (grouped into DSP with root node add_ln190_1)   --->   "%mul_ln190_63 = mul i15 %sext_ln190_13, i15 %x_load_1_cast_cast" [awn_int8.cpp:190]   --->   Operation 546 'mul' 'mul_ln190_63' <Predicate = true> <Delay = 0.99> <CoreInst = "DSP48">   --->   Core 127 'DSP48' <Latency = 3> <II = 1> <Delay = 0.53> <IPBlock> <Opcode : '' 'add' 'sub' 'mul' 'select'> <InPorts = 0> <OutPorts = 1> <Sync> <CReg>
ST_2 : Operation 547 [3/3] (0.99ns) (grouped into DSP with root node add_ln190_79)   --->   "%mul_ln190_65 = mul i15 %sext_ln190_94, i15 %x_load_82_cast_cast" [awn_int8.cpp:190]   --->   Operation 547 'mul' 'mul_ln190_65' <Predicate = true> <Delay = 0.99> <CoreInst = "DSP48">   --->   Core 127 'DSP48' <Latency = 3> <II = 1> <Delay = 0.53> <IPBlock> <Opcode : '' 'add' 'sub' 'mul' 'select'> <InPorts = 0> <OutPorts = 1> <Sync> <CReg>
ST_2 : Operation 548 [3/3] (0.99ns) (grouped into DSP with root node add_ln190_46)   --->   "%mul_ln190_66 = mul i15 %sext_ln190_60, i15 %sext_ln190_6_cast" [awn_int8.cpp:190]   --->   Operation 548 'mul' 'mul_ln190_66' <Predicate = true> <Delay = 0.99> <CoreInst = "DSP48">   --->   Core 127 'DSP48' <Latency = 3> <II = 1> <Delay = 0.53> <IPBlock> <Opcode : '' 'add' 'sub' 'mul' 'select'> <InPorts = 0> <OutPorts = 1> <Sync> <CReg>
ST_2 : Operation 549 [3/3] (0.99ns) (grouped into DSP with root node add_ln190_71)   --->   "%mul_ln190_67 = mul i15 %sext_ln190_86, i15 %x_load_74_cast_cast" [awn_int8.cpp:190]   --->   Operation 549 'mul' 'mul_ln190_67' <Predicate = true> <Delay = 0.99> <CoreInst = "DSP48">   --->   Core 127 'DSP48' <Latency = 3> <II = 1> <Delay = 0.53> <IPBlock> <Opcode : '' 'add' 'sub' 'mul' 'select'> <InPorts = 0> <OutPorts = 1> <Sync> <CReg>
ST_2 : Operation 550 [3/3] (0.99ns) (grouped into DSP with root node add_ln190_94)   --->   "%mul_ln190_69 = mul i16 %sext_ln190_108, i16 %x_load_96_cast_cast" [awn_int8.cpp:190]   --->   Operation 550 'mul' 'mul_ln190_69' <Predicate = true> <Delay = 0.99> <CoreInst = "DSP48">   --->   Core 127 'DSP48' <Latency = 3> <II = 1> <Delay = 0.53> <IPBlock> <Opcode : '' 'add' 'sub' 'mul' 'select'> <InPorts = 0> <OutPorts = 1> <Sync> <CReg>
ST_2 : Operation 551 [3/3] (0.99ns) (grouped into DSP with root node add_ln190_85)   --->   "%mul_ln190_73 = mul i15 %sext_ln190_100, i15 %x_load_88_cast_cast" [awn_int8.cpp:190]   --->   Operation 551 'mul' 'mul_ln190_73' <Predicate = true> <Delay = 0.99> <CoreInst = "DSP48">   --->   Core 127 'DSP48' <Latency = 3> <II = 1> <Delay = 0.53> <IPBlock> <Opcode : '' 'add' 'sub' 'mul' 'select'> <InPorts = 0> <OutPorts = 1> <Sync> <CReg>
ST_2 : Operation 552 [3/3] (0.99ns) (grouped into DSP with root node add_ln190_67)   --->   "%mul_ln190_74 = mul i15 %sext_ln190_82, i15 %x_load_70_cast_cast" [awn_int8.cpp:190]   --->   Operation 552 'mul' 'mul_ln190_74' <Predicate = true> <Delay = 0.99> <CoreInst = "DSP48">   --->   Core 127 'DSP48' <Latency = 3> <II = 1> <Delay = 0.53> <IPBlock> <Opcode : '' 'add' 'sub' 'mul' 'select'> <InPorts = 0> <OutPorts = 1> <Sync> <CReg>
ST_2 : Operation 553 [3/3] (0.99ns) (grouped into DSP with root node add_ln190_3)   --->   "%mul_ln190_75 = mul i15 %sext_ln190_15, i15 %x_load_3_cast_cast" [awn_int8.cpp:190]   --->   Operation 553 'mul' 'mul_ln190_75' <Predicate = true> <Delay = 0.99> <CoreInst = "DSP48">   --->   Core 127 'DSP48' <Latency = 3> <II = 1> <Delay = 0.53> <IPBlock> <Opcode : '' 'add' 'sub' 'mul' 'select'> <InPorts = 0> <OutPorts = 1> <Sync> <CReg>
ST_2 : Operation 554 [3/3] (0.99ns) (grouped into DSP with root node add_ln190_104)   --->   "%mul_ln190_76 = mul i15 %sext_ln190_120, i15 %x_load_108_cast_cast" [awn_int8.cpp:190]   --->   Operation 554 'mul' 'mul_ln190_76' <Predicate = true> <Delay = 0.99> <CoreInst = "DSP48">   --->   Core 127 'DSP48' <Latency = 3> <II = 1> <Delay = 0.53> <IPBlock> <Opcode : '' 'add' 'sub' 'mul' 'select'> <InPorts = 0> <OutPorts = 1> <Sync> <CReg>
ST_2 : Operation 555 [3/3] (0.99ns) (grouped into DSP with root node add_ln190_25)   --->   "%mul_ln190_77 = mul i15 %sext_ln190_40, i15 %x_load_28_cast_cast" [awn_int8.cpp:190]   --->   Operation 555 'mul' 'mul_ln190_77' <Predicate = true> <Delay = 0.99> <CoreInst = "DSP48">   --->   Core 127 'DSP48' <Latency = 3> <II = 1> <Delay = 0.53> <IPBlock> <Opcode : '' 'add' 'sub' 'mul' 'select'> <InPorts = 0> <OutPorts = 1> <Sync> <CReg>
ST_2 : Operation 556 [3/3] (0.99ns) (grouped into DSP with root node add_ln190_50)   --->   "%mul_ln190_79 = mul i16 %sext_ln190_66, i16 %x_load_54_cast_cast" [awn_int8.cpp:190]   --->   Operation 556 'mul' 'mul_ln190_79' <Predicate = true> <Delay = 0.99> <CoreInst = "DSP48">   --->   Core 127 'DSP48' <Latency = 3> <II = 1> <Delay = 0.53> <IPBlock> <Opcode : '' 'add' 'sub' 'mul' 'select'> <InPorts = 0> <OutPorts = 1> <Sync> <CReg>
ST_2 : Operation 557 [3/3] (0.99ns) (grouped into DSP with root node add_ln190_32)   --->   "%mul_ln190_81 = mul i15 %sext_ln190_46, i15 %x_load_34_cast_cast" [awn_int8.cpp:190]   --->   Operation 557 'mul' 'mul_ln190_81' <Predicate = true> <Delay = 0.99> <CoreInst = "DSP48">   --->   Core 127 'DSP48' <Latency = 3> <II = 1> <Delay = 0.53> <IPBlock> <Opcode : '' 'add' 'sub' 'mul' 'select'> <InPorts = 0> <OutPorts = 1> <Sync> <CReg>
ST_2 : Operation 558 [3/3] (0.99ns) (grouped into DSP with root node add_ln190_35)   --->   "%mul_ln190_84 = mul i16 %sext_ln190_50, i16 %x_load_38_cast_cast" [awn_int8.cpp:190]   --->   Operation 558 'mul' 'mul_ln190_84' <Predicate = true> <Delay = 0.99> <CoreInst = "DSP48">   --->   Core 127 'DSP48' <Latency = 3> <II = 1> <Delay = 0.53> <IPBlock> <Opcode : '' 'add' 'sub' 'mul' 'select'> <InPorts = 0> <OutPorts = 1> <Sync> <CReg>
ST_2 : Operation 559 [3/3] (0.99ns) (grouped into DSP with root node add_ln190_78)   --->   "%mul_ln190_85 = mul i15 %sext_ln190_92, i15 %x_load_80_cast_cast" [awn_int8.cpp:190]   --->   Operation 559 'mul' 'mul_ln190_85' <Predicate = true> <Delay = 0.99> <CoreInst = "DSP48">   --->   Core 127 'DSP48' <Latency = 3> <II = 1> <Delay = 0.53> <IPBlock> <Opcode : '' 'add' 'sub' 'mul' 'select'> <InPorts = 0> <OutPorts = 1> <Sync> <CReg>
ST_2 : Operation 560 [3/3] (0.99ns) (grouped into DSP with root node add_ln190_42)   --->   "%mul_ln190_86 = mul i15 %sext_ln190_58, i15 %sext_ln190_5_cast" [awn_int8.cpp:190]   --->   Operation 560 'mul' 'mul_ln190_86' <Predicate = true> <Delay = 0.99> <CoreInst = "DSP48">   --->   Core 127 'DSP48' <Latency = 3> <II = 1> <Delay = 0.53> <IPBlock> <Opcode : '' 'add' 'sub' 'mul' 'select'> <InPorts = 0> <OutPorts = 1> <Sync> <CReg>
ST_2 : Operation 561 [3/3] (0.99ns) (grouped into DSP with root node add_ln190_8)   --->   "%mul_ln190_89 = mul i16 %sext_ln190_22, i16 %x_load_10_cast_cast" [awn_int8.cpp:190]   --->   Operation 561 'mul' 'mul_ln190_89' <Predicate = true> <Delay = 0.99> <CoreInst = "DSP48">   --->   Core 127 'DSP48' <Latency = 3> <II = 1> <Delay = 0.53> <IPBlock> <Opcode : '' 'add' 'sub' 'mul' 'select'> <InPorts = 0> <OutPorts = 1> <Sync> <CReg>
ST_2 : Operation 562 [3/3] (0.99ns) (grouped into DSP with root node add_ln190_86)   --->   "%mul_ln190_91 = mul i16 %sext_ln190_102, i16 %x_load_90_cast_cast" [awn_int8.cpp:190]   --->   Operation 562 'mul' 'mul_ln190_91' <Predicate = true> <Delay = 0.99> <CoreInst = "DSP48">   --->   Core 127 'DSP48' <Latency = 3> <II = 1> <Delay = 0.53> <IPBlock> <Opcode : '' 'add' 'sub' 'mul' 'select'> <InPorts = 0> <OutPorts = 1> <Sync> <CReg>
ST_2 : Operation 563 [3/3] (0.99ns) (grouped into DSP with root node add_ln190_15)   --->   "%mul_ln190_95 = mul i15 %sext_ln190_28, i15 %sext_ln190_1_cast" [awn_int8.cpp:190]   --->   Operation 563 'mul' 'mul_ln190_95' <Predicate = true> <Delay = 0.99> <CoreInst = "DSP48">   --->   Core 127 'DSP48' <Latency = 3> <II = 1> <Delay = 0.53> <IPBlock> <Opcode : '' 'add' 'sub' 'mul' 'select'> <InPorts = 0> <OutPorts = 1> <Sync> <CReg>
ST_2 : Operation 564 [3/3] (0.99ns) (grouped into DSP with root node add_ln190_23)   --->   "%mul_ln190_102 = mul i16 %sext_ln190_38, i16 %x_load_26_cast_cast" [awn_int8.cpp:190]   --->   Operation 564 'mul' 'mul_ln190_102' <Predicate = true> <Delay = 0.99> <CoreInst = "DSP48">   --->   Core 127 'DSP48' <Latency = 3> <II = 1> <Delay = 0.53> <IPBlock> <Opcode : '' 'add' 'sub' 'mul' 'select'> <InPorts = 0> <OutPorts = 1> <Sync> <CReg>
ST_2 : Operation 565 [3/3] (0.99ns) (grouped into DSP with root node add_ln190_74)   --->   "%mul_ln190_106 = mul i16 %sext_ln190_90, i16 %x_load_78_cast_cast" [awn_int8.cpp:190]   --->   Operation 565 'mul' 'mul_ln190_106' <Predicate = true> <Delay = 0.99> <CoreInst = "DSP48">   --->   Core 127 'DSP48' <Latency = 3> <II = 1> <Delay = 0.53> <IPBlock> <Opcode : '' 'add' 'sub' 'mul' 'select'> <InPorts = 0> <OutPorts = 1> <Sync> <CReg>
ST_2 : Operation 566 [3/3] (0.99ns) (grouped into DSP with root node add_ln190_98)   --->   "%mul_ln190_107 = mul i15 %sext_ln190_114, i15 %x_load_102_cast_cast" [awn_int8.cpp:190]   --->   Operation 566 'mul' 'mul_ln190_107' <Predicate = true> <Delay = 0.99> <CoreInst = "DSP48">   --->   Core 127 'DSP48' <Latency = 3> <II = 1> <Delay = 0.53> <IPBlock> <Opcode : '' 'add' 'sub' 'mul' 'select'> <InPorts = 0> <OutPorts = 1> <Sync> <CReg>
ST_2 : Operation 567 [3/3] (0.99ns) (grouped into DSP with root node add_ln190_63)   --->   "%mul_ln190_112 = mul i15 %sext_ln190_76, i15 %x_load_64_cast_cast" [awn_int8.cpp:190]   --->   Operation 567 'mul' 'mul_ln190_112' <Predicate = true> <Delay = 0.99> <CoreInst = "DSP48">   --->   Core 127 'DSP48' <Latency = 3> <II = 1> <Delay = 0.53> <IPBlock> <Opcode : '' 'add' 'sub' 'mul' 'select'> <InPorts = 0> <OutPorts = 1> <Sync> <CReg>
ST_2 : Operation 568 [3/3] (0.99ns) (grouped into DSP with root node add_ln190_57)   --->   "%mul_ln190_113 = mul i15 %sext_ln190_74, i15 %x_load_62_cast_cast" [awn_int8.cpp:190]   --->   Operation 568 'mul' 'mul_ln190_113' <Predicate = true> <Delay = 0.99> <CoreInst = "DSP48">   --->   Core 127 'DSP48' <Latency = 3> <II = 1> <Delay = 0.53> <IPBlock> <Opcode : '' 'add' 'sub' 'mul' 'select'> <InPorts = 0> <OutPorts = 1> <Sync> <CReg>
ST_2 : Operation 569 [3/3] (0.99ns) (grouped into DSP with root node add_ln190_18)   --->   "%mul_ln190_114 = mul i15 %sext_ln190_32, i15 %x_load_20_cast_cast" [awn_int8.cpp:190]   --->   Operation 569 'mul' 'mul_ln190_114' <Predicate = true> <Delay = 0.99> <CoreInst = "DSP48">   --->   Core 127 'DSP48' <Latency = 3> <II = 1> <Delay = 0.53> <IPBlock> <Opcode : '' 'add' 'sub' 'mul' 'select'> <InPorts = 0> <OutPorts = 1> <Sync> <CReg>
ST_2 : Operation 570 [3/3] (0.99ns) (grouped into DSP with root node add_ln190_95)   --->   "%mul_ln190_117 = mul i15 %sext_ln190_110, i15 %x_load_98_cast_cast" [awn_int8.cpp:190]   --->   Operation 570 'mul' 'mul_ln190_117' <Predicate = true> <Delay = 0.99> <CoreInst = "DSP48">   --->   Core 127 'DSP48' <Latency = 3> <II = 1> <Delay = 0.53> <IPBlock> <Opcode : '' 'add' 'sub' 'mul' 'select'> <InPorts = 0> <OutPorts = 1> <Sync> <CReg>
ST_2 : Operation 571 [3/3] (0.99ns) (grouped into DSP with root node add_ln190_88)   --->   "%mul_ln190_119 = mul i15 %sext_ln190_104, i15 %x_load_92_cast_cast" [awn_int8.cpp:190]   --->   Operation 571 'mul' 'mul_ln190_119' <Predicate = true> <Delay = 0.99> <CoreInst = "DSP48">   --->   Core 127 'DSP48' <Latency = 3> <II = 1> <Delay = 0.53> <IPBlock> <Opcode : '' 'add' 'sub' 'mul' 'select'> <InPorts = 0> <OutPorts = 1> <Sync> <CReg>
ST_2 : Operation 572 [3/3] (0.99ns) (grouped into DSP with root node add_ln190_11)   --->   "%mul_ln190_120 = mul i15 %sext_ln190_25, i15 %x_load_13_cast_cast" [awn_int8.cpp:190]   --->   Operation 572 'mul' 'mul_ln190_120' <Predicate = true> <Delay = 0.99> <CoreInst = "DSP48">   --->   Core 127 'DSP48' <Latency = 3> <II = 1> <Delay = 0.53> <IPBlock> <Opcode : '' 'add' 'sub' 'mul' 'select'> <InPorts = 0> <OutPorts = 1> <Sync> <CReg>
ST_2 : Operation 573 [3/3] (0.99ns) (grouped into DSP with root node add_ln190_49)   --->   "%mul_ln190_121 = mul i16 %sext_ln190_64, i16 %x_load_52_cast_cast" [awn_int8.cpp:190]   --->   Operation 573 'mul' 'mul_ln190_121' <Predicate = true> <Delay = 0.99> <CoreInst = "DSP48">   --->   Core 127 'DSP48' <Latency = 3> <II = 1> <Delay = 0.53> <IPBlock> <Opcode : '' 'add' 'sub' 'mul' 'select'> <InPorts = 0> <OutPorts = 1> <Sync> <CReg>
ST_2 : Operation 574 [3/3] (0.99ns) (grouped into DSP with root node add_ln190_102)   --->   "%mul_ln190_122 = mul i15 %sext_ln190_118, i15 %sext_ln190_9_cast" [awn_int8.cpp:190]   --->   Operation 574 'mul' 'mul_ln190_122' <Predicate = true> <Delay = 0.99> <CoreInst = "DSP48">   --->   Core 127 'DSP48' <Latency = 3> <II = 1> <Delay = 0.53> <IPBlock> <Opcode : '' 'add' 'sub' 'mul' 'select'> <InPorts = 0> <OutPorts = 1> <Sync> <CReg>
ST_2 : Operation 575 [3/3] (0.99ns) (grouped into DSP with root node add_ln190_120)   --->   "%mul_ln190_125 = mul i15 %sext_ln190_139, i15 %sext_ln190_11_cast" [awn_int8.cpp:190]   --->   Operation 575 'mul' 'mul_ln190_125' <Predicate = true> <Delay = 0.99> <CoreInst = "DSP48">   --->   Core 127 'DSP48' <Latency = 3> <II = 1> <Delay = 0.53> <IPBlock> <Opcode : '' 'add' 'sub' 'mul' 'select'> <InPorts = 0> <OutPorts = 1> <Sync> <CReg>
ST_2 : Operation 576 [3/3] (0.99ns) (grouped into DSP with root node add_ln190_56)   --->   "%mul_ln190_126 = mul i16 %sext_ln190_72, i16 %x_load_60_cast_cast" [awn_int8.cpp:190]   --->   Operation 576 'mul' 'mul_ln190_126' <Predicate = true> <Delay = 0.99> <CoreInst = "DSP48">   --->   Core 127 'DSP48' <Latency = 3> <II = 1> <Delay = 0.53> <IPBlock> <Opcode : '' 'add' 'sub' 'mul' 'select'> <InPorts = 0> <OutPorts = 1> <Sync> <CReg>

State 3 <SV = 2> <Delay = 2.23>
ST_3 : Operation 577 [1/1] (0.00ns)   --->   "%bfc0_addr = getelementptr i5 %bfc0, i64 0, i64 %zext_ln186" [awn_int8.cpp:188]   --->   Operation 577 'getelementptr' 'bfc0_addr' <Predicate = true> <Delay = 0.00>
ST_3 : Operation 578 [2/2] (1.23ns)   --->   "%acc = load i9 %bfc0_addr" [awn_int8.cpp:188]   --->   Operation 578 'load' 'acc' <Predicate = true> <Delay = 1.23> <CoreInst = "ROM">   --->   Core 101 'ROM' <Latency = 1> <II = 1> <Delay = 1.23> <Storage> <Opcode : 'load'> <Ports = 0> <Width = 5> <Depth = 320> <ROM>
ST_3 : Operation 579 [1/1] (0.00ns)   --->   "%p_ZL4Wfc0_2_addr = getelementptr i8 %p_ZL4Wfc0_2, i64 0, i64 %zext_ln186" [awn_int8.cpp:190]   --->   Operation 579 'getelementptr' 'p_ZL4Wfc0_2_addr' <Predicate = true> <Delay = 0.00>
ST_3 : Operation 580 [1/1] (0.00ns)   --->   "%p_ZL4Wfc0_4_addr = getelementptr i8 %p_ZL4Wfc0_4, i64 0, i64 %zext_ln186" [awn_int8.cpp:190]   --->   Operation 580 'getelementptr' 'p_ZL4Wfc0_4_addr' <Predicate = true> <Delay = 0.00>
ST_3 : Operation 581 [1/1] (0.00ns)   --->   "%p_ZL4Wfc0_5_addr = getelementptr i8 %p_ZL4Wfc0_5, i64 0, i64 %zext_ln186" [awn_int8.cpp:190]   --->   Operation 581 'getelementptr' 'p_ZL4Wfc0_5_addr' <Predicate = true> <Delay = 0.00>
ST_3 : Operation 582 [1/1] (0.00ns)   --->   "%p_ZL4Wfc0_7_addr = getelementptr i7 %p_ZL4Wfc0_7, i64 0, i64 %zext_ln186" [awn_int8.cpp:190]   --->   Operation 582 'getelementptr' 'p_ZL4Wfc0_7_addr' <Predicate = true> <Delay = 0.00>
ST_3 : Operation 583 [1/1] (0.00ns)   --->   "%p_ZL4Wfc0_9_addr = getelementptr i8 %p_ZL4Wfc0_9, i64 0, i64 %zext_ln186" [awn_int8.cpp:190]   --->   Operation 583 'getelementptr' 'p_ZL4Wfc0_9_addr' <Predicate = true> <Delay = 0.00>
ST_3 : Operation 584 [1/1] (0.00ns)   --->   "%p_ZL4Wfc0_11_addr = getelementptr i7 %p_ZL4Wfc0_11, i64 0, i64 %zext_ln186" [awn_int8.cpp:190]   --->   Operation 584 'getelementptr' 'p_ZL4Wfc0_11_addr' <Predicate = true> <Delay = 0.00>
ST_3 : Operation 585 [1/1] (0.00ns)   --->   "%p_ZL4Wfc0_14_addr = getelementptr i8 %p_ZL4Wfc0_14, i64 0, i64 %zext_ln186" [awn_int8.cpp:190]   --->   Operation 585 'getelementptr' 'p_ZL4Wfc0_14_addr' <Predicate = true> <Delay = 0.00>
ST_3 : Operation 586 [1/1] (0.00ns)   --->   "%p_ZL4Wfc0_15_addr = getelementptr i7 %p_ZL4Wfc0_15, i64 0, i64 %zext_ln186" [awn_int8.cpp:190]   --->   Operation 586 'getelementptr' 'p_ZL4Wfc0_15_addr' <Predicate = true> <Delay = 0.00>
ST_3 : Operation 587 [1/1] (0.00ns)   --->   "%p_ZL4Wfc0_17_addr = getelementptr i7 %p_ZL4Wfc0_17, i64 0, i64 %zext_ln186" [awn_int8.cpp:190]   --->   Operation 587 'getelementptr' 'p_ZL4Wfc0_17_addr' <Predicate = true> <Delay = 0.00>
ST_3 : Operation 588 [1/1] (0.00ns)   --->   "%p_ZL4Wfc0_19_addr = getelementptr i7 %p_ZL4Wfc0_19, i64 0, i64 %zext_ln186" [awn_int8.cpp:190]   --->   Operation 588 'getelementptr' 'p_ZL4Wfc0_19_addr' <Predicate = true> <Delay = 0.00>
ST_3 : Operation 589 [1/1] (0.00ns)   --->   "%p_ZL4Wfc0_22_addr = getelementptr i8 %p_ZL4Wfc0_22, i64 0, i64 %zext_ln186" [awn_int8.cpp:190]   --->   Operation 589 'getelementptr' 'p_ZL4Wfc0_22_addr' <Predicate = true> <Delay = 0.00>
ST_3 : Operation 590 [1/1] (0.00ns)   --->   "%p_ZL4Wfc0_23_addr = getelementptr i8 %p_ZL4Wfc0_23, i64 0, i64 %zext_ln186" [awn_int8.cpp:190]   --->   Operation 590 'getelementptr' 'p_ZL4Wfc0_23_addr' <Predicate = true> <Delay = 0.00>
ST_3 : Operation 591 [1/1] (0.00ns)   --->   "%p_ZL4Wfc0_25_addr = getelementptr i8 %p_ZL4Wfc0_25, i64 0, i64 %zext_ln186" [awn_int8.cpp:190]   --->   Operation 591 'getelementptr' 'p_ZL4Wfc0_25_addr' <Predicate = true> <Delay = 0.00>
ST_3 : Operation 592 [1/1] (0.00ns)   --->   "%p_ZL4Wfc0_27_addr = getelementptr i8 %p_ZL4Wfc0_27, i64 0, i64 %zext_ln186" [awn_int8.cpp:190]   --->   Operation 592 'getelementptr' 'p_ZL4Wfc0_27_addr' <Predicate = true> <Delay = 0.00>
ST_3 : Operation 593 [1/1] (0.00ns)   --->   "%p_ZL4Wfc0_29_addr = getelementptr i7 %p_ZL4Wfc0_29, i64 0, i64 %zext_ln186" [awn_int8.cpp:190]   --->   Operation 593 'getelementptr' 'p_ZL4Wfc0_29_addr' <Predicate = true> <Delay = 0.00>
ST_3 : Operation 594 [1/1] (0.00ns)   --->   "%p_ZL4Wfc0_31_addr = getelementptr i7 %p_ZL4Wfc0_31, i64 0, i64 %zext_ln186" [awn_int8.cpp:190]   --->   Operation 594 'getelementptr' 'p_ZL4Wfc0_31_addr' <Predicate = true> <Delay = 0.00>
ST_3 : Operation 595 [1/1] (0.00ns)   --->   "%p_ZL4Wfc0_33_addr = getelementptr i7 %p_ZL4Wfc0_33, i64 0, i64 %zext_ln186" [awn_int8.cpp:190]   --->   Operation 595 'getelementptr' 'p_ZL4Wfc0_33_addr' <Predicate = true> <Delay = 0.00>
ST_3 : Operation 596 [1/1] (0.00ns)   --->   "%p_ZL4Wfc0_35_addr = getelementptr i7 %p_ZL4Wfc0_35, i64 0, i64 %zext_ln186" [awn_int8.cpp:190]   --->   Operation 596 'getelementptr' 'p_ZL4Wfc0_35_addr' <Predicate = true> <Delay = 0.00>
ST_3 : Operation 597 [1/1] (0.00ns)   --->   "%p_ZL4Wfc0_37_addr = getelementptr i8 %p_ZL4Wfc0_37, i64 0, i64 %zext_ln186" [awn_int8.cpp:190]   --->   Operation 597 'getelementptr' 'p_ZL4Wfc0_37_addr' <Predicate = true> <Delay = 0.00>
ST_3 : Operation 598 [1/1] (0.00ns)   --->   "%p_ZL4Wfc0_39_addr = getelementptr i7 %p_ZL4Wfc0_39, i64 0, i64 %zext_ln186" [awn_int8.cpp:190]   --->   Operation 598 'getelementptr' 'p_ZL4Wfc0_39_addr' <Predicate = true> <Delay = 0.00>
ST_3 : Operation 599 [1/1] (0.00ns)   --->   "%p_ZL4Wfc0_41_addr = getelementptr i7 %p_ZL4Wfc0_41, i64 0, i64 %zext_ln186" [awn_int8.cpp:190]   --->   Operation 599 'getelementptr' 'p_ZL4Wfc0_41_addr' <Predicate = true> <Delay = 0.00>
ST_3 : Operation 600 [1/1] (0.00ns)   --->   "%p_ZL4Wfc0_43_addr = getelementptr i7 %p_ZL4Wfc0_43, i64 0, i64 %zext_ln186" [awn_int8.cpp:190]   --->   Operation 600 'getelementptr' 'p_ZL4Wfc0_43_addr' <Predicate = true> <Delay = 0.00>
ST_3 : Operation 601 [1/1] (0.00ns)   --->   "%p_ZL4Wfc0_45_addr = getelementptr i7 %p_ZL4Wfc0_45, i64 0, i64 %zext_ln186" [awn_int8.cpp:190]   --->   Operation 601 'getelementptr' 'p_ZL4Wfc0_45_addr' <Predicate = true> <Delay = 0.00>
ST_3 : Operation 602 [1/1] (0.00ns)   --->   "%p_ZL4Wfc0_47_addr = getelementptr i7 %p_ZL4Wfc0_47, i64 0, i64 %zext_ln186" [awn_int8.cpp:190]   --->   Operation 602 'getelementptr' 'p_ZL4Wfc0_47_addr' <Predicate = true> <Delay = 0.00>
ST_3 : Operation 603 [1/1] (0.00ns)   --->   "%p_ZL4Wfc0_49_addr = getelementptr i8 %p_ZL4Wfc0_49, i64 0, i64 %zext_ln186" [awn_int8.cpp:190]   --->   Operation 603 'getelementptr' 'p_ZL4Wfc0_49_addr' <Predicate = true> <Delay = 0.00>
ST_3 : Operation 604 [1/1] (0.00ns)   --->   "%p_ZL4Wfc0_51_addr = getelementptr i8 %p_ZL4Wfc0_51, i64 0, i64 %zext_ln186" [awn_int8.cpp:190]   --->   Operation 604 'getelementptr' 'p_ZL4Wfc0_51_addr' <Predicate = true> <Delay = 0.00>
ST_3 : Operation 605 [1/1] (0.00ns)   --->   "%p_ZL4Wfc0_53_addr = getelementptr i8 %p_ZL4Wfc0_53, i64 0, i64 %zext_ln186" [awn_int8.cpp:190]   --->   Operation 605 'getelementptr' 'p_ZL4Wfc0_53_addr' <Predicate = true> <Delay = 0.00>
ST_3 : Operation 606 [1/1] (0.00ns)   --->   "%p_ZL4Wfc0_55_addr = getelementptr i7 %p_ZL4Wfc0_55, i64 0, i64 %zext_ln186" [awn_int8.cpp:190]   --->   Operation 606 'getelementptr' 'p_ZL4Wfc0_55_addr' <Predicate = true> <Delay = 0.00>
ST_3 : Operation 607 [1/1] (0.00ns)   --->   "%p_ZL4Wfc0_57_addr = getelementptr i8 %p_ZL4Wfc0_57, i64 0, i64 %zext_ln186" [awn_int8.cpp:190]   --->   Operation 607 'getelementptr' 'p_ZL4Wfc0_57_addr' <Predicate = true> <Delay = 0.00>
ST_3 : Operation 608 [1/1] (0.00ns)   --->   "%p_ZL4Wfc0_59_addr = getelementptr i8 %p_ZL4Wfc0_59, i64 0, i64 %zext_ln186" [awn_int8.cpp:190]   --->   Operation 608 'getelementptr' 'p_ZL4Wfc0_59_addr' <Predicate = true> <Delay = 0.00>
ST_3 : Operation 609 [1/1] (0.00ns)   --->   "%p_ZL4Wfc0_61_addr = getelementptr i7 %p_ZL4Wfc0_61, i64 0, i64 %zext_ln186" [awn_int8.cpp:190]   --->   Operation 609 'getelementptr' 'p_ZL4Wfc0_61_addr' <Predicate = true> <Delay = 0.00>
ST_3 : Operation 610 [1/1] (0.00ns)   --->   "%p_ZL4Wfc0_63_addr = getelementptr i7 %p_ZL4Wfc0_63, i64 0, i64 %zext_ln186" [awn_int8.cpp:190]   --->   Operation 610 'getelementptr' 'p_ZL4Wfc0_63_addr' <Predicate = true> <Delay = 0.00>
ST_3 : Operation 611 [1/1] (0.00ns)   --->   "%p_ZL4Wfc0_65_addr = getelementptr i8 %p_ZL4Wfc0_65, i64 0, i64 %zext_ln186" [awn_int8.cpp:190]   --->   Operation 611 'getelementptr' 'p_ZL4Wfc0_65_addr' <Predicate = true> <Delay = 0.00>
ST_3 : Operation 612 [1/1] (0.00ns)   --->   "%p_ZL4Wfc0_68_addr = getelementptr i8 %p_ZL4Wfc0_68, i64 0, i64 %zext_ln186" [awn_int8.cpp:190]   --->   Operation 612 'getelementptr' 'p_ZL4Wfc0_68_addr' <Predicate = true> <Delay = 0.00>
ST_3 : Operation 613 [1/1] (0.00ns)   --->   "%p_ZL4Wfc0_69_addr = getelementptr i7 %p_ZL4Wfc0_69, i64 0, i64 %zext_ln186" [awn_int8.cpp:190]   --->   Operation 613 'getelementptr' 'p_ZL4Wfc0_69_addr' <Predicate = true> <Delay = 0.00>
ST_3 : Operation 614 [1/1] (0.00ns)   --->   "%p_ZL4Wfc0_71_addr = getelementptr i8 %p_ZL4Wfc0_71, i64 0, i64 %zext_ln186" [awn_int8.cpp:190]   --->   Operation 614 'getelementptr' 'p_ZL4Wfc0_71_addr' <Predicate = true> <Delay = 0.00>
ST_3 : Operation 615 [1/1] (0.00ns)   --->   "%p_ZL4Wfc0_73_addr = getelementptr i8 %p_ZL4Wfc0_73, i64 0, i64 %zext_ln186" [awn_int8.cpp:190]   --->   Operation 615 'getelementptr' 'p_ZL4Wfc0_73_addr' <Predicate = true> <Delay = 0.00>
ST_3 : Operation 616 [1/1] (0.00ns)   --->   "%p_ZL4Wfc0_75_addr = getelementptr i8 %p_ZL4Wfc0_75, i64 0, i64 %zext_ln186" [awn_int8.cpp:190]   --->   Operation 616 'getelementptr' 'p_ZL4Wfc0_75_addr' <Predicate = true> <Delay = 0.00>
ST_3 : Operation 617 [1/1] (0.00ns)   --->   "%p_ZL4Wfc0_77_addr = getelementptr i8 %p_ZL4Wfc0_77, i64 0, i64 %zext_ln186" [awn_int8.cpp:190]   --->   Operation 617 'getelementptr' 'p_ZL4Wfc0_77_addr' <Predicate = true> <Delay = 0.00>
ST_3 : Operation 618 [1/1] (0.00ns)   --->   "%p_ZL4Wfc0_79_addr = getelementptr i7 %p_ZL4Wfc0_79, i64 0, i64 %zext_ln186" [awn_int8.cpp:190]   --->   Operation 618 'getelementptr' 'p_ZL4Wfc0_79_addr' <Predicate = true> <Delay = 0.00>
ST_3 : Operation 619 [1/1] (0.00ns)   --->   "%p_ZL4Wfc0_81_addr = getelementptr i7 %p_ZL4Wfc0_81, i64 0, i64 %zext_ln186" [awn_int8.cpp:190]   --->   Operation 619 'getelementptr' 'p_ZL4Wfc0_81_addr' <Predicate = true> <Delay = 0.00>
ST_3 : Operation 620 [1/1] (0.00ns)   --->   "%p_ZL4Wfc0_83_addr = getelementptr i8 %p_ZL4Wfc0_83, i64 0, i64 %zext_ln186" [awn_int8.cpp:190]   --->   Operation 620 'getelementptr' 'p_ZL4Wfc0_83_addr' <Predicate = true> <Delay = 0.00>
ST_3 : Operation 621 [1/1] (0.00ns)   --->   "%p_ZL4Wfc0_85_addr = getelementptr i7 %p_ZL4Wfc0_85, i64 0, i64 %zext_ln186" [awn_int8.cpp:190]   --->   Operation 621 'getelementptr' 'p_ZL4Wfc0_85_addr' <Predicate = true> <Delay = 0.00>
ST_3 : Operation 622 [1/1] (0.00ns)   --->   "%p_ZL4Wfc0_87_addr = getelementptr i8 %p_ZL4Wfc0_87, i64 0, i64 %zext_ln186" [awn_int8.cpp:190]   --->   Operation 622 'getelementptr' 'p_ZL4Wfc0_87_addr' <Predicate = true> <Delay = 0.00>
ST_3 : Operation 623 [1/1] (0.00ns)   --->   "%p_ZL4Wfc0_89_addr = getelementptr i8 %p_ZL4Wfc0_89, i64 0, i64 %zext_ln186" [awn_int8.cpp:190]   --->   Operation 623 'getelementptr' 'p_ZL4Wfc0_89_addr' <Predicate = true> <Delay = 0.00>
ST_3 : Operation 624 [1/1] (0.00ns)   --->   "%p_ZL4Wfc0_91_addr = getelementptr i7 %p_ZL4Wfc0_91, i64 0, i64 %zext_ln186" [awn_int8.cpp:190]   --->   Operation 624 'getelementptr' 'p_ZL4Wfc0_91_addr' <Predicate = true> <Delay = 0.00>
ST_3 : Operation 625 [1/1] (0.00ns)   --->   "%p_ZL4Wfc0_93_addr = getelementptr i8 %p_ZL4Wfc0_93, i64 0, i64 %zext_ln186" [awn_int8.cpp:190]   --->   Operation 625 'getelementptr' 'p_ZL4Wfc0_93_addr' <Predicate = true> <Delay = 0.00>
ST_3 : Operation 626 [1/1] (0.00ns)   --->   "%p_ZL4Wfc0_95_addr = getelementptr i8 %p_ZL4Wfc0_95, i64 0, i64 %zext_ln186" [awn_int8.cpp:190]   --->   Operation 626 'getelementptr' 'p_ZL4Wfc0_95_addr' <Predicate = true> <Delay = 0.00>
ST_3 : Operation 627 [1/1] (0.00ns)   --->   "%p_ZL4Wfc0_97_addr = getelementptr i8 %p_ZL4Wfc0_97, i64 0, i64 %zext_ln186" [awn_int8.cpp:190]   --->   Operation 627 'getelementptr' 'p_ZL4Wfc0_97_addr' <Predicate = true> <Delay = 0.00>
ST_3 : Operation 628 [1/1] (0.00ns)   --->   "%p_ZL4Wfc0_99_addr = getelementptr i7 %p_ZL4Wfc0_99, i64 0, i64 %zext_ln186" [awn_int8.cpp:190]   --->   Operation 628 'getelementptr' 'p_ZL4Wfc0_99_addr' <Predicate = true> <Delay = 0.00>
ST_3 : Operation 629 [1/1] (0.00ns)   --->   "%p_ZL4Wfc0_101_addr = getelementptr i8 %p_ZL4Wfc0_101, i64 0, i64 %zext_ln186" [awn_int8.cpp:190]   --->   Operation 629 'getelementptr' 'p_ZL4Wfc0_101_addr' <Predicate = true> <Delay = 0.00>
ST_3 : Operation 630 [1/1] (0.00ns)   --->   "%p_ZL4Wfc0_103_addr = getelementptr i8 %p_ZL4Wfc0_103, i64 0, i64 %zext_ln186" [awn_int8.cpp:190]   --->   Operation 630 'getelementptr' 'p_ZL4Wfc0_103_addr' <Predicate = true> <Delay = 0.00>
ST_3 : Operation 631 [1/1] (0.00ns)   --->   "%p_ZL4Wfc0_105_addr = getelementptr i7 %p_ZL4Wfc0_105, i64 0, i64 %zext_ln186" [awn_int8.cpp:190]   --->   Operation 631 'getelementptr' 'p_ZL4Wfc0_105_addr' <Predicate = true> <Delay = 0.00>
ST_3 : Operation 632 [1/1] (0.00ns)   --->   "%p_ZL4Wfc0_107_addr = getelementptr i7 %p_ZL4Wfc0_107, i64 0, i64 %zext_ln186" [awn_int8.cpp:190]   --->   Operation 632 'getelementptr' 'p_ZL4Wfc0_107_addr' <Predicate = true> <Delay = 0.00>
ST_3 : Operation 633 [1/1] (0.00ns)   --->   "%p_ZL4Wfc0_109_addr = getelementptr i8 %p_ZL4Wfc0_109, i64 0, i64 %zext_ln186" [awn_int8.cpp:190]   --->   Operation 633 'getelementptr' 'p_ZL4Wfc0_109_addr' <Predicate = true> <Delay = 0.00>
ST_3 : Operation 634 [1/1] (0.00ns)   --->   "%p_ZL4Wfc0_126_addr = getelementptr i7 %p_ZL4Wfc0_126, i64 0, i64 %zext_ln186" [awn_int8.cpp:190]   --->   Operation 634 'getelementptr' 'p_ZL4Wfc0_126_addr' <Predicate = true> <Delay = 0.00>
ST_3 : Operation 635 [2/2] (1.23ns)   --->   "%p_ZL4Wfc0_2_load = load i9 %p_ZL4Wfc0_2_addr" [awn_int8.cpp:190]   --->   Operation 635 'load' 'p_ZL4Wfc0_2_load' <Predicate = true> <Delay = 1.23> <CoreInst = "ROM">   --->   Core 101 'ROM' <Latency = 1> <II = 1> <Delay = 1.23> <Storage> <Opcode : 'load'> <Ports = 0> <Width = 8> <Depth = 320> <ROM>
ST_3 : Operation 636 [2/2] (1.23ns)   --->   "%p_ZL4Wfc0_4_load = load i9 %p_ZL4Wfc0_4_addr" [awn_int8.cpp:190]   --->   Operation 636 'load' 'p_ZL4Wfc0_4_load' <Predicate = true> <Delay = 1.23> <CoreInst = "ROM">   --->   Core 101 'ROM' <Latency = 1> <II = 1> <Delay = 1.23> <Storage> <Opcode : 'load'> <Ports = 0> <Width = 8> <Depth = 320> <ROM>
ST_3 : Operation 637 [2/2] (1.23ns)   --->   "%p_ZL4Wfc0_5_load = load i9 %p_ZL4Wfc0_5_addr" [awn_int8.cpp:190]   --->   Operation 637 'load' 'p_ZL4Wfc0_5_load' <Predicate = true> <Delay = 1.23> <CoreInst = "ROM">   --->   Core 101 'ROM' <Latency = 1> <II = 1> <Delay = 1.23> <Storage> <Opcode : 'load'> <Ports = 0> <Width = 8> <Depth = 320> <ROM>
ST_3 : Operation 638 [2/2] (1.23ns)   --->   "%p_ZL4Wfc0_7_load = load i9 %p_ZL4Wfc0_7_addr" [awn_int8.cpp:190]   --->   Operation 638 'load' 'p_ZL4Wfc0_7_load' <Predicate = true> <Delay = 1.23> <CoreInst = "ROM">   --->   Core 101 'ROM' <Latency = 1> <II = 1> <Delay = 1.23> <Storage> <Opcode : 'load'> <Ports = 0> <Width = 7> <Depth = 320> <ROM>
ST_3 : Operation 639 [2/2] (1.23ns)   --->   "%p_ZL4Wfc0_9_load = load i9 %p_ZL4Wfc0_9_addr" [awn_int8.cpp:190]   --->   Operation 639 'load' 'p_ZL4Wfc0_9_load' <Predicate = true> <Delay = 1.23> <CoreInst = "ROM">   --->   Core 101 'ROM' <Latency = 1> <II = 1> <Delay = 1.23> <Storage> <Opcode : 'load'> <Ports = 0> <Width = 8> <Depth = 320> <ROM>
ST_3 : Operation 640 [2/2] (1.23ns)   --->   "%p_ZL4Wfc0_11_load = load i9 %p_ZL4Wfc0_11_addr" [awn_int8.cpp:190]   --->   Operation 640 'load' 'p_ZL4Wfc0_11_load' <Predicate = true> <Delay = 1.23> <CoreInst = "ROM">   --->   Core 101 'ROM' <Latency = 1> <II = 1> <Delay = 1.23> <Storage> <Opcode : 'load'> <Ports = 0> <Width = 7> <Depth = 320> <ROM>
ST_3 : Operation 641 [2/2] (1.23ns)   --->   "%p_ZL4Wfc0_14_load = load i9 %p_ZL4Wfc0_14_addr" [awn_int8.cpp:190]   --->   Operation 641 'load' 'p_ZL4Wfc0_14_load' <Predicate = true> <Delay = 1.23> <CoreInst = "ROM">   --->   Core 101 'ROM' <Latency = 1> <II = 1> <Delay = 1.23> <Storage> <Opcode : 'load'> <Ports = 0> <Width = 8> <Depth = 320> <ROM>
ST_3 : Operation 642 [2/2] (1.23ns)   --->   "%p_ZL4Wfc0_15_load = load i9 %p_ZL4Wfc0_15_addr" [awn_int8.cpp:190]   --->   Operation 642 'load' 'p_ZL4Wfc0_15_load' <Predicate = true> <Delay = 1.23> <CoreInst = "ROM">   --->   Core 101 'ROM' <Latency = 1> <II = 1> <Delay = 1.23> <Storage> <Opcode : 'load'> <Ports = 0> <Width = 7> <Depth = 320> <ROM>
ST_3 : Operation 643 [2/2] (1.23ns)   --->   "%p_ZL4Wfc0_17_load = load i9 %p_ZL4Wfc0_17_addr" [awn_int8.cpp:190]   --->   Operation 643 'load' 'p_ZL4Wfc0_17_load' <Predicate = true> <Delay = 1.23> <CoreInst = "ROM">   --->   Core 101 'ROM' <Latency = 1> <II = 1> <Delay = 1.23> <Storage> <Opcode : 'load'> <Ports = 0> <Width = 7> <Depth = 320> <ROM>
ST_3 : Operation 644 [2/2] (1.23ns)   --->   "%p_ZL4Wfc0_19_load = load i9 %p_ZL4Wfc0_19_addr" [awn_int8.cpp:190]   --->   Operation 644 'load' 'p_ZL4Wfc0_19_load' <Predicate = true> <Delay = 1.23> <CoreInst = "ROM">   --->   Core 101 'ROM' <Latency = 1> <II = 1> <Delay = 1.23> <Storage> <Opcode : 'load'> <Ports = 0> <Width = 7> <Depth = 320> <ROM>
ST_3 : Operation 645 [2/2] (1.23ns)   --->   "%p_ZL4Wfc0_22_load = load i9 %p_ZL4Wfc0_22_addr" [awn_int8.cpp:190]   --->   Operation 645 'load' 'p_ZL4Wfc0_22_load' <Predicate = true> <Delay = 1.23> <CoreInst = "ROM">   --->   Core 101 'ROM' <Latency = 1> <II = 1> <Delay = 1.23> <Storage> <Opcode : 'load'> <Ports = 0> <Width = 8> <Depth = 320> <ROM>
ST_3 : Operation 646 [2/2] (1.23ns)   --->   "%p_ZL4Wfc0_23_load = load i9 %p_ZL4Wfc0_23_addr" [awn_int8.cpp:190]   --->   Operation 646 'load' 'p_ZL4Wfc0_23_load' <Predicate = true> <Delay = 1.23> <CoreInst = "ROM">   --->   Core 101 'ROM' <Latency = 1> <II = 1> <Delay = 1.23> <Storage> <Opcode : 'load'> <Ports = 0> <Width = 8> <Depth = 320> <ROM>
ST_3 : Operation 647 [2/2] (1.23ns)   --->   "%p_ZL4Wfc0_25_load = load i9 %p_ZL4Wfc0_25_addr" [awn_int8.cpp:190]   --->   Operation 647 'load' 'p_ZL4Wfc0_25_load' <Predicate = true> <Delay = 1.23> <CoreInst = "ROM">   --->   Core 101 'ROM' <Latency = 1> <II = 1> <Delay = 1.23> <Storage> <Opcode : 'load'> <Ports = 0> <Width = 8> <Depth = 320> <ROM>
ST_3 : Operation 648 [2/2] (1.23ns)   --->   "%p_ZL4Wfc0_27_load = load i9 %p_ZL4Wfc0_27_addr" [awn_int8.cpp:190]   --->   Operation 648 'load' 'p_ZL4Wfc0_27_load' <Predicate = true> <Delay = 1.23> <CoreInst = "ROM">   --->   Core 101 'ROM' <Latency = 1> <II = 1> <Delay = 1.23> <Storage> <Opcode : 'load'> <Ports = 0> <Width = 8> <Depth = 320> <ROM>
ST_3 : Operation 649 [2/2] (1.23ns)   --->   "%p_ZL4Wfc0_29_load = load i9 %p_ZL4Wfc0_29_addr" [awn_int8.cpp:190]   --->   Operation 649 'load' 'p_ZL4Wfc0_29_load' <Predicate = true> <Delay = 1.23> <CoreInst = "ROM">   --->   Core 101 'ROM' <Latency = 1> <II = 1> <Delay = 1.23> <Storage> <Opcode : 'load'> <Ports = 0> <Width = 7> <Depth = 320> <ROM>
ST_3 : Operation 650 [2/2] (1.23ns)   --->   "%p_ZL4Wfc0_31_load = load i9 %p_ZL4Wfc0_31_addr" [awn_int8.cpp:190]   --->   Operation 650 'load' 'p_ZL4Wfc0_31_load' <Predicate = true> <Delay = 1.23> <CoreInst = "ROM">   --->   Core 101 'ROM' <Latency = 1> <II = 1> <Delay = 1.23> <Storage> <Opcode : 'load'> <Ports = 0> <Width = 7> <Depth = 320> <ROM>
ST_3 : Operation 651 [2/2] (1.23ns)   --->   "%p_ZL4Wfc0_33_load = load i9 %p_ZL4Wfc0_33_addr" [awn_int8.cpp:190]   --->   Operation 651 'load' 'p_ZL4Wfc0_33_load' <Predicate = true> <Delay = 1.23> <CoreInst = "ROM">   --->   Core 101 'ROM' <Latency = 1> <II = 1> <Delay = 1.23> <Storage> <Opcode : 'load'> <Ports = 0> <Width = 7> <Depth = 320> <ROM>
ST_3 : Operation 652 [2/2] (1.23ns)   --->   "%p_ZL4Wfc0_35_load = load i9 %p_ZL4Wfc0_35_addr" [awn_int8.cpp:190]   --->   Operation 652 'load' 'p_ZL4Wfc0_35_load' <Predicate = true> <Delay = 1.23> <CoreInst = "ROM">   --->   Core 101 'ROM' <Latency = 1> <II = 1> <Delay = 1.23> <Storage> <Opcode : 'load'> <Ports = 0> <Width = 7> <Depth = 320> <ROM>
ST_3 : Operation 653 [2/2] (1.23ns)   --->   "%p_ZL4Wfc0_37_load = load i9 %p_ZL4Wfc0_37_addr" [awn_int8.cpp:190]   --->   Operation 653 'load' 'p_ZL4Wfc0_37_load' <Predicate = true> <Delay = 1.23> <CoreInst = "ROM">   --->   Core 101 'ROM' <Latency = 1> <II = 1> <Delay = 1.23> <Storage> <Opcode : 'load'> <Ports = 0> <Width = 8> <Depth = 320> <ROM>
ST_3 : Operation 654 [2/2] (1.23ns)   --->   "%p_ZL4Wfc0_39_load = load i9 %p_ZL4Wfc0_39_addr" [awn_int8.cpp:190]   --->   Operation 654 'load' 'p_ZL4Wfc0_39_load' <Predicate = true> <Delay = 1.23> <CoreInst = "ROM">   --->   Core 101 'ROM' <Latency = 1> <II = 1> <Delay = 1.23> <Storage> <Opcode : 'load'> <Ports = 0> <Width = 7> <Depth = 320> <ROM>
ST_3 : Operation 655 [2/2] (1.23ns)   --->   "%p_ZL4Wfc0_41_load = load i9 %p_ZL4Wfc0_41_addr" [awn_int8.cpp:190]   --->   Operation 655 'load' 'p_ZL4Wfc0_41_load' <Predicate = true> <Delay = 1.23> <CoreInst = "ROM">   --->   Core 101 'ROM' <Latency = 1> <II = 1> <Delay = 1.23> <Storage> <Opcode : 'load'> <Ports = 0> <Width = 7> <Depth = 320> <ROM>
ST_3 : Operation 656 [2/2] (1.23ns)   --->   "%p_ZL4Wfc0_43_load = load i9 %p_ZL4Wfc0_43_addr" [awn_int8.cpp:190]   --->   Operation 656 'load' 'p_ZL4Wfc0_43_load' <Predicate = true> <Delay = 1.23> <CoreInst = "ROM">   --->   Core 101 'ROM' <Latency = 1> <II = 1> <Delay = 1.23> <Storage> <Opcode : 'load'> <Ports = 0> <Width = 7> <Depth = 320> <ROM>
ST_3 : Operation 657 [2/2] (1.23ns)   --->   "%p_ZL4Wfc0_45_load = load i9 %p_ZL4Wfc0_45_addr" [awn_int8.cpp:190]   --->   Operation 657 'load' 'p_ZL4Wfc0_45_load' <Predicate = true> <Delay = 1.23> <CoreInst = "ROM">   --->   Core 101 'ROM' <Latency = 1> <II = 1> <Delay = 1.23> <Storage> <Opcode : 'load'> <Ports = 0> <Width = 7> <Depth = 320> <ROM>
ST_3 : Operation 658 [2/2] (1.23ns)   --->   "%p_ZL4Wfc0_47_load = load i9 %p_ZL4Wfc0_47_addr" [awn_int8.cpp:190]   --->   Operation 658 'load' 'p_ZL4Wfc0_47_load' <Predicate = true> <Delay = 1.23> <CoreInst = "ROM">   --->   Core 101 'ROM' <Latency = 1> <II = 1> <Delay = 1.23> <Storage> <Opcode : 'load'> <Ports = 0> <Width = 7> <Depth = 320> <ROM>
ST_3 : Operation 659 [2/2] (1.23ns)   --->   "%p_ZL4Wfc0_49_load = load i9 %p_ZL4Wfc0_49_addr" [awn_int8.cpp:190]   --->   Operation 659 'load' 'p_ZL4Wfc0_49_load' <Predicate = true> <Delay = 1.23> <CoreInst = "ROM">   --->   Core 101 'ROM' <Latency = 1> <II = 1> <Delay = 1.23> <Storage> <Opcode : 'load'> <Ports = 0> <Width = 8> <Depth = 320> <ROM>
ST_3 : Operation 660 [2/2] (1.23ns)   --->   "%p_ZL4Wfc0_51_load = load i9 %p_ZL4Wfc0_51_addr" [awn_int8.cpp:190]   --->   Operation 660 'load' 'p_ZL4Wfc0_51_load' <Predicate = true> <Delay = 1.23> <CoreInst = "ROM">   --->   Core 101 'ROM' <Latency = 1> <II = 1> <Delay = 1.23> <Storage> <Opcode : 'load'> <Ports = 0> <Width = 8> <Depth = 320> <ROM>
ST_3 : Operation 661 [2/2] (1.23ns)   --->   "%p_ZL4Wfc0_53_load = load i9 %p_ZL4Wfc0_53_addr" [awn_int8.cpp:190]   --->   Operation 661 'load' 'p_ZL4Wfc0_53_load' <Predicate = true> <Delay = 1.23> <CoreInst = "ROM">   --->   Core 101 'ROM' <Latency = 1> <II = 1> <Delay = 1.23> <Storage> <Opcode : 'load'> <Ports = 0> <Width = 8> <Depth = 320> <ROM>
ST_3 : Operation 662 [2/2] (1.23ns)   --->   "%p_ZL4Wfc0_55_load = load i9 %p_ZL4Wfc0_55_addr" [awn_int8.cpp:190]   --->   Operation 662 'load' 'p_ZL4Wfc0_55_load' <Predicate = true> <Delay = 1.23> <CoreInst = "ROM">   --->   Core 101 'ROM' <Latency = 1> <II = 1> <Delay = 1.23> <Storage> <Opcode : 'load'> <Ports = 0> <Width = 7> <Depth = 320> <ROM>
ST_3 : Operation 663 [2/2] (1.23ns)   --->   "%p_ZL4Wfc0_57_load = load i9 %p_ZL4Wfc0_57_addr" [awn_int8.cpp:190]   --->   Operation 663 'load' 'p_ZL4Wfc0_57_load' <Predicate = true> <Delay = 1.23> <CoreInst = "ROM">   --->   Core 101 'ROM' <Latency = 1> <II = 1> <Delay = 1.23> <Storage> <Opcode : 'load'> <Ports = 0> <Width = 8> <Depth = 320> <ROM>
ST_3 : Operation 664 [2/2] (1.23ns)   --->   "%p_ZL4Wfc0_59_load = load i9 %p_ZL4Wfc0_59_addr" [awn_int8.cpp:190]   --->   Operation 664 'load' 'p_ZL4Wfc0_59_load' <Predicate = true> <Delay = 1.23> <CoreInst = "ROM">   --->   Core 101 'ROM' <Latency = 1> <II = 1> <Delay = 1.23> <Storage> <Opcode : 'load'> <Ports = 0> <Width = 8> <Depth = 320> <ROM>
ST_3 : Operation 665 [2/2] (1.23ns)   --->   "%p_ZL4Wfc0_61_load = load i9 %p_ZL4Wfc0_61_addr" [awn_int8.cpp:190]   --->   Operation 665 'load' 'p_ZL4Wfc0_61_load' <Predicate = true> <Delay = 1.23> <CoreInst = "ROM">   --->   Core 101 'ROM' <Latency = 1> <II = 1> <Delay = 1.23> <Storage> <Opcode : 'load'> <Ports = 0> <Width = 7> <Depth = 320> <ROM>
ST_3 : Operation 666 [2/2] (1.23ns)   --->   "%p_ZL4Wfc0_63_load = load i9 %p_ZL4Wfc0_63_addr" [awn_int8.cpp:190]   --->   Operation 666 'load' 'p_ZL4Wfc0_63_load' <Predicate = true> <Delay = 1.23> <CoreInst = "ROM">   --->   Core 101 'ROM' <Latency = 1> <II = 1> <Delay = 1.23> <Storage> <Opcode : 'load'> <Ports = 0> <Width = 7> <Depth = 320> <ROM>
ST_3 : Operation 667 [2/2] (1.23ns)   --->   "%p_ZL4Wfc0_65_load = load i9 %p_ZL4Wfc0_65_addr" [awn_int8.cpp:190]   --->   Operation 667 'load' 'p_ZL4Wfc0_65_load' <Predicate = true> <Delay = 1.23> <CoreInst = "ROM">   --->   Core 101 'ROM' <Latency = 1> <II = 1> <Delay = 1.23> <Storage> <Opcode : 'load'> <Ports = 0> <Width = 8> <Depth = 320> <ROM>
ST_3 : Operation 668 [2/2] (1.23ns)   --->   "%p_ZL4Wfc0_68_load = load i9 %p_ZL4Wfc0_68_addr" [awn_int8.cpp:190]   --->   Operation 668 'load' 'p_ZL4Wfc0_68_load' <Predicate = true> <Delay = 1.23> <CoreInst = "ROM">   --->   Core 101 'ROM' <Latency = 1> <II = 1> <Delay = 1.23> <Storage> <Opcode : 'load'> <Ports = 0> <Width = 8> <Depth = 320> <ROM>
ST_3 : Operation 669 [2/2] (1.23ns)   --->   "%p_ZL4Wfc0_69_load = load i9 %p_ZL4Wfc0_69_addr" [awn_int8.cpp:190]   --->   Operation 669 'load' 'p_ZL4Wfc0_69_load' <Predicate = true> <Delay = 1.23> <CoreInst = "ROM">   --->   Core 101 'ROM' <Latency = 1> <II = 1> <Delay = 1.23> <Storage> <Opcode : 'load'> <Ports = 0> <Width = 7> <Depth = 320> <ROM>
ST_3 : Operation 670 [2/2] (1.23ns)   --->   "%p_ZL4Wfc0_71_load = load i9 %p_ZL4Wfc0_71_addr" [awn_int8.cpp:190]   --->   Operation 670 'load' 'p_ZL4Wfc0_71_load' <Predicate = true> <Delay = 1.23> <CoreInst = "ROM">   --->   Core 101 'ROM' <Latency = 1> <II = 1> <Delay = 1.23> <Storage> <Opcode : 'load'> <Ports = 0> <Width = 8> <Depth = 320> <ROM>
ST_3 : Operation 671 [2/2] (1.23ns)   --->   "%p_ZL4Wfc0_73_load = load i9 %p_ZL4Wfc0_73_addr" [awn_int8.cpp:190]   --->   Operation 671 'load' 'p_ZL4Wfc0_73_load' <Predicate = true> <Delay = 1.23> <CoreInst = "ROM">   --->   Core 101 'ROM' <Latency = 1> <II = 1> <Delay = 1.23> <Storage> <Opcode : 'load'> <Ports = 0> <Width = 8> <Depth = 320> <ROM>
ST_3 : Operation 672 [2/2] (1.23ns)   --->   "%p_ZL4Wfc0_75_load = load i9 %p_ZL4Wfc0_75_addr" [awn_int8.cpp:190]   --->   Operation 672 'load' 'p_ZL4Wfc0_75_load' <Predicate = true> <Delay = 1.23> <CoreInst = "ROM">   --->   Core 101 'ROM' <Latency = 1> <II = 1> <Delay = 1.23> <Storage> <Opcode : 'load'> <Ports = 0> <Width = 8> <Depth = 320> <ROM>
ST_3 : Operation 673 [2/2] (1.23ns)   --->   "%p_ZL4Wfc0_77_load = load i9 %p_ZL4Wfc0_77_addr" [awn_int8.cpp:190]   --->   Operation 673 'load' 'p_ZL4Wfc0_77_load' <Predicate = true> <Delay = 1.23> <CoreInst = "ROM">   --->   Core 101 'ROM' <Latency = 1> <II = 1> <Delay = 1.23> <Storage> <Opcode : 'load'> <Ports = 0> <Width = 8> <Depth = 320> <ROM>
ST_3 : Operation 674 [2/2] (1.23ns)   --->   "%p_ZL4Wfc0_79_load = load i9 %p_ZL4Wfc0_79_addr" [awn_int8.cpp:190]   --->   Operation 674 'load' 'p_ZL4Wfc0_79_load' <Predicate = true> <Delay = 1.23> <CoreInst = "ROM">   --->   Core 101 'ROM' <Latency = 1> <II = 1> <Delay = 1.23> <Storage> <Opcode : 'load'> <Ports = 0> <Width = 7> <Depth = 320> <ROM>
ST_3 : Operation 675 [2/2] (1.23ns)   --->   "%p_ZL4Wfc0_81_load = load i9 %p_ZL4Wfc0_81_addr" [awn_int8.cpp:190]   --->   Operation 675 'load' 'p_ZL4Wfc0_81_load' <Predicate = true> <Delay = 1.23> <CoreInst = "ROM">   --->   Core 101 'ROM' <Latency = 1> <II = 1> <Delay = 1.23> <Storage> <Opcode : 'load'> <Ports = 0> <Width = 7> <Depth = 320> <ROM>
ST_3 : Operation 676 [2/2] (1.23ns)   --->   "%p_ZL4Wfc0_83_load = load i9 %p_ZL4Wfc0_83_addr" [awn_int8.cpp:190]   --->   Operation 676 'load' 'p_ZL4Wfc0_83_load' <Predicate = true> <Delay = 1.23> <CoreInst = "ROM">   --->   Core 101 'ROM' <Latency = 1> <II = 1> <Delay = 1.23> <Storage> <Opcode : 'load'> <Ports = 0> <Width = 8> <Depth = 320> <ROM>
ST_3 : Operation 677 [2/2] (1.23ns)   --->   "%p_ZL4Wfc0_85_load = load i9 %p_ZL4Wfc0_85_addr" [awn_int8.cpp:190]   --->   Operation 677 'load' 'p_ZL4Wfc0_85_load' <Predicate = true> <Delay = 1.23> <CoreInst = "ROM">   --->   Core 101 'ROM' <Latency = 1> <II = 1> <Delay = 1.23> <Storage> <Opcode : 'load'> <Ports = 0> <Width = 7> <Depth = 320> <ROM>
ST_3 : Operation 678 [2/2] (1.23ns)   --->   "%p_ZL4Wfc0_87_load = load i9 %p_ZL4Wfc0_87_addr" [awn_int8.cpp:190]   --->   Operation 678 'load' 'p_ZL4Wfc0_87_load' <Predicate = true> <Delay = 1.23> <CoreInst = "ROM">   --->   Core 101 'ROM' <Latency = 1> <II = 1> <Delay = 1.23> <Storage> <Opcode : 'load'> <Ports = 0> <Width = 8> <Depth = 320> <ROM>
ST_3 : Operation 679 [2/2] (1.23ns)   --->   "%p_ZL4Wfc0_89_load = load i9 %p_ZL4Wfc0_89_addr" [awn_int8.cpp:190]   --->   Operation 679 'load' 'p_ZL4Wfc0_89_load' <Predicate = true> <Delay = 1.23> <CoreInst = "ROM">   --->   Core 101 'ROM' <Latency = 1> <II = 1> <Delay = 1.23> <Storage> <Opcode : 'load'> <Ports = 0> <Width = 8> <Depth = 320> <ROM>
ST_3 : Operation 680 [2/2] (1.23ns)   --->   "%p_ZL4Wfc0_91_load = load i9 %p_ZL4Wfc0_91_addr" [awn_int8.cpp:190]   --->   Operation 680 'load' 'p_ZL4Wfc0_91_load' <Predicate = true> <Delay = 1.23> <CoreInst = "ROM">   --->   Core 101 'ROM' <Latency = 1> <II = 1> <Delay = 1.23> <Storage> <Opcode : 'load'> <Ports = 0> <Width = 7> <Depth = 320> <ROM>
ST_3 : Operation 681 [2/2] (1.23ns)   --->   "%p_ZL4Wfc0_93_load = load i9 %p_ZL4Wfc0_93_addr" [awn_int8.cpp:190]   --->   Operation 681 'load' 'p_ZL4Wfc0_93_load' <Predicate = true> <Delay = 1.23> <CoreInst = "ROM">   --->   Core 101 'ROM' <Latency = 1> <II = 1> <Delay = 1.23> <Storage> <Opcode : 'load'> <Ports = 0> <Width = 8> <Depth = 320> <ROM>
ST_3 : Operation 682 [2/2] (1.23ns)   --->   "%p_ZL4Wfc0_95_load = load i9 %p_ZL4Wfc0_95_addr" [awn_int8.cpp:190]   --->   Operation 682 'load' 'p_ZL4Wfc0_95_load' <Predicate = true> <Delay = 1.23> <CoreInst = "ROM">   --->   Core 101 'ROM' <Latency = 1> <II = 1> <Delay = 1.23> <Storage> <Opcode : 'load'> <Ports = 0> <Width = 8> <Depth = 320> <ROM>
ST_3 : Operation 683 [2/2] (1.23ns)   --->   "%p_ZL4Wfc0_97_load = load i9 %p_ZL4Wfc0_97_addr" [awn_int8.cpp:190]   --->   Operation 683 'load' 'p_ZL4Wfc0_97_load' <Predicate = true> <Delay = 1.23> <CoreInst = "ROM">   --->   Core 101 'ROM' <Latency = 1> <II = 1> <Delay = 1.23> <Storage> <Opcode : 'load'> <Ports = 0> <Width = 8> <Depth = 320> <ROM>
ST_3 : Operation 684 [2/2] (1.23ns)   --->   "%p_ZL4Wfc0_99_load = load i9 %p_ZL4Wfc0_99_addr" [awn_int8.cpp:190]   --->   Operation 684 'load' 'p_ZL4Wfc0_99_load' <Predicate = true> <Delay = 1.23> <CoreInst = "ROM">   --->   Core 101 'ROM' <Latency = 1> <II = 1> <Delay = 1.23> <Storage> <Opcode : 'load'> <Ports = 0> <Width = 7> <Depth = 320> <ROM>
ST_3 : Operation 685 [2/2] (1.23ns)   --->   "%p_ZL4Wfc0_101_load = load i9 %p_ZL4Wfc0_101_addr" [awn_int8.cpp:190]   --->   Operation 685 'load' 'p_ZL4Wfc0_101_load' <Predicate = true> <Delay = 1.23> <CoreInst = "ROM">   --->   Core 101 'ROM' <Latency = 1> <II = 1> <Delay = 1.23> <Storage> <Opcode : 'load'> <Ports = 0> <Width = 8> <Depth = 320> <ROM>
ST_3 : Operation 686 [2/2] (1.23ns)   --->   "%p_ZL4Wfc0_103_load = load i9 %p_ZL4Wfc0_103_addr" [awn_int8.cpp:190]   --->   Operation 686 'load' 'p_ZL4Wfc0_103_load' <Predicate = true> <Delay = 1.23> <CoreInst = "ROM">   --->   Core 101 'ROM' <Latency = 1> <II = 1> <Delay = 1.23> <Storage> <Opcode : 'load'> <Ports = 0> <Width = 8> <Depth = 320> <ROM>
ST_3 : Operation 687 [2/2] (1.23ns)   --->   "%p_ZL4Wfc0_105_load = load i9 %p_ZL4Wfc0_105_addr" [awn_int8.cpp:190]   --->   Operation 687 'load' 'p_ZL4Wfc0_105_load' <Predicate = true> <Delay = 1.23> <CoreInst = "ROM">   --->   Core 101 'ROM' <Latency = 1> <II = 1> <Delay = 1.23> <Storage> <Opcode : 'load'> <Ports = 0> <Width = 7> <Depth = 320> <ROM>
ST_3 : Operation 688 [2/2] (1.23ns)   --->   "%p_ZL4Wfc0_107_load = load i9 %p_ZL4Wfc0_107_addr" [awn_int8.cpp:190]   --->   Operation 688 'load' 'p_ZL4Wfc0_107_load' <Predicate = true> <Delay = 1.23> <CoreInst = "ROM">   --->   Core 101 'ROM' <Latency = 1> <II = 1> <Delay = 1.23> <Storage> <Opcode : 'load'> <Ports = 0> <Width = 7> <Depth = 320> <ROM>
ST_3 : Operation 689 [2/2] (1.23ns)   --->   "%p_ZL4Wfc0_109_load = load i9 %p_ZL4Wfc0_109_addr" [awn_int8.cpp:190]   --->   Operation 689 'load' 'p_ZL4Wfc0_109_load' <Predicate = true> <Delay = 1.23> <CoreInst = "ROM">   --->   Core 101 'ROM' <Latency = 1> <II = 1> <Delay = 1.23> <Storage> <Opcode : 'load'> <Ports = 0> <Width = 8> <Depth = 320> <ROM>
ST_3 : Operation 690 [1/2] (1.23ns)   --->   "%p_ZL4Wfc0_112_load = load i9 %p_ZL4Wfc0_112_addr" [awn_int8.cpp:190]   --->   Operation 690 'load' 'p_ZL4Wfc0_112_load' <Predicate = true> <Delay = 1.23> <CoreInst = "ROM">   --->   Core 101 'ROM' <Latency = 1> <II = 1> <Delay = 1.23> <Storage> <Opcode : 'load'> <Ports = 0> <Width = 8> <Depth = 320> <ROM>
ST_3 : Operation 691 [1/1] (0.00ns)   --->   "%sext_ln190_124 = sext i8 %p_ZL4Wfc0_112_load" [awn_int8.cpp:190]   --->   Operation 691 'sext' 'sext_ln190_124' <Predicate = true> <Delay = 0.00>
ST_3 : Operation 692 [1/2] (1.23ns)   --->   "%p_ZL4Wfc0_114_load = load i9 %p_ZL4Wfc0_114_addr" [awn_int8.cpp:190]   --->   Operation 692 'load' 'p_ZL4Wfc0_114_load' <Predicate = true> <Delay = 1.23> <CoreInst = "ROM">   --->   Core 101 'ROM' <Latency = 1> <II = 1> <Delay = 1.23> <Storage> <Opcode : 'load'> <Ports = 0> <Width = 8> <Depth = 320> <ROM>
ST_3 : Operation 693 [1/1] (0.00ns)   --->   "%sext_ln190_126 = sext i8 %p_ZL4Wfc0_114_load" [awn_int8.cpp:190]   --->   Operation 693 'sext' 'sext_ln190_126' <Predicate = true> <Delay = 0.00>
ST_3 : Operation 694 [1/2] (1.23ns)   --->   "%p_ZL4Wfc0_116_load = load i9 %p_ZL4Wfc0_116_addr" [awn_int8.cpp:190]   --->   Operation 694 'load' 'p_ZL4Wfc0_116_load' <Predicate = true> <Delay = 1.23> <CoreInst = "ROM">   --->   Core 101 'ROM' <Latency = 1> <II = 1> <Delay = 1.23> <Storage> <Opcode : 'load'> <Ports = 0> <Width = 8> <Depth = 320> <ROM>
ST_3 : Operation 695 [1/1] (0.00ns)   --->   "%sext_ln190_128 = sext i8 %p_ZL4Wfc0_116_load" [awn_int8.cpp:190]   --->   Operation 695 'sext' 'sext_ln190_128' <Predicate = true> <Delay = 0.00>
ST_3 : Operation 696 [1/2] (1.23ns)   --->   "%p_ZL4Wfc0_118_load = load i9 %p_ZL4Wfc0_118_addr" [awn_int8.cpp:190]   --->   Operation 696 'load' 'p_ZL4Wfc0_118_load' <Predicate = true> <Delay = 1.23> <CoreInst = "ROM">   --->   Core 101 'ROM' <Latency = 1> <II = 1> <Delay = 1.23> <Storage> <Opcode : 'load'> <Ports = 0> <Width = 7> <Depth = 320> <ROM>
ST_3 : Operation 697 [1/1] (0.00ns)   --->   "%sext_ln190_130 = sext i7 %p_ZL4Wfc0_118_load" [awn_int8.cpp:190]   --->   Operation 697 'sext' 'sext_ln190_130' <Predicate = true> <Delay = 0.00>
ST_3 : Operation 698 [1/2] (1.23ns)   --->   "%p_ZL4Wfc0_119_load = load i9 %p_ZL4Wfc0_119_addr" [awn_int8.cpp:190]   --->   Operation 698 'load' 'p_ZL4Wfc0_119_load' <Predicate = true> <Delay = 1.23> <CoreInst = "ROM">   --->   Core 101 'ROM' <Latency = 1> <II = 1> <Delay = 1.23> <Storage> <Opcode : 'load'> <Ports = 0> <Width = 7> <Depth = 320> <ROM>
ST_3 : Operation 699 [1/1] (0.00ns)   --->   "%sext_ln190_131 = sext i7 %p_ZL4Wfc0_119_load" [awn_int8.cpp:190]   --->   Operation 699 'sext' 'sext_ln190_131' <Predicate = true> <Delay = 0.00>
ST_3 : Operation 700 [1/2] (1.23ns)   --->   "%p_ZL4Wfc0_122_load = load i9 %p_ZL4Wfc0_122_addr" [awn_int8.cpp:190]   --->   Operation 700 'load' 'p_ZL4Wfc0_122_load' <Predicate = true> <Delay = 1.23> <CoreInst = "ROM">   --->   Core 101 'ROM' <Latency = 1> <II = 1> <Delay = 1.23> <Storage> <Opcode : 'load'> <Ports = 0> <Width = 7> <Depth = 320> <ROM>
ST_3 : Operation 701 [1/1] (0.00ns)   --->   "%sext_ln190_134 = sext i7 %p_ZL4Wfc0_122_load" [awn_int8.cpp:190]   --->   Operation 701 'sext' 'sext_ln190_134' <Predicate = true> <Delay = 0.00>
ST_3 : Operation 702 [1/2] (1.23ns)   --->   "%p_ZL4Wfc0_124_load = load i9 %p_ZL4Wfc0_124_addr" [awn_int8.cpp:190]   --->   Operation 702 'load' 'p_ZL4Wfc0_124_load' <Predicate = true> <Delay = 1.23> <CoreInst = "ROM">   --->   Core 101 'ROM' <Latency = 1> <II = 1> <Delay = 1.23> <Storage> <Opcode : 'load'> <Ports = 0> <Width = 7> <Depth = 320> <ROM>
ST_3 : Operation 703 [1/1] (0.00ns)   --->   "%sext_ln190_136 = sext i7 %p_ZL4Wfc0_124_load" [awn_int8.cpp:190]   --->   Operation 703 'sext' 'sext_ln190_136' <Predicate = true> <Delay = 0.00>
ST_3 : Operation 704 [1/2] (1.23ns)   --->   "%p_ZL4Wfc0_125_load = load i9 %p_ZL4Wfc0_125_addr" [awn_int8.cpp:190]   --->   Operation 704 'load' 'p_ZL4Wfc0_125_load' <Predicate = true> <Delay = 1.23> <CoreInst = "ROM">   --->   Core 101 'ROM' <Latency = 1> <II = 1> <Delay = 1.23> <Storage> <Opcode : 'load'> <Ports = 0> <Width = 8> <Depth = 320> <ROM>
ST_3 : Operation 705 [1/1] (0.00ns)   --->   "%sext_ln190_137 = sext i8 %p_ZL4Wfc0_125_load" [awn_int8.cpp:190]   --->   Operation 705 'sext' 'sext_ln190_137' <Predicate = true> <Delay = 0.00>
ST_3 : Operation 706 [2/2] (1.23ns)   --->   "%p_ZL4Wfc0_126_load = load i9 %p_ZL4Wfc0_126_addr" [awn_int8.cpp:190]   --->   Operation 706 'load' 'p_ZL4Wfc0_126_load' <Predicate = true> <Delay = 1.23> <CoreInst = "ROM">   --->   Core 101 'ROM' <Latency = 1> <II = 1> <Delay = 1.23> <Storage> <Opcode : 'load'> <Ports = 0> <Width = 7> <Depth = 320> <ROM>
ST_3 : Operation 707 [2/3] (0.99ns) (grouped into DSP with root node add_ln190_70)   --->   "%mul_ln190 = mul i16 %sext_ln190_84, i16 %x_load_72_cast_cast" [awn_int8.cpp:190]   --->   Operation 707 'mul' 'mul_ln190' <Predicate = true> <Delay = 0.99> <CoreInst = "DSP48">   --->   Core 127 'DSP48' <Latency = 3> <II = 1> <Delay = 0.53> <IPBlock> <Opcode : '' 'add' 'sub' 'mul' 'select'> <InPorts = 0> <OutPorts = 1> <Sync> <CReg>
ST_3 : Operation 708 [2/3] (0.99ns) (grouped into DSP with root node add_ln190_64)   --->   "%mul_ln190_1 = mul i16 %sext_ln190_78, i16 %x_load_66_cast_cast" [awn_int8.cpp:190]   --->   Operation 708 'mul' 'mul_ln190_1' <Predicate = true> <Delay = 0.99> <CoreInst = "DSP48">   --->   Core 127 'DSP48' <Latency = 3> <II = 1> <Delay = 0.53> <IPBlock> <Opcode : '' 'add' 'sub' 'mul' 'select'> <InPorts = 0> <OutPorts = 1> <Sync> <CReg>
ST_3 : Operation 709 [3/3] (0.99ns) (grouped into DSP with root node add_ln190_121)   --->   "%mul_ln190_4 = mul i16 %sext_ln190_137, i16 %x_load_125_cast_cast" [awn_int8.cpp:190]   --->   Operation 709 'mul' 'mul_ln190_4' <Predicate = true> <Delay = 0.99> <CoreInst = "DSP48">   --->   Core 127 'DSP48' <Latency = 3> <II = 1> <Delay = 0.53> <IPBlock> <Opcode : '' 'add' 'sub' 'mul' 'select'> <InPorts = 0> <OutPorts = 1> <Sync> <CReg>
ST_3 : Operation 710 [3/3] (0.99ns) (grouped into DSP with root node add_ln190_119)   --->   "%mul_ln190_7 = mul i15 %sext_ln190_136, i15 %x_load_124_cast_cast" [awn_int8.cpp:190]   --->   Operation 710 'mul' 'mul_ln190_7' <Predicate = true> <Delay = 0.99> <CoreInst = "DSP48">   --->   Core 127 'DSP48' <Latency = 3> <II = 1> <Delay = 0.53> <IPBlock> <Opcode : '' 'add' 'sub' 'mul' 'select'> <InPorts = 0> <OutPorts = 1> <Sync> <CReg>
ST_3 : Operation 711 [2/3] (0.99ns) (grouped into DSP with root node add_ln190_66)   --->   "%mul_ln190_12 = mul i15 %sext_ln190_79, i15 %x_load_67_cast_cast" [awn_int8.cpp:190]   --->   Operation 711 'mul' 'mul_ln190_12' <Predicate = true> <Delay = 0.99> <CoreInst = "DSP48">   --->   Core 127 'DSP48' <Latency = 3> <II = 1> <Delay = 0.53> <IPBlock> <Opcode : '' 'add' 'sub' 'mul' 'select'> <InPorts = 0> <OutPorts = 1> <Sync> <CReg>
ST_3 : Operation 712 [2/3] (0.99ns) (grouped into DSP with root node add_ln190_34)   --->   "%mul_ln190_13 = mul i15 %sext_ln190_48, i15 %sext_ln190_4_cast" [awn_int8.cpp:190]   --->   Operation 712 'mul' 'mul_ln190_13' <Predicate = true> <Delay = 0.99> <CoreInst = "DSP48">   --->   Core 127 'DSP48' <Latency = 3> <II = 1> <Delay = 0.53> <IPBlock> <Opcode : '' 'add' 'sub' 'mul' 'select'> <InPorts = 0> <OutPorts = 1> <Sync> <CReg>
ST_3 : Operation 713 [3/3] (0.99ns) (grouped into DSP with root node add_ln190_117)   --->   "%mul_ln190_16 = mul i15 %sext_ln190_134, i15 %x_load_122_cast_cast" [awn_int8.cpp:190]   --->   Operation 713 'mul' 'mul_ln190_16' <Predicate = true> <Delay = 0.99> <CoreInst = "DSP48">   --->   Core 127 'DSP48' <Latency = 3> <II = 1> <Delay = 0.53> <IPBlock> <Opcode : '' 'add' 'sub' 'mul' 'select'> <InPorts = 0> <OutPorts = 1> <Sync> <CReg>
ST_3 : Operation 714 [2/3] (0.99ns) (grouped into DSP with root node add_ln190_54)   --->   "%mul_ln190_18 = mul i15 %sext_ln190_70, i15 %x_load_58_cast_cast" [awn_int8.cpp:190]   --->   Operation 714 'mul' 'mul_ln190_18' <Predicate = true> <Delay = 0.99> <CoreInst = "DSP48">   --->   Core 127 'DSP48' <Latency = 3> <II = 1> <Delay = 0.53> <IPBlock> <Opcode : '' 'add' 'sub' 'mul' 'select'> <InPorts = 0> <OutPorts = 1> <Sync> <CReg>
ST_3 : Operation 715 [2/3] (0.99ns) (grouped into DSP with root node add_ln190_73)   --->   "%mul_ln190_19 = mul i15 %sext_ln190_88, i15 %x_load_76_cast_cast" [awn_int8.cpp:190]   --->   Operation 715 'mul' 'mul_ln190_19' <Predicate = true> <Delay = 0.99> <CoreInst = "DSP48">   --->   Core 127 'DSP48' <Latency = 3> <II = 1> <Delay = 0.53> <IPBlock> <Opcode : '' 'add' 'sub' 'mul' 'select'> <InPorts = 0> <OutPorts = 1> <Sync> <CReg>
ST_3 : Operation 716 [2/3] (0.99ns) (grouped into DSP with root node add_ln190_7)   --->   "%mul_ln190_20 = mul i15 %sext_ln190_20, i15 %x_load_8_cast_cast" [awn_int8.cpp:190]   --->   Operation 716 'mul' 'mul_ln190_20' <Predicate = true> <Delay = 0.99> <CoreInst = "DSP48">   --->   Core 127 'DSP48' <Latency = 3> <II = 1> <Delay = 0.53> <IPBlock> <Opcode : '' 'add' 'sub' 'mul' 'select'> <InPorts = 0> <OutPorts = 1> <Sync> <CReg>
ST_3 : Operation 717 [2/3] (0.99ns) (grouped into DSP with root node add_ln190_10)   --->   "%mul_ln190_23 = mul i15 %sext_ln190_24, i15 %x_load_12_cast_cast" [awn_int8.cpp:190]   --->   Operation 717 'mul' 'mul_ln190_23' <Predicate = true> <Delay = 0.99> <CoreInst = "DSP48">   --->   Core 127 'DSP48' <Latency = 3> <II = 1> <Delay = 0.53> <IPBlock> <Opcode : '' 'add' 'sub' 'mul' 'select'> <InPorts = 0> <OutPorts = 1> <Sync> <CReg>
ST_3 : Operation 718 [2/3] (0.99ns) (grouped into DSP with root node add_ln190_16)   --->   "%mul_ln190_24 = mul i15 %sext_ln190_30, i15 %sext_ln190_2_cast" [awn_int8.cpp:190]   --->   Operation 718 'mul' 'mul_ln190_24' <Predicate = true> <Delay = 0.99> <CoreInst = "DSP48">   --->   Core 127 'DSP48' <Latency = 3> <II = 1> <Delay = 0.53> <IPBlock> <Opcode : '' 'add' 'sub' 'mul' 'select'> <InPorts = 0> <OutPorts = 1> <Sync> <CReg>
ST_3 : Operation 719 [2/3] (0.99ns) (grouped into DSP with root node add_ln190_4)   --->   "%mul_ln190_25 = mul i16 %sext_ln190_18, i16 %x_load_6_cast_cast" [awn_int8.cpp:190]   --->   Operation 719 'mul' 'mul_ln190_25' <Predicate = true> <Delay = 0.99> <CoreInst = "DSP48">   --->   Core 127 'DSP48' <Latency = 3> <II = 1> <Delay = 0.53> <IPBlock> <Opcode : '' 'add' 'sub' 'mul' 'select'> <InPorts = 0> <OutPorts = 1> <Sync> <CReg>
ST_3 : Operation 720 [2/3] (0.99ns) (grouped into DSP with root node add_ln190_89)   --->   "%mul_ln190_26 = mul i16 %sext_ln190_106, i16 %x_load_94_cast_cast" [awn_int8.cpp:190]   --->   Operation 720 'mul' 'mul_ln190_26' <Predicate = true> <Delay = 0.99> <CoreInst = "DSP48">   --->   Core 127 'DSP48' <Latency = 3> <II = 1> <Delay = 0.53> <IPBlock> <Opcode : '' 'add' 'sub' 'mul' 'select'> <InPorts = 0> <OutPorts = 1> <Sync> <CReg>
ST_3 : Operation 721 [2/3] (0.99ns) (grouped into DSP with root node add_ln190_105)   --->   "%mul_ln190_34 = mul i15 %sext_ln190_122, i15 %x_load_110_cast_cast" [awn_int8.cpp:190]   --->   Operation 721 'mul' 'mul_ln190_34' <Predicate = true> <Delay = 0.99> <CoreInst = "DSP48">   --->   Core 127 'DSP48' <Latency = 3> <II = 1> <Delay = 0.53> <IPBlock> <Opcode : '' 'add' 'sub' 'mul' 'select'> <InPorts = 0> <OutPorts = 1> <Sync> <CReg>
ST_3 : Operation 722 [2/3] (0.99ns) (grouped into DSP with root node add_ln190)   --->   "%mul_ln190_35 = mul i15 %sext_ln190_12, i15 %sext_ln190_cast" [awn_int8.cpp:190]   --->   Operation 722 'mul' 'mul_ln190_35' <Predicate = true> <Delay = 0.99> <CoreInst = "DSP48">   --->   Core 127 'DSP48' <Latency = 3> <II = 1> <Delay = 0.53> <IPBlock> <Opcode : '' 'add' 'sub' 'mul' 'select'> <InPorts = 0> <OutPorts = 1> <Sync> <CReg>
ST_3 : Operation 723 [3/3] (0.99ns) (grouped into DSP with root node add_ln190_116)   --->   "%mul_ln190_37 = mul i15 %sext_ln190_131, i15 %x_load_119_cast_cast" [awn_int8.cpp:190]   --->   Operation 723 'mul' 'mul_ln190_37' <Predicate = true> <Delay = 0.99> <CoreInst = "DSP48">   --->   Core 127 'DSP48' <Latency = 3> <II = 1> <Delay = 0.53> <IPBlock> <Opcode : '' 'add' 'sub' 'mul' 'select'> <InPorts = 0> <OutPorts = 1> <Sync> <CReg>
ST_3 : Operation 724 [2/3] (0.99ns) (grouped into DSP with root node add_ln190_22)   --->   "%mul_ln190_38 = mul i15 %sext_ln190_36, i15 %x_load_24_cast_cast" [awn_int8.cpp:190]   --->   Operation 724 'mul' 'mul_ln190_38' <Predicate = true> <Delay = 0.99> <CoreInst = "DSP48">   --->   Core 127 'DSP48' <Latency = 3> <II = 1> <Delay = 0.53> <IPBlock> <Opcode : '' 'add' 'sub' 'mul' 'select'> <InPorts = 0> <OutPorts = 1> <Sync> <CReg>
ST_3 : Operation 725 [2/3] (0.99ns) (grouped into DSP with root node add_ln190_53)   --->   "%mul_ln190_43 = mul i15 %sext_ln190_68, i15 %x_load_56_cast_cast" [awn_int8.cpp:190]   --->   Operation 725 'mul' 'mul_ln190_43' <Predicate = true> <Delay = 0.99> <CoreInst = "DSP48">   --->   Core 127 'DSP48' <Latency = 3> <II = 1> <Delay = 0.53> <IPBlock> <Opcode : '' 'add' 'sub' 'mul' 'select'> <InPorts = 0> <OutPorts = 1> <Sync> <CReg>
ST_3 : Operation 726 [2/3] (0.99ns) (grouped into DSP with root node add_ln190_97)   --->   "%mul_ln190_45 = mul i15 %sext_ln190_112, i15 %x_load_100_cast_cast" [awn_int8.cpp:190]   --->   Operation 726 'mul' 'mul_ln190_45' <Predicate = true> <Delay = 0.99> <CoreInst = "DSP48">   --->   Core 127 'DSP48' <Latency = 3> <II = 1> <Delay = 0.53> <IPBlock> <Opcode : '' 'add' 'sub' 'mul' 'select'> <InPorts = 0> <OutPorts = 1> <Sync> <CReg>
ST_3 : Operation 727 [3/3] (0.99ns) (grouped into DSP with root node add_ln190_113)   --->   "%mul_ln190_46 = mul i15 %sext_ln190_130, i15 %x_load_118_cast_cast" [awn_int8.cpp:190]   --->   Operation 727 'mul' 'mul_ln190_46' <Predicate = true> <Delay = 0.99> <CoreInst = "DSP48">   --->   Core 127 'DSP48' <Latency = 3> <II = 1> <Delay = 0.53> <IPBlock> <Opcode : '' 'add' 'sub' 'mul' 'select'> <InPorts = 0> <OutPorts = 1> <Sync> <CReg>
ST_3 : Operation 728 [2/3] (0.99ns) (grouped into DSP with root node add_ln190_19)   --->   "%mul_ln190_47 = mul i15 %sext_ln190_33, i15 %x_load_21_cast_cast" [awn_int8.cpp:190]   --->   Operation 728 'mul' 'mul_ln190_47' <Predicate = true> <Delay = 0.99> <CoreInst = "DSP48">   --->   Core 127 'DSP48' <Latency = 3> <II = 1> <Delay = 0.53> <IPBlock> <Opcode : '' 'add' 'sub' 'mul' 'select'> <InPorts = 0> <OutPorts = 1> <Sync> <CReg>
ST_3 : Operation 729 [2/3] (0.99ns) (grouped into DSP with root node add_ln190_101)   --->   "%mul_ln190_49 = mul i16 %sext_ln190_116, i16 %x_load_104_cast_cast" [awn_int8.cpp:190]   --->   Operation 729 'mul' 'mul_ln190_49' <Predicate = true> <Delay = 0.99> <CoreInst = "DSP48">   --->   Core 127 'DSP48' <Latency = 3> <II = 1> <Delay = 0.53> <IPBlock> <Opcode : '' 'add' 'sub' 'mul' 'select'> <InPorts = 0> <OutPorts = 1> <Sync> <CReg>
ST_3 : Operation 730 [2/3] (0.99ns) (grouped into DSP with root node add_ln190_39)   --->   "%mul_ln190_51 = mul i15 %sext_ln190_54, i15 %x_load_42_cast_cast" [awn_int8.cpp:190]   --->   Operation 730 'mul' 'mul_ln190_51' <Predicate = true> <Delay = 0.99> <CoreInst = "DSP48">   --->   Core 127 'DSP48' <Latency = 3> <II = 1> <Delay = 0.53> <IPBlock> <Opcode : '' 'add' 'sub' 'mul' 'select'> <InPorts = 0> <OutPorts = 1> <Sync> <CReg>
ST_3 : Operation 731 [2/3] (0.99ns) (grouped into DSP with root node add_ln190_31)   --->   "%mul_ln190_52 = mul i15 %sext_ln190_44, i15 %x_load_32_cast_cast" [awn_int8.cpp:190]   --->   Operation 731 'mul' 'mul_ln190_52' <Predicate = true> <Delay = 0.99> <CoreInst = "DSP48">   --->   Core 127 'DSP48' <Latency = 3> <II = 1> <Delay = 0.53> <IPBlock> <Opcode : '' 'add' 'sub' 'mul' 'select'> <InPorts = 0> <OutPorts = 1> <Sync> <CReg>
ST_3 : Operation 732 [2/3] (0.99ns) (grouped into DSP with root node add_ln190_26)   --->   "%mul_ln190_53 = mul i15 %sext_ln190_42, i15 %x_load_30_cast_cast" [awn_int8.cpp:190]   --->   Operation 732 'mul' 'mul_ln190_53' <Predicate = true> <Delay = 0.99> <CoreInst = "DSP48">   --->   Core 127 'DSP48' <Latency = 3> <II = 1> <Delay = 0.53> <IPBlock> <Opcode : '' 'add' 'sub' 'mul' 'select'> <InPorts = 0> <OutPorts = 1> <Sync> <CReg>
ST_3 : Operation 733 [2/3] (0.99ns) (grouped into DSP with root node add_ln190_47)   --->   "%mul_ln190_55 = mul i16 %sext_ln190_62, i16 %x_load_50_cast_cast" [awn_int8.cpp:190]   --->   Operation 733 'mul' 'mul_ln190_55' <Predicate = true> <Delay = 0.99> <CoreInst = "DSP48">   --->   Core 127 'DSP48' <Latency = 3> <II = 1> <Delay = 0.53> <IPBlock> <Opcode : '' 'add' 'sub' 'mul' 'select'> <InPorts = 0> <OutPorts = 1> <Sync> <CReg>
ST_3 : Operation 734 [2/3] (0.99ns) (grouped into DSP with root node add_ln190_38)   --->   "%mul_ln190_58 = mul i15 %sext_ln190_52, i15 %x_load_40_cast_cast" [awn_int8.cpp:190]   --->   Operation 734 'mul' 'mul_ln190_58' <Predicate = true> <Delay = 0.99> <CoreInst = "DSP48">   --->   Core 127 'DSP48' <Latency = 3> <II = 1> <Delay = 0.53> <IPBlock> <Opcode : '' 'add' 'sub' 'mul' 'select'> <InPorts = 0> <OutPorts = 1> <Sync> <CReg>
ST_3 : Operation 735 [2/3] (0.99ns) (grouped into DSP with root node add_ln190_81)   --->   "%mul_ln190_59 = mul i16 %sext_ln190_96, i16 %x_load_84_cast_cast" [awn_int8.cpp:190]   --->   Operation 735 'mul' 'mul_ln190_59' <Predicate = true> <Delay = 0.99> <CoreInst = "DSP48">   --->   Core 127 'DSP48' <Latency = 3> <II = 1> <Delay = 0.53> <IPBlock> <Opcode : '' 'add' 'sub' 'mul' 'select'> <InPorts = 0> <OutPorts = 1> <Sync> <CReg>
ST_3 : Operation 736 [2/3] (0.99ns) (grouped into DSP with root node add_ln190_41)   --->   "%mul_ln190_60 = mul i15 %sext_ln190_56, i15 %x_load_44_cast_cast" [awn_int8.cpp:190]   --->   Operation 736 'mul' 'mul_ln190_60' <Predicate = true> <Delay = 0.99> <CoreInst = "DSP48">   --->   Core 127 'DSP48' <Latency = 3> <II = 1> <Delay = 0.53> <IPBlock> <Opcode : '' 'add' 'sub' 'mul' 'select'> <InPorts = 0> <OutPorts = 1> <Sync> <CReg>
ST_3 : Operation 737 [2/3] (0.99ns) (grouped into DSP with root node add_ln190_82)   --->   "%mul_ln190_61 = mul i15 %sext_ln190_98, i15 %sext_ln190_7_cast" [awn_int8.cpp:190]   --->   Operation 737 'mul' 'mul_ln190_61' <Predicate = true> <Delay = 0.99> <CoreInst = "DSP48">   --->   Core 127 'DSP48' <Latency = 3> <II = 1> <Delay = 0.53> <IPBlock> <Opcode : '' 'add' 'sub' 'mul' 'select'> <InPorts = 0> <OutPorts = 1> <Sync> <CReg>
ST_3 : Operation 738 [2/3] (0.99ns) (grouped into DSP with root node add_ln190_1)   --->   "%mul_ln190_63 = mul i15 %sext_ln190_13, i15 %x_load_1_cast_cast" [awn_int8.cpp:190]   --->   Operation 738 'mul' 'mul_ln190_63' <Predicate = true> <Delay = 0.99> <CoreInst = "DSP48">   --->   Core 127 'DSP48' <Latency = 3> <II = 1> <Delay = 0.53> <IPBlock> <Opcode : '' 'add' 'sub' 'mul' 'select'> <InPorts = 0> <OutPorts = 1> <Sync> <CReg>
ST_3 : Operation 739 [2/3] (0.99ns) (grouped into DSP with root node add_ln190_79)   --->   "%mul_ln190_65 = mul i15 %sext_ln190_94, i15 %x_load_82_cast_cast" [awn_int8.cpp:190]   --->   Operation 739 'mul' 'mul_ln190_65' <Predicate = true> <Delay = 0.99> <CoreInst = "DSP48">   --->   Core 127 'DSP48' <Latency = 3> <II = 1> <Delay = 0.53> <IPBlock> <Opcode : '' 'add' 'sub' 'mul' 'select'> <InPorts = 0> <OutPorts = 1> <Sync> <CReg>
ST_3 : Operation 740 [2/3] (0.99ns) (grouped into DSP with root node add_ln190_46)   --->   "%mul_ln190_66 = mul i15 %sext_ln190_60, i15 %sext_ln190_6_cast" [awn_int8.cpp:190]   --->   Operation 740 'mul' 'mul_ln190_66' <Predicate = true> <Delay = 0.99> <CoreInst = "DSP48">   --->   Core 127 'DSP48' <Latency = 3> <II = 1> <Delay = 0.53> <IPBlock> <Opcode : '' 'add' 'sub' 'mul' 'select'> <InPorts = 0> <OutPorts = 1> <Sync> <CReg>
ST_3 : Operation 741 [2/3] (0.99ns) (grouped into DSP with root node add_ln190_71)   --->   "%mul_ln190_67 = mul i15 %sext_ln190_86, i15 %x_load_74_cast_cast" [awn_int8.cpp:190]   --->   Operation 741 'mul' 'mul_ln190_67' <Predicate = true> <Delay = 0.99> <CoreInst = "DSP48">   --->   Core 127 'DSP48' <Latency = 3> <II = 1> <Delay = 0.53> <IPBlock> <Opcode : '' 'add' 'sub' 'mul' 'select'> <InPorts = 0> <OutPorts = 1> <Sync> <CReg>
ST_3 : Operation 742 [3/3] (0.99ns) (grouped into DSP with root node add_ln190_112)   --->   "%mul_ln190_68 = mul i16 %sext_ln190_128, i16 %x_load_116_cast_cast" [awn_int8.cpp:190]   --->   Operation 742 'mul' 'mul_ln190_68' <Predicate = true> <Delay = 0.99> <CoreInst = "DSP48">   --->   Core 127 'DSP48' <Latency = 3> <II = 1> <Delay = 0.53> <IPBlock> <Opcode : '' 'add' 'sub' 'mul' 'select'> <InPorts = 0> <OutPorts = 1> <Sync> <CReg>
ST_3 : Operation 743 [2/3] (0.99ns) (grouped into DSP with root node add_ln190_94)   --->   "%mul_ln190_69 = mul i16 %sext_ln190_108, i16 %x_load_96_cast_cast" [awn_int8.cpp:190]   --->   Operation 743 'mul' 'mul_ln190_69' <Predicate = true> <Delay = 0.99> <CoreInst = "DSP48">   --->   Core 127 'DSP48' <Latency = 3> <II = 1> <Delay = 0.53> <IPBlock> <Opcode : '' 'add' 'sub' 'mul' 'select'> <InPorts = 0> <OutPorts = 1> <Sync> <CReg>
ST_3 : Operation 744 [2/3] (0.99ns) (grouped into DSP with root node add_ln190_85)   --->   "%mul_ln190_73 = mul i15 %sext_ln190_100, i15 %x_load_88_cast_cast" [awn_int8.cpp:190]   --->   Operation 744 'mul' 'mul_ln190_73' <Predicate = true> <Delay = 0.99> <CoreInst = "DSP48">   --->   Core 127 'DSP48' <Latency = 3> <II = 1> <Delay = 0.53> <IPBlock> <Opcode : '' 'add' 'sub' 'mul' 'select'> <InPorts = 0> <OutPorts = 1> <Sync> <CReg>
ST_3 : Operation 745 [2/3] (0.99ns) (grouped into DSP with root node add_ln190_67)   --->   "%mul_ln190_74 = mul i15 %sext_ln190_82, i15 %x_load_70_cast_cast" [awn_int8.cpp:190]   --->   Operation 745 'mul' 'mul_ln190_74' <Predicate = true> <Delay = 0.99> <CoreInst = "DSP48">   --->   Core 127 'DSP48' <Latency = 3> <II = 1> <Delay = 0.53> <IPBlock> <Opcode : '' 'add' 'sub' 'mul' 'select'> <InPorts = 0> <OutPorts = 1> <Sync> <CReg>
ST_3 : Operation 746 [2/3] (0.99ns) (grouped into DSP with root node add_ln190_3)   --->   "%mul_ln190_75 = mul i15 %sext_ln190_15, i15 %x_load_3_cast_cast" [awn_int8.cpp:190]   --->   Operation 746 'mul' 'mul_ln190_75' <Predicate = true> <Delay = 0.99> <CoreInst = "DSP48">   --->   Core 127 'DSP48' <Latency = 3> <II = 1> <Delay = 0.53> <IPBlock> <Opcode : '' 'add' 'sub' 'mul' 'select'> <InPorts = 0> <OutPorts = 1> <Sync> <CReg>
ST_3 : Operation 747 [2/3] (0.99ns) (grouped into DSP with root node add_ln190_104)   --->   "%mul_ln190_76 = mul i15 %sext_ln190_120, i15 %x_load_108_cast_cast" [awn_int8.cpp:190]   --->   Operation 747 'mul' 'mul_ln190_76' <Predicate = true> <Delay = 0.99> <CoreInst = "DSP48">   --->   Core 127 'DSP48' <Latency = 3> <II = 1> <Delay = 0.53> <IPBlock> <Opcode : '' 'add' 'sub' 'mul' 'select'> <InPorts = 0> <OutPorts = 1> <Sync> <CReg>
ST_3 : Operation 748 [2/3] (0.99ns) (grouped into DSP with root node add_ln190_25)   --->   "%mul_ln190_77 = mul i15 %sext_ln190_40, i15 %x_load_28_cast_cast" [awn_int8.cpp:190]   --->   Operation 748 'mul' 'mul_ln190_77' <Predicate = true> <Delay = 0.99> <CoreInst = "DSP48">   --->   Core 127 'DSP48' <Latency = 3> <II = 1> <Delay = 0.53> <IPBlock> <Opcode : '' 'add' 'sub' 'mul' 'select'> <InPorts = 0> <OutPorts = 1> <Sync> <CReg>
ST_3 : Operation 749 [2/3] (0.99ns) (grouped into DSP with root node add_ln190_50)   --->   "%mul_ln190_79 = mul i16 %sext_ln190_66, i16 %x_load_54_cast_cast" [awn_int8.cpp:190]   --->   Operation 749 'mul' 'mul_ln190_79' <Predicate = true> <Delay = 0.99> <CoreInst = "DSP48">   --->   Core 127 'DSP48' <Latency = 3> <II = 1> <Delay = 0.53> <IPBlock> <Opcode : '' 'add' 'sub' 'mul' 'select'> <InPorts = 0> <OutPorts = 1> <Sync> <CReg>
ST_3 : Operation 750 [2/3] (0.99ns) (grouped into DSP with root node add_ln190_32)   --->   "%mul_ln190_81 = mul i15 %sext_ln190_46, i15 %x_load_34_cast_cast" [awn_int8.cpp:190]   --->   Operation 750 'mul' 'mul_ln190_81' <Predicate = true> <Delay = 0.99> <CoreInst = "DSP48">   --->   Core 127 'DSP48' <Latency = 3> <II = 1> <Delay = 0.53> <IPBlock> <Opcode : '' 'add' 'sub' 'mul' 'select'> <InPorts = 0> <OutPorts = 1> <Sync> <CReg>
ST_3 : Operation 751 [2/3] (0.99ns) (grouped into DSP with root node add_ln190_35)   --->   "%mul_ln190_84 = mul i16 %sext_ln190_50, i16 %x_load_38_cast_cast" [awn_int8.cpp:190]   --->   Operation 751 'mul' 'mul_ln190_84' <Predicate = true> <Delay = 0.99> <CoreInst = "DSP48">   --->   Core 127 'DSP48' <Latency = 3> <II = 1> <Delay = 0.53> <IPBlock> <Opcode : '' 'add' 'sub' 'mul' 'select'> <InPorts = 0> <OutPorts = 1> <Sync> <CReg>
ST_3 : Operation 752 [2/3] (0.99ns) (grouped into DSP with root node add_ln190_78)   --->   "%mul_ln190_85 = mul i15 %sext_ln190_92, i15 %x_load_80_cast_cast" [awn_int8.cpp:190]   --->   Operation 752 'mul' 'mul_ln190_85' <Predicate = true> <Delay = 0.99> <CoreInst = "DSP48">   --->   Core 127 'DSP48' <Latency = 3> <II = 1> <Delay = 0.53> <IPBlock> <Opcode : '' 'add' 'sub' 'mul' 'select'> <InPorts = 0> <OutPorts = 1> <Sync> <CReg>
ST_3 : Operation 753 [2/3] (0.99ns) (grouped into DSP with root node add_ln190_42)   --->   "%mul_ln190_86 = mul i15 %sext_ln190_58, i15 %sext_ln190_5_cast" [awn_int8.cpp:190]   --->   Operation 753 'mul' 'mul_ln190_86' <Predicate = true> <Delay = 0.99> <CoreInst = "DSP48">   --->   Core 127 'DSP48' <Latency = 3> <II = 1> <Delay = 0.53> <IPBlock> <Opcode : '' 'add' 'sub' 'mul' 'select'> <InPorts = 0> <OutPorts = 1> <Sync> <CReg>
ST_3 : Operation 754 [2/3] (0.99ns) (grouped into DSP with root node add_ln190_8)   --->   "%mul_ln190_89 = mul i16 %sext_ln190_22, i16 %x_load_10_cast_cast" [awn_int8.cpp:190]   --->   Operation 754 'mul' 'mul_ln190_89' <Predicate = true> <Delay = 0.99> <CoreInst = "DSP48">   --->   Core 127 'DSP48' <Latency = 3> <II = 1> <Delay = 0.53> <IPBlock> <Opcode : '' 'add' 'sub' 'mul' 'select'> <InPorts = 0> <OutPorts = 1> <Sync> <CReg>
ST_3 : Operation 755 [2/3] (0.99ns) (grouped into DSP with root node add_ln190_86)   --->   "%mul_ln190_91 = mul i16 %sext_ln190_102, i16 %x_load_90_cast_cast" [awn_int8.cpp:190]   --->   Operation 755 'mul' 'mul_ln190_91' <Predicate = true> <Delay = 0.99> <CoreInst = "DSP48">   --->   Core 127 'DSP48' <Latency = 3> <II = 1> <Delay = 0.53> <IPBlock> <Opcode : '' 'add' 'sub' 'mul' 'select'> <InPorts = 0> <OutPorts = 1> <Sync> <CReg>
ST_3 : Operation 756 [3/3] (0.99ns) (grouped into DSP with root node add_ln190_110)   --->   "%mul_ln190_93 = mul i16 %sext_ln190_126, i16 %x_load_114_cast_cast" [awn_int8.cpp:190]   --->   Operation 756 'mul' 'mul_ln190_93' <Predicate = true> <Delay = 0.99> <CoreInst = "DSP48">   --->   Core 127 'DSP48' <Latency = 3> <II = 1> <Delay = 0.53> <IPBlock> <Opcode : '' 'add' 'sub' 'mul' 'select'> <InPorts = 0> <OutPorts = 1> <Sync> <CReg>
ST_3 : Operation 757 [2/3] (0.99ns) (grouped into DSP with root node add_ln190_15)   --->   "%mul_ln190_95 = mul i15 %sext_ln190_28, i15 %sext_ln190_1_cast" [awn_int8.cpp:190]   --->   Operation 757 'mul' 'mul_ln190_95' <Predicate = true> <Delay = 0.99> <CoreInst = "DSP48">   --->   Core 127 'DSP48' <Latency = 3> <II = 1> <Delay = 0.53> <IPBlock> <Opcode : '' 'add' 'sub' 'mul' 'select'> <InPorts = 0> <OutPorts = 1> <Sync> <CReg>
ST_3 : Operation 758 [2/3] (0.99ns) (grouped into DSP with root node add_ln190_23)   --->   "%mul_ln190_102 = mul i16 %sext_ln190_38, i16 %x_load_26_cast_cast" [awn_int8.cpp:190]   --->   Operation 758 'mul' 'mul_ln190_102' <Predicate = true> <Delay = 0.99> <CoreInst = "DSP48">   --->   Core 127 'DSP48' <Latency = 3> <II = 1> <Delay = 0.53> <IPBlock> <Opcode : '' 'add' 'sub' 'mul' 'select'> <InPorts = 0> <OutPorts = 1> <Sync> <CReg>
ST_3 : Operation 759 [2/3] (0.99ns) (grouped into DSP with root node add_ln190_74)   --->   "%mul_ln190_106 = mul i16 %sext_ln190_90, i16 %x_load_78_cast_cast" [awn_int8.cpp:190]   --->   Operation 759 'mul' 'mul_ln190_106' <Predicate = true> <Delay = 0.99> <CoreInst = "DSP48">   --->   Core 127 'DSP48' <Latency = 3> <II = 1> <Delay = 0.53> <IPBlock> <Opcode : '' 'add' 'sub' 'mul' 'select'> <InPorts = 0> <OutPorts = 1> <Sync> <CReg>
ST_3 : Operation 760 [2/3] (0.99ns) (grouped into DSP with root node add_ln190_98)   --->   "%mul_ln190_107 = mul i15 %sext_ln190_114, i15 %x_load_102_cast_cast" [awn_int8.cpp:190]   --->   Operation 760 'mul' 'mul_ln190_107' <Predicate = true> <Delay = 0.99> <CoreInst = "DSP48">   --->   Core 127 'DSP48' <Latency = 3> <II = 1> <Delay = 0.53> <IPBlock> <Opcode : '' 'add' 'sub' 'mul' 'select'> <InPorts = 0> <OutPorts = 1> <Sync> <CReg>
ST_3 : Operation 761 [2/3] (0.99ns) (grouped into DSP with root node add_ln190_63)   --->   "%mul_ln190_112 = mul i15 %sext_ln190_76, i15 %x_load_64_cast_cast" [awn_int8.cpp:190]   --->   Operation 761 'mul' 'mul_ln190_112' <Predicate = true> <Delay = 0.99> <CoreInst = "DSP48">   --->   Core 127 'DSP48' <Latency = 3> <II = 1> <Delay = 0.53> <IPBlock> <Opcode : '' 'add' 'sub' 'mul' 'select'> <InPorts = 0> <OutPorts = 1> <Sync> <CReg>
ST_3 : Operation 762 [2/3] (0.99ns) (grouped into DSP with root node add_ln190_57)   --->   "%mul_ln190_113 = mul i15 %sext_ln190_74, i15 %x_load_62_cast_cast" [awn_int8.cpp:190]   --->   Operation 762 'mul' 'mul_ln190_113' <Predicate = true> <Delay = 0.99> <CoreInst = "DSP48">   --->   Core 127 'DSP48' <Latency = 3> <II = 1> <Delay = 0.53> <IPBlock> <Opcode : '' 'add' 'sub' 'mul' 'select'> <InPorts = 0> <OutPorts = 1> <Sync> <CReg>
ST_3 : Operation 763 [2/3] (0.99ns) (grouped into DSP with root node add_ln190_18)   --->   "%mul_ln190_114 = mul i15 %sext_ln190_32, i15 %x_load_20_cast_cast" [awn_int8.cpp:190]   --->   Operation 763 'mul' 'mul_ln190_114' <Predicate = true> <Delay = 0.99> <CoreInst = "DSP48">   --->   Core 127 'DSP48' <Latency = 3> <II = 1> <Delay = 0.53> <IPBlock> <Opcode : '' 'add' 'sub' 'mul' 'select'> <InPorts = 0> <OutPorts = 1> <Sync> <CReg>
ST_3 : Operation 764 [2/3] (0.99ns) (grouped into DSP with root node add_ln190_95)   --->   "%mul_ln190_117 = mul i15 %sext_ln190_110, i15 %x_load_98_cast_cast" [awn_int8.cpp:190]   --->   Operation 764 'mul' 'mul_ln190_117' <Predicate = true> <Delay = 0.99> <CoreInst = "DSP48">   --->   Core 127 'DSP48' <Latency = 3> <II = 1> <Delay = 0.53> <IPBlock> <Opcode : '' 'add' 'sub' 'mul' 'select'> <InPorts = 0> <OutPorts = 1> <Sync> <CReg>
ST_3 : Operation 765 [2/3] (0.99ns) (grouped into DSP with root node add_ln190_88)   --->   "%mul_ln190_119 = mul i15 %sext_ln190_104, i15 %x_load_92_cast_cast" [awn_int8.cpp:190]   --->   Operation 765 'mul' 'mul_ln190_119' <Predicate = true> <Delay = 0.99> <CoreInst = "DSP48">   --->   Core 127 'DSP48' <Latency = 3> <II = 1> <Delay = 0.53> <IPBlock> <Opcode : '' 'add' 'sub' 'mul' 'select'> <InPorts = 0> <OutPorts = 1> <Sync> <CReg>
ST_3 : Operation 766 [2/3] (0.99ns) (grouped into DSP with root node add_ln190_11)   --->   "%mul_ln190_120 = mul i15 %sext_ln190_25, i15 %x_load_13_cast_cast" [awn_int8.cpp:190]   --->   Operation 766 'mul' 'mul_ln190_120' <Predicate = true> <Delay = 0.99> <CoreInst = "DSP48">   --->   Core 127 'DSP48' <Latency = 3> <II = 1> <Delay = 0.53> <IPBlock> <Opcode : '' 'add' 'sub' 'mul' 'select'> <InPorts = 0> <OutPorts = 1> <Sync> <CReg>
ST_3 : Operation 767 [2/3] (0.99ns) (grouped into DSP with root node add_ln190_49)   --->   "%mul_ln190_121 = mul i16 %sext_ln190_64, i16 %x_load_52_cast_cast" [awn_int8.cpp:190]   --->   Operation 767 'mul' 'mul_ln190_121' <Predicate = true> <Delay = 0.99> <CoreInst = "DSP48">   --->   Core 127 'DSP48' <Latency = 3> <II = 1> <Delay = 0.53> <IPBlock> <Opcode : '' 'add' 'sub' 'mul' 'select'> <InPorts = 0> <OutPorts = 1> <Sync> <CReg>
ST_3 : Operation 768 [2/3] (0.99ns) (grouped into DSP with root node add_ln190_102)   --->   "%mul_ln190_122 = mul i15 %sext_ln190_118, i15 %sext_ln190_9_cast" [awn_int8.cpp:190]   --->   Operation 768 'mul' 'mul_ln190_122' <Predicate = true> <Delay = 0.99> <CoreInst = "DSP48">   --->   Core 127 'DSP48' <Latency = 3> <II = 1> <Delay = 0.53> <IPBlock> <Opcode : '' 'add' 'sub' 'mul' 'select'> <InPorts = 0> <OutPorts = 1> <Sync> <CReg>
ST_3 : Operation 769 [3/3] (0.99ns) (grouped into DSP with root node add_ln190_109)   --->   "%mul_ln190_124 = mul i16 %sext_ln190_124, i16 %x_load_112_cast_cast" [awn_int8.cpp:190]   --->   Operation 769 'mul' 'mul_ln190_124' <Predicate = true> <Delay = 0.99> <CoreInst = "DSP48">   --->   Core 127 'DSP48' <Latency = 3> <II = 1> <Delay = 0.53> <IPBlock> <Opcode : '' 'add' 'sub' 'mul' 'select'> <InPorts = 0> <OutPorts = 1> <Sync> <CReg>
ST_3 : Operation 770 [2/3] (0.99ns) (grouped into DSP with root node add_ln190_120)   --->   "%mul_ln190_125 = mul i15 %sext_ln190_139, i15 %sext_ln190_11_cast" [awn_int8.cpp:190]   --->   Operation 770 'mul' 'mul_ln190_125' <Predicate = true> <Delay = 0.99> <CoreInst = "DSP48">   --->   Core 127 'DSP48' <Latency = 3> <II = 1> <Delay = 0.53> <IPBlock> <Opcode : '' 'add' 'sub' 'mul' 'select'> <InPorts = 0> <OutPorts = 1> <Sync> <CReg>
ST_3 : Operation 771 [2/3] (0.99ns) (grouped into DSP with root node add_ln190_56)   --->   "%mul_ln190_126 = mul i16 %sext_ln190_72, i16 %x_load_60_cast_cast" [awn_int8.cpp:190]   --->   Operation 771 'mul' 'mul_ln190_126' <Predicate = true> <Delay = 0.99> <CoreInst = "DSP48">   --->   Core 127 'DSP48' <Latency = 3> <II = 1> <Delay = 0.53> <IPBlock> <Opcode : '' 'add' 'sub' 'mul' 'select'> <InPorts = 0> <OutPorts = 1> <Sync> <CReg>

State 4 <SV = 3> <Delay = 3.53>
ST_4 : Operation 772 [1/2] (1.23ns)   --->   "%acc = load i9 %bfc0_addr" [awn_int8.cpp:188]   --->   Operation 772 'load' 'acc' <Predicate = true> <Delay = 1.23> <CoreInst = "ROM">   --->   Core 101 'ROM' <Latency = 1> <II = 1> <Delay = 1.23> <Storage> <Opcode : 'load'> <Ports = 0> <Width = 5> <Depth = 320> <ROM>
ST_4 : Operation 773 [1/1] (0.00ns)   --->   "%sext_ln188 = sext i5 %acc" [awn_int8.cpp:188]   --->   Operation 773 'sext' 'sext_ln188' <Predicate = true> <Delay = 0.00>
ST_4 : Operation 774 [1/1] (0.00ns)   --->   "%p_ZL4Wfc0_111_addr = getelementptr i8 %p_ZL4Wfc0_111, i64 0, i64 %zext_ln186" [awn_int8.cpp:190]   --->   Operation 774 'getelementptr' 'p_ZL4Wfc0_111_addr' <Predicate = true> <Delay = 0.00>
ST_4 : Operation 775 [1/1] (0.00ns)   --->   "%p_ZL4Wfc0_113_addr = getelementptr i8 %p_ZL4Wfc0_113, i64 0, i64 %zext_ln186" [awn_int8.cpp:190]   --->   Operation 775 'getelementptr' 'p_ZL4Wfc0_113_addr' <Predicate = true> <Delay = 0.00>
ST_4 : Operation 776 [1/1] (0.00ns)   --->   "%p_ZL4Wfc0_115_addr = getelementptr i8 %p_ZL4Wfc0_115, i64 0, i64 %zext_ln186" [awn_int8.cpp:190]   --->   Operation 776 'getelementptr' 'p_ZL4Wfc0_115_addr' <Predicate = true> <Delay = 0.00>
ST_4 : Operation 777 [1/1] (0.00ns)   --->   "%p_ZL4Wfc0_117_addr = getelementptr i7 %p_ZL4Wfc0_117, i64 0, i64 %zext_ln186" [awn_int8.cpp:190]   --->   Operation 777 'getelementptr' 'p_ZL4Wfc0_117_addr' <Predicate = true> <Delay = 0.00>
ST_4 : Operation 778 [1/1] (0.00ns)   --->   "%p_ZL4Wfc0_120_addr = getelementptr i8 %p_ZL4Wfc0_120, i64 0, i64 %zext_ln186" [awn_int8.cpp:190]   --->   Operation 778 'getelementptr' 'p_ZL4Wfc0_120_addr' <Predicate = true> <Delay = 0.00>
ST_4 : Operation 779 [1/1] (0.00ns)   --->   "%p_ZL4Wfc0_121_addr = getelementptr i7 %p_ZL4Wfc0_121, i64 0, i64 %zext_ln186" [awn_int8.cpp:190]   --->   Operation 779 'getelementptr' 'p_ZL4Wfc0_121_addr' <Predicate = true> <Delay = 0.00>
ST_4 : Operation 780 [1/1] (0.00ns)   --->   "%p_ZL4Wfc0_123_addr = getelementptr i7 %p_ZL4Wfc0_123, i64 0, i64 %zext_ln186" [awn_int8.cpp:190]   --->   Operation 780 'getelementptr' 'p_ZL4Wfc0_123_addr' <Predicate = true> <Delay = 0.00>
ST_4 : Operation 781 [1/2] (1.23ns)   --->   "%p_ZL4Wfc0_2_load = load i9 %p_ZL4Wfc0_2_addr" [awn_int8.cpp:190]   --->   Operation 781 'load' 'p_ZL4Wfc0_2_load' <Predicate = true> <Delay = 1.23> <CoreInst = "ROM">   --->   Core 101 'ROM' <Latency = 1> <II = 1> <Delay = 1.23> <Storage> <Opcode : 'load'> <Ports = 0> <Width = 8> <Depth = 320> <ROM>
ST_4 : Operation 782 [1/1] (0.00ns)   --->   "%sext_ln190_14 = sext i8 %p_ZL4Wfc0_2_load" [awn_int8.cpp:190]   --->   Operation 782 'sext' 'sext_ln190_14' <Predicate = true> <Delay = 0.00>
ST_4 : Operation 783 [1/2] (1.23ns)   --->   "%p_ZL4Wfc0_4_load = load i9 %p_ZL4Wfc0_4_addr" [awn_int8.cpp:190]   --->   Operation 783 'load' 'p_ZL4Wfc0_4_load' <Predicate = true> <Delay = 1.23> <CoreInst = "ROM">   --->   Core 101 'ROM' <Latency = 1> <II = 1> <Delay = 1.23> <Storage> <Opcode : 'load'> <Ports = 0> <Width = 8> <Depth = 320> <ROM>
ST_4 : Operation 784 [1/1] (0.00ns)   --->   "%sext_ln190_16 = sext i8 %p_ZL4Wfc0_4_load" [awn_int8.cpp:190]   --->   Operation 784 'sext' 'sext_ln190_16' <Predicate = true> <Delay = 0.00>
ST_4 : Operation 785 [1/2] (1.23ns)   --->   "%p_ZL4Wfc0_5_load = load i9 %p_ZL4Wfc0_5_addr" [awn_int8.cpp:190]   --->   Operation 785 'load' 'p_ZL4Wfc0_5_load' <Predicate = true> <Delay = 1.23> <CoreInst = "ROM">   --->   Core 101 'ROM' <Latency = 1> <II = 1> <Delay = 1.23> <Storage> <Opcode : 'load'> <Ports = 0> <Width = 8> <Depth = 320> <ROM>
ST_4 : Operation 786 [1/1] (0.00ns)   --->   "%sext_ln190_17 = sext i8 %p_ZL4Wfc0_5_load" [awn_int8.cpp:190]   --->   Operation 786 'sext' 'sext_ln190_17' <Predicate = true> <Delay = 0.00>
ST_4 : Operation 787 [1/2] (1.23ns)   --->   "%p_ZL4Wfc0_7_load = load i9 %p_ZL4Wfc0_7_addr" [awn_int8.cpp:190]   --->   Operation 787 'load' 'p_ZL4Wfc0_7_load' <Predicate = true> <Delay = 1.23> <CoreInst = "ROM">   --->   Core 101 'ROM' <Latency = 1> <II = 1> <Delay = 1.23> <Storage> <Opcode : 'load'> <Ports = 0> <Width = 7> <Depth = 320> <ROM>
ST_4 : Operation 788 [1/1] (0.00ns)   --->   "%sext_ln190_19 = sext i7 %p_ZL4Wfc0_7_load" [awn_int8.cpp:190]   --->   Operation 788 'sext' 'sext_ln190_19' <Predicate = true> <Delay = 0.00>
ST_4 : Operation 789 [1/2] (1.23ns)   --->   "%p_ZL4Wfc0_9_load = load i9 %p_ZL4Wfc0_9_addr" [awn_int8.cpp:190]   --->   Operation 789 'load' 'p_ZL4Wfc0_9_load' <Predicate = true> <Delay = 1.23> <CoreInst = "ROM">   --->   Core 101 'ROM' <Latency = 1> <II = 1> <Delay = 1.23> <Storage> <Opcode : 'load'> <Ports = 0> <Width = 8> <Depth = 320> <ROM>
ST_4 : Operation 790 [1/1] (0.00ns)   --->   "%sext_ln190_21 = sext i8 %p_ZL4Wfc0_9_load" [awn_int8.cpp:190]   --->   Operation 790 'sext' 'sext_ln190_21' <Predicate = true> <Delay = 0.00>
ST_4 : Operation 791 [1/2] (1.23ns)   --->   "%p_ZL4Wfc0_11_load = load i9 %p_ZL4Wfc0_11_addr" [awn_int8.cpp:190]   --->   Operation 791 'load' 'p_ZL4Wfc0_11_load' <Predicate = true> <Delay = 1.23> <CoreInst = "ROM">   --->   Core 101 'ROM' <Latency = 1> <II = 1> <Delay = 1.23> <Storage> <Opcode : 'load'> <Ports = 0> <Width = 7> <Depth = 320> <ROM>
ST_4 : Operation 792 [1/1] (0.00ns)   --->   "%sext_ln190_23 = sext i7 %p_ZL4Wfc0_11_load" [awn_int8.cpp:190]   --->   Operation 792 'sext' 'sext_ln190_23' <Predicate = true> <Delay = 0.00>
ST_4 : Operation 793 [1/2] (1.23ns)   --->   "%p_ZL4Wfc0_14_load = load i9 %p_ZL4Wfc0_14_addr" [awn_int8.cpp:190]   --->   Operation 793 'load' 'p_ZL4Wfc0_14_load' <Predicate = true> <Delay = 1.23> <CoreInst = "ROM">   --->   Core 101 'ROM' <Latency = 1> <II = 1> <Delay = 1.23> <Storage> <Opcode : 'load'> <Ports = 0> <Width = 8> <Depth = 320> <ROM>
ST_4 : Operation 794 [1/1] (0.00ns)   --->   "%sext_ln190_26 = sext i8 %p_ZL4Wfc0_14_load" [awn_int8.cpp:190]   --->   Operation 794 'sext' 'sext_ln190_26' <Predicate = true> <Delay = 0.00>
ST_4 : Operation 795 [1/2] (1.23ns)   --->   "%p_ZL4Wfc0_15_load = load i9 %p_ZL4Wfc0_15_addr" [awn_int8.cpp:190]   --->   Operation 795 'load' 'p_ZL4Wfc0_15_load' <Predicate = true> <Delay = 1.23> <CoreInst = "ROM">   --->   Core 101 'ROM' <Latency = 1> <II = 1> <Delay = 1.23> <Storage> <Opcode : 'load'> <Ports = 0> <Width = 7> <Depth = 320> <ROM>
ST_4 : Operation 796 [1/1] (0.00ns)   --->   "%sext_ln190_27 = sext i7 %p_ZL4Wfc0_15_load" [awn_int8.cpp:190]   --->   Operation 796 'sext' 'sext_ln190_27' <Predicate = true> <Delay = 0.00>
ST_4 : Operation 797 [1/2] (1.23ns)   --->   "%p_ZL4Wfc0_17_load = load i9 %p_ZL4Wfc0_17_addr" [awn_int8.cpp:190]   --->   Operation 797 'load' 'p_ZL4Wfc0_17_load' <Predicate = true> <Delay = 1.23> <CoreInst = "ROM">   --->   Core 101 'ROM' <Latency = 1> <II = 1> <Delay = 1.23> <Storage> <Opcode : 'load'> <Ports = 0> <Width = 7> <Depth = 320> <ROM>
ST_4 : Operation 798 [1/1] (0.00ns)   --->   "%sext_ln190_29 = sext i7 %p_ZL4Wfc0_17_load" [awn_int8.cpp:190]   --->   Operation 798 'sext' 'sext_ln190_29' <Predicate = true> <Delay = 0.00>
ST_4 : Operation 799 [1/2] (1.23ns)   --->   "%p_ZL4Wfc0_19_load = load i9 %p_ZL4Wfc0_19_addr" [awn_int8.cpp:190]   --->   Operation 799 'load' 'p_ZL4Wfc0_19_load' <Predicate = true> <Delay = 1.23> <CoreInst = "ROM">   --->   Core 101 'ROM' <Latency = 1> <II = 1> <Delay = 1.23> <Storage> <Opcode : 'load'> <Ports = 0> <Width = 7> <Depth = 320> <ROM>
ST_4 : Operation 800 [1/1] (0.00ns)   --->   "%sext_ln190_31 = sext i7 %p_ZL4Wfc0_19_load" [awn_int8.cpp:190]   --->   Operation 800 'sext' 'sext_ln190_31' <Predicate = true> <Delay = 0.00>
ST_4 : Operation 801 [1/2] (1.23ns)   --->   "%p_ZL4Wfc0_22_load = load i9 %p_ZL4Wfc0_22_addr" [awn_int8.cpp:190]   --->   Operation 801 'load' 'p_ZL4Wfc0_22_load' <Predicate = true> <Delay = 1.23> <CoreInst = "ROM">   --->   Core 101 'ROM' <Latency = 1> <II = 1> <Delay = 1.23> <Storage> <Opcode : 'load'> <Ports = 0> <Width = 8> <Depth = 320> <ROM>
ST_4 : Operation 802 [1/1] (0.00ns)   --->   "%sext_ln190_34 = sext i8 %p_ZL4Wfc0_22_load" [awn_int8.cpp:190]   --->   Operation 802 'sext' 'sext_ln190_34' <Predicate = true> <Delay = 0.00>
ST_4 : Operation 803 [1/2] (1.23ns)   --->   "%p_ZL4Wfc0_23_load = load i9 %p_ZL4Wfc0_23_addr" [awn_int8.cpp:190]   --->   Operation 803 'load' 'p_ZL4Wfc0_23_load' <Predicate = true> <Delay = 1.23> <CoreInst = "ROM">   --->   Core 101 'ROM' <Latency = 1> <II = 1> <Delay = 1.23> <Storage> <Opcode : 'load'> <Ports = 0> <Width = 8> <Depth = 320> <ROM>
ST_4 : Operation 804 [1/1] (0.00ns)   --->   "%sext_ln190_35 = sext i8 %p_ZL4Wfc0_23_load" [awn_int8.cpp:190]   --->   Operation 804 'sext' 'sext_ln190_35' <Predicate = true> <Delay = 0.00>
ST_4 : Operation 805 [1/2] (1.23ns)   --->   "%p_ZL4Wfc0_25_load = load i9 %p_ZL4Wfc0_25_addr" [awn_int8.cpp:190]   --->   Operation 805 'load' 'p_ZL4Wfc0_25_load' <Predicate = true> <Delay = 1.23> <CoreInst = "ROM">   --->   Core 101 'ROM' <Latency = 1> <II = 1> <Delay = 1.23> <Storage> <Opcode : 'load'> <Ports = 0> <Width = 8> <Depth = 320> <ROM>
ST_4 : Operation 806 [1/1] (0.00ns)   --->   "%sext_ln190_37 = sext i8 %p_ZL4Wfc0_25_load" [awn_int8.cpp:190]   --->   Operation 806 'sext' 'sext_ln190_37' <Predicate = true> <Delay = 0.00>
ST_4 : Operation 807 [1/2] (1.23ns)   --->   "%p_ZL4Wfc0_27_load = load i9 %p_ZL4Wfc0_27_addr" [awn_int8.cpp:190]   --->   Operation 807 'load' 'p_ZL4Wfc0_27_load' <Predicate = true> <Delay = 1.23> <CoreInst = "ROM">   --->   Core 101 'ROM' <Latency = 1> <II = 1> <Delay = 1.23> <Storage> <Opcode : 'load'> <Ports = 0> <Width = 8> <Depth = 320> <ROM>
ST_4 : Operation 808 [1/1] (0.00ns)   --->   "%sext_ln190_39 = sext i8 %p_ZL4Wfc0_27_load" [awn_int8.cpp:190]   --->   Operation 808 'sext' 'sext_ln190_39' <Predicate = true> <Delay = 0.00>
ST_4 : Operation 809 [1/2] (1.23ns)   --->   "%p_ZL4Wfc0_29_load = load i9 %p_ZL4Wfc0_29_addr" [awn_int8.cpp:190]   --->   Operation 809 'load' 'p_ZL4Wfc0_29_load' <Predicate = true> <Delay = 1.23> <CoreInst = "ROM">   --->   Core 101 'ROM' <Latency = 1> <II = 1> <Delay = 1.23> <Storage> <Opcode : 'load'> <Ports = 0> <Width = 7> <Depth = 320> <ROM>
ST_4 : Operation 810 [1/1] (0.00ns)   --->   "%sext_ln190_41 = sext i7 %p_ZL4Wfc0_29_load" [awn_int8.cpp:190]   --->   Operation 810 'sext' 'sext_ln190_41' <Predicate = true> <Delay = 0.00>
ST_4 : Operation 811 [1/2] (1.23ns)   --->   "%p_ZL4Wfc0_31_load = load i9 %p_ZL4Wfc0_31_addr" [awn_int8.cpp:190]   --->   Operation 811 'load' 'p_ZL4Wfc0_31_load' <Predicate = true> <Delay = 1.23> <CoreInst = "ROM">   --->   Core 101 'ROM' <Latency = 1> <II = 1> <Delay = 1.23> <Storage> <Opcode : 'load'> <Ports = 0> <Width = 7> <Depth = 320> <ROM>
ST_4 : Operation 812 [1/1] (0.00ns)   --->   "%sext_ln190_43 = sext i7 %p_ZL4Wfc0_31_load" [awn_int8.cpp:190]   --->   Operation 812 'sext' 'sext_ln190_43' <Predicate = true> <Delay = 0.00>
ST_4 : Operation 813 [1/2] (1.23ns)   --->   "%p_ZL4Wfc0_33_load = load i9 %p_ZL4Wfc0_33_addr" [awn_int8.cpp:190]   --->   Operation 813 'load' 'p_ZL4Wfc0_33_load' <Predicate = true> <Delay = 1.23> <CoreInst = "ROM">   --->   Core 101 'ROM' <Latency = 1> <II = 1> <Delay = 1.23> <Storage> <Opcode : 'load'> <Ports = 0> <Width = 7> <Depth = 320> <ROM>
ST_4 : Operation 814 [1/1] (0.00ns)   --->   "%sext_ln190_45 = sext i7 %p_ZL4Wfc0_33_load" [awn_int8.cpp:190]   --->   Operation 814 'sext' 'sext_ln190_45' <Predicate = true> <Delay = 0.00>
ST_4 : Operation 815 [1/2] (1.23ns)   --->   "%p_ZL4Wfc0_35_load = load i9 %p_ZL4Wfc0_35_addr" [awn_int8.cpp:190]   --->   Operation 815 'load' 'p_ZL4Wfc0_35_load' <Predicate = true> <Delay = 1.23> <CoreInst = "ROM">   --->   Core 101 'ROM' <Latency = 1> <II = 1> <Delay = 1.23> <Storage> <Opcode : 'load'> <Ports = 0> <Width = 7> <Depth = 320> <ROM>
ST_4 : Operation 816 [1/1] (0.00ns)   --->   "%sext_ln190_47 = sext i7 %p_ZL4Wfc0_35_load" [awn_int8.cpp:190]   --->   Operation 816 'sext' 'sext_ln190_47' <Predicate = true> <Delay = 0.00>
ST_4 : Operation 817 [1/2] (1.23ns)   --->   "%p_ZL4Wfc0_37_load = load i9 %p_ZL4Wfc0_37_addr" [awn_int8.cpp:190]   --->   Operation 817 'load' 'p_ZL4Wfc0_37_load' <Predicate = true> <Delay = 1.23> <CoreInst = "ROM">   --->   Core 101 'ROM' <Latency = 1> <II = 1> <Delay = 1.23> <Storage> <Opcode : 'load'> <Ports = 0> <Width = 8> <Depth = 320> <ROM>
ST_4 : Operation 818 [1/1] (0.00ns)   --->   "%sext_ln190_49 = sext i8 %p_ZL4Wfc0_37_load" [awn_int8.cpp:190]   --->   Operation 818 'sext' 'sext_ln190_49' <Predicate = true> <Delay = 0.00>
ST_4 : Operation 819 [1/2] (1.23ns)   --->   "%p_ZL4Wfc0_39_load = load i9 %p_ZL4Wfc0_39_addr" [awn_int8.cpp:190]   --->   Operation 819 'load' 'p_ZL4Wfc0_39_load' <Predicate = true> <Delay = 1.23> <CoreInst = "ROM">   --->   Core 101 'ROM' <Latency = 1> <II = 1> <Delay = 1.23> <Storage> <Opcode : 'load'> <Ports = 0> <Width = 7> <Depth = 320> <ROM>
ST_4 : Operation 820 [1/1] (0.00ns)   --->   "%sext_ln190_51 = sext i7 %p_ZL4Wfc0_39_load" [awn_int8.cpp:190]   --->   Operation 820 'sext' 'sext_ln190_51' <Predicate = true> <Delay = 0.00>
ST_4 : Operation 821 [1/2] (1.23ns)   --->   "%p_ZL4Wfc0_41_load = load i9 %p_ZL4Wfc0_41_addr" [awn_int8.cpp:190]   --->   Operation 821 'load' 'p_ZL4Wfc0_41_load' <Predicate = true> <Delay = 1.23> <CoreInst = "ROM">   --->   Core 101 'ROM' <Latency = 1> <II = 1> <Delay = 1.23> <Storage> <Opcode : 'load'> <Ports = 0> <Width = 7> <Depth = 320> <ROM>
ST_4 : Operation 822 [1/1] (0.00ns)   --->   "%sext_ln190_53 = sext i7 %p_ZL4Wfc0_41_load" [awn_int8.cpp:190]   --->   Operation 822 'sext' 'sext_ln190_53' <Predicate = true> <Delay = 0.00>
ST_4 : Operation 823 [1/2] (1.23ns)   --->   "%p_ZL4Wfc0_43_load = load i9 %p_ZL4Wfc0_43_addr" [awn_int8.cpp:190]   --->   Operation 823 'load' 'p_ZL4Wfc0_43_load' <Predicate = true> <Delay = 1.23> <CoreInst = "ROM">   --->   Core 101 'ROM' <Latency = 1> <II = 1> <Delay = 1.23> <Storage> <Opcode : 'load'> <Ports = 0> <Width = 7> <Depth = 320> <ROM>
ST_4 : Operation 824 [1/1] (0.00ns)   --->   "%sext_ln190_55 = sext i7 %p_ZL4Wfc0_43_load" [awn_int8.cpp:190]   --->   Operation 824 'sext' 'sext_ln190_55' <Predicate = true> <Delay = 0.00>
ST_4 : Operation 825 [1/2] (1.23ns)   --->   "%p_ZL4Wfc0_45_load = load i9 %p_ZL4Wfc0_45_addr" [awn_int8.cpp:190]   --->   Operation 825 'load' 'p_ZL4Wfc0_45_load' <Predicate = true> <Delay = 1.23> <CoreInst = "ROM">   --->   Core 101 'ROM' <Latency = 1> <II = 1> <Delay = 1.23> <Storage> <Opcode : 'load'> <Ports = 0> <Width = 7> <Depth = 320> <ROM>
ST_4 : Operation 826 [1/1] (0.00ns)   --->   "%sext_ln190_57 = sext i7 %p_ZL4Wfc0_45_load" [awn_int8.cpp:190]   --->   Operation 826 'sext' 'sext_ln190_57' <Predicate = true> <Delay = 0.00>
ST_4 : Operation 827 [1/2] (1.23ns)   --->   "%p_ZL4Wfc0_47_load = load i9 %p_ZL4Wfc0_47_addr" [awn_int8.cpp:190]   --->   Operation 827 'load' 'p_ZL4Wfc0_47_load' <Predicate = true> <Delay = 1.23> <CoreInst = "ROM">   --->   Core 101 'ROM' <Latency = 1> <II = 1> <Delay = 1.23> <Storage> <Opcode : 'load'> <Ports = 0> <Width = 7> <Depth = 320> <ROM>
ST_4 : Operation 828 [1/1] (0.00ns)   --->   "%sext_ln190_59 = sext i7 %p_ZL4Wfc0_47_load" [awn_int8.cpp:190]   --->   Operation 828 'sext' 'sext_ln190_59' <Predicate = true> <Delay = 0.00>
ST_4 : Operation 829 [1/2] (1.23ns)   --->   "%p_ZL4Wfc0_49_load = load i9 %p_ZL4Wfc0_49_addr" [awn_int8.cpp:190]   --->   Operation 829 'load' 'p_ZL4Wfc0_49_load' <Predicate = true> <Delay = 1.23> <CoreInst = "ROM">   --->   Core 101 'ROM' <Latency = 1> <II = 1> <Delay = 1.23> <Storage> <Opcode : 'load'> <Ports = 0> <Width = 8> <Depth = 320> <ROM>
ST_4 : Operation 830 [1/1] (0.00ns)   --->   "%sext_ln190_61 = sext i8 %p_ZL4Wfc0_49_load" [awn_int8.cpp:190]   --->   Operation 830 'sext' 'sext_ln190_61' <Predicate = true> <Delay = 0.00>
ST_4 : Operation 831 [1/2] (1.23ns)   --->   "%p_ZL4Wfc0_51_load = load i9 %p_ZL4Wfc0_51_addr" [awn_int8.cpp:190]   --->   Operation 831 'load' 'p_ZL4Wfc0_51_load' <Predicate = true> <Delay = 1.23> <CoreInst = "ROM">   --->   Core 101 'ROM' <Latency = 1> <II = 1> <Delay = 1.23> <Storage> <Opcode : 'load'> <Ports = 0> <Width = 8> <Depth = 320> <ROM>
ST_4 : Operation 832 [1/1] (0.00ns)   --->   "%sext_ln190_63 = sext i8 %p_ZL4Wfc0_51_load" [awn_int8.cpp:190]   --->   Operation 832 'sext' 'sext_ln190_63' <Predicate = true> <Delay = 0.00>
ST_4 : Operation 833 [1/2] (1.23ns)   --->   "%p_ZL4Wfc0_53_load = load i9 %p_ZL4Wfc0_53_addr" [awn_int8.cpp:190]   --->   Operation 833 'load' 'p_ZL4Wfc0_53_load' <Predicate = true> <Delay = 1.23> <CoreInst = "ROM">   --->   Core 101 'ROM' <Latency = 1> <II = 1> <Delay = 1.23> <Storage> <Opcode : 'load'> <Ports = 0> <Width = 8> <Depth = 320> <ROM>
ST_4 : Operation 834 [1/1] (0.00ns)   --->   "%sext_ln190_65 = sext i8 %p_ZL4Wfc0_53_load" [awn_int8.cpp:190]   --->   Operation 834 'sext' 'sext_ln190_65' <Predicate = true> <Delay = 0.00>
ST_4 : Operation 835 [1/2] (1.23ns)   --->   "%p_ZL4Wfc0_55_load = load i9 %p_ZL4Wfc0_55_addr" [awn_int8.cpp:190]   --->   Operation 835 'load' 'p_ZL4Wfc0_55_load' <Predicate = true> <Delay = 1.23> <CoreInst = "ROM">   --->   Core 101 'ROM' <Latency = 1> <II = 1> <Delay = 1.23> <Storage> <Opcode : 'load'> <Ports = 0> <Width = 7> <Depth = 320> <ROM>
ST_4 : Operation 836 [1/1] (0.00ns)   --->   "%sext_ln190_67 = sext i7 %p_ZL4Wfc0_55_load" [awn_int8.cpp:190]   --->   Operation 836 'sext' 'sext_ln190_67' <Predicate = true> <Delay = 0.00>
ST_4 : Operation 837 [1/2] (1.23ns)   --->   "%p_ZL4Wfc0_57_load = load i9 %p_ZL4Wfc0_57_addr" [awn_int8.cpp:190]   --->   Operation 837 'load' 'p_ZL4Wfc0_57_load' <Predicate = true> <Delay = 1.23> <CoreInst = "ROM">   --->   Core 101 'ROM' <Latency = 1> <II = 1> <Delay = 1.23> <Storage> <Opcode : 'load'> <Ports = 0> <Width = 8> <Depth = 320> <ROM>
ST_4 : Operation 838 [1/1] (0.00ns)   --->   "%sext_ln190_69 = sext i8 %p_ZL4Wfc0_57_load" [awn_int8.cpp:190]   --->   Operation 838 'sext' 'sext_ln190_69' <Predicate = true> <Delay = 0.00>
ST_4 : Operation 839 [1/2] (1.23ns)   --->   "%p_ZL4Wfc0_59_load = load i9 %p_ZL4Wfc0_59_addr" [awn_int8.cpp:190]   --->   Operation 839 'load' 'p_ZL4Wfc0_59_load' <Predicate = true> <Delay = 1.23> <CoreInst = "ROM">   --->   Core 101 'ROM' <Latency = 1> <II = 1> <Delay = 1.23> <Storage> <Opcode : 'load'> <Ports = 0> <Width = 8> <Depth = 320> <ROM>
ST_4 : Operation 840 [1/1] (0.00ns)   --->   "%sext_ln190_71 = sext i8 %p_ZL4Wfc0_59_load" [awn_int8.cpp:190]   --->   Operation 840 'sext' 'sext_ln190_71' <Predicate = true> <Delay = 0.00>
ST_4 : Operation 841 [1/2] (1.23ns)   --->   "%p_ZL4Wfc0_61_load = load i9 %p_ZL4Wfc0_61_addr" [awn_int8.cpp:190]   --->   Operation 841 'load' 'p_ZL4Wfc0_61_load' <Predicate = true> <Delay = 1.23> <CoreInst = "ROM">   --->   Core 101 'ROM' <Latency = 1> <II = 1> <Delay = 1.23> <Storage> <Opcode : 'load'> <Ports = 0> <Width = 7> <Depth = 320> <ROM>
ST_4 : Operation 842 [1/1] (0.00ns)   --->   "%sext_ln190_73 = sext i7 %p_ZL4Wfc0_61_load" [awn_int8.cpp:190]   --->   Operation 842 'sext' 'sext_ln190_73' <Predicate = true> <Delay = 0.00>
ST_4 : Operation 843 [1/2] (1.23ns)   --->   "%p_ZL4Wfc0_63_load = load i9 %p_ZL4Wfc0_63_addr" [awn_int8.cpp:190]   --->   Operation 843 'load' 'p_ZL4Wfc0_63_load' <Predicate = true> <Delay = 1.23> <CoreInst = "ROM">   --->   Core 101 'ROM' <Latency = 1> <II = 1> <Delay = 1.23> <Storage> <Opcode : 'load'> <Ports = 0> <Width = 7> <Depth = 320> <ROM>
ST_4 : Operation 844 [1/1] (0.00ns)   --->   "%sext_ln190_75 = sext i7 %p_ZL4Wfc0_63_load" [awn_int8.cpp:190]   --->   Operation 844 'sext' 'sext_ln190_75' <Predicate = true> <Delay = 0.00>
ST_4 : Operation 845 [1/2] (1.23ns)   --->   "%p_ZL4Wfc0_65_load = load i9 %p_ZL4Wfc0_65_addr" [awn_int8.cpp:190]   --->   Operation 845 'load' 'p_ZL4Wfc0_65_load' <Predicate = true> <Delay = 1.23> <CoreInst = "ROM">   --->   Core 101 'ROM' <Latency = 1> <II = 1> <Delay = 1.23> <Storage> <Opcode : 'load'> <Ports = 0> <Width = 8> <Depth = 320> <ROM>
ST_4 : Operation 846 [1/1] (0.00ns)   --->   "%sext_ln190_77 = sext i8 %p_ZL4Wfc0_65_load" [awn_int8.cpp:190]   --->   Operation 846 'sext' 'sext_ln190_77' <Predicate = true> <Delay = 0.00>
ST_4 : Operation 847 [1/2] (1.23ns)   --->   "%p_ZL4Wfc0_68_load = load i9 %p_ZL4Wfc0_68_addr" [awn_int8.cpp:190]   --->   Operation 847 'load' 'p_ZL4Wfc0_68_load' <Predicate = true> <Delay = 1.23> <CoreInst = "ROM">   --->   Core 101 'ROM' <Latency = 1> <II = 1> <Delay = 1.23> <Storage> <Opcode : 'load'> <Ports = 0> <Width = 8> <Depth = 320> <ROM>
ST_4 : Operation 848 [1/1] (0.00ns)   --->   "%sext_ln190_80 = sext i8 %p_ZL4Wfc0_68_load" [awn_int8.cpp:190]   --->   Operation 848 'sext' 'sext_ln190_80' <Predicate = true> <Delay = 0.00>
ST_4 : Operation 849 [1/2] (1.23ns)   --->   "%p_ZL4Wfc0_69_load = load i9 %p_ZL4Wfc0_69_addr" [awn_int8.cpp:190]   --->   Operation 849 'load' 'p_ZL4Wfc0_69_load' <Predicate = true> <Delay = 1.23> <CoreInst = "ROM">   --->   Core 101 'ROM' <Latency = 1> <II = 1> <Delay = 1.23> <Storage> <Opcode : 'load'> <Ports = 0> <Width = 7> <Depth = 320> <ROM>
ST_4 : Operation 850 [1/1] (0.00ns)   --->   "%sext_ln190_81 = sext i7 %p_ZL4Wfc0_69_load" [awn_int8.cpp:190]   --->   Operation 850 'sext' 'sext_ln190_81' <Predicate = true> <Delay = 0.00>
ST_4 : Operation 851 [1/2] (1.23ns)   --->   "%p_ZL4Wfc0_71_load = load i9 %p_ZL4Wfc0_71_addr" [awn_int8.cpp:190]   --->   Operation 851 'load' 'p_ZL4Wfc0_71_load' <Predicate = true> <Delay = 1.23> <CoreInst = "ROM">   --->   Core 101 'ROM' <Latency = 1> <II = 1> <Delay = 1.23> <Storage> <Opcode : 'load'> <Ports = 0> <Width = 8> <Depth = 320> <ROM>
ST_4 : Operation 852 [1/1] (0.00ns)   --->   "%sext_ln190_83 = sext i8 %p_ZL4Wfc0_71_load" [awn_int8.cpp:190]   --->   Operation 852 'sext' 'sext_ln190_83' <Predicate = true> <Delay = 0.00>
ST_4 : Operation 853 [1/2] (1.23ns)   --->   "%p_ZL4Wfc0_73_load = load i9 %p_ZL4Wfc0_73_addr" [awn_int8.cpp:190]   --->   Operation 853 'load' 'p_ZL4Wfc0_73_load' <Predicate = true> <Delay = 1.23> <CoreInst = "ROM">   --->   Core 101 'ROM' <Latency = 1> <II = 1> <Delay = 1.23> <Storage> <Opcode : 'load'> <Ports = 0> <Width = 8> <Depth = 320> <ROM>
ST_4 : Operation 854 [1/1] (0.00ns)   --->   "%sext_ln190_85 = sext i8 %p_ZL4Wfc0_73_load" [awn_int8.cpp:190]   --->   Operation 854 'sext' 'sext_ln190_85' <Predicate = true> <Delay = 0.00>
ST_4 : Operation 855 [1/2] (1.23ns)   --->   "%p_ZL4Wfc0_75_load = load i9 %p_ZL4Wfc0_75_addr" [awn_int8.cpp:190]   --->   Operation 855 'load' 'p_ZL4Wfc0_75_load' <Predicate = true> <Delay = 1.23> <CoreInst = "ROM">   --->   Core 101 'ROM' <Latency = 1> <II = 1> <Delay = 1.23> <Storage> <Opcode : 'load'> <Ports = 0> <Width = 8> <Depth = 320> <ROM>
ST_4 : Operation 856 [1/1] (0.00ns)   --->   "%sext_ln190_87 = sext i8 %p_ZL4Wfc0_75_load" [awn_int8.cpp:190]   --->   Operation 856 'sext' 'sext_ln190_87' <Predicate = true> <Delay = 0.00>
ST_4 : Operation 857 [1/2] (1.23ns)   --->   "%p_ZL4Wfc0_77_load = load i9 %p_ZL4Wfc0_77_addr" [awn_int8.cpp:190]   --->   Operation 857 'load' 'p_ZL4Wfc0_77_load' <Predicate = true> <Delay = 1.23> <CoreInst = "ROM">   --->   Core 101 'ROM' <Latency = 1> <II = 1> <Delay = 1.23> <Storage> <Opcode : 'load'> <Ports = 0> <Width = 8> <Depth = 320> <ROM>
ST_4 : Operation 858 [1/1] (0.00ns)   --->   "%sext_ln190_89 = sext i8 %p_ZL4Wfc0_77_load" [awn_int8.cpp:190]   --->   Operation 858 'sext' 'sext_ln190_89' <Predicate = true> <Delay = 0.00>
ST_4 : Operation 859 [1/2] (1.23ns)   --->   "%p_ZL4Wfc0_79_load = load i9 %p_ZL4Wfc0_79_addr" [awn_int8.cpp:190]   --->   Operation 859 'load' 'p_ZL4Wfc0_79_load' <Predicate = true> <Delay = 1.23> <CoreInst = "ROM">   --->   Core 101 'ROM' <Latency = 1> <II = 1> <Delay = 1.23> <Storage> <Opcode : 'load'> <Ports = 0> <Width = 7> <Depth = 320> <ROM>
ST_4 : Operation 860 [1/1] (0.00ns)   --->   "%sext_ln190_91 = sext i7 %p_ZL4Wfc0_79_load" [awn_int8.cpp:190]   --->   Operation 860 'sext' 'sext_ln190_91' <Predicate = true> <Delay = 0.00>
ST_4 : Operation 861 [1/2] (1.23ns)   --->   "%p_ZL4Wfc0_81_load = load i9 %p_ZL4Wfc0_81_addr" [awn_int8.cpp:190]   --->   Operation 861 'load' 'p_ZL4Wfc0_81_load' <Predicate = true> <Delay = 1.23> <CoreInst = "ROM">   --->   Core 101 'ROM' <Latency = 1> <II = 1> <Delay = 1.23> <Storage> <Opcode : 'load'> <Ports = 0> <Width = 7> <Depth = 320> <ROM>
ST_4 : Operation 862 [1/1] (0.00ns)   --->   "%sext_ln190_93 = sext i7 %p_ZL4Wfc0_81_load" [awn_int8.cpp:190]   --->   Operation 862 'sext' 'sext_ln190_93' <Predicate = true> <Delay = 0.00>
ST_4 : Operation 863 [1/2] (1.23ns)   --->   "%p_ZL4Wfc0_83_load = load i9 %p_ZL4Wfc0_83_addr" [awn_int8.cpp:190]   --->   Operation 863 'load' 'p_ZL4Wfc0_83_load' <Predicate = true> <Delay = 1.23> <CoreInst = "ROM">   --->   Core 101 'ROM' <Latency = 1> <II = 1> <Delay = 1.23> <Storage> <Opcode : 'load'> <Ports = 0> <Width = 8> <Depth = 320> <ROM>
ST_4 : Operation 864 [1/1] (0.00ns)   --->   "%sext_ln190_95 = sext i8 %p_ZL4Wfc0_83_load" [awn_int8.cpp:190]   --->   Operation 864 'sext' 'sext_ln190_95' <Predicate = true> <Delay = 0.00>
ST_4 : Operation 865 [1/2] (1.23ns)   --->   "%p_ZL4Wfc0_85_load = load i9 %p_ZL4Wfc0_85_addr" [awn_int8.cpp:190]   --->   Operation 865 'load' 'p_ZL4Wfc0_85_load' <Predicate = true> <Delay = 1.23> <CoreInst = "ROM">   --->   Core 101 'ROM' <Latency = 1> <II = 1> <Delay = 1.23> <Storage> <Opcode : 'load'> <Ports = 0> <Width = 7> <Depth = 320> <ROM>
ST_4 : Operation 866 [1/1] (0.00ns)   --->   "%sext_ln190_97 = sext i7 %p_ZL4Wfc0_85_load" [awn_int8.cpp:190]   --->   Operation 866 'sext' 'sext_ln190_97' <Predicate = true> <Delay = 0.00>
ST_4 : Operation 867 [1/2] (1.23ns)   --->   "%p_ZL4Wfc0_87_load = load i9 %p_ZL4Wfc0_87_addr" [awn_int8.cpp:190]   --->   Operation 867 'load' 'p_ZL4Wfc0_87_load' <Predicate = true> <Delay = 1.23> <CoreInst = "ROM">   --->   Core 101 'ROM' <Latency = 1> <II = 1> <Delay = 1.23> <Storage> <Opcode : 'load'> <Ports = 0> <Width = 8> <Depth = 320> <ROM>
ST_4 : Operation 868 [1/1] (0.00ns)   --->   "%sext_ln190_99 = sext i8 %p_ZL4Wfc0_87_load" [awn_int8.cpp:190]   --->   Operation 868 'sext' 'sext_ln190_99' <Predicate = true> <Delay = 0.00>
ST_4 : Operation 869 [1/2] (1.23ns)   --->   "%p_ZL4Wfc0_89_load = load i9 %p_ZL4Wfc0_89_addr" [awn_int8.cpp:190]   --->   Operation 869 'load' 'p_ZL4Wfc0_89_load' <Predicate = true> <Delay = 1.23> <CoreInst = "ROM">   --->   Core 101 'ROM' <Latency = 1> <II = 1> <Delay = 1.23> <Storage> <Opcode : 'load'> <Ports = 0> <Width = 8> <Depth = 320> <ROM>
ST_4 : Operation 870 [1/1] (0.00ns)   --->   "%sext_ln190_101 = sext i8 %p_ZL4Wfc0_89_load" [awn_int8.cpp:190]   --->   Operation 870 'sext' 'sext_ln190_101' <Predicate = true> <Delay = 0.00>
ST_4 : Operation 871 [1/2] (1.23ns)   --->   "%p_ZL4Wfc0_91_load = load i9 %p_ZL4Wfc0_91_addr" [awn_int8.cpp:190]   --->   Operation 871 'load' 'p_ZL4Wfc0_91_load' <Predicate = true> <Delay = 1.23> <CoreInst = "ROM">   --->   Core 101 'ROM' <Latency = 1> <II = 1> <Delay = 1.23> <Storage> <Opcode : 'load'> <Ports = 0> <Width = 7> <Depth = 320> <ROM>
ST_4 : Operation 872 [1/1] (0.00ns)   --->   "%sext_ln190_103 = sext i7 %p_ZL4Wfc0_91_load" [awn_int8.cpp:190]   --->   Operation 872 'sext' 'sext_ln190_103' <Predicate = true> <Delay = 0.00>
ST_4 : Operation 873 [1/2] (1.23ns)   --->   "%p_ZL4Wfc0_93_load = load i9 %p_ZL4Wfc0_93_addr" [awn_int8.cpp:190]   --->   Operation 873 'load' 'p_ZL4Wfc0_93_load' <Predicate = true> <Delay = 1.23> <CoreInst = "ROM">   --->   Core 101 'ROM' <Latency = 1> <II = 1> <Delay = 1.23> <Storage> <Opcode : 'load'> <Ports = 0> <Width = 8> <Depth = 320> <ROM>
ST_4 : Operation 874 [1/1] (0.00ns)   --->   "%sext_ln190_105 = sext i8 %p_ZL4Wfc0_93_load" [awn_int8.cpp:190]   --->   Operation 874 'sext' 'sext_ln190_105' <Predicate = true> <Delay = 0.00>
ST_4 : Operation 875 [1/2] (1.23ns)   --->   "%p_ZL4Wfc0_95_load = load i9 %p_ZL4Wfc0_95_addr" [awn_int8.cpp:190]   --->   Operation 875 'load' 'p_ZL4Wfc0_95_load' <Predicate = true> <Delay = 1.23> <CoreInst = "ROM">   --->   Core 101 'ROM' <Latency = 1> <II = 1> <Delay = 1.23> <Storage> <Opcode : 'load'> <Ports = 0> <Width = 8> <Depth = 320> <ROM>
ST_4 : Operation 876 [1/1] (0.00ns)   --->   "%sext_ln190_107 = sext i8 %p_ZL4Wfc0_95_load" [awn_int8.cpp:190]   --->   Operation 876 'sext' 'sext_ln190_107' <Predicate = true> <Delay = 0.00>
ST_4 : Operation 877 [1/2] (1.23ns)   --->   "%p_ZL4Wfc0_97_load = load i9 %p_ZL4Wfc0_97_addr" [awn_int8.cpp:190]   --->   Operation 877 'load' 'p_ZL4Wfc0_97_load' <Predicate = true> <Delay = 1.23> <CoreInst = "ROM">   --->   Core 101 'ROM' <Latency = 1> <II = 1> <Delay = 1.23> <Storage> <Opcode : 'load'> <Ports = 0> <Width = 8> <Depth = 320> <ROM>
ST_4 : Operation 878 [1/1] (0.00ns)   --->   "%sext_ln190_109 = sext i8 %p_ZL4Wfc0_97_load" [awn_int8.cpp:190]   --->   Operation 878 'sext' 'sext_ln190_109' <Predicate = true> <Delay = 0.00>
ST_4 : Operation 879 [1/2] (1.23ns)   --->   "%p_ZL4Wfc0_99_load = load i9 %p_ZL4Wfc0_99_addr" [awn_int8.cpp:190]   --->   Operation 879 'load' 'p_ZL4Wfc0_99_load' <Predicate = true> <Delay = 1.23> <CoreInst = "ROM">   --->   Core 101 'ROM' <Latency = 1> <II = 1> <Delay = 1.23> <Storage> <Opcode : 'load'> <Ports = 0> <Width = 7> <Depth = 320> <ROM>
ST_4 : Operation 880 [1/1] (0.00ns)   --->   "%sext_ln190_111 = sext i7 %p_ZL4Wfc0_99_load" [awn_int8.cpp:190]   --->   Operation 880 'sext' 'sext_ln190_111' <Predicate = true> <Delay = 0.00>
ST_4 : Operation 881 [1/2] (1.23ns)   --->   "%p_ZL4Wfc0_101_load = load i9 %p_ZL4Wfc0_101_addr" [awn_int8.cpp:190]   --->   Operation 881 'load' 'p_ZL4Wfc0_101_load' <Predicate = true> <Delay = 1.23> <CoreInst = "ROM">   --->   Core 101 'ROM' <Latency = 1> <II = 1> <Delay = 1.23> <Storage> <Opcode : 'load'> <Ports = 0> <Width = 8> <Depth = 320> <ROM>
ST_4 : Operation 882 [1/1] (0.00ns)   --->   "%sext_ln190_113 = sext i8 %p_ZL4Wfc0_101_load" [awn_int8.cpp:190]   --->   Operation 882 'sext' 'sext_ln190_113' <Predicate = true> <Delay = 0.00>
ST_4 : Operation 883 [1/2] (1.23ns)   --->   "%p_ZL4Wfc0_103_load = load i9 %p_ZL4Wfc0_103_addr" [awn_int8.cpp:190]   --->   Operation 883 'load' 'p_ZL4Wfc0_103_load' <Predicate = true> <Delay = 1.23> <CoreInst = "ROM">   --->   Core 101 'ROM' <Latency = 1> <II = 1> <Delay = 1.23> <Storage> <Opcode : 'load'> <Ports = 0> <Width = 8> <Depth = 320> <ROM>
ST_4 : Operation 884 [1/1] (0.00ns)   --->   "%sext_ln190_115 = sext i8 %p_ZL4Wfc0_103_load" [awn_int8.cpp:190]   --->   Operation 884 'sext' 'sext_ln190_115' <Predicate = true> <Delay = 0.00>
ST_4 : Operation 885 [1/2] (1.23ns)   --->   "%p_ZL4Wfc0_105_load = load i9 %p_ZL4Wfc0_105_addr" [awn_int8.cpp:190]   --->   Operation 885 'load' 'p_ZL4Wfc0_105_load' <Predicate = true> <Delay = 1.23> <CoreInst = "ROM">   --->   Core 101 'ROM' <Latency = 1> <II = 1> <Delay = 1.23> <Storage> <Opcode : 'load'> <Ports = 0> <Width = 7> <Depth = 320> <ROM>
ST_4 : Operation 886 [1/1] (0.00ns)   --->   "%sext_ln190_117 = sext i7 %p_ZL4Wfc0_105_load" [awn_int8.cpp:190]   --->   Operation 886 'sext' 'sext_ln190_117' <Predicate = true> <Delay = 0.00>
ST_4 : Operation 887 [1/2] (1.23ns)   --->   "%p_ZL4Wfc0_107_load = load i9 %p_ZL4Wfc0_107_addr" [awn_int8.cpp:190]   --->   Operation 887 'load' 'p_ZL4Wfc0_107_load' <Predicate = true> <Delay = 1.23> <CoreInst = "ROM">   --->   Core 101 'ROM' <Latency = 1> <II = 1> <Delay = 1.23> <Storage> <Opcode : 'load'> <Ports = 0> <Width = 7> <Depth = 320> <ROM>
ST_4 : Operation 888 [1/1] (0.00ns)   --->   "%sext_ln190_119 = sext i7 %p_ZL4Wfc0_107_load" [awn_int8.cpp:190]   --->   Operation 888 'sext' 'sext_ln190_119' <Predicate = true> <Delay = 0.00>
ST_4 : Operation 889 [1/2] (1.23ns)   --->   "%p_ZL4Wfc0_109_load = load i9 %p_ZL4Wfc0_109_addr" [awn_int8.cpp:190]   --->   Operation 889 'load' 'p_ZL4Wfc0_109_load' <Predicate = true> <Delay = 1.23> <CoreInst = "ROM">   --->   Core 101 'ROM' <Latency = 1> <II = 1> <Delay = 1.23> <Storage> <Opcode : 'load'> <Ports = 0> <Width = 8> <Depth = 320> <ROM>
ST_4 : Operation 890 [1/1] (0.00ns)   --->   "%sext_ln190_121 = sext i8 %p_ZL4Wfc0_109_load" [awn_int8.cpp:190]   --->   Operation 890 'sext' 'sext_ln190_121' <Predicate = true> <Delay = 0.00>
ST_4 : Operation 891 [2/2] (1.23ns)   --->   "%p_ZL4Wfc0_111_load = load i9 %p_ZL4Wfc0_111_addr" [awn_int8.cpp:190]   --->   Operation 891 'load' 'p_ZL4Wfc0_111_load' <Predicate = true> <Delay = 1.23> <CoreInst = "ROM">   --->   Core 101 'ROM' <Latency = 1> <II = 1> <Delay = 1.23> <Storage> <Opcode : 'load'> <Ports = 0> <Width = 8> <Depth = 320> <ROM>
ST_4 : Operation 892 [2/2] (1.23ns)   --->   "%p_ZL4Wfc0_113_load = load i9 %p_ZL4Wfc0_113_addr" [awn_int8.cpp:190]   --->   Operation 892 'load' 'p_ZL4Wfc0_113_load' <Predicate = true> <Delay = 1.23> <CoreInst = "ROM">   --->   Core 101 'ROM' <Latency = 1> <II = 1> <Delay = 1.23> <Storage> <Opcode : 'load'> <Ports = 0> <Width = 8> <Depth = 320> <ROM>
ST_4 : Operation 893 [2/2] (1.23ns)   --->   "%p_ZL4Wfc0_115_load = load i9 %p_ZL4Wfc0_115_addr" [awn_int8.cpp:190]   --->   Operation 893 'load' 'p_ZL4Wfc0_115_load' <Predicate = true> <Delay = 1.23> <CoreInst = "ROM">   --->   Core 101 'ROM' <Latency = 1> <II = 1> <Delay = 1.23> <Storage> <Opcode : 'load'> <Ports = 0> <Width = 8> <Depth = 320> <ROM>
ST_4 : Operation 894 [2/2] (1.23ns)   --->   "%p_ZL4Wfc0_117_load = load i9 %p_ZL4Wfc0_117_addr" [awn_int8.cpp:190]   --->   Operation 894 'load' 'p_ZL4Wfc0_117_load' <Predicate = true> <Delay = 1.23> <CoreInst = "ROM">   --->   Core 101 'ROM' <Latency = 1> <II = 1> <Delay = 1.23> <Storage> <Opcode : 'load'> <Ports = 0> <Width = 7> <Depth = 320> <ROM>
ST_4 : Operation 895 [2/2] (1.23ns)   --->   "%p_ZL4Wfc0_120_load = load i9 %p_ZL4Wfc0_120_addr" [awn_int8.cpp:190]   --->   Operation 895 'load' 'p_ZL4Wfc0_120_load' <Predicate = true> <Delay = 1.23> <CoreInst = "ROM">   --->   Core 101 'ROM' <Latency = 1> <II = 1> <Delay = 1.23> <Storage> <Opcode : 'load'> <Ports = 0> <Width = 8> <Depth = 320> <ROM>
ST_4 : Operation 896 [2/2] (1.23ns)   --->   "%p_ZL4Wfc0_121_load = load i9 %p_ZL4Wfc0_121_addr" [awn_int8.cpp:190]   --->   Operation 896 'load' 'p_ZL4Wfc0_121_load' <Predicate = true> <Delay = 1.23> <CoreInst = "ROM">   --->   Core 101 'ROM' <Latency = 1> <II = 1> <Delay = 1.23> <Storage> <Opcode : 'load'> <Ports = 0> <Width = 7> <Depth = 320> <ROM>
ST_4 : Operation 897 [2/2] (1.23ns)   --->   "%p_ZL4Wfc0_123_load = load i9 %p_ZL4Wfc0_123_addr" [awn_int8.cpp:190]   --->   Operation 897 'load' 'p_ZL4Wfc0_123_load' <Predicate = true> <Delay = 1.23> <CoreInst = "ROM">   --->   Core 101 'ROM' <Latency = 1> <II = 1> <Delay = 1.23> <Storage> <Opcode : 'load'> <Ports = 0> <Width = 7> <Depth = 320> <ROM>
ST_4 : Operation 898 [1/2] (1.23ns)   --->   "%p_ZL4Wfc0_126_load = load i9 %p_ZL4Wfc0_126_addr" [awn_int8.cpp:190]   --->   Operation 898 'load' 'p_ZL4Wfc0_126_load' <Predicate = true> <Delay = 1.23> <CoreInst = "ROM">   --->   Core 101 'ROM' <Latency = 1> <II = 1> <Delay = 1.23> <Storage> <Opcode : 'load'> <Ports = 0> <Width = 7> <Depth = 320> <ROM>
ST_4 : Operation 899 [1/1] (0.00ns)   --->   "%sext_ln190_138 = sext i7 %p_ZL4Wfc0_126_load" [awn_int8.cpp:190]   --->   Operation 899 'sext' 'sext_ln190_138' <Predicate = true> <Delay = 0.00>
ST_4 : Operation 900 [1/3] (0.00ns) (grouped into DSP with root node add_ln190_70)   --->   "%mul_ln190 = mul i16 %sext_ln190_84, i16 %x_load_72_cast_cast" [awn_int8.cpp:190]   --->   Operation 900 'mul' 'mul_ln190' <Predicate = true> <Delay = 0.00> <CoreInst = "DSP48">   --->   Core 127 'DSP48' <Latency = 3> <II = 1> <Delay = 0.53> <IPBlock> <Opcode : '' 'add' 'sub' 'mul' 'select'> <InPorts = 0> <OutPorts = 1> <Sync> <CReg>
ST_4 : Operation 901 [1/3] (0.00ns) (grouped into DSP with root node add_ln190_64)   --->   "%mul_ln190_1 = mul i16 %sext_ln190_78, i16 %x_load_66_cast_cast" [awn_int8.cpp:190]   --->   Operation 901 'mul' 'mul_ln190_1' <Predicate = true> <Delay = 0.00> <CoreInst = "DSP48">   --->   Core 127 'DSP48' <Latency = 3> <II = 1> <Delay = 0.53> <IPBlock> <Opcode : '' 'add' 'sub' 'mul' 'select'> <InPorts = 0> <OutPorts = 1> <Sync> <CReg>
ST_4 : Operation 902 [1/1] (1.65ns)   --->   "%mul_ln190_2 = mul i15 %sext_ln190_138, i15 %x_load_126_cast_cast" [awn_int8.cpp:190]   --->   Operation 902 'mul' 'mul_ln190_2' <Predicate = true> <Delay = 1.65> <CoreInst = "Multiplier">   --->   Core 3 'Multiplier' <Latency = 0> <II = 1> <Delay = 1.65> <FuncUnit> <Opcode : 'mul'> <InPorts = 2> <OutPorts = 1>
ST_4 : Operation 903 [1/1] (1.65ns)   --->   "%mul_ln190_3 = mul i15 %sext_ln190_19, i15 %x_load_7_cast_cast" [awn_int8.cpp:190]   --->   Operation 903 'mul' 'mul_ln190_3' <Predicate = true> <Delay = 1.65> <CoreInst = "Multiplier">   --->   Core 3 'Multiplier' <Latency = 0> <II = 1> <Delay = 1.65> <FuncUnit> <Opcode : 'mul'> <InPorts = 2> <OutPorts = 1>
ST_4 : Operation 904 [2/3] (0.99ns) (grouped into DSP with root node add_ln190_121)   --->   "%mul_ln190_4 = mul i16 %sext_ln190_137, i16 %x_load_125_cast_cast" [awn_int8.cpp:190]   --->   Operation 904 'mul' 'mul_ln190_4' <Predicate = true> <Delay = 0.99> <CoreInst = "DSP48">   --->   Core 127 'DSP48' <Latency = 3> <II = 1> <Delay = 0.53> <IPBlock> <Opcode : '' 'add' 'sub' 'mul' 'select'> <InPorts = 0> <OutPorts = 1> <Sync> <CReg>
ST_4 : Operation 905 [1/1] (1.65ns)   --->   "%mul_ln190_5 = mul i16 %sext_ln190_71, i16 %x_load_59_cast_cast" [awn_int8.cpp:190]   --->   Operation 905 'mul' 'mul_ln190_5' <Predicate = true> <Delay = 1.65> <CoreInst = "Multiplier">   --->   Core 3 'Multiplier' <Latency = 0> <II = 1> <Delay = 1.65> <FuncUnit> <Opcode : 'mul'> <InPorts = 2> <OutPorts = 1>
ST_4 : Operation 906 [1/1] (1.65ns)   --->   "%mul_ln190_6 = mul i15 %sext_ln190_51, i15 %x_load_39_cast_cast" [awn_int8.cpp:190]   --->   Operation 906 'mul' 'mul_ln190_6' <Predicate = true> <Delay = 1.65> <CoreInst = "Multiplier">   --->   Core 3 'Multiplier' <Latency = 0> <II = 1> <Delay = 1.65> <FuncUnit> <Opcode : 'mul'> <InPorts = 2> <OutPorts = 1>
ST_4 : Operation 907 [2/3] (0.99ns) (grouped into DSP with root node add_ln190_119)   --->   "%mul_ln190_7 = mul i15 %sext_ln190_136, i15 %x_load_124_cast_cast" [awn_int8.cpp:190]   --->   Operation 907 'mul' 'mul_ln190_7' <Predicate = true> <Delay = 0.99> <CoreInst = "DSP48">   --->   Core 127 'DSP48' <Latency = 3> <II = 1> <Delay = 0.53> <IPBlock> <Opcode : '' 'add' 'sub' 'mul' 'select'> <InPorts = 0> <OutPorts = 1> <Sync> <CReg>
ST_4 : Operation 908 [1/1] (1.65ns)   --->   "%mul_ln190_8 = mul i15 %sext_ln190_93, i15 %x_load_81_cast_cast" [awn_int8.cpp:190]   --->   Operation 908 'mul' 'mul_ln190_8' <Predicate = true> <Delay = 1.65> <CoreInst = "Multiplier">   --->   Core 3 'Multiplier' <Latency = 0> <II = 1> <Delay = 1.65> <FuncUnit> <Opcode : 'mul'> <InPorts = 2> <OutPorts = 1>
ST_4 : Operation 909 [1/1] (1.65ns)   --->   "%mul_ln190_9 = mul i15 %sext_ln190_57, i15 %x_load_45_cast_cast" [awn_int8.cpp:190]   --->   Operation 909 'mul' 'mul_ln190_9' <Predicate = true> <Delay = 1.65> <CoreInst = "Multiplier">   --->   Core 3 'Multiplier' <Latency = 0> <II = 1> <Delay = 1.65> <FuncUnit> <Opcode : 'mul'> <InPorts = 2> <OutPorts = 1>
ST_4 : Operation 910 [1/1] (1.65ns)   --->   "%mul_ln190_10 = mul i16 %sext_ln190_113, i16 %x_load_101_cast_cast" [awn_int8.cpp:190]   --->   Operation 910 'mul' 'mul_ln190_10' <Predicate = true> <Delay = 1.65> <CoreInst = "Multiplier">   --->   Core 3 'Multiplier' <Latency = 0> <II = 1> <Delay = 1.65> <FuncUnit> <Opcode : 'mul'> <InPorts = 2> <OutPorts = 1>
ST_4 : Operation 911 [1/3] (0.00ns) (grouped into DSP with root node add_ln190_66)   --->   "%mul_ln190_12 = mul i15 %sext_ln190_79, i15 %x_load_67_cast_cast" [awn_int8.cpp:190]   --->   Operation 911 'mul' 'mul_ln190_12' <Predicate = true> <Delay = 0.00> <CoreInst = "DSP48">   --->   Core 127 'DSP48' <Latency = 3> <II = 1> <Delay = 0.53> <IPBlock> <Opcode : '' 'add' 'sub' 'mul' 'select'> <InPorts = 0> <OutPorts = 1> <Sync> <CReg>
ST_4 : Operation 912 [1/1] (0.00ns) (grouped into DSP with root node add_ln190_66)   --->   "%sext_ln190_140 = sext i15 %mul_ln190_12" [awn_int8.cpp:190]   --->   Operation 912 'sext' 'sext_ln190_140' <Predicate = true> <Delay = 0.00>
ST_4 : Operation 913 [1/3] (0.00ns) (grouped into DSP with root node add_ln190_34)   --->   "%mul_ln190_13 = mul i15 %sext_ln190_48, i15 %sext_ln190_4_cast" [awn_int8.cpp:190]   --->   Operation 913 'mul' 'mul_ln190_13' <Predicate = true> <Delay = 0.00> <CoreInst = "DSP48">   --->   Core 127 'DSP48' <Latency = 3> <II = 1> <Delay = 0.53> <IPBlock> <Opcode : '' 'add' 'sub' 'mul' 'select'> <InPorts = 0> <OutPorts = 1> <Sync> <CReg>
ST_4 : Operation 914 [1/1] (1.65ns)   --->   "%mul_ln190_15 = mul i16 %sext_ln190_37, i16 %x_load_25_cast_cast" [awn_int8.cpp:190]   --->   Operation 914 'mul' 'mul_ln190_15' <Predicate = true> <Delay = 1.65> <CoreInst = "Multiplier">   --->   Core 3 'Multiplier' <Latency = 0> <II = 1> <Delay = 1.65> <FuncUnit> <Opcode : 'mul'> <InPorts = 2> <OutPorts = 1>
ST_4 : Operation 915 [2/3] (0.99ns) (grouped into DSP with root node add_ln190_117)   --->   "%mul_ln190_16 = mul i15 %sext_ln190_134, i15 %x_load_122_cast_cast" [awn_int8.cpp:190]   --->   Operation 915 'mul' 'mul_ln190_16' <Predicate = true> <Delay = 0.99> <CoreInst = "DSP48">   --->   Core 127 'DSP48' <Latency = 3> <II = 1> <Delay = 0.53> <IPBlock> <Opcode : '' 'add' 'sub' 'mul' 'select'> <InPorts = 0> <OutPorts = 1> <Sync> <CReg>
ST_4 : Operation 916 [1/1] (1.65ns)   --->   "%mul_ln190_17 = mul i16 %sext_ln190_101, i16 %x_load_89_cast_cast" [awn_int8.cpp:190]   --->   Operation 916 'mul' 'mul_ln190_17' <Predicate = true> <Delay = 1.65> <CoreInst = "Multiplier">   --->   Core 3 'Multiplier' <Latency = 0> <II = 1> <Delay = 1.65> <FuncUnit> <Opcode : 'mul'> <InPorts = 2> <OutPorts = 1>
ST_4 : Operation 917 [1/3] (0.00ns) (grouped into DSP with root node add_ln190_54)   --->   "%mul_ln190_18 = mul i15 %sext_ln190_70, i15 %x_load_58_cast_cast" [awn_int8.cpp:190]   --->   Operation 917 'mul' 'mul_ln190_18' <Predicate = true> <Delay = 0.00> <CoreInst = "DSP48">   --->   Core 127 'DSP48' <Latency = 3> <II = 1> <Delay = 0.53> <IPBlock> <Opcode : '' 'add' 'sub' 'mul' 'select'> <InPorts = 0> <OutPorts = 1> <Sync> <CReg>
ST_4 : Operation 918 [1/1] (0.00ns) (grouped into DSP with root node add_ln190_54)   --->   "%sext_ln190_141 = sext i15 %mul_ln190_18" [awn_int8.cpp:190]   --->   Operation 918 'sext' 'sext_ln190_141' <Predicate = true> <Delay = 0.00>
ST_4 : Operation 919 [1/3] (0.00ns) (grouped into DSP with root node add_ln190_73)   --->   "%mul_ln190_19 = mul i15 %sext_ln190_88, i15 %x_load_76_cast_cast" [awn_int8.cpp:190]   --->   Operation 919 'mul' 'mul_ln190_19' <Predicate = true> <Delay = 0.00> <CoreInst = "DSP48">   --->   Core 127 'DSP48' <Latency = 3> <II = 1> <Delay = 0.53> <IPBlock> <Opcode : '' 'add' 'sub' 'mul' 'select'> <InPorts = 0> <OutPorts = 1> <Sync> <CReg>
ST_4 : Operation 920 [1/1] (0.00ns) (grouped into DSP with root node add_ln190_73)   --->   "%sext_ln190_142 = sext i15 %mul_ln190_19" [awn_int8.cpp:190]   --->   Operation 920 'sext' 'sext_ln190_142' <Predicate = true> <Delay = 0.00>
ST_4 : Operation 921 [1/3] (0.00ns) (grouped into DSP with root node add_ln190_7)   --->   "%mul_ln190_20 = mul i15 %sext_ln190_20, i15 %x_load_8_cast_cast" [awn_int8.cpp:190]   --->   Operation 921 'mul' 'mul_ln190_20' <Predicate = true> <Delay = 0.00> <CoreInst = "DSP48">   --->   Core 127 'DSP48' <Latency = 3> <II = 1> <Delay = 0.53> <IPBlock> <Opcode : '' 'add' 'sub' 'mul' 'select'> <InPorts = 0> <OutPorts = 1> <Sync> <CReg>
ST_4 : Operation 922 [1/1] (1.65ns)   --->   "%mul_ln190_21 = mul i15 %sext_ln190_117, i15 %x_load_105_cast_cast" [awn_int8.cpp:190]   --->   Operation 922 'mul' 'mul_ln190_21' <Predicate = true> <Delay = 1.65> <CoreInst = "Multiplier">   --->   Core 3 'Multiplier' <Latency = 0> <II = 1> <Delay = 1.65> <FuncUnit> <Opcode : 'mul'> <InPorts = 2> <OutPorts = 1>
ST_4 : Operation 923 [1/3] (0.00ns) (grouped into DSP with root node add_ln190_10)   --->   "%mul_ln190_23 = mul i15 %sext_ln190_24, i15 %x_load_12_cast_cast" [awn_int8.cpp:190]   --->   Operation 923 'mul' 'mul_ln190_23' <Predicate = true> <Delay = 0.00> <CoreInst = "DSP48">   --->   Core 127 'DSP48' <Latency = 3> <II = 1> <Delay = 0.53> <IPBlock> <Opcode : '' 'add' 'sub' 'mul' 'select'> <InPorts = 0> <OutPorts = 1> <Sync> <CReg>
ST_4 : Operation 924 [1/3] (0.00ns) (grouped into DSP with root node add_ln190_16)   --->   "%mul_ln190_24 = mul i15 %sext_ln190_30, i15 %sext_ln190_2_cast" [awn_int8.cpp:190]   --->   Operation 924 'mul' 'mul_ln190_24' <Predicate = true> <Delay = 0.00> <CoreInst = "DSP48">   --->   Core 127 'DSP48' <Latency = 3> <II = 1> <Delay = 0.53> <IPBlock> <Opcode : '' 'add' 'sub' 'mul' 'select'> <InPorts = 0> <OutPorts = 1> <Sync> <CReg>
ST_4 : Operation 925 [1/3] (0.00ns) (grouped into DSP with root node add_ln190_4)   --->   "%mul_ln190_25 = mul i16 %sext_ln190_18, i16 %x_load_6_cast_cast" [awn_int8.cpp:190]   --->   Operation 925 'mul' 'mul_ln190_25' <Predicate = true> <Delay = 0.00> <CoreInst = "DSP48">   --->   Core 127 'DSP48' <Latency = 3> <II = 1> <Delay = 0.53> <IPBlock> <Opcode : '' 'add' 'sub' 'mul' 'select'> <InPorts = 0> <OutPorts = 1> <Sync> <CReg>
ST_4 : Operation 926 [1/3] (0.00ns) (grouped into DSP with root node add_ln190_89)   --->   "%mul_ln190_26 = mul i16 %sext_ln190_106, i16 %x_load_94_cast_cast" [awn_int8.cpp:190]   --->   Operation 926 'mul' 'mul_ln190_26' <Predicate = true> <Delay = 0.00> <CoreInst = "DSP48">   --->   Core 127 'DSP48' <Latency = 3> <II = 1> <Delay = 0.53> <IPBlock> <Opcode : '' 'add' 'sub' 'mul' 'select'> <InPorts = 0> <OutPorts = 1> <Sync> <CReg>
ST_4 : Operation 927 [1/1] (1.65ns)   --->   "%mul_ln190_27 = mul i16 %sext_ln190_63, i16 %x_load_51_cast_cast" [awn_int8.cpp:190]   --->   Operation 927 'mul' 'mul_ln190_27' <Predicate = true> <Delay = 1.65> <CoreInst = "Multiplier">   --->   Core 3 'Multiplier' <Latency = 0> <II = 1> <Delay = 1.65> <FuncUnit> <Opcode : 'mul'> <InPorts = 2> <OutPorts = 1>
ST_4 : Operation 928 [1/1] (1.65ns)   --->   "%mul_ln190_28 = mul i15 %sext_ln190_109, i15 %sext_ln190_8_cast" [awn_int8.cpp:190]   --->   Operation 928 'mul' 'mul_ln190_28' <Predicate = true> <Delay = 1.65> <CoreInst = "Multiplier">   --->   Core 3 'Multiplier' <Latency = 0> <II = 1> <Delay = 1.65> <FuncUnit> <Opcode : 'mul'> <InPorts = 2> <OutPorts = 1>
ST_4 : Operation 929 [1/1] (1.65ns)   --->   "%mul_ln190_30 = mul i16 %sext_ln190_80, i16 %x_load_68_cast_cast" [awn_int8.cpp:190]   --->   Operation 929 'mul' 'mul_ln190_30' <Predicate = true> <Delay = 1.65> <CoreInst = "Multiplier">   --->   Core 3 'Multiplier' <Latency = 0> <II = 1> <Delay = 1.65> <FuncUnit> <Opcode : 'mul'> <InPorts = 2> <OutPorts = 1>
ST_4 : Operation 930 [1/1] (1.65ns)   --->   "%mul_ln190_31 = mul i16 %sext_ln190_69, i16 %x_load_57_cast_cast" [awn_int8.cpp:190]   --->   Operation 930 'mul' 'mul_ln190_31' <Predicate = true> <Delay = 1.65> <CoreInst = "Multiplier">   --->   Core 3 'Multiplier' <Latency = 0> <II = 1> <Delay = 1.65> <FuncUnit> <Opcode : 'mul'> <InPorts = 2> <OutPorts = 1>
ST_4 : Operation 931 [1/1] (1.65ns)   --->   "%mul_ln190_32 = mul i15 %sext_ln190_91, i15 %x_load_79_cast_cast" [awn_int8.cpp:190]   --->   Operation 931 'mul' 'mul_ln190_32' <Predicate = true> <Delay = 1.65> <CoreInst = "Multiplier">   --->   Core 3 'Multiplier' <Latency = 0> <II = 1> <Delay = 1.65> <FuncUnit> <Opcode : 'mul'> <InPorts = 2> <OutPorts = 1>
ST_4 : Operation 932 [1/1] (1.65ns)   --->   "%mul_ln190_33 = mul i16 %sext_ln190_85, i16 %x_load_73_cast_cast" [awn_int8.cpp:190]   --->   Operation 932 'mul' 'mul_ln190_33' <Predicate = true> <Delay = 1.65> <CoreInst = "Multiplier">   --->   Core 3 'Multiplier' <Latency = 0> <II = 1> <Delay = 1.65> <FuncUnit> <Opcode : 'mul'> <InPorts = 2> <OutPorts = 1>
ST_4 : Operation 933 [1/3] (0.00ns) (grouped into DSP with root node add_ln190_105)   --->   "%mul_ln190_34 = mul i15 %sext_ln190_122, i15 %x_load_110_cast_cast" [awn_int8.cpp:190]   --->   Operation 933 'mul' 'mul_ln190_34' <Predicate = true> <Delay = 0.00> <CoreInst = "DSP48">   --->   Core 127 'DSP48' <Latency = 3> <II = 1> <Delay = 0.53> <IPBlock> <Opcode : '' 'add' 'sub' 'mul' 'select'> <InPorts = 0> <OutPorts = 1> <Sync> <CReg>
ST_4 : Operation 934 [1/3] (0.00ns) (grouped into DSP with root node add_ln190)   --->   "%mul_ln190_35 = mul i15 %sext_ln190_12, i15 %sext_ln190_cast" [awn_int8.cpp:190]   --->   Operation 934 'mul' 'mul_ln190_35' <Predicate = true> <Delay = 0.00> <CoreInst = "DSP48">   --->   Core 127 'DSP48' <Latency = 3> <II = 1> <Delay = 0.53> <IPBlock> <Opcode : '' 'add' 'sub' 'mul' 'select'> <InPorts = 0> <OutPorts = 1> <Sync> <CReg>
ST_4 : Operation 935 [1/1] (1.65ns)   --->   "%mul_ln190_36 = mul i16 %sext_ln190_21, i16 %x_load_9_cast_cast" [awn_int8.cpp:190]   --->   Operation 935 'mul' 'mul_ln190_36' <Predicate = true> <Delay = 1.65> <CoreInst = "Multiplier">   --->   Core 3 'Multiplier' <Latency = 0> <II = 1> <Delay = 1.65> <FuncUnit> <Opcode : 'mul'> <InPorts = 2> <OutPorts = 1>
ST_4 : Operation 936 [2/3] (0.99ns) (grouped into DSP with root node add_ln190_116)   --->   "%mul_ln190_37 = mul i15 %sext_ln190_131, i15 %x_load_119_cast_cast" [awn_int8.cpp:190]   --->   Operation 936 'mul' 'mul_ln190_37' <Predicate = true> <Delay = 0.99> <CoreInst = "DSP48">   --->   Core 127 'DSP48' <Latency = 3> <II = 1> <Delay = 0.53> <IPBlock> <Opcode : '' 'add' 'sub' 'mul' 'select'> <InPorts = 0> <OutPorts = 1> <Sync> <CReg>
ST_4 : Operation 937 [1/3] (0.00ns) (grouped into DSP with root node add_ln190_22)   --->   "%mul_ln190_38 = mul i15 %sext_ln190_36, i15 %x_load_24_cast_cast" [awn_int8.cpp:190]   --->   Operation 937 'mul' 'mul_ln190_38' <Predicate = true> <Delay = 0.00> <CoreInst = "DSP48">   --->   Core 127 'DSP48' <Latency = 3> <II = 1> <Delay = 0.53> <IPBlock> <Opcode : '' 'add' 'sub' 'mul' 'select'> <InPorts = 0> <OutPorts = 1> <Sync> <CReg>
ST_4 : Operation 938 [1/1] (0.00ns) (grouped into DSP with root node add_ln190_22)   --->   "%sext_ln190_144 = sext i15 %mul_ln190_38" [awn_int8.cpp:190]   --->   Operation 938 'sext' 'sext_ln190_144' <Predicate = true> <Delay = 0.00>
ST_4 : Operation 939 [1/1] (1.65ns)   --->   "%mul_ln190_39 = mul i15 %sext_ln190_23, i15 %x_load_11_cast_cast" [awn_int8.cpp:190]   --->   Operation 939 'mul' 'mul_ln190_39' <Predicate = true> <Delay = 1.65> <CoreInst = "Multiplier">   --->   Core 3 'Multiplier' <Latency = 0> <II = 1> <Delay = 1.65> <FuncUnit> <Opcode : 'mul'> <InPorts = 2> <OutPorts = 1>
ST_4 : Operation 940 [1/1] (1.65ns)   --->   "%mul_ln190_40 = mul i16 %sext_ln190_17, i16 %x_load_5_cast_cast" [awn_int8.cpp:190]   --->   Operation 940 'mul' 'mul_ln190_40' <Predicate = true> <Delay = 1.65> <CoreInst = "Multiplier">   --->   Core 3 'Multiplier' <Latency = 0> <II = 1> <Delay = 1.65> <FuncUnit> <Opcode : 'mul'> <InPorts = 2> <OutPorts = 1>
ST_4 : Operation 941 [1/1] (1.65ns)   --->   "%mul_ln190_41 = mul i15 %sext_ln190_103, i15 %x_load_91_cast_cast" [awn_int8.cpp:190]   --->   Operation 941 'mul' 'mul_ln190_41' <Predicate = true> <Delay = 1.65> <CoreInst = "Multiplier">   --->   Core 3 'Multiplier' <Latency = 0> <II = 1> <Delay = 1.65> <FuncUnit> <Opcode : 'mul'> <InPorts = 2> <OutPorts = 1>
ST_4 : Operation 942 [1/1] (1.65ns)   --->   "%mul_ln190_42 = mul i16 %sext_ln190_49, i16 %x_load_37_cast_cast" [awn_int8.cpp:190]   --->   Operation 942 'mul' 'mul_ln190_42' <Predicate = true> <Delay = 1.65> <CoreInst = "Multiplier">   --->   Core 3 'Multiplier' <Latency = 0> <II = 1> <Delay = 1.65> <FuncUnit> <Opcode : 'mul'> <InPorts = 2> <OutPorts = 1>
ST_4 : Operation 943 [1/3] (0.00ns) (grouped into DSP with root node add_ln190_53)   --->   "%mul_ln190_43 = mul i15 %sext_ln190_68, i15 %x_load_56_cast_cast" [awn_int8.cpp:190]   --->   Operation 943 'mul' 'mul_ln190_43' <Predicate = true> <Delay = 0.00> <CoreInst = "DSP48">   --->   Core 127 'DSP48' <Latency = 3> <II = 1> <Delay = 0.53> <IPBlock> <Opcode : '' 'add' 'sub' 'mul' 'select'> <InPorts = 0> <OutPorts = 1> <Sync> <CReg>
ST_4 : Operation 944 [1/1] (1.65ns)   --->   "%mul_ln190_44 = mul i15 %sext_ln190_59, i15 %x_load_47_cast_cast" [awn_int8.cpp:190]   --->   Operation 944 'mul' 'mul_ln190_44' <Predicate = true> <Delay = 1.65> <CoreInst = "Multiplier">   --->   Core 3 'Multiplier' <Latency = 0> <II = 1> <Delay = 1.65> <FuncUnit> <Opcode : 'mul'> <InPorts = 2> <OutPorts = 1>
ST_4 : Operation 945 [1/3] (0.00ns) (grouped into DSP with root node add_ln190_97)   --->   "%mul_ln190_45 = mul i15 %sext_ln190_112, i15 %x_load_100_cast_cast" [awn_int8.cpp:190]   --->   Operation 945 'mul' 'mul_ln190_45' <Predicate = true> <Delay = 0.00> <CoreInst = "DSP48">   --->   Core 127 'DSP48' <Latency = 3> <II = 1> <Delay = 0.53> <IPBlock> <Opcode : '' 'add' 'sub' 'mul' 'select'> <InPorts = 0> <OutPorts = 1> <Sync> <CReg>
ST_4 : Operation 946 [2/3] (0.99ns) (grouped into DSP with root node add_ln190_113)   --->   "%mul_ln190_46 = mul i15 %sext_ln190_130, i15 %x_load_118_cast_cast" [awn_int8.cpp:190]   --->   Operation 946 'mul' 'mul_ln190_46' <Predicate = true> <Delay = 0.99> <CoreInst = "DSP48">   --->   Core 127 'DSP48' <Latency = 3> <II = 1> <Delay = 0.53> <IPBlock> <Opcode : '' 'add' 'sub' 'mul' 'select'> <InPorts = 0> <OutPorts = 1> <Sync> <CReg>
ST_4 : Operation 947 [1/3] (0.00ns) (grouped into DSP with root node add_ln190_19)   --->   "%mul_ln190_47 = mul i15 %sext_ln190_33, i15 %x_load_21_cast_cast" [awn_int8.cpp:190]   --->   Operation 947 'mul' 'mul_ln190_47' <Predicate = true> <Delay = 0.00> <CoreInst = "DSP48">   --->   Core 127 'DSP48' <Latency = 3> <II = 1> <Delay = 0.53> <IPBlock> <Opcode : '' 'add' 'sub' 'mul' 'select'> <InPorts = 0> <OutPorts = 1> <Sync> <CReg>
ST_4 : Operation 948 [1/1] (0.00ns) (grouped into DSP with root node add_ln190_19)   --->   "%sext_ln190_145 = sext i15 %mul_ln190_47" [awn_int8.cpp:190]   --->   Operation 948 'sext' 'sext_ln190_145' <Predicate = true> <Delay = 0.00>
ST_4 : Operation 949 [1/1] (1.65ns)   --->   "%mul_ln190_48 = mul i15 %sext_ln190_81, i15 %x_load_69_cast_cast" [awn_int8.cpp:190]   --->   Operation 949 'mul' 'mul_ln190_48' <Predicate = true> <Delay = 1.65> <CoreInst = "Multiplier">   --->   Core 3 'Multiplier' <Latency = 0> <II = 1> <Delay = 1.65> <FuncUnit> <Opcode : 'mul'> <InPorts = 2> <OutPorts = 1>
ST_4 : Operation 950 [1/3] (0.00ns) (grouped into DSP with root node add_ln190_101)   --->   "%mul_ln190_49 = mul i16 %sext_ln190_116, i16 %x_load_104_cast_cast" [awn_int8.cpp:190]   --->   Operation 950 'mul' 'mul_ln190_49' <Predicate = true> <Delay = 0.00> <CoreInst = "DSP48">   --->   Core 127 'DSP48' <Latency = 3> <II = 1> <Delay = 0.53> <IPBlock> <Opcode : '' 'add' 'sub' 'mul' 'select'> <InPorts = 0> <OutPorts = 1> <Sync> <CReg>
ST_4 : Operation 951 [1/1] (1.65ns)   --->   "%mul_ln190_50 = mul i15 %sext_ln190_43, i15 %x_load_31_cast_cast" [awn_int8.cpp:190]   --->   Operation 951 'mul' 'mul_ln190_50' <Predicate = true> <Delay = 1.65> <CoreInst = "Multiplier">   --->   Core 3 'Multiplier' <Latency = 0> <II = 1> <Delay = 1.65> <FuncUnit> <Opcode : 'mul'> <InPorts = 2> <OutPorts = 1>
ST_4 : Operation 952 [1/3] (0.00ns) (grouped into DSP with root node add_ln190_39)   --->   "%mul_ln190_51 = mul i15 %sext_ln190_54, i15 %x_load_42_cast_cast" [awn_int8.cpp:190]   --->   Operation 952 'mul' 'mul_ln190_51' <Predicate = true> <Delay = 0.00> <CoreInst = "DSP48">   --->   Core 127 'DSP48' <Latency = 3> <II = 1> <Delay = 0.53> <IPBlock> <Opcode : '' 'add' 'sub' 'mul' 'select'> <InPorts = 0> <OutPorts = 1> <Sync> <CReg>
ST_4 : Operation 953 [1/3] (0.00ns) (grouped into DSP with root node add_ln190_31)   --->   "%mul_ln190_52 = mul i15 %sext_ln190_44, i15 %x_load_32_cast_cast" [awn_int8.cpp:190]   --->   Operation 953 'mul' 'mul_ln190_52' <Predicate = true> <Delay = 0.00> <CoreInst = "DSP48">   --->   Core 127 'DSP48' <Latency = 3> <II = 1> <Delay = 0.53> <IPBlock> <Opcode : '' 'add' 'sub' 'mul' 'select'> <InPorts = 0> <OutPorts = 1> <Sync> <CReg>
ST_4 : Operation 954 [1/3] (0.00ns) (grouped into DSP with root node add_ln190_26)   --->   "%mul_ln190_53 = mul i15 %sext_ln190_42, i15 %x_load_30_cast_cast" [awn_int8.cpp:190]   --->   Operation 954 'mul' 'mul_ln190_53' <Predicate = true> <Delay = 0.00> <CoreInst = "DSP48">   --->   Core 127 'DSP48' <Latency = 3> <II = 1> <Delay = 0.53> <IPBlock> <Opcode : '' 'add' 'sub' 'mul' 'select'> <InPorts = 0> <OutPorts = 1> <Sync> <CReg>
ST_4 : Operation 955 [1/1] (1.65ns)   --->   "%mul_ln190_54 = mul i15 %sext_ln190_121, i15 %sext_ln190_10_cast" [awn_int8.cpp:190]   --->   Operation 955 'mul' 'mul_ln190_54' <Predicate = true> <Delay = 1.65> <CoreInst = "Multiplier">   --->   Core 3 'Multiplier' <Latency = 0> <II = 1> <Delay = 1.65> <FuncUnit> <Opcode : 'mul'> <InPorts = 2> <OutPorts = 1>
ST_4 : Operation 956 [1/3] (0.00ns) (grouped into DSP with root node add_ln190_47)   --->   "%mul_ln190_55 = mul i16 %sext_ln190_62, i16 %x_load_50_cast_cast" [awn_int8.cpp:190]   --->   Operation 956 'mul' 'mul_ln190_55' <Predicate = true> <Delay = 0.00> <CoreInst = "DSP48">   --->   Core 127 'DSP48' <Latency = 3> <II = 1> <Delay = 0.53> <IPBlock> <Opcode : '' 'add' 'sub' 'mul' 'select'> <InPorts = 0> <OutPorts = 1> <Sync> <CReg>
ST_4 : Operation 957 [1/1] (1.65ns)   --->   "%mul_ln190_57 = mul i15 %sext_ln190_67, i15 %x_load_55_cast_cast" [awn_int8.cpp:190]   --->   Operation 957 'mul' 'mul_ln190_57' <Predicate = true> <Delay = 1.65> <CoreInst = "Multiplier">   --->   Core 3 'Multiplier' <Latency = 0> <II = 1> <Delay = 1.65> <FuncUnit> <Opcode : 'mul'> <InPorts = 2> <OutPorts = 1>
ST_4 : Operation 958 [1/3] (0.00ns) (grouped into DSP with root node add_ln190_38)   --->   "%mul_ln190_58 = mul i15 %sext_ln190_52, i15 %x_load_40_cast_cast" [awn_int8.cpp:190]   --->   Operation 958 'mul' 'mul_ln190_58' <Predicate = true> <Delay = 0.00> <CoreInst = "DSP48">   --->   Core 127 'DSP48' <Latency = 3> <II = 1> <Delay = 0.53> <IPBlock> <Opcode : '' 'add' 'sub' 'mul' 'select'> <InPorts = 0> <OutPorts = 1> <Sync> <CReg>
ST_4 : Operation 959 [1/3] (0.00ns) (grouped into DSP with root node add_ln190_81)   --->   "%mul_ln190_59 = mul i16 %sext_ln190_96, i16 %x_load_84_cast_cast" [awn_int8.cpp:190]   --->   Operation 959 'mul' 'mul_ln190_59' <Predicate = true> <Delay = 0.00> <CoreInst = "DSP48">   --->   Core 127 'DSP48' <Latency = 3> <II = 1> <Delay = 0.53> <IPBlock> <Opcode : '' 'add' 'sub' 'mul' 'select'> <InPorts = 0> <OutPorts = 1> <Sync> <CReg>
ST_4 : Operation 960 [1/3] (0.00ns) (grouped into DSP with root node add_ln190_41)   --->   "%mul_ln190_60 = mul i15 %sext_ln190_56, i15 %x_load_44_cast_cast" [awn_int8.cpp:190]   --->   Operation 960 'mul' 'mul_ln190_60' <Predicate = true> <Delay = 0.00> <CoreInst = "DSP48">   --->   Core 127 'DSP48' <Latency = 3> <II = 1> <Delay = 0.53> <IPBlock> <Opcode : '' 'add' 'sub' 'mul' 'select'> <InPorts = 0> <OutPorts = 1> <Sync> <CReg>
ST_4 : Operation 961 [1/3] (0.00ns) (grouped into DSP with root node add_ln190_82)   --->   "%mul_ln190_61 = mul i15 %sext_ln190_98, i15 %sext_ln190_7_cast" [awn_int8.cpp:190]   --->   Operation 961 'mul' 'mul_ln190_61' <Predicate = true> <Delay = 0.00> <CoreInst = "DSP48">   --->   Core 127 'DSP48' <Latency = 3> <II = 1> <Delay = 0.53> <IPBlock> <Opcode : '' 'add' 'sub' 'mul' 'select'> <InPorts = 0> <OutPorts = 1> <Sync> <CReg>
ST_4 : Operation 962 [1/1] (1.65ns)   --->   "%mul_ln190_62 = mul i16 %sext_ln190_89, i16 %x_load_77_cast_cast" [awn_int8.cpp:190]   --->   Operation 962 'mul' 'mul_ln190_62' <Predicate = true> <Delay = 1.65> <CoreInst = "Multiplier">   --->   Core 3 'Multiplier' <Latency = 0> <II = 1> <Delay = 1.65> <FuncUnit> <Opcode : 'mul'> <InPorts = 2> <OutPorts = 1>
ST_4 : Operation 963 [1/3] (0.00ns) (grouped into DSP with root node add_ln190_1)   --->   "%mul_ln190_63 = mul i15 %sext_ln190_13, i15 %x_load_1_cast_cast" [awn_int8.cpp:190]   --->   Operation 963 'mul' 'mul_ln190_63' <Predicate = true> <Delay = 0.00> <CoreInst = "DSP48">   --->   Core 127 'DSP48' <Latency = 3> <II = 1> <Delay = 0.53> <IPBlock> <Opcode : '' 'add' 'sub' 'mul' 'select'> <InPorts = 0> <OutPorts = 1> <Sync> <CReg>
ST_4 : Operation 964 [1/1] (0.00ns) (grouped into DSP with root node add_ln190_1)   --->   "%sext_ln190_146 = sext i15 %mul_ln190_63" [awn_int8.cpp:190]   --->   Operation 964 'sext' 'sext_ln190_146' <Predicate = true> <Delay = 0.00>
ST_4 : Operation 965 [1/1] (1.65ns)   --->   "%mul_ln190_64 = mul i15 %sext_ln190_45, i15 %x_load_33_cast_cast" [awn_int8.cpp:190]   --->   Operation 965 'mul' 'mul_ln190_64' <Predicate = true> <Delay = 1.65> <CoreInst = "Multiplier">   --->   Core 3 'Multiplier' <Latency = 0> <II = 1> <Delay = 1.65> <FuncUnit> <Opcode : 'mul'> <InPorts = 2> <OutPorts = 1>
ST_4 : Operation 966 [1/3] (0.00ns) (grouped into DSP with root node add_ln190_79)   --->   "%mul_ln190_65 = mul i15 %sext_ln190_94, i15 %x_load_82_cast_cast" [awn_int8.cpp:190]   --->   Operation 966 'mul' 'mul_ln190_65' <Predicate = true> <Delay = 0.00> <CoreInst = "DSP48">   --->   Core 127 'DSP48' <Latency = 3> <II = 1> <Delay = 0.53> <IPBlock> <Opcode : '' 'add' 'sub' 'mul' 'select'> <InPorts = 0> <OutPorts = 1> <Sync> <CReg>
ST_4 : Operation 967 [1/3] (0.00ns) (grouped into DSP with root node add_ln190_46)   --->   "%mul_ln190_66 = mul i15 %sext_ln190_60, i15 %sext_ln190_6_cast" [awn_int8.cpp:190]   --->   Operation 967 'mul' 'mul_ln190_66' <Predicate = true> <Delay = 0.00> <CoreInst = "DSP48">   --->   Core 127 'DSP48' <Latency = 3> <II = 1> <Delay = 0.53> <IPBlock> <Opcode : '' 'add' 'sub' 'mul' 'select'> <InPorts = 0> <OutPorts = 1> <Sync> <CReg>
ST_4 : Operation 968 [1/3] (0.00ns) (grouped into DSP with root node add_ln190_71)   --->   "%mul_ln190_67 = mul i15 %sext_ln190_86, i15 %x_load_74_cast_cast" [awn_int8.cpp:190]   --->   Operation 968 'mul' 'mul_ln190_67' <Predicate = true> <Delay = 0.00> <CoreInst = "DSP48">   --->   Core 127 'DSP48' <Latency = 3> <II = 1> <Delay = 0.53> <IPBlock> <Opcode : '' 'add' 'sub' 'mul' 'select'> <InPorts = 0> <OutPorts = 1> <Sync> <CReg>
ST_4 : Operation 969 [1/1] (0.00ns) (grouped into DSP with root node add_ln190_71)   --->   "%sext_ln190_147 = sext i15 %mul_ln190_67" [awn_int8.cpp:190]   --->   Operation 969 'sext' 'sext_ln190_147' <Predicate = true> <Delay = 0.00>
ST_4 : Operation 970 [2/3] (0.99ns) (grouped into DSP with root node add_ln190_112)   --->   "%mul_ln190_68 = mul i16 %sext_ln190_128, i16 %x_load_116_cast_cast" [awn_int8.cpp:190]   --->   Operation 970 'mul' 'mul_ln190_68' <Predicate = true> <Delay = 0.99> <CoreInst = "DSP48">   --->   Core 127 'DSP48' <Latency = 3> <II = 1> <Delay = 0.53> <IPBlock> <Opcode : '' 'add' 'sub' 'mul' 'select'> <InPorts = 0> <OutPorts = 1> <Sync> <CReg>
ST_4 : Operation 971 [1/3] (0.00ns) (grouped into DSP with root node add_ln190_94)   --->   "%mul_ln190_69 = mul i16 %sext_ln190_108, i16 %x_load_96_cast_cast" [awn_int8.cpp:190]   --->   Operation 971 'mul' 'mul_ln190_69' <Predicate = true> <Delay = 0.00> <CoreInst = "DSP48">   --->   Core 127 'DSP48' <Latency = 3> <II = 1> <Delay = 0.53> <IPBlock> <Opcode : '' 'add' 'sub' 'mul' 'select'> <InPorts = 0> <OutPorts = 1> <Sync> <CReg>
ST_4 : Operation 972 [1/1] (1.65ns)   --->   "%mul_ln190_70 = mul i15 %sext_ln190_41, i15 %x_load_29_cast_cast" [awn_int8.cpp:190]   --->   Operation 972 'mul' 'mul_ln190_70' <Predicate = true> <Delay = 1.65> <CoreInst = "Multiplier">   --->   Core 3 'Multiplier' <Latency = 0> <II = 1> <Delay = 1.65> <FuncUnit> <Opcode : 'mul'> <InPorts = 2> <OutPorts = 1>
ST_4 : Operation 973 [1/1] (1.65ns)   --->   "%mul_ln190_71 = mul i15 %sext_ln190_31, i15 %x_load_19_cast_cast" [awn_int8.cpp:190]   --->   Operation 973 'mul' 'mul_ln190_71' <Predicate = true> <Delay = 1.65> <CoreInst = "Multiplier">   --->   Core 3 'Multiplier' <Latency = 0> <II = 1> <Delay = 1.65> <FuncUnit> <Opcode : 'mul'> <InPorts = 2> <OutPorts = 1>
ST_4 : Operation 974 [1/1] (1.65ns)   --->   "%mul_ln190_72 = mul i16 %sext_ln190_105, i16 %x_load_93_cast_cast" [awn_int8.cpp:190]   --->   Operation 974 'mul' 'mul_ln190_72' <Predicate = true> <Delay = 1.65> <CoreInst = "Multiplier">   --->   Core 3 'Multiplier' <Latency = 0> <II = 1> <Delay = 1.65> <FuncUnit> <Opcode : 'mul'> <InPorts = 2> <OutPorts = 1>
ST_4 : Operation 975 [1/3] (0.00ns) (grouped into DSP with root node add_ln190_85)   --->   "%mul_ln190_73 = mul i15 %sext_ln190_100, i15 %x_load_88_cast_cast" [awn_int8.cpp:190]   --->   Operation 975 'mul' 'mul_ln190_73' <Predicate = true> <Delay = 0.00> <CoreInst = "DSP48">   --->   Core 127 'DSP48' <Latency = 3> <II = 1> <Delay = 0.53> <IPBlock> <Opcode : '' 'add' 'sub' 'mul' 'select'> <InPorts = 0> <OutPorts = 1> <Sync> <CReg>
ST_4 : Operation 976 [1/1] (0.00ns) (grouped into DSP with root node add_ln190_85)   --->   "%sext_ln190_148 = sext i15 %mul_ln190_73" [awn_int8.cpp:190]   --->   Operation 976 'sext' 'sext_ln190_148' <Predicate = true> <Delay = 0.00>
ST_4 : Operation 977 [1/3] (0.00ns) (grouped into DSP with root node add_ln190_67)   --->   "%mul_ln190_74 = mul i15 %sext_ln190_82, i15 %x_load_70_cast_cast" [awn_int8.cpp:190]   --->   Operation 977 'mul' 'mul_ln190_74' <Predicate = true> <Delay = 0.00> <CoreInst = "DSP48">   --->   Core 127 'DSP48' <Latency = 3> <II = 1> <Delay = 0.53> <IPBlock> <Opcode : '' 'add' 'sub' 'mul' 'select'> <InPorts = 0> <OutPorts = 1> <Sync> <CReg>
ST_4 : Operation 978 [1/3] (0.00ns) (grouped into DSP with root node add_ln190_3)   --->   "%mul_ln190_75 = mul i15 %sext_ln190_15, i15 %x_load_3_cast_cast" [awn_int8.cpp:190]   --->   Operation 978 'mul' 'mul_ln190_75' <Predicate = true> <Delay = 0.00> <CoreInst = "DSP48">   --->   Core 127 'DSP48' <Latency = 3> <II = 1> <Delay = 0.53> <IPBlock> <Opcode : '' 'add' 'sub' 'mul' 'select'> <InPorts = 0> <OutPorts = 1> <Sync> <CReg>
ST_4 : Operation 979 [1/1] (0.00ns) (grouped into DSP with root node add_ln190_3)   --->   "%sext_ln190_149 = sext i15 %mul_ln190_75" [awn_int8.cpp:190]   --->   Operation 979 'sext' 'sext_ln190_149' <Predicate = true> <Delay = 0.00>
ST_4 : Operation 980 [1/3] (0.00ns) (grouped into DSP with root node add_ln190_104)   --->   "%mul_ln190_76 = mul i15 %sext_ln190_120, i15 %x_load_108_cast_cast" [awn_int8.cpp:190]   --->   Operation 980 'mul' 'mul_ln190_76' <Predicate = true> <Delay = 0.00> <CoreInst = "DSP48">   --->   Core 127 'DSP48' <Latency = 3> <II = 1> <Delay = 0.53> <IPBlock> <Opcode : '' 'add' 'sub' 'mul' 'select'> <InPorts = 0> <OutPorts = 1> <Sync> <CReg>
ST_4 : Operation 981 [1/3] (0.00ns) (grouped into DSP with root node add_ln190_25)   --->   "%mul_ln190_77 = mul i15 %sext_ln190_40, i15 %x_load_28_cast_cast" [awn_int8.cpp:190]   --->   Operation 981 'mul' 'mul_ln190_77' <Predicate = true> <Delay = 0.00> <CoreInst = "DSP48">   --->   Core 127 'DSP48' <Latency = 3> <II = 1> <Delay = 0.53> <IPBlock> <Opcode : '' 'add' 'sub' 'mul' 'select'> <InPorts = 0> <OutPorts = 1> <Sync> <CReg>
ST_4 : Operation 982 [1/1] (1.65ns)   --->   "%mul_ln190_78 = mul i16 %sext_ln190_115, i16 %x_load_103_cast_cast" [awn_int8.cpp:190]   --->   Operation 982 'mul' 'mul_ln190_78' <Predicate = true> <Delay = 1.65> <CoreInst = "Multiplier">   --->   Core 3 'Multiplier' <Latency = 0> <II = 1> <Delay = 1.65> <FuncUnit> <Opcode : 'mul'> <InPorts = 2> <OutPorts = 1>
ST_4 : Operation 983 [1/3] (0.00ns) (grouped into DSP with root node add_ln190_50)   --->   "%mul_ln190_79 = mul i16 %sext_ln190_66, i16 %x_load_54_cast_cast" [awn_int8.cpp:190]   --->   Operation 983 'mul' 'mul_ln190_79' <Predicate = true> <Delay = 0.00> <CoreInst = "DSP48">   --->   Core 127 'DSP48' <Latency = 3> <II = 1> <Delay = 0.53> <IPBlock> <Opcode : '' 'add' 'sub' 'mul' 'select'> <InPorts = 0> <OutPorts = 1> <Sync> <CReg>
ST_4 : Operation 984 [1/3] (0.00ns) (grouped into DSP with root node add_ln190_32)   --->   "%mul_ln190_81 = mul i15 %sext_ln190_46, i15 %x_load_34_cast_cast" [awn_int8.cpp:190]   --->   Operation 984 'mul' 'mul_ln190_81' <Predicate = true> <Delay = 0.00> <CoreInst = "DSP48">   --->   Core 127 'DSP48' <Latency = 3> <II = 1> <Delay = 0.53> <IPBlock> <Opcode : '' 'add' 'sub' 'mul' 'select'> <InPorts = 0> <OutPorts = 1> <Sync> <CReg>
ST_4 : Operation 985 [1/1] (1.65ns)   --->   "%mul_ln190_82 = mul i15 %sext_ln190_111, i15 %x_load_99_cast_cast" [awn_int8.cpp:190]   --->   Operation 985 'mul' 'mul_ln190_82' <Predicate = true> <Delay = 1.65> <CoreInst = "Multiplier">   --->   Core 3 'Multiplier' <Latency = 0> <II = 1> <Delay = 1.65> <FuncUnit> <Opcode : 'mul'> <InPorts = 2> <OutPorts = 1>
ST_4 : Operation 986 [1/1] (1.65ns)   --->   "%mul_ln190_83 = mul i16 %sext_ln190_16, i16 %x_load_4_cast_cast" [awn_int8.cpp:190]   --->   Operation 986 'mul' 'mul_ln190_83' <Predicate = true> <Delay = 1.65> <CoreInst = "Multiplier">   --->   Core 3 'Multiplier' <Latency = 0> <II = 1> <Delay = 1.65> <FuncUnit> <Opcode : 'mul'> <InPorts = 2> <OutPorts = 1>
ST_4 : Operation 987 [1/3] (0.00ns) (grouped into DSP with root node add_ln190_35)   --->   "%mul_ln190_84 = mul i16 %sext_ln190_50, i16 %x_load_38_cast_cast" [awn_int8.cpp:190]   --->   Operation 987 'mul' 'mul_ln190_84' <Predicate = true> <Delay = 0.00> <CoreInst = "DSP48">   --->   Core 127 'DSP48' <Latency = 3> <II = 1> <Delay = 0.53> <IPBlock> <Opcode : '' 'add' 'sub' 'mul' 'select'> <InPorts = 0> <OutPorts = 1> <Sync> <CReg>
ST_4 : Operation 988 [1/3] (0.00ns) (grouped into DSP with root node add_ln190_78)   --->   "%mul_ln190_85 = mul i15 %sext_ln190_92, i15 %x_load_80_cast_cast" [awn_int8.cpp:190]   --->   Operation 988 'mul' 'mul_ln190_85' <Predicate = true> <Delay = 0.00> <CoreInst = "DSP48">   --->   Core 127 'DSP48' <Latency = 3> <II = 1> <Delay = 0.53> <IPBlock> <Opcode : '' 'add' 'sub' 'mul' 'select'> <InPorts = 0> <OutPorts = 1> <Sync> <CReg>
ST_4 : Operation 989 [1/3] (0.00ns) (grouped into DSP with root node add_ln190_42)   --->   "%mul_ln190_86 = mul i15 %sext_ln190_58, i15 %sext_ln190_5_cast" [awn_int8.cpp:190]   --->   Operation 989 'mul' 'mul_ln190_86' <Predicate = true> <Delay = 0.00> <CoreInst = "DSP48">   --->   Core 127 'DSP48' <Latency = 3> <II = 1> <Delay = 0.53> <IPBlock> <Opcode : '' 'add' 'sub' 'mul' 'select'> <InPorts = 0> <OutPorts = 1> <Sync> <CReg>
ST_4 : Operation 990 [1/1] (1.65ns)   --->   "%mul_ln190_87 = mul i16 %sext_ln190_35, i16 %x_load_23_cast_cast" [awn_int8.cpp:190]   --->   Operation 990 'mul' 'mul_ln190_87' <Predicate = true> <Delay = 1.65> <CoreInst = "Multiplier">   --->   Core 3 'Multiplier' <Latency = 0> <II = 1> <Delay = 1.65> <FuncUnit> <Opcode : 'mul'> <InPorts = 2> <OutPorts = 1>
ST_4 : Operation 991 [1/1] (1.65ns)   --->   "%mul_ln190_88 = mul i16 %sext_ln190_61, i16 %x_load_49_cast_cast" [awn_int8.cpp:190]   --->   Operation 991 'mul' 'mul_ln190_88' <Predicate = true> <Delay = 1.65> <CoreInst = "Multiplier">   --->   Core 3 'Multiplier' <Latency = 0> <II = 1> <Delay = 1.65> <FuncUnit> <Opcode : 'mul'> <InPorts = 2> <OutPorts = 1>
ST_4 : Operation 992 [1/3] (0.00ns) (grouped into DSP with root node add_ln190_8)   --->   "%mul_ln190_89 = mul i16 %sext_ln190_22, i16 %x_load_10_cast_cast" [awn_int8.cpp:190]   --->   Operation 992 'mul' 'mul_ln190_89' <Predicate = true> <Delay = 0.00> <CoreInst = "DSP48">   --->   Core 127 'DSP48' <Latency = 3> <II = 1> <Delay = 0.53> <IPBlock> <Opcode : '' 'add' 'sub' 'mul' 'select'> <InPorts = 0> <OutPorts = 1> <Sync> <CReg>
ST_4 : Operation 993 [1/1] (1.65ns)   --->   "%mul_ln190_90 = mul i15 %sext_ln190_39, i15 %sext_ln190_3_cast" [awn_int8.cpp:190]   --->   Operation 993 'mul' 'mul_ln190_90' <Predicate = true> <Delay = 1.65> <CoreInst = "Multiplier">   --->   Core 3 'Multiplier' <Latency = 0> <II = 1> <Delay = 1.65> <FuncUnit> <Opcode : 'mul'> <InPorts = 2> <OutPorts = 1>
ST_4 : Operation 994 [1/3] (0.00ns) (grouped into DSP with root node add_ln190_86)   --->   "%mul_ln190_91 = mul i16 %sext_ln190_102, i16 %x_load_90_cast_cast" [awn_int8.cpp:190]   --->   Operation 994 'mul' 'mul_ln190_91' <Predicate = true> <Delay = 0.00> <CoreInst = "DSP48">   --->   Core 127 'DSP48' <Latency = 3> <II = 1> <Delay = 0.53> <IPBlock> <Opcode : '' 'add' 'sub' 'mul' 'select'> <InPorts = 0> <OutPorts = 1> <Sync> <CReg>
ST_4 : Operation 995 [1/1] (1.65ns)   --->   "%mul_ln190_92 = mul i15 %sext_ln190_27, i15 %x_load_15_cast_cast" [awn_int8.cpp:190]   --->   Operation 995 'mul' 'mul_ln190_92' <Predicate = true> <Delay = 1.65> <CoreInst = "Multiplier">   --->   Core 3 'Multiplier' <Latency = 0> <II = 1> <Delay = 1.65> <FuncUnit> <Opcode : 'mul'> <InPorts = 2> <OutPorts = 1>
ST_4 : Operation 996 [2/3] (0.99ns) (grouped into DSP with root node add_ln190_110)   --->   "%mul_ln190_93 = mul i16 %sext_ln190_126, i16 %x_load_114_cast_cast" [awn_int8.cpp:190]   --->   Operation 996 'mul' 'mul_ln190_93' <Predicate = true> <Delay = 0.99> <CoreInst = "DSP48">   --->   Core 127 'DSP48' <Latency = 3> <II = 1> <Delay = 0.53> <IPBlock> <Opcode : '' 'add' 'sub' 'mul' 'select'> <InPorts = 0> <OutPorts = 1> <Sync> <CReg>
ST_4 : Operation 997 [1/1] (1.65ns)   --->   "%mul_ln190_94 = mul i16 %sext_ln190_65, i16 %x_load_53_cast_cast" [awn_int8.cpp:190]   --->   Operation 997 'mul' 'mul_ln190_94' <Predicate = true> <Delay = 1.65> <CoreInst = "Multiplier">   --->   Core 3 'Multiplier' <Latency = 0> <II = 1> <Delay = 1.65> <FuncUnit> <Opcode : 'mul'> <InPorts = 2> <OutPorts = 1>
ST_4 : Operation 998 [1/3] (0.00ns) (grouped into DSP with root node add_ln190_15)   --->   "%mul_ln190_95 = mul i15 %sext_ln190_28, i15 %sext_ln190_1_cast" [awn_int8.cpp:190]   --->   Operation 998 'mul' 'mul_ln190_95' <Predicate = true> <Delay = 0.00> <CoreInst = "DSP48">   --->   Core 127 'DSP48' <Latency = 3> <II = 1> <Delay = 0.53> <IPBlock> <Opcode : '' 'add' 'sub' 'mul' 'select'> <InPorts = 0> <OutPorts = 1> <Sync> <CReg>
ST_4 : Operation 999 [1/1] (1.65ns)   --->   "%mul_ln190_96 = mul i16 %sext_ln190_83, i16 %x_load_71_cast_cast" [awn_int8.cpp:190]   --->   Operation 999 'mul' 'mul_ln190_96' <Predicate = true> <Delay = 1.65> <CoreInst = "Multiplier">   --->   Core 3 'Multiplier' <Latency = 0> <II = 1> <Delay = 1.65> <FuncUnit> <Opcode : 'mul'> <InPorts = 2> <OutPorts = 1>
ST_4 : Operation 1000 [1/1] (1.65ns)   --->   "%mul_ln190_97 = mul i15 %sext_ln190_47, i15 %x_load_35_cast_cast" [awn_int8.cpp:190]   --->   Operation 1000 'mul' 'mul_ln190_97' <Predicate = true> <Delay = 1.65> <CoreInst = "Multiplier">   --->   Core 3 'Multiplier' <Latency = 0> <II = 1> <Delay = 1.65> <FuncUnit> <Opcode : 'mul'> <InPorts = 2> <OutPorts = 1>
ST_4 : Operation 1001 [1/1] (1.65ns)   --->   "%mul_ln190_98 = mul i15 %sext_ln190_119, i15 %x_load_107_cast_cast" [awn_int8.cpp:190]   --->   Operation 1001 'mul' 'mul_ln190_98' <Predicate = true> <Delay = 1.65> <CoreInst = "Multiplier">   --->   Core 3 'Multiplier' <Latency = 0> <II = 1> <Delay = 1.65> <FuncUnit> <Opcode : 'mul'> <InPorts = 2> <OutPorts = 1>
ST_4 : Operation 1002 [1/1] (1.65ns)   --->   "%mul_ln190_99 = mul i16 %sext_ln190_99, i16 %x_load_87_cast_cast" [awn_int8.cpp:190]   --->   Operation 1002 'mul' 'mul_ln190_99' <Predicate = true> <Delay = 1.65> <CoreInst = "Multiplier">   --->   Core 3 'Multiplier' <Latency = 0> <II = 1> <Delay = 1.65> <FuncUnit> <Opcode : 'mul'> <InPorts = 2> <OutPorts = 1>
ST_4 : Operation 1003 [1/1] (1.65ns)   --->   "%mul_ln190_100 = mul i16 %sext_ln190_26, i16 %x_load_14_cast_cast" [awn_int8.cpp:190]   --->   Operation 1003 'mul' 'mul_ln190_100' <Predicate = true> <Delay = 1.65> <CoreInst = "Multiplier">   --->   Core 3 'Multiplier' <Latency = 0> <II = 1> <Delay = 1.65> <FuncUnit> <Opcode : 'mul'> <InPorts = 2> <OutPorts = 1>
ST_4 : Operation 1004 [1/1] (1.65ns)   --->   "%mul_ln190_101 = mul i16 %sext_ln190_14, i16 %x_load_2_cast_cast" [awn_int8.cpp:190]   --->   Operation 1004 'mul' 'mul_ln190_101' <Predicate = true> <Delay = 1.65> <CoreInst = "Multiplier">   --->   Core 3 'Multiplier' <Latency = 0> <II = 1> <Delay = 1.65> <FuncUnit> <Opcode : 'mul'> <InPorts = 2> <OutPorts = 1>
ST_4 : Operation 1005 [1/3] (0.00ns) (grouped into DSP with root node add_ln190_23)   --->   "%mul_ln190_102 = mul i16 %sext_ln190_38, i16 %x_load_26_cast_cast" [awn_int8.cpp:190]   --->   Operation 1005 'mul' 'mul_ln190_102' <Predicate = true> <Delay = 0.00> <CoreInst = "DSP48">   --->   Core 127 'DSP48' <Latency = 3> <II = 1> <Delay = 0.53> <IPBlock> <Opcode : '' 'add' 'sub' 'mul' 'select'> <InPorts = 0> <OutPorts = 1> <Sync> <CReg>
ST_4 : Operation 1006 [1/1] (1.65ns)   --->   "%mul_ln190_103 = mul i16 %sext_ln190_87, i16 %x_load_75_cast_cast" [awn_int8.cpp:190]   --->   Operation 1006 'mul' 'mul_ln190_103' <Predicate = true> <Delay = 1.65> <CoreInst = "Multiplier">   --->   Core 3 'Multiplier' <Latency = 0> <II = 1> <Delay = 1.65> <FuncUnit> <Opcode : 'mul'> <InPorts = 2> <OutPorts = 1>
ST_4 : Operation 1007 [1/1] (1.65ns)   --->   "%mul_ln190_104 = mul i15 %sext_ln190_53, i15 %x_load_41_cast_cast" [awn_int8.cpp:190]   --->   Operation 1007 'mul' 'mul_ln190_104' <Predicate = true> <Delay = 1.65> <CoreInst = "Multiplier">   --->   Core 3 'Multiplier' <Latency = 0> <II = 1> <Delay = 1.65> <FuncUnit> <Opcode : 'mul'> <InPorts = 2> <OutPorts = 1>
ST_4 : Operation 1008 [1/1] (1.65ns)   --->   "%mul_ln190_105 = mul i15 %sext_ln190_55, i15 %x_load_43_cast_cast" [awn_int8.cpp:190]   --->   Operation 1008 'mul' 'mul_ln190_105' <Predicate = true> <Delay = 1.65> <CoreInst = "Multiplier">   --->   Core 3 'Multiplier' <Latency = 0> <II = 1> <Delay = 1.65> <FuncUnit> <Opcode : 'mul'> <InPorts = 2> <OutPorts = 1>
ST_4 : Operation 1009 [1/3] (0.00ns) (grouped into DSP with root node add_ln190_74)   --->   "%mul_ln190_106 = mul i16 %sext_ln190_90, i16 %x_load_78_cast_cast" [awn_int8.cpp:190]   --->   Operation 1009 'mul' 'mul_ln190_106' <Predicate = true> <Delay = 0.00> <CoreInst = "DSP48">   --->   Core 127 'DSP48' <Latency = 3> <II = 1> <Delay = 0.53> <IPBlock> <Opcode : '' 'add' 'sub' 'mul' 'select'> <InPorts = 0> <OutPorts = 1> <Sync> <CReg>
ST_4 : Operation 1010 [1/3] (0.00ns) (grouped into DSP with root node add_ln190_98)   --->   "%mul_ln190_107 = mul i15 %sext_ln190_114, i15 %x_load_102_cast_cast" [awn_int8.cpp:190]   --->   Operation 1010 'mul' 'mul_ln190_107' <Predicate = true> <Delay = 0.00> <CoreInst = "DSP48">   --->   Core 127 'DSP48' <Latency = 3> <II = 1> <Delay = 0.53> <IPBlock> <Opcode : '' 'add' 'sub' 'mul' 'select'> <InPorts = 0> <OutPorts = 1> <Sync> <CReg>
ST_4 : Operation 1011 [1/1] (0.00ns) (grouped into DSP with root node add_ln190_98)   --->   "%sext_ln190_150 = sext i15 %mul_ln190_107" [awn_int8.cpp:190]   --->   Operation 1011 'sext' 'sext_ln190_150' <Predicate = true> <Delay = 0.00>
ST_4 : Operation 1012 [1/1] (1.65ns)   --->   "%mul_ln190_109 = mul i15 %sext_ln190_29, i15 %x_load_17_cast_cast" [awn_int8.cpp:190]   --->   Operation 1012 'mul' 'mul_ln190_109' <Predicate = true> <Delay = 1.65> <CoreInst = "Multiplier">   --->   Core 3 'Multiplier' <Latency = 0> <II = 1> <Delay = 1.65> <FuncUnit> <Opcode : 'mul'> <InPorts = 2> <OutPorts = 1>
ST_4 : Operation 1013 [1/1] (1.65ns)   --->   "%mul_ln190_110 = mul i16 %sext_ln190_107, i16 %x_load_95_cast_cast" [awn_int8.cpp:190]   --->   Operation 1013 'mul' 'mul_ln190_110' <Predicate = true> <Delay = 1.65> <CoreInst = "Multiplier">   --->   Core 3 'Multiplier' <Latency = 0> <II = 1> <Delay = 1.65> <FuncUnit> <Opcode : 'mul'> <InPorts = 2> <OutPorts = 1>
ST_4 : Operation 1014 [1/1] (1.65ns)   --->   "%mul_ln190_111 = mul i15 %sext_ln190_75, i15 %x_load_63_cast_cast" [awn_int8.cpp:190]   --->   Operation 1014 'mul' 'mul_ln190_111' <Predicate = true> <Delay = 1.65> <CoreInst = "Multiplier">   --->   Core 3 'Multiplier' <Latency = 0> <II = 1> <Delay = 1.65> <FuncUnit> <Opcode : 'mul'> <InPorts = 2> <OutPorts = 1>
ST_4 : Operation 1015 [1/3] (0.00ns) (grouped into DSP with root node add_ln190_63)   --->   "%mul_ln190_112 = mul i15 %sext_ln190_76, i15 %x_load_64_cast_cast" [awn_int8.cpp:190]   --->   Operation 1015 'mul' 'mul_ln190_112' <Predicate = true> <Delay = 0.00> <CoreInst = "DSP48">   --->   Core 127 'DSP48' <Latency = 3> <II = 1> <Delay = 0.53> <IPBlock> <Opcode : '' 'add' 'sub' 'mul' 'select'> <InPorts = 0> <OutPorts = 1> <Sync> <CReg>
ST_4 : Operation 1016 [1/3] (0.00ns) (grouped into DSP with root node add_ln190_57)   --->   "%mul_ln190_113 = mul i15 %sext_ln190_74, i15 %x_load_62_cast_cast" [awn_int8.cpp:190]   --->   Operation 1016 'mul' 'mul_ln190_113' <Predicate = true> <Delay = 0.00> <CoreInst = "DSP48">   --->   Core 127 'DSP48' <Latency = 3> <II = 1> <Delay = 0.53> <IPBlock> <Opcode : '' 'add' 'sub' 'mul' 'select'> <InPorts = 0> <OutPorts = 1> <Sync> <CReg>
ST_4 : Operation 1017 [1/3] (0.00ns) (grouped into DSP with root node add_ln190_18)   --->   "%mul_ln190_114 = mul i15 %sext_ln190_32, i15 %x_load_20_cast_cast" [awn_int8.cpp:190]   --->   Operation 1017 'mul' 'mul_ln190_114' <Predicate = true> <Delay = 0.00> <CoreInst = "DSP48">   --->   Core 127 'DSP48' <Latency = 3> <II = 1> <Delay = 0.53> <IPBlock> <Opcode : '' 'add' 'sub' 'mul' 'select'> <InPorts = 0> <OutPorts = 1> <Sync> <CReg>
ST_4 : Operation 1018 [1/1] (1.65ns)   --->   "%mul_ln190_115 = mul i16 %sext_ln190_77, i16 %x_load_65_cast_cast" [awn_int8.cpp:190]   --->   Operation 1018 'mul' 'mul_ln190_115' <Predicate = true> <Delay = 1.65> <CoreInst = "Multiplier">   --->   Core 3 'Multiplier' <Latency = 0> <II = 1> <Delay = 1.65> <FuncUnit> <Opcode : 'mul'> <InPorts = 2> <OutPorts = 1>
ST_4 : Operation 1019 [1/1] (1.65ns)   --->   "%mul_ln190_116 = mul i16 %sext_ln190_34, i16 %x_load_22_cast_cast" [awn_int8.cpp:190]   --->   Operation 1019 'mul' 'mul_ln190_116' <Predicate = true> <Delay = 1.65> <CoreInst = "Multiplier">   --->   Core 3 'Multiplier' <Latency = 0> <II = 1> <Delay = 1.65> <FuncUnit> <Opcode : 'mul'> <InPorts = 2> <OutPorts = 1>
ST_4 : Operation 1020 [1/3] (0.00ns) (grouped into DSP with root node add_ln190_95)   --->   "%mul_ln190_117 = mul i15 %sext_ln190_110, i15 %x_load_98_cast_cast" [awn_int8.cpp:190]   --->   Operation 1020 'mul' 'mul_ln190_117' <Predicate = true> <Delay = 0.00> <CoreInst = "DSP48">   --->   Core 127 'DSP48' <Latency = 3> <II = 1> <Delay = 0.53> <IPBlock> <Opcode : '' 'add' 'sub' 'mul' 'select'> <InPorts = 0> <OutPorts = 1> <Sync> <CReg>
ST_4 : Operation 1021 [1/1] (1.65ns)   --->   "%mul_ln190_118 = mul i15 %sext_ln190_73, i15 %x_load_61_cast_cast" [awn_int8.cpp:190]   --->   Operation 1021 'mul' 'mul_ln190_118' <Predicate = true> <Delay = 1.65> <CoreInst = "Multiplier">   --->   Core 3 'Multiplier' <Latency = 0> <II = 1> <Delay = 1.65> <FuncUnit> <Opcode : 'mul'> <InPorts = 2> <OutPorts = 1>
ST_4 : Operation 1022 [1/3] (0.00ns) (grouped into DSP with root node add_ln190_88)   --->   "%mul_ln190_119 = mul i15 %sext_ln190_104, i15 %x_load_92_cast_cast" [awn_int8.cpp:190]   --->   Operation 1022 'mul' 'mul_ln190_119' <Predicate = true> <Delay = 0.00> <CoreInst = "DSP48">   --->   Core 127 'DSP48' <Latency = 3> <II = 1> <Delay = 0.53> <IPBlock> <Opcode : '' 'add' 'sub' 'mul' 'select'> <InPorts = 0> <OutPorts = 1> <Sync> <CReg>
ST_4 : Operation 1023 [1/3] (0.00ns) (grouped into DSP with root node add_ln190_11)   --->   "%mul_ln190_120 = mul i15 %sext_ln190_25, i15 %x_load_13_cast_cast" [awn_int8.cpp:190]   --->   Operation 1023 'mul' 'mul_ln190_120' <Predicate = true> <Delay = 0.00> <CoreInst = "DSP48">   --->   Core 127 'DSP48' <Latency = 3> <II = 1> <Delay = 0.53> <IPBlock> <Opcode : '' 'add' 'sub' 'mul' 'select'> <InPorts = 0> <OutPorts = 1> <Sync> <CReg>
ST_4 : Operation 1024 [1/1] (0.00ns) (grouped into DSP with root node add_ln190_11)   --->   "%sext_ln190_151 = sext i15 %mul_ln190_120" [awn_int8.cpp:190]   --->   Operation 1024 'sext' 'sext_ln190_151' <Predicate = true> <Delay = 0.00>
ST_4 : Operation 1025 [1/3] (0.00ns) (grouped into DSP with root node add_ln190_49)   --->   "%mul_ln190_121 = mul i16 %sext_ln190_64, i16 %x_load_52_cast_cast" [awn_int8.cpp:190]   --->   Operation 1025 'mul' 'mul_ln190_121' <Predicate = true> <Delay = 0.00> <CoreInst = "DSP48">   --->   Core 127 'DSP48' <Latency = 3> <II = 1> <Delay = 0.53> <IPBlock> <Opcode : '' 'add' 'sub' 'mul' 'select'> <InPorts = 0> <OutPorts = 1> <Sync> <CReg>
ST_4 : Operation 1026 [1/3] (0.00ns) (grouped into DSP with root node add_ln190_102)   --->   "%mul_ln190_122 = mul i15 %sext_ln190_118, i15 %sext_ln190_9_cast" [awn_int8.cpp:190]   --->   Operation 1026 'mul' 'mul_ln190_122' <Predicate = true> <Delay = 0.00> <CoreInst = "DSP48">   --->   Core 127 'DSP48' <Latency = 3> <II = 1> <Delay = 0.53> <IPBlock> <Opcode : '' 'add' 'sub' 'mul' 'select'> <InPorts = 0> <OutPorts = 1> <Sync> <CReg>
ST_4 : Operation 1027 [1/1] (1.65ns)   --->   "%mul_ln190_123 = mul i15 %sext_ln190_97, i15 %x_load_85_cast_cast" [awn_int8.cpp:190]   --->   Operation 1027 'mul' 'mul_ln190_123' <Predicate = true> <Delay = 1.65> <CoreInst = "Multiplier">   --->   Core 3 'Multiplier' <Latency = 0> <II = 1> <Delay = 1.65> <FuncUnit> <Opcode : 'mul'> <InPorts = 2> <OutPorts = 1>
ST_4 : Operation 1028 [2/3] (0.99ns) (grouped into DSP with root node add_ln190_109)   --->   "%mul_ln190_124 = mul i16 %sext_ln190_124, i16 %x_load_112_cast_cast" [awn_int8.cpp:190]   --->   Operation 1028 'mul' 'mul_ln190_124' <Predicate = true> <Delay = 0.99> <CoreInst = "DSP48">   --->   Core 127 'DSP48' <Latency = 3> <II = 1> <Delay = 0.53> <IPBlock> <Opcode : '' 'add' 'sub' 'mul' 'select'> <InPorts = 0> <OutPorts = 1> <Sync> <CReg>
ST_4 : Operation 1029 [1/3] (0.00ns) (grouped into DSP with root node add_ln190_120)   --->   "%mul_ln190_125 = mul i15 %sext_ln190_139, i15 %sext_ln190_11_cast" [awn_int8.cpp:190]   --->   Operation 1029 'mul' 'mul_ln190_125' <Predicate = true> <Delay = 0.00> <CoreInst = "DSP48">   --->   Core 127 'DSP48' <Latency = 3> <II = 1> <Delay = 0.53> <IPBlock> <Opcode : '' 'add' 'sub' 'mul' 'select'> <InPorts = 0> <OutPorts = 1> <Sync> <CReg>
ST_4 : Operation 1030 [1/3] (0.00ns) (grouped into DSP with root node add_ln190_56)   --->   "%mul_ln190_126 = mul i16 %sext_ln190_72, i16 %x_load_60_cast_cast" [awn_int8.cpp:190]   --->   Operation 1030 'mul' 'mul_ln190_126' <Predicate = true> <Delay = 0.00> <CoreInst = "DSP48">   --->   Core 127 'DSP48' <Latency = 3> <II = 1> <Delay = 0.53> <IPBlock> <Opcode : '' 'add' 'sub' 'mul' 'select'> <InPorts = 0> <OutPorts = 1> <Sync> <CReg>
ST_4 : Operation 1031 [1/1] (1.65ns)   --->   "%mul_ln190_127 = mul i16 %sext_ln190_95, i16 %x_load_83_cast_cast" [awn_int8.cpp:190]   --->   Operation 1031 'mul' 'mul_ln190_127' <Predicate = true> <Delay = 1.65> <CoreInst = "Multiplier">   --->   Core 3 'Multiplier' <Latency = 0> <II = 1> <Delay = 1.65> <FuncUnit> <Opcode : 'mul'> <InPorts = 2> <OutPorts = 1>
ST_4 : Operation 1032 [2/2] (0.64ns) (root node of the DSP)   --->   "%add_ln190 = add i15 %sext_ln188, i15 %mul_ln190_35" [awn_int8.cpp:190]   --->   Operation 1032 'add' 'add_ln190' <Predicate = true> <Delay = 0.64> <CoreInst = "DSP48">   --->   Core 127 'DSP48' <Latency = 3> <II = 1> <Delay = 0.53> <IPBlock> <Opcode : '' 'add' 'sub' 'mul' 'select'> <InPorts = 0> <OutPorts = 1> <Sync> <CReg>
ST_4 : Operation 1033 [2/2] (0.64ns) (root node of the DSP)   --->   "%add_ln190_1 = add i16 %sext_ln190_146, i16 %mul_ln190_101" [awn_int8.cpp:190]   --->   Operation 1033 'add' 'add_ln190_1' <Predicate = true> <Delay = 0.64> <CoreInst = "DSP48">   --->   Core 127 'DSP48' <Latency = 3> <II = 1> <Delay = 0.53> <IPBlock> <Opcode : '' 'add' 'sub' 'mul' 'select'> <InPorts = 0> <OutPorts = 1> <Sync> <CReg>
ST_4 : Operation 1034 [2/2] (0.64ns) (root node of the DSP)   --->   "%add_ln190_3 = add i16 %sext_ln190_149, i16 %mul_ln190_83" [awn_int8.cpp:190]   --->   Operation 1034 'add' 'add_ln190_3' <Predicate = true> <Delay = 0.64> <CoreInst = "DSP48">   --->   Core 127 'DSP48' <Latency = 3> <II = 1> <Delay = 0.53> <IPBlock> <Opcode : '' 'add' 'sub' 'mul' 'select'> <InPorts = 0> <OutPorts = 1> <Sync> <CReg>
ST_4 : Operation 1035 [2/2] (0.64ns) (root node of the DSP)   --->   "%add_ln190_4 = add i16 %mul_ln190_40, i16 %mul_ln190_25" [awn_int8.cpp:190]   --->   Operation 1035 'add' 'add_ln190_4' <Predicate = true> <Delay = 0.64> <CoreInst = "DSP48">   --->   Core 127 'DSP48' <Latency = 3> <II = 1> <Delay = 0.53> <IPBlock> <Opcode : '' 'add' 'sub' 'mul' 'select'> <InPorts = 0> <OutPorts = 1> <Sync> <CReg>
ST_4 : Operation 1036 [2/2] (0.64ns) (root node of the DSP)   --->   "%add_ln190_7 = add i15 %mul_ln190_3, i15 %mul_ln190_20" [awn_int8.cpp:190]   --->   Operation 1036 'add' 'add_ln190_7' <Predicate = true> <Delay = 0.64> <CoreInst = "DSP48">   --->   Core 127 'DSP48' <Latency = 3> <II = 1> <Delay = 0.53> <IPBlock> <Opcode : '' 'add' 'sub' 'mul' 'select'> <InPorts = 0> <OutPorts = 1> <Sync> <CReg>
ST_4 : Operation 1037 [2/2] (0.64ns) (root node of the DSP)   --->   "%add_ln190_8 = add i16 %mul_ln190_36, i16 %mul_ln190_89" [awn_int8.cpp:190]   --->   Operation 1037 'add' 'add_ln190_8' <Predicate = true> <Delay = 0.64> <CoreInst = "DSP48">   --->   Core 127 'DSP48' <Latency = 3> <II = 1> <Delay = 0.53> <IPBlock> <Opcode : '' 'add' 'sub' 'mul' 'select'> <InPorts = 0> <OutPorts = 1> <Sync> <CReg>
ST_4 : Operation 1038 [2/2] (0.64ns) (root node of the DSP)   --->   "%add_ln190_10 = add i15 %mul_ln190_39, i15 %mul_ln190_23" [awn_int8.cpp:190]   --->   Operation 1038 'add' 'add_ln190_10' <Predicate = true> <Delay = 0.64> <CoreInst = "DSP48">   --->   Core 127 'DSP48' <Latency = 3> <II = 1> <Delay = 0.53> <IPBlock> <Opcode : '' 'add' 'sub' 'mul' 'select'> <InPorts = 0> <OutPorts = 1> <Sync> <CReg>
ST_4 : Operation 1039 [2/2] (0.64ns) (root node of the DSP)   --->   "%add_ln190_11 = add i16 %sext_ln190_151, i16 %mul_ln190_100" [awn_int8.cpp:190]   --->   Operation 1039 'add' 'add_ln190_11' <Predicate = true> <Delay = 0.64> <CoreInst = "DSP48">   --->   Core 127 'DSP48' <Latency = 3> <II = 1> <Delay = 0.53> <IPBlock> <Opcode : '' 'add' 'sub' 'mul' 'select'> <InPorts = 0> <OutPorts = 1> <Sync> <CReg>
ST_4 : Operation 1040 [2/2] (0.64ns) (root node of the DSP)   --->   "%add_ln190_15 = add i15 %mul_ln190_92, i15 %mul_ln190_95" [awn_int8.cpp:190]   --->   Operation 1040 'add' 'add_ln190_15' <Predicate = true> <Delay = 0.64> <CoreInst = "DSP48">   --->   Core 127 'DSP48' <Latency = 3> <II = 1> <Delay = 0.53> <IPBlock> <Opcode : '' 'add' 'sub' 'mul' 'select'> <InPorts = 0> <OutPorts = 1> <Sync> <CReg>
ST_4 : Operation 1041 [2/2] (0.64ns) (root node of the DSP)   --->   "%add_ln190_16 = add i15 %mul_ln190_109, i15 %mul_ln190_24" [awn_int8.cpp:190]   --->   Operation 1041 'add' 'add_ln190_16' <Predicate = true> <Delay = 0.64> <CoreInst = "DSP48">   --->   Core 127 'DSP48' <Latency = 3> <II = 1> <Delay = 0.53> <IPBlock> <Opcode : '' 'add' 'sub' 'mul' 'select'> <InPorts = 0> <OutPorts = 1> <Sync> <CReg>
ST_4 : Operation 1042 [2/2] (0.64ns) (root node of the DSP)   --->   "%add_ln190_18 = add i15 %mul_ln190_71, i15 %mul_ln190_114" [awn_int8.cpp:190]   --->   Operation 1042 'add' 'add_ln190_18' <Predicate = true> <Delay = 0.64> <CoreInst = "DSP48">   --->   Core 127 'DSP48' <Latency = 3> <II = 1> <Delay = 0.53> <IPBlock> <Opcode : '' 'add' 'sub' 'mul' 'select'> <InPorts = 0> <OutPorts = 1> <Sync> <CReg>
ST_4 : Operation 1043 [2/2] (0.64ns) (root node of the DSP)   --->   "%add_ln190_19 = add i16 %sext_ln190_145, i16 %mul_ln190_116" [awn_int8.cpp:190]   --->   Operation 1043 'add' 'add_ln190_19' <Predicate = true> <Delay = 0.64> <CoreInst = "DSP48">   --->   Core 127 'DSP48' <Latency = 3> <II = 1> <Delay = 0.53> <IPBlock> <Opcode : '' 'add' 'sub' 'mul' 'select'> <InPorts = 0> <OutPorts = 1> <Sync> <CReg>
ST_4 : Operation 1044 [2/2] (0.64ns) (root node of the DSP)   --->   "%add_ln190_22 = add i16 %mul_ln190_87, i16 %sext_ln190_144" [awn_int8.cpp:190]   --->   Operation 1044 'add' 'add_ln190_22' <Predicate = true> <Delay = 0.64> <CoreInst = "DSP48">   --->   Core 127 'DSP48' <Latency = 3> <II = 1> <Delay = 0.53> <IPBlock> <Opcode : '' 'add' 'sub' 'mul' 'select'> <InPorts = 0> <OutPorts = 1> <Sync> <CReg>
ST_4 : Operation 1045 [2/2] (0.64ns) (root node of the DSP)   --->   "%add_ln190_23 = add i16 %mul_ln190_15, i16 %mul_ln190_102" [awn_int8.cpp:190]   --->   Operation 1045 'add' 'add_ln190_23' <Predicate = true> <Delay = 0.64> <CoreInst = "DSP48">   --->   Core 127 'DSP48' <Latency = 3> <II = 1> <Delay = 0.53> <IPBlock> <Opcode : '' 'add' 'sub' 'mul' 'select'> <InPorts = 0> <OutPorts = 1> <Sync> <CReg>
ST_4 : Operation 1046 [2/2] (0.64ns) (root node of the DSP)   --->   "%add_ln190_25 = add i15 %mul_ln190_90, i15 %mul_ln190_77" [awn_int8.cpp:190]   --->   Operation 1046 'add' 'add_ln190_25' <Predicate = true> <Delay = 0.64> <CoreInst = "DSP48">   --->   Core 127 'DSP48' <Latency = 3> <II = 1> <Delay = 0.53> <IPBlock> <Opcode : '' 'add' 'sub' 'mul' 'select'> <InPorts = 0> <OutPorts = 1> <Sync> <CReg>
ST_4 : Operation 1047 [2/2] (0.64ns) (root node of the DSP)   --->   "%add_ln190_26 = add i15 %mul_ln190_70, i15 %mul_ln190_53" [awn_int8.cpp:190]   --->   Operation 1047 'add' 'add_ln190_26' <Predicate = true> <Delay = 0.64> <CoreInst = "DSP48">   --->   Core 127 'DSP48' <Latency = 3> <II = 1> <Delay = 0.53> <IPBlock> <Opcode : '' 'add' 'sub' 'mul' 'select'> <InPorts = 0> <OutPorts = 1> <Sync> <CReg>
ST_4 : Operation 1048 [2/2] (0.64ns) (root node of the DSP)   --->   "%add_ln190_31 = add i15 %mul_ln190_50, i15 %mul_ln190_52" [awn_int8.cpp:190]   --->   Operation 1048 'add' 'add_ln190_31' <Predicate = true> <Delay = 0.64> <CoreInst = "DSP48">   --->   Core 127 'DSP48' <Latency = 3> <II = 1> <Delay = 0.53> <IPBlock> <Opcode : '' 'add' 'sub' 'mul' 'select'> <InPorts = 0> <OutPorts = 1> <Sync> <CReg>
ST_4 : Operation 1049 [2/2] (0.64ns) (root node of the DSP)   --->   "%add_ln190_32 = add i15 %mul_ln190_64, i15 %mul_ln190_81" [awn_int8.cpp:190]   --->   Operation 1049 'add' 'add_ln190_32' <Predicate = true> <Delay = 0.64> <CoreInst = "DSP48">   --->   Core 127 'DSP48' <Latency = 3> <II = 1> <Delay = 0.53> <IPBlock> <Opcode : '' 'add' 'sub' 'mul' 'select'> <InPorts = 0> <OutPorts = 1> <Sync> <CReg>
ST_4 : Operation 1050 [2/2] (0.64ns) (root node of the DSP)   --->   "%add_ln190_34 = add i15 %mul_ln190_97, i15 %mul_ln190_13" [awn_int8.cpp:190]   --->   Operation 1050 'add' 'add_ln190_34' <Predicate = true> <Delay = 0.64> <CoreInst = "DSP48">   --->   Core 127 'DSP48' <Latency = 3> <II = 1> <Delay = 0.53> <IPBlock> <Opcode : '' 'add' 'sub' 'mul' 'select'> <InPorts = 0> <OutPorts = 1> <Sync> <CReg>
ST_4 : Operation 1051 [2/2] (0.64ns) (root node of the DSP)   --->   "%add_ln190_35 = add i16 %mul_ln190_42, i16 %mul_ln190_84" [awn_int8.cpp:190]   --->   Operation 1051 'add' 'add_ln190_35' <Predicate = true> <Delay = 0.64> <CoreInst = "DSP48">   --->   Core 127 'DSP48' <Latency = 3> <II = 1> <Delay = 0.53> <IPBlock> <Opcode : '' 'add' 'sub' 'mul' 'select'> <InPorts = 0> <OutPorts = 1> <Sync> <CReg>
ST_4 : Operation 1052 [2/2] (0.64ns) (root node of the DSP)   --->   "%add_ln190_38 = add i15 %mul_ln190_6, i15 %mul_ln190_58" [awn_int8.cpp:190]   --->   Operation 1052 'add' 'add_ln190_38' <Predicate = true> <Delay = 0.64> <CoreInst = "DSP48">   --->   Core 127 'DSP48' <Latency = 3> <II = 1> <Delay = 0.53> <IPBlock> <Opcode : '' 'add' 'sub' 'mul' 'select'> <InPorts = 0> <OutPorts = 1> <Sync> <CReg>
ST_4 : Operation 1053 [2/2] (0.64ns) (root node of the DSP)   --->   "%add_ln190_39 = add i15 %mul_ln190_104, i15 %mul_ln190_51" [awn_int8.cpp:190]   --->   Operation 1053 'add' 'add_ln190_39' <Predicate = true> <Delay = 0.64> <CoreInst = "DSP48">   --->   Core 127 'DSP48' <Latency = 3> <II = 1> <Delay = 0.53> <IPBlock> <Opcode : '' 'add' 'sub' 'mul' 'select'> <InPorts = 0> <OutPorts = 1> <Sync> <CReg>
ST_4 : Operation 1054 [2/2] (0.64ns) (root node of the DSP)   --->   "%add_ln190_41 = add i15 %mul_ln190_105, i15 %mul_ln190_60" [awn_int8.cpp:190]   --->   Operation 1054 'add' 'add_ln190_41' <Predicate = true> <Delay = 0.64> <CoreInst = "DSP48">   --->   Core 127 'DSP48' <Latency = 3> <II = 1> <Delay = 0.53> <IPBlock> <Opcode : '' 'add' 'sub' 'mul' 'select'> <InPorts = 0> <OutPorts = 1> <Sync> <CReg>
ST_4 : Operation 1055 [2/2] (0.64ns) (root node of the DSP)   --->   "%add_ln190_42 = add i15 %mul_ln190_9, i15 %mul_ln190_86" [awn_int8.cpp:190]   --->   Operation 1055 'add' 'add_ln190_42' <Predicate = true> <Delay = 0.64> <CoreInst = "DSP48">   --->   Core 127 'DSP48' <Latency = 3> <II = 1> <Delay = 0.53> <IPBlock> <Opcode : '' 'add' 'sub' 'mul' 'select'> <InPorts = 0> <OutPorts = 1> <Sync> <CReg>
ST_4 : Operation 1056 [2/2] (0.64ns) (root node of the DSP)   --->   "%add_ln190_46 = add i15 %mul_ln190_44, i15 %mul_ln190_66" [awn_int8.cpp:190]   --->   Operation 1056 'add' 'add_ln190_46' <Predicate = true> <Delay = 0.64> <CoreInst = "DSP48">   --->   Core 127 'DSP48' <Latency = 3> <II = 1> <Delay = 0.53> <IPBlock> <Opcode : '' 'add' 'sub' 'mul' 'select'> <InPorts = 0> <OutPorts = 1> <Sync> <CReg>
ST_4 : Operation 1057 [2/2] (0.64ns) (root node of the DSP)   --->   "%add_ln190_47 = add i16 %mul_ln190_88, i16 %mul_ln190_55" [awn_int8.cpp:190]   --->   Operation 1057 'add' 'add_ln190_47' <Predicate = true> <Delay = 0.64> <CoreInst = "DSP48">   --->   Core 127 'DSP48' <Latency = 3> <II = 1> <Delay = 0.53> <IPBlock> <Opcode : '' 'add' 'sub' 'mul' 'select'> <InPorts = 0> <OutPorts = 1> <Sync> <CReg>
ST_4 : Operation 1058 [2/2] (0.64ns) (root node of the DSP)   --->   "%add_ln190_49 = add i16 %mul_ln190_27, i16 %mul_ln190_121" [awn_int8.cpp:190]   --->   Operation 1058 'add' 'add_ln190_49' <Predicate = true> <Delay = 0.64> <CoreInst = "DSP48">   --->   Core 127 'DSP48' <Latency = 3> <II = 1> <Delay = 0.53> <IPBlock> <Opcode : '' 'add' 'sub' 'mul' 'select'> <InPorts = 0> <OutPorts = 1> <Sync> <CReg>
ST_4 : Operation 1059 [2/2] (0.64ns) (root node of the DSP)   --->   "%add_ln190_50 = add i16 %mul_ln190_94, i16 %mul_ln190_79" [awn_int8.cpp:190]   --->   Operation 1059 'add' 'add_ln190_50' <Predicate = true> <Delay = 0.64> <CoreInst = "DSP48">   --->   Core 127 'DSP48' <Latency = 3> <II = 1> <Delay = 0.53> <IPBlock> <Opcode : '' 'add' 'sub' 'mul' 'select'> <InPorts = 0> <OutPorts = 1> <Sync> <CReg>
ST_4 : Operation 1060 [2/2] (0.64ns) (root node of the DSP)   --->   "%add_ln190_53 = add i15 %mul_ln190_57, i15 %mul_ln190_43" [awn_int8.cpp:190]   --->   Operation 1060 'add' 'add_ln190_53' <Predicate = true> <Delay = 0.64> <CoreInst = "DSP48">   --->   Core 127 'DSP48' <Latency = 3> <II = 1> <Delay = 0.53> <IPBlock> <Opcode : '' 'add' 'sub' 'mul' 'select'> <InPorts = 0> <OutPorts = 1> <Sync> <CReg>
ST_4 : Operation 1061 [2/2] (0.64ns) (root node of the DSP)   --->   "%add_ln190_54 = add i16 %mul_ln190_31, i16 %sext_ln190_141" [awn_int8.cpp:190]   --->   Operation 1061 'add' 'add_ln190_54' <Predicate = true> <Delay = 0.64> <CoreInst = "DSP48">   --->   Core 127 'DSP48' <Latency = 3> <II = 1> <Delay = 0.53> <IPBlock> <Opcode : '' 'add' 'sub' 'mul' 'select'> <InPorts = 0> <OutPorts = 1> <Sync> <CReg>
ST_4 : Operation 1062 [2/2] (0.64ns) (root node of the DSP)   --->   "%add_ln190_56 = add i16 %mul_ln190_5, i16 %mul_ln190_126" [awn_int8.cpp:190]   --->   Operation 1062 'add' 'add_ln190_56' <Predicate = true> <Delay = 0.64> <CoreInst = "DSP48">   --->   Core 127 'DSP48' <Latency = 3> <II = 1> <Delay = 0.53> <IPBlock> <Opcode : '' 'add' 'sub' 'mul' 'select'> <InPorts = 0> <OutPorts = 1> <Sync> <CReg>
ST_4 : Operation 1063 [2/2] (0.64ns) (root node of the DSP)   --->   "%add_ln190_57 = add i15 %mul_ln190_118, i15 %mul_ln190_113" [awn_int8.cpp:190]   --->   Operation 1063 'add' 'add_ln190_57' <Predicate = true> <Delay = 0.64> <CoreInst = "DSP48">   --->   Core 127 'DSP48' <Latency = 3> <II = 1> <Delay = 0.53> <IPBlock> <Opcode : '' 'add' 'sub' 'mul' 'select'> <InPorts = 0> <OutPorts = 1> <Sync> <CReg>
ST_4 : Operation 1064 [2/2] (0.64ns) (root node of the DSP)   --->   "%add_ln190_63 = add i15 %mul_ln190_111, i15 %mul_ln190_112" [awn_int8.cpp:190]   --->   Operation 1064 'add' 'add_ln190_63' <Predicate = true> <Delay = 0.64> <CoreInst = "DSP48">   --->   Core 127 'DSP48' <Latency = 3> <II = 1> <Delay = 0.53> <IPBlock> <Opcode : '' 'add' 'sub' 'mul' 'select'> <InPorts = 0> <OutPorts = 1> <Sync> <CReg>
ST_4 : Operation 1065 [2/2] (0.64ns) (root node of the DSP)   --->   "%add_ln190_64 = add i16 %mul_ln190_115, i16 %mul_ln190_1" [awn_int8.cpp:190]   --->   Operation 1065 'add' 'add_ln190_64' <Predicate = true> <Delay = 0.64> <CoreInst = "DSP48">   --->   Core 127 'DSP48' <Latency = 3> <II = 1> <Delay = 0.53> <IPBlock> <Opcode : '' 'add' 'sub' 'mul' 'select'> <InPorts = 0> <OutPorts = 1> <Sync> <CReg>
ST_4 : Operation 1066 [2/2] (0.64ns) (root node of the DSP)   --->   "%add_ln190_66 = add i16 %sext_ln190_140, i16 %mul_ln190_30" [awn_int8.cpp:190]   --->   Operation 1066 'add' 'add_ln190_66' <Predicate = true> <Delay = 0.64> <CoreInst = "DSP48">   --->   Core 127 'DSP48' <Latency = 3> <II = 1> <Delay = 0.53> <IPBlock> <Opcode : '' 'add' 'sub' 'mul' 'select'> <InPorts = 0> <OutPorts = 1> <Sync> <CReg>
ST_4 : Operation 1067 [2/2] (0.64ns) (root node of the DSP)   --->   "%add_ln190_67 = add i15 %mul_ln190_48, i15 %mul_ln190_74" [awn_int8.cpp:190]   --->   Operation 1067 'add' 'add_ln190_67' <Predicate = true> <Delay = 0.64> <CoreInst = "DSP48">   --->   Core 127 'DSP48' <Latency = 3> <II = 1> <Delay = 0.53> <IPBlock> <Opcode : '' 'add' 'sub' 'mul' 'select'> <InPorts = 0> <OutPorts = 1> <Sync> <CReg>
ST_4 : Operation 1068 [2/2] (0.64ns) (root node of the DSP)   --->   "%add_ln190_70 = add i16 %mul_ln190_96, i16 %mul_ln190" [awn_int8.cpp:190]   --->   Operation 1068 'add' 'add_ln190_70' <Predicate = true> <Delay = 0.64> <CoreInst = "DSP48">   --->   Core 127 'DSP48' <Latency = 3> <II = 1> <Delay = 0.53> <IPBlock> <Opcode : '' 'add' 'sub' 'mul' 'select'> <InPorts = 0> <OutPorts = 1> <Sync> <CReg>
ST_4 : Operation 1069 [2/2] (0.64ns) (root node of the DSP)   --->   "%add_ln190_71 = add i16 %mul_ln190_33, i16 %sext_ln190_147" [awn_int8.cpp:190]   --->   Operation 1069 'add' 'add_ln190_71' <Predicate = true> <Delay = 0.64> <CoreInst = "DSP48">   --->   Core 127 'DSP48' <Latency = 3> <II = 1> <Delay = 0.53> <IPBlock> <Opcode : '' 'add' 'sub' 'mul' 'select'> <InPorts = 0> <OutPorts = 1> <Sync> <CReg>
ST_4 : Operation 1070 [2/2] (0.64ns) (root node of the DSP)   --->   "%add_ln190_73 = add i16 %mul_ln190_103, i16 %sext_ln190_142" [awn_int8.cpp:190]   --->   Operation 1070 'add' 'add_ln190_73' <Predicate = true> <Delay = 0.64> <CoreInst = "DSP48">   --->   Core 127 'DSP48' <Latency = 3> <II = 1> <Delay = 0.53> <IPBlock> <Opcode : '' 'add' 'sub' 'mul' 'select'> <InPorts = 0> <OutPorts = 1> <Sync> <CReg>
ST_4 : Operation 1071 [2/2] (0.64ns) (root node of the DSP)   --->   "%add_ln190_74 = add i16 %mul_ln190_62, i16 %mul_ln190_106" [awn_int8.cpp:190]   --->   Operation 1071 'add' 'add_ln190_74' <Predicate = true> <Delay = 0.64> <CoreInst = "DSP48">   --->   Core 127 'DSP48' <Latency = 3> <II = 1> <Delay = 0.53> <IPBlock> <Opcode : '' 'add' 'sub' 'mul' 'select'> <InPorts = 0> <OutPorts = 1> <Sync> <CReg>
ST_4 : Operation 1072 [2/2] (0.64ns) (root node of the DSP)   --->   "%add_ln190_78 = add i15 %mul_ln190_32, i15 %mul_ln190_85" [awn_int8.cpp:190]   --->   Operation 1072 'add' 'add_ln190_78' <Predicate = true> <Delay = 0.64> <CoreInst = "DSP48">   --->   Core 127 'DSP48' <Latency = 3> <II = 1> <Delay = 0.53> <IPBlock> <Opcode : '' 'add' 'sub' 'mul' 'select'> <InPorts = 0> <OutPorts = 1> <Sync> <CReg>
ST_4 : Operation 1073 [2/2] (0.64ns) (root node of the DSP)   --->   "%add_ln190_79 = add i15 %mul_ln190_8, i15 %mul_ln190_65" [awn_int8.cpp:190]   --->   Operation 1073 'add' 'add_ln190_79' <Predicate = true> <Delay = 0.64> <CoreInst = "DSP48">   --->   Core 127 'DSP48' <Latency = 3> <II = 1> <Delay = 0.53> <IPBlock> <Opcode : '' 'add' 'sub' 'mul' 'select'> <InPorts = 0> <OutPorts = 1> <Sync> <CReg>
ST_4 : Operation 1074 [2/2] (0.64ns) (root node of the DSP)   --->   "%add_ln190_81 = add i16 %mul_ln190_127, i16 %mul_ln190_59" [awn_int8.cpp:190]   --->   Operation 1074 'add' 'add_ln190_81' <Predicate = true> <Delay = 0.64> <CoreInst = "DSP48">   --->   Core 127 'DSP48' <Latency = 3> <II = 1> <Delay = 0.53> <IPBlock> <Opcode : '' 'add' 'sub' 'mul' 'select'> <InPorts = 0> <OutPorts = 1> <Sync> <CReg>
ST_4 : Operation 1075 [2/2] (0.64ns) (root node of the DSP)   --->   "%add_ln190_82 = add i15 %mul_ln190_123, i15 %mul_ln190_61" [awn_int8.cpp:190]   --->   Operation 1075 'add' 'add_ln190_82' <Predicate = true> <Delay = 0.64> <CoreInst = "DSP48">   --->   Core 127 'DSP48' <Latency = 3> <II = 1> <Delay = 0.53> <IPBlock> <Opcode : '' 'add' 'sub' 'mul' 'select'> <InPorts = 0> <OutPorts = 1> <Sync> <CReg>
ST_4 : Operation 1076 [2/2] (0.64ns) (root node of the DSP)   --->   "%add_ln190_85 = add i16 %mul_ln190_99, i16 %sext_ln190_148" [awn_int8.cpp:190]   --->   Operation 1076 'add' 'add_ln190_85' <Predicate = true> <Delay = 0.64> <CoreInst = "DSP48">   --->   Core 127 'DSP48' <Latency = 3> <II = 1> <Delay = 0.53> <IPBlock> <Opcode : '' 'add' 'sub' 'mul' 'select'> <InPorts = 0> <OutPorts = 1> <Sync> <CReg>
ST_4 : Operation 1077 [2/2] (0.64ns) (root node of the DSP)   --->   "%add_ln190_86 = add i16 %mul_ln190_17, i16 %mul_ln190_91" [awn_int8.cpp:190]   --->   Operation 1077 'add' 'add_ln190_86' <Predicate = true> <Delay = 0.64> <CoreInst = "DSP48">   --->   Core 127 'DSP48' <Latency = 3> <II = 1> <Delay = 0.53> <IPBlock> <Opcode : '' 'add' 'sub' 'mul' 'select'> <InPorts = 0> <OutPorts = 1> <Sync> <CReg>
ST_4 : Operation 1078 [2/2] (0.64ns) (root node of the DSP)   --->   "%add_ln190_88 = add i15 %mul_ln190_41, i15 %mul_ln190_119" [awn_int8.cpp:190]   --->   Operation 1078 'add' 'add_ln190_88' <Predicate = true> <Delay = 0.64> <CoreInst = "DSP48">   --->   Core 127 'DSP48' <Latency = 3> <II = 1> <Delay = 0.53> <IPBlock> <Opcode : '' 'add' 'sub' 'mul' 'select'> <InPorts = 0> <OutPorts = 1> <Sync> <CReg>
ST_4 : Operation 1079 [2/2] (0.64ns) (root node of the DSP)   --->   "%add_ln190_89 = add i16 %mul_ln190_72, i16 %mul_ln190_26" [awn_int8.cpp:190]   --->   Operation 1079 'add' 'add_ln190_89' <Predicate = true> <Delay = 0.64> <CoreInst = "DSP48">   --->   Core 127 'DSP48' <Latency = 3> <II = 1> <Delay = 0.53> <IPBlock> <Opcode : '' 'add' 'sub' 'mul' 'select'> <InPorts = 0> <OutPorts = 1> <Sync> <CReg>
ST_4 : Operation 1080 [2/2] (0.64ns) (root node of the DSP)   --->   "%add_ln190_94 = add i16 %mul_ln190_110, i16 %mul_ln190_69" [awn_int8.cpp:190]   --->   Operation 1080 'add' 'add_ln190_94' <Predicate = true> <Delay = 0.64> <CoreInst = "DSP48">   --->   Core 127 'DSP48' <Latency = 3> <II = 1> <Delay = 0.53> <IPBlock> <Opcode : '' 'add' 'sub' 'mul' 'select'> <InPorts = 0> <OutPorts = 1> <Sync> <CReg>
ST_4 : Operation 1081 [2/2] (0.64ns) (root node of the DSP)   --->   "%add_ln190_95 = add i15 %mul_ln190_28, i15 %mul_ln190_117" [awn_int8.cpp:190]   --->   Operation 1081 'add' 'add_ln190_95' <Predicate = true> <Delay = 0.64> <CoreInst = "DSP48">   --->   Core 127 'DSP48' <Latency = 3> <II = 1> <Delay = 0.53> <IPBlock> <Opcode : '' 'add' 'sub' 'mul' 'select'> <InPorts = 0> <OutPorts = 1> <Sync> <CReg>
ST_4 : Operation 1082 [2/2] (0.64ns) (root node of the DSP)   --->   "%add_ln190_97 = add i15 %mul_ln190_82, i15 %mul_ln190_45" [awn_int8.cpp:190]   --->   Operation 1082 'add' 'add_ln190_97' <Predicate = true> <Delay = 0.64> <CoreInst = "DSP48">   --->   Core 127 'DSP48' <Latency = 3> <II = 1> <Delay = 0.53> <IPBlock> <Opcode : '' 'add' 'sub' 'mul' 'select'> <InPorts = 0> <OutPorts = 1> <Sync> <CReg>
ST_4 : Operation 1083 [2/2] (0.64ns) (root node of the DSP)   --->   "%add_ln190_98 = add i16 %mul_ln190_10, i16 %sext_ln190_150" [awn_int8.cpp:190]   --->   Operation 1083 'add' 'add_ln190_98' <Predicate = true> <Delay = 0.64> <CoreInst = "DSP48">   --->   Core 127 'DSP48' <Latency = 3> <II = 1> <Delay = 0.53> <IPBlock> <Opcode : '' 'add' 'sub' 'mul' 'select'> <InPorts = 0> <OutPorts = 1> <Sync> <CReg>
ST_4 : Operation 1084 [2/2] (0.64ns) (root node of the DSP)   --->   "%add_ln190_101 = add i16 %mul_ln190_78, i16 %mul_ln190_49" [awn_int8.cpp:190]   --->   Operation 1084 'add' 'add_ln190_101' <Predicate = true> <Delay = 0.64> <CoreInst = "DSP48">   --->   Core 127 'DSP48' <Latency = 3> <II = 1> <Delay = 0.53> <IPBlock> <Opcode : '' 'add' 'sub' 'mul' 'select'> <InPorts = 0> <OutPorts = 1> <Sync> <CReg>
ST_4 : Operation 1085 [2/2] (0.64ns) (root node of the DSP)   --->   "%add_ln190_102 = add i15 %mul_ln190_21, i15 %mul_ln190_122" [awn_int8.cpp:190]   --->   Operation 1085 'add' 'add_ln190_102' <Predicate = true> <Delay = 0.64> <CoreInst = "DSP48">   --->   Core 127 'DSP48' <Latency = 3> <II = 1> <Delay = 0.53> <IPBlock> <Opcode : '' 'add' 'sub' 'mul' 'select'> <InPorts = 0> <OutPorts = 1> <Sync> <CReg>
ST_4 : Operation 1086 [2/2] (0.64ns) (root node of the DSP)   --->   "%add_ln190_104 = add i15 %mul_ln190_98, i15 %mul_ln190_76" [awn_int8.cpp:190]   --->   Operation 1086 'add' 'add_ln190_104' <Predicate = true> <Delay = 0.64> <CoreInst = "DSP48">   --->   Core 127 'DSP48' <Latency = 3> <II = 1> <Delay = 0.53> <IPBlock> <Opcode : '' 'add' 'sub' 'mul' 'select'> <InPorts = 0> <OutPorts = 1> <Sync> <CReg>
ST_4 : Operation 1087 [2/2] (0.64ns) (root node of the DSP)   --->   "%add_ln190_105 = add i15 %mul_ln190_54, i15 %mul_ln190_34" [awn_int8.cpp:190]   --->   Operation 1087 'add' 'add_ln190_105' <Predicate = true> <Delay = 0.64> <CoreInst = "DSP48">   --->   Core 127 'DSP48' <Latency = 3> <II = 1> <Delay = 0.53> <IPBlock> <Opcode : '' 'add' 'sub' 'mul' 'select'> <InPorts = 0> <OutPorts = 1> <Sync> <CReg>
ST_4 : Operation 1088 [2/2] (0.64ns) (root node of the DSP)   --->   "%add_ln190_120 = add i15 %mul_ln190_2, i15 %mul_ln190_125" [awn_int8.cpp:190]   --->   Operation 1088 'add' 'add_ln190_120' <Predicate = true> <Delay = 0.64> <CoreInst = "DSP48">   --->   Core 127 'DSP48' <Latency = 3> <II = 1> <Delay = 0.53> <IPBlock> <Opcode : '' 'add' 'sub' 'mul' 'select'> <InPorts = 0> <OutPorts = 1> <Sync> <CReg>

State 5 <SV = 4> <Delay = 3.53>
ST_5 : Operation 1089 [1/2] (1.23ns)   --->   "%p_ZL4Wfc0_111_load = load i9 %p_ZL4Wfc0_111_addr" [awn_int8.cpp:190]   --->   Operation 1089 'load' 'p_ZL4Wfc0_111_load' <Predicate = true> <Delay = 1.23> <CoreInst = "ROM">   --->   Core 101 'ROM' <Latency = 1> <II = 1> <Delay = 1.23> <Storage> <Opcode : 'load'> <Ports = 0> <Width = 8> <Depth = 320> <ROM>
ST_5 : Operation 1090 [1/1] (0.00ns)   --->   "%sext_ln190_123 = sext i8 %p_ZL4Wfc0_111_load" [awn_int8.cpp:190]   --->   Operation 1090 'sext' 'sext_ln190_123' <Predicate = true> <Delay = 0.00>
ST_5 : Operation 1091 [1/2] (1.23ns)   --->   "%p_ZL4Wfc0_113_load = load i9 %p_ZL4Wfc0_113_addr" [awn_int8.cpp:190]   --->   Operation 1091 'load' 'p_ZL4Wfc0_113_load' <Predicate = true> <Delay = 1.23> <CoreInst = "ROM">   --->   Core 101 'ROM' <Latency = 1> <II = 1> <Delay = 1.23> <Storage> <Opcode : 'load'> <Ports = 0> <Width = 8> <Depth = 320> <ROM>
ST_5 : Operation 1092 [1/1] (0.00ns)   --->   "%sext_ln190_125 = sext i8 %p_ZL4Wfc0_113_load" [awn_int8.cpp:190]   --->   Operation 1092 'sext' 'sext_ln190_125' <Predicate = true> <Delay = 0.00>
ST_5 : Operation 1093 [1/2] (1.23ns)   --->   "%p_ZL4Wfc0_115_load = load i9 %p_ZL4Wfc0_115_addr" [awn_int8.cpp:190]   --->   Operation 1093 'load' 'p_ZL4Wfc0_115_load' <Predicate = true> <Delay = 1.23> <CoreInst = "ROM">   --->   Core 101 'ROM' <Latency = 1> <II = 1> <Delay = 1.23> <Storage> <Opcode : 'load'> <Ports = 0> <Width = 8> <Depth = 320> <ROM>
ST_5 : Operation 1094 [1/1] (0.00ns)   --->   "%sext_ln190_127 = sext i8 %p_ZL4Wfc0_115_load" [awn_int8.cpp:190]   --->   Operation 1094 'sext' 'sext_ln190_127' <Predicate = true> <Delay = 0.00>
ST_5 : Operation 1095 [1/2] (1.23ns)   --->   "%p_ZL4Wfc0_117_load = load i9 %p_ZL4Wfc0_117_addr" [awn_int8.cpp:190]   --->   Operation 1095 'load' 'p_ZL4Wfc0_117_load' <Predicate = true> <Delay = 1.23> <CoreInst = "ROM">   --->   Core 101 'ROM' <Latency = 1> <II = 1> <Delay = 1.23> <Storage> <Opcode : 'load'> <Ports = 0> <Width = 7> <Depth = 320> <ROM>
ST_5 : Operation 1096 [1/1] (0.00ns)   --->   "%sext_ln190_129 = sext i7 %p_ZL4Wfc0_117_load" [awn_int8.cpp:190]   --->   Operation 1096 'sext' 'sext_ln190_129' <Predicate = true> <Delay = 0.00>
ST_5 : Operation 1097 [1/2] (1.23ns)   --->   "%p_ZL4Wfc0_120_load = load i9 %p_ZL4Wfc0_120_addr" [awn_int8.cpp:190]   --->   Operation 1097 'load' 'p_ZL4Wfc0_120_load' <Predicate = true> <Delay = 1.23> <CoreInst = "ROM">   --->   Core 101 'ROM' <Latency = 1> <II = 1> <Delay = 1.23> <Storage> <Opcode : 'load'> <Ports = 0> <Width = 8> <Depth = 320> <ROM>
ST_5 : Operation 1098 [1/1] (0.00ns)   --->   "%sext_ln190_132 = sext i8 %p_ZL4Wfc0_120_load" [awn_int8.cpp:190]   --->   Operation 1098 'sext' 'sext_ln190_132' <Predicate = true> <Delay = 0.00>
ST_5 : Operation 1099 [1/2] (1.23ns)   --->   "%p_ZL4Wfc0_121_load = load i9 %p_ZL4Wfc0_121_addr" [awn_int8.cpp:190]   --->   Operation 1099 'load' 'p_ZL4Wfc0_121_load' <Predicate = true> <Delay = 1.23> <CoreInst = "ROM">   --->   Core 101 'ROM' <Latency = 1> <II = 1> <Delay = 1.23> <Storage> <Opcode : 'load'> <Ports = 0> <Width = 7> <Depth = 320> <ROM>
ST_5 : Operation 1100 [1/1] (0.00ns)   --->   "%sext_ln190_133 = sext i7 %p_ZL4Wfc0_121_load" [awn_int8.cpp:190]   --->   Operation 1100 'sext' 'sext_ln190_133' <Predicate = true> <Delay = 0.00>
ST_5 : Operation 1101 [1/2] (1.23ns)   --->   "%p_ZL4Wfc0_123_load = load i9 %p_ZL4Wfc0_123_addr" [awn_int8.cpp:190]   --->   Operation 1101 'load' 'p_ZL4Wfc0_123_load' <Predicate = true> <Delay = 1.23> <CoreInst = "ROM">   --->   Core 101 'ROM' <Latency = 1> <II = 1> <Delay = 1.23> <Storage> <Opcode : 'load'> <Ports = 0> <Width = 7> <Depth = 320> <ROM>
ST_5 : Operation 1102 [1/1] (0.00ns)   --->   "%sext_ln190_135 = sext i7 %p_ZL4Wfc0_123_load" [awn_int8.cpp:190]   --->   Operation 1102 'sext' 'sext_ln190_135' <Predicate = true> <Delay = 0.00>
ST_5 : Operation 1103 [1/3] (0.00ns) (grouped into DSP with root node add_ln190_121)   --->   "%mul_ln190_4 = mul i16 %sext_ln190_137, i16 %x_load_125_cast_cast" [awn_int8.cpp:190]   --->   Operation 1103 'mul' 'mul_ln190_4' <Predicate = true> <Delay = 0.00> <CoreInst = "DSP48">   --->   Core 127 'DSP48' <Latency = 3> <II = 1> <Delay = 0.53> <IPBlock> <Opcode : '' 'add' 'sub' 'mul' 'select'> <InPorts = 0> <OutPorts = 1> <Sync> <CReg>
ST_5 : Operation 1104 [1/3] (0.00ns) (grouped into DSP with root node add_ln190_119)   --->   "%mul_ln190_7 = mul i15 %sext_ln190_136, i15 %x_load_124_cast_cast" [awn_int8.cpp:190]   --->   Operation 1104 'mul' 'mul_ln190_7' <Predicate = true> <Delay = 0.00> <CoreInst = "DSP48">   --->   Core 127 'DSP48' <Latency = 3> <II = 1> <Delay = 0.53> <IPBlock> <Opcode : '' 'add' 'sub' 'mul' 'select'> <InPorts = 0> <OutPorts = 1> <Sync> <CReg>
ST_5 : Operation 1105 [1/1] (1.65ns)   --->   "%mul_ln190_11 = mul i15 %sext_ln190_135, i15 %x_load_123_cast_cast" [awn_int8.cpp:190]   --->   Operation 1105 'mul' 'mul_ln190_11' <Predicate = true> <Delay = 1.65> <CoreInst = "Multiplier">   --->   Core 3 'Multiplier' <Latency = 0> <II = 1> <Delay = 1.65> <FuncUnit> <Opcode : 'mul'> <InPorts = 2> <OutPorts = 1>
ST_5 : Operation 1106 [1/1] (1.65ns)   --->   "%mul_ln190_14 = mul i16 %sext_ln190_123, i16 %x_load_111_cast_cast" [awn_int8.cpp:190]   --->   Operation 1106 'mul' 'mul_ln190_14' <Predicate = true> <Delay = 1.65> <CoreInst = "Multiplier">   --->   Core 3 'Multiplier' <Latency = 0> <II = 1> <Delay = 1.65> <FuncUnit> <Opcode : 'mul'> <InPorts = 2> <OutPorts = 1>
ST_5 : Operation 1107 [1/3] (0.00ns) (grouped into DSP with root node add_ln190_117)   --->   "%mul_ln190_16 = mul i15 %sext_ln190_134, i15 %x_load_122_cast_cast" [awn_int8.cpp:190]   --->   Operation 1107 'mul' 'mul_ln190_16' <Predicate = true> <Delay = 0.00> <CoreInst = "DSP48">   --->   Core 127 'DSP48' <Latency = 3> <II = 1> <Delay = 0.53> <IPBlock> <Opcode : '' 'add' 'sub' 'mul' 'select'> <InPorts = 0> <OutPorts = 1> <Sync> <CReg>
ST_5 : Operation 1108 [1/1] (1.65ns)   --->   "%mul_ln190_22 = mul i15 %sext_ln190_133, i15 %x_load_121_cast_cast" [awn_int8.cpp:190]   --->   Operation 1108 'mul' 'mul_ln190_22' <Predicate = true> <Delay = 1.65> <CoreInst = "Multiplier">   --->   Core 3 'Multiplier' <Latency = 0> <II = 1> <Delay = 1.65> <FuncUnit> <Opcode : 'mul'> <InPorts = 2> <OutPorts = 1>
ST_5 : Operation 1109 [1/1] (1.65ns)   --->   "%mul_ln190_29 = mul i16 %sext_ln190_132, i16 %x_load_120_cast_cast" [awn_int8.cpp:190]   --->   Operation 1109 'mul' 'mul_ln190_29' <Predicate = true> <Delay = 1.65> <CoreInst = "Multiplier">   --->   Core 3 'Multiplier' <Latency = 0> <II = 1> <Delay = 1.65> <FuncUnit> <Opcode : 'mul'> <InPorts = 2> <OutPorts = 1>
ST_5 : Operation 1110 [1/3] (0.00ns) (grouped into DSP with root node add_ln190_116)   --->   "%mul_ln190_37 = mul i15 %sext_ln190_131, i15 %x_load_119_cast_cast" [awn_int8.cpp:190]   --->   Operation 1110 'mul' 'mul_ln190_37' <Predicate = true> <Delay = 0.00> <CoreInst = "DSP48">   --->   Core 127 'DSP48' <Latency = 3> <II = 1> <Delay = 0.53> <IPBlock> <Opcode : '' 'add' 'sub' 'mul' 'select'> <InPorts = 0> <OutPorts = 1> <Sync> <CReg>
ST_5 : Operation 1111 [1/1] (0.00ns) (grouped into DSP with root node add_ln190_116)   --->   "%sext_ln190_143 = sext i15 %mul_ln190_37" [awn_int8.cpp:190]   --->   Operation 1111 'sext' 'sext_ln190_143' <Predicate = true> <Delay = 0.00>
ST_5 : Operation 1112 [1/3] (0.00ns) (grouped into DSP with root node add_ln190_113)   --->   "%mul_ln190_46 = mul i15 %sext_ln190_130, i15 %x_load_118_cast_cast" [awn_int8.cpp:190]   --->   Operation 1112 'mul' 'mul_ln190_46' <Predicate = true> <Delay = 0.00> <CoreInst = "DSP48">   --->   Core 127 'DSP48' <Latency = 3> <II = 1> <Delay = 0.53> <IPBlock> <Opcode : '' 'add' 'sub' 'mul' 'select'> <InPorts = 0> <OutPorts = 1> <Sync> <CReg>
ST_5 : Operation 1113 [1/1] (1.65ns)   --->   "%mul_ln190_56 = mul i15 %sext_ln190_129, i15 %x_load_117_cast_cast" [awn_int8.cpp:190]   --->   Operation 1113 'mul' 'mul_ln190_56' <Predicate = true> <Delay = 1.65> <CoreInst = "Multiplier">   --->   Core 3 'Multiplier' <Latency = 0> <II = 1> <Delay = 1.65> <FuncUnit> <Opcode : 'mul'> <InPorts = 2> <OutPorts = 1>
ST_5 : Operation 1114 [1/3] (0.00ns) (grouped into DSP with root node add_ln190_112)   --->   "%mul_ln190_68 = mul i16 %sext_ln190_128, i16 %x_load_116_cast_cast" [awn_int8.cpp:190]   --->   Operation 1114 'mul' 'mul_ln190_68' <Predicate = true> <Delay = 0.00> <CoreInst = "DSP48">   --->   Core 127 'DSP48' <Latency = 3> <II = 1> <Delay = 0.53> <IPBlock> <Opcode : '' 'add' 'sub' 'mul' 'select'> <InPorts = 0> <OutPorts = 1> <Sync> <CReg>
ST_5 : Operation 1115 [1/1] (1.65ns)   --->   "%mul_ln190_80 = mul i16 %sext_ln190_127, i16 %x_load_115_cast_cast" [awn_int8.cpp:190]   --->   Operation 1115 'mul' 'mul_ln190_80' <Predicate = true> <Delay = 1.65> <CoreInst = "Multiplier">   --->   Core 3 'Multiplier' <Latency = 0> <II = 1> <Delay = 1.65> <FuncUnit> <Opcode : 'mul'> <InPorts = 2> <OutPorts = 1>
ST_5 : Operation 1116 [1/3] (0.00ns) (grouped into DSP with root node add_ln190_110)   --->   "%mul_ln190_93 = mul i16 %sext_ln190_126, i16 %x_load_114_cast_cast" [awn_int8.cpp:190]   --->   Operation 1116 'mul' 'mul_ln190_93' <Predicate = true> <Delay = 0.00> <CoreInst = "DSP48">   --->   Core 127 'DSP48' <Latency = 3> <II = 1> <Delay = 0.53> <IPBlock> <Opcode : '' 'add' 'sub' 'mul' 'select'> <InPorts = 0> <OutPorts = 1> <Sync> <CReg>
ST_5 : Operation 1117 [1/1] (1.65ns)   --->   "%mul_ln190_108 = mul i16 %sext_ln190_125, i16 %x_load_113_cast_cast" [awn_int8.cpp:190]   --->   Operation 1117 'mul' 'mul_ln190_108' <Predicate = true> <Delay = 1.65> <CoreInst = "Multiplier">   --->   Core 3 'Multiplier' <Latency = 0> <II = 1> <Delay = 1.65> <FuncUnit> <Opcode : 'mul'> <InPorts = 2> <OutPorts = 1>
ST_5 : Operation 1118 [1/3] (0.00ns) (grouped into DSP with root node add_ln190_109)   --->   "%mul_ln190_124 = mul i16 %sext_ln190_124, i16 %x_load_112_cast_cast" [awn_int8.cpp:190]   --->   Operation 1118 'mul' 'mul_ln190_124' <Predicate = true> <Delay = 0.00> <CoreInst = "DSP48">   --->   Core 127 'DSP48' <Latency = 3> <II = 1> <Delay = 0.53> <IPBlock> <Opcode : '' 'add' 'sub' 'mul' 'select'> <InPorts = 0> <OutPorts = 1> <Sync> <CReg>
ST_5 : Operation 1119 [1/2] (0.64ns) (root node of the DSP)   --->   "%add_ln190 = add i15 %sext_ln188, i15 %mul_ln190_35" [awn_int8.cpp:190]   --->   Operation 1119 'add' 'add_ln190' <Predicate = true> <Delay = 0.64> <CoreInst = "DSP48">   --->   Core 127 'DSP48' <Latency = 3> <II = 1> <Delay = 0.53> <IPBlock> <Opcode : '' 'add' 'sub' 'mul' 'select'> <InPorts = 0> <OutPorts = 1> <Sync> <CReg>
ST_5 : Operation 1120 [1/1] (0.00ns)   --->   "%sext_ln190_152 = sext i15 %add_ln190" [awn_int8.cpp:190]   --->   Operation 1120 'sext' 'sext_ln190_152' <Predicate = true> <Delay = 0.00>
ST_5 : Operation 1121 [1/2] (0.64ns) (root node of the DSP)   --->   "%add_ln190_1 = add i16 %sext_ln190_146, i16 %mul_ln190_101" [awn_int8.cpp:190]   --->   Operation 1121 'add' 'add_ln190_1' <Predicate = true> <Delay = 0.64> <CoreInst = "DSP48">   --->   Core 127 'DSP48' <Latency = 3> <II = 1> <Delay = 0.53> <IPBlock> <Opcode : '' 'add' 'sub' 'mul' 'select'> <InPorts = 0> <OutPorts = 1> <Sync> <CReg>
ST_5 : Operation 1122 [1/1] (0.85ns)   --->   "%add_ln190_2 = add i16 %add_ln190_1, i16 %sext_ln190_152" [awn_int8.cpp:190]   --->   Operation 1122 'add' 'add_ln190_2' <Predicate = true> <Delay = 0.85> <CoreInst = "Adder">   --->   Core 1 'Adder' <Latency = 0> <II = 1> <Delay = 0.85> <FuncUnit> <Opcode : 'add' 'sub'> <InPorts = 2> <OutPorts = 1>
ST_5 : Operation 1123 [1/1] (0.00ns)   --->   "%sext_ln190_153 = sext i16 %add_ln190_2" [awn_int8.cpp:190]   --->   Operation 1123 'sext' 'sext_ln190_153' <Predicate = true> <Delay = 0.00>
ST_5 : Operation 1124 [1/2] (0.64ns) (root node of the DSP)   --->   "%add_ln190_3 = add i16 %sext_ln190_149, i16 %mul_ln190_83" [awn_int8.cpp:190]   --->   Operation 1124 'add' 'add_ln190_3' <Predicate = true> <Delay = 0.64> <CoreInst = "DSP48">   --->   Core 127 'DSP48' <Latency = 3> <II = 1> <Delay = 0.53> <IPBlock> <Opcode : '' 'add' 'sub' 'mul' 'select'> <InPorts = 0> <OutPorts = 1> <Sync> <CReg>
ST_5 : Operation 1125 [1/1] (0.00ns)   --->   "%sext_ln190_154 = sext i16 %add_ln190_3" [awn_int8.cpp:190]   --->   Operation 1125 'sext' 'sext_ln190_154' <Predicate = true> <Delay = 0.00>
ST_5 : Operation 1126 [1/2] (0.64ns) (root node of the DSP)   --->   "%add_ln190_4 = add i16 %mul_ln190_40, i16 %mul_ln190_25" [awn_int8.cpp:190]   --->   Operation 1126 'add' 'add_ln190_4' <Predicate = true> <Delay = 0.64> <CoreInst = "DSP48">   --->   Core 127 'DSP48' <Latency = 3> <II = 1> <Delay = 0.53> <IPBlock> <Opcode : '' 'add' 'sub' 'mul' 'select'> <InPorts = 0> <OutPorts = 1> <Sync> <CReg>
ST_5 : Operation 1127 [1/1] (0.00ns)   --->   "%sext_ln190_155 = sext i16 %add_ln190_4" [awn_int8.cpp:190]   --->   Operation 1127 'sext' 'sext_ln190_155' <Predicate = true> <Delay = 0.00>
ST_5 : Operation 1128 [1/1] (0.00ns) (grouped into TernaryAdder)   --->   "%add_ln190_5 = add i17 %sext_ln190_155, i17 %sext_ln190_154" [awn_int8.cpp:190]   --->   Operation 1128 'add' 'add_ln190_5' <Predicate = true> <Delay = 0.00> <CoreInst = "TAddSub">   --->   Core 10 'TAddSub' <Latency = 0> <II = 1> <Delay = 0.34> <IPBlock> <Opcode : '' 'add' 'sub'> <InPorts = 3> <OutPorts = 1> <Sync> <CReg>
ST_5 : Operation 1129 [1/1] (0.68ns) (root node of TernaryAdder)   --->   "%add_ln190_6 = add i17 %add_ln190_5, i17 %sext_ln190_153" [awn_int8.cpp:190]   --->   Operation 1129 'add' 'add_ln190_6' <Predicate = true> <Delay = 0.68> <CoreInst = "TAddSub">   --->   Core 10 'TAddSub' <Latency = 0> <II = 1> <Delay = 0.34> <IPBlock> <Opcode : '' 'add' 'sub'> <InPorts = 3> <OutPorts = 1> <Sync> <CReg>
ST_5 : Operation 1130 [1/1] (0.00ns)   --->   "%sext_ln190_156 = sext i17 %add_ln190_6" [awn_int8.cpp:190]   --->   Operation 1130 'sext' 'sext_ln190_156' <Predicate = true> <Delay = 0.00>
ST_5 : Operation 1131 [1/2] (0.64ns) (root node of the DSP)   --->   "%add_ln190_7 = add i15 %mul_ln190_3, i15 %mul_ln190_20" [awn_int8.cpp:190]   --->   Operation 1131 'add' 'add_ln190_7' <Predicate = true> <Delay = 0.64> <CoreInst = "DSP48">   --->   Core 127 'DSP48' <Latency = 3> <II = 1> <Delay = 0.53> <IPBlock> <Opcode : '' 'add' 'sub' 'mul' 'select'> <InPorts = 0> <OutPorts = 1> <Sync> <CReg>
ST_5 : Operation 1132 [1/1] (0.00ns)   --->   "%sext_ln190_157 = sext i15 %add_ln190_7" [awn_int8.cpp:190]   --->   Operation 1132 'sext' 'sext_ln190_157' <Predicate = true> <Delay = 0.00>
ST_5 : Operation 1133 [1/2] (0.64ns) (root node of the DSP)   --->   "%add_ln190_8 = add i16 %mul_ln190_36, i16 %mul_ln190_89" [awn_int8.cpp:190]   --->   Operation 1133 'add' 'add_ln190_8' <Predicate = true> <Delay = 0.64> <CoreInst = "DSP48">   --->   Core 127 'DSP48' <Latency = 3> <II = 1> <Delay = 0.53> <IPBlock> <Opcode : '' 'add' 'sub' 'mul' 'select'> <InPorts = 0> <OutPorts = 1> <Sync> <CReg>
ST_5 : Operation 1134 [1/1] (0.85ns)   --->   "%add_ln190_9 = add i16 %add_ln190_8, i16 %sext_ln190_157" [awn_int8.cpp:190]   --->   Operation 1134 'add' 'add_ln190_9' <Predicate = true> <Delay = 0.85> <CoreInst = "Adder">   --->   Core 1 'Adder' <Latency = 0> <II = 1> <Delay = 0.85> <FuncUnit> <Opcode : 'add' 'sub'> <InPorts = 2> <OutPorts = 1>
ST_5 : Operation 1135 [1/1] (0.00ns)   --->   "%sext_ln190_158 = sext i16 %add_ln190_9" [awn_int8.cpp:190]   --->   Operation 1135 'sext' 'sext_ln190_158' <Predicate = true> <Delay = 0.00>
ST_5 : Operation 1136 [1/2] (0.64ns) (root node of the DSP)   --->   "%add_ln190_10 = add i15 %mul_ln190_39, i15 %mul_ln190_23" [awn_int8.cpp:190]   --->   Operation 1136 'add' 'add_ln190_10' <Predicate = true> <Delay = 0.64> <CoreInst = "DSP48">   --->   Core 127 'DSP48' <Latency = 3> <II = 1> <Delay = 0.53> <IPBlock> <Opcode : '' 'add' 'sub' 'mul' 'select'> <InPorts = 0> <OutPorts = 1> <Sync> <CReg>
ST_5 : Operation 1137 [1/1] (0.00ns)   --->   "%sext_ln190_159 = sext i15 %add_ln190_10" [awn_int8.cpp:190]   --->   Operation 1137 'sext' 'sext_ln190_159' <Predicate = true> <Delay = 0.00>
ST_5 : Operation 1138 [1/2] (0.64ns) (root node of the DSP)   --->   "%add_ln190_11 = add i16 %sext_ln190_151, i16 %mul_ln190_100" [awn_int8.cpp:190]   --->   Operation 1138 'add' 'add_ln190_11' <Predicate = true> <Delay = 0.64> <CoreInst = "DSP48">   --->   Core 127 'DSP48' <Latency = 3> <II = 1> <Delay = 0.53> <IPBlock> <Opcode : '' 'add' 'sub' 'mul' 'select'> <InPorts = 0> <OutPorts = 1> <Sync> <CReg>
ST_5 : Operation 1139 [1/1] (0.85ns)   --->   "%add_ln190_12 = add i16 %add_ln190_11, i16 %sext_ln190_159" [awn_int8.cpp:190]   --->   Operation 1139 'add' 'add_ln190_12' <Predicate = true> <Delay = 0.85> <CoreInst = "Adder">   --->   Core 1 'Adder' <Latency = 0> <II = 1> <Delay = 0.85> <FuncUnit> <Opcode : 'add' 'sub'> <InPorts = 2> <OutPorts = 1>
ST_5 : Operation 1140 [1/1] (0.00ns)   --->   "%sext_ln190_160 = sext i16 %add_ln190_12" [awn_int8.cpp:190]   --->   Operation 1140 'sext' 'sext_ln190_160' <Predicate = true> <Delay = 0.00>
ST_5 : Operation 1141 [1/1] (0.85ns)   --->   "%add_ln190_13 = add i17 %sext_ln190_160, i17 %sext_ln190_158" [awn_int8.cpp:190]   --->   Operation 1141 'add' 'add_ln190_13' <Predicate = true> <Delay = 0.85> <CoreInst = "Adder">   --->   Core 1 'Adder' <Latency = 0> <II = 1> <Delay = 0.85> <FuncUnit> <Opcode : 'add' 'sub'> <InPorts = 2> <OutPorts = 1>
ST_5 : Operation 1142 [1/1] (0.00ns)   --->   "%sext_ln190_161 = sext i17 %add_ln190_13" [awn_int8.cpp:190]   --->   Operation 1142 'sext' 'sext_ln190_161' <Predicate = true> <Delay = 0.00>
ST_5 : Operation 1143 [1/1] (0.86ns)   --->   "%add_ln190_14 = add i18 %sext_ln190_161, i18 %sext_ln190_156" [awn_int8.cpp:190]   --->   Operation 1143 'add' 'add_ln190_14' <Predicate = true> <Delay = 0.86> <CoreInst = "Adder">   --->   Core 1 'Adder' <Latency = 0> <II = 1> <Delay = 0.86> <FuncUnit> <Opcode : 'add' 'sub'> <InPorts = 2> <OutPorts = 1>
ST_5 : Operation 1144 [1/2] (0.64ns) (root node of the DSP)   --->   "%add_ln190_15 = add i15 %mul_ln190_92, i15 %mul_ln190_95" [awn_int8.cpp:190]   --->   Operation 1144 'add' 'add_ln190_15' <Predicate = true> <Delay = 0.64> <CoreInst = "DSP48">   --->   Core 127 'DSP48' <Latency = 3> <II = 1> <Delay = 0.53> <IPBlock> <Opcode : '' 'add' 'sub' 'mul' 'select'> <InPorts = 0> <OutPorts = 1> <Sync> <CReg>
ST_5 : Operation 1145 [1/1] (0.00ns)   --->   "%sext_ln190_163 = sext i15 %add_ln190_15" [awn_int8.cpp:190]   --->   Operation 1145 'sext' 'sext_ln190_163' <Predicate = true> <Delay = 0.00>
ST_5 : Operation 1146 [1/2] (0.64ns) (root node of the DSP)   --->   "%add_ln190_16 = add i15 %mul_ln190_109, i15 %mul_ln190_24" [awn_int8.cpp:190]   --->   Operation 1146 'add' 'add_ln190_16' <Predicate = true> <Delay = 0.64> <CoreInst = "DSP48">   --->   Core 127 'DSP48' <Latency = 3> <II = 1> <Delay = 0.53> <IPBlock> <Opcode : '' 'add' 'sub' 'mul' 'select'> <InPorts = 0> <OutPorts = 1> <Sync> <CReg>
ST_5 : Operation 1147 [1/1] (0.00ns)   --->   "%sext_ln190_164 = sext i15 %add_ln190_16" [awn_int8.cpp:190]   --->   Operation 1147 'sext' 'sext_ln190_164' <Predicate = true> <Delay = 0.00>
ST_5 : Operation 1148 [1/1] (0.84ns)   --->   "%add_ln190_17 = add i16 %sext_ln190_164, i16 %sext_ln190_163" [awn_int8.cpp:190]   --->   Operation 1148 'add' 'add_ln190_17' <Predicate = true> <Delay = 0.84> <CoreInst = "Adder">   --->   Core 1 'Adder' <Latency = 0> <II = 1> <Delay = 0.84> <FuncUnit> <Opcode : 'add' 'sub'> <InPorts = 2> <OutPorts = 1>
ST_5 : Operation 1149 [1/1] (0.00ns)   --->   "%sext_ln190_165 = sext i16 %add_ln190_17" [awn_int8.cpp:190]   --->   Operation 1149 'sext' 'sext_ln190_165' <Predicate = true> <Delay = 0.00>
ST_5 : Operation 1150 [1/2] (0.64ns) (root node of the DSP)   --->   "%add_ln190_18 = add i15 %mul_ln190_71, i15 %mul_ln190_114" [awn_int8.cpp:190]   --->   Operation 1150 'add' 'add_ln190_18' <Predicate = true> <Delay = 0.64> <CoreInst = "DSP48">   --->   Core 127 'DSP48' <Latency = 3> <II = 1> <Delay = 0.53> <IPBlock> <Opcode : '' 'add' 'sub' 'mul' 'select'> <InPorts = 0> <OutPorts = 1> <Sync> <CReg>
ST_5 : Operation 1151 [1/1] (0.00ns)   --->   "%sext_ln190_166 = sext i15 %add_ln190_18" [awn_int8.cpp:190]   --->   Operation 1151 'sext' 'sext_ln190_166' <Predicate = true> <Delay = 0.00>
ST_5 : Operation 1152 [1/2] (0.64ns) (root node of the DSP)   --->   "%add_ln190_19 = add i16 %sext_ln190_145, i16 %mul_ln190_116" [awn_int8.cpp:190]   --->   Operation 1152 'add' 'add_ln190_19' <Predicate = true> <Delay = 0.64> <CoreInst = "DSP48">   --->   Core 127 'DSP48' <Latency = 3> <II = 1> <Delay = 0.53> <IPBlock> <Opcode : '' 'add' 'sub' 'mul' 'select'> <InPorts = 0> <OutPorts = 1> <Sync> <CReg>
ST_5 : Operation 1153 [1/1] (0.85ns)   --->   "%add_ln190_20 = add i16 %add_ln190_19, i16 %sext_ln190_166" [awn_int8.cpp:190]   --->   Operation 1153 'add' 'add_ln190_20' <Predicate = true> <Delay = 0.85> <CoreInst = "Adder">   --->   Core 1 'Adder' <Latency = 0> <II = 1> <Delay = 0.85> <FuncUnit> <Opcode : 'add' 'sub'> <InPorts = 2> <OutPorts = 1>
ST_5 : Operation 1154 [1/1] (0.00ns)   --->   "%sext_ln190_167 = sext i16 %add_ln190_20" [awn_int8.cpp:190]   --->   Operation 1154 'sext' 'sext_ln190_167' <Predicate = true> <Delay = 0.00>
ST_5 : Operation 1155 [1/1] (0.85ns)   --->   "%add_ln190_21 = add i17 %sext_ln190_167, i17 %sext_ln190_165" [awn_int8.cpp:190]   --->   Operation 1155 'add' 'add_ln190_21' <Predicate = true> <Delay = 0.85> <CoreInst = "Adder">   --->   Core 1 'Adder' <Latency = 0> <II = 1> <Delay = 0.85> <FuncUnit> <Opcode : 'add' 'sub'> <InPorts = 2> <OutPorts = 1>
ST_5 : Operation 1156 [1/1] (0.00ns)   --->   "%sext_ln190_168 = sext i17 %add_ln190_21" [awn_int8.cpp:190]   --->   Operation 1156 'sext' 'sext_ln190_168' <Predicate = true> <Delay = 0.00>
ST_5 : Operation 1157 [1/2] (0.64ns) (root node of the DSP)   --->   "%add_ln190_22 = add i16 %mul_ln190_87, i16 %sext_ln190_144" [awn_int8.cpp:190]   --->   Operation 1157 'add' 'add_ln190_22' <Predicate = true> <Delay = 0.64> <CoreInst = "DSP48">   --->   Core 127 'DSP48' <Latency = 3> <II = 1> <Delay = 0.53> <IPBlock> <Opcode : '' 'add' 'sub' 'mul' 'select'> <InPorts = 0> <OutPorts = 1> <Sync> <CReg>
ST_5 : Operation 1158 [1/1] (0.00ns)   --->   "%sext_ln190_169 = sext i16 %add_ln190_22" [awn_int8.cpp:190]   --->   Operation 1158 'sext' 'sext_ln190_169' <Predicate = true> <Delay = 0.00>
ST_5 : Operation 1159 [1/2] (0.64ns) (root node of the DSP)   --->   "%add_ln190_23 = add i16 %mul_ln190_15, i16 %mul_ln190_102" [awn_int8.cpp:190]   --->   Operation 1159 'add' 'add_ln190_23' <Predicate = true> <Delay = 0.64> <CoreInst = "DSP48">   --->   Core 127 'DSP48' <Latency = 3> <II = 1> <Delay = 0.53> <IPBlock> <Opcode : '' 'add' 'sub' 'mul' 'select'> <InPorts = 0> <OutPorts = 1> <Sync> <CReg>
ST_5 : Operation 1160 [1/1] (0.00ns)   --->   "%sext_ln190_170 = sext i16 %add_ln190_23" [awn_int8.cpp:190]   --->   Operation 1160 'sext' 'sext_ln190_170' <Predicate = true> <Delay = 0.00>
ST_5 : Operation 1161 [1/1] (0.00ns) (grouped into TernaryAdder)   --->   "%add_ln190_24 = add i17 %sext_ln190_170, i17 %sext_ln190_169" [awn_int8.cpp:190]   --->   Operation 1161 'add' 'add_ln190_24' <Predicate = true> <Delay = 0.00> <CoreInst = "TAddSub">   --->   Core 10 'TAddSub' <Latency = 0> <II = 1> <Delay = 0.34> <IPBlock> <Opcode : '' 'add' 'sub'> <InPorts = 3> <OutPorts = 1> <Sync> <CReg>
ST_5 : Operation 1162 [1/2] (0.64ns) (root node of the DSP)   --->   "%add_ln190_25 = add i15 %mul_ln190_90, i15 %mul_ln190_77" [awn_int8.cpp:190]   --->   Operation 1162 'add' 'add_ln190_25' <Predicate = true> <Delay = 0.64> <CoreInst = "DSP48">   --->   Core 127 'DSP48' <Latency = 3> <II = 1> <Delay = 0.53> <IPBlock> <Opcode : '' 'add' 'sub' 'mul' 'select'> <InPorts = 0> <OutPorts = 1> <Sync> <CReg>
ST_5 : Operation 1163 [1/1] (0.00ns)   --->   "%sext_ln190_171 = sext i15 %add_ln190_25" [awn_int8.cpp:190]   --->   Operation 1163 'sext' 'sext_ln190_171' <Predicate = true> <Delay = 0.00>
ST_5 : Operation 1164 [1/2] (0.64ns) (root node of the DSP)   --->   "%add_ln190_26 = add i15 %mul_ln190_70, i15 %mul_ln190_53" [awn_int8.cpp:190]   --->   Operation 1164 'add' 'add_ln190_26' <Predicate = true> <Delay = 0.64> <CoreInst = "DSP48">   --->   Core 127 'DSP48' <Latency = 3> <II = 1> <Delay = 0.53> <IPBlock> <Opcode : '' 'add' 'sub' 'mul' 'select'> <InPorts = 0> <OutPorts = 1> <Sync> <CReg>
ST_5 : Operation 1165 [1/1] (0.00ns)   --->   "%sext_ln190_172 = sext i15 %add_ln190_26" [awn_int8.cpp:190]   --->   Operation 1165 'sext' 'sext_ln190_172' <Predicate = true> <Delay = 0.00>
ST_5 : Operation 1166 [1/1] (0.84ns)   --->   "%add_ln190_27 = add i16 %sext_ln190_172, i16 %sext_ln190_171" [awn_int8.cpp:190]   --->   Operation 1166 'add' 'add_ln190_27' <Predicate = true> <Delay = 0.84> <CoreInst = "Adder">   --->   Core 1 'Adder' <Latency = 0> <II = 1> <Delay = 0.84> <FuncUnit> <Opcode : 'add' 'sub'> <InPorts = 2> <OutPorts = 1>
ST_5 : Operation 1167 [1/1] (0.00ns)   --->   "%sext_ln190_173 = sext i16 %add_ln190_27" [awn_int8.cpp:190]   --->   Operation 1167 'sext' 'sext_ln190_173' <Predicate = true> <Delay = 0.00>
ST_5 : Operation 1168 [1/1] (0.68ns) (root node of TernaryAdder)   --->   "%add_ln190_28 = add i17 %sext_ln190_173, i17 %add_ln190_24" [awn_int8.cpp:190]   --->   Operation 1168 'add' 'add_ln190_28' <Predicate = true> <Delay = 0.68> <CoreInst = "TAddSub">   --->   Core 10 'TAddSub' <Latency = 0> <II = 1> <Delay = 0.34> <IPBlock> <Opcode : '' 'add' 'sub'> <InPorts = 3> <OutPorts = 1> <Sync> <CReg>
ST_5 : Operation 1169 [1/1] (0.00ns)   --->   "%sext_ln190_174 = sext i17 %add_ln190_28" [awn_int8.cpp:190]   --->   Operation 1169 'sext' 'sext_ln190_174' <Predicate = true> <Delay = 0.00>
ST_5 : Operation 1170 [1/1] (0.86ns)   --->   "%add_ln190_29 = add i18 %sext_ln190_174, i18 %sext_ln190_168" [awn_int8.cpp:190]   --->   Operation 1170 'add' 'add_ln190_29' <Predicate = true> <Delay = 0.86> <CoreInst = "Adder">   --->   Core 1 'Adder' <Latency = 0> <II = 1> <Delay = 0.86> <FuncUnit> <Opcode : 'add' 'sub'> <InPorts = 2> <OutPorts = 1>
ST_5 : Operation 1171 [1/2] (0.64ns) (root node of the DSP)   --->   "%add_ln190_31 = add i15 %mul_ln190_50, i15 %mul_ln190_52" [awn_int8.cpp:190]   --->   Operation 1171 'add' 'add_ln190_31' <Predicate = true> <Delay = 0.64> <CoreInst = "DSP48">   --->   Core 127 'DSP48' <Latency = 3> <II = 1> <Delay = 0.53> <IPBlock> <Opcode : '' 'add' 'sub' 'mul' 'select'> <InPorts = 0> <OutPorts = 1> <Sync> <CReg>
ST_5 : Operation 1172 [1/1] (0.00ns)   --->   "%sext_ln190_177 = sext i15 %add_ln190_31" [awn_int8.cpp:190]   --->   Operation 1172 'sext' 'sext_ln190_177' <Predicate = true> <Delay = 0.00>
ST_5 : Operation 1173 [1/2] (0.64ns) (root node of the DSP)   --->   "%add_ln190_32 = add i15 %mul_ln190_64, i15 %mul_ln190_81" [awn_int8.cpp:190]   --->   Operation 1173 'add' 'add_ln190_32' <Predicate = true> <Delay = 0.64> <CoreInst = "DSP48">   --->   Core 127 'DSP48' <Latency = 3> <II = 1> <Delay = 0.53> <IPBlock> <Opcode : '' 'add' 'sub' 'mul' 'select'> <InPorts = 0> <OutPorts = 1> <Sync> <CReg>
ST_5 : Operation 1174 [1/1] (0.00ns)   --->   "%sext_ln190_178 = sext i15 %add_ln190_32" [awn_int8.cpp:190]   --->   Operation 1174 'sext' 'sext_ln190_178' <Predicate = true> <Delay = 0.00>
ST_5 : Operation 1175 [1/1] (0.84ns)   --->   "%add_ln190_33 = add i16 %sext_ln190_178, i16 %sext_ln190_177" [awn_int8.cpp:190]   --->   Operation 1175 'add' 'add_ln190_33' <Predicate = true> <Delay = 0.84> <CoreInst = "Adder">   --->   Core 1 'Adder' <Latency = 0> <II = 1> <Delay = 0.84> <FuncUnit> <Opcode : 'add' 'sub'> <InPorts = 2> <OutPorts = 1>
ST_5 : Operation 1176 [1/1] (0.00ns)   --->   "%sext_ln190_179 = sext i16 %add_ln190_33" [awn_int8.cpp:190]   --->   Operation 1176 'sext' 'sext_ln190_179' <Predicate = true> <Delay = 0.00>
ST_5 : Operation 1177 [1/2] (0.64ns) (root node of the DSP)   --->   "%add_ln190_34 = add i15 %mul_ln190_97, i15 %mul_ln190_13" [awn_int8.cpp:190]   --->   Operation 1177 'add' 'add_ln190_34' <Predicate = true> <Delay = 0.64> <CoreInst = "DSP48">   --->   Core 127 'DSP48' <Latency = 3> <II = 1> <Delay = 0.53> <IPBlock> <Opcode : '' 'add' 'sub' 'mul' 'select'> <InPorts = 0> <OutPorts = 1> <Sync> <CReg>
ST_5 : Operation 1178 [1/1] (0.00ns)   --->   "%sext_ln190_180 = sext i15 %add_ln190_34" [awn_int8.cpp:190]   --->   Operation 1178 'sext' 'sext_ln190_180' <Predicate = true> <Delay = 0.00>
ST_5 : Operation 1179 [1/2] (0.64ns) (root node of the DSP)   --->   "%add_ln190_35 = add i16 %mul_ln190_42, i16 %mul_ln190_84" [awn_int8.cpp:190]   --->   Operation 1179 'add' 'add_ln190_35' <Predicate = true> <Delay = 0.64> <CoreInst = "DSP48">   --->   Core 127 'DSP48' <Latency = 3> <II = 1> <Delay = 0.53> <IPBlock> <Opcode : '' 'add' 'sub' 'mul' 'select'> <InPorts = 0> <OutPorts = 1> <Sync> <CReg>
ST_5 : Operation 1180 [1/1] (0.00ns)   --->   "%sext_ln190_181 = sext i16 %add_ln190_35" [awn_int8.cpp:190]   --->   Operation 1180 'sext' 'sext_ln190_181' <Predicate = true> <Delay = 0.00>
ST_5 : Operation 1181 [1/1] (0.00ns) (grouped into TernaryAdder)   --->   "%add_ln190_36 = add i17 %sext_ln190_181, i17 %sext_ln190_180" [awn_int8.cpp:190]   --->   Operation 1181 'add' 'add_ln190_36' <Predicate = true> <Delay = 0.00> <CoreInst = "TAddSub">   --->   Core 10 'TAddSub' <Latency = 0> <II = 1> <Delay = 0.34> <IPBlock> <Opcode : '' 'add' 'sub'> <InPorts = 3> <OutPorts = 1> <Sync> <CReg>
ST_5 : Operation 1182 [1/1] (0.68ns) (root node of TernaryAdder)   --->   "%add_ln190_37 = add i17 %add_ln190_36, i17 %sext_ln190_179" [awn_int8.cpp:190]   --->   Operation 1182 'add' 'add_ln190_37' <Predicate = true> <Delay = 0.68> <CoreInst = "TAddSub">   --->   Core 10 'TAddSub' <Latency = 0> <II = 1> <Delay = 0.34> <IPBlock> <Opcode : '' 'add' 'sub'> <InPorts = 3> <OutPorts = 1> <Sync> <CReg>
ST_5 : Operation 1183 [1/1] (0.00ns)   --->   "%sext_ln190_182 = sext i17 %add_ln190_37" [awn_int8.cpp:190]   --->   Operation 1183 'sext' 'sext_ln190_182' <Predicate = true> <Delay = 0.00>
ST_5 : Operation 1184 [1/2] (0.64ns) (root node of the DSP)   --->   "%add_ln190_38 = add i15 %mul_ln190_6, i15 %mul_ln190_58" [awn_int8.cpp:190]   --->   Operation 1184 'add' 'add_ln190_38' <Predicate = true> <Delay = 0.64> <CoreInst = "DSP48">   --->   Core 127 'DSP48' <Latency = 3> <II = 1> <Delay = 0.53> <IPBlock> <Opcode : '' 'add' 'sub' 'mul' 'select'> <InPorts = 0> <OutPorts = 1> <Sync> <CReg>
ST_5 : Operation 1185 [1/1] (0.00ns)   --->   "%sext_ln190_183 = sext i15 %add_ln190_38" [awn_int8.cpp:190]   --->   Operation 1185 'sext' 'sext_ln190_183' <Predicate = true> <Delay = 0.00>
ST_5 : Operation 1186 [1/2] (0.64ns) (root node of the DSP)   --->   "%add_ln190_39 = add i15 %mul_ln190_104, i15 %mul_ln190_51" [awn_int8.cpp:190]   --->   Operation 1186 'add' 'add_ln190_39' <Predicate = true> <Delay = 0.64> <CoreInst = "DSP48">   --->   Core 127 'DSP48' <Latency = 3> <II = 1> <Delay = 0.53> <IPBlock> <Opcode : '' 'add' 'sub' 'mul' 'select'> <InPorts = 0> <OutPorts = 1> <Sync> <CReg>
ST_5 : Operation 1187 [1/1] (0.00ns)   --->   "%sext_ln190_184 = sext i15 %add_ln190_39" [awn_int8.cpp:190]   --->   Operation 1187 'sext' 'sext_ln190_184' <Predicate = true> <Delay = 0.00>
ST_5 : Operation 1188 [1/1] (0.84ns)   --->   "%add_ln190_40 = add i16 %sext_ln190_184, i16 %sext_ln190_183" [awn_int8.cpp:190]   --->   Operation 1188 'add' 'add_ln190_40' <Predicate = true> <Delay = 0.84> <CoreInst = "Adder">   --->   Core 1 'Adder' <Latency = 0> <II = 1> <Delay = 0.84> <FuncUnit> <Opcode : 'add' 'sub'> <InPorts = 2> <OutPorts = 1>
ST_5 : Operation 1189 [1/1] (0.00ns)   --->   "%sext_ln190_185 = sext i16 %add_ln190_40" [awn_int8.cpp:190]   --->   Operation 1189 'sext' 'sext_ln190_185' <Predicate = true> <Delay = 0.00>
ST_5 : Operation 1190 [1/2] (0.64ns) (root node of the DSP)   --->   "%add_ln190_41 = add i15 %mul_ln190_105, i15 %mul_ln190_60" [awn_int8.cpp:190]   --->   Operation 1190 'add' 'add_ln190_41' <Predicate = true> <Delay = 0.64> <CoreInst = "DSP48">   --->   Core 127 'DSP48' <Latency = 3> <II = 1> <Delay = 0.53> <IPBlock> <Opcode : '' 'add' 'sub' 'mul' 'select'> <InPorts = 0> <OutPorts = 1> <Sync> <CReg>
ST_5 : Operation 1191 [1/1] (0.00ns)   --->   "%sext_ln190_186 = sext i15 %add_ln190_41" [awn_int8.cpp:190]   --->   Operation 1191 'sext' 'sext_ln190_186' <Predicate = true> <Delay = 0.00>
ST_5 : Operation 1192 [1/2] (0.64ns) (root node of the DSP)   --->   "%add_ln190_42 = add i15 %mul_ln190_9, i15 %mul_ln190_86" [awn_int8.cpp:190]   --->   Operation 1192 'add' 'add_ln190_42' <Predicate = true> <Delay = 0.64> <CoreInst = "DSP48">   --->   Core 127 'DSP48' <Latency = 3> <II = 1> <Delay = 0.53> <IPBlock> <Opcode : '' 'add' 'sub' 'mul' 'select'> <InPorts = 0> <OutPorts = 1> <Sync> <CReg>
ST_5 : Operation 1193 [1/1] (0.00ns)   --->   "%sext_ln190_187 = sext i15 %add_ln190_42" [awn_int8.cpp:190]   --->   Operation 1193 'sext' 'sext_ln190_187' <Predicate = true> <Delay = 0.00>
ST_5 : Operation 1194 [1/1] (0.84ns)   --->   "%add_ln190_43 = add i16 %sext_ln190_187, i16 %sext_ln190_186" [awn_int8.cpp:190]   --->   Operation 1194 'add' 'add_ln190_43' <Predicate = true> <Delay = 0.84> <CoreInst = "Adder">   --->   Core 1 'Adder' <Latency = 0> <II = 1> <Delay = 0.84> <FuncUnit> <Opcode : 'add' 'sub'> <InPorts = 2> <OutPorts = 1>
ST_5 : Operation 1195 [1/1] (0.00ns)   --->   "%sext_ln190_188 = sext i16 %add_ln190_43" [awn_int8.cpp:190]   --->   Operation 1195 'sext' 'sext_ln190_188' <Predicate = true> <Delay = 0.00>
ST_5 : Operation 1196 [1/1] (0.85ns)   --->   "%add_ln190_44 = add i17 %sext_ln190_188, i17 %sext_ln190_185" [awn_int8.cpp:190]   --->   Operation 1196 'add' 'add_ln190_44' <Predicate = true> <Delay = 0.85> <CoreInst = "Adder">   --->   Core 1 'Adder' <Latency = 0> <II = 1> <Delay = 0.85> <FuncUnit> <Opcode : 'add' 'sub'> <InPorts = 2> <OutPorts = 1>
ST_5 : Operation 1197 [1/1] (0.00ns)   --->   "%sext_ln190_189 = sext i17 %add_ln190_44" [awn_int8.cpp:190]   --->   Operation 1197 'sext' 'sext_ln190_189' <Predicate = true> <Delay = 0.00>
ST_5 : Operation 1198 [1/1] (0.86ns)   --->   "%add_ln190_45 = add i18 %sext_ln190_189, i18 %sext_ln190_182" [awn_int8.cpp:190]   --->   Operation 1198 'add' 'add_ln190_45' <Predicate = true> <Delay = 0.86> <CoreInst = "Adder">   --->   Core 1 'Adder' <Latency = 0> <II = 1> <Delay = 0.86> <FuncUnit> <Opcode : 'add' 'sub'> <InPorts = 2> <OutPorts = 1>
ST_5 : Operation 1199 [1/2] (0.64ns) (root node of the DSP)   --->   "%add_ln190_46 = add i15 %mul_ln190_44, i15 %mul_ln190_66" [awn_int8.cpp:190]   --->   Operation 1199 'add' 'add_ln190_46' <Predicate = true> <Delay = 0.64> <CoreInst = "DSP48">   --->   Core 127 'DSP48' <Latency = 3> <II = 1> <Delay = 0.53> <IPBlock> <Opcode : '' 'add' 'sub' 'mul' 'select'> <InPorts = 0> <OutPorts = 1> <Sync> <CReg>
ST_5 : Operation 1200 [1/1] (0.00ns)   --->   "%sext_ln190_191 = sext i15 %add_ln190_46" [awn_int8.cpp:190]   --->   Operation 1200 'sext' 'sext_ln190_191' <Predicate = true> <Delay = 0.00>
ST_5 : Operation 1201 [1/2] (0.64ns) (root node of the DSP)   --->   "%add_ln190_47 = add i16 %mul_ln190_88, i16 %mul_ln190_55" [awn_int8.cpp:190]   --->   Operation 1201 'add' 'add_ln190_47' <Predicate = true> <Delay = 0.64> <CoreInst = "DSP48">   --->   Core 127 'DSP48' <Latency = 3> <II = 1> <Delay = 0.53> <IPBlock> <Opcode : '' 'add' 'sub' 'mul' 'select'> <InPorts = 0> <OutPorts = 1> <Sync> <CReg>
ST_5 : Operation 1202 [1/1] (0.00ns)   --->   "%sext_ln190_192 = sext i16 %add_ln190_47" [awn_int8.cpp:190]   --->   Operation 1202 'sext' 'sext_ln190_192' <Predicate = true> <Delay = 0.00>
ST_5 : Operation 1203 [1/1] (0.85ns)   --->   "%add_ln190_48 = add i17 %sext_ln190_192, i17 %sext_ln190_191" [awn_int8.cpp:190]   --->   Operation 1203 'add' 'add_ln190_48' <Predicate = true> <Delay = 0.85> <CoreInst = "Adder">   --->   Core 1 'Adder' <Latency = 0> <II = 1> <Delay = 0.85> <FuncUnit> <Opcode : 'add' 'sub'> <InPorts = 2> <OutPorts = 1>
ST_5 : Operation 1204 [1/1] (0.00ns)   --->   "%sext_ln190_193 = sext i17 %add_ln190_48" [awn_int8.cpp:190]   --->   Operation 1204 'sext' 'sext_ln190_193' <Predicate = true> <Delay = 0.00>
ST_5 : Operation 1205 [1/2] (0.64ns) (root node of the DSP)   --->   "%add_ln190_49 = add i16 %mul_ln190_27, i16 %mul_ln190_121" [awn_int8.cpp:190]   --->   Operation 1205 'add' 'add_ln190_49' <Predicate = true> <Delay = 0.64> <CoreInst = "DSP48">   --->   Core 127 'DSP48' <Latency = 3> <II = 1> <Delay = 0.53> <IPBlock> <Opcode : '' 'add' 'sub' 'mul' 'select'> <InPorts = 0> <OutPorts = 1> <Sync> <CReg>
ST_5 : Operation 1206 [1/1] (0.00ns)   --->   "%sext_ln190_194 = sext i16 %add_ln190_49" [awn_int8.cpp:190]   --->   Operation 1206 'sext' 'sext_ln190_194' <Predicate = true> <Delay = 0.00>
ST_5 : Operation 1207 [1/2] (0.64ns) (root node of the DSP)   --->   "%add_ln190_50 = add i16 %mul_ln190_94, i16 %mul_ln190_79" [awn_int8.cpp:190]   --->   Operation 1207 'add' 'add_ln190_50' <Predicate = true> <Delay = 0.64> <CoreInst = "DSP48">   --->   Core 127 'DSP48' <Latency = 3> <II = 1> <Delay = 0.53> <IPBlock> <Opcode : '' 'add' 'sub' 'mul' 'select'> <InPorts = 0> <OutPorts = 1> <Sync> <CReg>
ST_5 : Operation 1208 [1/1] (0.00ns)   --->   "%sext_ln190_195 = sext i16 %add_ln190_50" [awn_int8.cpp:190]   --->   Operation 1208 'sext' 'sext_ln190_195' <Predicate = true> <Delay = 0.00>
ST_5 : Operation 1209 [1/1] (0.85ns)   --->   "%add_ln190_51 = add i17 %sext_ln190_195, i17 %sext_ln190_194" [awn_int8.cpp:190]   --->   Operation 1209 'add' 'add_ln190_51' <Predicate = true> <Delay = 0.85> <CoreInst = "Adder">   --->   Core 1 'Adder' <Latency = 0> <II = 1> <Delay = 0.85> <FuncUnit> <Opcode : 'add' 'sub'> <InPorts = 2> <OutPorts = 1>
ST_5 : Operation 1210 [1/1] (0.00ns)   --->   "%sext_ln190_196 = sext i17 %add_ln190_51" [awn_int8.cpp:190]   --->   Operation 1210 'sext' 'sext_ln190_196' <Predicate = true> <Delay = 0.00>
ST_5 : Operation 1211 [1/1] (0.86ns)   --->   "%add_ln190_52 = add i18 %sext_ln190_196, i18 %sext_ln190_193" [awn_int8.cpp:190]   --->   Operation 1211 'add' 'add_ln190_52' <Predicate = true> <Delay = 0.86> <CoreInst = "Adder">   --->   Core 1 'Adder' <Latency = 0> <II = 1> <Delay = 0.86> <FuncUnit> <Opcode : 'add' 'sub'> <InPorts = 2> <OutPorts = 1>
ST_5 : Operation 1212 [1/2] (0.64ns) (root node of the DSP)   --->   "%add_ln190_53 = add i15 %mul_ln190_57, i15 %mul_ln190_43" [awn_int8.cpp:190]   --->   Operation 1212 'add' 'add_ln190_53' <Predicate = true> <Delay = 0.64> <CoreInst = "DSP48">   --->   Core 127 'DSP48' <Latency = 3> <II = 1> <Delay = 0.53> <IPBlock> <Opcode : '' 'add' 'sub' 'mul' 'select'> <InPorts = 0> <OutPorts = 1> <Sync> <CReg>
ST_5 : Operation 1213 [1/1] (0.00ns)   --->   "%sext_ln190_198 = sext i15 %add_ln190_53" [awn_int8.cpp:190]   --->   Operation 1213 'sext' 'sext_ln190_198' <Predicate = true> <Delay = 0.00>
ST_5 : Operation 1214 [1/2] (0.64ns) (root node of the DSP)   --->   "%add_ln190_54 = add i16 %mul_ln190_31, i16 %sext_ln190_141" [awn_int8.cpp:190]   --->   Operation 1214 'add' 'add_ln190_54' <Predicate = true> <Delay = 0.64> <CoreInst = "DSP48">   --->   Core 127 'DSP48' <Latency = 3> <II = 1> <Delay = 0.53> <IPBlock> <Opcode : '' 'add' 'sub' 'mul' 'select'> <InPorts = 0> <OutPorts = 1> <Sync> <CReg>
ST_5 : Operation 1215 [1/1] (0.85ns)   --->   "%add_ln190_55 = add i16 %add_ln190_54, i16 %sext_ln190_198" [awn_int8.cpp:190]   --->   Operation 1215 'add' 'add_ln190_55' <Predicate = true> <Delay = 0.85> <CoreInst = "Adder">   --->   Core 1 'Adder' <Latency = 0> <II = 1> <Delay = 0.85> <FuncUnit> <Opcode : 'add' 'sub'> <InPorts = 2> <OutPorts = 1>
ST_5 : Operation 1216 [1/1] (0.00ns)   --->   "%sext_ln190_199 = sext i16 %add_ln190_55" [awn_int8.cpp:190]   --->   Operation 1216 'sext' 'sext_ln190_199' <Predicate = true> <Delay = 0.00>
ST_5 : Operation 1217 [1/2] (0.64ns) (root node of the DSP)   --->   "%add_ln190_56 = add i16 %mul_ln190_5, i16 %mul_ln190_126" [awn_int8.cpp:190]   --->   Operation 1217 'add' 'add_ln190_56' <Predicate = true> <Delay = 0.64> <CoreInst = "DSP48">   --->   Core 127 'DSP48' <Latency = 3> <II = 1> <Delay = 0.53> <IPBlock> <Opcode : '' 'add' 'sub' 'mul' 'select'> <InPorts = 0> <OutPorts = 1> <Sync> <CReg>
ST_5 : Operation 1218 [1/1] (0.00ns)   --->   "%sext_ln190_200 = sext i16 %add_ln190_56" [awn_int8.cpp:190]   --->   Operation 1218 'sext' 'sext_ln190_200' <Predicate = true> <Delay = 0.00>
ST_5 : Operation 1219 [1/2] (0.64ns) (root node of the DSP)   --->   "%add_ln190_57 = add i15 %mul_ln190_118, i15 %mul_ln190_113" [awn_int8.cpp:190]   --->   Operation 1219 'add' 'add_ln190_57' <Predicate = true> <Delay = 0.64> <CoreInst = "DSP48">   --->   Core 127 'DSP48' <Latency = 3> <II = 1> <Delay = 0.53> <IPBlock> <Opcode : '' 'add' 'sub' 'mul' 'select'> <InPorts = 0> <OutPorts = 1> <Sync> <CReg>
ST_5 : Operation 1220 [1/1] (0.00ns)   --->   "%sext_ln190_201 = sext i15 %add_ln190_57" [awn_int8.cpp:190]   --->   Operation 1220 'sext' 'sext_ln190_201' <Predicate = true> <Delay = 0.00>
ST_5 : Operation 1221 [1/1] (0.00ns) (grouped into TernaryAdder)   --->   "%add_ln190_58 = add i17 %sext_ln190_201, i17 %sext_ln190_200" [awn_int8.cpp:190]   --->   Operation 1221 'add' 'add_ln190_58' <Predicate = true> <Delay = 0.00> <CoreInst = "TAddSub">   --->   Core 10 'TAddSub' <Latency = 0> <II = 1> <Delay = 0.34> <IPBlock> <Opcode : '' 'add' 'sub'> <InPorts = 3> <OutPorts = 1> <Sync> <CReg>
ST_5 : Operation 1222 [1/1] (0.68ns) (root node of TernaryAdder)   --->   "%add_ln190_59 = add i17 %add_ln190_58, i17 %sext_ln190_199" [awn_int8.cpp:190]   --->   Operation 1222 'add' 'add_ln190_59' <Predicate = true> <Delay = 0.68> <CoreInst = "TAddSub">   --->   Core 10 'TAddSub' <Latency = 0> <II = 1> <Delay = 0.34> <IPBlock> <Opcode : '' 'add' 'sub'> <InPorts = 3> <OutPorts = 1> <Sync> <CReg>
ST_5 : Operation 1223 [1/2] (0.64ns) (root node of the DSP)   --->   "%add_ln190_63 = add i15 %mul_ln190_111, i15 %mul_ln190_112" [awn_int8.cpp:190]   --->   Operation 1223 'add' 'add_ln190_63' <Predicate = true> <Delay = 0.64> <CoreInst = "DSP48">   --->   Core 127 'DSP48' <Latency = 3> <II = 1> <Delay = 0.53> <IPBlock> <Opcode : '' 'add' 'sub' 'mul' 'select'> <InPorts = 0> <OutPorts = 1> <Sync> <CReg>
ST_5 : Operation 1224 [1/1] (0.00ns)   --->   "%sext_ln190_205 = sext i15 %add_ln190_63" [awn_int8.cpp:190]   --->   Operation 1224 'sext' 'sext_ln190_205' <Predicate = true> <Delay = 0.00>
ST_5 : Operation 1225 [1/2] (0.64ns) (root node of the DSP)   --->   "%add_ln190_64 = add i16 %mul_ln190_115, i16 %mul_ln190_1" [awn_int8.cpp:190]   --->   Operation 1225 'add' 'add_ln190_64' <Predicate = true> <Delay = 0.64> <CoreInst = "DSP48">   --->   Core 127 'DSP48' <Latency = 3> <II = 1> <Delay = 0.53> <IPBlock> <Opcode : '' 'add' 'sub' 'mul' 'select'> <InPorts = 0> <OutPorts = 1> <Sync> <CReg>
ST_5 : Operation 1226 [1/1] (0.00ns)   --->   "%sext_ln190_206 = sext i16 %add_ln190_64" [awn_int8.cpp:190]   --->   Operation 1226 'sext' 'sext_ln190_206' <Predicate = true> <Delay = 0.00>
ST_5 : Operation 1227 [1/1] (0.85ns)   --->   "%add_ln190_65 = add i17 %sext_ln190_206, i17 %sext_ln190_205" [awn_int8.cpp:190]   --->   Operation 1227 'add' 'add_ln190_65' <Predicate = true> <Delay = 0.85> <CoreInst = "Adder">   --->   Core 1 'Adder' <Latency = 0> <II = 1> <Delay = 0.85> <FuncUnit> <Opcode : 'add' 'sub'> <InPorts = 2> <OutPorts = 1>
ST_5 : Operation 1228 [1/1] (0.00ns)   --->   "%sext_ln190_207 = sext i17 %add_ln190_65" [awn_int8.cpp:190]   --->   Operation 1228 'sext' 'sext_ln190_207' <Predicate = true> <Delay = 0.00>
ST_5 : Operation 1229 [1/2] (0.64ns) (root node of the DSP)   --->   "%add_ln190_66 = add i16 %sext_ln190_140, i16 %mul_ln190_30" [awn_int8.cpp:190]   --->   Operation 1229 'add' 'add_ln190_66' <Predicate = true> <Delay = 0.64> <CoreInst = "DSP48">   --->   Core 127 'DSP48' <Latency = 3> <II = 1> <Delay = 0.53> <IPBlock> <Opcode : '' 'add' 'sub' 'mul' 'select'> <InPorts = 0> <OutPorts = 1> <Sync> <CReg>
ST_5 : Operation 1230 [1/1] (0.00ns)   --->   "%sext_ln190_208 = sext i16 %add_ln190_66" [awn_int8.cpp:190]   --->   Operation 1230 'sext' 'sext_ln190_208' <Predicate = true> <Delay = 0.00>
ST_5 : Operation 1231 [1/2] (0.64ns) (root node of the DSP)   --->   "%add_ln190_67 = add i15 %mul_ln190_48, i15 %mul_ln190_74" [awn_int8.cpp:190]   --->   Operation 1231 'add' 'add_ln190_67' <Predicate = true> <Delay = 0.64> <CoreInst = "DSP48">   --->   Core 127 'DSP48' <Latency = 3> <II = 1> <Delay = 0.53> <IPBlock> <Opcode : '' 'add' 'sub' 'mul' 'select'> <InPorts = 0> <OutPorts = 1> <Sync> <CReg>
ST_5 : Operation 1232 [1/1] (0.00ns)   --->   "%sext_ln190_209 = sext i15 %add_ln190_67" [awn_int8.cpp:190]   --->   Operation 1232 'sext' 'sext_ln190_209' <Predicate = true> <Delay = 0.00>
ST_5 : Operation 1233 [1/1] (0.85ns)   --->   "%add_ln190_68 = add i17 %sext_ln190_209, i17 %sext_ln190_208" [awn_int8.cpp:190]   --->   Operation 1233 'add' 'add_ln190_68' <Predicate = true> <Delay = 0.85> <CoreInst = "Adder">   --->   Core 1 'Adder' <Latency = 0> <II = 1> <Delay = 0.85> <FuncUnit> <Opcode : 'add' 'sub'> <InPorts = 2> <OutPorts = 1>
ST_5 : Operation 1234 [1/1] (0.00ns)   --->   "%sext_ln190_210 = sext i17 %add_ln190_68" [awn_int8.cpp:190]   --->   Operation 1234 'sext' 'sext_ln190_210' <Predicate = true> <Delay = 0.00>
ST_5 : Operation 1235 [1/1] (0.86ns)   --->   "%add_ln190_69 = add i18 %sext_ln190_210, i18 %sext_ln190_207" [awn_int8.cpp:190]   --->   Operation 1235 'add' 'add_ln190_69' <Predicate = true> <Delay = 0.86> <CoreInst = "Adder">   --->   Core 1 'Adder' <Latency = 0> <II = 1> <Delay = 0.86> <FuncUnit> <Opcode : 'add' 'sub'> <InPorts = 2> <OutPorts = 1>
ST_5 : Operation 1236 [1/1] (0.00ns)   --->   "%sext_ln190_211 = sext i18 %add_ln190_69" [awn_int8.cpp:190]   --->   Operation 1236 'sext' 'sext_ln190_211' <Predicate = true> <Delay = 0.00>
ST_5 : Operation 1237 [1/2] (0.64ns) (root node of the DSP)   --->   "%add_ln190_70 = add i16 %mul_ln190_96, i16 %mul_ln190" [awn_int8.cpp:190]   --->   Operation 1237 'add' 'add_ln190_70' <Predicate = true> <Delay = 0.64> <CoreInst = "DSP48">   --->   Core 127 'DSP48' <Latency = 3> <II = 1> <Delay = 0.53> <IPBlock> <Opcode : '' 'add' 'sub' 'mul' 'select'> <InPorts = 0> <OutPorts = 1> <Sync> <CReg>
ST_5 : Operation 1238 [1/1] (0.00ns)   --->   "%sext_ln190_212 = sext i16 %add_ln190_70" [awn_int8.cpp:190]   --->   Operation 1238 'sext' 'sext_ln190_212' <Predicate = true> <Delay = 0.00>
ST_5 : Operation 1239 [1/2] (0.64ns) (root node of the DSP)   --->   "%add_ln190_71 = add i16 %mul_ln190_33, i16 %sext_ln190_147" [awn_int8.cpp:190]   --->   Operation 1239 'add' 'add_ln190_71' <Predicate = true> <Delay = 0.64> <CoreInst = "DSP48">   --->   Core 127 'DSP48' <Latency = 3> <II = 1> <Delay = 0.53> <IPBlock> <Opcode : '' 'add' 'sub' 'mul' 'select'> <InPorts = 0> <OutPorts = 1> <Sync> <CReg>
ST_5 : Operation 1240 [1/1] (0.00ns)   --->   "%sext_ln190_213 = sext i16 %add_ln190_71" [awn_int8.cpp:190]   --->   Operation 1240 'sext' 'sext_ln190_213' <Predicate = true> <Delay = 0.00>
ST_5 : Operation 1241 [1/1] (0.85ns)   --->   "%add_ln190_72 = add i17 %sext_ln190_213, i17 %sext_ln190_212" [awn_int8.cpp:190]   --->   Operation 1241 'add' 'add_ln190_72' <Predicate = true> <Delay = 0.85> <CoreInst = "Adder">   --->   Core 1 'Adder' <Latency = 0> <II = 1> <Delay = 0.85> <FuncUnit> <Opcode : 'add' 'sub'> <InPorts = 2> <OutPorts = 1>
ST_5 : Operation 1242 [1/1] (0.00ns)   --->   "%sext_ln190_214 = sext i17 %add_ln190_72" [awn_int8.cpp:190]   --->   Operation 1242 'sext' 'sext_ln190_214' <Predicate = true> <Delay = 0.00>
ST_5 : Operation 1243 [1/2] (0.64ns) (root node of the DSP)   --->   "%add_ln190_73 = add i16 %mul_ln190_103, i16 %sext_ln190_142" [awn_int8.cpp:190]   --->   Operation 1243 'add' 'add_ln190_73' <Predicate = true> <Delay = 0.64> <CoreInst = "DSP48">   --->   Core 127 'DSP48' <Latency = 3> <II = 1> <Delay = 0.53> <IPBlock> <Opcode : '' 'add' 'sub' 'mul' 'select'> <InPorts = 0> <OutPorts = 1> <Sync> <CReg>
ST_5 : Operation 1244 [1/1] (0.00ns)   --->   "%sext_ln190_215 = sext i16 %add_ln190_73" [awn_int8.cpp:190]   --->   Operation 1244 'sext' 'sext_ln190_215' <Predicate = true> <Delay = 0.00>
ST_5 : Operation 1245 [1/2] (0.64ns) (root node of the DSP)   --->   "%add_ln190_74 = add i16 %mul_ln190_62, i16 %mul_ln190_106" [awn_int8.cpp:190]   --->   Operation 1245 'add' 'add_ln190_74' <Predicate = true> <Delay = 0.64> <CoreInst = "DSP48">   --->   Core 127 'DSP48' <Latency = 3> <II = 1> <Delay = 0.53> <IPBlock> <Opcode : '' 'add' 'sub' 'mul' 'select'> <InPorts = 0> <OutPorts = 1> <Sync> <CReg>
ST_5 : Operation 1246 [1/1] (0.00ns)   --->   "%sext_ln190_216 = sext i16 %add_ln190_74" [awn_int8.cpp:190]   --->   Operation 1246 'sext' 'sext_ln190_216' <Predicate = true> <Delay = 0.00>
ST_5 : Operation 1247 [1/1] (0.85ns)   --->   "%add_ln190_75 = add i17 %sext_ln190_216, i17 %sext_ln190_215" [awn_int8.cpp:190]   --->   Operation 1247 'add' 'add_ln190_75' <Predicate = true> <Delay = 0.85> <CoreInst = "Adder">   --->   Core 1 'Adder' <Latency = 0> <II = 1> <Delay = 0.85> <FuncUnit> <Opcode : 'add' 'sub'> <InPorts = 2> <OutPorts = 1>
ST_5 : Operation 1248 [1/1] (0.00ns)   --->   "%sext_ln190_217 = sext i17 %add_ln190_75" [awn_int8.cpp:190]   --->   Operation 1248 'sext' 'sext_ln190_217' <Predicate = true> <Delay = 0.00>
ST_5 : Operation 1249 [1/1] (0.86ns)   --->   "%add_ln190_76 = add i18 %sext_ln190_217, i18 %sext_ln190_214" [awn_int8.cpp:190]   --->   Operation 1249 'add' 'add_ln190_76' <Predicate = true> <Delay = 0.86> <CoreInst = "Adder">   --->   Core 1 'Adder' <Latency = 0> <II = 1> <Delay = 0.86> <FuncUnit> <Opcode : 'add' 'sub'> <InPorts = 2> <OutPorts = 1>
ST_5 : Operation 1250 [1/1] (0.00ns)   --->   "%sext_ln190_218 = sext i18 %add_ln190_76" [awn_int8.cpp:190]   --->   Operation 1250 'sext' 'sext_ln190_218' <Predicate = true> <Delay = 0.00>
ST_5 : Operation 1251 [1/1] (0.87ns)   --->   "%add_ln190_77 = add i19 %sext_ln190_218, i19 %sext_ln190_211" [awn_int8.cpp:190]   --->   Operation 1251 'add' 'add_ln190_77' <Predicate = true> <Delay = 0.87> <CoreInst = "Adder">   --->   Core 1 'Adder' <Latency = 0> <II = 1> <Delay = 0.87> <FuncUnit> <Opcode : 'add' 'sub'> <InPorts = 2> <OutPorts = 1>
ST_5 : Operation 1252 [1/2] (0.64ns) (root node of the DSP)   --->   "%add_ln190_78 = add i15 %mul_ln190_32, i15 %mul_ln190_85" [awn_int8.cpp:190]   --->   Operation 1252 'add' 'add_ln190_78' <Predicate = true> <Delay = 0.64> <CoreInst = "DSP48">   --->   Core 127 'DSP48' <Latency = 3> <II = 1> <Delay = 0.53> <IPBlock> <Opcode : '' 'add' 'sub' 'mul' 'select'> <InPorts = 0> <OutPorts = 1> <Sync> <CReg>
ST_5 : Operation 1253 [1/1] (0.00ns)   --->   "%sext_ln190_220 = sext i15 %add_ln190_78" [awn_int8.cpp:190]   --->   Operation 1253 'sext' 'sext_ln190_220' <Predicate = true> <Delay = 0.00>
ST_5 : Operation 1254 [1/2] (0.64ns) (root node of the DSP)   --->   "%add_ln190_79 = add i15 %mul_ln190_8, i15 %mul_ln190_65" [awn_int8.cpp:190]   --->   Operation 1254 'add' 'add_ln190_79' <Predicate = true> <Delay = 0.64> <CoreInst = "DSP48">   --->   Core 127 'DSP48' <Latency = 3> <II = 1> <Delay = 0.53> <IPBlock> <Opcode : '' 'add' 'sub' 'mul' 'select'> <InPorts = 0> <OutPorts = 1> <Sync> <CReg>
ST_5 : Operation 1255 [1/1] (0.00ns)   --->   "%sext_ln190_221 = sext i15 %add_ln190_79" [awn_int8.cpp:190]   --->   Operation 1255 'sext' 'sext_ln190_221' <Predicate = true> <Delay = 0.00>
ST_5 : Operation 1256 [1/1] (0.84ns)   --->   "%add_ln190_80 = add i16 %sext_ln190_221, i16 %sext_ln190_220" [awn_int8.cpp:190]   --->   Operation 1256 'add' 'add_ln190_80' <Predicate = true> <Delay = 0.84> <CoreInst = "Adder">   --->   Core 1 'Adder' <Latency = 0> <II = 1> <Delay = 0.84> <FuncUnit> <Opcode : 'add' 'sub'> <InPorts = 2> <OutPorts = 1>
ST_5 : Operation 1257 [1/1] (0.00ns)   --->   "%sext_ln190_222 = sext i16 %add_ln190_80" [awn_int8.cpp:190]   --->   Operation 1257 'sext' 'sext_ln190_222' <Predicate = true> <Delay = 0.00>
ST_5 : Operation 1258 [1/2] (0.64ns) (root node of the DSP)   --->   "%add_ln190_81 = add i16 %mul_ln190_127, i16 %mul_ln190_59" [awn_int8.cpp:190]   --->   Operation 1258 'add' 'add_ln190_81' <Predicate = true> <Delay = 0.64> <CoreInst = "DSP48">   --->   Core 127 'DSP48' <Latency = 3> <II = 1> <Delay = 0.53> <IPBlock> <Opcode : '' 'add' 'sub' 'mul' 'select'> <InPorts = 0> <OutPorts = 1> <Sync> <CReg>
ST_5 : Operation 1259 [1/1] (0.00ns)   --->   "%sext_ln190_223 = sext i16 %add_ln190_81" [awn_int8.cpp:190]   --->   Operation 1259 'sext' 'sext_ln190_223' <Predicate = true> <Delay = 0.00>
ST_5 : Operation 1260 [1/2] (0.64ns) (root node of the DSP)   --->   "%add_ln190_82 = add i15 %mul_ln190_123, i15 %mul_ln190_61" [awn_int8.cpp:190]   --->   Operation 1260 'add' 'add_ln190_82' <Predicate = true> <Delay = 0.64> <CoreInst = "DSP48">   --->   Core 127 'DSP48' <Latency = 3> <II = 1> <Delay = 0.53> <IPBlock> <Opcode : '' 'add' 'sub' 'mul' 'select'> <InPorts = 0> <OutPorts = 1> <Sync> <CReg>
ST_5 : Operation 1261 [1/1] (0.00ns)   --->   "%sext_ln190_224 = sext i15 %add_ln190_82" [awn_int8.cpp:190]   --->   Operation 1261 'sext' 'sext_ln190_224' <Predicate = true> <Delay = 0.00>
ST_5 : Operation 1262 [1/1] (0.00ns) (grouped into TernaryAdder)   --->   "%add_ln190_83 = add i17 %sext_ln190_224, i17 %sext_ln190_223" [awn_int8.cpp:190]   --->   Operation 1262 'add' 'add_ln190_83' <Predicate = true> <Delay = 0.00> <CoreInst = "TAddSub">   --->   Core 10 'TAddSub' <Latency = 0> <II = 1> <Delay = 0.34> <IPBlock> <Opcode : '' 'add' 'sub'> <InPorts = 3> <OutPorts = 1> <Sync> <CReg>
ST_5 : Operation 1263 [1/1] (0.68ns) (root node of TernaryAdder)   --->   "%add_ln190_84 = add i17 %add_ln190_83, i17 %sext_ln190_222" [awn_int8.cpp:190]   --->   Operation 1263 'add' 'add_ln190_84' <Predicate = true> <Delay = 0.68> <CoreInst = "TAddSub">   --->   Core 10 'TAddSub' <Latency = 0> <II = 1> <Delay = 0.34> <IPBlock> <Opcode : '' 'add' 'sub'> <InPorts = 3> <OutPorts = 1> <Sync> <CReg>
ST_5 : Operation 1264 [1/1] (0.00ns)   --->   "%sext_ln190_225 = sext i17 %add_ln190_84" [awn_int8.cpp:190]   --->   Operation 1264 'sext' 'sext_ln190_225' <Predicate = true> <Delay = 0.00>
ST_5 : Operation 1265 [1/2] (0.64ns) (root node of the DSP)   --->   "%add_ln190_85 = add i16 %mul_ln190_99, i16 %sext_ln190_148" [awn_int8.cpp:190]   --->   Operation 1265 'add' 'add_ln190_85' <Predicate = true> <Delay = 0.64> <CoreInst = "DSP48">   --->   Core 127 'DSP48' <Latency = 3> <II = 1> <Delay = 0.53> <IPBlock> <Opcode : '' 'add' 'sub' 'mul' 'select'> <InPorts = 0> <OutPorts = 1> <Sync> <CReg>
ST_5 : Operation 1266 [1/1] (0.00ns)   --->   "%sext_ln190_226 = sext i16 %add_ln190_85" [awn_int8.cpp:190]   --->   Operation 1266 'sext' 'sext_ln190_226' <Predicate = true> <Delay = 0.00>
ST_5 : Operation 1267 [1/2] (0.64ns) (root node of the DSP)   --->   "%add_ln190_86 = add i16 %mul_ln190_17, i16 %mul_ln190_91" [awn_int8.cpp:190]   --->   Operation 1267 'add' 'add_ln190_86' <Predicate = true> <Delay = 0.64> <CoreInst = "DSP48">   --->   Core 127 'DSP48' <Latency = 3> <II = 1> <Delay = 0.53> <IPBlock> <Opcode : '' 'add' 'sub' 'mul' 'select'> <InPorts = 0> <OutPorts = 1> <Sync> <CReg>
ST_5 : Operation 1268 [1/1] (0.00ns)   --->   "%sext_ln190_227 = sext i16 %add_ln190_86" [awn_int8.cpp:190]   --->   Operation 1268 'sext' 'sext_ln190_227' <Predicate = true> <Delay = 0.00>
ST_5 : Operation 1269 [1/1] (0.85ns)   --->   "%add_ln190_87 = add i17 %sext_ln190_227, i17 %sext_ln190_226" [awn_int8.cpp:190]   --->   Operation 1269 'add' 'add_ln190_87' <Predicate = true> <Delay = 0.85> <CoreInst = "Adder">   --->   Core 1 'Adder' <Latency = 0> <II = 1> <Delay = 0.85> <FuncUnit> <Opcode : 'add' 'sub'> <InPorts = 2> <OutPorts = 1>
ST_5 : Operation 1270 [1/1] (0.00ns)   --->   "%sext_ln190_228 = sext i17 %add_ln190_87" [awn_int8.cpp:190]   --->   Operation 1270 'sext' 'sext_ln190_228' <Predicate = true> <Delay = 0.00>
ST_5 : Operation 1271 [1/2] (0.64ns) (root node of the DSP)   --->   "%add_ln190_88 = add i15 %mul_ln190_41, i15 %mul_ln190_119" [awn_int8.cpp:190]   --->   Operation 1271 'add' 'add_ln190_88' <Predicate = true> <Delay = 0.64> <CoreInst = "DSP48">   --->   Core 127 'DSP48' <Latency = 3> <II = 1> <Delay = 0.53> <IPBlock> <Opcode : '' 'add' 'sub' 'mul' 'select'> <InPorts = 0> <OutPorts = 1> <Sync> <CReg>
ST_5 : Operation 1272 [1/1] (0.00ns)   --->   "%sext_ln190_229 = sext i15 %add_ln190_88" [awn_int8.cpp:190]   --->   Operation 1272 'sext' 'sext_ln190_229' <Predicate = true> <Delay = 0.00>
ST_5 : Operation 1273 [1/2] (0.64ns) (root node of the DSP)   --->   "%add_ln190_89 = add i16 %mul_ln190_72, i16 %mul_ln190_26" [awn_int8.cpp:190]   --->   Operation 1273 'add' 'add_ln190_89' <Predicate = true> <Delay = 0.64> <CoreInst = "DSP48">   --->   Core 127 'DSP48' <Latency = 3> <II = 1> <Delay = 0.53> <IPBlock> <Opcode : '' 'add' 'sub' 'mul' 'select'> <InPorts = 0> <OutPorts = 1> <Sync> <CReg>
ST_5 : Operation 1274 [1/1] (0.00ns)   --->   "%sext_ln190_230 = sext i16 %add_ln190_89" [awn_int8.cpp:190]   --->   Operation 1274 'sext' 'sext_ln190_230' <Predicate = true> <Delay = 0.00>
ST_5 : Operation 1275 [1/1] (0.85ns)   --->   "%add_ln190_90 = add i17 %sext_ln190_230, i17 %sext_ln190_229" [awn_int8.cpp:190]   --->   Operation 1275 'add' 'add_ln190_90' <Predicate = true> <Delay = 0.85> <CoreInst = "Adder">   --->   Core 1 'Adder' <Latency = 0> <II = 1> <Delay = 0.85> <FuncUnit> <Opcode : 'add' 'sub'> <InPorts = 2> <OutPorts = 1>
ST_5 : Operation 1276 [1/1] (0.00ns)   --->   "%sext_ln190_231 = sext i17 %add_ln190_90" [awn_int8.cpp:190]   --->   Operation 1276 'sext' 'sext_ln190_231' <Predicate = true> <Delay = 0.00>
ST_5 : Operation 1277 [1/1] (0.86ns)   --->   "%add_ln190_91 = add i18 %sext_ln190_231, i18 %sext_ln190_228" [awn_int8.cpp:190]   --->   Operation 1277 'add' 'add_ln190_91' <Predicate = true> <Delay = 0.86> <CoreInst = "Adder">   --->   Core 1 'Adder' <Latency = 0> <II = 1> <Delay = 0.86> <FuncUnit> <Opcode : 'add' 'sub'> <InPorts = 2> <OutPorts = 1>
ST_5 : Operation 1278 [1/1] (0.00ns)   --->   "%sext_ln190_232 = sext i18 %add_ln190_91" [awn_int8.cpp:190]   --->   Operation 1278 'sext' 'sext_ln190_232' <Predicate = true> <Delay = 0.00>
ST_5 : Operation 1279 [1/1] (0.87ns)   --->   "%add_ln190_92 = add i19 %sext_ln190_232, i19 %sext_ln190_225" [awn_int8.cpp:190]   --->   Operation 1279 'add' 'add_ln190_92' <Predicate = true> <Delay = 0.87> <CoreInst = "Adder">   --->   Core 1 'Adder' <Latency = 0> <II = 1> <Delay = 0.87> <FuncUnit> <Opcode : 'add' 'sub'> <InPorts = 2> <OutPorts = 1>
ST_5 : Operation 1280 [1/2] (0.64ns) (root node of the DSP)   --->   "%add_ln190_94 = add i16 %mul_ln190_110, i16 %mul_ln190_69" [awn_int8.cpp:190]   --->   Operation 1280 'add' 'add_ln190_94' <Predicate = true> <Delay = 0.64> <CoreInst = "DSP48">   --->   Core 127 'DSP48' <Latency = 3> <II = 1> <Delay = 0.53> <IPBlock> <Opcode : '' 'add' 'sub' 'mul' 'select'> <InPorts = 0> <OutPorts = 1> <Sync> <CReg>
ST_5 : Operation 1281 [1/1] (0.00ns)   --->   "%sext_ln190_235 = sext i16 %add_ln190_94" [awn_int8.cpp:190]   --->   Operation 1281 'sext' 'sext_ln190_235' <Predicate = true> <Delay = 0.00>
ST_5 : Operation 1282 [1/2] (0.64ns) (root node of the DSP)   --->   "%add_ln190_95 = add i15 %mul_ln190_28, i15 %mul_ln190_117" [awn_int8.cpp:190]   --->   Operation 1282 'add' 'add_ln190_95' <Predicate = true> <Delay = 0.64> <CoreInst = "DSP48">   --->   Core 127 'DSP48' <Latency = 3> <II = 1> <Delay = 0.53> <IPBlock> <Opcode : '' 'add' 'sub' 'mul' 'select'> <InPorts = 0> <OutPorts = 1> <Sync> <CReg>
ST_5 : Operation 1283 [1/1] (0.00ns)   --->   "%sext_ln190_236 = sext i15 %add_ln190_95" [awn_int8.cpp:190]   --->   Operation 1283 'sext' 'sext_ln190_236' <Predicate = true> <Delay = 0.00>
ST_5 : Operation 1284 [1/1] (0.00ns) (grouped into TernaryAdder)   --->   "%add_ln190_96 = add i17 %sext_ln190_236, i17 %sext_ln190_235" [awn_int8.cpp:190]   --->   Operation 1284 'add' 'add_ln190_96' <Predicate = true> <Delay = 0.00> <CoreInst = "TAddSub">   --->   Core 10 'TAddSub' <Latency = 0> <II = 1> <Delay = 0.34> <IPBlock> <Opcode : '' 'add' 'sub'> <InPorts = 3> <OutPorts = 1> <Sync> <CReg>
ST_5 : Operation 1285 [1/2] (0.64ns) (root node of the DSP)   --->   "%add_ln190_97 = add i15 %mul_ln190_82, i15 %mul_ln190_45" [awn_int8.cpp:190]   --->   Operation 1285 'add' 'add_ln190_97' <Predicate = true> <Delay = 0.64> <CoreInst = "DSP48">   --->   Core 127 'DSP48' <Latency = 3> <II = 1> <Delay = 0.53> <IPBlock> <Opcode : '' 'add' 'sub' 'mul' 'select'> <InPorts = 0> <OutPorts = 1> <Sync> <CReg>
ST_5 : Operation 1286 [1/1] (0.00ns)   --->   "%sext_ln190_237 = sext i15 %add_ln190_97" [awn_int8.cpp:190]   --->   Operation 1286 'sext' 'sext_ln190_237' <Predicate = true> <Delay = 0.00>
ST_5 : Operation 1287 [1/2] (0.64ns) (root node of the DSP)   --->   "%add_ln190_98 = add i16 %mul_ln190_10, i16 %sext_ln190_150" [awn_int8.cpp:190]   --->   Operation 1287 'add' 'add_ln190_98' <Predicate = true> <Delay = 0.64> <CoreInst = "DSP48">   --->   Core 127 'DSP48' <Latency = 3> <II = 1> <Delay = 0.53> <IPBlock> <Opcode : '' 'add' 'sub' 'mul' 'select'> <InPorts = 0> <OutPorts = 1> <Sync> <CReg>
ST_5 : Operation 1288 [1/1] (0.85ns)   --->   "%add_ln190_99 = add i16 %add_ln190_98, i16 %sext_ln190_237" [awn_int8.cpp:190]   --->   Operation 1288 'add' 'add_ln190_99' <Predicate = true> <Delay = 0.85> <CoreInst = "Adder">   --->   Core 1 'Adder' <Latency = 0> <II = 1> <Delay = 0.85> <FuncUnit> <Opcode : 'add' 'sub'> <InPorts = 2> <OutPorts = 1>
ST_5 : Operation 1289 [1/1] (0.00ns)   --->   "%sext_ln190_238 = sext i16 %add_ln190_99" [awn_int8.cpp:190]   --->   Operation 1289 'sext' 'sext_ln190_238' <Predicate = true> <Delay = 0.00>
ST_5 : Operation 1290 [1/1] (0.68ns) (root node of TernaryAdder)   --->   "%add_ln190_100 = add i17 %sext_ln190_238, i17 %add_ln190_96" [awn_int8.cpp:190]   --->   Operation 1290 'add' 'add_ln190_100' <Predicate = true> <Delay = 0.68> <CoreInst = "TAddSub">   --->   Core 10 'TAddSub' <Latency = 0> <II = 1> <Delay = 0.34> <IPBlock> <Opcode : '' 'add' 'sub'> <InPorts = 3> <OutPorts = 1> <Sync> <CReg>
ST_5 : Operation 1291 [1/1] (0.00ns)   --->   "%sext_ln190_239 = sext i17 %add_ln190_100" [awn_int8.cpp:190]   --->   Operation 1291 'sext' 'sext_ln190_239' <Predicate = true> <Delay = 0.00>
ST_5 : Operation 1292 [1/2] (0.64ns) (root node of the DSP)   --->   "%add_ln190_101 = add i16 %mul_ln190_78, i16 %mul_ln190_49" [awn_int8.cpp:190]   --->   Operation 1292 'add' 'add_ln190_101' <Predicate = true> <Delay = 0.64> <CoreInst = "DSP48">   --->   Core 127 'DSP48' <Latency = 3> <II = 1> <Delay = 0.53> <IPBlock> <Opcode : '' 'add' 'sub' 'mul' 'select'> <InPorts = 0> <OutPorts = 1> <Sync> <CReg>
ST_5 : Operation 1293 [1/1] (0.00ns)   --->   "%sext_ln190_240 = sext i16 %add_ln190_101" [awn_int8.cpp:190]   --->   Operation 1293 'sext' 'sext_ln190_240' <Predicate = true> <Delay = 0.00>
ST_5 : Operation 1294 [1/2] (0.64ns) (root node of the DSP)   --->   "%add_ln190_102 = add i15 %mul_ln190_21, i15 %mul_ln190_122" [awn_int8.cpp:190]   --->   Operation 1294 'add' 'add_ln190_102' <Predicate = true> <Delay = 0.64> <CoreInst = "DSP48">   --->   Core 127 'DSP48' <Latency = 3> <II = 1> <Delay = 0.53> <IPBlock> <Opcode : '' 'add' 'sub' 'mul' 'select'> <InPorts = 0> <OutPorts = 1> <Sync> <CReg>
ST_5 : Operation 1295 [1/1] (0.00ns)   --->   "%sext_ln190_241 = sext i15 %add_ln190_102" [awn_int8.cpp:190]   --->   Operation 1295 'sext' 'sext_ln190_241' <Predicate = true> <Delay = 0.00>
ST_5 : Operation 1296 [1/1] (0.85ns)   --->   "%add_ln190_103 = add i17 %sext_ln190_241, i17 %sext_ln190_240" [awn_int8.cpp:190]   --->   Operation 1296 'add' 'add_ln190_103' <Predicate = true> <Delay = 0.85> <CoreInst = "Adder">   --->   Core 1 'Adder' <Latency = 0> <II = 1> <Delay = 0.85> <FuncUnit> <Opcode : 'add' 'sub'> <InPorts = 2> <OutPorts = 1>
ST_5 : Operation 1297 [1/1] (0.00ns)   --->   "%sext_ln190_242 = sext i17 %add_ln190_103" [awn_int8.cpp:190]   --->   Operation 1297 'sext' 'sext_ln190_242' <Predicate = true> <Delay = 0.00>
ST_5 : Operation 1298 [1/2] (0.64ns) (root node of the DSP)   --->   "%add_ln190_104 = add i15 %mul_ln190_98, i15 %mul_ln190_76" [awn_int8.cpp:190]   --->   Operation 1298 'add' 'add_ln190_104' <Predicate = true> <Delay = 0.64> <CoreInst = "DSP48">   --->   Core 127 'DSP48' <Latency = 3> <II = 1> <Delay = 0.53> <IPBlock> <Opcode : '' 'add' 'sub' 'mul' 'select'> <InPorts = 0> <OutPorts = 1> <Sync> <CReg>
ST_5 : Operation 1299 [1/1] (0.00ns)   --->   "%sext_ln190_243 = sext i15 %add_ln190_104" [awn_int8.cpp:190]   --->   Operation 1299 'sext' 'sext_ln190_243' <Predicate = true> <Delay = 0.00>
ST_5 : Operation 1300 [1/2] (0.64ns) (root node of the DSP)   --->   "%add_ln190_105 = add i15 %mul_ln190_54, i15 %mul_ln190_34" [awn_int8.cpp:190]   --->   Operation 1300 'add' 'add_ln190_105' <Predicate = true> <Delay = 0.64> <CoreInst = "DSP48">   --->   Core 127 'DSP48' <Latency = 3> <II = 1> <Delay = 0.53> <IPBlock> <Opcode : '' 'add' 'sub' 'mul' 'select'> <InPorts = 0> <OutPorts = 1> <Sync> <CReg>
ST_5 : Operation 1301 [1/1] (0.00ns)   --->   "%sext_ln190_244 = sext i15 %add_ln190_105" [awn_int8.cpp:190]   --->   Operation 1301 'sext' 'sext_ln190_244' <Predicate = true> <Delay = 0.00>
ST_5 : Operation 1302 [1/1] (0.84ns)   --->   "%add_ln190_106 = add i16 %sext_ln190_244, i16 %sext_ln190_243" [awn_int8.cpp:190]   --->   Operation 1302 'add' 'add_ln190_106' <Predicate = true> <Delay = 0.84> <CoreInst = "Adder">   --->   Core 1 'Adder' <Latency = 0> <II = 1> <Delay = 0.84> <FuncUnit> <Opcode : 'add' 'sub'> <InPorts = 2> <OutPorts = 1>
ST_5 : Operation 1303 [1/1] (0.00ns)   --->   "%sext_ln190_245 = sext i16 %add_ln190_106" [awn_int8.cpp:190]   --->   Operation 1303 'sext' 'sext_ln190_245' <Predicate = true> <Delay = 0.00>
ST_5 : Operation 1304 [1/1] (0.86ns)   --->   "%add_ln190_107 = add i18 %sext_ln190_245, i18 %sext_ln190_242" [awn_int8.cpp:190]   --->   Operation 1304 'add' 'add_ln190_107' <Predicate = true> <Delay = 0.86> <CoreInst = "Adder">   --->   Core 1 'Adder' <Latency = 0> <II = 1> <Delay = 0.86> <FuncUnit> <Opcode : 'add' 'sub'> <InPorts = 2> <OutPorts = 1>
ST_5 : Operation 1305 [1/1] (0.00ns)   --->   "%sext_ln190_246 = sext i18 %add_ln190_107" [awn_int8.cpp:190]   --->   Operation 1305 'sext' 'sext_ln190_246' <Predicate = true> <Delay = 0.00>
ST_5 : Operation 1306 [1/1] (0.87ns)   --->   "%add_ln190_108 = add i19 %sext_ln190_246, i19 %sext_ln190_239" [awn_int8.cpp:190]   --->   Operation 1306 'add' 'add_ln190_108' <Predicate = true> <Delay = 0.87> <CoreInst = "Adder">   --->   Core 1 'Adder' <Latency = 0> <II = 1> <Delay = 0.87> <FuncUnit> <Opcode : 'add' 'sub'> <InPorts = 2> <OutPorts = 1>
ST_5 : Operation 1307 [2/2] (0.64ns) (root node of the DSP)   --->   "%add_ln190_109 = add i16 %mul_ln190_14, i16 %mul_ln190_124" [awn_int8.cpp:190]   --->   Operation 1307 'add' 'add_ln190_109' <Predicate = true> <Delay = 0.64> <CoreInst = "DSP48">   --->   Core 127 'DSP48' <Latency = 3> <II = 1> <Delay = 0.53> <IPBlock> <Opcode : '' 'add' 'sub' 'mul' 'select'> <InPorts = 0> <OutPorts = 1> <Sync> <CReg>
ST_5 : Operation 1308 [2/2] (0.64ns) (root node of the DSP)   --->   "%add_ln190_110 = add i16 %mul_ln190_108, i16 %mul_ln190_93" [awn_int8.cpp:190]   --->   Operation 1308 'add' 'add_ln190_110' <Predicate = true> <Delay = 0.64> <CoreInst = "DSP48">   --->   Core 127 'DSP48' <Latency = 3> <II = 1> <Delay = 0.53> <IPBlock> <Opcode : '' 'add' 'sub' 'mul' 'select'> <InPorts = 0> <OutPorts = 1> <Sync> <CReg>
ST_5 : Operation 1309 [2/2] (0.64ns) (root node of the DSP)   --->   "%add_ln190_112 = add i16 %mul_ln190_80, i16 %mul_ln190_68" [awn_int8.cpp:190]   --->   Operation 1309 'add' 'add_ln190_112' <Predicate = true> <Delay = 0.64> <CoreInst = "DSP48">   --->   Core 127 'DSP48' <Latency = 3> <II = 1> <Delay = 0.53> <IPBlock> <Opcode : '' 'add' 'sub' 'mul' 'select'> <InPorts = 0> <OutPorts = 1> <Sync> <CReg>
ST_5 : Operation 1310 [2/2] (0.64ns) (root node of the DSP)   --->   "%add_ln190_113 = add i15 %mul_ln190_56, i15 %mul_ln190_46" [awn_int8.cpp:190]   --->   Operation 1310 'add' 'add_ln190_113' <Predicate = true> <Delay = 0.64> <CoreInst = "DSP48">   --->   Core 127 'DSP48' <Latency = 3> <II = 1> <Delay = 0.53> <IPBlock> <Opcode : '' 'add' 'sub' 'mul' 'select'> <InPorts = 0> <OutPorts = 1> <Sync> <CReg>
ST_5 : Operation 1311 [2/2] (0.64ns) (root node of the DSP)   --->   "%add_ln190_116 = add i16 %sext_ln190_143, i16 %mul_ln190_29" [awn_int8.cpp:190]   --->   Operation 1311 'add' 'add_ln190_116' <Predicate = true> <Delay = 0.64> <CoreInst = "DSP48">   --->   Core 127 'DSP48' <Latency = 3> <II = 1> <Delay = 0.53> <IPBlock> <Opcode : '' 'add' 'sub' 'mul' 'select'> <InPorts = 0> <OutPorts = 1> <Sync> <CReg>
ST_5 : Operation 1312 [2/2] (0.64ns) (root node of the DSP)   --->   "%add_ln190_117 = add i15 %mul_ln190_22, i15 %mul_ln190_16" [awn_int8.cpp:190]   --->   Operation 1312 'add' 'add_ln190_117' <Predicate = true> <Delay = 0.64> <CoreInst = "DSP48">   --->   Core 127 'DSP48' <Latency = 3> <II = 1> <Delay = 0.53> <IPBlock> <Opcode : '' 'add' 'sub' 'mul' 'select'> <InPorts = 0> <OutPorts = 1> <Sync> <CReg>
ST_5 : Operation 1313 [2/2] (0.64ns) (root node of the DSP)   --->   "%add_ln190_119 = add i15 %mul_ln190_11, i15 %mul_ln190_7" [awn_int8.cpp:190]   --->   Operation 1313 'add' 'add_ln190_119' <Predicate = true> <Delay = 0.64> <CoreInst = "DSP48">   --->   Core 127 'DSP48' <Latency = 3> <II = 1> <Delay = 0.53> <IPBlock> <Opcode : '' 'add' 'sub' 'mul' 'select'> <InPorts = 0> <OutPorts = 1> <Sync> <CReg>
ST_5 : Operation 1314 [1/2] (0.64ns) (root node of the DSP)   --->   "%add_ln190_120 = add i15 %mul_ln190_2, i15 %mul_ln190_125" [awn_int8.cpp:190]   --->   Operation 1314 'add' 'add_ln190_120' <Predicate = true> <Delay = 0.64> <CoreInst = "DSP48">   --->   Core 127 'DSP48' <Latency = 3> <II = 1> <Delay = 0.53> <IPBlock> <Opcode : '' 'add' 'sub' 'mul' 'select'> <InPorts = 0> <OutPorts = 1> <Sync> <CReg>
ST_5 : Operation 1315 [1/1] (0.00ns)   --->   "%sext_ln190_257 = sext i15 %add_ln190_120" [awn_int8.cpp:190]   --->   Operation 1315 'sext' 'sext_ln190_257' <Predicate = true> <Delay = 0.00>
ST_5 : Operation 1316 [2/2] (0.64ns) (root node of the DSP)   --->   "%add_ln190_121 = add i16 %sext_ln190_257, i16 %mul_ln190_4" [awn_int8.cpp:190]   --->   Operation 1316 'add' 'add_ln190_121' <Predicate = true> <Delay = 0.64> <CoreInst = "DSP48">   --->   Core 127 'DSP48' <Latency = 3> <II = 1> <Delay = 0.53> <IPBlock> <Opcode : '' 'add' 'sub' 'mul' 'select'> <InPorts = 0> <OutPorts = 1> <Sync> <CReg>

State 6 <SV = 5> <Delay = 3.23>
ST_6 : Operation 1317 [1/1] (0.00ns)   --->   "%sext_ln190_162 = sext i18 %add_ln190_14" [awn_int8.cpp:190]   --->   Operation 1317 'sext' 'sext_ln190_162' <Predicate = true> <Delay = 0.00>
ST_6 : Operation 1318 [1/1] (0.00ns)   --->   "%sext_ln190_175 = sext i18 %add_ln190_29" [awn_int8.cpp:190]   --->   Operation 1318 'sext' 'sext_ln190_175' <Predicate = true> <Delay = 0.00>
ST_6 : Operation 1319 [1/1] (0.87ns)   --->   "%add_ln190_30 = add i19 %sext_ln190_175, i19 %sext_ln190_162" [awn_int8.cpp:190]   --->   Operation 1319 'add' 'add_ln190_30' <Predicate = true> <Delay = 0.87> <CoreInst = "Adder">   --->   Core 1 'Adder' <Latency = 0> <II = 1> <Delay = 0.87> <FuncUnit> <Opcode : 'add' 'sub'> <InPorts = 2> <OutPorts = 1>
ST_6 : Operation 1320 [1/1] (0.00ns)   --->   "%sext_ln190_176 = sext i19 %add_ln190_30" [awn_int8.cpp:190]   --->   Operation 1320 'sext' 'sext_ln190_176' <Predicate = true> <Delay = 0.00>
ST_6 : Operation 1321 [1/1] (0.00ns)   --->   "%sext_ln190_190 = sext i18 %add_ln190_45" [awn_int8.cpp:190]   --->   Operation 1321 'sext' 'sext_ln190_190' <Predicate = true> <Delay = 0.00>
ST_6 : Operation 1322 [1/1] (0.00ns)   --->   "%sext_ln190_197 = sext i18 %add_ln190_52" [awn_int8.cpp:190]   --->   Operation 1322 'sext' 'sext_ln190_197' <Predicate = true> <Delay = 0.00>
ST_6 : Operation 1323 [1/1] (0.00ns)   --->   "%sext_ln190_202 = sext i17 %add_ln190_59" [awn_int8.cpp:190]   --->   Operation 1323 'sext' 'sext_ln190_202' <Predicate = true> <Delay = 0.00>
ST_6 : Operation 1324 [1/1] (0.00ns) (grouped into TernaryAdder)   --->   "%add_ln190_60 = add i19 %sext_ln190_202, i19 %sext_ln190_197" [awn_int8.cpp:190]   --->   Operation 1324 'add' 'add_ln190_60' <Predicate = true> <Delay = 0.00> <CoreInst = "TAddSub">   --->   Core 10 'TAddSub' <Latency = 0> <II = 1> <Delay = 0.34> <IPBlock> <Opcode : '' 'add' 'sub'> <InPorts = 3> <OutPorts = 1> <Sync> <CReg>
ST_6 : Operation 1325 [1/1] (0.69ns) (root node of TernaryAdder)   --->   "%add_ln190_61 = add i19 %add_ln190_60, i19 %sext_ln190_190" [awn_int8.cpp:190]   --->   Operation 1325 'add' 'add_ln190_61' <Predicate = true> <Delay = 0.69> <CoreInst = "TAddSub">   --->   Core 10 'TAddSub' <Latency = 0> <II = 1> <Delay = 0.34> <IPBlock> <Opcode : '' 'add' 'sub'> <InPorts = 3> <OutPorts = 1> <Sync> <CReg>
ST_6 : Operation 1326 [1/1] (0.00ns)   --->   "%sext_ln190_203 = sext i19 %add_ln190_61" [awn_int8.cpp:190]   --->   Operation 1326 'sext' 'sext_ln190_203' <Predicate = true> <Delay = 0.00>
ST_6 : Operation 1327 [1/1] (0.88ns)   --->   "%add_ln190_62 = add i20 %sext_ln190_203, i20 %sext_ln190_176" [awn_int8.cpp:190]   --->   Operation 1327 'add' 'add_ln190_62' <Predicate = true> <Delay = 0.88> <CoreInst = "Adder">   --->   Core 1 'Adder' <Latency = 0> <II = 1> <Delay = 0.88> <FuncUnit> <Opcode : 'add' 'sub'> <InPorts = 2> <OutPorts = 1>
ST_6 : Operation 1328 [1/1] (0.00ns)   --->   "%sext_ln190_219 = sext i19 %add_ln190_77" [awn_int8.cpp:190]   --->   Operation 1328 'sext' 'sext_ln190_219' <Predicate = true> <Delay = 0.00>
ST_6 : Operation 1329 [1/1] (0.00ns)   --->   "%sext_ln190_233 = sext i19 %add_ln190_92" [awn_int8.cpp:190]   --->   Operation 1329 'sext' 'sext_ln190_233' <Predicate = true> <Delay = 0.00>
ST_6 : Operation 1330 [1/1] (0.88ns)   --->   "%add_ln190_93 = add i20 %sext_ln190_233, i20 %sext_ln190_219" [awn_int8.cpp:190]   --->   Operation 1330 'add' 'add_ln190_93' <Predicate = true> <Delay = 0.88> <CoreInst = "Adder">   --->   Core 1 'Adder' <Latency = 0> <II = 1> <Delay = 0.88> <FuncUnit> <Opcode : 'add' 'sub'> <InPorts = 2> <OutPorts = 1>
ST_6 : Operation 1331 [1/2] (0.64ns) (root node of the DSP)   --->   "%add_ln190_109 = add i16 %mul_ln190_14, i16 %mul_ln190_124" [awn_int8.cpp:190]   --->   Operation 1331 'add' 'add_ln190_109' <Predicate = true> <Delay = 0.64> <CoreInst = "DSP48">   --->   Core 127 'DSP48' <Latency = 3> <II = 1> <Delay = 0.53> <IPBlock> <Opcode : '' 'add' 'sub' 'mul' 'select'> <InPorts = 0> <OutPorts = 1> <Sync> <CReg>
ST_6 : Operation 1332 [1/1] (0.00ns)   --->   "%sext_ln190_248 = sext i16 %add_ln190_109" [awn_int8.cpp:190]   --->   Operation 1332 'sext' 'sext_ln190_248' <Predicate = true> <Delay = 0.00>
ST_6 : Operation 1333 [1/2] (0.64ns) (root node of the DSP)   --->   "%add_ln190_110 = add i16 %mul_ln190_108, i16 %mul_ln190_93" [awn_int8.cpp:190]   --->   Operation 1333 'add' 'add_ln190_110' <Predicate = true> <Delay = 0.64> <CoreInst = "DSP48">   --->   Core 127 'DSP48' <Latency = 3> <II = 1> <Delay = 0.53> <IPBlock> <Opcode : '' 'add' 'sub' 'mul' 'select'> <InPorts = 0> <OutPorts = 1> <Sync> <CReg>
ST_6 : Operation 1334 [1/1] (0.00ns)   --->   "%sext_ln190_249 = sext i16 %add_ln190_110" [awn_int8.cpp:190]   --->   Operation 1334 'sext' 'sext_ln190_249' <Predicate = true> <Delay = 0.00>
ST_6 : Operation 1335 [1/1] (0.85ns)   --->   "%add_ln190_111 = add i17 %sext_ln190_249, i17 %sext_ln190_248" [awn_int8.cpp:190]   --->   Operation 1335 'add' 'add_ln190_111' <Predicate = true> <Delay = 0.85> <CoreInst = "Adder">   --->   Core 1 'Adder' <Latency = 0> <II = 1> <Delay = 0.85> <FuncUnit> <Opcode : 'add' 'sub'> <InPorts = 2> <OutPorts = 1>
ST_6 : Operation 1336 [1/1] (0.00ns)   --->   "%sext_ln190_250 = sext i17 %add_ln190_111" [awn_int8.cpp:190]   --->   Operation 1336 'sext' 'sext_ln190_250' <Predicate = true> <Delay = 0.00>
ST_6 : Operation 1337 [1/2] (0.64ns) (root node of the DSP)   --->   "%add_ln190_112 = add i16 %mul_ln190_80, i16 %mul_ln190_68" [awn_int8.cpp:190]   --->   Operation 1337 'add' 'add_ln190_112' <Predicate = true> <Delay = 0.64> <CoreInst = "DSP48">   --->   Core 127 'DSP48' <Latency = 3> <II = 1> <Delay = 0.53> <IPBlock> <Opcode : '' 'add' 'sub' 'mul' 'select'> <InPorts = 0> <OutPorts = 1> <Sync> <CReg>
ST_6 : Operation 1338 [1/2] (0.64ns) (root node of the DSP)   --->   "%add_ln190_113 = add i15 %mul_ln190_56, i15 %mul_ln190_46" [awn_int8.cpp:190]   --->   Operation 1338 'add' 'add_ln190_113' <Predicate = true> <Delay = 0.64> <CoreInst = "DSP48">   --->   Core 127 'DSP48' <Latency = 3> <II = 1> <Delay = 0.53> <IPBlock> <Opcode : '' 'add' 'sub' 'mul' 'select'> <InPorts = 0> <OutPorts = 1> <Sync> <CReg>
ST_6 : Operation 1339 [1/1] (0.00ns)   --->   "%sext_ln190_251 = sext i15 %add_ln190_113" [awn_int8.cpp:190]   --->   Operation 1339 'sext' 'sext_ln190_251' <Predicate = true> <Delay = 0.00>
ST_6 : Operation 1340 [1/1] (0.85ns)   --->   "%add_ln190_114 = add i16 %sext_ln190_251, i16 %add_ln190_112" [awn_int8.cpp:190]   --->   Operation 1340 'add' 'add_ln190_114' <Predicate = true> <Delay = 0.85> <CoreInst = "Adder">   --->   Core 1 'Adder' <Latency = 0> <II = 1> <Delay = 0.85> <FuncUnit> <Opcode : 'add' 'sub'> <InPorts = 2> <OutPorts = 1>
ST_6 : Operation 1341 [1/1] (0.00ns)   --->   "%sext_ln190_252 = sext i16 %add_ln190_114" [awn_int8.cpp:190]   --->   Operation 1341 'sext' 'sext_ln190_252' <Predicate = true> <Delay = 0.00>
ST_6 : Operation 1342 [1/1] (0.86ns)   --->   "%add_ln190_115 = add i18 %sext_ln190_252, i18 %sext_ln190_250" [awn_int8.cpp:190]   --->   Operation 1342 'add' 'add_ln190_115' <Predicate = true> <Delay = 0.86> <CoreInst = "Adder">   --->   Core 1 'Adder' <Latency = 0> <II = 1> <Delay = 0.86> <FuncUnit> <Opcode : 'add' 'sub'> <InPorts = 2> <OutPorts = 1>
ST_6 : Operation 1343 [1/1] (0.00ns)   --->   "%sext_ln190_253 = sext i18 %add_ln190_115" [awn_int8.cpp:190]   --->   Operation 1343 'sext' 'sext_ln190_253' <Predicate = true> <Delay = 0.00>
ST_6 : Operation 1344 [1/2] (0.64ns) (root node of the DSP)   --->   "%add_ln190_116 = add i16 %sext_ln190_143, i16 %mul_ln190_29" [awn_int8.cpp:190]   --->   Operation 1344 'add' 'add_ln190_116' <Predicate = true> <Delay = 0.64> <CoreInst = "DSP48">   --->   Core 127 'DSP48' <Latency = 3> <II = 1> <Delay = 0.53> <IPBlock> <Opcode : '' 'add' 'sub' 'mul' 'select'> <InPorts = 0> <OutPorts = 1> <Sync> <CReg>
ST_6 : Operation 1345 [1/2] (0.64ns) (root node of the DSP)   --->   "%add_ln190_117 = add i15 %mul_ln190_22, i15 %mul_ln190_16" [awn_int8.cpp:190]   --->   Operation 1345 'add' 'add_ln190_117' <Predicate = true> <Delay = 0.64> <CoreInst = "DSP48">   --->   Core 127 'DSP48' <Latency = 3> <II = 1> <Delay = 0.53> <IPBlock> <Opcode : '' 'add' 'sub' 'mul' 'select'> <InPorts = 0> <OutPorts = 1> <Sync> <CReg>
ST_6 : Operation 1346 [1/1] (0.00ns)   --->   "%sext_ln190_254 = sext i15 %add_ln190_117" [awn_int8.cpp:190]   --->   Operation 1346 'sext' 'sext_ln190_254' <Predicate = true> <Delay = 0.00>
ST_6 : Operation 1347 [1/1] (0.85ns)   --->   "%add_ln190_118 = add i16 %sext_ln190_254, i16 %add_ln190_116" [awn_int8.cpp:190]   --->   Operation 1347 'add' 'add_ln190_118' <Predicate = true> <Delay = 0.85> <CoreInst = "Adder">   --->   Core 1 'Adder' <Latency = 0> <II = 1> <Delay = 0.85> <FuncUnit> <Opcode : 'add' 'sub'> <InPorts = 2> <OutPorts = 1>
ST_6 : Operation 1348 [1/1] (0.00ns)   --->   "%sext_ln190_255 = sext i16 %add_ln190_118" [awn_int8.cpp:190]   --->   Operation 1348 'sext' 'sext_ln190_255' <Predicate = true> <Delay = 0.00>
ST_6 : Operation 1349 [1/2] (0.64ns) (root node of the DSP)   --->   "%add_ln190_119 = add i15 %mul_ln190_11, i15 %mul_ln190_7" [awn_int8.cpp:190]   --->   Operation 1349 'add' 'add_ln190_119' <Predicate = true> <Delay = 0.64> <CoreInst = "DSP48">   --->   Core 127 'DSP48' <Latency = 3> <II = 1> <Delay = 0.53> <IPBlock> <Opcode : '' 'add' 'sub' 'mul' 'select'> <InPorts = 0> <OutPorts = 1> <Sync> <CReg>
ST_6 : Operation 1350 [1/1] (0.00ns)   --->   "%sext_ln190_256 = sext i15 %add_ln190_119" [awn_int8.cpp:190]   --->   Operation 1350 'sext' 'sext_ln190_256' <Predicate = true> <Delay = 0.00>
ST_6 : Operation 1351 [1/2] (0.64ns) (root node of the DSP)   --->   "%add_ln190_121 = add i16 %sext_ln190_257, i16 %mul_ln190_4" [awn_int8.cpp:190]   --->   Operation 1351 'add' 'add_ln190_121' <Predicate = true> <Delay = 0.64> <CoreInst = "DSP48">   --->   Core 127 'DSP48' <Latency = 3> <II = 1> <Delay = 0.53> <IPBlock> <Opcode : '' 'add' 'sub' 'mul' 'select'> <InPorts = 0> <OutPorts = 1> <Sync> <CReg>
ST_6 : Operation 1352 [1/1] (0.00ns)   --->   "%sext_ln190_258 = sext i16 %add_ln190_121" [awn_int8.cpp:190]   --->   Operation 1352 'sext' 'sext_ln190_258' <Predicate = true> <Delay = 0.00>
ST_6 : Operation 1353 [1/1] (0.85ns)   --->   "%add_ln190_122 = add i17 %sext_ln190_258, i17 %sext_ln190_256" [awn_int8.cpp:190]   --->   Operation 1353 'add' 'add_ln190_122' <Predicate = true> <Delay = 0.85> <CoreInst = "Adder">   --->   Core 1 'Adder' <Latency = 0> <II = 1> <Delay = 0.85> <FuncUnit> <Opcode : 'add' 'sub'> <InPorts = 2> <OutPorts = 1>
ST_6 : Operation 1354 [1/1] (0.00ns)   --->   "%sext_ln190_259 = sext i17 %add_ln190_122" [awn_int8.cpp:190]   --->   Operation 1354 'sext' 'sext_ln190_259' <Predicate = true> <Delay = 0.00>
ST_6 : Operation 1355 [1/1] (0.86ns)   --->   "%add_ln190_123 = add i18 %sext_ln190_259, i18 %sext_ln190_255" [awn_int8.cpp:190]   --->   Operation 1355 'add' 'add_ln190_123' <Predicate = true> <Delay = 0.86> <CoreInst = "Adder">   --->   Core 1 'Adder' <Latency = 0> <II = 1> <Delay = 0.86> <FuncUnit> <Opcode : 'add' 'sub'> <InPorts = 2> <OutPorts = 1>
ST_6 : Operation 1356 [1/1] (0.00ns)   --->   "%sext_ln190_260 = sext i18 %add_ln190_123" [awn_int8.cpp:190]   --->   Operation 1356 'sext' 'sext_ln190_260' <Predicate = true> <Delay = 0.00>
ST_6 : Operation 1357 [1/1] (0.87ns)   --->   "%add_ln190_124 = add i19 %sext_ln190_260, i19 %sext_ln190_253" [awn_int8.cpp:190]   --->   Operation 1357 'add' 'add_ln190_124' <Predicate = true> <Delay = 0.87> <CoreInst = "Adder">   --->   Core 1 'Adder' <Latency = 0> <II = 1> <Delay = 0.87> <FuncUnit> <Opcode : 'add' 'sub'> <InPorts = 2> <OutPorts = 1>

State 7 <SV = 6> <Delay = 2.68>
ST_7 : Operation 1358 [1/1] (0.00ns)   --->   "%sext_ln190_204 = sext i20 %add_ln190_62" [awn_int8.cpp:190]   --->   Operation 1358 'sext' 'sext_ln190_204' <Predicate = true> <Delay = 0.00>
ST_7 : Operation 1359 [1/1] (0.00ns)   --->   "%sext_ln190_234 = sext i20 %add_ln190_93" [awn_int8.cpp:190]   --->   Operation 1359 'sext' 'sext_ln190_234' <Predicate = true> <Delay = 0.00>
ST_7 : Operation 1360 [1/1] (0.00ns)   --->   "%sext_ln190_247 = sext i19 %add_ln190_108" [awn_int8.cpp:190]   --->   Operation 1360 'sext' 'sext_ln190_247' <Predicate = true> <Delay = 0.00>
ST_7 : Operation 1361 [1/1] (0.00ns)   --->   "%sext_ln190_261 = sext i19 %add_ln190_124" [awn_int8.cpp:190]   --->   Operation 1361 'sext' 'sext_ln190_261' <Predicate = true> <Delay = 0.00>
ST_7 : Operation 1362 [1/1] (0.88ns)   --->   "%add_ln190_125 = add i20 %sext_ln190_261, i20 %sext_ln190_247" [awn_int8.cpp:190]   --->   Operation 1362 'add' 'add_ln190_125' <Predicate = true> <Delay = 0.88> <CoreInst = "Adder">   --->   Core 1 'Adder' <Latency = 0> <II = 1> <Delay = 0.88> <FuncUnit> <Opcode : 'add' 'sub'> <InPorts = 2> <OutPorts = 1>
ST_7 : Operation 1363 [1/1] (0.00ns)   --->   "%sext_ln190_262 = sext i20 %add_ln190_125" [awn_int8.cpp:190]   --->   Operation 1363 'sext' 'sext_ln190_262' <Predicate = true> <Delay = 0.00>
ST_7 : Operation 1364 [1/1] (0.89ns)   --->   "%add_ln190_126 = add i21 %sext_ln190_262, i21 %sext_ln190_234" [awn_int8.cpp:190]   --->   Operation 1364 'add' 'add_ln190_126' <Predicate = true> <Delay = 0.89> <CoreInst = "Adder">   --->   Core 1 'Adder' <Latency = 0> <II = 1> <Delay = 0.89> <FuncUnit> <Opcode : 'add' 'sub'> <InPorts = 2> <OutPorts = 1>
ST_7 : Operation 1365 [1/1] (0.00ns)   --->   "%sext_ln190_263 = sext i21 %add_ln190_126" [awn_int8.cpp:190]   --->   Operation 1365 'sext' 'sext_ln190_263' <Predicate = true> <Delay = 0.00>
ST_7 : Operation 1366 [1/1] (0.90ns)   --->   "%acc_1 = add i22 %sext_ln190_263, i22 %sext_ln190_204" [awn_int8.cpp:190]   --->   Operation 1366 'add' 'acc_1' <Predicate = true> <Delay = 0.90> <CoreInst = "Adder">   --->   Core 1 'Adder' <Latency = 0> <II = 1> <Delay = 0.90> <FuncUnit> <Opcode : 'add' 'sub'> <InPorts = 2> <OutPorts = 1>
ST_7 : Operation 1373 [1/1] (0.00ns)   --->   "%ret_ln0 = ret"   --->   Operation 1373 'ret' 'ret_ln0' <Predicate = (icmp_ln186)> <Delay = 0.00>

State 8 <SV = 7> <Delay = 1.23>
ST_8 : Operation 1367 [1/1] (0.00ns)   --->   "%specpipeline_ln187 = specpipeline void @_ssdm_op_SpecPipeline, i32 1, i32 0, i32 0, i32 0, void @empty_3" [awn_int8.cpp:187]   --->   Operation 1367 'specpipeline' 'specpipeline_ln187' <Predicate = true> <Delay = 0.00>
ST_8 : Operation 1368 [1/1] (0.00ns)   --->   "%speclooptripcount_ln186 = speclooptripcount void @_ssdm_op_SpecLoopTripCount, i64 320, i64 320, i64 320" [awn_int8.cpp:186]   --->   Operation 1368 'speclooptripcount' 'speclooptripcount_ln186' <Predicate = true> <Delay = 0.00>
ST_8 : Operation 1369 [1/1] (0.00ns)   --->   "%specloopname_ln186 = specloopname void @_ssdm_op_SpecLoopName, void @empty_4" [awn_int8.cpp:186]   --->   Operation 1369 'specloopname' 'specloopname_ln186' <Predicate = true> <Delay = 0.00>
ST_8 : Operation 1370 [1/1] (0.00ns)   --->   "%out_addr = getelementptr i22 %out_r, i64 0, i64 %zext_ln186" [awn_int8.cpp:192]   --->   Operation 1370 'getelementptr' 'out_addr' <Predicate = true> <Delay = 0.00>
ST_8 : Operation 1371 [1/1] (1.23ns)   --->   "%store_ln192 = store i22 %acc_1, i9 %out_addr" [awn_int8.cpp:192]   --->   Operation 1371 'store' 'store_ln192' <Predicate = true> <Delay = 1.23> <CoreInst = "RAM">   --->   Core 83 'RAM' <Latency = 1> <II = 1> <Delay = 1.23> <Storage> <Opcode : 'load' 'store'> <Ports = 2> <Width = 22> <Depth = 320> <RAM>
ST_8 : Operation 1372 [1/1] (0.00ns)   --->   "%br_ln186 = br void %VITIS_LOOP_189_2" [awn_int8.cpp:186]   --->   Operation 1372 'br' 'br_ln186' <Predicate = true> <Delay = 0.00>


============================================================
+ Verbose Summary: Timing violations
============================================================
Target clock period: 5.000ns, clock uncertainty: 1.350ns.

 <State 1>: 1.664ns
The critical path consists of the following:
	'store' operation 0 bit ('store_ln186', awn_int8.cpp:186) of constant 0 on local variable 'm', awn_int8.cpp:186 [516]  (0.427 ns)
	'load' operation 9 bit ('m', awn_int8.cpp:186) on local variable 'm', awn_int8.cpp:186 [519]  (0.000 ns)
	'getelementptr' operation 9 bit ('p_ZL4Wfc0_0_addr', awn_int8.cpp:190) [531]  (0.000 ns)
	'load' operation 8 bit ('p_ZL4Wfc0_0_load', awn_int8.cpp:190) on array 'p_ZL4Wfc0_0' [659]  (1.237 ns)

 <State 2>: 2.233ns
The critical path consists of the following:
	'load' operation 8 bit ('p_ZL4Wfc0_72_load', awn_int8.cpp:190) on array 'p_ZL4Wfc0_72' [803]  (1.237 ns)
	'mul' operation 16 bit of DSP[1185] ('mul_ln190', awn_int8.cpp:190) [915]  (0.996 ns)

 <State 3>: 2.233ns
The critical path consists of the following:
	'load' operation 8 bit ('p_ZL4Wfc0_125_load', awn_int8.cpp:190) on array 'p_ZL4Wfc0_125' [909]  (1.237 ns)
	'mul' operation 16 bit of DSP[1282] ('mul_ln190_4', awn_int8.cpp:190) [919]  (0.996 ns)

 <State 4>: 3.532ns
The critical path consists of the following:
	'load' operation 8 bit ('p_ZL4Wfc0_2_load', awn_int8.cpp:190) on array 'p_ZL4Wfc0_2' [663]  (1.237 ns)
	'mul' operation 16 bit ('mul_ln190_101', awn_int8.cpp:190) [1026]  (1.650 ns)
	'add' operation 16 bit of DSP[1057] ('add_ln190_1', awn_int8.cpp:190) [1057]  (0.645 ns)

 <State 5>: 3.532ns
The critical path consists of the following:
	'load' operation 8 bit ('p_ZL4Wfc0_111_load', awn_int8.cpp:190) on array 'p_ZL4Wfc0_111' [881]  (1.237 ns)
	'mul' operation 16 bit ('mul_ln190_14', awn_int8.cpp:190) [930]  (1.650 ns)
	'add' operation 16 bit of DSP[1260] ('add_ln190_109', awn_int8.cpp:190) [1260]  (0.645 ns)

 <State 6>: 3.235ns
The critical path consists of the following:
	'add' operation 16 bit of DSP[1260] ('add_ln190_109', awn_int8.cpp:190) [1260]  (0.645 ns)
	'add' operation 17 bit ('add_ln190_111', awn_int8.cpp:190) [1264]  (0.853 ns)
	'add' operation 18 bit ('add_ln190_115', awn_int8.cpp:190) [1271]  (0.863 ns)
	'add' operation 19 bit ('add_ln190_124', awn_int8.cpp:190) [1288]  (0.873 ns)

 <State 7>: 2.681ns
The critical path consists of the following:
	'add' operation 20 bit ('add_ln190_125', awn_int8.cpp:190) [1290]  (0.884 ns)
	'add' operation 21 bit ('add_ln190_126', awn_int8.cpp:190) [1292]  (0.894 ns)
	'add' operation 22 bit ('acc', awn_int8.cpp:190) [1294]  (0.904 ns)

 <State 8>: 1.237ns
The critical path consists of the following:
	'getelementptr' operation 9 bit ('out_addr', awn_int8.cpp:192) [1295]  (0.000 ns)
	'store' operation 0 bit ('store_ln192', awn_int8.cpp:192) of variable 'acc', awn_int8.cpp:190 on array 'out_r' [1296]  (1.237 ns)


============================================================
+ Verbose Summary: Binding
============================================================
N/A
* FSMD analyzer results:
  - Output states:
 - Input state : 
  - Chain level:
	State 1
	State 2
	State 3
	State 4
	State 5
	State 6
	State 7
	State 8


============================================================
+ Verbose Summary: Datapath Resource usage 
============================================================
N/A
